Path,Canonical,Transcript
elearning/009,g U d i v n I N l e I d i z @ n d dZ E n t_h @ l m I n w E l k_h @ m t_h u a U 3` f a I n @ l S o U V v D @ t_h U r/ I n D @ l a I n V p_h w i w I l h { v p_h 3` f O r/ m @ n s @ z f r/ V m t_h { l @ n t_h @ d A r/ t_h @ s t_h s @ n d s t_h u d @ n t_h s h u w I l S U r/ l i s w i p_h V s O f a U 3` f i t_h @ n d @ m e I z V s w I D D E r/ f O r/ t_h e I D I s I z @ tS { n s t_h u n A t_h o U n l i S o U k_h e I s A r/ t_h I s t_h I k_h k_h r/ i e I S @ n z b V t_h O l s o U a U 3` k_h V n t_h r/ i z k_h V l tS 3` @ l s p_h l E n d 3` @ n d n E r/ e I t_h I d h I s t_h 3` i w I T a U t_h f 3` D 3` @ d u l E t_h dZ O I @ n d I k_h s a I t_h m @ n t_h s p_h r/ E d @ n d w E l k_h @ m a U 3` f 3` s t_h f o U k_h l O r/ p_h 3` f O r/ m @ n s,g U d I g U d i v n I N l e I d I z { n d dZ e n t_h l m @ n w e l k_h V m t_h u a U @ f a I n l s @ U @ v D @ t_h U @ I n D @ l a I n V p_h w i w I l h { v p_h @ f O m { n s f r/ A m t_h a I l e n t_h I d s A t_h I s t_h s { n s t_h j u d n t_h s h u w I l S U @ l i S w i p_h @ s f i t_h { n @ m e I z @ s w I D D e f A t_h D I s I @ tS { n s t_h u n A t_h A n l i S @ U k_h e I s A t_h I t_h I s k_h r/ I S n b V t_h O l s @ U a U @ k_h V n t_h r/ i z k_h V l tS @ s p_h e n d O { n n e I tS I s h I s t_h r/ i w I D @ f 3` D @ @ d @ U l e t_h t_h O I { n I k_h s a I m @ n t_h s p_h I d { n w e l k_h V m a U @ f 3` s t_h f A k_h I N p_h @ f O m @ n s
elearning/011,D @ r/ e I dZ I N h i t_h d U r/ I N D @ s V m 3` m V n T s V v A g @ s t_h I z f a I n @ l i g o U I N @ w e I D { t_h I z I n D I s w i k_h s w E D 3` b r/ i f I N z D @ S E f i l d r/ i dZ @ n I z r/ i p_h O r/ t_h @ d t_h u b i s u n w I t_h n @ s I N @ t_h E m p_h r/ @ tS 3` d r/ A p_h D @ k_h u l b r/ i z I z w I l m e I k_h I t_h @ f a I n @ k_h e I Z @ n t_h u E n dZ O I a U t_h d O r/ { k_h t_h I v @ t_h i z b I w E r/ V v V n I k_h s p_h E k_h t_h I d S a U 3` z s t_h I l,D @ r/ A g I N h I t_h d U r/ I N D @ s V m @ m V n T s A v A g @ s I f a I n @ l i g @ U I N @ w e I D A t_h s I I n D @ w i k_h I N w e D @ b r/ i f I N D @ s e f i l d r/ i dZ @ n I z r/ I p_h O t_h I d s t_h u b i s u n w I t_h n I s I N @ t_h e m p_h r/ @ d r/ A p_h D @ k_h u l b r/ i z I z w I l m e I k_h I t_h @ f a I n @ k_h e I Z n t_h u I n dZ O I a U t_h d O r/ { k_h t_h I v I t_h I z b I w @ r/ A v @ n I k_h s p_h e k_h s t_h I d s s a U s s I l s
elearning/017,f r/ V m D @ r/ o U l i p_h A l i O l D @ w e I T r/ u t_h u D @ k_h V d l i s t_h e I dZ n { tS 3` @ l d O g f u d I z O l w e I z m a I g o U t_h o U A p_h S @ n n o U A r/ t_h @ f I S @ l k_h V l 3` I N z O r/ p_h r/ @ z 3` v @ t_h I v z a I r/ E s t_h @ S U r/ d D { t_h I m t_h e I k_h I N k_h E r/ V v m a I d O g @ v e I l @ b @ l I n d I p_h A r/ t_h m @ n t_h s t_h O r/ z @ k_h r/ O s D @ s t_h e I t_h s n { tS 3` @ l d O g f u d A r/ r/ i l h E l T i s n { k_h s f O r/ O l @ k_h e I Z @ n z b r/ { n d n u s p_h E S @ l d O g t_h r/ i t_h s A r/ n a U @ v e I l @ b @ l f O r/ p_h r/ a I d r/ 3` A n a U 3` w E b s a I t_h j O r/ d O g I z I n g U d h { n d z,f r/ A m D @ r/ @ U l i p_h @ U l i O l D @ w e I T r/ u t_h u D @ k_h 3` l i s t_h e I n e I tS @ d A g f u d I z O l w e I m a I t_h u g @ U t_h u A p_h S n n @ U A t_h I f I k_h l k_h A l @ k_h V l @ r/ I N O p_h r/ I v @ p_h r/ I S 3` v e I S t_h I s a I r/ e s @ s U r/ I t_h D a t_h a t_h O k_h I N k_h e A v m a I d A g @ v a I r/ @ l I n d I d I p_h A t_h m @ n t_h s t_h O k_h r/ A s s s t_h e I t_h n e I tS @ @ v f u d s t_h e I A r/ i l h e l T i s n e k_h O O l @ k_h e I S n b { n d n j u s s p_h e s l d A g t_h r/ i t_h s A n a U @ v e I l @ b l 3` 3` f O
elearning/108,A r/ j u l U k_h I N f O r/ @ f V n n u h A b i I f s o U h E d r/ a I t_h o U v 3` D @ b r/ { n s @ n l a I b r/ E r/ i w i A r/ l O n tS I N @ b U k_h k_h l V b f O r/ k_h @ m j u n @ t_h i m E m b 3` z l a I k_h j u m E m b 3` z w I l r/ E d @ b U k_h @ m V n T h { v w i k_h l i d I s k_h V S @ n z @ n d r/ a I t_h @ r/ i p_h O r/ t_h @ b a U t_h D E r/ f { v j u r/ a I t_h k_h E r/ I k_h t_h 3` w i w I l m i t_h A n w E n z d i i v n I N z { t_h s E v @ n @ k_h l A k_h k_h A n t_h { k_h t_h b E t_h i { t_h D @ f r/ V n t_h d E s k_h f O r/ m O r/ I n f 3` m e I S @ n,f O r/ @ f V n n u h A b i I f s o U h I r/ r/ a I t_h o U v 3` b r/ e n s @ n l a I b r/ i w i A r/ l o U tS I N @ b U k_h k_h l @ b f O r/ k_h @ m j u n @ t_h i m E m b 3` z l a I k_h j u m E m b 3` z w I l r/ i d @ b U k_h @ m V n T h { v w i k_h l i d I s k_h V S @ n z { n d r/ a I t_h @ r/ i b O k_h @ b a U t_h D E r/ f e I v r/ I t_h tS a r/ a k_h t_h 3` w i w I l m i t_h A n w E s d e I i v n I N z { t_h s E v @ n @ k_h l A k_h k_h A n t_h { k_h t_h b j u t_h i { t_h D @ f r/ V n t_h d E s k_h f O r/ m O r/ I n f 3` m e I S @ n
elearning/109,t_h @ n a I t_h A n w 3` k_h I N m V D 3` z w i w I l h { v @ v E r/ i s p_h E S @ l g E s t_h s p_h i k_h 3` s { l i w O r/ @ n I z @ f e I m @ s s a I @ n t_h I s t_h n A t_h o U n l i I z S i @ p_h a I @ n I r/ I n k_h @ m p_h j u t_h 3` p_h r/ o U g r/ { m I N m { T @ m { t_h I k_h s @ n d d e I t_h @ b e I s m { n @ dZ m @ n t_h S i I z O l s o U { n @ m e I z I N m A m S i w I l b i s p_h i k_h I N t_h u V s @ b a U t_h D @ tS { l @ n dZ I z V v b { l @ n s I N b I t_h w i n @ k_h 3` I r/ @ n d m V D 3` h U d p_h l i z w E l k_h @ m s { l i w O r/ @ n t_h u D @ s t_h u d i o U,n a I A n w 3` k_h I N m o D 3` s w i w I l h { v @ v E r/ i s p_h i @ S @ l g E s s p_h i t_h 3` s { l i w a r/ @ n I z @ f e I m @ t_h s a I @ n t_h I s t_h n A t_h o U n l i a I I z S i @ p_h a I o n I r/ I n k_h @ m p_h j u t_h 3` p_h r/ o U g r/ { m I N m { T @ m { t_h I k_h { n d d a t_h a b e I m { n I dZ m @ n t_h S i I z @ u l s o U { n @ m e I z I N m A m S i w I l b i s p_h i k_h @ n t_h u V s @ b a U t_h D @ tS { l I n dZ I z @ v b { l @ n s I N b I t_h w i n @ k_h @ r/ I r/ { n d m V D 3` h U d p_h l i z w E l k_h @ m s { l
elearning/018,A r/ j u p_h l { n I N f O r/ @ v e I k_h e I S @ n d V z f a I n d I N @ k_h A m @ d e I S @ n @ p_h I r/ t_h u b i @ d O n t_h I N t_h { s k_h w i v g A t_h j O r/ b { k_h w E l k_h @ m t_h u E d @ n b i r/ I z O r/ t_h s I tS u e I t_h I d r/ a I t_h { t_h D @ E n t_h r/ @ n s V v D @ b E k_h I n d @ l @ v { l i w a I l s a I t_h s i I N t_h U r/ @ s t_h @ t_h r/ { k_h S @ n z j O r/ s t_h e I { t_h E d @ n b i w I l b i @ k_h A m @ d e I t_h @ d w I D s p_h E k_h t_h { k_h j @ l 3` s a I t_h s r/ a I t_h { t_h j O r/ d O r/ s t_h E p_h w i O f 3` s p_h e I S @ s v I l @ z f U l i I k_h w I p_h t_h @ n d f r/ i { k_h s E s t_h u { n I n f I n @ t_h i p_h u l { t_h @ f O r/ d @ b @ l p_h r/ a I s @ z dZ V s t_h f a I v k_h @ l A m @ t_h 3` z @ w e I f r/ V m D @ s I t_h i s E n t_h 3` D I s w I l b i { n I k_h s p_h I r/ i @ n s j u w o U n t_h f 3` g E t_h @ h { p_h i g E s t_h I z a U 3` g r/ e I t_h @ s t_h t_h r/ E Z 3` k_h A n t_h { k_h t_h V s t_h @ d e I,A j u p_h l { n I N f O @ v @ k_h e I S n D @ s f a I n d I N @ k_h A m @ d e I S n @ p_h I @ r/ t_h u b i @ d O t_h I N s t_h A t_h w i h { v g A t_h j O b { k_h w e l k_h V m t_h u { l b e r/ I S O s s I t_h j u e I t_h I d r/ a I { t_h e n S U r/ @ n a U d @ b e k_h I N s l a I v a l i w a I l s a I s i I N t_h u @ r/ I t_h @ t_h r/ { k_h S n j O s t_h e I @ t_h e d b e I w I l b i @ k_h A m @ d e I t_h I d w I D s p_h a k_h t_h { s p_h e k_h t_h { k_h j @ l @ s a I t_h r/ a I t_h a j O d O s t_h e p_h w i A f @ s p_h e I S @ t_h v I l a f u l I n s k_h w I p_h I n f i a s e t_h t_h u @ n I n f I n I t_h i p_h u l a n @ f O d @ b l p_h r/ a I s dZ V s t_h f a I k_h I l @ U m e t_h @ @ w e I f r/ A m D @ s I t_h i s e n t_h r/ @ D I s w I l b i @ n I k_h s p_h @ r/ @ n s j u w @ U n g e t_h s h { p_h i g e s I n a U @ g r/ e I I t_h t_h r/ e S @ k_h @ n t_h r/ A k_h @ s
elearning/034,g U d i v n I N l e I d i z @ n d dZ E n t_h @ l m I n w E l k_h @ m t_h u a U 3` f a I n @ l S o U V v D @ t_h U r/ I n D @ l a I n V p_h w i w I l h { v p_h 3` f O r/ m @ n s @ z f r/ V m t_h { l @ n t_h @ d A r/ t_h @ s t_h s @ n d s t_h u d @ n t_h s h u w I l S U r/ l i s w i p_h V s O f a U 3` f i t_h @ n d @ m e I z V s w I D D E r/ f O r/ t_h e I D I s I z @ tS { n s t_h u n A t_h o U n l i S o U k_h e I s A r/ t_h I s t_h I k_h k_h r/ i e I S @ n z b V t_h O l s o U a U 3` k_h V n t_h r/ i z k_h V l tS 3` @ l s p_h l E n d 3` @ n d n E r/ e I t_h I d h I s t_h 3` i w I T a U t_h f 3` D 3` @ d u l E t_h dZ O I @ n d I k_h s a I t_h m @ n t_h s p_h r/ E d @ n d w E l k_h @ m a U 3` f 3` s t_h f o U k_h l O r/ p_h 3` f O r/ m @ n s,g U d i v n I N l e I d i { n d dZ e n t_h l m @ n w e l k_h V m t_h u a U @ f a I n l S @ U @ v @ t_h U @ r/ I n D @ l a I f V v w i w I l h { v p_h @ f O m @ n s f r/ A m t_h { l @ n A t_h I s t_h s { n d s t_h j u d n h u w I l S U @ l i s w i p_h V s A f a U @ f i t_h { n d @ m e I z @ s d e f O t_h w I D D @ f O t_h D I s I e I tS { n t_h u n A t_h A n l i S @ U k_h e I A t_h I s t_h I s k_h r/ I S n b V t_h O l s @ U a U @ k_h V n t_h r/ i k_h V l @ r/ @ l s p_h e n d @ { n d n { r/ @ t_h I d s h I s t_h A r/ i w I d a U f e d @ e I d @ U l e t_h tS O I { n d @ I k_h s a I t_h m @ n t_h s s p_h r/ e d s { n d w e l k_h V m A A f 3` s t_h s f A k_h s f l O p_h @ f O m @ n s
elearning/036,D @ r/ e I dZ I N h i t_h d U r/ I N D @ s V m 3` m V n T s V v A g @ s t_h I z f a I n @ l i g o U I N @ w e I D { t_h I z I n D I s w i k_h s w E D 3` b r/ i f I N z D @ S E f i l d r/ i dZ @ n I z r/ i p_h O r/ t_h @ d t_h u b i s u n w I t_h n @ s I N @ t_h E m p_h r/ @ tS 3` d r/ A p_h D @ k_h u l b r/ i z I z w I l m e I k_h I t_h @ f a I n @ k_h e I Z @ n t_h u E n dZ O I a U t_h d O r/ { k_h t_h I v @ t_h i z b I w E r/ V v V n I k_h s p_h E k_h t_h I d S a U 3` z s t_h I l,D @ r/ e I dZ I N h I t_h s d U r/ I N D @ s V m @ m V n T s A v O g @ s I z f a I n @ n i g @ U I N @ w e I t_h D A t_h s I z I n D @ w i k_h s w e D @ b r/ @ f I N s e f i l r/ i Z N I r/ I p_h O t_h t_h u b i s u n w I t_h n I s I N s { n t_h e m p_h r/ @ tS @ d r/ A p_h k_h u l b r/ i z w I l m e I k_h I t_h @ f a I A k_h e I S n t_h u I n t_h r/ O I a U d O r/ { k_h t_h I v I t_h I s b I w e @ @ v V n I k_h s p_h e k_h t_h I d s a U s s t_h I l
elearning/047,f r/ V m D @ r/ o U l i p_h A l i O l D @ w e I T r/ u t_h u D @ k_h V d l i s t_h e I dZ n { tS 3` @ l d O g f u d I z O l w e I z m a I g o U t_h o U A p_h S @ n n o U A r/ t_h @ f I S @ l k_h V l 3` I N z O r/ p_h r/ @ z 3` v @ t_h I v z a I r/ E s t_h @ S U r/ d D { t_h I m t_h e I k_h I N k_h E r/ V v m a I d O g @ v e I l @ b @ l I n d I p_h A r/ t_h m @ n t_h s t_h O r/ z @ k_h r/ O s D @ s t_h e I t_h s n { tS 3` @ l d O g f u d A r/ r/ i l h E l T i s n { k_h s f O r/ O l @ k_h e I Z @ n z b r/ { n d n u s p_h E S @ l d O g t_h r/ i t_h s A r/ n a U @ v e I l @ b @ l f O r/ p_h r/ a I d r/ 3` A n a U 3` w E b s a I t_h j O r/ d O g I z I n g U d h { n d z,f r/ A m D @ r/ A l i p_h A l i O l D @ w e I T r/ u t_h u D @ k_h V d i s t_h e I n { tS r/ @ d A g f u d I z O l w e I m a I g @ U t_h u A p_h S n n @ U A t_h I f I S l k_h A l @ r/ I N s O r/ r/ I z 3` v e I t_h I v a I r/ e s t_h @ S U @ D a t_h a I m t_h e I k_h I N k_h e @ v @ d A g @ v a I l @ b l I n d I p_h A t_h m @ n t_h s t_h O r/ @ k_h r/ A s D @ s t_h e I n { tS r/ @ d A g f u d A r/ i l h e l T i s n e I k_h f O O l A k_h e I S n b r/ { n d n j u s p_h e S l d A g t_h r/ i t_h s a n a U @ v a I l @ b l f O p_h r/ i O d @ A n a U @ w e b s a I t_h j O d A g s I z I n @ g U d h { n d
elearning/089,w E l k_h @ m t_h u k_h V s t_h @ m 3` s 3` v @ s I m 3` dZ @ n s i z w i O f 3` s @ p_h O r/ t_h f O r/ O r/ d 3` m I k_h s @ p_h s p_h r/ A d @ k_h t_h I S u z @ n d V D 3` r/ I l e I t_h I d k_h @ n s 3` n z w i s I n s I r/ l i @ p_h A l @ dZ a I z f O r/ D @ I S u z j u h { v I n k_h a U n t_h 3` d f O r/ d I t_h e I l d I n s t_h r/ V k_h S @ n A n h a U t_h u p_h r/ @ s i d p_h l i z v I z @ t_h a U 3` w E b s a I t_h t_h u s p_h i k_h w I D a U 3` e I dZ @ n t_h p_h l i z p_h r/ E s w V n t_h u b i d 3` E k_h t_h @ d t_h u a U 3` O r/ d 3` s 3` v @ s @ z s t_h { f p_h r/ E s t_h u t_h u b i d 3` E k_h t_h @ d t_h u a U 3` p_h r/ A d @ k_h t_h k_h w A l @ t_h i t_h i m T { N k_h j u f O r/ j O r/ V n d 3` s t_h { n d I N,w E l k_h @ m t_h u k_h V s t_h @ m 3` s 3` v I s I m 3` dZ @ n s i z w i O f 3` s @ p_h O r/ t_h f O r/ O r/ d 3` m I k_h s V p_h s p_h r/ A d V k_h t_h I S u z { n d V D 3` r/ I l e I t_h I d k_h @ n s 3` n z w i s I n s I l i @ p_h A l @ dZ a I z f O r/ D i I S u z j u h { v I n k_h a U n t_h 3` d f O r/ d i t_h e I l I n s t_h r/ V k_h S @ n A n h E l t_h u p_h r/ o U s i d p_h l i z v I z I t_h a U 3` w E b s a I t_h t_h u s p_h i k_h w I D a U 3` e I dZ @ n t_h p_h l i z p_h r/ E s w V n t_h u b i d a I r/ E k_h t_h I d t_h u a U 3` O r/ d 3` s 3` v I s I z s t_h { f p_h r/ E s t_h u t_h u b i d a I r/ E k_h t_h I d t_h u a U 3` p_h r/ A d V k_h t_h k_h w A l @ t_h i t_h i m T { N k_h j u f O r/ j O r/ V n d 3` s t_h { n d I N
elearning/137,w E l k_h @ m t_h u D @ m E t_h r/ @ p_h A l @ t_h @ n m j u z i @ m V v A r/ t_h w i h o U p_h j O r/ t_h U r/ I z I n f O r/ m @ t_h I v @ n d E n dZ O I @ b @ l s I n s D E r/ A r/ @ l A t_h V v v I z @ t_h 3` z h i r/ t_h @ d e I w i w I l d I v a I d I n t_h u t_h u g r/ u p_h s { f t_h 3` k_h @ m p_h l i t_h I N D @ t_h U r/ j u m e I v I z @ t_h D @ g I f t_h S A p_h A n D @ f 3` s t_h f l O r/ E n dZ O I @ m i l I n D @ k_h { f @ t_h I r/ i @ O r/ l 3` n @ b a U t_h V p_h k_h V m I N I g z I b @ t_h s { t_h D @ I n f 3` m e I S @ n d E s k_h,w E l k_h @ m t_h u D @ m E t_h r/ @ p_h A l I t_h @ n m j u z i @ m @ v A r/ t_h w i h o U p_h j U r/ t_h U r/ I I n f O r/ m @ t_h I v @ n d I n dZ O I d @ b @ l s I n s D E r/ A r/ @ l A t_h @ v v I z I t_h 3` h I r/ t_h @ d e I w i w I l d I v a I d I n t_h u t_h u g r/ u p_h s { f t_h 3` k_h @ m l e I t_h I N D @ t_h U r/ j u m e I v I z I t_h D @ g I f t_h S A p_h A n D @ f 3` s t_h f l O r/ I n dZ O I @ m i l I n D @ k_h { f @ t_h I r/ i @ O r/ l 3` n @ b a U t_h V p_h k_h V m I N I g z I b I t_h { t_h D @ I n f O r/ m e I S @ n d E s k_h
elearning/140,w a I n d s p_h i d @ n d b l o U d 3` E k_h S @ n p_h l e I z @ k_h r/ I t_h I k_h @ l r/ o U l I n w E n @ n d h a U t_h u @ p_h l a I p_h E s t_h k_h @ n t_h r/ o U l D I s w i k_h s w E D 3` I z I k_h s p_h E k_h t_h @ d t_h u b i h j u m @ d @ n d k_h u l T r/ u a U t_h p_h l i z f A l o U D @ g a I d @ n s t_h u m e I k_h S U r/ D @ k_h E m I k_h @ l z d u n A t_h m I s D E r/ t_h A r/ g @ t_h s @ s p_h E S l i f V n dZ @ s a I d z S U d j u h { v E n i I n k_h w a I 3` i z d A n t_h h E z @ t_h e I t_h t_h u k_h A n t_h { k_h t_h V s j u z I N D @ n V m b 3` p_h r/ @ v a I d @ d,{ n d b l o U d I r/ E t_h S @ n p_h l e I D @ k_h r/ I t_h I k_h @ l r/ o U l I n w E n { n d h a U t_h u @ p_h l a I p_h E s t_h k_h @ n t_h r/ o U l D I s w i k_h s w E D 3` I z { k_h s p_h E t_h I d t_h u b i h j u m I d { n d k_h u l T r/ u a U t_h p_h l i z f A l o U D @ g j u d @ n s t_h u m e I k_h S U r/ D @ k_h E m I k_h @ l z d u n A t_h m I s D E r/ t_h A r/ g e t_h s E s k_h p_h E n S @ l i f V n dZ I s a I d z s o U j u h { v E n i I n k_h w a I r/ i z d o U n t_h h E z I t_h e I t_h t_h u k_h A n t_h { k_h V s j u z I N D @ n V m b 3` p_h r/ @ v a I d I d
elearning/149,D I s s V n d e I dZ { z m { s t_h 3` k_h A f i S A p_h I n v a I t_h s k_h A f i l V v 3` z t_h u @ t_h e I s t_h I N I v E n t_h { t_h a U 3` s t_h O r/ v I z @ t_h D @ S A p_h b I t_h w i n s I k_h s @ n d n a I n @ k_h l A k_h t_h u E n dZ O I h { f p_h r/ a I s d I z 3` t_h s l a I v m j u z I k_h @ n d a U 3` I k_h s k_h l u s I v k_h A f i f r/ V m k_h @ l V m b i @ w a I l j U r/ h i r/ j u k_h { n k_h @ m p_h l i t_h @ k_h V s t_h @ m 3` s 3` v e I t_h u r/ @ s i v @ p_h { k_h V v f r/ i k_h A f i t_h u b r/ u { t_h h o U m,d e I dZ { z m { s t_h 3` k_h O f i S A p_h I n v a I t_h s k_h O f i l V v 3` t_h u @ t_h e I s t_h I N I v E n t_h A 3` s t_h O r/ v I z I t_h D @ S A p_h b I t_h w i n s I k_h s { n d n a I n @ k_h l A k_h t_h u I n dZ O I h { f p_h r/ a I d E z 3` t_h l I v m j u z I k_h { n d A 3` I k_h l u s I v k_h O f i f r/ V m k_h @ l V m b i @ w a I l j U r/ h I r/ j u k_h { n k_h @ m p_h l i t_h @ k_h @ j V m 3` s 3` v I s j O r/ r/ I s e I @ p_h a I @ v f r/ i k_h O f i t_h u b r/ u { t_h h o U m
elearning/153,w a I n d s p_h i d @ n d b l o U d 3` E k_h S @ n p_h l e I z @ k_h r/ I t_h I k_h @ l r/ o U l I n w E n @ n d h a U t_h u @ p_h l a I p_h E s t_h k_h @ n t_h r/ o U l D I s w i k_h s w E D 3` I z I k_h s p_h E k_h t_h @ d t_h u b i h j u m @ d @ n d k_h u l T r/ u a U t_h p_h l i z f A l o U D @ g a I d @ n s t_h u m e I k_h S U r/ D @ k_h E m I k_h @ l z d u n A t_h m I s D E r/ t_h A r/ g @ t_h s @ s p_h E S l i f V n dZ @ s a I d z S U d j u h { v E n i I n k_h w a I 3` i z d A n t_h h E z @ t_h e I t_h t_h u k_h A n t_h { k_h t_h V s j u z I N D @ n V m b 3` p_h r/ @ v a I d @ d,w a I s p_h i d { n d b l o U d I r/ E t_h S @ n p_h l e I D @ k_h r/ I t_h I k_h @ l g r/ o U I n w E n { n d h a U t_h u @ p_h l a I p_h E s t_h k_h @ n t_h r/ o U l D I s w i k_h s w E D 3` I z E k_h s { k_h s p_h E k_h t_h I d t_h u b i h j u m I d { n d k_h u l T r/ u a U t_h p_h l i z f A l o U D @ g j u d @ n s t_h u m e I k_h S U r/ D @ k_h E m I k_h @ l z d u n A t_h m I s D E r/ t_h A r/ g e t_h s E s p_h E n S @ l i f V n dZ I s I s a I d S U d j u h { v E n i I n k_h w a I r/ i d o U n t_h h E z I t_h e I t_h t_h u k_h A n t_h { k_h V s j u z I N D @ n V m b 3` p_h r/ @ v a I d I d
elearning/154,w E l k_h @ m t_h u k_h V s t_h @ m 3` s 3` v @ s I m 3` dZ @ n s i z w i O f 3` s @ p_h O r/ t_h f O r/ O r/ d 3` m I k_h s @ p_h s p_h r/ A d @ k_h t_h I S u z @ n d V D 3` r/ I l e I t_h I d k_h @ n s 3` n z w i s I n s I r/ l i @ p_h A l @ dZ a I z f O r/ D @ I S u z j u h { v I n k_h a U n t_h 3` d f O r/ d I t_h e I l d I n s t_h r/ V k_h S @ n A n h a U t_h u p_h r/ @ s i d p_h l i z v I z @ t_h a U 3` w E b s a I t_h t_h u s p_h i k_h w I D a U 3` e I dZ @ n t_h p_h l i z p_h r/ E s w V n t_h u b i d 3` E k_h t_h @ d t_h u a U 3` O r/ d 3` s 3` v @ s @ z s t_h { f p_h r/ E s t_h u t_h u b i d 3` E k_h t_h @ d t_h u a U 3` p_h r/ A d @ k_h t_h k_h w A l @ t_h i t_h i m T { N k_h j u f O r/ j O r/ V n d 3` s t_h { n d I N,w E l k_h @ m t_h u k_h V s t_h @ m 3` s 3` v a I s I m 3` dZ @ n s i z w i O f 3` s @ p_h O r/ t_h f O r/ O r/ d 3` m I k_h s V p_h s p_h r/ A d V k_h t_h I S u z { n d V D 3` r/ I l e I t_h I d k_h @ n s 3` n z w i s I n s I r/ l i @ p_h A l @ dZ a I z f O r/ D @ I S u z j u h { v e n k_h a U n t_h 3` f O r/ d i t_h e I l I n s t_h r/ V k_h S @ n A n h a U t_h u p_h r/ o s e d p_h l i z v I z I t_h a U 3` w E b s a I t_h t_h u s p_h i k_h w I D a U 3` e I dZ @ n t_h p_h l i z p_h r/ E s w V n t_h u b i d I r/ E k_h t_h I d t_h u a U 3` O r/ d 3` s 3` v a I s s t_h { f p_h r/ E s t_h u t_h u b i d I r/ E k_h t_h I d t_h u a U 3` p_h r/ A d V k_h t_h k_h w A l @ t_h i t_h i m T { N k_h j u f O r/ j O r/ V n d 3` s t_h { n d I N
elearning/155,k_h V m I N V p_h n E k_h s t_h A n h o U m S E f w i w I l S o U j u h a U t_h u m e I k_h p_h i t_h s @ { t_h h o U m w I tS I z p_h r/ I t_h i m V tS @ n h 3` d V v D @ T r/ i m e I n k_h @ m p_h o U n @ n t_h s A r/ k_h r/ V s t_h s O s @ n d t_h A p_h I N z w I tS j u k_h { n m e I k_h { t_h h o U m O r/ b a I D E m p_h r/ E m e I d l E t_h s g E t_h D @ d o U s t_h A r/ t_h @ d s o U D { t_h I t_h h { z t_h a I m t_h u r/ E s t_h m O r/ d I t_h e I l z w I l b i p_h r/ @ v a I d @ d r/ a I t_h { f t_h 3` k_h @ m 3` S @ l b r/ e I k_h,k_h V m I N V p_h n E k_h s t_h A n h o U m S e f w i w I l S o U j u h a U t_h u m e I k_h p_h i t_h s @ { t_h h o U m w I tS I z p_h r/ I r/ i m V tS V n h E d V v D @ T r/ i m e I n k_h @ m p_h o U n @ n t_h s A r/ k_h r/ u s s O s { n d t_h A p_h I N z w I k_h j u k_h { n m e I k_h { t_h h o U m O r/ b a I D E m p_h r/ i m e I d l E t_h s g E t_h D @ d o f s t_h A r/ t_h I d s o U D { t_h I t_h h { z t_h a I m t_h u r/ i t_h u r/ E s t_h m O r/ d i t_h e I l z w I l b i p_h r/ @ v a I d I d r/ a I t_h { f t_h 3` k_h @ m 3` S @ l b r/ e I k_h
elearning/160,A r/ j u l U k_h I N f O r/ @ f V n n u h A b i I f s o U h E d r/ a I t_h o U v 3` D @ b r/ { n s @ n l a I b r/ E r/ i w i A r/ l O n tS I N @ b U k_h k_h l V b f O r/ k_h @ m j u n @ t_h i m E m b 3` z l a I k_h j u m E m b 3` z w I l r/ E d @ b U k_h @ m V n T h { v w i k_h l i d I s k_h V S @ n z @ n d r/ a I t_h @ r/ i p_h O r/ t_h @ b a U t_h D E r/ f { v j u r/ a I t_h k_h E r/ I k_h t_h 3` w i w I l m i t_h A n w E n z d i i v n I N z { t_h s E v @ n @ k_h l A k_h k_h A n t_h { k_h t_h b E t_h i { t_h D @ f r/ V n t_h d E s k_h f O r/ m O r/ I n f 3` m e I S @ n,A r/ j u l U k_h I N f O r/ @ f V n n u h A b i I f s o U h i t_h r/ a I t_h o U v 3` D @ b r/ { n s @ n l a I b r/ @ r/ i w i A r/ l O n tS I N @ b U k_h k_h l V b f O r/ k_h @ m j u n @ t_h i m E m b 3` z l a I k_h j u m E m b 3` z w I l r/ i d @ b U k_h @ m V n T h { v w i k_h l i d I s k_h V S @ n z { n d r/ a I t_h @ r/ i p_h O r/ t_h @ b a U t_h D E r/ f e I v r/ I t_h k_h { r/ @ k_h t_h 3` w i w I l m i t_h A n w E n z d e I i v n I N z { t_h s E v @ n @ k_h l A k_h k_h A n t_h { k_h t_h b E t_h i { t_h D @ f r/ V n t_h d E s k_h f O r/ m O r/ I n f 3` m e I S @ n
elearning/161,t_h @ n a I t_h A n w 3` k_h I N m V D 3` z w i w I l h { v @ v E r/ i s p_h E S @ l g E s t_h s p_h i k_h 3` s { l i w O r/ @ n I z @ f e I m @ s s a I @ n t_h I s t_h n A t_h o U n l i I z S i @ p_h a I @ n I r/ I n k_h @ m p_h j u t_h 3` p_h r/ o U g r/ { m I N m { T @ m { t_h I k_h s @ n d d e I t_h @ b e I s m { n @ dZ m @ n t_h S i I z O l s o U { n @ m e I z I N m A m S i w I l b i s p_h i k_h I N t_h u V s @ b a U t_h D @ tS { l @ n dZ I z V v b { l @ n s I N b I t_h w i n @ k_h 3` I r/ @ n d m V D 3` h U d p_h l i z w E l k_h @ m s { l i w O r/ @ n t_h u D @ s t_h u d i o U,t_h @ n a I t_h A n w 3` k_h I N m V D 3` z w i w I l h { v @ v E r/ i s p_h E S @ l g E s t_h s p_h i k_h 3` s { l i w O r/ @ n I z @ f e I m @ s s a I @ n t_h I s t_h n A t_h o U n l i S i I z @ p_h a I @ n I r/ I n k_h @ m p_h j u t_h 3` p_h r/ o U g r/ { m I N m { T @ m { t_h I k_h s { n d d e I t_h @ b e I s m { n I dZ m @ n t_h S i I z O l s o U { n @ m e I z I N m A m S i w I l b i s p_h i k_h I N t_h u V s @ b a U t_h D @ tS { l I n dZ I z @ v b { l @ n s I N b I t_h w i n @ k_h @ r/ I r/ { n d m V h U d p_h l i z w E l k_h @ m s { l i w O r/ @ n t_h u D @ s t_h V d i o U
elearning/167,w E l k_h @ m t_h u k_h V s t_h @ m 3` s 3` v @ s I m 3` dZ @ n s i z w i O f 3` s @ p_h O r/ t_h f O r/ O r/ d 3` m I k_h s @ p_h s p_h r/ A d @ k_h t_h I S u z @ n d V D 3` r/ I l e I t_h I d k_h @ n s 3` n z w i s I n s I r/ l i @ p_h A l @ dZ a I z f O r/ D @ I S u z j u h { v I n k_h a U n t_h 3` d f O r/ d I t_h e I l d I n s t_h r/ V k_h S @ n A n h a U t_h u p_h r/ @ s i d p_h l i z v I z @ t_h a U 3` w E b s a I t_h t_h u s p_h i k_h w I D a U 3` e I dZ @ n t_h p_h l i z p_h r/ E s w V n t_h u b i d 3` E k_h t_h @ d t_h u a U 3` O r/ d 3` s 3` v @ s @ z s t_h { f p_h r/ E s t_h u t_h u b i d 3` E k_h t_h @ d t_h u a U 3` p_h r/ A d @ k_h t_h k_h w A l @ t_h i t_h i m T { N k_h j u f O r/ j O r/ V n d 3` s t_h { n d I N,w E l k_h @ m t_h u k_h V s t_h @ m 3` s 3` v a I s I m 3` dZ @ n s i z w i O f 3` s @ p_h O r/ t_h f O r/ O r/ d 3` m I k_h s V p_h s p_h r/ A d V k_h t_h I S u z { n d V D 3` r/ I l e I t_h I d k_h @ n s 3` n z w i s I n s I r/ l i @ p_h A l @ dZ a I z f O r/ D i I S u z j u h { v e n k_h a U n t_h 3` f O r/ d i t_h e I l I n s t_h r/ V k_h S @ n A n h a U t_h u p_h r/ o s e d p_h l i z v I z I t_h a U 3` w E b s a I t_h t_h u s p_h i k_h w I D a U 3` e I dZ @ n t_h p_h l i z p_h r/ E s w V n t_h u b i d I r/ E k_h t_h I d t_h u a U 3` O r/ d 3` s 3` v a I s s t_h { f p_h r/ E s t_h u t_h u b i d I r/ E k_h t_h I d t_h u a U 3` p_h r/ A d V k_h t_h k_h w A l @ t_h i t_h i m T { N k_h j u f O r/ j O r/ V n d 3` s t_h { n d I N
elearning/168,k_h V m I N V p_h n E k_h s t_h A n h o U m S E f w i w I l S o U j u h a U t_h u m e I k_h p_h i t_h s @ { t_h h o U m w I tS I z p_h r/ I t_h i m V tS @ n h 3` d V v D @ T r/ i m e I n k_h @ m p_h o U n @ n t_h s A r/ k_h r/ V s t_h s O s @ n d t_h A p_h I N z w I tS j u k_h { n m e I k_h { t_h h o U m O r/ b a I D E m p_h r/ E m e I d l E t_h s g E t_h D @ d o U s t_h A r/ t_h @ d s o U D { t_h I t_h h { z t_h a I m t_h u r/ E s t_h m O r/ d I t_h e I l z w I l b i p_h r/ @ v a I d @ d r/ a I t_h { f t_h 3` k_h @ m 3` S @ l b r/ e I k_h,n E k_h s t_h A n h o U m S e f w i w I l S o U j u h a U t_h u m e I k_h p_h i t_h s @ { t_h h o U m w I tS I z p_h r/ i @ r/ i m V tS V n h E d V v g @ t_h T r/ i m e I n k_h @ m p_h o n @ n t_h s A r/ k_h r/ V s t_h s O s { n d t_h A p_h I N z w I tS j u k_h { n m e I k_h { t_h h o U m O r/ b a I D E m p_h r/ i m e I d l E t_h s g E t_h D @ d o f s t_h A r/ t_h I d s o U D { t_h I t_h h { z t_h a I m t_h u r/ E s t_h m O r/ d i t_h e I l z w I l w I l b i p_h r/ @ v a I d I d r/ a I t_h { f t_h 3` k_h @ m 3` S @ l b r/ e I k_h
elearning/283,k_h A r/ s p_h @ I z @ p_h r/ @ f E S @ n @ l k_h A r/ w A S I N s 3` v @ s l o U k_h e I t_h @ d I n D @ s t_h e I t_h V v f r/ { N k_h s t_h 3` s e I I N g U d b a I t_h u @ n j u s t_h k_h l O T p_h i s @ z D { t_h m a I t_h s k_h r/ { tS D @ k_h A r/ p_h e I n t_h { t_h k_h A r/ s p_h @ w i j u z p_h a U 3` E n dZ @ n k_h l E n z 3` z t_h u E n S U r/ E v 3` i k_h O r/ n 3` I z S a I n i a U 3` m V l t_h i s t_h E k_h k_h l i n I N p_h r/ O s E s @ z I n k_h l u d d I g r/ e I s 3` w A S s t_h i m w A S b I f O r/ D @ f a I n @ l f o U m w A S D I s I z t_h u d i p_h k_h l i n s t_h V k_h k_h @ n t_h { m @ n @ n t_h s w E r/ n O r/ m @ l k_h A r/ w A S w I l n @ g l E k_h t_h,k_h A s p_h A I z e I v r/ @ f E S @ n @ l k_h A w A S I N s 3` v I t_h l @ U k_h e I t_h I d I n D @ s t_h e I t_h A v f r/ { N k_h s t_h @ r/ s e I I N g U d b a I t_h u @ n j u z d k_h l @ U D p_h i s I z D { t_h m a I t_h s k_h r/ { tS D @ k_h A p_h E n t_h { t_h k_h A s p_h A w i j u z p_h a U @ E n dZ I N k_h l i n s @ t_h u I n S U r/ E v i k_h O n @ r/ I z S a I n i a U @ r/ m u l t_h i s t_h E p_h k_h l i n I N p_h r/ @ U s E s I d I n k_h l u d i d r/ i s @ r/ w A S s t_h i m w A s b I f O r/ D @ f a I n @ l w E l m ts/ h w A S d I s I z t_h u d i p_h k_h l i n s t_h A k_h k_h @ n t_h { m I n @ n t_h s w e @ n O m @ l k_h A w 3` S w I l n E g l E k_h t_h
elearning/323,k_h I N s t_h o U n p_h A r/ k_h l o U k_h e I t_h @ d n I r/ D @ f U t_h b O l s t_h e I d i @ m w A z d I z a I n d @ n d d I v E l @ p_h t_h b a I D @ s I t_h i z p_h A r/ k_h s @ n d r/ E k_h r/ i e I S @ n k_h @ m I t_h i I t_h f i tS 3` z r/ E r/ t_h r/ i s p_h i S i z @ tS I l d r/ @ n z p_h l e I g r/ a U n d @ n d @ s t_h e I dZ f O r/ m j u z I k_h p_h 3` f O r/ m @ n s @ z s I n s s { t_h 3` d i s I t_h @ z @ n z h { v b I n g { D 3` I N { t_h D @ n u p_h A r/ k_h t_h u r/ I l { k_h s @ n d E n dZ O I D @ g r/ i n 3` i,k_h I N t_h o U p_h A s l o U k_h e I t_h @ d n I r/ z @ f U t_h b O l s t_h e I d i @ m w @ r/ d I z a I t_h I d { n d d I r/ I v l o U p_h m @ n b a I s I t_h i p_h A r/ k_h s { n d r/ I k_h r/ i e I s @ n k_h @ m I t_h i I t_h f i tS @ r/ r/ e I s t_h r/ i s p_h e s p_h I s i { n d tS I l d r/ @ n p_h l e I g r/ a U { n d @ s t_h e I f f O r/ m j u z I k_h p_h @ r/ f O r/ m @ n s s I n s s { t_h @ r/ d e I s I t_h I z @ n h { v b I n g { D @ r/ g { D I N { t_h D @ n j u p_h A r/ k_h s t_h u r/ I l E k_h { n d I n dZ O I D @ g r/ i n E r/ i
elearning/324,w E l k_h @ m t_h u D @ o U h a I o U s t_h e I t_h l a I b r/ E r/ i t_h U r/ b I f O r/ w i b I g I n l E t_h m i S E r/ @ b I t_h @ b a U t_h D @ f @ s I l I t_h i f V n d @ d b a I o U h a I o U s t_h e I t_h j u n @ v 3` s @ t_h i D @ l a I b r/ E r/ i h { z O l w e I z b I n f r/ i @ n d o U p_h @ n t_h u D @ p_h V b l I k_h O l b U k_h s p_h I r/ i A d I k_h @ l z @ n d V D 3` m @ t_h I r/ i @ l z A r/ @ v e I l @ b @ l t_h u b o U T k_h @ m j u n @ t_h i m E m b 3` z @ n d s t_h u d @ n t_h s,w E l k_h @ m t_h u o U s I s t_h e I l a I b @ r/ @ r/ i t_h U r/ b I f O r/ w i b I g I n l E t_h m i s E r/ @ b I s @ b a U D @ f { s f @ s I l I t_h i f V n d I d b a I o U s I o U s t_h e I n j u n I v 3` r/ s @ t_h i D @ l a I b r/ E r/ i h { z O l w e I b I n f r/ i { n d o U p_h @ n t_h u D @ p_h V b r/ I k_h O l b u k_h p_h I r/ i A d I k_h @ l { n d V D @ r/ m @ t_h I r/ i @ l z A r/ f E I @ b @ l t_h u b O T k_h @ m I t_h i m E m b @ r/ { n d s t_h u d @ n t_h s
elearning/325,k_h A r/ s p_h @ I z @ p_h r/ @ f E S @ n @ l k_h A r/ w A S I N s 3` v @ s l o U k_h e I t_h @ d I n D @ s t_h e I t_h V v f r/ { N k_h s t_h 3` s e I I N g U d b a I t_h u @ n j u s t_h k_h l O T p_h i s @ z D { t_h m a I t_h s k_h r/ { tS D @ k_h A r/ p_h e I n t_h { t_h k_h A r/ s p_h @ w i j u z p_h a U 3` E n dZ @ n k_h l E n z 3` z t_h u E n S U r/ E v 3` i k_h O r/ n 3` I z S a I n i a U 3` m V l t_h i s t_h E k_h k_h l i n I N p_h r/ O s E s @ z I n k_h l u d d I g r/ e I s 3` w A S s t_h i m w A S b I f O r/ D @ f a I n @ l f o U m w A S D I s I z t_h u d i p_h k_h l i n s t_h V k_h k_h @ n t_h { m @ n @ n t_h s w E r/ n O r/ m @ l k_h A r/ w A S w I l n @ g l E k_h t_h,k_h A s p_h A s I D @ p_h r/ @ f E s @ n @ l k_h A w e I s I N s @ v a I s l @ U k_h e I t_h I d I n D @ s t_h e I t_h A v f r/ { N k_h s t_h s e I I N g U d b a I t_h u V n j u s t_h k_h l @ U p_h i s I z D { t_h m a I s s k_h r/ { tS D @ k_h A p_h E n { t_h k_h A s p_h A w i j u z p_h a U @ E n dZ I k_h l i n s @ r/ s t_h u E n S U r/ E v r/ i k_h O n @ r/ I s s a I n i a U @ m u l t_h i s t_h E f k_h l i n I N p_h r/ @ U s I s I n k_h l M d i g r/ i s @ r/ w @ s s t_h i m w @ S b I f O r/ D @ f a I n @ l f O m w @ s d I s I s t_h u d i f k_h l i n s t_h A k_h k_h @ n t_h { m I n @ n t_h s w e @ n O m @ l k_h A w @ s j u n i g l I k_h
elearning/326,s I g n @ tS 3` t_h U r/ b a I h e I s t_h 3` E k_h s @ l @ n s j u d A n t_h w A n t_h t_h u m I s k_h @ m p_h r/ a I z I N b o U T k_h V m f 3` t_h @ n d { d v E n tS 3` @ s E l @ m @ n t_h s a U 3` t_h U r/ I z k_h e I t_h 3` d t_h u @ l a I n w I D t_h r/ { v @ l 3` z v I Z @ n z w E D 3` I t_h I z t_h r/ E k_h I N k_h { m p_h I N O r/ s I m p_h l i s a I t_h s i I N a U 3` t_h i m V v s p_h E S @ l @ s t_h s w I l k_h @ l { b 3` e I t_h w I D k_h V s t_h @ m 3` z t_h u d I z a I n @ m E m 3` @ b @ l s I t_h i I s k_h e I p_h k_h A n t_h { k_h t_h V s n a U,t_h U r/ b a I h e I s t_h @ r/ { k_h s E l @ n t_h j u d A n t_h w A n t_h t_h u m I s k_h @ m p_h r/ a I z I N b o U T k_h O m f O r/ { n d { d v E n t_h S @ r/ @ s E l I m @ n t_h s a U @ r/ t_h U r/ I s k_h e I t_h @ r/ I d t_h u @ l a I w I T t_h r/ { v @ l t_h r/ { v @ l @ r/ s v I D I n s w E D @ r/ I t_h I s t_h r/ e I k_h I N k_h { m b I N O s I m p_h @ l I s a I t_h s i I N a U @ r/ t_h i m @ v s p_h E S @ l I s t_h w I l k_h @ l { b @ r/ e I t_h w I t_h k_h V s t_h @ m @ r/ s t_h u d I z a I n @ m E m @ r/ @ b @ l s I t_h i E s k_h e I p_h k_h A n t_h { k_h V s n a U
elearning/327,A l t_h k_h O r/ p_h 3` e I S @ n I z k_h A n s t_h @ n t_h l i s i k_h I N t_h u I m p_h r/ u v D @ k_h w A l @ t_h i @ n d I f I S @ n s i V v j O r/ k_h l a I @ n t_h s 3` v @ s @ z b a I O f 3` I N k_h @ m p_h j u t_h 3` s O f t_h w E r/ w I tS m a I n z b I g d e I t_h @ w i k_h { n h E l p_h O l m o U s t_h E n i b I z n @ s w I tS h { z d e I t_h @ t_h u m O r/ I f I S @ n t_h l i p_h r/ O s E s I t_h n o U I N m O r/ @ b a U t_h j O r/ k_h V s t_h @ m 3` z m i n z D { t_h j u k_h { n O f 3` D E m p_h r/ A d @ k_h t_h s w I tS f I t_h D E r/ n i d z w i w 3` k_h I n e I t_h i k_h V n t_h r/ i z I n t_h w E n t_h i d I f 3` @ n t_h l { N g w @ dZ @ z @ n d A r/ s 3` t_h @ f a I d s O f t_h w E r/ p_h r/ @ v a I d 3` z f O r/ w I n d o U z { p_h @ l @ n d l I n @ k_h s s I s t_h @ m z k_h A n t_h { k_h t_h A l t_h @ n d n o U j O r/ k_h V s t_h @ m 3` z b E t_h 3`,e i E l t_h i k_h O p_h @ r/ e I S @ n I k_h O n s t_h @ n l i s i k_h I N t_h u I m p_h r/ u v D @ k_h w A l I t_h I { n d I f I s I I f I s @ n s I s O v j U @ r/ k_h l a I @ n t_h s 3` r/ v a I s b a I O f @ r/ I N k_h O m b j u t_h @ s O f t_h w E r/ w I tS m a I s b I g d { t_h { w i k_h { n h E l p_h O l m o U s t_h E n i b I z I n I s w I k_h h { s d { t_h { t_h u m O r/ I f I s @ n t_h l i p_h r/ o s E s I t_h n o U I N m O r/ @ b a U j O r/ k_h V s t_h @ m @ r/ s m i n D { t_h j u k_h { n O f @ r/ D @ m p_h r/ o d V k_h s w I tS f I t_h s D E r/ n i d s w i w 3` r/ k_h I n e I t_h i n k_h V n t_h r/ i s { n d t_h w E l t_h i d I f @ r/ @ n l { N g w I dZ I z { n d A r/ s @ r/ t_h I f a I s O f t_h w E r/ p_h r/ A v a I d @ r/ s f O r/ w I n d o U
elearning/331,k_h A r/ s p_h @ I z @ p_h r/ @ f E S @ n @ l k_h A r/ w A S I N s 3` v @ s l o U k_h e I t_h @ d I n D @ s t_h e I t_h V v f r/ { N k_h s t_h 3` s e I I N g U d b a I t_h u @ n j u s t_h k_h l O T p_h i s @ z D { t_h m a I t_h s k_h r/ { tS D @ k_h A r/ p_h e I n t_h { t_h k_h A r/ s p_h @ w i j u z p_h a U 3` E n dZ @ n k_h l E n z 3` z t_h u E n S U r/ E v 3` i k_h O r/ n 3` I z S a I n i a U 3` m V l t_h i s t_h E k_h k_h l i n I N p_h r/ O s E s @ z I n k_h l u d d I g r/ e I s 3` w A S s t_h i m w A S b I f O r/ D @ f a I n @ l f o U m w A S D I s I z t_h u d i p_h k_h l i n s t_h V k_h k_h @ n t_h { m @ n @ n t_h s w E r/ n O r/ m @ l k_h A r/ w A S w I l n @ g l E k_h t_h,k_h A s p_h A I s @ p_h r/ @ f E S @ n @ l k_h A w 3` s I N s @ v a I s l @ U k_h e I d I d I n D @ s t_h e I t_h A v f r/ E N k_h s t_h @ s e I I N g U d b a I t_h u V n j u k_h l @ U p_h i s I s D { t_h m a I k_h s k_h r/ { tS D @ k_h A p_h e I n t_h { t_h k_h A s p_h A w i j u s p_h O w @ r/ E n @ dZ i k_h l i n s @ r/ s t_h u E n s U r/ E v r/ i k_h O n @ r/ I s s a I n i a U @ r/ m u l t_h i s t_h E f k_h l i n I N p_h r/ o s i s I s I n k_h l u d i k_h r/ i s @ w @ s t_h i m s t_h i m w @ s b I f O f a I n @ l f O m w @ s d I s I t_h u k_h i p_h k_h l i n s t_h A k_h k_h @ n t_h { m I n e I t_h s k_h @ n t_h { m I n e I t_h s n @ n t_h w E r/ n O m @ l k_h A w @ s w I l n E k_h l I
elearning/082,A r/ j u l U k_h I N f O r/ @ f V n n u h A b i I f s o U h E d r/ a I t_h o U v 3` D @ b r/ { n s @ n l a I b r/ E r/ i w i A r/ l O n tS I N @ b U k_h k_h l V b f O r/ k_h @ m j u n @ t_h i m E m b 3` z l a I k_h j u m E m b 3` z w I l r/ E d @ b U k_h @ m V n T h { v w i k_h l i d I s k_h V S @ n z @ n d r/ a I t_h @ r/ i p_h O r/ t_h @ b a U t_h D E r/ f { v j u r/ a I t_h k_h E r/ I k_h t_h 3` w i w I l m i t_h A n w E n z d i i v n I N z { t_h s E v @ n @ k_h l A k_h k_h A n t_h { k_h t_h b E t_h i { t_h D @ f r/ V n t_h d E s k_h f O r/ m O r/ I n f 3` m e I S @ n,A r/ j u l U k_h I N f O r/ @ f V n n u h A b i I f s o U h i t_h r/ a I t_h o v 3` D @ b r/ e n s V n l a I b r/ a r/ i w i A r/ l A n tS I N @ b U k_h k_h l V b f O r/ k_h @ m j u n @ t_h i m E m b 3` z l a I k_h j u m E m b 3` z w I l r/ i d @ b U k_h @ m V n T h { v w i k_h l i d I k_h @ t_h S @ n { n d f r/ a I t_h @ r/ i b O k_h @ b a U t_h D E r/ f e I v r/ I t_h k_h { r/ @ k_h t_h 3` w i w I l m i t_h O l w E n e t_h d e I e v i e v n I N z { t_h s E v @ n @ k_h l A k_h k_h @ n t_h { t_h b i t_h i { t_h D @ f r/ V n t_h d E s k_h f O r/ m O r/ I n f 3` m e I S @ n
elearning/083,t_h @ n a I t_h A n w 3` k_h I N m V D 3` z w i w I l h { v @ v E r/ i s p_h E S @ l g E s t_h s p_h i k_h 3` s { l i w O r/ @ n I z @ f e I m @ s s a I @ n t_h I s t_h n A t_h o U n l i I z S i @ p_h a I @ n I r/ I n k_h @ m p_h j u t_h 3` p_h r/ o U g r/ { m I N m { T @ m { t_h I k_h s @ n d d e I t_h @ b e I s m { n @ dZ m @ n t_h S i I z O l s o U { n @ m e I z I N m A m S i w I l b i s p_h i k_h I N t_h u V s @ b a U t_h D @ tS { l @ n dZ I z V v b { l @ n s I N b I t_h w i n @ k_h 3` I r/ @ n d m V D 3` h U d p_h l i z w E l k_h @ m s { l i w O r/ @ n t_h u D @ s t_h u d i o U,t_h @ n a I t_h A n w 3` k_h I N m o D 3` s w i w I l h e @ v E r/ i s p_h E S @ l g e s s p_h i k_h 3` s { l i w a r/ @ m a I @ f e I m @ s s a I @ n t_h I s t_h n A t_h o U n l i I z S i @ p_h a I o n @ I n k_h @ m p_h j u t_h 3` p_h r/ o U g r/ { m I N m { T @ m { t_h I k_h s { n d d a t_h a b e I m { n e n dZ m @ n t_h S i O l s o U { n @ m e I z I N m A m S i w I l b i s p_h E S @ l t_h u V s @ b a U t_h D @ tS { l I n dZ @ v b @ l e n tS I N b I t_h w i n @ k_h @ r/ I r/ { n d m V D 3` h U d p_h l i w E l k_h @ m s { l i w a r/ @ n t_h u D @ s t_h u d i o U
elearning/195,w I D n { tS 3` @ l s V n l a I t_h b a U n s I N O f D @ m { s t_h 3` p_h i s @ z r/ I l i f s k_h V l p_h tS 3` z n u l i I n s t_h O l d I n s E n t_h r/ @ l p_h A r/ k_h h { v t_h e I k_h @ n D @ w 3` l d b a I s t_h O r/ m D @ dZ E n 3` @ l p_h V b l I k_h h { v f l V d @ d t_h u D @ s i n w I D k_h { m 3` @ z A n k_h { p_h tS 3` I N O l { N g @ l z l o U k_h e I t_h @ d I n @ f e I v 3` @ b @ l s p_h A t_h n I r/ D @ t_h a U n h O l D i z s k_h V l p_h tS 3` z p_h r/ A m @ s t_h u b I k_h V m @ m e I dZ 3` @ t_h r/ { k_h S @ n,w I T n { tS @ r/ @ l s V n l a I t_h b a U n s I N O f D @ m { s t_h @ r/ p_h I t_h s r/ I l i f s s k_h V l p_h tS @ z n u l i I n s t_h O l I n s e n t_h r/ @ l p_h A r/ k_h h { v t_h e I k_h @ n D @ w 3` l d D @ w 3` l b a I s t_h O m D @ d Z E n @ r/ @ l p_h V b l I k_h h { v f l V d I d t_h u D @ s i n z w I T k_h { m @ r/ @ A A n k_h { p_h tS @ r/ I N O l O l { N g @ l z l o U k_h e I t_h I d I n @ f e I v @ r/ @ b @ l s p_h O t_h n I r/ D @ t_h a U n h O l D i z s k_h V l p_h tS @ r/ z p_h r/ A m I s t_h u b I k_h V m @ m e I dZ @ r/ @ t_h r/ { k_h S @ n
elearning/205,w a I n d s p_h i d @ n d b l o U d 3` E k_h S @ n p_h l e I z @ k_h r/ I t_h I k_h @ l r/ o U l I n w E n @ n d h a U t_h u @ p_h l a I p_h E s t_h k_h @ n t_h r/ o U l D I s w i k_h s w E D 3` I z I k_h s p_h E k_h t_h @ d t_h u b i h j u m @ d @ n d k_h u l T r/ u a U t_h p_h l i z f A l o U D @ g a I d @ n s t_h u m e I k_h S U r/ D @ k_h E m I k_h @ l z d u n A t_h m I s D E r/ t_h A r/ g @ t_h s @ s p_h E S l i f V n dZ @ s a I d z S U d j u h { v E n i I n k_h w a I 3` i z d A n t_h h E z @ t_h e I t_h t_h u k_h A n t_h { k_h t_h V s j u z I N D @ n V m b 3` p_h r/ @ v a I d @ d,w I n d s p_h i d { n d b l o U d a I r/ E k_h S @ n p_h l e I z @ k_h r/ I t_h I k_h @ l r/ u l I n w E n { n d h a U t_h u @ p_h l a I p_h E s t_h k_h @ n t_h r/ o U l D I s w i k_h s w E D 3` I z I k_h s p_h E k_h t_h I d t_h u b i h j u m I d { n d k_h u l T r/ u a U p_h l i z f A l o U D @ g u I d @ n s t_h u m e I k_h S U r/ D @ k_h E m I k_h @ l z d u n A t_h m I s D E r/ t_h A r/ g e t_h s I s p_h E tS @ l i f V n d I S @ s S U d j u h { v E n i I n k_h w a I r/ s d o U n t_h h E z I t_h e I t_h t_h u k_h A n t_h { k_h t_h V s j u z I N D I n V m b 3` p_h r/ @ v a I d I d
elearning/209,g U d m O r/ n I N D I s tS E s t_h 3` p_h r/ i m i @ m k_h l o U D I N a U 3` e I dZ @ n t_h s A r/ n a U V n @ v e I l @ b @ l t_h u { n s 3` j O r/ k_h O l f O r/ m O r/ I n f 3` m e I S @ n A n h A l @ d e I d I s k_h a U n t_h s @ n d o U p_h @ n I N a U 3` z p_h l i z v I z @ t_h a U 3` s o U S @ l m i d i @ @ k_h a U n t_h s A n f e I s b U k_h @ n d I n s t_h E g r/ { m f O r/ d 3` E k_h t_h I n k_h w a I r/ i a U 3` e I dZ @ n t_h s w I l k_h A n t_h { k_h t_h j u d U r/ I N O f @ s a U 3` z D @ f A l o U I N d e I I f j u w U d l a I k_h t_h u l i v @ m E s @ dZ p_h l i z p_h r/ E s t_h u @ n d r/ I k_h O r/ d j O r/ v O I s m E s @ dZ T { N k_h j u f O r/ j O r/ V n d 3` s t_h { n d I N,g U d m O r/ n I N D I s tS E s t_h 3` p_h r/ i m i @ m k_h l o U d I N a U 3` e I dZ @ n t_h s A r/ n a U V n @ v a I l @ b @ l t_h u { n s 3` j U r/ k_h O l f O r/ m O r/ I n f O r/ m e I S @ n A n h A l @ d e I d I s k_h a U n t_h s { n d o U p_h @ n I N a U 3` z p_h l i z v I z I t_h a U 3` s o U S @ l m i d i @ @ k_h a U n t_h s A n f e I s b U k_h { n d I n s t_h a g r/ { m f O r/ d a I r/ E k_h t_h I n k_h w i r/ i a U 3` e I dZ @ n t_h s w I l k_h A n t_h { k_h t_h j u d U r/ I N O p_h f I s a U 3` z D @ f A l o U I N d a I I f j u w U d l a I k_h t_h u l i v @ m E s I dZ p_h l i z p_h r/ E s t_h u { n d r/ I k_h O r/ d j U r/ v O I s m E s I dZ T { N k_h j u f O r/ j U r/ V n d 3` s t_h { n d I N
elearning/232,w E l k_h @ m t_h u k_h V s t_h @ m 3` s 3` v @ s I m 3` dZ @ n s i z w i O f 3` s @ p_h O r/ t_h f O r/ O r/ d 3` m I k_h s @ p_h s p_h r/ A d @ k_h t_h I S u z @ n d V D 3` r/ I l e I t_h I d k_h @ n s 3` n z w i s I n s I r/ l i @ p_h A l @ dZ a I z f O r/ D @ I S u z j u h { v I n k_h a U n t_h 3` d f O r/ d I t_h e I l d I n s t_h r/ V k_h S @ n A n h a U t_h u p_h r/ @ s i d p_h l i z v I z @ t_h a U 3` w E b s a I t_h t_h u s p_h i k_h w I D a U 3` e I dZ @ n t_h p_h l i z p_h r/ E s w V n t_h u b i d 3` E k_h t_h @ d t_h u a U 3` O r/ d 3` s 3` v @ s @ z s t_h { f p_h r/ E s t_h u t_h u b i d 3` E k_h t_h @ d t_h u a U 3` p_h r/ A d @ k_h t_h k_h w A l @ t_h i t_h i m T { N k_h j u f O r/ j O r/ V n d 3` s t_h { n d I N,w E l k_h @ m t_h u k_h V s t_h @ m 3` s 3` v I s I m 3` dZ @ n s i z w i O f 3` s @ p_h O r/ t_h t_h u O r/ d 3` m I s U p_h p_h r/ A d V k_h t_h I S u z { n d V D 3` r/ I r/ I l e I t_h I d k_h @ n s 3` n z w i s E n k_h @ r/ @ l i @ p_h A l @ dZ a I z f O r/ D @ I S u z t_h u h { v j u h { v e n k_h a U n t_h 3` r/ E t_h f O r/ d i t_h e I l I n s t_h r/ V k_h S @ n A n h a U t_h u p_h r/ o s I s p_h l i z I n v a I t_h p_h l i z v I z I t_h a U 3` w E b s a I t_h t_h u s p_h i k_h w I D a U 3` @ dZ e n t_h p_h l i z p_h r/ E s w V n t_h u b i d a I r/ E k_h t_h I d t_h u a U 3` O r/ d 3` s 3` v I s s t_h E f p_h l i z t_h u t_h u b i d a I r/ E k_h t_h I d t_h u a U 3` p_h r/ A d V k_h t_h k_h w A l @ t_h i t_h i m T { N k_h j u f O r/ j O r/ V n d 3` s t_h { n d I N
elearning/233,k_h V m I N V p_h n E k_h s t_h A n h o U m S E f w i w I l S o U j u h a U t_h u m e I k_h p_h i t_h s @ { t_h h o U m w I tS I z p_h r/ I t_h i m V tS @ n h 3` d V v D @ T r/ i m e I n k_h @ m p_h o U n @ n t_h s A r/ k_h r/ V s t_h s O s @ n d t_h A p_h I N z w I tS j u k_h { n m e I k_h { t_h h o U m O r/ b a I D E m p_h r/ E m e I d l E t_h s g E t_h D @ d o U s t_h A r/ t_h @ d s o U D { t_h I t_h h { z t_h a I m t_h u r/ E s t_h m O r/ d I t_h e I l z w I l b i p_h r/ @ v a I d @ d r/ a I t_h { f t_h 3` k_h @ m 3` S @ l b r/ e I k_h,m I N V p_h n E k_h s t_h A n h o U m tS e f w i w I l S o U j u h a U t_h u m e I k_h p_h i z a { t_h h o U m w I k_h I z p_h r/ I t_h i m V tS V n h 3` d V v D @ T r/ i m e I n k_h @ m p_h o U n @ n t_h s A r/ k_h r/ V s t_h s O s { n d t_h A p_h I N z w I k_h j u k_h { n m e I k_h { t_h h o U m O r/ b a I D E m p_h r/ i m e I d l E t_h s g E t_h D @ d o f s t_h A r/ t_h I d s o U D { t_h I t_h h { z t_h a I m t_h u r/ E s t_h m O r/ d i t_h e I l z w I l b i p_h r/ @ v a I d I d r/ a I t_h { f t_h 3` k_h @ m e r/ i o b r/ e I k_h
elearning/359,k_h A r/ s p_h @ I z @ p_h r/ @ f E S @ n @ l k_h A r/ w A S I N s 3` v @ s l o U k_h e I t_h @ d I n D @ s t_h e I t_h V v f r/ { N k_h s t_h 3` s e I I N g U d b a I t_h u @ n j u s t_h k_h l O T p_h i s @ z D { t_h m a I t_h s k_h r/ { tS D @ k_h A r/ p_h e I n t_h { t_h k_h A r/ s p_h @ w i j u z p_h a U 3` E n dZ @ n k_h l E n z 3` z t_h u E n S U r/ E v 3` i k_h O r/ n 3` I z S a I n i a U 3` m V l t_h i s t_h E k_h k_h l i n I N p_h r/ O s E s @ z I n k_h l u d d I g r/ e I s 3` w A S s t_h i m w A S b I f O r/ D @ f a I n @ l f o U m w A S D I s I z t_h u d i p_h k_h l i n s t_h V k_h k_h @ n t_h { m @ n @ n t_h s w E r/ n O r/ m @ l k_h A r/ w A S w I l n @ g l E k_h t_h,k_h A s p_h A I s @ p_h r/ @ f E S @ n @ l k_h A w A S I N s 3` v I s l @ U k_h e I t_h I d I n D i s t_h e I s A v f r/ { N k_h s t_h @ r/ s e I I N g U d b a I t_h u V n j u s I s k_h l @ U D I d k_h l @ U p_h i s I s D { t_h s m a I k_h s k_h r/ { k_h D i k_h A p_h e I n { t_h k_h A s p_h O w i j u s p_h a U @ r/ E n dZ I n k_h l e I n e I s k_h l i n s @ r/ s t_h u E n S U r/ E v r/ i k_h O n @ r/ I s s a I n i a U @ r/ m V t_h i s t_h E p_h k_h l i n I N p_h r/ @ U s E s I s I n k_h l u d I N I n k_h l u d d i g r/ i s @ r/ w A S s t_h i m w A S b I f O r/ D i f a I n @ l f O m w A S d I s t_h u d i p_h k_h l i n s t_h V k_h k_h O m E n I t_h E n t_h s w e n w e @ n O m @ l k_h A w A S w I l n E k_h l i s
elearning/365,A l t_h k_h O r/ p_h 3` e I S @ n I z k_h A n s t_h @ n t_h l i s i k_h I N t_h u I m p_h r/ u v D @ k_h w A l @ t_h i @ n d I f I S @ n s i V v j O r/ k_h l a I @ n t_h s 3` v @ s @ z b a I O f 3` I N k_h @ m p_h j u t_h 3` s O f t_h w E r/ w I tS m a I n z b I g d e I t_h @ w i k_h { n h E l p_h O l m o U s t_h E n i b I z n @ s w I tS h { z d e I t_h @ t_h u m O r/ I f I S @ n t_h l i p_h r/ O s E s I t_h n o U I N m O r/ @ b a U t_h j O r/ k_h V s t_h @ m 3` z m i n z D { t_h j u k_h { n O f 3` D E m p_h r/ A d @ k_h t_h s w I tS f I t_h D E r/ n i d z w i w 3` k_h I n e I t_h i k_h V n t_h r/ i z I n t_h w E n t_h i d I f 3` @ n t_h l { N g w @ dZ @ z @ n d A r/ s 3` t_h @ f a I d s O f t_h w E r/ p_h r/ @ v a I d 3` z f O r/ w I n d o U z { p_h @ l @ n d l I n @ k_h s s I s t_h @ m z k_h A n t_h { k_h t_h A l t_h @ n d n o U j O r/ k_h V s t_h @ m 3` z b E t_h 3`,e i E l t_h i k_h O m p_h o r/ e I S @ n I s k_h O n t_h E n s l i s i k_h I N t_h u I m p_h r/ u v z i k_h w A l I t_h I { n d I f e I s I t_h I O v a U @ r/ s E l @ n t_h s s 3` r/ v I s b a I O f @ r/ I N k_h O m p_h j u t_h @ s O f t_h w E r/ w I s m I r/ m a I b I g d { t_h { w i k_h { n h E l p_h o l s m o U t_h E n i b I z n I s w I T { d { z d { t_h { t_h u m O r/ i f e I k_h s i @ n s l i p_h r/ o s E s I t_h n o U I n m O r/ @ b a U j O r/ k_h V s t_h @ m @ m i n s D { t_h j u k_h { n O f @ r/ D E m p_h r/ O d V k_h p_h r/ O d V k_h s w I D f I t_h D E m D E r/ n i d s D @ w 3` r/ k_h I n e I t_h i k_h A n t_h r/ i s I n t_h w E n t_h i d e I d I f @ r/ @ n l { N g w I dZ { n d A r/ s @ r/ v I t_h s @ r/ t_h I f i s o w E s p_h r/ o v a I d @ s
elearning/367,s I g n @ tS 3` t_h U r/ b a I h e I s t_h 3` E k_h s @ l @ n s j u d A n t_h w A n t_h t_h u m I s k_h @ m p_h r/ a I z I N b o U T k_h V m f 3` t_h @ n d { d v E n tS 3` @ s E l @ m @ n t_h s a U 3` t_h U r/ I z k_h e I t_h 3` d t_h u @ l a I n w I D t_h r/ { v @ l 3` z v I Z @ n z w E D 3` I t_h I z t_h r/ E k_h I N k_h { m p_h I N O r/ s I m p_h l i s a I t_h s i I N a U 3` t_h i m V v s p_h E S @ l @ s t_h s w I l k_h @ l { b 3` e I t_h w I D k_h V s t_h @ m 3` z t_h u d I z a I n @ m E m 3` @ b @ l s I t_h i I s k_h e I p_h k_h A n t_h { k_h t_h V s n a U,s I g n @ t_h S U @ r/ t_h U @ r/ b a I h e I s t_h @ r/ I k_h s E l @ n { k_h s E l @ n j u d A n t_h w A n t_h t_h u m I s k_h @ m p_h r/ a I z I N b o U T k_h O m f O t_h { n d @ v E n t_h S @ r/ @ s E l @ m @ n t_h s a U @ r/ t_h U @ r/ I z k_h { t_h @ r/ e I t_h t_h u @ k_h l a I w I T t_h r/ { v @ l @ z v I z I n s w E D @ r/ I t_h s t_h r/ E k_h I N k_h { m p_h I N O s I m p_h l i s a I t_h s i I N a U @ r/ t_h i m @ v I s p_h E k_h t_h I @ l I s t_h d I d @ n w I l k_h O m p_h @ r/ e I t_h k_h @ r/ { b @ r/ e I t_h w I T k_h V s t_h @ m @ t_h u d I z a I @ m E m @ r/ @ b @ l s I t_h i I s k_h e I p_h k_h A n t_h { k_h t_h V s n a U
elearning/035,w E l k_h @ m t_h u a U 3` T 3` d { n j u @ l k_h A n f 3` @ n s I t_h I z V v a U 3` g r/ e I t_h @ s t_h dZ O I t_h u w E l k_h @ m D @ p_h r/ E s @ n d b I l V v d g E s t_h s I n D @ p_h { s t_h T r/ i m V n T s a U 3` m { n @ dZ I N b O r/ d h { v @ p_h O I n t_h @ d D @ k_h V m p_h @ n i z n u tS i f m A r/ k_h @ t_h I N O f @ s 3` m I z A d r/ i i n b r/ a U n S i w I l b i s p_h I r/ h E d I N a U 3` E f 3` t_h s t_h u I k_h s p_h { n d a U 3` b r/ { n d z n e I m t_h u n u m A r/ k_h @ t_h s I n s a U T i s t_h e I Z @ t_h r/ V s t_h I d w I D E k_h s p_h 3` t_h i z @ n d l i d 3` S I p_h w i b I l i v S i w I l b i @ v { l j @ b @ l m E m b 3` V v a U 3` k_h V m p_h @ n i,w e l k_h @ m t_h u a U @ r/ T 3` r/ d { n j u @ l k_h A n f @ r/ @ n s I t_h I @ v a U @ r/ g r/ e I t_h I s t_h dZ O I t_h u w e l k_h @ m D @ p_h r/ e s { n d b I l @ v g e s t_h s I n D @ p_h A t_h p_h r/ I s m @ n a U @ m { n I dZ I N f O h { v @ p_h O I n t_h I d s D @ k_h V m p_h @ n i n j u tS e s m A r/ k_h I t_h I N @ f 3` s s i w I l b i s p_h I r/ I t_h I N a U @ I f O r/ t_h t_h u I k_h s p_h { n d a U @ b r/ { n d n e I m t_h u n j u m A k_h I t_h s i s O T I t_h A s I @ n t_h r/ V s t_h I d w I D I k_h s p_h I @ r/ t_h a I { n d l i d @ r/ s I p_h w i b l i v s i w I l p_h i @ v l I v @ b @ l m e m b @ r/ @ v a U @ k_h V m p_h @ n i s
elearning/121,A r/ j u l U k_h I N f O r/ @ f V n n u h A b i I f s o U h E d r/ a I t_h o U v 3` D @ b r/ { n s @ n l a I b r/ E r/ i w i A r/ l O n tS I N @ b U k_h k_h l V b f O r/ k_h @ m j u n @ t_h i m E m b 3` z l a I k_h j u m E m b 3` z w I l r/ E d @ b U k_h @ m V n T h { v w i k_h l i d I s k_h V S @ n z @ n d r/ a I t_h @ r/ i p_h O r/ t_h @ b a U t_h D E r/ f { v j u r/ a I t_h k_h E r/ I k_h t_h 3` w i w I l m i t_h A n w E n z d i i v n I N z { t_h s E v @ n @ k_h l A k_h k_h A n t_h { k_h t_h b E t_h i { t_h D @ f r/ V n t_h d E s k_h f O r/ m O r/ I n f 3` m e I S @ n,A r/ j u l U k_h I N f O r/ n u h A b i I f s o U h E d r/ a I t_h o U v 3` D @ b r/ { n s @ n l a I b r/ @ r/ i w i A r/ l O n tS I N @ b U k_h k_h l V b f O r/ k_h @ m j u n @ t_h i m E m b 3` z l a I k_h j u m E m b 3` z w I l r/ i d @ b U k_h @ m V n T h { v w i k_h l i d I s k_h V S @ n z { n d r/ a I t_h @ r/ I p_h O r/ t_h @ b a U t_h f e I v r/ I t_h k_h { r/ @ k_h t_h 3` w i w I l m i t_h A n w E n z d e I i v n I N z s E v @ n @ k_h l A k_h k_h A n t_h { k_h t_h b E t_h i { t_h D @ f r/ V n t_h d E s k_h f O r/ m O r/ I n f 3` m e I S @ n
elearning/122,t_h @ n a I t_h A n w 3` k_h I N m V D 3` z w i w I l h { v @ v E r/ i s p_h E S @ l g E s t_h s p_h i k_h 3` s { l i w O r/ @ n I z @ f e I m @ s s a I @ n t_h I s t_h n A t_h o U n l i I z S i @ p_h a I @ n I r/ I n k_h @ m p_h j u t_h 3` p_h r/ o U g r/ { m I N m { T @ m { t_h I k_h s @ n d d e I t_h @ b e I s m { n @ dZ m @ n t_h S i I z O l s o U { n @ m e I z I N m A m S i w I l b i s p_h i k_h I N t_h u V s @ b a U t_h D @ tS { l @ n dZ I z V v b { l @ n s I N b I t_h w i n @ k_h 3` I r/ @ n d m V D 3` h U d p_h l i z w E l k_h @ m s { l i w O r/ @ n t_h u D @ s t_h u d i o U,t_h @ n a I t_h A n w i w I l h { v @ v E r/ i s p_h E S @ l s { l i w O r/ @ n I z @ f e I m @ s s a I @ n t_h I s t_h n A t_h o U n l i S i I z S i @ p_h a I @ n I r/ I n k_h @ m p_h j u t_h 3` p_h r/ o U g r/ { m I N m { T @ m { t_h I k_h s { n d d e I t_h @ b e I s m { n I dZ m @ n t_h S i I z O l s o U { n @ m e I z I N m A m S i w I l b i s p_h i k_h I N t_h u V s @ b a U t_h D @ tS { l I n dZ I z @ v b { l @ n s I N b I t_h w i n @ k_h @ r/ I r/ { n d m V D 3` h U d p_h l i z w E l k_h @ m s { l i w O r/ @ n t_h u D @ s t_h u d i o U
elearning/157,g U d m O r/ n I N D I s tS E s t_h 3` p_h r/ i m i @ m k_h l o U D I N a U 3` e I dZ @ n t_h s A r/ n a U V n @ v e I l @ b @ l t_h u { n s 3` j O r/ k_h O l f O r/ m O r/ I n f 3` m e I S @ n A n h A l @ d e I d I s k_h a U n t_h s @ n d o U p_h @ n I N a U 3` z p_h l i z v I z @ t_h a U 3` s o U S @ l m i d i @ @ k_h a U n t_h s A n f e I s b U k_h @ n d I n s t_h E g r/ { m f O r/ d 3` E k_h t_h I n k_h w a I r/ i a U 3` e I dZ @ n t_h s w I l k_h A n t_h { k_h t_h j u d U r/ I N O f @ s a U 3` z D @ f A l o U I N d e I I f j u w U d l a I k_h t_h u l i v @ m E s @ dZ p_h l i z p_h r/ E s t_h u @ n d r/ I k_h O r/ d j O r/ v O I s m E s @ dZ T { N k_h j u f O r/ j O r/ V n d 3` s t_h { n d I N,g U d m O r/ n I N D I s tS E t_h @ r/ p_h e r/ i U m k_h o l T I N a U 3` a E N g E n t_h A r/ n a U V n @ v e I l @ b @ l t_h u { n tS 3` k_h O l f O r/ m O r/ I n f O r/ m e I S @ n A n h A l @ d e I d I s k_h a U n t_h { n d o U p_h @ n I N a U 3` z p_h l i v I z I t_h s a U 3` s o U S @ l m e d i a 3` s k_h a U n t_h A n f e I b U k_h { n d I n t_h a g r/ { m f O r/ d_< i r/ E k_h t_h I n k_h w i r/ i a U 3` e I g g E n t_h w I l k_h A n t_h { k_h t_h j u d U r/ I N O f I a U 3` D @ f A l o U I N d_< a I I f j u w U d l a I k_h t_h u l i @ m E s I p_h l i p_h r/ E d t_h u { n d r/ i k_h o j U r/ v O I m E s I dZ z T { N k_h f O r/ j U r/ V n d 3` s t_h { n d I N
elearning/164,A r/ j u l U k_h I N f O r/ @ b j u t_h @ f @ l g E t_h @ w e I t_h u @ l @ g Z 3` i @ s r/ I z O r/ t_h D @ s t_h V n I N p_h E r/ @ d a I s r/ I z O r/ t_h I z D @ p_h 3` f I k_h t_h d E s t_h @ n e I S @ n f O r/ j u w i O f 3` @ t_h o U t_h @ l V v t_h u h V n d r/ @ d @ n d f I f t_h i r/ u m z t_h u E k_h s k_h w @ z @ t_h b @ t_h { n I k_h @ l g A r/ d @ n z @ n d f O r/ I k_h s p_h { n s I v s w I m I N p_h u l z p_h E r/ @ d a I s r/ I z O r/ t_h w I l h E l p_h j u l i v O l j O r/ s t_h r/ E s b I h a I n d f O r/ f 3` D 3` I n f 3` m e I S @ n p_h l i z v I z @ t_h a U 3` w E b s a I t_h,A r/ j u l U k_h I N f O @ b j u f @ n g E t_h @ w e I t_h u @ l V g t_h r/ @ r/ i @ s r/ I s O t_h s D @ s t_h u n I N p_h { r/ @ d a I r/ I s O r/ t_h I z D @ b 3` f e k_h t_h d E s t_h I n e I S @ n f O r/ j u w i A f @ @ t_h o U t_h @ l @ v t_h u h V n d r/ @ d s @ n d f I f t_h i r/ u m z t_h u I k_h w e z i t_h b o t_h a n I k_h @ l g A d @ n z @ n d f O r/ I k_h s p_h { n s I v s w I m I N p_h u l p_h { r/ @ d a I r/ I s O r/ t_h w I l h { f j u l i v O l j U r/ s t_h r/ E s b I h a I n d f O r/ f 3` D @ I n f @ m e I S @ n p_h l i v I z I t_h a U @ w E b s a I t_h
elearning/165,d V z j O r/ k_h V m p_h @ n i z { k_h t_h I v @ t_h i z I n v A l v t_h r/ { n z { k_h S @ n z j u z I N f O r/ @ n k_h 3` @ n s i z d u b { N k_h s h a I s 3` v @ s f i z @ p_h I r/ t_h u b i @ b { r/ i 3` l E t_h D @ t_h i m { t_h I k_h s tS e I n dZ s m A r/ t_h h E l p_h j u m i t_h O l j O r/ I k_h s tS e I n dZ r/ I k_h w a I r/ m @ n t_h s w i O f 3` t_h e I l 3` d s 3` v @ s @ z t_h u a U 3` b I z n @ s k_h V s t_h @ m 3` z D { t_h A r/ d I z a I n d t_h u h E l p_h j u g E t_h D @ b E s t_h k_h w o U t_h s @ n d i v I n d I l I v 3` j O r/ tS E k_h s @ n d d r/ { f t_h s k_h A n t_h { k_h t_h V s t_h @ d e I,d @ j O r/ k_h V m p_h @ n i { k_h t_h I v I t_h i z I n v A l v t_h r/ { n s { k_h S @ n j u s I N f O r/ @ n k_h V r/ @ n s i z d u b { N k_h s h a I s 3` v I t_h f i z @ p_h I r/ t_h u b i @ p_h 3` r/ i 3` n E t_h D @ t_h i m { t_h I k_h s tS e I n dZ s m A r/ t_h h E l p_h j u m i t_h A n j O r/ I k_h s tS e I n dZ r/ I k_h w a I r/ m @ n t_h s w i O f 3` t_h a I l 3` s 3` v I s t_h u a U 3` b @ z n I s k_h V s t_h @ m 3` D { t_h A r/ d I s a I n d t_h u h E l p_h j u g E t_h D @ b E s t_h k_h w 3` u { n d i v E n d I l I v 3` j O r/ tS E t_h s { n d d r/ { f t_h k_h A n t_h { k_h t_h V s t_h @ d e I
elearning/299,k_h I N s t_h o U n p_h A r/ k_h l o U k_h e I t_h @ d n I r/ D @ f U t_h b O l s t_h e I d i @ m w A z d I z a I n d @ n d d I v E l @ p_h t_h b a I D @ s I t_h i z p_h A r/ k_h s @ n d r/ E k_h r/ i e I S @ n k_h @ m I t_h i I t_h f i tS 3` z r/ E r/ t_h r/ i s p_h i S i z @ tS I l d r/ @ n z p_h l e I g r/ a U n d @ n d @ s t_h e I dZ f O r/ m j u z I k_h p_h 3` f O r/ m @ n s @ z s I n s s { t_h 3` d i s I t_h @ z @ n z h { v b I n g { D 3` I N { t_h D @ n u p_h A r/ k_h t_h u r/ I l { k_h s @ n d E n dZ O I D @ g r/ i n 3` i,k_h I N s t_h o U n p_h A r/ k_h l o U k_h e I t_h @ d n I r/ D @ f U t_h b O l s t_h e I d i @ m w A z d I z a I { n d d I v @ l @ p_h b a I D @ s I t_h i z p_h A r/ k_h { n d r/ I k_h r/ I S @ n k_h O m I t_h i I t_h s f i tS @ r/ m e I d t_h r/ i s p_h i s @ tS I l d r/ @ n z p_h l e I g r/ a U n d { n d @ s t_h e I k_h f O r/ m j u z I k_h p_h @ r/ f O r/ m @ n s s I n s s { s t_h @ d e I s I t_h I z @ n h { v b I n g { D @ r/ I N { t_h D @ n j u p_h A r/ k_h t_h u r/ I l { k_h s { n d I n dZ O I D @ g r/ i n @ r/ i
elearning/300,w E l k_h @ m t_h u D @ o U h a I o U s t_h e I t_h l a I b r/ E r/ i t_h U r/ b I f O r/ w i b I g I n l E t_h m i S E r/ @ b I t_h @ b a U t_h D @ f @ s I l I t_h i f V n d @ d b a I o U h a I o U s t_h e I t_h j u n @ v 3` s @ t_h i D @ l a I b r/ E r/ i h { z O l w e I z b I n f r/ i @ n d o U p_h @ n t_h u D @ p_h V b l I k_h O l b U k_h s p_h I r/ i A d I k_h @ l z @ n d V D 3` m @ t_h I r/ i @ l z A r/ @ v e I l @ b @ l t_h u b o U T k_h @ m j u n @ t_h i m E m b 3` z @ n d s t_h u d @ n t_h s,w E l k_h @ m t_h u n @ o U h e I o U s t_h e I t_h l a I b r/ @ r/ i t_h U r/ b I f O r/ w i b I g I n l E t_h m i S E r/ @ b I t_h @ b a U D @ f E s I l I t_h i f V n d I d b a I o a I o U s t_h e I t_h j u n @ v 3` r/ s @ t_h i D @ l a I b r/ @ r/ i h { z O l w e I b I n f r/ i { n d o U p_h @ n t_h u D @ p_h V b l I k_h O l b U k_h s p_h E r/ A d I k_h @ l z { n d V D @ r/ m @ t_h I r/ i @ l z A r/ f l A @ v e I l @ b @ l t_h u b O T k_h O m j u n I t_h i m E m b @ r/ z { n d s t_h u d @ n t_h s
elearning/322,t_h @ n a I t_h A n s @ l E b r/ I t_h i s p_h A t_h l a I t_h w i h { v @ f { n t_h { s t_h I k_h g E s t_h dZ O I n I N V s A n D @ p_h r/ o U g r/ { m d e I v I d h E r/ I s w V n V v D @ m o U s t_h f e I m @ s { k_h t_h 3` z I n D @ w 3` l d I z k_h 3` @ n t_h l i s t_h A r/ I N I n g { l @ k_h s i I n I g m @ { f t_h 3` D @ k_h @ m 3` S @ l b r/ e I k_h d e I v I d w I l d I s k_h V s h I z n u f I l m n u h o U m @ n d g r/ o U I N f { m @ l i s t_h e I t_h u n d f O r/ D I s s p_h E S @ l I n t_h 3` v j u,t_h @ n a I A n s E l E b r/ I t_h i s p_h A l a I w i h { v @ f { n s { t_h I k_h g E t_h dZ O I n I N V t_h A n D I A n D @ p_h r/ o U g r/ { m d { v I d h { r/ I s w V n V v D @ m o U s t_h f e I m @ t_h { k_h t_h @ r/ s I n n @ w 3` r/ l d I k_h 3` r/ l i s t_h A r/ I N I n g { l { l i I n E n I g m @ { f t_h @ r/ D @ k_h O m 3` r/ S @ l b r/ e I k_h d { v I d w I l d I s k_h V t_h h I t_h n j u f I l m n j u h o U m { n d g r/ o U I N f { m l i s t_h e I t_h u n d f O r/ D I s s p_h E s @ l I n t_h @ r/ v j u
elearning/001,D @ r/ e I dZ I N h i t_h d U r/ I N D @ s V m 3` m V n T s V v A g @ s t_h I z f a I n @ l i g o U I N @ w e I D { t_h I z I n D I s w i k_h s w E D 3` b r/ i f I N z D @ S E f i l d r/ i dZ @ n I z r/ i p_h O r/ t_h @ d t_h u b i s u n w I t_h n @ s I N @ t_h E m p_h r/ @ tS 3` d r/ A p_h D @ k_h u l b r/ i z I z w I l m e I k_h I t_h @ f a I n @ k_h e I Z @ n t_h u E n dZ O I a U t_h d O r/ { k_h t_h I v @ t_h i z b I w E r/ V v V n I k_h s p_h E k_h t_h I d S a U 3` z s t_h I l,D @ r/ A g I N h I t_h d U r/ I N D @ s V m @ m V n T @ v a U g @ s I f a n @ l i g @ U I N @ w e I D A t_h s I I n D I s w i k_h w e D @ b r/ i f I N D @ s e f i l d r/ i dZ @ n I r/ I p_h O t_h I d t_h u b i s A n w I n e s t_h I N @ t_h e m p_h @ tS @ d r/ A p_h D @ k_h O l b r/ i z I w I l m e I k_h I t_h @ f a I n @ k_h e I s @ n t_h u I n dZ O I a U t_h d O { k_h t_h I v @ t_h I b I w e @ @ v @ n I k_h s p_h e k_h t_h I d s @ U @ s s t_h I l
elearning/006,D @ r/ e I dZ I N h i t_h d U r/ I N D @ s V m 3` m V n T s V v A g @ s t_h I z f a I n @ l i g o U I N @ w e I D { t_h I z I n D I s w i k_h s w E D 3` b r/ i f I N z D @ S E f i l d r/ i dZ @ n I z r/ i p_h O r/ t_h @ d t_h u b i s u n w I t_h n @ s I N @ t_h E m p_h r/ @ tS 3` d r/ A p_h D @ k_h u l b r/ i z I z w I l m e I k_h I t_h @ f a I n @ k_h e I Z @ n t_h u E n dZ O I a U t_h d O r/ { k_h t_h I v @ t_h i z b I w E r/ V v V n I k_h s p_h E k_h t_h I d S a U 3` z s t_h I l,D @ r/ A g I N h I t_h d U r/ I N D @ s V m @ m V n T V v a U g @ s I f a I n @ l i g @ U I N @ w e I t_h D A t_h s I I n D I s w i k_h w e D @ b r/ i f I N D @ s I f i l d r/ @ dZ @ n I r/ I p_h O t_h I d t_h u b i s u n w I t_h n I s I N @ t_h e m p_h r/ e I d r/ A p_h D @ k_h O l b r/ i z I w I l m e I k_h I t_h @ f a I n @ k_h e I S n s t_h u I n dZ O I a U t_h d O r/ { k_h t_h I v I t_h I b I w e @ A v @ n I k_h s p_h e k_h t_h I d s @ U @ s s t_h I l
elearning/007,f r/ V m D @ r/ o U l i p_h A l i O l D @ w e I T r/ u t_h u D @ k_h V d l i s t_h e I dZ n { tS 3` @ l d O g f u d I z O l w e I z m a I g o U t_h o U A p_h S @ n n o U A r/ t_h @ f I S @ l k_h V l 3` I N z O r/ p_h r/ @ z 3` v @ t_h I v z a I r/ E s t_h @ S U r/ d D { t_h I m t_h e I k_h I N k_h E r/ V v m a I d O g @ v e I l @ b @ l I n d I p_h A r/ t_h m @ n t_h s t_h O r/ z @ k_h r/ O s D @ s t_h e I t_h s n { tS 3` @ l d O g f u d A r/ r/ i l h E l T i s n { k_h s f O r/ O l @ k_h e I Z @ n z b r/ { n d n u s p_h E S @ l d O g t_h r/ i t_h s A r/ n a U @ v e I l @ b @ l f O r/ p_h r/ a I d r/ 3` A n a U 3` w E b s a I t_h j O r/ d O g I z I n g U d h { n d z,f r/ A m r/ A l i p_h A l i O l w e I D @ O l w e I T r/ a U t_h u D @ k_h V d k_h V d I s t_h { n { tS r/ @ d V k_h n { tS r/ d V k_h f u d I O l w e I m e I g @ U t_h u A p_h S n n @ U A t_h I f I k_h l k_h V l @ r/ I N O p_h r/ I z 3` v e I t_h I v A r/ e s D A S U @ D a t_h a I m t_h O k_h I N k_h e @ v m a I d V k_h @ v e I l @ b l I n d I p_h A t_h m @ n t_h s t_h O @ k_h r/ A t_h D @ s t_h e I t_h n e I tS @ d V k_h f u d A r/ i l h e l T i s n { k_h s f O O l @ k_h e I S n s b r/ { n d s n j u s p_h e s l d V k_h t_h r/ i t_h s A n a U @ v e I l @ b l f O p_h r/ i O d @ A n a U @ w e b s a I t_h s D @ d V k_h I n g U d h e @
elearning/012,f r/ V m D @ r/ o U l i p_h A l i O l D @ w e I T r/ u t_h u D @ k_h V d l i s t_h e I dZ n { tS 3` @ l d O g f u d I z O l w e I z m a I g o U t_h o U A p_h S @ n n o U A r/ t_h @ f I S @ l k_h V l 3` I N z O r/ p_h r/ @ z 3` v @ t_h I v z a I r/ E s t_h @ S U r/ d D { t_h I m t_h e I k_h I N k_h E r/ V v m a I d O g @ v e I l @ b @ l I n d I p_h A r/ t_h m @ n t_h s t_h O r/ z @ k_h r/ O s D @ s t_h e I t_h s n { tS 3` @ l d O g f u d A r/ r/ i l h E l T i s n { k_h s f O r/ O l @ k_h e I Z @ n z b r/ { n d n u s p_h E S @ l d O g t_h r/ i t_h s A r/ n a U @ v e I l @ b @ l f O r/ p_h r/ a I d r/ 3` A n a U 3` w E b s a I t_h j O r/ d O g I z I n g U d h { n d z,f r/ A m D @ r/ @ U l i p_h A l i O l D @ w e I T r/ @ U D @ k_h V d @ l i s t_h e I n { tS r/ @ d V k_h f u d I O l w e I m e I g @ U t_h u A p_h S n n @ U A A t_h I f I k_h l k_h V l @ r/ I N O p_h r/ I z 3` v @ p_h r/ I z 3` v e I t_h I v A r/ e s { s U @ D a t_h a I m t_h e I k_h I N k_h e @ v m a I d V k_h @ v a l @ b l I n d I p_h A t_h m @ n t_h s t_h O @ k_h r/ A t_h D @ s t_h e I t_h n e I tS @ d V k_h f u d A r/ i l h e l T i s n e k_h f O O l @ k_h e I S n b r/ { n d n j u s s p_h e S l d V k_h t_h r/ i t_h s A n a U @ v a l @ b l f O p_h r/ i O d @ A n a U w e b s a I t_h
elearning/085,w E l k_h @ m t_h u D @ m E t_h r/ @ p_h A l @ t_h @ n m j u z i @ m V v A r/ t_h w i h o U p_h j O r/ t_h U r/ I z I n f O r/ m @ t_h I v @ n d E n dZ O I @ b @ l s I n s D E r/ A r/ @ l A t_h V v v I z @ t_h 3` z h i r/ t_h @ d e I w i w I l d I v a I d I n t_h u t_h u g r/ u p_h s { f t_h 3` k_h @ m p_h l i t_h I N D @ t_h U r/ j u m e I v I z @ t_h D @ g I f t_h S A p_h A n D @ f 3` s t_h f l O r/ E n dZ O I @ m i l I n D @ k_h { f @ t_h I r/ i @ O r/ l 3` n @ b a U t_h V p_h k_h V m I N I g z I b @ t_h s { t_h D @ I n f 3` m e I S @ n d E s k_h,w E l k_h @ m t_h u m E t_h r/ @ p_h A l I t_h @ n m j u z i @ m @ v A r/ t_h w i h o U p_h j U r/ t_h U r/ I z I n f O r/ m @ t_h I v @ n d I n dZ O I @ b @ l s I n s D E r/ A r/ @ l A t_h @ v v I z I t_h 3` z h I r/ t_h @ d e I w i w I l d I v a I d I n t_h u t_h u g r/ u p_h s { f t_h 3` k_h @ m p_h l i t_h I N D @ t_h U r/ j u m e I v I z I t_h D @ g I f t_h S A p_h A n f 3` s t_h f l O r/ I n dZ O I @ m i l I n D @ k_h { s i t_h I r/ i @ O r/ l 3` n @ b a U t_h I p_h V p_h k_h V m I N I g h i s b I t_h s { t_h D @ I n f 3` m e I S @ n d E s k_h
elearning/097,D I s s V n d e I dZ { z m { s t_h 3` k_h A f i S A p_h I n v a I t_h s k_h A f i l V v 3` z t_h u @ t_h e I s t_h I N I v E n t_h { t_h a U 3` s t_h O r/ v I z @ t_h D @ S A p_h b I t_h w i n s I k_h s @ n d n a I n @ k_h l A k_h t_h u E n dZ O I h { f p_h r/ a I s d I z 3` t_h s l a I v m j u z I k_h @ n d a U 3` I k_h s k_h l u s I v k_h A f i f r/ V m k_h @ l V m b i @ w a I l j U r/ h i r/ j u k_h { n k_h @ m p_h l i t_h @ k_h V s t_h @ m 3` s 3` v e I t_h u r/ @ s i v @ p_h { k_h V v f r/ i k_h A f i t_h u b r/ u { t_h h o U m,D I s s V n d e I dZ { z m { s t_h 3` k_h O f i S A p_h I n v a I t_h k_h O f i l V v 3` z t_h u @ t_h a I s t_h I N I v E n t_h { t_h A 3` s t_h O r/ v I z I t_h D @ S A p_h b I t_h w i n s I k_h s { n d n a I n o k_h l o k_h t_h u I n dZ O I h { f f r/ a I d I z 3` t_h s l a I v m j u z I k_h { n d A 3` I n k_h l o s I k_h k_h O f i f r/ V m k_h @ l V m b i @ w a I l j u h I r/ j u k_h { n k_h @ m p_h l i t_h s @ k_h V s t_h @ m 3` s 3` v e I t_h u r/ I s i v @ p_h A r/ t_h @ v f r/ i k_h O f i t_h u b r/ i u { t_h h o U m
elearning/265,w E l k_h @ m t_h u k_h V s t_h @ m 3` s 3` v @ s I m 3` dZ @ n s i z w i O f 3` s @ p_h O r/ t_h f O r/ O r/ d 3` m I k_h s @ p_h s p_h r/ A d @ k_h t_h I S u z @ n d V D 3` r/ I l e I t_h I d k_h @ n s 3` n z w i s I n s I r/ l i @ p_h A l @ dZ a I z f O r/ D @ I S u z j u h { v I n k_h a U n t_h 3` d f O r/ d I t_h e I l d I n s t_h r/ V k_h S @ n A n h a U t_h u p_h r/ @ s i d p_h l i z v I z @ t_h a U 3` w E b s a I t_h t_h u s p_h i k_h w I D a U 3` e I dZ @ n t_h p_h l i z p_h r/ E s w V n t_h u b i d 3` E k_h t_h @ d t_h u a U 3` O r/ d 3` s 3` v @ s @ z s t_h { f p_h r/ E s t_h u t_h u b i d 3` E k_h t_h @ d t_h u a U 3` p_h r/ A d @ k_h t_h k_h w A l @ t_h i t_h i m T { N k_h j u f O r/ j O r/ V n d 3` s t_h { n d I N,w E l k_h @ m t_h u k_h V s t_h @ m 3` s 3` v a I I m 3` dZ @ n s i w i O f 3` s @ p_h O r/ t_h f O r/ O r/ d 3` m I k_h s V p_h p_h r/ A d V k_h t_h I S u { n d V D 3` r/ I l e I t_h I d k_h @ n s 3` n w i s I n s I r/ l i @ p_h A l @ dZ a I z f O r/ I S u j u h { v I n k_h a U n t_h 3` d f O r/ d i t_h e I l I n s t_h r/ V k_h S @ n A n h a U t_h u p_h r/ o U s i d p_h l i v I z I t_h a U 3` w E b s a I t_h t_h u s p_h i k_h w I D a U 3` e I dZ @ n t_h p_h l i p_h r/ E s w V n t_h u b i d I r/ E k_h t_h I d t_h u a U 3` O r/ d 3` s 3` v a I s I z s t_h { f p_h r/ E s t_h u t_h u b i d I r/ E k_h t_h I d t_h u a U 3` p_h r/ A d V k_h t_h k_h w A l @ t_h i t_h i m T { N k_h j u f O r/ j O r/ V n d 3` s t_h { n d I N
elearning/275,k_h V m I N V p_h n E k_h s t_h A n h o U m S E f w i w I l S o U j u h a U t_h u m e I k_h p_h i t_h s @ { t_h h o U m w I tS I z p_h r/ I t_h i m V tS @ n h 3` d V v D @ T r/ i m e I n k_h @ m p_h o U n @ n t_h s A r/ k_h r/ V s t_h s O s @ n d t_h A p_h I N z w I tS j u k_h { n m e I k_h { t_h h o U m O r/ b a I D E m p_h r/ E m e I d l E t_h s g E t_h D @ d o U s t_h A r/ t_h @ d s o U D { t_h I t_h h { z t_h a I m t_h u r/ E s t_h m O r/ d I t_h e I l z w I l b i p_h r/ @ v a I d @ d r/ a I t_h { f t_h 3` k_h @ m 3` S @ l b r/ e I k_h,m I N V p_h n E k_h s t_h A n h o U m S e f w i w I l S o U j u h a U t_h u m e I k_h p_h i z a { t_h h o U m w I tS I z p_h r/ e t_h i m V tS V n h 3` d V v D @ T r/ i m e n k_h @ m p_h o U n @ n t_h A r/ k_h r/ V s t_h s a U { n d t_h A p_h I N w I tS j u k_h { n m e I k_h { t_h h o U m O r/ b a I D E m p_h r/ i m e I k_h l E t_h s g E t_h D @ d @ t_h s s t_h A r/ t_h I d s o U D { t_h I t_h h { z s a I m t_h u r/ E s t_h m O r/ d i t_h e I l w I l b i p_h r/ @ v a I d I d r/ a I t_h { f t_h 3` k_h @ m 3` S @ l b r/ I k_h
elearning/019,g U d i v n I N l e I d i z @ n d dZ E n t_h @ l m I n w E l k_h @ m t_h u a U 3` f a I n @ l S o U V v D @ t_h U r/ I n D @ l a I n V p_h w i w I l h { v p_h 3` f O r/ m @ n s @ z f r/ V m t_h { l @ n t_h @ d A r/ t_h @ s t_h s @ n d s t_h u d @ n t_h s h u w I l S U r/ l i s w i p_h V s O f a U 3` f i t_h @ n d @ m e I z V s w I D D E r/ f O r/ t_h e I D I s I z @ tS { n s t_h u n A t_h o U n l i S o U k_h e I s A r/ t_h I s t_h I k_h k_h r/ i e I S @ n z b V t_h O l s o U a U 3` k_h V n t_h r/ i z k_h V l tS 3` @ l s p_h l E n d 3` @ n d n E r/ e I t_h I d h I s t_h 3` i w I T a U t_h f 3` D 3` @ d u l E t_h dZ O I @ n d I k_h s a I t_h m @ n t_h s p_h r/ E d @ n d w E l k_h @ m a U 3` f 3` s t_h f o U k_h l O r/ p_h 3` f O r/ m @ n s,g U d i v n I N l e I d i { n g e n l m @ n w e l k_h V m t_h u a U f a I n l S @ U @ v D @ t_h U @ I n D @ l a I V p_h w i w I l h a v p_h @ f O m @ n f r/ A m t_h a l { t_h A T I s 3` { n s t_h j u d n h u w I l S @ U l a I s A r/ i s w e I @ s @ v a U f i t_h { n @ m e I z @ s w I l D e @ f O t_h D I I @ tS { N t_h u n A t_h A n l i S @ U A t_h I t_h I k_h s r/ e s S n b V t_h O l S @ U a U k_h V n t_h r/ i k_h V t_h tS @ s e l e p_h a U { n n { d r/ @ U h I s t_h A r/ i w I t_h T U f O D @ @ b a U l e s j O { n
elearning/032,f r/ V m D @ r/ o U l i p_h A l i O l D @ w e I T r/ u t_h u D @ k_h V d l i s t_h e I dZ n { tS 3` @ l d O g f u d I z O l w e I z m a I g o U t_h o U A p_h S @ n n o U A r/ t_h @ f I S @ l k_h V l 3` I N z O r/ p_h r/ @ z 3` v @ t_h I v z a I r/ E s t_h @ S U r/ d D { t_h I m t_h e I k_h I N k_h E r/ V v m a I d O g @ v e I l @ b @ l I n d I p_h A r/ t_h m @ n t_h s t_h O r/ z @ k_h r/ O s D @ s t_h e I t_h s n { tS 3` @ l d O g f u d A r/ r/ i l h E l T i s n { k_h s f O r/ O l @ k_h e I Z @ n z b r/ { n d n u s p_h E S @ l d O g t_h r/ i t_h s A r/ n a U @ v e I l @ b @ l f O r/ p_h r/ a I d r/ 3` A n a U 3` w E b s a I t_h j O r/ d O g I z I n g U d h { n d z,f r/ A m D @ r/ U l i f O r/ i O n D @ w 3` l T r/ u t_h u D @ k_h V d i s t_h e I k_h n A tS r/ @ d A g f u d I z O l w e I m a I t_h u A p_h S n n @ U A t_h I f I k_h l k_h V l @ r/ I N O p_h @ s @ p_h r/ e s @ v e I t_h I v a r/ e s t_h @ S U @ D a t_h a n t_h e I k_h I N k_h e @ @ v m a I d A g @ v a I l @ b l I n d I p_h A t_h m @ n t_h s t_h O @ k_h r/ @ U A k_h w a U D @ s t_h e I t_h n A t_h t_h u @ d O v f u d A r/ e t_h h e l T i s n e k_h f O O l @ k_h e I S n b r/ { n d n j u s p_h e k_h s p_h e I s p_h e S l d A g
elearning/013,A r/ j u p_h l { n I N f O r/ @ v e I k_h e I S @ n d V z f a I n d I N @ k_h A m @ d e I S @ n @ p_h I r/ t_h u b i @ d O n t_h I N t_h { s k_h w i v g A t_h j O r/ b { k_h w E l k_h @ m t_h u E d @ n b i r/ I z O r/ t_h s I tS u e I t_h I d r/ a I t_h { t_h D @ E n t_h r/ @ n s V v D @ b E k_h I n d @ l @ v { l i w a I l s a I t_h s i I N t_h U r/ @ s t_h @ t_h r/ { k_h S @ n z j O r/ s t_h e I { t_h E d @ n b i w I l b i @ k_h A m @ d e I t_h @ d w I D s p_h E k_h t_h { k_h j @ l 3` s a I t_h s r/ a I t_h { t_h j O r/ d O r/ s t_h E p_h w i O f 3` s p_h e I S @ s v I l @ z f U l i I k_h w I p_h t_h @ n d f r/ i { k_h s E s t_h u { n I n f I n @ t_h i p_h u l { t_h @ f O r/ d @ b @ l p_h r/ a I s @ z dZ V s t_h f a I v k_h @ l A m @ t_h 3` z @ w e I f r/ V m D @ s I t_h i s E n t_h 3` D I s w I l b i { n I k_h s p_h I r/ i @ n s j u w o U n t_h f 3` g E t_h @ h { p_h i g E s t_h I z a U 3` g r/ e I t_h @ s t_h t_h r/ E Z 3` k_h A n t_h { k_h t_h V s t_h @ d e I,A j u p_h l { n I N f O @ v @ k_h e I S n D @ f a I n d I N @ k_h A m @ d e I S n @ p_h I @ t_h u b i @ d O n t_h I N t_h A s w i g A t_h j O b { k_h w e l k_h V m t_h u e d I n b @ r/ I S O s s I t_h U t_h e I t_h I d r/ a I { t_h D @ e I S n @ v D @ b e k_h I N v a l e I w a I l s i w a I l s a I s i I N t_h u @ r/ I s @ t_h r/ { k_h S n j O s t_h e I @ t_h e d I n b e I w I l b i @ k_h A m @ d e t_h I d w I D s p_h e k_h t_h @ k_h j @ l @ s a I s r/ a I @ t_h j O d O s t_h e p_h w i A f @ @ s p_h e S @ t_h v I l a s f u l i I e k_h w I p_h I d { v r/ i a s e t_h t_h u @ n I n f I n I t_h i v p_h u l @ t_h @ f O d @ b l p_h r/ a I s f a I l @ U m e s @ w e I f r/ A m D @ s I t_h i s e n t_h @ D I s w I l b i @ n
elearning/029,g U d i v n I N l e I d i z @ n d dZ E n t_h @ l m I n w E l k_h @ m t_h u a U 3` f a I n @ l S o U V v D @ t_h U r/ I n D @ l a I n V p_h w i w I l h { v p_h 3` f O r/ m @ n s @ z f r/ V m t_h { l @ n t_h @ d A r/ t_h @ s t_h s @ n d s t_h u d @ n t_h s h u w I l S U r/ l i s w i p_h V s O f a U 3` f i t_h @ n d @ m e I z V s w I D D E r/ f O r/ t_h e I D I s I z @ tS { n s t_h u n A t_h o U n l i S o U k_h e I s A r/ t_h I s t_h I k_h k_h r/ i e I S @ n z b V t_h O l s o U a U 3` k_h V n t_h r/ i z k_h V l tS 3` @ l s p_h l E n d 3` @ n d n E r/ e I t_h I d h I s t_h 3` i w I T a U t_h f 3` D 3` @ d u l E t_h dZ O I @ n d I k_h s a I t_h m @ n t_h s p_h r/ E d @ n d w E l k_h @ m a U 3` f 3` s t_h f o U k_h l O r/ p_h 3` f O r/ m @ n s,g U d i v n I N l e I d I s { n d dZ e n t_h l m @ n w e l k_h V m t_h u a U @ f a I n l S @ U @ v D @ t_h U @ I n D @ l a I n V p_h w i w I l h { v p_h @ f O m @ n s f r/ A m D @ t_h A l I s A t_h I s { n s t_h j u d n t_h s w I l S U @ l i s w e p_h @ s @ v a U f i t_h { n d @ m e I @ s w I D D e f O t_h D I s I @ tS { n t_h u n A t_h A n l i S @ U s k_h e I s A t_h I s I k_h T r/ I S n s b V t_h O l s @ U a U k_h V n t_h r/ i k_h V tS @ r/ @ l s p_h e n d @ { n d n A t_h @ r/ e I t_h I d h I s t_h A r/ i w I T a U f 3` D @ @ d @ U l e t_h dZ O I @ n I k_h s a I t_h m @ n t_h s p_h r/ e d { n d w e l k_h V m a U @ f 3` t_h f A k_h l O p_h @ f O m @ n s
elearning/031,D @ r/ e I dZ I N h i t_h d U r/ I N D @ s V m 3` m V n T s V v A g @ s t_h I z f a I n @ l i g o U I N @ w e I D { t_h I z I n D I s w i k_h s w E D 3` b r/ i f I N z D @ S E f i l d r/ i dZ @ n I z r/ i p_h O r/ t_h @ d t_h u b i s u n w I t_h n @ s I N @ t_h E m p_h r/ @ tS 3` d r/ A p_h D @ k_h u l b r/ i z I z w I l m e I k_h I t_h @ f a I n @ k_h e I Z @ n t_h u E n dZ O I a U t_h d O r/ { k_h t_h I v @ t_h i z b I w E r/ V v V n I k_h s p_h E k_h t_h I d S a U 3` z s t_h I l,D @ r/ e I dZ I N h u t_h D @ r/ e I dZ I N h I t_h d U r/ I N D @ s V m @ m V n T s @ v A U g @ s I f a I n @ n i g @ U I N @ w e I D A t_h I I n D I s w i k_h w e D @ b r/ i f I N s D @ s e f i l r/ i Z N I r/ I p_h O t_h I d t_h u b i s u n w I t_h n I s I N @ t_h e m p_h @ r/ e I tS @ d r/ A p_h D @ k_h u l b r/ i z w I l m e I k_h I t_h @ f a I n A k_h e I S n t_h u I n dZ O I a U t_h d O { k_h t_h I v I t_h I s b I w e @ @ v V n I k_h s p_h e k_h t_h I d s a U s s t_h I l s
elearning/042,f r/ V m D @ r/ o U l i p_h A l i O l D @ w e I T r/ u t_h u D @ k_h V d l i s t_h e I dZ n { tS 3` @ l d O g f u d I z O l w e I z m a I g o U t_h o U A p_h S @ n n o U A r/ t_h @ f I S @ l k_h V l 3` I N z O r/ p_h r/ @ z 3` v @ t_h I v z a I r/ E s t_h @ S U r/ d D { t_h I m t_h e I k_h I N k_h E r/ V v m a I d O g @ v e I l @ b @ l I n d I p_h A r/ t_h m @ n t_h s t_h O r/ z @ k_h r/ O s D @ s t_h e I t_h s n { tS 3` @ l d O g f u d A r/ r/ i l h E l T i s n { k_h s f O r/ O l @ k_h e I Z @ n z b r/ { n d n u s p_h E S @ l d O g t_h r/ i t_h s A r/ n a U @ v e I l @ b @ l f O r/ p_h r/ a I d r/ 3` A n a U 3` w E b s a I t_h j O r/ d O g I z I n g U d h { n d z,f r/ A m D @ r/ A l i p_h A l i O l D @ w e I T r/ u D @ k_h V d l i s t_h e t_h s n a tS r/ @ d A g f u d I O l @ w e I z m a I g @ U t_h u A p_h S n n @ U A t_h I f I k_h l k_h V l @ r/ I N s O p_h r/ I z 3` v e I t_h I v a I r/ e s t_h @ s U @ s D a t_h a I m t_h e I k_h I N k_h e @ v m a I d A g @ v i I l @ b l I n d I p_h A t_h m @ n t_h s t_h O r/ @ k_h r/ A s D @ s t_h e I t_h s n { tS r/ @ d A g f u d A r/ i l h e l T i s n V t_h s O O l A k_h e I S n b r/ { n d n j u s p_h e S l d A g t_h r/ i t_h s n a U @ v e I l @ b l f O p_h r/ i O d @ A n a U w e b s a I t_h s j O d A g I I n g U d h { n d s
elearning/078,w I D n { tS 3` @ l s V n l a I t_h b a U n s I N O f D @ m { s t_h 3` p_h i s @ z r/ I l i f s k_h V l p_h tS 3` z n u l i I n s t_h O l d I n s E n t_h r/ @ l p_h A r/ k_h h { v t_h e I k_h @ n D @ w 3` l d b a I s t_h O r/ m D @ dZ E n 3` @ l p_h V b l I k_h h { v f l V d @ d t_h u D @ s i n w I D k_h { m 3` @ z A n k_h { p_h tS 3` I N O l { N g @ l z l o U k_h e I t_h @ d I n @ f e I v 3` @ b @ l s p_h A t_h n I r/ D @ t_h a U n h O l D i z s k_h V l p_h tS 3` z p_h r/ A m @ s t_h u b I k_h V m @ m e I dZ 3` @ t_h r/ { k_h S @ n,t_h @ r/ @ l s V n l a I t_h b a U n s I N O f D @ m { s t_h @ r/ p_h i s r/ I l i f s k_h V l p_h tS @ z n u l i I n s t_h O l I n s e n t_h r/ @ l p_h A k_h h { v t_h e I k_h @ n D @ w 3` l d b a I s t_h O m D @ d Z E n @ r/ @ l p_h V b l I k_h h { v f l V d I d t_h u D @ s k_h I n w I T k_h { m @ r/ @ z A n k_h { p_h tS @ r/ I N O l { N g k_h @ l l o U k_h e I t_h I d I n @ f e I v @ r/ @ b @ l s p_h O t_h n I r/ D @ t_h a U n h O l D i z s k_h V l p_h tS @ z p_h r/ A m a i s t_h u b I k_h V m @ m e I dZ @ @ t_h r/ { k_h S @ n
elearning/079,g U d m O r/ n I N D I s tS E s t_h 3` p_h r/ i m i @ m k_h l o U D I N a U 3` e I dZ @ n t_h s A r/ n a U V n @ v e I l @ b @ l t_h u { n s 3` j O r/ k_h O l f O r/ m O r/ I n f 3` m e I S @ n A n h A l @ d e I d I s k_h a U n t_h s @ n d o U p_h @ n I N a U 3` z p_h l i z v I z @ t_h a U 3` s o U S @ l m i d i @ @ k_h a U n t_h s A n f e I s b U k_h @ n d I n s t_h E g r/ { m f O r/ d 3` E k_h t_h I n k_h w a I r/ i a U 3` e I dZ @ n t_h s w I l k_h A n t_h { k_h t_h j u d U r/ I N O f @ s a U 3` z D @ f A l o U I N d e I I f j u w U d l a I k_h t_h u l i v @ m E s @ dZ p_h l i z p_h r/ E s t_h u @ n d r/ I k_h O r/ d j O r/ v O I s m E s @ dZ T { N k_h j u f O r/ j O r/ V n d 3` s t_h { n d I N,g U d m O r/ n I N D I s I z tS E s t_h 3` p_h r/ e m i 3` m k_h l o U D I N s a U 3` e I dZ @ n t_h s A r/ n a U V n @ v e I l @ b @ l t_h u { n s 3` j U r/ k_h O l f O r/ m O r/ I n f O r/ m e I S @ n A n h A l @ d e I d I s k_h a U n t_h s { n d o U p_h @ n I N a U 3` z p_h l i v I z I t_h a U 3` s o U S @ l m e d i a @ k_h a U n t_h s A n f e I s b U k_h { n d I n s t_h @ g r/ { m f O r/ d I r/ E k_h t_h I n k_h w a I r/ i a U 3` e I dZ @ n t_h s w I l k_h A n t_h { k_h j u d U r/ I N O f I s a U 3` D @ f A l o U I N d e I I f j u w U d l a I k_h t_h u l i v @ m E s I dZ p_h l i p_h r/ E t_h t_h u { n d r/ I k_h O r/ j U r/ v O I s m I s e I dZ T { N k_h j u f O r/ j U r/ V n d 3` s t_h { n d I N
elearning/016,D @ r/ e I dZ I N h i t_h d U r/ I N D @ s V m 3` m V n T s V v A g @ s t_h I z f a I n @ l i g o U I N @ w e I D { t_h I z I n D I s w i k_h s w E D 3` b r/ i f I N z D @ S E f i l d r/ i dZ @ n I z r/ i p_h O r/ t_h @ d t_h u b i s u n w I t_h n @ s I N @ t_h E m p_h r/ @ tS 3` d r/ A p_h D @ k_h u l b r/ i z I z w I l m e I k_h I t_h @ f a I n @ k_h e I Z @ n t_h u E n dZ O I a U t_h d O r/ { k_h t_h I v @ t_h i z b I w E r/ V v V n I k_h s p_h E k_h t_h I d S a U 3` z s t_h I l,D @ r/ A g I N h @ t_h d U r/ I N D @ s V m @ w V n @ v O g @ s I f a I n @ l i g @ U I N @ w e I D A t_h s I I n D I s w i k_h w e r/ I f I v @ r/ I N t_h u s e l f a I r/ i Z @ n s I z r/ I b O n t_h I d t_h u b i S U @ I w I t_h n e S I N @ t_h e m p_h @ r/ e I S @ d r/ A p_h t_h u k_h u l b r/ i z I m e I k_h I t_h @ f a I n @ k_h e I Z n t_h u I dZ O I a U r/ { t_h I v I t_h I b I w e @ v V n e s p_h I t_h I d S @ U @ s I l
elearning/022,f r/ V m D @ r/ o U l i p_h A l i O l D @ w e I T r/ u t_h u D @ k_h V d l i s t_h e I dZ n { tS 3` @ l d O g f u d I z O l w e I z m a I g o U t_h o U A p_h S @ n n o U A r/ t_h @ f I S @ l k_h V l 3` I N z O r/ p_h r/ @ z 3` v @ t_h I v z a I r/ E s t_h @ S U r/ d D { t_h I m t_h e I k_h I N k_h E r/ V v m a I d O g @ v e I l @ b @ l I n d I p_h A r/ t_h m @ n t_h s t_h O r/ z @ k_h r/ O s D @ s t_h e I t_h s n { tS 3` @ l d O g f u d A r/ r/ i l h E l T i s n { k_h s f O r/ O l @ k_h e I Z @ n z b r/ { n d n u s p_h E S @ l d O g t_h r/ i t_h s A r/ n a U @ v e I l @ b @ l f O r/ p_h r/ a I d r/ 3` A n a U 3` w E b s a I t_h j O r/ d O g I z I n g U d h { n d z,f r/ A m D @ r/ @ U l i p_h @ U l i O l D @ w e I D @ U t_h u D @ k_h V d i s t_h e I n { tS r/ @ d a k_h f u d I O w e I m a I t_h u g @ U t_h u A p_h I n j @ n n @ U A t_h I f I S l k_h A l @ r/ i O p_h r/ I z 3` v e I t_h I v a I r/ e s @ k_h j u D a t_h a I m t_h e I k_h I N k_h e @ @ v m a I d a k_h @ v a l @ b l I n d I p_h a I n d I p_h A t_h m @ n t_h s t_h O @ k_h r/ A t_h D @ s t_h e I t_h n { tS r/ @ l d a k_h f u d A r/ I l r/ i l s h e l T i s n e k_h f O O l @ k_h e I Z n b r/ { n I s p_h e S l d a k_h t_h r/ i t_h A n a U @ v a l @ b l t_h u r/ I p_h e O d @ A n D @ w e b s a I t_h j O d a k_h I I n D @ g U d h { n d z
elearning/084,D I s s V n d e I dZ { z m { s t_h 3` k_h A f i S A p_h I n v a I t_h s k_h A f i l V v 3` z t_h u @ t_h e I s t_h I N I v E n t_h { t_h a U 3` s t_h O r/ v I z @ t_h D @ S A p_h b I t_h w i n s I k_h s @ n d n a I n @ k_h l A k_h t_h u E n dZ O I h { f p_h r/ a I s d I z 3` t_h s l a I v m j u z I k_h @ n d a U 3` I k_h s k_h l u s I v k_h A f i f r/ V m k_h @ l V m b i @ w a I l j U r/ h i r/ j u k_h { n k_h @ m p_h l i t_h @ k_h V s t_h @ m 3` s 3` v e I t_h u r/ @ s i v @ p_h { k_h V v f r/ i k_h A f i t_h u b r/ u { t_h h o U m,D I s s V n d e I dZ a t_h m { s t_h 3` k_h O f i S A p_h I n v a I t_h s k_h O f i l V v 3` z t_h u t_h e I s t_h I N I v E n t_h { t_h A 3` s t_h O r/ v I z I t_h D @ S A p_h b I t_h w i n s I k_h s { n d n a I n @ k_h l A k_h t_h u I n dZ O I h { f p_h r/ a I d I z 3` t_h l a I v m j u z I k_h { n d A 3` I k_h s k_h l u s I v k_h O f i f r/ V m k_h @ l u m w a I l j u h I r/ j u k_h { n k_h @ m p_h l i t_h @ k_h V s t_h @ m 3` s 3` v e I t_h u r/ I s i v @ p_h { k_h @ v f r/ i k_h O f i t_h u b r/ i u { t_h h o U m
elearning/146,f O r/ D @ k_h r/ A p_h t_h u j i l d f A r/ m 3` z n i d t_h u @ k_h a U n t_h f O r/ D @ t_h E m p_h r/ @ tS 3` D @ m O I s tS 3` @ n d l a I t_h h A t_h @ n d d r/ a I k_h @ n d I S @ n z k_h @ n t_h I n j u t_h u p_h l e I g D @ s E n t_h r/ @ l @ n d n O r/ D 3` n r/ i dZ @ n z D I s g r/ o U I N s i z @ n w a I l D @ s V D 3` n w I t_h n @ s @ z f e I v 3` @ b @ l r/ e I n z D @ p_h { t_h 3` n z @ p_h I r/ t_h u l { s t_h @ n t_h I l D @ s E k_h @ n d h { f V v d I s E m b 3` p_h l { n t_h I N I z I k_h s p_h E k_h t_h @ d t_h u b i d I l e I d,f O D @ k_h r/ A p_h t_h u j u d f A r/ m @ r/ z n i d t_h u @ k_h a U n t_h f O D @ t_h E m p_h @ r/ e t_h e tS @ r/ D @ m O I s tS @ r/ { n d l a I t_h h A t_h { n d d r/ a I k_h @ n d I S @ n k_h @ n t_h I n j u t_h u p_h l a g i t_h D @ s E n t_h r/ @ l { n d n a U T @ r/ r/ i t_h r/ i @ n D I s g r/ a U v I N s i s @ n w a I l D @ s a U T @ r/ n w I s n @ s f e I v @ r/ @ b @ l r/ e I n z D @ p_h { t_h @ r/ n @ p_h I r/ t_h u l { s V n t_h I l D @ s E k_h @ n d h { f @ v d I s E m b @ r/ p_h l { n t_h I N I z E n t_h e d t_h u b i d e l e I
elearning/158,O f s i A s n v E dZ t_h @ b @ l z m a I t_h b i I k_h s t_h r/ i m l i h A r/ d t_h u f a I n d @ n d p_h r/ a I s @ z A r/ I g z O r/ b I t_h @ n t_h d r/ A p_h b a I a U 3` O r/ g { n I k_h f u d s t_h O r/ l o U k_h e I t_h @ d d a U n t_h a U n p_h 3` k_h S O h i r/ w i O f 3` d a I v 3` s tS O I s @ z r/ e I n dZ I N f r/ V m g r/ e I n z t_h u g r/ i n l i v z w i A r/ @ v e I l @ b @ l f O r/ I n s t_h O r/ i S A p_h I N b V t_h a U 3` d I l I v 3` i s 3` v @ s w I l O l s o U n A t_h d I s @ p_h O I n t_h,O f s i s @ n v e g E t_h @ b @ l m a I b i I k_h t_h r/ e m l i h A r/ d t_h u f a I n d { n d p_h r/ a I A r/ @ s o r/ p_h i t_h @ n t_h d r/ A p_h b a I a U 3` O r/ g { n I k_h f 3` s t_h s t_h O r/ l o U k_h e I t_h I d d a U n t_h a U n p_h @ S a U h I r/ w i O f 3` d a I v 3` t_h tS O I s r/ e I n g I N f r/ V m g r/ e I n t_h u g r/ i n l i v z w i A r/ @ v e I l @ b @ l f O r/ I n s t_h O r/ S A p_h I N p_h V t_h a U 3` d I l I v 3` i s 3` v I s w I l O l s o n A t_h d I s @ p_h O I n t_h
elearning/179,w a I n d s p_h i d @ n d b l o U d 3` E k_h S @ n p_h l e I z @ k_h r/ I t_h I k_h @ l r/ o U l I n w E n @ n d h a U t_h u @ p_h l a I p_h E s t_h k_h @ n t_h r/ o U l D I s w i k_h s w E D 3` I z I k_h s p_h E k_h t_h @ d t_h u b i h j u m @ d @ n d k_h u l T r/ u a U t_h p_h l i z f A l o U D @ g a I d @ n s t_h u m e I k_h S U r/ D @ k_h E m I k_h @ l z d u n A t_h m I s D E r/ t_h A r/ g @ t_h s @ s p_h E S l i f V n dZ @ s a I d z S U d j u h { v E n i I n k_h w a I 3` i z d A n t_h h E z @ t_h e I t_h t_h u k_h A n t_h { k_h t_h V s j u z I N D @ n V m b 3` p_h r/ @ v a I d @ d,w I n d s p_h i d { n d b l o U d a I r/ E t_h S @ n p_h l e I z @ k_h r/ i t_h I k_h @ l r/ o U l I n w E n { n d h a U t_h u @ p_h l a I p_h E t_h k_h @ n t_h r/ o U n D I s w i k_h w E D 3` I I k_h s p_h E t_h I d t_h u b i h j u m I d { n d k_h A n T r/ o U a U t_h p_h l i z f A l o U D @ g a I d @ n s i t_h u m e I k_h S U r/ D @ tS E m I k_h @ l z tS u n A t_h m I s D E r/ t_h A r/ g @ t_h I s p_h E tS @ l i f V n dZ I s a I d S U d j u h { v E n i I n k_h o r/ i z d V m h E s t_h e I t_h t_h u k_h A n t_h e I n t_h V s j u z I N D @ n V m b 3` v O I d n V m b 3` p_h r/ @ v a I d I d S U d j u h { v E n i I n k_h w a I r/ z d o U n t_h h E s t_h E k_h t_h u k_h A n t_h E k_h V s j u z I N D @ n V m b 3` p_h r/ @ v a I d I d f V n tS i
elearning/206,w E l k_h @ m t_h u k_h V s t_h @ m 3` s 3` v @ s I m 3` dZ @ n s i z w i O f 3` s @ p_h O r/ t_h f O r/ O r/ d 3` m I k_h s @ p_h s p_h r/ A d @ k_h t_h I S u z @ n d V D 3` r/ I l e I t_h I d k_h @ n s 3` n z w i s I n s I r/ l i @ p_h A l @ dZ a I z f O r/ D @ I S u z j u h { v I n k_h a U n t_h 3` d f O r/ d I t_h e I l d I n s t_h r/ V k_h S @ n A n h a U t_h u p_h r/ @ s i d p_h l i z v I z @ t_h a U 3` w E b s a I t_h t_h u s p_h i k_h w I D a U 3` e I dZ @ n t_h p_h l i z p_h r/ E s w V n t_h u b i d 3` E k_h t_h @ d t_h u a U 3` O r/ d 3` s 3` v @ s @ z s t_h { f p_h r/ E s t_h u t_h u b i d 3` E k_h t_h @ d t_h u a U 3` p_h r/ A d @ k_h t_h k_h w A l @ t_h i t_h i m T { N k_h j u f O r/ j O r/ V n d 3` s t_h { n d I N,w E l k_h @ m t_h u k_h V s t_h @ m 3` s 3` v I t_h I m 3` dZ @ n s i z w i O f 3` s @ p_h O r/ t_h f O r/ O r/ d 3` m I t_h s V p_h p_h r/ A d V k_h t_h I S u { n d V D 3` r/ I l e I t_h I d k_h @ n s 3` n z w i s I n s I r/ l i @ p_h A l @ tS a I f O r/ D @ I S u j u h { v I n k_h a U n t_h 3` d f O r/ d i t_h e I l I n s t_h r/ e I S @ n A n h a U t_h u p_h r/ i s i p_h l i v I s I t_h a U 3` w E b s a I t_h t_h u s p_h i k_h w I D a U 3` a tS @ n t_h p_h l i p_h r/ E t_h w V n t_h u b i d a I r/ E t_h I d t_h u a U 3` O r/ d 3` s 3` v I s s t_h { f p_h r/ E t_h t_h u t_h u b i d a I r/ E t_h S @ n t_h u O r/ d 3` a U 3` p_h r/ o d V t_h k_h o l @ t_h i t_h e m T { N k_h j u f O r/ j O r/ V n d 3` s t_h { n d I N T { N k_h j u f O r/ j O r/ V n d 3` s t_h { n d I N
elearning/305,k_h I N s t_h o U n p_h A r/ k_h l o U k_h e I t_h @ d n I r/ D @ f U t_h b O l s t_h e I d i @ m w A z d I z a I n d @ n d d I v E l @ p_h t_h b a I D @ s I t_h i z p_h A r/ k_h s @ n d r/ E k_h r/ i e I S @ n k_h @ m I t_h i I t_h f i tS 3` z r/ E r/ t_h r/ i s p_h i S i z @ tS I l d r/ @ n z p_h l e I g r/ a U n d @ n d @ s t_h e I dZ f O r/ m j u z I k_h p_h 3` f O r/ m @ n s @ z s I n s s { t_h 3` d i s I t_h @ z @ n z h { v b I n g { D 3` I N { t_h D @ n u p_h A r/ k_h t_h u r/ I l { k_h s @ n d E n dZ O I D @ g r/ i n 3` i,k_h I N s t_h O n p_h A r/ k_h l o U k_h e I t_h I s n I r/ D @ f U t_h s b O l s t_h e I d i @ m w @ d I z a I { n d d I v E l @ p_h t_h b a I D @ s I t_h i z p_h A r/ k_h s { n d r/ I k_h r/ i e I s @ n k_h @ m I t_h i I t_h s f i tS @ r/ s r/ E r/ t_h r/ i s p_h i s @ tS I l d r/ @ n p_h l e I g r/ a U n d { n d @ s t_h e I dZ f O r/ m j u z I k_h p_h @ r/ f O r/ m @ n s s I n s D I s { t_h @ r/ d e I s I t_h @ z @ n z h { v b I n g { D @ r/ I N { t_h D @ n j u p_h A r/ k_h t_h u r/ I l { k_h { n d I n dZ O I D @ g r/ i n @ r/ i
elearning/306,w E l k_h @ m t_h u D @ o U h a I o U s t_h e I t_h l a I b r/ E r/ i t_h U r/ b I f O r/ w i b I g I n l E t_h m i S E r/ @ b I t_h @ b a U t_h D @ f @ s I l I t_h i f V n d @ d b a I o U h a I o U s t_h e I t_h j u n @ v 3` s @ t_h i D @ l a I b r/ E r/ i h { z O l w e I z b I n f r/ i @ n d o U p_h @ n t_h u D @ p_h V b l I k_h O l b U k_h s p_h I r/ i A d I k_h @ l z @ n d V D 3` m @ t_h I r/ i @ l z A r/ @ v e I l @ b @ l t_h u b o U T k_h @ m j u n @ t_h i m E m b 3` z @ n d s t_h u d @ n t_h s,w E l k_h @ m t_h u D @ o U h a I o U s t_h e I l a I b @ r/ i t_h U r/ b I f O r/ w i b I g I n l E s m i S E r/ @ b I t_h s @ b a U D @ f @ s I l I t_h i f V n d I z b a I o U h a I o U s t_h e I t_h j u n @ v 3` r/ s @ t_h i D @ l a I b @ r/ i a I h { z O n w e I b I n f r/ i { n d o U p_h @ n t_h u D @ p_h V b l I k_h O l b U k_h s p_h I r/ I A d a I @ k_h @ l z { n d V D @ r/ m @ t_h I r/ i @ l z A r/ @ v e I l @ b @ l t_h u b o U k_h @ m j u n I t_h i m E m b @ r/ z { n d s t_h u d @ n t_h s
elearning/371,A l t_h k_h O r/ p_h 3` e I S @ n I z k_h A n s t_h @ n t_h l i s i k_h I N t_h u I m p_h r/ u v D @ k_h w A l @ t_h i @ n d I f I S @ n s i V v j O r/ k_h l a I @ n t_h s 3` v @ s @ z b a I O f 3` I N k_h @ m p_h j u t_h 3` s O f t_h w E r/ w I tS m a I n z b I g d e I t_h @ w i k_h { n h E l p_h O l m o U s t_h E n i b I z n @ s w I tS h { z d e I t_h @ t_h u m O r/ I f I S @ n t_h l i p_h r/ O s E s I t_h n o U I N m O r/ @ b a U t_h j O r/ k_h V s t_h @ m 3` z m i n z D { t_h j u k_h { n O f 3` D E m p_h r/ A d @ k_h t_h s w I tS f I t_h D E r/ n i d z w i w 3` k_h I n e I t_h i k_h V n t_h r/ i z I n t_h w E n t_h i d I f 3` @ n t_h l { N g w @ dZ @ z @ n d A r/ s 3` t_h @ f a I d s O f t_h w E r/ p_h r/ @ v a I d 3` z f O r/ w I n d o U z { p_h @ l @ n d l I n @ k_h s s I s t_h @ m z k_h A n t_h { k_h t_h A l t_h @ n d n o U j O r/ k_h V s t_h @ m 3` z b E t_h 3`,e i E l t_h i k_h O r/ p_h @ r/ e I S @ n I s k_h O n s t_h @ n l i s i k_h I N t_h u I m p_h r/ u v D @ k_h w A l I t_h I { n d I f I f @ n s I O v j O r/ k_h l a I @ n s 3` r/ v I s b a I O f @ r/ I N k_h O m b j u t_h @ s O f t_h w E r/ w I tS m a I s b I g d { t_h { w i k_h { n h E l p_h O l m o U s t_h E n i b I z n I s w I k_h h { s d { t_h { t_h u m O r/ I f I s @ n l i p_h r/ o s E s I t_h n a U I n m O r/ @ b a U j O r/ k_h V s t_h @ m @ m i n s D { t_h j u k_h { n O f @ r/ D @ m p_h r/ O d V k_h w I k_h f I t_h D E r/ n i d s w i w 3` r/ k_h I n e I t_h i n k_h O n t_h r/ i I n tS E n t_h i d I p_h r/ E l { N g w I tS { z { n d A r/ s 3` r/ t_h I f a I S O f t_h w E r/ p_h r/ o v a I d @ f O r/ w I n d o U
elearning/372,s I g n @ tS 3` t_h U r/ b a I h e I s t_h 3` E k_h s @ l @ n s j u d A n t_h w A n t_h t_h u m I s k_h @ m p_h r/ a I z I N b o U T k_h V m f 3` t_h @ n d { d v E n tS 3` @ s E l @ m @ n t_h s a U 3` t_h U r/ I z k_h e I t_h 3` d t_h u @ l a I n w I D t_h r/ { v @ l 3` z v I Z @ n z w E D 3` I t_h I z t_h r/ E k_h I N k_h { m p_h I N O r/ s I m p_h l i s a I t_h s i I N a U 3` t_h i m V v s p_h E S @ l @ s t_h s w I l k_h @ l { b 3` e I t_h w I D k_h V s t_h @ m 3` z t_h u d I z a I n @ m E m 3` @ b @ l s I t_h i I s k_h e I p_h k_h A n t_h { k_h t_h V s n a U,s I g n e I t_h S U @ r/ t_h U @ r/ b a I h e I s t_h @ r/ { k_h s E l @ n j u d A n w A n t_h t_h u m I s k_h O m p_h r/ a I s I N b o U k_h V m f O t_h { n d @ d v E n t_h S @ r/ @ n i l E m @ n t_h s a U @ r/ t_h U r/ I z k_h { t_h @ r/ @ t_h u @ l a I n w I T t_h r/ { v @ l o s i v I z I n w E D @ r/ I t_h I s t_h r/ E k_h I N k_h { m p_h I N O s I m p_h l i s a I t_h s i I N a U @ r/ t_h i m w I l s p_h E s @ l I s t_h s w I l k_h @ l { b @ r/ e I t_h w I T k_h V s t_h @ m @ t_h u d I z a I @ m E m @ r/ @ b @ l s I t_h i I s k_h e I p_h k_h A n t_h { k_h t_h V s n a U
elearning/008,A r/ j u p_h l { n I N f O r/ @ v e I k_h e I S @ n d V z f a I n d I N @ k_h A m @ d e I S @ n @ p_h I r/ t_h u b i @ d O n t_h I N t_h { s k_h w i v g A t_h j O r/ b { k_h w E l k_h @ m t_h u E d @ n b i r/ I z O r/ t_h s I tS u e I t_h I d r/ a I t_h { t_h D @ E n t_h r/ @ n s V v D @ b E k_h I n d @ l @ v { l i w a I l s a I t_h s i I N t_h U r/ @ s t_h @ t_h r/ { k_h S @ n z j O r/ s t_h e I { t_h E d @ n b i w I l b i @ k_h A m @ d e I t_h @ d w I D s p_h E k_h t_h { k_h j @ l 3` s a I t_h s r/ a I t_h { t_h j O r/ d O r/ s t_h E p_h w i O f 3` s p_h e I S @ s v I l @ z f U l i I k_h w I p_h t_h @ n d f r/ i { k_h s E s t_h u { n I n f I n @ t_h i p_h u l { t_h @ f O r/ d @ b @ l p_h r/ a I s @ z dZ V s t_h f a I v k_h @ l A m @ t_h 3` z @ w e I f r/ V m D @ s I t_h i s E n t_h 3` D I s w I l b i { n I k_h s p_h I r/ i @ n s j u w o U n t_h f 3` g E t_h @ h { p_h i g E s t_h I z a U 3` g r/ e I t_h @ s t_h t_h r/ E Z 3` k_h A n t_h { k_h t_h V s t_h @ d e I,A j u p_h l A n I N f O @ v @ k_h e I S n D V f a I n d I N @ k_h A m @ d e I S n V p_h I @ t_h u b i @ d O t_h I N t_h A s w i h { v @ g A t_h j O b { k_h w e l k_h V m t_h u e d I n b e I r/ I s O t_h s t_h j u s I tS j u e I t_h r/ a I t_h @ t_h D @ e n t_h r/ @ n @ v D @ b e k_h I N s b e k_h I N d e I v { l e I w a I s a I t_h s i I N t_h u @ r/ I t_h @ t_h r/ e I S n @ s t_h e I @ t_h e d I n b e I w I l b i @ k_h @ m A d e I t_h I d w I D s p_h e k_h t_h I k_h j u l @ s a I r/ a I @ t_h j O d O s t_h e p_h w i A f w i A f @ s p_h e I s I @ t_h v I l @ v I l a f u l i I k_h w I p_h I k_h w I p_h t_h { n f r/ i @ s e t_h t_h u @ n I n f I t_h I v p_h u l @ t_h 3` f A d e I b l p_h r/ a I s dZ @ t_h f a I k_h I l @ U m e I t_h @ @ w e I f r/ A m D @ s I t_h i s e n t_h r/ @ D I t_h w I l b i @ n I k_h I k_h p_h I @ r/ i @ n j u w @ U n t_h f A g e t_h @ h { p_h i g @ s I j O g @ s t_h r/ i Z U @
elearning/024,g U d i v n I N l e I d i z @ n d dZ E n t_h @ l m I n w E l k_h @ m t_h u a U 3` f a I n @ l S o U V v D @ t_h U r/ I n D @ l a I n V p_h w i w I l h { v p_h 3` f O r/ m @ n s @ z f r/ V m t_h { l @ n t_h @ d A r/ t_h @ s t_h s @ n d s t_h u d @ n t_h s h u w I l S U r/ l i s w i p_h V s O f a U 3` f i t_h @ n d @ m e I z V s w I D D E r/ f O r/ t_h e I D I s I z @ tS { n s t_h u n A t_h o U n l i S o U k_h e I s A r/ t_h I s t_h I k_h k_h r/ i e I S @ n z b V t_h O l s o U a U 3` k_h V n t_h r/ i z k_h V l tS 3` @ l s p_h l E n d 3` @ n d n E r/ e I t_h I d h I s t_h 3` i w I T a U t_h f 3` D 3` @ d u l E t_h dZ O I @ n d I k_h s a I t_h m @ n t_h s p_h r/ E d @ n d w E l k_h @ m a U 3` f 3` s t_h f o U k_h l O r/ p_h 3` f O r/ m @ n s,g U d I i i v l I N l e I d i { n dZ e n l m @ n w e l k_h V m t_h u a U @ f a I n l s @ U @ v D @ t_h U @ I z i l a I V p_h w i w I l h { v p_h @ f O m @ n s f r/ A m t_h { l @ n t_h I d A t_h I s { n s s t_h j u d n t_h w u w I l S U @ s w i p_h V p_h @ v a U @ f i t_h { n @ m e I z @ s w I D D e @ f O D I t_h I z @ tS { n t_h u n A t_h A n l i s @ U k_h e I A A t_h I s I k_h k_h r/ i e I S n z b V t_h O l s @ U a U @ k_h V n t_h r/ i k_h V l tS @ r/ @ l s s p_h e n d @ { n n { r/ @ t_h I d h I t_h r/ i n w I D a U f A D @ @ d O r/ l e t_h dZ O I { n I k_h s I k_h s a I t_h m @ n s p_h r/ e d { n w e l k_h V m a U @ f 3` s t_h f A k_h l O p_h @ f O m @ n s
elearning/026,D @ r/ e I dZ I N h i t_h d U r/ I N D @ s V m 3` m V n T s V v A g @ s t_h I z f a I n @ l i g o U I N @ w e I D { t_h I z I n D I s w i k_h s w E D 3` b r/ i f I N z D @ S E f i l d r/ i dZ @ n I z r/ i p_h O r/ t_h @ d t_h u b i s u n w I t_h n @ s I N @ t_h E m p_h r/ @ tS 3` d r/ A p_h D @ k_h u l b r/ i z I z w I l m e I k_h I t_h @ f a I n @ k_h e I Z @ n t_h u E n dZ O I a U t_h d O r/ { k_h t_h I v @ t_h i z b I w E r/ V v V n I k_h s p_h E k_h t_h I d S a U 3` z s t_h I l,D @ r/ e I Z I N h I t_h d U r/ I N D @ s V m @ m V n T s A v A g @ s I f a I n @ n i g @ U I N @ w e I s D A t_h I z I n D I s w i k_h w e D @ b r/ i f I N s I s e f i l r/ i Z @ n I z r/ I p_h O t_h I d t_h u b i s u S V n w I t_h n @ s n I N @ t_h e m p_h @ r/ e I tS @ d r/ A p_h D @ k_h u l b r/ i z I w I l m e I k_h I t_h @ f a I n A k_h e I S n t_h u I n dZ O I a U t_h d O { k_h t_h I v I t_h I z b I w e @ @ v V n e k_h p_h e t_h I d S @ U @ s t_h I l
elearning/037,f r/ V m D @ r/ o U l i p_h A l i O l D @ w e I T r/ u t_h u D @ k_h V d l i s t_h e I dZ n { tS 3` @ l d O g f u d I z O l w e I z m a I g o U t_h o U A p_h S @ n n o U A r/ t_h @ f I S @ l k_h V l 3` I N z O r/ p_h r/ @ z 3` v @ t_h I v z a I r/ E s t_h @ S U r/ d D { t_h I m t_h e I k_h I N k_h E r/ V v m a I d O g @ v e I l @ b @ l I n d I p_h A r/ t_h m @ n t_h s t_h O r/ z @ k_h r/ O s D @ s t_h e I t_h s n { tS 3` @ l d O g f u d A r/ r/ i l h E l T i s n { k_h s f O r/ O l @ k_h e I Z @ n z b r/ { n d n u s p_h E S @ l d O g t_h r/ i t_h s A r/ n a U @ v e I l @ b @ l f O r/ p_h r/ a I d r/ 3` A n a U 3` w E b s a I t_h j O r/ d O g I z I n g U d h { n d z,f r/ A m D @ r/ @ U l i p_h @ U l i O l D @ w e I T r/ u t_h u D @ k_h V d i s t_h e p_h n a I tS r/ @ d A g f u d I O l z w e I m a I g @ U t_h u A p_h I n j @ n s n @ U A t_h I f I S l k_h V l @ r/ I N O p_h r/ I z 3` v e I t_h I v a I r/ e s t_h @ S U @ D a t_h a I m t_h e I k_h I N k_h e @ v m a I d A g @ v a I l @ b l I n d I p_h A t_h m @ n t_h s t_h O r/ k_h r/ A s D @ s t_h e I t_h n { tS r/ @ d A g f u d A r/ e r/ i l h e l T i s n { k_h f O O l @ k_h e I Z n b r/ { n d n j u s p_h e S l d A g t_h r/ i t_h A n a U @ v e I l @ b l f O p_h r/ i O d @ A n a U @ w e b s a I t_h j O d A g I z I n g U d h { n d s
elearning/067,w E l k_h @ m t_h u a U 3` T 3` d { n j u @ l k_h A n f 3` @ n s I t_h I z V v a U 3` g r/ e I t_h @ s t_h dZ O I t_h u w E l k_h @ m D @ p_h r/ E s @ n d b I l V v d g E s t_h s I n D @ p_h { s t_h T r/ i m V n T s a U 3` m { n @ dZ I N b O r/ d h { v @ p_h O I n t_h @ d D @ k_h V m p_h @ n i z n u tS i f m A r/ k_h @ t_h I N O f @ s 3` m I z A d r/ i i n b r/ a U n S i w I l b i s p_h I r/ h E d I N a U 3` E f 3` t_h s t_h u I k_h s p_h { n d a U 3` b r/ { n d z n e I m t_h u n u m A r/ k_h @ t_h s I n s a U T i s t_h e I Z @ t_h r/ V s t_h I d w I D E k_h s p_h 3` t_h i z @ n d l i d 3` S I p_h w i b I l i v S i w I l b i @ v { l j @ b @ l m E m b 3` V v a U 3` k_h V m p_h @ n i,k_h V n t_h u a U @ r/ T 3` r/ d s { n @ s k_h A n f @ r/ @ n I z @ g A t_h g e n e s dZ O s t_h u w e l k_h V m D @ p_h r/ e s { n d b I l @ v g A e s t_h s I n D @ p_h A s t_h T r/ i m V m I n m O n @ r/ I N w @ S h A v @ p_h A n t_h I N s D U D @ k_h A m p_h @ l i n j u tS e s m A r/ k_h e t_h I N O f I S @ s i w I l s e f h e d I N a U I k_h t_h f I k_h s t_h u I k_h p_h A t_h s O s p_h e n D { m t_h u n j u s m V k_h I t_h I n s @ U S k_h r/ i e I t_h A r/ I @ t_h r/ @ s w I l I k_h s p_h e n t_h i s { n d l i d @ r/ S I v w i b I l i s s i w I l b i @ l e I b @ l m e m b @ r/
elearning/190,A r/ j u l U k_h I N f O r/ @ b j u t_h @ f @ l g E t_h @ w e I t_h u @ l @ g Z 3` i @ s r/ I z O r/ t_h D @ s t_h V n I N p_h E r/ @ d a I s r/ I z O r/ t_h I z D @ p_h 3` f I k_h t_h d E s t_h @ n e I S @ n f O r/ j u w i O f 3` @ t_h o U t_h @ l V v t_h u h V n d r/ @ d @ n d f I f t_h i r/ u m z t_h u E k_h s k_h w @ z @ t_h b @ t_h { n I k_h @ l g A r/ d @ n z @ n d f O r/ I k_h s p_h { n s I v s w I m I N p_h u l z p_h E r/ @ d a I s r/ I z O r/ t_h w I l h E l p_h j u l i v O l j O r/ s t_h r/ E s b I h a I n d f O r/ f 3` D 3` I n f 3` m e I S @ n p_h l i z v I z @ t_h a U 3` w E b s a I t_h,A r/ j u l U k_h I N f O @ b j u t_h I f @ l g E t_h s a w e I t_h u @ l V k_h S @ r/ i r/ I s O r/ t_h D @ s t_h V n I N p_h a d a I s r/ I s O r/ t_h I z p_h I p_h @ r/ f e r/ f e k_h t_h d E s t_h I n e I S @ n f O r/ j u w i A f @ @ t_h o U t_h @ l @ v t_h u h V n d_< @ n s @ n d f I f t_h i r/ u m t_h u I k_h w a I s I t_h p_h o t_h a k_h @ n g A d @ n @ n d f O r/ I k_h s p_h { n s I v s k_h I m I N p_h u r/ p_h a d a I r/ I s r/ I s O t_h s w I l h E l p_h j u l i v O l j U r/ s t_h r/ E t_h b I h a I n d f O r/ f a D @ I n f @ m e I S @ n f r/ i v I z I t_h a U @ w E b s a I t_h
elearning/311,k_h I N s t_h o U n p_h A r/ k_h l o U k_h e I t_h @ d n I r/ D @ f U t_h b O l s t_h e I d i @ m w A z d I z a I n d @ n d d I v E l @ p_h t_h b a I D @ s I t_h i z p_h A r/ k_h s @ n d r/ E k_h r/ i e I S @ n k_h @ m I t_h i I t_h f i tS 3` z r/ E r/ t_h r/ i s p_h i S i z @ tS I l d r/ @ n z p_h l e I g r/ a U n d @ n d @ s t_h e I dZ f O r/ m j u z I k_h p_h 3` f O r/ m @ n s @ z s I n s s { t_h 3` d i s I t_h @ z @ n z h { v b I n g { D 3` I N { t_h D @ n u p_h A r/ k_h t_h u r/ I l { k_h s @ n d E n dZ O I D @ g r/ i n 3` i,t_h O n p_h A r/ k_h l o U k_h e I t_h @ d n I r/ D @ f U t_h b O l s t_h e I d i @ m w @ d I z a I t_h @ d { n d d I r/ I f l o v d I r/ I f l o U t_h @ d b a I s I t_h i p_h A r/ k_h { n d r/ I k_h r/ i s @ n k_h @ m I t_h i I t_h f i l r/ e I s t_h r/ i s p_h i s @ tS I r/ @ n f e I k_h r/ a U n d { n d @ s t_h e I f O r/ m j u S @ n p_h @ r/ f O r/ m @ n s s I n s s { t_h @ r/ d e I s I t_h I z @ n h { v b I n g { D @ r/ { t_h D @ n j u p_h A r/ k_h t_h u r/ I l { k_h { n d I n dZ O I z @ g r/ i n @ r/ i
elearning/312,w E l k_h @ m t_h u D @ o U h a I o U s t_h e I t_h l a I b r/ E r/ i t_h U r/ b I f O r/ w i b I g I n l E t_h m i S E r/ @ b I t_h @ b a U t_h D @ f @ s I l I t_h i f V n d @ d b a I o U h a I o U s t_h e I t_h j u n @ v 3` s @ t_h i D @ l a I b r/ E r/ i h { z O l w e I z b I n f r/ i @ n d o U p_h @ n t_h u D @ p_h V b l I k_h O l b U k_h s p_h I r/ i A d I k_h @ l z @ n d V D 3` m @ t_h I r/ i @ l z A r/ @ v e I l @ b @ l t_h u b o U T k_h @ m j u n @ t_h i m E m b 3` z @ n d s t_h u d @ n t_h s,w I l k_h E m t_h u D @ o U s I o U s t_h e I t_h l a I l a I b r/ E r/ i t_h U r/ b I f O r/ k_h i b I g I n l E t_h m i s E r/ @ b I t_h @ b a U D @ f a I s f @ s I l I t_h i f V r/ d I s b a I o U s I z s t_h e I t_h j u n I v 3` r/ s @ t_h i z @ l a I b r/ E r/ i h { z O r/ l w e I b I n f r/ i { n d o U p_h @ n t_h u D @ p_h V b r/ I k_h O l b U k_h p_h I r/ i A d I k_h @ l { n d V D @ r/ m @ t_h I r/ i @ l A r/ @ v e I l @ b @ l t_h u b O T k_h O m I t_h i m E m b @ r/ { n d s t_h u d @ n t_h s
elearning/334,t_h @ n a I t_h A n s @ l E b r/ I t_h i s p_h A t_h l a I t_h w i h { v @ f { n t_h { s t_h I k_h g E s t_h dZ O I n I N V s A n D @ p_h r/ o U g r/ { m d e I v I d h E r/ I s w V n V v D @ m o U s t_h f e I m @ s { k_h t_h 3` z I n D @ w 3` l d I z k_h 3` @ n t_h l i s t_h A r/ I N I n g { l @ k_h s i I n I g m @ { f t_h 3` D @ k_h @ m 3` S @ l b r/ e I k_h d e I v I d w I l d I s k_h V s h I z n u f I l m n u h o U m @ n d g r/ o U I N f { m @ l i s t_h e I t_h u n d f O r/ D I s s p_h E S @ l I n t_h 3` v j u,t_h @ n a I A n s E l E b @ r/ I t_h i s p_h A t_h l a I t_h w i h { v @ f { n p_h { t_h I s g V r/ s t_h dZ O I V s A n z @ p_h r/ o U g r/ { m d { v I d h { v I s w V n O v j @ m o U k_h f e I m @ s { k_h t_h @ I n z @ w 3` r/ l d I k_h 3` r/ @ n t_h @ d i s s t_h { t_h I n g { l { s i E m j u l @ n { f t_h @ r/ D @ k_h @ m 3` r/ S @ l b r/ e I k_h d { v I d g u d I k_h V s h I s n j u f r/ I m n j u h O m { n d g r/ a U I N f { r/ m l i s t_h e I t_h @ n f O r/ D I s s p_h E s I f I k_h I n t_h @ r/ v j u
elearning/203,A r/ j u l U k_h I N f O r/ @ b j u t_h @ f @ l g E t_h @ w e I t_h u @ l @ g Z 3` i @ s r/ I z O r/ t_h D @ s t_h V n I N p_h E r/ @ d a I s r/ I z O r/ t_h I z D @ p_h 3` f I k_h t_h d E s t_h @ n e I S @ n f O r/ j u w i O f 3` @ t_h o U t_h @ l V v t_h u h V n d r/ @ d @ n d f I f t_h i r/ u m z t_h u E k_h s k_h w @ z @ t_h b @ t_h { n I k_h @ l g A r/ d @ n z @ n d f O r/ I k_h s p_h { n s I v s w I m I N p_h u l z p_h E r/ @ d a I s r/ I z O r/ t_h w I l h E l p_h j u l i v O l j O r/ s t_h r/ E s b I h a I n d f O r/ f 3` D 3` I n f 3` m e I S @ n p_h l i z v I z @ t_h a U 3` w E b s a I t_h,k_h I N f O @ b j u t_h I f @ l g E t_h w e I f O @ l u k_h s I s S u r/ i @ s r/ I s O r/ t_h D @ s t_h V n I N p_h { r/ @ d a I s r/ I s O r/ t_h I z D @ p_h 3` f e k_h d E s t_h I n e I S @ n f O r/ j u w i A f @ @ t_h o U t_h @ l @ v t_h u h V n d r/ @ d @ n d f I f t_h i r/ u m z t_h u E k_h s k_h w I s a I p_h O k_h t_h e n I g @ n g A d @ n @ n d f O r/ I k_h s p_h E n s I v s w I m I N s p_h u n p_h { r/ @ d a I r/ I s O r/ t_h w I l h E l p_h j u l i v O l j U r/ s t_h r/ E s b I h a I n d f O r/ f 3` D @ I n f @ m e I S @ n p_h l i z v I z I t_h a U @ w E b s a I t_h
elearning/329,k_h I N s t_h o U n p_h A r/ k_h l o U k_h e I t_h @ d n I r/ D @ f U t_h b O l s t_h e I d i @ m w A z d I z a I n d @ n d d I v E l @ p_h t_h b a I D @ s I t_h i z p_h A r/ k_h s @ n d r/ E k_h r/ i e I S @ n k_h @ m I t_h i I t_h f i tS 3` z r/ E r/ t_h r/ i s p_h i S i z @ tS I l d r/ @ n z p_h l e I g r/ a U n d @ n d @ s t_h e I dZ f O r/ m j u z I k_h p_h 3` f O r/ m @ n s @ z s I n s s { t_h 3` d i s I t_h @ z @ n z h { v b I n g { D 3` I N { t_h D @ n u p_h A r/ k_h t_h u r/ I l { k_h s @ n d E n dZ O I D @ g r/ i n 3` i,s t_h o U n p_h A r/ k_h l o U k_h e I d @ d n I r/ D @ f U t_h b O l s t_h e I d i @ m w V z d I z a I n d { n d d E v @ l @ p_h t_h b a I s I t_h i z p_h A r/ k_h { n d k_h r/ i r/ i r/ E r/ I k_h r/ i e I S @ n k_h O m I t_h i I t_h f i tS @ r/ s r/ E r/ t_h r/ i s p_h E s I s @ tS I l d r/ @ n s p_h l e I g r/ a U { n d @ s t_h e I dZ f O r/ m j u z I k_h p_h @ r/ f O r/ m @ n s s I n s s { s V n s { t_h @ r/ d e I s I t_h @ z @ n z h { v b I n g { D @ r/ I N { t_h D @ n j u p_h A r/ k_h t_h u r/ I l { k_h s { n d I n dZ O I D @ g r/ i n @ l i
elearning/330,w E l k_h @ m t_h u D @ o U h a I o U s t_h e I t_h l a I b r/ E r/ i t_h U r/ b I f O r/ w i b I g I n l E t_h m i S E r/ @ b I t_h @ b a U t_h D @ f @ s I l I t_h i f V n d @ d b a I o U h a I o U s t_h e I t_h j u n @ v 3` s @ t_h i D @ l a I b r/ E r/ i h { z O l w e I z b I n f r/ i @ n d o U p_h @ n t_h u D @ p_h V b l I k_h O l b U k_h s p_h I r/ i A d I k_h @ l z @ n d V D 3` m @ t_h I r/ i @ l z A r/ @ v e I l @ b @ l t_h u b o U T k_h @ m j u n @ t_h i m E m b 3` z @ n d s t_h u d @ n t_h s,w E l k_h @ m t_h u o U h a I o U s t_h e I t_h l a I b r/ E r/ i t_h U r/ b I f O r/ w i b I g I n l E t_h m i s E r/ @ b I t_h @ b a U f E s I l I t_h i f V n d I d b a I o U h a I o U s t_h e I t_h j u n I v 3` r/ s @ t_h i { n d l a I b r/ E r/ i h { z O l w e I b I n f r/ i { n d o U p_h @ n t_h u p_h V b l I k_h O l b U k_h s p_h I r/ i d I k_h @ l { n d V D @ r/ m @ t_h E r/ i @ l z A r/ @ v e I l @ b @ l t_h u b O T k_h O m j u n I t_h i m E m b @ r/ s { n d s t_h u d @ n t_h s
elearning/340,t_h @ n a I t_h A n s @ l E b r/ I t_h i s p_h A t_h l a I t_h w i h { v @ f { n t_h { s t_h I k_h g E s t_h dZ O I n I N V s A n D @ p_h r/ o U g r/ { m d e I v I d h E r/ I s w V n V v D @ m o U s t_h f e I m @ s { k_h t_h 3` z I n D @ w 3` l d I z k_h 3` @ n t_h l i s t_h A r/ I N I n g { l @ k_h s i I n I g m @ { f t_h 3` D @ k_h @ m 3` S @ l b r/ e I k_h d e I v I d w I l d I s k_h V s h I z n u f I l m n u h o U m @ n d g r/ o U I N f { m @ l i s t_h e I t_h u n d f O r/ D I s s p_h E S @ l I n t_h 3` v j u,t_h @ n a I A n s E l E b r/ I t_h i s p_h A t_h l a I t_h w i h { v @ f { n t_h { s t_h I k_h g E s t_h dZ O I n I N V s A n D @ p_h r/ o U g r/ { m d e I v I d h { r/ I s w V n O v D @ m o U s t_h f e I m @ s { k_h t_h @ r/ I n D @ w 3` r/ l d I s k_h 3` r/ @ n l i s t_h E r/ I N I n g { l { s i E n I g m { { f t_h @ r/ D @ k_h O m 3` r/ s @ l b r/ e I k_h d e I v I d w I l d I s k_h V s h I s n j u f I m h I t_h n j u h o U m { n d g r/ o U I N f { m @ l i s t_h e I t_h u n f O r/ D I s s p_h E S @ l I n t_h @ r/ v j u
elearning/221,w I D n { tS 3` @ l s V n l a I t_h b a U n s I N O f D @ m { s t_h 3` p_h i s @ z r/ I l i f s k_h V l p_h tS 3` z n u l i I n s t_h O l d I n s E n t_h r/ @ l p_h A r/ k_h h { v t_h e I k_h @ n D @ w 3` l d b a I s t_h O r/ m D @ dZ E n 3` @ l p_h V b l I k_h h { v f l V d @ d t_h u D @ s i n w I D k_h { m 3` @ z A n k_h { p_h tS 3` I N O l { N g @ l z l o U k_h e I t_h @ d I n @ f e I v 3` @ b @ l s p_h A t_h n I r/ D @ t_h a U n h O l D i z s k_h V l p_h tS 3` z p_h r/ A m @ s t_h u b I k_h V m @ m e I dZ 3` @ t_h r/ { k_h S @ n,w I T n { tS @ r/ @ l s V n l a I t_h b a U n s I N O f D @ m { s t_h @ s p_h i s I z r/ I l i s s k_h V l p_h tS @ z n e w l a I I n s t_h o U d I N s E n t_h r/ @ l p_h A k_h h { v t_h { k_h I n D @ w 3` l d b a I s t_h O m D @ tS E n @ r/ @ l p_h V b l I k_h h { v f l o U d I d t_h u D I s k_h r/ a I @ n s w I T k_h { m @ r/ @ z A n k_h { p_h tS @ r/ I N O l { N g @ l z l o U k_h e I t_h I n @ v e I v O r/ @ b @ l s p_h O t_h n I r/ D @ t_h a U n h O l @ D i z s k_h V l p_h tS @ p_h r/ A m I s t_h u b I k_h V m @ m e I dZ @ @ t_h r/ { k_h S @ n
elearning/222,g U d m O r/ n I N D I s tS E s t_h 3` p_h r/ i m i @ m k_h l o U D I N a U 3` e I dZ @ n t_h s A r/ n a U V n @ v e I l @ b @ l t_h u { n s 3` j O r/ k_h O l f O r/ m O r/ I n f 3` m e I S @ n A n h A l @ d e I d I s k_h a U n t_h s @ n d o U p_h @ n I N a U 3` z p_h l i z v I z @ t_h a U 3` s o U S @ l m i d i @ @ k_h a U n t_h s A n f e I s b U k_h @ n d I n s t_h E g r/ { m f O r/ d 3` E k_h t_h I n k_h w a I r/ i a U 3` e I dZ @ n t_h s w I l k_h A n t_h { k_h t_h j u d U r/ I N O f @ s a U 3` z D @ f A l o U I N d e I I f j u w U d l a I k_h t_h u l i v @ m E s @ dZ p_h l i z p_h r/ E s t_h u @ n d r/ I k_h O r/ d j O r/ v O I s m E s @ dZ T { N k_h j u f O r/ j O r/ V n d 3` s t_h { n d I N,g U d m O r/ n I n D I s tS E t_h 3` p_h r/ i m i @ m k_h l o U T I N a U 3` E n g I 3` z A r/ n a U V n @ v e I l @ b @ l t_h u { n s 3` j U r/ k_h O l f O r/ m O r/ I n f O r/ m e I S @ n A n h A l @ d e I d I s k_h a U n t_h s { n d o U p_h @ n I N a U 3` z p_h l i z v I z I t_h s a U 3` s o U s a I @ b O l m i d i @ @ k_h a U n t_h s A n f e I s b U k_h { n d I n t_h a g r/ { m f O r/ d a I r/ E k_h t_h dZ i u k_h r/ i O r/ E n g E n t_h s w I l k_h A n t_h { k_h t_h j u d U r/ I N O p_h f I s a U 3` z D @ f A l o U I n d_< a I I f j u w d l a I k_h t_h u l i v @ m E t_h r/ I dZ p_h l i z k_h r/ E s t_h u { n d r/ I k_h O r/ d j U r/ v O I s m E t_h r/ I dZ T { N k_h f O r/ j U r/ V n d 3` s t_h { n d I N
elearning/267,w I D n { tS 3` @ l s V n l a I t_h b a U n s I N O f D @ m { s t_h 3` p_h i s @ z r/ I l i f s k_h V l p_h tS 3` z n u l i I n s t_h O l d I n s E n t_h r/ @ l p_h A r/ k_h h { v t_h e I k_h @ n D @ w 3` l d b a I s t_h O r/ m D @ dZ E n 3` @ l p_h V b l I k_h h { v f l V d @ d t_h u D @ s i n w I D k_h { m 3` @ z A n k_h { p_h tS 3` I N O l { N g @ l z l o U k_h e I t_h @ d I n @ f e I v 3` @ b @ l s p_h A t_h n I r/ D @ t_h a U n h O l D i z s k_h V l p_h tS 3` z p_h r/ A m @ s t_h u b I k_h V m @ m e I dZ 3` @ t_h r/ { k_h S @ n,tS @ s V n l a I t_h b a U n s I N O f D @ m { s t_h @ p_h i s I z r/ I l i f s s k_h V l p_h tS @ z n u l i I n s t_h O l d I n s E n t_h r/ @ l p_h A k_h h { v t_h e I k_h @ n D @ w 3` l d b a I s t_h O m D @ dZ E n @ r/ @ l p_h V b l I k_h h { v f l V d I d t_h u D @ s e n s w I T k_h { m @ r/ @ z A n k_h { p_h tS @ r/ I N O l e I n dZ @ l z l o U k_h e I t_h I d I n f e I v @ r/ a I b @ l s p_h O t_h n I r/ D @ t_h a U n h O l D i z s k_h V l p_h tS @ z p_h r/ A m I s t_h u b I k_h V m @ m e I dZ @ @ t_h r/ { k_h S @ n
elearning/268,g U d m O r/ n I N D I s tS E s t_h 3` p_h r/ i m i @ m k_h l o U D I N a U 3` e I dZ @ n t_h s A r/ n a U V n @ v e I l @ b @ l t_h u { n s 3` j O r/ k_h O l f O r/ m O r/ I n f 3` m e I S @ n A n h A l @ d e I d I s k_h a U n t_h s @ n d o U p_h @ n I N a U 3` z p_h l i z v I z @ t_h a U 3` s o U S @ l m i d i @ @ k_h a U n t_h s A n f e I s b U k_h @ n d I n s t_h E g r/ { m f O r/ d 3` E k_h t_h I n k_h w a I r/ i a U 3` e I dZ @ n t_h s w I l k_h A n t_h { k_h t_h j u d U r/ I N O f @ s a U 3` z D @ f A l o U I N d e I I f j u w U d l a I k_h t_h u l i v @ m E s @ dZ p_h l i z p_h r/ E s t_h u @ n d r/ I k_h O r/ d j O r/ v O I s m E s @ dZ T { N k_h j u f O r/ j O r/ V n d 3` s t_h { n d I N,g U d m O r/ n I N D I s tS E s t_h 3` p_h r/ i m i @ m k_h l o U T I N a U 3` e I dZ @ n t_h s A r/ n a U V n @ v e I l @ b @ l t_h u { n s 3` j U r/ k_h O l f O r/ m O r/ I n f O r/ m e I S @ n A n h A l @ d e I d I s k_h a U n t_h s { n d o U p_h @ n I N a U 3` z p_h l i z v I z I t_h a U 3` s o U S @ l m e d i a @ k_h a U n t_h s A n f e I s b U k_h { n d I n t_h a I n s t_h a g r/ { m f O r/ d_< i r/ E k_h t_h l i I n k_h w a I r/ i f O r/ d_< i r/ E k_h t_h @ m I n k_h w a I r/ i a U 3` @ g E n t_h s w I l k_h A n t_h { k_h t_h j u d U r/ I N O p_h f I a U 3` D @ f A l o U I N d_< a I I f j u w U d l a I k_h t_h u l i v @ m E s I dZ p_h l i p_h r/ E s t_h u t_h u { n d r/ I k_h O r/ d j U r/ v O I s m E s I dZ T { N k_h j u f O r/ j U r/ V n
elearning/276,w I D n { tS 3` @ l s V n l a I t_h b a U n s I N O f D @ m { s t_h 3` p_h i s @ z r/ I l i f s k_h V l p_h tS 3` z n u l i I n s t_h O l d I n s E n t_h r/ @ l p_h A r/ k_h h { v t_h e I k_h @ n D @ w 3` l d b a I s t_h O r/ m D @ dZ E n 3` @ l p_h V b l I k_h h { v f l V d @ d t_h u D @ s i n w I D k_h { m 3` @ z A n k_h { p_h tS 3` I N O l { N g @ l z l o U k_h e I t_h @ d I n @ f e I v 3` @ b @ l s p_h A t_h n I r/ D @ t_h a U n h O l D i z s k_h V l p_h tS 3` z p_h r/ A m @ s t_h u b I k_h V m @ m e I dZ 3` @ t_h r/ { k_h S @ n,s k_h w { k_h s w I T n { tS @ r/ @ l s V n l a I t_h b a U n s I n O f D @ m { s t_h @ p_h i s r/ I l i f s k_h V l p_h tS @ z n u l i I n s t_h O l d I d I n s E n t_h r/ @ l p_h A k_h h { v t_h e I k_h @ n D @ w 3` d w 3` l d b a I s t_h O m D @ dZ E n @ r/ @ l p_h V b l I k_h h { v f f l V d I d t_h u D @ s i n w I T k_h { m @ r/ @ z A n k_h { p_h tS @ r/ I N O l e I n dZ @ l z l o U k_h e I t_h I d I n @ f e I v @ r/ a I b @ l s p_h O t_h n I r/ D @ t_h a U n h O l D i z s k_h V l p_h tS @ z p_h r/ A m I s t_h u b I k_h V m @ m e I dZ @ @ t_h r/ { k_h S @ n
elearning/053,A r/ j u p_h l { n I N f O r/ @ v e I k_h e I S @ n d V z f a I n d I N @ k_h A m @ d e I S @ n @ p_h I r/ t_h u b i @ d O n t_h I N t_h { s k_h w i v g A t_h j O r/ b { k_h w E l k_h @ m t_h u E d @ n b i r/ I z O r/ t_h s I tS u e I t_h I d r/ a I t_h { t_h D @ E n t_h r/ @ n s V v D @ b E k_h I n d @ l @ v { l i w a I l s a I t_h s i I N t_h U r/ @ s t_h @ t_h r/ { k_h S @ n z j O r/ s t_h e I { t_h E d @ n b i w I l b i @ k_h A m @ d e I t_h @ d w I D s p_h E k_h t_h { k_h j @ l 3` s a I t_h s r/ a I t_h { t_h j O r/ d O r/ s t_h E p_h w i O f 3` s p_h e I S @ s v I l @ z f U l i I k_h w I p_h t_h @ n d f r/ i { k_h s E s t_h u { n I n f I n @ t_h i p_h u l { t_h @ f O r/ d @ b @ l p_h r/ a I s @ z dZ V s t_h f a I v k_h @ l A m @ t_h 3` z @ w e I f r/ V m D @ s I t_h i s E n t_h 3` D I s w I l b i { n I k_h s p_h I r/ i @ n s j u w o U n t_h f 3` g E t_h @ h { p_h i g E s t_h I z a U 3` g r/ e I t_h @ s t_h t_h r/ E Z 3` k_h A n t_h { k_h t_h V s t_h @ d e I,A j u p_h l { n I N f O @ v @ k_h e I S n D @ f a I n d I N @ k_h A m @ d e I S n @ p_h I @ t_h u b i @ d O n t_h I N t_h A s t_h w i v g A t_h j O b { k_h w e l k_h @ m t_h u e d I n b e I r/ I z O t_h s I tS u e I t_h I d r/ a I t_h { t_h D i e n t_h r/ I n s @ v D @ b e k_h I d e I l v I l e I w a I l s a I t_h s i I N t_h u @ r/ I t_h @ t_h r/ { k_h S n z j u s t_h e I { t_h e d I n b e I w I l b i @ k_h A m @ d e I t_h I d w I D s p_h e k_h t_h { k_h j @ l @ s a I t_h s r/ a I { t_h D i @ d @ U { t_h j O d O s t_h e p_h w i A f @ s p_h e I S @ t_h v I l @ f u l i I k_h w I p_h t_h m @ n t_h I k_h w I p_h t_h { n f r/ i @ s e t_h t_h u @ n I n f I n I t_h i p_h u l O { t_h @ f O d @ b l p_h r/ a I s t_h u s f a I k_h I l A m e t_h t_h u @ w e I f r/ A m D @ s I t_h i s e n t_h @ D I s w I l b i @ n
elearning/076,g U d i v n I N l e I d i z @ n d dZ E n t_h @ l m I n w E l k_h @ m t_h u a U 3` f a I n @ l S o U V v D @ t_h U r/ I n D @ l a I n V p_h w i w I l h { v p_h 3` f O r/ m @ n s @ z f r/ V m t_h { l @ n t_h @ d A r/ t_h @ s t_h s @ n d s t_h u d @ n t_h s h u w I l S U r/ l i s w i p_h V s O f a U 3` f i t_h @ n d @ m e I z V s w I D D E r/ f O r/ t_h e I D I s I z @ tS { n s t_h u n A t_h o U n l i S o U k_h e I s A r/ t_h I s t_h I k_h k_h r/ i e I S @ n z b V t_h O l s o U a U 3` k_h V n t_h r/ i z k_h V l tS 3` @ l s p_h l E n d 3` @ n d n E r/ e I t_h I d h I s t_h 3` i w I T a U t_h f 3` D 3` @ d u l E t_h dZ O I @ n d I k_h s a I t_h m @ n t_h s p_h r/ E d @ n d w E l k_h @ m a U 3` f 3` s t_h f o U k_h l O r/ p_h 3` f O r/ m @ n s,g U d i v n I N l e I d I z { n d dZ e n l m @ n w e l k_h @ m t_h u a U @ f a I @ s f a I n l S @ U A v D @ t_h U @ r/ I n l a I V f w i h { v p_h @ f O m @ n s f r/ A m t_h e n t_h i A t_h I s { n d s t_h j u d n h u w I s U @ l i s w i p_h @ t_h A f a U @ f i t_h { n d @ m e I z @ t_h w I D D @ f O t_h D I s I tS e I n t_h u n A t_h A n l i s @ U k_h e I s A t_h I s t_h I k_h k_h r/ i e I S n b V t_h O l s @ U a U k_h V n t_h r/ i k_h V l tS @ r/ @ l s p_h l e n d @ { n d n { r/ e I t_h I d s h I s t_h r/ i w I D a U f 3` D @ @ d O r/ l e t_h dZ O I { n I k_h s a I m @ n t_h s p_h r/ e d s p_h r/ e d { n d w e l k_h V m a U f 3` s t_h f A k_h l O p_h @ f O m @ n s
elearning/274,w E l k_h @ m t_h u k_h V s t_h @ m 3` s 3` v @ s I m 3` dZ @ n s i z w i O f 3` s @ p_h O r/ t_h f O r/ O r/ d 3` m I k_h s @ p_h s p_h r/ A d @ k_h t_h I S u z @ n d V D 3` r/ I l e I t_h I d k_h @ n s 3` n z w i s I n s I r/ l i @ p_h A l @ dZ a I z f O r/ D @ I S u z j u h { v I n k_h a U n t_h 3` d f O r/ d I t_h e I l d I n s t_h r/ V k_h S @ n A n h a U t_h u p_h r/ @ s i d p_h l i z v I z @ t_h a U 3` w E b s a I t_h t_h u s p_h i k_h w I D a U 3` e I dZ @ n t_h p_h l i z p_h r/ E s w V n t_h u b i d 3` E k_h t_h @ d t_h u a U 3` O r/ d 3` s 3` v @ s @ z s t_h { f p_h r/ E s t_h u t_h u b i d 3` E k_h t_h @ d t_h u a U 3` p_h r/ A d @ k_h t_h k_h w A l @ t_h i t_h i m T { N k_h j u f O r/ j O r/ V n d 3` s t_h { n d I N,w E l k_h @ m t_h u k_h V s t_h @ m 3` s 3` v I s I m 3` dZ @ n s i z w i O f 3` s @ p_h O r/ t_h f O r/ O r/ d 3` m I k_h s V p_h s p_h r/ A d V k_h t_h I S u z { n d a o d 3` r/ I l e I t_h I d k_h @ n s 3` n z w i s I n s I r/ l i @ p_h A l @ dZ a I z f O r/ D @ I S u z j u h { v I n k_h a U n t_h I d f O r/ d i t_h e I l d I n s t_h r/ V k_h S @ n A n h a U t_h u p_h r/ o U s i d p_h l i z v I z I t_h a U 3` w E b s a I t_h t_h u s p_h i k_h w I D a U 3` e I dZ @ n t_h p_h l i z p_h r/ E s w V n t_h u b i d a I r/ E k_h t_h I d t_h u a U 3` O r/ d 3` s 3` v I s I z s t_h { f p_h r/ E s t_h u t_h u b i d a I r/ E k_h t_h I d t_h u a U 3` p_h r/ A d V k_h t_h k_h w A l @ t_h i t_h i m T { N k_h j u f O r/ j O r/ V n d 3` s t_h { n d I N
elearning/282,O f s i A s n v E dZ t_h @ b @ l z m a I t_h b i I k_h s t_h r/ i m l i h A r/ d t_h u f a I n d @ n d p_h r/ a I s @ z A r/ I g z O r/ b I t_h @ n t_h d r/ A p_h b a I a U 3` O r/ g { n I k_h f u d s t_h O r/ l o U k_h e I t_h @ d d a U n t_h a U n p_h 3` k_h S O h i r/ w i O f 3` d a I v 3` s tS O I s @ z r/ e I n dZ I N f r/ V m g r/ e I n z t_h u g r/ i n l i v z w i A r/ @ v e I l @ b @ l f O r/ I n s t_h O r/ i S A p_h I N b V t_h a U 3` d I l I v 3` i s 3` v @ s w I l O l s o U n A t_h d I s @ p_h O I n t_h,O f s i z @ n v e dZ @ t_h @ b @ l z m a I t_h b i I k_h s t_h r/ i m l i h A r/ d t_h u f a I n d { n d p_h r/ a I s A r/ I g s O b i t_h @ n t_h d r/ A p_h b a I a U 3` O r/ g { n I k_h f u d s t_h O r/ l o U k_h e I t_h I d d a U n t_h a U n p_h @ S a U h I r/ w i O f 3` d a I v 3` s tS O I s I z r/ e I n tS I N f r/ V m g r/ E n s t_h u g r/ i n l i v z w i A r/ @ v e I l @ b @ l f O r/ I n s t_h O r/ S A p_h I N b V t_h a U 3` d I l I v 3` i s 3` v I s w I l O l s o n A t_h d I s @ p_h O I n t_h
elearning/151,A r/ j u l U k_h I N f O r/ @ b j u t_h @ f @ l g E t_h @ w e I t_h u @ l @ g Z 3` i @ s r/ I z O r/ t_h D @ s t_h V n I N p_h E r/ @ d a I s r/ I z O r/ t_h I z D @ p_h 3` f I k_h t_h d E s t_h @ n e I S @ n f O r/ j u w i O f 3` @ t_h o U t_h @ l V v t_h u h V n d r/ @ d @ n d f I f t_h i r/ u m z t_h u E k_h s k_h w @ z @ t_h b @ t_h { n I k_h @ l g A r/ d @ n z @ n d f O r/ I k_h s p_h { n s I v s w I m I N p_h u l z p_h E r/ @ d a I s r/ I z O r/ t_h w I l h E l p_h j u l i v O l j O r/ s t_h r/ E s b I h a I n d f O r/ f 3` D 3` I n f 3` m e I S @ n p_h l i z v I z @ t_h a U 3` w E b s a I t_h,A r/ j u l U k_h I N f O @ b j u t_h I f @ l g E t_h @ w e I t_h u @ l V g Z U r/ i @ t_h r/ I s O r/ t_h D @ s t_h V n I N p_h e r/ @ d a I r/ I s O r/ t_h I z D @ p_h 3` f e k_h d E s t_h I n e I S @ n f O r/ j u w i A f @ @ t_h o U t_h @ l @ v t_h u h V n d r/ @ d @ n d f I f t_h i r/ u m z t_h u E k_h w I z I t_h b o t_h e n I k_h @ l g A d @ n z @ n d f O r/ I k_h s p_h E n s I v w I m I N p_h u l p_h e r/ @ d a I r/ I s O r/ t_h w I l h E l p_h j u l i v O l j U r/ s t_h r/ E s b I h a I n d f O r/ f 3` D @ I n f @ m e I S @ n p_h l i z v I z I t_h a U @ w E b s a I t_h
elearning/004,g U d i v n I N l e I d i z @ n d dZ E n t_h @ l m I n w E l k_h @ m t_h u a U 3` f a I n @ l S o U V v D @ t_h U r/ I n D @ l a I n V p_h w i w I l h { v p_h 3` f O r/ m @ n s @ z f r/ V m t_h { l @ n t_h @ d A r/ t_h @ s t_h s @ n d s t_h u d @ n t_h s h u w I l S U r/ l i s w i p_h V s O f a U 3` f i t_h @ n d @ m e I z V s w I D D E r/ f O r/ t_h e I D I s I z @ tS { n s t_h u n A t_h o U n l i S o U k_h e I s A r/ t_h I s t_h I k_h k_h r/ i e I S @ n z b V t_h O l s o U a U 3` k_h V n t_h r/ i z k_h V l tS 3` @ l s p_h l E n d 3` @ n d n E r/ e I t_h I d h I s t_h 3` i w I T a U t_h f 3` D 3` @ d u l E t_h dZ O I @ n d I k_h s a I t_h m @ n t_h s p_h r/ E d @ n d w E l k_h @ m a U 3` f 3` s t_h f o U k_h l O r/ p_h 3` f O r/ m @ n s,g U d i v n I N l e I d I { n dZ e n @ m @ n w e l k_h @ m t_h u h a U l i f I n I s h a U @ v D @ t_h U @ I n D @ l a I V p_h w i w I l h { v p_h @ f O m @ n f r/ A m t_h { l @ n { k_h t_h I t_h { n s t_h j u d n s h u w I l s U l i s w i p_h @ s A f a U @ f i t_h { n { m @ @ t_h w I D D @ f O t_h I k_h D I s I @ tS { n t_h u n A t_h A n l i s @ k_h e I { t_h I k_h k_h r/ e I S n b V t_h @ s l O A n l @ k_h V n t_h r/ i k_h V l tS U r/ @ l s p_h e d @ { n n { r/ e I t_h I d t_h A r/ i w I D a U f 3` D @ @ d u w I D l O I { n @ k_h j u t_h @ m @ n s p_h e d { n w e l k_h @ m A n l @ f 3` t_h p_h r/ O I @ p_h @ f O m @ n
elearning/041,D @ r/ e I dZ I N h i t_h d U r/ I N D @ s V m 3` m V n T s V v A g @ s t_h I z f a I n @ l i g o U I N @ w e I D { t_h I z I n D I s w i k_h s w E D 3` b r/ i f I N z D @ S E f i l d r/ i dZ @ n I z r/ i p_h O r/ t_h @ d t_h u b i s u n w I t_h n @ s I N @ t_h E m p_h r/ @ tS 3` d r/ A p_h D @ k_h u l b r/ i z I z w I l m e I k_h I t_h @ f a I n @ k_h e I Z @ n t_h u E n dZ O I a U t_h d O r/ { k_h t_h I v @ t_h i z b I w E r/ V v V n I k_h s p_h E k_h t_h I d S a U 3` z s t_h I l,D @ r/ e I Z I N h I t_h d U r/ I N D @ s V m @ m V n T A v O g @ s I f a I n @ n i g @ U I N @ w e I D A t_h I z I n D I t_h w i k_h s w e D I N b r/ I s t_h I N D @ S A f i l r/ i Z n I z r/ I p_h O s t_h I d t_h u b i t_h u b i S u n w I t_h n I S I N @ t_h e m p_h @ r/ e I tS @ d r/ @ U p_h D @ k_h O l b r/ i z w I l m e I k_h I t_h s @ f { A k_h e I S n t_h u I n dZ O I a U d O { k_h t_h I v I t_h I b I @ w e @ v V n I k_h s p_h e k_h t_h I d S U @ s t_h I N
elearning/052,f r/ V m D @ r/ o U l i p_h A l i O l D @ w e I T r/ u t_h u D @ k_h V d l i s t_h e I dZ n { tS 3` @ l d O g f u d I z O l w e I z m a I g o U t_h o U A p_h S @ n n o U A r/ t_h @ f I S @ l k_h V l 3` I N z O r/ p_h r/ @ z 3` v @ t_h I v z a I r/ E s t_h @ S U r/ d D { t_h I m t_h e I k_h I N k_h E r/ V v m a I d O g @ v e I l @ b @ l I n d I p_h A r/ t_h m @ n t_h s t_h O r/ z @ k_h r/ O s D @ s t_h e I t_h s n { tS 3` @ l d O g f u d A r/ r/ i l h E l T i s n { k_h s f O r/ O l @ k_h e I Z @ n z b r/ { n d n u s p_h E S @ l d O g t_h r/ i t_h s A r/ n a U @ v e I l @ b @ l f O r/ p_h r/ a I d r/ 3` A n a U 3` w E b s a I t_h j O r/ d O g I z I n g U d h { n d z,f r/ A m s l @ U l i f r/ A m D @ r/ @ U l i p_h @ U l i O l D @ w e I T r/ u t_h u D @ k_h u d @ l i s t_h e I t_h n { tS r/ @ d A g f u d I z O w e I m a I g @ U t_h u A p_h S n n @ U A t_h I f I k_h l k_h @ n V s t_h I N O p_h r/ I z I v e I t_h I v a I r/ e s a S U @ s D a t_h a I t_h e I k_h I N k_h e @ v @ d A g @ v e I l e I b l I n d I s p_h A t_h m @ n t_h s t_h O r/ V k_h r/ A s D @ s t_h e I t_h n { tS r/ @ d A g f u d A r/ i l h e l T i s n e k_h f O O l A k_h S n b r/ { n n j u s p_h I s p_h I S l d A g t_h r/ i t_h s a n a U @ v e I l e I b l f O p_h r/ i O d @ A n D @ f 3` r/ s a I t_h j O d A g I z I n g U d h { n d
elearning/080,O f s i A s n v E dZ t_h @ b @ l z m a I t_h b i I k_h s t_h r/ i m l i h A r/ d t_h u f a I n d @ n d p_h r/ a I s @ z A r/ I g z O r/ b I t_h @ n t_h d r/ A p_h b a I a U 3` O r/ g { n I k_h f u d s t_h O r/ l o U k_h e I t_h @ d d a U n t_h a U n p_h 3` k_h S O h i r/ w i O f 3` d a I v 3` s tS O I s @ z r/ e I n dZ I N f r/ V m g r/ e I n z t_h u g r/ i n l i v z w i A r/ @ v e I l @ b @ l f O r/ I n s t_h O r/ i S A p_h I N b V t_h a U 3` d I l I v 3` i s 3` v @ s w I l O l s o U n A t_h d I s @ p_h O I n t_h,s i z @ n v e dZ e t_h e I b @ l m e I b i I k_h s t_h r/ e m l i h O k_h t_h u f a I n d { n d f r/ I k_h A r/ @ z o b i t_h @ n t_h g r/ a p_h b a I a U 3` O r/ g { n I k_h f u V t_h s t_h O r/ l o U k_h e I t_h I d d a U n t_h a U n p_h E t_h S a U h I r/ w i O f t_h @ n d i v 3` r/ s tS O I r/ a n g I N f r/ V m g E n z t_h u g r/ e n l i v w i A r/ @ v e I l @ b @ l f O r/ I n s t_h O r/ S A p_h I N b V t_h a U 3` d i v e v @ r/ i s e v i w I l O l s o n A t_h d I s p_h O I n t_h @ n t_h
elearning/091,w I D n { tS 3` @ l s V n l a I t_h b a U n s I N O f D @ m { s t_h 3` p_h i s @ z r/ I l i f s k_h V l p_h tS 3` z n u l i I n s t_h O l d I n s E n t_h r/ @ l p_h A r/ k_h h { v t_h e I k_h @ n D @ w 3` l d b a I s t_h O r/ m D @ dZ E n 3` @ l p_h V b l I k_h h { v f l V d @ d t_h u D @ s i n w I D k_h { m 3` @ z A n k_h { p_h tS 3` I N O l { N g @ l z l o U k_h e I t_h @ d I n @ f e I v 3` @ b @ l s p_h A t_h n I r/ D @ t_h a U n h O l D i z s k_h V l p_h tS 3` z p_h r/ A m @ s t_h u b I k_h V m @ m e I dZ 3` @ t_h r/ { k_h S @ n,dZ e n @ r/ @ l s V n l a I t_h b o U s I N O f D @ m { t_h @ r/ g r/ e I t_h r/ I l i f s k_h o U tS O n u l i I n s t_h a t_h I d I N t_h e n t_h @ l p_h a t_h h { v @ t_h e I k_h @ n D @ w O k_h b a I s t_h O m D @ d Z E n @ r/ @ l b V b l I k_h h { v @ f l u d I d t_h u D @ s e n s @ w I T k_h { m @ r/ @ A n k_h { n v a t_h O r/ i O l { N g @ l l o U k_h @ l I n @ f o v o r/ I k_h f O v @ r/ @ r/ b @ l s p_h O t_h n I r/ D @ t_h a U n h o d e s k_h V p_h t_h u p_h p_h r/ A m I k_h t_h u b I k_h @ m @ m e I dZ @ a t_h a t_h s @ n
elearning/092,g U d m O r/ n I N D I s tS E s t_h 3` p_h r/ i m i @ m k_h l o U D I N a U 3` e I dZ @ n t_h s A r/ n a U V n @ v e I l @ b @ l t_h u { n s 3` j O r/ k_h O l f O r/ m O r/ I n f 3` m e I S @ n A n h A l @ d e I d I s k_h a U n t_h s @ n d o U p_h @ n I N a U 3` z p_h l i z v I z @ t_h a U 3` s o U S @ l m i d i @ @ k_h a U n t_h s A n f e I s b U k_h @ n d I n s t_h E g r/ { m f O r/ d 3` E k_h t_h I n k_h w a I r/ i a U 3` e I dZ @ n t_h s w I l k_h A n t_h { k_h t_h j u d U r/ I N O f @ s a U 3` z D @ f A l o U I N d e I I f j u w U d l a I k_h t_h u l i v @ m E s @ dZ p_h l i z p_h r/ E s t_h u @ n d r/ I k_h O r/ d j O r/ v O I s m E s @ dZ T { N k_h j u f O r/ j O r/ V n d 3` s t_h { n d I N,g U d m O r/ n I N D I t_h tS E t_h t_h @ r/ p_h r/ i m i @ m k_h l a U k_h l a U z I N 3` U @ @ dZ E n t_h A r/ n o U V n v e I l @ b @ l t_h u { n s 3` j U r/ k_h o f O r/ m O r/ I n f O r/ m e I S @ n A n h A l @ d e I d I t_h k_h o U { n d A n p_h 3` n n I N h a U p_h l i p_h l i v i s I k_h 3` U @ s o U S @ l m e d i a @ k_h a U n t_h A n f e I b U k_h { n d I n t_h a g { m f O r/ d I t_h t_h @ r/ E t_h s I n g w i r/ i I n a U 3` E n g @ w I l k_h A n t_h E t_h j U r/ d @ r/ u r/ I N O f I s h a U D @ f A l o U I N d_< a I I f j u w U d l a I k_h t_h u l i v @ m E s e I dZ 3` p_h l i p_h r/ E s t_h u { n d r/ i k_h o j U r/ v O I m E s e I dZ 3`
elearning/133,f O r/ D @ k_h r/ A p_h t_h u j i l d f A r/ m 3` z n i d t_h u @ k_h a U n t_h f O r/ D @ t_h E m p_h r/ @ tS 3` D @ m O I s tS 3` @ n d l a I t_h h A t_h @ n d d r/ a I k_h @ n d I S @ n z k_h @ n t_h I n j u t_h u p_h l e I g D @ s E n t_h r/ @ l @ n d n O r/ D 3` n r/ i dZ @ n z D I s g r/ o U I N s i z @ n w a I l D @ s V D 3` n w I t_h n @ s @ z f e I v 3` @ b @ l r/ e I n z D @ p_h { t_h 3` n z @ p_h I r/ t_h u l { s t_h @ n t_h I l D @ s E k_h @ n d h { f V v d I s E m b 3` p_h l { n t_h I N I z I k_h s p_h E k_h t_h @ d t_h u b i d I l e I d,f O D @ k_h r/ A p_h t_h u j I r/ f A r/ m @ r/ n i d t_h u @ k_h a U n t_h f O D @ t_h E m p_h r/ @ tS @ r/ D @ m O I t_h r/ @ l { n d l a I h A t_h { n d d r/ a I k_h A n d i s t_h @ n k_h @ n t_h I n j u t_h u p_h l { n D @ s E n t_h r/ @ l { n d n O T r/ i g @ n D I s g r/ o U I N s i z @ n w a I l D @ s a U T @ n g r/ a U I N s i z @ n w I t_h n I t_h s a U d @ m w I t_h n I t_h f e I f a v o r/ @ b @ l r/ e I n D @ p_h a r/ t_h @ r/ @ p_h p_h @ r/ i E t_h t_h u l { t_h V n t_h I l D @ s E k_h @ n d h o @ v d I s E m b @ r/ p_h l { n t_h I N i I k_h p_h I k_h t_h @ t_h t_h u d I l a I @ t_h
elearning/145,O f s i A s n v E dZ t_h @ b @ l z m a I t_h b i I k_h s t_h r/ i m l i h A r/ d t_h u f a I n d @ n d p_h r/ a I s @ z A r/ I g z O r/ b I t_h @ n t_h d r/ A p_h b a I a U 3` O r/ g { n I k_h f u d s t_h O r/ l o U k_h e I t_h @ d d a U n t_h a U n p_h 3` k_h S O h i r/ w i O f 3` d a I v 3` s tS O I s @ z r/ e I n dZ I N f r/ V m g r/ e I n z t_h u g r/ i n l i v z w i A r/ @ v e I l @ b @ l f O r/ I n s t_h O r/ i S A p_h I N b V t_h a U 3` d I l I v 3` i s 3` v @ s w I l O l s o U n A t_h d I s @ p_h O I n t_h,O f s i s @ n v e g E t_h @ b @ l z m a I b i I k_h s t_h r/ i m l i h A r/ d t_h u f a I n d { n d p_h r/ a I s i A r/ I g @ m o b i t_h @ n t_h d r/ A p_h b a I O r/ o r/ g a n I k_h f u d s t_h O r/ l o U k_h e I t_h I d d a U n t_h a U n b @ S a U h w 3` w i O f t_h @ n d a I v 3` tS O I s r/ e I n g I N f O r/ g r/ e I n t_h u g r/ i n l i v w E r/ @ v e I l @ b @ l f O r/ I n s t_h O r/ s t_h O p_h I N b V t_h A n d_< i d_< i l I v 3` i s 3` r/ v a I w I l O l s o n A t_h d_< I t_h d I s s 3` d I s p_h I n
elearning/181,k_h V m I N V p_h n E k_h s t_h A n h o U m S E f w i w I l S o U j u h a U t_h u m e I k_h p_h i t_h s @ { t_h h o U m w I tS I z p_h r/ I t_h i m V tS @ n h 3` d V v D @ T r/ i m e I n k_h @ m p_h o U n @ n t_h s A r/ k_h r/ V s t_h s O s @ n d t_h A p_h I N z w I tS j u k_h { n m e I k_h { t_h h o U m O r/ b a I D E m p_h r/ E m e I d l E t_h s g E t_h D @ d o U s t_h A r/ t_h @ d s o U D { t_h I t_h h { z t_h a I m t_h u r/ E s t_h m O r/ d I t_h e I l z w I l b i p_h r/ @ v a I d @ d r/ a I t_h { f t_h 3` k_h @ m 3` S @ l b r/ e I k_h,k_h V m I N n E k_h s t_h A n h o U m tS e f w i w I l S o U j u h a U t_h u m e I k_h p_h i z a { t_h h o U m w I k_h I p_h r/ e t_h i m V tS h @ n V n h 3` d h @ n V n h E d V v D @ T r/ i m e n k_h @ m p_h o U n @ n t_h s A r/ k_h r/ u t_h k_h r/ @ s t_h a s s s s a u { n d t_h A p_h I N w I k_h j u k_h { n m e I k_h { t_h h o U m O r/ b a I D E m p_h r/ i m e I d l E t_h s g E t_h D @ d a U t_h s t_h A r/ t_h I d s o U D { t_h I t_h h { d t_h a I m t_h u
elearning/189,w E l k_h @ m t_h u D @ m E t_h r/ @ p_h A l @ t_h @ n m j u z i @ m V v A r/ t_h w i h o U p_h j O r/ t_h U r/ I z I n f O r/ m @ t_h I v @ n d E n dZ O I @ b @ l s I n s D E r/ A r/ @ l A t_h V v v I z @ t_h 3` z h i r/ t_h @ d e I w i w I l d I v a I d I n t_h u t_h u g r/ u p_h s { f t_h 3` k_h @ m p_h l i t_h I N D @ t_h U r/ j u m e I v I z @ t_h D @ g I f t_h S A p_h A n D @ f 3` s t_h f l O r/ E n dZ O I @ m i l I n D @ k_h { f @ t_h I r/ i @ O r/ l 3` n @ b a U t_h V p_h k_h V m I N I g z I b @ t_h s { t_h D @ I n f 3` m e I S @ n d E s k_h,w E l k_h @ m t_h u m e t_h o p_h A l I t_h @ n m j u z i @ m @ v A r/ t_h w i h o U p_h w i h o U p_h j U r/ t_h U r/ I z I n f O r/ m e I S @ n I n f O r/ m e I S @ n @ n d I n dZ O I @ b @ l s I n s D E r/ A r/ @ l A t_h @ v v I s I t_h u @ h I r/ t_h @ d e I w i w I l d I v a I d I n t_h u t_h u g r/ u p_h { f t_h 3` k_h @ p_h l i t_h I N D @ t_h U r/ j u m e I v I z I t_h D @ S A p_h j u m e I v I z I t_h D @ g I f t_h S A p_h A n D @ f 3` s t_h f l O r/ I n I n dZ O I @ m i l I n D @ k_h o f @ t_h @ r/ i @ O r/ l 3` n @ p_h a U t_h V p_h k_h V m I N I g s h I b I N I g s h I b I t_h s { t_h @
elearning/214,D I s s V n d e I dZ { z m { s t_h 3` k_h A f i S A p_h I n v a I t_h s k_h A f i l V v 3` z t_h u @ t_h e I s t_h I N I v E n t_h { t_h a U 3` s t_h O r/ v I z @ t_h D @ S A p_h b I t_h w i n s I k_h s @ n d n a I n @ k_h l A k_h t_h u E n dZ O I h { f p_h r/ a I s d I z 3` t_h s l a I v m j u z I k_h @ n d a U 3` I k_h s k_h l u s I v k_h A f i f r/ V m k_h @ l V m b i @ w a I l j U r/ h i r/ j u k_h { n k_h @ m p_h l i t_h @ k_h V s t_h @ m 3` s 3` v e I t_h u r/ @ s i v @ p_h { k_h V v f r/ i k_h A f i t_h u b r/ u { t_h h o U m,D I s s V n d e I j a m { s k_h O f i S A p_h I n v a I t_h k_h O f i l V v 3` t_h u s t_h E t_h s t_h I N i v a I { t_h A 3` s t_h O r/ v I z I t_h D @ S A p_h b I t_h w i n s I k_h s { n d n a I n o k_h l o k_h t_h u I n dZ O I h { f p_h r/ I d I z 3` t_h l a I v m j u z I k_h { n d A 3` I k_h s k_h l u s I v k_h O f i f r/ V m k_h o l u n i a k_h o l u m b i a w a I l j u @ h I r/ j u k_h { n k_h @ m p_h l i t_h s @ k_h V s t_h @ m 3` s 3` v e I t_h u r/ I s i v { n d p_h { k_h @ v f r/ i k_h O f i t_h u p_h i u { t_h h o U m
elearning/177,A r/ j u l U k_h I N f O r/ @ b j u t_h @ f @ l g E t_h @ w e I t_h u @ l @ g Z 3` i @ s r/ I z O r/ t_h D @ s t_h V n I N p_h E r/ @ d a I s r/ I z O r/ t_h I z D @ p_h 3` f I k_h t_h d E s t_h @ n e I S @ n f O r/ j u w i O f 3` @ t_h o U t_h @ l V v t_h u h V n d r/ @ d @ n d f I f t_h i r/ u m z t_h u E k_h s k_h w @ z @ t_h b @ t_h { n I k_h @ l g A r/ d @ n z @ n d f O r/ I k_h s p_h { n s I v s w I m I N p_h u l z p_h E r/ @ d a I s r/ I z O r/ t_h w I l h E l p_h j u l i v O l j O r/ s t_h r/ E s b I h a I n d f O r/ f 3` D 3` I n f 3` m e I S @ n p_h l i z v I z @ t_h a U 3` w E b s a I t_h,A r/ j u l U k_h I N f O @ b j u t_h I f @ l g E t_h @ w e I t_h u @ l V g Z U r/ i @ s l @ t_h r/ I s O r/ t_h D @ s t_h V n I N p_h { r/ @ d a I s r/ I s O r/ t_h I D @ p_h 3` f e k_h t_h d E s t_h I n e I S @ n f O r/ j u w i A f @ @ t_h o U t_h @ l @ v t_h u h V n d r/ e d @ n d f I f t_h i r/ u m z t_h u E k_h w I s I t_h b o t_h e n S @ l g A d @ n z @ n d f O r/ I k_h s p_h E n s I v s w I m I N p_h u l z p_h { r/ @ d a I r/ I s O r/ t_h w I l h E l p_h j u l i v A n j U r/ s t_h r/ E s b I h a I n d f O r/ f 3` D @ I n f @ m e I S @ n p_h l i z v I s I t_h a U @ w E b s a I t_h
elearning/328,t_h @ n a I t_h A n s @ l E b r/ I t_h i s p_h A t_h l a I t_h w i h { v @ f { n t_h { s t_h I k_h g E s t_h dZ O I n I N V s A n D @ p_h r/ o U g r/ { m d e I v I d h E r/ I s w V n V v D @ m o U s t_h f e I m @ s { k_h t_h 3` z I n D @ w 3` l d I z k_h 3` @ n t_h l i s t_h A r/ I N I n g { l @ k_h s i I n I g m @ { f t_h 3` D @ k_h @ m 3` S @ l b r/ e I k_h d e I v I d w I l d I s k_h V s h I z n u f I l m n u h o U m @ n d g r/ o U I N f { m @ l i s t_h e I t_h u n d f O r/ D I s s p_h E S @ l I n t_h 3` v j u,t_h @ n a I A n s E l @ b r/ I t_h i s p_h A t_h l a I t_h w i h { v @ f { n t_h { s t_h I k_h g E s t_h dZ O I n I N V s A n D @ p_h r/ o U g r/ { m d { v I d h { r/ I s w V n O v D @ m o U s t_h f e I m @ s { k_h t_h @ r/ s I n D @ w 3` r/ l d I s k_h 3` r/ @ n l i s t_h E r/ I N I n g { l @ k_h s i E s t_h I g m @ { f t_h @ r/ D @ k_h O m 3` r/ s @ l b r/ e I k_h d { v I s w I l d I s k_h V s h I s n j u f I l m n j u h O m { n d g r/ o U I N f { m @ l i s t_h e I t_h u n d f O r/ D I s s p_h E s @ l I n t_h @ r/ v j u
elearning/095,A r/ j u l U k_h I N f O r/ @ f V n n u h A b i I f s o U h E d r/ a I t_h o U v 3` D @ b r/ { n s @ n l a I b r/ E r/ i w i A r/ l O n tS I N @ b U k_h k_h l V b f O r/ k_h @ m j u n @ t_h i m E m b 3` z l a I k_h j u m E m b 3` z w I l r/ E d @ b U k_h @ m V n T h { v w i k_h l i d I s k_h V S @ n z @ n d r/ a I t_h @ r/ i p_h O r/ t_h @ b a U t_h D E r/ f { v j u r/ a I t_h k_h E r/ I k_h t_h 3` w i w I l m i t_h A n w E n z d i i v n I N z { t_h s E v @ n @ k_h l A k_h k_h A n t_h { k_h t_h b E t_h i { t_h D @ f r/ V n t_h d E s k_h f O r/ m O r/ I n f 3` m e I S @ n,j u l U k_h I N f O r/ @ f V n h A b i I f s o U h E d r/ a I t_h o v 3` D @ b r/ { n s @ n l a I b r/ e r/ i w i A r/ l A n tS I N @ b U k_h k_h l V b f O r/ k_h @ m j u n @ t_h i m E m b 3` z l a I k_h j u m E m b 3` z w I l r/ i d @ b U k_h @ m V n T h { v w i k_h l i d I s k_h V S @ n z { n d r/ a I t_h @ r/ I p_h O r/ t_h @ b a U t_h D E r/ f e I v r/ I t_h k_h { r/ @ k_h t_h 3` w i w I l m i t_h A n w E n z d e I i v n I N z { t_h s E v @ n @ k_h l A k_h k_h A n t_h { k_h t_h b E t_h i { t_h D @ f r/ V n t_h d E s k_h f O r/ m O r/ I n f 3` m e I S @ n
elearning/096,t_h @ n a I t_h A n w 3` k_h I N m V D 3` z w i w I l h { v @ v E r/ i s p_h E S @ l g E s t_h s p_h i k_h 3` s { l i w O r/ @ n I z @ f e I m @ s s a I @ n t_h I s t_h n A t_h o U n l i I z S i @ p_h a I @ n I r/ I n k_h @ m p_h j u t_h 3` p_h r/ o U g r/ { m I N m { T @ m { t_h I k_h s @ n d d e I t_h @ b e I s m { n @ dZ m @ n t_h S i I z O l s o U { n @ m e I z I N m A m S i w I l b i s p_h i k_h I N t_h u V s @ b a U t_h D @ tS { l @ n dZ I z V v b { l @ n s I N b I t_h w i n @ k_h 3` I r/ @ n d m V D 3` h U d p_h l i z w E l k_h @ m s { l i w O r/ @ n t_h u D @ s t_h u d i o U,t_h @ n a I t_h A n w 3` k_h I N m V D 3` z w i w I l h { v @ v E r/ i s p_h E S @ l g E s t_h s p_h i k_h 3` s { l i w O r/ @ n I z @ f e I m @ s s a I @ n t_h I s t_h n A t_h o U n l i I z S i @ p_h a I @ n I r/ I n k_h @ m p_h j u t_h 3` p_h r/ o U g r/ { m I N m { T @ m { t_h I k_h s { n d d e I t_h @ b e I s m { n I dZ m @ n t_h S i I z O l s o U { n @ m e I z I N m A m S i w I l b i s p_h i k_h I N t_h u V s @ b a U t_h D @ tS { l I n dZ I z @ v b { l @ n s I N b I t_h w i n @ k_h @ r/ I r/ { n d m V D 3` h U d p_h l i z w E l k_h @ m s { l i w O r/ @ n t_h u D @ s t_h u d i o U
elearning/077,g U d i v n I N l e I d i z @ n d dZ E n t_h @ l m I n w E l k_h @ m t_h u a U 3` f a I n @ l S o U V v D @ t_h U r/ I n D @ l a I n V p_h w i w I l h { v p_h 3` f O r/ m @ n s @ z f r/ V m t_h { l @ n t_h @ d A r/ t_h @ s t_h s @ n d s t_h u d @ n t_h s h u w I l S U r/ l i s w i p_h V s O f a U 3` f i t_h @ n d @ m e I z V s w I D D E r/ f O r/ t_h e I D I s I z @ tS { n s t_h u n A t_h o U n l i S o U k_h e I s A r/ t_h I s t_h I k_h k_h r/ i e I S @ n z b V t_h O l s o U a U 3` k_h V n t_h r/ i z k_h V l tS 3` @ l s p_h l E n d 3` @ n d n E r/ e I t_h I d h I s t_h 3` i w I T a U t_h f 3` D 3` @ d u l E t_h dZ O I @ n d I k_h s a I t_h m @ n t_h s p_h r/ E d @ n d w E l k_h @ m a U 3` f 3` s t_h f o U k_h l O r/ p_h 3` f O r/ m @ n s,g U d i v n I N l e I d I z { n d dZ e n t_h l m @ n w e l k_h @ m t_h u a U @ f a I n l S @ U @ v D @ t_h U @ I n d @ l a I n V p_h w i w I l h { v p_h @ f O m @ n s f r/ A m t_h { l @ n t_h I d A t_h I s t_h s { n d s t_h j u d n t_h s h u w I l S U @ l i w i p_h V s f w i T a U @ f i t_h { n d @ m e I z @ t_h w I D D e f u t_h D I s I @ tS { n s n A t_h A n l i S @ U k_h e I s A t_h I s t_h I k_h k_h r/ i e I S n b V t_h s O l s i k_h @ n t_h r/ I s k_h V l tS @ r/ @ s s p_h e n d i { n d n { r/ I s h I s t_h r/ i w I D a U f 3` D @ @ d r/ @ U l e t_h dZ O I { n d I k_h s a I t_h m @ n s p_h r/ e d w e l k_h @ m a U @ f 3` s t_h f @ k_h l 3` p_h @ f O m @ n s
elearning/150,w E l k_h @ m t_h u D @ m E t_h r/ @ p_h A l @ t_h @ n m j u z i @ m V v A r/ t_h w i h o U p_h j O r/ t_h U r/ I z I n f O r/ m @ t_h I v @ n d E n dZ O I @ b @ l s I n s D E r/ A r/ @ l A t_h V v v I z @ t_h 3` z h i r/ t_h @ d e I w i w I l d I v a I d I n t_h u t_h u g r/ u p_h s { f t_h 3` k_h @ m p_h l i t_h I N D @ t_h U r/ j u m e I v I z @ t_h D @ g I f t_h S A p_h A n D @ f 3` s t_h f l O r/ E n dZ O I @ m i l I n D @ k_h { f @ t_h I r/ i @ O r/ l 3` n @ b a U t_h V p_h k_h V m I N I g z I b @ t_h s { t_h D @ I n f 3` m e I S @ n d E s k_h,w E l k_h @ m t_h u D @ m E t_h r/ @ p_h A l I t_h @ n m j u z i @ m @ v A r/ t_h w i h o U p_h j U r/ t_h U r/ I I n f O r/ m @ t_h I v @ n d I n dZ O I @ b @ l s I n s D E r/ A r/ @ l A t_h @ v v I z I t_h 3` z h I r/ t_h @ d e I w i w I l d I v a I d I n t_h u t_h u g r/ u p_h s { f t_h 3` k_h @ m p_h l i t_h I d D @ t_h U r/ j u m e I v I z I t_h D @ g I f t_h S A p_h A n D @ f 3` s t_h f l O r/ I n dZ O I @ m i l I n D @ k_h { f @ t_h I r/ i @ O r/ l 3` n @ b a U t_h V p_h k_h V m I N I g z I b I t_h s { t_h D @ I n f O r/ m e I S @ n d E s k_h
elearning/162,D I s s V n d e I dZ { z m { s t_h 3` k_h A f i S A p_h I n v a I t_h s k_h A f i l V v 3` z t_h u @ t_h e I s t_h I N I v E n t_h { t_h a U 3` s t_h O r/ v I z @ t_h D @ S A p_h b I t_h w i n s I k_h s @ n d n a I n @ k_h l A k_h t_h u E n dZ O I h { f p_h r/ a I s d I z 3` t_h s l a I v m j u z I k_h @ n d a U 3` I k_h s k_h l u s I v k_h A f i f r/ V m k_h @ l V m b i @ w a I l j U r/ h i r/ j u k_h { n k_h @ m p_h l i t_h @ k_h V s t_h @ m 3` s 3` v e I t_h u r/ @ s i v @ p_h { k_h V v f r/ i k_h A f i t_h u b r/ u { t_h h o U m,D I s s V n d e I j a z m { s t_h 3` k_h O f i S A p_h I n v a I t_h I d k_h O f i l V v 3` z t_h u a I t_h e I s t_h I N I v E n t_h { t_h A 3` s t_h O r/ v I z I t_h D @ S A p_h b I t_h w i n s I k_h s { n d n a I n @ k_h l A k_h t_h u I n dZ O I h { f p_h r/ a I d E z 3` t_h l a I v m j u z I k_h { n d A 3` I k_h l u s I v k_h O f i f r/ V m k_h @ l V m b i @ w a I l j U r/ h I r/ j u k_h { n k_h @ m p_h l i t_h @ k_h V s t_h @ m 3` s 3` v e I t_h u r/ I s i v @ p_h { k_h @ v f r/ i k_h O f i t_h u b r/ u { t_h h o U m
elearning/254,d V z j O r/ k_h V m p_h @ n i z { k_h t_h I v @ t_h i z I n v A l v t_h r/ { n z { k_h S @ n z j u z I N f O r/ @ n k_h 3` @ n s i z d u b { N k_h s h a I s 3` v @ s f i z @ p_h I r/ t_h u b i @ b { r/ i 3` l E t_h D @ t_h i m { t_h I k_h s tS e I n dZ s m A r/ t_h h E l p_h j u m i t_h O l j O r/ I k_h s tS e I n dZ r/ I k_h w a I r/ m @ n t_h s w i O f 3` t_h e I l 3` d s 3` v @ s @ z t_h u a U 3` b I z n @ s k_h V s t_h @ m 3` z D { t_h A r/ d I z a I n d t_h u h E l p_h j u g E t_h D @ b E s t_h k_h w o U t_h s @ n d i v I n d I l I v 3` j O r/ tS E k_h s @ n d d r/ { f t_h s k_h A n t_h { k_h t_h V s t_h @ d e I,d V z j O r/ k_h V m p_h @ n i z { k_h t_h I v I t_h i z I n v A l v t_h r/ { n s { k_h S @ n s j u z I N f O r/ @ n k_h V r/ @ n s i z d u b { N k_h s h a I s 3` v I s f i z @ p_h I r/ t_h u b i @ b { r/ i 3` l E t_h D @ t_h i m { t_h I k_h s tS e I n dZ s m A r/ t_h h E l p_h j u m i t_h O l j O r/ I k_h s tS e I n dZ r/ I k_h w a I r/ m @ n t_h s w i O f 3` t_h e I l 3` d s 3` v I s I z t_h u a U 3` b I z n I s k_h V s t_h @ m 3` z D { t_h A r/ d I z a I n d t_h u f A r/ t_h u h E l p_h j u g E t_h D @ b E s t_h k_h w o U t_h s { n d i v @ n d I l I v 3` j O r/ tS E k_h s { n d d r/ { f t_h s k_h A n t_h { k_h t_h V s t_h @ d e I
elearning/273,w E l k_h @ m t_h u D @ m E t_h r/ @ p_h A l @ t_h @ n m j u z i @ m V v A r/ t_h w i h o U p_h j O r/ t_h U r/ I z I n f O r/ m @ t_h I v @ n d E n dZ O I @ b @ l s I n s D E r/ A r/ @ l A t_h V v v I z @ t_h 3` z h i r/ t_h @ d e I w i w I l d I v a I d I n t_h u t_h u g r/ u p_h s { f t_h 3` k_h @ m p_h l i t_h I N D @ t_h U r/ j u m e I v I z @ t_h D @ g I f t_h S A p_h A n D @ f 3` s t_h f l O r/ E n dZ O I @ m i l I n D @ k_h { f @ t_h I r/ i @ O r/ l 3` n @ b a U t_h V p_h k_h V m I N I g z I b @ t_h s { t_h D @ I n f 3` m e I S @ n d E s k_h,w E l k_h @ m t_h u D @ m e t_h r/ @ p_h A l I t_h @ n m j u z i @ m @ v A r/ t_h w i h o U p_h j U r/ t_h U r/ I I n f O r/ m @ t_h I v @ n d I n dZ O I a I b @ l s I n s D E r/ A r/ @ l A t_h @ v v I z I t_h t_h U r/ h I r/ t_h @ d e I w i w I l d I v a I d I n t_h u t_h u g r/ u p_h { f t_h 3` k_h @ m p_h l i t_h I N D @ t_h U r/ j u m e I v I z I t_h D @ g I f t_h S A p_h A n D @ f 3` s t_h f l O r/ I n dZ O I @ m i l I n D @ k_h { f e t_h @ t_h e r/ i @ O r/ l 3` n @ b a U t_h V p_h k_h V m I N I g h I b I t_h s @ n I g h I s b I t_h V t_h D @ I n f O r/ m e I S @ n d E s k_h
elearning/199,A r/ j u l U k_h I N f O r/ @ f V n n u h A b i I f s o U h E d r/ a I t_h o U v 3` D @ b r/ { n s @ n l a I b r/ E r/ i w i A r/ l O n tS I N @ b U k_h k_h l V b f O r/ k_h @ m j u n @ t_h i m E m b 3` z l a I k_h j u m E m b 3` z w I l r/ E d @ b U k_h @ m V n T h { v w i k_h l i d I s k_h V S @ n z @ n d r/ a I t_h @ r/ i p_h O r/ t_h @ b a U t_h D E r/ f { v j u r/ a I t_h k_h E r/ I k_h t_h 3` w i w I l m i t_h A n w E n z d i i v n I N z { t_h s E v @ n @ k_h l A k_h k_h A n t_h { k_h t_h b E t_h i { t_h D @ f r/ V n t_h d E s k_h f O r/ m O r/ I n f 3` m e I S @ n,A r/ j u l U k_h I N f O r/ @ f V n n u h A b i I f s o U h E d r/ a I t_h o U v 3` D @ b r/ { n s @ n l a I b r/ @ r/ i w i A r/ l O n tS I N @ b U k_h k_h l V b f O r/ k_h @ m u t_h i dZ i u m E m b 3` z l a I k_h j u m E m b 3` z w I l r/ i d @ b U k_h I @ m V n T h { v l i k_h i l i d I s k_h V S @ n z { n d r/ a I t_h @ r/ I p_h O r/ t_h @ b a U t_h D E r/ f e I v r/ I t_h tS e r/ @ k_h t_h 3` w i l m i t_h A n w E n z d e I i v n I N z { t_h s E v @ n @ k_h l A k_h k_h A n t_h { k_h t_h b E t_h i @ D @ f r/ V n t_h d E s k_h f O r/ m O r/ I n f 3` m e I S @ n
elearning/213,t_h @ n a I t_h A n w 3` k_h I N m V D 3` z w i w I l h { v @ v E r/ i s p_h E S @ l g E s t_h s p_h i k_h 3` s { l i w O r/ @ n I z @ f e I m @ s s a I @ n t_h I s t_h n A t_h o U n l i I z S i @ p_h a I @ n I r/ I n k_h @ m p_h j u t_h 3` p_h r/ o U g r/ { m I N m { T @ m { t_h I k_h s @ n d d e I t_h @ b e I s m { n @ dZ m @ n t_h S i I z O l s o U { n @ m e I z I N m A m S i w I l b i s p_h i k_h I N t_h u V s @ b a U t_h D @ tS { l @ n dZ I z V v b { l @ n s I N b I t_h w i n @ k_h 3` I r/ @ n d m V D 3` h U d p_h l i z w E l k_h @ m s { l i w O r/ @ n t_h u D @ s t_h u d i o U,t_h @ n a I t_h A n w 3` k_h I N m V D 3` z w i w I l h { v @ v E r/ i s p_h E S @ l g E s t_h s p_h i k_h 3` s e l i w O r/ @ n I z @ f e I m @ s s a I @ n t_h I s t_h n A t_h o U n l i I z h i @ p_h a I @ n I r/ I n k_h @ m p_h j u t_h 3` p_h r/ o U g r/ { m I N m { T @ m { t_h I k_h s { n d d a t_h a b e I m { n I dZ m @ n t_h S i O l s o U { n @ m e I z I N m A m t_h u w I l b i s p_h i k_h I N t_h u V s @ b a U t_h D @ tS { l I n dZ I z @ v b { l @ n s I N b I t_h w i n @ k_h @ r/ I r/ { n d m V D 3` h U d p_h l i z w E l k_h @ m s e l i w O r/ @ n t_h u D @ s t_h u d i o U
elearning/056,D @ r/ e I dZ I N h i t_h d U r/ I N D @ s V m 3` m V n T s V v A g @ s t_h I z f a I n @ l i g o U I N @ w e I D { t_h I z I n D I s w i k_h s w E D 3` b r/ i f I N z D @ S E f i l d r/ i dZ @ n I z r/ i p_h O r/ t_h @ d t_h u b i s u n w I t_h n @ s I N @ t_h E m p_h r/ @ tS 3` d r/ A p_h D @ k_h u l b r/ i z I z w I l m e I k_h I t_h @ f a I n @ k_h e I Z @ n t_h u E n dZ O I a U t_h d O r/ { k_h t_h I v @ t_h i z b I w E r/ V v V n I k_h s p_h E k_h t_h I d S a U 3` z s t_h I l,d @ r/ a I g I n h { t_h s d j U I N d @ S V m @ r/ m V n T s @ v O g @ s I f a I n @ n i g @ U I N @ w e I d A t_h I I n d I s w i k_h s w e d @ b r/ i f I N s d @ S e f i l r/ i s A n I r/ I s p_h O t_h I d s t_h u b i S u n w I t_h s n I S I N @ r/ t_h e m p_h r/ e I S @ t_h d r/ A p_h d @ k_h u l b r/ i s I w I l m e I k_h I t_h s @ f a I A k_h e I S n t_h u I dZ O I a U d O { k_h t_h I v I t_h I s b I w O @ s @ n e k_h s p_h e k_h t_h I d S O @ s t_h I l
elearning/065,f r/ V m D @ r/ o U l i p_h A l i O l D @ w e I T r/ u t_h u D @ k_h V d l i s t_h e I dZ n { tS 3` @ l d O g f u d I z O l w e I z m a I g o U t_h o U A p_h S @ n n o U A r/ t_h @ f I S @ l k_h V l 3` I N z O r/ p_h r/ @ z 3` v @ t_h I v z a I r/ E s t_h @ S U r/ d D { t_h I m t_h e I k_h I N k_h E r/ V v m a I d O g @ v e I l @ b @ l I n d I p_h A r/ t_h m @ n t_h s t_h O r/ z @ k_h r/ O s D @ s t_h e I t_h s n { tS 3` @ l d O g f u d A r/ r/ i l h E l T i s n { k_h s f O r/ O l @ k_h e I Z @ n z b r/ { n d n u s p_h E S @ l d O g t_h r/ i t_h s A r/ n a U @ v e I l @ b @ l f O r/ p_h r/ a I d r/ 3` A n a U 3` w E b s a I t_h j O r/ d O g I z I n g U d h { n d z,r/ A m D @ r/ A l i s p_h @ U l i O l D @ w e I r/ @ U t_h u D @ k_h 3` r/ i s t_h e I n { tS U r/ @ d A g s f u d s I O l w e I m a I g @ U t_h u A p_h S n n @ U A t_h i f I S l k_h V l @ s I N O r/ p_h r/ I f @ b e I s t_h i a r/ e s @ S U @ D a t_h a I m t_h e I k_h I N k_h e @ s m a I d A g @ v e I l @ b l I n d I p_h A t_h m @ n t_h s t_h O r/ @ r/ A k_h d @ s t_h e I n { tS r/ @ d A g f u d s A r/ i l h e l T i s n e k_h f O O l A k_h e I S n b r/ { n n j u s s p_h e S l d A g s t_h r/ i t_h s a n a U @ v e I l @ b l f O r/ r/ I s p_h 3` A n w e b S a I j O d A g I z I n g U d s h { n d s
elearning/104,w I D n { tS 3` @ l s V n l a I t_h b a U n s I N O f D @ m { s t_h 3` p_h i s @ z r/ I l i f s k_h V l p_h tS 3` z n u l i I n s t_h O l d I n s E n t_h r/ @ l p_h A r/ k_h h { v t_h e I k_h @ n D @ w 3` l d b a I s t_h O r/ m D @ dZ E n 3` @ l p_h V b l I k_h h { v f l V d @ d t_h u D @ s i n w I D k_h { m 3` @ z A n k_h { p_h tS 3` I N O l { N g @ l z l o U k_h e I t_h @ d I n @ f e I v 3` @ b @ l s p_h A t_h n I r/ D @ t_h a U n h O l D i z s k_h V l p_h tS 3` z p_h r/ A m @ s t_h u b I k_h V m @ m e I dZ 3` @ t_h r/ { k_h S @ n,w I T n e I t_h S @ r/ @ l s V n l a I t_h b o U t_h S I N O f D @ m { s t_h @ r/ p_h i s r/ I l a I s s k_h V l p_h t_h S @ z n u l a I I n s t_h O l d I n s e n t_h r/ @ l p_h A r/ k_h h { v t_h e I k_h @ n D @ w 3` l d b a I s t_h r/ o U m D @ d Z E n @ r/ @ l p_h V b l I k_h h E v @ f l u d I d t_h u D @ s i n w I T k_h { m @ r/ @ z A n k_h { p_h t_h S @ r/ I N O l e I n dZ @ l z l o U k_h e I t_h I d I n @ f e I v @ r/ @ b @ l s p_h O t_h n I r/ D @ t_h a U n h O l D i z D i z s k_h r/ V l p_h t_h S @ r/ z p_h r/ A m I s t_h u b I k_h V m @ m e I d Z @ r/ @ t_h r/ { k_h S @ n
elearning/105,g U d m O r/ n I N D I s tS E s t_h 3` p_h r/ i m i @ m k_h l o U D I N a U 3` e I dZ @ n t_h s A r/ n a U V n @ v e I l @ b @ l t_h u { n s 3` j O r/ k_h O l f O r/ m O r/ I n f 3` m e I S @ n A n h A l @ d e I d I s k_h a U n t_h s @ n d o U p_h @ n I N a U 3` z p_h l i z v I z @ t_h a U 3` s o U S @ l m i d i @ @ k_h a U n t_h s A n f e I s b U k_h @ n d I n s t_h E g r/ { m f O r/ d 3` E k_h t_h I n k_h w a I r/ i a U 3` e I dZ @ n t_h s w I l k_h A n t_h { k_h t_h j u d U r/ I N O f @ s a U 3` z D @ f A l o U I N d e I I f j u w U d l a I k_h t_h u l i v @ m E s @ dZ p_h l i z p_h r/ E s t_h u @ n d r/ I k_h O r/ d j O r/ v O I s m E s @ dZ T { N k_h j u f O r/ j O r/ V n d 3` s t_h { n d I N,g U d m O r/ n I N tS E s t_h 3` p_h r/ i m i @ m k_h l o t_h I t_h a U 3` e I dZ @ n t_h s A r/ n a U V n @ v a I l @ b @ l t_h u { n s 3` j U r/ k_h O l f O r/ m O r/ I n f O r/ m e I S @ n A n h A l @ d e I d I s k_h a U n t_h s { n d o U p_h @ n I N a U 3` z p_h l i v I z I t_h a U 3` s o U S @ l m e d i a @ k_h a U n t_h s A n f e I s b U k_h { n d I n s t_h @ g r/ { m f O r/ d a I r/ E k_h I n k_h w a I r/ i a U 3` e I dZ @ n t_h s w I l k_h A n t_h { k_h j u d U r/ I N O f I s a U 3` z D @ f A l o U I N d a I I f j u w U d l a I k_h t_h u l i v @ m E s I dZ p_h l i z p_h r/ E s t_h u { n d r/ I k_h O r/ j U r/ v O I s m E s I dZ T { N k_h j u f O r/ j U r/ V n d 3` s t_h { n d I N
elearning/062,g U d i v n I N l e I d i z @ n d dZ E n t_h @ l m I n w E l k_h @ m t_h u a U 3` f a I n @ l S o U V v D @ t_h U r/ I n D @ l a I n V p_h w i w I l h { v p_h 3` f O r/ m @ n s @ z f r/ V m t_h { l @ n t_h @ d A r/ t_h @ s t_h s @ n d s t_h u d @ n t_h s h u w I l S U r/ l i s w i p_h V s O f a U 3` f i t_h @ n d @ m e I z V s w I D D E r/ f O r/ t_h e I D I s I z @ tS { n s t_h u n A t_h o U n l i S o U k_h e I s A r/ t_h I s t_h I k_h k_h r/ i e I S @ n z b V t_h O l s o U a U 3` k_h V n t_h r/ i z k_h V l tS 3` @ l s p_h l E n d 3` @ n d n E r/ e I t_h I d h I s t_h 3` i w I T a U t_h f 3` D 3` @ d u l E t_h dZ O I @ n d I k_h s a I t_h m @ n t_h s p_h r/ E d @ n d w E l k_h @ m a U 3` f 3` s t_h f o U k_h l O r/ p_h 3` f O r/ m @ n s,g U d i v n I N l e I d i { n g e n t_h l m @ n w e l k_h V m t_h u a U @ f a I n l s @ U @ v D @ t_h U @ I n D @ l a I t_h V p_h w i w I l h a v f @ p_h O m @ n f r/ A m t_h { l @ n A T I t_h { n s j u d n h u w I l S l @ p_h l i s w i p_h @ v @ v a U s f i t_h { n @ m e I z @ t_h w I D d e @ p_h a U s I t_h @ s tS e I n s t_h u n A t_h A n l i s @ U k_h e I A t_h I t_h I k_h k_h r/ i e I S n b V t_h O l s @ U a U @ k_h V n t_h r/ i k_h @ tS @ p_h l e n d @ { n n { r/ A I t_h d I d h I t_h A r/ i w I t_h d a U f 3` d @ @ d @ U l A t_h dZ O I { n I k_h s a I t_h @ m @ n s f e d { n w e l k_h V m a U @ s f 3` p_h A k_h S @ U p_h @ f O m @ n
elearning/111,w E l k_h @ m t_h u D @ m E t_h r/ @ p_h A l @ t_h @ n m j u z i @ m V v A r/ t_h w i h o U p_h j O r/ t_h U r/ I z I n f O r/ m @ t_h I v @ n d E n dZ O I @ b @ l s I n s D E r/ A r/ @ l A t_h V v v I z @ t_h 3` z h i r/ t_h @ d e I w i w I l d I v a I d I n t_h u t_h u g r/ u p_h s { f t_h 3` k_h @ m p_h l i t_h I N D @ t_h U r/ j u m e I v I z @ t_h D @ g I f t_h S A p_h A n D @ f 3` s t_h f l O r/ E n dZ O I @ m i l I n D @ k_h { f @ t_h I r/ i @ O r/ l 3` n @ b a U t_h V p_h k_h V m I N I g z I b @ t_h s { t_h D @ I n f 3` m e I S @ n d E s k_h,w E l k_h @ m t_h u m E t_h r/ @ p_h A l I t_h @ n m j u z i @ m @ v A r/ t_h w i h o U p_h j U r/ t_h U r/ I z I n f O r/ m @ t_h I v @ n d I n dZ O I @ b @ l s I n s D E r/ A r/ @ l A t_h @ v v I z I t_h 3` z h I r/ t_h @ d e I w i w I l d I v a I d I n t_h u t_h u g r/ u p_h s { f t_h 3` k_h @ m p_h l i t_h I N D @ t_h U r/ j u m e I v I z I t_h D @ g I f t_h S A p_h A n D @ f l O r/ A n D @ f 3` s t_h f l O r/ I n dZ O I @ m i l I n D @ k_h { f @ t_h o r/ i @ O r/ l 3` n @ b a U t_h V p_h k_h V m I N I g s @ b I t_h s { t_h D @ I n f O r/ m e I S @ n d E s k_h
elearning/123,D I s s V n d e I dZ { z m { s t_h 3` k_h A f i S A p_h I n v a I t_h s k_h A f i l V v 3` z t_h u @ t_h e I s t_h I N I v E n t_h { t_h a U 3` s t_h O r/ v I z @ t_h D @ S A p_h b I t_h w i n s I k_h s @ n d n a I n @ k_h l A k_h t_h u E n dZ O I h { f p_h r/ a I s d I z 3` t_h s l a I v m j u z I k_h @ n d a U 3` I k_h s k_h l u s I v k_h A f i f r/ V m k_h @ l V m b i @ w a I l j U r/ h i r/ j u k_h { n k_h @ m p_h l i t_h @ k_h V s t_h @ m 3` s 3` v e I t_h u r/ @ s i v @ p_h { k_h V v f r/ i k_h A f i t_h u b r/ u { t_h h o U m,D I s s V n d e I dZ { m { s t_h 3` k_h O f i S A p_h I n v a I t_h s k_h O f i l V v 3` z t_h u t_h e I s t_h I N I v E n t_h { t_h A 3` s t_h O r/ v I z I t_h D @ S A p_h b I t_h w i n s I k_h s { n d n a I n @ k_h l A k_h t_h u I n dZ O I h { f p_h r/ a I s d E z 3` t_h l a I v m j u z I k_h { n d A 3` @ k_h l u s I v k_h O f i f r/ V m k_h @ l V m b i @ w a I l j u A r/ h I r/ j u k_h { n k_h @ m p_h l i t_h @ k_h V s t_h @ m 3` s 3` v e I t_h u r/ I s i v @ p_h { k_h @ v f r/ i k_h O f i t_h u b r/ i u { t_h h o U m
elearning/262,D I s s V n d e I dZ { z m { s t_h 3` k_h A f i S A p_h I n v a I t_h s k_h A f i l V v 3` z t_h u @ t_h e I s t_h I N I v E n t_h { t_h a U 3` s t_h O r/ v I z @ t_h D @ S A p_h b I t_h w i n s I k_h s @ n d n a I n @ k_h l A k_h t_h u E n dZ O I h { f p_h r/ a I s d I z 3` t_h s l a I v m j u z I k_h @ n d a U 3` I k_h s k_h l u s I v k_h A f i f r/ V m k_h @ l V m b i @ w a I l j U r/ h i r/ j u k_h { n k_h @ m p_h l i t_h @ k_h V s t_h @ m 3` s 3` v e I t_h u r/ @ s i v @ p_h { k_h V v f r/ i k_h A f i t_h u b r/ u { t_h h o U m,m a n @ w a k_h a I j i n O I d i @ D I s s V n d e I dZ { z m { s t_h 3` k_h O f i S A p_h I n v a I t_h I d k_h O f i l V v 3` t_h u @ t_h u @ t_h e I s t_h I N I v E n t_h { t_h A 3` s t_h O r/ v I z I t_h D @ S A p_h b I t_h w i n s I k_h s { n d n a I n o k_h l o k_h t_h u I n dZ O I h { f p_h r/ a I s d E z 3` t_h s l a I v m j u z I k_h s { n d A 3` I k_h s k_h l u s I v k_h O f i f r/ V m k_h @ l u m b i @ w a I l j u A r/ h I r/ j u k_h { n k_h @ m p_h l i t_h @ k_h V s t_h @ m 3` s 3` v e I t_h u r/ I s i v @ p_h { k_h @ v f r/ i k_h O f i t_h u @ b r/ u { t_h h
elearning/225,A r/ j u l U k_h I N f O r/ @ f V n n u h A b i I f s o U h E d r/ a I t_h o U v 3` D @ b r/ { n s @ n l a I b r/ E r/ i w i A r/ l O n tS I N @ b U k_h k_h l V b f O r/ k_h @ m j u n @ t_h i m E m b 3` z l a I k_h j u m E m b 3` z w I l r/ E d @ b U k_h @ m V n T h { v w i k_h l i d I s k_h V S @ n z @ n d r/ a I t_h @ r/ i p_h O r/ t_h @ b a U t_h D E r/ f { v j u r/ a I t_h k_h E r/ I k_h t_h 3` w i w I l m i t_h A n w E n z d i i v n I N z { t_h s E v @ n @ k_h l A k_h k_h A n t_h { k_h t_h b E t_h i { t_h D @ f r/ V n t_h d E s k_h f O r/ m O r/ I n f 3` m e I S @ n,A r/ j u l U k_h A r/ j u l U k_h I N f O r/ @ f V n n u h o U p_h i h o U p_h i I f s o U h E d r/ a I t_h o U v 3` D @ b r/ { n s @ n l a I b r/ @ r/ i w i A r/ l O n tS I N @ b U k_h k_h l V b f O r/ k_h @ m j u n @ t_h i m E m b 3` l a I k_h j u m E m b 3` z w I l r/ i d @ b U k_h @ m V n T h { v w i k_h l i d I s k_h V S @ n z { n d r/ a I t_h @ r/ I p_h O r/ t_h @ b a U t_h D E r/ f e I v r/ I t_h k_h { r/ @ k_h t_h 3` w i w I l m E t_h w I l m i t_h A n w E n d e I i v n I N z { t_h s E v @ n @ k_h l A k_h k_h A n t_h { k_h t_h p_h E t_h i { t_h D @ f r/ V n t_h d E s k_h f O r/ m O r/ I n f @ m e I t_h S @ n
elearning/238,A r/ j u l U k_h I N f O r/ @ f V n n u h A b i I f s o U h E d r/ a I t_h o U v 3` D @ b r/ { n s @ n l a I b r/ E r/ i w i A r/ l O n tS I N @ b U k_h k_h l V b f O r/ k_h @ m j u n @ t_h i m E m b 3` z l a I k_h j u m E m b 3` z w I l r/ E d @ b U k_h @ m V n T h { v w i k_h l i d I s k_h V S @ n z @ n d r/ a I t_h @ r/ i p_h O r/ t_h @ b a U t_h D E r/ f { v j u r/ a I t_h k_h E r/ I k_h t_h 3` w i w I l m i t_h A n w E n z d i i v n I N z { t_h s E v @ n @ k_h l A k_h k_h A n t_h { k_h t_h b E t_h i { t_h D @ f r/ V n t_h d E s k_h f O r/ m O r/ I n f 3` m e I S @ n,A r/ j u l U k_h A r/ j u l U k_h I N f O r/ { n A r/ j u l U k_h I N f O r/ @ f V n n u h A b i n u h A b i A r/ j u l U k_h I N f O r/ @ f V n n u h A b i I f s o U h E d r/ a I t_h a U v 3` D @ b r/ E t_h D @ b r/ e s V n l a I b r/ @ r/ i w i A r/ l O tS w i A r/ l O n tS I N @ b U k_h @ b U k_h k_h l V b f O r/ k_h @ m j u n @ t_h i m E m b 3` z l a I k_h j u m E m b 3` z w I l r/ i d @ b U k_h @ m V n T h { v w i k_h l i d I s k_h V S @ n z { n d r/ a I t_h @ r/ I p_h O r/ t_h @ b a U t_h D e f e I v r/ I t_h k_h { r/ @ k_h t_h 3` w i w I l m i t_h A n w E n d e I i v n I N z { t_h s E v @ n @ k_h l A k_h k_h A n t_h { k_h t_h k_h A n t_h { k_h t_h b E t_h i { t_h D @ f r/ V n t_h d E s k_h f O r/ m O r/ I n f 3` m e I S @ n
elearning/239,t_h @ n a I t_h A n w 3` k_h I N m V D 3` z w i w I l h { v @ v E r/ i s p_h E S @ l g E s t_h s p_h i k_h 3` s { l i w O r/ @ n I z @ f e I m @ s s a I @ n t_h I s t_h n A t_h o U n l i I z S i @ p_h a I @ n I r/ I n k_h @ m p_h j u t_h 3` p_h r/ o U g r/ { m I N m { T @ m { t_h I k_h s @ n d d e I t_h @ b e I s m { n @ dZ m @ n t_h S i I z O l s o U { n @ m e I z I N m A m S i w I l b i s p_h i k_h I N t_h u V s @ b a U t_h D @ tS { l @ n dZ I z V v b { l @ n s I N b I t_h w i n @ k_h 3` I r/ @ n d m V D 3` h U d p_h l i z w E l k_h @ m s { l i w O r/ @ n t_h u D @ s t_h u d i o U,t_h @ n a I t_h A n w 3` k_h I N m o D 3` s w i w I l h { v @ v E r/ i s p_h E S @ l g E s g E s t_h s p_h i k_h 3` s { l i w O r/ @ n a I @ f e I m @ s s a I @ n t_h I s t_h n A t_h o U n l i I z @ S i n A t_h o U n l i I S i @ p_h @ n n I r/ I n k_h @ m p_h j u t_h 3` p_h r/ o U g r/ { m I N m { T @ m { t_h I k_h s { n d d a t_h a b e I s m { n I dZ m @ n t_h S i I z O l s o U { n @ m e I z I N m A m S i w I l s p_h i k_h I N t_h u V s @ b a U t_h D @ tS { l I n dZ I z @ v p_h { l @ n s I N b I t_h w i n @ k_h @ r/ I r/ { n d m V D 3` h U d p_h l i z w E l k_h @ m s { l @ w O r/ @ n t_h u D @ s t_h u d i o U
elearning/250,t_h @ n a I t_h A n w 3` k_h I N m V D 3` z w i w I l h { v @ v E r/ i s p_h E S @ l g E s t_h s p_h i k_h 3` s { l i w O r/ @ n I z @ f e I m @ s s a I @ n t_h I s t_h n A t_h o U n l i I z S i @ p_h a I @ n I r/ I n k_h @ m p_h j u t_h 3` p_h r/ o U g r/ { m I N m { T @ m { t_h I k_h s @ n d d e I t_h @ b e I s m { n @ dZ m @ n t_h S i I z O l s o U { n @ m e I z I N m A m S i w I l b i s p_h i k_h I N t_h u V s @ b a U t_h D @ tS { l @ n dZ I z V v b { l @ n s I N b I t_h w i n @ k_h 3` I r/ @ n d m V D 3` h U d p_h l i z w E l k_h @ m s { l i w O r/ @ n t_h u D @ s t_h u d i o U,t_h @ n a I t_h A n w 3` k_h I N m V D 3` z w i w I l h { v @ v E r/ i s p_h E S @ l g E s t_h s p_h i k_h 3` s { l i w O r/ @ n I z @ f e I m @ s s a I @ n t_h I s t_h n A t_h o U n l i I z I z S i @ p_h a I @ n I r/ I n k_h @ m p_h j u t_h 3` p_h r/ o U g r/ { m I N m { T @ m { t_h I k_h s { n d d a t_h a p_h e I s m { n I dZ m @ n t_h S i z O l s o U { n { n @ m e I z I N m A m S i w I l s b i s p_h i k_h I N t_h u V s @ b a U t_h D @ tS { l I n dZ I z @ v p_h { l @ n s I N b I t_h w i n @ k_h @ r/ I r/ { n d m V D 3` h U d p_h l i z w E l k_h @ m s a l @ n s { l i w E r/ @ n w O r/ @ n t_h u D @ s t_h a I d i o U
elearning/261,t_h @ n a I t_h A n w 3` k_h I N m V D 3` z w i w I l h { v @ v E r/ i s p_h E S @ l g E s t_h s p_h i k_h 3` s { l i w O r/ @ n I z @ f e I m @ s s a I @ n t_h I s t_h n A t_h o U n l i I z S i @ p_h a I @ n I r/ I n k_h @ m p_h j u t_h 3` p_h r/ o U g r/ { m I N m { T @ m { t_h I k_h s @ n d d e I t_h @ b e I s m { n @ dZ m @ n t_h S i I z O l s o U { n @ m e I z I N m A m S i w I l b i s p_h i k_h I N t_h u V s @ b a U t_h D @ tS { l @ n dZ I z V v b { l @ n s I N b I t_h w i n @ k_h 3` I r/ @ n d m V D 3` h U d p_h l i z w E l k_h @ m s { l i w O r/ @ n t_h u D @ s t_h u d i o U,t_h @ n a I t_h A n w 3` k_h I N m V D 3` z w i w I l h { v @ v E r/ i s p_h E S @ l g E s t_h s p_h i d 3` s { l i w O r/ @ n I z @ f e I m @ s s a I @ n t_h I s t_h n A t_h o U n l i I z S i @ p_h a I @ n I r/ I n k_h @ m p_h j u t_h 3` p_h r/ o U g r/ { m I n m { T @ m { t_h I k_h s { n d d e I t_h @ b e I s m { n I dZ m @ n t_h S i I z O l s o U { n @ m e I z I N m A m S i w I l b i s p_h i k_h I N t_h u V s @ b a U t_h D @ tS { l I n dZ I z @ v b { l @ n s I N b I t_h w i n @ k_h @ r/ I r/ { n d m V D 3` h U d p_h l i z w E l k_h @ m s { l i w O r/ @ n t_h u D @ s t_h u d i o U
elearning/023,A r/ j u p_h l { n I N f O r/ @ v e I k_h e I S @ n d V z f a I n d I N @ k_h A m @ d e I S @ n @ p_h I r/ t_h u b i @ d O n t_h I N t_h { s k_h w i v g A t_h j O r/ b { k_h w E l k_h @ m t_h u E d @ n b i r/ I z O r/ t_h s I tS u e I t_h I d r/ a I t_h { t_h D @ E n t_h r/ @ n s V v D @ b E k_h I n d @ l @ v { l i w a I l s a I t_h s i I N t_h U r/ @ s t_h @ t_h r/ { k_h S @ n z j O r/ s t_h e I { t_h E d @ n b i w I l b i @ k_h A m @ d e I t_h @ d w I D s p_h E k_h t_h { k_h j @ l 3` s a I t_h s r/ a I t_h { t_h j O r/ d O r/ s t_h E p_h w i O f 3` s p_h e I S @ s v I l @ z f U l i I k_h w I p_h t_h @ n d f r/ i { k_h s E s t_h u { n I n f I n @ t_h i p_h u l { t_h @ f O r/ d @ b @ l p_h r/ a I s @ z dZ V s t_h f a I v k_h @ l A m @ t_h 3` z @ w e I f r/ V m D @ s I t_h i s E n t_h 3` D I s w I l b i { n I k_h s p_h I r/ i @ n s j u w o U n t_h f 3` g E t_h @ h { p_h i g E s t_h I z a U 3` g r/ e I t_h @ s t_h t_h r/ E Z 3` k_h A n t_h { k_h t_h V s t_h @ d e I,A j u p_h l { n I N A j u p_h l { n I N f O @ v @ k_h e I Z n D @ s f a I n d I N @ k_h A m @ d e I S n @ p_h I @ t_h u b i @ d O n t_h I N t_h A s t_h w i v g A t_h j O b { k_h w e l k_h V m t_h u e d I n b e I r/ I z O s s I tS u e I t_h I d r/ a I @ t_h e n t_h r/ @ n s A v D @ b e k_h I N s t_h r/ e I dZ v { l e I w a I l s a I t_h s i I N t_h u @ r/ I t_h @ t_h r/ { k_h s n s j u s t_h e I @ t_h e d I n b e I w I l b i @ k_h A m @ d e I t_h w I D s p_h e k_h t_h { k_h j @ l @ s a I t_h s r/ a I @ t_h j O d O s t_h e p_h w i A f @ s p_h a s I @ s v @ U v I l a s f u l i I k_h w I p_h { n f r/ i @ s e t_h t_h u @ n I n f I n I t_h i p_h u l @ t_h @ t_h @ t_h @ f O d @ b l p_h r/ a I s dZ @ s f a I k_h I l @ m e t_h t_h @ s s @ l @ r/ i f r/ A m D @ s I t_h i t_h r/ e n t_h r/ @ D I s w I l b i @ n I k_h s p_h I @ r/ i @ n s j u w @ U n t_h f @ g e t_h @ h { p_h i g e s t_h I z a U @ g r/ e I t_h I t_h t_h r/ e Z @ k_h @ n t_h r/ { k_h V s t_h r/ e I
elearning/039,g U d i v n I N l e I d i z @ n d dZ E n t_h @ l m I n w E l k_h @ m t_h u a U 3` f a I n @ l S o U V v D @ t_h U r/ I n D @ l a I n V p_h w i w I l h { v p_h 3` f O r/ m @ n s @ z f r/ V m t_h { l @ n t_h @ d A r/ t_h @ s t_h s @ n d s t_h u d @ n t_h s h u w I l S U r/ l i s w i p_h V s O f a U 3` f i t_h @ n d @ m e I z V s w I D D E r/ f O r/ t_h e I D I s I z @ tS { n s t_h u n A t_h o U n l i S o U k_h e I s A r/ t_h I s t_h I k_h k_h r/ i e I S @ n z b V t_h O l s o U a U 3` k_h V n t_h r/ i z k_h V l tS 3` @ l s p_h l E n d 3` @ n d n E r/ e I t_h I d h I s t_h 3` i w I T a U t_h f 3` D 3` @ d u l E t_h dZ O I @ n d I k_h s a I t_h m @ n t_h s p_h r/ E d @ n d w E l k_h @ m a U 3` f 3` s t_h f o U k_h l O r/ p_h 3` f O r/ m @ n s,g U d i v n I N l e I d i { n d dZ e n t_h l m @ n w e l k_h V m t_h u a U @ f a I n l S @ U s @ v D @ t_h U @ I n D @ l a I n V p_h w i w I l h { v p_h @ f O m @ n s f r/ A m t_h @ l @ n t_h I d A t_h I s t_h s { n d s t_h j u d n t_h s h u w I l s U @ l i s w i p_h @ s a U @ s w i p_h @ s a U @ f i t_h { n d @ m e I z @ t_h w I D s p_h O t_h D I s I @ tS { n s t_h u n A t_h A n l i s @ U k_h e t_h A r/ I s t_h I k_h k_h r/ i e I S n b V t_h s @ U a U @ k_h V n t_h r/ I s k_h V l tS @ r/ @ l s p_h l e n d @ { n d n { r/ e I t_h I d h I s t_h r/ i w I D a U f 3` D @ A d O l e t_h tS O I I k_h s a I t_h @ m @ n t_h s p_h r/ I d { n d w e l k_h V m a U @ f 3` s f @ U k_h l O p_h @ f O m @ n s
elearning/015,w E l k_h @ m t_h u a U 3` T 3` d { n j u @ l k_h A n f 3` @ n s I t_h I z V v a U 3` g r/ e I t_h @ s t_h dZ O I t_h u w E l k_h @ m D @ p_h r/ E s @ n d b I l V v d g E s t_h s I n D @ p_h { s t_h T r/ i m V n T s a U 3` m { n @ dZ I N b O r/ d h { v @ p_h O I n t_h @ d D @ k_h V m p_h @ n i z n u tS i f m A r/ k_h @ t_h I N O f @ s 3` m I z A d r/ i i n b r/ a U n S i w I l b i s p_h I r/ h E d I N a U 3` E f 3` t_h s t_h u I k_h s p_h { n d a U 3` b r/ { n d z n e I m t_h u n u m A r/ k_h @ t_h s I n s a U T i s t_h e I Z @ t_h r/ V s t_h I d w I D E k_h s p_h 3` t_h i z @ n d l i d 3` S I p_h w i b I l i v S i w I l b i @ v { l j @ b @ l m E m b 3` V v a U 3` k_h V m p_h @ n i,w e l k_h V m t_h u a U @ T 3` r/ d { n j u @ l k_h A n f @ r/ @ n s I t_h I z @ v a U @ g r/ e I t_h I t_h dZ O I t_h u w e l k_h V m D @ p_h r/ e s { n d b I l @ v I d g e s t_h s I n D @ p_h A s t_h T r/ i m @ n a U @ m { n @ dZ I N b O r/ h { v @ p_h O I n t_h I d D @ k_h V m p_h @ n i n j u tS e f m A r/ k_h I t_h I N O f I S @ m I s e r/ @ b r/ a U n S i w I l r/ i s @ s p_h I @ h e d I N a U @ e f @ t_h t_h u I k_h s p_h { n d a U @ b r/ { n d s n e I m t_h u n j u m A k_h I t_h I n s a U T i t_h e I Z @ t_h r/ V s t_h I d w I D e k_h p_h @ t_h a I { n d l i d @ r/ S I p_h w i b I l i v S i w I l b i v { l j @ b @ l m e m b @ r/ @ v a U @ k_h V m p_h @ n i
elearning/094,f O r/ D @ k_h r/ A p_h t_h u j i l d f A r/ m 3` z n i d t_h u @ k_h a U n t_h f O r/ D @ t_h E m p_h r/ @ tS 3` D @ m O I s tS 3` @ n d l a I t_h h A t_h @ n d d r/ a I k_h @ n d I S @ n z k_h @ n t_h I n j u t_h u p_h l e I g D @ s E n t_h r/ @ l @ n d n O r/ D 3` n r/ i dZ @ n z D I s g r/ o U I N s i z @ n w a I l D @ s V D 3` n w I t_h n @ s @ z f e I v 3` @ b @ l r/ e I n z D @ p_h { t_h 3` n z @ p_h I r/ t_h u l { s t_h @ n t_h I l D @ s E k_h @ n d h { f V v d I s E m b 3` p_h l { n t_h I N I z I k_h s p_h E k_h t_h @ d t_h u b i d I l e I d,f O D @ k_h r/ A p_h t_h u j u f A r/ m @ r/ z n i d t_h u @ k_h a U n t_h f O D @ t_h E m p_h r/ @ tS @ r/ D @ m O I s t_h @ r/ { n d @ { n d l a I t_h h A t_h { n d t_h r/ a I k_h @ n d I S @ n z k_h @ n t_h I n j u t_h u p_h l a k_h g @ D @ s E n t_h r/ @ l { n d n O r/ T @ r/ n r/ i dZ @ n z D I s g r/ o U I N s i s @ n w a I l D @ s a U s a U T @ r/ n w I t_h n @ s f e I v @ r/ @ b @ l r/ e I n D @ p_h { t_h @ r/ n @ p_h I r/ t_h u l { s t_h V n t_h I l D @ s E k_h @ n d @ v d I s E m b @ r/ k_h @ n d h { f @ v d I s E m b @ r/ p_h l { n t_h I N I z I k_h s p_h E t_h t_h u b i d e l e I
elearning/106,O f s i A s n v E dZ t_h @ b @ l z m a I t_h b i I k_h s t_h r/ i m l i h A r/ d t_h u f a I n d @ n d p_h r/ a I s @ z A r/ I g z O r/ b I t_h @ n t_h d r/ A p_h b a I a U 3` O r/ g { n I k_h f u d s t_h O r/ l o U k_h e I t_h @ d d a U n t_h a U n p_h 3` k_h S O h i r/ w i O f 3` d a I v 3` s tS O I s @ z r/ e I n dZ I N f r/ V m g r/ e I n z t_h u g r/ i n l i v z w i A r/ @ v e I l @ b @ l f O r/ I n s t_h O r/ i S A p_h I N b V t_h a U 3` d I l I v 3` i s 3` v @ s w I l O l s o U n A t_h d I s @ p_h O I n t_h,O f s i z @ n v e dZ @ t_h @ b @ l m a I t_h b i I k_h s t_h r/ i m h A r/ d t_h u f a I n d { n d p_h r/ a I s A r/ I g z O r/ b i t_h @ n t_h d r/ A p_h b a I a U 3` o U r/ g a n I k_h f u d s t_h O r/ l o U k_h e I t_h I d d a U n t_h a U n p_h 3` k_h S O h I r/ w i O f 3` d a I v 3` s tS O I s r/ e I n dZ I N f r/ V m g r/ a n z t_h u g r/ i n l i v w i @ v e I l @ b @ l f O r/ I n s t_h O r/ S A p_h I N b V t_h a U 3` d I l I v 3` i s 3` v I s w I l O l s o n A t_h d I s @ p_h O I n t_h
elearning/113,d V z j O r/ k_h V m p_h @ n i z { k_h t_h I v @ t_h i z I n v A l v t_h r/ { n z { k_h S @ n z j u z I N f O r/ @ n k_h 3` @ n s i z d u b { N k_h s h a I s 3` v @ s f i z @ p_h I r/ t_h u b i @ b { r/ i 3` l E t_h D @ t_h i m { t_h I k_h s tS e I n dZ s m A r/ t_h h E l p_h j u m i t_h O l j O r/ I k_h s tS e I n dZ r/ I k_h w a I r/ m @ n t_h s w i O f 3` t_h e I l 3` d s 3` v @ s @ z t_h u a U 3` b I z n @ s k_h V s t_h @ m 3` z D { t_h A r/ d I z a I n d t_h u h E l p_h j u g E t_h D @ b E s t_h k_h w o U t_h s @ n d i v I n d I l I v 3` j O r/ tS E k_h s @ n d d r/ { f t_h s k_h A n t_h { k_h t_h V s t_h @ d e I,d V z j O r/ k_h V m p_h @ n i z { k_h t_h I v I t_h i z I n v A l v t_h r/ { n s { k_h S @ n j u z I N f O r/ e n k_h V r/ @ n s i z d u b { N k_h h a I s 3` v I s f i @ p_h I r/ t_h u b i @ b { r/ i 3` l E t_h t_h i m { t_h I k_h s tS e I t_h @ h E l p_h j u m i t_h O l j O r/ I k_h s tS e I t_h r/ I k_h w a I r/ m @ n t_h w i O f 3` t_h a l 3` d s 3` v I s t_h u a U 3` b I z n I s k_h V s t_h @ m 3` D { t_h A r/ d I z a I n t_h u h E l p_h j u g E t_h D @ b E s t_h k_h w o U t_h s { n d i v @ n d I l I v 3` j u tS E k_h { n d d r/ { f t_h k_h A n t_h { k_h t_h V t_h t_h @ d e I
elearning/166,w a I n d s p_h i d @ n d b l o U d 3` E k_h S @ n p_h l e I z @ k_h r/ I t_h I k_h @ l r/ o U l I n w E n @ n d h a U t_h u @ p_h l a I p_h E s t_h k_h @ n t_h r/ o U l D I s w i k_h s w E D 3` I z I k_h s p_h E k_h t_h @ d t_h u b i h j u m @ d @ n d k_h u l T r/ u a U t_h p_h l i z f A l o U D @ g a I d @ n s t_h u m e I k_h S U r/ D @ k_h E m I k_h @ l z d u n A t_h m I s D E r/ t_h A r/ g @ t_h s @ s p_h E S l i f V n dZ @ s a I d z S U d j u h { v E n i I n k_h w a I 3` i z d A n t_h h E z @ t_h e I t_h t_h u k_h A n t_h { k_h t_h V s j u z I N D @ n V m b 3` p_h r/ @ v a I d @ d,w I n d s p_h i k_h { n d f l o U d I r/ E k_h S @ n p_h l e I z @ r/ I t_h I k_h @ l r/ o U l I n w E n { n d h a U t_h u @ p_h l a I p_h E s t_h k_h @ n t_h r/ o U n D I s w i k_h w E D 3` I z I s p_h E t_h I d t_h u b i h j u m I k_h { n d k_h u l h a U g 3` p_h l i z f A l o U I D @ g w i d 3` t_h u m e I k_h S U r/ D @ k_h E m I k_h @ l d u n A t_h m E t_h D @ t_h A r/ g @ t_h s I s p_h E tS @ l i k_h A n s I s a I d S U d j u h { v E n i I n k_h w a I r/ 3` s d o U n t_h h E z I t_h e I t_h t_h u k_h A n t_h { k_h t_h V s j u s I N D @ n V m b 3` p_h r/ @ v a I d I d
elearning/180,w E l k_h @ m t_h u k_h V s t_h @ m 3` s 3` v @ s I m 3` dZ @ n s i z w i O f 3` s @ p_h O r/ t_h f O r/ O r/ d 3` m I k_h s @ p_h s p_h r/ A d @ k_h t_h I S u z @ n d V D 3` r/ I l e I t_h I d k_h @ n s 3` n z w i s I n s I r/ l i @ p_h A l @ dZ a I z f O r/ D @ I S u z j u h { v I n k_h a U n t_h 3` d f O r/ d I t_h e I l d I n s t_h r/ V k_h S @ n A n h a U t_h u p_h r/ @ s i d p_h l i z v I z @ t_h a U 3` w E b s a I t_h t_h u s p_h i k_h w I D a U 3` e I dZ @ n t_h p_h l i z p_h r/ E s w V n t_h u b i d 3` E k_h t_h @ d t_h u a U 3` O r/ d 3` s 3` v @ s @ z s t_h { f p_h r/ E s t_h u t_h u b i d 3` E k_h t_h @ d t_h u a U 3` p_h r/ A d @ k_h t_h k_h w A l @ t_h i t_h i m T { N k_h j u f O r/ j O r/ V n d 3` s t_h { n d I N,w E l k_h @ m t_h u k_h V s t_h @ m 3` s 3` v I t_h I m 3` g @ n s a I w i O f 3` s @ p_h O r/ t_h f O r/ O r/ d 3` m I k_h s V p_h p_h r/ A d V k_h t_h I S u { n d V D 3` r/ I l e I t_h I d k_h @ n s 3` n w i s I n s l i @ p_h A l @ dZ a I z f O r/ D @ I S u j u h { v I n k_h a U n t_h 3` d f O r/ d i t_h e I l d I n s t_h r/ u S @ n A n h a U t_h u p_h r/ o U s i d p_h l i z v I s I t_h a U 3` w E b s a I t_h t_h u s p_h i k_h w I D a U 3` e I g @ n t_h p_h l i z p_h r/ E t_h w V n t_h u b i d I r/ E t_h I d t_h u a U 3` O r/ d 3` s 3` v I s s E f p_h r/ E s t_h u t_h u b i d I r/ E t_h I d t_h u a U 3` p_h r/ A d V k_h t_h k_h w A l @ t_h i t_h i m T { N k_h j u f O r/ j O r/ V n d 3` s t_h { n d I N
elearning/193,w E l k_h @ m t_h u k_h V s t_h @ m 3` s 3` v @ s I m 3` dZ @ n s i z w i O f 3` s @ p_h O r/ t_h f O r/ O r/ d 3` m I k_h s @ p_h s p_h r/ A d @ k_h t_h I S u z @ n d V D 3` r/ I l e I t_h I d k_h @ n s 3` n z w i s I n s I r/ l i @ p_h A l @ dZ a I z f O r/ D @ I S u z j u h { v I n k_h a U n t_h 3` d f O r/ d I t_h e I l d I n s t_h r/ V k_h S @ n A n h a U t_h u p_h r/ @ s i d p_h l i z v I z @ t_h a U 3` w E b s a I t_h t_h u s p_h i k_h w I D a U 3` e I dZ @ n t_h p_h l i z p_h r/ E s w V n t_h u b i d 3` E k_h t_h @ d t_h u a U 3` O r/ d 3` s 3` v @ s @ z s t_h { f p_h r/ E s t_h u t_h u b i d 3` E k_h t_h @ d t_h u a U 3` p_h r/ A d @ k_h t_h k_h w A l @ t_h i t_h i m T { N k_h j u f O r/ j O r/ V n d 3` s t_h { n d I N,V n d 3` s t_h { n d I N w E l k_h @ m t_h u k_h V s t_h @ m 3` s 3` v I k_h I m 3` r/ @ n s i w i O f 3` s @ p_h O r/ t_h f O r/ O r/ d 3` m I k_h s V p_h p_h r/ A d V k_h t_h I S u { n d V D 3` r/ I l e I k_h A n s 3` t_h w i s u I N k_h l i @ p_h A l @ dZ a I z f O r/ D @ I S u z j u h { v I n k_h a U n t_h I d f O r/ d i t_h e I l t_h e d I n s t_h r/ u S @ n A n h a U t_h u p_h r/ o U s i d p_h l i z v I s I k_h a U 3` w E b s a I t_h t_h u s p_h i k_h w I D a U 3` e I g @ n t_h p_h l i p_h r/ E s w V n t_h u b i d I r/ E k_h t_h I d t_h u a U 3` O r/ d 3` s 3` v I s s t_h E f p_h r/ E s t_h u t_h u b i d I r/ E k_h t_h I d t_h u a U 3` p_h r/ A d V k_h t_h k_h w A l @ t_h i t_h i m T { N k_h j u f O r/ j O r/ V n d 3` s t_h { n d
elearning/194,k_h V m I N V p_h n E k_h s t_h A n h o U m S E f w i w I l S o U j u h a U t_h u m e I k_h p_h i t_h s @ { t_h h o U m w I tS I z p_h r/ I t_h i m V tS @ n h 3` d V v D @ T r/ i m e I n k_h @ m p_h o U n @ n t_h s A r/ k_h r/ V s t_h s O s @ n d t_h A p_h I N z w I tS j u k_h { n m e I k_h { t_h h o U m O r/ b a I D E m p_h r/ E m e I d l E t_h s g E t_h D @ d o U s t_h A r/ t_h @ d s o U D { t_h I t_h h { z t_h a I m t_h u r/ E s t_h m O r/ d I t_h e I l z w I l b i p_h r/ @ v a I d @ d r/ a I t_h { f t_h 3` k_h @ m 3` S @ l b r/ e I k_h,k_h V m I n V p_h n E t_h s A n h o U m tS e f w i w I l S o U j u h a U t_h u m e I k_h p_h i t_h s @ { t_h h o U m w I T I z p_h r/ e t_h i m V tS V n h E d V v D @ T r/ i m e I n k_h @ m @ n @ s A r/ k_h r/ V s t_h s a U n d { n d t_h A p_h I N w I tS j u k_h { n m { d { t_h h o U m O r/ b a I D E m p_h r/ i m { d l E t_h s g E t_h D @ d o U tS s t_h A r/ t_h I d s o U d { t_h I t_h h { z t_h a I m t_h u r/ E s t_h m O r/ d i t_h e I l w I l b i p_h r/ @ v a I d I d r/ a I t_h { f t_h 3` k_h @ m 3` S @ l b r/ e I k_h
elearning/207,k_h V m I N V p_h n E k_h s t_h A n h o U m S E f w i w I l S o U j u h a U t_h u m e I k_h p_h i t_h s @ { t_h h o U m w I tS I z p_h r/ I t_h i m V tS @ n h 3` d V v D @ T r/ i m e I n k_h @ m p_h o U n @ n t_h s A r/ k_h r/ V s t_h s O s @ n d t_h A p_h I N z w I tS j u k_h { n m e I k_h { t_h h o U m O r/ b a I D E m p_h r/ E m e I d l E t_h s g E t_h D @ d o U s t_h A r/ t_h @ d s o U D { t_h I t_h h { z t_h a I m t_h u r/ E s t_h m O r/ d I t_h e I l z w I l b i p_h r/ @ v a I d @ d r/ a I t_h { f t_h 3` k_h @ m 3` S @ l b r/ e I k_h,k_h V m I n V p_h n E t_h s r/ A n h o U m tS e f w i w I l S o U j u h a U t_h u m e I k_h p_h i t_h s a { t_h h o U m w I tS I z p_h r/ I t_h i m V t_h V n h 3` d V v D @ T r/ i m e n k_h @ m @ n @ s A r/ r/ V s t_h s a U n d { n d t_h A p_h I t_h w I T j u k_h { n m e I k_h { t_h h o U m { n d b a I D E m r/ e m E d l E t_h s g E t_h D @ d o U s t_h A r/ t_h I d s o U D { t_h I t_h h { z t_h a I m t_h u r/ E s t_h m O r/ d i t_h e I l w I l b i p_h r/ @ v a I d I d r/ a I t_h { f t_h 3` k_h @ m 3` S @ l b r/ e I k_h I n k_h r/ u I r/ E s t_h
elearning/337,k_h A r/ s p_h @ I z @ p_h r/ @ f E S @ n @ l k_h A r/ w A S I N s 3` v @ s l o U k_h e I t_h @ d I n D @ s t_h e I t_h V v f r/ { N k_h s t_h 3` s e I I N g U d b a I t_h u @ n j u s t_h k_h l O T p_h i s @ z D { t_h m a I t_h s k_h r/ { tS D @ k_h A r/ p_h e I n t_h { t_h k_h A r/ s p_h @ w i j u z p_h a U 3` E n dZ @ n k_h l E n z 3` z t_h u E n S U r/ E v 3` i k_h O r/ n 3` I z S a I n i a U 3` m V l t_h i s t_h E k_h k_h l i n I N p_h r/ O s E s @ z I n k_h l u d d I g r/ e I s 3` w A S s t_h i m w A S b I f O r/ D @ f a I n @ l f o U m w A S D I s I z t_h u d i p_h k_h l i n s t_h V k_h k_h @ n t_h { m @ n @ n t_h s w E r/ n O r/ m @ l k_h A r/ w A S w I l n @ g l E k_h t_h,w e I k_h k_h A s p_h A I s @ r/ o f E s @ n @ l k_h A w A s I N s 3` v I k_h l @ U k_h e I t_h I k_h I n D @ s t_h e I A v k_h r/ { n k_h s t_h @ r/ s e I I N g U d b a I t_h u V n s j u s k_h l @ U p_h A s t_h { t_h m a I T T k_h r/ { tS D @ k_h A p_h e I n t_h { t_h k_h A s p_h A w i j u s p_h a U @ i n dZ i k_h l i n S @ r/ t_h u E n S U r/ E v r/ i k_h O n @ I s S a I n i a U @ r/ m u l t_h i s t_h E f l e I l i r/ V S @ S U r/ I n l u D @ r/ e I S @ w A s s t_h i m w A d b I f O D @ f a I n @ l f a m w r/ A s d I d I s t_h u d I p_h k_h l i n s t_h 3` r/ k_h k_h A n t_h A n e I m e I n w e @ n @ r/ m @ l k_h A w A s w I l n i g l e k_h
elearning/338,s I g n @ tS 3` t_h U r/ b a I h e I s t_h 3` E k_h s @ l @ n s j u d A n t_h w A n t_h t_h u m I s k_h @ m p_h r/ a I z I N b o U T k_h V m f 3` t_h @ n d { d v E n tS 3` @ s E l @ m @ n t_h s a U 3` t_h U r/ I z k_h e I t_h 3` d t_h u @ l a I n w I D t_h r/ { v @ l 3` z v I Z @ n z w E D 3` I t_h I z t_h r/ E k_h I N k_h { m p_h I N O r/ s I m p_h l i s a I t_h s i I N a U 3` t_h i m V v s p_h E S @ l @ s t_h s w I l k_h @ l { b 3` e I t_h w I D k_h V s t_h @ m 3` z t_h u d I z a I n @ m E m 3` @ b @ l s I t_h i I s k_h e I p_h k_h A n t_h { k_h t_h V s n a U,s I g n e I t_h S U @ r/ t_h u b a I h e I s t_h @ r/ E t_h s @ l @ n s j u d A n t_h w A n t_h t_h u m I s k_h @ m b r/ @ m s I N b O r/ k_h k_h V m f O r/ t_h { n d @ v E n t_h S u r/ @ s E l @ m @ s a U @ r/ t_h u I s k_h A t_h @ r/ i k_h t_h u @ l a I w I k_h t_h r/ { v @ l @ r/ s v I S I n w E d @ r/ I t_h I s t_h r/ E k_h I N k_h { m b I N O s I m p_h l i S a I s i I N a U @ r/ t_h i m V s s V b E s @ l I s t_h w I l k_h V l @ b @ r/ e I t_h w I s k_h V t_h V m @ t_h u d I S a I @ n V m m E m @ r/ @ b @ l s I t_h i E s k_h e I k_h A n t_h { k_h V s n a U
elearning/339,A l t_h k_h O r/ p_h 3` e I S @ n I z k_h A n s t_h @ n t_h l i s i k_h I N t_h u I m p_h r/ u v D @ k_h w A l @ t_h i @ n d I f I S @ n s i V v j O r/ k_h l a I @ n t_h s 3` v @ s @ z b a I O f 3` I N k_h @ m p_h j u t_h 3` s O f t_h w E r/ w I tS m a I n z b I g d e I t_h @ w i k_h { n h E l p_h O l m o U s t_h E n i b I z n @ s w I tS h { z d e I t_h @ t_h u m O r/ I f I S @ n t_h l i p_h r/ O s E s I t_h n o U I N m O r/ @ b a U t_h j O r/ k_h V s t_h @ m 3` z m i n z D { t_h j u k_h { n O f 3` D E m p_h r/ A d @ k_h t_h s w I tS f I t_h D E r/ n i d z w i w 3` k_h I n e I t_h i k_h V n t_h r/ i z I n t_h w E n t_h i d I f 3` @ n t_h l { N g w @ dZ @ z @ n d A r/ s 3` t_h @ f a I d s O f t_h w E r/ p_h r/ @ v a I d 3` z f O r/ w I n d o U z { p_h @ l @ n d l I n @ k_h s s I s t_h @ m z k_h A n t_h { k_h t_h A l t_h @ n d n o U j O r/ k_h V s t_h @ m 3` z b E t_h 3`,e i E l t_h i k_h O p_h @ r/ e I s @ n I s k_h 3` r/ s t_h @ n l i S i k_h I N t_h u I m p_h r/ u D @ k_h w A l I t_h I { n d I f I s I O v j U @ r/ k_h l a I @ n t_h S 3` r/ v I s b a I O f @ r/ I N k_h O m p_h j u t_h @ S 3` f t_h w E r/ w I k_h m a I b I g d { t_h { w i k_h { n h E O l m O t_h E n E b I z n I s w I k_h h { s d { t_h { t_h u m O r/ I f a I k_h l i p_h r/ o s I I t_h n o U I N m O r/ @ b a U j O r/ k_h V s t_h @ m @ r/ m i n s D { t_h j u k_h { n O f @ r/ d E m p_h r/ O d V k_h s w I D f I t_h d E r/ n i s w i w 3` r/ k_h I n e I t_h i k_h V n t_h r/ i I n t_h w E n t_h i d I f r/ @ n l { N g w I s { n d { S @ r/ t_h I f a I S V f t_h w E r/ p_h r/ o v a I d @ f O r/ w I n d o U s
elearning/343,k_h A r/ s p_h @ I z @ p_h r/ @ f E S @ n @ l k_h A r/ w A S I N s 3` v @ s l o U k_h e I t_h @ d I n D @ s t_h e I t_h V v f r/ { N k_h s t_h 3` s e I I N g U d b a I t_h u @ n j u s t_h k_h l O T p_h i s @ z D { t_h m a I t_h s k_h r/ { tS D @ k_h A r/ p_h e I n t_h { t_h k_h A r/ s p_h @ w i j u z p_h a U 3` E n dZ @ n k_h l E n z 3` z t_h u E n S U r/ E v 3` i k_h O r/ n 3` I z S a I n i a U 3` m V l t_h i s t_h E k_h k_h l i n I N p_h r/ O s E s @ z I n k_h l u d d I g r/ e I s 3` w A S s t_h i m w A S b I f O r/ D @ f a I n @ l f o U m w A S D I s I z t_h u d i p_h k_h l i n s t_h V k_h k_h @ n t_h { m @ n @ n t_h s w E r/ n O r/ m @ l k_h A r/ w A S w I l n @ g l E k_h t_h,D A s 3` v @ I s @ r/ o f E s @ n @ l k_h A w A S I N s 3` v I s l @ U k_h e I t_h I d I n D @ s t_h e I 3` r/ f f r/ A N k_h s t_h @ r/ s e I I N g U d b a I d V n s r/ u k_h l @ U p_h i s D { t_h m a I f k_h r/ { tS e I k_h A p_h e I n t_h { t_h k_h A s p_h A g r/ i j u s p_h a U @ i n dZ i n k_h l i n S 3` r/ t_h u j u S U r/ E v r/ i k_h O n @ r/ I s S a I n i a U @ r/ m V t_h i s t_h E p_h v I N m I N p_h r/ o U s E S U r/ I n l u d d i s g r/ e I s S U r/ w A s s t_h i m w r/ A s b I f O r/ d @ f a I n @ l f 3` m w r/ A s I t_h I s t_h u d i p_h k_h l i n s s t_h 3` r/ k_h k_h @ n t_h { m e I n @ n t_h s w E r/ n @ r/ m @ l k_h A w A s w I l n e I g l e I k_h n e I g l e I k_h
elearning/344,s I g n @ tS 3` t_h U r/ b a I h e I s t_h 3` E k_h s @ l @ n s j u d A n t_h w A n t_h t_h u m I s k_h @ m p_h r/ a I z I N b o U T k_h V m f 3` t_h @ n d { d v E n tS 3` @ s E l @ m @ n t_h s a U 3` t_h U r/ I z k_h e I t_h 3` d t_h u @ l a I n w I D t_h r/ { v @ l 3` z v I Z @ n z w E D 3` I t_h I z t_h r/ E k_h I N k_h { m p_h I N O r/ s I m p_h l i s a I t_h s i I N a U 3` t_h i m V v s p_h E S @ l @ s t_h s w I l k_h @ l { b 3` e I t_h w I D k_h V s t_h @ m 3` z t_h u d I z a I n @ m E m 3` @ b @ l s I t_h i I s k_h e I p_h k_h A n t_h { k_h t_h V s n a U,S I g s I g n e I t_h S U @ r/ t_h U r/ b a I h e I s t_h @ r/ E t_h s @ l @ n s j u d A n t_h g w A n t_h t_h u m I s k_h @ m p_h r/ @ m a I s I N p_h O t_h k_h V m f O r/ t_h { { n d E v E n t_h @ r/ @ s E l @ m @ s a U @ r/ t_h U @ r/ I s k_h E t_h @ r/ @ s t_h u @ l a I @ n w I t_h t_h r/ { v @ l @ r/ s f I S I n w E D @ I t_h I s t_h r/ E k_h I N k_h { m p_h I N O s I m p_h l i s a I t_h s i I N a U @ r/ t_h i m V r/ s s p_h E s @ l I s t_h w I l k_h V l @ b @ r/ e I t_h w I s k_h V s t_h @ m @ z t_h u d I S a I @ n @ m E m @ r/ b r/ e I b @ l s I t_h i I s k_h e I p_h k_h A n t_h { k_h V s n a U k_h A n t_h { k_h V t_h n a U
elearning/345,A l t_h k_h O r/ p_h 3` e I S @ n I z k_h A n s t_h @ n t_h l i s i k_h I N t_h u I m p_h r/ u v D @ k_h w A l @ t_h i @ n d I f I S @ n s i V v j O r/ k_h l a I @ n t_h s 3` v @ s @ z b a I O f 3` I N k_h @ m p_h j u t_h 3` s O f t_h w E r/ w I tS m a I n z b I g d e I t_h @ w i k_h { n h E l p_h O l m o U s t_h E n i b I z n @ s w I tS h { z d e I t_h @ t_h u m O r/ I f I S @ n t_h l i p_h r/ O s E s I t_h n o U I N m O r/ @ b a U t_h j O r/ k_h V s t_h @ m 3` z m i n z D { t_h j u k_h { n O f 3` D E m p_h r/ A d @ k_h t_h s w I tS f I t_h D E r/ n i d z w i w 3` k_h I n e I t_h i k_h V n t_h r/ i z I n t_h w E n t_h i d I f 3` @ n t_h l { N g w @ dZ @ z @ n d A r/ s 3` t_h @ f a I d s O f t_h w E r/ p_h r/ @ v a I d 3` z f O r/ w I n d o U z { p_h @ l @ n d l I n @ k_h s s I s t_h @ m z k_h A n t_h { k_h t_h A l t_h @ n d n o U j O r/ k_h V s t_h @ m 3` z b E t_h 3`,e i E l t_h i k_h O p_h @ r/ e I s @ n I s k_h 3` r/ s t_h @ n l i s i k_h I N t_h u I m f r/ u D @ k_h w A l I t_h I { n d e f I k_h e I s I O v j U @ r/ k_h l a I @ n t_h S 3` r/ v I s b a I O f @ r/ I N k_h O m j u t_h @ S O f t_h w E r/ w I k_h m a s b I g d { t_h { w i k_h { n h E v O l m o U s t_h E n i b I z n I k_h w I k_h h { s d { t_h { t_h u m O E f S I k_h l I g r/ o s I k_h I t_h n o U I n m O r/ @ b a U j O r/ k_h V s t_h @ m @ r/ m i n s D { t_h j u k_h { n O f @ r/ d { v r/ o d V k_h s w I D f I t_h d E r/ n i s w i w 3` r/ k_h I n e I t_h i k_h V n t_h r/ i I n t_h w E n t_h i d I f r/ @ n l { N g l I s { n d A r/ s @ r/ t_h I f e I tS o U k_h w E r/ p_h r/ o v a I d @ s A r/ f O r/ w I n d o U s a p_h @ l E
elearning/049,g U d i v n I N l e I d i z @ n d dZ E n t_h @ l m I n w E l k_h @ m t_h u a U 3` f a I n @ l S o U V v D @ t_h U r/ I n D @ l a I n V p_h w i w I l h { v p_h 3` f O r/ m @ n s @ z f r/ V m t_h { l @ n t_h @ d A r/ t_h @ s t_h s @ n d s t_h u d @ n t_h s h u w I l S U r/ l i s w i p_h V s O f a U 3` f i t_h @ n d @ m e I z V s w I D D E r/ f O r/ t_h e I D I s I z @ tS { n s t_h u n A t_h o U n l i S o U k_h e I s A r/ t_h I s t_h I k_h k_h r/ i e I S @ n z b V t_h O l s o U a U 3` k_h V n t_h r/ i z k_h V l tS 3` @ l s p_h l E n d 3` @ n d n E r/ e I t_h I d h I s t_h 3` i w I T a U t_h f 3` D 3` @ d u l E t_h dZ O I @ n d I k_h s a I t_h m @ n t_h s p_h r/ E d @ n d w E l k_h @ m a U 3` f 3` s t_h f o U k_h l O r/ p_h 3` f O r/ m @ n s,g U d i v n I N l e I d i s { n d dZ e n t_h l m @ n w e l k_h V m t_h u a U @ f a I n l S @ U A f D @ t_h U @ I n D @ l a I V p_h w i w I l h { v p_h @ f O m @ n s f r/ A m t_h A l @ n t_h I d A t_h I s t_h s { n d s s t_h j u d n h u w I l S U @ l i s w i p_h @ t_h A f a U @ f i t_h { n d @ m @ t_h @ t_h t_h u d e f O l d I s I @ tS { n t_h u n A t_h A n l i S @ U k_h e I A t_h I s A k_h r/ I s S n s b V t_h O l s @ U a U @ k_h V n t_h r/ I s 3` k_h V l t_h @ r/ @ l s p_h I n O { n n { r/ e I t_h I d s h I s A r/ i 3` w I d a U f I f 3` D @ @ d @ U l e t_h dZ O I { n I k_h s a I t_h @ m @ n t_h s p_h e @ { n d w e l k_h V m a U @ f 3` s f O p_h @ f O m @ n
elearning/202,w E l k_h @ m t_h u D @ m E t_h r/ @ p_h A l @ t_h @ n m j u z i @ m V v A r/ t_h w i h o U p_h j O r/ t_h U r/ I z I n f O r/ m @ t_h I v @ n d E n dZ O I @ b @ l s I n s D E r/ A r/ @ l A t_h V v v I z @ t_h 3` z h i r/ t_h @ d e I w i w I l d I v a I d I n t_h u t_h u g r/ u p_h s { f t_h 3` k_h @ m p_h l i t_h I N D @ t_h U r/ j u m e I v I z @ t_h D @ g I f t_h S A p_h A n D @ f 3` s t_h f l O r/ E n dZ O I @ m i l I n D @ k_h { f @ t_h I r/ i @ O r/ l 3` n @ b a U t_h V p_h k_h V m I N I g z I b @ t_h s { t_h D @ I n f 3` m e I S @ n d E s k_h,w E l k_h @ m t_h u D @ m E t_h r/ @ p_h A l I t_h @ n m i z i @ m @ v A r/ t_h w i h o U p_h j U r/ t_h U r/ I I n f O r/ m @ t_h I v @ n d I n dZ O I @ b @ l s I n s D E r/ A r/ @ l A t_h @ v v I z I t_h 3` h I r/ t_h @ d e I w i w I l d I v a I d I n t_h u t_h u g r/ u p_h s { f t_h 3` k_h @ m p_h l i t_h I N D @ f t_h U r/ j u m e I v I z I t_h D @ g I f t_h S A p_h A n D @ f 3` s t_h f l O r/ I n dZ O I @ m i l I n D @ k_h { f e t_h I r/ @ O r/ l 3` n @ b a U t_h V p_h k_h V m I N I g h I p_h I t_h s { t_h D @ I n f O r/ m e I S @ n d E s k_h
elearning/227,D I s s V n d e I dZ { z m { s t_h 3` k_h A f i S A p_h I n v a I t_h s k_h A f i l V v 3` z t_h u @ t_h e I s t_h I N I v E n t_h { t_h a U 3` s t_h O r/ v I z @ t_h D @ S A p_h b I t_h w i n s I k_h s @ n d n a I n @ k_h l A k_h t_h u E n dZ O I h { f p_h r/ a I s d I z 3` t_h s l a I v m j u z I k_h @ n d a U 3` I k_h s k_h l u s I v k_h A f i f r/ V m k_h @ l V m b i @ w a I l j U r/ h i r/ j u k_h { n k_h @ m p_h l i t_h @ k_h V s t_h @ m 3` s 3` v e I t_h u r/ @ s i v @ p_h { k_h V v f r/ i k_h A f i t_h u b r/ u { t_h h o U m,D I s s V n d e I dZ { z m { t_h 3` k_h O f i S A p_h I n v a I t_h s k_h O f i l V v 3` t_h u @ t_h a s t_h I N I v E n t_h { t_h A 3` s t_h O r/ v I z I t_h D @ S A p_h b I t_h w i n s I k_h s { n d n a I n @ k_h l A k_h t_h u I n dZ O I h { f p_h r/ a I d I z 3` t_h l a I v m j u z I k_h { n d A 3` I k_h l u s I v k_h O f i f r/ V m k_h @ l o m b i @ w a I l j u A r/ h I r/ j u k_h { n k_h @ m p_h l i t_h @ k_h V s t_h @ m 3` s 3` v e I t_h u r/ I s i v @ p_h r/ { k_h @ v f r/ i k_h O f i t_h u p_h r/ i u { t_h h o U m
elearning/241,w E l k_h @ m t_h u D @ m E t_h r/ @ p_h A l @ t_h @ n m j u z i @ m V v A r/ t_h w i h o U p_h j O r/ t_h U r/ I z I n f O r/ m @ t_h I v @ n d E n dZ O I @ b @ l s I n s D E r/ A r/ @ l A t_h V v v I z @ t_h 3` z h i r/ t_h @ d e I w i w I l d I v a I d I n t_h u t_h u g r/ u p_h s { f t_h 3` k_h @ m p_h l i t_h I N D @ t_h U r/ j u m e I v I z @ t_h D @ g I f t_h S A p_h A n D @ f 3` s t_h f l O r/ E n dZ O I @ m i l I n D @ k_h { f @ t_h I r/ i @ O r/ l 3` n @ b a U t_h V p_h k_h V m I N I g z I b @ t_h s { t_h D @ I n f 3` m e I S @ n d E s k_h,w E l k_h @ m t_h u D @ m E t_h r/ @ p_h o U l i @ n m j u z i @ m m j u z i @ m @ v A r/ t_h w i h o U p_h j u j U r/ t_h U r/ I z I n f O r/ m @ t_h I v @ n d I n dZ O I @ b @ l s I n s D E r/ A r/ @ l A t_h @ v v I z I t_h 3` z h I r/ t_h @ d e I w i w I l d I v a I d I n t_h u t_h u g r/ u p_h s { f t_h 3` k_h @ m p_h l i t_h I k_h @ @ k_h @ m p_h l i t_h I N D @ t_h U r/ j u m e I v I z I t_h D @ g I f t_h S A p_h A n D @ f 3` s t_h f l O r/ I n dZ O I e I @ m i l I n D @ k_h { f e t_h I r/ i @ O r/ l 3` n @ b a U t_h V p_h k_h V m I N I g h a I b I t_h I d s I g I g h a I b I t_h s { t_h D @ I n f O r/ m e I S @ n d E s k_h
elearning/353,k_h I N s t_h o U n p_h A r/ k_h l o U k_h e I t_h @ d n I r/ D @ f U t_h b O l s t_h e I d i @ m w A z d I z a I n d @ n d d I v E l @ p_h t_h b a I D @ s I t_h i z p_h A r/ k_h s @ n d r/ E k_h r/ i e I S @ n k_h @ m I t_h i I t_h f i tS 3` z r/ E r/ t_h r/ i s p_h i S i z @ tS I l d r/ @ n z p_h l e I g r/ a U n d @ n d @ s t_h e I dZ f O r/ m j u z I k_h p_h 3` f O r/ m @ n s @ z s I n s s { t_h 3` d i s I t_h @ z @ n z h { v b I n g { D 3` I N { t_h D @ n u p_h A r/ k_h t_h u r/ I l { k_h s @ n d E n dZ O I D @ g r/ i n 3` i,k_h I N s t_h O r/ n l o U k_h e I t_h @ d n I r/ D @ f U t_h b O l s t_h e I d i @ m w V z d I s a I { n d d I v E l @ p_h t_h b a I D @ s I t_h i z p_h A r/ k_h s { n d r/ I k_h r/ i e I S @ n k_h @ m I t_h i I t_h f i tS @ r/ s r/ E r/ t_h r/ i s p_h i s i s { @ tS I l d r/ @ n z p_h l e I g r/ a U n d s { n d @ s t_h e I dZ f O r/ m j u z I k_h p_h @ r/ f O r/ m @ n s I z s I n s s { t_h @ r/ d e I s I t_h I z E n h { v b I n g { D @ r/ I N { t_h D @ n j u p_h A r/ k_h t_h u r/ I l E k_h s { n d I n dZ O I D @ g r/ i n @ r/ i
elearning/354,w E l k_h @ m t_h u D @ o U h a I o U s t_h e I t_h l a I b r/ E r/ i t_h U r/ b I f O r/ w i b I g I n l E t_h m i S E r/ @ b I t_h @ b a U t_h D @ f @ s I l I t_h i f V n d @ d b a I o U h a I o U s t_h e I t_h j u n @ v 3` s @ t_h i D @ l a I b r/ E r/ i h { z O l w e I z b I n f r/ i @ n d o U p_h @ n t_h u D @ p_h V b l I k_h O l b U k_h s p_h I r/ i A d I k_h @ l z @ n d V D 3` m @ t_h I r/ i @ l z A r/ @ v e I l @ b @ l t_h u b o U T k_h @ m j u n @ t_h i m E m b 3` z @ n d s t_h u d @ n t_h s,w e l t_h u D @ o U h a I o U s t_h e I t_h l a I b r/ @ r/ i t_h U r/ b I f O r/ w i b I g I n l E t_h m i S E r/ @ b I t_h @ b a U D @ f { k_h s i l I t_h I f V n d I d b a I o U h a I o U s t_h e I t_h j u n I v 3` r/ s I t_h i D @ l a I b r/ @ r/ i h { z O l w e I z b I n f r/ i { n d o U p_h @ n t_h u D @ p_h V b l I k_h O l b U k_h s p_h I r/ i A d I k_h @ l s { n d O D @ r/ m @ t_h E r/ i @ l s A r/ @ v a I l @ b @ l t_h u b O T k_h @ m j u n I t_h i m E m b @ r/ z { n d s t_h j u d @ n t_h s
elearning/010,w E l k_h @ m t_h u a U 3` T 3` d { n j u @ l k_h A n f 3` @ n s I t_h I z V v a U 3` g r/ e I t_h @ s t_h dZ O I t_h u w E l k_h @ m D @ p_h r/ E s @ n d b I l V v d g E s t_h s I n D @ p_h { s t_h T r/ i m V n T s a U 3` m { n @ dZ I N b O r/ d h { v @ p_h O I n t_h @ d D @ k_h V m p_h @ n i z n u tS i f m A r/ k_h @ t_h I N O f @ s 3` m I z A d r/ i i n b r/ a U n S i w I l b i s p_h I r/ h E d I N a U 3` E f 3` t_h s t_h u I k_h s p_h { n d a U 3` b r/ { n d z n e I m t_h u n u m A r/ k_h @ t_h s I n s a U T i s t_h e I Z @ t_h r/ V s t_h I d w I D E k_h s p_h 3` t_h i z @ n d l i d 3` S I p_h w i b I l i v S i w I l b i @ v { l j @ b @ l m E m b 3` V v a U 3` k_h V m p_h @ n i,w e l k_h V m t_h u a U @ T 3` r/ d @ n a U k_h A n f @ r/ @ n s I t_h I s a U g r/ e I t_h I s t_h dZ O I t_h u w e l k_h V m p_h r/ e s D @ p_h r/ e s { n d b I l @ v w e I t_h s I n D @ p_h A s t_h T r/ i m V n T s a U m { n @ dZ I N b O d s h { v @ p_h O I n t_h I d D @ k_h V m p_h @ n i z n j u tS i f m A r/ k_h e t_h I N A f I s @ m I z @ A d r/ I b r/ a U n S i w I l b i s p_h e r/ h e d I N a U I f O r/ t_h s t_h u I k_h s p_h { n d a U I k_h a U b r/ { n d z n e I m t_h u n j u @ m A k_h I t_h s { I n s a U T i s t_h e I Z @ t_h r/ U s t_h I d w I v @ I k_h s p_h @ r/ t_h a I { n d l i d @ r/ S I p_h w i b I l i v 3` S i w I l 3` b i @ v A l j u m e m b @ r/ @ v a U k_h V m p_h @ n i
elearning/100,d V z j O r/ k_h V m p_h @ n i z { k_h t_h I v @ t_h i z I n v A l v t_h r/ { n z { k_h S @ n z j u z I N f O r/ @ n k_h 3` @ n s i z d u b { N k_h s h a I s 3` v @ s f i z @ p_h I r/ t_h u b i @ b { r/ i 3` l E t_h D @ t_h i m { t_h I k_h s tS e I n dZ s m A r/ t_h h E l p_h j u m i t_h O l j O r/ I k_h s tS e I n dZ r/ I k_h w a I r/ m @ n t_h s w i O f 3` t_h e I l 3` d s 3` v @ s @ z t_h u a U 3` b I z n @ s k_h V s t_h @ m 3` z D { t_h A r/ d I z a I n d t_h u h E l p_h j u g E t_h D @ b E s t_h k_h w o U t_h s @ n d i v I n d I l I v 3` j O r/ tS E k_h s @ n d d r/ { f t_h s k_h A n t_h { k_h t_h V s t_h @ d e I,d V z j O r/ k_h V m p_h @ n i { k_h t_h I v I t_h i I n v A l v t_h r/ { n z { k_h S @ n j u z I N f O r/ e n k_h V r/ @ n s i d o U n t_h b { N k_h h a I s 3` v I s f r/ i @ p_h I r/ t_h u b i @ b { r/ i 3` l E t_h D @ t_h i m { t_h I k_h s tS e I n dZ s m A r/ t_h h E l p_h j u @ m i t_h O l j O r/ I k_h s tS e I n dZ r/ I k_h w a I r/ m @ n t_h s w i O f 3` t_h a l 3` s 3` v I s t_h @ d e I a U 3` b @ z n I s k_h V s t_h @ m 3` D { t_h A r/ d I z a I n t_h u h E l p_h j u @ g E t_h D @ b E s t_h k_h w @ { n d i v @ n d e l I v 3` j O r/ tS E k_h { n d d r/ { f t_h k_h A n t_h { k_h V s t_h @ d e I
elearning/107,f O r/ D @ k_h r/ A p_h t_h u j i l d f A r/ m 3` z n i d t_h u @ k_h a U n t_h f O r/ D @ t_h E m p_h r/ @ tS 3` D @ m O I s tS 3` @ n d l a I t_h h A t_h @ n d d r/ a I k_h @ n d I S @ n z k_h @ n t_h I n j u t_h u p_h l e I g D @ s E n t_h r/ @ l @ n d n O r/ D 3` n r/ i dZ @ n z D I s g r/ o U I N s i z @ n w a I l D @ s V D 3` n w I t_h n @ s @ z f e I v 3` @ b @ l r/ e I n z D @ p_h { t_h 3` n z @ p_h I r/ t_h u l { s t_h @ n t_h I l D @ s E k_h @ n d h { f V v d I s E m b 3` p_h l { n t_h I N I z I k_h s p_h E k_h t_h @ d t_h u b i d I l e I d,f O D @ k_h r/ A p_h @ v j i @ l f A r/ m @ r/ z n i d t_h u @ k_h a U n t_h f O D @ t_h E m p_h r/ @ tS @ r/ D @ m O I S @ r/ { n d l a I h A t_h { n d d r/ a I k_h @ n d I S @ n z k_h @ n t_h I n j u t_h u D @ p_h l e I g j u D @ s E n t_h r/ @ l { n d n O r/ T @ r/ n r/ { dZ @ n r/ i dZ @ n z D I s @ g r/ o U I N s i z @ n w a I l D @ s a U T @ r/ n w I t_h n @ s f o v e I r/ @ b @ l r/ e I n r/ e I n z D @ p_h { t_h @ r/ n z @ p_h I r/ t_h u @ l { s t_h V n t_h I l D @ s E k_h @ n d h { f @ v d I s E m b @ r/ p_h l { n t_h I N I z @ I k_h s p_h E k_h t_h I d t_h u b i d I l e I d
elearning/119,O f s i A s n v E dZ t_h @ b @ l z m a I t_h b i I k_h s t_h r/ i m l i h A r/ d t_h u f a I n d @ n d p_h r/ a I s @ z A r/ I g z O r/ b I t_h @ n t_h d r/ A p_h b a I a U 3` O r/ g { n I k_h f u d s t_h O r/ l o U k_h e I t_h @ d d a U n t_h a U n p_h 3` k_h S O h i r/ w i O f 3` d a I v 3` s tS O I s @ z r/ e I n dZ I N f r/ V m g r/ e I n z t_h u g r/ i n l i v z w i A r/ @ v e I l @ b @ l f O r/ I n s t_h O r/ i S A p_h I N b V t_h a U 3` d I l I v 3` i s 3` v @ s w I l O l s o U n A t_h d I s @ p_h O I n t_h,O f s i z @ n v e dZ e t_h s e I s t_h e I b @ l m a I t_h b i I k_h s t_h r/ i m l i h A r/ d t_h u f a I n d { n d p_h r/ a I s A r/ I g z O r/ b i t_h @ n t_h d r/ A p_h b a I a U 3` O r/ g { n I k_h f u d s t_h O r/ l o U k_h e I t_h I d d a U n t_h a U n p_h I k_h S a U h I r/ w i O f 3` d a I v 3` s tS O I s r/ e I n dZ I N f r/ V m g r/ e n z t_h u g r/ i n l i v w i A r/ @ v a I l @ b @ l f O r/ I n s t_h O r/ S A p_h I N b V t_h a U 3` d I l I v 3` i s 3` v I s w I l O l s o n A t_h d I s @ p_h O I n t_h
elearning/143,w I D n { tS 3` @ l s V n l a I t_h b a U n s I N O f D @ m { s t_h 3` p_h i s @ z r/ I l i f s k_h V l p_h tS 3` z n u l i I n s t_h O l d I n s E n t_h r/ @ l p_h A r/ k_h h { v t_h e I k_h @ n D @ w 3` l d b a I s t_h O r/ m D @ dZ E n 3` @ l p_h V b l I k_h h { v f l V d @ d t_h u D @ s i n w I D k_h { m 3` @ z A n k_h { p_h tS 3` I N O l { N g @ l z l o U k_h e I t_h @ d I n @ f e I v 3` @ b @ l s p_h A t_h n I r/ D @ t_h a U n h O l D i z s k_h V l p_h tS 3` z p_h r/ A m @ s t_h u b I k_h V m @ m e I dZ 3` @ t_h r/ { k_h S @ n,w I T n { tS @ r/ @ l s V n l a I t_h b o U n s I N O f D @ m { s t_h @ r/ p_h i s r/ I l i f s k_h V l p_h tS u @ l n u l i I n s t_h O l I n s e n t_h r/ @ l p_h A r/ k_h h { v t_h e I k_h @ n D @ w 3` l d b a I s t_h O m D @ d Z E n @ r/ @ l p_h V b l I k_h h { v f l u d I d t_h u D @ s k_h r/ i n w I T k_h { m @ r/ @ z A n k_h { p_h tS @ r/ I N O l { N g @ l l o U k_h e I t_h I d I n @ f o U v @ r/ a I b @ l s p_h O t_h n I r/ D @ t_h a U n h O l D i z s k_h V l p_h tS @ r/ p_h r/ A m I s @ t_h u b I k_h V m @ m e I dZ @ r/ @ t_h r/ { k_h S @ n
elearning/144,g U d m O r/ n I N D I s tS E s t_h 3` p_h r/ i m i @ m k_h l o U D I N a U 3` e I dZ @ n t_h s A r/ n a U V n @ v e I l @ b @ l t_h u { n s 3` j O r/ k_h O l f O r/ m O r/ I n f 3` m e I S @ n A n h A l @ d e I d I s k_h a U n t_h s @ n d o U p_h @ n I N a U 3` z p_h l i z v I z @ t_h a U 3` s o U S @ l m i d i @ @ k_h a U n t_h s A n f e I s b U k_h @ n d I n s t_h E g r/ { m f O r/ d 3` E k_h t_h I n k_h w a I r/ i a U 3` e I dZ @ n t_h s w I l k_h A n t_h { k_h t_h j u d U r/ I N O f @ s a U 3` z D @ f A l o U I N d e I I f j u w U d l a I k_h t_h u l i v @ m E s @ dZ p_h l i z p_h r/ E s t_h u @ n d r/ I k_h O r/ d j O r/ v O I s m E s @ dZ T { N k_h j u f O r/ j O r/ V n d 3` s t_h { n d I N,g U d m O r/ n I N D I s s tS E s t_h 3` p_h r/ e m i 3` m k_h l o U d I N a U 3` @ g E n t_h s A r/ n a U V n @ v a I l @ b @ l t_h u { n s 3` j U r/ k_h O l f O r/ m O r/ I n f O r/ m e I S @ n A n h A l @ d e I d I s k_h a U n t_h { n d o U p_h @ n I N a U 3` z p_h l i z v I z I t_h a U 3` s o U S @ l m e d i a @ k_h a U n A n f e I s b U k_h { n d I n s t_h a g r/ { m f O r/ d a I r/ E k_h t_h I n k_h w a I @ r/ i a U 3` @ g E n t_h s w I l k_h A n t_h { k_h t_h j u d U r/ I N O f I s a U 3` D @ f A l o U I N d_< a I I f j u w U d l a I t_h u l i v @ m E s I dZ p_h l i z @ p_h r/ E s t_h u { n d @ r/ I k_h O r/ d j U r/ v v O I v O I m E s I dZ T { N k_h j u f O r/ j U r/ V n d 3` s t_h { n d I N
elearning/228,w E l k_h @ m t_h u D @ m E t_h r/ @ p_h A l @ t_h @ n m j u z i @ m V v A r/ t_h w i h o U p_h j O r/ t_h U r/ I z I n f O r/ m @ t_h I v @ n d E n dZ O I @ b @ l s I n s D E r/ A r/ @ l A t_h V v v I z @ t_h 3` z h i r/ t_h @ d e I w i w I l d I v a I d I n t_h u t_h u g r/ u p_h s { f t_h 3` k_h @ m p_h l i t_h I N D @ t_h U r/ j u m e I v I z @ t_h D @ g I f t_h S A p_h A n D @ f 3` s t_h f l O r/ E n dZ O I @ m i l I n D @ k_h { f @ t_h I r/ i @ O r/ l 3` n @ b a U t_h V p_h k_h V m I N I g z I b @ t_h s { t_h D @ I n f 3` m e I S @ n d E s k_h,w E l t_h u m e t_h r/ @ p_h o U l i @ n m j u z i @ m @ v A r/ t_h w i h o U p_h j U r/ t_h a U @ I I n f O r/ m @ t_h I v @ n d I n j O I @ b @ l s I n s D E r/ A r/ @ l A t_h @ v v I z I t_h 3` z h I r/ t_h @ d e I w i w I l d I v a I d I n t_h u g r/ u p_h s { f t_h 3` k_h @ m @ l i s t_h I N D @ D @ t_h U r/ j u m e I v I z I t_h D @ g I f t_h S A p_h A n D @ f 3` s t_h f l O r/ I n dZ O I @ m i l I n D @ k_h { t_h f e t_h e r/ i @ O r/ l 3` n @ b a U t_h V p_h k_h V m I N I g z I b I t_h s { t_h I n f O r/ m e I S @ n d E s k_h
elearning/251,D I s s V n d e I dZ { z m { s t_h 3` k_h A f i S A p_h I n v a I t_h s k_h A f i l V v 3` z t_h u @ t_h e I s t_h I N I v E n t_h { t_h a U 3` s t_h O r/ v I z @ t_h D @ S A p_h b I t_h w i n s I k_h s @ n d n a I n @ k_h l A k_h t_h u E n dZ O I h { f p_h r/ a I s d I z 3` t_h s l a I v m j u z I k_h @ n d a U 3` I k_h s k_h l u s I v k_h A f i f r/ V m k_h @ l V m b i @ w a I l j U r/ h i r/ j u k_h { n k_h @ m p_h l i t_h @ k_h V s t_h @ m 3` s 3` v e I t_h u r/ @ s i v @ p_h { k_h V v f r/ i k_h A f i t_h u b r/ u { t_h h o U m,D { t_h m { s t_h 3` k_h O f i I n v a I t_h k_h O f i l V v 3` z t_h u @ s t_h E s t_h I N I v E n t_h { t_h A 3` s t_h O r/ v I z I t_h s t_h O r/ b I t_h w i n s I k_h s { n d n a I n @ k_h l A k_h t_h u I n dZ O I h E l f p_h r/ a I d E z 3` t_h s l a I v m j u z I k_h { t_h A 3` I k_h l u s I v k_h O f i k_h @ l V m b i @ w a I l A r/ h I r/ j u k_h { n k_h @ m p_h l i t_h @ k_h V s t_h @ m 3` s 3` v e I t_h u r/ I s i t_h @ p_h { k_h @ v f r/ i f i k_h O f i { t_h b r/ i u { t_h h o U m
elearning/224,f O r/ D @ k_h r/ A p_h t_h u j i l d f A r/ m 3` z n i d t_h u @ k_h a U n t_h f O r/ D @ t_h E m p_h r/ @ tS 3` D @ m O I s tS 3` @ n d l a I t_h h A t_h @ n d d r/ a I k_h @ n d I S @ n z k_h @ n t_h I n j u t_h u p_h l e I g D @ s E n t_h r/ @ l @ n d n O r/ D 3` n r/ i dZ @ n z D I s g r/ o U I N s i z @ n w a I l D @ s V D 3` n w I t_h n @ s @ z f e I v 3` @ b @ l r/ e I n z D @ p_h { t_h 3` n z @ p_h I r/ t_h u l { s t_h @ n t_h I l D @ s E k_h @ n d h { f V v d I s E m b 3` p_h l { n t_h I N I z I k_h s p_h E k_h t_h @ d t_h u b i d I l e I d,f O D @ k_h r/ A p_h j I r/ f A r/ m @ r/ n I r/ t_h u @ k_h a U n t_h f O D @ t_h E m p_h @ r/ @ t_h @ r/ D @ n O I z t_h w a { n d l a I h A t_h { n d d r/ a I k_h @ n d I S @ n z k_h @ n t_h I n j u t_h u p_h l { g @ s D @ s E n t_h r/ @ l { n d n A t_h T @ r/ m r/ E n g i @ N d i t_h g r/ o U I N s i s @ n w a I l D @ s a U T @ r/ m w I t_h n I t_h s f e I v @ r/ @ b @ l r/ e I n D @ p_h { t_h @ r/ n { p_h @ r/ t_h u l E s V n t_h I l D @ s E k_h @ n d h { n d t_h u d I s E m b @ r/ p_h l { n t_h I N I z
elearning/236,O f s i A s n v E dZ t_h @ b @ l z m a I t_h b i I k_h s t_h r/ i m l i h A r/ d t_h u f a I n d @ n d p_h r/ a I s @ z A r/ I g z O r/ b I t_h @ n t_h d r/ A p_h b a I a U 3` O r/ g { n I k_h f u d s t_h O r/ l o U k_h e I t_h @ d d a U n t_h a U n p_h 3` k_h S O h i r/ w i O f 3` d a I v 3` s tS O I s @ z r/ e I n dZ I N f r/ V m g r/ e I n z t_h u g r/ i n l i v z w i A r/ @ v e I l @ b @ l f O r/ I n s t_h O r/ i S A p_h I N b V t_h a U 3` d I l I v 3` i s 3` v @ s w I l O l s o U n A t_h d I s @ p_h O I n t_h,O f s i z @ n v e dZ @ t_h @ b @ l m a I t_h b i I k_h s t_h r/ i m l i h A r/ d t_h u f a I n d { n d p_h r/ I s A r/ I g s O b i t_h @ n t_h d r/ A p_h b a I a U 3` o r/ g a n I k_h f u d s O r/ l o U k_h e I t_h I d d a U n t_h a U n p_h I k_h s a U h I r/ O f 3` d I l I v 3` s tS O I s r/ e I n g I N f r/ V m g r/ e I n t_h u g r/ i n l i f w i @ v e I l @ b @ l f O r/ I n s t_h O r/ S A p_h I N b V t_h a U 3` d I l I v 3` i s e I b @ l w I l O l s o n A t_h d I s e I p_h O I n t_h
elearning/271,t_h @ n a I t_h A n w 3` k_h I N m V D 3` z w i w I l h { v @ v E r/ i s p_h E S @ l g E s t_h s p_h i k_h 3` s { l i w O r/ @ n I z @ f e I m @ s s a I @ n t_h I s t_h n A t_h o U n l i I z S i @ p_h a I @ n I r/ I n k_h @ m p_h j u t_h 3` p_h r/ o U g r/ { m I N m { T @ m { t_h I k_h s @ n d d e I t_h @ b e I s m { n @ dZ m @ n t_h S i I z O l s o U { n @ m e I z I N m A m S i w I l b i s p_h i k_h I N t_h u V s @ b a U t_h D @ tS { l @ n dZ I z V v b { l @ n s I N b I t_h w i n @ k_h 3` I r/ @ n d m V D 3` h U d p_h l i z w E l k_h @ m s { l i w O r/ @ n t_h u D @ s t_h u d i o U,t_h @ n a I t_h A n w 3` k_h I N m V D 3` z w i w I l h { v v E r/ i s p_h E S @ l g E s t_h s p_h i k_h 3` s { l i w O r/ @ n I z @ f e I m @ s s a I @ n t_h I s t_h n A t_h o U n l i I z S i @ p_h j O I n k_h @ m p_h j u t_h 3` p_h r/ o U g r/ a m a { n d d a t_h a b e I s m { n I dZ m @ n t_h S i I z O l s o U { n @ m e I z I N m A m S i w I l s b i s p_h i k_h I N t_h u V s @ b a U t_h tS { l I n dZ I N @ v b { l @ n s I N b I t_h w i n @ k_h @ r/ I r/ { n d m V D 3` h A t_h p_h l i z w E l k_h @ m s { l i w O r/ @ n t_h u D @ s t_h A r/
elearning/050,w E l k_h @ m t_h u a U 3` T 3` d { n j u @ l k_h A n f 3` @ n s I t_h I z V v a U 3` g r/ e I t_h @ s t_h dZ O I t_h u w E l k_h @ m D @ p_h r/ E s @ n d b I l V v d g E s t_h s I n D @ p_h { s t_h T r/ i m V n T s a U 3` m { n @ dZ I N b O r/ d h { v @ p_h O I n t_h @ d D @ k_h V m p_h @ n i z n u tS i f m A r/ k_h @ t_h I N O f @ s 3` m I z A d r/ i i n b r/ a U n S i w I l b i s p_h I r/ h E d I N a U 3` E f 3` t_h s t_h u I k_h s p_h { n d a U 3` b r/ { n d z n e I m t_h u n u m A r/ k_h @ t_h s I n s a U T i s t_h e I Z @ t_h r/ V s t_h I d w I D E k_h s p_h 3` t_h i z @ n d l i d 3` S I p_h w i b I l i v S i w I l b i @ v { l j @ b @ l m E m b 3` V v a U 3` k_h V m p_h @ n i,w e l k_h V m t_h u a U @ r/ T 3` r/ d { n j u @ l k_h A n f I @ r/ @ n s I t_h s I @ I t_h s I @ v a U @ g r/ e I t_h I t_h dZ O I t_h u w e l k_h V m D @ p_h r/ e s { n d b I l @ v d g e s t_h s I n D @ p_h A s t_h T r/ i m V n T s a U @ m { n @ dZ I N b r/ O d h { v @ p_h O I n t_h I d D @ k_h V m p_h @ n i n j u tS e f m A r/ k_h e t_h I N O f I s O f I s @ m I s e n d r/ i @ n b r/ a U n s i w I l b i s p_h I @ h e d I N a U @ I f O r/ t_h t_h u I k_h p_h r/ { n d a U @ b r/ { n d n e I m t_h u n j u m A k_h I t_h s { n s a U T i s t_h e I z I @ t_h r/ @ s I d w I D I t_h s p_h @ r/ I k_h s p_h @ r/ t_h i z { n d l i d @ r/ S I p_h w i b I l i v S i w I l b i @ v A n @ b U @ l m e m b @ r/
elearning/127,w a I n d s p_h i d @ n d b l o U d 3` E k_h S @ n p_h l e I z @ k_h r/ I t_h I k_h @ l r/ o U l I n w E n @ n d h a U t_h u @ p_h l a I p_h E s t_h k_h @ n t_h r/ o U l D I s w i k_h s w E D 3` I z I k_h s p_h E k_h t_h @ d t_h u b i h j u m @ d @ n d k_h u l T r/ u a U t_h p_h l i z f A l o U D @ g a I d @ n s t_h u m e I k_h S U r/ D @ k_h E m I k_h @ l z d u n A t_h m I s D E r/ t_h A r/ g @ t_h s @ s p_h E S l i f V n dZ @ s a I d z S U d j u h { v E n i I n k_h w a I 3` i z d A n t_h h E z @ t_h e I t_h t_h u k_h A n t_h { k_h t_h V s j u z I N D @ n V m b 3` p_h r/ @ v a I d @ d,w I n d s p_h E d { n d p_h l o U d I z E t_h S @ n p_h l e I z @ @ k_h r/ I t_h I k_h @ l r/ o U l I n w E n { n d h a U t_h u @ p_h l a I p_h E t_h k_h @ n t_h r/ o U l D I s w i k_h w E D 3` I z I k_h s p_h E k_h t_h I d t_h u b i h j u m I d { n d k_h u l T r/ u a U t_h p_h l i f A l o U D @ g j u d @ n s t_h u m e I k_h S U r/ D @ k_h E m I k_h @ l n A t_h d u m i t_h D @ D E r/ D E r/ t_h A r/ g e t_h s I k_h p_h E tS @ l i f V n S I d I d S U d j u h { v E n i I n k_h w I r/ i d o U n t_h h E r/ I t_h e I t_h t_h u k_h A n t_h { k_h t_h V s j u z I N D @ n V m b 3` p_h r/ @ v a I d
elearning/141,w E l k_h @ m t_h u k_h V s t_h @ m 3` s 3` v @ s I m 3` dZ @ n s i z w i O f 3` s @ p_h O r/ t_h f O r/ O r/ d 3` m I k_h s @ p_h s p_h r/ A d @ k_h t_h I S u z @ n d V D 3` r/ I l e I t_h I d k_h @ n s 3` n z w i s I n s I r/ l i @ p_h A l @ dZ a I z f O r/ D @ I S u z j u h { v I n k_h a U n t_h 3` d f O r/ d I t_h e I l d I n s t_h r/ V k_h S @ n A n h a U t_h u p_h r/ @ s i d p_h l i z v I z @ t_h a U 3` w E b s a I t_h t_h u s p_h i k_h w I D a U 3` e I dZ @ n t_h p_h l i z p_h r/ E s w V n t_h u b i d 3` E k_h t_h @ d t_h u a U 3` O r/ d 3` s 3` v @ s @ z s t_h { f p_h r/ E s t_h u t_h u b i d 3` E k_h t_h @ d t_h u a U 3` p_h r/ A d @ k_h t_h k_h w A l @ t_h i t_h i m T { N k_h j u f O r/ j O r/ V n d 3` s t_h { n d I N,w E l k_h @ m t_h u k_h V m k_h V s t_h @ m 3` s 3` v @ t_h I m a I k_h @ s I n I m a I dZ @ n s i w i O f 3` s @ p_h O r/ t_h t_h u O r/ d 3` m I s U p_h p_h r/ A d V k_h t_h I S u { n d o D 3` r/ I l e I t_h k_h A n s e n w i s E n s E n r/ @ l i @ p_h A l @ dZ a I z f O r/ D @ I S u j u h { v I n k_h a U n t_h 3` d f O r/ d i t_h e I l d I n s t_h r/ V k_h S @ n A n h a U t_h u p_h r/ o s e d p_h l i z v I z I t_h a U 3` w E b s a I t_h t_h u s p_h i k_h w I D a a { m @ dZ e n t_h p_h l i p_h r/ E t_h w V n t_h u b i d I r/ E k_h t_h I d t_h u a U 3` O r/ d 3` s 3` v I s s t_h { f p_h r/ i t_h u t_h u b i d I r/ E k_h t_h I d t_h u a U 3` p_h r/ A p_h r/ A p_h r/ A d V k_h t_h k_h w A l i
elearning/204,d V z j O r/ k_h V m p_h @ n i z { k_h t_h I v @ t_h i z I n v A l v t_h r/ { n z { k_h S @ n z j u z I N f O r/ @ n k_h 3` @ n s i z d u b { N k_h s h a I s 3` v @ s f i z @ p_h I r/ t_h u b i @ b { r/ i 3` l E t_h D @ t_h i m { t_h I k_h s tS e I n dZ s m A r/ t_h h E l p_h j u m i t_h O l j O r/ I k_h s tS e I n dZ r/ I k_h w a I r/ m @ n t_h s w i O f 3` t_h e I l 3` d s 3` v @ s @ z t_h u a U 3` b I z n @ s k_h V s t_h @ m 3` z D { t_h A r/ d I z a I n d t_h u h E l p_h j u g E t_h D @ b E s t_h k_h w o U t_h s @ n d i v I n d I l I v 3` j O r/ tS E k_h s @ n d d r/ { f t_h s k_h A n t_h { k_h t_h V s t_h @ d e I,d V z j O r/ k_h V m p_h @ n i { k_h t_h I v I t_h i I n v A l v t_h r/ { n { k_h S @ n j u z I N f O r/ @ n k_h V r/ @ n s i z d u b { N k_h I N h a I s 3` v I s d u b { N k_h h a I s 3` v I s f i @ p_h I r/ t_h u b i @ b A r/ i e l E t_h D @ t_h i m { t_h I k_h s tS e I n dZ s m A r/ t_h h E l p_h j u m i t_h { t_h 3` j O r/ m i t_h { t_h j O r/ I k_h s tS e I n dZ r/ I k_h w a I r/ r/ I k_h w a I r/ m @ n t_h w i O f 3` t_h A r/ l u @ s 3` v I s t_h u a U 3` b I z n I s k_h V s t_h @ m 3` D { t_h A r/ d I z a I n t_h u h E l p_h j u g E t_h D @ b E s t_h k_h w o U t_h { n d i v E n d I l I v 3` j O r/ tS E k_h { n d d r/ { f t_h k_h A n t_h { k_h t_h V s t_h @ d e I
elearning/351,A l t_h k_h O r/ p_h 3` e I S @ n I z k_h A n s t_h @ n t_h l i s i k_h I N t_h u I m p_h r/ u v D @ k_h w A l @ t_h i @ n d I f I S @ n s i V v j O r/ k_h l a I @ n t_h s 3` v @ s @ z b a I O f 3` I N k_h @ m p_h j u t_h 3` s O f t_h w E r/ w I tS m a I n z b I g d e I t_h @ w i k_h { n h E l p_h O l m o U s t_h E n i b I z n @ s w I tS h { z d e I t_h @ t_h u m O r/ I f I S @ n t_h l i p_h r/ O s E s I t_h n o U I N m O r/ @ b a U t_h j O r/ k_h V s t_h @ m 3` z m i n z D { t_h j u k_h { n O f 3` D E m p_h r/ A d @ k_h t_h s w I tS f I t_h D E r/ n i d z w i w 3` k_h I n e I t_h i k_h V n t_h r/ i z I n t_h w E n t_h i d I f 3` @ n t_h l { N g w @ dZ @ z @ n d A r/ s 3` t_h @ f a I d s O f t_h w E r/ p_h r/ @ v a I d 3` z f O r/ w I n d o U z { p_h @ l @ n d l I n @ k_h s s I s t_h @ m z k_h A n t_h { k_h t_h A l t_h @ n d n o U j O r/ k_h V s t_h @ m 3` z b E t_h 3`,e i E l t_h i k_h O p_h @ r/ e I S @ n I k_h O n s t_h @ n l i N k_h O n s t_h @ n l i s i k_h I N t_h u I m p_h r/ u v z @ k_h w A l I t_h I { n d I f e I k_h s I V n s I O v j u k_h l a I @ n t_h s 3` r/ v I s I s b a I O f @ r/ I N k_h O m p_h j u t_h @ s O f t_h w E r/ w I tS m a I p_h I g d e I t_h @ w i k_h { n h E v o l s m o U t_h E n i b I z I n I s w I tS h { s d e I t_h @ t_h u m O I f I s I @ n l i p_h r/ o s I s I t_h n o U I n m O r/ @ b a U j O r/ k_h V t_h @ m @ r/ m i n s D { t_h s j u k_h { n O f @ r/ z @ m p_h r/ O d V k_h s w I tS f I t_h D E r/ n i s w i w 3` r/ k_h I n e I t_h i n k_h V n t_h r/ i I n t_h w E n t_h i d I f r/ @ n l { N g w I dZ { n d A r/
elearning/356,s I g n @ tS 3` t_h U r/ b a I h e I s t_h 3` E k_h s @ l @ n s j u d A n t_h w A n t_h t_h u m I s k_h @ m p_h r/ a I z I N b o U T k_h V m f 3` t_h @ n d { d v E n tS 3` @ s E l @ m @ n t_h s a U 3` t_h U r/ I z k_h e I t_h 3` d t_h u @ l a I n w I D t_h r/ { v @ l 3` z v I Z @ n z w E D 3` I t_h I z t_h r/ E k_h I N k_h { m p_h I N O r/ s I m p_h l i s a I t_h s i I N a U 3` t_h i m V v s p_h E S @ l @ s t_h s w I l k_h @ l { b 3` e I t_h w I D k_h V s t_h @ m 3` z t_h u d I z a I n @ m E m 3` @ b @ l s I t_h i I s k_h e I p_h k_h A n t_h { k_h t_h V s n a U,s I g n e I t_h S U @ r/ t_h U r/ b a I h e I s t_h @ r/ I k_h s E l @ n s j u d A n t_h w A n t_h t_h u m I s k_h O m p_h r/ a I z I N p_h O t_h k_h V m f O s { n d @ d v E n t_h u r/ @ s i l E m @ n t_h s a U @ r/ t_h U @ r/ I k_h @ r/ k_h @ r/ t_h e I d k_h V k_h e I t_h @ r/ @ s t_h u o n l a I w I s t_h r/ { v r/ @ t_h r/ { v @ l @ s v I z I n s w E D @ r/ i I t_h s i t_h r/ e i k_h I N k_h { m I N O s I m p_h a i s a I t_h I N s i I N a U @ r/ t_h i m @ v s p_h E S @ l I t_h s w I l k_h O r/ p_h @ r/ @ t_h k_h O l @ b @ r/ e I t_h w I s k_h V t_h @ m @ z t_h u d I z a I @ m E m @ r/ O r/ I s I t_h i I s k_h e I p_h k_h A n t_h { k_h s V t_h n a U
elearning/357,A l t_h k_h O r/ p_h 3` e I S @ n I z k_h A n s t_h @ n t_h l i s i k_h I N t_h u I m p_h r/ u v D @ k_h w A l @ t_h i @ n d I f I S @ n s i V v j O r/ k_h l a I @ n t_h s 3` v @ s @ z b a I O f 3` I N k_h @ m p_h j u t_h 3` s O f t_h w E r/ w I tS m a I n z b I g d e I t_h @ w i k_h { n h E l p_h O l m o U s t_h E n i b I z n @ s w I tS h { z d e I t_h @ t_h u m O r/ I f I S @ n t_h l i p_h r/ O s E s I t_h n o U I N m O r/ @ b a U t_h j O r/ k_h V s t_h @ m 3` z m i n z D { t_h j u k_h { n O f 3` D E m p_h r/ A d @ k_h t_h s w I tS f I t_h D E r/ n i d z w i w 3` k_h I n e I t_h i k_h V n t_h r/ i z I n t_h w E n t_h i d I f 3` @ n t_h l { N g w @ dZ @ z @ n d A r/ s 3` t_h @ f a I d s O f t_h w E r/ p_h r/ @ v a I d 3` z f O r/ w I n d o U z { p_h @ l @ n d l I n @ k_h s s I s t_h @ m z k_h A n t_h { k_h t_h A l t_h @ n d n o U j O r/ k_h V s t_h @ m 3` z b E t_h 3`,e i E l t_h i s k_h O p_h @ r/ e I S @ n I k_h O n k_h O n s t_h @ n k_h O n s t_h @ l i s i k_h I N t_h u I m p_h r/ u v z @ k_h w A l E t_h I { n d I n I f I k_h s I V n s I O v j U @ r/ k_h l a I @ n t_h s 3` r/ v I s I s b a I O f @ r/ I N k_h O m p_h j u t_h @ r/ s w O f s O f t_h w E r/ i b I tS m a I m a I p_h I g d e I t_h @ w i k_h { n h E v O l m o U t_h E n i b I z I n I s w I tS h { s d e I t_h @ t_h u m O I f I s I @ n l i p_h r/ o s I s t_h u n o U I n m O r/ @ b a U j O r/ k_h V s t_h @ m @ r/ s m i n s D { t_h j u k_h { n O f @ r/ z @ m p_h r/ O d V k_h s w I tS f I t_h s D E r/ n i s w i w 3` r/ k_h I n e I t_h i n s k_h A n
elearning/360,s I g n @ tS 3` t_h U r/ b a I h e I s t_h 3` E k_h s @ l @ n s j u d A n t_h w A n t_h t_h u m I s k_h @ m p_h r/ a I z I N b o U T k_h V m f 3` t_h @ n d { d v E n tS 3` @ s E l @ m @ n t_h s a U 3` t_h U r/ I z k_h e I t_h 3` d t_h u @ l a I n w I D t_h r/ { v @ l 3` z v I Z @ n z w E D 3` I t_h I z t_h r/ E k_h I N k_h { m p_h I N O r/ s I m p_h l i s a I t_h s i I N a U 3` t_h i m V v s p_h E S @ l @ s t_h s w I l k_h @ l { b 3` e I t_h w I D k_h V s t_h @ m 3` z t_h u d I z a I n @ m E m 3` @ b @ l s I t_h i I s k_h e I p_h k_h A n t_h { k_h t_h V s n a U,s I g n e I t_h S U @ r/ t_h U @ r/ b a I h e I s t_h @ r/ I k_h s E l @ n s j u d A n t_h w A n t_h t_h u m I s k_h O m p_h r/ a I z I N p_h O t_h k_h V m f O s t_h { n d @ d v E n t_h S @ r/ @ s i l E m i l E m @ n t_h s a U @ r/ t_h U @ r/ I z k_h { t_h @ r/ @ s t_h u o n l a I w I s t_h r/ { v @ s v I z I n s w E D @ r/ I t_h s i t_h r/ e i k_h I N k_h { m I N O s p_h r/ a I s I m p_h l i s a I t_h s i I N a U @ r/ t_h i m @ v s p_h E S @ l I s t_h s w I w I l k_h O p_h @ l e I r/ e I S @ n k_h O l @ p_h k_h O l @ b r/ e I k_h O l @ b r/ e I s w I T k_h V s t_h @ m @ z t_h u d I z a I @ m E m @ r/ o m E m @ r/ e I b @ l s I t_h i I s k_h e I f
elearning/125,A r/ j u l U k_h I N f O r/ @ b j u t_h @ f @ l g E t_h @ w e I t_h u @ l @ g Z 3` i @ s r/ I z O r/ t_h D @ s t_h V n I N p_h E r/ @ d a I s r/ I z O r/ t_h I z D @ p_h 3` f I k_h t_h d E s t_h @ n e I S @ n f O r/ j u w i O f 3` @ t_h o U t_h @ l V v t_h u h V n d r/ @ d @ n d f I f t_h i r/ u m z t_h u E k_h s k_h w @ z @ t_h b @ t_h { n I k_h @ l g A r/ d @ n z @ n d f O r/ I k_h s p_h { n s I v s w I m I N p_h u l z p_h E r/ @ d a I s r/ I z O r/ t_h w I l h E l p_h j u l i v O l j O r/ s t_h r/ E s b I h a I n d f O r/ f 3` D 3` I n f 3` m e I S @ n p_h l i z v I z @ t_h a U 3` w E b s a I t_h,A r/ j u l U k_h I N f O @ b j u t_h I f @ l g E t_h w e I t_h u @ l @ s g Z U r/ i @ s r/ I s O r/ t_h D @ s t_h V n I N p_h { r/ a d a I s r/ I s O r/ t_h I z D @ p_h 3` f e k_h t_h d E s t_h I n e I S @ n f O r/ j u w i A f @ @ t_h o U t_h @ l @ v t_h u h V n d r/ e d @ n d f I f t_h i r/ u m z t_h u I k_h s k_h w I s a I b o t_h a n I k_h @ l g A d @ n z @ n d t_h u @ n d f O r/ I k_h s p_h E n s I v s w I m I N p_h u l z p_h e r/ @ d a I s r/ I s O r/ t_h w I l h E l p_h j u l i v O l j U r/ s t_h r/ E s b I h a I n d f O r/ f 3` D @ I n f @ m e I S @ n p_h l i z v I z I t_h a U @ w E b s a I t_h
elearning/212,A r/ j u l U k_h I N f O r/ @ f V n n u h A b i I f s o U h E d r/ a I t_h o U v 3` D @ b r/ { n s @ n l a I b r/ E r/ i w i A r/ l O n tS I N @ b U k_h k_h l V b f O r/ k_h @ m j u n @ t_h i m E m b 3` z l a I k_h j u m E m b 3` z w I l r/ E d @ b U k_h @ m V n T h { v w i k_h l i d I s k_h V S @ n z @ n d r/ a I t_h @ r/ i p_h O r/ t_h @ b a U t_h D E r/ f { v j u r/ a I t_h k_h E r/ I k_h t_h 3` w i w I l m i t_h A n w E n z d i i v n I N z { t_h s E v @ n @ k_h l A k_h k_h A n t_h { k_h t_h b E t_h i { t_h D @ f r/ V n t_h d E s k_h f O r/ m O r/ I n f 3` m e I S @ n,A r/ j u l U k_h I N f O r/ @ f V n n u h A b i I f s o U h E d r/ a I t_h o U v 3` D @ b r/ { n s @ n l a I b r/ @ r/ i w i A r/ l O n tS I N @ b U k_h k_h l V b f O r/ k_h @ m j u n @ t_h i m E m b 3` z l a I k_h j u m E m b 3` z w I l r/ i d @ b U k_h @ m V n T h { v w i k_h l i d I s k_h V S @ n z { n d r/ a I t_h @ r/ I p_h O r/ t_h @ b a U t_h D E r/ f e I v r/ I t_h k_h { r/ @ k_h t_h 3` w i w I l m i t_h A n w E n z d e I i v n I N z { t_h s E v @ n @ k_h l A k_h k_h A n t_h { k_h t_h b E t_h i { t_h D @ f r/ V n t_h d E s k_h f O r/ m O r/ I n f 3` m e I S @ n
elearning/226,t_h @ n a I t_h A n w 3` k_h I N m V D 3` z w i w I l h { v @ v E r/ i s p_h E S @ l g E s t_h s p_h i k_h 3` s { l i w O r/ @ n I z @ f e I m @ s s a I @ n t_h I s t_h n A t_h o U n l i I z S i @ p_h a I @ n I r/ I n k_h @ m p_h j u t_h 3` p_h r/ o U g r/ { m I N m { T @ m { t_h I k_h s @ n d d e I t_h @ b e I s m { n @ dZ m @ n t_h S i I z O l s o U { n @ m e I z I N m A m S i w I l b i s p_h i k_h I N t_h u V s @ b a U t_h D @ tS { l @ n dZ I z V v b { l @ n s I N b I t_h w i n @ k_h 3` I r/ @ n d m V D 3` h U d p_h l i z w E l k_h @ m s { l i w O r/ @ n t_h u D @ s t_h u d i o U,t_h @ n a I t_h A n w 3` k_h I N m o D 3` s w i w I l h { v @ s p_h E S @ l g E s t_h s p_h i k_h 3` s { l i w O r/ @ n I z @ f e I m @ s s a I @ n t_h I s t_h n A t_h o U n l i S i S i @ p_h a I @ n I r/ I n k_h @ m p_h j u t_h 3` p_h r/ o U g r/ { m I N m { T @ m { t_h I k_h s { n d d a t_h a b e I s m { n I dZ m @ n t_h S i I z O l s o U { n @ m e I z I N m A m S i I z S i w I l b i s p_h i k_h I N t_h u V s @ b a U t_h D @ tS { l I n dZ I z @ v b { l @ n s I N b I t_h w i n @ k_h @ r/ I r/ { n d m V D 3` h U d p_h l i z b I k_h V m s { l i w O r/ @ n t_h u D @ s t_h u d i o U
elearning/249,f O r/ D @ k_h r/ A p_h t_h u j i l d f A r/ m 3` z n i d t_h u @ k_h a U n t_h f O r/ D @ t_h E m p_h r/ @ tS 3` D @ m O I s tS 3` @ n d l a I t_h h A t_h @ n d d r/ a I k_h @ n d I S @ n z k_h @ n t_h I n j u t_h u p_h l e I g D @ s E n t_h r/ @ l @ n d n O r/ D 3` n r/ i dZ @ n z D I s g r/ o U I N s i z @ n w a I l D @ s V D 3` n w I t_h n @ s @ z f e I v 3` @ b @ l r/ e I n z D @ p_h { t_h 3` n z @ p_h I r/ t_h u l { s t_h @ n t_h I l D @ s E k_h @ n d h { f V v d I s E m b 3` p_h l { n t_h I N I z I k_h s p_h E k_h t_h @ d t_h u b i d I l e I d,f O D @ k_h r/ A p_h t_h u j i l d f A r/ m @ r/ z n i d t_h u @ k_h a U n t_h f O D @ t_h E m p_h @ r/ @ t_h @ r/ D @ m a r/ s tS @ r/ { n d l a I t_h h A t_h { n d d r/ a I k_h @ n d I S @ n k_h @ n tS I n j u p_h l a g j u D @ s E n t_h r/ @ l { n d @ n O T @ r/ n r/ i dZ @ n z D I s g r/ o U I N s i s @ n w a I l o D @ s a U T @ r/ n w I t_h n @ s I z f e I v @ r/ @ b @ l r/ e I n z D @ p_h { t_h @ r/ n z @ p_h I r/ t_h u l { s t_h V n t_h I l D @ s E k_h @ n d h { f @ v d I s E m b @ r/ p_h l { n t_h I N I z I k_h s p_h E t_h I d t_h u b i d e l e I
elearning/259,O f s i A s n v E dZ t_h @ b @ l z m a I t_h b i I k_h s t_h r/ i m l i h A r/ d t_h u f a I n d @ n d p_h r/ a I s @ z A r/ I g z O r/ b I t_h @ n t_h d r/ A p_h b a I a U 3` O r/ g { n I k_h f u d s t_h O r/ l o U k_h e I t_h @ d d a U n t_h a U n p_h 3` k_h S O h i r/ w i O f 3` d a I v 3` s tS O I s @ z r/ e I n dZ I N f r/ V m g r/ e I n z t_h u g r/ i n l i v z w i A r/ @ v e I l @ b @ l f O r/ I n s t_h O r/ i S A p_h I N b V t_h a U 3` d I l I v 3` i s 3` v @ s w I l O l s o U n A t_h d I s @ p_h O I n t_h,O f s i z @ n z v e dZ @ t_h @ b @ l z m a I t_h b i I k_h s t_h r/ i m l i h A r/ d t_h u f a I n d { n d p_h r/ a I s A r/ I g s O b i t_h @ n t_h d r/ A p_h b a I a U 3` O r/ g { n I k_h f u d s t_h O r/ l o U k_h e I t_h I d d a U n t_h a U n p_h @ S a U h I r/ w i O f 3` d a I v 3` tS O I s r/ e I n dZ I N f r/ V m g r/ e I n z t_h u g r/ i n l i f w i A r/ @ v a I l @ b @ l f O r/ I n S t_h O r/ S A p_h I N b V t_h a U 3` d I l I v 3` r/ @ s s 3` v I s w I l O l s o n A t_h d I s @ p_h O I n t_h
elearning/304,t_h @ n a I t_h A n s @ l E b r/ I t_h i s p_h A t_h l a I t_h w i h { v @ f { n t_h { s t_h I k_h g E s t_h dZ O I n I N V s A n D @ p_h r/ o U g r/ { m d e I v I d h E r/ I s w V n V v D @ m o U s t_h f e I m @ s { k_h t_h 3` z I n D @ w 3` l d I z k_h 3` @ n t_h l i s t_h A r/ I N I n g { l @ k_h s i I n I g m @ { f t_h 3` D @ k_h @ m 3` S @ l b r/ e I k_h d e I v I d w I l d I s k_h V s h I z n u f I l m n u h o U m @ n d g r/ o U I N f { m @ l i s t_h e I t_h u n d f O r/ D I s s p_h E S @ l I n t_h 3` v j u,t_h @ n a I t_h A n s E l E b r/ I t_h i s p_h A t_h l a I t_h w i h { v @ f { n t_h { s t_h I k_h g E s t_h dZ O I n I V s A n D @ p_h r/ o U f { m d { v I d h E r/ I s w V n V v D @ m O s t_h f e I m @ s { k_h t_h @ r/ s I n D @ w 3` r/ l d I s k_h 3` r/ @ n l i s t_h { r/ I N I n g { l { k_h s i E n I g m @ { f t_h @ r/ k_h O m 3` r/ S @ l b r/ e I k_h d { v I d w I l d I s k_h V s h I s n j u f I l m n j u h O m { n d g r/ o U I N f { m I l i s t_h e I t_h u n I d f O r/ D I s s p_h E s @ l I n t_h @ r/ v j u
