Path,Canonical,Transcript
L2_arctic_WAV/ABA_arctic_a0003,f O r/ D V t_h w E n t_h i I T t_h a I m D { t_h i v n I N D V t_h u m E n S U k_h h { n d z,f O r/ D V t_h w E n t_h i I T t_h a I m D { t_h i v n I N k_h D V t_h u m E n S U k_h h { n s s
L2_arctic_WAV/ABA_arctic_a0005,w I l w i E v 3` f O r/ g E t_h I t_h,w I l w i E v @ f O r/ g E t_h E t_h
L2_arctic_WAV/ABA_arctic_a0006,g A d b l E s @ m a I h o U p_h a I l g o U O n s i I N D E m f 3` E v 3`,g A d b l E s D @ m a I h o U p_h a I l g o U O n s i I N D E m f 3` E v @
L2_arctic_WAV/ABA_arctic_a0007,{ n d j u O l w i z w O n t_h t_h u s i I t_h I n D @ s U p_h 3` l @ t_h I v d I g r/ i,{ n d j u O l w i z w O n t_h t_h u s i E t_h E n D @ s U b 3` l @ t_h I v d I g r/ i
L2_arctic_WAV/ABA_arctic_a0008,g { d j U r/ l E t_h 3` k_h e I m dZ V s t_h I n t_h a I m,g { d j U r/ l E t_h r/ k_h e I m dZ V s t_h I n t_h a I m
L2_arctic_WAV/ABA_arctic_a0010,a I m p_h l e I I N @ s I N g @ l h { n d I n w V t_h l U k_h s l a I k_h @ l u z I N g e I m,a I m p_h l e I I N @ s I N g @ l h { n d I n w V t_h l U k_h s l a I k_h @ l u z I N g e I m
L2_arctic_WAV/ABA_arctic_a0011,I f a I E v 3` n i d I d @ f a I t_h 3` I n m a I l a I f a I n i d w V n n a U,I f a I E v @ n i d I d @ f a I t_h 3` I n m a I l a I f a I n i d w V n n a U
L2_arctic_WAV/ABA_arctic_a0013,h i w O z @ h E d S O r/ t_h 3` D { n h I z k_h @ m p_h { n j @ n V v O l m o U s t_h d E l @ k_h @ t_h f @ z i k_h,h i w O z @ h E d S O r/ t_h 3` D { n h I z k_h @ m b { n j @ n V v O l m o U s t_h d E l @ k_h e I t_h f @ z i k_h
L2_arctic_WAV/ABA_arctic_a0018,D E r/ w A z @ tS e I n dZ n a U,z E r/ w A z @ tS e I n dZ n a U
L2_arctic_WAV/ABA_arctic_a0019,a I f A l o U d D @ l a I n V v D V p_h r/ @ p_h o U z d r/ e I l r/ o U d l U k_h I N f O r/ tS { n s I z,a I f A l o U d D @ l a I n V v D V p_h r/ @ p_h o U z d r/ e I l r/ o U d l U k_h I N f O r/ tS { n s I z
L2_arctic_WAV/ABA_arctic_a0020,k_h l V b z @ n d b O l z @ n d s I t_h i z g r/ u t_h u b i o U n l i m E m 3` i z,k_h l V b z @ n d b O l z @ n d s I t_h i z g r/ O t_h u b i o U n l i m E m r/ i z
L2_arctic_WAV/ABA_arctic_a0021,I t_h f E r/ l i k_h l V b d m i I n t_h u r/ E k_h @ g n a I z I N I t_h,I t_h f E r/ l i k_h l V b d m i I n t_h u err E k_h @ g n a I z I N k_h I t_h
L2_arctic_WAV/ABA_arctic_a0022,h A r/ d l i w 3` a U r/ p_h l { n z m e I d p_h V b l I k_h b i f O r/ w i w 3` m E t_h b a I p_h a U 3` f @ l A p_h @ z I S @ n,h A err d l i w E r/ a U r/ p_h l { n z m e I d p_h V b l I k_h b i f O r/ w i w E r/ m E t_h b a I p_h a U 3` f @ l A p_h @ z I S @ n
L2_arctic_WAV/ABA_arctic_a0023,@ k_h A m b @ n e I S @ n V v k_h @ n e I d i @ n k_h { p_h I t_h @ l k_h w I k_h l i O r/ g @ n a I z d @ n d p_h @ t_h I S @ n d f O r/ D @ s e I m p_h r/ I v l I dZ I z,@ k_h A m b @ n e I S @ n V v k_h @ n e I d i @ n k_h { p_h I t_h @ l k_h w I k_h l i O r/ g @ n a I z d @ n d p_h @ t_h I S @ n d f O r/ D @ s e I m p_h r/ I v l I dZ I z
L2_arctic_WAV/ABA_arctic_a0024,I t_h w O z m a I r/ I p_h O r/ t_h s f r/ V m D V n O r/ T h w I tS tS i f l i I n d u s t_h p_h i p_h @ l t_h u b a I,I t_h w O z m a I r/ I p_h O r/ t_h s f r/ V m D V n O r/ T h w I tS tS i f l i I n d u s t_h p_h i p_h @ l t_h u b a I
L2_arctic_WAV/ABA_arctic_a0025,a I w O z @ b a U t_h t_h u d u D I s w E n k_h u l er) dZ V dZ m @ n t_h p_h r/ i v e I l d,a I w O z @ b a U t_h t_h u d u D I s w E n k_h u l er) dZ V dZ m @ n t_h b r/ i v e I l d
L2_arctic_WAV/ABA_arctic_a0026,I t_h @ k_h 3` d t_h u m i D { t_h D E r/ w U d h { v t_h u b i { n @ k_h a U n t_h I N,I t_h o U k_h 3` d t_h u m i D { t_h D E r/ w U d h { v t_h u b i { n @ k_h a U n t_h I N
L2_arctic_WAV/ABA_arctic_a0027,t_h u m a I s 3` p_h r/ a I z h i b i g { n t_h u S o U { k_h S @ l I n T u z i { z @ m I n m a I f e I v 3`,t_h u m a I s 3` p_h r/ a I z h i b i g { n t_h u S o U { k_h S @ l I n s u s i { z @ m I n m a I f e I v @
L2_arctic_WAV/ABA_arctic_a0028,r/ A b 3` i b r/ a I b 3` i f r/ O d,r/ A b 3` i p_h r/ a I b 3` i f u t_h
L2_arctic_WAV/ABA_arctic_a0029,D E r/ f O r/ s I z w 3` O r/ E d i m u v I N I n t_h u D V n O r/ T k_h V n t_h r/ i,D I E r/ f O s I z w E r/ O r/ E d i m u v I N k_h I n t_h u D V n O r/ T k_h V n t_h r/ i
L2_arctic_WAV/ABA_arctic_a0030,a I h { d f e I T I n D E m,a I h { d f e I T I n D E m
L2_arctic_WAV/ABA_arctic_a0031,D e I w 3` T r/ i h V n d r/ I d j A r/ d z @ p_h A r/ t_h,D e I w i 3` T err i h V n d r/ I d j A err d z @ p_h A r/ t_h
L2_arctic_WAV/ABA_arctic_a0032,s I n s D E n s V m m I s t_h I r/ i @ s f O r/ s h { z b I n f a I t_h I N V s { t_h E v r/ i s t_h E p_h,s I n s D E n s V m m a I s t_h r/ E s f O r/ s h { z b I n f a I t_h I N k_h V s { t_h E v r/ i s t_h E p_h
L2_arctic_WAV/ABA_arctic_a0036,S i t_h 3` n d I n { t_h D V h o U t_h E l,S i t_h 3` n d I n { t_h D V h o U t_h E l
L2_arctic_WAV/ABA_arctic_a0037,a I w V z D V o U n l i w V n h u r/ i m e I n d s I t_h I N,a I w V z z V o U n l i w V n h u r/ i m e I n d s I t_h I N k_h
L2_arctic_WAV/ABA_arctic_a0038,w i w I l h { v t_h @ w O tS a U r/ tS { n s I z,w i w I l h { v t_h @ w O tS a U r/ tS { n s I z
L2_arctic_WAV/ABA_arctic_a0039,D @ S I p_h S U d b i I n w I T I n @ w i k_h O r/ t_h E n d e I z,D @ S I p_h S U d b i I n w I T I n @ w i k_h O r/ t_h I n d e I z
L2_arctic_WAV/ABA_arctic_a0040,a I s @ p_h o U z j u w V n d 3` h w a I S i I z k_h V m I N V p_h h i r/,a I s @ b o U z j u w V n d 3` h w a I S i I z k_h V m I N V p_h h i r/
L2_arctic_WAV/ABA_arctic_a0041,m i n w a I l a I l g o U a U t_h t_h u b r/ i D @ s p_h E l,m i n w a I l a I l g o U a U t_h t_h u p_h r/ i D @ s p_h E l
L2_arctic_WAV/ABA_arctic_a0042,h a U k_h U d h i I k_h s p_h l e I n h I z p_h @ z E S @ n V v D @ s k_h E tS,h a U k_h U d h i I k_h s b l e I n h I z p_h @ z E S @ n V v D @ s k_h E tS
L2_arctic_WAV/ABA_arctic_a0045,h i m u v d @ w e I { z k_h w a I @ t_h l i { z h i h { d k_h V m,h i m u v d @ w e I { z k_h w a I @ t_h l i { z h i h { d k_h V m
L2_arctic_WAV/ABA_arctic_a0046,D @ g 3` l f e I s t_h h I m h 3` a I z S a I n I N w I D s V d @ n f I r/,D @ g 3` l f e I s t_h h I m h r/ a I z S a I n I N k_h w I D s V d @ n f I r/
L2_arctic_WAV/ABA_arctic_a0047,k_h l o U s b I s a I d h I m g l i m d D V w a I t_h f { N z V v D V w U l f d O g,k_h l o U z b I s a I d h I m g l i m d D V w a I t_h f { N z V v D V w O l f d o U g
L2_arctic_WAV/ABA_arctic_a0048,h i l U k_h t_h { t_h D @ h { N k_h 3` tS i f m O r/ k_h l o U s l i,h i l U k_h t_h { t_h D @ h { N d k_h 3` S i f m O r/ g l o U z l i
L2_arctic_WAV/ABA_arctic_a0051,D @ l e I s w O z V v @ d E l @ k_h @ t_h a I v 3` i k_h V l 3` f e I n t_h l i t_h I n t_h I d w I D j E l o U,D @ l e I s w O z V v @ d E l @ k_h @ t_h I v O r/ i k_h V l 3` f e I n t_h l i t_h I n t_h I d w I D j e I l o U
L2_arctic_WAV/ABA_arctic_a0052,I t_h w O z @ k_h j U r/ i @ s k_h o U I n s I d @ n s,I t_h w O z @ k_h j U r/ i @ s k_h o U I n s I d @ n s
L2_arctic_WAV/ABA_arctic_a0053,s V d @ n l i h I z f I N g 3` z k_h l o U z d t_h a I t_h l i o U v 3` D @ h { N k_h 3` tS i f,s V d @ n l i h I z f I N g 3` z k_h l o U z d t_h a I t_h l i o U v 3` err D @ h { n t_h k_h 3` tS i f
L2_arctic_WAV/ABA_arctic_a0054,D E r/ w O z n V T I N O n D V r/ A k_h,D E r/ w O z n V s I N k_h O n D V r/ o U k_h
L2_arctic_WAV/ABA_arctic_a0058,a I k_h e I m f O r/ I n f 3` m e I S @ n m O r/ a U t_h V v k_h j U r/ i A s @ t_h i D { n E n i T I N E l s,a I k_h e I m f O I n f 3` m e I S @ n m O r/ a U t_h V v k_h j U err i E s @ t_h i D { n E n i T I N g E l s
L2_arctic_WAV/ABA_arctic_a0059,h I z I m { k_h j u l I t_h @ p_h I r/ @ n s w O z g O n,h I z I m { k_h j u l e I t_h @ b I r/ @ n s w O z g O n
L2_arctic_WAV/ABA_arctic_a0060,E n i w e I n o U w V n s O h 3` l a I k_h D { t_h,E n i w e I n o U w V n s O h E r/ l a I k_h D { t_h
L2_arctic_WAV/ABA_arctic_a0062,D @ m E n s t_h E r/ d I n t_h u i tS V D 3` z f e I s,D @ m E n s err E r/ d I n t_h u i tS V D err z f e I s
L2_arctic_WAV/ABA_arctic_a0063,j E s I t_h w O z @ m { n h u { s k_h t_h @ s t_h r/ e I n dZ 3`,j E s I t_h w O z @ m { n h u { s k_h @ t_h @ s t_h r/ e I n dZ 3`
L2_arctic_WAV/ABA_arctic_a0064,D V f O r/ T @ n d f I f T d e I z p_h { s t_h w I D a U t_h E n i d I v E l @ p_h m @ n t_h s,D V f O r/ T @ n d f I f T d e I z b { s t_h w I D a U t_h E n i d I v E l @ p_h m @ n t_h s
L2_arctic_WAV/ABA_arctic_a0065,D e I k_h l o U z d n a U @ n t_h I l h I z f I N g 3` z w 3` l a I k_h k_h O r/ d z V v s t_h i l,D e I k_h l o U z d n a U @ n t_h I err h I z f I N g 3` z w 3` l a I k_h k_h O r/ d s V v @ s t_h i l
L2_arctic_WAV/ABA_arctic_a0067,S U r/ l i a I w I l I k_h s k_h j u z j u S i k_h r/ a I d,S U r/ l i a I w I l I k_h s @ k_h j u z j u S i k_h err a I d
L2_arctic_WAV/ABA_arctic_a0071,w V t_h w O z D V A b dZ E k_h t_h V v j U r/ l I t_h @ l s E n s e I S @ n,w V t_h w O z D V A b Z E k_h t_h V v j U err l I t_h @ err s E n s e I S @ n
L2_arctic_WAV/ABA_arctic_a0073,D V p_h r/ @ m o U t_h 3` z a I z w 3` h E v i w I D l I t_h @ l p_h V f i b { g z V n d 3` D E m,D V b r/ u m i t_h 3` z a I z w 3` h E v i w I D l I t_h @ err p_h V f i b A g s V n d r/ D E m
L2_arctic_WAV/ABA_arctic_a0075,D E r/ h { z b I n @ tS e I n dZ S i I n t_h 3` V p_h t_h I d h I m,D E h { z b I n @ tS e I n dZ S i I n d 3` V p_h t_h I d h I m
L2_arctic_WAV/ABA_arctic_a0076,D @ g r/ e I a I z f A l t_h 3` d D V f l V S d i p_h @ n d,D @ g r/ e I a I z f E l t_h 3` d D V f l V S d i b @ n d
L2_arctic_WAV/ABA_arctic_a0077,I t_h I z D @ f a I r/ p_h A r/ t_h l i S i s E d,I t_h I z D @ f a I r/ p_h A r/ t_h l i S i s E d
L2_arctic_WAV/ABA_arctic_a0078,D E n @ n d { t_h s V p_h 3` h i t_h r/ a I d t_h u f { D @ m h 3`,D E n @ n d { t_h s V p_h 3` h i t_h r/ O I d t_h u f { T @ m h err
L2_arctic_WAV/ABA_arctic_a0079,I t_h w O z @ l A r/ dZ k_h @ n u,I t_h w O z @ l A r/ Z k_h { n u
L2_arctic_WAV/ABA_arctic_a0081,w V t_h I f S i d I d n A t_h k_h V m t_h u D V r/ A k_h,w V t_h I f S i d I d n t_h k_h V m t_h u D V r/ o U k_h
L2_arctic_WAV/ABA_arctic_a0082,h I z f e I s w O z s t_h r/ i m I N w I D b l V d,h I z f e I s w O z s t_h r/ i m I N k_h w I D b l V t_h
L2_arctic_WAV/ABA_arctic_a0085,@ t_h r/ I k_h @ l V v f r/ E S b l V d r/ { n o U v 3` h I z f e I s,@ t_h r/ I k_h @ err V v f r/ E S b l V d @ r/ { n o U v 3` h I z f e I s
L2_arctic_WAV/ABA_arctic_a0086,d E T h { d k_h V m w I T t_h E r/ @ b @ l s V d @ n n @ s,d E T h { d k_h V m w I T t_h E r/ @ p_h @ err s V d @ n n @ s
L2_arctic_WAV/ABA_arctic_a0088,h i m e I d S U r/ D { t_h D @ m { g @ z i n w O z l o U d @ d @ n d r/ i z u m d h I z p_h { d l I N,h i m e I d S U r/ D { t_h D @ m { g @ z i n w O z l o U d @ d @ n d r/ i s j u m d h I s b { d l I N k_h
L2_arctic_WAV/ABA_arctic_a0089,D V n a I t_h g l o U w O z t_h r/ E tS 3` @ s t_h u S u t_h b a I,D V n a I t_h g l u w O z t_h r/ E tS r/ @ s t_h u S U t_h b a I
L2_arctic_WAV/ABA_arctic_a0090,D @ s I N I N v O I s @ p_h r/ o U tS t_h r/ { p_h @ d l i,D @ s I N I N g v O I s @ p_h r/ o U tS @ t_h r/ { b @ d l i
L2_arctic_WAV/ABA_arctic_a0091,h I z b l V d g r/ u h A t_h w I D r/ e I dZ { t_h D @ T O t_h,h I z b l V d g r/ u h A t_h w A D r/ e I dZ { t_h D @ T o U t_h
L2_arctic_WAV/ABA_arctic_a0092,h i w E n t_h d a U n I n m I d s t_h r/ i m s 3` tS I N D @ S { d o U z V v b o U T S O r/ z,h i w E n t_h @ d a U @ n I n m I d @ s t_h r/ i m s 3` S I N k_h D @ S { d o U z V v p_h o U T S O s
L2_arctic_WAV/ABA_arctic_a0093,f O r/ @ f U l m I n @ t_h h i k_h r/ a U tS t_h @ n d l I s @ n d,f O r/ @ f U l m I n @ t_h h i k_h r/ o U tS @ t_h @ n d l I s @ n d
L2_arctic_WAV/ABA_arctic_a0094,h i h { d b E r/ l i E n t_h 3` d D I s w I n h i s O D @ g l o U V v @ f a I 3`,h i h { d p_h E r/ l i E n t_h 3` d D I s w I n h i s o U D @ g l o U V v @ f a I @
L2_arctic_WAV/ABA_arctic_a0095,@ b I g k_h { n v @ s t_h E n t_h w O z D @ f 3` s t_h T I N t_h u k_h V m w I T I n h I z v I Z @ n,@ b I g k_h { n v @ s t_h E n t_h w O z D @ f 3` s t_h T I N k_h t_h u k_h V m w I T I n h I z v I Z @ n
L2_arctic_WAV/ABA_arctic_a0096,p_h 3` h { p_h s S i h { d O l r/ E d i m E t_h h 3` f e I t_h @ l I t_h @ l d i p_h 3` I n D @ f O r/ @ s t_h,p_h r/ E h { p_h s S i h { d O l r/ E d i m E t_h h err f e I t_h @ l I t_h @ err d i p_h @ I n D @ f O r/ s t_h
L2_arctic_WAV/ABA_arctic_a0097,D E n j u k_h { n 3` e I n dZ j 3` s E l f k_h V m f 3` t_h @ b l i @ m V N D i z r/ o U b z I n D V b o U,D E n j u k_h { n 3` e I n tS j 3` s E l f k_h V m f 3` t_h @ b l i @ m V N k_h D i z r/ o U p_h s I n D V b o U
L2_arctic_WAV/ABA_arctic_a0098,S { l a I k_h { r/ i j u,S { l a I k_h { r/ i j u
L2_arctic_WAV/ABA_arctic_a0099,@ m { d @ n I N dZ O I p_h a U n d I d I n h I z b r/ e I n,@ m E d @ n I N Z O I b a U n d I d I n h I z p_h r/ e I n
L2_arctic_WAV/ABA_arctic_a0100,j u m V s t_h s l i p_h h i 3` dZ d,j u m V s @ s l i p_h h i 3` Z d
L2_arctic_WAV/ABA_arctic_a0101,j u j u w U d @ n t_h k_h i p_h D @ t_h r/ u T f r/ V m m i,j u j u w U d @ n t_h @ k_h i p_h D @ d r/ u T f r/ o U m m i
L2_arctic_WAV/ABA_arctic_a0102,h i w I l f A l o U V s s u n,h i w I err f o U l o U V s s u n
L2_arctic_WAV/ABA_arctic_a0103,b V t_h D E r/ k_h e I m n o U p_h r/ A m @ s f r/ V m D V b o U V v D @ k_h @ n u,b V t_h D I E r/ k_h e I m n o U p_h r/ o U m @ s f r/ V m D V p_h o U V v D @ k_h @ n u
L2_arctic_WAV/ABA_arctic_a0104,S i w O z s l i p_h I N V n d 3` h I z p_h 3` t_h E k_h S @ n { z s w i t_h l i { z @ tS a I l d,S i w O z s l i b I N k_h V n d 3` h I z p_h 3` t_h E k_h S @ n { z s w i t_h l i { z @ tS a I l d
L2_arctic_WAV/ABA_arctic_a0105,o U n l i I t_h I z s o U w V n d 3` f @ l s o U O l m o U s t_h I m p_h A s @ b @ l t_h u b I l i v,o U n i I t_h I z s o U w V n d 3` f @ l s o U O l m o U s t_h I m p_h o U s @ b @ l t_h u p_h I l i f
L2_arctic_WAV/ABA_arctic_a0106,D @ I m o U S @ n w I tS S i h { d s @ p_h r/ E s t_h b 3` s t_h f O r/ T n a U I n @ tS o U k_h I N s A b,D @ I m o U S @ n w I tS S i h { d s @ p_h r/ E s t_h p_h 3` s t_h f O r/ T n a U I n @ tS o U k_h I N s o U b
L2_arctic_WAV/ABA_arctic_a0107,I f j u o U n l i k_h U d n o U h a U a I T { N k_h j u,I f j u o U n i k_h U d n o U h a U a I T { N k_h j u
L2_arctic_WAV/ABA_arctic_a0108,h i w e I d I d I n t_h u D @ E dZ V v D @ w O t_h 3` @ n d b I g { n s k_h r/ V b I N h I m s E l f,h i w e I d I d I n t_h u D @ E dZ V v D @ w o U t_h 3` @ n d b I g { n s k_h r/ V b I N k_h h I m s E l f
L2_arctic_WAV/ABA_arctic_a0109,d u j u n o U D { t_h j u A r/ S e I k_h I N m a I k_h A n f @ d @ n s I n j u,d u j u n o U D { t_h j u A r/ S e I k_h I N k_h m a I k_h o U n f @ d @ n s I n j u
L2_arctic_WAV/ABA_arctic_a0111,I n s t_h E d h i dZ O I n d h 3` @ n d D e I e I t_h l a I k_h t_h u h V N g r/ i tS I l d r/ @ n,I s t_h E d h i Z O I n d h err @ n d D e I e I t_h l a I k_h t_h u h V n g r/ i tS E l d r/ @ n
L2_arctic_WAV/ABA_arctic_a0112,h i w A z w u n d @ d I n D V A r/ m,h i w A z w O n d @ d I n D V O r/ m
L2_arctic_WAV/ABA_arctic_a0113,a I s @ p_h o U z j u p_h I k_h t_h D { t_h l I N g o U V p_h @ m V N D @ I n d i @ n z,a I s @ b o U z j u b I k_h t_h D { t_h l I N g o U V p_h @ m V N k_h D @ I n d i @ n z
L2_arctic_WAV/ABA_arctic_a0115,h i h { d n o U I k_h s k_h j u z f O r/ D @ f i l I N z w I tS w 3` 3` a U z d I n h I m,h i h { d n o U I k_h s I k_h j u z f O r/ D @ f i l I N z w I tS w err 3` o U z d I n h I m
L2_arctic_WAV/ABA_arctic_a0116,w A z I t_h D V r/ A n d I v u V v D o U z h u w 3` s t_h r/ a I v I N t_h @ w 3` k_h h I z r/ u @ n,w A z E t_h D V r/ E n d I v u V v D o U z h u w err s t_h r/ a I v I N k_h t_h @ w 3` k_h h E z r/ u @ n
L2_arctic_WAV/ABA_arctic_a0117,S i { d I d w I D dZ E n j @ w @ n s I m p_h @ T i I n h 3` f e I s { n d v O I s,S i { d I d w I D dZ E n j @ n s I m p_h T i I n h err f e I s { n d @ v O I s
L2_arctic_WAV/ABA_arctic_a0120,m a I r/ a I t_h f U t_h f i l z l a I k_h D { t_h V v @ tS a I n i z d E b j @ t_h A n t_h,m a I r/ a I t_h f o U t_h f i err z l a I k_h D { t_h V v @ tS a I n i z d E b j @ t_h A n t_h
L2_arctic_WAV/ABA_arctic_a0121,D e I e I t_h d I n 3` { t_h D @ f I f T @ n d r/ E s t_h I d f O r/ t_h u a U r/ z,D e I e I t_h d I n 3` { t_h D E f I f T @ n d r/ E s t_h I d f O r/ t_h u a U r/ s
L2_arctic_WAV/ABA_arctic_a0122,t_h u j i 3` z @ g o U a I g e I v V p_h s I v @ l I z e I S @ n f O r/ D I s,t_h u j i r/ z @ g o U a I g e I v V p_h s I v @ l I z e I S @ n f O r/ D I T
L2_arctic_WAV/ABA_arctic_a0123,S i h { d d a I d f r/ V m k_h o U l d { n d s t_h A r/ v e I S @ n,S i h { d d a I d f r/ V m k_h o U l d { n d s t_h A r/ v e I S @ n
L2_arctic_WAV/ABA_arctic_a0125,h i w A z d I t_h 3` m @ n d n a U t_h u m e I n t_h e I n @ m O r/ s 3` t_h @ n h o U l d @ p_h A n h I m s E l f,h i w A z d I t_h 3` m @ n d @ n a U t_h u m e I n t_h e I n @ m O r/ s err t_h @ n o U l d @ p_h A n h E m s E l f
L2_arctic_WAV/ABA_arctic_a0126,i tS d e I S i b i k_h e I m @ m O r/ v a I t_h @ l p_h A r/ t_h V v h I m,E tS d e I S i b i k_h e I m @ m O r/ v a I t_h @ err p_h A r/ t_h V v h E m
L2_arctic_WAV/ABA_arctic_a0127,I t_h w A z @ t_h E m t_h e I S @ n b V t_h h i r/ i z I s t_h I d I t_h,I t_h w A z @ t_h E m b @ t_h e I S @ n b V t_h h i r/ i s I s t_h I d E t_h
L2_arctic_WAV/ABA_arctic_a0128,D I s w V n h o U p_h w O z d I s t_h r/ O I d { z k_h w I k_h l i { z I t_h w O z b O r/ n,z I s w V n h o U p_h w O z d I s t_h r/ O I d { z k_h w I k_h l i { z I t_h w O z p_h O r/
L2_arctic_WAV/ABA_arctic_a0129,h 3` f e I s w O z @ g e I n s t_h h I z b r/ E s t_h,h err f e I s w O z @ g e I n @ s t_h h I z p_h r/ E s t_h
L2_arctic_WAV/ABA_arctic_a0130,S i w O z h I z n a U f 3` E v 3`,S i w O z h I z n a U f 3` E v @
L2_arctic_WAV/ABA_arctic_a0131,p_h r/ A v @ d @ n s h { d d I l I v 3` d h I m T r/ u D V m e I l s t_h r/ @ m,b r/ o U v @ d @ n s h { d d I l E v 3` d h I m T r/ u D V m e I err @ s t_h O r/ m
L2_arctic_WAV/ABA_arctic_a0134,h i o U b e I d D V p_h r/ E S 3` V v h 3` h { n d,h i o U p_h e I d D V p_h r/ E S 3` V v h err h { n t_h
L2_arctic_WAV/ABA_arctic_a0136,@ b a U t_h h I m E v r/ i w E r/ w 3` D @ E v @ d @ n s @ z V v l V g Z 3` i @ n d V v e I dZ,@ b a U t_h h E m E v r/ i w E r/ w err D @ E v @ d @ n s V v l V g S 3` i @ n d V v E tS
L2_arctic_WAV/ABA_arctic_a0137,D E n h i s t_h E p_h t_h b { k_h w I D @ l o U k_h r/ a I V v p_h l E Z 3`,z E n h i s t_h E p_h d @ b { k_h w I D @ l o U k_h r/ a I V v p_h l E Z @
L2_arctic_WAV/ABA_arctic_a0139,h i t_h o U l d h I m s E l f D { t_h { z h i w A S t_h h I m s E l f @ n d g r/ u m d h I z d I S E v @ l d k_h l o U D z,h i t_h o U l d h I m s E l f @ D { t_h { z h i w o U Z d h I m s E l f @ n d g r/ u m d h I z d I S E v @ err d k_h l o U D @ s
L2_arctic_WAV/ABA_arctic_a0159,D e I l U k_h { z D o U h i h { d b I n d r/ V m I N @ p_h i { n o U O l h I z l a I f,z e I l U k_h { z s o U h i h { d b I n d r/ V m I N k_h @ p_h i { n o U O l h I z l a I f
L2_arctic_WAV/ABA_arctic_a0214,b I s a I d z h i w O z p_h e I d w V n k_h e I s V v t_h @ b { k_h o U p_h 3` h E d,b I s a I d z h i w O z b e I d w V n k_h e I s o U f t_h @ b { k_h o U b err h E t_h
L2_arctic_WAV/ABA_arctic_a0257,D e I A r/ k_h V m I N @ S O r/ h u E v 3` D e I A r/,D e I A err k_h V m I N g @ S O r/ h u E v @ D e I A r/
L2_arctic_WAV/ABA_arctic_a0300,f r/ V m m a I 3` l i @ s t_h r/ E k_h @ l E k_h S @ n m a I s l i p_h w O z @ p_h I r/ i @ d @ v t_h E r/ 3`,f err V m m a I 3` l @ s t_h r/ i k_h @ l E k_h S @ n m a I s l i p_h w O z @ p_h 3` r/ i @ d @ v t_h E r/ 3`
L2_arctic_WAV/ABA_arctic_a0379,h a U o U l d A r/ j u d { d i,h a U o U l d A r/ j u d { d i
L2_arctic_WAV/ABA_arctic_a0426,D e I d o U n n o U D @ l E N T V v t_h a I m V v I N k_h j u b e I S @ n,D e I d o U n n o U D @ l E n s V v d a I m V v I N k_h u b e I S @ n
L2_arctic_WAV/ABA_arctic_a0441,v a I l @ n t_h l a I f @ n d { T l E t_h I k_h s p_h O r/ t_h s h { d n E v 3` @ p_h i l d t_h u m i,v a I l @ n t_h l a I f @ n d { T @ l E t_h I k_h s p_h O r/ t_h s h { d n E v 3` @ b i err d t_h u m i
L2_arctic_WAV/ABA_arctic_a0461,A w i w 3` v E r/ i k_h l o U s t_h @ g E D 3` I n D { t_h m o U m @ n t_h,A w i w err v E r/ i k_h l o U s t_h @ g E D 3` I n D { t_h m o U m @ n t_h
L2_arctic_WAV/ABA_arctic_a0500,h u D @ d E v @ l g e I v I t_h t_h u j u t_h u b i dZ V dZ @ n d dZ U r/ i,h u z @ d E v @ err g e I v I t_h t_h u j u t_h u b i Z V dZ @ n d Z U r/ i
L2_arctic_WAV/ABA_arctic_a0501,j U r/ dZ o U k_h I N m i s 3` D V V D 3` m { n I dZ d t_h u A r/ t_h I k_h j @ l e I t_h,j U r/ Z o U k_h I N g @ m i s err D V V z err m { n I Z d t_h u A r/ t_h I k_h j @ l E t_h
L2_arctic_WAV/ABA_arctic_a0529,{ z a I s e I h i h { d t_h { p_h t_h D @ m E s I dZ v E r/ i r/ { p_h @ d l i,{ z a I s e I h i h { d t_h { p_h t_h z @ m E s I dZ v E r/ i r/ { b @ d l i
L2_arctic_WAV/ABA_arctic_a0548,O l s o U tS 3` tS @ z @ n d p_h r/ i tS 3` z a I h { d n E v 3` n o U n,O l s o U tS err tS @ s @ n d p_h r/ E tS 3` z a I h { d n E v 3` n o U n
L2_arctic_WAV/ABA_arctic_b0016,h i tS V k_h @ l d { z h i p_h U l d a U t_h h I z p_h a I p_h @ n d b I g { n f I l I N I t_h,h i tS V k_h @ l d { z h i p_h U l d a U t_h h I z f a I p_h @ n d b I g { n f I l I N g I t_h
L2_arctic_WAV/ABA_arctic_b0068,o U n l i D V tS { n s s a U n d h { d l E d h I m t_h u @ b z 3` v D E m,o U n l i D V tS { n s s a U n d h { d l E d h I m t_h u @ b z 3` v D E m
L2_arctic_WAV/ABA_arctic_b0083,I n I t_h D E r/ w A z s V m T I N D { t_h w O z O l m o U s t_h t_h r/ { dZ @ d i,E n E t_h z E r/ w A z s V m T I N z { t_h w O z O l m o U s t_h t_h r/ { dZ @ d i
L2_arctic_WAV/ABA_arctic_b0103,h i l I f t_h I d h I z a I z @ n d @ s t_h r/ e I n dZ k_h r/ a I b 3` s t_h f r/ V m h I z l I p_h s,h i l I f t_h I d h I z a I z @ n d @ s t_h r/ e I n dZ k_h r/ a I p_h r/ E s t_h f r/ V m h I z l I p_h s
L2_arctic_WAV/ABA_arctic_b0106,f O r/ @ f U l m I n @ t_h D V t_h u m E n s t_h E r/ d I n t_h u i tS V D 3` z f e I s,f O r/ @ f U l m I n @ t_h D V t_h u m E n s t_h E r/ d I n t_h u i tS V D 3` z f e I s
L2_arctic_WAV/ABA_arctic_b0126,b l V d w O z u z I N s l o U l i f r/ V m D V w u n d I d m { n z r/ a I t_h b r/ E s t_h,b l V d w O z u D I N s l o U l i f r/ V m D V w o U n d I d m { n z r/ a I t_h b r/ E s t_h
L2_arctic_WAV/ABA_arctic_b0146,{ f t_h 3` O l I t_h w A z s I m p_h l i @ m I s t_h e I k_h I n dZ V dZ m @ n t_h,{ f t_h 3` O l I t_h w A z s I m p_h @ l i @ m I s t_h e I k_h I n Z O Z m @ n t_h
L2_arctic_WAV/ABA_arctic_b0150,@ n d h i w A z f I l d w I D @ s t_h r/ e I n dZ @ n d f O r/ b o U d I N f I r/,@ n d h i w A z f e I l d w I D @ s t_h r/ e I n dZ @ n d f O r/ o U b I N k_h f I r/
L2_arctic_WAV/ABA_arctic_b0158,S i o U b e I d S r/ I N k_h I N b { k_h w I D D @ b e I b i I n h 3` A r/ m z,S i o U p_h e I d S r/ E N k_h I N k_h b { k_h w I D D @ b e I b i I n h err A r/ m s
L2_arctic_WAV/ABA_arctic_b0307,w i g A t_h f j u v E dZ t_h @ b @ l z @ n d f r/ u t_h s @ n d b i k_h e I m f I S i t_h 3` z,w i g A t_h f j u v E dZ t_h @ b @ l z @ n d f r/ u t_h s @ n d b i k_h e I m f I S i t_h 3` s
L2_arctic_WAV/ABA_arctic_b0310,@ l I t_h @ l t_h r/ i t_h m @ n t_h m @ s A Z w I T s V m h E l p_h f r/ V m D @ d O k_h t_h 3`,@ l I t_h @ err t_h r/ i t_h m @ n t_h m @ s { Z w I T s V m h E l p_h f r/ V m z @ d O k_h t_h err
L2_arctic_WAV/ABA_arctic_b0324,n A t_h t_h I l D V t_h w E n t_h i @ T V v m e I d I d D V r/ I v 3` b r/ e I k_h,n A t_h E l D V t_h w E n t_h i @ s V v m e I d E d z V r/ I f 3` p_h r/ e I k_h
L2_arctic_WAV/ABA_arctic_b0340,D i z k_h w I k_h l I t_h @ l dZ O I z V v h 3` z w 3` s O r/ s @ z V v dZ O I t_h u h I m,D I s k_h w I k_h l I t_h @ err dZ O I s V v h err z w 3` s O r/ s @ z V v Z O I t_h u h E m
L2_arctic_WAV/ABA_arctic_b0348,w U d j u b i s { t_h @ s f a I d w I D D { t_h w V n h V n d r/ @ d T p_h A r/ t_h V v m i,w U d j u b i s { t_h @ s f a I d w I D D { t_h w { n h V n d r/ @ d T p_h A r/ t_h V v m i
L2_arctic_WAV/ABA_arctic_b0367,E n i { v 3` I dZ j V N f E l o U k_h { n t_h i tS h I m s E l f I n @ w i k_h,E n i { v 3` I tS j V N k_h f E l o U k_h { n t_h i tS h I m s E l f I n @ w i k_h
L2_arctic_WAV/ABA_arctic_b0413,h i m e I d I z a I 3` t_h u I s k_h e I p_h p_h e I n O r/ t_h u I n dZ O I p_h l E Z 3`,h i m e I d I z a I 3` t_h u I s k_h e I b e I n O r/ t_h u I n Z O I p_h l E Z 3`
L2_arctic_WAV/ABA_arctic_b0424,I t_h I z @ v E r/ i t_h E n @ b @ l h a I p_h A T @ s @ s @ n d w I l b E r/ l U k_h I N I n t_h u,I t_h I z @ v E r/ i t_h E n @ b @ l h a I p_h o U T @ s @ s @ n d w I l b i r/ l U k_h I N k_h I n t_h u
L2_arctic_WAV/ABA_arctic_b0425,D E r/ w 3` O r/ @ n dZ g r/ i n g o U l d g r/ i n @ n d @ k_h A p_h 3` g r/ i n,D E err w err O r/ @ n dZ g r/ i n g o U l d r/ i n @ n d @ k_h u p_h 3` k_h r/ i n
L2_arctic_WAV/ABA_arctic_b0428,D @ h I s t_h 3` i V v a U r/ w E s t_h w 3` d f E r/ i N r/ e I s I z r/ I t_h @ n I n I t_h,D @ h E s t_h r/ i V v a U r/ w E s t_h w 3` d f E err i N g r/ e I s I z r/ I t_h @ n E n E t_h
L2_arctic_WAV/ABA_arctic_b0432,h i I z e I k_h { n @ d I t_h r/ a I z I N f r/ V m D @ s 3` f k_h l { s t_h u a U r/ k_h l { s,h i I z e I k_h { n @ d I t_h r/ a I s I N k_h f r/ V m D @ s err f k_h l A s t_h u a U err k_h l A s
L2_arctic_WAV/ABA_arctic_b0433,w i A r/ k_h U k_h I N O n D V k_h o U l s t_h o U v @ n d O n D V O I l b 3` n 3` z,w i A r/ k_h U k_h I N k_h O n D V k_h o U l s t_h o U v @ n d O n D V O I l p_h err n 3` s
L2_arctic_WAV/ABA_arctic_b0434,D @ s t_h u 3` d h { z dZ V s t_h t_h E n d 3` d m i @ r/ I s p_h E k_h t_h f @ l b I t_h V v @ d v a I s,D @ s t_h i 3` d h { z Z V s t_h t_h E n d 3` d m i @ err I s p_h E k_h t_h f @ l b I t_h O v { d v a I s
L2_arctic_WAV/ABA_arctic_b0438,D e I r/ { n D @ k_h @ n u I n @ n d k_h l a I m d D V h a I 3` T b { N k_h,D e I r/ V n z @ k_h @ n u I n @ n d k_h l a I m d z V h a I err T b { N k_h
L2_arctic_WAV/ABA_arctic_b0444,h i d I d @ n t_h n o U h w V t_h w E n t_h O n I n D V m a I n d z V v h I z s u p_h I r/ i 3` z,h i d I d @ n t_h n o U h w V t_h w E n t_h O n I n z V m a I n d z V v h I z s u p_h I r/ i 3` z
L2_arctic_WAV/ABA_arctic_b0452,D e I s O i tS V D 3` f O r/ D @ f 3` s t_h t_h a I m I n b O s t_h @ n,D e I s o U I tS V D 3` f O r/ D @ f 3` s t_h t_h a I m I n p_h O s t_h @ n
L2_arctic_WAV/ABA_arctic_b0455,h I z r/ I w O r/ d S U d h { v b I n p_h i s @ n d r/ i p_h o U z,h I z r/ U w O r/ d S U d h { v p_h I n b i s @ n d d i p_h o U s
L2_arctic_WAV/ABA_arctic_b0461,b a I v 3` tS u V v D { t_h p_h a U 3` w i S { l r/ I m e I n I n p_h a U 3`,b a I @ v 3` S u V v D { t_h p_h a U 3` w i S { l err I m e I n I n p_h a U 3`
L2_arctic_WAV/ABA_arctic_b0469,v E r/ i f j u p_h i p_h @ l n u V v D @ E g z I s t_h @ n s V v D I s l O,v E r/ i f j u p_h i b @ err n j u V v D @ E g z I s t_h @ n s V v D I s l O
L2_arctic_WAV/ABA_arctic_b0490,h w V t_h @ n I k_h s a I t_h I d h w I s p_h 3` I N @ n d k_h @ n f 3` I N t_h U k_h p_h l e I s,h w V t_h @ n I k_h s a I t_h I d h w I s p_h 3` I N k_h @ n d k_h @ n f 3` I N g t_h U k_h p_h l e I s
L2_arctic_WAV/ABA_arctic_b0492,D V s h i t_h 3` n d D @ t_h E n @ t_h s @ n d dZ A r/ g @ n V v s a I k_h A l @ dZ i b { k_h O n m i,z u s h i t_h 3` n @ d D @ t_h E n @ t_h s @ n d Z A r/ g @ n V v s a I k_h A l @ Z i p_h { k_h O n m i
L2_arctic_WAV/ABA_arctic_b0494,n E v 3` s o U s t_h r/ e I n dZ @ p_h r/ A f @ t_h k_h e I m V p_h t_h u dZ 3` u s @ l @ m,n E v 3` s o U s t_h r/ e I n dZ @ p_h r/ o U f @ t_h k_h e I m V p_h t_h u Z u s l @ m
L2_arctic_WAV/ABA_arctic_b0495,w i h u h { v I n d U r/ d s o U m V tS S U r/ l i k_h { n I n d U r/ @ l I t_h @ l m O r/,w i h u h { v I n d U r/ d s o U m V tS S U r/ l i k_h { n I n d U r/ @ l I t_h @ l m O
L2_arctic_WAV/ABA_arctic_b0503,D V s E n t_h s V v s t_h r/ e I n dZ v E dZ @ t_h e I S @ n b l u O f D @ t_h r/ A p_h I k_h l { n d,D V s E n t_h s V v s t_h r/ e I n dZ v I dZ @ t_h e I S @ n b l u O f z @ t_h r/ A b I k_h l { n t_h
L2_arctic_WAV/ABA_arctic_b0504,D V l a I f D E r/ w A z h E l T f @ l @ n d { T l E t_h I k_h b V t_h t_h u dZ u v @ n a I l,D V l a I f D E r/ w A z h E err T f @ l @ n d { T @ l E t_h I k_h b V t_h t_h u Z u v @ n a I l
L2_arctic_WAV/ABA_arctic_b0506,I t_h w U d h E l p_h t_h u t_h a I d m i @ l O N @ n t_h I l a I g A t_h s t_h E d i I m p_h l O I m @ n t_h,I t_h w U d h E l p_h t_h u t_h a I d m i @ l O N k_h @ n t_h I err a I g A t_h s t_h E d i I m p_h l O I m @ n t_h
L2_arctic_WAV/ABA_arctic_b0518,b V t_h D E r/ w O z O l s o U t_h O k_h V v w I tS k_h r/ { f t_h I n D @ v I l I dZ,b V t_h D E r/ w O z O l s t_h O k_h V v w I tS k_h r/ { f t_h I n D @ v I l I dZ
L2_arctic_WAV/ABA_arctic_b0534,a I l t_h E l j u D V l a I b r/ E r/ i @ n s E d w I T @ b r/ a I t_h @ n I N f e I s,a I l t_h I err j u z V l a I p_h r/ E r/ i @ n s E d w I z @ p_h r/ a I t_h @ n I N k_h f e I s
L2_arctic_WAV/ABA_arctic_b0538,{ t_h D V b E s t_h D e I w 3` n E s @ s E r/ i { k_h s E s 3` i z,{ t_h D V b E s t_h D e I w err n E s @ s E r/ i { k_h s E s err i s
L2_arctic_WAV/SKA_arctic_a0003,f O r/ D @ t_h w E n t_h i I T t_h a I m D @ t_h i v n I N D @ t_h u m E n S U k_h h { n d z,f O r/ D @ t_h w E n t_h i n T t_h a I m D E t_h i v n I N D @ t_h u m E n S U k_h h { n d z
L2_arctic_WAV/SKA_arctic_a0005,w I l w i E v 3` f O r/ g E t_h I t_h,w E l w i E v 3` f O r/ g E t_h I
L2_arctic_WAV/SKA_arctic_a0006,g A d b l E s @ m a I h o U p_h a I w I l g o U A n s i I N D E m f 3` E v 3`,g A d b @ l E s @ m a I h O b a I w I l g O A n s i I N g D E m f 3` E v 3`
L2_arctic_WAV/SKA_arctic_a0007,{ n d j u O l w i z w A n t_h t_h @ s i I t_h I n D @ s U p_h 3` l @ t_h I v d I g r/ i,{ n d j u O l w i z w A n t_h t_h @ s i I t_h I n D @ s U b 3` l e I t_h I v d I g r/ i
L2_arctic_WAV/SKA_arctic_a0008,g { d j U r/ l E t_h 3` k_h e I m dZ V s t_h I n t_h a I m,g { d j U l E t_h @ r/ k_h E m Z V s t_h I n t_h a I m
L2_arctic_WAV/SKA_arctic_a0010,a I m p_h l e I I N @ s I N g @ l h { n d I n w V t_h l U k_h s l a I k_h @ l u z I N g e I m,a I m b l e I I N @ s I N g @ l h { n d I n w V t_h l U k_h s l a I k_h @ l u z I N g g E m
L2_arctic_WAV/SKA_arctic_a0011,I f a I E v 3` n i d I d @ f a I t_h 3` I n m a I l a I f a I n i d w V n n a U,I f a I I v 3` n i d I d @ f a I t_h 3` I n m a I l a I f a I n i d w V n n a U
L2_arctic_WAV/SKA_arctic_a0013,h i w @ z @ h E d S O r/ t_h 3` D { n h I z k_h @ m p_h { n j @ n V v O l m o U s t_h d E l @ k_h @ t_h f @ z i k_h,h i w @ z @ h E d tS O r/ t_h 3` D { n h I z k_h @ m b { n j @ n V v A l m o U s t_h d E l @ k_h @ t_h f @ z i k_h
L2_arctic_WAV/SKA_arctic_a0018,D E r/ w O z @ tS e I n dZ n a U,D E r/ w O z @ tS E n dZ @ n a U
L2_arctic_WAV/SKA_arctic_a0019,a I f A l o U d D @ l a I n V v D V p_h r/ @ p_h o U z d r/ e I l r/ o U d l U k_h I N f O r/ tS { n s I z,a I f A l O d D @ l e I n V v D V b r/ @ b O z V l r/ e I l O d l U k_h I N g f O r/ tS { n s I s
L2_arctic_WAV/SKA_arctic_a0020,k_h l V b z { n d b O l z { n d s I t_h i z g r/ u t_h u b i o U n l i m E m 3` i z,k_h l V b z { n d b O l z { n d s I t_h i z g r/ u t_h u b i O n l i m E m 3` i z
L2_arctic_WAV/SKA_arctic_a0021,I t_h f E r/ l i k_h l V b d m i I n t_h u r/ E k_h @ g n a I z I N I t_h,I t_h f r/ i l i k_h l V b d @ m i I n t_h u r/ E k_h @ g n a I z I N g I t_h
L2_arctic_WAV/SKA_arctic_a0022,h A r/ d l i w 3` a U 3` p_h l { n z m e I d p_h V b l I k_h b i f O r/ w i w 3` m E t_h b a I p_h a U 3` f @ l A p_h @ z I S @ n,h A r/ d l i w E r/ a U 3` b l { n z m E d p_h V b l I k_h b i f O r/ w i w E r/ m E t_h b a I b a U 3` f @ l O b @ z I S @ n
L2_arctic_WAV/SKA_arctic_a0023,@ k_h A m b @ n e I S @ n V v k_h @ n e I d i @ n k_h { p_h I t_h @ l k_h w I k_h l i O r/ g @ n a I z d { n d p_h @ t_h I S @ n d f O r/ D @ s e I m p_h r/ I v l I dZ I z,@ k_h A m b @ n e I S @ n V v k_h E n dZ dZ @ n k_h { b I t_h @ l k_h w I k_h l i O r/ g @ n a I z d { n d @ b @ t_h I S @ n d f O r/ D @ s e I m b l I v I dZ I z
L2_arctic_WAV/SKA_arctic_a0024,I t_h w O z m a I r/ i p_h O r/ t_h s f r/ V m D @ n O r/ T h w I tS tS i f l i I n d u s t_h p_h i p_h @ l t_h @ b a I,I t_h w O z m a I r/ i b O r/ d z f r/ V m D @ n O r/ T h w I tS tS i f l i I n d u z d b i b @ l t_h @ b a I
L2_arctic_WAV/SKA_arctic_a0025,a I w @ z @ b a U t_h t_h @ d u D I s w I n k_h u l 3` dZ V dZ m @ n t_h p_h r/ i v e I l d,a I w @ z @ b a U t_h @ d u D I s w I n k_h V l 3` Z V dZ m @ n t_h b r/ i v E l d
L2_arctic_WAV/SKA_arctic_a0026,I t_h @ k_h 3` d t_h u m i D { t_h D E r/ w U d h { v t_h u b i { n @ k_h a U n t_h I N,I t_h O k_h E r/ d t_h u m i D { D E r/ w U d h { v t_h u b i { n @ k_h a U n t_h I N g
L2_arctic_WAV/SKA_arctic_a0027,t_h u m a I s @ p_h r/ a I z h i b i g { n t_h I S o U { k_h tS @ w @ l I n T u z i { z @ m I n m a I f e I v 3`,t_h u m a I s @ p_h r/ a I z h i b i g { n t_h I S O { k_h tS @ w @ l I n T j u z { s @ m I n m a I f E v 3`
L2_arctic_WAV/SKA_arctic_a0028,r/ A b 3` i b r/ a I b 3` i f r/ O d,r/ A b 3` i b r/ E b 3` i f r/ O d
L2_arctic_WAV/SKA_arctic_a0029,D E r/ f O r/ s I z w 3` O r/ E d i m u v I N I n t_h u D @ n O r/ T k_h V n t_h r/ i,D E r/ f O r/ s I z w E l O l r/ E d i m u v I N I n t_h u D @ n O r/ T k_h V n t_h r/ i
L2_arctic_WAV/SKA_arctic_a0030,a I h { d f e I T I n D E m,a I h { d f e I T I n D E m
L2_arctic_WAV/SKA_arctic_a0031,D e I w 3` T r/ i h V n d r/ I d j A r/ d z @ p_h A r/ t_h,D e I w 3` T r/ i h V n d r/ I d j A r/ d @ z d @ b A r/ t_h
L2_arctic_WAV/SKA_arctic_a0032,s I n s D E n s V m m I s t_h I r/ i @ s f O r/ s h { z b I n f a I t_h I N V s { t_h E v r/ i s t_h E p_h,s I n s D E n s V m m I s t_h I r/ i @ r/ s f O r/ s h { z b I n f a I t_h I N g V s { t_h E v r/ i s t_h E p_h
L2_arctic_WAV/SKA_arctic_a0036,S i t_h 3` n d I n { t_h D V h o U t_h E l,S i t_h 3` n E d I n { D V h O t_h E l
L2_arctic_WAV/SKA_arctic_a0037,a I w O z D V o U n l i w V n h u r/ i m e I n d s I t_h I N,a I O l w E z D V O n l i w V n h u r/ i m a I n d E s I t_h I N g
L2_arctic_WAV/SKA_arctic_a0038,w I l h { v t_h u w O tS a U 3` tS { n s I z,w I l h { v t_h u w O tS a U 3` tS A n s I s
L2_arctic_WAV/SKA_arctic_a0039,D @ S I p_h S U d b i I n w I D I n @ w i k_h O r/ t_h E n d e I z,D @ S I p_h S U d b i I n w I D I n @ w i k_h O r/ t_h E n d e I z
L2_arctic_WAV/SKA_arctic_a0040,a I s @ p_h o U z j u w V n d 3` w a I S i I z k_h V m I N V p_h h i r/,a I s @ b O z j u w V n d 3` w a I S i I z k_h V m I N g V p_h h i r/
L2_arctic_WAV/SKA_arctic_a0041,m i n w a I l a I l g o U a U t_h t_h u b r/ i D @ s p_h E l,m i n w a I l a I l g O a U t_h u b r/ i T @ s p_h E l
L2_arctic_WAV/SKA_arctic_a0042,h a U k_h U d h i I k_h s p_h l e I n h I z p_h @ z E S @ n V v D @ s k_h E tS,h a U k_h U d h i I k_h s @ b l E n h I z b O z E S @ n O v D @ s t_h E tS
L2_arctic_WAV/SKA_arctic_a0045,h i m u v d @ w e I { z k_h w a I @ t_h l i { z h i h { d k_h V m,h i m u v d @ w e I { z k_h w a I @ t_h l i { z h i h { d k_h V m
L2_arctic_WAV/SKA_arctic_a0046,D @ g 3` l f e I s t_h h I m h 3` a I z S a I n I N w I T s V d @ n f I r/,D @ g 3` l f e I z d h I m h 3` a I z S a I n I N g w I T S s V d @ n f I r/
L2_arctic_WAV/SKA_arctic_a0047,k_h l o U z b i s a I d h I m g l i m d D V w a I t_h f { N z V v D V w U l f d O g,k_h l O z b i s a I d h I m g l E m d D V w a I t_h f { N z V v D V w U l f E d O g
L2_arctic_WAV/SKA_arctic_a0048,h i l U k_h t_h { t_h D @ h { N k_h 3` tS i f m O r/ k_h l o U s l i,h i l U g d { D @ h { N k_h 3` tS i f m O r/ k_h l O z l i
L2_arctic_WAV/SKA_arctic_a0051,D @ l e I s w O z V v @ d E l @ k_h @ t_h a I v 3` i k_h V l 3` f e I n t_h l i t_h I n t_h I d w I T j E l o U,D @ l e I s w O z V v @ d E l @ k_h @ t_h a I v r/ i k_h V l 3` f E t_h l i E n t_h e I n d I d w I T j E l o U
L2_arctic_WAV/SKA_arctic_a0052,I t_h w @ z @ k_h j U r/ i @ s k_h o U I n s I d @ n s,I t_h w @ z @ k_h j @ r/ i @ s k_h O n s I d @ n s
L2_arctic_WAV/SKA_arctic_a0053,s V d @ n l i h I z f I N g 3` z k_h l o U z d t_h a I t_h l i o U v 3` D @ h { N k_h 3` tS i f,s V d @ n l i h I z f I N g 3` z k_h l O z @ t_h a I t_h l i O v 3` D @ h { N g 3` tS i f
L2_arctic_WAV/SKA_arctic_a0054,D E r/ w O z n V T I N O n D V r/ A k_h,D E r/ w O z n V T I N g O n D V r/ A k_h
L2_arctic_WAV/SKA_arctic_a0058,a I k_h e I m f O r/ I n f O r/ m e I S @ n m O r/ a U t_h V v k_h j U r/ i A s @ t_h i D { n E n i T I N E l s,a I k_h E m f O r/ I n f O r/ m e I S @ n m O r/ a U t_h V v k_h j U r/ i A z @ t_h i D { n E n i T I N g E l s
L2_arctic_WAV/SKA_arctic_a0059,h I z I m { k_h j u l I t_h @ p_h I r/ @ n s w O z g O n,h I z I m I k_h u l e I t_h @ p_h I r/ @ n s w O z g O n
L2_arctic_WAV/SKA_arctic_a0060,E n i w e I n o U w V n s O h 3` l a I k_h D { t_h,E n i w e I n O w V n s O h 3` l a I D { t_h
L2_arctic_WAV/SKA_arctic_a0062,D @ m E n s t_h E r/ d I n t_h u i tS V D 3` z f e I s,D @ m E n s t_h A r/ t_h @ d I n t_h u i tS V D 3` z f e I s
L2_arctic_WAV/SKA_arctic_a0063,j E s I t_h w V z @ m { n h u { s k_h t_h @ s t_h r/ e I n dZ 3`,j E s I t_h w V z @ m { n h u A s k_h E d @ s t_h r/ E n dZ 3`
L2_arctic_WAV/SKA_arctic_a0064,D @ f O r/ T { n d f I T d e I z p_h { s t_h w I D a U t_h E n i d I v E l @ p_h m @ n t_h s,D @ f O r/ T { n d f I T d e I z p_h { z d w I D a U t_h E n i d I v E l @ p_h m @ n t_h s
L2_arctic_WAV/SKA_arctic_a0065,D e I k_h l o U z d n a U @ n t_h I l h I z f I N g 3` z w 3` l a I k_h k_h O r/ d z V v s t_h i l,D e I k_h l O z n a U @ n t_h I l h I z f I N g 3` z w 3` l a I k_h O r/ d @ z V v s t_h i l
L2_arctic_WAV/SKA_arctic_a0067,S U r/ l i a I w I l I k_h s k_h j u z j u S i k_h r/ a I d,S U r/ l i a I w I l I k_h s k_h j u z j u S i k_h r/ a I d
L2_arctic_WAV/SKA_arctic_a0071,h w V t_h w V z D V A b dZ E k_h t_h V v j U r/ l I t_h @ l s E n s e I S @ n,h w V t_h w V z D V A b dZ E k_h t_h V v j U r/ l I t_h @ l s E n s e I S @ n
L2_arctic_WAV/SKA_arctic_a0073,D V p_h r/ @ m o U t_h 3` z a I z w 3` h E v i w I T l I t_h @ l p_h V f i b { g z V n d 3` D E m,D V b r/ O m O t_h 3` s a I z w 3` h E v i w I T l I t_h @ l b V f i b { g z V n d 3` z E m
L2_arctic_WAV/SKA_arctic_a0075,D E r/ h { z b I n @ tS e I n dZ S i I n t_h 3` V p_h t_h I d h I m,D E r/ h { z b I n @ tS E n dZ S i I n t_h 3` V p_h t_h I d h I m
L2_arctic_WAV/SKA_arctic_a0076,D @ g r/ e I a I z f A l t_h 3` d D V f l V S d i p_h @ n d,D @ g r/ e I a I z f A l t_h 3` d D V f l { S d i p_h @ n d
L2_arctic_WAV/SKA_arctic_a0077,I t_h I z D V f a I 3` p_h A r/ t_h l i S i s E d,I t_h I z D V f a I 3` p_h A r/ t_h l i S i s E d
L2_arctic_WAV/SKA_arctic_a0078,D E n { n d { t_h s V p_h 3` h i t_h r/ a I d t_h @ f { D @ m h @ r/,z E n { n d { t_h s V b @ h i t_h r/ a I d t_h @ f @ z @ m h E r/
L2_arctic_WAV/SKA_arctic_a0079,I t_h w @ z @ l A r/ dZ k_h @ n u,I t_h w @ z @ l A Z k_h O n @
L2_arctic_WAV/SKA_arctic_a0081,h w V t_h I f S i d I d n A t_h k_h V m t_h u D V r/ A k_h,h w A t_h I f S i d I d n O t_h k_h V m t_h u z V r/ A k_h
L2_arctic_WAV/SKA_arctic_a0082,h I z f e I s w O z s t_h r/ i m I N w I T b l V d,h I z f e I s w o U z @ s t_h r/ i m I N w I z b l A d
L2_arctic_WAV/SKA_arctic_a0085,@ t_h r/ I k_h @ l V v f r/ E S b l V d r/ { n o U v @ r/ h I z f e I s,@ t_h r/ I k_h @ l V v f r/ e I S b l V d r/ A n o U v @ r/ h I z f e I s
L2_arctic_WAV/SKA_arctic_a0086,d E T h { d k_h V m w I T t_h E r/ @ b @ l s V d @ n n @ s,d I s h { d k_h V m w I s t_h @ r/ @ b @ l s A d @ n n @ s
L2_arctic_WAV/SKA_arctic_a0088,h i m e I d S U r/ D { t_h D @ m { g @ z i n w O z l o U d I d { n d r/ i z u m d h I z p_h { d @ l I N,h i m e I d S U err D { t_h D @ m { g @ z i n w O z l o U d I d { n d r/ i s u m d h E z b A d @ l I N g
L2_arctic_WAV/SKA_arctic_a0089,D V n a I t_h g l o U w @ z t_h r/ E tS @ r/ @ s t_h u S u t_h b a I,z V n a I t_h g l o U w @ z t_h r/ E tS @ r/ @ s t_h u S U t_h b a I
L2_arctic_WAV/SKA_arctic_a0090,D @ s I N I N v O I s @ p_h r/ o U tS t_h r/ { p_h @ d l i,s @ s I N I N g @ v O I s @ p_h r/ o U Z t_h r/ A b @ d l i
L2_arctic_WAV/SKA_arctic_a0091,h I z b l V d g r/ u h A t_h w I T r/ e I dZ { t_h D @ T O t_h,h I z b l A d g r/ o U h O t_h w I z r/ e I dZ { t_h D @ s o U t_h
L2_arctic_WAV/SKA_arctic_a0092,h i w E n t_h d a U n I n m I d s t_h r/ i m s @ r/ tS I N D @ S { d o U z @ v b o U T S O r/ z,h i w E n t_h @ d a U n I n m I d I s t_h r/ i m s E tS I N g z @ S { d o U z O v b o U s S O r/ s
L2_arctic_WAV/SKA_arctic_a0093,f O r/ @ f U l m I n @ t_h h i k_h r/ a U tS t_h { n d l I s @ n d,f O r/ @ f U l m I n @ t_h h i k_h r/ a U Z t_h { n d @ l E s @ n d
L2_arctic_WAV/SKA_arctic_a0094,h i h { d b E r/ l i E n t_h 3` d D I s w E n h i s O D V g l o U V v @ f a I r/,h i h { d b @ r/ l i E n t_h @ d @ D I s w E n h i s O z V g l o U V v @ f a I err
L2_arctic_WAV/SKA_arctic_a0095,@ b I g k_h { n v @ s t_h E n t_h w O z D @ f 3` s t_h T I N t_h @ k_h V m w I D I n h I z v I Z @ n,@ b I g k_h { n v @ s t_h E n t_h @ w O z s @ f 3` s t_h @ T I N g @ t_h @ k_h V m w I z I n h I z v I S @ n
L2_arctic_WAV/SKA_arctic_a0096,p_h @ h { p_h s S i h { d O r/ E d i m E t_h h @ r/ f e I t_h @ l I t_h @ l d i p_h 3` I n D @ f O r/ @ s t_h,b @ r/ h { p_h s I S i h { d O r/ E d i m E t_h h E r/ f e I t_h @ l I t_h @ l d i b 3` I n z @ f O r/ @ s t_h
L2_arctic_WAV/SKA_arctic_a0097,D E n j u k_h { n 3` e I n dZ j 3` s E l f k_h V m f @ r/ t_h @ b l i @ m V N D i z r/ o U b z I n D @ b o U,D E n j u k_h { n 3` e I n Z I j 3` s E l f k_h O m f O r/ t_h @ b l i @ m V n g @ z i z r/ o U b s I n D @ b o U
L2_arctic_WAV/SKA_arctic_a0098,S { l a I k_h { r/ i j u,S { l a I k_h { r/ i j u
L2_arctic_WAV/SKA_arctic_a0099,@ m { d @ n I N dZ O I p_h a U n d I d I n h I z b r/ e I n,@ m { d @ n I N g dZ O I b a U n d I d I n h I z b r/ e I n
L2_arctic_WAV/SKA_arctic_a0100,j u m V s t_h s l i p_h h i 3` dZ d,j u m V s @ s l i p_h h i 3` Z d
L2_arctic_WAV/SKA_arctic_a0101,j u j u w U d n A t_h k_h i p_h D @ t_h r/ u T f r/ V m m i,j u j u w U d n O t_h k_h i p_h D @ t_h r/ u s f r/ O m m i
L2_arctic_WAV/SKA_arctic_a0102,h i w I l f A l o U V s s u n,h i w I l f E l o U V s s u n
L2_arctic_WAV/SKA_arctic_a0103,b V t_h D E r/ k_h e I m n o U p_h r/ A m @ s f r/ V m D V b o U V v D @ k_h @ n u,b A t_h D E err k_h e I m n o U p_h r/ A m @ s f r/ V m z V b o U V v D @ k_h { n u
L2_arctic_WAV/SKA_arctic_a0104,S i w O z s l i p_h I N V n d 3` r/ h I z p_h r/ @ t_h E k_h S @ n { z s w i t_h l i { z @ tS a I l d,S i w O z @ s l i b I N A n d E r/ h I z p_h r/ o U t_h E k_h S @ n { z @ s w i t_h l i { z @ tS a I l d
L2_arctic_WAV/SKA_arctic_a0105,o U n l i I t_h I z s o U w V n d 3` r/ f @ l s o U O l m o U s t_h I m p_h A s @ b @ l t_h @ b I l i v,O n l i t_h I s s o U w V n d 3` r/ f @ l s o U O l m o U s t_h I m b A s @ b @ l t_h @ b I l i f
L2_arctic_WAV/SKA_arctic_a0106,D @ I m o U S @ n w I tS S i h { d s @ p_h r/ E s t_h b 3` s t_h f O r/ T n a U I n @ tS o U k_h I N s A b,z @ I m o U S @ n w I tS @ S i h { d s @ p_h r/ I s t_h b r/ E s t_h f O r/ s n a U I n @ tS o U k_h I N g s O b
L2_arctic_WAV/SKA_arctic_a0107,I f j u o U n l i k_h U d n o U h a U a I T { N k_h j u,I f j u o U n l i k_h U d n o U h a U a I T { N k_h j u
L2_arctic_WAV/SKA_arctic_a0108,h i w e I d I d I n t_h u D @ E dZ V v D V w O t_h @ r/ { n d b i g { n s k_h r/ V b I N h I m s E l f,h i w e I d I d I n t_h u z @ E tS V v D V w O t_h @ n { n d I b i g { n I s k_h err V b I N g h I m s E l f
L2_arctic_WAV/SKA_arctic_a0109,d u j u n o U D { t_h j u A r/ S e I k_h I N m a I k_h A n f @ d @ n s I n j u,d u j u n o U z { t_h j u A S e I k_h I N g m a I k_h A n f @ d @ n s I n j u
L2_arctic_WAV/SKA_arctic_a0111,I n s t_h E d h i dZ O I n d h @ r/ { n d D e I e I t_h l a I k_h t_h u h V N g r/ i tS I l d r/ @ n,I n I s t_h i d h i Z O I n d @ h E r/ { n d z e I e I t_h l a I k_h t_h u h { N g r/ i tS E l d r/ @ n
L2_arctic_WAV/SKA_arctic_a0112,h i w O z w u n d @ d I n D V A r/ m,h i w O z w A n d @ d I n D V A r/ m
L2_arctic_WAV/SKA_arctic_a0113,a I s @ p_h o U z j u p_h I k_h t_h D { t_h l I N g o U V p_h @ m V N D @ I n d i @ n z,a I s @ b o U z j u b I k_h t_h D { t_h l I N g o U V p_h @ m V N g z @ E n dZ i @ n s
L2_arctic_WAV/SKA_arctic_a0115,h i h { d n o U k_h s k_h j u z f O r/ D @ f i l I N z w I tS w @ r/ 3` a U z d I n h I m,h i h { d n o U k_h s I k_h j u s f O r/ z @ f i l I N g I s w I tS w E r/ 3` o U z d I n h E m
L2_arctic_WAV/SKA_arctic_a0116,w O z I t_h D V r/ A n d I v u V v D o U z h u w @ r/ s t_h r/ a I v I N t_h u w 3` k_h h I z r/ u @ n,w O z I t_h D V r/ A n d I v u V v s o U s h u w E r/ I s t_h A r/ v I N t_h u w 3` k_h h I z r/ u @ n
L2_arctic_WAV/SKA_arctic_a0117,S i { d @ d w I D dZ E n j @ w @ n s I m p_h @ T i I n h 3` f e I s { n d v O I s,S i { d @ d w I z Z E n j @ w @ n s E m p_h @ T i I n h 3` f e I s { n d v O I s
L2_arctic_WAV/SKA_arctic_a0120,m a I r/ a I t_h f U t_h f i l z l a I k_h D { t_h V v @ tS a I n i z d E b j @ t_h A n t_h,m a I r/ a I t_h f u t_h f i l s l a I k_h z { t_h V v @ tS a I n i z d i b @ t_h A n t_h
L2_arctic_WAV/SKA_arctic_a0121,D e I e I t_h d I n 3` { t_h D @ f I T { n d r/ E s t_h @ d f r/ 3` t_h u a U 3` z,d e I e I t_h d I n 3` { t_h z @ f E s { n d r/ E s t_h @ d f r/ 3` t_h u a U 3` s
L2_arctic_WAV/SKA_arctic_a0122,t_h u j I r/ z @ g o U a I g e I v V p_h s I v @ l I z e I S @ n f O r/ D I s,t_h u j I z A g o U a I g e I v V p_h s I v @ l I z e I S @ n f O r/ s I s
L2_arctic_WAV/SKA_arctic_a0123,S i h { d d a I d f r/ V m k_h o U l d { n d s t_h A r/ v e I S @ n,S i h { d d a I d f r/ V m k_h o U l d { n d @ s t_h A r/ v e I S @ n
L2_arctic_WAV/SKA_arctic_a0125,h i w V z d I t_h @ r/ m @ n d n a U t_h u m e I n t_h e I n @ m O r/ s @ r/ t_h @ n h o U l d @ p_h A n h I m s E l f,h i w V z d I t_h @ r/ m @ n d @ n a U t_h u m e I n t_h e I n @ m O r/ s @ r/ t_h @ n h o U l d A b A n h I m s E l f
L2_arctic_WAV/SKA_arctic_a0126,i tS d e I S i b i k_h e I m @ m O r/ v a I t_h @ l p_h A r/ t_h V v h I m,i tS @ d e I S i b i k_h e I m @ m O r/ v a I t_h @ l b A r/ t_h V f h I m
L2_arctic_WAV/SKA_arctic_a0127,I t_h w O z @ t_h E m t_h e I S @ n b V t_h h i r/ i z I s t_h @ d I t_h,I t_h w O z @ t_h E m b I t_h e I S @ n b V t_h h i r/ i s I s t_h @ d I t_h
L2_arctic_WAV/SKA_arctic_a0128,D I s w V n h o U p_h w O z d I s t_h r/ O I d { z k_h w I k_h l i { z I t_h w O z b O r/ n,z I s w V n h o U p_h w O z d I s t_h r/ O I d { s k_h w I k_h l i { z I t_h w O z b O r/ n
L2_arctic_WAV/SKA_arctic_a0129,h @ r/ f e I s w O z @ g E n s t_h h I z b r/ E s t_h,h E r/ f e I s w O z @ g E n @ s t_h h I z b r/ E s t_h
L2_arctic_WAV/SKA_arctic_a0130,S i w O z h I z n a U f 3` E v 3`,S i w O z h I z n a U f 3` E v @ S
L2_arctic_WAV/SKA_arctic_a0131,p_h r/ A v @ d @ n s h { d d I l I v 3` d h I m T r/ u D V m e I l s t_h r/ @ m,b r/ O v @ d @ n s h { d d I l I v @ d h E m s r/ u z V m e I l I s t_h r/ @ m
L2_arctic_WAV/SKA_arctic_a0134,h i o U b e I d D @ p_h r/ E S @ r/ V v h @ r/ h { n d,h i o U b e I d s @ p_h r/ E S E r/ V v h E r/ h A n t_h
L2_arctic_WAV/SKA_arctic_a0136,@ b a U t_h h I m E v r/ i w E r/ w 3` D @ E v @ d @ n s @ z V v l V g Z @ r/ i { n d V v e I dZ,@ b a U t_h h E m E v r/ i w E r/ w 3` z @ E v @ d @ n z z V v l V g Z @ r/ i { n d V v e I tS
L2_arctic_WAV/SKA_arctic_a0137,D E n h i s t_h E p_h t_h b { k_h w I D @ l o U k_h r/ a I V v p_h l E Z @ r/,z E n h i s t_h E p_h t_h b { k_h w I z @ l o U k_h r/ a I V v b l E Z @ r/
L2_arctic_WAV/SKA_arctic_a0139,h i t_h o U l d h I m s E l f D @ t_h { z h i w A S t_h h I m s E l f { n d g r/ u m d h I z d I S E v @ l d k_h l o U z,h i t_h o U l d h I m s E l f I z @ t_h { z h i w O Z d @ h I m s E l f { n d @ g r/ O m d h I z d I Z E v @ l @ d @ k_h l o U D
L2_arctic_WAV/SKA_arctic_a0159,D e I l U k_h { z D o U h i h { d b I n d r/ V m I N @ p_h i { n o U O l h I z l a I f,D e I l U k_h { D o U h i h { b I n d r/ V m I N g @ p_h i { n O O l h I z l a I f
L2_arctic_WAV/SKA_arctic_a0214,b i s a I d z h i w O z p_h e I d h w V n k_h e I s V v t_h @ b { k_h o U p_h 3` h E d,b i s a I d z h I w O z p_h e I w V n k_h e I s V v t_h E b V k_h O p_h 3` h E d
L2_arctic_WAV/YBAA_arctic_a0003,f O r/ D @ t_h w E n t_h i @ T t_h a I m D { t_h i v n I N D @ t_h u m E n S U k_h h { n d z,f O D @ t_h w E n t_h i @ T t_h a I m D E t_h i v n I N D @ t_h u m E n S U k_h h { n d z
L2_arctic_WAV/YBAA_arctic_a0005,w I l w i E v 3` f O r/ g E t_h I t_h,w I l w i E v 3` f O r/ g E t_h I t_h
L2_arctic_WAV/YBAA_arctic_a0006,g A d b l E s E m a I h o U p_h a I l g o U A n s i I N D E m f 3` r/ E v 3`,g V d b l E s E m a I h O p_h a I l g O O n s i I N D E m f O r/ E v 3`
L2_arctic_WAV/YBAA_arctic_a0007,@ n d j u O l w i z w O n t_h t_h I s i I t_h I n D i s U p_h 3` l @ t_h I v d I g r/ i,@ n d j u O l w i z w O n t_h t_h I s i I t_h I n D i s U p_h 3` l e I t_h I v d I g r/ i
L2_arctic_WAV/YBAA_arctic_a0008,g { d j O r/ l E t_h 3` k_h e I m dZ V s t_h I n t_h a I m,g V d j O r/ l E t_h 3` k_h E m dZ V s t_h I n t_h a I m
L2_arctic_WAV/YBAA_arctic_a0010,a I m p_h l e I I N @ s I N g @ l h { n d I n w V t_h l U k_h s l a I k_h @ l u z I N g e I m,A m p_h l e I I N g E s I N g @ l h { n d I n w V t_h l U k_h s l a I k_h @ l u z I N g E m
L2_arctic_WAV/YBAA_arctic_a0011,I f a I E v 3` n i d I d @ f a I t_h 3` I n m a I l a I f a I n i d w V n n a U,I f a I E v 3` n i d I d @ f a I t_h 3` I n m a I l a I f a I n i d w V n n a U
L2_arctic_WAV/YBAA_arctic_a0013,h i w A z @ h E d S O r/ t_h 3` D { n h I z k_h @ m p_h { n j @ n V v O l m o U s t_h d E l @ k_h @ t_h f @ z i k_h,h i w A z @ h E d S O r/ t_h @ D { n h I z k_h @ m p_h { n j @ n O f O l m o U s d E l @ k_h e I t_h f I z i k_h
L2_arctic_WAV/YBAA_arctic_a0018,D E r/ w O z @ tS e I n dZ n a U,D E r/ w O z @ tS e I n dZ n a U
L2_arctic_WAV/YBAA_arctic_a0019,a I f A l o U d D @ l a I n V v D @ p_h r/ @ p_h o U z d r/ e I l r/ o U d l U k_h I N f O r/ tS { n s I z,a I f O l O d D @ l a I n V v D @ p_h r/ @ p_h O z d r/ E l r/ O d l U k_h I N f O r/ tS { n s I z
L2_arctic_WAV/YBAA_arctic_a0020,k_h l V b z { n d b O l z { n d s I t_h i z g r/ u t_h @ b i o U n l i m E m 3` i z,k_h l V b s { n b O l z { n s I t_h i z g r/ u t_h U b i O n l i m E m 3` i s
L2_arctic_WAV/YBAA_arctic_a0021,I t_h f E r/ l i k_h l V b d m i I n t_h u r/ E k_h @ g n a I z I N I t_h,I t_h f E r/ l i k_h l V b m i I n t_h u r/ E err @ g n a I z I N g I t_h
L2_arctic_WAV/YBAA_arctic_a0022,h A r/ d l i w 3` a U 3` p_h l { n z m e I d p_h V b l I k_h b i f O r/ w i w 3` m E t_h b a I p_h a U 3` f @ l A p_h @ z I S @ n,h A d l i w 3` a U 3` p_h l { n z m e I d p_h V p_h l I b i f O r/ w i w 3` m E t_h b a I p_h a U 3` f @ l A p_h O z I S @ n
L2_arctic_WAV/YBAA_arctic_a0023,@ k_h A m b @ n e I S @ n V v k_h @ n e I d i @ n k_h { p_h @ t_h @ l k_h w I k_h l i O r/ g @ n a I z d { n d p_h @ t_h I S @ n d f O r/ D @ s e I m p_h r/ I v I l I dZ I z,@ k_h A m b @ n e I S @ n V v k_h @ n e I d i @ n k_h E p_h @ t_h @ l k_h w I k_h l i O r/ g @ n a I z d { n d p_h @ t_h I S @ n d f O r/ D @ s e I m p_h r/ I v I l I dZ I z
L2_arctic_WAV/YBAA_arctic_a0024,I t_h w A z m a I r/ I p_h O r/ t_h s f r/ V m D @ n O r/ T w I tS tS i f l i I n d u s t_h p_h i p_h @ l t_h u b a I,I t_h w A z m a I r/ E p_h O r/ t_h s f r/ V m D @ n O r/ T w I tS tS i f l i I n d j u s t_h p_h i p_h @ l t_h u b a I
L2_arctic_WAV/YBAA_arctic_a0025,a I w V z @ b a U t_h t_h @ d u D I s w E n k_h u l 3` dZ V dZ m @ n t_h p_h r/ I v e I l d,a I w V z @ b a U t_h t_h @ d u D I s w err n k_h u l 3` dZ V dZ m @ n t_h p_h r/ I v e I l d
L2_arctic_WAV/YBAA_arctic_a0026,I t_h @ k_h 3` d t_h @ m i D { t_h D E r/ w U d h { v t_h @ b i { n @ k_h a U n t_h I N,I t_h @ k_h E 3` d t_h @ m i D { t_h D E r/ w U d h { v t_h @ b i { n @ k_h a U n t_h I N
L2_arctic_WAV/YBAA_arctic_a0027,t_h u m a I s 3` p_h r/ a I z h i b I g { n t_h @ S o U { k_h tS @ w @ l I n T u z i { z @ m I n m a I f e I v 3`,t_h u m a I s 3` p_h r/ a I z h i b I g { n t_h @ S O { k_h tS @ w @ l I n T u s i { z @ m I n m a I f E v 3`
L2_arctic_WAV/YBAA_arctic_a0028,r/ A b 3` i b r/ a I b 3` i f r/ O d,r/ O b 3` i b r/ a I b E 3` i f r/ O d
L2_arctic_WAV/YBAA_arctic_a0029,D E r/ f O r/ s I z w 3` O l r/ E d i m u v I N I n t_h @ D @ n O r/ T k_h V n t_h r/ i,D E r/ f O r/ s I z w 3` O l r/ E d i m u v I N g I n t_h @ D @ n O r/ T k_h V n t_h r/ i
L2_arctic_WAV/YBAA_arctic_a0030,a I h { d f e I T I n D E m,a I h { d f e I T I n D E m
L2_arctic_WAV/YBAA_arctic_a0031,D e I w 3` T r/ i h V n d r/ I d j A r/ d z @ p_h A r/ t_h,D e I w 3` T r/ i h V n d r/ I d j A r/ d z @ p_h A r/ t_h
L2_arctic_WAV/YBAA_arctic_a0032,s I n s D E n s V m m I s t_h I r/ i @ s f O r/ s h { z b I n f a I t_h I N V s { t_h E v r/ i s t_h E p_h,s I n z D E n s V m m I s t_h I r/ i @ s f O r/ s h { z b I n f a I t_h I N g V s { t_h E v r/ i s t_h E p_h
L2_arctic_WAV/YBAA_arctic_a0036,S i t_h 3` n d I n { t_h D @ h o U t_h E l,S i t_h @ n d I n { t_h D @ h O t_h E l
L2_arctic_WAV/YBAA_arctic_a0037,a I w V z D @ o U n l i w V n h u r/ i m e I n d s I t_h I N,a I w V z D @ O n l i w V n h u r/ i m E n d s I t_h I N g
L2_arctic_WAV/YBAA_arctic_a0038,w i l h { v t_h u w O tS a U r/ tS { n s @ z,w i l h { v t_h u w U tS a U r/ tS { n s @ z
L2_arctic_WAV/YBAA_arctic_a0039,D @ S I p_h S U d b i I n w I D I n @ w i k_h O r/ t_h E n d e I z,D @ S I p_h S U d b i I n w I D I n @ w i k_h O r/ t_h E n d e I s
L2_arctic_WAV/YBAA_arctic_a0040,a I s @ p_h o U z j u w V n d 3` w a I S i I z k_h V m I N V p_h h i r/,a I s @ b O z j u w V n d 3` w a I S i I z k_h V m I N g V p_h h i r/
L2_arctic_WAV/YBAA_arctic_a0041,m i n w a I l a I l g o U a U t_h t_h @ b r/ i D @ s p_h E l,m i n w a I l a I l g O a U t_h U b r/ i T @ s p_h E l
L2_arctic_WAV/YBAA_arctic_a0042,h a U k_h U d h i I k_h s p_h l e I n h I z p_h @ z E S @ n V v D @ s k_h E tS,h a U k_h U d h i I k_h s p_h l E n h I z p_h @ s E S @ n V v D @ s k_h E tS
L2_arctic_WAV/YBAA_arctic_a0045,h i m u v d @ w e I { z k_h w a I @ t_h l i { z h i h { d k_h V m,h i m u v d @ w e I { z k_h w a I @ t_h l i { z h i h { d k_h V m
L2_arctic_WAV/YBAA_arctic_a0046,D @ g 3` l f e I s t_h h I m h 3` a I z S a I n I N w I T s V d @ n f I r/,D @ g E 3` l f e I s t_h h I m h E 3` a I z S a I n I N g w I T s V d @ n f I r/
L2_arctic_WAV/YBAA_arctic_a0047,k_h l o U z b I s a I d h I m g l i m d D @ w a I t_h f { N z V v D i w U l f d O g,k_h l O z b I s a I d h I m g l i m d D @ w a I t_h f { N z V v D i w U l f d d O g
L2_arctic_WAV/YBAA_arctic_a0048,h i l U k_h t_h { t_h D i h { N k_h 3` tS i f m O r/ k_h l o U s l i,h i l U k_h t_h { d D E h { N d k_h 3` tS i f m O r/ k_h l O z l i
L2_arctic_WAV/YBAA_arctic_a0051,D i l e I s w A z V v @ d E l @ k_h @ t_h a I v 3` i k_h V l 3` f e I n t_h l i t_h I n t_h I d w I D j E l o U,D i l e I s w A z V v @ d E l @ k_h @ t_h a I v O i k_h V l 3` f I n t_h l i t_h I n t_h I d w I D j E l U
L2_arctic_WAV/YBAA_arctic_a0052,I t_h w A z @ k_h j U r/ i @ s k_h o U I n s I d @ n s,I t_h w A z @ k_h j U r/ i @ s k_h o U I n s I d @ n s
L2_arctic_WAV/YBAA_arctic_a0053,s V d @ n l i h I z f I N g 3` z k_h l o U z d t_h a I t_h l i o U v 3` D i h { N k_h 3` tS i f,s V d @ n l i h I z f I N g 3` s k_h l u s t_h a I t_h l i o U v 3` D i h { d k_h 3` tS i f
L2_arctic_WAV/YBAA_arctic_a0054,D E r/ w A z n V T I N O n D @ r/ A k_h,D E r/ w A z n V T I N O n D @ r/ o U k_h
L2_arctic_WAV/YBAA_arctic_a0058,a I k_h e I m f O r/ I n f 3` m e I S @ n m O r/ a U t_h @ v k_h j U r/ i A s @ t_h i D { n E n i T I N E l s,a I k_h E m f O r/ I n f 3` m e I S I n m O r/ a U t_h @ v k_h j U r/ i A s @ t_h i D { n E n i T I N E l s
L2_arctic_WAV/YBAA_arctic_a0059,h I z I m { k_h j u l I t_h @ p_h I r/ @ n s w A z g O n,h I z I m I k_h j u l I t_h @ p_h I r/ @ n s w A z g O n
L2_arctic_WAV/YBAA_arctic_a0060,E n i w e I n o U w V n s O h 3` l a I k_h D { t_h,E n i w e I n o U w V n s O h 3` l a I k_h D { t_h
L2_arctic_WAV/YBAA_arctic_a0062,D i m E n s t_h E r/ d I n t_h u i tS V D 3` z f e I s,D i m I n s t_h I r/ d I n t_h u i tS V D 3` z f E s
L2_arctic_WAV/YBAA_arctic_a0063,j E s I t_h w A z @ m { n h u { s t_h @ s t_h r/ e I n dZ 3`,j E s I t_h w A z @ m { n h u A s t_h @ s t_h r/ e I n dZ 3`
L2_arctic_WAV/YBAA_arctic_a0064,D V f O r/ T { n d f I f T d e I z p_h { s t_h w I D a U t_h E n i d I v E l @ p_h m @ n t_h s,D V f O r/ T { n d f I f T d e I z b A s t_h w I D a U t_h E n i d I v @ l @ p_h m @ n t_h s
L2_arctic_WAV/YBAA_arctic_a0065,D e I k_h l o U z d n a U @ n t_h I l h I z f I N g 3` z w 3` l a I k_h k_h O r/ d z V v s t_h i l,D e I k_h l o U z d n a U @ n t_h I l h I z f I N g 3` z w E l a I k_h k_h O r/ d z V v s t_h i l
L2_arctic_WAV/YBAA_arctic_a0067,S U r/ l i a I w @ l I k_h s k_h j u z j u S i k_h r/ a I d,S U l i a I w @ l I k_h s k_h j u z j u S i k_h r/ a I d
L2_arctic_WAV/YBAA_arctic_a0071,h w V t_h w A z D i A b dZ E k_h t_h V v j O r/ l I t_h @ l s E n s e I S @ n,h w V t_h w A z D i A b dZ E k_h t_h V v j O r/ l I t_h @ l s E n s e I S @ n
L2_arctic_WAV/YBAA_arctic_a0073,D V p_h r/ @ m o U t_h 3` z a I z w 3` h E v i w I D l I t_h @ l p_h V f i b { g z V n d 3` D E m,D V p_h r/ @ m o U t_h 3` z a I z w E h I v i w I D l I t_h @ l p_h V f i b { g z V n d r/ D E m
L2_arctic_WAV/YBAA_arctic_a0075,D E r/ h { z b I n @ tS e I n dZ S i I n t_h 3` V p_h t_h I d h I m,D E r/ h { z b I n @ tS I n dZ S i I n t_h 3` V p_h t_h I d h I m
L2_arctic_WAV/YBAA_arctic_a0076,D i g r/ e I a I z f A l t_h 3` d D @ f l V S d i p_h @ n d,D i g r/ e I a I z f A l t_h 3` d D @ f l V S d i p_h @ n d
L2_arctic_WAV/YBAA_arctic_a0077,I t_h I z D @ f a I 3` p_h A r/ t_h l i S i s E d,I t_h I z D @ f a I 3` p_h A r/ t_h l i S i s e I d
L2_arctic_WAV/YBAA_arctic_a0078,D E n { n d { t_h s V p_h 3` h i t_h r/ a I d t_h u f { D @ m h 3`,D E n { n d { t_h s p_h 3` h i t_h r/ a I d t_h u f { D @ m h I
L2_arctic_WAV/YBAA_arctic_a0079,I t_h w A z @ l A r/ dZ k_h @ n u,I t_h w A z @ l A r/ dZ k_h @ n u
L2_arctic_WAV/YBAA_arctic_a0081,h w V t_h I f S i d I d n A t_h k_h V m t_h @ D @ r/ A k_h,h w V t_h I f S i d I d n A t_h k_h V m t_h @ D @ r/ O k_h
L2_arctic_WAV/YBAA_arctic_a0082,h I z f e I s w A z s t_h r/ i m I N w I T b l V d,h I z f I s w A z s t_h r/ i m I N w I T b l V d
L2_arctic_WAV/YBAA_arctic_a0085,@ t_h r/ I k_h @ l V v f r/ E S b l V d r/ { n o U v 3` h I z f e I s,@ t_h r/ I k_h @ l V v f r/ E S b l V d r/ { n o U v 3` h I z f I s
L2_arctic_WAV/YBAA_arctic_a0086,d E T h { d k_h V m w I T t_h E r/ @ b @ l s V d @ n n @ s,d E T h { d k_h V m w I T t_h 3` r/ @ b @ l s V d @ n n @ s
L2_arctic_WAV/YBAA_arctic_a0088,h i m e I d S U r/ D @ t_h D i m { g @ z i n w A z l o U d I d @ n d r/ I z u m d h I z p_h { d @ l I N,h i m e I d tS U r/ D @ t_h D i m I g @ z i n w A z l o U d I d @ n d r/ I z u m d h I z p_h { d @ l I N
L2_arctic_WAV/YBAA_arctic_a0089,D i n a I t_h g l o U w A z t_h r/ E tS 3` @ s t_h u S u t_h b a I,D i n a I t_h g l u w A z t_h r/ E tS 3` @ s t_h u S u t_h b a I
L2_arctic_WAV/YBAA_arctic_a0090,D i s I N I N v O I s @ p_h r/ o U tS t_h r/ { p_h @ d l i,D i s I N I N v O I s @ p_h r/ o U tS t_h r/ { p_h @ d l i
L2_arctic_WAV/YBAA_arctic_a0091,h I z b l V d g r/ u h A t_h w I D r/ e I dZ { t_h D i T O t_h,h I z b l V d g r/ u h A t_h w I D r/ e I dZ { t_h D i T O t_h
L2_arctic_WAV/YBAA_arctic_a0092,h i w E n t_h d a U n I n m I d s t_h r/ i m s 3` tS I N D i S { d o U z V v b o U T S O r/ z,h i w E n t_h d a U n I n m I d s t_h r/ i m s 3` tS I N D i S { d o U z V v b O T S O r/ z
L2_arctic_WAV/YBAA_arctic_a0093,f O r/ @ f U l m I n @ t_h h i k_h r/ a U tS t_h @ n d l I s @ n d,f O r/ @ f U l m I n @ t_h h i k_h r/ O tS t_h @ n d l I s @ n d
L2_arctic_WAV/YBAA_arctic_a0095,@ b I g k_h { n v @ s t_h E n t_h w O z D @ f 3` s t_h T I N t_h u k_h V m w I D I n h I z v I Z @ n,@ b I g k_h { n v @ s t_h E n t_h w O z D @ f I s t_h T I N t_h u k_h V m w I D I n h I z v I Z @ n
L2_arctic_WAV/YBAA_arctic_a0096,p_h 3` h { p_h s S i h { d O r/ E d i m E t_h h 3` f e I t_h @ l I t_h @ l d i p_h 3` I n D V f O r/ @ s t_h,p_h 3` h { p_h s S i h { d O r/ E d i m E t_h h 3` f e I t_h @ l I t_h @ l d i p_h 3` I n D V f O r/ @ s t_h
L2_arctic_WAV/YBAA_arctic_a0097,D E n j u k_h { n 3` e I n dZ j O r/ s E l f k_h V m f 3` t_h @ b l i @ m V N D i z r/ o U b z I n D i b o U,D E n j u k_h { n 3` e I n dZ j O r/ s E l f k_h V m f 3` t_h @ b l i @ m V N D i z r/ o U b z I n D i b o U
L2_arctic_WAV/YBAA_arctic_a0098,S { l a I k_h E r/ i j u,S { l a I k_h E r/ i j u
L2_arctic_WAV/YBAA_arctic_a0099,@ m { d @ n I N dZ O I p_h a U n d I d I n h I z b r/ e I n,@ m { d @ n I N dZ O I b a U n d I d I n h I z b r/ e I n
L2_arctic_WAV/YBAA_arctic_a0100,j u m V s t_h s l i p_h h i 3` dZ d,j u m V s @ s l i p_h h i 3` d
L2_arctic_WAV/YBAA_arctic_a0101,j u j u w U d n A t_h k_h i p_h D @ t_h r/ u T f r/ V m m i,j u j u w U d n O t_h k_h i p_h D @ t_h r/ u t_h f r/ O m m i
L2_arctic_WAV/YBAA_arctic_a0102,h i w @ l f A l o U V s s u n,h i w @ l f o U l o U V s s U n
L2_arctic_WAV/YBAA_arctic_a0103,b V t_h D E r/ k_h e I m n o U p_h r/ A m @ s f r/ V m D @ b o U V v D i k_h @ n u,b V t_h D E r/ k_h e I m n o U p_h r/ A m @ s f r/ V m D I b o U V v D i k_h { n u
L2_arctic_WAV/YBAA_arctic_a0104,S i w A z s l i p_h I N V n d 3` h I z p_h r/ @ t_h E k_h S @ n { z s w i t_h l i E z @ tS a I l d,S i w A z s l i b I N V n d 3` h I z p_h r/ o U t_h E k_h S @ n { z s w i t_h l i E z @ tS a I l d
L2_arctic_WAV/YBAA_arctic_a0105,o U n l i I t_h I z s o U w V n d 3` f @ l s o U O l m o U s t_h I m p_h A s @ b @ l t_h u b I l i v,o U n l i I t_h s s o U w V n d 3` f u l s o U O l m o U s t_h I m p_h A z @ b E l t_h u b I l i v
L2_arctic_WAV/YBAA_arctic_a0106,D i I m o U S @ n w I tS S i h { d s @ p_h r/ E s t_h b 3` s t_h f O r/ T n a U I n @ tS o U k_h I N s A b,D i I m o U S @ n w I tS S i h { d s @ b r/ E s t_h b V s t_h f O r/ T n a U I n @ tS o U k_h I N s A b
L2_arctic_WAV/YBAA_arctic_a0107,I f j u o U n l i k_h U d n o U h a U a I T { N k_h j u,I f j u o U n l i k_h U d n o U h a U a I T { N k_h j u
L2_arctic_WAV/YBAA_arctic_a0108,h i w e I d I d I n t_h @ D @ E dZ @ v D @ w O t_h 3` { n d b I g { n s k_h r/ V b I N h I m s E l f,h i w e I d I d I n t_h @ D @ E dZ @ v D I w O t_h 3` { n d b I g { n s k_h r/ V b I N h I m s E l f
L2_arctic_WAV/YBAA_arctic_a0109,d u j u n o U D { t_h j u A r/ S e I k_h I N m a I k_h A n f @ d @ n s I n j u,d u j u n o U D { t_h j u A r/ S e I k_h I N m a I k_h A n f I d @ n s I n j u
L2_arctic_WAV/YBAA_arctic_a0111,I n s t_h E d h i dZ O I n d h 3` r/ { n d D e I e I t_h l a I k_h t_h u h V N g r/ i tS I l d r/ @ n,I n s t_h E d h i dZ O I n d h E r/ { n d D e I e I t_h l a I k_h t_h u h V N g r/ i tS I l d r/ @ n
L2_arctic_WAV/YBAA_arctic_a0112,h i w A z w u n d @ d I n D @ A r/ m,h i w A z w O n d @ d I n D @ A m
L2_arctic_WAV/YBAA_arctic_a0113,a I s @ p_h o U z j u p_h I k_h t_h D { t_h l I N g o U V p_h @ m V N D i I n d i @ n z,a I s @ b o U z j u b I k_h t_h D { t_h l I N g o U V p_h @ m O N D i I n d i @ n s
L2_arctic_WAV/YBAA_arctic_a0115,h i h { d n o U I k_h s k_h j u z f O r/ D @ f i l I N z w I tS w 3` r/ 3` a U z d I n h I m,h i h { d n o U I k_h s i k_h j u z f O r/ D @ f i l I N z w I tS w 3` r/ 3` o U z d I n h I m
L2_arctic_WAV/YBAA_arctic_a0116,w O z I t_h D @ r/ A n d I v u V v D o U z h u w 3` s t_h r/ a I v I N t_h u w 3` r/ k_h h I z r/ u @ n,w O z I t_h D @ r/ { n d I v u O f D o U z h u w 3` s t_h r/ a I v I N t_h u w O r/ k_h h I z r/ u n
L2_arctic_WAV/YBAA_arctic_a0117,S i { d @ d w I D dZ E n j @ w @ n s I m p_h @ T i I n h 3` r/ f e I s { n d v O I s,S i { d @ d w I D dZ i n u w @ n s I m p_h @ T i I n h E r/ f e I s { n d v O I s
L2_arctic_WAV/YBAA_arctic_a0120,m a I r/ a I t_h f U t_h f i l z l a I k_h V v @ tS a I n i z d E b j @ t_h A n t_h,m a I r/ a I t_h f U t_h f i l z l a I k_h O f @ tS a I n i z d E b u t_h A n t_h
L2_arctic_WAV/YBAA_arctic_a0121,D e I e I t_h d I n 3` { t_h D @ f I f T { n d r/ E s t_h @ d f O r/ t_h u a U 3` z,D e I e I t_h d I n 3` { t_h D E f I f T { n d r/ E s t_h @ d f O r/ t_h u a U 3` s
L2_arctic_WAV/YBAA_arctic_a0122,t_h u j 3` z @ g o U a I g e I v V p_h s I v @ l I z e I S @ n f O r/ D I s,t_h u j 3` z @ g o U a I g e I v V p_h s I v @ l I z e I S @ n f O r/ D I s
L2_arctic_WAV/YBAA_arctic_a0123,S i h { d d a I d f r/ V m k_h o U l d { n d s t_h A r/ v e I S @ n,S i h { d d a I d f r/ V m k_h o U l d { n d s t_h A r/ v e I S @ n
L2_arctic_WAV/YBAA_arctic_a0125,h i w O z d I t_h 3` m @ n d n a U t_h u m e I n t_h e I n @ m O r/ s 3` t_h @ n h o U l d @ p_h A n h I m s E l f,h i w O z d I t_h 3` m @ n d n a U t_h u m e I n t_h e I n @ m O r/ s 3` t_h @ n h o U l d @ b A n h I m s E l f
L2_arctic_WAV/YBAA_arctic_a0126,i tS d e I S i b i k_h e I m @ m O r/ v a I t_h @ l p_h A r/ t_h @ v h I m,i tS d e I S i b i k_h e I m @ m O r/ v e I t_h @ l p_h A r/ t_h @ v h I m
L2_arctic_WAV/YBAA_arctic_a0127,I t_h w A z @ t_h E m t_h e I S @ n b V t_h h i r/ I z I s t_h I d I t_h,I t_h w A z @ t_h E m t_h e I S @ n b V t_h h i r/ I z I s t_h I d E t_h
L2_arctic_WAV/YBAA_arctic_a0128,D I s w V n h o U p_h w A z d I s t_h r/ O I d { z k_h w I k_h l i { z I t_h w A z b O r/ n,D I s w V n h o U p_h w A z d I s t_h r/ O I d { z k_h w I k_h l i { z I t_h w A z b O r/ n
L2_arctic_WAV/YBAA_arctic_a0129,h 3` r/ f e I s w O z @ g E n s t_h h I z b r/ E s t_h,h E r/ f e I s w O z @ g E n s t_h h I z b r/ E s t_h
L2_arctic_WAV/YBAA_arctic_a0130,S i w O z h I z n a U f 3` E v 3`,S i w O z h I z n a U f 3` E v 3`
L2_arctic_WAV/YBAA_arctic_a0131,p_h r/ A v @ d @ n s h { d d I l I v 3` d h I m T r/ u D @ m e I l s t_h r/ @ m,p_h r/ o U v @ d @ n s h { d d I l I v 3` d h I m T r/ u D @ m e I l s t_h r/ @ m
L2_arctic_WAV/YBAA_arctic_a0134,h i o U b e I d D @ p_h r/ E S 3` r/ V v h 3` r/ h { n d,h i o U b e I d D @ p_h r/ E S A r/ O f h E r/ h { n d
L2_arctic_WAV/YBAA_arctic_a0136,@ b a U t_h h I m E v r/ i w E r/ w 3` r/ D @ E v @ d @ n s @ z V v l V g Z 3` i { n d V v e I dZ,@ b a U t_h h I m E v r/ i w E r/ w E r/ D @ E v @ d @ n s @ z O f l V g Z 3` i { n d V v e I dZ
L2_arctic_WAV/YBAA_arctic_a0137,D E n h i s t_h E p_h t_h b { k_h w I D @ l o U k_h r/ a I V v p_h l E Z 3`,D E n h i s t_h E p_h t_h b { k_h w I D @ l o U k_h r/ a I V v p_h l E Z 3`
L2_arctic_WAV/YBAA_arctic_a0139,h i t_h o U l d h I m s E l f D { t_h h i w A S t_h h I m s E l f @ n d g r/ u m d h I z d I S E v @ l d k_h l o U D z,h i t_h o U l d h I m s E l f D { t_h h i w o U S t_h h I m s E l f @ n d g r/ u m d h I z d I S @ f @ l d g l o U t_h s
L2_arctic_WAV/YBAA_arctic_a0159,D e I l U k_h { z D o U h i h { d b I n d r/ V m I N @ p_h i { n o U O l h I z l a I f,D e I l U k_h { z D o U h i h { d b I n d r/ V m I N g @ p_h i { n o U O l h I z l a I f
L2_arctic_WAV/BWC_arctic_a0003,f O r/ D @ t_h w E n t_h i I T t_h a I m D { t_h i v n I N D @ t_h u m E n S U k_h h { n z,f O d @ t_h w E n t_h i t_h a I m t_h { t_h i v n I N d @ t_h u m E n S U k_h h { n s
L2_arctic_WAV/BWC_arctic_a0005,w I l w i E v 3` f 3` g E t_h I t_h,w I l w i E v 3` f @ g { D I t_h
L2_arctic_WAV/BWC_arctic_a0006,g A d b l E s a I h o U p_h a I w I l g o U A n s i I N D E m f 3` E v 3`,g O b l E s d E m a I h o U p_h a I w I g o U A N s i I N d E m f w E v 3`
L2_arctic_WAV/BWC_arctic_a0007,{ n d j u O l w i z w O n t_h t_h u s i I t_h I n D @ s U p_h 3` l @ t_h I v d I g r/ i,{ n d j u O l w i s w O n t_h u s i I t_h I n d @ s j U p_h 3` l @ t_h I v d I g r/ i
L2_arctic_WAV/BWC_arctic_a0008,g { d j O r/ l E t_h 3` k_h e I m dZ V s t_h I n t_h a I m,g A d j O r/ l E t_h h 3` k_h E m tS V s I n t_h a I m
L2_arctic_WAV/BWC_arctic_a0010,@ m p_h l e I I N @ s I N g @ l h { n d I n w V t_h l U k_h s l a I k_h @ l u z I N g e I m,@ m p_h l e I I N @ s I N g @ h { n I n w V l U k_h s l a I k_h @ l O s I N g E m
L2_arctic_WAV/BWC_arctic_a0011,I f a I E v 3` n i d I d @ f a I t_h 3` I n m a I l a I f a I n i d w V n n a U,I f A E v 3` n i d I @ f a I t_h 3` I n m A l a I f a I n i w V n n a U
L2_arctic_WAV/BWC_arctic_a0013,h i w V z @ h E d S O r/ t_h 3` D { n h I z k_h @ m p_h { n j @ n V v O l m o U s t_h d E l @ k_h @ t_h f @ z i k_h,h i w V s @ h { S O t_h 3` t_h { h I s k_h @ m p_h { n j @ V f O l m O s d { l @ k_h E t_h f I z I k_h
L2_arctic_WAV/BWC_arctic_a0018,D E r/ w O z @ tS e I n dZ n a U,d E w O s @ tS E n tS n a U
L2_arctic_WAV/BWC_arctic_a0019,a I f A l o U d D @ l a I n V v D V p_h r/ @ p_h o U z d r/ e I l r/ o U d l U k_h I N f O r/ tS { n s @ z,a I f O l O d d @ l a I n V f d V p_h r/ A p_h 3` s r/ i l r/ o U l U k_h I N f O tS { n s
L2_arctic_WAV/BWC_arctic_a0020,k_h l V b z { n d b O l z @ n d s I t_h i z g r/ u t_h u b i o U n l i m E m 3` i z,k_h l V f s { n b O l s @ n s I t_h i s g r/ u t_h u b i o U n l i m { m 3` i s
L2_arctic_WAV/BWC_arctic_a0021,I t_h f E r/ l i k_h l V b d m i I n t_h u r/ E k_h @ g n a I z I N I t_h,I t_h f E r/ l i r/ I k_h l V b d m i I n t_h u r/ E k_h @ g n a I z I N I
L2_arctic_WAV/BWC_arctic_a0022,h A r/ d l i w 3` a U r/ p_h l { n z m e I d p_h V b l I k_h b I f O r/ w i w 3` m E t_h b a I p_h a U 3` f @ l A p_h @ z I S @ n,h A r/ d l i w 3` a U @ p_h l { n s m e I p_h V b l I b I f O w i w 3` m i t_h b a I p_h a U 3` f @ l O p_h @ z I S @ n
L2_arctic_WAV/BWC_arctic_a0023,@ k_h A m b @ n e I S @ n V v k_h @ n e I d i @ n k_h { p_h @ t_h @ l k_h w I k_h l i O r/ g @ n a I z d { n d p_h @ t_h I S @ n d f O r/ D @ s e I m p_h r/ I v I l I dZ I z,@ k_h A m v @ n E S @ n V f k_h @ n { d i @ n k_h { p_h @ t_h @ l k_h w I k_h l i O r/ g @ n a I s { n p_h @ t_h i S @ n d f O D @ s E m p_h r/ I v I l e I tS
L2_arctic_WAV/BWC_arctic_a0024,I t_h w O z m a I r/ i p_h O r/ t_h s f r/ V m D @ n O r/ T w I tS tS i f l i I n d u s t_h p_h i p_h @ l t_h u b a I,I w O s m a I r/ i p_h O r/ t_h s f r/ V m D @ n O V T w I tS tS i f l i I n d j u s t_h p_h i p_h @ l t_h u b a I
L2_arctic_WAV/BWC_arctic_a0025,a I w V z @ b a U t_h t_h u d u D I s w E n k_h u l 3` dZ V dZ m @ n t_h p_h r/ i v e I l d,A w V s @ b a U t_h u d u D I s w E n k_h u l 3` dZ V g m @ n t_h p_h r/ i v E l d
L2_arctic_WAV/BWC_arctic_a0026,I t_h @ k_h 3` d t_h u m i D { t_h D E r/ w U d h { v t_h u b i { n @ k_h a U n t_h I N,I t_h @ k_h 3` d t_h u m i D { D E r/ w U h { v t_h u b i { n @ k_h A n t_h I N
L2_arctic_WAV/BWC_arctic_a0027,t_h u m a I s 3` p_h r/ a I z h i b i g { n t_h u S o U { k_h S @ l I n T u z i { z @ m I n m a I f e I v 3`,t_h u m a I s @ p_h r/ a I s h i b i g { n t_h u S O { k_h tS @ I n T u z i { z @ m I n m a I f e I w 3`
L2_arctic_WAV/BWC_arctic_a0028,r/ A b 3` i b r/ a I b 3` i f r/ O d,r/ A b 3` i b r/ a I b 3` i f r/ O d
L2_arctic_WAV/BWC_arctic_a0029,D E r/ f O r/ s I z w 3` O r/ E d i m u v I N I n t_h u D @ n O r/ T k_h V n t_h r/ i,D I V f O r/ s I z w @ O r/ E d i m u v I N I n t_h u D @ n O r/ T k_h { n t_h r/ i
L2_arctic_WAV/BWC_arctic_a0030,a I h { d f e I T I n D E m,A h { d f e I T I n D E m
L2_arctic_WAV/BWC_arctic_a0031,D e I w 3` T r/ i h V n d 3` d j A r/ d z @ p_h A r/ t_h,D E w @ T r/ i h V n d 3` j A r/ d z @ p_h A r/ t_h
L2_arctic_WAV/BWC_arctic_a0032,s I n s D E n s V m m I s t_h I r/ i @ s f O r/ s h { z b I n f a I t_h I N V s { t_h E v 3` i s t_h E p_h,s I n s D E n s V m m I s t_h I r/ i @ f O r/ s h { s b I n f a I t_h I N V s { t_h E v 3` i s t_h E
L2_arctic_WAV/BWC_arctic_a0036,S i t_h 3` n d I n { t_h D @ h o U t_h E l,S i t_h 3` n d i n E n { D @ h O t_h E l
L2_arctic_WAV/BWC_arctic_a0037,a I w O z D @ o U n l i w V n h u r/ i m e I n d s I t_h I N,a I w O s D @ o U n l i w V n h u r/ i m a I n d E d s I t_h I N
L2_arctic_WAV/BWC_arctic_a0038,w i w I l h { v t_h u w O tS a U 3` tS { n s I z,w i w I V h { v t_h u w O tS a U 3` tS { n s I s
L2_arctic_WAV/BWC_arctic_a0039,D @ S I p_h S U d b i I n w I T I n @ w i k_h O r/ t_h E n d e I z,D @ S i p_h S U b i I n w I T I @ w i k_h O r/ t_h E n d e I s
L2_arctic_WAV/BWC_arctic_a0040,a I s @ p_h o U z j u w V n d 3` w a I S i I z k_h V m I N V p_h h i r/,a I s @ p_h o U s j u w V n 3` w a I S i I s k_h V m I V p_h h i r/
L2_arctic_WAV/BWC_arctic_a0041,m i n w a I l a I w I l g o U a U t_h t_h u b r/ i D @ s p_h E l,m i n w a I l a I w I l g o U a U t_h u b r/ i T @ s p_h E w
L2_arctic_WAV/BWC_arctic_a0042,h a U k_h U d h i I k_h s p_h l e I n h I z p_h @ z E S @ n V v D V s k_h E tS,h a U w U d S i I k_h s p_h l e I h I s p_h @ S E S @ n V v D V s k_h e I tS
L2_arctic_WAV/BWC_arctic_a0045,h i m u v d @ w e I { z k_h w a I @ t_h l i { z h i h { d k_h V m,h i m u d @ v e I { s k_h w I k_h l i { z h i h { v k_h V m
L2_arctic_WAV/BWC_arctic_a0046,D @ g 3` l f e I s t_h h I m h 3` a I z S a I n I N w I T s V d @ n f I r/,D @ g 3` f e I s t_h h I m h 3` a I z S I n I U w I T S a U d 3` f I r/
L2_arctic_WAV/BWC_arctic_a0047,k_h l o U z b i s a I d h I m g l i m d D V w a I t_h f { N z V v D V w U l f d O g,k_h l o U s b i s a I d h I m g l i m d D V w a I t_h f w A N g V f D V w U f d O g
L2_arctic_WAV/BWC_arctic_a0048,h i l U k_h t_h { t_h D V h { N k_h 3` tS I f m O r/ k_h l o U s l i,h i l U k_h t_h { D V h A N k_h 3` S I f m O k_h l o U s l i
L2_arctic_WAV/BWC_arctic_a0051,D @ l e I s w V z V v @ d E l @ k_h @ t_h a I v r/ i k_h O l 3` f e I n t_h l i t_h I n t_h I d w I D j E l o U,D @ f e I s w V s @ d E l @ k_h E t_h I v O i k_h O l 3` f e I n t_h l i t_h I n I d w I T j E l o U
L2_arctic_WAV/BWC_arctic_a0052,I t_h w V z @ k_h j U r/ i @ s k_h o U I n s I d @ n s,I w V s @ k_h j U r/ i @ s k_h O I n s I d E n s
L2_arctic_WAV/BWC_arctic_a0053,s V d @ n l i h I z f I N g 3` z k_h l o U z d t_h a I t_h l i o U v 3` D @ h { N k_h 3` tS I f,s V d @ l i h I s f I N g 3` s k_h l o U z t_h A t_h l i o U v 3` D @ h { N k_h 3` S I f
L2_arctic_WAV/BWC_arctic_a0054,D E r/ w V z n V T I N A n D V r/ A k_h,d E w V s n O T I N A n D V r/ O k_h
L2_arctic_WAV/BWC_arctic_a0058,a I k_h e I m f O r/ I n f O r/ m e I S @ n m O r/ a U t_h V v k_h j U r/ i A s @ t_h i D @ n E n i T I N E l s,a I k_h E m f O I n f O m e I S @ n m O r/ a U t_h V f k_h j U r/ i A s @ t_h i d @ n E n i T I N E l s
L2_arctic_WAV/BWC_arctic_a0059,h I z I m { k_h j u l I t_h @ p_h I r/ @ n s w O z g O n,h I s I m { k_h u r/ I t_h @ p_h I r/ @ n s w O s g O n
L2_arctic_WAV/BWC_arctic_a0060,E n i w e I n o U w V n s O h 3` l a I k_h D { t_h,E n i w e I n O w V n s O h 3` l a I k_h d { t_h
L2_arctic_WAV/BWC_arctic_a0062,D @ m E n s t_h E r/ d I n t_h u i tS V D 3` z f e I s,d @ m E n s t_h A r/ E I n t_h u i S V D 3` s f e I s
L2_arctic_WAV/BWC_arctic_a0063,j E s I t_h w O z @ m { n h u { s k_h t_h @ s t_h r/ e I n dZ 3`,j E s I w O s @ m { n h u { s k_h t_h @ s t_h r/ e I n Z 3`
L2_arctic_WAV/BWC_arctic_a0064,D @ f O r/ T { n d f I f T d e I z p_h { s t_h w I T a U t_h E n i d I v E l @ p_h m @ n t_h s,d @ f O T { n f I f t_h I d e I s p_h { s t_h w I T a U E n i d I v E l @ m @ n s
L2_arctic_WAV/BWC_arctic_a0065,D e I k_h l o U z d n a U @ n t_h I l h I z f I N g 3` z w 3` l a I k_h k_h O r/ d z V v s t_h i l,d e I k_h l o U z n a U E n t_h I l h I s f I N g 3` s w 3` l i D @ l k_h O r/ d V f s t_h I l
L2_arctic_WAV/BWC_arctic_a0067,S U r/ l i a I w I l I k_h s k_h j u s j u S i k_h r/ a I d,S U r/ l i A w I l I k_h s k_h j u s j u S i k_h r/ a I d
L2_arctic_WAV/BWC_arctic_a0071,h w V t_h w O z D V A b dZ E k_h t_h V v j O r/ l I t_h @ l s E n s e I S @ n,w V w O s err V A b err E k_h V f j O r/ l I t_h @ s E n s e I S @ n
L2_arctic_WAV/BWC_arctic_a0073,D @ p_h r/ @ m o U t_h 3` z a I z w 3` h E v i w I T l I t_h @ l p_h V f i b { g z V n d 3` D E m,d @ p_h O m @ t_h 3` s a I s w @ h E v i w I T l I t_h @ l p_h V f b { g z { n 3` D E m
L2_arctic_WAV/BWC_arctic_a0075,D E r/ h { z b I n @ tS e I n dZ S i I n t_h 3` V p_h t_h I d h I m,d E @ h { z b I N @ tS e I n tS S i I n t_h 3` V p_h t_h h I m
L2_arctic_WAV/BWC_arctic_a0076,D @ g r/ e I a I z f A l t_h 3` d D @ f l V S d i p_h @ n d,d @ g r/ i A s f E l t_h 3` d d @ f l U d i p_h E n d
L2_arctic_WAV/BWC_arctic_a0077,I t_h I z D @ f a I 3` p_h A r/ t_h l i S i s E d,I t_h I s D @ f a I 3` p_h A r/ t_h i S i s E d
L2_arctic_WAV/BWC_arctic_a0078,D E n @ n d { t_h s V p_h 3` h i t_h r/ a I d t_h u f { D @ m h 3`,d E n @ n { s s V p_h 3` h i t_h r/ a I d t_h u f { D @ m h 3`
L2_arctic_WAV/BWC_arctic_a0079,I t_h w O z @ l A r/ dZ k_h @ n u,I t_h w O s @ l A r/ S k_h A n o U
L2_arctic_WAV/BWC_arctic_a0081,h w V t_h I f S i d I d n t_h k_h V m t_h u D V r/ A k_h,h w V t_h i f S i d i d E N k_h V m t_h u r/ A k_h
L2_arctic_WAV/BWC_arctic_a0082,h I z f e I s w V z s t_h r/ i m I N w I T b l V d,h i s f e I s w V s s t_h i m i N w I T b l A d
L2_arctic_WAV/BWC_arctic_a0085,@ t_h r/ I k_h @ l V v f r/ E S b l V d r/ { n o U v 3` h I z f e I s,@ t_h r/ i k_h o U O f f r/ E S b l V d r/ { n o U w 3` h i s f e I s
L2_arctic_WAV/BWC_arctic_a0086,d E T h { d k_h V m w I T t_h E r/ @ b @ l s V d @ n n @ s,d { T h { k_h k_h V m w I T t_h E r/ @ b @ s V d @ n n @ s
L2_arctic_WAV/BWC_arctic_a0088,h i m e I d S U r/ D { t_h D @ m { g @ z i n w O z l o U d I d @ n d r/ i z u m d h I z p_h { d @ l I N,S i m e I d S U r/ d { t_h d @ m { g s i n w O s l O d I d @ n d r/ i s u m d h i s p_h { d @ l i N
L2_arctic_WAV/BWC_arctic_a0089,D @ n a I t_h g l o U w V z t_h r/ E tS 3` @ s t_h u S u t_h b a I,d @ n { t_h g o U w V s t_h r/ i tS 3` @ s t_h u S u t_h b a I
L2_arctic_WAV/BWC_arctic_a0090,D @ s I N I N v O I s @ p_h r/ o U tS t_h r/ { p_h @ d l i,d @ s I N i N w O I s @ p_h r/ o U tS t_h r/ { p_h @ d l i
L2_arctic_WAV/BWC_arctic_a0091,h I z b l V d g r/ u h A t_h w I T r/ e I dZ { t_h D @ T O t_h,h i s b l V d g r/ u h A t_h w I T r/ { tS { t_h d @ T O t_h
L2_arctic_WAV/BWC_arctic_a0092,h i w E n t_h d a U n I n m I d s t_h r/ i m s 3` tS I N D @ S { d o U z V v b o U T S O r/ z,h i w E n t_h d a U n I n m i d s t_h i m s @ tS i N d @ S { d o U s O f b o U T S O r/ s
L2_arctic_WAV/BWC_arctic_a0093,f O r/ @ f U l m I n I t_h h i k_h r/ a U tS t_h @ n d l I s @ n d,f O @ f U m i n i t_h h i k_h r/ a U tS t_h @ n d l I s @ n d
L2_arctic_WAV/BWC_arctic_a0094,h i h { d b E r/ l i E n t_h 3` d D I s w E n h i s O D V g l o U V v @ f a I r/,h i h { d b E r/ l i E n t_h 3` d d i s w E N h i s O d V g l o U O f @ f a I @
L2_arctic_WAV/BWC_arctic_a0095,@ b I g k_h { n v @ s t_h E n t_h w O z D @ f 3` s t_h T I N t_h u k_h V m w I T I n h I z v I Z @ n,@ b i g k_h { n w @ s t_h { n t_h w O s d @ f 3` s t_h T i N t_h u k_h V m w I T i N h i s w i Z @ n
L2_arctic_WAV/BWC_arctic_a0096,p_h 3` h { p_h s S i h { d O r/ E d i m E t_h h 3` f e I t_h @ l I t_h @ l d i p_h 3` I n D V f O r/ @ s t_h,p_h 3` h { t_h s S i h { d O r/ { d i m i t_h h 3` f e I s @ l i t_h @ d i p_h 3` I n d V f O r/ @ s t_h
L2_arctic_WAV/BWC_arctic_a0097,D E n j u k_h { n 3` e I n dZ j 3` s E l f k_h V m f 3` t_h @ b l i @ m V N D i z r/ o U b z I n D @ b o U,d E n j u k_h { n 3` i n tS j 3` s E l f k_h V m f 3` t_h b @ l i @ m V n d i s r/ o U b s I n d @ b o U
L2_arctic_WAV/BWC_arctic_a0098,S { l a I k_h { r/ i j u,S { w a I k_h { r/ i j u
L2_arctic_WAV/BWC_arctic_a0099,@ m { d @ n I N dZ O I p_h a U n d I d I n h I z b r/ e I n,@ m { n d @ n i N dZ O I p_h A n d I d I N h i s b r/ i n
L2_arctic_WAV/BWC_arctic_a0100,j u m V s t_h s l i p_h h i 3` dZ d,j u m A s s l i b S h i 3` tS t_h
L2_arctic_WAV/BWC_arctic_a0101,j u j u w U d n A t_h k_h i p_h D @ t_h r/ u T f r/ V m m i,j u j u U d n A t_h k_h i p_h d @ t_h r/ u T f r/ O m m i
L2_arctic_WAV/BWC_arctic_a0102,h i w I l f A l o U V s s u n,h i w I w f A l o U A s s U n
L2_arctic_WAV/BWC_arctic_a0103,b V t_h D E r/ k_h e I m n o U p_h r/ A m @ s f r/ V m D @ b o U V v D @ k_h @ n u,b V t_h d E r/ k_h e I m n o U p_h r/ A m @ s f r/ V m d @ b o U O f d @ k_h { n o U
L2_arctic_WAV/BWC_arctic_a0104,S i w V z s l i p_h I N V n d 3` h I z p_h 3` t_h E k_h S @ n { z s w i t_h l i { z @ tS a I l d,S i w V z s l i p_h I N { n d 3` h i s p_h 3` t_h { k_h S @ n { s s w i t_h @ l i { s @ tS { w d
L2_arctic_WAV/BWC_arctic_a0105,o U n l i I t_h I z s o U w V n d 3` f @ l s o U O l m o U s t_h I m p_h A s @ b @ l t_h u b I l i v,o U N l i I t_h I z s o U w O N d 3` f @ s o U O m o U s I m p_h A s @ b @ w t_h u b I l i p_h
L2_arctic_WAV/BWC_arctic_a0106,D @ i m o U S @ n w I tS S i h { d s @ p_h r/ E s t_h b 3` s t_h f O r/ T n a U I n @ tS o U k_h I N s A b,d @ i m o U S @ n w i tS S i h { d s @ p_h r/ { s t_h b r/ V s t_h f O r/ T n a U I n d @ S O k_h I N s A b
L2_arctic_WAV/BWC_arctic_a0107,I f j u o U n l i k_h U d n o U h a U a I T { N k_h j u,i f j u o U N l @ i k_h u d n o U h a U a I T { N k_h j u
L2_arctic_WAV/BWC_arctic_a0108,h i w e I d I d I n t_h u D @ E dZ V v D V w O t_h 3` { n d b i g { n s k_h r/ V b I N h I m s E l f,h i w { d I d I n t_h u d @ { dZ O f d V w O t_h 3` { n d b i g { n s k_h r/ V b I N h i m s E w f
L2_arctic_WAV/BWC_arctic_a0109,d u j u n o U D { t_h j u A r/ S e I k_h I N m a I k_h A n f @ d @ n s I n j u,d u j u n o U d { t_h j u A S e I k_h I N m a I k_h O n f @ d @ n I err n j u
L2_arctic_WAV/BWC_arctic_a0111,I n s t_h E d h i dZ O I n d h 3` { n d D e I e I t_h l a I k_h t_h u h V N g r/ i tS I l d r/ @ n,I n s t_h { d h i dZ O I n d h 3` { n d d e I e I t_h l a I k_h t_h u h V N g r/ i tS I w d r/ @ n
L2_arctic_WAV/BWC_arctic_a0112,h i w V z w u n d @ d I n D @ A r/ m,h i w V s w O n d 3` d I n d @ A r/ m
L2_arctic_WAV/BWC_arctic_a0113,a I s @ p_h o U z j u p_h I k_h t_h D { t_h l I N g o U V p_h @ m V N D @ I n d i @ n z,a I s @ p_h o U s j u p_h i k_h t_h d { t_h l I N g o U V p_h @ m V N d @ I n d i @ n s
L2_arctic_WAV/BWC_arctic_a0115,h i h { d n o U I k_h s k_h j u z f O r/ D V f i l I N z w I tS w 3` 3` a U z d I n h I m,h i h { d n o U I k_h s k_h j u s f O r/ d V f i l I N s w i tS w 3` 3` a U z d i N h i m
L2_arctic_WAV/BWC_arctic_a0116,I t_h w V z D @ r/ A n d I v u V v D o U z h u w 3` s t_h r/ a I v I N t_h u w 3` k_h h I z r/ u @ n,i t_h w V s d @ r/ { n d I w u O f d o U s h u w 3` s t_h r/ i v i N t_h u w 3` k_h h i s r/ u @ n
L2_arctic_WAV/BWC_arctic_a0117,S i { d I d w I T dZ E n j @ w @ n s I m p_h @ T i I n h 3` f e I s @ n d v O I s,S i { d I d w I T dZ i n i @ n s I m p_h @ T i i N h 3` f e I s @ n d w O I s
L2_arctic_WAV/BWC_arctic_a0120,m a I r/ a I t_h f U t_h f i l z l a I k_h D { t_h V v @ tS a I n i z d E b j @ t_h A n t_h,m a I r/ a I f u t_h f i w s l a I k_h d { t_h O f @ tS a I n i z d E b j @ t_h E n t_h
L2_arctic_WAV/BWC_arctic_a0121,D e I e I t_h d I n 3` { t_h D @ f I T @ n d r/ E s t_h I d f O r/ t_h u a U r/ z,d e I e I t_h d I n 3` { t_h d @ f I T @ n d r/ { s t_h I d f O r/ t_h u a U r/ s
L2_arctic_WAV/BWC_arctic_a0122,t_h u j I r/ z @ g o U a I g e I v V p_h s I v @ l I z e I S @ n f O r/ D I s,t_h u j I r/ s @ g o U a I g e I v V p_h s I v @ l I s @ n f O d I s
L2_arctic_WAV/BWC_arctic_a0123,S i h { d d a I d f r/ V m k_h o U l d @ n d s t_h A r/ v e I S @ n,S i h { d d a I d f r/ V m k_h o U d @ n d s t_h A r/ w e I S @ n
L2_arctic_WAV/BWC_arctic_a0125,h i w V z d I t_h 3` m @ n d n a U t_h u m e I n t_h e I n @ m O r/ s 3` t_h @ n h o U l d @ p_h A n h I m s E l f,h i w V z d I t_h 3` m i n n a U t_h u m e I n t_h e I N @ m O s 3` t_h @ n h o U w d @ p_h A n h I m s E w f
L2_arctic_WAV/BWC_arctic_a0126,i tS d e I S i b i k_h e I m @ m O r/ v a I t_h @ l p_h A r/ t_h V v h I m,i tS d e I S i b i k_h e I m @ m O r/ w { t_h @ w p_h A r/ t_h O f h i m
L2_arctic_WAV/BWC_arctic_a0127,I t_h w V z @ t_h E m t_h e I S @ n b V t_h h i r/ i z I s t_h I d I t_h,I w V s @ t_h { m p_h @ t_h e I S @ n b V h i r/ i s I s t_h I d I t_h
L2_arctic_WAV/BWC_arctic_a0128,D I s w V n h o U p_h w O z d I s t_h r/ O I d { z k_h w I k_h l i { z I t_h w O z b O r/ n,d I s w A n h o U p_h w O s d i s t_h r/ O I d { s k_h w I k_h l i { s I w O s b O r/ n
L2_arctic_WAV/BWC_arctic_a0129,h 3` f e I s w O z @ g E n s t_h h I z b r/ E s t_h,h 3` f e I s w O s @ g E n s t_h h i s b r/ { s t_h
L2_arctic_WAV/BWC_arctic_a0130,S i w V z h I z n a U f 3` E v 3`,S i w V s h i s n a U f 3` { w 3`
L2_arctic_WAV/BWC_arctic_a0131,f I l I p_h h { d d I l I v 3` d h I m s E l f T r/ u D @ m e I l s t_h r/ @ m,err err err err err h { d d I l I w 3` d h I m s E w f T r/ u d @ m e I w s t_h @ r/ m
L2_arctic_WAV/BWC_arctic_a0134,h i o U b e I d D V p_h r/ E S 3` V v h 3` h { n d,h i o U b e I t_h d V p_h r/ { S 3` O f h 3` h A n t_h
L2_arctic_WAV/BWC_arctic_a0136,@ b a U t_h h I m E v r/ i w E r/ w 3` D @ E v @ d @ n s @ z V v l V g Z 3` i { n d V v e I dZ,@ b a U t_h h i m { w r/ i w E r/ w 3` d @ { w @ d @ n s O f l V g tS 3` i { n d O f e I tS
L2_arctic_WAV/BWC_arctic_a0137,D E n h i s t_h E p_h t_h b { k_h w I T @ l o U k_h r/ a I V v p_h l E Z 3`,d E n h i s t_h E p_h t_h I t_h b { k_h w I T @ l o U k_h r/ a I O f p_h l { Z 3`
L2_arctic_WAV/BWC_arctic_a0139,h i t_h o U l d h I m s E l f D { t_h { z h i w A S t_h h I m s E l f @ n d g r/ u m d h I z d I S E v @ l d k_h l o U D z,h i t_h o U w d h I m s E w f d { t_h { s h i w A S t_h h I m s E w f @ n d g r/ u m d h i s d I S { v @ w d k_h l o U T I s
L2_arctic_WAV/BWC_arctic_a0225,a I w V z b r/ O t_h V p_h D @ w e I m o U s t_h g 3` l z I n h @ w a I i A r/ b r/ O t_h V p_h,A w V s b r/ O t_h V t_h @ w e I m O s g 3` l s I n h @ w a I i A b r/ O t_h V p_h
L2_arctic_WAV/BWC_arctic_a0245,a U t_h V v h I z e I t_h i n h V n d 3` d h i l e I d @ s a I d s I k_h s t_h i n h V n d 3` d i tS j I r/,a U t_h V f h I s e I t_h i h V n d 3` d h i l a I d @ s a I d s I k_h s t_h i h V n d 3` i tS j I r/
L2_arctic_WAV/BWC_arctic_a0335,r/ E d a I s w V N b { k_h { n d f O r/ T A n D @ b r/ { n tS f A r/ D 3` d a U n,r/ E d a I s w V m b { k_h { n f O s A n d @ b r/ { n tS f A D 3` d a U n
L2_arctic_WAV/BWC_arctic_a0434,@ h { f @ k_h e I s V v t_h @ b { k_h o U w V z w 3` T T r/ i p_h a U n d z,@ h { f @ k_h e I s V f t_h @ b e I k_h O w V s w 3` T T r/ i p_h A n d s
L2_arctic_WAV/BWC_arctic_a0459,D E r/ z t_h u m V tS V v D @ s k_h u l b O I I n m i,d E r/ s t_h u m V tS V f d @ s k_h u l b O I I m m i
L2_arctic_WAV/BWC_arctic_a0515,b V t_h h i r/ @ m V N s t_h A r/ s E l v z l E t_h V s s p_h i k_h a U t_h,b V h i r/ @ m V N g @ s a U s E l f f l E D V s s p_h i k_h a U t_h
L2_arctic_WAV/BWC_arctic_a0519,s V tS { n { k_h t_h w V z I n d I r/ E k_h t_h v a I @ l e I S @ n V v D @ l O z V v D @ l { n d,s V tS { { k_h t_h w V s I n d I r/ E k_h S @ v a I @ l e I S @ n V f d @ l O s V f d @ l { n d
L2_arctic_WAV/BWC_arctic_a0536,h i w U d d I s t_h r/ O I O l T I N z D { t_h 3` f I k_h s t_h,h i w U d d I s t_h r/ O I O T I N s T { t_h 3` f I h s t_h
L2_arctic_WAV/BWC_arctic_a0549,d u j u n o U D { t_h w i w e I E v r/ i p_h a U n d V v k_h o U l w i b 3` n,d u j U n O D { U w @ w e I E v r/ i p_h A n V f k_h o U w i b 3` n
L2_arctic_WAV/BWC_arctic_a0571,h i h { d f 3` g A t_h @ n t_h u b I l d @ f a I 3` { n d T O a U t_h,h I h { v f 3` g A T @ n t_h u b I w d @ f a I 3` { s O a U err
L2_arctic_WAV/BWC_arctic_a0575,D E r/ w 3` @ n t_h E n i m I S @ n z { n d h i w O z D @ m { n t_h u n o U,d E l w @ n t_h E n i m I S @ n s { n h i w O s @ m { n t_h u n o U
L2_arctic_WAV/BWC_arctic_a0576,@ n d D @ b I g p_h 3` Z @ n n j u V v h I z I g z I s t_h @ n s b i f O r/ h i d I d V v h 3` z,@ n D @ b I p_h 3` Z @ n n j u V f h I s I g z I s t_h @ n s b i f O l h i d I V f h 3` s
L2_arctic_WAV/BWC_arctic_b0004,h w E n a I k_h { n t_h s i b j u t_h i I n w U m @ n a I w A n t_h t_h I d a I,h w E n a I k_h { n s i b j u err i I n w u m @ n a I w A n t_h I d a I
L2_arctic_WAV/BWC_arctic_b0026,j u h { v @ s o U S i e I t_h @ d w I T s V m V v D i z m E n,j u h { v @ s o U S i e I t_h @ d w I T s V m V v d I s m E n
L2_arctic_WAV/BWC_arctic_b0048,h i l U k_h t_h l a I k_h h w V n h u h { d p_h { s t_h T r/ u @ n @ n k_h V m f 3` t_h @ b @ l a U r/ O r/ t_h u,h i l U g d A g w V n h u h { d p_h { s T r/ u @ @ n k_h V n f 3` @ b @ l a U r/ O r/ t_h u
L2_arctic_WAV/BWC_arctic_b0074,j E t_h b I h a I n d D E m D E r/ w V z @ n V D 3` { n d m O r/ p_h a U 3` f @ l m o U t_h I v,j E b I h A n d E m d E l w V s @ n V D 3` { n m O s p_h a U 3` f @ l m o U t_h I
L2_arctic_WAV/BWC_arctic_b0075,I n D { t_h k_h e I s h i k_h U d n A t_h m I s D E m I f h i j u z d k_h O S @ n,I n D { k_h E s h i w U n A m I s D E m I f h i j u z k_h o U S @ n
L2_arctic_WAV/BWC_arctic_b0140,D e I E dZ d n I r/ 3` { n d s t_h U d S o U l d 3` t_h u S o U l d 3` f e I s I N D E r/ w 3` l d,d E E S d n I r/ 3` { n s t_h U d S O d 3` t_h u S O d 3` f e I s I N d E r/ w 3` l d
L2_arctic_WAV/BWC_arctic_b0142,s V m T I N v { s t_h l i m O r/ T r/ I l I N h { d k_h V m I n t_h u I t_h n a U,s V m T I N w { s l i m O T r/ I l i h { d k_h V m I n t_h u I n a U
L2_arctic_WAV/BWC_arctic_b0165,h i p_h U l d { n d D @ l O g k_h r/ { S t_h d a U n t_h u b r/ e I k_h h I z b { k_h,h i p_h U l d { n d @ l E k_h r/ { S t_h d A n t_h u b r/ E k_h h I s b { k_h
L2_arctic_WAV/BWC_arctic_b0185,j O r/ b i I N r/ E k_h t_h h i r/ h { z b I n @ g A d s E n d t_h u m i,j O r/ b i I N r/ E k_h t_h h i r/ h { s b I n @ g O err s E n t_h u m i
L2_arctic_WAV/BWC_arctic_b0189,D { t_h I z w V t_h d I s t_h I N g w I S I z O l V v V s f r/ V m D @ l o U 3` { n @ m @ l z,d { t_h I z w V d I s t_h I N g w I S I t_h O l V f V s f r/ V m d @ l o U E s E { n @ m @ l s
L2_arctic_WAV/BWC_arctic_b0203,@ m V n T I n O s t_h r/ e I l j @ w U d f I n I S m i,@ m V n T I a U s t_h r/ E l I @ w U f I n I S m i
L2_arctic_WAV/BWC_arctic_b0251,D e I m V s t_h h { v b I n s w E p_h t_h @ w e I b a I D @ k_h e I A t_h I k_h k_h 3` @ n t_h s,d E m V s h { w b I n s w E p_h t_h @ w e I b A D @ k_h { A t_h I k_h k_h 3` @ n t_h s
L2_arctic_WAV/BWC_arctic_b0282,s V m V v D @ s m O l 3` v e I n z h { d d a U t_h l @ s b I n r/ V p_h tS 3` d,s V m V f d @ s m O l 3` v E n s h { d d a U err l @ s b I n r/ V p_h tS 3`
L2_arctic_WAV/BWC_arctic_b0288,w i w U d n A t_h s p_h E n d @ n V D 3` s V tS n a I t_h,w i w U n A s p_h E n d { n V D 3` s V tS n A t_h
L2_arctic_WAV/BWC_arctic_b0323,k_h r/ I k_h @ t_h s b I g { n t_h u tS 3` p_h @ n d m O r/ g i s { n d d V k_h s f l u o U v 3` h E d,k_h r/ I k_h i s b I g { n t_h u tS 3` k_h @ n m O g r/ i s { n d d V k_h s f E w o U v 3` h { d
L2_arctic_WAV/BWC_arctic_b0358,D @ t_h E m p_h r/ @ tS 3` d r/ A p_h t_h t_h u f I f t_h i b I l o U z I r/ o U @ n d r/ i m e I n d D E r/ D @ h o U l t_h r/ I p_h,d @ t_h { m p_h r/ @ tS 3` d r/ A p_h t_h u f I f t_h i b I l o U s I r/ o U @ n d r/ i m a I n d d E r/ d @ h o U w t_h r/ i p_h
L2_arctic_WAV/BWC_arctic_b0366,a I f 3` g A t_h h a U i z @ l i a I h { d t_h O t_h m a I s E l f f r/ V m D V p_h r/ I n t_h I d p_h e I dZ,a I f @ g A t_h h a U i z @ l i a I h { d t_h O t_h m a I s E w f f r/ V m d V p_h r/ I n t_h I d p_h e I tS
L2_arctic_WAV/BWC_arctic_b0380,h i h { d p_h i l d O f h I z S 3` t_h @ n d w O z w a I l d l i w e I v I N I t_h,h i h { d p_h i w d O f h i s S 3` t_h @ n d w O s w I l d l i w e I w I N I t_h
L2_arctic_WAV/BWC_arctic_b0385,l { s t_h n a I t_h h i S o U d O l D V s I m p_h t_h @ m z V v k_h V m I N d a U n w I T n u m o U n j @,l { s n a I n h i S o U d O l d V s I m p_h t_h @ m @ s O f k_h O m I N d a U w I T n j u m o U n j @
L2_arctic_WAV/BWC_arctic_b0393,a I w V z s t_h I l w i k_h f r/ V m m a I p_h r/ @ l O N d I m 3` Z @ n,a I w V s s t_h I w w i k_h f r/ V m m a I p_h @ l O N d I m 3` Z @ n
L2_arctic_WAV/BWC_arctic_b0400,h a U k_h U d a I { n s 3` D @ k_h w E s tS @ n A n D @ s p_h 3` r/ V v D V m o U m @ n t_h,h a U k_h U d a I { n s 3` d @ k_h w E tS @ n A n @ s p_h E r/ V f d V m o U m @ n t_h
L2_arctic_WAV/BWC_arctic_b0402,{ n O l t_h r/ u I s t_h I k_h { k_h t_h I z { n { k_h t_h p_h 3` f O r/ m d f O r/ D V w E l f E r/ V v V D 3` z,{ n { l t_h r/ u I s t_h I k_h { k_h t_h I s { n { k_h t_h p_h 3` f O r/ m I n s f O r/ d V w E l f E r/ O f V D 3` s
L2_arctic_WAV/BWC_arctic_b0415,D E r/ w @ z n V T I N f O r/ V s b V t_h D V w a I d r/ A o U S @ n,d E r/ w @ s n V T I N f O V s b V t_h d V w a I d r/ A o U S @ n
L2_arctic_WAV/BWC_arctic_b0416,a I 3` o U z o U b i d i @ n t_h l i { n d w E n t_h d a U n D @ b i tS,a I 3` o U z o U b i d i @ n s l i { n d w E n t_h d a U n d @ b i tS
L2_arctic_WAV/BWC_arctic_b0418,{ t_h D { t_h m o U m @ n t_h a I g A t_h D @ I m p_h r/ E S @ n D { t_h S i w O z w I l @ w i,{ t_h d { t_h m o U m @ n a I g A t_h d @ I m p_h r/ E S I p_h d { t_h S i w O s w I w r/ @ r/ i
L2_arctic_WAV/BWC_arctic_b0422,D I s w O z h w E n D i I k_h s p_h l o U Z @ n @ k_h 3` d,d I s w O s h w E n d i I k_h s p_h o U S @ n @ k_h 3` d
L2_arctic_WAV/BWC_arctic_b0430,D e I w 3` b { b l I N { n d tS { t_h 3` I N O l t_h @ g E D 3`,d e I w 3` b { b l I N { n d tS { t_h 3` I N O t_h @ g E D 3`
L2_arctic_WAV/BWC_arctic_b0456,h i w V z @ n { m f I b i @ n { n d @ m a U n t_h I n I r/,h i w V s @ { f I b i @ n { n d @ m V N t_h I n I r/
L2_arctic_WAV/BWC_arctic_b0461,b a I v 3` tS u V v D { t_h p_h a U 3` w i S { l r/ i m e I n I n p_h a U 3`,b a I w 3` tS u O f d { t_h p_h a U 3` w i S { l r/ i m e I n I n p_h a U 3`
L2_arctic_WAV/BWC_arctic_b0465,b V t_h s V tS d a I v 3` dZ @ n s V v @ p_h I n j @ n w U d k_h A n s t_h @ t_h u t_h n o U m E n @ s t_h @ s @ s a I @ t_h i,b V t_h s V s d a I w 3` dZ @ n s O f O p_h I n j e I U d k_h A n s I s @ n n o U m E n { s t_h @ s @ s a I 3` t_h i
L2_arctic_WAV/BWC_arctic_b0476,D @ r/ i O r/ g @ n @ z e I S @ n V v D i z k_h V n t_h r/ i z t_h U k_h D V f O r/ m V v r/ E v @ l u S @ n,d @ r/ i O g @ n @ z e I S @ n V f d i s k_h V n t_h r/ i s t_h U k_h d V f O r/ m V f r/ { v @ l u S @ n
L2_arctic_WAV/BWC_arctic_b0479,v a I @ l e I S @ n V v D I s l A w V z m e I d @ h a I m I s d @ m i n 3` { n d p_h V n I S t_h @ k_h O r/ d I N l i,v a I @ l e I S @ n O f d I s l A w V s m e I d @ h a I m I s d @ m i n 3` { n d p_h V n I S t_h @ k_h O r/ d I N l i
L2_arctic_WAV/BWC_arctic_b0481,D @ t_h { s k_h w i s E t_h a U 3` s E l v z w O z T r/ i f o U l d,d @ t_h { s w i s E t_h a U 3` s E v s w O s T r/ i f o U d
L2_arctic_WAV/BWC_arctic_b0483,D V f l a U 3` V v D @ A r/ t_h I s t_h I k_h { n d I n t_h @ l E k_h tS u @ l w 3` l d w 3` r/ E v @ l u S @ n I s t_h s,d V f l a U 3` O f d @ A r/ t_h I s t_h I k_h { n d I n t_h @ l E k_h tS u @ l w 3` l d w 3` r/ E v @ l u S @ n I s t_h
L2_arctic_WAV/BWC_arctic_b0488,b i O n d r/ I f j u z I N t_h @ s E l V s f u d D e I l E f t_h V s t_h u A r/ s E l v z,b i O n r/ I f j u z I N t_h @ s E w V s f u d d e I l E f t_h V s t_h u A s E l f s
L2_arctic_WAV/BWC_arctic_b0509,h i h { d f U l f I l d h I z d u t_h i { n d p_h e I d p_h r/ A p_h 3` l i,h i h { d f U w f I w d h i s d u t_h i { n d p_h e I d p_h r/ A p_h 3` l i
L2_arctic_WAV/BWC_arctic_b0527,D @ v E r/ i a I d i @ V v I t_h w O z p_h r/ I p_h A s t_h r/ @ s,d @ w { r/ i a I d i @ O f I w O s p_h r/ i p_h A s t_h r/ i @ s
L2_arctic_WAV/BWC_arctic_b0531,a I m S U r/ I t_h m V s t_h h { v b I n s V m @ d v E n tS 3`,{ m S U I m A s t_h h { b b I n s V m @ d w { n tS 3`
L2_arctic_WAV/LXC_arctic_a0003,f r/ 3` D @ t_h w E n t_h i I T t_h a I m D { t_h i v n I N D @ t_h u m E n S U k_h h { n z,f r/ 3` D @ t_h w A n t_h i I s t_h a I m d { t_h i v @ n I N l @ t_h u m E n S O k_h h E n s
L2_arctic_WAV/LXC_arctic_a0005,w I l w i E v 3` f 3` g E t_h I t_h,w I w w i { v @ f 3` g E t_h i t_h
L2_arctic_WAV/LXC_arctic_a0006,g A d b l E s @ m a I h o U p_h a I l g o U O n s i I N D E m f 3` E v 3`,g A d b l E s m a I h o U p_h a I w I w g o U O n s i I N D E m f @ { v @
L2_arctic_WAV/LXC_arctic_a0007,{ n d j u O l w i z w A n t_h t_h @ s i I t_h I n D @ s U p_h 3` l @ t_h I v d I g r/ i,{ n d j u O l w i z w A n t_h t_h @ s i I t_h I N n @ s U p_h @ l a I t_h I p_h d I g r/ i
L2_arctic_WAV/LXC_arctic_a0008,g { d j U r/ l E t_h 3` k_h e I m dZ V s t_h I n t_h a I m,g { d j U l { t_h 3` k_h e I m dZ V s I N t_h a I m
L2_arctic_WAV/LXC_arctic_a0010,a I m p_h l e I I N @ s I N g @ l h { n d I n w V t_h l U k_h s l a I k_h @ l u z I N g e I m,a I m p_h l e I I N @ s I N g o U h { n I N w V t_h l U k_h l A s @ l u s I N g e I N
L2_arctic_WAV/LXC_arctic_a0011,I f a I E v 3` n i d I d @ f a I t_h 3` I n m a I l a I f a I n i d w V n n a U,I f a I { w @ n i d I d @ f a I t_h @ I N m a I l a I f a I n i d w V n n a U
L2_arctic_WAV/LXC_arctic_a0013,h i w V z @ h E d S O r/ t_h 3` D { n h I z k_h @ m p_h { n j @ n V v O l m o U s t_h d E l @ k_h @ t_h f @ z i k_h,h i w V s @ h { d S O t_h @ l { n h i s k_h @ m p_h { n j @ n V v O m o U s t_h d E l @ k_h @ t_h f i s i k_h
L2_arctic_WAV/LXC_arctic_a0018,D E r/ w V z @ tS e I n dZ n a U,D E @ w V s @ tS e I n tS n a U
L2_arctic_WAV/LXC_arctic_a0019,a I f A l o U d D @ l a I n V v D V p_h r/ @ p_h o U z d r/ e I l r/ o U d l U k_h I N f O r/ tS { n s I z,a I f A l o U d D @ l @ l a I n V v l V p_h r/ O p_h r/ o U s t_h r/ e I w r/ o U d l U k_h I N f O tS { n s I s
L2_arctic_WAV/LXC_arctic_a0020,k_h l V b z @ n d b O l z { n d s I t_h i z g r/ u t_h @ b i o U n l i m E m 3` i z,k_h l V p_h s @ n @ b O s { n @ s i t_h i s g r/ u t_h @ b i O N l i m { m 3` i s
L2_arctic_WAV/LXC_arctic_a0021,I t_h f E r/ l i k_h l V b d m i I n t_h u r/ E k_h @ g n a I z I N I t_h,I t_h f E l i k_h l V b d m i I n t_h u r/ E k_h @ g n a I s I N i t_h
L2_arctic_WAV/LXC_arctic_a0022,h A r/ d l i w 3` a U r/ p_h l { n z m e I d p_h V b l I k_h b i f O r/ w i w 3` m E t_h b a I p_h a U 3` f @ l A p_h @ z I S @ n,h A r/ d @ l i w @ a U @ p_h l { n s m e I d p_h V b l i k_h b i f O w i w @ m E t_h b a I p_h a U @ f o U A p_h s i S @ n
L2_arctic_WAV/LXC_arctic_a0023,@ k_h A m b @ n e I S @ n V v k_h @ n e I d i @ n k_h { p_h @ t_h @ l k_h w I k_h l i O r/ g @ n a I z d { n d p_h @ t_h I S @ n d f O r/ D @ s e I m p_h r/ I v I l I dZ I z,@ k_h A m b n e I S @ N O v k_h @ n e I d i @ n k_h { p_h t_h @ w k_h w I k_h l i O g @ n a I s { n d @ p_h { t_h I S @ n f O @ D @ s i m p_h r/ I v i l i dZ i s
L2_arctic_WAV/LXC_arctic_a0024,I t_h w V z m a I r/ I p_h O r/ t_h s f r/ V m D @ n O r/ T w I tS tS i f l i I n d u s t_h p_h i p_h @ l t_h u b a I,I t_h w V s m a I r/ I p_h O t_h s f r/ V m D @ n O r/ s w i tS tS i f l i i n d u s t_h p_h i p_h @ w t_h u b a I
L2_arctic_WAV/LXC_arctic_a0025,a I w V z @ b a U t_h t_h @ d u D I s w E n k_h u l 3` dZ V dZ m @ n t_h p_h r/ i v e I l d,a I w V s @ b a U t_h t_h @ d u l i s w { n k_h u l @ dZ V tS m @ n p_h r/ i w e I l d
L2_arctic_WAV/LXC_arctic_a0026,I t_h @ k_h 3` d t_h u m i D { t_h D E r/ w U d h { v t_h u b i @ n @ k_h a U n t_h I N,i t_h @ k_h @ d t_h u m i D { t_h d E w U d h { f t_h u b i @ N @ k_h V n t_h I N
L2_arctic_WAV/LXC_arctic_a0027,t_h u m a I s @ p_h r/ a I z h i b i g { n t_h u S o U { k_h tS @ w @ l I n T u z i { z @ m I n m a I f e I v 3`,t_h u m a I s @ p_h r/ a I s h i b i g { n t_h u S o U { k_h tS @ w @ I n s u s i { s @ m I N m a I f e I w @
L2_arctic_WAV/LXC_arctic_a0028,r/ A b 3` i b r/ a I b 3` i f r/ O d,r/ A b 3` i b r/ a I b 3` i f r/ O d
L2_arctic_WAV/LXC_arctic_a0029,D E r/ f O r/ s I z w 3` O l r/ E d i m u v I N I n t_h u D @ n O r/ T k_h V n t_h r/ i,d E @ f O s I s w @ O r/ E d i m u v I N i N t_h u l @ n O s k_h V N t_h r/ i
L2_arctic_WAV/LXC_arctic_a0030,a I h { d f e I T I n D E m,a I h { d f e I s I N l E m
L2_arctic_WAV/LXC_arctic_a0031,D e I w 3` T r/ i h V n d r/ @ d j A r/ d z @ p_h A r/ t_h,d e I w @ s r/ i h V n d r/ @ d j A d s @ p_h A t_h
L2_arctic_WAV/LXC_arctic_a0032,s I n s D E n s V m m I s t_h I r/ i @ s f O r/ s h { z b I n f a I t_h I N V s { t_h E v r/ i s t_h E p_h,s i N s s E n s V m m I s t_h I r/ i @ s f O s h { s b I N f a I n t_h I N A s { t_h { w r/ i s t_h E p_h
L2_arctic_WAV/LXC_arctic_a0036,S i t_h 3` n d I n { t_h D @ h o U t_h E l,S i t_h @ n I N { t_h @ l @ h o U t_h E w
L2_arctic_WAV/LXC_arctic_a0037,a I w V z D @ o U n l i w V n h u r/ I m e I n d s I t_h I N,a I w V s D @ O N l i w V N h u r/ I m e I n d s i t_h i N
L2_arctic_WAV/LXC_arctic_a0038,w i l h { v t_h u w A tS a U r/ tS { n s I z,w i w I w h { t_h u w A tS a U @ tS A n s I s
L2_arctic_WAV/LXC_arctic_a0039,D @ S I p_h S U d b i I n w I T I n @ w i k_h 3` t_h E n d e I z,l @ S i p_h S U d b i i N w i s i N @ w i k_h O t_h E n d e I s
L2_arctic_WAV/LXC_arctic_a0040,a I s @ p_h o U z j u w V n d 3` w a I S i I z k_h V m I N V p_h h i r/,a I s @ p_h o U s j u w O n d @ w a I S i I s k_h A m I N V p_h h i @
L2_arctic_WAV/LXC_arctic_a0041,m i n w a I l a I l g o U a U t_h t_h u b r/ i D @ s p_h E l,m i N w a I w a I w i w g o U a U t_h t_h u b r/ E s @ s p_h E w
L2_arctic_WAV/LXC_arctic_a0042,h a U k_h U d h i I k_h s p_h l e I n h I z p_h @ z E S @ n V v D @ s k_h E tS,h a U k_h U d h i i s p_h l e I n h i s p_h @ s E S @ n V f l @ s k_h E tS
L2_arctic_WAV/LXC_arctic_a0045,h i m u v d @ w e I { z k_h w a I @ t_h l i { z h i h { d k_h V m,h i m u f d @ w e I { s k_h w a I @ t_h l i { s h i h { d k_h A m
L2_arctic_WAV/LXC_arctic_a0046,D @ g 3` l f e I s t_h h I m h 3` a I z S a I n I N w I T s V d @ n f I r/,l @ g @ w f e I s t_h h i m h @ a I s S a I n I N w i s s V d @ n f I @
L2_arctic_WAV/LXC_arctic_a0047,k_h l o U z b i s a I d h I m g l i m d D @ w a I t_h f { N z V v D @ w U l f d O g,k_h l o U s b i s a I d h i m g l i m d d @ w a I t_h f { n s V v l @ w O f d O g
L2_arctic_WAV/LXC_arctic_a0048,h i l U k_h t_h { t_h D @ h { N k_h 3` tS i f m O r/ k_h l o U s l i,h i l u k_h @ { t_h @ l @ h { n k_h @ tS i f m O k_h l o U s l i
L2_arctic_WAV/LXC_arctic_a0051,D @ l e I s w O z V v @ d E l @ k_h @ t_h a I v 3` i k_h V l 3` f e I n t_h l i t_h I n t_h I d w I T j E l o U,l @ l e I s w O s V f @ d { l @ k_h @ t_h a I w 3` i k_h V l @ f e I n t_h @ l i t_h i N t_h I d w I s j E l o U
L2_arctic_WAV/LXC_arctic_a0052,I t_h w V z @ k_h j U r/ i @ s k_h o U I n s I d @ n s,I t_h @ w V s @ k_h j U r/ i @ s k_h o U I N s i d @ n s
L2_arctic_WAV/LXC_arctic_a0053,s V d @ n l i h I z f I N g 3` z k_h l o U z d t_h a I t_h l i o U v 3` D @ h { N k_h 3` tS i f,s V d @ n l i h i s f I N g @ s k_h l o U s t_h t_h a I t_h @ l i o U w @ l @ h { N k_h @ tS i f
L2_arctic_WAV/LXC_arctic_a0054,D E r/ w V z n V T I N O n D @ r/ A k_h,D E r/ w V s n V s I N O N l @ r/ A k_h
L2_arctic_WAV/LXC_arctic_a0058,a I k_h e I m f O r/ I n f 3` m e I S @ n m O r/ a U t_h V v k_h j U r/ i A s @ t_h i D { n E n i T I N E l s,a I k_h e I m f O @ I N f @ m e I S @ n m O @ a U t_h V f k_h j U r/ i @ s @ t_h i l { n E n i s I N E w s
L2_arctic_WAV/LXC_arctic_a0059,h I z I m { k_h j u l I t_h @ p_h I r/ @ n s w @ z g O n,h i s I m { k_h j u l I t_h @ p_h I r/ @ n s w @ s g O N
L2_arctic_WAV/LXC_arctic_a0060,E n i w e I n o U w V n s O h 3` l a I k_h D { t_h,{ n i w e I n o U w V N s O h @ l a I k_h D { t_h
L2_arctic_WAV/LXC_arctic_a0062,D @ m E n s t_h E r/ d I n t_h u i tS V D 3` z f e I s,d @ m E n s t_h E @ d i N t_h u i tS V l @ s f e I s
L2_arctic_WAV/LXC_arctic_a0063,j E s I t_h w @ z @ m { n h u { s k_h t_h @ s t_h r/ e I n dZ 3`,j E s I t_h @ w @ s @ m { N h u { s k_h t_h @ s t_h r/ e I n dZ @
L2_arctic_WAV/LXC_arctic_a0064,D @ f O r/ T { n d f I T d e I z p_h { s t_h w I T a U t_h E n i d I v E l @ p_h m @ n t_h s,l @ f O s { n d f i s d e I s p_h { s t_h @ w i s a U t_h { n i d I v E l @ p_h m @ n t_h s
L2_arctic_WAV/LXC_arctic_a0065,D e I k_h l o U z d n a U @ n t_h I l h I z f I N g 3` z w 3` l a I k_h k_h O r/ d z V v s t_h i l,d e I k_h l o U s t_h n a U @ n t_h I w h I s f I N g @ s w @ l { k_h k_h O t_h s V f s t_h i w
L2_arctic_WAV/LXC_arctic_a0067,S U r/ l i a I w @ l I k_h s k_h j u z j u S i k_h r/ a I d,S U l i a I w @ w I s k_h j u s j u S i k_h r/ a I d
L2_arctic_WAV/LXC_arctic_a0071,w V t_h w V z D @ @ b dZ E k_h t_h V v j O r/ l I t_h @ l s E n s e I S @ n,w V t_h @ w V s l @ @ p_h @ dZ E k_h V f j O @ l i t_h @ w s { n s e I S @ n
L2_arctic_WAV/LXC_arctic_a0073,D @ p_h r/ @ m o U t_h 3` z a I z w 3` h E v i w I T l I t_h @ l p_h V f i b { g z V n d 3` D @ m,l @ p_h r/ o U m o U t_h @ s a I s w @ h { v i w i s l i t_h @ w p_h A f i b { g s A n d @ l @ m
L2_arctic_WAV/LXC_arctic_a0075,D E r/ h { z b I n @ tS e I n dZ S i I n t_h 3` V p_h t_h I d h I m,D E @ h { s b I N @ tS e I n tS S i i n t_h 3` V p_h t_h I d h i m
L2_arctic_WAV/LXC_arctic_a0076,D @ g r/ e I a I z f A l t_h 3` d D @ f l V S d i p_h @ n d,l @ g r/ e I a I s f O t_h @ d d @ f l V S d i p_h @ n d
L2_arctic_WAV/LXC_arctic_a0077,I t_h I z D @ f a I r/ p_h A r/ t_h l i S i s E d,i t_h i s s @ f a I @ p_h A t_h @ l i S i s E d
L2_arctic_WAV/LXC_arctic_a0078,D E n { t_h s V p_h 3` h i t_h r/ a I d t_h u f { D @ m h 3`,D E n { t_h s V p_h 3` h i t_h r/ a I t_h u f { D @ m h 3`
L2_arctic_WAV/LXC_arctic_a0079,I t_h w @ z @ l A r/ dZ k_h @ n u,I t_h w @ s @ l A tS k_h E n u
L2_arctic_WAV/LXC_arctic_a0081,h w V t_h I f S i d I d n A t_h k_h V m t_h I D @ r/ A k_h,w V t_h I f S i d I d @ n k_h V m t_h @ @ r/ A k_h
L2_arctic_WAV/LXC_arctic_a0082,h I z f e I s w V z s t_h r/ i m I N w I T b l V d,h I z f e I s w V z s t_h r/ i m I N w I T b l V
L2_arctic_WAV/LXC_arctic_a0085,@ t_h r/ I k_h @ l V v f r/ E S b l V d r/ { n o U v 3` h I z f e I s,@ t_h r/ I k_h V v f r/ E S b l V r/ { n o U v 3` h I s f e I s
L2_arctic_WAV/LXC_arctic_a0086,d E T h { d k_h V m w I T t_h E r/ @ b @ l s V d @ n n @ s,d E s h { d k_h V m w I s t_h E r/ @ b @ l s V d @ n n I s
L2_arctic_WAV/LXC_arctic_a0088,h i m e I d S U r/ D { t_h D @ m { g @ z i n w V z l o U d I d { n d r/ i z u m d h I z p_h { d @ l I N,h i m e I S U r/ D { D @ m { g @ z i n w V z l o U d I { n d r/ i s u m d h I s p_h { d @ l I N
L2_arctic_WAV/LXC_arctic_a0089,D @ n a I t_h g l o U w V z t_h r/ E tS 3` @ s t_h u S u t_h b a I,D @ n a I t_h g l o U w V s t_h r/ E tS 3` @ s t_h u S V b a I
L2_arctic_WAV/LXC_arctic_a0090,D @ s I N I N v O I s @ p_h r/ o U tS t_h r/ { p_h @ d l i,D @ s I N I N w O I s @ p_h r/ A tS d r/ { p_h I d l i
L2_arctic_WAV/LXC_arctic_a0091,h I z b l V d g r/ u h A t_h w I T r/ e I dZ { t_h D @ T O t_h,h I z b l V d g r/ u h A t_h w I T r/ e I dZ { t_h @ r/ T O t_h
L2_arctic_WAV/LXC_arctic_a0092,h i w E n t_h d a U n I n m I d s t_h r/ i m s 3` tS I N D @ S { d o U z V v b o U T S O r/ z,h i w E n d A n I n m I s t_h r/ i m s 3` tS I N D @ S { d O z V v b o U T S A s
L2_arctic_WAV/LXC_arctic_a0093,f O r/ @ f U l m I n @ t_h h i k_h r/ a U tS t_h { n d l I s @ n d,f O @ f U l m I n I t_h h i k_h r/ A tS t_h { n @ l I s @ n d
L2_arctic_WAV/LXC_arctic_a0094,h i h { d b E r/ l i E n t_h 3` d D I s w E n h i s O D @ g l o U V v @ f a I 3`,h i h { d b E l i E n t_h 3` d d l I s w E h i s O l @ g l o U V f @ f a I 3`
L2_arctic_WAV/LXC_arctic_a0095,@ b I g k_h { n v @ s t_h E n t_h w V z D @ f 3` s t_h T I N t_h u k_h V m w I T I n h I z v I Z @ n,@ b I k_h { n v @ s t_h E n w V s d @ f 3` s T I N t_h u k_h V m w I T I n h I s v I Z @ n
L2_arctic_WAV/LXC_arctic_a0096,p_h 3` h { p_h s S i h { d O r/ E d i m E t_h h 3` f e I t_h @ l I t_h @ l d i p_h 3` I n D @ f O r/ I s t_h,p_h 3` h { p_h s S i h { d O r/ E d i m E t_h h @ f e I t_h @ l I t_h @ d i p_h 3` I n D @ f O r/ I s t_h
L2_arctic_WAV/LXC_arctic_a0097,D E n j u k_h { n 3` e I n dZ j 3` s E l f k_h V m f 3` t_h @ b l i @ m V N D i z r/ o U b z I n D V b o U,D E n j u k_h { n 3` e I n dZ j O s E l f k_h O m f 3` t_h @ b l i @ m V N D i z r/ A b z I n D V b O
L2_arctic_WAV/LXC_arctic_a0098,S { l a I k_h E r/ i j u,S { a I k_h E r/ i j u
L2_arctic_WAV/LXC_arctic_a0099,@ m { d n I N dZ O I p_h a U n d I d I n h I z b r/ e I n,@ m { n d I N dZ O I p_h A n d I d I n h I s b r/ e I n
L2_arctic_WAV/LXC_arctic_a0100,j u m V s t_h s l i p_h h i 3` dZ d,j u m V s s l i p_h h i 3` dZ
L2_arctic_WAV/LXC_arctic_a0101,j u j u w U d n A t_h k_h i p_h D @ t_h r/ u T f r/ V m m i,j u j u w U d n A k_h i p_h p_h @ t_h r/ u T f r/ V m m i
L2_arctic_WAV/LXC_arctic_a0102,h i w I l f A l o U V s s u n,h i w I l f O l V V s s u
L2_arctic_WAV/LXC_arctic_a0103,b V t_h D E r/ k_h e I m n o U p_h r/ A m @ s f r/ V m D @ b o U V v D @ k_h @ n u,b V D E @ k_h e I m n o U p_h r/ O m a I s f r/ V m l @ b o U V v err @ k_h @ n u
L2_arctic_WAV/LXC_arctic_a0104,S i w V z s l i p_h I N V n d 3` h I z p_h r/ @ t_h E k_h S @ n { z s w i t_h l i { z @ tS a I l d,S i w V z s l i p_h I N V n d @ h I z p_h r/ @ t_h E k_h S @ n { z s w i t_h l i { z @ tS a I l
L2_arctic_WAV/LXC_arctic_a0105,o U n l i I t_h I z s o U w V n d 3` f @ l s o U O l m o U s t_h I m p_h A s @ b @ l t_h u b I l i v,o U n l i I t_h I z s o U w O n d 3` f @ s O O m O s t_h I m p_h A s @ b @ l t_h u b I l i v
L2_arctic_WAV/LXC_arctic_a0106,D @ I m o U S @ n w I tS S i h { d s @ p_h r/ E s t_h b 3` s t_h f O r/ T n a U I n @ tS o U k_h I N s A b,D @ I m o U S @ n w I tS S i h { d s @ p_h r/ E s t_h @ b 3` s t_h f O T n A I n @ tS A k_h I N s A
L2_arctic_WAV/LXC_arctic_a0107,I f j u o U n l i k_h U d n o U h a U a I T { N k_h j u,I f j u o U n l i k_h U n o U h A a I T { N k_h j u
L2_arctic_WAV/LXC_arctic_a0108,h i w e I d I d I n t_h u D @ E dZ V v D V w O t_h 3` { n d b i g { n s k_h r/ V b I N h I m s E l f,h i w e I d I d I n t_h u D @ E dZ V v D V w O t_h @ { n d b i g { n s k_h r/ V b I N h I m s E l f
L2_arctic_WAV/LXC_arctic_a0109,d u j u n o U D @ t_h j u A r/ S e I k_h I N m a I k_h A n f @ d @ n s I n j u,d u j u n O D @ j u A S E k_h I N m a I k_h O n f @ d @ n s I n j u
L2_arctic_WAV/LXC_arctic_a0111,I n s t_h E d h i dZ O I n d h 3` { n d D e I e I t_h l a I k_h t_h u h V N g r/ i tS I l d r/ @ n,I n s t_h E d h i dZ O I n d h @ { n d D e I { t_h l a I k_h t_h u h V N g r/ i tS I l d r/ @
L2_arctic_WAV/LXC_arctic_a0112,h i w V z w u n d I d I n D @ A r/ m,h i w V z w u n d I d I n D @ A m
L2_arctic_WAV/LXC_arctic_a0113,a I s @ p_h o U z j u p_h I k_h t_h D { t_h l I N g o U V p_h @ m V N D @ I n d i @ n z,a I s @ p_h O s j u p_h I k_h l { l l I N g O V p_h @ m V N l @ I n d i @ s
L2_arctic_WAV/LXC_arctic_a0115,h i h { d n o U I k_h s k_h j u s f O r/ D @ f i l I N z h w I tS w 3` 3` a U z d I n h I m,h i h { d n o U I k_h s k_h j u s f O @ l @ f i l I N s w I tS w @ 3` A z I n h I m
L2_arctic_WAV/LXC_arctic_a0116,w V z I t_h D @ r/ A n d I v u V v D o U z h u w 3` s t_h r/ a I v I N t_h u w 3` k_h h I z r/ u I n,w V z I t_h t_h @ r/ A n d I v u s V v D O z h u w @ s t_h r/ a I v I N t_h u w @ k_h h I z l u I n
L2_arctic_WAV/LXC_arctic_a0117,S i { d I d w I T dZ E n j u w a I n s I m p_h @ T i I n h 3` f e I s { n d v O I s,S i { d I w I s dZ E n err I w s I m p_h @ T i I n h @ f e I s { n d v O I s
L2_arctic_WAV/LXC_arctic_a0120,m a I r/ a I t_h f U t_h f i l z l a I k_h D { t_h V v @ tS a I n i z d E b j @ t_h A n t_h,m a I r/ a I t_h f U t_h f i l z l a I k_h D { t_h V v @ tS a I n i z d E b u t_h E n t_h
L2_arctic_WAV/LXC_arctic_a0121,D e I e I t_h d I n 3` { t_h D @ f I f T { n d r/ E s t_h I d f O r/ t_h u a U 3` z,D e I { t_h d I n @ { t_h D 3` f I f s { n d r/ E s t_h I d f O @ t_h u a U 3` s
L2_arctic_WAV/LXC_arctic_a0122,t_h u j I r/ z @ g o U a I g e I v V p_h s I v @ l I z e I S @ n f r/ 3` D I s,t_h u j I @ z @ g o U a I g i v V p_h s I v @ l a I z e I S @ n f r/ l I s
L2_arctic_WAV/LXC_arctic_a0123,S i h { d d a I d f r/ V m k_h o U l d { n d s t_h A r/ v e I S @ n,S i h { d d a I d f r/ O m k_h O l d { n @ s t_h A v e I S @ n
L2_arctic_WAV/LXC_arctic_a0125,h i w @ z d I t_h 3` m @ n d n a U t_h u m e I n t_h e I n @ m O r/ s 3` t_h @ n h o U l d @ p_h A n h I m s E l f,h i w @ z d I t_h @ m @ n n a U t_h u m e I n t_h e I n @ m O s 3` t_h @ n h O l @ p_h A n h I m s E l f
L2_arctic_WAV/LXC_arctic_a0126,i tS d e I S i b i k_h e I m @ m O r/ v a I t_h @ l p_h A r/ t_h V v h I m,i tS d e I S i b i k_h e I m @ m O v a I t_h @ l p_h A t_h V f h i m
L2_arctic_WAV/LXC_arctic_a0127,I t_h w V z @ t_h E m t_h e I S @ n b V t_h h i r/ i z I s t_h I d I t_h,I t_h w V z @ t_h E m t_h e I S @ n b V t_h h i r/ i s I s t_h I d i t_h
L2_arctic_WAV/LXC_arctic_a0128,D I s w V n h o U p_h w V z d I s t_h r/ O I d { z k_h w I k_h l i { z I t_h w @ z b O r/ n,d I s w V n h O p_h w V z d I s t_h r/ O I d { z k_h w I k_h l i { z t_h w @ s b O n
L2_arctic_WAV/LXC_arctic_a0129,h 3` f e I s w V z @ g E n s t_h h I z b r/ E s t_h,h @ f e I s w V z @ g E n s t_h h I z b r/ E s t_h
L2_arctic_WAV/LXC_arctic_a0130,S i w V z h I z n a U f 3` E v 3`,S i w V s h I s n a U f 3` E v 3`
L2_arctic_WAV/LXC_arctic_a0131,p_h r/ A v @ d @ n s h { d d I l I v 3` d h I m T r/ u D @ m e I l s t_h r/ @ m,p_h r/ A v @ d @ n s h { d I l I v 3` d h I m T O l @ m e I l s t_h r/ O m
L2_arctic_WAV/LXC_arctic_a0134,h i o U b e I d D @ p_h r/ E S 3` V v h 3` h { n d,h i V b e I d d @ p_h r/ E S @ V v h @ h { n
L2_arctic_WAV/LXC_arctic_a0136,@ b a U t_h h I m E v r/ i w E r/ w 3` D @ E v @ d @ n s @ z V v l V g Z 3` i { n d V v e I dZ,@ b A t_h h I E v r/ i v E l w @ D @ { v @ d @ n s I z V v l V k_h Z 3` i { n V v e I tS
L2_arctic_WAV/LXC_arctic_a0137,D E n h i s t_h E p_h t_h b { k_h w I T @ l o U k_h r/ a I V v p_h l E Z 3`,D E h i s t_h E p_h t_h b { k_h w I T @ l o U k_h r/ a I V v p_h r/ E S @
L2_arctic_WAV/LXC_arctic_a0139,h i t_h o U l d h I m s E l f D @ t_h { z h i w A S t_h h I m s E l f { n d g r/ u m d h I z d I S E v @ l d k_h l o U z,h i t_h o U d h I m s E l f D l E { s h i w A S t_h h I m s E l f { n @ g r/ u m d h I s d I S E l @ f d k_h l o U s
L2_arctic_WAV/LXC_arctic_a0225,a I w V z b r/ O t_h V p_h D @ w e I m o U s t_h g 3` l z I n h @ w a I i A r/ b r/ O t_h V p_h,a I w V s b r/ O t_h A p_h d @ w e I m o U s t_h g 3` s I N h @ w a I A b r/ O t_h A p_h
L2_arctic_WAV/LXC_arctic_a0245,a U t_h V v h I z e I t_h i n h V n d r/ @ d h i l e I d @ s a I d s I k_h s t_h i n h V n d r/ @ d i tS j I r/,a U t_h V v h I z e I t_h i N h V N d r/ I h i l e I d @ s a I d s I k_h s t_h i N h V N d r/ I i tS j I r/
L2_arctic_WAV/LXC_arctic_a0335,r/ E d a I s w V N b { k_h { n d f O r/ T O n D @ b r/ { n tS f A r/ D 3` d a U n,r/ E t_h a I s w V m b { k_h { n d @ f O T O N l @ b r/ { n tS f A D 3` d O N
L2_arctic_WAV/NCC_arctic_a0003,f r/ 3` D @ t_h w E n t_h i @ T t_h a I m D { t_h i v n I N D @ t_h u m E n S U k_h h { n z,f r/ 3` d @ t_h w E n t_h i @ T t_h a I m d { t_h i v l I N d @ t_h u m E n S U k_h h { n s
L2_arctic_WAV/NCC_arctic_a0005,w I l w i E v 3` f 3` g E t_h I t_h,w I w w i E v 3` f 3` g E t_h I t_h
L2_arctic_WAV/NCC_arctic_a0006,g A d b l E s @ m a I h o U p_h a I l g o U A n s i I N D E m f 3` E v 3`,g A d b l E s @ m a I h o U p_h a I l g o U A n s i I N d E m f 3` E v 3`
L2_arctic_WAV/NCC_arctic_a0007,{ n d j u O l w i z w A n t_h t_h I s i I t_h I n D @ s U p_h 3` l @ t_h I v d I g r/ i,{ n d j u O w i s w A n t_h t_h I s i I t_h I n d @ s U p_h 3` l e I t_h I v d I g r/ i
L2_arctic_WAV/NCC_arctic_a0008,g { d j O r/ l E t_h 3` k_h e I m dZ V s t_h I n t_h a I m,g { d j O r/ l E t_h 3` k_h e I m dZ V s t_h I N t_h a I m
L2_arctic_WAV/NCC_arctic_a0010,a I m p_h l e I I N @ s I N g @ l h { n d I n w V t_h l U k_h s l a I k_h @ l u z I N g e I m,a I m p_h l e I I N @ s I N g @ w h { n d I n w V t_h l U k_h s l a I k_h @ l u z I N g e I m
L2_arctic_WAV/NCC_arctic_a0011,I f a I E v 3` n i d I d @ f a I t_h 3` I n m a I l a I f a I n i d w V n n a U,I f a I E v 3` n i d I d @ f a I t_h 3` I n m a I l a I f a I n i d w V n n a U
L2_arctic_WAV/NCC_arctic_a0013,h i w V z @ h E d S O r/ t_h 3` D { n h I z k_h @ m p_h { n j @ n V v O l m o U s t_h d E l @ k_h @ t_h f @ z i k_h,h i w V z @ h E d S O r/ t_h 3` D { n h I z k_h @ m p_h { n j @ n O v O l m o U s t_h d E l @ k_h e I t_h f @ z I k_h
L2_arctic_WAV/NCC_arctic_a0018,D E r/ w V z @ tS e I n dZ n a U,d E r/ w V z @ tS e I n dZ n a U
L2_arctic_WAV/NCC_arctic_a0019,a I f A l o U d D @ l a I n V v D V p_h r/ @ p_h o U z d r/ e I l r/ o U d l U k_h I N f O r/ tS { n s I z,a I f A l o U d @ d @ l a I n V v d V p_h r/ @ p_h o U z d r/ e I w r/ o U d l U k_h I N f O r/ tS { n s I s
L2_arctic_WAV/NCC_arctic_a0020,k_h l V b z { n d b O l z { n d s I t_h i z g r/ u t_h u b i o U n l i m E m 3` i z,k_h l { b s { n d b O s { n d s I l i s g r/ u t_h u b i o U N l i m E m 3` i z
L2_arctic_WAV/NCC_arctic_a0021,I t_h f E r/ l i k_h l V b d m i I n t_h u r/ E k_h @ g n a I z I N I t_h,I t_h f E r/ l i k_h l A b d m i I n t_h u r/ E k_h O g n a I z I N I t_h
L2_arctic_WAV/NCC_arctic_a0022,h A r/ d l i w 3` A r/ p_h l { n z m e I d p_h V b l I k_h b i f O r/ w i w 3` m E t_h b a I p_h a U 3` f @ l A p_h @ z I S @ n,h A r/ d @ l i w 3` A r/ p_h l { n s m e I d p_h A b l I k_h b i f O r/ w i w 3` m E t_h b a I p_h a U 3` f @ l A p_h @ z I S @ n
L2_arctic_WAV/NCC_arctic_a0023,@ k_h A m b @ n e I S @ n V v k_h @ n e I d i @ n k_h { p_h @ t_h @ l k_h w I k_h l i O r/ g @ n a I z d { n d p_h @ t_h I S @ n d f O r/ D @ s e I m p_h r/ I v I l I dZ I z,@ k_h A m b @ n e I S @ n V v k_h @ l e I d i @ n k_h { p_h @ t_h @ w k_h w I k_h l i O r/ g @ n a I s t_h { n d p_h @ t_h I S @ n d f O r/ d @ s I m p_h r/ I v I l I dZ I s
L2_arctic_WAV/NCC_arctic_a0024,I t_h w V z m a I r/ I p_h O r/ t_h s f r/ V m D @ n O r/ T w I tS tS i f l i I n d u s t_h p_h i p_h @ l t_h u b a I,I t_h w V z m a I r/ I p_h O r/ t_h s f r/ V n d @ n O r/ T w I tS tS I f l i I n d u s t_h p_h i p_h @ t_h u b a I
L2_arctic_WAV/NCC_arctic_a0025,a I w V z @ b a U t_h t_h I d u D I s h w E n k_h u l 3` dZ V dZ m @ n t_h p_h r/ I v e I l d,a I w V z @ b a U t_h t_h I d u d I s h w E n k_h u d 3` dZ V dZ m @ n t_h p_h r/ I v e I l t_h
L2_arctic_WAV/NCC_arctic_a0026,I t_h @ k_h 3` d t_h I m i D { t_h D E r/ w U d h { v t_h u b i { n @ k_h a U n t_h I N,I t_h @ k_h 3` d t_h I m i d { t_h D E r/ U d h { v t_h u b i { n @ k_h O n t_h I N
L2_arctic_WAV/NCC_arctic_a0027,t_h u m a I s @ p_h r/ a I z h i b i g { n t_h u S o U { k_h S @ l I n T u z i { z @ m I n m a I f e I v 3`,t_h u m a I s @ p_h r/ a I z h i b i g { n t_h u S o U { k_h S @ w I n s u d i { z @ m I n m a I f e I v 3`
L2_arctic_WAV/NCC_arctic_a0028,r/ A b 3` i b r/ a I b 3` i f r/ O d,r/ A b 3` i b r/ a I b 3` i f r/ O d
L2_arctic_WAV/NCC_arctic_a0029,D E r/ f O r/ s I z w 3` O l r/ E d i m u v I N I n t_h u D i n O r/ T k_h V n t_h r/ i,d E r/ f O r/ s I s w 3` O l r/ E d i m u v I N I n t_h u d i n O r/ t_h k_h A n t_h r/ i
L2_arctic_WAV/NCC_arctic_a0030,a I h { d f e I T I n D @ m,a I h { d f e I t_h I n D @ m
L2_arctic_WAV/NCC_arctic_a0031,D e I w 3` T r/ i h V n d r/ @ d j A r/ d z @ p_h A r/ t_h,d e I w 3` T r/ i h V n d r/ e I j A r/ d s @ p_h A r/ t_h
L2_arctic_WAV/NCC_arctic_a0032,s I n s D E n s V m m I s t_h I r/ i @ s f O r/ s h { z b I n f a I t_h I N V s { t_h E v r/ i s t_h E p_h,s i n s d E N s V m m I s t_h I r/ i @ s f O r/ s h { z b i n f a I t_h I N V s { t_h E v r/ i s t_h E p_h
L2_arctic_WAV/NCC_arctic_a0036,S i t_h 3` n d I n { t_h D @ h o U t_h E l,S i t_h 3` n d i N { t_h l @ h o U t_h E w
L2_arctic_WAV/NCC_arctic_a0037,a I w V z D @ o U n l i w V n h u r/ I m e I n d s i t_h I N,a I w V z d @ o U n l i w V N h u r/ I m e I n d s I t_h I N
L2_arctic_WAV/NCC_arctic_a0038,w I l h { v t_h u w A tS A r/ tS { n s I z,w I w h { v t_h u w @ tS A r/ tS { n s I s
L2_arctic_WAV/NCC_arctic_a0039,D @ S I p_h S U d b i I n w I T I n @ w i k_h O r/ t_h E n d e I z,d @ S I p_h S U d b i i N w I T i N @ w i k_h O r/ t_h E n d e I s
L2_arctic_WAV/NCC_arctic_a0040,a I s @ p_h o U z j u w V n d 3` w a I S i I z k_h V m I N V p_h h i r/,a I s @ p_h o U z j u w V n d 3` w a I S i I z k_h V m i N V p_h h i r/
L2_arctic_WAV/NCC_arctic_a0041,m i n w a I l a I l g o U a U t_h t_h u b r/ i D @ s p_h E l,m i N w a I w a I w g o U a U t_h t_h u b r/ E D @ s p_h E w
L2_arctic_WAV/NCC_arctic_a0042,h a U k_h U d h i I k_h s p_h l e I n h I z p_h @ z E S @ n V v D @ s k_h E tS,h a U k_h U d h i I k_h s p_h r/ e I n h I z p_h @ z E S @ n V v D @ s k_h E tS
L2_arctic_WAV/NCC_arctic_a0045,h i m u v d @ w e I { z k_h w a I @ t_h l i { z h i h { d k_h V m,h i m u v d @ w e I { s k_h w I k_h l i { z h i h { d k_h V m
L2_arctic_WAV/NCC_arctic_a0046,D @ g 3` l f e I s t_h h I m h 3` a I z S a I n I N w I T s V d @ n f I r/,d @ g 3` l f E s t_h h I m h 3` a I z S I n I N w I s s V d @ n f I r/
L2_arctic_WAV/NCC_arctic_a0047,k_h l o U s b i s a I d h I m g l i m d D V w a I t_h f { N z V v D @ w U l f d O g,k_h r/ o U s b i s a I d h I m g l i m d d V w a I t_h f { N z V v d @ U l f d O k_h
L2_arctic_WAV/NCC_arctic_a0048,h i l U k_h t_h { t_h D @ h { N k_h 3` tS I f m O r/ k_h l o U s l i,h i l U k_h t_h { t_h d @ h { N k_h 3` tS I f m O r/ k_h l o U s l i
L2_arctic_WAV/NCC_arctic_a0051,D @ l e I s w O z V v @ d E l @ k_h @ t_h a I v 3` i k_h V l 3` f e I n t_h l i t_h I n t_h I d w I T j E l o U,d @ l { s w O z V v @ d E l @ k_h e I t_h a I v 3` i k_h V l 3` f e I n t_h ah) l i t_h i N t_h w I s j E l o U
L2_arctic_WAV/NCC_arctic_a0052,I t_h w V z @ k_h j U r/ i @ s k_h o U I n s I d @ n s,I t_h w V z @ k_h j U r/ @ s k_h o U I n s I d @ n s
L2_arctic_WAV/NCC_arctic_a0053,s V d @ n l i h I z f I N g 3` z k_h l o U z d t_h a I t_h l i o U v 3` D @ h { N k_h 3` tS i f,s 3` t_h @ n i h I z f I N g 3` z k_h r/ o U z d t_h A t_h l i o U v 3` d @ h { N k_h 3` tS i f
L2_arctic_WAV/NCC_arctic_a0054,D E r/ w @ z n V T I N A n D @ r/ A k_h,d E r/ w @ z n V t_h I N A n d @ r/ o U k_h
L2_arctic_WAV/NCC_arctic_a0058,a I k_h e I m f O r/ I n f 3` m e I S @ n m O r/ a U t_h V v k_h j U r/ i A s @ t_h i D { n E n i T I N E l s,a I k_h e I m f O r/ I n f 3` m e I S @ n m O r/ a U t_h V v k_h j U r/ i E s @ t_h i d { n E n i t_h I N E l s
L2_arctic_WAV/NCC_arctic_a0059,h I z I m { k_h j u l I t_h @ p_h I r/ @ n s w @ z g O n,h I s i m { k_h j u l e I t_h @ p_h I r/ @ n s w @ s g O n
L2_arctic_WAV/NCC_arctic_a0060,E n i w e I n o U w V n s O h 3` l a I k_h D { t_h,E n i w e I n o U w V n s O h 3` l a I k_h d { t_h
L2_arctic_WAV/NCC_arctic_a0062,D @ m E n s t_h E r/ d I n t_h u i tS V D 3` z f e I s,d @ m E n s t_h E r/ d I n t_h u i tS V D 3` s f e I s
L2_arctic_WAV/NCC_arctic_a0063,j E s I t_h w O z @ m { n h u { s k_h t_h @ s t_h r/ e I n dZ 3`,j E s I t_h w O s @ m { n h u A s k_h t_h @ s t_h r/ e I n dZ 3`
L2_arctic_WAV/NCC_arctic_a0064,D @ f O r/ T { n d f I f T d e I z p_h { s t_h w I T a U t_h E n i d I v E l @ p_h m @ n t_h s,d @ f O r/ T { n d f I f d e I p_h A s t_h w I t_h a U t_h E n i d I v E l @ p_h m @ n t_h s
L2_arctic_WAV/NCC_arctic_a0065,D e I k_h l o U z d n a U @ n t_h I l h I z f I N g 3` z w 3` l a I k_h k_h O r/ d z V v s t_h i l,d e I k_h l o U s t_h n a U @ n t_h I w h I z f i N g 3` s w 3` l a I k_h k_h O r/ d z V v s t_h I w
L2_arctic_WAV/NCC_arctic_a0067,S U r/ l i a I w I l I k_h s k_h j u z j u S i k_h r/ a I d,S U r/ l i a I w I w I k_h s k_h j u s j u S i k_h r/ a I t_h
L2_arctic_WAV/NCC_arctic_a0071,h w V t_h w V z D V A b dZ E k_h t_h V v j O r/ l I t_h @ l s E n s e I S @ n,h w V t_h w V z d V A b dZ E k_h t_h V v j O r/ l i t_h @ w s E n s e I S @ n
L2_arctic_WAV/NCC_arctic_a0073,D @ p_h r/ @ m o U t_h 3` z a I z w 3` h E v i w I D l I t_h @ l p_h V f i b { g z V n d 3` D E m,d @ p_h r/ @ m o U t_h 3` z a I s w 3` h E v i w i d l i t_h @ w p_h V f i b { g s V n d 3` d E m
L2_arctic_WAV/NCC_arctic_a0075,D E r/ h { z b I n @ tS e I n dZ S i I n t_h 3` V p_h t_h I d h I m,d E r/ h { z b i N @ tS e I n dZ S i I n t_h 3` V p_h t_h I d h I m
L2_arctic_WAV/NCC_arctic_a0076,D @ g r/ e I a I z f A l t_h 3` d D @ f l V S d i p_h @ n d,d @ g r/ e I a I s f { w t_h 3` d d @ f l V S d i p_h @ n d
L2_arctic_WAV/NCC_arctic_a0077,I t_h I z D @ f a I 3` p_h A r/ t_h l i S i s E d,I t_h I z d @ f a I 3` p_h A r/ t_h l i S i s E d
L2_arctic_WAV/NCC_arctic_a0078,D E n { n d { t_h s V p_h 3` h i t_h r/ a I d t_h u f { D @ m h 3`,d E n { n d { t_h s U p_h 3` h i t_h r/ a I d t_h u f { T @ m h 3`
L2_arctic_WAV/NCC_arctic_a0079,I t_h w V z @ l A r/ dZ k_h @ n u,I t_h w V z @ l A r/ dZ k_h { n u
L2_arctic_WAV/NCC_arctic_a0081,h w V t_h I f S i d I d n A t_h k_h V m t_h u D @ r/ A k_h,h w V t_h I f S i d I d n A t_h k_h V m t_h u d @ r/ A k_h
L2_arctic_WAV/NCC_arctic_a0082,h I z f e I s w @ z s t_h r/ i m I N w I T b l V d,h I z f e I s w @ z s t_h r/ i m I N w I s b l V d
L2_arctic_WAV/NCC_arctic_a0085,@ t_h r/ I k_h @ l V v f r/ E S b l V d r/ { n o U v 3` h I z f e I s,@ t_h r/ I k_h @ w V v f l { S b l V d r/ { N o U v 3` h I z f e I s
L2_arctic_WAV/NCC_arctic_a0086,d E T h { d k_h V m w I T t_h E r/ @ b @ l s V d @ n n @ s,d E s h { d k_h V m w I s t_h E r/ @ b @ w s 3` d @ n n @ s
L2_arctic_WAV/NCC_arctic_a0088,h i m e I d S U r/ D { t_h D @ m { g @ z i n w @ z l o U d I d { n d r/ i z u m d h I z p_h { d @ l I N,h i m e I d S U r/ d { t_h d @ m { g @ s i n w @ z l o U d I d { n d r/ i s u m d h I s p_h { d @ l I N
L2_arctic_WAV/NCC_arctic_a0089,D @ n a I t_h g l o U w O z t_h r/ E tS 3` @ s t_h u S u t_h b a I,d @ n A t_h g l o U w O s t_h r/ E tS 3` @ s t_h u S u t_h b a I
L2_arctic_WAV/NCC_arctic_a0090,D @ s I N I N v O I s @ p_h r/ o U tS t_h r/ { p_h @ d l i,d @ s I N w O I s @ p_h r/ o U tS t_h r/ { p_h @ d l i
L2_arctic_WAV/NCC_arctic_a0091,h I z b l V d g r/ u h A t_h w I T r/ e I dZ { t_h D @ T O t_h,h I s b l V d g r/ u h A t_h w I s r/ { d { t_h d @ T O t_h
L2_arctic_WAV/NCC_arctic_a0092,h i w E n t_h d a U n I n m I d s t_h r/ i m s 3` tS I N D @ S { d o U z V v b o U T S O r/ z,h i w E n t_h d a U n I n m I d s t_h r/ i m s 3` tS I N d @ S { l o U s V v b o U T S O r/ s
L2_arctic_WAV/NCC_arctic_a0093,f O r/ @ f U l m I n @ t_h h i k_h r/ a U tS t_h { n d l I s @ n d,f O r/ @ f U w m I n @ t_h h i k_h r/ A n tS t_h { n d @ l E s @ n d
L2_arctic_WAV/NCC_arctic_a0094,h i h { d b E r/ l i E n t_h 3` d D I s h w E n h i s O D V g l o U V v @ f a I r/,h i h { d b E r/ l i E n t_h 3` d d I s h w E n h i s O d V g l o U V v @ f a I r/
L2_arctic_WAV/NCC_arctic_a0095,@ b I g k_h { n v @ s t_h E n t_h w O z D @ f 3` s t_h T I N t_h u k_h V m w I T I n h I z v I Z @ n,@ b I g k_h { n v @ s t_h E n t_h w O z d @ f 3` s t_h T I N t_h u k_h V m w I t_h i N h I z v I Z @ n
L2_arctic_WAV/NCC_arctic_a0096,p_h 3` h { p_h s S i h { d O l r/ E d i m E t_h h 3` f e I t_h @ l I t_h @ l d i p_h 3` I n D @ f O r/ @ s t_h,p_h 3` h { p_h s S i h { d O r/ E d i m E t_h h 3` f e I t_h @ l i t_h @ d i p_h 3` I n d @ f O r/ @ s t_h
L2_arctic_WAV/NCC_arctic_a0097,D E n j u k_h { n 3` e I n dZ j 3` s E l f k_h V m f 3` t_h @ b l i @ m V N D i z r/ o U b z I n D @ b o U,d E N j u k_h { N 3` { n dZ j 3` s E l f k_h V m f 3` t_h @ b l i @ m V n d i z r/ o U p_h s i N d @ b o U
L2_arctic_WAV/NCC_arctic_a0098,S { l a I k_h E r/ i j u,S { a I k_h E r/ i j u
L2_arctic_WAV/NCC_arctic_a0099,@ m { d @ n I N dZ O I p_h a U n d I d I n h I z b r/ e I n,@ m { n d @ l I N dZ O I p_h a U n d I d i N h I s b r/ e I N
L2_arctic_WAV/NCC_arctic_a0100,j u m V s t_h s l i p_h h i 3` dZ d,j u m V s t_h s l i p_h h i 3` dZ d
L2_arctic_WAV/NCC_arctic_a0101,j u j u w U d n A t_h k_h i p_h D @ t_h r/ u T f r/ V m m i,j u j u U d n A t_h k_h i p_h d @ t_h r/ u s f r/ V m m i
L2_arctic_WAV/NCC_arctic_a0102,h i w I l f A l o U V s s u n,h i w I w f A l o U V s s u n
L2_arctic_WAV/NCC_arctic_a0103,b V t_h D E r/ k_h e I m n o U p_h r/ A m @ s f r/ V m D @ b o U V v D V k_h @ n u,b V t_h d E r/ k_h e I m n o U p_h r/ A m @ s f r/ V n d @ b o U V v d V k_h O n u
L2_arctic_WAV/NCC_arctic_a0104,S i w @ z s l i p_h I N V n d 3` h I z p_h r/ @ t_h E k_h S @ n { z s w i t_h l i { z @ tS a I l d,S i w @ z @ s l i p_h I N V N d 3` h I s p_h r/ @ t_h E k_h S @ n { z s w I t_h l i { s @ tS { w t_h
L2_arctic_WAV/NCC_arctic_a0105,o U n l i I t_h I z s o U w V n d 3` f @ l s o U O l m o U s t_h I m p_h A s @ b @ l t_h @ b I l i v,o U N l i I t_h I z s o U w V N d 3` f @ l r/ s o U O m o U s t_h I m p_h A s b @ w t_h @ b I l i p_h
L2_arctic_WAV/NCC_arctic_a0106,D @ i m o U S @ n w I tS S i h { d s @ p_h r/ E s t_h b 3` s t_h f O r/ T n a U I n @ tS o U k_h I N s A b,d @ i m o U S @ n w I tS S i h { d s @ p_h r/ E s t_h b 3` s t_h f O r/ T n a U i N @ tS o U k_h I N s o U b
L2_arctic_WAV/NCC_arctic_a0107,I f j u o U n l i k_h U d n o U h a U a I T { N k_h j u,I f j u o U N l i k_h U d n o U h a U a I T { N k_h j u
L2_arctic_WAV/NCC_arctic_a0108,h i w e I d I d I n t_h @ D i E dZ V v D i w O t_h 3` { n d b i g { n s k_h r/ V b I N h I m s E l f,h i w E d I d i N t_h @ A e I dZ V v d i w O t_h 3` { n d b i g i N s k_h r/ { b I N h I m s E w f
L2_arctic_WAV/NCC_arctic_a0109,d u j u n o U D { t_h j u A r/ S e I k_h I N m a I k_h A n f @ d @ n s I n j u,d u j u n o U d { t_h j u A S e I k_h I N m a I k_h A n f @ d @ n s I n j u
L2_arctic_WAV/NCC_arctic_a0111,I n s t_h E d h i dZ O I n d h 3` { n d D e I e I t_h l a I k_h t_h u h V N g r/ i tS I l d r/ @ n,I n s t_h { d h i dZ O I n d h 3` { n d D e I e I t_h l a I k_h t_h u h V N g r/ i tS I l d r/ @ n
L2_arctic_WAV/NCC_arctic_a0112,h i w V z w u n d I d I n D V A r/ m,h i w V z w O n d I d i n d V A r/ m
L2_arctic_WAV/NCC_arctic_a0113,a I s @ p_h o U z j u p_h I k_h t_h D { t_h l I N g o U V p_h @ m V N D @ I n d i @ n z,a I s @ p_h o U z j u p_h I k_h t_h d { t_h l I N g o U V p_h @ m a U n d @ I n d i @ n z
L2_arctic_WAV/NCC_arctic_a0115,h i h { d n o U I k_h s k_h j u z f r/ 3` D @ f i l I N z w I tS w 3` 3` a U z d I n h I m,h i h { d n o U I k_h s k_h j u z f r/ 3` d @ f i l I N z w I tS w 3` 3` a U s t_h i N h I m
L2_arctic_WAV/NCC_arctic_a0116,w V z I t_h D @ r/ A n d I v u V v D o U z h u w 3` s t_h r/ a I v I N t_h u w 3` k_h h I z r/ u I n,w V z I t_h d @ r/ A n d I v u s V v d o U s h u w 3` s t_h r/ A v I N t_h u w 3` k_h h I z r/ u i n
L2_arctic_WAV/NCC_arctic_a0117,S i { d I d w I D dZ E n j @ w @ n s I m p_h @ T i I n h 3` f e I s { n d v O I s,S i { d I d w I z dZ E n j @ w i n s I m f @ T i i N h 3` f e I s { n d @ v O I s
L2_arctic_WAV/NCC_arctic_a0120,m a I r/ a I t_h f U t_h f i l z l a I k_h D { t_h V v @ tS a I n i z d E b j @ t_h A n t_h,m a I r/ { t_h f U t_h f i w s l a I k_h d { t_h V v @ tS a I n i z d E b j @ t_h A N t_h
L2_arctic_WAV/NCC_arctic_a0121,D e I e I t_h d I n 3` { t_h D @ f I f T { n d r/ E s t_h I d f O r/ t_h u a U 3` z,d e I e I t_h d I n 3` { t_h d @ f I f { n d @ r/ E s t_h I d f O r/ d @ t_h u a U 3` s
L2_arctic_WAV/NCC_arctic_a0122,t_h u j 3` z @ g o U a I g e I v V p_h s I v @ l I z e I S @ n f r/ 3` D I s,t_h u j 3` s @ g o U a I g e I v V p_h s I v @ l I s e I S @ n f r/ 3` d I s
L2_arctic_WAV/NCC_arctic_a0123,S i h { d d a I d f r/ V m k_h o U l d { n d s t_h A r/ v e I S @ n,S i h E d d A d f r/ O N k_h o U w d { n d @ s t_h A r/ v e I S @ n
L2_arctic_WAV/NCC_arctic_a0125,h i w @ z d I t_h 3` m @ n d n a U t_h I m e I n t_h e I n @ m O r/ s 3` t_h @ n h o U l d @ p_h A n h I m s E l f,h i w @ s t_h 3` m i n d n a U t_h I m e I n t_h e I N @ m O r/ s 3` t_h @ N h o U w d @ p_h { N h I m s E w f
L2_arctic_WAV/NCC_arctic_a0126,i tS d e I S i b i k_h e I m @ m O r/ v a I t_h @ l p_h A r/ t_h V v h I m,i tS d e I S i b i k_h e I m @ m O r/ v a I t_h @ w p_h A r/ t_h V v h I m
L2_arctic_WAV/NCC_arctic_a0127,I t_h w V z @ t_h E m t_h e I S @ n b V t_h h i r/ i z I s t_h I d I t_h,I t_h w V s @ t_h E m t_h e I S @ n b V t_h h i r/ i z I s t_h I d I t_h
L2_arctic_WAV/NCC_arctic_a0128,D I s w V n h o U p_h w O z d I s t_h r/ O I d { z k_h w I k_h l i E z I t_h w O z b O r/ n,d I s w V N h o U p_h w O z d I s t_h r/ O I d { z k_h w I k_h l i E z I t_h w @ r/ b o U n
L2_arctic_WAV/NCC_arctic_a0129,h 3` f e I s w O z @ g e I n s t_h h I z b r/ E s t_h,h 3` f e I s w O z @ g e I N s t_h h I z b r/ E s t_h
L2_arctic_WAV/NCC_arctic_a0130,S i w @ z h I z n a U f 3` E v 3`,S i w @ s h I s n a U f 3` E v 3`
L2_arctic_WAV/NCC_arctic_a0131,p_h r/ A v @ d @ n s h { d d I l I v 3` d h I m T r/ u D i m e I l s t_h r/ @ m,p_h r/ A v @ d @ n s h { d @ d I l i v 3` d h I m T r/ u d i m e I w s t_h r/ @ m
L2_arctic_WAV/NCC_arctic_a0134,h i o U b e I d D V p_h r/ E S 3` V v h 3` h { n d,h i O b e I d d V p_h r/ E S 3` V v h 3` h { n d
L2_arctic_WAV/NCC_arctic_a0136,@ b a U t_h h I m E v r/ i w E r/ w 3` D @ E v @ d @ n s @ z @ v l V g Z 3` i { n d V v e I dZ,@ b a U t_h h i N E v r/ i w E r/ w 3` d @ E v @ d @ n s i s @ v l V g S 3` i { n d V v l e I tS
L2_arctic_WAV/NCC_arctic_a0137,D E n h i s t_h E p_h t_h b { k_h w I D @ l o U k_h r/ a I V v p_h l E Z 3`,d E n h i s t_h E p_h t_h @ b { k_h w I d @ l o U k_h r/ a I w V v p_h l E Z 3`
L2_arctic_WAV/NCC_arctic_a0139,h i t_h o U l d h I m s E l f D { t_h { z h i w A S t_h h I m s E l f { n d g r/ u m d h I z d I S E v @ l d k_h l o U D z,h i t_h o U w d h I m s E w f d { t_h { z h i w A S h i m s E l f { n d g r/ u m d h i s d I S e I v t_h k_h l o U t_h s
L2_arctic_WAV/ASI_arctic_a0003,f O r/ D V t_h w E n t_h i I T t_h a I m D { t_h i v n I N D @ t_h u m E n S U k_h h { n z,f O r/ d V t_h w E n t_h i I t_h t_h a I m d { t_h i v n I N d @ t_h u m E n S U k_h h A n s
L2_arctic_WAV/ASI_arctic_a0005,w I l w i E v 3` f O r/ g E t_h I t_h,w I l w i { w 3` f O r/ g E t_h I t_h
L2_arctic_WAV/ASI_arctic_a0006,g A d b l E s @ m a I h o U p_h a I l g o U O n s i I N D @ m f 3` E v 3`,g A d b l E s @ m a I h o U p_h a I l g o U O n s i I N d @ m f 3` E w 3`
L2_arctic_WAV/ASI_arctic_a0007,{ n d j u O l w i z w A n t_h t_h u s i I t_h I n D @ s U p_h 3` l @ t_h I v d I g r/ i,{ n d j u O l w i z w A n t_h t_h u s i I t_h I n d @ s U p_h 3` l e I t_h I v d I g r/ i
L2_arctic_WAV/ASI_arctic_a0008,g { d j U r/ l E t_h 3` k_h e I m dZ V s t_h I n t_h a I m,g { d j U r/ l E t_h 3` k_h e I m dZ V s t_h I n t_h a I m
L2_arctic_WAV/ASI_arctic_a0010,a I m p_h l e I I N @ s I N g @ l h { n d I n w V t_h l U k_h s l a I k_h @ l u z I N g e I m,a I m p_h l e I I N @ s I N g @ l h { n d I n w V t_h l U k_h s l a I k_h @ l u z I N g e I m
L2_arctic_WAV/ASI_arctic_a0011,I f a I E v 3` n i d @ d @ f a I t_h 3` I n m a I l a I f a I n i d w V n n a U,I f a I { w 3` n i d @ d @ f a I t_h 3` I n m a I l a I f a I n i d w V n n a U
L2_arctic_WAV/ASI_arctic_a0013,h i w V z @ h E d S O r/ t_h 3` D { n h I z k_h @ m p_h { n j @ n V v O l m o U s t_h d E l @ k_h @ t_h f @ z i k_h,h i w V z @ h E d S O r/ t_h 3` d { n h I s k_h @ m p_h { n j @ n O v O l m o U s t_h d E l @ k_h @ t_h f @ s i k_h
L2_arctic_WAV/ASI_arctic_a0018,D E r/ w O z @ tS e I n dZ n a U,d E r/ w O z @ tS e I n dZ n a U
L2_arctic_WAV/ASI_arctic_a0019,a I f A l o U d D @ l a I n V v D V p_h r/ @ p_h o U z d r/ e I l r/ o U d l U k_h I N f r/ 3` tS { n s I z,a I f A l o U d d @ l a I n V v d V p_h r/ @ p_h o U s d r/ e I r/ o U d l U k_h I N f r/ 3` tS { n s I z
L2_arctic_WAV/ASI_arctic_a0020,k_h l V b z { n d b O l z { n d s I t_h i z g r/ u w t_h u b i o U n l i m E m 3` i z,k_h l V b z { n d b O l s { n d s I t_h i z g r/ i w t_h u b i o U n l i m E m 3` i s
L2_arctic_WAV/ASI_arctic_a0021,I t_h f E r/ l i k_h l V b d m i I n t_h u r/ E k_h @ g n a I z I N I t_h,I t_h f E r/ l i k_h l A b d m i I n t_h u r/ E k_h @ g n a I z I N I t_h
L2_arctic_WAV/ASI_arctic_a0022,h A r/ d l i w 3` a U r/ p_h l { n z m e I d p_h V b l I k_h b I f O r/ w i w 3` m E t_h b a I p_h a U 3` f @ l A p_h @ z I S @ n,h A r/ d l i w 3` a U p_h l { n s m e I d p_h V b l I k_h b I f O r/ w i w 3` m E t_h b a I p_h a U 3` f @ l A p_h @ z I S @ n
L2_arctic_WAV/ASI_arctic_a0023,@ k_h A m b @ n e I S @ n V v k_h @ n e I d i @ n k_h { p_h @ t_h @ l k_h w I k_h l i O r/ g @ n a I z d { n d p_h @ t_h I S @ n d f O r/ D @ s e I m p_h r/ I v I l I dZ I z,@ k_h O m b @ n e I S @ n O v k_h @ n e I d i @ n k_h A p_h @ t_h @ l k_h w I k_h l i O r/ g @ n a I z d { n d b @ t_h i S @ n d f O r/ d @ s e I m p_h r/ I w I l I dZ I s
L2_arctic_WAV/ASI_arctic_a0024,I t_h w V z m a I r/ I p_h O r/ t_h s f r/ V m D @ n O r/ T w I tS tS i f l i I n d u s t_h p_h i p_h @ l t_h u b a I,I t_h w V z m a I r/ I p_h O r/ t_h s f r/ V m d @ n O r/ t_h w I tS tS i v l i I n d j u s t_h p_h i p_h @ l t_h u b a I
L2_arctic_WAV/ASI_arctic_a0025,a I w V z @ b a U t_h t_h @ d u D I s w E n k_h u l 3` dZ V dZ m @ n t_h p_h r/ I v e I l d,a I w V z @ b O t_h t_h @ d u d I s w E n k_h u l 3` dZ V Z m @ n t_h p_h r/ I w e I l d
L2_arctic_WAV/ASI_arctic_a0026,I t_h @ k_h 3` d t_h u m i D { t_h D E r/ w U d h { v t_h u b i { n @ k_h a U n t_h I N,I t_h @ g 3` d t_h u m i d A t_h d E r/ w U d h { v t_h u b i { n @ k_h O n t_h I N
L2_arctic_WAV/ASI_arctic_a0027,t_h u m a I s @ p_h r/ a I z h i b I g { n t_h @ S o U { k_h S @ l I n T u z i { z @ m I n m a I f e I v 3`,t_h u m a I s @ p_h r/ a I z h i b I g { n t_h @ S o U { k_h S @ l I n t_h u z i { z @ m I n m a I f e I w @
L2_arctic_WAV/ASI_arctic_a0028,r/ A b 3` i b r/ a I b 3` i f r/ O d,r/ O b 3` i b r/ a I b 3` i f r/ O d
L2_arctic_WAV/ASI_arctic_a0029,D E r/ f O r/ s I z w 3` O l r/ E d i m u v I N I n t_h u D @ n O r/ T k_h V n t_h r/ i,d E r/ f O s I s w 3` O l r/ E d i m u w I N I n t_h u d @ n O r/ t_h g V n t_h r/ i
L2_arctic_WAV/ASI_arctic_a0030,a I h { d f e I T I n D E m,a I h { d f e I t_h I n d E m
L2_arctic_WAV/ASI_arctic_a0031,D e I w 3` T r/ i h V n d r/ E d j A r/ d z @ p_h A r/ t_h,d e I w @ t_h r/ i h A n d r/ E d j A d s @ p_h A t_h
L2_arctic_WAV/ASI_arctic_a0032,s I n s D E n s V m m I s t_h I r/ i @ s f O r/ s h { z b I n f a I t_h I N V s { t_h E v r/ i s t_h E p_h,s I n s d E n s V m m I s t_h I r/ i @ s f O r/ s h { z b i n f a I t_h I N V s { t_h E w r/ i s t_h E p_h
L2_arctic_WAV/ASI_arctic_a0036,S i t_h 3` n d I n { t_h D @ h o U t_h E l,S i t_h 3` n d I n { t_h d @ h o U t_h E l
L2_arctic_WAV/ASI_arctic_a0037,a I w V z D V o U n l i w V n h u r/ I m e I n d s I t_h I N,a I w V z d V o U n l i w A n h u r/ I m e I n d s i t_h I N
L2_arctic_WAV/ASI_arctic_a0038,w I l h { v t_h u w A tS A r/ tS { n s I z,w i l h { f t_h u w A tS A tS A n s I s
L2_arctic_WAV/ASI_arctic_a0039,D @ S I p_h S U d b i I n w I D I n @ w i k_h O r/ t_h E n d e I z,d @ S I p_h S u d b i I n v I d I n @ v i k_h O r/ t_h E n d e I s
L2_arctic_WAV/ASI_arctic_a0040,a I s @ p_h o U z j u w V n d 3` w a I S i I z k_h V m I N V p_h h i r/,a I s @ b o U z j u w V n d 3` w a I S i i s g V m I N V p_h h i @
L2_arctic_WAV/ASI_arctic_a0041,m i n w a I l a I l g o U a U t_h t_h u b r/ i D @ s p_h E l,m i n w a I l a I l g o U a U t_h t_h u b r/ E d @ s p_h E l
L2_arctic_WAV/ASI_arctic_a0042,h a U k_h U d h i I k_h s p_h l e I n h I z p_h @ z E S @ n V v D @ s k_h E tS,h a U g U d h i I k_h s p_h l e I n h I s p_h @ z E S @ n O v d @ s k_h E tS
L2_arctic_WAV/ASI_arctic_a0045,h i m u v d @ w e I { z k_h w a I @ t_h l i { z h i h { d k_h V m,h i m u w d @ w e I { s k_h w a I @ t_h l i { z h i h { d g V m
L2_arctic_WAV/ASI_arctic_a0046,D @ g 3` l f e I s t_h h I m h 3` a I z S a I n I N w I T s V d @ n f I r/,d @ g @ l f e I s t_h h I m h 3` a I z S a I n I N w I t_h s V d @ n f I @
L2_arctic_WAV/ASI_arctic_a0047,k_h l o U s b I s a I d h I m g l i m d D V w a I t_h f { N z V v D @ w U l f d O g,g l o U z b I s a I d h I m g l i m d d V w a I t_h f { N s V v d @ w u l f d O k_h
L2_arctic_WAV/ASI_arctic_a0048,h i l U k_h t_h { t_h D @ h { N k_h 3` tS I f m O r/ k_h l o U s l i,h i l u k_h t_h { t_h d @ h { N k_h 3` tS I f m O r/ k_h l o U s l i
L2_arctic_WAV/ASI_arctic_a0051,D @ l e I s w A z V v @ d E l @ k_h @ t_h a I v 3` i k_h V l 3` f e I n t_h l i t_h I n t_h I d w I D j E l o U,d @ l e I s w A s O v @ d E l @ k_h @ t_h a I w 3` i g V l 3` f e I n t_h l i t_h I n t_h I d w I d j E l o U
L2_arctic_WAV/ASI_arctic_a0052,I t_h w V z @ k_h j U r/ i @ s k_h o U I n s I d @ n s,I t_h w V z @ k_h j U r/ i @ s k_h o U I n s I d E n s
L2_arctic_WAV/ASI_arctic_a0053,s V d @ n l i h I z f I N g 3` z k_h l o U z d t_h a I t_h l i o U v 3` D @ h { N k_h 3` tS I f,s A d @ n l i h i s f i N g 3` s k_h l o U s t_h t_h a I t_h l i o U w @ d @ h { N k_h 3` tS I f
L2_arctic_WAV/ASI_arctic_a0054,D E r/ w A z n V T I N O n D @ r/ A k_h,d E r/ w A z n V t_h I N O n d @ r/ A k_h
L2_arctic_WAV/ASI_arctic_a0058,a I k_h e I m f O r/ I n f O r/ m e I S @ n m O r/ a U t_h V v k_h j U r/ i A s @ t_h i D @ n E n i T I N E l s,a I g e I m f O r/ I n f O m e I S @ n m O r/ a U t_h O v k_h j U r/ i A s @ t_h i d @ n E n i t_h I N E l s
L2_arctic_WAV/ASI_arctic_a0059,h I z I m { k_h j u l I t_h @ p_h I r/ @ n s w @ z g O n,h i z I m { k_h j u l I t_h @ b I r/ @ n s w @ z g O n
L2_arctic_WAV/ASI_arctic_a0060,E n i w e I n o U w V n s O h 3` l a I k_h D { t_h,E n i w e I n o U w V n s O h @ l a I k_h d { t_h
L2_arctic_WAV/ASI_arctic_a0062,D @ m E n s t_h E r/ d I n t_h u i tS V D 3` z f e I s,d @ m E n s t_h E d I n t_h u i tS V D @ s f e I s
L2_arctic_WAV/ASI_arctic_a0063,j E s I t_h w V z @ m { n h u { s t_h @ s t_h r/ e I n dZ 3`,j E s I t_h w V z @ m { n h u A s t_h @ s t_h r/ e I n dZ @
L2_arctic_WAV/ASI_arctic_a0064,D @ f O r/ T @ n d f I T d e I z p_h { s t_h w I D a U t_h E n i d I v E l @ p_h m @ n t_h s,d @ f O t_h @ n d f I f d e I s b A s t_h w I d a U t_h E n i d E w E l O p_h m @ n t_h s
L2_arctic_WAV/ASI_arctic_a0065,D e I k_h l o U z d n a U @ n t_h I l h I z f I N g 3` z w 3` l a I k_h k_h O r/ d z V v s t_h i l,d e I g l o U z d n a U @ n t_h I l I s f I N g @ z w @ l a I k_h k_h O r/ d s O v s t_h i l
L2_arctic_WAV/ASI_arctic_a0067,S U r/ l i a I w @ l I k_h s k_h j u z j u S i k_h r/ a I d,S o U r/ l i a I w i l I k_h s k_h j u z j u S i k_h r/ a I d
L2_arctic_WAV/ASI_arctic_a0071,w V t_h w V z D V A b dZ E k_h t_h V v j U r/ l I t_h @ l s E n s e I S @ n,w V t_h w V z d V A b dZ E k_h t_h O v j U r/ l I t_h @ l s E n s e I S @ n
L2_arctic_WAV/ASI_arctic_a0073,D V p_h r/ @ m o U t_h 3` z a I z w 3` h E v i w I D l I t_h @ l p_h V f i b { g z V n d 3` D E m,d V p_h r/ @ m o U t_h @ s a I z w @ h E w i w i d l i t_h @ l b A f i b { g s A n d @ d E m
L2_arctic_WAV/ASI_arctic_a0075,D E r/ h { z b I n @ tS e I n dZ S i I n t_h 3` V p_h t_h I d h I m,d E r/ h A z b i n @ tS e I n dZ S i I n t_h 3` V p_h t_h I d h I m
L2_arctic_WAV/ASI_arctic_a0076,D @ g r/ e I a I z f A l t_h 3` d D @ f l V S d i p_h @ n d,d @ g r/ e I a I s f A l t_h 3` d d @ f l V S d i p_h @ n d
L2_arctic_WAV/ASI_arctic_a0077,I t_h I z D V f a I r/ p_h A r/ t_h l i S i s E d,I t_h I z D V f a I r/ p_h A r/ t_h l i S i s E d
L2_arctic_WAV/ASI_arctic_a0078,D E n { n d { t_h s V p_h 3` h i t_h r/ a I d t_h u f { D @ m h 3`,D E n { d V s V p_h 3` h i t_h r/ a I t_h u f { D @ m h @
L2_arctic_WAV/ASI_arctic_a0079,I t_h w @ z @ l A r/ dZ k_h @ n u,I t_h w @ z @ l A tS k_h @ n u I
L2_arctic_WAV/ASI_arctic_a0081,h w V t_h I f S i d I d n A t_h k_h V m t_h u D @ r/ A k_h,h w V t_h I f S i d I d n O t_h k_h V m t_h u D @ r/ O k_h
L2_arctic_WAV/ASI_arctic_a0082,h I z f e I s w V z s t_h r/ i m I N w I D b l V d,h I s f E s w V s s t_h r/ i m I N w I D b l V d
L2_arctic_WAV/ASI_arctic_a0085,@ t_h r/ I k_h @ l V v f r/ E S b l V d r/ { n o U v 3` h I z f e I s,@ t_h r/ I g @ l V f f r/ E S b l V d r/ { n o U v @ h I z f e I s
L2_arctic_WAV/ASI_arctic_a0086,d E T h { d k_h V m w I T t_h E r/ @ b @ l s V d @ n n @ s,d E T h { d k_h V m w I t_h E r/ @ b @ l s V d @ n n @ s
L2_arctic_WAV/ASI_arctic_a0088,h i m e I d S U r/ D { t_h D @ m { g @ z i n w V z l o U d @ d { n d r/ I z u m d h I z p_h { d l I N,h i m E err S U D { D @ m { g @ z i n w V z l O d @ d { n r/ I z j u m d h I z p_h { d l I N
L2_arctic_WAV/ASI_arctic_a0089,D @ n a I t_h g l o U w V z t_h r/ E tS 3` @ s t_h u S u t_h b a I,D @ n a I g l O w V s t_h r/ E tS @ r/ I @ s t_h u S u b a I
L2_arctic_WAV/ASI_arctic_a0090,D @ s I N I N v O I s @ p_h r/ o U tS t_h r/ { p_h @ d l i,D @ s I N I N w O I s @ p_h r/ O tS t_h r/ { p_h @ d l i
L2_arctic_WAV/ASI_arctic_a0091,h I z b l V d g r/ u h A t_h w I T r/ e I dZ { t_h D @ T O t_h,h I z b l V d k_h r/ u h O t_h w I T r/ E tS { D @ t_h O t_h
L2_arctic_WAV/ASI_arctic_a0092,h i w E n t_h d a U n I n m I d s t_h r/ i m s 3` tS I N D @ S { d o U z V v b o U T S O r/ z,h i w E n d a U n I n m I d s t_h r/ i m s @ tS I N D @ S { d U z V v b O err S O r/ s
L2_arctic_WAV/ASI_arctic_a0093,f r/ 3` @ f U l m a I n u t_h h i k_h r/ a U tS t_h { n d l I s @ n d,f @ r/ @ f U l m V n I t_h h i k_h r/ a U tS t_h { n l I s @ n d
L2_arctic_WAV/ASI_arctic_a0094,h i h { d b E r/ l i E n t_h 3` d D I s w I n h i s O D @ g l o U V v @ f a I r/,h i { b E r/ l i E n d 3` err D I s w I n h i s O D @ g l O V f @ f a I r/
L2_arctic_WAV/ASI_arctic_a0095,@ b I g k_h { n v @ s t_h E n t_h w O z D V f 3` s t_h T I N t_h u k_h V m w I D I n h I z v I Z @ n,@ b I k_h { n v @ s t_h E n w O z D V f @ s T I N d u k_h V m w I D I n h I z v I S @ n
L2_arctic_WAV/ASI_arctic_a0096,p_h 3` h { p_h s S i h { d O r/ E d i m E t_h h h 3` f e I t_h @ l I t_h @ l d i p_h 3` I n D @ f O r/ @ s t_h,p_h @ r/ h { p_h s S i { d O l r/ E d i m E t_h h @ r/ f e I t_h @ l I t_h @ l d i p_h @ I n D @ f O r/ @ s t_h
L2_arctic_WAV/ASI_arctic_a0097,D E n j u k_h @ n 3` e I n dZ j 3` s E l f k_h V m f 3` t_h @ b l i @ m V N D i z r/ o U b z I n D @ b o U,d E n j u k_h @ n @ e I n Z j @ s E l f k_h V m f 3` d E b l i @ m V N D i s r/ O b z I n D @ b o U
L2_arctic_WAV/ASI_arctic_a0098,S { l a I k_h { r/ i j u,S { l a I k_h { r/ i j u
L2_arctic_WAV/ASI_arctic_a0099,@ m { d n I N dZ O I p_h a U n d I d I n h I z b r/ e I n,@ m A err n I N dZ O I p_h a U n d I d I n I z b r/ e I n
L2_arctic_WAV/ASI_arctic_a0100,j u m V s t_h s l i p_h h i 3` dZ d,j u m V s s l i p_h h i @ tS t_h
L2_arctic_WAV/ASI_arctic_a0101,j u j u w U d n A t_h k_h i p_h D @ t_h r/ u T f r/ V m m i,j u j u w U d n A t_h k_h i p_h D @ t_h r/ u t_h f r/ V m m i
L2_arctic_WAV/ASI_arctic_a0102,h i w I l f A l o U V s s u n,h i w I l f A l O V s s u n
L2_arctic_WAV/ASI_arctic_a0103,b V t_h D E r/ k_h e I m n o U p_h r/ A m @ s f 3` m D V b o U V v D @ k_h @ n u,b V d E r/ k_h E m n O p_h r/ A m @ s f r/ @ m d V b O V v D @ k_h E n U
L2_arctic_WAV/ASI_arctic_a0104,S i w V z s l i p_h I N V n d 3` h I z p_h 3` t_h E k_h S @ n { z s w i t_h l i { z @ tS a I l d,S i w V s s l i p_h I N V n d @ h I s p_h 3` t_h E k_h S @ n { s s w i t_h l i { z @ tS a I l d
L2_arctic_WAV/ASI_arctic_a0105,o U n l i I t_h I z s o U w V n d 3` f @ l s o U O l m o U s t_h I m p_h A s @ b @ l t_h u b I l i v,O n l i I d I s s o U w V n d @ f @ l s O O l m O s t_h I m p_h A s @ b @ l t_h u b I l i f
L2_arctic_WAV/ASI_arctic_a0106,D @ I m o U S @ n w I tS S i h { d s @ p_h r/ E s t_h b 3` s t_h f O r/ T n a U I n @ tS o U k_h I N s A b,D @ I m O S @ n w I tS S i h { s @ p_h r/ E s t_h b @ s t_h f O r/ T n a U I n @ tS O k_h I N s O b
L2_arctic_WAV/ASI_arctic_a0107,I f j u o U n l i k_h U d n o U h a U a I T { N k_h j u,I f j u O n l i k_h U n O h a U a I T { N k_h j u
L2_arctic_WAV/ASI_arctic_a0108,h i w e I d I d I n t_h u D i E dZ V v D @ w O t_h 3` @ n d b I g { n s k_h r/ V b I N h I m s E l f,h i w e I d I d I n t_h u D i E tS V v D @ w O d r/ @ n b I g { n s k_h r/ V b I N h I m s E l f
L2_arctic_WAV/ASI_arctic_a0109,d u j u n o U D { t_h j u 3` S e I k_h I N m a I k_h A n f @ d @ n s I n j u,d u j u n O d { t_h j u @ S E k_h I N m V k_h A n f @ d @ n s I n j u
L2_arctic_WAV/ASI_arctic_a0111,I n s t_h E d h i dZ O I n d h 3` { n d D e I e I t_h l a I k_h t_h u h V N g r/ i tS I l d r/ @ n,I n s t_h E h i dZ O I n d h @ { n d E E d l a I t_h u h V N g r/ i tS I l d r/ @ n
L2_arctic_WAV/ASI_arctic_a0112,h i w V z w u n d @ d I n D V A r/ m,h i w V z w u n d @ d I n D V A m
L2_arctic_WAV/ASI_arctic_a0113,a I s @ p_h o U z j u p_h I k_h t_h D { t_h l I N g o U V p_h @ m V N D @ I n d i @ n z,a I s @ p_h O z j u p_h I g d { t_h l I N g O V p_h @ m V N D @ I n d i @ n s
L2_arctic_WAV/ASI_arctic_a0115,h i h { d n o U I k_h s k_h j u z f O r/ D @ f i l I N z w I tS w 3` 3` a U z d I n h I m,h i { n O E k_h s k_h j u s f O D @ f i l I N s w I tS w 3` 3` a U z d I n h I m
L2_arctic_WAV/ASI_arctic_a0116,w O z I t_h D V r/ A n d I v u V v D o U z h u w 3` s t_h r/ a I v I N t_h @ w 3` k_h h I z r/ u I n,w O z I d V r/ E n d E v U s V v D O z h u w @ s t_h r/ a I v I N t_h @ w @ k_h h I s r/ u I n
L2_arctic_WAV/ASI_arctic_a0117,S i { d I d w I D dZ E n j @ w @ n s I m p_h @ T i I n h 3` f e I s @ n d v O I s,S i { d I d w I dZ E n j @ w @ n s I m p_h @ t_h i I n @ f E s @ n w O I s
L2_arctic_WAV/ASI_arctic_a0120,m a I r/ a I t_h f U t_h f i l z l a I k_h D { t_h V v @ tS a I n i z d E b j @ t_h A n t_h,m a I r/ a I t_h f U t_h f i l s l a I D { err V f @ tS a I n i s d E b j U t_h A n t_h
L2_arctic_WAV/ASI_arctic_a0121,D e I e I t_h d I n 3` { t_h D @ f I f T { n d r/ E s t_h @ d f O r/ t_h u a U 3` z,D E E d I n 3` r/ { D @ f I f t_h { n d r/ E s t_h @ d f O r/ t_h u w A r/ s
L2_arctic_WAV/ASI_arctic_a0122,t_h u j I r/ z @ g o U a I g e I v V p_h s I v @ l I z e I S @ n f O r/ D I s,t_h u j I r/ z @ g O a I g E v V p_h s I v @ l a I z e I S @ n f O r/ D I s
L2_arctic_WAV/ASI_arctic_a0123,S i h { d d a I d f r/ V m k_h o U l d { n d s t_h A r/ v e I S @ n,S i h { d a I f r/ V m k_h O l d { n s t_h A r/ v e I S @ n
L2_arctic_WAV/ASI_arctic_a0125,h i w V z d I t_h 3` m @ n d n a U t_h @ m e I n t_h e I n @ m O r/ s 3` t_h @ n h o U l d @ p_h A n h I m s E l f,h i w V z d I t_h @ m @ n n a U t_h U m e I n t_h E n @ m O r/ s 3` t_h @ n h O l d @ p_h A n h I m s E l f
L2_arctic_WAV/ASI_arctic_a0126,i tS d e I S i b i k_h e I m @ m O r/ v a I t_h @ l p_h A r/ t_h V v h I m,i tS d E S i b i k_h E m @ m O r/ v a I t_h @ l p_h A r/ t_h V f h I m
L2_arctic_WAV/ASI_arctic_a0127,I t_h w V z @ t_h E m t_h e I S @ n b V t_h h i r/ I z I s t_h I d I t_h,I d w V z @ t_h E m t_h E S @ n b V t_h h i r/ I z I s t_h I d I t_h
L2_arctic_WAV/ASI_arctic_a0128,D I s w V n h o U p_h w O z d I s t_h r/ O I d { z k_h w I k_h l i { z I t_h w @ z b O r/ n,d I s w V n h O p_h w O z d I s t_h r/ O I d { s k_h w I k_h l i { z I t_h w @ z b O n
L2_arctic_WAV/ASI_arctic_a0129,h 3` f e I s w O z @ g e I n s t_h h I z b r/ E s t_h,h 3` r/ f E s w O s @ g E n s t_h h I z b r/ E s t_h
L2_arctic_WAV/ASI_arctic_a0130,S i w A z h I z n a U f 3` E v 3`,S i w A z I z n a U f O r/ E v 3`
L2_arctic_WAV/ASI_arctic_a0131,p_h r/ A v @ d @ n s h { d d I l I v 3` d h I m T r/ u D V m e I l s t_h r/ @ m,p_h r/ O w I d @ n s { d I l I v 3` h I m t_h r/ u D V m E l s t_h @ m
L2_arctic_WAV/ASI_arctic_a0134,h i o U b e I d D V p_h r/ E S 3` V v h 3` h { n d,h i O b e I d D V p_h r/ E S 3` V f @ r/ h { n d
L2_arctic_WAV/ASI_arctic_a0136,@ b a U t_h h I m E v r/ i w E r/ w 3` D @ E v @ d @ n s @ z V v l V g Z 3` i { n d V v e I dZ,@ b a U t_h h I m E v r/ i w E w 3` D @ E w @ d @ n s @ z V v l V g Z @ r/ i { n d V f E tS
L2_arctic_WAV/ASI_arctic_a0137,D E n h i s t_h E p_h t_h b { k_h w I D @ l o U k_h r/ a I V v p_h l E Z 3`,D E n i s t_h E p_h b { w I d @ l O k_h r/ a I V f p_h l E Z @
L2_arctic_WAV/ASI_arctic_a0139,h i t_h o U l d h I m s E l f D { t_h E z h i w A S t_h h I m s E l f { n d g r/ u m d h I z d I S E v @ l d k_h l o U D z,h i t_h O l d I m s E l f d { t_h h i w A S t_h h I m s E l f { n g r/ u m d h I s d I s h E v @ l d k_h l o U D s
L2_arctic_WAV/ASI_arctic_a0144,b V t_h D E r/ w V z s V m T I N i v I n m O r/ s t_h A r/ t_h l I N D { n D I s r/ I z E m b l @ n s,b V t_h D E r/ w V s s V m T I N i v I n m O s t_h r/ A r/ t_h l I N d { n d I s r/ I s E m b l @ n s
L2_arctic_WAV/ASI_arctic_a0159,D e I l U k_h { z D o U h i h { d b I n d r/ V m I N @ p_h i { n o U O l h I z l a I f,D e I l u k_h { z D o U h i { d b i n d r/ V m I N @ p_h i { n o U O l I z l a I f
L2_arctic_WAV/ASI_arctic_a0168,@ l o U b U S h w I p_h t_h h I m I n D @ f e I s { n d l E f t_h n o U s t_h I N,@ l o U b U S h w I p_h t_h h I m I n d @ f e I s { n d l E f t_h n o U s t_h I N
L2_arctic_WAV/ASI_arctic_a0178,E v 3` i b o U n I n h 3` e I dZ d b A d i s i m d b r/ o U k_h @ n O r/ d I s l o U k_h e I t_h I d,E v 3` i b o U @ n I n 3` e I dZ d b A d i s i m d b r/ o U k_h @ n A r/ d I s l o U k_h e I t_h I d
L2_arctic_WAV/ASI_arctic_a0188,t_h u dZ a I g { n t_h I k_h a U l z w 3` t_h E r/ I N { t_h D @ k_h A r/ k_h @ s,t_h u dZ a I g { t_h I k_h a U l s w 3` t_h 3` n I N { d d @ k_h A r/ k_h @ s
L2_arctic_WAV/ASI_arctic_a0191,f O r/ @ t_h a I m D @ I k_h s a I t_h I N T r/ I l V v h I z { d v E n tS 3` w O z g O n,f O r/ @ t_h a I m D @ I k_h s a I t_h I N T r/ I l V f h I z { d v E n tS 3` w O z g O n
L2_arctic_WAV/ASI_arctic_a0199,D V s h { d D V r/ A w I l d 3` n @ s p_h r/ i p_h E r/ d h I m f O r/ D I s d e I,D V s h { d d V r/ A w a I l d @ n @ s p_h r/ i p_h E r/ d h I m f O r/ D I s d e I
L2_arctic_WAV/ASI_arctic_a0208,j u T h { d k_h V m b { k_h t_h u h 3` f r/ i d f r/ V m D i j o U k_h V v @ p_h r/ E S @ n,j u t_h { d k_h V m b { k_h t_h u h U f r/ i d f r/ V m d i j o U k_h V f O p_h r/ e I S @ n
L2_arctic_WAV/ASI_arctic_a0214,b I s a I d z h i w V z p_h e I d w V n k_h e I s V v t_h @ b { k_h o U p_h 3` h E d,b I s a I d z h i w V z p_h e I d w V n k_h i s V v t_h @ b { k_h o U p_h U r/ h E d
L2_arctic_WAV/ASI_arctic_a0246,j u h { v h 3` d O l w i z h a U h i w O z D @ l V v 3` V v p_h r/ I n s E s n e I o U m i,j u h { v h 3` d O l w i z h a U h i w O z z @ l V v 3` V f p_h r/ I n s n e I o U m i
L2_arctic_WAV/ASI_arctic_a0255,j u w o U n t_h d a I V v m { l n u t_h r/ I S @ n b i S U r/ V v D { t_h,j u w o U n d a I V f m { l u t_h r/ i S @ n b i S U r/ V v d { t_h
L2_arctic_WAV/ASI_arctic_a0266,D e I h { n d @ l d t_h u m E n O l r/ E d i b o U T g r/ V b T i v z,d e I h { n d @ l t_h u m E n O l r/ E d i b o U t_h g r/ V b T i v s
L2_arctic_WAV/ASI_arctic_a0269,D { t_h s w E r/ D e I k_h V t_h O f D @ s k_h A t_h I S tS i f s @ n d k_h I l d O l h { n z,D { t_h s w E r/ D e I k_h V t_h O v D @ s k_h A r/ t_h I S tS i f s @ n d k_h I l d O l h { n z
L2_arctic_WAV/ASI_arctic_a0272,j u k_h { n t_h e I k_h @ v e I k_h e I S @ n O n p_h e I,j u k_h { n t_h e I k_h @ v e I k_h e I S @ n O n p_h e I
L2_arctic_WAV/ASI_arctic_a0282,I f j u m i n t_h u I n s I n j u e I t_h b r/ E n t_h w U d b I g { n h A t_h l i,I f j u m i n t_h u I n s I n j u e I t_h b r/ E n t_h w U d b I g { n h A t_h l i
L2_arctic_WAV/ASI_arctic_a0292,h i r/ I n D @ m I d m O r/ n I N D V f 3` s t_h k_h { Z @ l t_h i @ k_h 3` d,j i r/ I n d @ m I d m O n I N d V f U s t_h k_h { Z @ l t_h i @ k_h U
L2_arctic_WAV/ASI_arctic_a0301,b V t_h O l m a I d r/ i m z v a I @ l e I t_h I d D I s l O,b V t_h O l m a I d r/ i m z v a I @ l e I t_h I d h I s l O
L2_arctic_WAV/ASI_arctic_a0303,b V t_h D e I m e I k_h D @ m I s t_h e I k_h V v I g n O r/ I N D E r/ o U n d u { l @ t_h i,b V d D e I m e I g D @ m I s t_h e I k_h V f I g n O r/ I N d E r/ o U n d u { l @ t_h i
L2_arctic_WAV/ASI_arctic_a0365,D i z r/ u m 3` z m e I i v I n 3` I dZ @ n e I t_h w I T V s,d i z r/ u m U z m e I i v I n 3` I Z @ n e I t_h w I T V s
L2_arctic_WAV/ASI_arctic_a0384,D V f A r/ m 3` w 3` k_h s D @ s O I l { n d p_h r/ @ d u s @ z g r/ e I n,d V f A m 3` w U k_h s D @ s O I { n d p_h r/ @ d j u s @ s g r/ e I n
L2_arctic_WAV/ASI_arctic_a0405,I t_h s i m d D V O r/ d e I n d O r/ d 3` V v T I N z D { t_h d O g z S U d w 3` k_h,I t_h s i m d d V O r/ d e I n d O r/ d 3` V v t_h I N z D { t_h d O g z S U d w U k_h
L2_arctic_WAV/ASI_arctic_a0410,s o U w i h { v t_h @ f I t_h D @ b o U t_h T r/ u a U t_h w I T O I l l { m p_h s { z w E l,s o U w i h { v t_h @ f I t_h d @ b o U t_h t_h r/ u a U t_h w I d O I l l { m s { z w E l
L2_arctic_WAV/ASI_arctic_a0411,I t_h w I l b r/ e I k_h a U r/ h A r/ t_h s @ n d a U 3` b { k_h s t_h u h O I s t_h { N k_h 3` b a I h { n d,I t_h w I l b r/ e I k_h A h A d s @ n d a U r/ b { k_h s t_h u h O I s t_h { N k_h r/ b a I h { n d
L2_arctic_WAV/ASI_arctic_a0416,D V { d I d w e I t_h h { d @ v @ l A s @ t_h i V v f I f t_h i n m a I @ l z p_h 3` a U 3`,d V { d I d w e I t_h h { d @ v @ l A s I t_h i V v f I f t_h i n m a I l z p_h 3` A r/
L2_arctic_WAV/ASI_arctic_a0424,A b v i @ s l i I t_h w A z @ d I z i z D { t_h k_h U d b i k_h A n t_h r/ { k_h t_h @ d b a I k_h A n t_h { k_h t_h,A b v i @ s l i I t_h w A z @ d i z i z D { t_h k_h U d b i k_h A n t_h r/ { k_h t_h @ d b a I k_h A n t_h { k_h t_h
L2_arctic_WAV/ASI_arctic_b0002,j u g A t_h a U t_h b a I f a I t_h I N { n d a I T r/ u @ p_h r/ I t_h i g 3` l,j u g A t_h a U t_h b a I f a I t_h I N { n d a I t_h r/ u @ p_h r/ I t_h i g U l
L2_arctic_WAV/ASI_arctic_b0017,E v r/ i T I N w V z w 3` k_h I N s m u D l i b E t_h 3` D { n a I h { d I k_h s p_h E k_h t_h I d,E v r/ i t_h I N w V z w U k_h I N s m u d l i b E t_h @ d { n a I h { d I k_h s p_h E k_h t_h I d
L2_arctic_WAV/ASI_arctic_b0038,I n h 3` h e I s t_h t_h u g E t_h @ w e I S i h { d f O r/ g A t_h @ n D i z T I N z,I n h r/ h e I s t_h t_h u g E t_h @ v e I S i h { d f O g A t_h @ n D i s T I N s
L2_arctic_WAV/ASI_arctic_b0047,s @ p_h o U z j u s O m i { t_h w 3` k_h T r/ u D @ w I n d o U,s @ p_h o U z j u s O m i { d w U k_h t_h r/ u d @ w I n d o U
L2_arctic_WAV/ASI_arctic_b0057,D e I h { v w V n p_h A p_h j @ l 3` s E n t_h @ m @ n t_h T r/ u D @ n u z p_h e I p_h 3` z,D e I { v w V n p_h A p_h @ l U s E n t_h I m @ n t_h t_h r/ u D @ n j u s p_h e I p_h r/ z
L2_arctic_WAV/ASI_arctic_b0061,s V m T I N @ b a U t_h I t_h s i m d t_h u f { s @ n e I t_h h I m t_h u tS { l @ n dZ h I z p_h r/ E z @ n s,s V m T I N @ b o U t_h I t_h s i m d t_h u f { s @ n I t_h h I m t_h u tS { l @ n Z I z p_h r/ E z @ n s
L2_arctic_WAV/ASI_arctic_b0073,w I D D i z A r/ g j @ m @ n t_h s h i k_h @ n v I n s t_h h I m s E l f D { t_h h i S U d g o U O n @ l o U n,w I d D i z A r/ g j @ m @ n s h i k_h @ n s t_h I m s E l D { t_h h i S U d g o U O n @ l o U n
L2_arctic_WAV/ASI_arctic_b0081,j u w 3` g o U I N t_h u l i v { f t_h 3` j u s O m i A n D @ r/ A k_h,j u 3` g w I N t_h u l i w A f t_h r/ j u s O m i A n D @ r/ O k_h
L2_arctic_WAV/ASI_arctic_b0089,h 3` b j u t_h @ f @ l h E r/ w A z d V n V p_h I n S a I n I N k_h O I l z,h U b j u t_h @ f @ l h E w A z d V n V p_h I n S a I n I N k_h O I l s
L2_arctic_WAV/ASI_arctic_b0104,S u t_h I N p_h e I n z p_h { s t_h l a I k_h f l { S I z V v I l E k_h t_h r/ I s @ t_h i T r/ u h I z b A d i,S u t_h I N p_h e I n z p_h A s t_h l a I k_h f l { S I z V v I l E k_h t_h r/ I s @ t_h i t_h r/ u I z b O d i
L2_arctic_WAV/ASI_arctic_b0118,w i s O j U r/ l a I t_h { n d T O t_h j u w U d @ n t_h m a I n d @ k_h O l,w i s O j U l a I t_h { n d t_h O t_h j u w U d @ n m a I n d @ k_h O l
L2_arctic_WAV/ASI_arctic_b0136,s w I f t_h l i h I z a I z m E Z 3` d D @ s I tS u e I S @ n,s w I f l i h I z a I z m E Z 3` D @ s I tS u e I S @ n
L2_arctic_WAV/ASI_arctic_b0141,I t_h w @ z b i t_h I N { n d w e I t_h I N I n D @ { m b U S V v D o U z b l { k_h p_h I t_h s,I t_h w @ z b i t_h I N { n d w e I t_h I N I n D @ { m b U S V v D o U z b l { p_h I t_h s
L2_arctic_WAV/ASI_arctic_b0158,S i o U b e I d S r/ I N k_h I N b { k_h w I D D @ b e I b i I n h 3` A r/ m z,S i o U b e I d S r/ I N g I N b { k_h w I D D @ b e I b i I n r/ A m s
L2_arctic_WAV/ASI_arctic_b0160,I t_h w @ z o U v 3` w E n h i m e I d h I z w e I T r/ u D @ r/ I N V v s p_h E k_h t_h e I t_h 3` z,I d w @ z o U w 3` w E n i m e I d h I z w e I T r/ u D @ r/ e I N V v s p_h E k_h t_h e I t_h 3` s
L2_arctic_WAV/ASI_arctic_b0171,h i tS e I n dZ d h I z s i t_h f O r/ @ s t_h i m 3` r/ i k_h l a I n I N tS E r/,i tS e I Z I z s i d f O r/ @ s t_h i m @ r/ i k_h l a I n I N tS E r/
L2_arctic_WAV/ASI_arctic_b0197,D V p_h l { n t_h 3` z A r/ O l r/ E d i k_h @ n s I d 3` I N D @ m { t_h 3`,d V p_h l A n t_h @ z A r/ O l r/ E d i k_h A n s I d 3` I N D @ m a I t_h 3`
L2_arctic_WAV/ASI_arctic_b0215,I t_h I z @ p_h r/ I t_h i g U d p_h r/ A p_h 3` t_h i @ n d w 3` T m O r/ D @ n D { t_h,I t_h I z @ p_h r/ I t_h i g U d p_h r/ A p_h r/ d i @ n d w U t_h m O r/ D @ n d { t_h
L2_arctic_WAV/ASI_arctic_b0315,@ n d D I s w V z D E r/ s o U l k_h A n v 3` s e I S @ n T r/ u a U t_h D @ m i l,@ n d D I s w V z z E s o U l k_h A n w @ z e I S @ n t_h r/ u a U d @ m i l
L2_arctic_WAV/ASI_arctic_b0317,h i d I d n A t_h b I l i v I n D V b 3` n I N V v d e I l a I t_h f O r/ s V tS @ l V g Z 3` i,h i d I d n A t_h b I l i I n D V b U n I N V v d e I l a I t_h f O r/ s V tS @ l V g Z r/ i
L2_arctic_WAV/ASI_arctic_b0321,I n s t_h E d h i 3` a I v d O n D @ n a I t_h V v D @ s E k_h @ n d e I,I n s E d h i @ r/ a I v d O n D @ n a I t_h V v D @ s E k_h @ n d e I
L2_arctic_WAV/ASI_arctic_b0371,j i l d j 3` s E l f t_h @ D V w O t_h 3` z D { t_h 3` r/ I p_h I N { n d t_h E r/ I N { t_h j u,j i l d j u 3` s E l f t_h @ D V w O t_h @ z z { t_h 3` r/ I p_h I N { n d t_h E r/ I N { t_h j u
L2_arctic_WAV/ASI_arctic_b0396,D V p_h e I n f r/ V m m a I h 3` t_h n i w V z { g @ n a I z I N,D V p_h r/ e I n f r/ V m m a I h U t_h n i w V z { g @ n a I z I N
L2_arctic_WAV/ASI_arctic_b0411,h i g e I v n o U r/ i z @ n b V t_h h I z m o U t_h I v w O z A b v i @ s I n V f,h i g e I v n o U r/ i z @ n b V t_h h I z m o U t_h I w O z A v i @ s I n V f
L2_arctic_WAV/ASI_arctic_b0433,w i 3` k_h U k_h I N A n D V k_h o U l s t_h o U v @ n d O n D i O I l b 3` n 3` z,w i 3` k_h u k_h I N A n D V k_h o U l s t_h o U v @ n d O n D i O I l b U n 3` s
L2_arctic_WAV/RRBI_arctic_a0003,f r/ 3` D @ t_h w E n t_h i @ T t_h a I m D { t_h i v n I N D @ t_h u m E n S U k_h h { n d z,f r/ D @ t_h w E n t_h i T t_h a I m d { t_h i v n I N d @ t_h u m E n S U k_h h { n d s
L2_arctic_WAV/RRBI_arctic_a0005,w I l w i E v 3` f O r/ g E t_h I t_h,v I l v i E v V f O r/ g E t_h I t_h
L2_arctic_WAV/RRBI_arctic_a0006,g A d b l E s a I h o U p_h a I l g o U O n s i I N D E m f 3` E v 3`,g O d b l E z D E m a I h O p_h a I w I l g o U O n s i I N D E m f 3` E v V
L2_arctic_WAV/RRBI_arctic_a0007,{ n d j u O l w i z w O n t_h u s i I t_h I n D @ s U p_h 3` l @ t_h I v d I g r/ i,{ n j u O l w i s w O n t_h u s i I t_h I n d @ s U p_h E l { t_h I v d I g r/ i
L2_arctic_WAV/RRBI_arctic_a0008,g { d j U r/ l E t_h 3` k_h e I m dZ V s t_h I n t_h a I m,g l { d j U r/ l E t_h 3` k_h E m dZ V s t_h I n t_h a I m
L2_arctic_WAV/RRBI_arctic_a0010,a I m p_h l e I I N @ s I N g @ l h { n d I n w V t_h l U k_h s l a I k_h @ l u z I N g e I m,a I m p_h l E I N @ s I N g @ l h { n d I n w V t_h l U k_h s l a I k_h @ l u z I N g e I m
L2_arctic_WAV/RRBI_arctic_a0011,I f a I E v 3` n i d I d @ f a I t_h 3` I n m a I l a I f a I n i d w V n n a U,I f a I E v V n i d I d @ f a I t_h 3` I n m a I l a I f a I n i d w V n n a U
L2_arctic_WAV/RRBI_arctic_a0013,h i w V z @ h E d S O r/ t_h 3` D { n h I z k_h @ m p_h { n j @ n V v O l m o U s t_h d E l @ k_h @ t_h f @ z i k_h,h i w V z @ h E d S U U t_h 3` D { n h I s k_h @ m p_h { n j @ n V f O l m O s t_h d E l @ k_h @ t_h f @ z i k_h
L2_arctic_WAV/RRBI_arctic_a0018,D E r/ w @ z @ tS e I n dZ n a U,d E r/ w @ z @ tS e I n dZ n a U
L2_arctic_WAV/RRBI_arctic_a0019,a I f A l o U d D @ l a I n V v D @ p_h r/ @ p_h o U z d r/ e I l r/ o U d l U k_h I N f O r/ tS { n s @ z,a I f O l o U d D @ l a I n V v D @ p_h r/ @ p_h O z d r/ e I l r/ o U d l U k_h I N f O tS A n s @ z
L2_arctic_WAV/RRBI_arctic_a0020,k_h l V b z @ n d b O l z { n d s I t_h i z g r/ u t_h u b i o U n l i m E m 3` i z,k_h l V p_h s @ n b O l s { n d s I t_h i z g r/ u t_h u b i O n l i m E m 3` i s
L2_arctic_WAV/RRBI_arctic_a0021,I t_h f E r/ l i k_h l V b d m i I n t_h u r/ E k_h @ g n a I z I N I t_h,I t_h f E r/ l i k_h l V b d m i I n t_h u r/ E k_h @ g n a I z I N I t_h
L2_arctic_WAV/RRBI_arctic_a0022,h A r/ d l i w 3` 3` a U 3` p_h l { n z m e I d p_h V b l I k_h b I f O r/ w i w 3` 3` m E t_h b a I p_h a U 3` f @ l A p_h @ z I S @ n,h A r/ d l i w E r/ a U r/ p_h l A n s m E d p_h V b l I k_h b I f O r/ w i w E r/ m E t_h b a I p_h a U 3` f @ l A p_h @ z I S @ n
L2_arctic_WAV/RRBI_arctic_a0023,@ k_h A m b @ n e I S @ n V v k_h @ n e I d i @ n k_h { p_h @ t_h @ l k_h w I k_h l i O r/ g @ n a I z d { n d p_h @ t_h I S @ n d f O r/ D @ s e I m p_h r/ I v I l I dZ I z,@ k_h O m b @ n e I S @ n V f k_h @ n E d i @ n k_h { p_h @ t_h @ l k_h w I k_h l i O r/ g @ n a I z d { n d p_h @ t_h I S @ n d f O r/ D @ s E m p_h r/ I v I l I dZ I z
L2_arctic_WAV/RRBI_arctic_a0024,I t_h w V z m a I r/ i p_h O r/ t_h s f r/ V m D @ n O r/ T w I tS tS i f l i I n d u s t_h p_h i p_h @ l t_h u b a I,I t_h w V z m a I r/ i p_h O r/ t_h s f r/ V m D @ n O r/ t_h w I tS tS i f l i I n d j u s t_h p_h i p_h @ l t_h u b a I
L2_arctic_WAV/RRBI_arctic_a0025,a I w V z @ b a U t_h t_h u d u D I s w I n k_h u l 3` dZ V dZ m @ n t_h p_h r/ I v e I l d,a I w V s @ b a U t_h t_h u d u d I s w I n k_h u l 3` dZ V dZ m @ n t_h p_h r/ I v e I l d
L2_arctic_WAV/RRBI_arctic_a0026,I t_h @ k_h 3` d t_h u m i D { t_h D E r/ w U d h { v t_h u b i @ n @ k_h a U n t_h I N,I t_h @ k_h 3` d t_h u m i d { t_h d E r/ w U d h { err t_h u b i @ n @ k_h a U n t_h I N
L2_arctic_WAV/RRBI_arctic_a0027,t_h u m a I s @ p_h r/ a I z h i b I g { n t_h @ S o U { k_h S @ l I n T u z i { z @ m I n m a I f e I v 3`,t_h u m a I s @ p_h r/ a I s h i b I g { n t_h U S O { k_h tS @ l I n t_h u z i { z @ m I n m a I f e I v V
L2_arctic_WAV/RRBI_arctic_a0028,r/ A b 3` i b r/ a I b 3` i f r/ O d,r/ A b 3` i b r/ a I b 3` i f r/ O d
L2_arctic_WAV/RRBI_arctic_a0029,D E r/ f O r/ s I z w 3` 3` O r/ E d i m u v I N I n t_h @ D @ n O r/ T k_h V n t_h r/ i,D E r/ f O s I z w E r/ O r/ E d i m u v I N I n t_h @ D @ n O r/ T k_h V n t_h r/ i
L2_arctic_WAV/RRBI_arctic_a0030,a I h { d f e I T I n D E m,A h { d f E T I n D E m
L2_arctic_WAV/RRBI_arctic_a0031,D e I r/ w 3` 3` T r/ i h V n d 3` d j A r/ d z @ p_h A r/ t_h,d E w E r/ t_h r/ i h V n d 3` d j A r/ d z @ p_h A t_h
L2_arctic_WAV/RRBI_arctic_a0032,s I n s D E n s V m m I s t_h I r/ i @ s f O r/ s h { z b I n f a I t_h I N V s { t_h E v r/ i s t_h E p_h,s I n s d E n s V m m I s t_h I r/ i @ s f O r/ s h { z b I n f a I t_h I N V s { t_h E v r/ i s t_h E p_h
L2_arctic_WAV/RRBI_arctic_a0036,S i t_h 3` n d I n { t_h D V h o U t_h E l,S err t_h V n d I n { D V h O t_h E l
L2_arctic_WAV/RRBI_arctic_a0037,a I w A z D @ o U n l i w V n h u r/ i m e I n d s I t_h I N,a I w A z D @ o U n l i v V n h u r/ i m e I n d s I t_h I N
L2_arctic_WAV/RRBI_arctic_a0038,w i w I l h { v t_h @ w A tS a U r/ tS { n s I z,w i w I l h { v t_h @ w A tS a U r/ tS { n s I z
L2_arctic_WAV/RRBI_arctic_a0039,D @ S I p_h S U d b i I n w I T I n @ w i k_h O r/ t_h E n d e I z,D @ S I p_h S U d b i I n w I T I n @ v i k_h O r/ t_h E n d e I z
L2_arctic_WAV/RRBI_arctic_a0040,a I s @ p_h o U z j u w V n d 3` w a I S i I z k_h V m I N V p_h h i r/,a I s @ p_h O s j u w V n d V w a I S i I s k_h V m I N V p_h h i V
L2_arctic_WAV/RRBI_arctic_a0041,m i n w a I l a I l g o U a U t_h u b r/ i D @ s p_h E l,m i n w a I l a I l g O a U t_h u b r/ i t_h @ s p_h E l
L2_arctic_WAV/RRBI_arctic_a0042,h a U k_h U d h i I k_h s p_h l e I n h I z p_h @ z E S @ n V v D @ s k_h E tS,h a U k_h U d V h i I k_h s p_h l e I n h I z p_h @ err E S @ n V v D @ s k_h E tS
L2_arctic_WAV/RRBI_arctic_a0045,h i m u v d @ w e I { z k_h w a I @ t_h l i { z h i h { d k_h V m,h i m u err d @ w E { s k_h w a I t_h l i { z h i h { d k_h V m
L2_arctic_WAV/RRBI_arctic_a0046,D @ g 3` l f e I s t_h I m h 3` a I z S a I n I N w I T s V d @ n f I r/,D @ g E l f E s t_h I m h 3` a I S a I n I N w I T s V d @ n f I V
L2_arctic_WAV/RRBI_arctic_a0047,k_h l o U z b I s a I d h I m g l i m d D V w a I t_h f { N z V v D V w U l f d O g,k_h l O z b I s a I d h I m g l i m D V v a I t_h f { N z V v D V v U l f d O g
L2_arctic_WAV/RRBI_arctic_a0048,h i l U k_h t_h { t_h D @ h { N k_h 3` tS I f m O r/ k_h l o U s l i,h i l U k_h t_h { t_h D @ h { N k_h V tS I f m O r/ k_h l o U z l i
L2_arctic_WAV/RRBI_arctic_a0051,D @ l e I s w V z V v @ d E l @ k_h @ t_h a I v 3` i k_h V l 3` f e I n t_h l i t_h I n t_h I d w I D j E l o U,D @ l e I s w V z V v @ d E l @ k_h @ t_h a I v l i k_h V l 3` f I n t_h l i t_h I n t_h I d w I D j E l o U
L2_arctic_WAV/RRBI_arctic_a0052,I t_h w V z @ k_h j U r/ i @ s k_h o U I n s I d @ n s,I t_h w V z @ k_h j U l i @ s k_h U I n s I d @ n s
L2_arctic_WAV/RRBI_arctic_a0053,s V d @ n l i h I z f I N g 3` z k_h l o U z d t_h a I t_h l i o U v 3` D @ h { N k_h 3` tS I f,s V d @ n l i h I z f I N g 3` s k_h l o U s d a I d l i o U v 3` D @ h { N k_h 3` tS I f
L2_arctic_WAV/RRBI_arctic_a0054,D E r/ w @ z n V T I N A n D V r/ A k_h,D E l w @ z n V T I N A n d V l A k_h
L2_arctic_WAV/RRBI_arctic_a0058,a I k_h e I m f O r/ I n f O r/ m e I S @ n m O r/ a U t_h V v k_h j U r/ i A s @ t_h i D { n E n i T I N E l s,a I g e I m f O r/ I n f O r/ m e I S @ n m O l a U t_h V v k_h j U l i A s @ t_h i D { n E n i T I N E l s
L2_arctic_WAV/RRBI_arctic_a0059,h I z I m { k_h j u l I t_h @ p_h I r/ @ n s w A z g O n,h I z I m { k_h j u l E t_h @ p_h I l @ n s w A s g O n
L2_arctic_WAV/RRBI_arctic_a0060,E n i w e I n o U w V n s O h 3` l a I k_h D { t_h,E n i v E n o U w V n s O h 3` l a I k_h d { t_h
L2_arctic_WAV/RRBI_arctic_a0062,D @ m E n s t_h E r/ d I n t_h u i tS V D 3` z f e I s,D @ m E n s t_h E r/ d I n t_h u i tS V D 3` s f E s
L2_arctic_WAV/RRBI_arctic_a0063,j E s I t_h w V z @ m { n h u { s t_h @ s t_h r/ e I n dZ 3`,j E s I t_h w V z @ m V n h u V s t_h @ s t_h r/ e I n dZ 3`
L2_arctic_WAV/RRBI_arctic_a0064,D @ f O r/ T { n d f I f T d e I z p_h { s t_h w I T a U t_h E n i d I v E l @ p_h m @ n t_h s,D @ f O l T { n d f I f T d E z p_h V s t_h v I T a U t_h E n i d I v E l @ p_h m @ n t_h s
L2_arctic_WAV/RRBI_arctic_a0065,D e I k_h l o U z d n a U @ n t_h I l h I z f I N g 3` z w 3` l a I k_h k_h O r/ d z V v s t_h i l,D e I k_h l o U z d n a U @ n t_h I l h I z f I N g 3` z v E l a I k_h g O r/ d z V v s t_h i l
L2_arctic_WAV/RRBI_arctic_a0067,S U r/ l i a I w I l I k_h s k_h j u z j u S i k_h r/ a I d,S U r/ l i a I w I l I k_h s k_h j u z j u S i k_h l a I d
L2_arctic_WAV/RRBI_arctic_a0071,h w V t_h w A z D @ A b dZ E k_h t_h V v j U r/ l I t_h @ l s E n s e I S @ n,h w V t_h w A z z @ O b dZ E k_h t_h V v j 3` r/ l I t_h @ l s E n s e I S @ n
L2_arctic_WAV/RRBI_arctic_a0073,D V p_h r/ @ m o U t_h 3` z a I z w 3` h E v i w I T l I t_h @ l p_h V f i b { g z V n d 3` D E m,D V p_h r/ @ m o U t_h 3` s a I z v 3` h E v i w I d l I t_h @ l b V f i b { g z V n d 3` D E m
L2_arctic_WAV/RRBI_arctic_a0075,D E r/ h { z b I n @ tS e I n dZ S i I n t_h 3` V p_h t_h I d h I m,D E l h { z b i n @ tS I n dZ S i I n t_h l V p_h t_h I d h I m
L2_arctic_WAV/RRBI_arctic_a0076,D @ g r/ e I a I z f A l t_h 3` d D V f l V S d i p_h @ n d,D @ g l e I a I s f { l t_h 3` d D V f l V S d i p_h @ n d
L2_arctic_WAV/RRBI_arctic_a0077,I t_h I z D V f a I 3` p_h A r/ t_h l i S i s E d,I t_h I z D V f a I 3` p_h A r/ t_h l i S i s E d
L2_arctic_WAV/RRBI_arctic_a0078,D E n { n d { t_h s V p_h 3` h i t_h r/ a I d t_h u f { D @ m h 3`,D E n { n d { t_h s V p_h 3` h i t_h r/ a I d t_h u f { D @ m h 3`
L2_arctic_WAV/RRBI_arctic_a0079,I t_h w V z @ l A r/ dZ k_h @ n u,I t_h w V z @ l A r/ dZ k_h @ n u
L2_arctic_WAV/RRBI_arctic_a0081,h w V t_h I f S i d I d n A t_h k_h V m t_h @ D V r/ A k_h,h w V t_h I f S i d I d n A t_h k_h V m t_h @ D V l A k_h
L2_arctic_WAV/RRBI_arctic_a0082,h I z f e I s w A z s t_h r/ i m I N w I D b l V d,h I z f I s w A s s t_h r/ i m I N w I D b l V d
L2_arctic_WAV/RRBI_arctic_a0085,@ t_h r/ I k_h @ l V v f r/ E S b l V d r/ { n o U v 3` h I z f e I s,@ t_h r/ I k_h @ l V v f r/ E S b l 3` d l { n o U v 3` h I z f e I s
L2_arctic_WAV/RRBI_arctic_a0086,d E T h { d k_h V m w I T t_h E r/ @ b @ l s V d @ n n @ s,d E T h { s k_h V m w I T t_h E r/ @ b @ l s V d @ n n @ s
L2_arctic_WAV/RRBI_arctic_a0088,h i m e I d S U r/ D { t_h D @ m { g @ z i n w V z l o U d I d { n d r/ I z u m d h I z p_h { d l I N,h i m e I d S U r/ D { t_h D @ m { g @ z i n w V z l O d I d { n d r/ I z u m d h I z p_h { d l I N
L2_arctic_WAV/RRBI_arctic_a0089,D @ n a I t_h g l o U w O z t_h r/ E tS 3` @ s t_h u S u t_h b a I,D @ n a I t_h g l o U w O s t_h r/ E tS l @ s t_h u S u t_h b a I
L2_arctic_WAV/RRBI_arctic_a0090,D V s I N I N v O I s @ p_h r/ o U tS t_h r/ { p_h @ d l i,D V s I N I N v a I s @ p_h l o U tS t_h r/ { p_h @ d l i
L2_arctic_WAV/RRBI_arctic_a0091,h I z b l V d g r/ u h A t_h w I T r/ e I dZ { t_h D V T O t_h,h I z b l V d g u h A t_h w I T r/ e I dZ { t_h D V T O t_h
L2_arctic_WAV/RRBI_arctic_a0092,h i w E n t_h d a U n I n m I d s t_h r/ i m s 3` tS I N D @ S { d o U z V v b o U T S O r/ z,h i w E n t_h d a U n I n m I d s t_h r/ i m s 3` tS I N D @ S { d o U z V v b U T S O r/ s
L2_arctic_WAV/RRBI_arctic_a0093,f O r/ @ f U l m I n @ t_h h i k_h r/ a U tS t_h { n d l I s @ n d,f O r/ @ f U l m I n @ t_h h i k_h l a U tS t_h { n d l I s @ n d
L2_arctic_WAV/RRBI_arctic_a0094,h i h { d b E r/ l i E n t_h 3` d D I s w E n h i s O D @ g l o U V v @ f a I 3`,h i h { d b E r/ l i E n t_h 3` d D I s w E n h i s O D @ g l o U V v @ f a I 3`
L2_arctic_WAV/RRBI_arctic_a0095,@ b I g k_h { n v @ s t_h E n t_h w V z D @ f 3` s t_h T I N t_h u k_h V m w I T I n h I z v I Z @ n,@ b I g g { n v @ s d E n t_h w V z D @ f 3` s t_h T I N t_h u k_h V m w I T I n h I z v I Z @ n
L2_arctic_WAV/RRBI_arctic_a0096,p_h 3` h { p_h s S i h { d O l r/ E d i m E t_h h 3` f e I t_h @ l I t_h @ l d i p_h 3` I n D V f O r/ @ s t_h,p_h 3` h { p_h s S i h { d O l l E d i m E t_h h 3` f I t_h @ l I t_h @ l d i p_h 3` I n D V f O l @ s t_h
L2_arctic_WAV/RRBI_arctic_a0097,D E n j u k_h @ n 3` e I n dZ j U r/ s E l f k_h V m f 3` t_h @ b l i @ m V N D i z r/ o U b z I n D @ b o U,D E n j u k_h @ n l e I n dZ j U r/ s E l f k_h V m f 3` t_h @ b l i @ m V N D i z l O b z I n D @ b o U
L2_arctic_WAV/RRBI_arctic_a0098,S { l a I k_h { r/ i j u,S { l a I k_h { r/ i j u
L2_arctic_WAV/RRBI_arctic_a0099,@ m { d n I N dZ O I p_h a U n d I d I n h I z b r/ e I n,@ m { r/ d n I N dZ O I b O n d I r/ d I n h 3` b r/ e I n
L2_arctic_WAV/RRBI_arctic_a0100,j u m V s t_h s l i p_h h i 3` r/ dZ d,j u m V s s l i p_h h i V dZ d
L2_arctic_WAV/RRBI_arctic_a0101,j u j u w U d n A t_h k_h i p_h D @ t_h r/ u T f r/ V m m i,j u j u w U d n O t_h g i p_h d @ t_h r/ u t_h f r/ V m m i
L2_arctic_WAV/RRBI_arctic_a0102,h i w I l f A l o U V s s u n,h i v I l f O l o U V s s u n
L2_arctic_WAV/RRBI_arctic_a0103,b V t_h D E r/ k_h e I m n o U p_h r/ A m @ s f r/ V m D V b o U V v D @ k_h @ n u,b V r/ t_h d E r/ k_h e I m n o U p_h r/ O m @ s f r/ V m d V b o U V v d @ k_h { n O I
L2_arctic_WAV/RRBI_arctic_a0104,S i w @ z s l i p_h I N V n d 3` h I z p_h @ t_h E k_h S @ n { z s w i t_h l i { z @ tS a I l d,S i w @ z s l i p_h I N V n d @ h I z p_h o U r/ t_h E k_h S @ n { z s v i t_h l i { z @ tS a I l d
L2_arctic_WAV/RRBI_arctic_a0105,o U n l i I t_h I z s o U w V n d 3` f @ l s o U O l m o U s t_h I m p_h A s @ b @ l t_h @ b I l i v,o U n l i I t_h I z s o U v V n d 3` f U l s o U O l m o U s t_h I m b A s @ b @ l t_h @ b I l i v
L2_arctic_WAV/RRBI_arctic_a0106,D @ I m o U S @ n w I tS S i h { d s @ p_h r/ E s t_h b 3` s t_h f O r/ T n a U I n @ tS o U k_h I N s A b,d @ I m o U S @ n v I tS S i h { r/ d s @ b r/ E s t_h b r/ 3` s t_h f O r/ t_h n a U I n @ tS O k_h I N s O b
L2_arctic_WAV/RRBI_arctic_a0107,I f j u o U n l i k_h U d n o U h a U a I T { N k_h j u,I f j u o U n l i k_h U d n o U h a U a I T { N k_h j u
L2_arctic_WAV/RRBI_arctic_a0108,h i w e I d I d I n t_h u D V E dZ V v D V w O t_h 3` { n d b I g { n s k_h r/ V b I N h I m s E l f,h i v e I d I r/ d I n d u d V E dZ V v d V w O t_h 3` r/ { n d b I g { n s k_h r/ V b I N h I m s E l f
L2_arctic_WAV/RRBI_arctic_a0109,d u j u n o U D { t_h j u 3` S e I k_h I N m a I k_h A n f @ d @ n s I n j u,d u j u n o U d { r/ t_h j u 3` S e I k_h I N m a I k_h O n f @ d @ n s I n j u
L2_arctic_WAV/RRBI_arctic_a0111,I n s t_h E d h i dZ O I n d h 3` @ n d D e I e I t_h l a I k_h t_h u h V N g r/ i tS I l d r/ @ n,I n s t_h E r/ d h i dZ O I r/ n d h 3` @ n d d e I e I t_h l a I k_h t_h u h V N g r/ i tS I l d r/ @ n
L2_arctic_WAV/RRBI_arctic_a0112,h i w V z w u n d I d I n D @ A r/ m,h i v V z w u n d I r/ d I n d @ A m
L2_arctic_WAV/RRBI_arctic_a0113,a I s @ p_h o U z j u p_h I k_h t_h D { t_h l I N g o U V p_h @ m V N D @ I n d i @ n z,a I s @ b o U z j u b I r/ k_h t_h d { t_h l I N g o U V p_h @ m O N d @ I n d i @ n z
L2_arctic_WAV/RRBI_arctic_a0115,h i h { d n o U I k_h s k_h j u z f O r/ D @ f i l I N z w I tS w 3` 3` a U z d I n h I m,h i h { d n o U I s k_h j u z f O r/ d @ f i l I N z w I tS v 3` 3` o U z d I n h I m
L2_arctic_WAV/RRBI_arctic_a0116,w V z I t_h D V r/ A n d I v u V v D o U z h u w 3` s t_h r/ a I v I N t_h @ w 3` r/ k_h h I z r/ u I n,w V z I t_h d V r/ r/ E n d I v u s V v d o U z h u w 3` s t_h r/ a I k_h I N t_h U v V k_h h I s r/ u I n
L2_arctic_WAV/RRBI_arctic_a0117,S i { d I d w I D dZ E n j @ w @ n s I m p_h @ T i I n h 3` f e I s { n d v O I s,S i { d I r/ d v I D dZ E n j @ w @ n s I m p_h @ d i I n h 3` r/ f e I s { n d w O I s
L2_arctic_WAV/RRBI_arctic_a0120,m a I r/ a I t_h f U t_h f i l z l a I k_h D { t_h V v @ tS a I n i z d E b j @ t_h A n t_h,m a I r/ a I r/ t_h f u t_h f i l s l a I k_h d { t_h O v @ tS a I n i z d E b j @ t_h @ r/ n t_h
L2_arctic_WAV/RRBI_arctic_a0121,D e I e I t_h d I n 3` { t_h D @ f I f T @ n d r/ E s t_h @ d f O r/ t_h u a U 3` z,d e I e I r/ t_h d I n 3` { r/ t_h d @ f @ f t_h @ n d r/ E s t_h @ r/ d f O r/ d u a U 3` s
L2_arctic_WAV/RRBI_arctic_a0122,t_h u j 3` z @ g o U a I g e I v V p_h s I v @ l I z e I S @ n f O r/ D I s,t_h u j 3` z @ g o U a I g e I v V p_h s I v @ l I e I S @ n f O r/ d I s
L2_arctic_WAV/RRBI_arctic_a0123,S i h { d d a I d f r/ V m k_h o U l d { n d s t_h A r/ v e I S @ n,S i h { r/ d d a I r/ d f r/ V m k_h o U l d { n d s t_h A v e I S @ n
L2_arctic_WAV/RRBI_arctic_a0125,h i w @ z d I t_h 3` m @ n d n a U t_h u m e I n t_h e I n @ m O r/ s 3` t_h @ n h o U l d @ p_h A n h I m s E l f,h i w @ z d I t_h 3` m a I r/ n d n a U d u m e I n d e I n @ m O r/ s 3` r/ t_h @ n h o U l d @ p_h A n h I m s E l f
L2_arctic_WAV/RRBI_arctic_a0126,i tS d e I S i b I k_h e I m @ m O r/ v a I t_h @ l p_h A r/ t_h V v h I m,i tS d e I S i b I k_h e I m @ m O r/ w a I t_h @ l b A r/ t_h V v h I m
L2_arctic_WAV/RRBI_arctic_a0127,I t_h w O z @ t_h E m t_h e I S @ n b V t_h h i r/ I z I s t_h I d I t_h,I r/ t_h w O z @ d E m d e I S @ n b V r/ t_h h i r/ I z I s t_h I r/ d I t_h
L2_arctic_WAV/RRBI_arctic_a0128,D I s w V n h o U p_h w V z d I s t_h r/ O I d { z k_h w I k_h l i { z I t_h w @ z b O r/ n,d I s v V n h o U f v V z d I s t_h r/ O I r/ d { z g w I k_h l i { z I t_h v @ z b O n
L2_arctic_WAV/RRBI_arctic_a0129,h 3` r/ f e I s w O z @ g E n s t_h h I z b r/ E s t_h,h 3` r/ f e I s w O z @ g E n s t_h h I z b r/ E s t_h
L2_arctic_WAV/RRBI_arctic_a0130,S i w A z h I z n a U f 3` E v 3`,S i w A z h I z n a U f 3` E v 3`
L2_arctic_WAV/RRBI_arctic_a0131,p_h r/ A v @ d @ n s h { d d I l I v 3` r/ d h I m T r/ u D V m e I l s t_h r/ @ m,p_h r/ o U v I d @ n s h { r/ d d I l I v 3` d h I m d r/ u d V m e I l s t_h r/ O m
L2_arctic_WAV/RRBI_arctic_a0134,h i o U b e I d D @ p_h r/ E S 3` V v h 3` h { n d,h i o U b e I r/ d d @ p_h r/ E S 3` O f h 3` h { n d
L2_arctic_WAV/RRBI_arctic_a0136,@ b a U t_h h I m E v r/ i w E r/ w 3` r/ D @ E v @ d @ n s @ z V v l V g Z 3` i { n d V v e I dZ,@ b O t_h h I m E v r/ i v E r/ w E r/ d @ E v I d @ n s @ s O v l V g Z 3` i { n d V v e I dZ
L2_arctic_WAV/RRBI_arctic_a0137,D E n h i s t_h E p_h t_h b { k_h w I T @ l o U k_h r/ a I V v p_h l E Z 3` r/,d E n h i s t_h E p_h t_h b { t_h w I T @ l o U k_h r/ a I O v p_h l E Z 3`
L2_arctic_WAV/RRBI_arctic_a0139,h i t_h o U l d h I m s E l f D { t_h { z h i w A S t_h h I m s E l f { n d g r/ u m d h I z d I S E v @ l d k_h l o U D z,h i d o U l d h I m s E l f d { r/ t_h { z h i w A S t_h h I m s E l f { n d g r/ u m d h I z d I s h E v l d k_h l o U t_h s
L2_arctic_WAV/RRBI_arctic_a0144,b V t_h D E r/ w V z s V m T I N i v I n m O r/ s t_h A r/ t_h l I N D { n h I z r/ I z E m b l @ n s,b V D E r/ w V s s V m t_h I N i v I n m O s t_h A t_h l I N D { n h I z r/ I s E m b l @ n s
L2_arctic_WAV/RRBI_arctic_a0159,D e I l U k_h { z D o U h i h { d b I n d r/ V m I N @ p_h i { n @ O l h I z l a I f,D E l U k_h { z D O h i h { d b I n d r/ V m p_h I N @ p_h i A n @ O l h I z l a I f
L2_arctic_WAV/RRBI_arctic_a0168,@ l o U b U S h w I p_h t_h h I m I n D @ f e I s { n d l E f t_h n o U s t_h I N,@ l O b U S w I p_h t_h h I m I n D @ f E s { n l E f t_h n O s t_h I N
L2_arctic_WAV/RRBI_arctic_a0178,E v r/ i b o U n I n h 3` e I dZ d b A d i s i m d b r/ o U k_h @ n O r/ d I s l o U k_h e I t_h I d,E v r/ i b O n I n h 3` E Z d b O d i s i m d b r/ O k_h @ n O r/ d I s l O k_h e I t_h I d
L2_arctic_WAV/RRBI_arctic_a0188,t_h u dZ a I g { n t_h I k_h a U l z w 3` t_h I r/ I N { t_h D @ k_h A r/ k_h @ s,t_h u dZ a I dZ { n t_h I k_h a U l s w E r/ t_h I r/ I N { t_h D @ k_h A r/ k_h @ s
L2_arctic_WAV/RRBI_arctic_a0191,f r/ 3` @ t_h a I m D @ I k_h s a I t_h I N T r/ I l V v h I z { d v E n tS 3` w O z g O n,f 3` @ t_h A m D @ E k_h s a I t_h I N t_h r/ I l V f h I z { d v E n tS @ w O z g O n
L2_arctic_WAV/RRBI_arctic_a0199,D V s h { d D @ r/ A w I l d 3` n @ s p_h r/ i p_h E r/ d h I m f O r/ D I s d e I,d V z h { d D @ r/ A w a I l d @ n @ s p_h r/ i p_h E d h I m f O D I s d E
L2_arctic_WAV/RRBI_arctic_a0208,j u T h { d k_h V m b { k_h t_h u h 3` f r/ i d f r/ V m D i j o U k_h V v @ p_h r/ E S @ n,j u t_h h { d k_h V m b { t_h u h 3` f r/ i d f r/ V m D @ j O k_h V f @ p_h r/ E S @ n
L2_arctic_WAV/RRBI_arctic_a0214,b I s a I d z h i w @ z p_h e I d w V n k_h e I s V v t_h @ b { k_h o U p_h 3` h E d,b I s a I d z h i w @ z p_h E d w V n k_h E s V f t_h @ b A k_h o U p_h 3` h E d
L2_arctic_WAV/RRBI_arctic_a0246,j u h { v h 3` d O l w e I z h a U h i w O z D @ l V v 3` @ v D V p_h r/ I n s E s n e I o U m i,j u h { v h 3` d O l w E z h a U h i w O z D @ l V v 3` @ v D V p_h r/ I n s E z n a I O m i
L2_arctic_WAV/RRBI_arctic_a0255,j u w o U n t_h d a I V v m { l n u t_h r/ I S @ n b i S U r/ @ v D { t_h,j u w o U n d a I V f m A l n u t_h r/ I S @ n b i S O r/ @ v D { t_h
L2_arctic_WAV/RRBI_arctic_a0266,D e I h { n d @ l d t_h u m E n O l r/ E d i b o U T g r/ V b T i v z,D E h { n d @ l t_h u m E n O l r/ E d i b O t_h g r/ V t_h i v s
L2_arctic_WAV/RRBI_arctic_a0269,D { t_h s w E r/ D e I k_h V t_h O f D @ s k_h A t_h I S tS i f s { n d k_h I l d O l h { n d z,d { t_h s w E r/ D E k_h V t_h O f D @ s k_h O t_h I S tS E f s { n d k_h I l d O l h { n d z
L2_arctic_WAV/RRBI_arctic_a0272,j u k_h @ n t_h e I k_h @ v e I k_h e I S @ n A n p_h e I,j u k_h @ n t_h E k_h @ v E k_h E S @ n A n p_h E
L2_arctic_WAV/RRBI_arctic_a0282,I f j u m i n t_h u I n s I n j u e I t_h b r/ E n t_h w U d b I g { n h A t_h l i,I f j u m i n t_h u I n s I n j u E t_h b r/ E n t_h w U d b I g { n h O t_h l i
L2_arctic_WAV/RRBI_arctic_a0292,h i r/ I n D V m I d m O r/ n I N D V f 3` s t_h k_h { Z @ l t_h i @ k_h 3` d,h i @ I n D V m I d m O n I N D V f @ s t_h k_h { Z @ A l t_h i @ k_h 3` d
L2_arctic_WAV/RRBI_arctic_a0301,b V t_h O l m a I d r/ i m z v a I @ l e I t_h I d D I s l O,b V t_h O l m a I d r/ i m s v a I @ l E t_h I d d I s l O
L2_arctic_WAV/RRBI_arctic_a0303,b V t_h D e I m e I k_h D @ m I s t_h e I k_h V v I g n O r/ I N D E r/ o U n d u { l @ t_h i,b V D E m E k_h D @ m I s t_h E k_h V v I g n O r/ I N D E r/ O n d u { l @ t_h i
L2_arctic_WAV/RRBI_arctic_a0365,D i z r/ u m 3` z m e I i v I n 3` I dZ @ n e I t_h w I T V s,d i z r/ u m @ z m E i v I n 3` I dZ @ n E t_h w I T V s
L2_arctic_WAV/RRBI_arctic_a0384,D V f A r/ m 3` w 3` k_h s D V s O I l { n d p_h r/ @ d u s @ z g r/ e I n,D V f A m @ w @ k_h s D V s O I l { n p_h r/ @ d u s @ z g r/ E n
L2_arctic_WAV/RRBI_arctic_a0405,I t_h s i m d D V O r/ d e I n d O r/ d 3` V v T I N z D @ t_h d O g z S U d w 3` k_h,I t_h s i m d V O r/ d e I n d O r/ d 3` V v t_h I N z z @ t_h d O g z S U d w @ k_h
L2_arctic_WAV/RRBI_arctic_a0410,s o U w i h { v t_h u f I t_h D V b o U t_h T r/ u a U t_h w I T O I l l { m p_h s E z w E l,s O w i h { v t_h u f I t_h D V b O t_h t_h r/ u a U t_h w I t_h O I l l { m p_h s E z w E l
L2_arctic_WAV/RRBI_arctic_a0411,I t_h w @ l b r/ e I k_h a U 3` h A r/ t_h s { n d A r/ b { k_h s t_h u h O I s t_h { N k_h 3` b a I h { n d,I t_h w @ l b r/ E k_h a U 3` h A r/ t_h s { n a U r/ b { k_h s t_h u h O I s t_h { N g 3` b A h { n d
L2_arctic_WAV/RRBI_arctic_a0416,D V { d I d w e I t_h h { d @ v @ l A s @ t_h i V v f I f t_h i n m a I l z p_h 3` a U 3`,d V { d I d w E t_h h { d @ v @ l A s @ t_h i V f f I f t_h i n m a I l z p_h 3` a U @
L2_arctic_WAV/SVBI_arctic_a0003,f 3` D @ t_h w E n t_h i I T t_h a I m D @ t_h i v n I N D @ t_h u m E n S U k_h h { n d z,f 3` D @ t_h w E n t_h i I T t_h a I m d @ t_h i v n I N k_h d @ d u m E n S U k_h h { n d s
L2_arctic_WAV/SVBI_arctic_a0005,w @ l w i E v 3` f O r/ g E t_h I t_h,w @ l w i E v 3` f O r/ g E t_h I t_h
L2_arctic_WAV/SVBI_arctic_a0006,g A d b l E s a I h o U p_h a I l g o U O n s i I N D E m f 3` E v 3`,g A d b l E s a I h o U p_h a I l g o U O n s i I N d E m f 3` E v 3`
L2_arctic_WAV/SVBI_arctic_a0007,{ n d j u O l w i z w O n t_h t_h u s i I t_h I n D @ s U p_h 3` l @ t_h I v d I g r/ i,{ n d j u O l w i s w O n t_h t_h u s i I t_h I n d @ s U p_h 3` l @ t_h I v d I g r/ i
L2_arctic_WAV/SVBI_arctic_a0008,g { d j U r/ l E t_h 3` k_h e I m dZ I s t_h I n t_h a I m,g { d j U r/ l E t_h 3` k_h e I m dZ I s t_h I n d a I m
L2_arctic_WAV/SVBI_arctic_a0010,@ m p_h l e I I N @ s I N g @ l h { n d I n w V t_h l U k_h s l a I k_h @ l u z I N g e I m,@ m p_h l e I I N @ s I N g @ l h { n d I n w O t_h l U k_h s l a I k_h @ l u z I N g e I m
L2_arctic_WAV/SVBI_arctic_a0011,I f a I E v 3` n i d I d @ f a I t_h 3` I n m a I l a I f a I n i d w V n n a U,I f a I E v 3` n i d I d @ f a I t_h 3` I n m a I l a I f a I n i d w V n n a U
L2_arctic_WAV/SVBI_arctic_a0013,h i w @ z @ h E d S O r/ t_h 3` D { n h I z k_h @ m p_h { n j @ n V v O l m o U s t_h d E l @ k_h @ t_h f @ z i k_h,h i w @ z @ h E d S O r/ t_h 3` d { n h I z k_h @ m p_h { n j @ n V v O l m o U s t_h d E l @ k_h e I t_h f @ z i k_h
L2_arctic_WAV/SVBI_arctic_a0018,D E r/ w @ z @ tS e I n dZ n a U,d E r/ w @ z @ tS e I n dZ n a U
L2_arctic_WAV/SVBI_arctic_a0019,a I f A l o U d D @ l a I n @ v D @ p_h r/ @ p_h o U z d r/ e I l r/ o U d l U k_h I N f r/ 3` tS { n s @ z,a I f A l o U d d @ l a I n @ v d @ p_h r/ @ p_h o U z d r/ e I l r/ o U d l U k_h I N f r/ 3` tS { n s @ s
L2_arctic_WAV/SVBI_arctic_a0020,k_h l V b z @ n d b O l z @ n d s I t_h i z g r/ u t_h u b i o U n l i m E m 3` i z,k_h l V b s @ n d b O l z @ n d s I t_h i s g r/ u t_h u b i o U n l i m E m 3` i s
L2_arctic_WAV/SVBI_arctic_a0021,I t_h f E r/ l i k_h l V b d m i I n t_h u r/ E k_h @ g n a I z I N I t_h,I t_h f E l i k_h l V b d m i I n t_h u r/ E k_h @ g n a I z I N I t_h
L2_arctic_WAV/SVBI_arctic_a0022,h A r/ d l i w 3` A r/ p_h l { n z m e I d p_h V b l I k_h b I f O r/ w i w 3` m E t_h b a I p_h a U 3` f @ l A p_h @ z I S @ n,h A r/ d l i w 3` A r/ p_h l { n s m e I d b V b l I k_h b I f O r/ w i w 3` m E t_h b a I b a U 3` f @ l A p_h @ z I S @ n
L2_arctic_WAV/SVBI_arctic_a0023,@ k_h A m b @ n e I S @ n V v k_h @ n e I d i @ n k_h { p_h @ t_h @ l k_h w I k_h l i O r/ g @ n a I z d @ n d p_h @ t_h I S @ n d f 3` D @ s e I m p_h r/ I v I l I dZ I z,@ k_h A m b @ n e I S @ n V v k_h @ n e I d i @ n k_h { p_h @ t_h @ l k_h w I k_h l i O r/ g @ n a I z d @ n d p_h @ t_h I S @ n d f 3` d @ s e I m p_h r/ I v I l I dZ I s
L2_arctic_WAV/SVBI_arctic_a0024,I t_h w @ z m a I r/ i p_h O r/ t_h s f 3` m D V n O r/ T w I tS tS i f l i I n d u s t_h p_h i p_h @ l t_h u b a I,I t_h w @ s m a I r/ i p_h O r/ t_h s f 3` m D V n O t_h w I tS tS i f l i I n d u s t_h b i p_h @ l t_h u b a I
L2_arctic_WAV/SVBI_arctic_a0025,a I w V z @ b a U t_h t_h @ d u D I s w E n k_h u l 3` dZ V dZ m @ n t_h p_h r/ I v e I l d,a I w V s @ b a U t_h t_h @ d u D I s w E n k_h u l 3` dZ V dZ m @ n t_h p_h r/ I v e I l d
L2_arctic_WAV/SVBI_arctic_a0026,I t_h @ k_h 3` d t_h @ m i D @ t_h D E r/ w U d h { v t_h u b i { n @ k_h a U n t_h I N,I t_h @ k_h 3` d d @ m i d @ t_h d E r/ w U d h { w d u b i { n @ g O n t_h I N
L2_arctic_WAV/SVBI_arctic_a0027,t_h u m a I s @ p_h r/ a I z h i b I g { n t_h u S o U { k_h S @ l I n T u z i { z @ m I n m a I f e I v 3`,d u m a I s @ p_h r/ a I z h i b I g { n t_h u S o U { k_h S @ l I n t_h u z i { z @ m I n m a I f e I v 3`
L2_arctic_WAV/SVBI_arctic_a0028,r/ A b 3` i b r/ a I b 3` i f r/ O d,r/ A b 3` i b r/ a I b 3` i f r/ O d
L2_arctic_WAV/SVBI_arctic_a0029,D E r/ f O r/ s I z w 3` O l r/ E d i m u v I N I n t_h @ D @ n O r/ T k_h V n t_h r/ i,d E f O s I s w 3` O l r/ E d i m u v I N I n d @ d @ n O t_h k_h V n t_h r/ i
L2_arctic_WAV/SVBI_arctic_a0030,a I h { d f e I T I n D E m,a I h { d f e I T I n d E m
L2_arctic_WAV/SVBI_arctic_a0031,D e I w 3` T r/ i h V n d 3` d j A r/ d z @ p_h A r/ t_h,d e I w 3` t_h r/ i h V n d 3` d j A d s @ p_h A t_h
L2_arctic_WAV/SVBI_arctic_a0032,s I n s D E n s V m m I s t_h I r/ i @ s f O r/ s h { z b I n f a I t_h I N V s { t_h E v r/ i s t_h E p_h,s I n s d E n s V m m I s t_h I r/ i @ s f O s h { s b I n f a I t_h I N V s { t_h E v r/ i s t_h E p_h
L2_arctic_WAV/SVBI_arctic_a0036,S i t_h 3` n d I n { t_h D V h o U t_h E l,S i d 3` n d I n { t_h d V h o U t_h @ l
L2_arctic_WAV/SVBI_arctic_a0037,a I w @ z D V o U n l i w V n h u r/ i m e I n d s I t_h I N,a I w @ z D V o U n l i w V n h u r/ i m e I n d s I t_h I N
L2_arctic_WAV/SVBI_arctic_a0038,w i l h { v t_h @ w O tS a U r/ tS { n s @ z,w i l h { w t_h @ w O tS a U r/ tS { n s @ s
L2_arctic_WAV/SVBI_arctic_a0039,D @ S I p_h S U d b i I n w I T I n e I w i k_h O r/ t_h E n d e I z,d @ S I p_h S U d b i I n w I T I n e I w i k_h O r/ t_h E n d e I s
L2_arctic_WAV/SVBI_arctic_a0040,a I s @ p_h o U z j u w V n d 3` w a I S i I z k_h V m I N V p_h h i r/,a I s @ p_h o U s j u w V n d 3` w a I S i I s k_h V m I N V p_h h i
L2_arctic_WAV/SVBI_arctic_a0041,m i n w a I l a I l g o U a U t_h t_h u b r/ i D @ s p_h E l,m i n w a I l a I l g o U o U t_h t_h u b r/ i D @ s p_h E l
L2_arctic_WAV/SVBI_arctic_a0042,h a U k_h U d h i I k_h s p_h l e I n h I z p_h @ z E S @ n @ v D @ s k_h E tS,h a U k_h U d h i I k_h s p_h l e I n h I s p_h @ s E S @ n @ v d @ s k_h E tS
L2_arctic_WAV/SVBI_arctic_a0045,h i m u v d @ w e I { z k_h w a I @ t_h l i { z h i h { d k_h V m,h i m u u d @ w e I { s k_h w a I @ t_h l i { s h i h { d k_h V m
L2_arctic_WAV/SVBI_arctic_a0046,D @ g 3` l f e I s t_h h I m h 3` a I z S a I n I N w I T s V d @ n f I r/,d @ g @ l f e I s t_h h I m h 3` a I s S a I n I N w I T s V d @ n f I r/
L2_arctic_WAV/SVBI_arctic_a0047,k_h l o U s b I s a I d h I m g l i m d D @ w a I t_h f { N z V v D V w U l f d O g,g l o U s b I s a I d h I m g l i m d d @ w a I t_h f { N s V f d V w U l f d O k_h
L2_arctic_WAV/SVBI_arctic_a0048,h i l U k_h t_h { t_h D @ h { N k_h 3` tS I f m O r/ k_h l o U s l i,h i l U k_h t_h { t_h d @ h { n k_h 3` tS I f m O r/ k_h l o U s l i
L2_arctic_WAV/SVBI_arctic_a0051,D @ l e I s w V z @ v @ d E l @ k_h @ t_h a I v 3` i k_h V l 3` f e I n t_h l i t_h I n t_h I d w I T j E l o U,d @ l e I s w V z @ v @ d E l @ k_h @ t_h a I o U 3` i k_h V l 3` f e I n t_h l i t_h I n t_h I d w I d j E l o U
L2_arctic_WAV/SVBI_arctic_a0052,I t_h w @ z @ k_h j U r/ i @ s k_h o U I n s I d @ n s,I t_h w @ z @ k_h j U r/ i @ s k_h o U I n s I d @ n s
L2_arctic_WAV/SVBI_arctic_a0053,s V d @ n l i h I z f I N g 3` z k_h l o U z d t_h a I t_h l i o U v 3` D @ h { N k_h 3` tS i f,s V d @ n l i h i s f I N @ s k_h l o U z d t_h a I t_h l i o U @ d @ h { N k_h @ tS i f
L2_arctic_WAV/SVBI_arctic_a0054,D E r/ w @ z n V T I N O n D V r/ A k_h,d E r/ w @ s n V t_h I N O n d V r/ A k_h
L2_arctic_WAV/SVBI_arctic_a0058,a I k_h e I m f r/ 3` I n f 3` m e I S @ n m O r/ a U t_h V v k_h j U r/ i A s @ t_h i D { n E n i T I N E l s,a I k_h e I m f r/ 3` I n f 3` m e I S @ n m O r/ o U t_h V f k_h j U r/ i A s @ t_h i d { n E n i t_h I N E l s
L2_arctic_WAV/SVBI_arctic_a0059,h I z I m { k_h j u l I t_h @ p_h I r/ @ n s w O z g O n,h I s I m { k_h j u l I t_h @ p_h I r/ @ n s w O s g O n
L2_arctic_WAV/SVBI_arctic_a0060,E n i w e I n o U w V n s O h 3` l a I k_h D { t_h,E n i w e I n o U w V n s O h 3` l a I k_h d { t_h
L2_arctic_WAV/SVBI_arctic_a0062,D @ m E n s t_h E r/ d I n t_h @ i tS V D 3` z f e I s,d @ m E n s t_h E r/ I n t_h @ i tS V D @ s f e I s
L2_arctic_WAV/SVBI_arctic_a0063,j E s I t_h w @ z @ m { n h u { s t_h @ s t_h r/ e I n dZ 3`,j E s I t_h w @ z @ m { n h u { s t_h @ s t_h r/ e I n dZ 3`
L2_arctic_WAV/SVBI_arctic_a0064,D @ f O r/ T @ n d f I f T d e I z p_h { s t_h w I D a U t_h E n i d I v E l @ p_h m @ n t_h s,d @ f O r/ t_h @ n d f I f T d e I s p_h { s t_h w I t_h a U t_h E n i d E v E l @ p_h m @ n t_h s
L2_arctic_WAV/SVBI_arctic_a0065,D e I k_h l o U z d n a U @ n t_h I l h I z f I N g 3` z w 3` l a I k_h k_h O r/ d z V v s t_h i l,d e I k_h l o U s t_h n a U @ n t_h I l h I s f I N @ s w 3` l a I k_h k_h O d s V f s t_h i l
L2_arctic_WAV/SVBI_arctic_a0067,S U r/ l i a I w I l I k_h s k_h j u z j u S i k_h r/ a I d,S @ l i a I I l I k_h s k_h j u z j u S i k_h r/ a I d
L2_arctic_WAV/SVBI_arctic_a0071,w V t_h w O z D V A b dZ E k_h t_h V v j U r/ l I t_h @ l s E n s e I S @ n,w V t_h w O s d V A b dZ E k_h t_h O f j U r/ l I t_h @ l s E n s e I S @ n
L2_arctic_WAV/SVBI_arctic_a0073,D @ p_h r/ @ m o U t_h 3` z a I z w 3` h E v i w I T l I t_h @ l p_h V f i b { g z V n d 3` D @ m,d @ p_h r/ @ m o U t_h @ s a I s w 3` h E v i w I d l I err @ l p_h V f i b { g s V n d 3` d @ m
L2_arctic_WAV/SVBI_arctic_a0075,D E r/ h { z b I n @ tS e I n dZ S i I n t_h 3` V p_h t_h I d h I m,d E r/ h { z b I n @ tS e I n t_h S i I n t_h 3` V p_h t_h I d h I m
L2_arctic_WAV/SVBI_arctic_a0076,D @ g r/ e I a I z f A l t_h 3` d D @ f l V S d i p_h @ n d,d @ g r/ e I a I s f A l t_h 3` d d @ f l V S d i p_h @ n d
L2_arctic_WAV/SVBI_arctic_a0077,I t_h I z D @ f a I 3` p_h A r/ t_h l i S i s E d,I t_h I z D @ f a I 3` p_h A r/ t_h l i S i s E
L2_arctic_WAV/SVBI_arctic_a0078,D E n { n d { t_h s V p_h 3` h i t_h r/ a I d t_h @ f { D @ m h 3`,D E n { n { t_h s V p_h 3` h i t_h r/ a I t_h @ f { T @ m h 3`
L2_arctic_WAV/SVBI_arctic_a0079,I t_h w V z @ l A r/ dZ k_h @ n u,I t_h v V z @ l A tS k_h { n u
L2_arctic_WAV/SVBI_arctic_a0081,h w V t_h I f S i d I d n A t_h k_h V m t_h @ D V r/ A k_h,w V t_h I f S i d I d n A t_h k_h V m t_h @ D V r/ A k_h
L2_arctic_WAV/SVBI_arctic_a0082,h I z f e I s w V z s t_h r/ i m I N w I T b l V d,h I s f E s w V s s t_h r/ i m I N w I T b l V d
L2_arctic_WAV/SVBI_arctic_a0085,@ t_h r/ I k_h @ l V v f r/ E S b l V d r/ { n o U v 3` h I z f e I s,@ t_h r/ I k_h @ l V f f r/ E S p_h l V d r/ { n O v 3` h I s f E s
L2_arctic_WAV/SVBI_arctic_a0086,d E T h { d k_h V m w I T t_h E r/ @ b @ l s V d @ n n @ s,d E t_h h { d k_h V m w I T t_h E r/ @ b @ l s V d @ n n @ s
L2_arctic_WAV/SVBI_arctic_a0088,h i m e I d S U r/ D @ t_h D @ m { g @ z i n w O z l o U d @ d { n d r/ I z u m d h I z p_h { d l I N,h i m E d S U r/ D @ D @ m { g @ z i n w O s l O d @ d { n r/ I z j u m d h I s p_h { d l I N
L2_arctic_WAV/SVBI_arctic_a0089,D @ n a I t_h g l o U w O z t_h r/ E tS 3` @ s t_h u S u t_h b a I,D @ n a I k_h l O w O s t_h r/ E tS 3` @ s t_h u S u b a I
L2_arctic_WAV/SVBI_arctic_a0090,D @ s I N I N v O I s @ p_h r/ o U tS t_h r/ { p_h @ d l i,D @ s I N I N w O I s @ p_h r/ O tS t_h r/ { p_h @ d l i
L2_arctic_WAV/SVBI_arctic_a0091,h I z b l V d g r/ u h A t_h w I T r/ e I dZ { t_h D @ T O t_h,h I s b l V d g r/ u h A w I T r/ E Z { D @ t_h O t_h
L2_arctic_WAV/SVBI_arctic_a0092,h i w E n t_h d a U n I n m I d s t_h r/ i m s 3` tS I N D @ S { d o U z V v b o U T S O r/ z,h i w E n d a U n I n m I d s t_h r/ i m s @ tS I N D @ S { d O s V f b O T S O r/ s
L2_arctic_WAV/SVBI_arctic_a0093,f 3` @ f U l m I n @ t_h h i k_h r/ a U tS t_h @ n d l I s @ n d,f r/ @ f U l m I n @ t_h h i k_h r/ O tS t_h @ n l I z @ n d
L2_arctic_WAV/SVBI_arctic_a0094,h i h { d b E r/ l i E n t_h 3` d D I s h w E n h i s O D @ g l o U V v @ f a I 3`,h i h { b E r/ l i E n t_h 3` D I s h w E n h i s O D @ g l O V f @ f a I 3`
L2_arctic_WAV/SVBI_arctic_a0095,@ b I g k_h { n v @ s t_h E n t_h w V z D V f 3` s t_h T I N t_h u k_h V m w I T I n h I z v I Z @ n,@ b I k_h k_h { n v @ s t_h E n t_h w V z D V f @ s T I N t_h u k_h V m w I T I n h I s v I Z @ n
L2_arctic_WAV/SVBI_arctic_a0096,p_h 3` h { p_h s S i h { d O l r/ E d i m E t_h h 3` f e I t_h e I l I t_h @ l d i p_h 3` I n D @ f O r/ @ s t_h,p_h 3` h { p_h S i h { d O l r/ E d i m E t_h h @ r/ f E t_h @ l I t_h @ l d i p_h @ r/ I n D @ f O r/ @ s t_h
L2_arctic_WAV/SVBI_arctic_a0097,D E n j u k_h @ n 3` e I n dZ j 3` s E l f k_h V m f 3` t_h @ b l i @ m V N D i z r/ o U b z I n D V b o U,d E n j u k_h @ n @ r/ e I n dZ j @ s E l f k_h V m f @ t_h @ b l i @ m V N D i s r/ O p_h s I n D V b o U
L2_arctic_WAV/SVBI_arctic_a0098,S { l a I k_h { r/ i j u,S { l a I k_h { r/ i j u
L2_arctic_WAV/SVBI_arctic_a0099,@ m { d @ n I N dZ O I p_h a U n d I d I n h I z b r/ e I n,@ m { r/ @ n I N Z O I p_h O n d I d I n h I z b r/ E n
L2_arctic_WAV/SVBI_arctic_a0100,j u m V s t_h s l i p_h h i 3` dZ d,j u m V s s l i p_h h i @ Z d
L2_arctic_WAV/SVBI_arctic_a0101,j u j u w U d n A t_h k_h i p_h D @ t_h r/ u T f 3` m m i,j u j u U d n A t_h k_h i b D @ t_h r/ u t_h f r/ V m m i
L2_arctic_WAV/SVBI_arctic_a0102,h i w I l f A l o U V s s u n,h i v I l f A l O V s s u n
L2_arctic_WAV/SVBI_arctic_a0103,b V t_h D E r/ k_h e I m n o U p_h r/ A m @ s f r/ V m D V b o U V v D @ k_h @ n u,b V t_h D E r/ k_h E m n O p_h r/ A m @ s f r/ V m D V b O V f D @ k_h { n u
L2_arctic_WAV/SVBI_arctic_a0104,S i w @ z s l i p_h I N V n d 3` h I z p_h 3` t_h E k_h S @ n { z s w i t_h l i E z @ tS a I l d,S I w @ s s l i p_h I N V n d @ h I s p_h r/ @ t_h E k_h S @ n { s s w i t_h l i E z @ tS E l d
L2_arctic_WAV/SVBI_arctic_a0105,o U n l i I t_h I z s o U w V n d 3` f @ l s o U O l m o U s t_h I m p_h A s @ b @ l t_h u b I l i v,O n l i I t_h I s s O w V n d 3` f @ l s O O l m O s t_h I m p_h A s @ b @ l t_h u b I l i v
L2_arctic_WAV/SVBI_arctic_a0106,D @ I m o U S @ n w I tS S i h { d s @ p_h r/ E s t_h b 3` s t_h f O r/ T n a U I n @ tS o U k_h I N s A b,d @ I m O S @ n w I tS S i h { d s @ p_h r/ E s t_h b @ s t_h f O r/ err n a U I n @ tS O k_h I N k_h s A b
L2_arctic_WAV/SVBI_arctic_a0107,I f j u o U n l i k_h U d n o U h a U a I T { N k_h j u,I f j u k_h O n l i k_h U d n O h a U a I T { N k_h j u
L2_arctic_WAV/SVBI_arctic_a0108,h i w e I d I d I n t_h u D @ E dZ @ v D V w O t_h 3` { n d b I g { n s k_h r/ V b I N h I m s E l f,h i w E d I d I n t_h u D @ E dZ @ f D V w O t_h 3` { n b I g { n s k_h r/ V b I N h I m s E l f
L2_arctic_WAV/SVBI_arctic_a0109,d u j u n o U D { t_h j u 3` S e I k_h I N m a I k_h A n f @ d @ n s I n j u,d u j u n O D { t_h j u @ r/ S E k_h I N m a I k_h A n f @ d @ n s I n j u
L2_arctic_WAV/SVBI_arctic_a0111,I n s t_h E d h i dZ O I n d h 3` { n d D e I e I t_h l a I k_h t_h u h V N g r/ i tS I l d r/ @ n,I n s t_h E d h i dZ O I n d h 3` { n D E E t_h l a I k_h t_h u h V N g r/ i tS I l d r/ @ n
L2_arctic_WAV/SVBI_arctic_a0112,h i w @ z w u n d @ d I n D V A r/ m,h i w @ s w u n d @ d I n D V A m
L2_arctic_WAV/SVBI_arctic_a0113,a I s @ p_h o U z j u p_h I k_h t_h D @ t_h l I N g o U V p_h @ m V N D @ I n d i @ n z,A s @ p_h O s j u p_h I g D @ t_h l I N g O V p_h @ m V N D @ I n d i @ n s
L2_arctic_WAV/SVBI_arctic_a0115,h i h { d n o U I k_h s k_h j u z f 3` D @ f i l I N z w I tS w 3` 3` a U z d I n h I m,h i h { d n O I k_h s k_h j u s f @ d @ f i l I N s w I tS w @ r/ 3` O s t_h I n h I m
L2_arctic_WAV/SVBI_arctic_a0116,w V z I t_h D V r/ A n d I v u V v D o U z h u w 3` s t_h r/ a I v I N t_h u w 3` k_h h I z r/ u I n,w V z I D V r/ A n d I v u V f D O s h u w @ r/ s t_h r/ a I v I N t_h u w @ k_h h I z r/ u I n
L2_arctic_WAV/SVBI_arctic_a0117,S i { d I d w I D dZ E n j @ w @ n s I m p_h @ T i I n h 3` f e I s @ n d v O I s,S i { d I d w I D dZ E n j @ @ n s I m p_h @ T i I n h 3` f E s @ n w O I s
L2_arctic_WAV/SVBI_arctic_a0120,m a I r/ a I t_h f U t_h f i l z l a I k_h D @ t_h V v e I tS a I n i z d E b j @ t_h A n t_h,m a I r/ a I t_h f U t_h f i l s l a I D @ t_h V f E tS a I n i s d E b U t_h A n t_h
L2_arctic_WAV/SVBI_arctic_a0121,D e I e I t_h d I n 3` { t_h D @ f I f T { n d r/ E s t_h @ d f O r/ t_h u a U 3` z,D E E t_h d I n @ r/ { D @ f I f T { n r/ E s t_h @ d f O r/ t_h u A 3` s
L2_arctic_WAV/SVBI_arctic_a0122,t_h u j I r/ z @ g o U a I g e I v V p_h s I v @ l I z e I S @ n f 3` D I s,t_h u j I r/ s @ g O a I g E v V p_h s I v @ l I z e I S @ n f @ r/ D I s
L2_arctic_WAV/SVBI_arctic_a0123,S i h { d d a I d f r/ V m k_h o U l d { n d s t_h A r/ v e I S @ n,S i h { d a I f r/ V m k_h O l d { n d s t_h A r/ v E S @ n
L2_arctic_WAV/SVBI_arctic_a0125,h i w @ z d I t_h 3` m @ n d n a U t_h u m e I n t_h e I n e I m O r/ s 3` t_h @ n h o U l d @ p_h A n h I m s E l f,h i v @ z d I t_h 3` m a I n n a U t_h u m E n t_h E n E m O r/ s 3` t_h @ n h O l d @ p_h A n h I m s E l f
L2_arctic_WAV/SVBI_arctic_a0126,i tS d e I S i b I k_h e I m @ m O r/ v a I t_h @ l p_h A r/ t_h V v h I m,i tS t_h E S i b I k_h E m @ m O r/ w a I t_h @ l p_h A r/ t_h V f h I m
L2_arctic_WAV/SVBI_arctic_a0127,I t_h w @ z @ t_h E m t_h e I S @ n b V t_h h i r/ I z I s t_h I d I t_h,I t_h v @ z @ t_h E m t_h E S @ n b V t_h h i r/ I s I s t_h I d I t_h
L2_arctic_WAV/SVBI_arctic_a0128,D I s w V n h o U p_h w O z d I s t_h r/ O I d { z k_h w I k_h l i { z I t_h w @ z b O r/ n,D I s w V n h O p_h w O s d I s t_h r/ O I d { s k_h w I k_h l i { z I t_h w @ z b O n
L2_arctic_WAV/SVBI_arctic_a0129,h 3` f e I s w O z @ g E n s t_h h I z b r/ E s t_h,h 3` r/ f E s w O s @ g E n s h I z b r/ E s t_h
L2_arctic_WAV/SVBI_arctic_a0130,S i w @ z h I z n a U f 3` E v 3`,S i w @ s h I s n a U f @ r/ E v 3`
L2_arctic_WAV/SVBI_arctic_a0131,p_h r/ A v @ d @ n s h { d d I l I v 3` d h I m T r/ u D @ m e I l s t_h r/ @ m,p_h A v @ r/ @ n s h { d I l I v 3` d h I m T r/ u D @ m E l s t_h r/ @ m
L2_arctic_WAV/SVBI_arctic_a0134,h i o U b e I d D @ p_h r/ E S 3` V v h 3` h { n d,h i O b E D @ p_h r/ E Z @ r/ V f h @ r/ h { n
L2_arctic_WAV/SVBI_arctic_a0136,@ b a U t_h h I m E v r/ i w E r/ w 3` D @ E v @ d @ n s @ z V v l V g Z 3` i @ n d V v e I dZ,@ b a U t_h h I m E v r/ i v E r/ v @ D @ E err @ r/ @ n s @ s V f l V g Z 3` i @ n d V f E dZ
L2_arctic_WAV/SVBI_arctic_a0137,D E n h i s t_h E p_h t_h b { k_h w I T @ l o U k_h r/ a I @ v p_h l E Z 3`,D E n h i s t_h E b b { k_h w I T @ l O k_h r/ a I @ f p_h l E Z @ r/
L2_arctic_WAV/SVBI_arctic_a0139,h i t_h o U l d h I m s E l f D @ t_h { z h i w A S t_h h I m s E l f @ n d g r/ u m d h I z d I S E v @ l d k_h l o U D z,h i t_h O l r/ I m s E l f D @ t_h { s h i w A S t_h h I m s E l f @ n g r/ u m d h I z d I S h E v @ l k_h l O T s
L2_arctic_WAV/SVBI_arctic_a0144,b V t_h D E r/ w V z s V m T I N i v I n m O r/ s t_h A r/ t_h l I N D { n D I s r/ I z E m b l @ n s,b V t_h D E r/ w V z s V m T I N i v I n m O r/ s A r/ t_h l I N D { n D I s r/ I z E m b l @ n s
L2_arctic_WAV/SVBI_arctic_a0159,D e I l U k_h { z D o U h i h { d b I n d r/ V m I N e I p_h i { n @ O l h I z l a I f,D e I l U k_h { z T o U h i h { d b I n d r/ V m I N e I p_h i { n @ O l h I s l a I f
L2_arctic_WAV/SVBI_arctic_a0168,l o U b U S w I p_h t_h h I m I n D @ f e I s { n d l E f t_h n o U s t_h I N,l o U b U S w @ p_h t_h h I m I n D @ f E s { n d l E f n o U s t_h I N k_h
L2_arctic_WAV/SVBI_arctic_a0178,E v r/ i b o U n I n h 3` e I dZ d b A d i s i m d b r/ o U k_h @ n 3` d I s l o U k_h e I t_h I d,E v r/ i b o U w n I n h r/ e I tS b O d i s i m d b r/ o U k_h @ n 3` d I s l o U k_h e I t_h I d
L2_arctic_WAV/SVBI_arctic_a0188,t_h u dZ a I g { n t_h I k_h a U l z w 3` t_h E r/ I N { t_h D @ k_h A r/ k_h @ s,t_h u Z a I g { n t_h I k_h O l z w 3` t_h E r/ I N { t_h D @ k_h A r/ k_h A s
L2_arctic_WAV/SVBI_arctic_a0191,f 3` @ t_h a I m D @ I k_h s a I t_h I N T r/ I l V v h I z @ d v E n tS 3` w O z g O n,f r/ @ t_h a I m D @ I k_h z a I t_h I N T r/ I l V f h I z @ d v E n tS 3` w O z g O n
L2_arctic_WAV/SVBI_arctic_a0199,D V s h { d D V r/ A w I l d 3` n @ s p_h r/ i p_h E r/ d h I m f r/ 3` D I s d e I,D V s h { d D V r/ A w I l @ n @ s p_h r/ i p_h E r/ d h I m f r/ 3` d D I s d e I
L2_arctic_WAV/SVBI_arctic_a0208,j u T h { d k_h V m b { k_h t_h u h 3` f r/ i d f r/ V m D @ j o U k_h V v @ p_h r/ E S @ n,j u t_h h { d k_h V m b { k_h t_h u h r/ f r/ i d f r/ V m D @ j o U k_h V f @ p_h r/ E S @ n
L2_arctic_WAV/SVBI_arctic_a0214,b i s a I d z h i w @ z p_h e I d w V n k_h e I s @ v t_h @ b { k_h o U p_h 3` h E d,b i s a I d z h i w @ s p_h e I d w V n k_h E s @ v t_h o U b { k_h o U p_h 3` h E d
L2_arctic_WAV/SVBI_arctic_a0246,j u h { v h 3` d O l w e I z h a U h i w V z D @ l V v 3` V v D @ p_h r/ I n s E s n e I o U m i,j u h { v h 3` d O l w e I s h a U h i w V z D @ l V v 3` V v D @ p_h r/ I n s E s n @ o U m i
L2_arctic_WAV/SVBI_arctic_a0255,j u w o U n t_h d a I @ v m { l n u t_h r/ I S @ n b i S U r/ V v D { t_h,j u w o U n d a I @ v m O l j u t_h r/ I S @ n b i S u r/ V f D { t_h
L2_arctic_WAV/SVBI_arctic_a0266,D e I h { n d @ l d t_h u m E n O l r/ E d i b o U T g r/ V b T i v z,D e I h { n d @ l t_h u m E n O l r/ d i b o U t_h g r/ V b T i v s
L2_arctic_WAV/SVBI_arctic_a0269,D { t_h s w E r/ D e I k_h V t_h O f D V s k_h A t_h I S tS i f s { n d k_h I l d O l h { n d z,D { t_h s w E r/ D @ k_h V t_h O f D V s k_h O t_h I S tS i f s { n d k_h I l O l h { n d s
L2_arctic_WAV/SVBI_arctic_a0272,j u k_h @ n t_h e I k_h @ v e I k_h e I S @ n A n p_h e I,j u k_h @ n t_h e I k_h @ v e I k_h e I S @ n A n p_h e I
L2_arctic_WAV/SVBI_arctic_a0282,I f j u m i n t_h @ I n s I n j u e I t_h b r/ E n t_h w U d b I g { n h A t_h l i,I f j u m i n t_h @ I n s I n j u e I b r/ E n t_h w U d b I g { n h A t_h l i
L2_arctic_WAV/SVBI_arctic_a0292,h i r/ I n D @ m I d m O r/ n I N D @ f 3` s t_h k_h { Z @ l t_h i @ k_h 3` d,h i r/ I n D @ m I d m O r/ n I N D @ f U s t_h k_h { Z @ l t_h i @ k_h 3` d
L2_arctic_WAV/SVBI_arctic_a0301,b V t_h O l m a I d r/ i m z v a I @ l e I t_h I d D I s l O,b V t_h O l m a I d r/ i m s v a I @ l e I t_h I d D I s l O
L2_arctic_WAV/SVBI_arctic_a0303,b V t_h D e I m e I k_h D @ m I s t_h e I k_h V v I g n O r/ I N D E r/ o U n d u { l @ t_h i,b V t_h D e I m e I D @ m I s t_h e I k_h V f I g n O r/ I N D E r/ o U n d u { l t_h i
L2_arctic_WAV/SVBI_arctic_a0365,D i z r/ u m 3` z m e I i v I n 3` I dZ @ n e I t_h w I T V s,D i s r/ u m 3` s m e I i v I n 3` I Z @ n e I t_h w I T V s
L2_arctic_WAV/SVBI_arctic_a0384,D @ f A r/ m 3` w 3` k_h s D @ s O I l { n d p_h r/ @ d u s @ z g r/ e I n,D @ f A r/ m r/ w U k_h s T @ s O I l { n d p_h r/ @ d u s @ z g r/ e I n
L2_arctic_WAV/SVBI_arctic_a0405,I t_h s i m d D V O r/ d e I n d O r/ d 3` V v T I N z D { t_h d O g z S U d w 3` k_h,I t_h s i m D V O r/ d e I n d A r/ d 3` V f T I N k_h s D { t_h d O g z S U d w U k_h
L2_arctic_WAV/SVBI_arctic_a0410,s o U w i h { v t_h @ f I t_h D V b o U t_h T r/ u a U t_h w I T O I l l { m p_h s { z w E l,s o U v i h E v t_h @ f I d D V b o U t_h T r/ u o U t_h w I T O I l { m p_h s { s w E l
L2_arctic_WAV/SVBI_arctic_a0411,I t_h w I l b r/ e I k_h A r/ h A r/ t_h s { n d A r/ b { k_h s t_h u h O I s t_h { N k_h 3` b a I h { n d,I t_h w I l b r/ e I k_h a U r/ h A r/ t_h s { n d A r/ b { g s t_h u h O I s t_h { N k_h r/ b a I h { n
L2_arctic_WAV/SVBI_arctic_a0416,D V { d @ d w e I t_h h { d @ v @ l A s @ t_h i V v f I f t_h i n m a I l z p_h 3` a U r/,D V { d @ d w e I t_h h { d @ v @ l A s @ t_h i V v f I f t_h i n m a I l z p_h r/ a U r/
L2_arctic_WAV/SVBI_arctic_a0424,A b v i @ s l i I t_h w V z @ d I z i z D @ t_h k_h U d b i k_h A n t_h r/ { k_h t_h @ d b a I k_h A n t_h { k_h t_h,A v i @ s l i I t_h w V z @ d I s i z D @ t_h k_h u d b i k_h A n t_h r/ { k_h t_h @ d b a I k_h A n t_h { k_h t_h
L2_arctic_WAV/HJK_arctic_a0003,f r/ 3` D @ t_h w E n i @ T t_h a I m D { t_h i v n I N D @ t_h u m E n S U k_h h { n d z,f r/ 3` d @ t_h w E n i @ T t_h a I m d { t_h i v n I N d @ t_h u m E n S U k_h h { n d s
L2_arctic_WAV/HJK_arctic_a0005,w I l w i E v 3` f 3` g E t_h I t_h,w I l w i E v 3` f 3` g { t_h I t_h
L2_arctic_WAV/HJK_arctic_a0006,g A d b l E s @ m a I h o U p_h a I l g o U A n s i I N D E m f 3` E v 3`,g A d b l { s @ m a I h o U p_h a I l g o U A n s i I N d E m f 3` E v 3`
L2_arctic_WAV/HJK_arctic_a0007,{ n d j u O l w i z w A n t_h t_h @ s i I t_h I n D @ s U p_h 3` l @ t_h I v d I g r/ i,{ n d j u O l w i z w A n t_h t_h @ s i I t_h I n d @ s U p_h 3` l @ t_h I v d I g r/ i
L2_arctic_WAV/HJK_arctic_a0008,g { d j U r/ l E t_h 3` k_h e I m dZ I s t_h I n t_h a I m,g { d j U r/ l E t_h 3` k_h e I m dZ I s t_h I n t_h a I m
L2_arctic_WAV/HJK_arctic_a0010,a I m p_h l e I I N @ s I N g @ l h { n d I n w V t_h l U k_h s l a I k_h @ l u z I N g e I m,a I m p_h l e I I N @ s I N g @ l h { n d I n w V t_h l U k_h s l a I k_h @ l u s I N g e I m
L2_arctic_WAV/HJK_arctic_a0011,I f a I E v 3` n i d I d @ f a I t_h 3` I n m a I l a I f a I n i d w V n n a U,I f a I E v 3` n i d I d @ f a I t_h 3` I n m a I l a I f a I n i d w V n n a U
L2_arctic_WAV/HJK_arctic_a0013,h i w V z e I h E d S O r/ t_h 3` D { n h I z k_h @ m p_h { n j @ n @ v O l m o U s t_h d E l @ k_h @ t_h f @ z i k_h,h i w V z e I h { d S O r/ t_h 3` D { n h I z k_h @ m p_h e I n j @ n @ v O l m o U s t_h d E l @ k_h @ t_h f @ dZ i k_h
L2_arctic_WAV/HJK_arctic_a0018,D E r/ w V z @ tS e I n dZ n a U,d E r/ w V s @ tS e I n dZ n a U
L2_arctic_WAV/HJK_arctic_a0019,a I f A l o U d D @ l a I n @ v D @ p_h r/ @ p_h o U z d r/ e I l r/ o U d l U k_h I N f r/ 3` tS { n s I z,a I f A l o U d d @ l a I n @ v D @ p_h r/ @ p_h o U z d r/ e I l r/ o U t_h l U k_h I N f r/ 3` tS { n s I s
L2_arctic_WAV/HJK_arctic_a0020,k_h l V b z @ n d b O l z { n d s I t_h i z g r/ u t_h u b i o U n l i m E m 3` i z,k_h l V b s @ n d b O l s { n d s I t_h i s g r/ u t_h u b i o U n l i m E m 3` i s
L2_arctic_WAV/HJK_arctic_a0021,I t_h f E r/ l i k_h l V b d m i I n t_h u r/ E k_h @ g n a I z I N I t_h,I t_h f E r/ l i k_h l V b d m i I n t_h u r/ E k_h @ g n a I s I N I t_h
L2_arctic_WAV/HJK_arctic_a0022,h A r/ d l i w 3` A r/ p_h l { n z m e I d p_h V b l I k_h b i f O r/ w i w 3` m E t_h b a I p_h a U 3` f @ l A p_h @ z I S @ n,h A r/ d l i w 3` A r/ p_h l { n s m e I d p_h O b l I k_h b i f O r/ w i w 3` m E t_h b a I p_h a U 3` f @ l A p_h @ z I S @ n
L2_arctic_WAV/HJK_arctic_a0023,@ k_h A m b @ n e I S @ n @ v k_h @ n e I d i @ n k_h { p_h I t_h @ l k_h w I k_h l i O r/ g @ n a I z d { n d p_h @ t_h I S @ n d f r/ 3` D @ s e I m p_h r/ I v I l @ dZ @ z,@ k_h A m b @ n e I S @ n @ v k_h @ n e I d i @ n k_h { p_h I t_h @ l k_h w I k_h l i O r/ g @ n a I s d { n d p_h @ t_h I S @ n d f r/ 3` D @ s e I m p_h r/ I v I l @ dZ @ s
L2_arctic_WAV/HJK_arctic_a0024,I t_h w V z m a I r/ I p_h O r/ t_h s f 3` m D @ n O r/ T w I tS tS i f l i I n d u s t_h p_h i p_h @ l t_h u b a I,I t_h w V s m a I r/ I s p_h O r/ t_h s f 3` m D @ n 3` r/ T w I tS tS I f l i I n d u s t_h p_h i p_h @ l t_h u b a I
L2_arctic_WAV/HJK_arctic_a0025,a I w V z @ b a U t_h t_h I d u D I s w E n k_h u l 3` dZ V dZ m @ n t_h p_h r/ i v e I l d,a I w V s @ b a U t_h t_h I d u d I s w E n k_h u l 3` dZ V dZ m @ n t_h p_h r/ i v e I l t_h
L2_arctic_WAV/HJK_arctic_a0026,I t_h @ k_h 3` d t_h @ m i D { t_h D E r/ w U d h { v t_h u b i { n @ k_h a U n t_h I N,I t_h @ k_h 3` r/ r/ @ m i d { t_h d E r/ w U d h { v t_h u b i { n @ k_h a U n t_h I N
L2_arctic_WAV/HJK_arctic_a0027,t_h u m a I s 3` p_h r/ a I z h i b i g { n t_h I S o U { k_h S @ l I n T u z i { z @ m I n m a I f e I v 3`,t_h u m a I s 3` p_h r/ a I s h i b i g { n t_h I S o U { k_h S @ l I n t_h u s i { s @ m I n m a I f e I v 3`
L2_arctic_WAV/HJK_arctic_a0028,r/ A b 3` i b r/ a I b 3` i f r/ O d,r/ A b 3` i b r/ a I b 3` i f r/ a U d
L2_arctic_WAV/HJK_arctic_a0029,D E r/ f O r/ s I z w 3` O l r/ E d i m u v I N I n t_h u D @ n O r/ T k_h V n t_h r/ i,d E r/ f O r/ s I s w 3` O l r/ { d i m u v I N I n t_h u D @ n O r/ s k_h V n t_h r/ i
L2_arctic_WAV/HJK_arctic_a0030,a I h { d f e I T I n D E m,a I h { d f e I T I n D { m
L2_arctic_WAV/HJK_arctic_a0031,D e I w 3` T r/ i h V n d r/ @ d j A r/ d z @ p_h A r/ t_h,d e I w 3` T r/ i h V n d r/ @ d j A r/ d z @ p_h A r/ t_h
L2_arctic_WAV/HJK_arctic_a0032,s I n s D E n s V m m I s t_h I r/ i @ s f O r/ s h { z b I n f a I t_h I N V s { t_h E v r/ i s t_h E p_h,s I n s d { n s V m m I s t_h I r/ i @ s f O r/ s h { s b I n f a I t_h I N V s { t_h E v r/ i s t_h E p_h
L2_arctic_WAV/HJK_arctic_a0036,S i t_h 3` n d I n { t_h D i h o U t_h E l,S i t_h 3` n d I n { t_h d i h o U t_h E l
L2_arctic_WAV/HJK_arctic_a0037,a I w V z D i o U n l i w V n h u r/ I m e I n d s I t_h I N,a I w V z D i o U n l i w V n h u r/ I m e I n d s i t_h I N
L2_arctic_WAV/HJK_arctic_a0038,w I l h { v t_h u w O tS A r/ tS { n s I z,w I l h { v t_h u w O tS A r/ tS { n s I s
L2_arctic_WAV/HJK_arctic_a0039,D V S I p_h S U d b i I n w I D I n @ w i k_h O r/ t_h E n d e I z,d V S i p_h S U d b i I n w I d I n @ w i k_h O r/ t_h E n d e I s
L2_arctic_WAV/HJK_arctic_a0040,a I s @ p_h o U z j u w V n d 3` w a I S i I z k_h V m I N V p_h h i r/,a I s @ p_h o U s j u w V n d 3` w a I S i I s k_h V m I N V p_h h i r/
L2_arctic_WAV/HJK_arctic_a0041,m i n w a I l a I l g o U a U t_h t_h I b r/ i D @ s p_h E l,m i n w a I l a I l g o U a U t_h t_h I b i t_h @ s p_h E l
L2_arctic_WAV/HJK_arctic_a0042,h a U k_h U d h i I k_h s p_h l e I n h I z p_h @ z E S @ n @ v D @ s k_h E tS,h a U k_h U d h i I k_h s p_h l e I n h I s p_h @ z E S @ n @ v D @ s k_h { tS
L2_arctic_WAV/HJK_arctic_a0045,h i m u v d @ w e I E z k_h w a I @ t_h l i { z h i h { d k_h V m,h i m u v d @ w e I E s k_h w a I @ t_h l i { s h i h { d k_h V m
L2_arctic_WAV/HJK_arctic_a0046,D @ g 3` l f e I s t_h h I m h 3` a I z S a I n I N w I T s V d @ n f I r/,d @ g 3` l f e I s t_h h I m h 3` a I s S a I n I N w I T s V d @ n f I r/
L2_arctic_WAV/HJK_arctic_a0047,k_h l o U s b i s a I d h I m g l i m d D @ w a I t_h f { N z V v D @ w U l f d O g,k_h l o U s b i s a I d h I m g l i m d D @ w a I t_h f { N s V v D @ w U l f d o U k_h
L2_arctic_WAV/HJK_arctic_a0048,h i l U k_h t_h { t_h D @ h { N k_h 3` tS I f m O r/ k_h l o U s l i,h i l U k_h t_h { t_h D @ h { N k_h 3` tS I f m O r/ k_h l o U s l i
L2_arctic_WAV/HJK_arctic_a0051,D @ l e I s w V z V v @ d E l @ k_h @ t_h a I v 3` i k_h V l 3` f e I n t_h l i t_h I n t_h I d w I D j E l o U,d @ l e I s w V z V v @ d E l @ k_h @ t_h a I v 3` i k_h O l 3` f e I n t_h l i t_h I n t_h I d w I d j E l o U
L2_arctic_WAV/HJK_arctic_a0052,I t_h w V z @ k_h j U r/ i @ s k_h o U I n s I d @ n s,I t_h w V s @ k_h j U r/ i @ s k_h o U I n s I d @ n s
L2_arctic_WAV/HJK_arctic_a0053,s V d @ n l i h I z f I N g 3` z k_h l o U z d t_h a I t_h l i o U v 3` D @ h { N k_h 3` tS I f,s V d @ n l i h i z f I N g 3` s k_h l o U s d t_h a I t_h l i o U v 3` d @ h { N k_h 3` tS I f
L2_arctic_WAV/HJK_arctic_a0054,D E r/ w V z n V T I N A n D @ r/ A k_h,d E r/ w V z n V T I N A n D @ r/ A k_h
L2_arctic_WAV/HJK_arctic_a0058,a I k_h e I m f r/ 3` I n f O r/ m e I S @ n m O r/ a U t_h @ v k_h j U r/ i A s @ t_h i D { n E n i T I N E l s,a I k_h e I m f r/ 3` I n f O r/ m e I S @ n m O r/ a U t_h @ v k_h j U r/ i A s @ t_h i d { n E n i t_h I N E l s
L2_arctic_WAV/HJK_arctic_a0059,h I z I m { k_h j u l I t_h @ p_h I r/ @ n s w @ z g O n,h i s I m { k_h j u l e I t_h @ p_h I r/ @ n s w @ s g O n
L2_arctic_WAV/HJK_arctic_a0060,E n i w e I n o U w V n s O h 3` l a I k_h D { t_h,E n i w e I n o U w V n s O h 3` l a I k_h d { t_h
L2_arctic_WAV/HJK_arctic_a0062,D @ m E n s t_h E r/ d I n t_h u i tS V D 3` z f e I s,d @ m { n s t_h E r/ d I n t_h u i tS V d 3` s f e I s
L2_arctic_WAV/HJK_arctic_a0063,j E s I t_h w V z @ m { n h u { s t_h @ s t_h r/ e I n dZ 3`,j E s I t_h w V s @ m { n h u { s t_h @ s t_h r/ e I n dZ 3`
L2_arctic_WAV/HJK_arctic_a0064,D @ f O r/ T @ n d f I T d e I z p_h { s t_h w I D a U t_h E n i d I v E l @ p_h m @ n t_h s,d @ f O r/ T @ n d f I t_h d e I s p_h { s t_h w I d a U t_h E n i d I v E l @ p_h m @ n t_h s
L2_arctic_WAV/HJK_arctic_a0065,D e I k_h l o U z d n a U @ n t_h I l h I z f I N g 3` z w 3` l a I k_h k_h O r/ d z @ v s t_h i l,d e I k_h l o U s d n a U @ n t_h I l h I s f I N g 3` s w 3` l a I k_h k_h O r/ d s @ v s t_h I l
L2_arctic_WAV/HJK_arctic_a0067,S U r/ l i a I w @ l I k_h s k_h j u z j u S i k_h r/ a I d,S U r/ l i a I w @ l I k_h s k_h j u s j u S i k_h r/ a I d
L2_arctic_WAV/HJK_arctic_a0071,h w V t_h w V z D i A b dZ E k_h t_h @ v j U r/ l I t_h @ l s E n s e I S @ n,h w V t_h w V s d i A b dZ E k_h t_h @ v j U r/ l I t_h @ l s E n s e I S @ n
L2_arctic_WAV/HJK_arctic_a0073,D @ p_h r/ @ m o U t_h 3` z a I z w 3` h E v i w I D l I t_h @ l p_h V f i b { g z V n d 3` D E m,d @ p_h r/ @ m o U t_h 3` s a I s w 3` h { v i w I d l I t_h @ l p_h V f i b { g s V n d 3` d { m
L2_arctic_WAV/HJK_arctic_a0075,D E r/ h { z b I n @ tS e I n dZ S i I n 3` V p_h t_h I d h I m,d E r/ h { s b I n @ tS e I n dZ S i I n 3` V p_h t_h I d h I m
L2_arctic_WAV/HJK_arctic_a0076,D @ g r/ e I a I z f A l t_h 3` d D @ f l V S d i p_h @ n d,d @ g r/ e I a I z f A l t_h 3` d d @ f l V S d i p_h @ n d
L2_arctic_WAV/HJK_arctic_a0077,I t_h I z D V f a I 3` p_h A r/ t_h l i S i s E d,I t_h I z d V f a I 3` p_h A r/ t_h l i S i s { d
L2_arctic_WAV/HJK_arctic_a0078,D E n { n d { t_h s V p_h 3` h i t_h r/ a I d t_h @ f { D @ m h 3`,d { n { n d { t_h s V p_h 3` h i t_h r/ a I d t_h @ f { T @ m h 3`
L2_arctic_WAV/HJK_arctic_a0079,I t_h w V z @ l A r/ dZ k_h @ n u,I t_h w V z @ l A r/ S k_h @ n u
L2_arctic_WAV/HJK_arctic_a0081,h w V t_h I f S i d I d n A t_h k_h V m t_h I D @ r/ A k_h,h w V t_h I f S i d I d n A t_h k_h V m t_h I d @ r/ A k_h
L2_arctic_WAV/HJK_arctic_a0082,h I z f e I s w @ z s t_h r/ i m I N w I D b l V d,h I s f e I s w @ s s t_h r/ i m I N w I d b l V t_h
L2_arctic_WAV/HJK_arctic_a0085,@ t_h r/ I k_h @ l V v f r/ E S b l V d r/ { n o U v 3` h I z f e I s,@ t_h r/ I k_h @ l V v f r/ { S b l V d r/ { n o U v 3` h I z f e I s
L2_arctic_WAV/HJK_arctic_a0086,d E T h { d k_h V m w I D t_h E r/ @ b @ l s V d @ n n @ s,d { T h { d k_h V m w I t_h t_h E r/ @ b @ l s V d @ n n @ s
L2_arctic_WAV/HJK_arctic_a0088,h i m e I d S U r/ D { t_h D @ m { g @ z i n w @ z l o U d I d { n d r/ i z u m d h I z p_h { d l I N,h i m e I d S U r/ d { t_h d @ m { g @ Z i n w @ z l o U d I d { n d r/ i dZ u m d h I z p_h { d l I N
L2_arctic_WAV/HJK_arctic_a0089,D @ n a I t_h g l o U w V z t_h r/ E tS 3` @ s t_h I S u t_h b a I,d @ n a I t_h g l o U w V z t_h r/ E tS 3` @ s t_h I S U t_h b a I
L2_arctic_WAV/HJK_arctic_a0090,D @ s I N I N v O I s @ p_h r/ o U tS t_h r/ { p_h @ d l i,d @ s I N N v O I s @ p_h r/ o U tS t_h r/ { p_h @ d l i
L2_arctic_WAV/HJK_arctic_a0091,h I z b l V d g r/ u h A t_h w I D r/ e I dZ { t_h D @ T O t_h,h I s b l O d g r/ u h A t_h w I d r/ e I dZ { t_h D @ T O t_h
L2_arctic_WAV/HJK_arctic_a0092,h i w E n t_h d a U n I n m I d s t_h r/ i m s 3` tS I N D @ S { d o U z @ v b o U T S O r/ z,h i w E n t_h d a U n I n m i d s t_h r/ i m s 3` tS I N D @ S { d o U s @ v b o U T S O r/ s
L2_arctic_WAV/HJK_arctic_a0093,f r/ 3` @ f U l m I n @ t_h h i k_h r/ a U tS t_h { n d l I s @ n d,f r/ 3` @ f u l m I n @ t_h h i k_h r/ a U tS t_h { n d l I s @ n t_h
L2_arctic_WAV/HJK_arctic_a0094,h i h { d b E r/ l i E n t_h 3` d D I s w E n h i s O D V g l o U V v @ f a I 3`,h i h { d b E r/ l i E n t_h 3` d d E s w E n h i s O D V g l o U V v @ f a I 3`
L2_arctic_WAV/HJK_arctic_a0095,@ b I g k_h { n v @ s t_h E n t_h w V z D @ f 3` s t_h T I N t_h @ k_h V m w I T I n h I z v I Z @ n,@ b I g k_h { n v @ s t_h E n t_h w V s d @ f 3` s t_h t_h I N t_h @ k_h V m w I T I n h I z v I dZ @ n
L2_arctic_WAV/HJK_arctic_a0096,p_h 3` h { p_h s S i h { d O l r/ E d i m E t_h h 3` f e I t_h @ l I t_h @ l d i p_h 3` I n D @ f O r/ @ s t_h,p_h 3` h { p_h s S i h { d O l r/ E d i m { t_h h 3` f e I t_h @ l I t_h @ l d i p_h 3` I n D @ f O r/ @ s t_h
L2_arctic_WAV/HJK_arctic_a0097,D E n j u k_h { n 3` e I n dZ j 3` s E l f k_h V m f 3` t_h @ b l i @ m V N D i z r/ o U b z I n D @ b o U,d { n j u k_h { n 3` e I n dZ j 3` s E l f k_h V m f 3` t_h @ b l i @ m V N d i s r/ o U b s I n d @ b o U
L2_arctic_WAV/HJK_arctic_a0098,S { l a I k_h E r/ i j u,S E l a I k_h E r/ i j u
L2_arctic_WAV/HJK_arctic_a0099,@ m { d n I N dZ O I p_h a U n d I d I n h I z b r/ e I n,@ m { d n I N dZ O I p_h a U n d I d I n h I s b r/ e I n
L2_arctic_WAV/HJK_arctic_a0100,j u m V s t_h s l i p_h h i 3` dZ d,j u m V s t_h s l i p_h h i 3` Z d
L2_arctic_WAV/HJK_arctic_a0101,j u j u w U d n A t_h k_h i p_h D @ t_h r/ u T f r/ V m m i,j u j u w U d n A t_h k_h i p_h d @ t_h r/ u T f r/ V m m i
L2_arctic_WAV/HJK_arctic_a0102,h i w @ l f A l o U V s s u n,h i w @ l f A l o U V s s u n
L2_arctic_WAV/HJK_arctic_a0103,b V t_h D E r/ k_h e I m n o U p_h r/ A m @ s f r/ V m D @ b o U V v D @ k_h @ n u,b V t_h d E r/ k_h e I m n o U p_h r/ A m @ s f r/ V m d @ b o U V v d @ k_h @ n u
L2_arctic_WAV/HJK_arctic_a0104,S i w V z s l i p_h I N V n d 3` h I z p_h r/ @ t_h E k_h S @ n { z s w i t_h l i { z @ tS a I l d,S i w V z s l i p_h I N V n d 3` h I s p_h r/ @ t_h E k_h S @ n { d z s w i t_h l i { d s @ tS a I l d
L2_arctic_WAV/HJK_arctic_a0105,o U n l i I t_h I z s o U w V n d 3` f @ l s o U O l m o U s t_h I m p_h A s @ b @ l t_h I b I l i v,o U n l i I t_h I t_h s s o U w V n d 3` f @ l s o U O l m o U s t_h I m p_h A s @ b @ l t_h I b I l i v
L2_arctic_WAV/HJK_arctic_a0106,D i i m o U S @ n w I tS S i h { d s @ p_h r/ E s t_h b 3` s t_h f O r/ T n a U I n @ tS o U k_h I N s A b,d i i m o U S @ n w I tS S i h { d s @ p_h r/ E s t_h b 3` s t_h f O r/ T n a U I n @ tS o U k_h I N s A b
L2_arctic_WAV/HJK_arctic_a0107,I f j u o U n l i k_h U d n o U h a U a I T { N k_h j u,I f j u o U n l i k_h U d n o U h a U a I T { N k_h j u
L2_arctic_WAV/HJK_arctic_a0108,h i w e I d I d I n t_h u D i E dZ @ v D @ w O t_h 3` { n d b i g { n s k_h r/ V b I N h I m s E l f,h i w e I d I d I n t_h u d i { dZ @ v D @ w O t_h 3` { n d b i g { n s k_h r/ V b I N h I m s E l f
L2_arctic_WAV/HJK_arctic_a0109,d u j u n o U D { t_h j u 3` S e I k_h I N m a I k_h A n f @ d @ n s I n j u,d u j u n o U d { t_h j u 3` S e I k_h I N m a I k_h A n f @ d @ n s I n j u
L2_arctic_WAV/HJK_arctic_a0111,I n s t_h E d h i dZ O I n d h 3` { n d D e I e I t_h l a I k_h t_h u h V N g r/ i tS I l d r/ @ n,I n s t_h { d h i dZ O I n d h 3` { n d d e I e I t_h l a I k_h t_h u h V N g r/ i tS I l d r/ @ n
L2_arctic_WAV/HJK_arctic_a0112,h i w V z w u n d I d I n D i A r/ m,h i w V s w u n d I d I n d i A r/ m
L2_arctic_WAV/HJK_arctic_a0113,a I s @ p_h o U z j u p_h I k_h t_h D { t_h l I N g o U V p_h @ m V N D i I n d i @ n z,a I s @ p_h o U s j u p_h I k_h t_h d { t_h l I N g o U O p_h @ m V N d i I n d i @ n z
L2_arctic_WAV/HJK_arctic_a0115,h i h { d n o U I k_h s k_h j u s f r/ 3` D @ f i l I N z w I tS w 3` 3` a U z d I n h I m,h i h { d n o U I k_h s k_h j u s f r/ 3` d @ f I l I N z w I tS w 3` 3` a U s d I n h I m
L2_arctic_WAV/HJK_arctic_a0116,w V z I t_h D @ r/ A n d I v u V v D o U z h u w 3` s t_h r/ a I v I N t_h @ w 3` k_h h I z r/ u @ n,w V z I t_h D @ r/ A n d I v u V v d o U s h u w 3` s t_h r/ a I v I N t_h @ w 3` k_h h I z r/ u i n
L2_arctic_WAV/HJK_arctic_a0117,S i { d I d w I D dZ E n j @ w @ n s I m p_h @ T i I n h 3` f e I s { n d v O I s,S i { d I d w I d dZ { n j @ w @ n s I m p_h @ T i I n h 3` f e I s { n d b O I s
L2_arctic_WAV/HJK_arctic_a0120,m a I r/ a I t_h f U t_h f i l z l a I k_h D { t_h @ v @ tS a I n i z d E b j @ t_h A n t_h,m a I r/ a I t_h f U t_h f i l s l a I k_h d { t_h @ v @ tS a I n i z d E b j @ t_h A n t_h
L2_arctic_WAV/HJK_arctic_a0121,D e I e I t_h d I n 3` { t_h D @ f I T { n d r/ E s t_h I d f r/ 3` t_h u a U 3` z,d e I e I t_h d I n 3` { t_h D @ f I T { n d r/ { s t_h I d f r/ 3` t_h u a U 3` s
L2_arctic_WAV/HJK_arctic_a0122,t_h u j I r/ z @ g o U a I g e I v V p_h s I v @ l I z e I S @ n f r/ 3` D I s,t_h u j I r/ s @ g o U a I g e I v V p_h s I v @ l I Z e I S @ n f r/ 3` d I s
L2_arctic_WAV/HJK_arctic_a0123,S i h { d d a I d f 3` m k_h o U l d @ n d s t_h A r/ v e I S @ n,S i h { d d a I d f 3` m k_h o U l d @ n d s t_h 3` r/ v e I S @ n
L2_arctic_WAV/HJK_arctic_a0125,h i w V z d I t_h 3` m @ n d n a U t_h u m e I n t_h e I n @ m O r/ s 3` t_h @ n h o U l d @ p_h A n h I m s E l f,h i w V s d I t_h 3` m @ n d n a U t_h u m e I n t_h e I n @ m O r/ s 3` t_h @ n h o U l d @ p_h A n h I m s E l f
L2_arctic_WAV/HJK_arctic_a0126,i tS d e I S i b i k_h e I m @ m O r/ v a I t_h @ l p_h A r/ t_h @ v h I m,I tS d e I S i b i k_h e I m @ m O r/ v a I t_h @ l p_h A r/ t_h @ v h I m
L2_arctic_WAV/HJK_arctic_a0127,I t_h w V z @ t_h E m t_h e I S @ n b V t_h h i r/ i z I s t_h I d I t_h,I t_h w V s @ t_h E m t_h e I S @ n b V t_h h i r/ i dZ I s t_h I d I t_h
L2_arctic_WAV/HJK_arctic_a0128,D I s w V n h o U p_h w V z d I s t_h r/ O I d { z k_h w I k_h l i { z I t_h w V z b O r/ n,d I s w V n h o U p_h w V s d I s t_h r/ O I d { s k_h w I k_h l i { s I t_h w V s b O r/ n
L2_arctic_WAV/HJK_arctic_a0129,h 3` f e I s w V z @ g E n s t_h h I z b r/ E s t_h,h 3` f e I s w V z @ g { n s t_h h I z b r/ E s t_h
L2_arctic_WAV/HJK_arctic_a0130,S i w V z h I z n a U f 3` E v 3`,S i w V s h I s n a U f 3` E v 3`
L2_arctic_WAV/HJK_arctic_a0131,p_h r/ A v @ d @ n s h { d d I l I v 3` d h I m T r/ u D @ m e I l s t_h r/ @ m,p_h r/ A v @ d @ n s h { d d I l I v 3` d h I m T r/ u d @ m e I l s t_h r/ @ m
L2_arctic_WAV/HJK_arctic_a0134,h i o U b e I d D @ p_h r/ E S 3` @ v h 3` h { n d,h i o U b e I d d @ p_h r/ E S 3` @ v h 3` h { n d
L2_arctic_WAV/HJK_arctic_a0136,@ b a U t_h h I m E v r/ i w E r/ w 3` D i E v @ d @ n s @ z @ v l V g Z 3` i { n d @ v e I dZ,@ b O t_h h I m E v r/ i w E r/ w 3` d i E v @ d @ n s @ s @ v l V g Z 3` i { n d @ v e I S
L2_arctic_WAV/HJK_arctic_a0137,D E n h i s t_h E p_h t_h b { k_h w I D @ l o U k_h r/ a I @ v p_h l E Z 3`,d { n h i s t_h E p_h t_h b { k_h w I d @ l o U k_h r/ a I @ v p_h l E dZ 3`
L2_arctic_WAV/HJK_arctic_a0139,h i t_h o U l d h I m s E l f D { t_h { z h i w A S t_h h I m s E l f { n d g r/ u m d h I z d I S E v @ l d k_h l o U D z,h i t_h o U l d h I m s E l f D { t_h { z h i w A S t_h h I m s E l f { n d g r/ u m d h I z d I S I v @ l d k_h l o U D s
L2_arctic_WAV/HJK_arctic_a0143,A a I h { d f 3` g A t_h @ n h i I k_h s k_h l e I m d,A a I h { d f 3` g A t_h @ n h i I k_h s k_h l e I m d
L2_arctic_WAV/HJK_arctic_a0144,b V t_h D E r/ w V z s V m T I N i v I n m O r/ s t_h A r/ t_h @ l I N D { n D I s r/ i z E m b l @ n s,b V t_h d E r/ w V d s s V m T I N i v I n m O r/ s t_h A r/ t_h l I N d { n d I s r/ i z E m b l @ n s
L2_arctic_WAV/HJK_arctic_a0145,a I h { v t_h I b i k_h E r/ f @ l V v D E m { z D e I t_h I r/ v E r/ i i z @ l i,a I h { v t_h I b i k_h E r/ f @ l V v d { m { z D e I t_h I r/ v E r/ i i z @ l i
L2_arctic_WAV/HJK_arctic_a0148,n a U D i z T I N z h { d b I n s t_h r/ V k_h d E d w I T I n h I m,n a U d i s T i N s h { d b I n s t_h r/ V k_h d { d w I T I n h I m
L2_arctic_WAV/HJK_arctic_a0168,l o U b U S h w I p_h t_h h I m I n D @ f e I s { n d l E f t_h n o U s t_h I N,l o U b U S h w I p_h t_h h I m I n D @ f e I s { n d l E f t_h n o U s t_h I N
L2_arctic_WAV/HJK_arctic_a0178,E v r/ i b o U n I n h 3` e I dZ d b A d i s i m d b r/ o U k_h @ n O r/ d I s l o U k_h e I t_h I d,E v r/ i b o U n I n h 3` e I dZ d b A d i s i m d b r/ u k_h @ n O r/ d I s l o U k_h e I t_h I d
L2_arctic_WAV/HJK_arctic_a0209,I t_h w V z n A t_h @ l A r/ dZ l e I k_h { n d O l m o U s t_h r/ a U n d,I t_h w V z n A t_h @ l A r/ S l e I k_h { n d O l m o U s t_h r/ V n d
L2_arctic_WAV/HJK_arctic_a0233,a I n E v 3` @ l a U w V t_h k_h { n t_h b i tS e I n dZ d t_h u @ n O I m i,a I n E v 3` @ l a U w V t_h k_h { n t_h b i tS e I n dZ d t_h u @ n O I m i
L2_arctic_WAV/HJK_arctic_a0258,s o U k_h t_h I n s i w A t_h 3` D e I O f s E t_h D i h i t_h r/ e I z,s o U k_h t_h I n s i w A t_h 3` D e I O f s E t_h d i h i t_h r/ e I s
L2_arctic_WAV/HJK_arctic_a0260,n o U b A d i n j u h I z h I s t_h 3` i D e I V v D @ h U n t_h @ l i s t_h @ v O l,n o U b A d i n j u h i s h i s t_h 3` i d e I V v D @ h U n t_h @ l E s t_h @ v O l
L2_arctic_WAV/HJK_arctic_a0271,n a U p_h l i z g I v @ p_h l e I n s t_h e I t_h m @ n t_h V v w V t_h @ k_h 3` d,n a U p_h l i s g i v @ p_h l e I n s t_h e I t_h m E n t_h V v w V t_h @ k_h 3` d
L2_arctic_WAV/HJK_arctic_a0272,j u k_h { n t_h e I k_h @ v e I k_h e I S @ n A n p_h e I,j u k_h { n t_h e I k_h @ v e I k_h e I S @ n A n p_h e I
L2_arctic_WAV/HJK_arctic_a0303,b V t_h D e I m e I k_h D @ m I s t_h e I k_h @ v I g n O r/ I N D E r/ o U n d u { l @ t_h i,b V t_h d e I m e I k_h d @ m I s t_h e I k_h @ v I g n O r/ I N d E r/ o U n d u { l @ t_h i
L2_arctic_WAV/HJK_arctic_a0345,S i w V z t_h r/ a I I N t_h @ p_h { s D i e I p_h r/ @ n s t_h r/ I N 3` a U n d h I m,S i w V s t_h r/ a I I N t_h @ p_h { s D i e I p_h r/ @ n s t_h r/ I N 3` a U n d h I m
L2_arctic_WAV/HJK_arctic_a0364,w i h { v p_h l E n i @ v k_h { p_h I t_h @ l A r/ s E l v z { n d j E t_h w i w A n t_h m O r/,w i h { b p_h l E n i @ v k_h { p_h I t_h @ l A r/ s E l v z { n d j { t_h w i w A n t_h m O r/
L2_arctic_WAV/HJK_arctic_a0365,D i z r/ u m 3` z m e I i v I n 3` I dZ @ n e I t_h w I D V s,d i s r/ u m 3` s m e I i v I n 3` I dZ @ n e I t_h w I D V s
L2_arctic_WAV/HJK_arctic_a0369,I n p_h A r/ t_h n 3` S I p_h w I T d e I l a I t_h D @ p_h E r/ r/ e I d I d D @ s { n h o U z e I I n t_h 3` 3` b @ n,I n p_h A r/ t_h n 3` S I p_h w I T d e I l a I t_h D @ p_h E r/ r/ e I d I d d @ s { n dZ o U s I n t_h 3` 3` b @ n
L2_arctic_WAV/HJK_arctic_a0375,D @ b U tS 3` z { n d m i t_h k_h V t_h 3` z r/ I f j u z d t_h I h { n d @ l m i t_h d E s t_h I n d f r/ 3` V n f E r/ r/ E s t_h 3` A n t_h s,d @ b U tS 3` s { n d m I t_h k_h O t_h 3` s r/ I f j u s d t_h I h { n d @ l m i t_h d E s t_h i n d f r/ 3` V n f E r/ r/ E s t_h 3` A n t_h s
L2_arctic_WAV/HJK_arctic_a0378,D { t_h s w a I I t_h s b a U n d 3` i z A r/ O l g a U dZ d { n d dZ { g d,d { t_h s w a I I t_h s b a U n d 3` i s A r/ O l g a U S d { n d dZ { g d
L2_arctic_WAV/HJK_arctic_a0379,h a U o U l d 3` j u d { d i,h a U o U l d 3` j u d { d i
L2_arctic_WAV/HJK_arctic_a0384,D @ f A r/ m 3` w 3` k_h s D @ s O I l { n d p_h r/ @ d u s I z g r/ e I n,d @ f A r/ m 3` w 3` k_h s D @ s O I l { n d p_h r/ @ d u s I s g r/ e I n
L2_arctic_WAV/HJK_arctic_a0416,D i { d I d w e I t_h h { d @ v @ l A s @ t_h i @ v f I f t_h i n m a I l z p_h 3` a U 3`,d i { d I d w e I t_h h { d @ v @ l o U s @ t_h i @ v f I f t_h i n m a I l s p_h 3` a U 3`
L2_arctic_WAV/HJK_arctic_a0442,j u l I v A n @ n I n k_h V m w I tS j U r/ f A D 3` 3` r/ n d,j u l i v A n @ n i n k_h V m w I tS j U r/ f A D 3` O r/ n d
L2_arctic_WAV/HJK_arctic_a0475,h I z a U t_h s t_h r/ E tS t_h A r/ m d r/ A p_h t_h t_h u h I z s a I d { n d h i p_h O z d,h i s a U t_h s t_h r/ E tS t_h A r/ m d r/ A p_h t_h t_h u h I t_h s s a I d { n d h i p_h O s d
L2_arctic_WAV/HJK_arctic_a0495,h i b O r/ n o U g r/ V dZ I z { n d h { d f j u E n @ m i z,h i b O r/ n o U g r/ V tS I s { n d h { d f j u E n @ m E s
L2_arctic_WAV/HJK_arctic_a0542,w I D a U t_h @ d a U t_h s V m @ v D E m h { v d I n 3` E n g e I dZ m @ n t_h s,w I D a U t_h @ d a U t_h s V m @ v d E m h { b d I n 3` E n g e I S m @ n t_h s
L2_arctic_WAV/HJK_arctic_b0019,h I z s l I m h { n d z g r/ I p_h t_h D i E dZ I z @ v D @ t_h e I b @ l,h i d s s l I m h { n d s g r/ I p_h t_h D i { dZ I s @ v D @ t_h e I b @ l
L2_arctic_WAV/HJK_arctic_b0022,I f a I w V z a U t_h @ v D i g e I m I t_h w U d b i i z @ l i m e I d,I f a I w V z a U t_h @ v D i g e I m I t_h w U d b i i z @ l i m e I d
L2_arctic_WAV/HJK_arctic_b0047,s @ p_h o U z j u s O m i { t_h w 3` k_h T r/ u D @ w I n d o U,s @ p_h o U z j u s O m i { t_h w 3` k_h T r/ u D @ w I n d o U
L2_arctic_WAV/HJK_arctic_b0068,o U n l i D @ tS { n s s a U n d h { d l E d h I m t_h u @ b z 3` v D E m,o U n l i d @ tS { n s s a U n d h { d l { d h I m t_h u @ b dZ 3` v d { m
L2_arctic_WAV/HJK_arctic_b0106,f r/ 3` @ f U l m I n @ t_h D @ t_h u m E n s t_h E r/ d I n t_h u i tS V D 3` z f e I s,f r/ 3` @ f U l m I n @ t_h D @ t_h u m E n s t_h E r/ d I n t_h u i tS V D 3` z f e I s
L2_arctic_WAV/HJK_arctic_b0143,I t_h t_h U k_h h I m h { f @ n a U 3` t_h u r/ i tS D i E dZ @ v I t_h,I t_h t_h U k_h h I m h { f @ n a U 3` t_h u r/ I tS D i { dZ @ v I t_h
L2_arctic_WAV/HKK_arctic_a0003,f O r/ D @ t_h w E n i I T t_h a I m D { t_h i v n I N D @ t_h u m E n S U k_h h { n d z,f O r/ D @ t_h w E n i I T t_h a I m D { t_h i v n I N D @ t_h u m E n S U k_h h { n d z
L2_arctic_WAV/HKK_arctic_a0005,w @ l w i E v 3` f 3` g E t_h I t_h,w @ l w i E v 3` f 3` g E t_h i t_h
L2_arctic_WAV/HKK_arctic_a0006,g A d b l E s a I h o U p_h a I l g o U A n s i I N D @ m f 3` E v 3`,g A d b l E s d @ m a I h o U p_h a I l g o U A n s i I N D @ m f 3` E v 3`
L2_arctic_WAV/HKK_arctic_a0007,{ n d j u O l w e I z w A n t_h t_h I s i I t_h I n D i s U p_h 3` l @ t_h I v d I g r/ i,{ n d j u O l w e I z w A n t_h t_h I s i I t_h I n D i s U p_h 3` l @ t_h I v d I g r/ i
L2_arctic_WAV/HKK_arctic_a0008,g { d j U r/ l E t_h 3` k_h e I m dZ V s t_h I n t_h a I m,g O d j U r/ l E t_h 3` k_h e I m dZ V s t_h I n t_h a I m
L2_arctic_WAV/HKK_arctic_a0010,a I m p_h l e I I N @ s I N g @ l h { n d I n w V t_h l U k_h s l a I k_h @ l u z I N g e I m,a I m p_h l e I I N @ s I N g @ l h { n d I n w V t_h l U k_h s l a I k_h @ l u z I N g E m
L2_arctic_WAV/HKK_arctic_a0011,I f a I E v 3` n i d I d @ f a I t_h 3` I n m a I l a I f a I n i d w V n n a U,I f a I E v 3` n i d i d @ f a I t_h 3` I n m a I l a I f a I n i d w V n n a U
L2_arctic_WAV/HKK_arctic_a0013,h i w V z @ h E d S O r/ t_h 3` D { n h I z k_h @ m p_h { n j @ n V v O l m o U s t_h d E l @ k_h @ t_h f @ z i k_h,h i w V z @ h E d @ S O r/ t_h 3` D { n h I z k_h @ m p_h { n j @ n V v O l m O s d E l @ k_h @ t_h f I z i k_h
L2_arctic_WAV/HKK_arctic_a0018,D E r/ w V z @ tS e I n dZ n a U,D E r/ w V s @ tS e I n dZ n a U
L2_arctic_WAV/HKK_arctic_a0019,a I f A l o U d D @ l a I n V v D V p_h r/ @ p_h o U z d r/ e I l r/ o U d l U k_h I N f r/ 3` tS { n s I z,a I f A l o U d D @ l a I n V v D V p_h r/ @ p_h U z d r/ e I l r/ O d l U k_h I N f r/ 3` tS { n s i s
L2_arctic_WAV/HKK_arctic_a0020,k_h l V b z @ n d b O l z @ n d s I t_h i z g r/ u t_h u b i o U n l i m E m 3` i z,k_h l V b z @ n d b O r/ z @ n d s I t_h i z g r/ u t_h u b i O n l i m E m 3` i z
L2_arctic_WAV/HKK_arctic_a0021,I t_h f E r/ l i k_h l V b d m i I n t_h u r/ E k_h @ g n a I z I N I t_h,I t_h f E r/ l i k_h l V b d m i I n t_h u r/ E k_h @ g n a I z I N I t_h
L2_arctic_WAV/HKK_arctic_a0022,h A r/ d l i w 3` a U 3` p_h l { n z m e I d p_h V b l I k_h b i f O r/ w i w 3` m E t_h b a I p_h a U 3` f @ l A p_h @ z I S @ n,h A r/ d l i w 3` a U 3` p_h l { n z m e I d p_h V b l i k_h b i f 3` r/ w i w 3` m E t_h b a I p_h a U 3` f @ l A p_h @ Z I S @ n
L2_arctic_WAV/HKK_arctic_a0023,@ k_h A m b @ n e I S @ n @ v k_h @ n e I d i @ n k_h { p_h @ t_h @ l k_h w I k_h l i O r/ g @ n a I z d @ n d p_h @ t_h I S @ n d f r/ 3` D @ s e I m p_h r/ I v I l I dZ I z,@ k_h A m b @ n e I S @ n @ v k_h @ n e I d i @ n k_h { p_h @ t_h @ r/ k_h w I k_h l i O r/ g @ n a I z d @ n d p_h @ t_h i S @ n d f r/ 3` D @ s e I m p_h r/ I v I l i dZ I z
L2_arctic_WAV/HKK_arctic_a0024,I t_h w V z m a I r/ i p_h O r/ t_h s f r/ V m D @ n O r/ T h w I tS tS i f l i I n d u s t_h p_h i p_h @ l t_h @ b a I,I t_h w V z m a I l i p_h O r/ t_h s f r/ V m D @ n O r/ T h w I tS tS i f l i I n d u s t_h p_h i f @ l t_h @ b a I
L2_arctic_WAV/HKK_arctic_a0025,a I w V z @ b a U t_h t_h I d u D I s w E n k_h u l 3` dZ V dZ m @ n t_h p_h r/ i v e I l d,a I w V z @ b a U t_h t_h I d u D i s w E n k_h u l 3` dZ V dZ m @ n t_h p_h r/ i v e I l d
L2_arctic_WAV/HKK_arctic_a0026,I t_h @ k_h 3` d t_h @ m i D { t_h D E r/ w U d h { v t_h I b i @ n @ k_h a U n t_h I N,I t_h @ k_h 3` d t_h @ m i D { t_h d E r/ w U d h { v t_h I b i @ n @ k_h a U n t_h I N
L2_arctic_WAV/HKK_arctic_a0027,t_h @ m a I s @ p_h r/ a I z h i b i g { n t_h I S o U { k_h S @ l I n T u z i { z @ m I n m a I f e I v 3`,t_h @ m a I s @ p_h r/ a I z h i b i g { n t_h I S U { k_h S @ l I n T u z i { z @ m I n m a I f e I v 3`
L2_arctic_WAV/HKK_arctic_a0028,r/ A b 3` i b r/ a I b 3` i f r/ O d,r/ A b 3` i b r/ a I b 3` i p_h r/ O d
L2_arctic_WAV/HKK_arctic_a0029,D E r/ f O r/ s I z w 3` O l r/ E d i m u v I N I n t_h u D @ n O r/ T k_h V n t_h r/ i,D E r/ f 3` r/ s I z w 3` O l r/ E d i m u v I N I n t_h u D @ n O r/ s k_h V n t_h r/ i
L2_arctic_WAV/HKK_arctic_a0030,a I h { d f e I T I n D @ m,a I h { d f e I T I n D @ m
L2_arctic_WAV/HKK_arctic_a0031,D e I w 3` T r/ i h V n d r/ @ d j A r/ d z @ p_h A r/ t_h,D e I w 3` T r/ i h V n d r/ @ d j A r/ d z @ p_h A r/ t_h
L2_arctic_WAV/HKK_arctic_a0032,s I n s D E n s V m m I s t_h I r/ i @ s f O r/ s h { z b I n f a I t_h I N V s { t_h E v r/ i s t_h E p_h,s I n s D E n s V m m I s t_h I r/ i @ s f O r/ s h { z b I n f a I t_h I N V s { t_h E v r/ i s t_h E p_h
L2_arctic_WAV/HKK_arctic_a0036,S i t_h 3` n d I n { t_h D V h o U t_h E l,S i t_h V n d I n { t_h D V h o U t_h E l
L2_arctic_WAV/HKK_arctic_a0037,a I w V z D i o U n l i w V n h u r/ i m e I n d s I t_h I N,a I w V z D i o U n l i w V n h u r/ i m e I n d s I t_h I N
L2_arctic_WAV/HKK_arctic_a0038,w i l h { v t_h u w A tS a U 3` tS { n s I z,w i l h { v t_h u w A tS a U 3` tS { n s i z
L2_arctic_WAV/HKK_arctic_a0039,D @ S I p_h S U d b i I n w I T I n @ w i k_h O r/ t_h E n d e I z,D @ S I p_h S U d b i I n w I T i n @ w i k_h O r/ t_h E n d e I z
L2_arctic_WAV/HKK_arctic_a0040,a I s @ p_h o U z j u w V n d 3` w a I S i I z k_h V m I N V p_h h i r/,a I s @ p_h o U z j u w V n d 3` w a I S i I z k_h V m I N V p_h h i r/
L2_arctic_WAV/HKK_arctic_a0041,m i n w a I l a I l g o U a U t_h t_h @ b r/ i D @ s p_h E l,m i n w a I l a I l g o U a U t_h t_h @ b r/ i D @ s p_h E l
L2_arctic_WAV/HKK_arctic_a0042,h a U k_h U d h i I k_h s p_h l e I n h I z p_h @ z E S @ n V v D @ s k_h E tS,h a U k_h U d h i I k_h s p_h l e I n h I z p_h @ Z E S @ n V v D @ s k_h E tS
L2_arctic_WAV/HKK_arctic_a0045,h i m u v d @ w e I { z k_h w a I @ t_h l i { z h i h { d k_h V m,h i m u v d @ w e I { z k_h w a I @ t_h l i { z h i h { d k_h V m
L2_arctic_WAV/HKK_arctic_a0046,D @ g 3` l f e I s t_h h I m h 3` a I z S a I n I N w I D s V d @ n f I r/,D @ g 3` l f e I s t_h h i m h 3` a I z S a I n I N w I D s V d @ n f I r/
L2_arctic_WAV/HKK_arctic_a0047,k_h l o U z b i s a I d h I m g l i m d D V w a I t_h f { N z @ v D @ w U l f d O g,k_h l o U z b i s a I d h I m g l i m d D V w a I t_h f { N z @ v D @ w U l f d O g
L2_arctic_WAV/HKK_arctic_a0048,h i l U k_h t_h { t_h D @ h { N k_h 3` tS I f m O r/ k_h l o U s l i,h i l U k_h t_h { t_h D @ h { N k_h 3` tS I f m O r/ k_h l o U s l i
L2_arctic_WAV/HKK_arctic_a0051,D @ l e I s w V z @ v @ d E l @ k_h @ t_h a I v 3` i k_h O l 3` f e I n t_h l i t_h I n t_h I d w I D j E l o U,D @ l e I s w V z @ v @ d E l I k_h @ t_h a I v 3` i k_h O l 3` f e I n t_h I l i t_h i n t_h I d w I D j E l o U
L2_arctic_WAV/HKK_arctic_a0052,I t_h w V z @ k_h j U r/ i @ s k_h o U I n s I d @ n s,I t_h w V z @ k_h j U r/ i @ s k_h o U err I n s I d @ n s
L2_arctic_WAV/HKK_arctic_a0053,s V d @ n l i h I z f I N g 3` z k_h l o U z d t_h a I t_h l i o U v 3` D @ h { N k_h 3` tS I f,s V d @ n l i h I z f I N g 3` s k_h l o U z d t_h V t_h l i o U v 3` D @ h { N k_h 3` tS I p_h
L2_arctic_WAV/HKK_arctic_a0054,D E r/ w V z n V T I N A n D @ r/ A k_h,d E r/ w V z n V T i N A n D @ r/ A k_h
L2_arctic_WAV/HKK_arctic_a0058,a I k_h e I m f r/ 3` I n f 3` m e I S @ n m O r/ a U t_h @ v k_h j U r/ i A s @ t_h i D { n E n i T I N E l s,a I k_h e I m f r/ 3` I n f 3` m e I S @ n m O r/ a U t_h @ v k_h j U r/ i A s @ t_h i D { n E n i T i N E r/ s
L2_arctic_WAV/HKK_arctic_a0059,h I z I m { k_h j u l I t_h @ p_h I r/ @ n s w V z g O n,h i s I m { k_h j u l e I t_h @ p_h I r/ @ n s w V s g o U n
L2_arctic_WAV/HKK_arctic_a0060,E n i w e I n o U w V n s O h 3` l a I k_h D { t_h,E n i w e I n o U w V n s o U h 3` l a I k_h d { t_h
L2_arctic_WAV/HKK_arctic_a0062,D @ m E n s t_h E r/ d I n t_h u i tS V D 3` z f e I s,D @ m { n s t_h I E r/ d I n t_h u i tS V D 3` s f e I s
L2_arctic_WAV/HKK_arctic_a0063,j E s I t_h w V z @ m { n h u { s k_h t_h @ s d r/ e I n dZ 3`,j E s I t_h w V s @ m { n h u A s k_h t_h @ s t_h r/ e I n dZ 3`
L2_arctic_WAV/HKK_arctic_a0064,D V f O r/ T @ n d f I T d e I z p_h { s t_h w I D a U t_h E n i d I v E l @ p_h m @ n t_h s,D V f err r/ s @ n d f I t_h s d e I s p_h { s t_h w I d a U t_h E n i d I b E l @ p_h m @ n t_h s
L2_arctic_WAV/HKK_arctic_a0065,D e I k_h l o U z d n a U @ n t_h I l h I z f I N g 3` z w 3` l a I k_h k_h O r/ d z @ v s t_h i l,D e I k_h l o U z d n a U @ n t_h I r/ h I z f I N g 3` s w 3` l a I k_h k_h O r/ d z @ v s t_h i l
L2_arctic_WAV/HKK_arctic_a0067,S U r/ l i a I w I l I k_h s k_h j u z j u S i k_h r/ a I d,S U r/ l i a I w I r/ I k_h s k_h j z j u S i k_h r/ a I t_h
L2_arctic_WAV/HKK_arctic_a0071,w V t_h w V z D i A b dZ E k_h t_h V v j U r/ l I t_h @ l s E n s e I S @ n,w V t_h w V s D i A p_h @ dZ E k_h t_h V v j U r/ l i t_h @ l s E n s e I S @ n
L2_arctic_WAV/HKK_arctic_a0073,D @ p_h r/ @ m o U t_h 3` z a I z w 3` h E v i w I D l I t_h @ l p_h V f i b { g z V n d 3` D E m,D @ p_h r/ @ m o U t_h 3` s a I z w 3` h { v i w I d l i t_h @ r/ p_h V p_h i v { k_h s V n d 3` d E m
L2_arctic_WAV/HKK_arctic_a0075,D E r/ h { z b I n @ tS e I n dZ S i I n t_h 3` V p_h t_h I d h I m,d E r/ h { z b I n @ tS e I n dZ S i I n t_h 3` V p_h t_h I d h i m
L2_arctic_WAV/HKK_arctic_a0076,D @ g r/ e I a I z f A l t_h 3` d D @ f l V S d i p_h @ n d,D @ g r/ e I a I s f A r/ t_h 3` d d @ f l V S d i p_h @ n d
L2_arctic_WAV/HKK_arctic_a0077,I t_h I z D @ f a I 3` p_h A r/ t_h l i S i s E d,I t_h i s D @ f a I 3` p_h A r/ t_h l i S i s E d
L2_arctic_WAV/HKK_arctic_a0078,D E n { n d { t_h s V p_h 3` h i t_h r/ a I d t_h @ f { D @ m h 3`,d E n { n d { t_h s V p_h 3` h i t_h r/ a I d t_h @ f { D @ m h 3`
L2_arctic_WAV/HKK_arctic_a0079,I t_h w V z @ l A r/ dZ k_h @ n u,I t_h w V s @ l A r/ dZ k_h @ n u
L2_arctic_WAV/HKK_arctic_a0081,h w V t_h I f S i d I d n A t_h k_h V m t_h I D @ r/ A k_h,h w V t_h I f S i d i d n A t_h k_h V m t_h I d @ r/ A k_h
L2_arctic_WAV/HKK_arctic_a0082,h I z f e I s w V z s d r/ i m I N w I D b l V d,h i s f e I s w V z s t_h r/ i m I N w I d b l V d
L2_arctic_WAV/HKK_arctic_a0085,@ t_h r/ I k_h @ l V v f r/ E S b l V d r/ { n o U v 3` h I z f e I s,@ t_h r/ I k_h @ r/ V v f r/ E S b l V d r/ { n o U v 3` h I s f e I s
L2_arctic_WAV/HKK_arctic_a0086,d E T h { d k_h V m w I D t_h E r/ @ b @ l s V d @ n n @ s,d E s h { d k_h V m w I d t_h E err @ b @ r/ s V d @ n n @ s
L2_arctic_WAV/HKK_arctic_a0088,h i m e I d S U r/ D { t_h D @ m { g @ z i n w V z l o U d I d @ n d r/ i z u m d h I z p_h { d l I N,h i m e I d S U r/ d { t_h D @ m { g @ z i n w V z l o U d I d @ n d r/ i z u m d h i s p_h { d l I N
L2_arctic_WAV/HKK_arctic_a0089,D @ n a I t_h g l o U w A z t_h r/ E tS 3` @ s t_h I S u t_h b a I,d @ n a I t_h g l o U w A s t_h r/ { tS 3` @ s t_h I S A p_h b a I
L2_arctic_WAV/HKK_arctic_a0090,D @ s I N I N v O I s @ p_h r/ o U tS t_h r/ { p_h @ d l i,D @ s I N I N v O I s @ p_h r/ o U tS t_h @ r/ { p_h @ d l i
L2_arctic_WAV/HKK_arctic_a0091,h I z b l V d g r/ u h A t_h w I D r/ e I dZ { t_h D @ T O t_h,h i s b l V d g r/ u h A t_h w I d @ r/ e I tS { t_h d @ T O t_h
L2_arctic_WAV/HKK_arctic_a0092,h i w E n t_h d a U n I n m I d s d r/ i m s 3` tS I N D @ S { d o U z @ v b o U T S O r/ z,i t_h w E n t_h d a U n I n m I d s t_h r/ i m s 3` tS I N D @ S { d o U s @ v b o U T S O r/ s
L2_arctic_WAV/HKK_arctic_a0093,f O r/ @ f U l m I n @ t_h h i k_h r/ a U tS t_h { n d l I s @ n d,f O err @ f U r/ m I n @ t_h h i k_h r/ a U tS t_h { n d l I s @ n d
L2_arctic_WAV/HKK_arctic_a0094,h i h { d b E r/ l i E n t_h 3` d D I s w E n h i s O D @ g l o U V v @ f a I 3`,h i h { d b E l l i E n t_h 3` d D i s w E n h i s o U D @ g l o U V v @ f a I 3`
L2_arctic_WAV/HKK_arctic_a0095,@ b I g k_h { n v @ s t_h E n t_h w V z D @ f 3` s t_h T I N t_h @ k_h V m w I D I n h I z v I Z @ n,@ b i g k_h { n v @ s t_h { n t_h w V z D @ f 3` s t_h T I N t_h @ k_h A m w I D I n h I z v I dZ @ n
L2_arctic_WAV/HKK_arctic_a0096,p_h 3` h { p_h s S i h { d O r/ E d i m E t_h h 3` f e I t_h @ l I t_h @ l d i p_h 3` I n D @ f O r/ @ s t_h,p_h 3` h { p_h s S i h { d O r/ E d i m E t_h h 3` f e I t_h @ l i t_h @ l d i p_h 3` I n D @ f 3` r/ @ s t_h
L2_arctic_WAV/HKK_arctic_a0097,D E n j u k_h @ n 3` e I n dZ j U r/ s E l f k_h V m f 3` t_h @ b l i @ m V N D i z r/ o U b z I n D V b a U,D { n j u k_h @ n 3` { n dZ j U r/ s E l f k_h V m p_h 3` t_h @ b l i @ m V N d i s r/ o U b s I n D V b a U
L2_arctic_WAV/HKK_arctic_a0098,S { l a I k_h E r/ i j u,S O l a I k_h E r/ i j u
L2_arctic_WAV/HKK_arctic_a0099,@ m { d @ n I N dZ O I p_h a U n d I d I n h I z b r/ e I n,@ m { d @ n I N dZ O I p_h a U n d I d I n h I z b r/ e I n
L2_arctic_WAV/HKK_arctic_a0100,j u m V s t_h s l i p_h h i 3` dZ d,j u m V s s l i p_h h i 3` dZ E d
L2_arctic_WAV/HKK_arctic_a0101,j u j u w U d n A t_h k_h i p_h D @ t_h r/ u T f r/ V m m i,j u j u w U d n A k_h i D @ t_h r/ u T f r/ V m m i
L2_arctic_WAV/HKK_arctic_a0102,h i w @ l f A l o U V s s u n,h i w @ r/ f A l o U V s s u n
L2_arctic_WAV/HKK_arctic_a0103,b V t_h D E r/ k_h e I m n o U p_h r/ A m @ s f r/ V m D V b a U V v D @ k_h @ n u,b V t_h d E r/ k_h E m n o U p_h r/ A m I s f r/ V m D V b a U V v D @ k_h @ n u
L2_arctic_WAV/HKK_arctic_a0104,S i w V z s l i p_h I N V n d 3` h I z p_h 3` t_h E k_h S @ n { z s w i t_h l i { z @ tS a I l d,S i w V z s l i p_h I N V n d 3` h I z p_h 3` t_h E k_h S @ n { z s w i t_h l i { z @ tS a I l d
L2_arctic_WAV/HKK_arctic_a0105,o U n l i I t_h I z s o U w V n d 3` f @ l s o U O l m o U s t_h I m p_h A s @ b @ l t_h @ b I l i v,O n l i I t_h w V s s O w V n d 3` f @ r/ s O O l m o U s I m p_h A s @ b @ l t_h U b @ l i v
L2_arctic_WAV/HKK_arctic_a0106,D i I m o U S @ n w I tS S i h { d s @ p_h r/ E s t_h b 3` s t_h f O r/ T n a U I n @ tS o U k_h I N s A b,D i I m O S @ n w I tS S i s @ p_h r/ E s t_h b 3` s t_h @ f @ r/ s n a U I n @ tS O k_h I N s A b
L2_arctic_WAV/HKK_arctic_a0107,I f j u o U n l i k_h U d n o U h a U a I T { N k_h j u,I f j u O n l i k_h U n O h a U a I T { N k_h j u
L2_arctic_WAV/HKK_arctic_a0108,h i w e I d I d I n t_h u D i E dZ @ v D V w O t_h 3` { n d b I g { n s k_h r/ V b I N h I m s E l f,h i w e I d I d I n t_h u D i E dZ @ v D V w O t_h 3` { n b I g { n s k_h r/ V b I N I m s E l f
L2_arctic_WAV/HKK_arctic_a0109,d u j u n o U D { t_h j u 3` S e I k_h I N m a I k_h A n f @ d @ n s I n j u,d u j u n o U d { t_h j u 3` S e I k_h I N m a I k_h A n f I d E n s I n j u
L2_arctic_WAV/HKK_arctic_a0111,I n s t_h E d h i dZ O I n d h 3` { n d D e I e I t_h l a I k_h t_h u h V N g r/ i tS I l d r/ @ n,I n s t_h E d i dZ O I n d 3` { n d D e I { t_h l a I t_h u h V N g r/ i tS I l d r/ @ n
L2_arctic_WAV/HKK_arctic_a0112,h i w V z w u n d I d I n D i A r/ m,h i w V z w u n d I d I n D i A m
L2_arctic_WAV/HKK_arctic_a0113,a I s @ p_h o U z j u p_h I k_h t_h D { t_h l I N g o U V p_h @ m V N D i I n d i @ n z,a I s @ p_h o U z j u p_h I k_h t_h D { t_h l I N g o U V p_h @ m V N D i I n d i @ n s
L2_arctic_WAV/HKK_arctic_a0115,h i h { d n o U I k_h s k_h j u z f r/ 3` D @ f i l I N z w I tS w 3` 3` a U z d I n h I m,h i { d n O I k_h s k_h j u s f 3` D @ f i l I N z w I tS w 3` 3` a U z d I n h I m
L2_arctic_WAV/HKK_arctic_a0116,w V z I t_h D @ r/ A n d I v u V v D o U z h u w 3` s t_h r/ a I v I N t_h u w 3` k_h h I z r/ u I n,w V z I D @ r/ A n d I v j u V v D o U z h u w 3` s t_h r/ a I v I N t_h u w 3` k_h h I s r/ u I n
L2_arctic_WAV/HKK_arctic_a0117,S i { d I d w I D dZ E n j @ w @ n s I m p_h @ T i I n h 3` f e I s @ n d v O I s,S i { d I d w I dZ E n j @ w @ n s I m p_h @ T i I n h 3` f e I s @ n d v O I s
L2_arctic_WAV/HKK_arctic_a0120,m a I r/ a I t_h f U t_h f i l z l a I k_h D { t_h V v @ tS a I n i z d E b j @ t_h A n t_h,m a I r/ a I t_h f U t_h f i l s l a I D { t_h V v tS a I n i z d E b j @ t_h A n t_h
L2_arctic_WAV/HKK_arctic_a0121,D e I e I t_h d I n 3` { t_h D @ f I f T { n d r/ E s t_h I d f r/ 3` t_h u a U 3` z,d e I e I t_h t_h I n 3` { t_h D @ f I f s { n r/ E s t_h I d f 3` t_h u a U 3` s
L2_arctic_WAV/HKK_arctic_a0122,t_h u j I r/ z @ g o U a I g e I v V p_h s I v @ l I z e I S @ n f r/ 3` D I s,t_h u j I r/ s @ g O a I g e I v V f s I v @ l a I dZ e I S @ n f 3` d I s
L2_arctic_WAV/HKK_arctic_a0123,S i h { d d a I d f r/ V m k_h o U l d { n d s t_h A r/ v e I S @ n,S i h { d d a I d f r/ V m k_h O l d { n d s t_h A r/ v e I S @ n
L2_arctic_WAV/HKK_arctic_a0125,h i w V z d I t_h 3` m @ n d n a U t_h u m e I n t_h e I n @ m O r/ s 3` t_h @ n h o U l d @ p_h A n h I m s E l f,h i w V z d I t_h 3` m @ n n a U t_h u m e I n t_h e I n @ m O r/ s 3` t_h @ n h O r/ d @ p_h A n I m s E l f
L2_arctic_WAV/HKK_arctic_a0126,i tS d e I S i b i k_h e I m @ m O r/ v a I t_h @ l p_h A r/ t_h V v h I m,i tS d e I S i b i k_h e I m @ m O r/ v a I t_h @ r/ p_h A r/ t_h V v I m
L2_arctic_WAV/HKK_arctic_a0127,I t_h w V z @ t_h E m t_h e I S @ n b V t_h h i r/ i z I s t_h I d I t_h,I t_h w V s @ t_h E m p_h e I S @ n b V t_h h i r/ i z I s t_h I d I t_h
L2_arctic_WAV/HKK_arctic_a0128,D I s w V n h o U p_h w V z d I s t_h r/ O I d { z k_h w I k_h l i { z I t_h w V z b O r/ n,D I s w V n h A w V z d I s t_h r/ O I d { z k_h w I k_h l i { z I t_h w V z b O n
L2_arctic_WAV/HKK_arctic_a0129,h 3` f e I s w V z @ g e I n s t_h h I z b r/ E s t_h,h 3` f e I s w V z @ g e I n s t_h I z b r/ E s t_h
L2_arctic_WAV/HKK_arctic_a0130,S i w V z h I z n a U f 3` E v 3`,S i w V z I z n a U f 3` E v 3`
L2_arctic_WAV/HKK_arctic_a0131,p_h r/ A v @ d @ n s h { d d I l I v 3` d h I m T r/ u D @ m e I l s t_h r/ @ m,p_h r/ A v @ d @ n s h { d d I l I v 3` d h I m T r/ u d @ m e I l s t_h O m
L2_arctic_WAV/HKK_arctic_a0134,h i o U b e I d D @ p_h r/ E S 3` V v h 3` h { n d,h i O b e I d D @ p_h r/ E S 3` V v h 3` h { n d s
L2_arctic_WAV/HKK_arctic_a0136,@ b a U t_h I m E v r/ i w E r/ w 3` D @ E v @ d @ n s @ z @ v l V g Z 3` i { n d V v e I dZ,@ b a U t_h I m E v r/ i w E r/ w 3` D @ E v @ d @ n s I s @ v V l V g S 3` i { n V v e I dZ
L2_arctic_WAV/HKK_arctic_a0137,D E n h i s t_h E p_h t_h b { k_h w I D @ l o U k_h r/ a I V v p_h l E Z 3`,D E n h i s t_h E b { w I D @ l o U k_h r/ a I V v p_h l E dZ 3`
L2_arctic_WAV/HKK_arctic_a0139,h i t_h o U l d h I m s E l f D { t_h { z h i w A S t_h h I m s E l f { n d g r/ u m d h I z d I S E v @ l d k_h l o U D z,h i t_h o U l d I m s E l f D { t_h { z i w A S t_h I m s E l f { n d g r/ u m d I s d I S E v @ l d k_h l o U T
L2_arctic_WAV/HKK_arctic_a0143,A a I h { d f O r/ g A t_h @ n h i I k_h s k_h l e I m d,A a I h { d f O r/ g A t_h @ n h i I k_h s k_h l e I m d
L2_arctic_WAV/HKK_arctic_a0144,b V t_h D E r/ w V z s V m T I N i v I n m O r/ s t_h A r/ t_h l I N D { n D I s r/ i z E m b l @ n s,b V d E r/ w V z s V m T I N i v I m m O r/ s t_h A r/ t_h l I N d { n d I s r/ i z E m b l @ n s
L2_arctic_WAV/HKK_arctic_a0145,a I h { v t_h @ b i k_h E r/ f @ l V v D @ m E z D e I t_h I r/ v E r/ i i z @ l i,a I h { v t_h @ b i k_h E f @ l V v D @ m E z D E r/ t_h I r/ v E r/ i i z @ l i
L2_arctic_WAV/HKK_arctic_a0148,n a U D i z T I N z h { d b I n s t_h r/ V k_h d E d w I T I n h I m,n a U D i z t_h I N z h { d @ b I n s t_h r/ V d E d w I d I n h I m
L2_arctic_WAV/HKK_arctic_a0168,l o U b U S h w I p_h t_h h I m I n D @ f e I s { n d l E f t_h n o U s t_h I N,@ l o U b U S h w I p_h t_h h I m I n D @ f e I s { n l E f n o U s t_h i N
L2_arctic_WAV/HKK_arctic_a0178,E v r/ i b o U n I n h 3` e I dZ I d b A d i s i m d b r/ o U k_h @ n 3` d I s l o U k_h e I t_h I d,E err r/ i b O n I n 3` e I dZ I d b A d i s i m d b r/ o U k_h E n 3` d I s l o U k_h e I t_h I d
L2_arctic_WAV/HKK_arctic_a0209,I t_h w O z n A t_h @ l A r/ dZ l e I k_h { n d O l m o U s t_h r/ a U n d,I t_h w O s n A r/ @ l A r/ err l e I { n O err m O s t_h r/ a U n d
L2_arctic_WAV/HKK_arctic_a0233,a I n E v 3` @ l a U w V t_h k_h { n t_h b i tS e I n dZ d t_h u @ n O I m i,a I n E v 3` @ l a U w V t_h k_h { n b i tS e I n dZ I t_h u @ n O I m i
L2_arctic_WAV/HKK_arctic_a0258,s o U k_h t_h I n s i w A t_h 3` D e I O f s E t_h D @ h i t_h r/ e I z,s O k_h I n s i w A t_h 3` D e I O f s E t_h D @ h I t_h r/ e I s
L2_arctic_WAV/HKK_arctic_a0260,n o U b A d i n j u h I z h I s t_h 3` i D e I V v D @ h U n t_h @ l i s t_h V v O l,n o U b A d i n j u h I z s t_h 3` i D e I V v D @ dZ U n t_h @ l i s t_h V v O r/
L2_arctic_WAV/HKK_arctic_a0271,n a U p_h l i z g I v e I p_h l e I n s t_h e I t_h m @ n t_h V v w V t_h @ k_h 3` d,n a U p_h l i z g I v m I V p_h l e I n s t_h e I t_h m @ n t_h V v w V t_h @ k_h 3` d
L2_arctic_WAV/HKK_arctic_a0272,j u k_h @ n t_h e I k_h @ v e I k_h e I S @ n A n p_h e I,j u k_h @ n t_h e I k_h @ v e I k_h e I S @ n A m p_h e I
L2_arctic_WAV/HKK_arctic_a0303,b V t_h D e I m e I k_h D @ m I s t_h e I k_h V v I g n O r/ I N D E r/ o U n d u { l @ t_h i,b V D e I m e I D @ m I s t_h e I k_h V v I g n O r/ I N D E r/ O n d j u A l @ t_h i
L2_arctic_WAV/HKK_arctic_a0345,S i w V z t_h r/ a I I N t_h @ p_h { s D @ e I p_h r/ @ n s t_h r/ I N 3` a U n d h I m,S i w V s t_h r/ a I I N t_h @ p_h { s t_h I E l p_h r/ A n s t_h r/ I N 3` a U n d h I m
L2_arctic_WAV/HKK_arctic_a0364,w i h { v p_h l E n i @ v k_h { p_h I t_h @ l a U 3` s E l v z @ n d j E t_h w i w A n t_h m O r/,w i { v @ p_h l E n i @ v k_h { p_h I t_h @ r/ a U 3` s E l v s @ n j E t_h j u w A n m O r/
L2_arctic_WAV/HKK_arctic_a0365,D i z r/ u m 3` z m e I i v I n 3` I dZ @ n e I t_h w I D V s,D i s r/ u m 3` z m e I i v I n 3` I Z @ n e I t_h w I D V s
L2_arctic_WAV/HKK_arctic_a0369,I n p_h A r/ t_h n 3` S I p_h w I D d e I l a I t_h D @ p_h E r/ r/ e I d I d D @ s { n h o U z e I I n t_h 3` 3` b @ n,I n p_h A r/ t_h n 3` S I p_h w I D @ d e I r/ a I D @ p_h E r/ r/ e I d I d D @ s { n h O s E I n t_h 3` 3` b @ n
L2_arctic_WAV/HKK_arctic_a0375,D @ b U tS 3` z { n d m i t_h k_h V t_h 3` z r/ I f j u z d t_h I h { n d @ l m i t_h d E s t_h I n d f r/ 3` V n f E r/ r/ E s t_h r/ A n t_h s,D @ b U tS 3` s { n m i k_h V t_h 3` z r/ I f j u s t_h I h { n d @ r/ m I t_h d { s t_h I n d f 3` V n f E r/ r/ E s t_h r/ A n t_h s
L2_arctic_WAV/HKK_arctic_a0378,D { t_h s h w a I I t_h s b a U n d 3` i z A r/ O l g a U dZ d { n d dZ { g d,D { s w a I I t_h s @ b a U n d 3` i z A r/ O r/ g a U dZ @ d { n d dZ { g @ d
L2_arctic_WAV/HKK_arctic_a0379,h a U o U l d A r/ j u d { d i,h a U O l d A j u d E d i
L2_arctic_WAV/HKK_arctic_a0384,D @ f A r/ m 3` w 3` k_h s D @ s O I l { n d p_h r/ @ d u s I z g r/ e I n,D @ f A m 3` w 3` k_h s D @ s O I l { n d p_h r/ @ d j u s I z g r/ e I n
L2_arctic_WAV/HKK_arctic_a0416,D i { d I d w e I t_h h { d @ v @ l A s @ t_h i V v f I f t_h i n m a I @ l z p_h 3` a U r/,D i { d I d w e I t_h h { d @ v @ l A s @ t_h i V v @ f I f t_h i n m a I @ l s p_h 3` a U r/
L2_arctic_WAV/HKK_arctic_a0442,j u l I v A n @ n I n k_h V m w I tS j U r/ f A D 3` 3` n d,j u l i v A n @ n I n k_h V m w I tS j U f A d 3` @ n t_h
L2_arctic_WAV/HKK_arctic_a0475,h I z a U t_h s t_h r/ E tS d A r/ m d r/ A p_h t_h t_h I h I z s a I d { n d h i p_h O z d,h I z a U s t_h r/ E tS I d A m d r/ A t_h I h I z s a I d { n h i p_h o U s t_h
L2_arctic_WAV/HKK_arctic_a0495,h i b O r/ n o U g r/ V dZ I z { n d h { d f j u E n @ m i z,h i b O r/ n O g r/ V dZ I d s { n h { d n f j u E n @ m i z
L2_arctic_WAV/HKK_arctic_a0542,w I D a U t_h @ d a U t_h s V m V v D E m h { v d I n 3` E n g e I dZ m @ n t_h s,w I d a U t_h @ d a U t_h s V m V v D E m h { v d I n 3` E n g e I dZ m @ n t_h s
L2_arctic_WAV/HKK_arctic_b0019,h I z s l I m h { n z g r/ I p_h t_h D i E dZ I z @ v D @ t_h e I b @ l,h I z s l I m h { n z g r/ I p_h D i { tS I s @ err d @ t_h e I b @ l
L2_arctic_WAV/HKK_arctic_b0022,I f a I w V z a U t_h V v D @ g e I m I t_h w U d b i i z @ l i m e I d,I f a I w V z a U t_h V v D @ g e I m I t_h w U d b i i z @ l i m e I d
L2_arctic_WAV/HKK_arctic_b0047,s @ p_h o U z j u s O m i { t_h w 3` k_h T r/ u D @ w I n d o U,s @ p_h O z j u s O m i { t_h w 3` k_h T r/ u d @ w I n d O
L2_arctic_WAV/HKK_arctic_b0068,o U n l i D @ tS { n s s a U n d h { d l E d h I m t_h u @ b z 3` v D E m,O n l i D @ tS { n s s a U n h { d l E t_h h I m t_h u @ b dZ 3` v D E m
L2_arctic_WAV/HKK_arctic_b0106,f O r/ @ f U l m I n @ t_h D @ t_h u m E n s t_h E r/ d I n t_h u i tS V D 3` z f e I s,f @ r/ @ f U r/ m I n I D @ t_h u m E n s t_h E r/ d I n t_h u i tS V d 3` z f e I s
L2_arctic_WAV/HKK_arctic_b0143,I t_h t_h U k_h h I m h { f @ n a U r/ t_h @ r/ i tS D i E dZ @ v I t_h,I t_h U k_h h I m h { f @ n a U r/ t_h @ r/ I tS d i E tS @ v I t_h
L2_arctic_WAV/HKK_arctic_b0192,a U t_h s a I d 3` z A r/ @ l a U d f a I v m I n @ t_h s p_h i tS I z D @ s I k_h m { n 3` dZ d,a U s a I d 3` z A r/ @ l A d f a I v m I n @ t_h s p_h I tS I s E @ s I k_h m { n 3` dZ @ d
L2_arctic_WAV/HKK_arctic_b0197,D V p_h l { n t_h 3` z 3` O r/ E d i k_h @ n s I d 3` I N D @ m { t_h 3`,D V p_h l { n t_h 3` z 3` O l E d i k_h @ n s I d 3` I N D @ m { D 3`
L2_arctic_WAV/HKK_arctic_b0201,a I O l s o U V n d 3` s t_h { n d D { t_h s I m @ l 3` b r/ { n tS O r/ g @ n @ z e I S @ n z h { v m e I d D E r/ @ p_h I r/ @ n s I n j U r/ @ p_h,a I O err s O V n d 3` s t_h { n D { s I m @ l 3` r/ { n tS O r/ g @ n a I dZ e I S @ n z h { v m e I D E @ p_h I r/ @ n s I n j U r/ @
L2_arctic_WAV/HKK_arctic_b0215,I t_h I z @ g U d p_h r/ A p_h 3` t_h i { n d w 3` T m O r/ D @ n D { t_h,I t_h I z @ g U p_h r/ A p_h 3` t_h i { n w 3` s m O r/ D @ n D {
L2_arctic_WAV/HKK_arctic_b0225,D V p_h r/ E z @ d E n t_h V v D i j u n a I t_h I d s t_h e I t_h s w V z h I z f r/ E n d,D V p_h r/ E z @ d E n t_h V v D i j u n a I t_h I s t_h e I t_h s w V z h I z f r/ E n d s
L2_arctic_WAV/HKK_arctic_b0238,D V v E r/ i T O t_h V v D i E f 3` t_h t_h u s w I m o U v 3` w V z n O Z i e I t_h I N,D V v E r/ I T O r/ V v D i E f 3` t_h u s w I m O v 3` w V s n o U z i e I t_h I N
L2_arctic_WAV/YDCK_arctic_a0003,f O r/ D @ t_h w E n i @ T t_h a I m D @ t_h i v n I N D @ t_h u m E n S U k_h h { n z,f O r/ d @ t_h w E n i @ T t_h a I m d @ t_h i v n I N d @ t_h u m E n s U k_h h { n z
L2_arctic_WAV/YDCK_arctic_a0005,w I l w i E v 3` f 3` g E t_h I t_h,w I l w i E v 3` f 3` g E t_h I t_h
L2_arctic_WAV/YDCK_arctic_a0006,g A d b l E s @ m a I h o U p_h a I l g o U A n s i I N D E m f 3` E v 3`,g A b l E s @ m a I h o U p_h a I l g o U @ n s i I N D E m f 3` E v 3`
L2_arctic_WAV/YDCK_arctic_a0007,{ n d j u O l w i z w O n t_h t_h I s i I t_h I n D @ s U p_h 3` l @ t_h I v d I g r/ i,{ n j u O l w i z w O n t_h I s i I t_h I n d @ s U p_h 3` @ t_h I v d I g r/ i
L2_arctic_WAV/YDCK_arctic_a0008,g { d j U r/ l E t_h 3` k_h e I m dZ V s t_h I n t_h a I m,g { d j U l E t_h 3` k_h e I m dZ V s t_h I n t_h a I m
L2_arctic_WAV/YDCK_arctic_a0010,a I m p_h l e I I N @ s I N g @ l h { n d I n w V t_h l U k_h s l a I k_h @ l u z I N g e I m,a I m p_h l e I I N @ s I N g @ l h { n d I n w V l U k_h s l a I k_h @ l u z I N g e I m
L2_arctic_WAV/YDCK_arctic_a0011,I f a I E v 3` n i d I d @ f a I t_h 3` I n m a I l a I f a I n i d w V n n a U,I f a I E v 3` n i d I d @ f a I t_h 3` I n m a I l a I f a I n i d w V n n a U
L2_arctic_WAV/YDCK_arctic_a0013,h i w V z @ h E d S O r/ t_h 3` D @ n h I z k_h @ m p_h { n j @ n V v O l m o U s t_h d E l @ k_h @ t_h f @ z i k_h,h i w V z @ h E d S O t_h 3` d @ n h I z k_h @ m p_h { n j @ n V v O l m o U s t_h d E r/ @ k_h e I t_h f @ z i k_h
L2_arctic_WAV/YDCK_arctic_a0018,D E r/ w V z @ tS e I n dZ n a U,D E r/ w V z @ tS e I n err n a U
L2_arctic_WAV/YDCK_arctic_a0019,a I f A l o U d D @ l a I n V v D @ p_h r/ @ p_h o U z d r/ e I l r/ o U d l U k_h I N f 3` tS { n s @ z,a I f A l o U D @ l a I n V v D @ p_h r/ @ p_h o U s t_h r/ e I l l o U t_h l U k_h I N f 3` tS { n s @ z
L2_arctic_WAV/YDCK_arctic_a0020,k_h l V b z { n d b O l z { n d s I t_h i z g r/ u t_h u b i o U n l i m E m 3` i z,k_h l V b z { n b O l s { n s I t_h i z g r/ u t_h u b i o U n l i m E m 3` i z
L2_arctic_WAV/YDCK_arctic_a0021,I t_h f E r/ l i k_h l V b d m i I n t_h u r/ E k_h @ g n a I z I N I t_h,I t_h f E l i k_h l V b d m i I n t_h u r/ E k_h @ g n a I z I N I t_h
L2_arctic_WAV/YDCK_arctic_a0022,h A r/ d l i w 3` a U r/ p_h l { n z m e I d p_h V b l I k_h b i f O r/ w i w 3` m E t_h b a I p_h a U 3` f @ l A p_h @ z I S @ n,h A r/ d l i w 3` a U r/ p_h l { n s m e I p_h V v l I k_h b i f O r/ w i w 3` m E t_h b a I p_h a U @ f @ l A p_h @ dZ I S @ n
L2_arctic_WAV/YDCK_arctic_a0023,@ k_h A m b @ n e I S @ n V v k_h @ n e I d i @ n k_h { p_h I t_h @ l k_h w I k_h l i O r/ g @ n a I z d { n d p_h @ t_h I S @ n d f O r/ D @ s e I m p_h r/ I v I l I dZ I z,@ k_h A m b @ n e I S @ n V v k_h @ n e I d i @ n k_h { p_h I t_h @ l k_h w I k_h l i O r/ g @ n a I z d { n d p_h @ t_h I S @ n s f O r/ D @ s e I m p_h r/ I v I l I dZ I z
L2_arctic_WAV/YDCK_arctic_a0024,I t_h w V z m a I r/ i p_h O r/ t_h s f r/ V m D @ n O r/ T w I tS tS i f l i I n d u s t_h p_h i p_h @ l t_h u b a I,I t_h w V z m a I r/ i p_h O r/ t_h s f r/ V m D @ n O r/ s w I tS tS i f l i I n d j u s t_h p_h i p_h @ l t_h u b a I
L2_arctic_WAV/YDCK_arctic_a0025,a I w V z @ b a U t_h t_h @ d u D I s w E n k_h u l 3` dZ V dZ m @ n t_h p_h r/ i v e I l d,a I w V z @ b A t_h t_h @ d u D I s w E n k_h u l 3` dZ V dZ m @ n t_h p_h r/ i v e I l d
L2_arctic_WAV/YDCK_arctic_a0026,I t_h @ k_h 3` d t_h I m i D { t_h D E r/ w U d h { v t_h I b i { n @ k_h a U n t_h I N,I t_h @ k_h 3` t_h I m i d { d E r/ U d h { v t_h I b i { n @ k_h a U n t_h I N
L2_arctic_WAV/YDCK_arctic_a0027,t_h u m a I s @ p_h r/ a I z h i b i g { n t_h I S o U { k_h tS @ w @ l I n T u z i { z @ m I n m a I f e I v 3`,t_h u m a I s @ p_h r/ a I z h i b i g { n t_h I S o U { k_h tS @ w @ r/ I n T u z i { z @ m I n m a I f e I v 3`
L2_arctic_WAV/YDCK_arctic_a0028,r/ A b 3` i b r/ a I b 3` i f r/ O d,r/ A b 3` i b r/ a I b 3` i f l O d
L2_arctic_WAV/YDCK_arctic_a0029,D E r/ f O r/ s I z w 3` O l r/ E d i m u v I N I n t_h u D @ n O r/ T k_h V n t_h r/ i,d E r/ f O r/ s I z w 3` O l r/ E d i m u v I N I n t_h u d @ n O r/ T k_h V n t_h r/ i
L2_arctic_WAV/YDCK_arctic_a0030,a I h { d f e I T I n D E m,a I h { d f e I T I n d E m
L2_arctic_WAV/YDCK_arctic_a0031,D e I w 3` T r/ i h V n d r/ @ d j A r/ d z @ p_h A r/ t_h,D e I w 3` t_h r/ i h V n d r/ E d j A r/ d z @ p_h A r/ t_h
L2_arctic_WAV/YDCK_arctic_a0032,s I n s D E n s V m m I s t_h I r/ i @ s f O r/ s h { z b I n f a I t_h I N V s { t_h E v r/ i s t_h E p_h,s I n s D E n s V m m I s t_h I r/ i @ s f O r/ s h { z b I n f a I t_h I N V s { t_h E v r/ i s t_h E p_h
L2_arctic_WAV/YDCK_arctic_a0036,S i t_h 3` n d I n { t_h D V h o U t_h E l,S i t_h @ n d I n { D V h O t_h E l
L2_arctic_WAV/YDCK_arctic_a0037,a I w V z D i o U n l i w V n h u r/ i m e I n d s I t_h I N,a I w V z D i o U n l i w V n h u r/ i m e I n s I t_h I N
L2_arctic_WAV/YDCK_arctic_a0038,w i w @ l h { v t_h u w A tS A r/ tS { n s @ z,w i w @ l h { p_h t_h u w A tS A r/ tS { n s @ s
L2_arctic_WAV/YDCK_arctic_a0039,D @ S I p_h S U d b i I n w I D I n @ w i k_h O r/ t_h E n d e I z,D @ S I p_h S U r/ @ I n w I D I n @ w i k_h O r/ t_h E n d e I z
L2_arctic_WAV/YDCK_arctic_a0040,a I s @ p_h o U z j u w V n d 3` w a I S i I z k_h V m I N V p_h h i r/,a I s @ p_h o U z j u w V n d 3` w a I S i I z k_h V m I N V p_h h i r/
L2_arctic_WAV/YDCK_arctic_a0041,m i n w a I l a I w @ l g o U a U t_h t_h I b r/ i D @ s p_h E l,m i n w a I l a I w @ l g o U a U t_h U b r/ i D @ s p_h E l
L2_arctic_WAV/YDCK_arctic_a0042,h a U k_h U d h i I k_h s p_h l e I n h I z p_h @ z E S @ n V v D @ s k_h E tS,h a U k_h U d i I k_h s p_h l e I n h I z p_h @ dZ E S @ n V err D @ s k_h E tS
L2_arctic_WAV/YDCK_arctic_a0045,h i m u v d @ w e I { z k_h w a I @ t_h l i { z h i h { d k_h V m,h i m u v d @ w e I { z k_h w a I @ t_h l i { z h i h { d k_h V m
L2_arctic_WAV/YDCK_arctic_a0046,D @ g 3` l f e I s t_h h I m h 3` a I z S a I n I N w I T s V d @ n f I r/,d @ g 3` f e I s t_h h I m h 3` a I Z S a I n I N w I T s V d @ n f I r/
L2_arctic_WAV/YDCK_arctic_a0047,k_h l o U z b i s a I d h I m g l i m d D V w a I t_h f { N z V v D V w U l f d O g,k_h l o U z b i s a I d h I m g l i m d V w a I t_h f { N V v D V w U l f d O g
L2_arctic_WAV/YDCK_arctic_a0048,h i l U k_h t_h { t_h D V h { N k_h 3` tS I f m O r/ k_h l o U s l i,h i l U k_h t_h { d V h { N k_h 3` tS I m O r/ k_h l o U s l i
L2_arctic_WAV/YDCK_arctic_a0051,D V l e I s w V z V v @ d E l @ k_h @ t_h a I v 3` i k_h O l 3` f e I n t_h l i t_h I n t_h I d w I D j E l o U,d V r/ e I s w V z V v @ d E l @ k_h a I t_h a I v 3` i k_h O l 3` f e I n t_h l i t_h I n t_h I d w I D j E l o U
L2_arctic_WAV/YDCK_arctic_a0052,I t_h w V z @ k_h j U r/ i @ s k_h o U I n s I d @ n s,I t_h w V z @ k_h j U r/ i @ s k_h O I n s I d @ n s
L2_arctic_WAV/YDCK_arctic_a0053,s V d @ n l i h I z f I N g 3` z k_h l o U z d t_h a I t_h l i o U v 3` D @ h { N k_h 3` tS i f,s V d @ n l i h I z f I N g 3` z k_h l o U z t_h A t_h l i o U v 3` D @ h { N k_h 3` tS i f
L2_arctic_WAV/YDCK_arctic_a0054,D E r/ w @ z n V T I N O n D @ r/ A k_h,d E r/ w @ z n V T I N O n d @ r/ A k_h
L2_arctic_WAV/YDCK_arctic_a0058,a I k_h e I m f O r/ I n f O r/ m e I S @ n m O r/ a U t_h @ v k_h j U r/ i A s @ t_h i D { n E n i T I N E l s,a I k_h e I m f O r/ I n f O m e I S @ n m O r/ a U r/ @ v k_h j U r/ i A s @ t_h i D { n E n i T I N E l s
L2_arctic_WAV/YDCK_arctic_a0059,h I z I m { k_h j u l I t_h @ p_h I r/ @ n s w V z g O n,h I z I m { t_h I k_h j u l I t_h @ p_h I r/ I @ n s w V z g O n
L2_arctic_WAV/YDCK_arctic_a0060,E n i w e I n o U w V n s O h 3` l a I k_h D { t_h,E n i w e I n o U w V n s o U h 3` l a I k_h D { t_h
L2_arctic_WAV/YDCK_arctic_a0062,D @ m E n s t_h E r/ d I n t_h u i tS V D 3` z f e I s,d @ m E n s t_h E r/ d I n t_h u i tS V D 3` z f e I s
L2_arctic_WAV/YDCK_arctic_a0063,j E s I t_h w V z @ m { n h u { s t_h @ s t_h r/ e I n dZ 3`,j E s I r/ w V z @ m { n h u { s t_h @ s t_h r/ e I n dZ 3`
L2_arctic_WAV/YDCK_arctic_a0064,D V f O r/ T { n d f I f T d e I z p_h { s t_h w I D a U t_h E n i d I v E l @ p_h m @ n t_h s,d V f O r/ s { n d f I f T d e I s p_h { s t_h @ w I d a U t_h E n i d I b E l @ p_h m @ n t_h s
L2_arctic_WAV/YDCK_arctic_a0065,D e I k_h l o U z d n a U @ n t_h I l h I z f I N g 3` z w 3` l a I k_h k_h O r/ d z V v s t_h i l,d e I k_h l o U z n a U @ n t_h I l I z f I N g 3` z w 3` l a I k_h O r/ d z V v s t_h I l
L2_arctic_WAV/YDCK_arctic_a0067,S U r/ l i a I w @ l I k_h s k_h j u z j u S i k_h r/ a I d,S U l i A w @ l I k_h s k_h j u z j u S i k_h r/ a I d
L2_arctic_WAV/YDCK_arctic_a0071,w V t_h w V z D i A b dZ E k_h t_h V v j U r/ l I t_h @ l s E n s e I S @ n,w V r/ w V z D i A b dZ E k_h V v j O l I r/ @ l s E n s e I S @ n
L2_arctic_WAV/YDCK_arctic_a0073,D V p_h r/ @ m o U t_h 3` z a I z w 3` h E v i w I D l I t_h @ l p_h V f i b { g z V n d 3` D E m,D V p_h r/ @ m o U r/ 3` z a I z w 3` h E v i w I D l I r/ @ l p_h V f i b { g z V n d 3` D E m
L2_arctic_WAV/YDCK_arctic_a0075,D E r/ h { z b I n @ tS e I n dZ S i I n 3` V p_h t_h I d h I m,d E r/ h { z b I n @ tS e I n dZ S i I n 3` V p_h t_h I d h I m
L2_arctic_WAV/YDCK_arctic_a0076,D @ g r/ e I a I z f A l t_h 3` d D V f l V S d i p_h @ n d,d @ g r/ e I a I z f O l t_h 3` d D V f l V S d i p_h @ n d
L2_arctic_WAV/YDCK_arctic_a0077,I t_h I z D V f a I 3` p_h A r/ t_h l i S i s E d,I t_h I z D V f a I 3` p_h A t_h l i S i s { d
L2_arctic_WAV/YDCK_arctic_a0078,D E n { n d { t_h s V p_h 3` h i t_h r/ a I d t_h u f { D @ m h 3`,d { n { n d { t_h s A p_h 3` h i t_h r/ a I d t_h u f e I T @ m h 3`
L2_arctic_WAV/YDCK_arctic_a0079,I t_h w V z @ l A r/ dZ k_h @ n u,I t_h w V z @ l A r/ S k_h @ n u
L2_arctic_WAV/YDCK_arctic_a0081,h w V t_h I f S i d I d n A t_h k_h V m t_h u D @ r/ A k_h,h w V t_h i f S i d I d n A t_h k_h V m t_h u d @ r/ A k_h
L2_arctic_WAV/YDCK_arctic_a0082,h I z f e I s w V z s t_h r/ i m I N w I D b l V d,h i s f e I s w V z s t_h r/ i m i N w I d b l V t_h
L2_arctic_WAV/YDCK_arctic_a0085,@ t_h r/ I k_h @ l V v f r/ E S b l V d r/ { n o U v 3` h I z f e I s,@ t_h r/ I k_h @ l O v f r/ { S b l V t_h r/ { n o U v 3` h I s f e I s
L2_arctic_WAV/YDCK_arctic_a0086,d E T h { d k_h V m w I D t_h E r/ @ b @ l s V d @ n n @ s,d { T h { d k_h V m w I d t_h E r/ @ b @ l s V d @ n l @ s
L2_arctic_WAV/YDCK_arctic_a0088,h i m e I d S U r/ D @ t_h D @ m { g @ z i n w V z l o U d I d { n d r/ i z u m d h I z p_h { d @ l I N,h i m e I t_h S U r/ d @ t_h d @ m { g @ z i n w V s l A d I d { n d r/ i s u m d h i s p_h { d @ l I N
L2_arctic_WAV/YDCK_arctic_a0089,D @ n a I t_h g l o U w A z t_h r/ E tS 3` @ s t_h u S u t_h b a I,d @ n a I t_h g l o U w A s t_h r/ { tS 3` @ s t_h u S U t_h b a I
L2_arctic_WAV/YDCK_arctic_a0090,D @ s I N I N v O I s @ p_h r/ o U tS t_h r/ { p_h @ d l i,d @ s I N I N v O I s @ p_h r/ o U tS I t_h r/ { p_h @ t_h @ l i
L2_arctic_WAV/YDCK_arctic_a0091,h I z b l V d g r/ u h A t_h w I D r/ e I dZ { t_h D @ T O t_h,h i s b l V d g r/ u h A t_h w I d r/ e I err { t_h d @ T o U t_h
L2_arctic_WAV/YDCK_arctic_a0092,h i w E n t_h d a U n I n m I d s t_h r/ i m s 3` tS I N D @ S { d o U z V v b o U T S O r/ z,h i w E n t_h d a U n I n m I d s t_h r/ i m s 3` tS I N d @ S { d o U s V v b o U s S O r/ s
L2_arctic_WAV/YDCK_arctic_a0093,f O r/ @ f U l m I n @ t_h h i k_h r/ a U tS t_h { n d l I s @ n d,f O r/ @ f U l m I n @ t_h h i k_h r/ a U tS I t_h { n d l I s @ n t_h
L2_arctic_WAV/YDCK_arctic_a0094,h i h { d b E r/ l i E n t_h 3` d D I s h w E n h i s O D V g l o U @ v @ f a I 3`,h i h { d b E r/ l i { n t_h 3` d d I s h w E n h i s O d V g l o U O v @ f a I @
L2_arctic_WAV/YDCK_arctic_a0095,@ b I g k_h { n v @ s t_h E n t_h w V z D @ f 3` s t_h T I N t_h I k_h V m w I D I n h I z v I Z @ n,@ b I g k_h { n b @ s t_h { n t_h w V z d @ f 3` s s T I N t_h I k_h V m w I d I n h I s f i S @ n
L2_arctic_WAV/YDCK_arctic_a0096,p_h 3` h { p_h s S i h { d O l r/ E d i m E t_h h 3` f e I t_h @ l I t_h @ l d i p_h 3` I n D @ f O r/ @ s t_h,p_h 3` h { p_h s S i h { d O l r/ E d i m E t_h h 3` f e I t_h @ l I t_h @ l d i p_h 3` I n d @ f O r/ @ s t_h
L2_arctic_WAV/YDCK_arctic_a0097,D E n j u k_h @ n 3` e I n dZ j 3` s E l f k_h V m f 3` t_h @ b l i @ m V N D i z r/ o U b z I n D @ b o U,d E n j u k_h @ n 3` e I n dZ j 3` s A l f k_h V m f 3` @ b @ l i @ m O N d i s r/ o U b s I n d @ b o U
L2_arctic_WAV/YDCK_arctic_a0098,S { l a I k_h E r/ i j u,S { r/ a I k_h E r/ i j u
L2_arctic_WAV/YDCK_arctic_a0099,@ m { d @ n I N dZ O I p_h a U n d I d I n h I z b r/ e I n,@ m { d @ n I N dZ O I p_h a U n d I t_h I n h I s b r/ e I n
L2_arctic_WAV/YDCK_arctic_a0100,j u m V s t_h s l i p_h h i 3` dZ d,j u m V s t_h s l I p_h h i 3` dZ I t_h
L2_arctic_WAV/YDCK_arctic_a0101,j u j u w U d n A t_h k_h i p_h D @ t_h r/ u T f r/ V m m i,j u j u U d n A t_h k_h i p_h d @ t_h r/ u s f r/ V m m i
L2_arctic_WAV/YDCK_arctic_a0102,h i w @ l f A l o U V s s u n,h i w @ l f A l o U V s s u n
L2_arctic_WAV/YDCK_arctic_a0103,b V t_h D E r/ k_h e I m n o U p_h r/ A m @ s f r/ V m D @ b o U V v D @ k_h @ n u,b V t_h d E r/ k_h e I m n o U p_h r/ A m i s f r/ V m d @ b o U V v d @ k_h @ n u
L2_arctic_WAV/YDCK_arctic_a0104,S i w V z s l i p_h I N V n d 3` h I z p_h r/ @ t_h E k_h S @ n { z s w i t_h l i { z @ tS a I l d,S i w V z s l i p_h i N V n d 3` h I s p_h r/ @ t_h { k_h S @ n { s s w i t_h l i { s @ tS a I l d
L2_arctic_WAV/YDCK_arctic_a0105,o U n l i I t_h I z s o U w V n d 3` f @ l s o U O l m o U s t_h I m p_h A s @ b @ l t_h u b I l i v,o U n i I t_h I z s o U w V n d @ f @ l s o U O l m o U s t_h I m p_h A s @ b @ l t_h u b i l i f
L2_arctic_WAV/YDCK_arctic_a0106,D i I m o U S @ n w I tS S i h { d s @ p_h r/ E s t_h b 3` s t_h f O r/ T n a U I n @ tS o U k_h I N s A b,d i I m o U S @ n w I tS S i h { d s @ p_h r/ { s t_h b 3` s t_h @ f O r/ T n a U I n @ tS o U k_h I N s o U b
L2_arctic_WAV/YDCK_arctic_a0107,I f j u o U n l i k_h U d n o U h a U a I T { N k_h j u,I f j u o U n l i k_h U d n o U h a U a I T { N k_h j u
L2_arctic_WAV/YDCK_arctic_a0108,h i w e I d I d I n t_h u D i E dZ @ v D V w O t_h 3` { n d b I g { n s k_h r/ V b I N h I m s E l f,h i w E d I d I n t_h u d i { tS @ p_h d V w O t_h 3` { n d b I g { n s k_h r/ O b i N h I m s A l f
L2_arctic_WAV/YDCK_arctic_a0109,d u j u n o U D { t_h j u A r/ S e I k_h I N m a I k_h A n f @ d @ n s I n j u,d u j u n o U d { t_h j u A r/ S e I k_h I N m a I k_h A n f @ d @ n s I n j u
L2_arctic_WAV/YDCK_arctic_a0111,I n s t_h E d h i dZ O I n d h 3` { n d D e I e I t_h l a I k_h t_h u h V N g r/ i tS I l d r/ @ n,I n s t_h { d h i dZ O I n d h 3` { n d d e I e I t_h l a I k_h t_h u h V N g r/ i tS u d m @ n
L2_arctic_WAV/YDCK_arctic_a0112,h i w V z w u n d I d I n D i A r/ m,h i w V s u n d I d I n d i A m
L2_arctic_WAV/YDCK_arctic_a0113,a I s @ p_h o U z j u p_h I k_h t_h D { t_h l I N g o U V p_h @ m V N D i I n d i @ n z,a I s @ p_h o U s j u p_h I k_h t_h d { t_h l I N g o U V p_h @ m O N d i I n d i @ n s
L2_arctic_WAV/YDCK_arctic_a0115,h i h { d n o U I k_h s k_h j u z f O r/ D @ f i l I N z w I tS w 3` 3` a U z d I n h I m,h i h { d n o U I k_h s k_h j u s f O r/ d @ f I l I N z w I tS w 3` 3` a U z I s t_h I n h i m
L2_arctic_WAV/YDCK_arctic_a0116,w V z I t_h D V r/ A n d I v u V v D o U z h u w 3` s t_h r/ a I v I N t_h u w 3` k_h h I z r/ u I n,w V z I t_h d V r/ A n d I v u V v d o U z h u w 3` s t_h r/ a I v i N t_h u w 3` k_h h i s r/ u i n
L2_arctic_WAV/YDCK_arctic_a0117,S i { d I d w I D dZ E n j u w I n s I m p_h @ T i I n h 3` f e I s @ n d v O I s,S i { d I d w I d dZ E n j u w i n T I m p_h @ T i I n h @ f e I s @ n d v O I s
L2_arctic_WAV/YDCK_arctic_a0120,m a I r/ a I t_h f U t_h f i l z l a I k_h D { t_h V v @ tS a I n i z d E b j @ t_h A n t_h,m a I r/ a I t_h f u t_h f i l z l a I k_h d { t_h V v @ tS a I n i s d E b j @ t_h A n t_h
L2_arctic_WAV/YDCK_arctic_a0121,D e I e I t_h d I n 3` { t_h D @ f I f T { n d r/ E s t_h I d f O r/ t_h u a U r/ z,d e I e I t_h d i n 3` { t_h D @ f i f T { n d r/ E s t_h I d f err r/ t_h u a U r/ s
L2_arctic_WAV/YDCK_arctic_a0122,t_h u j I r/ z @ g o U a I g e I v V p_h s I v @ l I z e I S @ n f r/ 3` D I s,t_h u j I r/ z @ g o U a I g e I b V p_h s I v @ l I dZ e I S @ n f r/ 3` d I s
L2_arctic_WAV/YDCK_arctic_a0123,S i h { d d a I d f 3` m k_h o U l d @ n d s t_h A r/ v e I S @ n,S i h { d d a I d f 3` m k_h o U l d @ n d s t_h A r/ v e I S @ n
L2_arctic_WAV/YDCK_arctic_a0125,h i w V z d I t_h 3` m @ n d n a U t_h u m e I n t_h e I n @ m O r/ s 3` t_h @ n h o U l d @ p_h A n h I m s E l f,h i w V z d I t_h 3` m @ n d n a U t_h u m e I n t_h e I n @ m O r/ s 3` t_h @ n h o U l d @ p_h A n h I m s A l f
L2_arctic_WAV/YDCK_arctic_a0126,i tS d e I S i b i k_h e I m @ m O r/ v a I t_h @ l p_h A r/ t_h V v h I m,I tS d e I S i b i k_h e I m @ m O r/ v a I t_h @ l p_h A r/ t_h V v h I m
L2_arctic_WAV/YDCK_arctic_a0127,I t_h w V z @ t_h E m t_h e I S @ n b V t_h h i r/ i z I s t_h I d I t_h,I t_h w V s @ t_h E m t_h e I S @ n b V t_h h i r/ i dZ I s t_h I d I t_h
L2_arctic_WAV/YDCK_arctic_a0128,D I s w V n h o U p_h w V z d I s t_h r/ O I d { z k_h w I k_h l i { z I t_h w V z b O r/ n,d i s w V n h o U p_h w V s d I s t_h r/ O I d { s k_h w i k_h l i { z I t_h w V s b O r/ n
L2_arctic_WAV/YDCK_arctic_a0129,h 3` f e I s w V z @ g E n s t_h h I z b r/ E s t_h,h 3` f e I s w V z @ g E n s i h I s b r/ { s t_h
L2_arctic_WAV/YDCK_arctic_a0130,S i w V z h I z n a U f 3` E v 3`,S i w V z h I s n a U f 3` E v 3`
L2_arctic_WAV/YDCK_arctic_a0131,p_h r/ A v @ d @ n s h { d d I l I v 3` d h I m T r/ u D V m e I l s t_h r/ @ m,p_h r/ A b @ d @ n s h { d d I l I v 3` h i m T r/ u d V m e I l s t_h O r/ m
L2_arctic_WAV/YDCK_arctic_a0134,h i o U b e I d D @ p_h r/ E S 3` V v h 3` h { n d,h i o U b e I d D @ p_h r/ E S 3` V v h 3` h { n t_h
L2_arctic_WAV/YDCK_arctic_a0136,@ b a U t_h h I m E v r/ i w E r/ w 3` D i E v @ d @ n s @ z V v l V g Z @ r/ i { n d V v e I dZ,@ b a U t_h h I m E v r/ i w E r/ w 3` d i { v @ d @ n s @ s V v l V g dZ u @ r/ i { n d V v e I tS
L2_arctic_WAV/YDCK_arctic_a0137,D E n h i s t_h E p_h t_h b { k_h w I D @ l o U k_h r/ a I V v p_h l E Z 3`,d E n h i s t_h { p_h t_h b { k_h w I d @ l o U k_h r/ a I V v p_h l { Z 3`
L2_arctic_WAV/YDCK_arctic_a0139,h i t_h o U l d h I m s E l f D { t_h { z h i w A S t_h h I m s E l f { n d g r/ u m d h I z d I S E v @ l d k_h l o U D z,h i t_h o U l d h I m s E f d { t_h { s h i w A S t_h h I m s A l f { n d g l u m d h i s d I S E b @ l d k_h l o U t_h s
L2_arctic_WAV/YDCK_arctic_a0143,A a I h { d f O r/ g A t_h @ n h i I k_h s k_h l e I m d,A a I h { d f O g A t_h @ n h i I k_h s k_h l e I m t_h
L2_arctic_WAV/YDCK_arctic_a0144,b V t_h D E r/ w @ z s V m T I N i v I n m O r/ s t_h A r/ t_h l I N D @ n D I s r/ i z E m b l @ n s,b V t_h d E r/ w @ s s V m T I N i b I n m O r/ s t_h A l I N d @ n h I s r/ i z E m b l l @ n s
L2_arctic_WAV/YDCK_arctic_a0145,a I h { v t_h I b i k_h E r/ f @ l V v D E m { z D e I t_h E r/ v E r/ i i z @ l i,a I h { b t_h I b i k_h E f @ l V v d { m { s d e I t_h I r/ v E r/ i i s @ l i
L2_arctic_WAV/YDCK_arctic_a0148,n a U D i z T I N z h { d b I n s t_h r/ V k_h d E d w I D I n h I m,n a U d i z T I N s h { d b I n s t_h V k_h d { d w I d I n h i m
L2_arctic_WAV/YDCK_arctic_a0168,@ l o U b U S h w I p_h t_h h I m I n D @ f e I s { n d l E f t_h n o U s t_h I N,@ l o U b u S h w I p_h t_h h I m I n d @ f e I s { n d l E f t_h n o U s t_h i N
L2_arctic_WAV/YDCK_arctic_a0178,E v r/ i b o U n I n h 3` e I dZ d b A d i s i m d b r/ o U k_h @ n O r/ d I s l o U k_h e I t_h I d,E v r/ i b o U n I n h 3` e I dZ d b A d i s I m d b r/ o U k_h @ n O r/ d I s l o U k_h e I t_h I d
L2_arctic_WAV/EBVS_arctic_a0003,f O r/ D @ t_h w E n t_h i I T t_h a I m D { t_h i v n I N D @ t_h u m E n S U k_h h { n z,f O r/ D @ t_h w E n t_h i t_h a I m D { t_h i v I n I N D @ t_h u m E n S U h h { n err
L2_arctic_WAV/EBVS_arctic_a0005,w I l w i E v 3` f O r/ g E t_h I t_h,w I l w i E v 3` f O r/ g E t_h I
L2_arctic_WAV/EBVS_arctic_a0006,g A d b l E s a I h o U p_h a I l g o U O n s i I N D E m f 3` E v 3`,g V d b l E s E m a I h O a I l g o U O n s i I N D E n f 3` E v 3`
L2_arctic_WAV/EBVS_arctic_a0007,{ n d j u O l w i z w A n t_h t_h @ s i I t_h I n D @ s U p_h 3` l @ t_h I v d I g r/ i,{ n d dZ u O l w i s w A n t_h @ s i I t_h I n D @ s U p_h 3` l { t_h I f d j U g r/ i
L2_arctic_WAV/EBVS_arctic_a0008,g { d j U r/ l E t_h 3` k_h e I m dZ V s t_h I n t_h a I m,g A d j U r/ l E D 3` k_h V m j V s I n t_h a I m
L2_arctic_WAV/EBVS_arctic_a0010,a I m p_h l e I I N @ s I N g @ l h { n d I n w V t_h l U k_h s l a I k_h @ l u z I N g e I m,A m p_h l e I I N @ s I N g @ l h A n d I n w V t_h l U k_h s l a I k_h @ l u s I N g e I m
L2_arctic_WAV/EBVS_arctic_a0011,I f a I E v 3` n i d I d @ f a I t_h 3` I n m a I l a I f a I n i d w V n n a U,I f a I E v 3` n i d I d @ f a I t_h 3` I m m a I l a I f a I n i d @ d w V n n a U
L2_arctic_WAV/EBVS_arctic_a0013,h i w V z @ h E d S O r/ t_h 3` D { n h I z k_h @ m p_h { n j @ n V v O l m o U s t_h d E l @ k_h @ t_h f @ z i k_h,h i w V T @ h I t_h S O r/ t_h 3` D { n h I s k_h O m p_h { n j O O f O l m O s d E l @ k_h e I t_h f I s I k_h
L2_arctic_WAV/EBVS_arctic_a0018,D E r/ w V z @ tS e I n dZ n a U,D E r/ w V s @ tS E n n a U
L2_arctic_WAV/EBVS_arctic_a0019,a I f A l o U d D @ l a I n V v D @ p_h r/ @ p_h o U z d r/ e I l r/ o U d l U k_h I N f O r/ tS { n s @ z,a I f O l o U d D @ l a I n V f D @ p_h r/ @ p_h O s @ d r/ e I r/ O d l U k_h I N f O r/ tS { n s
L2_arctic_WAV/EBVS_arctic_a0020,k_h l V b z @ n d b O l z @ n d s I t_h i z g r/ u t_h u b i o U n l i m E m 3` i z,k_h l V p_h s @ n b O l s @ m d s I t_h i s g r/ u t_h u b i O n l i m E m 3` i s
L2_arctic_WAV/EBVS_arctic_a0021,I t_h f E r/ l i k_h l V b d m i I n t_h u r/ E k_h @ g n a I z I N I t_h,I t_h f 3` r/ l i k_h l V b @ d m i I n t_h u r/ E k_h @ n a I s I t_h
L2_arctic_WAV/EBVS_arctic_a0022,h A r/ d l i w 3` a U r/ p_h l { n z m e I d p_h V b l I k_h b i f O r/ w i w 3` m E t_h b a I p_h a U 3` f @ l A p_h @ z I S @ n,h A r/ l i w 3` a U r/ p_h l A n s m E d p_h V v l I k_h b i f O r/ w i w 3` m E t_h b a I p_h o U 3` f @ l O p_h @ s I S @ n
L2_arctic_WAV/EBVS_arctic_a0023,@ k_h A m b @ n e I S @ n V v k_h { p_h I t_h @ l k_h w I k_h l i O r/ g @ n a I z d @ n d p_h @ t_h I S @ n d f O r/ D @ s e I m p_h r/ I v I l @ dZ @ z,@ k_h O m b @ n e I S @ n V f k_h A p_h I t_h @ l k_h w I k_h l i O r/ g @ n a I s I d @ m p_h @ t_h I S @ n @ f O r/ D @ s e I m p_h r/ I v I l @ tS @ s
L2_arctic_WAV/EBVS_arctic_a0024,I t_h w V z m a I r/ I p_h O r/ t_h s f r/ V m D @ n O r/ T w I tS tS i f l i I n d u s t_h p_h i p_h @ l t_h @ b a I,I t_h w V s m a I r/ I p_h O r/ f r/ V n D @ n O r/ t_h w I tS tS i f l i I n d j u s p_h i p_h @ l t_h @ v a I
L2_arctic_WAV/EBVS_arctic_a0025,a I w O z @ b a U t_h t_h @ d u D I s w E n k_h u l 3` dZ V dZ m @ n t_h p_h r/ I v e I l d,a I w O s @ v a U t_h @ d u D I s w E n D @ k_h u l 3` tS V err m @ n t_h p_h r/ I v a I l d
L2_arctic_WAV/EBVS_arctic_a0026,I t_h @ k_h 3` d t_h @ m i D { t_h D E r/ w U d h { v t_h @ b i { n @ k_h a U n t_h I N,I t_h @ k_h u r/ t_h @ m i d { d E r/ w I l h A f t_h @ v i { n @ k_h O n t_h I N
L2_arctic_WAV/EBVS_arctic_a0027,t_h @ m a I s 3` p_h r/ a I z h i b i g { n t_h @ S o U { k_h S @ l I n T u z i { z @ m I n m a I f e I v 3`,t_h @ m a I s 3` p_h r/ a I s h i b i g A n t_h @ S O { k_h t_h U @ l I n t_h u z j A n I n m a I f E v 3`
L2_arctic_WAV/EBVS_arctic_a0028,r/ A b 3` i b r/ a I b 3` i f r/ O d,r/ O b 3` i b r/ a I b 3` i f r/ a U d
L2_arctic_WAV/EBVS_arctic_a0029,D E r/ f O r/ s I z w 3` O r/ E d i m u v I N I n t_h @ D @ n O r/ T k_h V n t_h r/ i,d E r/ f O r/ s I s w 3` O r/ E D i m u v I N I n t_h @ D @ n O r/ k_h O n t_h r/ i
L2_arctic_WAV/EBVS_arctic_a0030,a I h { d f e I T I n D E m,a I h { T f e I t_h n E m
L2_arctic_WAV/EBVS_arctic_a0031,D e I w 3` T r/ i h V n d r/ @ d j A r/ d z @ p_h A r/ t_h,D e I w 3` t_h r/ i h V n d r/ @ d j A r/ s @ p_h A r/ t_h
L2_arctic_WAV/EBVS_arctic_a0032,s I n s D E n s V m m I s t_h I r/ i @ s f O r/ s h { z b I n f a I t_h I N V s { t_h E v r/ i s t_h E p_h,s E z d E n s V m m I s t_h I r/ i @ s f O r/ s h { z v I n f a I t_h I N V s { t_h E v r/ i s t_h E p_h
L2_arctic_WAV/EBVS_arctic_a0036,S i t_h 3` n d I n { t_h D i h o U t_h E l,S i t_h 3` n E d I n V h o U t_h E l
L2_arctic_WAV/EBVS_arctic_a0037,a I w A z D i o U n l i w V n h u r/ I m e I n d s I t_h I N,a I w A z D i O n l i w V n h u r/ I m a I n s I t_h I N
L2_arctic_WAV/EBVS_arctic_a0038,w I l h { v t_h @ w A tS a U 3` tS { n s @ z,w I l h { f t_h @ w A tS a U 3` tS { n s @ s
L2_arctic_WAV/EBVS_arctic_a0039,D @ S I p_h S U d b i I n w I D I n @ w i k_h 3` t_h E n d e I z,D @ S I p_h tS U d v i I n w I D I n @ w i k_h 3` t_h E n d e I s
L2_arctic_WAV/EBVS_arctic_a0040,a I s @ p_h o U z j u w V n d 3` w a I S i I z k_h V m I N V p_h h i r/,a I s @ p_h O s j u w O n d 3` w a I S i I s k_h V m I N V p_h h i r/
L2_arctic_WAV/EBVS_arctic_a0041,m i n w a I l a I l g o U a U t_h t_h @ b r/ i D @ s p_h E l,m i n g w a I l a I l g O a U t_h t_h U b r/ i D @ s p_h @ l
L2_arctic_WAV/EBVS_arctic_a0042,h a U k_h U d h i I k_h s p_h l e I n h I z p_h @ z E S @ n V v D @ s k_h E tS,h a U k_h U err h i I s p_h l e I n h I s p_h @ s I S @ n V v D @ s k_h E tS
L2_arctic_WAV/EBVS_arctic_a0045,h i m u v d @ w e I { z k_h w I k_h l i { z h i h { d k_h V m,h i m u v E d @ h w e I { s k_h w I k_h l i { s h i h { d k_h V m
L2_arctic_WAV/EBVS_arctic_a0046,D i g 3` l f e I s t_h h I m h 3` a I z S a I n I N w I D s V d @ n f I r/,D E err 3` f e I s @ t_h k_h I m h 3` a I s S a I n I N w I t_h s U d @ n f I r/
L2_arctic_WAV/EBVS_arctic_a0047,k_h l o U s b i s a I d h I m g l i m d D i w a I t_h f { N z V v D i w U l f d O g,k_h l O s b i s a I d h I m g l i m E d D E w a I t_h f { N T V v D E w U l f d O h
L2_arctic_WAV/EBVS_arctic_a0048,h i l U k_h t_h { t_h D @ h { N k_h 3` tS I f m O r/ k_h l o U s l i,h i l U k_h { t_h D @ n E h A N k_h 3` tS I f m O r/ k_h l O s l i
L2_arctic_WAV/EBVS_arctic_a0051,D @ l e I s w O z V v @ d E l @ k_h @ t_h a I v 3` i k_h O l 3` f e I n t_h l i t_h I n t_h I d w I T j E l o U,D @ l e I w O s O f @ d E l @ k_h e I t_h a I v 3` k_h O l 3` f e I n t_h l i t_h I n t_h I w I T j E l O
L2_arctic_WAV/EBVS_arctic_a0052,I t_h w V z @ k_h j U r/ i @ s k_h o U I n s I d @ n s,I D w V s @ k_h j U r/ @ s k_h O n s I d @ n
L2_arctic_WAV/EBVS_arctic_a0053,s V d @ n l i h I z f I N g 3` z k_h l o U z d t_h a I t_h l i o U v 3` D @ h { N k_h 3` tS I f,s V D @ n l i h I s f I N g 3` s k_h l O s 3` t_h a I t_h l i o U v 3` D @ h A N k_h 3` tS I f
L2_arctic_WAV/EBVS_arctic_a0054,D E r/ w O z n V T I N O n D @ r/ A k_h,D E r/ w O n V T I N O n D @ r/ O k_h
L2_arctic_WAV/EBVS_arctic_a0058,a I k_h e I m f O r/ I n f 3` m e I S @ n m O r/ a U t_h V v k_h j U r/ i A s @ t_h i D { n E n i T I N E l s,a I k_h e I m f O r/ I n f 3` m e I S @ n m O r/ a U t_h V f k_h U r/ i A s @ t_h i D { n E n i T I N E l T
L2_arctic_WAV/EBVS_arctic_a0059,h I z I m { k_h j u l I t_h @ p_h I r/ @ n s w V z g O n,h I s i m V k_h j U l e I t_h A p_h r/ I @ n s w V s g O n
L2_arctic_WAV/EBVS_arctic_a0060,E n i w e I n o U w V n s O h 3` l a I k_h D { t_h,E n i w e I n O w V n s o U h 3` l a I D { t_h
L2_arctic_WAV/EBVS_arctic_a0062,D @ m E n s t_h E r/ d I n t_h u i tS V D 3` z f e I s,d @ m E n s t_h E r/ E d I n t_h u i tS O D 3` s f e I s
L2_arctic_WAV/EBVS_arctic_a0063,j E s I t_h w V z @ m { n h u { s k_h t_h @ s t_h r/ e I n dZ 3`,dZ E s I w V s @ m { n h u { s k_h @ t_h @ s t_h r/ E n j 3`
L2_arctic_WAV/EBVS_arctic_a0064,D @ f O r/ T @ n d f I f T d e I z p_h { s t_h w I D a U t_h E n i d I v E l @ p_h m @ n t_h s,D @ f O r/ t_h @ n f I f t_h d e I s p_h { s @ d w I d a U t_h E n i d I v E l @ m @ n s
L2_arctic_WAV/EBVS_arctic_a0065,D e I k_h l o U z d n a U @ n t_h I l h I z f I N g 3` z w 3` l a I k_h k_h O r/ d z V v s t_h i l,D e I k_h l o U s @ n a U @ n t_h I l h I s f I N g 3` s w 3` l a I k_h O r/ s V f s t_h I l
L2_arctic_WAV/EBVS_arctic_a0067,S U r/ l i a I w I l I k_h s k_h j u z j u S i k_h r/ a I d,s U r/ l i a I w I l I s k_h j u z j u S i k_h r/ a I
L2_arctic_WAV/EBVS_arctic_a0071,w V t_h w A z D @ A b dZ E k_h t_h V v j O r/ l I t_h @ l s E n s e I S @ n,w V s w A s D @ O b dZ E k_h V v j O r/ l I t_h @ l s E n s e I S @
L2_arctic_WAV/EBVS_arctic_a0073,D @ p_h r/ @ m o U t_h 3` z a I z w 3` h E v i w I D l I t_h @ l p_h V f i b { g z V n d 3` D E m,D @ p_h r/ @ m O t_h 3` s a I s w 3` h E v i w I t_h l I D @ l p_h V f i b A k_h s V n d 3` D E m
L2_arctic_WAV/EBVS_arctic_a0075,D E r/ h { z b I n @ tS e I n dZ S i I n t_h 3` V p_h t_h I d h I m,d E r/ h { z b I n @ tS e I n dZ S i I n t_h 3` V p_h t_h I h I m
L2_arctic_WAV/EBVS_arctic_a0076,D @ g r/ e I a I z f A l t_h 3` d D @ f l V S d i p_h @ n d,d @ g r/ e I e I s f A l t_h 3` d D @ f l V S d i p_h @ n
L2_arctic_WAV/EBVS_arctic_a0077,I t_h I z D @ f a I 3` p_h A r/ t_h l i S i s E d,I t_h I z D @ f a I 3` p_h A r/ t_h l i S i s E
L2_arctic_WAV/EBVS_arctic_a0078,D E n @ n d { t_h s V p_h 3` h i t_h r/ a I d t_h @ f { D @ m h 3`,d E n { t_h @ s u b 3` h i t_h r/ a I d t_h @ f A d @ m err 3`
L2_arctic_WAV/EBVS_arctic_a0079,I t_h w V z @ l A r/ dZ k_h @ n u,I t_h w V s @ l A r/ tS k_h @ n u
L2_arctic_WAV/EBVS_arctic_a0081,h w V t_h I f S i d I d n A t_h k_h V m t_h @ D @ r/ A k_h,h w V t_h i f S i d i d n A t_h k_h V m t_h @ D @ r/ A k_h
L2_arctic_WAV/EBVS_arctic_a0082,h I z f e I s w V z s t_h r/ i m I N w I T b l V d,h I s f e I s w V s E s t_h r/ e I m I N w I t_h b l o U d
L2_arctic_WAV/EBVS_arctic_a0085,@ t_h r/ I k_h @ l V v f r/ E S b l V d r/ { n o U v 3` h I z f e I s,@ t_h r/ I err l i @ O f f r/ E S b l u d r/ A N o U v 3` err i s f e I s
L2_arctic_WAV/EBVS_arctic_a0086,d E T h { d k_h V m w I T t_h E r/ @ b @ l s V d @ n n @ s,d E t_h err A d k_h A m w I t_h t_h E r/ @ b @ l s A d @ n n @ s
L2_arctic_WAV/EBVS_arctic_a0088,h i m e I d S U r/ D { t_h D @ m { g @ z i n w V z l o U d @ d @ n d r/ I z u m d h I z p_h { d l I N,err i m e I d S U r/ D A t_h D @ m A g @ s i n w V s l o U d @ n d r/ I s u m h i s p_h { d l i N
L2_arctic_WAV/EBVS_arctic_a0089,D @ n a I t_h g l o U w O z t_h r/ E tS 3` @ s t_h @ S u t_h b a I,d @ n a I t_h l o U w O s t_h r/ e I tS 3` @ s t_h @ S O t_h b a I
L2_arctic_WAV/EBVS_arctic_a0090,D @ s I N I N v O I s @ p_h r/ o U tS t_h r/ { p_h @ d l i,d E s i N i N b O I s @ p_h r/ o U S t_h r/ A p_h @ l i
L2_arctic_WAV/EBVS_arctic_a0091,h I z b l V d g r/ u h A t_h w I T r/ e I dZ { t_h D @ T O t_h,h i z b l O d g r/ u h A t_h w i T r/ e I tS A t_h D @ t_h O t_h
L2_arctic_WAV/EBVS_arctic_a0092,h i w E n t_h d a U n I n m I d s t_h r/ i m s 3` tS I N D @ S { d o U z V v b o U T S O r/ z,h i w E n t_h d a U n t_h i n m i d s t_h r/ i m s 3` err tS i N d @ S { D o U s O f b o U s S a U r/ s
L2_arctic_WAV/EBVS_arctic_a0093,f O r/ @ f U l m I n @ t_h h i k_h r/ a U tS t_h @ n d l I s @ n d,f O r/ @ f U l m I n u t_h h i k_h r/ a U tS @ n d l i s @ n @ d
L2_arctic_WAV/EBVS_arctic_a0094,h i h { d b E r/ l i E n t_h 3` d D I s w E n h i s O h i D @ g l o U D @ g l o U V v @ f a I r/,h i h A d b A r/ l i E n t_h 3` l i w E N h i s O h i D @ b l o U D @ g l o U O f @ f a I r/
L2_arctic_WAV/EBVS_arctic_a0095,@ b I g k_h { n v @ s t_h E n t_h w O z D @ f 3` s t_h T I N t_h @ k_h V m w I T I n h I z v I Z @ n,@ b i err k_h A n v A s t_h E n t_h w O D E f i @ s t_h t_h i N t_h @ k_h A m w i t_h i n h i s v i S @ n
L2_arctic_WAV/EBVS_arctic_a0096,p_h 3` r/ h { p_h s S i h { d O r/ E d i m E t_h h 3` f e I t_h @ l I t_h @ l d i p_h 3` I n D @ f O r/ @ s t_h,p_h E err h A p_h s S i h A d O r/ E d i m i t_h h 3` f e I t_h @ l i t_h @ l d i p_h 3` i N D E f O r/ @ s
L2_arctic_WAV/EBVS_arctic_a0097,D E n j u k_h { n 3` e I n dZ j 3` s E l f k_h V m f 3` t_h @ b l i @ m V N D i z r/ o U b z I n D @ b o U,d E n j u k_h A n 3` e I n tS j 3` s E l f k_h O m f O r/ t_h A b l i @ m O N d i s r/ o U b s I n D @ b o U
L2_arctic_WAV/EBVS_arctic_a0098,S { l a I k_h { r/ i j u,S { l a I k_h A r/ i j u
L2_arctic_WAV/EBVS_arctic_a0099,@ m { d n I N dZ O I p_h a U n d I d I n h I z b r/ e I n,A m e I D i N j o U b O n t_h i N err i b r/ e I N
L2_arctic_WAV/EBVS_arctic_a0100,j u m V s t_h s l i p_h h i 3` dZ d,dZ u m A s t_h s l i p_h h i 3` tS
L2_arctic_WAV/EBVS_arctic_a0101,j u j u w U d n A t_h k_h i p_h D @ t_h r/ u T f 3` m m i,j u j u w U d n A t_h k_h i p_h d E t_h r/ u t_h f 3` m m i
L2_arctic_WAV/EBVS_arctic_a0102,h i w I l f A l o U V s s u n,h i w I l f O l o U err A s s u n
L2_arctic_WAV/EBVS_arctic_a0103,b V t_h D E r/ k_h e I m n o U p_h r/ A m @ s f 3` m D @ b o U V v D @ k_h @ n u,b V t_h d E r/ k_h A m n o U p_h r/ A m @ s f 3` m d @ b o U O v d @ k_h @ n u
L2_arctic_WAV/EBVS_arctic_a0104,S i w V z s l i p_h I N V n d 3` h I z p_h r/ @ t_h E k_h S @ n { z s w i t_h l i { z @ tS a I l d,S i w V s E z l i p_h i N V n d 3` h i s p_h r/ @ t_h e I k_h S @ N A s s w i t_h l i A s @ tS a I l
L2_arctic_WAV/EBVS_arctic_a0105,o U n l i I t_h I z s o U w V n d 3` f @ l s o U O l m o U s t_h I m p_h A s @ b @ l t_h @ b I l i v,O n l i i t_h i s s o U w O n d 3` f @ l s o U O l m o U s t_h I m p_h A s @ b @ l t_h @ b I l i f
L2_arctic_WAV/EBVS_arctic_a0106,D @ I m o U S @ n w I tS S i h { d s @ p_h r/ E s t_h b 3` s t_h f O r/ T n a U I n @ tS o U k_h I N s A b,d @ I m o U S @ N w i S S i h A d s @ p_h r/ E s I t_h b 3` T f O r/ T n a U i N @ tS O k_h i N s A b
L2_arctic_WAV/EBVS_arctic_a0107,I f j u o U n l i k_h U d n o U h a U a I T { N k_h j u,i v j u o U n l i g u t_h n o U h a U a I T { N k_h j u
L2_arctic_WAV/EBVS_arctic_a0108,h i w e I d I d I n t_h @ D @ E dZ V v D @ w O t_h 3` { n d b I g { n s k_h r/ V b I N h I m s E l f,h i w e I d I d I n t_h @ E S O f d E w O D 3` A N b I g { N E s k_h r/ A b i N h i s E l f
L2_arctic_WAV/EBVS_arctic_a0109,d u j u n o U D { t_h j u A r/ S e I k_h I N m a I k_h A n f @ d @ n s I n j u,d u j u n o U D { t_h j u A r/ S e I k_h i N m a I g A N f @ d @ n s I n dZ u
L2_arctic_WAV/EBVS_arctic_a0111,I n s t_h E d h i dZ O I n d h 3` { n d D e I e I t_h l a I k_h t_h u h { N g r/ i tS I l d r/ @ n,I n s t_h E t_h h i dZ O I n d err 3` A n D e I e I t_h l a I k_h t_h u h A n d r/ i tS i l d err @ n
L2_arctic_WAV/EBVS_arctic_a0112,h i w V z w u n d @ d I n D i A r/ m,h i w A s w u n d @ d i n d E A r/ m
L2_arctic_WAV/EBVS_arctic_a0113,a I s @ p_h o U z j u p_h I k_h t_h D { t_h l I N g o U V p_h @ m V N D i I n d i @ n z,a I s @ b o U z j u b I k_h t_h d A t_h l I N g o U V p_h t_h u @ m O N d i i n d i @ n s
L2_arctic_WAV/EBVS_arctic_a0115,h i h { d n o U I k_h s k_h j u z f O r/ D @ f i l I N z w I tS w 3` 3` a U z d I n h I m,h i h A d n o U I s s k_h j u s f O r/ D E f i l I N s w i tS w 3` 3` a U s h i N h i m
L2_arctic_WAV/EBVS_arctic_a0116,w O z I t_h D @ r/ A n d I v u V v D o U z h u w 3` s t_h r/ a I v I N t_h @ w 3` k_h h I z r/ u I n,w O t_h I z z @ r/ A n d I v u O f d o U s h u w 3` E s t_h r/ i v i N t_h @ w 3` k_h h i z r/ u i n
L2_arctic_WAV/EBVS_arctic_a0117,S i { d I d w I D dZ E n j u w a I n s I m p_h @ T i I n h 3` f e I s @ n d v O I s,S i { d I d w i d @ dZ u n i @ n s i m f @ t_h i i N h 3` f e I s @ m b O I s
L2_arctic_WAV/EBVS_arctic_a0120,m a I r/ a I t_h f U t_h f i l z l a I k_h D { t_h V v @ tS a I n i z d E b j @ t_h A n t_h,m a I r/ a I t_h f U s f i l s l a I k_h @ d A t_h O f @ tS a I n i z d E b j @ t_h A n t_h
L2_arctic_WAV/EBVS_arctic_a0121,D e I e I t_h d I n 3` r/ { t_h D @ f I f T { n d r/ E s t_h @ d f r/ 3` t_h u a U r/ z,d e I e I t_h d i n 3` err { t_h d @ f I f T A n r/ E s f r/ 3` t_h u a U r/ s
L2_arctic_WAV/EBVS_arctic_a0122,t_h u j I r/ z @ g o U a I g e I v V p_h s I v @ l I z e I S @ n f r/ 3` D I s,t_h u j I r/ s @ g o U a I g e I v V p_h s I v @ l I s e I S @ N f r/ 3` d I s
L2_arctic_WAV/EBVS_arctic_a0123,S i h { d d a I d f 3` m k_h o U l d { n d s t_h A r/ v e I S @ n,S i h A d d a I d f 3` m k_h O l d A N E s t_h A r/ v e I S @ n
L2_arctic_WAV/EBVS_arctic_a0125,h i w V z d I t_h 3` m @ n d n a U t_h @ m e I n t_h e I n @ m O r/ s 3` t_h @ n h o U l d @ p_h A n h I m s E l f,h i w V z t_h 3` m @ n d n a U t_h @ m @ n t_h e I N @ m O r/ s 3` t_h e I n err o U l d @ p_h @ n h i n s E l f
L2_arctic_WAV/EBVS_arctic_a0126,i tS d e I S i b I k_h e I m @ m O r/ v a I t_h @ l p_h A r/ t_h V v h I m,i tS d e I S i b I k_h A m @ m O r/ v a I t_h @ l p_h A r/ t_h V v h i m
L2_arctic_WAV/EBVS_arctic_a0127,I t_h w V z @ t_h E m t_h e I S @ n b V t_h h i r/ I z I s t_h I d I t_h,i t_h w V s @ t_h E m t_h e I S @ n b V t_h h i r/ I s I s t_h I d I t_h
L2_arctic_WAV/EBVS_arctic_a0128,D I s w V n h o U p_h w V z d I s t_h r/ O I d { z k_h w I k_h l i { z I t_h w V z b O r/ n,d i s w V N err o U p_h w V s t_h r/ O I D A s k_h w I k_h l i A s I t_h w V z b O r/ N
L2_arctic_WAV/EBVS_arctic_a0129,h 3` r/ f e I s w V z @ g e I n s t_h h I z b r/ E s t_h,h E err f e I s w V s @ g e I n s t_h h i s h i z b r/ E s
L2_arctic_WAV/EBVS_arctic_a0130,S i w V z h I z n a U f 3` E v 3`,S i w V s err i s n a U f 3` E b 3`
L2_arctic_WAV/EBVS_arctic_a0131,p_h r/ A v @ d @ n s h { d d I l I v 3` d h I m T r/ u D @ m e I l s t_h r/ @ m,p_h r/ A v @ d @ n err A d d E l i v 3` E d err i m t_h r/ o U d @ m A l E s t_h r/ O m
L2_arctic_WAV/EBVS_arctic_a0134,h i o U b e I d D @ p_h r/ E S 3` V v h 3` h { n d,h i o U v e I d d @ b r/ E S 3` O f err 3` h { n t_h
L2_arctic_WAV/EBVS_arctic_a0136,@ b a U t_h h I m E v r/ i w E r/ w 3` D @ E v @ d @ n s @ z V v l V g Z 3` i { n d V v e I dZ,@ b A t_h err i m E v r/ i w 3` r/ w 3` D E E v @ d @ m O f l V g S 3` i A n O f e I S
L2_arctic_WAV/EBVS_arctic_a0137,D E n h i s t_h E p_h t_h b { k_h w I D @ l o U k_h r/ a I V v p_h l E Z 3`,d E m h i E s t_h E p_h b A err i n w i d @ l o U k_h r/ a I O f p_h l E S 3`
L2_arctic_WAV/EBVS_arctic_a0139,h i t_h o U l d h I m s E l f D { t_h { z h i w A S t_h h I m s E l f { n d g r/ u m d h I z d I S E v @ l d k_h l o U D z,h i t_h o U l h i m s E l f d A t_h A s err i w A S I t_h h i m s E l f A N g r/ u m E t_h h i s d i S E l p_h k_h l o U t_h s
L2_arctic_WAV/EBVS_arctic_a0145,a I h { v t_h @ b i k_h E r/ f @ l @ v D E m { z D e I t_h I r/ v E r/ i i z @ l i,a I h { f t_h @ r/ i k_h E r/ f @ l @ D E m { z D e I t_h I r/ v E r/ i i s @ l i
L2_arctic_WAV/EBVS_arctic_a0148,n a U D i z T I N z h { d b I n s t_h r/ V k_h d E d w I T I n h I m,n a U D i s t_h I N h A D v I n s t_h r/ V k_h d E d w I T I n h I m
L2_arctic_WAV/EBVS_arctic_a0154,h i w O z s m u D S e I v @ n @ n d h I z h E r/ @ n d a I z w 3` b l { k_h,h i w O s s @ m u T S e I v @ n @ n g h I s h E r/ @ n a I s w 3` b l { k_h
L2_arctic_WAV/EBVS_arctic_a0159,D e I l U k_h { z D o U h i h { d b I n d r/ V m I N @ p_h i { n @ O l h I z l a I f,D e I l U k_h { s T r/ o U h i h { d b I n d r/ V m I N @ p_h i { n @ O l h I l a I f
L2_arctic_WAV/EBVS_arctic_a0170,D E r/ w V z n V n V v D @ dZ O I V v m i t_h I N I n h I z f e I s,d E r/ w V s n o U n V f d @ dZ O I V v m i t_h I N I h I z f e I s
L2_arctic_WAV/EBVS_arctic_a0176,f O r/ D @ f 3` s t_h t_h a I m I n h I z l a I f h i w O z j 3` n I N f O r/ @ s k_h r/ { p_h,f O r/ D @ f 3` s t_h a I m I h I z l a I h i w O s dZ 3` n I N f O r/ @ s k_h r/ {
L2_arctic_WAV/EBVS_arctic_a0178,E v r/ i b o U n I n h 3` e I dZ d b A d i s i m d b r/ o U k_h @ n O r/ d I s l o U k_h e I t_h I d,E v r/ i b O n I h 3` e I Z d b A d i s i m @ d b r/ o U k_h @ n O r/ d I T l o U k_h e I t_h
L2_arctic_WAV/EBVS_arctic_a0185,D @ k_h w E s tS @ n z m e I h { v k_h V m v e I g l i I n h I z m a I n d,d @ k_h w E s tS @ n m e I h A f k_h V m b A g U l i I h I z m a I n
L2_arctic_WAV/EBVS_arctic_a0191,f O r/ @ t_h a I m D i I k_h s a I t_h I N T r/ I l V v h I z @ d v E n tS 3` w A z g O n,f O r/ @ t_h a I m D i I k_h s a I t_h I N tS r/ I l V f h I s @ d v E n tS 3` w A z g O n
L2_arctic_WAV/EBVS_arctic_a0198,s V m t_h a I m z h 3` d r/ i m z w 3` f I l d w I D v I Z @ n z,s V m t_h a I m s h 3` d r/ i m s w 3` f I l d w I D v I S @ n s
L2_arctic_WAV/EBVS_arctic_a0210,I t_h s d a I { m @ t_h 3` w V z n A t_h m O r/ D { n t_h u h V n d r/ @ d j A r/ d z,I t_h s d i A m @ t_h 3` w V s n O m O r/ D { n t_h u h V n d r/ @ d j A r/ d z
L2_arctic_WAV/EBVS_arctic_a0212,f r/ E S k_h e I s I z s t_h I l e I b @ l t_h u w O k_h D e I k_h l V s t_h 3` d @ b a U t_h D @ s p_h o U k_h s m @ n,f r/ E S k_h e I s I s E s t_h I l e I v @ l t_h u w O k_h D e I k_h l U s t_h 3` d @ v a U t_h D @ s p_h O k_h s m @ n
L2_arctic_WAV/EBVS_arctic_a0227,I t_h w V z D @ s e I m w e I w I T a U r/ r/ I v A l v 3` z @ n d r/ a I f @ l z,I w V z D @ s e I m w e I w I t_h a U r/ r/ I v O l v 3` s @ n r/ a I f @ l E s
L2_arctic_WAV/EBVS_arctic_a0233,a I n E v 3` @ l a U w V t_h k_h { n t_h b i tS e I n dZ d t_h u @ n O I m i,a I n E v 3` @ l o U w V t_h k_h A n b i tS e I n d t_h u @ n O I m i
L2_arctic_WAV/EBVS_arctic_a0254,s t_h r/ e I t_h a U t_h D e I s w A m D E r/ h E d z g r/ o U I N s m O l 3` { n d s m O l 3`,s t_h r/ e I t_h a U t_h D d e I s w A m D E r/ h E d s g r/ o U I N s m O l 3` { n s m O l 3`
L2_arctic_WAV/EBVS_arctic_a0260,n o U b @ d i n j u h I z h I s t_h 3` i D e I V v D @ h U n t_h @ l i s t_h V v O l,n o U v O d i n j u h I s h I s t_h 3` i D e I V f D @ h U n t_h @ l i s t_h V f O l
L2_arctic_WAV/EBVS_arctic_a0265,D @ d I s k_h V v 3` i s i m d t_h u h { v b I n m e I d A n D @ s p_h 3` @ v D @ m o U m @ n t_h,D @ d I s k_h O v 3` i s i m V n t_h u h A v v I n m e I d A v D @ s p_h 3` @ v D @ m O m @ n t_h
L2_arctic_WAV/EBVS_arctic_a0269,D { t_h s w E r/ D e I k_h V t_h O f D i s k_h A t_h I S tS i f s @ n d k_h I l d O l h { n z,d { s w E r/ d e I k_h V t_h O f d E s k_h O t_h I S tS i f @ n k_h I l E d O l h A n s
L2_arctic_WAV/EBVS_arctic_a0271,n a U p_h l i z g I v @ p_h l e I n s t_h e I t_h m @ n t_h V v h w V t_h @ k_h 3` d,n a U p_h l i s g I f @ p_h l e I n s t_h e I m @ n t_h O f g w V t_h O k_h 3` t_h
L2_arctic_WAV/EBVS_arctic_a0295,{ n d t_h w E n t_h i m E n k_h U d h o U l d I t_h w I D s p_h I r/ z @ n d { r/ o U z,{ n t_h w E n t_h i m E n k_h U h o U l I t_h w I t_h E s p_h I r/ z @ n A r/ O s
L2_arctic_WAV/EBVS_arctic_a0298,D I s t_h { s I t_h p_h r/ A m @ s V v k_h @ n t_h I n j u d @ k_h w e I n t_h @ n s g e I v s { k_h s @ n @ l I t_h @ l dZ O I T r/ I l,d I s t_h A s I p_h r/ A m a I s V f k_h O n t_h I n j u d @ k_h j I t_h @ n s g e I f s { k_h s @ n @ l I t_h @ l dZ O t_h r/ I l
L2_arctic_WAV/EBVS_arctic_a0299,a I t_h E l j u a I { m d I s g V s t_h @ d w I D D I s @ d v E n tS 3` t_h A m f u l 3` i @ n d r/ A t_h,a I t_h E l j u a I { m d I z g V s t_h @ d w I D I s @ d v E n tS 3` t_h A m f O r/ l i @ n r/ O t_h
L2_arctic_WAV/EBVS_arctic_a0300,f r/ V m m a I 3` l i @ s t_h r/ E k_h @ l E k_h S @ n m a I s l i p_h w O z @ p_h I r/ i @ d V v t_h E r/ 3`,f r/ V m m a I 3` l i @ s r/ E k_h @ l E k_h S @ n m a I T l i p_h w O s @ p_h E r/ i @ d V f t_h E r/ 3`
L2_arctic_WAV/EBVS_arctic_a0303,b V t_h D e I m e I k_h D @ m I s t_h e I k_h V v I g n O r/ I N D E r/ o U n d u { l @ t_h i,b V d e I m e I k_h D @ m I s t_h e I k_h V f I n O r/ I N D E r/ O n d u A l @ t_h I s
L2_arctic_WAV/EBVS_arctic_a0320,w I D m a I s t_h r/ E N k_h T a I s l { m d I t_h f U l I n t_h @ r/ E d a I z f e I s,g w I d m a I s t_h r/ E N k_h t_h a I s l { m t_h I n t_h U f U t_h r/ E d a I r/ E n s f e I s
L2_arctic_WAV/EBVS_arctic_a0363,I t_h I z n A t_h @ n @ t_h E m p_h t_h t_h @ s m { S D @ m A r/ k_h @ t_h,I t_h I z n A t_h A N t_h E m t_h @ E s m A S d @ m A r/ k_h @ t_h
L2_arctic_WAV/EBVS_arctic_a0369,I n p_h A r/ t_h n 3` S I p_h w I D d e I l a I t_h D @ p_h E r/ r/ e I d I d D @ s { n h o U z e I I n t_h 3` 3` b @ n,I n b A r/ t_h n 3` S I t_h w I d d a I l I t_h d @ b E r/ r/ e I d I d d @ s { N h o U s e I I n t_h 3` 3` b @ n
L2_arctic_WAV/EBVS_arctic_a0401,D @ m { n s m a I l d g r/ I m l i @ n d b r/ O t_h @ h { tS @ t_h @ n d @ k_h l V b,d @ m A N s m a I l g r/ I m l i @ m b r/ o U t_h @ h A tS @ t_h s @ N @ k_h l V b
L2_arctic_WAV/EBVS_arctic_a0416,D @ { d @ d w e I t_h h { d @ v @ l A s @ t_h i V v f I f t_h i n m a I @ l z p_h 3` a U r/,D @ A d @ d w e I h A v @ v @ l A s @ t_h i O f f I f t_h i N m a I @ l s b 3` a U r/
L2_arctic_WAV/EBVS_arctic_a0441,v a I @ l @ n t_h l a I f @ n d { T l E t_h I k_h s p_h O r/ t_h s h { d n E v 3` @ p_h i l d t_h @ m i,v a I @ l @ n t_h l a I f @ N { T l E t_h i k_h E s p_h O r/ h A D n E v 3` @ p_h i l i d t_h @ m i
L2_arctic_WAV/EBVS_arctic_a0487,D @ r/ I v 3` b E r/ d I t_h s b U z @ m @ n d s n O r/ t_h I N s t_h i m b o U t_h s tS { l @ n dZ d D @ w I l d 3` n @ s,D @ r/ I v 3` b r/ r/ t_h I z b U z @ m @ N h m O r/ t_h I N E s t_h i m b o U t_h s tS A l @ n S I d D E w I l d 3` n E s
L2_arctic_WAV/EBVS_arctic_a0500,h u D @ d E v @ l g e I v I t_h t_h I j u t_h @ b i dZ V dZ @ n d dZ U r/ i,h u d @ d E v I l g e I f i t_h t_h I dZ u t_h @ b i dZ U tS @ h dZ U r/ i
L2_arctic_WAV/EBVS_arctic_a0548,O l s o U tS 3` tS @ z @ n d p_h r/ i tS 3` z a I h { d n E v 3` n o U n,O l s o U tS 3` tS @ s @ m b r/ i tS 3` s a I h A d n E v 3` n o U N
L2_arctic_WAV/EBVS_arctic_a0556,h w a I h i z b O t_h f O r/ t_h i p_h a U n z V v g U d z f r/ V m j u O l r/ E d i,h w a I h i s b o U f O r/ t_h i b O n s O v g u d s f r/ O m j u O l r/ E d i
L2_arctic_WAV/EBVS_arctic_b0019,h I z s l I m h { n d z g r/ I p_h t_h D i E dZ @ z V v D @ t_h e I b @ l,s l i m h A n s g r/ i p_h @ t_h d E dZ s V v D @ d e I b @ r/
L2_arctic_WAV/EBVS_arctic_b0042,t_h E n m I n @ t_h s h { d n A t_h I l { p_h s t_h s I n s h i h { d d r/ A p_h t_h D @ h { N k_h 3` tS i f,t_h E n m I n @ t_h s h A d n A t_h I l { p_h s t_h s i n s h i h A t_h d r/ A p_h I t_h D E h A N k_h 3` tS i f
L2_arctic_WAV/EBVS_arctic_b0070,D E r/ w A z n o U tS { n s t_h @ f a I 3` w I D a U t_h h I t_h I N h I m,d E r/ w @ r/ n o U tS A n s t_h @ f a I w I d a U t_h h i t_h i N h i m
L2_arctic_WAV/EBVS_arctic_b0150,{ n d h i w V z f I l d w I T @ s t_h r/ e I n dZ { n d f O r/ b o U d I N f I r/,A N h i w V s f i l i d w i t_h @ s t_h r/ e I n A N f O r/ b r/ i N f I r/
L2_arctic_WAV/EBVS_arctic_b0187,h 3` r/ @ tS i v m @ n t_h s w I T k_h o U k_h o U n V t_h s w 3` @ r/ E v @ l e I S @ n,h 3` h E r/ @ tS i s m E n t_h w i t_h k_h o U k_h o U n i t_h s w 3` @ r/ E l e I S @ N
L2_arctic_WAV/EBVS_arctic_b0269,h w a I n A t_h E n i r/ e I l r/ o U d s t_h e I S @ n O r/ f E r/ i d i p_h o U,h w a I n o U t_h E n i r/ o U d E s t_h e I S @ n O r/ f 3` l i d i p_h o U t_h
L2_arctic_WAV/EBVS_arctic_b0279,h i g e I v w V n l { s s n A r/ l { n d s l I d f r/ V m v j u @ m V N D @ t_h r/ i z,h i g e I f w V n l { s s @ m A r/ l A N E h l i d f r/ O m b j u @ m O N d @ t_h r/ i s
L2_arctic_WAV/EBVS_arctic_b0298,h I z h { n d S A t_h a U t_h @ n d k_h l V tS t_h k_h r/ U k_h @ d l E g b a I D @ n E k_h,h i s h A n S V t_h a U t_h @ N k_h l V tS k_h r/ U k_h @ d l E h b a I d @ n E k_h
L2_arctic_WAV/EBVS_arctic_b0304,h I z p_h r/ i v i @ s w a I v z h { d n E v 3` l I v d l O N I n V f t_h @ b E r/ h I m tS I l d r/ @ n,h i s b r/ i v i @ z w a I f h A d n E v 3` l i d l O N err I n o U f t_h @ b j V r/ h i m tS i l r/ E N
L2_arctic_WAV/EBVS_arctic_b0413,h i m e I d I z a I 3` t_h I I s k_h e I p_h p_h e I n O r/ t_h u I n dZ O I p_h l E Z 3`,h i m e I d I s A 3` t_h I I s k_h e I p_h b e I N O r/ t_h u I n j O I b l E S 3`
L2_arctic_WAV/EBVS_arctic_b0434,D @ s t_h u 3` d h { z dZ V s t_h t_h E n d 3` d m i @ r/ I s p_h E k_h t_h f @ l b I t_h V v @ d v a I s,d E s t_h u 3` h { s dZ V s t_h t_h E n d 3` m i @ s 3` p_h E k_h t_h f u err b i t_h O f @ d b a I s
L2_arctic_WAV/EBVS_arctic_b0461,b a I v 3` r/ tS u V v D { t_h p_h a U 3` w i S { l r/ I m e I n I n p_h a U 3`,b a I b E err tS r/ u O f d A t_h b a U 3` w i S { l r/ I m a I n i n b a U 3`
L2_arctic_WAV/EBVS_arctic_b0494,n E v 3` s o U s t_h r/ e I n dZ @ p_h r/ A f @ t_h k_h e I m V p_h t_h u dZ 3` u s @ l @ m,n E v 3` s o U s t_h r/ e I n tS @ p_h r/ o U f @ t_h k_h A m V p_h t_h u dZ 3` u s @ l E m
L2_arctic_WAV/EBVS_arctic_b0503,D @ s E n t_h s V v s t_h r/ e I n dZ v E dZ @ t_h e I S @ n b l u O f D @ t_h r/ A p_h I k_h l { n d,d @ s E n t_h s O f E s t_h r/ e I n tS b E dZ @ t_h e I S @ N b l u O f d @ t_h r/ A p_h I k_h l A N
L2_arctic_WAV/EBVS_arctic_b0534,a I l t_h E l j u D @ l a I b r/ E r/ i @ n s E d w I T @ b r/ a I t_h n I N f e I s,a I l t_h E l j u d @ l a I b r/ E r/ i d i @ n s e I d w i t_h @ b r/ a I t_h n i N f e I s
L2_arctic_WAV/EBVS_arctic_b0538,{ t_h D @ b E s t_h D e I w 3` n E s @ s E r/ i { k_h s E s 3` i z,{ t_h d @ b E s t_h d e I w 3` n E s @ s E r/ i { k_h s E s 3` i s
L2_arctic_WAV/ERMS_arctic_a0003,f r/ 3` D @ t_h w E n t_h i @ T t_h a I m D { t_h i v n I N D @ t_h u m E n S U k_h h { n z,f r/ 3` D @ t_h w E n t_h i @ T t_h a I m d { t_h i b i n I N d @ t_h u m E N S U k_h h { n s
L2_arctic_WAV/ERMS_arctic_a0005,w I l w i E v 3` f 3` g E t_h I t_h,w I l w i E v 3` f 3` g E t_h I t_h
L2_arctic_WAV/ERMS_arctic_a0006,g A d b l E s @ m a I h o U p_h a I l g o U O n s i I N D E m f 3` E v 3`,g A d b l E s @ m a I h o U p_h a I l g o U o U n s i I N d E m f 3` E v 3`
L2_arctic_WAV/ERMS_arctic_a0007,@ n d j u O l w i z w A n t_h t_h @ s i I t_h I n D @ s U p_h 3` l @ t_h I v d I g r/ i,@ n d j o U O l w i z w A n t_h n @ s i I t_h I n D e I s U p_h 3` l @ t_h I v d I g r/ i
L2_arctic_WAV/ERMS_arctic_a0008,g { d j U r/ l E t_h 3` k_h e I m dZ V s t_h I n t_h a I m,g { d j U r/ l E t_h 3` k_h e I m j V s t_h i n t_h a I m
L2_arctic_WAV/ERMS_arctic_a0010,a I m p_h l e I I N @ s I N g @ l h { n d I n w V t_h l U k_h s l a I k_h @ l u z I N g e I m,a I m p_h l e I I N @ s i N g @ l h A n d I N w V t_h l U k_h s l a I k_h @ l u s I N g e I m
L2_arctic_WAV/ERMS_arctic_a0011,I f a I E v 3` n i d I d @ f a I t_h 3` I n m a I l a I f a I n i d w V n n a U,I f a I E b 3` n i d I d @ f a I t_h 3` I N m a I l a I f a I n i d w V n n a U
L2_arctic_WAV/ERMS_arctic_a0013,h i w V z @ h E d S O r/ t_h 3` D { n h I z k_h @ m p_h { n j @ n V v O l m o U s t_h d E l @ k_h @ t_h f @ z i k_h,h i w V s @ h E d tS O r/ t_h 3` d { n h I s k_h @ m p_h { n j @ n V v O l m o U s t_h d E l @ k_h e I t_h f f i s i k_h
L2_arctic_WAV/ERMS_arctic_a0018,D E r/ w @ z @ tS e I n dZ n a U,d E r/ w @ s @ tS e I n dZ n a U
L2_arctic_WAV/ERMS_arctic_a0019,a I f A l o U d D V l a I n V v D @ p_h r/ @ p_h o U z d r/ e I l r/ o U d l U k_h I N f 3` tS { n s @ z,a I f O l o U err d V l a I n V v d @ p_h r/ @ p_h o U s r/ e I r/ o U d l U k_h I N f 3` tS { n s @ s
L2_arctic_WAV/ERMS_arctic_a0020,k_h l V b z @ n d b O l z @ n d s I t_h i z g r/ u t_h u b i o U n l i m E m 3` r/ i z,k_h l V b s @ n d b O l z @ n d s i t_h i z g r/ u t_h u b i o U n l i m E m o U r/ i s
L2_arctic_WAV/ERMS_arctic_a0021,I t_h f E r/ l i k_h l V b d m i I n t_h u r/ E k_h @ g n a I z I N I t_h,I t_h f E l i k_h l A b d m i i n t_h u r/ E k_h @ g n a I s I N I t_h
L2_arctic_WAV/ERMS_arctic_a0022,h A r/ d l i w 3` A r/ p_h l { n z m e I d p_h V b l I k_h b I f O r/ w i w 3` m E t_h b a I p_h a U 3` f @ l A p_h @ z I S @ n,h A d l i w 3` A r/ p_h l { n s m e I d p_h V b l I k_h b I f O w i w 3` m E t_h b a I p_h a U 3` f @ l A p_h @ s i S @ n
L2_arctic_WAV/ERMS_arctic_a0023,@ k_h A m b @ n e I S @ n V v k_h @ n e I d i @ n k_h { p_h @ t_h @ l k_h w I k_h l i O r/ g @ n a I z d @ n d p_h @ t_h I S @ n d f r/ 3` D @ s e I m p_h r/ I v I l @ dZ @ z,@ k_h A m b i n e I S @ N V v k_h @ n e I d i @ n k_h { p_h I t_h @ k_h w I k_h l i O r/ g @ n a I s t_h @ n d p_h @ t_h i S @ n d f r/ 3` D @ s e I m p_h r/ I v I l @ S @ s
L2_arctic_WAV/ERMS_arctic_a0024,I t_h w V z m a I r/ I p_h O r/ t_h s f r/ V m D @ n O r/ T h w I tS tS i f l i I n d u s t_h p_h i p_h @ l t_h I b a I,I t_h w V s m a I r/ I p_h O r/ t_h s f r/ V m D @ n O r/ t_h h w i tS tS i f l i I n d u s t_h p_h i p_h @ l t_h I b a I
L2_arctic_WAV/ERMS_arctic_a0025,a I w V z @ b a U t_h t_h u d u D I s h w E n k_h u l 3` dZ V dZ m @ n t_h p_h r/ I v e I l d,a I w V s @ b a U t_h t_h u d u D i s h w E n k_h u l 3` dZ V dZ m @ n t_h p_h r/ I b e I l t_h
L2_arctic_WAV/ERMS_arctic_a0026,I t_h @ k_h 3` d t_h u m i D { t_h D E r/ w U d h { v t_h u b i { n @ k_h a U n t_h I N,I t_h @ k_h j 3` d t_h u m i d { t_h d E r/ w U d h A b t_h u b i { n @ k_h O n t_h I N
L2_arctic_WAV/ERMS_arctic_a0027,t_h @ m a I s 3` p_h r/ a I z h i b i g { n t_h @ S o U { k_h S @ l I n T u z i { z @ m I n m a I f e I v 3`,t_h @ m a I s 3` p_h r/ a I s h i b i g A n t_h @ S o U { k_h S @ l I n t_h u s i { s @ m I n m a I f { v 3`
L2_arctic_WAV/ERMS_arctic_a0028,r/ A b 3` i b r/ a I b 3` i f r/ O d,r/ A b 3` i b r/ a I b 3` i f r/ O d
L2_arctic_WAV/ERMS_arctic_a0029,D E r/ f O r/ s I z w 3` O r/ E d i m u v I N I n t_h u D @ n O r/ T k_h V n t_h r/ i,d E r/ f O r/ s I z w 3` O r/ E d i m u b I N i n t_h u d @ n O r/ t_h k_h V n t_h r/ i
L2_arctic_WAV/ERMS_arctic_a0030,a I h { d f e I T I n D E m,a I h { d f e I t_h I n d E m
L2_arctic_WAV/ERMS_arctic_a0031,D e I w 3` T r/ i h V n d 3` d j A r/ d z @ p_h A r/ t_h,d e I w 3` t_h r/ i h A n d 3` d j A r/ d s @ p_h A r/ t_h
L2_arctic_WAV/ERMS_arctic_a0032,s I n s D E n s V m m I s t_h I r/ i @ s f O r/ s h { z b I n f a I t_h I N V s { t_h E v 3` i s t_h E p_h,s i n z d E n s V m m I s t_h I r/ i @ s f O r/ s h { z b I n f a I t_h I N V s { t_h E v 3` i s t_h E p_h
L2_arctic_WAV/ERMS_arctic_a0036,S i t_h 3` n d I n { t_h D @ h o U t_h E l,S i t_h 3` n t_h I n { t_h d E h o U t_h E l
L2_arctic_WAV/ERMS_arctic_a0037,a I w V z D i o U n l i w V n h u r/ i m e I n d s I t_h I N,a I w V z D i o U n l i w A N h u r/ i m e I n t_h s i t_h i N
L2_arctic_WAV/ERMS_arctic_a0038,w I l h { v t_h @ w A tS A r/ tS { n s I z,w I l h { b t_h @ w A tS A r/ tS { n s I s
L2_arctic_WAV/ERMS_arctic_a0039,D @ S I p_h S U d b i I n w I D I n @ w i k_h 3` t_h E n d e I z,d @ S i p_h S U d b i i N w I D i N @ w i k_h 3` t_h E n d e I s
L2_arctic_WAV/ERMS_arctic_a0040,a I s @ p_h o U z j u w V n d 3` w a I S i I z k_h V m I N V p_h h i r/,a I s @ p_h o U z j u w V n d 3` w a I S i I s k_h V m I N A p_h h i r/
L2_arctic_WAV/ERMS_arctic_a0041,m i n w a I l a I l g o U a U t_h t_h @ b r/ i D @ s p_h E l,m i n w a I l a I l g o U a U t_h { z b r/ i d @ s p_h E l
L2_arctic_WAV/ERMS_arctic_a0042,h a U k_h U d h i I k_h s p_h l e I n h I z p_h @ z E S @ n V v D @ s k_h E tS,h a U k_h U t_h h i I k_h s p_h l e I n h I z p_h @ s E S @ n s V v d I s k_h E tS
L2_arctic_WAV/ERMS_arctic_a0045,h i m u v d @ w e I { z k_h w a I @ t_h l i E z h i h { d k_h V m,h i m u p_h @ w e I { s k_h w a I @ t_h l i E s h i h A t_h k_h V m
L2_arctic_WAV/ERMS_arctic_a0046,D i g 3` l f e I s t_h h I m h 3` a I z S a I n I N w I T s V d @ n f I r/,d i g 3` l f e I s h I m h 3` a I s S a I n I N w I t_h s V d @ n f I r/
L2_arctic_WAV/ERMS_arctic_a0047,k_h l o U s b I s a I d h I m g l i m d D i w a I t_h f { N z V v D @ w U l f d O g,k_h l o U s b I s a I d h I m g l i m d d i w a I t_h f A N s V v d @ w O l f d O k_h
L2_arctic_WAV/ERMS_arctic_a0048,h i l U k_h t_h { t_h D @ h { N k_h 3` tS i f m O r/ k_h l o U s l i,h i l U k_h t_h { t_h d @ h A n k_h 3` tS i f m O r/ k_h l o U s l i
L2_arctic_WAV/ERMS_arctic_a0051,D @ l e I s w V z V v @ d E l @ k_h @ t_h a I v 3` i k_h V l 3` f e I n t_h l i t_h I n t_h I d w I T j E l o U,d @ l e I s w A s V v @ d E l @ k_h @ t_h a I b 3` i k_h O l 3` f e I n t_h l i t_h i n t_h I d w I t_h j E l o U
L2_arctic_WAV/ERMS_arctic_a0052,I t_h w V z @ k_h j U r/ i @ s k_h o U I n s I d @ n s,I t_h w V s @ k_h j U r/ i @ s k_h O I n s i d @ n s
L2_arctic_WAV/ERMS_arctic_a0053,s V d @ n l i h I z f I N g 3` z k_h l o U z d t_h a I t_h l i o U v 3` D @ h { N k_h 3` tS i f,s V d @ n l i h I s f i N g 3` s k_h l o U s t_h a I t_h l i o U b 3` d @ h A N k_h 3` tS i f
L2_arctic_WAV/ERMS_arctic_a0054,D E r/ w V z n V T I N A n D @ r/ A k_h,d E r/ w V s n V t_h I N A n d E r/ A k_h
L2_arctic_WAV/ERMS_arctic_a0058,a I k_h e I m f r/ 3` I n f 3` m e I S @ n m O r/ a U t_h @ v k_h j U r/ i A s @ t_h i D { n E n i T I N E l s,a I k_h e I m f r/ 3` I n f 3` m e I S @ n m O r/ a U t_h k_h j U r/ i A s @ t_h i d { N E n i t_h I N E l s
L2_arctic_WAV/ERMS_arctic_a0059,h I z I m { k_h j u l I t_h @ p_h I r/ @ n s w V z g O n,h I s I m { k_h j u l I t_h @ p_h I r/ @ n s w A s g O n
L2_arctic_WAV/ERMS_arctic_a0060,E n i w e I n o U w V n s O h 3` l a I k_h D { t_h,E n i w e I n o U w A n s O h 3` l a I k_h d { t_h
L2_arctic_WAV/ERMS_arctic_a0062,D @ m E n s t_h E r/ d I n t_h u i tS V D 3` r/ z f e I s,d @ m { n E s t_h E r/ d i n t_h u i tS V D 3` r/ s f e I s
L2_arctic_WAV/ERMS_arctic_a0063,j E s I t_h w V z @ m { n h u { s k_h t_h @ s t_h r/ e I n dZ 3`,dZ E s I t_h w A s @ m A n h u { s k_h t_h @ s t_h r/ e I n j 3`
L2_arctic_WAV/ERMS_arctic_a0064,D @ f O r/ T @ n d f I f T d e I z p_h { s t_h w I D a U t_h E n i d I v E l @ p_h m @ n t_h s,d @ f O r/ t_h A N f i f t_h d e I s p_h { s t_h w I D a U t_h E n i d E b E l @ p_h m @ n t_h s
L2_arctic_WAV/ERMS_arctic_a0065,D e I k_h l o U z d n a U @ n t_h I l h I z f I N g 3` z w 3` l a I k_h k_h O r/ d z V v s t_h i l,d e I k_h l o U s n a U @ n t_h i h I s f i N g 3` s w 3` l a I k_h k_h O r/ d s V v s t_h i l
L2_arctic_WAV/ERMS_arctic_a0067,S U r/ l i a I w @ l I k_h s k_h j u z j u S i k_h r/ a I d,S U r/ l i a I w i l I k_h s k_h j u s j u S i k_h r/ a I t_h
L2_arctic_WAV/ERMS_arctic_a0071,h w V t_h w V z D i A b dZ E k_h t_h V v j U r/ l I t_h @ l s E n s e I S @ n,h w V t_h w V z z E A b dZ E k_h V v j U r/ l i t_h @ l s E n s e I S @ n t_h
L2_arctic_WAV/ERMS_arctic_a0073,D @ p_h r/ @ m o U t_h 3` z a I z w 3` h E v i w I T l I t_h @ l p_h V f i b { g z V n d 3` D E m,d @ p_h r/ @ m o U t_h 3` s a I s w 3` h E b i w I t_h l i t_h @ l f b A f i b A g s V n d 3` d E m
L2_arctic_WAV/ERMS_arctic_a0075,D E r/ h { z b I n @ tS e I n dZ S i I n t_h 3` V p_h t_h I d h I m,d E r/ h { s b i N @ tS e I n dZ S i I n t_h 3` V p_h t_h h I m
L2_arctic_WAV/ERMS_arctic_a0076,D @ g r/ e I a I z f A l t_h 3` d D @ f l V S d i p_h @ n d,d @ g r/ e I d a I s f A l t_h 3` d d @ f l V S d i p_h @ n d
L2_arctic_WAV/ERMS_arctic_a0077,I t_h I z D @ f a I 3` p_h A r/ t_h l i S i s E d,I t_h I z D @ f a I 3` p_h A r/ t_h l i S i s E d
L2_arctic_WAV/ERMS_arctic_a0078,D E n @ n d { t_h s V p_h 3` h i t_h r/ a I d t_h @ f { D @ m h 3`,D E n A n d { t_h s A p_h 3` h i t_h r/ a I d t_h @ f A d O m h 3`
L2_arctic_WAV/ERMS_arctic_a0079,I t_h w V z @ l A r/ dZ k_h @ n u,I t_h w V z @ l A r/ Z k_h @ n u E
L2_arctic_WAV/ERMS_arctic_a0081,h w V t_h I f S i d I d n A t_h k_h V m t_h @ D @ r/ A k_h,h w V t_h i f S i d i d n A t_h k_h V m t_h @ d @ r/ A k_h
L2_arctic_WAV/ERMS_arctic_a0082,h I z f e I s w V z s t_h r/ i m I N w I T b l V d,h I z f e I w V s s t_h r/ i m I N w i d b l V d
L2_arctic_WAV/ERMS_arctic_a0085,@ t_h r/ I k_h @ l V v f r/ E S b l V d r/ { n o U v 3` h I z f e I s,@ s r/ i k_h @ l V v f l E S b l V d r/ A n O b 3` h I z f e I s
L2_arctic_WAV/ERMS_arctic_a0086,d E T h { d k_h V m w I D t_h E r/ @ b @ l s V d @ n n @ s,d E t_h h A d k_h A m w i d t_h E r/ @ b @ l s A d A n n @ s
L2_arctic_WAV/ERMS_arctic_a0088,h i m e I d S U r/ D @ t_h D @ m { g @ z i n w V z l o U d @ d @ n d r/ I z u m d h I z p_h { d l I N,h i m e I d S U r/ d A t_h d @ m { g @ s i n w V s l o U t_h A n d r/ I s i @ m h i s p_h A D l I N
L2_arctic_WAV/ERMS_arctic_a0089,D @ n a I t_h g l o U w V z t_h r/ E tS 3` @ s t_h @ S u t_h b a I,d E n a I t_h g l o U w V s t_h r/ i tS 3` @ s t_h @ S u t_h b a I
L2_arctic_WAV/ERMS_arctic_a0090,D @ s I N I N v O I s @ p_h r/ o U tS t_h r/ { p_h @ d l i,d E s i N g i m b O I s @ p_h r/ o U tS r/ A p_h @ d l i
L2_arctic_WAV/ERMS_arctic_a0091,h I z b l V d g r/ u h A t_h w I D r/ e I dZ { t_h D @ T O t_h,h I s b l V d g r/ i h A t_h w I d @ r/ e I tS A t_h D E T O t_h
L2_arctic_WAV/ERMS_arctic_a0092,h i w E n t_h d a U n I n m I d s t_h r/ i m s 3` tS I N D @ S { d o U z V v b o U T S O r/ z,h i w E n t_h d a U n i n m i d s t_h r/ i m s 3` tS I N d @ S A D o U s V v b o U t_h S O r/ s
L2_arctic_WAV/ERMS_arctic_a0093,f O r/ @ f U l m I n @ t_h h i k_h r/ a U tS t_h @ n d l I s @ n d,f O r/ @ f u l m i n @ t_h h i k_h r/ a U tS t_h A n d l i s @ n d
L2_arctic_WAV/ERMS_arctic_a0094,h i h { d b E r/ l i E n t_h 3` d D I s w E n h i s O D V g l o U V v @ f a I r/,h i h A d b E r/ l i E n t_h 3` d d i s w E N h i s o U d E g l o U V v @ f a I r/
L2_arctic_WAV/ERMS_arctic_a0095,@ b I g k_h { n v @ s t_h E n t_h w V z D @ f 3` s t_h T I N t_h @ k_h V m w I D I n h I z v I Z @ n,@ b i g k_h { n v @ s t_h E n t_h w A z D @ f 3` s s i N t_h @ k_h V m w i D i n h I z b I S @ n
L2_arctic_WAV/ERMS_arctic_a0096,p_h 3` h { p_h s S i h { d O l r/ E d i m E t_h h 3` f e I t_h @ l I t_h @ l d i p_h 3` I n D @ f O r/ @ s t_h,p_h 3` h A p_h s S i h A d O l r/ E d i m E t_h h 3` f e I t_h @ l i t_h @ l d i p_h 3` I n D @ f O r/ @ s t_h
L2_arctic_WAV/ERMS_arctic_a0097,D E n j u k_h { n 3` e I n dZ j 3` s E l f k_h V m f 3` t_h @ b l i @ m V N D i z r/ o U b z I n D @ b o U,d E n j u k_h A n 3` e I n dZ dZ 3` s E l f k_h O m f O t_h @ b l i @ m o U n d i s r/ o U b s I n d E b o U
L2_arctic_WAV/ERMS_arctic_a0098,S { l a I k_h { r/ i j u,S { l a I k_h A r/ i j u
L2_arctic_WAV/ERMS_arctic_a0099,@ m { d @ n I N dZ O I p_h a U n d I d I n h I z b r/ e I n,@ m { d I N dZ O I p_h a U n d I d i N h i z b r/ e I N
L2_arctic_WAV/ERMS_arctic_a0100,j u m V s t_h s l i p_h h i 3` dZ d,dZ u m A s s l i p_h h i 3` tS
L2_arctic_WAV/ERMS_arctic_a0101,j u j u w U d n A t_h k_h i p_h D @ t_h r/ u T f r/ V m m i,j u j u w U d n o U t_h k_h i p_h d E t_h r/ u t_h f r/ O m m i
L2_arctic_WAV/ERMS_arctic_a0102,h i w I l f A l o U V s s u n,h i w I l f O l o U A s s u n
L2_arctic_WAV/ERMS_arctic_a0103,b V t_h D E r/ k_h e I m n o U p_h r/ A m @ s f 3` m D @ b o U V v D @ k_h @ n u,b A t_h d E r/ k_h e I m n o U p_h r/ A m @ s f 3` m d @ b a U o U v d E k_h @ n o U E
L2_arctic_WAV/ERMS_arctic_a0104,S i w V z s l i p_h I N V n d 3` h I z p_h r/ @ t_h E k_h S @ n { z s w i t_h l i { z @ tS a I l d,S i w A s s l i p_h i N V n d 3` h I z p_h r/ @ t_h E k_h S @ N A s s w i t_h l i A s @ tS a I l d
L2_arctic_WAV/ERMS_arctic_a0105,o U n l i I t_h I z s o U w V n d 3` f @ l s o U O l m o U s t_h I m p_h A s @ b @ l t_h u b I l i v,o U N l i i t_h i s s o U w O n d 3` f @ l s o U O l m o U s t_h I m p_h A s @ b @ l t_h u b I l i f
L2_arctic_WAV/ERMS_arctic_a0106,D i I m o U S @ n w I tS S i h { d s @ p_h r/ E s t_h b 3` s t_h f O r/ T n a U I n @ tS o U k_h I N s A b,d i I m o U S @ n w i t_h S i h { d s @ p_h r/ E s t_h b 3` s t_h f O r/ t_h n a U I n @ S O k_h I N s A b
L2_arctic_WAV/ERMS_arctic_a0107,I f j u o U n l i k_h U d n o U h a U a I T { N k_h j u,I v j u o U n l i k_h U d n o U h a U a I T { k_h j u
L2_arctic_WAV/ERMS_arctic_a0108,h i w e I d I d I n t_h @ D i E dZ @ v D @ w O t_h 3` @ n d b i g { n s k_h r/ V b I N h I m s E l f,h i w e I t_h I d I n t_h @ d i e I Z @ v d E w O t_h 3` A n b i g A n E s k_h r/ A m b l I N h I m s E l f
L2_arctic_WAV/ERMS_arctic_a0109,d u j u n o U D { t_h j u A r/ S e I k_h I N m a I k_h A n f @ d @ n s I n j u,d u j u n o U d A t_h j u r/ S S e I k_h I N m a I k_h A n f @ d @ n s I n dZ u
L2_arctic_WAV/ERMS_arctic_a0111,I n s t_h E d h i dZ O I n d h 3` @ n d D e I e I t_h l a I k_h t_h u h V N g r/ i tS I l d r/ @ n,i n s t_h E d h i dZ O I n d h 3` @ n d D e I e I t_h l a I k_h t_h u h A N g r/ i tS i l d r/ @ n
L2_arctic_WAV/ERMS_arctic_a0112,h i w V z w u n d I d I n D i A r/ m,h i w A s w u n d I d I n d i A r/ m p_h
L2_arctic_WAV/ERMS_arctic_a0113,a I s @ p_h o U z j u p_h I k_h t_h D { t_h l I N g o U V p_h @ m V N D i I n d i @ n z,a I s @ p_h o U s dZ u p_h i k_h t_h d { t_h l i N g o U A p_h @ m O N d i i n d i @ n s
L2_arctic_WAV/ERMS_arctic_a0115,h i h { d n o U I k_h s k_h j u z f O r/ D @ f i l I N z w I tS w 3` 3` a U z d I n h I m,h i h A d n o U I k_h s k_h j u s f O r/ d @ f i l I n s w I tS w 3` 3` a U s i N h i m
L2_arctic_WAV/ERMS_arctic_a0116,w V z I t_h D @ r/ A n d I v u V v D o U z h u w 3` s t_h r/ a I v I N t_h u w 3` k_h h I z r/ u I n,w V s i t_h d @ r/ E n d I b o U s V f d o U s h u w 3` s s t_h r/ a I b i n t_h u w 3` k_h h I s r/ u i N
L2_arctic_WAV/ERMS_arctic_a0117,S i { d @ d w I D dZ E n j u w I n s I m p_h @ T i I n h 3` f e I s @ n d v O I s,S i { t_h @ d w i d dZ E n j u w i n t_h s i m f @ t_h i i N h 3` f e I s @ n d v O I s
L2_arctic_WAV/ERMS_arctic_a0120,m a I r/ a I t_h f U t_h f i l z l a I k_h D { t_h @ v @ tS a I n i z d E b j @ t_h A n t_h,m a I r/ a I t_h f u t_h f i l s l a I k_h D { t_h @ v @ tS a I n i z d E b j @ t_h A n t_h
L2_arctic_WAV/ERMS_arctic_a0121,D e I e I t_h d I n 3` { t_h D @ f I f T @ n d r/ E s t_h @ d f r/ 3` t_h u a U 3` z,d e I e I t_h d i n 3` A t_h d @ f i f t_h A n r/ E s t_h @ d f r/ 3` t_h u a U 3` s
L2_arctic_WAV/ERMS_arctic_a0122,t_h u j 3` z @ g o U a I g e I v V p_h s I v @ l I z e I S @ n f 3` D I s,t_h u j 3` z @ g o U a I g e I b V p_h t_h s I v @ l I s e I S @ n f 3` d I s
L2_arctic_WAV/ERMS_arctic_a0123,S i h { d d a I d f r/ V m k_h o U l d @ n d s t_h A r/ v e I S @ n,S i h A d d a I f r/ V m k_h O l A n E s t_h A r/ b e I S @ n
L2_arctic_WAV/ERMS_arctic_a0125,h i w V z d I t_h 3` m @ n d n a U t_h u m e I n t_h e I n @ m O r/ s 3` t_h @ n h o U l d @ p_h A n h I m s E l f,h i w A z d I t_h 3` m i N n a U t_h u m A n t_h e I n @ m O r/ s s 3` t_h @ N h o U l U p_h A n h i m s E l f
L2_arctic_WAV/ERMS_arctic_a0126,i tS d e I S i b i k_h e I m @ m O r/ v a I t_h @ l p_h A r/ t_h V v h I m,i Z d e I S i b i k_h e I m @ m O r/ b a I t_h @ l p_h A r/ t_h V v h i m
L2_arctic_WAV/ERMS_arctic_a0127,I t_h w V z @ t_h E m t_h e I S @ n b V t_h h i r/ I z I s t_h I d I t_h,I t_h w V s @ t_h E m t_h e I S @ N b V t_h h i r/ I s I s t_h I d I t_h
L2_arctic_WAV/ERMS_arctic_a0128,D I s w V n h o U p_h w A z d I s t_h r/ O I d E z k_h w I k_h l i { z I t_h w O z b O r/ n,d I z w V N h o U p_h w A z d i s t_h r/ O I d E s k_h w I k_h l i { s I t_h w O s b O r/
L2_arctic_WAV/ERMS_arctic_a0129,h 3` f e I s w V z @ g E n s t_h h I z b r/ E s t_h,h 3` f e I s w A s @ g e I n s t_h h i s b r/ E s t_h
L2_arctic_WAV/ERMS_arctic_a0130,S i w V z h I z n a U f 3` E v 3`,S i w A s h i s n a U f 3` E v 3`
L2_arctic_WAV/ERMS_arctic_a0131,p_h r/ A v @ d @ n s h { d d I l I v 3` d h I m T r/ u D @ m e I l s t_h r/ @ m,p_h r/ A v @ d @ n s h A d d E l i b 3` d h i m t_h r/ u D @ m { l s t_h r/ @ m
L2_arctic_WAV/ERMS_arctic_a0134,h i o U b e I d D @ p_h r/ E S 3` V v h 3` h { n d,h i o U b e I d d E p_h r/ E S 3` V v h 3` h A n t_h
L2_arctic_WAV/ERMS_arctic_a0136,@ b a U t_h h I m E v r/ i w E r/ w 3` D @ E v @ d @ n s @ z @ v l V g Z 3` i @ n d @ v e I dZ,@ b a U h i m E b r/ i w E r/ w 3` d E E b @ d @ n s @ s @ v l U g Z 3` i A n d @ v e I S
L2_arctic_WAV/ERMS_arctic_a0137,D E n h i s t_h E p_h t_h b { k_h w I D @ l o U k_h r/ a I V v p_h l E Z 3`,d E N h i E s t_h E p_h @ t_h b A k_h w I d @ l o U k_h r/ a I V v p_h l E S 3`
L2_arctic_WAV/ERMS_arctic_a0139,h i t_h o U l d h I m s E l f D { t_h { z h i w A S t_h h I m s E l f @ n d g r/ u m d h I z d I S E v @ l d k_h l o U D z,h i t_h o U l d h i m s E l f d A t_h { s h i w A S t_h h I m s E l f @ n d g r/ u m d h i z d I S E b @ l d k_h l o U D s
L2_arctic_WAV/ERMS_arctic_a0145,a I h { v t_h @ b i k_h E r/ f @ l V v D E m { z D e I t_h I r/ v E r/ i i z @ l i,a I h A b t_h @ b i k_h E r/ f @ l V v d E m A z d e I t_h I r/ b E r/ i i s @ l i
L2_arctic_WAV/ERMS_arctic_a0148,n a U D i z T I N z h { d b I n s t_h r/ V k_h d E d w I D I n h I m,n a U d i s t_h i N s h A d b i N @ s t_h r/ V k_h d E t_h w i d i N h i m
L2_arctic_WAV/ERMS_arctic_a0154,h i w V z s m u T S e I v @ n @ n d h I z h E r/ @ n d a I z w 3` b l { k_h,h i w A z err s m u t_h S e I b @ n @ n d h i s h E r/ @ n d a I z w 3` b l { k_h
L2_arctic_WAV/ERMS_arctic_a0159,D e I l U k_h { z D o U h i h { d b I n d r/ V m I N @ p_h i { n o U O l h I z l a I f,d e I l u k_h A s d o U h i h { d b i n d r/ V m I N @ p_h i { n o U O l h i s l a I f
L2_arctic_WAV/ERMS_arctic_a0170,D E r/ w V z n V n V v D i dZ O I V v m i t_h I N I n h I z f e I s,d E r/ w V s n V n V v D i dZ O I V v m i t_h I N i N h i s f e I s
L2_arctic_WAV/ERMS_arctic_a0176,f O r/ D @ f 3` s t_h t_h a I m I n h I z l a I f h i w V z j 3` n I N f O r/ @ s k_h r/ { p_h,f O r/ d @ f 3` s t_h t_h a I m i N h i s l a I f h i w V z j 3` n I N f O r/ @ s k_h r/ { p_h
L2_arctic_WAV/ERMS_arctic_a0178,E v 3` i b o U n I n h 3` e I dZ d b A d i s i m d b r/ o U k_h @ n O r/ d I s l o U k_h e I t_h I d,E b 3` i b o U n i N h 3` e I S b A d i s i m d b r/ o U k_h @ n O r/ d I s l o U k_h e I t_h I d
L2_arctic_WAV/ERMS_arctic_a0185,D @ k_h w E s tS @ n z m e I h { v k_h V m v e I g l i I n h I z m a I n d,d E k_h w E s tS @ n s m e I h { v k_h V m b e I g l i i N h i z m a I n
L2_arctic_WAV/ERMS_arctic_a0191,f r/ 3` @ t_h a I m D V I k_h s a I t_h I N T r/ I l @ v h I z @ d v E n tS 3` w @ z g O n,f r/ 3` @ t_h a I m d V I k_h s a I t_h I N t_h r/ i l @ v h i s @ d b E n tS 3` w @ s g O n
L2_arctic_WAV/ERMS_arctic_a0198,s V m t_h a I m z h 3` d r/ i m z w 3` f I l d w I D v I Z @ n z,s V m t_h a I n s h 3` d r/ i m s w 3` f i l t_h w i d b i S @ n s
L2_arctic_WAV/ERMS_arctic_a0210,I t_h s d a I { m @ t_h 3` w V z n A t_h m O r/ D @ n t_h u h V n d r/ @ d j A r/ d z,i t_h s d i A m E t_h 3` w A s n A t_h m O r/ D @ n t_h u h V n d r/ @ d dZ A r/ d s
L2_arctic_WAV/ERMS_arctic_a0212,f r/ E S k_h e I s I z s t_h I l e I b @ l t_h @ w O k_h D e I k_h l V s t_h 3` d @ b a U t_h D @ s p_h o U k_h s m @ n,f r/ E S k_h e I z I s E s t_h i l e I b @ l t_h @ w O k_h d e I k_h l A s t_h 3` d @ b a U t_h d @ s p_h o U k_h s m @ n
L2_arctic_WAV/ERMS_arctic_a0227,I t_h w V z D @ s e I m w e I w I D a U r/ r/ I v A l v 3` z @ n d r/ a I f @ l z,i t_h w A z D @ s e I m w e I w i D a U r/ r/ I b A l b 3` z @ n d r/ a I f @ l s
L2_arctic_WAV/ERMS_arctic_a0233,a I n E v 3` @ l a U w V t_h k_h { n t_h b i tS e I n dZ d t_h u @ n O I m i,a I n E b 3` @ l a U w A t_h k_h A n b i tS e I n dZ t_h u @ n O I m i
L2_arctic_WAV/ERMS_arctic_a0254,s t_h r/ e I t_h a U t_h D e I s w { m D E r/ h E d z g r/ o U I N s m O l 3` @ n d s m O l 3`,E s t_h r/ e I t_h a U t_h D e I s w A m D E r/ h E d s g r/ o U I N s m O l 3` @ n d s m O l 3`
L2_arctic_WAV/ERMS_arctic_a0260,n o U b A d i n j u h I z h I s t_h @ r/ i D e I @ v D @ h U n t_h @ l i s t_h V v O l,n o U b O d i n j u h i z h i s t_h O r/ i d e I @ v d @ dZ U n t_h @ l i s t_h V v O l
L2_arctic_WAV/ERMS_arctic_a0265,D @ d I s k_h V v 3` i s i m d t_h u h { v b I n m e I d O n D @ s p_h 3` @ v D @ m o U m @ n t_h,d E d i s k_h V v 3` i s i m t_h t_h u h { v b i N m e I d O n d @ s p_h u r/ @ f d @ m O m @ n t_h
L2_arctic_WAV/ERMS_arctic_a0269,D { t_h s w E r/ D e I k_h V t_h O f D @ s k_h A t_h I S tS i f s @ n d k_h I l d O l h { n z,d A t_h s w E r/ d e I k_h u t_h O f d E s k_h A t_h I S tS i f A n d k_h i l O l h A n s
L2_arctic_WAV/ERMS_arctic_a0271,n a U p_h l i z g I v @ p_h l e I n s t_h e I t_h m @ n t_h V v w V t_h @ k_h 3` d,n a U p_h l i z g i b @ p_h l e I n E s t_h e I t_h m @ n V v w A t_h @ k_h u r/ t_h
L2_arctic_WAV/ERMS_arctic_a0295,@ n d t_h w E n t_h i m E n k_h U d h o U l d I t_h w I T s p_h I r/ z { n d { r/ o U z,@ n d t_h w E n t_h i m E N k_h U d h o U l d I t_h w I T s p_h I r/ s { n d { r/ o U z
L2_arctic_WAV/ERMS_arctic_a0298,D I s t_h { s I t_h p_h r/ A m @ s @ v k_h @ n t_h I n j u d @ k_h w e I n t_h @ n s g e I v s { k_h s @ n @ l I t_h @ l dZ O I T r/ I l,d i s t_h { s I t_h p_h r/ A m @ s @ v k_h @ n t_h I n j u t_h @ k_h w e I n t_h @ n s g e I v s { k_h s @ n @ l i t_h @ l dZ O I t_h r/ i l
L2_arctic_WAV/ERMS_arctic_a0299,a I t_h E l j u a I { m d I s g V s t_h @ d w I T D I s @ d v E n tS 3` t_h A m f u l 3` i @ n d r/ A t_h,a I t_h E l j u a I { m d I s g V s t_h @ d w i t_h d i s @ d b E n tS 3` t_h u m f u l 3` i A n d r/ o U t_h
L2_arctic_WAV/ERMS_arctic_a0300,f r/ V m m a I 3` l i @ s t_h r/ E k_h @ l E k_h S @ n m a I s l i p_h w V z @ p_h I r/ i @ d @ v t_h E r/ 3`,f r/ V m m a I 3` l i @ s t_h r/ E k_h @ l E k_h S @ n m a I E s l i p_h w V s @ p_h I r/ i @ d @ v t_h E r/ 3`
L2_arctic_WAV/ERMS_arctic_a0303,b V t_h D e I m e I k_h D @ m I s t_h e I k_h V v I g n O r/ I N D E r/ o U n d u { l @ t_h i,b A t_h d e I m e I k_h d E m I s t_h e I k_h V v i g n O r/ I N d E r/ o U n d u A l @ t_h i
L2_arctic_WAV/ERMS_arctic_a0320,w I T m a I s t_h r/ E N T a I s l { m d I t_h f U l I n t_h u r/ E d a I z f e I s,w i t_h m a I E s t_h r/ E n a I E s l { m d I t_h f u l i n t_h u r/ E d a I s f e I s
L2_arctic_WAV/ERMS_arctic_a0363,I t_h I z n A t_h @ n @ t_h E m p_h t_h t_h @ s m { S D @ m A r/ k_h @ t_h,i t_h i s n O t_h @ n @ t_h E m p_h t_h t_h @ S m A S d @ m A r/ k_h @ t_h
L2_arctic_WAV/ERMS_arctic_a0369,I n p_h A r/ t_h n 3` S I p_h w I D D e I l a I t_h D @ p_h E r/ r/ e I d I d D @ s { n h o U z e I I n t_h 3` 3` b @ n,i n p_h A r/ t_h n 3` S i p_h w i d d e I l a I t_h d E p_h E w r/ e I d I d d E s { n h o U s e I i n t_h 3` 3` b @ n
L2_arctic_WAV/ERMS_arctic_a0401,D @ m { n s m a I l d g r/ I m l i @ n d b r/ O t_h @ h { tS @ t_h @ n d @ k_h l V b,d @ m A n E s m a I l i g r/ i m l i @ n d b r/ O t_h @ h { tS @ t_h @ n d @ k_h l V f
L2_arctic_WAV/ERMS_arctic_a0416,D i { d I d w e I t_h h { d @ v @ l A s @ t_h i @ v f I f t_h i n m a I l z p_h 3` a U r/,d i { d I d w e I t_h h A d @ v I l A s @ t_h i @ v f i f t_h i n m a I l s p_h 3` a U r/
L2_arctic_WAV/ERMS_arctic_a0441,v a I @ l @ n t_h l a I f @ n d { T l E t_h I k_h s p_h O r/ t_h s h { d n E v 3` @ p_h i l d t_h u m i,b a I @ l @ n t_h l a I f @ n d { t_h l E t_h I k_h s p_h O r/ t_h s h A d n E b 3` @ p_h i l d t_h u m i
L2_arctic_WAV/ERMS_arctic_a0487,D @ r/ I v 3` b E r/ d I t_h s b U z @ m { n d s n O r/ t_h I N s t_h i m b o U t_h s tS { l @ n dZ d D @ w I l d 3` n @ s,d @ r/ I b 3` b E r/ d i t_h s b O s @ m A n d E s n O r/ t_h I N s t_h i m b o U t_h s tS A l @ n dZ d d E w i l d 3` n @ s
L2_arctic_WAV/ERMS_arctic_a0500,h u D @ d E v @ l g e I v I t_h t_h u j u t_h u b i dZ V dZ { n d dZ U r/ i,h u D @ d E b @ l g e I v i t_h t_h u j u t_h u b i d E dZ A tS A n d j U r/ i
L2_arctic_WAV/ERMS_arctic_a0548,O l s o U tS 3` tS @ z @ n d p_h r/ i tS 3` z a I h { d n E v 3` n o U n,O l s o U tS 3` tS @ s @ n d p_h r/ i tS 3` s a I h A d n E b 3` n o U n
L2_arctic_WAV/ERMS_arctic_a0556,h w a I h i z b O t_h f O r/ t_h i p_h a U n z V v g U d z f r/ V m j u O r/ E d i,h w a I h i z b O t_h f O r/ t_h i p_h a U n z V v g U d s f r/ V n dZ u O r/ E d i
L2_arctic_WAV/ERMS_arctic_b0019,h I z s I I m h { n z g r/ I p_h t_h D i E dZ @ z V v D @ t_h e I b @ l,h i s E s i I m h A n s g r/ I p_h t_h d i E tS V v d @ t_h e I b @ l
L2_arctic_WAV/ERMS_arctic_b0042,t_h E n m I n @ t_h s h { d n A t_h I l { p_h s t_h s I n s h i h { d d r/ A p_h t_h D @ h { N k_h 3` tS I f,t_h E n m i n i t_h s h { d n A t_h I l e I p_h s s i n s h i h { d d r/ A p_h t_h D E h { N k_h 3` tS I f
L2_arctic_WAV/ERMS_arctic_b0070,D E r/ w V z n o U tS { n s t_h @ f a I 3` w I D a U t_h h I t_h I N h I m,d E r/ w A s n o U tS A n s t_h @ f a I 3` w I d a U t_h h i t_h i N h I m
L2_arctic_WAV/ERMS_arctic_b0150,{ n d h i w V z f I l d w I D @ s t_h r/ e I n dZ @ n d f O r/ b o U d I N f I r/,A n d h i w V s f i l w i d @ s t_h r/ e I n dZ @ n d f O r/ b o U d I N f I r/
L2_arctic_WAV/ERMS_arctic_b0187,h 3` @ tS i v m @ n t_h s w I T k_h o U k_h o U n { t_h s w 3` @ r/ E v @ l e I S @ n,h 3` @ tS i b m @ n t_h s w i t_h k_h o U k_h o U n A t_h s w 3` @ r/ E b @ l e I S @ n
L2_arctic_WAV/ERMS_arctic_b0269,h w a I n A t_h l a I k_h E n i r/ e I l r/ o U d s t_h e I S @ n O r/ f E r/ i d i p_h o U,h w a I n A t_h l a I k_h E n i r/ e I l r/ o U d s t_h e I S @ n O r/ f E r/ i d i p_h o U t_h
L2_arctic_WAV/ERMS_arctic_b0279,h i g e I v w V n l { s s n A r/ l @ n d s l I d f r/ V m v j u @ m V N D @ t_h r/ i z,h i g e I v w V n l { s s n A r/ A n d s l i d f r/ V m b j u @ m O n D @ t_h r/ i s
L2_arctic_WAV/ERMS_arctic_b0298,h I z h { n d S A t_h a U t_h @ n d k_h l V tS t_h k_h r/ U k_h @ d l E g b a I D @ n E k_h,h i z h A n d S u t_h a U t_h A n d k_h l V tS k_h r/ U k_h l E k_h b a I d E n E k_h
L2_arctic_WAV/ERMS_arctic_b0304,h I z p_h r/ i v i @ s w a I v z h { d n E v 3` l I v d l O N I n V f t_h u b E r/ h I m tS I l d r/ @ n,h i s p_h r/ i b i @ s w a I v s h A d n E b 3` l i v d l O N I n V f t_h u b E r/ h I m tS i l d r/ @ n
L2_arctic_WAV/MBMPS_arctic_a0003,f r/ 3` D @ t_h w E n i @ T t_h a I m D { t_h i v n I N D @ t_h u m E n S U k_h h { n z,f r/ 3` D @ t_h w E n i @ T t_h a I m D { t_h i v n I N d @ t_h u m E n S U k_h h { n s
L2_arctic_WAV/MBMPS_arctic_a0005,w I l w i E v 3` f 3` g E t_h I t_h,w I l w i E v 3` f 3` g E t_h I t_h
L2_arctic_WAV/MBMPS_arctic_a0006,g A d b l E s a I h o U p_h a I l g o U O n s i I N D E m f 3` E v 3`,g A d b l E s a I h o U p_h a I l g o U O n s i I N D E m f 3` E v 3`
L2_arctic_WAV/MBMPS_arctic_a0007,{ n d j u O l w i z w A n t_h t_h I s i I t_h I n D i s U p_h 3` l @ t_h I v d I g r/ i,{ n d j u O l w i z w A n t_h t_h I s i I t_h i n D i s U p_h 3` l @ t_h I v d i g r/ i
L2_arctic_WAV/MBMPS_arctic_a0008,g { d j U r/ l E t_h 3` k_h e I m dZ V s t_h I n t_h a I m,g A d j U r/ l E t_h 3` k_h e I m tS V s t_h I n t_h a I m
L2_arctic_WAV/MBMPS_arctic_a0010,a I m p_h l e I I N @ s I N g @ l h { n d I n w V t_h l U k_h s l a I k_h @ l u z I N g e I m,A m p_h l e I I N @ s I N g @ l h { n I n w V t_h l u k_h s l a I k_h A l u s I N g e I m
L2_arctic_WAV/MBMPS_arctic_a0011,I f a I E v 3` n i d @ d @ f a I t_h 3` I n m a I l a I f a I n i d w V n n a U,I f a I E v 3` n i d @ d @ f a I t_h 3` I n m a I l a I f a I n i d @ w V n n a U
L2_arctic_WAV/MBMPS_arctic_a0013,h i w V z @ h E d S O r/ t_h 3` D { n h I z k_h @ m p_h { n j @ n V v O l m o U s t_h d E l @ k_h @ t_h f @ z i k_h,h i w V s @ h E d S O r/ t_h 3` D { n h I s k_h @ m p_h { n j @ n V f O l m o U s t_h d E l @ k_h @ t_h f @ s I k_h
L2_arctic_WAV/MBMPS_arctic_a0018,D E r/ w A z @ tS e I n dZ n a U,D E r/ w A s @ tS e I n dZ n a U
L2_arctic_WAV/MBMPS_arctic_a0019,a I f A l o U d D @ l a I n V v D @ p_h r/ @ p_h o U z d r/ e I l r/ o U d l U k_h I N f O r/ tS { n s I z,a I f A l o U D @ l a I n V v D @ p_h r/ @ p_h o U s d r/ e I l r/ o U d l U k_h I n f O r/ tS { n s I z
L2_arctic_WAV/MBMPS_arctic_a0020,k_h l V b z @ n d b O l z @ n d s I t_h i z g r/ u t_h u b i o U n l i m E m 3` i z,k_h l A b s @ n d b O l s @ n d s i t_h i s g r/ u t_h u b i o U n l i m E m 3` i s
L2_arctic_WAV/MBMPS_arctic_a0021,I t_h f E r/ l i k_h l V b d m i I n t_h u r/ E k_h @ g n a I z I N I t_h,I t_h f E r/ l i k_h l V m d m i i n t_h u r/ I k_h @ g n a I z I N I t_h
L2_arctic_WAV/MBMPS_arctic_a0022,h A r/ d l i w 3` a U 3` p_h l { n z m e I d p_h V b l I k_h b i f O r/ w i w 3` m E t_h b a I p_h a U 3` f @ l A p_h @ z I S @ n,h A r/ d l i w 3` a U 3` p_h l V n s m e I d p_h V b l I k_h b i f O r/ w i w 3` m E t_h b a I p_h a U 3` f @ l o U p_h @ s I S @ n
L2_arctic_WAV/MBMPS_arctic_a0023,@ k_h A m b @ n e I S @ n V v k_h @ n e I d i @ n k_h { p_h I t_h @ l k_h w I k_h l i O r/ g @ n a I z d @ n d p_h @ t_h I S @ n d f O r/ D i s e I m p_h r/ I v I l I dZ I z,A k_h o U m b @ n e I S @ n V f k_h @ n e I d i @ n k_h { p_h I t_h @ l k_h w I k_h l i O r/ g @ n a I z d @ n d p_h @ t_h I S j @ n d f O r/ D i s e I m p_h r/ I v I l I dZ I z
L2_arctic_WAV/MBMPS_arctic_a0024,I t_h w V z m a I r/ I p_h O r/ t_h s f r/ V m D @ n O r/ T h w I tS tS i f l i I n d u s t_h p_h i p_h @ l t_h u b a I,I d w V s m a I r/ I p_h O r/ d f r/ V m D @ n O r/ d h w I tS tS i f l i I n d u s t_h p_h i p_h @ l t_h u b a I
L2_arctic_WAV/MBMPS_arctic_a0025,a I w V z @ b a U t_h t_h @ d u D I s h w I n k_h u l 3` dZ V dZ m @ n t_h p_h r/ i v e I l d,a I w V s @ b a U t_h t_h @ d u d I s h w I n k_h o U l 3` dZ V tS m @ n t_h p_h r/ i v e I l d
L2_arctic_WAV/MBMPS_arctic_a0026,I t_h @ k_h 3` d t_h I m i D { t_h D E r/ w U d h { v t_h u b i @ n @ k_h a U n t_h I N,I t_h @ k_h j 3` d t_h I m i D { t_h D E r/ w U d h { v t_h u b i @ n @ k_h a U n t_h I N
L2_arctic_WAV/MBMPS_arctic_a0027,t_h @ m a I s 3` p_h r/ a I z h i b I g { n t_h u S o U { k_h S @ l I n T u z i { z @ m I n m a I f e I v 3`,t_h @ m a I s 3` p_h r/ a I z h i b I g { n t_h u S o U { k_h S @ l I n T u s i { z @ m I n m a I f e I v 3`
L2_arctic_WAV/MBMPS_arctic_a0028,r/ A b 3` i b r/ a I b 3` i f r/ O d,r/ A b 3` i b r/ a I b 3` i f r/ a U d
L2_arctic_WAV/MBMPS_arctic_a0029,D E r/ f O r/ s I z w 3` O l r/ E d i m u v I N I n t_h u D @ n O r/ T k_h V n t_h r/ i,D E r/ f O r/ s I z w 3` O r/ E d i m u v I N I n t_h u D @ n O r/ t_h k_h o U n t_h r/ i
L2_arctic_WAV/MBMPS_arctic_a0030,a I h { d f e I T I n D E m,a I h { d f e I d I n d E m
L2_arctic_WAV/MBMPS_arctic_a0031,D e I w 3` T r/ i h V n d r/ @ d j A r/ d z @ p_h A r/ t_h,D e I w 3` T r/ i h A n d r/ @ d j A r/ d s @ p_h A r/ d
L2_arctic_WAV/MBMPS_arctic_a0032,s I n s D E n s V m m I s t_h I r/ i @ s f O r/ s h { z b I n f a I t_h I N V s { t_h E v 3` i s t_h E p_h,s I n s D E n w V n m i s t_h I r/ i @ s f O r/ s h { z b I n f a I t_h I N A s { t_h E v 3` i s t_h E p_h
L2_arctic_WAV/MBMPS_arctic_a0036,S i t_h 3` n d I n { t_h D i h o U t_h E l,S i t_h 3` n d i n { t_h d i h o U t_h E l
L2_arctic_WAV/MBMPS_arctic_a0037,a I w V z D i o U n l i w V n h u r/ i m e I n d s I t_h I N,a I w V s T i o U n l i w V n h u r/ i m e I n d s i t_h I N
L2_arctic_WAV/MBMPS_arctic_a0038,w I l h { v t_h @ w A tS A r/ tS { n s I z,w I l h { v t_h @ w A tS A r/ tS A n s I s
L2_arctic_WAV/MBMPS_arctic_a0039,D i S I p_h S U d b i I n w I T I n @ w i k_h O r/ t_h E n d e I z,D i S i p_h S U d b i I n w I D i n A w i k_h O r/ t_h E n d e I s
L2_arctic_WAV/MBMPS_arctic_a0040,a I s @ p_h o U z j u w V n d 3` w a I S i I z k_h V m I N V p_h h i r/,a I s u p_h o U s j u w V n d 3` w a I S i i s k_h A m I N A p_h h i r/
L2_arctic_WAV/MBMPS_arctic_a0041,m i n w a I l a I l g o U a U t_h t_h u b r/ i D @ s p_h E l,m i n w a I l A l g o U a U t_h t_h u b r/ i D { n s p_h E l
L2_arctic_WAV/MBMPS_arctic_a0042,h a U k_h U d h i I k_h s p_h l e I n h I z p_h @ z E S @ n V v D i s k_h E tS,h a U k_h U d h i I k_h s p_h l e I n h i s p_h o U s E S @ n V v d i s k_h E tS
L2_arctic_WAV/MBMPS_arctic_a0045,h i m u v d @ w e I { z k_h w a I @ t_h l i { z h i h { d k_h V m,h i m u v d @ w e I { z k_h w i k_h l i { z h i h { d k_h A m
L2_arctic_WAV/MBMPS_arctic_a0046,D i g 3` l f e I s t_h h I m h 3` a I z S a I n I N w I T s V d @ n f I r/,d i g 3` l f e I s h i m h 3` a I z S a I n I n w I d s V d @ l f I r/
L2_arctic_WAV/MBMPS_arctic_a0047,k_h l o U s b i s a I d h I m g l i m d D i w a I t_h f { N z V v D @ w U l f d O g,k_h l o U s b i s a I d h i m g l i m d D i w a I d f { N s V v D @ w V l f d O
L2_arctic_WAV/MBMPS_arctic_a0048,h i l U k_h t_h { t_h D i h { N k_h 3` tS I f m O r/ k_h l o U s l i,h i l u k_h t_h { t_h d i h { n k_h 3` tS i f m O r/ k_h l o U z l i
L2_arctic_WAV/MBMPS_arctic_a0051,D i l e I s w V z V v @ d E l @ k_h @ t_h a I v 3` i k_h V l 3` f e I n t_h l i t_h I n t_h I d w I T j E l o U,D i l e I s w V s V v @ d E l @ k_h @ d a I v 3` i k_h O l 3` f e I n t_h l i t_h a I n d w I d j E l o U
L2_arctic_WAV/MBMPS_arctic_a0052,I t_h w V z @ k_h j U r/ i @ s k_h o U I n s I d @ n s,I t_h w V s @ k_h j U r/ s k_h o U I n s I d @ n s
L2_arctic_WAV/MBMPS_arctic_a0053,s V d @ n l i h I z f I N g 3` z k_h l o U z d t_h a I t_h l i o U v 3` D i h { N k_h 3` tS i f,s V d @ n l i h I s f I N g 3` z k_h l o U s t_h a I d l i o U v 3` D i h { n d k_h 3` tS i f
L2_arctic_WAV/MBMPS_arctic_a0054,D E r/ w V z n V T I N A n D @ r/ A k_h,D E r/ w V s n V T I N A n D @ r/ A k_h
L2_arctic_WAV/MBMPS_arctic_a0058,a I k_h e I m f O r/ I n f 3` m e I S @ n m O r/ a U t_h @ v k_h j U r/ i A s @ t_h i D { n E n i T I N E l s,a I k_h e I m f r/ r/ I n f 3` m e I S @ n m O r/ a U t_h @ v k_h U r/ i A s @ t_h i D { n E n i T I N E l s
L2_arctic_WAV/MBMPS_arctic_a0059,h I z I m { k_h j u l I t_h @ p_h I r/ @ n s w V z g O n,h I s I n m { k_h j u l I t_h A p_h I r/ @ n s w V s g O n
L2_arctic_WAV/MBMPS_arctic_a0060,E n i w e I n o U w V n s O h 3` l a I k_h D { t_h,E n i w e I n o U w V n s o U h 3` l a I k_h D { t_h
L2_arctic_WAV/MBMPS_arctic_a0062,D i m E n s t_h E r/ d I n t_h u i tS V D 3` z f e I s,D i m E n s t_h E r/ d i n t_h u i tS V D 3` z f e I s
L2_arctic_WAV/MBMPS_arctic_a0063,j E s I t_h w V z @ m { n h u { s t_h @ s t_h r/ e I n dZ 3`,j E s I d w V s @ m E n h u { s @ s t_h r/ e I n dZ 3`
L2_arctic_WAV/MBMPS_arctic_a0064,D @ f O r/ T @ n d f I f T d e I z p_h { s t_h w I D a U t_h E n i d I v E l @ p_h m @ n t_h s,D @ f O r/ d @ n d f i f T d e I s p_h { s t_h w I d a U t_h E n i d I v E l @ p_h m @ n t_h s
L2_arctic_WAV/MBMPS_arctic_a0065,D e I k_h l o U z d n a U @ n t_h I l h I z f I N g 3` z w 3` l a I k_h k_h O r/ d z V v s t_h i l,d e I k_h l o U s n a U @ n t_h @ l h I s f I N g 3` z w 3` l a I k_h k_h O r/ d z V v s t_h i l
L2_arctic_WAV/MBMPS_arctic_a0067,S U r/ l i a I w I l I k_h s k_h j u s j u S i k_h r/ a I d,S U r/ l i a I w I l I k_h s k_h j u s j u S i k_h r/ a I d
L2_arctic_WAV/MBMPS_arctic_a0071,h w V t_h w V z D i A b dZ E k_h t_h V v j U r/ l I t_h @ l s E n s e I S @ n,h w V t_h w V s D i A b dZ E k_h t_h V v j U r/ l i t_h @ l s E n s e I S @ n
L2_arctic_WAV/MBMPS_arctic_a0073,D @ p_h r/ @ m o U t_h 3` z a I z w 3` h E v i w I T l I t_h @ l p_h V f i b { g z V n d 3` D E m,D @ p_h r/ @ m o U t_h 3` s a I z w 3` h e I v i w I T l i t_h @ l p_h U f i b { k_h s V n d 3` D E m
L2_arctic_WAV/MBMPS_arctic_a0075,D E r/ h { z b I n @ tS e I n dZ S i I n t_h 3` V p_h t_h I d h I m,D E r/ h { z b I n @ tS e I n dZ S i i n t_h 3` V p_h t_h I d h i m
L2_arctic_WAV/MBMPS_arctic_a0076,D i g r/ e I a I z f A l t_h 3` d D @ f l V S d i p_h @ n d,d e I g r/ e I a I s f A l t_h 3` I d d @ f l V Z d i p_h @ n E d
L2_arctic_WAV/MBMPS_arctic_a0077,I t_h I z D @ f a I r/ p_h A r/ t_h l i S i s E d,i t_h i z D @ f a I r/ p_h A r/ d l i S i s E d
L2_arctic_WAV/MBMPS_arctic_a0078,D E n @ n d { t_h s V p_h 3` h i t_h r/ a I d t_h u f { D @ m h 3`,d E n @ n { t_h s A p_h 3` h i t_h r/ a I d t_h u f { D @ m h 3`
L2_arctic_WAV/MBMPS_arctic_a0079,I t_h w V z @ l A r/ dZ k_h @ n u,I d w V z @ l A r/ dZ k_h @ n u
L2_arctic_WAV/MBMPS_arctic_a0081,h w V t_h I f S i d I d n A t_h k_h V m t_h @ D @ r/ A k_h,h w V t_h I f S i d i d n A d k_h o U m t_h @ D @ r/ A k_h
L2_arctic_WAV/MBMPS_arctic_a0082,h I z f e I s w V z s t_h r/ i m I N w I T b l V d,h I z f e I s w V z s t_h r/ i m I N w I d b l O d
L2_arctic_WAV/MBMPS_arctic_a0085,@ t_h r/ I k_h @ l V v f r/ E S b l V d r/ { n o U v 3` h I z f e I s,A t_h r/ I k_h @ l V v f r/ E S b l O d r/ { n o U v 3` h I s f e I s
L2_arctic_WAV/MBMPS_arctic_a0086,d E T h { d k_h V m w I T t_h E r/ @ b @ l s V d @ n n @ s,d E d h { d k_h A m w I T t_h E r/ @ b @ l s A d @ n n @ s
L2_arctic_WAV/MBMPS_arctic_a0088,h i m e I d S U r/ D { t_h D i m { g @ z i n w O z l o U d @ d { n d r/ i z u m d h I z p_h { d @ l I N,h i m e I t_h S U r/ D { t_h D i m { g @ s i n w O s l o U d @ d { n d r/ i s u m d h i s p_h { d @ l I N
L2_arctic_WAV/MBMPS_arctic_a0089,D @ n a I t_h g l o U w V z t_h r/ E tS 3` @ s t_h @ S u t_h b a I,D @ n a I t_h g l o U w V s t_h r/ E tS 3` s t_h @ S u d b a I
L2_arctic_WAV/MBMPS_arctic_a0090,D @ s I N I N v O I s @ p_h r/ o U tS t_h r/ { p_h @ d l i,D @ s I N I N v O I s @ p_h r/ o U tS t_h r/ { p_h @ d l i
L2_arctic_WAV/MBMPS_arctic_a0091,h I z b l V d g r/ u h A t_h w I T r/ e I dZ { t_h D @ T O t_h,h I z b l O d g r/ u h A t_h w I d r/ e I tS { t_h D I T O t_h
L2_arctic_WAV/MBMPS_arctic_a0092,h i w E n t_h d a U n I n m I d s t_h r/ i m s 3` tS I N D @ S { d o U z V v b o U T S O r/ z,h i w E n d a U n i n m I n s t_h r/ i m s 3` tS I n D @ S { d o U s V v b o U D S O r/ s
L2_arctic_WAV/MBMPS_arctic_a0093,f r/ 3` @ f U l m I n @ t_h h i k_h r/ a U tS t_h @ n d l I s @ n d,f r/ 3` @ f U l m I n @ t_h h i k_h r/ o U tS t_h @ n d l I s @ n d
L2_arctic_WAV/MBMPS_arctic_a0094,h i h { d b E r/ l i E n t_h 3` d D I s w E n h i s O D @ g l o U V v @ f a I r/,h i h { d b E r/ l i E n t_h 3` I d I s w E n h i s o U D @ g l o U V f @ f a I r/
L2_arctic_WAV/MBMPS_arctic_a0095,@ b I g k_h { n v @ s t_h E n t_h w O z D @ f 3` s t_h T I N t_h @ k_h V m w I T I n h I z v I Z @ n,A b I g k_h { n v @ s t_h E n t_h w O s d @ f 3` s t_h T I N t_h @ k_h o U m w I d i n h I z v I S @ n
L2_arctic_WAV/MBMPS_arctic_a0096,p_h 3` h { p_h s S i h { d O l r/ E d i m E t_h h 3` f e I t_h @ l I t_h @ l d i p_h 3` I n D @ f O r/ @ s t_h,p_h 3` h { p_h s S i h { d O r/ E d i m E d h 3` f e I t_h @ l i t_h @ l d i p_h 3` I n D @ f O r/ @ s t_h
L2_arctic_WAV/MBMPS_arctic_a0097,D E n j u k_h { n 3` e I n dZ j 3` s E l f k_h V m f 3` t_h @ b l i @ m V N D i z r/ o U b z I n D @ b a U,D E n j u k_h { n 3` e I n tS j 3` s E l f k_h O m f @ t_h @ b l i A m o U N D i z r/ o U b s i n D @ b O
L2_arctic_WAV/MBMPS_arctic_a0098,S { l a I k_h E r/ i j u,S @ l a I k_h A r/ i j u
L2_arctic_WAV/MBMPS_arctic_a0099,@ m { d @ n I N dZ O I p_h a U n d I d I n h I z b r/ e I n,A m { d @ n I N dZ O I p_h a U n d I d I n h i s b r/ e I n
L2_arctic_WAV/MBMPS_arctic_a0100,j u m V s t_h s l i p_h h i 3` dZ d,j u m V s t_h @ s l i p_h h i 3` dZ d
L2_arctic_WAV/MBMPS_arctic_a0101,j u w U d n A t_h k_h i p_h D @ t_h r/ u T f r/ V m m i,j u w U d n A t_h k_h i p_h D @ t_h r/ u d f r/ V m m i
L2_arctic_WAV/MBMPS_arctic_a0102,h i w I l f A l o U V s s u n,h i w I l f A l o U V s s u n
L2_arctic_WAV/MBMPS_arctic_a0103,b V t_h D E r/ k_h e I m n o U p_h r/ A m @ s f r/ V m D @ b a U V v D i k_h @ n u,b A t_h D E r/ k_h e I m n o U p_h r/ A m @ s f r/ V m d @ b a U V f D i k_h { n u
L2_arctic_WAV/MBMPS_arctic_a0104,S i w V z s l i p_h I N V n d 3` h I z p_h r/ @ t_h E k_h S @ n { z s w i t_h l i { z @ tS a I l d,S I w V z s l i p_h I n A n d 3` h I s p_h r/ @ t_h E k_h S @ n { z s w i t_h l i { s @ tS a I l d
L2_arctic_WAV/MBMPS_arctic_a0105,o U n l i I t_h I z s o U w V n d 3` f @ l s o U O l m o U s t_h I m p_h A s @ b @ l t_h u b I l i v,o U n l i i t_h i z s o U w V n d 3` f @ l s o U O l m o U s t_h I m p_h A s @ b @ l t_h u b I l i v
L2_arctic_WAV/MBMPS_arctic_a0106,D i I m o U S @ n w I tS S i h { d s @ p_h r/ E s t_h b 3` s t_h f O r/ T n a U I n @ tS o U k_h I N s A b,d i I m o U S @ n w I tS S i h { d s u p_h r/ E s t_h b 3` s t_h f O r/ n a U i n @ tS o U k_h I N s A b
L2_arctic_WAV/MBMPS_arctic_a0107,I f j u o U n l i k_h U d n o U h a U a I T { N k_h j u,I f j u o U n l i k_h U d n n o U h a U a I T { N k_h j u
L2_arctic_WAV/MBMPS_arctic_a0108,h i w e I d I d I n t_h u D i E dZ V v D @ w O t_h 3` { n d b i g { n s k_h r/ V b I N h I m s E l f,h i w e I d I d i n t_h u D i E tS V v D @ w O t_h 3` { n d b i g A n s k_h r/ A b I N h I m s E l f
L2_arctic_WAV/MBMPS_arctic_a0109,d u j u n o U D { t_h j u A r/ S e I k_h I N m a I k_h A n f @ d @ n s I n j u,d u j u n o U d { t_h j u A r/ S e I k_h I n m a I k_h A n f @ d @ n s I n j u
L2_arctic_WAV/MBMPS_arctic_a0111,I n s t_h E d h i dZ O I n d h 3` @ n d D e I e I t_h l a I k_h t_h u h V N g r/ i tS I l d r/ @ n,I n s t_h E d h i dZ O I n h 3` @ n d D e I e I t_h l a I k_h t_h u h A N g r/ i tS I l d r/ @ n
L2_arctic_WAV/MBMPS_arctic_a0112,h i w V z w u n d I d I n D i A r/ m,h i w V z w u n d I d I n d i A r/ m
L2_arctic_WAV/MBMPS_arctic_a0113,a I s @ p_h o U z j u p_h I k_h t_h D { t_h l I N g o U V p_h @ m V N D i I n d i @ n z,a I s u p_h o U s j u p_h i k_h D { t_h l I N g o U A p_h A m o U N d i I n d i @ n z
L2_arctic_WAV/MBMPS_arctic_a0115,h i h { d n o U I k_h s k_h j u s f O r/ D i f i l I N z h w I tS w 3` 3` a U z d I n h I m,h i h { d n o U I k_h s k_h j u z f O r/ D i f i l I N s h w I tS w 3` 3` a U s d I n h i m
L2_arctic_WAV/MBMPS_arctic_a0116,w V z I t_h D @ r/ A n d I v u V v D o U z h u w 3` s t_h r/ a I v I N t_h @ w 3` k_h h I z r/ u @ n,w V s I t_h d @ r/ A n d I v u V v d o U z h u w E r/ s t_h r/ a I v I N t_h @ w 3` k_h h I s r/ u n
L2_arctic_WAV/MBMPS_arctic_a0117,S i { d I d w I D dZ E n j @ w @ n s I m p_h @ T i I n h 3` f e I s { n d v O I s,S i { d I d w I d dZ I n j @ n s i m p_h @ T i I n h 3` f e I s { n d v O I s
L2_arctic_WAV/MBMPS_arctic_a0120,m a I r/ a I t_h f U t_h f i l z l a I k_h D { t_h V v @ tS a I n i z d E b j @ t_h A n t_h,m a I r/ a I d f U d f i l z l a I k_h D { d V v @ tS a I n i s d E b j @ t_h E n t_h
L2_arctic_WAV/MBMPS_arctic_a0121,D e I e I t_h d I n 3` { t_h D @ f I f T { n d r/ E s t_h @ d f O r/ t_h u a U 3` z,D e I e I d d i n 3` { t_h d @ f I f t_h { n d r/ E s t_h @ d f O r/ t_h u a U 3` z
L2_arctic_WAV/MBMPS_arctic_a0122,t_h u j I r/ z @ g o U a I g e I v V p_h s I v @ l a I z e I S @ n f r/ 3` D I s,t_h u j I r/ s @ g o U a I g e I v A p_h s I v @ l I s e I S @ n f r/ 3` d I s
L2_arctic_WAV/MBMPS_arctic_a0123,S i h { d d a I d f r/ V m k_h o U l d @ n d s t_h A r/ v e I S @ n,S i h { d d a I d f r/ V m k_h o U l d @ n d s t_h A r/ v e I S @ n
L2_arctic_WAV/MBMPS_arctic_a0125,h i w V z d I t_h 3` m @ n d n a U t_h u m e I n t_h e I n @ m O r/ s 3` t_h @ n h o U l d @ p_h A n h I m s E l f,h i w V s d I t_h 3` m @ n n a U t_h u m A n t_h e I n A m O r/ s 3` t_h @ n h o U l d A p_h @ n h I m s E l f
L2_arctic_WAV/MBMPS_arctic_a0126,i tS d e I S i b i k_h e I m @ m O r/ v a I t_h @ l p_h A r/ t_h @ v h I m,i tS d e I S i b i k_h A m @ m O r/ v a I t_h @ l p_h A r/ t_h @ v h I m
L2_arctic_WAV/MBMPS_arctic_a0127,I t_h w V z @ t_h E m t_h e I S @ n b V t_h h i r/ i z I s t_h I d I t_h,I d w V s @ t_h E m t_h e I S @ n b V t_h h i r/ i s I s t_h I d I t_h
L2_arctic_WAV/MBMPS_arctic_a0128,D I s h w V n h o U p_h w A z d I s t_h r/ O I d { z k_h w I k_h l i { z I t_h w O z b O r/ n,D I s h w V n h o U p_h w A z d I s t_h r/ O I d I { s k_h w I k_h l i { s I t_h w O z b U r/ n
L2_arctic_WAV/MBMPS_arctic_a0129,h 3` f e I s w V z @ g e I n s t_h h I z b r/ E s t_h,h 3` f e I s w V s @ g e I n s t_h h I s b r/ E s t_h
L2_arctic_WAV/MBMPS_arctic_a0130,S i w V z h I z n a U f 3` E v 3`,S i w V s h i s n a U f 3` E v 3`
L2_arctic_WAV/MBMPS_arctic_a0131,p_h r/ A v @ d @ n s h { d d I l I v 3` d h I m T r/ u D @ m e I l s t_h r/ @ m,p_h r/ A v @ d @ n s h { s d I l i v 3` d h i m T r/ u D @ m e I l s t_h r/ @ m
L2_arctic_WAV/MBMPS_arctic_a0134,h i o U b e I d D @ p_h r/ E S 3` V v h 3` h { n d,h i o U b e I d d @ p_h r/ E S 3` V v h 3` h { n
L2_arctic_WAV/MBMPS_arctic_a0136,@ b a U t_h h I m E v r/ i w E r/ w 3` D i E v @ d @ n s @ z V v l V g Z 3` i @ n d V v e I dZ,@ b a U t_h h I m E v r/ i w E r/ w 3` D i E v i d @ n s @ z V v l V g D 3` i @ n d V v e I tS
L2_arctic_WAV/MBMPS_arctic_a0137,D E n h i s t_h E p_h t_h b { k_h w I D @ l o U k_h r/ a I @ v p_h l E Z 3`,d E n h i s t_h E p_h t_h b { g w I d @ l o U k_h r/ a I @ v p_h r/ E S 3`
L2_arctic_WAV/MBMPS_arctic_a0139,h i t_h o U l d h I m s E l f D { t_h { z h i w A S t_h h I m s E l f @ n d g r/ u m d h I z d I S E v @ l d k_h l o U D z,h i t_h o U l h i m s E l f { z h i w A S t_h h i m s E l f @ n d g r/ u m d h i z d I s S E v @ l d k_h l o U D z
L2_arctic_WAV/MBMPS_arctic_a0145,a I h { v t_h @ b i k_h E r/ f @ l V v D E m { z D e I t_h I r/ v E r/ i i z @ l i,a I h { v t_h @ b i k_h 3` f @ l V v d E m { z D e I t_h i r/ v E r/ i i s @ l i
L2_arctic_WAV/MBMPS_arctic_a0148,n a U D i z T I N z h { d b I n s t_h r/ V k_h d E d w I D I n h I m,n a U D i s T I N z h { d b I N s t_h V k_h d d E d w I d i n h I m
L2_arctic_WAV/MBMPS_arctic_a0154,h i w V z s m u D S e I v @ n { n d h I z h E r/ { n d a I z w 3` b l { k_h,h i w V s s m u d S e I v @ n { n d h i s h E r/ { n d a I z w 3` b l A k_h
L2_arctic_WAV/MBMPS_arctic_a0159,D e I l U k_h { z D o U h i h { d b I n d r/ V m I N @ p_h i { n o U O l h I z l a I f,D e I l u k_h { z d o U h i h { d b i n d r/ A m I N A p_h i { n o U O l h I s l a I f
L2_arctic_WAV/MBMPS_arctic_a0170,D E r/ w V z n V n V v D @ dZ O I V v m i t_h I N I n h I z f e I s,D E r/ w V s n V n V v D @ dZ O I V v m i t_h I n I n h i s f e I s
L2_arctic_WAV/MBMPS_arctic_a0176,f O r/ D @ f 3` s t_h t_h a I m I n h I z l a I f h i w O z j 3` n I N f O r/ @ s k_h r/ { p_h,f O r/ D @ f 3` s t_h t_h a I m I n h I s l a I f h i w O s j 3` n I N f O r/ A s k_h r/ A p_h
L2_arctic_WAV/MBMPS_arctic_a0178,E v r/ i b o U n I n h 3` e I dZ d b A d i s i m d b r/ o U k_h @ n O r/ d I s l o U k_h e I t_h I d,E v r/ i b o U n i n h 3` e I tS b A d i s i m d b r/ o U k_h @ n O r/ d i s l o U k_h e I t_h I d
L2_arctic_WAV/MBMPS_arctic_a0185,D @ k_h w E s tS @ n z m e I h { v k_h V m v e I g l i I n h I z m a I n d,d @ k_h w E S @ n m e I h { v k_h o U m v e I g l i I n h I s m a I n d
L2_arctic_WAV/MBMPS_arctic_a0191,f O r/ @ t_h a I m D i I k_h s a I t_h I N T r/ I l V v h I z { d v E n tS 3` w V z g O n,f O r/ @ t_h a I n D i I k_h s a I t_h I N T r/ i l V v h i s { d v E n tS 3` w V z g O n
L2_arctic_WAV/MBMPS_arctic_a0198,s V m t_h a I m z h 3` d r/ i m z w 3` f I l d w I D v I Z @ n z,s o U m t_h a I m s h 3` d r/ i m s w 3` f i l d w I d v I S @ n s
L2_arctic_WAV/MBMPS_arctic_a0210,I t_h s d a I { m @ t_h 3` w V z n A t_h m O r/ D { n t_h u h V n d r/ I d j A r/ d z,I t_h s d a I A m @ t_h 3` w V s n A d m O r/ D { n t_h u h V n d r/ I d j A r/ d s
L2_arctic_WAV/MBMPS_arctic_a0212,f r/ E S k_h e I s I z s t_h I l e I b @ l t_h @ w O k_h D e I k_h l V s t_h 3` d @ b a U t_h D @ s p_h o U k_h s m @ n,f r/ E S k_h e I s I s w I l e I b @ l t_h @ w O k_h d e I k_h l V s t_h 3` d A b a U d d @ s p_h o U k_h m @ n
L2_arctic_WAV/MBMPS_arctic_a0227,I t_h w V z D @ s e I m w e I w I D a U r/ r/ I v A l v 3` z @ n d r/ a I f @ l z,I d w V z z @ s e I m w e I w I d a U r/ r/ I v A l v 3` s @ n d r/ a I f @ l s
L2_arctic_WAV/MBMPS_arctic_a0233,a I n E v 3` @ l a U w V t_h k_h { n t_h b i tS e I n dZ d t_h u @ n O I m i,a I n E v 3` A l o U w V t_h k_h { n d b i tS e I n tS t_h t_h u A n O I m i
L2_arctic_WAV/MBMPS_arctic_a0254,s t_h r/ e I t_h a U t_h D e I s w { m D E r/ h E d z g r/ o U I N s m O l 3` { n d s m O l 3`,s t_h r/ e I t_h a U t_h d @ s w A m D E r/ h { n s g r/ o U I n s m O l 3` { n d s m O l 3`
L2_arctic_WAV/MBMPS_arctic_a0260,n o U b A d i n j u h I z h I s t_h 3` i D e I V v D @ h U n t_h @ l i s t_h V v O l,n o U b A d i n j u h i s s t_h O r/ i d e I V v D @ D U n t_h @ l i s t_h V v O l
L2_arctic_WAV/MBMPS_arctic_a0265,D @ d I s k_h V v r/ i s i m d t_h I h { v b I n m e I d O n D @ s p_h 3` V v D @ m o U m @ n t_h,d @ d I s k_h o U v r/ i s i m d t_h I h { v b I n m e I d o U n D @ s p_h O r/ V v d @ m o U m @ n t_h
L2_arctic_WAV/MBMPS_arctic_a0269,D { t_h s w E r/ D e I k_h V t_h O f D @ s k_h A t_h I S tS i f s @ n d k_h I l d O l h { n z,D { t_h s w 3` d e I k_h V t_h A f d @ s k_h A t_h I S tS i v s @ n d k_h i l d O l h { n s
