Path,Canonical,Transcript
L2_arctic_WAV/ABA_arctic_a0003,"[24, 10, 35, 6, 14, 38, 41, 7, 32, 38, 27, 8, 12, 38, 16, 8, 31, 6, 43, 38, 27, 40, 32, 8, 9, 6, 14, 38, 39, 31, 7, 32, 11, 13, 29, 26, 43, 32, 19, 42]","[24, 10, 35, 6, 14, 38, 41, 7, 32, 38, 27, 8, 12, 38, 16, 8, 31, 6, 43, 38, 27, 40, 32, 8, 9, 29, 6, 14, 38, 39, 31, 7, 32, 11, 13, 29, 26, 43, 32, 36, 36]"
L2_arctic_WAV/ABA_arctic_a0005,"[41, 8, 30, 41, 27, 7, 40, 3, 24, 10, 35, 25, 7, 38, 8, 38]","[41, 8, 30, 41, 27, 7, 40, 4, 24, 10, 35, 25, 7, 38, 7, 38]"
L2_arctic_WAV/ABA_arctic_a0006,"[25, 5, 19, 18, 30, 7, 36, 4, 31, 16, 8, 26, 33, 13, 34, 16, 8, 30, 25, 33, 13, 10, 32, 36, 27, 8, 9, 6, 7, 31, 24, 3, 7, 40, 3]","[25, 5, 19, 18, 30, 7, 36, 6, 4, 31, 16, 8, 26, 33, 13, 34, 16, 8, 30, 25, 33, 13, 10, 32, 36, 27, 8, 9, 6, 7, 31, 24, 3, 7, 40, 4]"
L2_arctic_WAV/ABA_arctic_a0007,"[43, 32, 19, 28, 39, 10, 30, 41, 27, 42, 41, 10, 32, 38, 38, 39, 36, 27, 8, 38, 8, 32, 6, 4, 36, 13, 34, 3, 30, 4, 38, 8, 40, 19, 8, 25, 35, 27]","[43, 32, 19, 28, 39, 10, 30, 41, 27, 42, 41, 10, 32, 38, 38, 39, 36, 27, 7, 38, 7, 32, 6, 4, 36, 13, 18, 3, 30, 4, 38, 8, 40, 19, 8, 25, 35, 27]"
L2_arctic_WAV/ABA_arctic_a0008,"[25, 43, 19, 28, 13, 35, 30, 7, 38, 3, 29, 21, 8, 31, 20, 14, 36, 38, 8, 32, 38, 16, 8, 31]","[25, 43, 19, 28, 13, 35, 30, 7, 38, 35, 29, 21, 8, 31, 20, 14, 36, 38, 8, 32, 38, 16, 8, 31]"
L2_arctic_WAV/ABA_arctic_a0010,"[16, 8, 31, 34, 30, 21, 8, 8, 9, 4, 36, 8, 9, 25, 4, 30, 26, 43, 32, 19, 8, 32, 41, 14, 38, 30, 13, 29, 36, 30, 16, 8, 29, 4, 30, 39, 42, 8, 9, 25, 21, 8, 31]","[16, 8, 31, 34, 30, 21, 8, 8, 9, 4, 36, 8, 9, 25, 4, 30, 26, 43, 32, 19, 8, 32, 41, 14, 38, 30, 13, 29, 36, 30, 16, 8, 29, 4, 30, 39, 42, 8, 9, 25, 21, 8, 31]"
L2_arctic_WAV/ABA_arctic_a0011,"[8, 24, 16, 8, 7, 40, 3, 32, 27, 19, 8, 19, 4, 24, 16, 8, 38, 3, 8, 32, 31, 16, 8, 30, 16, 8, 24, 16, 8, 32, 27, 19, 41, 14, 32, 32, 16, 13]","[8, 24, 16, 8, 7, 40, 4, 32, 27, 19, 8, 19, 4, 24, 16, 8, 38, 3, 8, 32, 31, 16, 8, 30, 16, 8, 24, 16, 8, 32, 27, 19, 41, 14, 32, 32, 16, 13]"
L2_arctic_WAV/ABA_arctic_a0013,"[26, 27, 41, 10, 42, 4, 26, 7, 19, 11, 10, 35, 38, 3, 6, 43, 32, 26, 8, 42, 29, 4, 31, 34, 43, 32, 28, 4, 32, 14, 40, 10, 30, 31, 33, 13, 36, 38, 19, 7, 30, 4, 29, 4, 38, 24, 4, 42, 27, 29]","[26, 27, 41, 10, 42, 4, 26, 7, 19, 11, 10, 35, 38, 3, 6, 43, 32, 26, 8, 42, 29, 4, 31, 18, 43, 32, 28, 4, 32, 14, 40, 10, 30, 31, 33, 13, 36, 38, 19, 7, 30, 4, 29, 21, 8, 38, 24, 4, 42, 27, 29]"
L2_arctic_WAV/ABA_arctic_a0018,"[6, 7, 35, 41, 5, 42, 4, 37, 21, 8, 32, 20, 32, 16, 13]","[42, 7, 35, 41, 5, 42, 4, 37, 21, 8, 32, 20, 32, 16, 13]"
L2_arctic_WAV/ABA_arctic_a0019,"[16, 8, 24, 5, 30, 33, 13, 19, 6, 4, 30, 16, 8, 32, 14, 40, 6, 14, 34, 35, 4, 34, 33, 13, 42, 19, 35, 21, 8, 30, 35, 33, 13, 19, 30, 13, 29, 8, 9, 24, 10, 35, 37, 43, 32, 36, 8, 42]","[16, 8, 24, 5, 30, 33, 13, 19, 6, 4, 30, 16, 8, 32, 14, 40, 6, 14, 34, 35, 4, 34, 33, 13, 42, 19, 35, 21, 8, 30, 35, 33, 13, 19, 30, 13, 29, 8, 9, 24, 10, 35, 37, 43, 32, 36, 8, 42]"
L2_arctic_WAV/ABA_arctic_a0020,"[29, 30, 14, 18, 42, 4, 32, 19, 18, 10, 30, 42, 4, 32, 19, 36, 8, 38, 27, 42, 25, 35, 39, 38, 39, 18, 27, 33, 13, 32, 30, 27, 31, 7, 31, 3, 27, 42]","[29, 30, 14, 18, 42, 4, 32, 19, 18, 10, 30, 42, 4, 32, 19, 36, 8, 38, 27, 42, 25, 35, 10, 38, 39, 18, 27, 33, 13, 32, 30, 27, 31, 7, 31, 35, 27, 42]"
L2_arctic_WAV/ABA_arctic_a0021,"[8, 38, 24, 7, 35, 30, 27, 29, 30, 14, 18, 19, 31, 27, 8, 32, 38, 39, 35, 7, 29, 4, 25, 32, 16, 8, 42, 8, 9, 8, 38]","[8, 38, 24, 7, 35, 30, 27, 29, 30, 14, 18, 19, 31, 27, 8, 32, 38, 39, 23, 7, 29, 4, 25, 32, 16, 8, 42, 8, 9, 29, 8, 38]"
L2_arctic_WAV/ABA_arctic_a0022,"[26, 5, 35, 19, 30, 27, 41, 3, 16, 13, 35, 34, 30, 43, 32, 42, 31, 21, 8, 19, 34, 14, 18, 30, 8, 29, 18, 27, 24, 10, 35, 41, 27, 41, 3, 31, 7, 38, 18, 16, 8, 34, 16, 13, 3, 24, 4, 30, 5, 34, 4, 42, 8, 11, 4, 32]","[26, 5, 23, 19, 30, 27, 41, 7, 35, 16, 13, 35, 34, 30, 43, 32, 42, 31, 21, 8, 19, 34, 14, 18, 30, 8, 29, 18, 27, 24, 10, 35, 41, 27, 41, 7, 35, 31, 7, 38, 18, 16, 8, 34, 16, 13, 3, 24, 4, 30, 5, 34, 4, 42, 8, 11, 4, 32]"
L2_arctic_WAV/ABA_arctic_a0023,"[4, 29, 5, 31, 18, 4, 32, 21, 8, 11, 4, 32, 14, 40, 29, 4, 32, 21, 8, 19, 27, 4, 32, 29, 43, 34, 8, 38, 4, 30, 29, 41, 8, 29, 30, 27, 10, 35, 25, 4, 32, 16, 8, 42, 19, 4, 32, 19, 34, 4, 38, 8, 11, 4, 32, 19, 24, 10, 35, 6, 4, 36, 21, 8, 31, 34, 35, 8, 40, 30, 8, 20, 8, 42]","[4, 29, 5, 31, 18, 4, 32, 21, 8, 11, 4, 32, 14, 40, 29, 4, 32, 21, 8, 19, 27, 4, 32, 29, 43, 34, 8, 38, 4, 30, 29, 41, 8, 29, 30, 27, 10, 35, 25, 4, 32, 16, 8, 42, 19, 4, 32, 19, 34, 4, 38, 8, 11, 4, 32, 19, 24, 10, 35, 6, 4, 36, 21, 8, 31, 34, 35, 8, 40, 30, 8, 20, 8, 42]"
L2_arctic_WAV/ABA_arctic_a0024,"[8, 38, 41, 10, 42, 31, 16, 8, 35, 8, 34, 10, 35, 38, 36, 24, 35, 14, 31, 6, 14, 32, 10, 35, 12, 26, 41, 8, 37, 37, 27, 24, 30, 27, 8, 32, 19, 39, 36, 38, 34, 27, 34, 4, 30, 38, 39, 18, 16, 8]","[8, 38, 41, 10, 42, 31, 16, 8, 35, 8, 34, 10, 35, 38, 36, 24, 35, 14, 31, 6, 14, 32, 10, 35, 12, 26, 41, 8, 37, 37, 27, 24, 30, 27, 8, 32, 19, 39, 36, 38, 34, 27, 34, 4, 30, 38, 39, 18, 16, 8]"
L2_arctic_WAV/ABA_arctic_a0025,"[16, 8, 41, 10, 42, 4, 18, 16, 13, 38, 38, 39, 19, 39, 6, 8, 36, 41, 7, 32, 29, 39, 30, 22, 20, 14, 20, 31, 4, 32, 38, 34, 35, 27, 40, 21, 8, 30, 19]","[16, 8, 41, 10, 42, 4, 18, 16, 13, 38, 38, 39, 19, 39, 6, 8, 36, 41, 7, 32, 29, 39, 30, 22, 20, 14, 20, 31, 4, 32, 38, 18, 35, 27, 40, 21, 8, 30, 19]"
L2_arctic_WAV/ABA_arctic_a0026,"[8, 38, 4, 29, 3, 19, 38, 39, 31, 27, 6, 43, 38, 6, 7, 35, 41, 13, 19, 26, 43, 40, 38, 39, 18, 27, 43, 32, 4, 29, 16, 13, 32, 38, 8, 9]","[8, 38, 33, 13, 29, 3, 19, 38, 39, 31, 27, 6, 43, 38, 6, 7, 35, 41, 13, 19, 26, 43, 40, 38, 39, 18, 27, 43, 32, 4, 29, 16, 13, 32, 38, 8, 9]"
L2_arctic_WAV/ABA_arctic_a0027,"[38, 39, 31, 16, 8, 36, 3, 34, 35, 16, 8, 42, 26, 27, 18, 27, 25, 43, 32, 38, 39, 11, 33, 13, 43, 29, 11, 4, 30, 8, 32, 12, 39, 42, 27, 43, 42, 4, 31, 8, 32, 31, 16, 8, 24, 21, 8, 40, 3]","[38, 39, 31, 16, 8, 36, 3, 34, 35, 16, 8, 42, 26, 27, 18, 27, 25, 43, 32, 38, 39, 11, 33, 13, 43, 29, 11, 4, 30, 8, 32, 36, 39, 36, 27, 43, 42, 4, 31, 8, 32, 31, 16, 8, 24, 21, 8, 40, 4]"
L2_arctic_WAV/ABA_arctic_a0028,"[35, 5, 18, 3, 27, 18, 35, 16, 8, 18, 3, 27, 24, 35, 10, 19]","[35, 5, 18, 3, 27, 34, 35, 16, 8, 18, 3, 27, 24, 39, 38]"
L2_arctic_WAV/ABA_arctic_a0029,"[6, 7, 35, 24, 10, 35, 36, 8, 42, 41, 3, 10, 35, 7, 19, 27, 31, 39, 40, 8, 9, 8, 32, 38, 39, 6, 14, 32, 10, 35, 12, 29, 14, 32, 38, 35, 27]","[6, 8, 7, 35, 24, 10, 36, 8, 42, 41, 7, 35, 10, 35, 7, 19, 27, 31, 39, 40, 8, 9, 29, 8, 32, 38, 39, 6, 14, 32, 10, 35, 12, 29, 14, 32, 38, 35, 27]"
L2_arctic_WAV/ABA_arctic_a0030,"[16, 8, 26, 43, 19, 24, 21, 8, 12, 8, 32, 6, 7, 31]","[16, 8, 26, 43, 19, 24, 21, 8, 12, 8, 32, 6, 7, 31]"
L2_arctic_WAV/ABA_arctic_a0031,"[6, 21, 8, 41, 3, 12, 35, 27, 26, 14, 32, 19, 35, 8, 19, 28, 5, 35, 19, 42, 4, 34, 5, 35, 38]","[6, 21, 8, 41, 27, 3, 12, 23, 27, 26, 14, 32, 19, 35, 8, 19, 28, 5, 23, 19, 42, 4, 34, 5, 35, 38]"
L2_arctic_WAV/ABA_arctic_a0032,"[36, 8, 32, 36, 6, 7, 32, 36, 14, 31, 31, 8, 36, 38, 8, 35, 27, 4, 36, 24, 10, 35, 36, 26, 43, 42, 18, 8, 32, 24, 16, 8, 38, 8, 9, 14, 36, 43, 38, 7, 40, 35, 27, 36, 38, 7, 34]","[36, 8, 32, 36, 6, 7, 32, 36, 14, 31, 31, 16, 8, 36, 38, 35, 7, 36, 24, 10, 35, 36, 26, 43, 42, 18, 8, 32, 24, 16, 8, 38, 8, 9, 29, 14, 36, 43, 38, 7, 40, 35, 27, 36, 38, 7, 34]"
L2_arctic_WAV/ABA_arctic_a0036,"[11, 27, 38, 3, 32, 19, 8, 32, 43, 38, 6, 14, 26, 33, 13, 38, 7, 30]","[11, 27, 38, 3, 32, 19, 8, 32, 43, 38, 6, 14, 26, 33, 13, 38, 7, 30]"
L2_arctic_WAV/ABA_arctic_a0037,"[16, 8, 41, 14, 42, 6, 14, 33, 13, 32, 30, 27, 41, 14, 32, 26, 39, 35, 27, 31, 21, 8, 32, 19, 36, 8, 38, 8, 9]","[16, 8, 41, 14, 42, 42, 14, 33, 13, 32, 30, 27, 41, 14, 32, 26, 39, 35, 27, 31, 21, 8, 32, 19, 36, 8, 38, 8, 9, 29]"
L2_arctic_WAV/ABA_arctic_a0038,"[41, 27, 41, 8, 30, 26, 43, 40, 38, 4, 41, 10, 37, 16, 13, 35, 37, 43, 32, 36, 8, 42]","[41, 27, 41, 8, 30, 26, 43, 40, 38, 4, 41, 10, 37, 16, 13, 35, 37, 43, 32, 36, 8, 42]"
L2_arctic_WAV/ABA_arctic_a0039,"[6, 4, 11, 8, 34, 11, 13, 19, 18, 27, 8, 32, 41, 8, 12, 8, 32, 4, 41, 27, 29, 10, 35, 38, 7, 32, 19, 21, 8, 42]","[6, 4, 11, 8, 34, 11, 13, 19, 18, 27, 8, 32, 41, 8, 12, 8, 32, 4, 41, 27, 29, 10, 35, 38, 8, 32, 19, 21, 8, 42]"
L2_arctic_WAV/ABA_arctic_a0040,"[16, 8, 36, 4, 34, 33, 13, 42, 28, 39, 41, 14, 32, 19, 3, 26, 41, 16, 8, 11, 27, 8, 42, 29, 14, 31, 8, 9, 14, 34, 26, 27, 35]","[16, 8, 36, 4, 18, 33, 13, 42, 28, 39, 41, 14, 32, 19, 3, 26, 41, 16, 8, 11, 27, 8, 42, 29, 14, 31, 8, 9, 14, 34, 26, 27, 35]"
L2_arctic_WAV/ABA_arctic_a0041,"[31, 27, 32, 41, 16, 8, 30, 16, 8, 30, 25, 33, 13, 16, 13, 38, 38, 39, 18, 35, 27, 6, 4, 36, 34, 7, 30]","[31, 27, 32, 41, 16, 8, 30, 16, 8, 30, 25, 33, 13, 16, 13, 38, 38, 39, 34, 35, 27, 6, 4, 36, 34, 7, 30]"
L2_arctic_WAV/ABA_arctic_a0042,"[26, 16, 13, 29, 13, 19, 26, 27, 8, 29, 36, 34, 30, 21, 8, 32, 26, 8, 42, 34, 4, 42, 7, 11, 4, 32, 14, 40, 6, 4, 36, 29, 7, 37]","[26, 16, 13, 29, 13, 19, 26, 27, 8, 29, 36, 18, 30, 21, 8, 32, 26, 8, 42, 34, 4, 42, 7, 11, 4, 32, 14, 40, 6, 4, 36, 29, 7, 37]"
L2_arctic_WAV/ABA_arctic_a0045,"[26, 27, 31, 39, 40, 19, 4, 41, 21, 8, 43, 42, 29, 41, 16, 8, 4, 38, 30, 27, 43, 42, 26, 27, 26, 43, 19, 29, 14, 31]","[26, 27, 31, 39, 40, 19, 4, 41, 21, 8, 43, 42, 29, 41, 16, 8, 4, 38, 30, 27, 43, 42, 26, 27, 26, 43, 19, 29, 14, 31]"
L2_arctic_WAV/ABA_arctic_a0046,"[6, 4, 25, 3, 30, 24, 21, 8, 36, 38, 26, 8, 31, 26, 3, 16, 8, 42, 11, 16, 8, 32, 8, 9, 41, 8, 6, 36, 14, 19, 4, 32, 24, 8, 35]","[6, 4, 25, 3, 30, 24, 21, 8, 36, 38, 26, 8, 31, 26, 35, 16, 8, 42, 11, 16, 8, 32, 8, 9, 29, 41, 8, 6, 36, 14, 19, 4, 32, 24, 8, 35]"
L2_arctic_WAV/ABA_arctic_a0047,"[29, 30, 33, 13, 36, 18, 8, 36, 16, 8, 19, 26, 8, 31, 25, 30, 27, 31, 19, 6, 14, 41, 16, 8, 38, 24, 43, 9, 42, 14, 40, 6, 14, 41, 13, 30, 24, 19, 10, 25]","[29, 30, 33, 13, 42, 18, 8, 36, 16, 8, 19, 26, 8, 31, 25, 30, 27, 31, 19, 6, 14, 41, 16, 8, 38, 24, 43, 9, 42, 14, 40, 6, 14, 41, 10, 30, 24, 19, 33, 13, 25]"
L2_arctic_WAV/ABA_arctic_a0048,"[26, 27, 30, 13, 29, 38, 43, 38, 6, 4, 26, 43, 9, 29, 3, 37, 27, 24, 31, 10, 35, 29, 30, 33, 13, 36, 30, 27]","[26, 27, 30, 13, 29, 38, 43, 38, 6, 4, 26, 43, 9, 19, 29, 3, 11, 27, 24, 31, 10, 35, 25, 30, 33, 13, 42, 30, 27]"
L2_arctic_WAV/ABA_arctic_a0051,"[6, 4, 30, 21, 8, 36, 41, 10, 42, 14, 40, 4, 19, 7, 30, 4, 29, 4, 38, 16, 8, 40, 3, 27, 29, 14, 30, 3, 24, 21, 8, 32, 38, 30, 27, 38, 8, 32, 38, 8, 19, 41, 8, 6, 28, 7, 30, 33, 13]","[6, 4, 30, 21, 8, 36, 41, 10, 42, 14, 40, 4, 19, 7, 30, 4, 29, 4, 38, 8, 40, 10, 35, 27, 29, 14, 30, 3, 24, 21, 8, 32, 38, 30, 27, 38, 8, 32, 38, 8, 19, 41, 8, 6, 28, 21, 8, 30, 33, 13]"
L2_arctic_WAV/ABA_arctic_a0052,"[8, 38, 41, 10, 42, 4, 29, 28, 13, 35, 27, 4, 36, 29, 33, 13, 8, 32, 36, 8, 19, 4, 32, 36]","[8, 38, 41, 10, 42, 4, 29, 28, 13, 35, 27, 4, 36, 29, 33, 13, 8, 32, 36, 8, 19, 4, 32, 36]"
L2_arctic_WAV/ABA_arctic_a0053,"[36, 14, 19, 4, 32, 30, 27, 26, 8, 42, 24, 8, 9, 25, 3, 42, 29, 30, 33, 13, 42, 19, 38, 16, 8, 38, 30, 27, 33, 13, 40, 3, 6, 4, 26, 43, 9, 29, 3, 37, 27, 24]","[36, 14, 19, 4, 32, 30, 27, 26, 8, 42, 24, 8, 9, 25, 3, 42, 29, 30, 33, 13, 42, 19, 38, 16, 8, 38, 30, 27, 33, 13, 40, 3, 23, 6, 4, 26, 43, 32, 38, 29, 3, 37, 27, 24]"
L2_arctic_WAV/ABA_arctic_a0054,"[6, 7, 35, 41, 10, 42, 32, 14, 12, 8, 9, 10, 32, 6, 14, 35, 5, 29]","[6, 7, 35, 41, 10, 42, 32, 14, 36, 8, 9, 29, 10, 32, 6, 14, 35, 33, 13, 29]"
L2_arctic_WAV/ABA_arctic_a0058,"[16, 8, 29, 21, 8, 31, 24, 10, 35, 8, 32, 24, 3, 31, 21, 8, 11, 4, 32, 31, 10, 35, 16, 13, 38, 14, 40, 29, 28, 13, 35, 27, 5, 36, 4, 38, 27, 6, 43, 32, 7, 32, 27, 12, 8, 9, 7, 30, 36]","[16, 8, 29, 21, 8, 31, 24, 10, 8, 32, 24, 3, 31, 21, 8, 11, 4, 32, 31, 10, 35, 16, 13, 38, 14, 40, 29, 28, 13, 23, 27, 7, 36, 4, 38, 27, 6, 43, 32, 7, 32, 27, 12, 8, 9, 25, 7, 30, 36]"
L2_arctic_WAV/ABA_arctic_a0059,"[26, 8, 42, 8, 31, 43, 29, 28, 39, 30, 8, 38, 4, 34, 8, 35, 4, 32, 36, 41, 10, 42, 25, 10, 32]","[26, 8, 42, 8, 31, 43, 29, 28, 39, 30, 21, 8, 38, 4, 18, 8, 35, 4, 32, 36, 41, 10, 42, 25, 10, 32]"
L2_arctic_WAV/ABA_arctic_a0060,"[7, 32, 27, 41, 21, 8, 32, 33, 13, 41, 14, 32, 36, 10, 26, 3, 30, 16, 8, 29, 6, 43, 38]","[7, 32, 27, 41, 21, 8, 32, 33, 13, 41, 14, 32, 36, 10, 26, 7, 35, 30, 16, 8, 29, 6, 43, 38]"
L2_arctic_WAV/ABA_arctic_a0062,"[6, 4, 31, 7, 32, 36, 38, 7, 35, 19, 8, 32, 38, 39, 27, 37, 14, 6, 3, 42, 24, 21, 8, 36]","[6, 4, 31, 7, 32, 36, 23, 7, 35, 19, 8, 32, 38, 39, 27, 37, 14, 6, 23, 42, 24, 21, 8, 36]"
L2_arctic_WAV/ABA_arctic_a0063,"[28, 7, 36, 8, 38, 41, 10, 42, 4, 31, 43, 32, 26, 39, 43, 36, 29, 38, 4, 36, 38, 35, 21, 8, 32, 20, 3]","[28, 7, 36, 8, 38, 41, 10, 42, 4, 31, 43, 32, 26, 39, 43, 36, 29, 4, 38, 4, 36, 38, 35, 21, 8, 32, 20, 3]"
L2_arctic_WAV/ABA_arctic_a0064,"[6, 14, 24, 10, 35, 12, 4, 32, 19, 24, 8, 24, 12, 19, 21, 8, 42, 34, 43, 36, 38, 41, 8, 6, 16, 13, 38, 7, 32, 27, 19, 8, 40, 7, 30, 4, 34, 31, 4, 32, 38, 36]","[6, 14, 24, 10, 35, 12, 4, 32, 19, 24, 8, 24, 12, 19, 21, 8, 42, 18, 43, 36, 38, 41, 8, 6, 16, 13, 38, 7, 32, 27, 19, 8, 40, 7, 30, 4, 34, 31, 4, 32, 38, 36]"
L2_arctic_WAV/ABA_arctic_a0065,"[6, 21, 8, 29, 30, 33, 13, 42, 19, 32, 16, 13, 4, 32, 38, 8, 30, 26, 8, 42, 24, 8, 9, 25, 3, 42, 41, 3, 30, 16, 8, 29, 29, 10, 35, 19, 42, 14, 40, 36, 38, 27, 30]","[6, 21, 8, 29, 30, 33, 13, 42, 19, 32, 16, 13, 4, 32, 38, 8, 23, 26, 8, 42, 24, 8, 9, 25, 3, 42, 41, 3, 30, 16, 8, 29, 29, 10, 35, 19, 36, 14, 40, 4, 36, 38, 27, 30]"
L2_arctic_WAV/ABA_arctic_a0067,"[11, 13, 35, 30, 27, 16, 8, 41, 8, 30, 8, 29, 36, 29, 28, 39, 42, 28, 39, 11, 27, 29, 35, 16, 8, 19]","[11, 13, 35, 30, 27, 16, 8, 41, 8, 30, 8, 29, 36, 4, 29, 28, 39, 42, 28, 39, 11, 27, 29, 23, 16, 8, 19]"
L2_arctic_WAV/ABA_arctic_a0071,"[41, 14, 38, 41, 10, 42, 6, 14, 5, 18, 20, 7, 29, 38, 14, 40, 28, 13, 35, 30, 8, 38, 4, 30, 36, 7, 32, 36, 21, 8, 11, 4, 32]","[41, 14, 38, 41, 10, 42, 6, 14, 5, 18, 15, 7, 29, 38, 14, 40, 28, 13, 23, 30, 8, 38, 4, 23, 36, 7, 32, 36, 21, 8, 11, 4, 32]"
L2_arctic_WAV/ABA_arctic_a0073,"[6, 14, 34, 35, 4, 31, 33, 13, 38, 3, 42, 16, 8, 42, 41, 3, 26, 7, 40, 27, 41, 8, 6, 30, 8, 38, 4, 30, 34, 14, 24, 27, 18, 43, 25, 42, 14, 32, 19, 3, 6, 7, 31]","[6, 14, 18, 35, 39, 31, 27, 38, 3, 42, 16, 8, 42, 41, 3, 26, 7, 40, 27, 41, 8, 6, 30, 8, 38, 4, 23, 34, 14, 24, 27, 18, 5, 25, 36, 14, 32, 19, 35, 6, 7, 31]"
L2_arctic_WAV/ABA_arctic_a0075,"[6, 7, 35, 26, 43, 42, 18, 8, 32, 4, 37, 21, 8, 32, 20, 11, 27, 8, 32, 38, 3, 14, 34, 38, 8, 19, 26, 8, 31]","[6, 7, 26, 43, 42, 18, 8, 32, 4, 37, 21, 8, 32, 20, 11, 27, 8, 32, 19, 3, 14, 34, 38, 8, 19, 26, 8, 31]"
L2_arctic_WAV/ABA_arctic_a0076,"[6, 4, 25, 35, 21, 8, 16, 8, 42, 24, 5, 30, 38, 3, 19, 6, 14, 24, 30, 14, 11, 19, 27, 34, 4, 32, 19]","[6, 4, 25, 35, 21, 8, 16, 8, 42, 24, 7, 30, 38, 3, 19, 6, 14, 24, 30, 14, 11, 19, 27, 18, 4, 32, 19]"
L2_arctic_WAV/ABA_arctic_a0077,"[8, 38, 8, 42, 6, 4, 24, 16, 8, 35, 34, 5, 35, 38, 30, 27, 11, 27, 36, 7, 19]","[8, 38, 8, 42, 6, 4, 24, 16, 8, 35, 34, 5, 35, 38, 30, 27, 11, 27, 36, 7, 19]"
L2_arctic_WAV/ABA_arctic_a0078,"[6, 7, 32, 4, 32, 19, 43, 38, 36, 14, 34, 3, 26, 27, 38, 35, 16, 8, 19, 38, 39, 24, 43, 6, 4, 31, 26, 3]","[6, 7, 32, 4, 32, 19, 43, 38, 36, 14, 34, 3, 26, 27, 38, 35, 10, 8, 19, 38, 39, 24, 43, 12, 4, 31, 26, 23]"
L2_arctic_WAV/ABA_arctic_a0079,"[8, 38, 41, 10, 42, 4, 30, 5, 35, 20, 29, 4, 32, 39]","[8, 38, 41, 10, 42, 4, 30, 5, 35, 15, 29, 43, 32, 39]"
L2_arctic_WAV/ABA_arctic_a0081,"[41, 14, 38, 8, 24, 11, 27, 19, 8, 19, 32, 5, 38, 29, 14, 31, 38, 39, 6, 14, 35, 5, 29]","[41, 14, 38, 8, 24, 11, 27, 19, 8, 19, 32, 38, 29, 14, 31, 38, 39, 6, 14, 35, 33, 13, 29]"
L2_arctic_WAV/ABA_arctic_a0082,"[26, 8, 42, 24, 21, 8, 36, 41, 10, 42, 36, 38, 35, 27, 31, 8, 9, 41, 8, 6, 18, 30, 14, 19]","[26, 8, 42, 24, 21, 8, 36, 41, 10, 42, 36, 38, 35, 27, 31, 8, 9, 29, 41, 8, 6, 18, 30, 14, 38]"
L2_arctic_WAV/ABA_arctic_a0085,"[4, 38, 35, 8, 29, 4, 30, 14, 40, 24, 35, 7, 11, 18, 30, 14, 19, 35, 43, 32, 33, 13, 40, 3, 26, 8, 42, 24, 21, 8, 36]","[4, 38, 35, 8, 29, 4, 23, 14, 40, 24, 35, 7, 11, 18, 30, 14, 19, 4, 35, 43, 32, 33, 13, 40, 3, 26, 8, 42, 24, 21, 8, 36]"
L2_arctic_WAV/ABA_arctic_a0086,"[19, 7, 12, 26, 43, 19, 29, 14, 31, 41, 8, 12, 38, 7, 35, 4, 18, 4, 30, 36, 14, 19, 4, 32, 32, 4, 36]","[19, 7, 12, 26, 43, 19, 29, 14, 31, 41, 8, 12, 38, 7, 35, 4, 34, 4, 23, 36, 14, 19, 4, 32, 32, 4, 36]"
L2_arctic_WAV/ABA_arctic_a0088,"[26, 27, 31, 21, 8, 19, 11, 13, 35, 6, 43, 38, 6, 4, 31, 43, 25, 4, 42, 27, 32, 41, 10, 42, 30, 33, 13, 19, 4, 19, 4, 32, 19, 35, 27, 42, 39, 31, 19, 26, 8, 42, 34, 43, 19, 30, 8, 9]","[26, 27, 31, 21, 8, 19, 11, 13, 35, 6, 43, 38, 6, 4, 31, 43, 25, 4, 42, 27, 32, 41, 10, 42, 30, 33, 13, 19, 4, 19, 4, 32, 19, 35, 27, 36, 28, 39, 31, 19, 26, 8, 36, 18, 43, 19, 30, 8, 9, 29]"
L2_arctic_WAV/ABA_arctic_a0089,"[6, 14, 32, 16, 8, 38, 25, 30, 33, 13, 41, 10, 42, 38, 35, 7, 37, 3, 4, 36, 38, 39, 11, 39, 38, 18, 16, 8]","[6, 14, 32, 16, 8, 38, 25, 30, 39, 41, 10, 42, 38, 35, 7, 37, 35, 4, 36, 38, 39, 11, 13, 38, 18, 16, 8]"
L2_arctic_WAV/ABA_arctic_a0090,"[6, 4, 36, 8, 9, 8, 9, 40, 10, 8, 36, 4, 34, 35, 33, 13, 37, 38, 35, 43, 34, 4, 19, 30, 27]","[6, 4, 36, 8, 9, 8, 9, 25, 40, 10, 8, 36, 4, 34, 35, 33, 13, 37, 4, 38, 35, 43, 18, 4, 19, 30, 27]"
L2_arctic_WAV/ABA_arctic_a0091,"[26, 8, 42, 18, 30, 14, 19, 25, 35, 39, 26, 5, 38, 41, 8, 6, 35, 21, 8, 20, 43, 38, 6, 4, 12, 10, 38]","[26, 8, 42, 18, 30, 14, 19, 25, 35, 39, 26, 5, 38, 41, 5, 6, 35, 21, 8, 20, 43, 38, 6, 4, 12, 33, 13, 38]"
L2_arctic_WAV/ABA_arctic_a0092,"[26, 27, 41, 7, 32, 38, 19, 16, 13, 32, 8, 32, 31, 8, 19, 36, 38, 35, 27, 31, 36, 3, 37, 8, 9, 6, 4, 11, 43, 19, 33, 13, 42, 14, 40, 18, 33, 13, 12, 11, 10, 35, 42]","[26, 27, 41, 7, 32, 38, 4, 19, 16, 13, 4, 32, 8, 32, 31, 8, 19, 4, 36, 38, 35, 27, 31, 36, 3, 11, 8, 9, 29, 6, 4, 11, 43, 19, 33, 13, 42, 14, 40, 34, 33, 13, 12, 11, 10, 36]"
L2_arctic_WAV/ABA_arctic_a0093,"[24, 10, 35, 4, 24, 13, 30, 31, 8, 32, 4, 38, 26, 27, 29, 35, 16, 13, 37, 38, 4, 32, 19, 30, 8, 36, 4, 32, 19]","[24, 10, 35, 4, 24, 13, 30, 31, 8, 32, 4, 38, 26, 27, 29, 35, 33, 13, 37, 4, 38, 4, 32, 19, 30, 8, 36, 4, 32, 19]"
L2_arctic_WAV/ABA_arctic_a0094,"[26, 27, 26, 43, 19, 18, 7, 35, 30, 27, 7, 32, 38, 3, 19, 6, 8, 36, 41, 8, 32, 26, 27, 36, 10, 6, 4, 25, 30, 33, 13, 14, 40, 4, 24, 16, 8, 3]","[26, 27, 26, 43, 19, 34, 7, 35, 30, 27, 7, 32, 38, 3, 19, 6, 8, 36, 41, 8, 32, 26, 27, 36, 33, 13, 6, 4, 25, 30, 33, 13, 14, 40, 4, 24, 16, 8, 4]"
L2_arctic_WAV/ABA_arctic_a0095,"[4, 18, 8, 25, 29, 43, 32, 40, 4, 36, 38, 7, 32, 38, 41, 10, 42, 6, 4, 24, 3, 36, 38, 12, 8, 9, 38, 39, 29, 14, 31, 41, 8, 12, 8, 32, 26, 8, 42, 40, 8, 15, 4, 32]","[4, 18, 8, 25, 29, 43, 32, 40, 4, 36, 38, 7, 32, 38, 41, 10, 42, 6, 4, 24, 3, 36, 38, 12, 8, 9, 29, 38, 39, 29, 14, 31, 41, 8, 12, 8, 32, 26, 8, 42, 40, 8, 15, 4, 32]"
L2_arctic_WAV/ABA_arctic_a0096,"[34, 3, 26, 43, 34, 36, 11, 27, 26, 43, 19, 10, 30, 35, 7, 19, 27, 31, 7, 38, 26, 3, 24, 21, 8, 38, 4, 30, 8, 38, 4, 30, 19, 27, 34, 3, 8, 32, 6, 4, 24, 10, 35, 4, 36, 38]","[34, 35, 7, 26, 43, 34, 36, 11, 27, 26, 43, 19, 10, 30, 35, 7, 19, 27, 31, 7, 38, 26, 23, 24, 21, 8, 38, 4, 30, 8, 38, 4, 23, 19, 27, 34, 4, 8, 32, 6, 4, 24, 10, 35, 36, 38]"
L2_arctic_WAV/ABA_arctic_a0097,"[6, 7, 32, 28, 39, 29, 43, 32, 3, 21, 8, 32, 20, 28, 3, 36, 7, 30, 24, 29, 14, 31, 24, 3, 38, 4, 18, 30, 27, 4, 31, 14, 9, 6, 27, 42, 35, 33, 13, 18, 42, 8, 32, 6, 14, 18, 33, 13]","[6, 7, 32, 28, 39, 29, 43, 32, 3, 21, 8, 32, 37, 28, 3, 36, 7, 30, 24, 29, 14, 31, 24, 3, 38, 4, 18, 30, 27, 4, 31, 14, 9, 29, 6, 27, 42, 35, 33, 13, 34, 36, 8, 32, 6, 14, 18, 33, 13]"
L2_arctic_WAV/ABA_arctic_a0098,"[11, 43, 30, 16, 8, 29, 43, 35, 27, 28, 39]","[11, 43, 30, 16, 8, 29, 43, 35, 27, 28, 39]"
L2_arctic_WAV/ABA_arctic_a0099,"[4, 31, 43, 19, 4, 32, 8, 9, 20, 10, 8, 34, 16, 13, 32, 19, 8, 19, 8, 32, 26, 8, 42, 18, 35, 21, 8, 32]","[4, 31, 7, 19, 4, 32, 8, 9, 15, 10, 8, 18, 16, 13, 32, 19, 8, 19, 8, 32, 26, 8, 42, 34, 35, 21, 8, 32]"
L2_arctic_WAV/ABA_arctic_a0100,"[28, 39, 31, 14, 36, 38, 36, 30, 27, 34, 26, 27, 3, 20, 19]","[28, 39, 31, 14, 36, 4, 36, 30, 27, 34, 26, 27, 3, 15, 19]"
L2_arctic_WAV/ABA_arctic_a0101,"[28, 39, 28, 39, 41, 13, 19, 4, 32, 38, 29, 27, 34, 6, 4, 38, 35, 39, 12, 24, 35, 14, 31, 31, 27]","[28, 39, 28, 39, 41, 13, 19, 4, 32, 38, 4, 29, 27, 34, 6, 4, 19, 35, 39, 12, 24, 35, 33, 13, 31, 31, 27]"
L2_arctic_WAV/ABA_arctic_a0102,"[26, 27, 41, 8, 30, 24, 5, 30, 33, 13, 14, 36, 36, 39, 32]","[26, 27, 41, 8, 23, 24, 33, 13, 30, 33, 13, 14, 36, 36, 39, 32]"
L2_arctic_WAV/ABA_arctic_a0103,"[18, 14, 38, 6, 7, 35, 29, 21, 8, 31, 32, 33, 13, 34, 35, 5, 31, 4, 36, 24, 35, 14, 31, 6, 14, 18, 33, 13, 14, 40, 6, 4, 29, 4, 32, 39]","[18, 14, 38, 6, 8, 7, 35, 29, 21, 8, 31, 32, 33, 13, 34, 35, 33, 13, 31, 4, 36, 24, 35, 14, 31, 6, 14, 34, 33, 13, 14, 40, 6, 4, 29, 4, 32, 39]"
L2_arctic_WAV/ABA_arctic_a0104,"[11, 27, 41, 10, 42, 36, 30, 27, 34, 8, 9, 14, 32, 19, 3, 26, 8, 42, 34, 3, 38, 7, 29, 11, 4, 32, 43, 42, 36, 41, 27, 38, 30, 27, 43, 42, 4, 37, 16, 8, 30, 19]","[11, 27, 41, 10, 42, 36, 30, 27, 18, 8, 9, 29, 14, 32, 19, 3, 26, 8, 42, 34, 3, 38, 7, 29, 11, 4, 32, 43, 42, 36, 41, 27, 38, 30, 27, 43, 42, 4, 37, 16, 8, 30, 19]"
L2_arctic_WAV/ABA_arctic_a0105,"[33, 13, 32, 30, 27, 8, 38, 8, 42, 36, 33, 13, 41, 14, 32, 19, 3, 24, 4, 30, 36, 33, 13, 10, 30, 31, 33, 13, 36, 38, 8, 31, 34, 5, 36, 4, 18, 4, 30, 38, 39, 18, 8, 30, 27, 40]","[33, 13, 32, 27, 8, 38, 8, 42, 36, 33, 13, 41, 14, 32, 19, 3, 24, 4, 30, 36, 33, 13, 10, 30, 31, 33, 13, 36, 38, 8, 31, 34, 33, 13, 36, 4, 18, 4, 30, 38, 39, 34, 8, 30, 27, 24]"
L2_arctic_WAV/ABA_arctic_a0106,"[6, 4, 8, 31, 33, 13, 11, 4, 32, 41, 8, 37, 11, 27, 26, 43, 19, 36, 4, 34, 35, 7, 36, 38, 18, 3, 36, 38, 24, 10, 35, 12, 32, 16, 13, 8, 32, 4, 37, 33, 13, 29, 8, 9, 36, 5, 18]","[6, 4, 8, 31, 33, 13, 11, 4, 32, 41, 8, 37, 11, 27, 26, 43, 19, 36, 4, 34, 35, 7, 36, 38, 34, 3, 36, 38, 24, 10, 35, 12, 32, 16, 13, 8, 32, 4, 37, 33, 13, 29, 8, 9, 36, 33, 13, 18]"
L2_arctic_WAV/ABA_arctic_a0107,"[8, 24, 28, 39, 33, 13, 32, 30, 27, 29, 13, 19, 32, 33, 13, 26, 16, 13, 16, 8, 12, 43, 9, 29, 28, 39]","[8, 24, 28, 39, 33, 13, 32, 27, 29, 13, 19, 32, 33, 13, 26, 16, 13, 16, 8, 12, 43, 9, 29, 28, 39]"
L2_arctic_WAV/ABA_arctic_a0108,"[26, 27, 41, 21, 8, 19, 8, 19, 8, 32, 38, 39, 6, 4, 7, 20, 14, 40, 6, 4, 41, 10, 38, 3, 4, 32, 19, 18, 8, 25, 43, 32, 36, 29, 35, 14, 18, 8, 9, 26, 8, 31, 36, 7, 30, 24]","[26, 27, 41, 21, 8, 19, 8, 19, 8, 32, 38, 39, 6, 4, 7, 20, 14, 40, 6, 4, 41, 33, 13, 38, 3, 4, 32, 19, 18, 8, 25, 43, 32, 36, 29, 35, 14, 18, 8, 9, 29, 26, 8, 31, 36, 7, 30, 24]"
L2_arctic_WAV/ABA_arctic_a0109,"[19, 39, 28, 39, 32, 33, 13, 6, 43, 38, 28, 39, 5, 35, 11, 21, 8, 29, 8, 9, 31, 16, 8, 29, 5, 32, 24, 4, 19, 4, 32, 36, 8, 32, 28, 39]","[19, 39, 28, 39, 32, 33, 13, 6, 43, 38, 28, 39, 5, 35, 11, 21, 8, 29, 8, 9, 29, 31, 16, 8, 29, 33, 13, 32, 24, 4, 19, 4, 32, 36, 8, 32, 28, 39]"
L2_arctic_WAV/ABA_arctic_a0111,"[8, 32, 36, 38, 7, 19, 26, 27, 20, 10, 8, 32, 19, 26, 3, 4, 32, 19, 6, 21, 8, 21, 8, 38, 30, 16, 8, 29, 38, 39, 26, 14, 9, 25, 35, 27, 37, 8, 30, 19, 35, 4, 32]","[8, 36, 38, 7, 19, 26, 27, 15, 10, 8, 32, 19, 26, 23, 4, 32, 19, 6, 21, 8, 21, 8, 38, 30, 16, 8, 29, 38, 39, 26, 14, 32, 25, 35, 27, 37, 7, 30, 19, 35, 4, 32]"
L2_arctic_WAV/ABA_arctic_a0112,"[26, 27, 41, 5, 42, 41, 39, 32, 19, 4, 19, 8, 32, 6, 14, 5, 35, 31]","[26, 27, 41, 5, 42, 41, 10, 32, 19, 4, 19, 8, 32, 6, 14, 10, 35, 31]"
L2_arctic_WAV/ABA_arctic_a0113,"[16, 8, 36, 4, 34, 33, 13, 42, 28, 39, 34, 8, 29, 38, 6, 43, 38, 30, 8, 9, 25, 33, 13, 14, 34, 4, 31, 14, 9, 6, 4, 8, 32, 19, 27, 4, 32, 42]","[16, 8, 36, 4, 18, 33, 13, 42, 28, 39, 18, 8, 29, 38, 6, 43, 38, 30, 8, 9, 25, 33, 13, 14, 34, 4, 31, 14, 9, 29, 6, 4, 8, 32, 19, 27, 4, 32, 42]"
L2_arctic_WAV/ABA_arctic_a0115,"[26, 27, 26, 43, 19, 32, 33, 13, 8, 29, 36, 29, 28, 39, 42, 24, 10, 35, 6, 4, 24, 27, 30, 8, 9, 42, 41, 8, 37, 41, 3, 3, 16, 13, 42, 19, 8, 32, 26, 8, 31]","[26, 27, 26, 43, 19, 32, 33, 13, 8, 29, 36, 8, 29, 28, 39, 42, 24, 10, 35, 6, 4, 24, 27, 30, 8, 9, 42, 41, 8, 37, 41, 23, 3, 33, 13, 42, 19, 8, 32, 26, 8, 31]"
L2_arctic_WAV/ABA_arctic_a0116,"[41, 5, 42, 8, 38, 6, 14, 35, 5, 32, 19, 8, 40, 39, 14, 40, 6, 33, 13, 42, 26, 39, 41, 3, 36, 38, 35, 16, 8, 40, 8, 9, 38, 4, 41, 3, 29, 26, 8, 42, 35, 39, 4, 32]","[41, 5, 42, 7, 38, 6, 14, 35, 7, 32, 19, 8, 40, 39, 14, 40, 6, 33, 13, 42, 26, 39, 41, 23, 36, 38, 35, 16, 8, 40, 8, 9, 29, 38, 4, 41, 3, 29, 26, 7, 42, 35, 39, 4, 32]"
L2_arctic_WAV/ABA_arctic_a0117,"[11, 27, 43, 19, 8, 19, 41, 8, 6, 20, 7, 32, 28, 4, 41, 4, 32, 36, 8, 31, 34, 4, 12, 27, 8, 32, 26, 3, 24, 21, 8, 36, 43, 32, 19, 40, 10, 8, 36]","[11, 27, 43, 19, 8, 19, 41, 8, 6, 20, 7, 32, 28, 4, 32, 36, 8, 31, 34, 12, 27, 8, 32, 26, 23, 24, 21, 8, 36, 43, 32, 19, 4, 40, 10, 8, 36]"
L2_arctic_WAV/ABA_arctic_a0120,"[31, 16, 8, 35, 16, 8, 38, 24, 13, 38, 24, 27, 30, 42, 30, 16, 8, 29, 6, 43, 38, 14, 40, 4, 37, 16, 8, 32, 27, 42, 19, 7, 18, 28, 4, 38, 5, 32, 38]","[31, 16, 8, 35, 16, 8, 38, 24, 33, 13, 38, 24, 27, 23, 42, 30, 16, 8, 29, 6, 43, 38, 14, 40, 4, 37, 16, 8, 32, 27, 42, 19, 7, 18, 28, 4, 38, 5, 32, 38]"
L2_arctic_WAV/ABA_arctic_a0121,"[6, 21, 8, 21, 8, 38, 19, 8, 32, 3, 43, 38, 6, 4, 24, 8, 24, 12, 4, 32, 19, 35, 7, 36, 38, 8, 19, 24, 10, 35, 38, 39, 16, 13, 35, 42]","[6, 21, 8, 21, 8, 38, 19, 8, 32, 3, 43, 38, 6, 7, 24, 8, 24, 12, 4, 32, 19, 35, 7, 36, 38, 8, 19, 24, 10, 35, 38, 39, 16, 13, 35, 36]"
L2_arctic_WAV/ABA_arctic_a0122,"[38, 39, 28, 27, 3, 42, 4, 25, 33, 13, 16, 8, 25, 21, 8, 40, 14, 34, 36, 8, 40, 4, 30, 8, 42, 21, 8, 11, 4, 32, 24, 10, 35, 6, 8, 36]","[38, 39, 28, 27, 35, 42, 4, 25, 33, 13, 16, 8, 25, 21, 8, 40, 14, 34, 36, 8, 40, 4, 30, 8, 42, 21, 8, 11, 4, 32, 24, 10, 35, 6, 8, 12]"
L2_arctic_WAV/ABA_arctic_a0123,"[11, 27, 26, 43, 19, 19, 16, 8, 19, 24, 35, 14, 31, 29, 33, 13, 30, 19, 43, 32, 19, 36, 38, 5, 35, 40, 21, 8, 11, 4, 32]","[11, 27, 26, 43, 19, 19, 16, 8, 19, 24, 35, 14, 31, 29, 33, 13, 30, 19, 43, 32, 19, 36, 38, 5, 35, 40, 21, 8, 11, 4, 32]"
L2_arctic_WAV/ABA_arctic_a0125,"[26, 27, 41, 5, 42, 19, 8, 38, 3, 31, 4, 32, 19, 32, 16, 13, 38, 39, 31, 21, 8, 32, 38, 21, 8, 32, 4, 31, 10, 35, 36, 3, 38, 4, 32, 26, 33, 13, 30, 19, 4, 34, 5, 32, 26, 8, 31, 36, 7, 30, 24]","[26, 27, 41, 5, 42, 19, 8, 38, 3, 31, 4, 32, 19, 4, 32, 16, 13, 38, 39, 31, 21, 8, 32, 38, 21, 8, 32, 4, 31, 10, 35, 36, 23, 38, 4, 32, 33, 13, 30, 19, 4, 34, 5, 32, 26, 7, 31, 36, 7, 30, 24]"
L2_arctic_WAV/ABA_arctic_a0126,"[27, 37, 19, 21, 8, 11, 27, 18, 27, 29, 21, 8, 31, 4, 31, 10, 35, 40, 16, 8, 38, 4, 30, 34, 5, 35, 38, 14, 40, 26, 8, 31]","[7, 37, 19, 21, 8, 11, 27, 18, 27, 29, 21, 8, 31, 4, 31, 10, 35, 40, 16, 8, 38, 4, 23, 34, 5, 35, 38, 14, 40, 26, 7, 31]"
L2_arctic_WAV/ABA_arctic_a0127,"[8, 38, 41, 5, 42, 4, 38, 7, 31, 38, 21, 8, 11, 4, 32, 18, 14, 38, 26, 27, 35, 27, 42, 8, 36, 38, 8, 19, 8, 38]","[8, 38, 41, 5, 42, 4, 38, 7, 31, 18, 4, 38, 21, 8, 11, 4, 32, 18, 14, 38, 26, 27, 35, 27, 36, 8, 36, 38, 8, 19, 7, 38]"
L2_arctic_WAV/ABA_arctic_a0128,"[6, 8, 36, 41, 14, 32, 26, 33, 13, 34, 41, 10, 42, 19, 8, 36, 38, 35, 10, 8, 19, 43, 42, 29, 41, 8, 29, 30, 27, 43, 42, 8, 38, 41, 10, 42, 18, 10, 35, 32]","[42, 8, 36, 41, 14, 32, 26, 33, 13, 34, 41, 10, 42, 19, 8, 36, 38, 35, 10, 8, 19, 43, 42, 29, 41, 8, 29, 30, 27, 43, 42, 8, 38, 41, 10, 42, 34, 10, 35]"
L2_arctic_WAV/ABA_arctic_a0129,"[26, 3, 24, 21, 8, 36, 41, 10, 42, 4, 25, 21, 8, 32, 36, 38, 26, 8, 42, 18, 35, 7, 36, 38]","[26, 23, 24, 21, 8, 36, 41, 10, 42, 4, 25, 21, 8, 32, 4, 36, 38, 26, 8, 42, 34, 35, 7, 36, 38]"
L2_arctic_WAV/ABA_arctic_a0130,"[11, 27, 41, 10, 42, 26, 8, 42, 32, 16, 13, 24, 3, 7, 40, 3]","[11, 27, 41, 10, 42, 26, 8, 42, 32, 16, 13, 24, 3, 7, 40, 4]"
L2_arctic_WAV/ABA_arctic_a0131,"[34, 35, 5, 40, 4, 19, 4, 32, 36, 26, 43, 19, 19, 8, 30, 8, 40, 3, 19, 26, 8, 31, 12, 35, 39, 6, 14, 31, 21, 8, 30, 36, 38, 35, 4, 31]","[18, 35, 33, 13, 40, 4, 19, 4, 32, 36, 26, 43, 19, 19, 8, 30, 7, 40, 3, 19, 26, 8, 31, 12, 35, 39, 6, 14, 31, 21, 8, 23, 4, 36, 38, 10, 35, 31]"
L2_arctic_WAV/ABA_arctic_a0134,"[26, 27, 33, 13, 18, 21, 8, 19, 6, 14, 34, 35, 7, 11, 3, 14, 40, 26, 3, 26, 43, 32, 19]","[26, 27, 33, 13, 34, 21, 8, 19, 6, 14, 34, 35, 7, 11, 3, 14, 40, 26, 23, 26, 43, 32, 38]"
L2_arctic_WAV/ABA_arctic_a0136,"[4, 18, 16, 13, 38, 26, 8, 31, 7, 40, 35, 27, 41, 7, 35, 41, 3, 6, 4, 7, 40, 4, 19, 4, 32, 36, 4, 42, 14, 40, 30, 14, 25, 15, 3, 27, 4, 32, 19, 14, 40, 21, 8, 20]","[4, 18, 16, 13, 38, 26, 7, 31, 7, 40, 35, 27, 41, 7, 35, 41, 23, 6, 4, 7, 40, 4, 19, 4, 32, 36, 14, 40, 30, 14, 25, 11, 3, 27, 4, 32, 19, 14, 40, 7, 37]"
L2_arctic_WAV/ABA_arctic_a0137,"[6, 7, 32, 26, 27, 36, 38, 7, 34, 38, 18, 43, 29, 41, 8, 6, 4, 30, 33, 13, 29, 35, 16, 8, 14, 40, 34, 30, 7, 15, 3]","[42, 7, 32, 26, 27, 36, 38, 7, 34, 19, 4, 18, 43, 29, 41, 8, 6, 4, 30, 33, 13, 29, 35, 16, 8, 14, 40, 34, 30, 7, 15, 4]"
L2_arctic_WAV/ABA_arctic_a0139,"[26, 27, 38, 33, 13, 30, 19, 26, 8, 31, 36, 7, 30, 24, 6, 43, 38, 43, 42, 26, 27, 41, 5, 11, 38, 26, 8, 31, 36, 7, 30, 24, 4, 32, 19, 25, 35, 39, 31, 19, 26, 8, 42, 19, 8, 11, 7, 40, 4, 30, 19, 29, 30, 33, 13, 6, 42]","[26, 27, 38, 33, 13, 30, 19, 26, 8, 31, 36, 7, 30, 24, 4, 6, 43, 38, 43, 42, 26, 27, 41, 33, 13, 15, 19, 26, 8, 31, 36, 7, 30, 24, 4, 32, 19, 25, 35, 39, 31, 19, 26, 8, 42, 19, 8, 11, 7, 40, 4, 23, 19, 29, 30, 33, 13, 6, 4, 36]"
L2_arctic_WAV/ABA_arctic_a0159,"[6, 21, 8, 30, 13, 29, 43, 42, 6, 33, 13, 26, 27, 26, 43, 19, 18, 8, 32, 19, 35, 14, 31, 8, 9, 4, 34, 27, 43, 32, 33, 13, 10, 30, 26, 8, 42, 30, 16, 8, 24]","[42, 21, 8, 30, 13, 29, 43, 42, 36, 33, 13, 26, 27, 26, 43, 19, 18, 8, 32, 19, 35, 14, 31, 8, 9, 29, 4, 34, 27, 43, 32, 33, 13, 10, 30, 26, 8, 42, 30, 16, 8, 24]"
L2_arctic_WAV/ABA_arctic_a0214,"[18, 8, 36, 16, 8, 19, 42, 26, 27, 41, 10, 42, 34, 21, 8, 19, 41, 14, 32, 29, 21, 8, 36, 14, 40, 38, 4, 18, 43, 29, 33, 13, 34, 3, 26, 7, 19]","[18, 8, 36, 16, 8, 19, 42, 26, 27, 41, 10, 42, 18, 21, 8, 19, 41, 14, 32, 29, 21, 8, 36, 33, 13, 24, 38, 4, 18, 43, 29, 33, 13, 18, 23, 26, 7, 38]"
L2_arctic_WAV/ABA_arctic_a0257,"[6, 21, 8, 5, 35, 29, 14, 31, 8, 9, 4, 11, 10, 35, 26, 39, 7, 40, 3, 6, 21, 8, 5, 35]","[6, 21, 8, 5, 23, 29, 14, 31, 8, 9, 25, 4, 11, 10, 35, 26, 39, 7, 40, 4, 6, 21, 8, 5, 35]"
L2_arctic_WAV/ABA_arctic_a0300,"[24, 35, 14, 31, 31, 16, 8, 3, 30, 27, 4, 36, 38, 35, 7, 29, 4, 30, 7, 29, 11, 4, 32, 31, 16, 8, 36, 30, 27, 34, 41, 10, 42, 4, 34, 8, 35, 27, 4, 19, 4, 40, 38, 7, 35, 3]","[24, 23, 14, 31, 31, 16, 8, 3, 30, 4, 36, 38, 35, 27, 29, 4, 30, 7, 29, 11, 4, 32, 31, 16, 8, 36, 30, 27, 34, 41, 10, 42, 4, 34, 3, 35, 27, 4, 19, 4, 40, 38, 7, 35, 3]"
L2_arctic_WAV/ABA_arctic_a0379,"[26, 16, 13, 33, 13, 30, 19, 5, 35, 28, 39, 19, 43, 19, 27]","[26, 16, 13, 33, 13, 30, 19, 5, 35, 28, 39, 19, 43, 19, 27]"
L2_arctic_WAV/ABA_arctic_a0426,"[6, 21, 8, 19, 33, 13, 32, 32, 33, 13, 6, 4, 30, 7, 9, 12, 14, 40, 38, 16, 8, 31, 14, 40, 8, 9, 29, 28, 39, 18, 21, 8, 11, 4, 32]","[6, 21, 8, 19, 33, 13, 32, 32, 33, 13, 6, 4, 30, 7, 32, 36, 14, 40, 19, 16, 8, 31, 14, 40, 8, 9, 29, 39, 18, 21, 8, 11, 4, 32]"
L2_arctic_WAV/ABA_arctic_a0441,"[40, 16, 8, 30, 4, 32, 38, 30, 16, 8, 24, 4, 32, 19, 43, 12, 30, 7, 38, 8, 29, 36, 34, 10, 35, 38, 36, 26, 43, 19, 32, 7, 40, 3, 4, 34, 27, 30, 19, 38, 39, 31, 27]","[40, 16, 8, 30, 4, 32, 38, 30, 16, 8, 24, 4, 32, 19, 43, 12, 4, 30, 7, 38, 8, 29, 36, 34, 10, 35, 38, 36, 26, 43, 19, 32, 7, 40, 3, 4, 18, 27, 23, 19, 38, 39, 31, 27]"
L2_arctic_WAV/ABA_arctic_a0461,"[5, 41, 27, 41, 3, 40, 7, 35, 27, 29, 30, 33, 13, 36, 38, 4, 25, 7, 6, 3, 8, 32, 6, 43, 38, 31, 33, 13, 31, 4, 32, 38]","[5, 41, 27, 41, 23, 40, 7, 35, 27, 29, 30, 33, 13, 36, 38, 4, 25, 7, 6, 3, 8, 32, 6, 43, 38, 31, 33, 13, 31, 4, 32, 38]"
L2_arctic_WAV/ABA_arctic_a0500,"[26, 39, 6, 4, 19, 7, 40, 4, 30, 25, 21, 8, 40, 8, 38, 38, 39, 28, 39, 38, 39, 18, 27, 20, 14, 20, 4, 32, 19, 20, 13, 35, 27]","[26, 39, 42, 4, 19, 7, 40, 4, 23, 25, 21, 8, 40, 8, 38, 38, 39, 28, 39, 38, 39, 18, 27, 15, 14, 20, 4, 32, 19, 15, 13, 35, 27]"
L2_arctic_WAV/ABA_arctic_a0501,"[28, 13, 35, 20, 33, 13, 29, 8, 9, 31, 27, 36, 3, 6, 14, 14, 6, 3, 31, 43, 32, 8, 20, 19, 38, 39, 5, 35, 38, 8, 29, 28, 4, 30, 21, 8, 38]","[28, 13, 35, 15, 33, 13, 29, 8, 9, 25, 4, 31, 27, 36, 23, 6, 14, 14, 42, 23, 31, 43, 32, 8, 15, 19, 38, 39, 5, 35, 38, 8, 29, 28, 4, 30, 7, 38]"
L2_arctic_WAV/ABA_arctic_a0529,"[43, 42, 16, 8, 36, 21, 8, 26, 27, 26, 43, 19, 38, 43, 34, 38, 6, 4, 31, 7, 36, 8, 20, 40, 7, 35, 27, 35, 43, 34, 4, 19, 30, 27]","[43, 42, 16, 8, 36, 21, 8, 26, 27, 26, 43, 19, 38, 43, 34, 38, 42, 4, 31, 7, 36, 8, 20, 40, 7, 35, 27, 35, 43, 18, 4, 19, 30, 27]"
L2_arctic_WAV/ABA_arctic_a0548,"[10, 30, 36, 33, 13, 37, 3, 37, 4, 42, 4, 32, 19, 34, 35, 27, 37, 3, 42, 16, 8, 26, 43, 19, 32, 7, 40, 3, 32, 33, 13, 32]","[10, 30, 36, 33, 13, 37, 23, 37, 4, 36, 4, 32, 19, 34, 35, 7, 37, 3, 42, 16, 8, 26, 43, 19, 32, 7, 40, 3, 32, 33, 13, 32]"
L2_arctic_WAV/ABA_arctic_b0016,"[26, 27, 37, 14, 29, 4, 30, 19, 43, 42, 26, 27, 34, 13, 30, 19, 16, 13, 38, 26, 8, 42, 34, 16, 8, 34, 4, 32, 19, 18, 8, 25, 43, 32, 24, 8, 30, 8, 9, 8, 38]","[26, 27, 37, 14, 29, 4, 30, 19, 43, 42, 26, 27, 34, 13, 30, 19, 16, 13, 38, 26, 8, 42, 24, 16, 8, 34, 4, 32, 19, 18, 8, 25, 43, 32, 24, 8, 30, 8, 9, 25, 8, 38]"
L2_arctic_WAV/ABA_arctic_b0068,"[33, 13, 32, 30, 27, 6, 14, 37, 43, 32, 36, 36, 16, 13, 32, 19, 26, 43, 19, 30, 7, 19, 26, 8, 31, 38, 39, 4, 18, 42, 3, 40, 6, 7, 31]","[33, 13, 32, 30, 27, 6, 14, 37, 43, 32, 36, 36, 16, 13, 32, 19, 26, 43, 19, 30, 7, 19, 26, 8, 31, 38, 39, 4, 18, 42, 3, 40, 6, 7, 31]"
L2_arctic_WAV/ABA_arctic_b0083,"[8, 32, 8, 38, 6, 7, 35, 41, 5, 42, 36, 14, 31, 12, 8, 9, 6, 43, 38, 41, 10, 42, 10, 30, 31, 33, 13, 36, 38, 38, 35, 43, 20, 4, 19, 27]","[7, 32, 7, 38, 42, 7, 35, 41, 5, 42, 36, 14, 31, 12, 8, 9, 42, 43, 38, 41, 10, 42, 10, 30, 31, 33, 13, 36, 38, 38, 35, 43, 20, 4, 19, 27]"
L2_arctic_WAV/ABA_arctic_b0103,"[26, 27, 30, 8, 24, 38, 8, 19, 26, 8, 42, 16, 8, 42, 4, 32, 19, 4, 36, 38, 35, 21, 8, 32, 20, 29, 35, 16, 8, 18, 3, 36, 38, 24, 35, 14, 31, 26, 8, 42, 30, 8, 34, 36]","[26, 27, 30, 8, 24, 38, 8, 19, 26, 8, 42, 16, 8, 42, 4, 32, 19, 4, 36, 38, 35, 21, 8, 32, 20, 29, 35, 16, 8, 34, 35, 7, 36, 38, 24, 35, 14, 31, 26, 8, 42, 30, 8, 34, 36]"
L2_arctic_WAV/ABA_arctic_b0106,"[24, 10, 35, 4, 24, 13, 30, 31, 8, 32, 4, 38, 6, 14, 38, 39, 31, 7, 32, 36, 38, 7, 35, 19, 8, 32, 38, 39, 27, 37, 14, 6, 3, 42, 24, 21, 8, 36]","[24, 10, 35, 4, 24, 13, 30, 31, 8, 32, 4, 38, 6, 14, 38, 39, 31, 7, 32, 36, 38, 7, 35, 19, 8, 32, 38, 39, 27, 37, 14, 6, 3, 42, 24, 21, 8, 36]"
L2_arctic_WAV/ABA_arctic_b0126,"[18, 30, 14, 19, 41, 10, 42, 39, 42, 8, 9, 36, 30, 33, 13, 30, 27, 24, 35, 14, 31, 6, 14, 41, 39, 32, 19, 8, 19, 31, 43, 32, 42, 35, 16, 8, 38, 18, 35, 7, 36, 38]","[18, 30, 14, 19, 41, 10, 42, 39, 6, 8, 9, 36, 30, 33, 13, 30, 27, 24, 35, 14, 31, 6, 14, 41, 33, 13, 32, 19, 8, 19, 31, 43, 32, 42, 35, 16, 8, 38, 18, 35, 7, 36, 38]"
L2_arctic_WAV/ABA_arctic_b0146,"[43, 24, 38, 3, 10, 30, 8, 38, 41, 5, 42, 36, 8, 31, 34, 30, 27, 4, 31, 8, 36, 38, 21, 8, 29, 8, 32, 20, 14, 20, 31, 4, 32, 38]","[43, 24, 38, 3, 10, 30, 8, 38, 41, 5, 42, 36, 8, 31, 34, 4, 30, 27, 4, 31, 8, 36, 38, 21, 8, 29, 8, 32, 15, 10, 15, 31, 4, 32, 38]"
L2_arctic_WAV/ABA_arctic_b0150,"[4, 32, 19, 26, 27, 41, 5, 42, 24, 8, 30, 19, 41, 8, 6, 4, 36, 38, 35, 21, 8, 32, 20, 4, 32, 19, 24, 10, 35, 18, 33, 13, 19, 8, 9, 24, 8, 35]","[4, 32, 19, 26, 27, 41, 5, 42, 24, 21, 8, 30, 19, 41, 8, 6, 4, 36, 38, 35, 21, 8, 32, 20, 4, 32, 19, 24, 10, 35, 33, 13, 18, 8, 9, 29, 24, 8, 35]"
L2_arctic_WAV/ABA_arctic_b0158,"[11, 27, 33, 13, 18, 21, 8, 19, 11, 35, 8, 9, 29, 8, 9, 18, 43, 29, 41, 8, 6, 6, 4, 18, 21, 8, 18, 27, 8, 32, 26, 3, 5, 35, 31, 42]","[11, 27, 33, 13, 34, 21, 8, 19, 11, 35, 7, 9, 29, 8, 9, 29, 18, 43, 29, 41, 8, 6, 6, 4, 18, 21, 8, 18, 27, 8, 32, 26, 23, 5, 35, 31, 36]"
L2_arctic_WAV/ABA_arctic_b0307,"[41, 27, 25, 5, 38, 24, 28, 39, 40, 7, 20, 38, 4, 18, 4, 30, 42, 4, 32, 19, 24, 35, 39, 38, 36, 4, 32, 19, 18, 27, 29, 21, 8, 31, 24, 8, 11, 27, 38, 3, 42]","[41, 27, 25, 5, 38, 24, 28, 39, 40, 7, 20, 38, 4, 18, 4, 30, 42, 4, 32, 19, 24, 35, 39, 38, 36, 4, 32, 19, 18, 27, 29, 21, 8, 31, 24, 8, 11, 27, 38, 3, 36]"
L2_arctic_WAV/ABA_arctic_b0310,"[4, 30, 8, 38, 4, 30, 38, 35, 27, 38, 31, 4, 32, 38, 31, 4, 36, 5, 15, 41, 8, 12, 36, 14, 31, 26, 7, 30, 34, 24, 35, 14, 31, 6, 4, 19, 10, 29, 38, 3]","[4, 30, 8, 38, 4, 23, 38, 35, 27, 38, 31, 4, 32, 38, 31, 4, 36, 43, 15, 41, 8, 12, 36, 14, 31, 26, 7, 30, 34, 24, 35, 14, 31, 42, 4, 19, 10, 29, 38, 23]"
L2_arctic_WAV/ABA_arctic_b0324,"[32, 5, 38, 38, 8, 30, 6, 14, 38, 41, 7, 32, 38, 27, 4, 12, 14, 40, 31, 21, 8, 19, 8, 19, 6, 14, 35, 8, 40, 3, 18, 35, 21, 8, 29]","[32, 5, 38, 7, 30, 6, 14, 38, 41, 7, 32, 38, 27, 4, 36, 14, 40, 31, 21, 8, 19, 7, 19, 42, 14, 35, 8, 24, 3, 34, 35, 21, 8, 29]"
L2_arctic_WAV/ABA_arctic_b0340,"[6, 27, 42, 29, 41, 8, 29, 30, 8, 38, 4, 30, 20, 10, 8, 42, 14, 40, 26, 3, 42, 41, 3, 36, 10, 35, 36, 4, 42, 14, 40, 20, 10, 8, 38, 39, 26, 8, 31]","[6, 8, 36, 29, 41, 8, 29, 30, 8, 38, 4, 23, 20, 10, 8, 36, 14, 40, 26, 23, 42, 41, 3, 36, 10, 35, 36, 4, 42, 14, 40, 15, 10, 8, 38, 39, 26, 7, 31]"
L2_arctic_WAV/ABA_arctic_b0348,"[41, 13, 19, 28, 39, 18, 27, 36, 43, 38, 4, 36, 24, 16, 8, 19, 41, 8, 6, 6, 43, 38, 41, 14, 32, 26, 14, 32, 19, 35, 4, 19, 12, 34, 5, 35, 38, 14, 40, 31, 27]","[41, 13, 19, 28, 39, 18, 27, 36, 43, 38, 4, 36, 24, 16, 8, 19, 41, 8, 6, 6, 43, 38, 41, 43, 32, 26, 14, 32, 19, 35, 4, 19, 12, 34, 5, 35, 38, 14, 40, 31, 27]"
L2_arctic_WAV/ABA_arctic_b0367,"[7, 32, 27, 43, 40, 3, 8, 20, 28, 14, 9, 24, 7, 30, 33, 13, 29, 43, 32, 38, 27, 37, 26, 8, 31, 36, 7, 30, 24, 8, 32, 4, 41, 27, 29]","[7, 32, 27, 43, 40, 3, 8, 37, 28, 14, 9, 29, 24, 7, 30, 33, 13, 29, 43, 32, 38, 27, 37, 26, 8, 31, 36, 7, 30, 24, 8, 32, 4, 41, 27, 29]"
L2_arctic_WAV/ABA_arctic_b0413,"[26, 27, 31, 21, 8, 19, 8, 42, 16, 8, 3, 38, 39, 8, 36, 29, 21, 8, 34, 34, 21, 8, 32, 10, 35, 38, 39, 8, 32, 20, 10, 8, 34, 30, 7, 15, 3]","[26, 27, 31, 21, 8, 19, 8, 42, 16, 8, 3, 38, 39, 8, 36, 29, 21, 8, 18, 21, 8, 32, 10, 35, 38, 39, 8, 32, 15, 10, 8, 34, 30, 7, 15, 3]"
L2_arctic_WAV/ABA_arctic_b0424,"[8, 38, 8, 42, 4, 40, 7, 35, 27, 38, 7, 32, 4, 18, 4, 30, 26, 16, 8, 34, 5, 12, 4, 36, 4, 36, 4, 32, 19, 41, 8, 30, 18, 7, 35, 30, 13, 29, 8, 9, 8, 32, 38, 39]","[8, 38, 8, 42, 4, 40, 7, 35, 27, 38, 7, 32, 4, 18, 4, 30, 26, 16, 8, 34, 33, 13, 12, 4, 36, 4, 36, 4, 32, 19, 41, 8, 30, 18, 27, 35, 30, 13, 29, 8, 9, 29, 8, 32, 38, 39]"
L2_arctic_WAV/ABA_arctic_b0425,"[6, 7, 35, 41, 3, 10, 35, 4, 32, 20, 25, 35, 27, 32, 25, 33, 13, 30, 19, 25, 35, 27, 32, 4, 32, 19, 4, 29, 5, 34, 3, 25, 35, 27, 32]","[6, 7, 23, 41, 23, 10, 35, 4, 32, 20, 25, 35, 27, 32, 25, 33, 13, 30, 19, 35, 27, 32, 4, 32, 19, 4, 29, 39, 34, 3, 29, 35, 27, 32]"
L2_arctic_WAV/ABA_arctic_b0428,"[6, 4, 26, 8, 36, 38, 3, 27, 14, 40, 16, 13, 35, 41, 7, 36, 38, 41, 3, 19, 24, 7, 35, 27, 9, 35, 21, 8, 36, 8, 42, 35, 8, 38, 4, 32, 8, 32, 8, 38]","[6, 4, 26, 7, 36, 38, 35, 27, 14, 40, 16, 13, 35, 41, 7, 36, 38, 41, 3, 19, 24, 7, 23, 27, 9, 25, 35, 21, 8, 36, 8, 42, 35, 8, 38, 4, 32, 7, 32, 7, 38]"
L2_arctic_WAV/ABA_arctic_b0432,"[26, 27, 8, 42, 21, 8, 29, 43, 32, 4, 19, 8, 38, 35, 16, 8, 42, 8, 9, 24, 35, 14, 31, 6, 4, 36, 3, 24, 29, 30, 43, 36, 38, 39, 16, 13, 35, 29, 30, 43, 36]","[26, 27, 8, 42, 21, 8, 29, 43, 32, 4, 19, 8, 38, 35, 16, 8, 36, 8, 9, 29, 24, 35, 14, 31, 6, 4, 36, 23, 24, 29, 30, 5, 36, 38, 39, 16, 13, 23, 29, 30, 5, 36]"
L2_arctic_WAV/ABA_arctic_b0433,"[41, 27, 5, 35, 29, 13, 29, 8, 9, 10, 32, 6, 14, 29, 33, 13, 30, 36, 38, 33, 13, 40, 4, 32, 19, 10, 32, 6, 14, 10, 8, 30, 18, 3, 32, 3, 42]","[41, 27, 5, 35, 29, 13, 29, 8, 9, 29, 10, 32, 6, 14, 29, 33, 13, 30, 36, 38, 33, 13, 40, 4, 32, 19, 10, 32, 6, 14, 10, 8, 30, 34, 23, 32, 3, 36]"
L2_arctic_WAV/ABA_arctic_b0434,"[6, 4, 36, 38, 39, 3, 19, 26, 43, 42, 20, 14, 36, 38, 38, 7, 32, 19, 3, 19, 31, 27, 4, 35, 8, 36, 34, 7, 29, 38, 24, 4, 30, 18, 8, 38, 14, 40, 4, 19, 40, 16, 8, 36]","[6, 4, 36, 38, 27, 3, 19, 26, 43, 42, 15, 14, 36, 38, 38, 7, 32, 19, 3, 19, 31, 27, 4, 23, 8, 36, 34, 7, 29, 38, 24, 4, 30, 18, 8, 38, 10, 40, 43, 19, 40, 16, 8, 36]"
L2_arctic_WAV/ABA_arctic_b0438,"[6, 21, 8, 35, 43, 32, 6, 4, 29, 4, 32, 39, 8, 32, 4, 32, 19, 29, 30, 16, 8, 31, 19, 6, 14, 26, 16, 8, 3, 12, 18, 43, 9, 29]","[6, 21, 8, 35, 14, 32, 42, 4, 29, 4, 32, 39, 8, 32, 4, 32, 19, 29, 30, 16, 8, 31, 19, 42, 14, 26, 16, 8, 23, 12, 18, 43, 9, 29]"
L2_arctic_WAV/ABA_arctic_b0444,"[26, 27, 19, 8, 19, 4, 32, 38, 32, 33, 13, 26, 41, 14, 38, 41, 7, 32, 38, 10, 32, 8, 32, 6, 14, 31, 16, 8, 32, 19, 42, 14, 40, 26, 8, 42, 36, 39, 34, 8, 35, 27, 3, 42]","[26, 27, 19, 8, 19, 4, 32, 38, 32, 33, 13, 26, 41, 14, 38, 41, 7, 32, 38, 10, 32, 8, 32, 42, 14, 31, 16, 8, 32, 19, 42, 14, 40, 26, 8, 42, 36, 39, 34, 8, 35, 27, 3, 42]"
L2_arctic_WAV/ABA_arctic_b0452,"[6, 21, 8, 36, 10, 27, 37, 14, 6, 3, 24, 10, 35, 6, 4, 24, 3, 36, 38, 38, 16, 8, 31, 8, 32, 18, 10, 36, 38, 4, 32]","[6, 21, 8, 36, 33, 13, 8, 37, 14, 6, 3, 24, 10, 35, 6, 4, 24, 3, 36, 38, 38, 16, 8, 31, 8, 32, 34, 10, 36, 38, 4, 32]"
L2_arctic_WAV/ABA_arctic_b0455,"[26, 8, 42, 35, 8, 41, 10, 35, 19, 11, 13, 19, 26, 43, 40, 18, 8, 32, 34, 27, 36, 4, 32, 19, 35, 27, 34, 33, 13, 42]","[26, 8, 42, 35, 13, 41, 10, 35, 19, 11, 13, 19, 26, 43, 40, 34, 8, 32, 18, 27, 36, 4, 32, 19, 19, 27, 34, 33, 13, 36]"
L2_arctic_WAV/ABA_arctic_b0461,"[18, 16, 8, 40, 3, 37, 39, 14, 40, 6, 43, 38, 34, 16, 13, 3, 41, 27, 11, 43, 30, 35, 8, 31, 21, 8, 32, 8, 32, 34, 16, 13, 3]","[18, 16, 8, 4, 40, 3, 11, 39, 14, 40, 6, 43, 38, 34, 16, 13, 3, 41, 27, 11, 43, 30, 23, 8, 31, 21, 8, 32, 8, 32, 34, 16, 13, 3]"
L2_arctic_WAV/ABA_arctic_b0469,"[40, 7, 35, 27, 24, 28, 39, 34, 27, 34, 4, 30, 32, 39, 14, 40, 6, 4, 7, 25, 42, 8, 36, 38, 4, 32, 36, 14, 40, 6, 8, 36, 30, 10]","[40, 7, 35, 27, 24, 28, 39, 34, 27, 18, 4, 23, 32, 28, 39, 14, 40, 6, 4, 7, 25, 42, 8, 36, 38, 4, 32, 36, 14, 40, 6, 8, 36, 30, 10]"
L2_arctic_WAV/ABA_arctic_b0490,"[26, 41, 14, 38, 4, 32, 8, 29, 36, 16, 8, 38, 8, 19, 26, 41, 8, 36, 34, 3, 8, 9, 4, 32, 19, 29, 4, 32, 24, 3, 8, 9, 38, 13, 29, 34, 30, 21, 8, 36]","[26, 41, 14, 38, 4, 32, 8, 29, 36, 16, 8, 38, 8, 19, 26, 41, 8, 36, 34, 3, 8, 9, 29, 4, 32, 19, 29, 4, 32, 24, 3, 8, 9, 25, 38, 13, 29, 34, 30, 21, 8, 36]"
L2_arctic_WAV/ABA_arctic_b0492,"[6, 14, 36, 26, 27, 38, 3, 32, 19, 6, 4, 38, 7, 32, 4, 38, 36, 4, 32, 19, 20, 5, 35, 25, 4, 32, 14, 40, 36, 16, 8, 29, 5, 30, 4, 20, 27, 18, 43, 29, 10, 32, 31, 27]","[42, 39, 36, 26, 27, 38, 3, 32, 4, 19, 6, 4, 38, 7, 32, 4, 38, 36, 4, 32, 19, 15, 5, 35, 25, 4, 32, 14, 40, 36, 16, 8, 29, 5, 30, 4, 15, 27, 34, 43, 29, 10, 32, 31, 27]"
L2_arctic_WAV/ABA_arctic_b0494,"[32, 7, 40, 3, 36, 33, 13, 36, 38, 35, 21, 8, 32, 20, 4, 34, 35, 5, 24, 4, 38, 29, 21, 8, 31, 14, 34, 38, 39, 20, 3, 39, 36, 4, 30, 4, 31]","[32, 7, 40, 3, 36, 33, 13, 36, 38, 35, 21, 8, 32, 20, 4, 34, 35, 33, 13, 24, 4, 38, 29, 21, 8, 31, 14, 34, 38, 39, 15, 39, 36, 30, 4, 31]"
L2_arctic_WAV/ABA_arctic_b0495,"[41, 27, 26, 39, 26, 43, 40, 8, 32, 19, 13, 35, 19, 36, 33, 13, 31, 14, 37, 11, 13, 35, 30, 27, 29, 43, 32, 8, 32, 19, 13, 35, 4, 30, 8, 38, 4, 30, 31, 10, 35]","[41, 27, 26, 39, 26, 43, 40, 8, 32, 19, 13, 35, 19, 36, 33, 13, 31, 14, 37, 11, 13, 35, 30, 27, 29, 43, 32, 8, 32, 19, 13, 35, 4, 30, 8, 38, 4, 30, 31, 10]"
L2_arctic_WAV/ABA_arctic_b0503,"[6, 14, 36, 7, 32, 38, 36, 14, 40, 36, 38, 35, 21, 8, 32, 20, 40, 7, 20, 4, 38, 21, 8, 11, 4, 32, 18, 30, 39, 10, 24, 6, 4, 38, 35, 5, 34, 8, 29, 30, 43, 32, 19]","[6, 14, 36, 7, 32, 38, 36, 14, 40, 36, 38, 35, 21, 8, 32, 20, 40, 8, 20, 4, 38, 21, 8, 11, 4, 32, 18, 30, 39, 10, 24, 42, 4, 38, 35, 5, 18, 8, 29, 30, 43, 32, 38]"
L2_arctic_WAV/ABA_arctic_b0504,"[6, 14, 30, 16, 8, 24, 6, 7, 35, 41, 5, 42, 26, 7, 30, 12, 24, 4, 30, 4, 32, 19, 43, 12, 30, 7, 38, 8, 29, 18, 14, 38, 38, 39, 20, 39, 40, 4, 32, 16, 8, 30]","[6, 14, 30, 16, 8, 24, 6, 7, 35, 41, 5, 42, 26, 7, 23, 12, 24, 4, 30, 4, 32, 19, 43, 12, 4, 30, 7, 38, 8, 29, 18, 14, 38, 38, 39, 15, 39, 40, 4, 32, 16, 8, 30]"
L2_arctic_WAV/ABA_arctic_b0506,"[8, 38, 41, 13, 19, 26, 7, 30, 34, 38, 39, 38, 16, 8, 19, 31, 27, 4, 30, 10, 9, 4, 32, 38, 8, 30, 16, 8, 25, 5, 38, 36, 38, 7, 19, 27, 8, 31, 34, 30, 10, 8, 31, 4, 32, 38]","[8, 38, 41, 13, 19, 26, 7, 30, 34, 38, 39, 38, 16, 8, 19, 31, 27, 4, 30, 10, 9, 29, 4, 32, 38, 8, 23, 16, 8, 25, 5, 38, 36, 38, 7, 19, 27, 8, 31, 34, 30, 10, 8, 31, 4, 32, 38]"
L2_arctic_WAV/ABA_arctic_b0518,"[18, 14, 38, 6, 7, 35, 41, 10, 42, 10, 30, 36, 33, 13, 38, 10, 29, 14, 40, 41, 8, 37, 29, 35, 43, 24, 38, 8, 32, 6, 4, 40, 8, 30, 8, 20]","[18, 14, 38, 6, 7, 35, 41, 10, 42, 10, 30, 36, 38, 10, 29, 14, 40, 41, 8, 37, 29, 35, 43, 24, 38, 8, 32, 6, 4, 40, 8, 30, 8, 20]"
L2_arctic_WAV/ABA_arctic_b0534,"[16, 8, 30, 38, 7, 30, 28, 39, 6, 14, 30, 16, 8, 18, 35, 7, 35, 27, 4, 32, 36, 7, 19, 41, 8, 12, 4, 18, 35, 16, 8, 38, 4, 32, 8, 9, 24, 21, 8, 36]","[16, 8, 30, 38, 8, 23, 28, 39, 42, 14, 30, 16, 8, 34, 35, 7, 35, 27, 4, 32, 36, 7, 19, 41, 8, 42, 4, 34, 35, 16, 8, 38, 4, 32, 8, 9, 29, 24, 21, 8, 36]"
L2_arctic_WAV/ABA_arctic_b0538,"[43, 38, 6, 14, 18, 7, 36, 38, 6, 21, 8, 41, 3, 32, 7, 36, 4, 36, 7, 35, 27, 43, 29, 36, 7, 36, 3, 27, 42]","[43, 38, 6, 14, 18, 7, 36, 38, 6, 21, 8, 41, 23, 32, 7, 36, 4, 36, 7, 35, 27, 43, 29, 36, 7, 36, 23, 27, 36]"
L2_arctic_WAV/SKA_arctic_a0003,"[24, 10, 35, 6, 4, 38, 41, 7, 32, 38, 27, 8, 12, 38, 16, 8, 31, 6, 4, 38, 27, 40, 32, 8, 9, 6, 4, 38, 39, 31, 7, 32, 11, 13, 29, 26, 43, 32, 19, 42]","[24, 10, 35, 6, 4, 38, 41, 7, 32, 38, 27, 32, 12, 38, 16, 8, 31, 6, 7, 38, 27, 40, 32, 8, 9, 6, 4, 38, 39, 31, 7, 32, 11, 13, 29, 26, 43, 32, 19, 42]"
L2_arctic_WAV/SKA_arctic_a0005,"[41, 8, 30, 41, 27, 7, 40, 3, 24, 10, 35, 25, 7, 38, 8, 38]","[41, 7, 30, 41, 27, 7, 40, 3, 24, 10, 35, 25, 7, 38, 8]"
L2_arctic_WAV/SKA_arctic_a0006,"[25, 5, 19, 18, 30, 7, 36, 4, 31, 16, 8, 26, 33, 13, 34, 16, 8, 41, 8, 30, 25, 33, 13, 5, 32, 36, 27, 8, 9, 6, 7, 31, 24, 3, 7, 40, 3]","[25, 5, 19, 18, 4, 30, 7, 36, 4, 31, 16, 8, 26, 10, 18, 16, 8, 41, 8, 30, 25, 10, 5, 32, 36, 27, 8, 9, 25, 6, 7, 31, 24, 3, 7, 40, 3]"
L2_arctic_WAV/SKA_arctic_a0007,"[43, 32, 19, 28, 39, 10, 30, 41, 27, 42, 41, 5, 32, 38, 38, 4, 36, 27, 8, 38, 8, 32, 6, 4, 36, 13, 34, 3, 30, 4, 38, 8, 40, 19, 8, 25, 35, 27]","[43, 32, 19, 28, 39, 10, 30, 41, 27, 42, 41, 5, 32, 38, 38, 4, 36, 27, 8, 38, 8, 32, 6, 4, 36, 13, 18, 3, 30, 21, 8, 38, 8, 40, 19, 8, 25, 35, 27]"
L2_arctic_WAV/SKA_arctic_a0008,"[25, 43, 19, 28, 13, 35, 30, 7, 38, 3, 29, 21, 8, 31, 20, 14, 36, 38, 8, 32, 38, 16, 8, 31]","[25, 43, 19, 28, 13, 30, 7, 38, 4, 35, 29, 7, 31, 15, 14, 36, 38, 8, 32, 38, 16, 8, 31]"
L2_arctic_WAV/SKA_arctic_a0010,"[16, 8, 31, 34, 30, 21, 8, 8, 9, 4, 36, 8, 9, 25, 4, 30, 26, 43, 32, 19, 8, 32, 41, 14, 38, 30, 13, 29, 36, 30, 16, 8, 29, 4, 30, 39, 42, 8, 9, 25, 21, 8, 31]","[16, 8, 31, 18, 30, 21, 8, 8, 9, 4, 36, 8, 9, 25, 4, 30, 26, 43, 32, 19, 8, 32, 41, 14, 38, 30, 13, 29, 36, 30, 16, 8, 29, 4, 30, 39, 42, 8, 9, 25, 25, 7, 31]"
L2_arctic_WAV/SKA_arctic_a0011,"[8, 24, 16, 8, 7, 40, 3, 32, 27, 19, 8, 19, 4, 24, 16, 8, 38, 3, 8, 32, 31, 16, 8, 30, 16, 8, 24, 16, 8, 32, 27, 19, 41, 14, 32, 32, 16, 13]","[8, 24, 16, 8, 8, 40, 3, 32, 27, 19, 8, 19, 4, 24, 16, 8, 38, 3, 8, 32, 31, 16, 8, 30, 16, 8, 24, 16, 8, 32, 27, 19, 41, 14, 32, 32, 16, 13]"
L2_arctic_WAV/SKA_arctic_a0013,"[26, 27, 41, 4, 42, 4, 26, 7, 19, 11, 10, 35, 38, 3, 6, 43, 32, 26, 8, 42, 29, 4, 31, 34, 43, 32, 28, 4, 32, 14, 40, 10, 30, 31, 33, 13, 36, 38, 19, 7, 30, 4, 29, 4, 38, 24, 4, 42, 27, 29]","[26, 27, 41, 4, 42, 4, 26, 7, 19, 37, 10, 35, 38, 3, 6, 43, 32, 26, 8, 42, 29, 4, 31, 18, 43, 32, 28, 4, 32, 14, 40, 5, 30, 31, 33, 13, 36, 38, 19, 7, 30, 4, 29, 4, 38, 24, 4, 42, 27, 29]"
L2_arctic_WAV/SKA_arctic_a0018,"[6, 7, 35, 41, 10, 42, 4, 37, 21, 8, 32, 20, 32, 16, 13]","[6, 7, 35, 41, 10, 42, 4, 37, 7, 32, 20, 4, 32, 16, 13]"
L2_arctic_WAV/SKA_arctic_a0019,"[16, 8, 24, 5, 30, 33, 13, 19, 6, 4, 30, 16, 8, 32, 14, 40, 6, 14, 34, 35, 4, 34, 33, 13, 42, 19, 35, 21, 8, 30, 35, 33, 13, 19, 30, 13, 29, 8, 9, 24, 10, 35, 37, 43, 32, 36, 8, 42]","[16, 8, 24, 5, 30, 10, 19, 6, 4, 30, 21, 8, 32, 14, 40, 6, 14, 18, 35, 4, 18, 10, 42, 14, 30, 35, 21, 8, 30, 10, 19, 30, 13, 29, 8, 9, 25, 24, 10, 35, 37, 43, 32, 36, 8, 36]"
L2_arctic_WAV/SKA_arctic_a0020,"[29, 30, 14, 18, 42, 43, 32, 19, 18, 10, 30, 42, 43, 32, 19, 36, 8, 38, 27, 42, 25, 35, 39, 38, 39, 18, 27, 33, 13, 32, 30, 27, 31, 7, 31, 3, 27, 42]","[29, 30, 14, 18, 42, 43, 32, 19, 18, 10, 30, 42, 43, 32, 19, 36, 8, 38, 27, 42, 25, 35, 39, 38, 39, 18, 27, 10, 32, 30, 27, 31, 7, 31, 3, 27, 42]"
L2_arctic_WAV/SKA_arctic_a0021,"[8, 38, 24, 7, 35, 30, 27, 29, 30, 14, 18, 19, 31, 27, 8, 32, 38, 39, 35, 7, 29, 4, 25, 32, 16, 8, 42, 8, 9, 8, 38]","[8, 38, 24, 35, 27, 30, 27, 29, 30, 14, 18, 19, 4, 31, 27, 8, 32, 38, 39, 35, 7, 29, 4, 25, 32, 16, 8, 42, 8, 9, 25, 8, 38]"
L2_arctic_WAV/SKA_arctic_a0022,"[26, 5, 35, 19, 30, 27, 41, 3, 16, 13, 3, 34, 30, 43, 32, 42, 31, 21, 8, 19, 34, 14, 18, 30, 8, 29, 18, 27, 24, 10, 35, 41, 27, 41, 3, 31, 7, 38, 18, 16, 8, 34, 16, 13, 3, 24, 4, 30, 5, 34, 4, 42, 8, 11, 4, 32]","[26, 5, 35, 19, 30, 27, 41, 7, 35, 16, 13, 3, 18, 30, 43, 32, 42, 31, 7, 19, 34, 14, 18, 30, 8, 29, 18, 27, 24, 10, 35, 41, 27, 41, 7, 35, 31, 7, 38, 18, 16, 8, 18, 16, 13, 3, 24, 4, 30, 10, 18, 4, 42, 8, 11, 4, 32]"
L2_arctic_WAV/SKA_arctic_a0023,"[4, 29, 5, 31, 18, 4, 32, 21, 8, 11, 4, 32, 14, 40, 29, 4, 32, 21, 8, 19, 27, 4, 32, 29, 43, 34, 8, 38, 4, 30, 29, 41, 8, 29, 30, 27, 10, 35, 25, 4, 32, 16, 8, 42, 19, 43, 32, 19, 34, 4, 38, 8, 11, 4, 32, 19, 24, 10, 35, 6, 4, 36, 21, 8, 31, 34, 35, 8, 40, 30, 8, 20, 8, 42]","[4, 29, 5, 31, 18, 4, 32, 21, 8, 11, 4, 32, 14, 40, 29, 7, 32, 20, 20, 4, 32, 29, 43, 18, 8, 38, 4, 30, 29, 41, 8, 29, 30, 27, 10, 35, 25, 4, 32, 16, 8, 42, 19, 43, 32, 19, 4, 18, 4, 38, 8, 11, 4, 32, 19, 24, 10, 35, 6, 4, 36, 21, 8, 31, 18, 30, 8, 40, 8, 20, 8, 42]"
L2_arctic_WAV/SKA_arctic_a0024,"[8, 38, 41, 10, 42, 31, 16, 8, 35, 27, 34, 10, 35, 38, 36, 24, 35, 14, 31, 6, 4, 32, 10, 35, 12, 26, 41, 8, 37, 37, 27, 24, 30, 27, 8, 32, 19, 39, 36, 38, 34, 27, 34, 4, 30, 38, 4, 18, 16, 8]","[8, 38, 41, 10, 42, 31, 16, 8, 35, 27, 18, 10, 35, 19, 42, 24, 35, 14, 31, 6, 4, 32, 10, 35, 12, 26, 41, 8, 37, 37, 27, 24, 30, 27, 8, 32, 19, 39, 42, 19, 18, 27, 18, 4, 30, 38, 4, 18, 16, 8]"
L2_arctic_WAV/SKA_arctic_a0025,"[16, 8, 41, 4, 42, 4, 18, 16, 13, 38, 38, 4, 19, 39, 6, 8, 36, 41, 8, 32, 29, 39, 30, 3, 20, 14, 20, 31, 4, 32, 38, 34, 35, 27, 40, 21, 8, 30, 19]","[16, 8, 41, 4, 42, 4, 18, 16, 13, 38, 4, 19, 39, 6, 8, 36, 41, 8, 32, 29, 14, 30, 3, 15, 14, 20, 31, 4, 32, 38, 18, 35, 27, 40, 7, 30, 19]"
L2_arctic_WAV/SKA_arctic_a0026,"[8, 38, 4, 29, 3, 19, 38, 39, 31, 27, 6, 43, 38, 6, 7, 35, 41, 13, 19, 26, 43, 40, 38, 39, 18, 27, 43, 32, 4, 29, 16, 13, 32, 38, 8, 9]","[8, 38, 10, 29, 7, 35, 19, 38, 39, 31, 27, 6, 43, 6, 7, 35, 41, 13, 19, 26, 43, 40, 38, 39, 18, 27, 43, 32, 4, 29, 16, 13, 32, 38, 8, 9, 25]"
L2_arctic_WAV/SKA_arctic_a0027,"[38, 39, 31, 16, 8, 36, 4, 34, 35, 16, 8, 42, 26, 27, 18, 27, 25, 43, 32, 38, 8, 11, 33, 13, 43, 29, 37, 4, 41, 4, 30, 8, 32, 12, 39, 42, 27, 43, 42, 4, 31, 8, 32, 31, 16, 8, 24, 21, 8, 40, 3]","[38, 39, 31, 16, 8, 36, 4, 34, 35, 16, 8, 42, 26, 27, 18, 27, 25, 43, 32, 38, 8, 11, 10, 43, 29, 37, 4, 41, 4, 30, 8, 32, 12, 28, 39, 42, 43, 36, 4, 31, 8, 32, 31, 16, 8, 24, 7, 40, 3]"
L2_arctic_WAV/SKA_arctic_a0028,"[35, 5, 18, 3, 27, 18, 35, 16, 8, 18, 3, 27, 24, 35, 10, 19]","[35, 5, 18, 3, 27, 18, 35, 7, 18, 3, 27, 24, 35, 10, 19]"
L2_arctic_WAV/SKA_arctic_a0029,"[6, 7, 35, 24, 10, 35, 36, 8, 42, 41, 3, 10, 35, 7, 19, 27, 31, 39, 40, 8, 9, 8, 32, 38, 39, 6, 4, 32, 10, 35, 12, 29, 14, 32, 38, 35, 27]","[6, 7, 35, 24, 10, 35, 36, 8, 42, 41, 7, 30, 10, 30, 35, 7, 19, 27, 31, 39, 40, 8, 9, 8, 32, 38, 39, 6, 4, 32, 10, 35, 12, 29, 14, 32, 38, 35, 27]"
L2_arctic_WAV/SKA_arctic_a0030,"[16, 8, 26, 43, 19, 24, 21, 8, 12, 8, 32, 6, 7, 31]","[16, 8, 26, 43, 19, 24, 21, 8, 12, 8, 32, 6, 7, 31]"
L2_arctic_WAV/SKA_arctic_a0031,"[6, 21, 8, 41, 3, 12, 35, 27, 26, 14, 32, 19, 35, 8, 19, 28, 5, 35, 19, 42, 4, 34, 5, 35, 38]","[6, 21, 8, 41, 3, 12, 35, 27, 26, 14, 32, 19, 35, 8, 19, 28, 5, 35, 19, 4, 42, 19, 4, 18, 5, 35, 38]"
L2_arctic_WAV/SKA_arctic_a0032,"[36, 8, 32, 36, 6, 7, 32, 36, 14, 31, 31, 8, 36, 38, 8, 35, 27, 4, 36, 24, 10, 35, 36, 26, 43, 42, 18, 8, 32, 24, 16, 8, 38, 8, 9, 14, 36, 43, 38, 7, 40, 35, 27, 36, 38, 7, 34]","[36, 8, 32, 36, 6, 7, 32, 36, 14, 31, 31, 8, 36, 38, 8, 35, 27, 4, 35, 36, 24, 10, 35, 36, 26, 43, 42, 18, 8, 32, 24, 16, 8, 38, 8, 9, 25, 14, 36, 43, 38, 7, 40, 35, 27, 36, 38, 7, 34]"
L2_arctic_WAV/SKA_arctic_a0036,"[11, 27, 38, 3, 32, 19, 8, 32, 43, 38, 6, 14, 26, 33, 13, 38, 7, 30]","[11, 27, 38, 3, 32, 7, 19, 8, 32, 43, 6, 14, 26, 10, 38, 7, 30]"
L2_arctic_WAV/SKA_arctic_a0037,"[16, 8, 41, 10, 42, 6, 14, 33, 13, 32, 30, 27, 41, 14, 32, 26, 39, 35, 27, 31, 21, 8, 32, 19, 36, 8, 38, 8, 9]","[16, 8, 10, 30, 41, 7, 42, 6, 14, 10, 32, 30, 27, 41, 14, 32, 26, 39, 35, 27, 31, 16, 8, 32, 19, 7, 36, 8, 38, 8, 9, 25]"
L2_arctic_WAV/SKA_arctic_a0038,"[41, 8, 30, 26, 43, 40, 38, 39, 41, 10, 37, 16, 13, 3, 37, 43, 32, 36, 8, 42]","[41, 8, 30, 26, 43, 40, 38, 39, 41, 10, 37, 16, 13, 3, 37, 5, 32, 36, 8, 36]"
L2_arctic_WAV/SKA_arctic_a0039,"[6, 4, 11, 8, 34, 11, 13, 19, 18, 27, 8, 32, 41, 8, 6, 8, 32, 4, 41, 27, 29, 10, 35, 38, 7, 32, 19, 21, 8, 42]","[6, 4, 11, 8, 34, 11, 13, 19, 18, 27, 8, 32, 41, 8, 6, 8, 32, 4, 41, 27, 29, 10, 35, 38, 7, 32, 19, 21, 8, 42]"
L2_arctic_WAV/SKA_arctic_a0040,"[16, 8, 36, 4, 34, 33, 13, 42, 28, 39, 41, 14, 32, 19, 3, 41, 16, 8, 11, 27, 8, 42, 29, 14, 31, 8, 9, 14, 34, 26, 27, 35]","[16, 8, 36, 4, 18, 10, 42, 28, 39, 41, 14, 32, 19, 3, 41, 16, 8, 11, 27, 8, 42, 29, 14, 31, 8, 9, 25, 14, 34, 26, 27, 35]"
L2_arctic_WAV/SKA_arctic_a0041,"[31, 27, 32, 41, 16, 8, 30, 16, 8, 30, 25, 33, 13, 16, 13, 38, 38, 39, 18, 35, 27, 6, 4, 36, 34, 7, 30]","[31, 27, 32, 41, 16, 8, 30, 16, 8, 30, 25, 10, 16, 13, 38, 39, 18, 35, 27, 12, 4, 36, 34, 7, 30]"
L2_arctic_WAV/SKA_arctic_a0042,"[26, 16, 13, 29, 13, 19, 26, 27, 8, 29, 36, 34, 30, 21, 8, 32, 26, 8, 42, 34, 4, 42, 7, 11, 4, 32, 14, 40, 6, 4, 36, 29, 7, 37]","[26, 16, 13, 29, 13, 19, 26, 27, 8, 29, 36, 4, 18, 30, 7, 32, 26, 8, 42, 18, 10, 42, 7, 11, 4, 32, 10, 40, 6, 4, 36, 38, 7, 37]"
L2_arctic_WAV/SKA_arctic_a0045,"[26, 27, 31, 39, 40, 19, 4, 41, 21, 8, 43, 42, 29, 41, 16, 8, 4, 38, 30, 27, 43, 42, 26, 27, 26, 43, 19, 29, 14, 31]","[26, 27, 31, 39, 40, 19, 4, 41, 21, 8, 43, 42, 29, 41, 16, 8, 4, 38, 30, 27, 43, 42, 26, 27, 26, 43, 19, 29, 14, 31]"
L2_arctic_WAV/SKA_arctic_a0046,"[6, 4, 25, 3, 30, 24, 21, 8, 36, 38, 26, 8, 31, 26, 3, 16, 8, 42, 11, 16, 8, 32, 8, 9, 41, 8, 12, 36, 14, 19, 4, 32, 24, 8, 35]","[6, 4, 25, 3, 30, 24, 21, 8, 42, 19, 26, 8, 31, 26, 3, 16, 8, 42, 11, 16, 8, 32, 8, 9, 25, 41, 8, 12, 11, 36, 14, 19, 4, 32, 24, 8, 35]"
L2_arctic_WAV/SKA_arctic_a0047,"[29, 30, 33, 13, 42, 18, 27, 36, 16, 8, 19, 26, 8, 31, 25, 30, 27, 31, 19, 6, 14, 41, 16, 8, 38, 24, 43, 9, 42, 14, 40, 6, 14, 41, 13, 30, 24, 19, 10, 25]","[29, 30, 10, 42, 18, 27, 36, 16, 8, 19, 26, 8, 31, 25, 30, 7, 31, 19, 6, 14, 41, 16, 8, 38, 24, 43, 9, 42, 14, 40, 6, 14, 41, 13, 30, 24, 7, 19, 10, 25]"
L2_arctic_WAV/SKA_arctic_a0048,"[26, 27, 30, 13, 29, 38, 43, 38, 6, 4, 26, 43, 9, 29, 3, 37, 27, 24, 31, 10, 35, 29, 30, 33, 13, 36, 30, 27]","[26, 27, 30, 13, 25, 19, 43, 6, 4, 26, 43, 9, 29, 3, 37, 27, 24, 31, 10, 35, 29, 30, 10, 42, 30, 27]"
L2_arctic_WAV/SKA_arctic_a0051,"[6, 4, 30, 21, 8, 36, 41, 10, 42, 14, 40, 4, 19, 7, 30, 4, 29, 4, 38, 16, 8, 40, 3, 27, 29, 14, 30, 3, 24, 21, 8, 32, 38, 30, 27, 38, 8, 32, 38, 8, 19, 41, 8, 12, 28, 7, 30, 33, 13]","[6, 4, 30, 21, 8, 36, 41, 10, 42, 14, 40, 4, 19, 7, 30, 4, 29, 4, 38, 16, 8, 40, 35, 27, 29, 14, 30, 3, 24, 7, 38, 30, 27, 7, 32, 38, 21, 8, 32, 19, 8, 19, 41, 8, 12, 28, 7, 30, 33, 13]"
L2_arctic_WAV/SKA_arctic_a0052,"[8, 38, 41, 4, 42, 4, 29, 28, 13, 35, 27, 4, 36, 29, 33, 13, 8, 32, 36, 8, 19, 4, 32, 36]","[8, 38, 41, 4, 42, 4, 29, 28, 4, 35, 27, 4, 36, 29, 10, 32, 36, 8, 19, 4, 32, 36]"
L2_arctic_WAV/SKA_arctic_a0053,"[36, 14, 19, 4, 32, 30, 27, 26, 8, 42, 24, 8, 9, 25, 3, 42, 29, 30, 33, 13, 42, 19, 38, 16, 8, 38, 30, 27, 33, 13, 40, 3, 6, 4, 26, 43, 9, 29, 3, 37, 27, 24]","[36, 14, 19, 4, 32, 30, 27, 26, 8, 42, 24, 8, 9, 25, 3, 42, 29, 30, 10, 42, 4, 38, 16, 8, 38, 30, 27, 10, 40, 3, 6, 4, 26, 43, 9, 25, 3, 37, 27, 24]"
L2_arctic_WAV/SKA_arctic_a0054,"[6, 7, 35, 41, 10, 42, 32, 14, 12, 8, 9, 10, 32, 6, 14, 35, 5, 29]","[6, 7, 35, 41, 10, 42, 32, 14, 12, 8, 9, 25, 10, 32, 6, 14, 35, 5, 29]"
L2_arctic_WAV/SKA_arctic_a0058,"[16, 8, 29, 21, 8, 31, 24, 10, 35, 8, 32, 24, 10, 35, 31, 21, 8, 11, 4, 32, 31, 10, 35, 16, 13, 38, 14, 40, 29, 28, 13, 35, 27, 5, 36, 4, 38, 27, 6, 43, 32, 7, 32, 27, 12, 8, 9, 7, 30, 36]","[16, 8, 29, 7, 31, 24, 10, 35, 8, 32, 24, 10, 35, 31, 21, 8, 11, 4, 32, 31, 10, 35, 16, 13, 38, 14, 40, 29, 28, 13, 35, 27, 5, 42, 4, 38, 27, 6, 43, 32, 7, 32, 27, 12, 8, 9, 25, 7, 30, 36]"
L2_arctic_WAV/SKA_arctic_a0059,"[26, 8, 42, 8, 31, 43, 29, 28, 39, 30, 8, 38, 4, 34, 8, 35, 4, 32, 36, 41, 10, 42, 25, 10, 32]","[26, 8, 42, 8, 31, 8, 29, 39, 30, 21, 8, 38, 4, 34, 8, 35, 4, 32, 36, 41, 10, 42, 25, 10, 32]"
L2_arctic_WAV/SKA_arctic_a0060,"[7, 32, 27, 41, 21, 8, 32, 33, 13, 41, 14, 32, 36, 10, 26, 3, 30, 16, 8, 29, 6, 43, 38]","[7, 32, 27, 41, 21, 8, 32, 10, 41, 14, 32, 36, 10, 26, 3, 30, 16, 8, 6, 43, 38]"
L2_arctic_WAV/SKA_arctic_a0062,"[6, 4, 31, 7, 32, 36, 38, 7, 35, 19, 8, 32, 38, 39, 27, 37, 14, 6, 3, 42, 24, 21, 8, 36]","[6, 4, 31, 7, 32, 36, 38, 5, 35, 38, 4, 19, 8, 32, 38, 39, 27, 37, 14, 6, 3, 42, 24, 21, 8, 36]"
L2_arctic_WAV/SKA_arctic_a0063,"[28, 7, 36, 8, 38, 41, 14, 42, 4, 31, 43, 32, 26, 39, 43, 36, 29, 38, 4, 36, 38, 35, 21, 8, 32, 20, 3]","[28, 7, 36, 8, 38, 41, 14, 42, 4, 31, 43, 32, 26, 39, 5, 36, 29, 7, 19, 4, 36, 38, 35, 7, 32, 20, 3]"
L2_arctic_WAV/SKA_arctic_a0064,"[6, 4, 24, 10, 35, 12, 43, 32, 19, 24, 8, 12, 19, 21, 8, 42, 34, 43, 36, 38, 41, 8, 6, 16, 13, 38, 7, 32, 27, 19, 8, 40, 7, 30, 4, 34, 31, 4, 32, 38, 36]","[6, 4, 24, 10, 35, 12, 43, 32, 19, 24, 8, 12, 19, 21, 8, 42, 34, 43, 42, 19, 41, 8, 6, 16, 13, 38, 7, 32, 27, 19, 8, 40, 7, 30, 4, 34, 31, 4, 32, 38, 36]"
L2_arctic_WAV/SKA_arctic_a0065,"[6, 21, 8, 29, 30, 33, 13, 42, 19, 32, 16, 13, 4, 32, 38, 8, 30, 26, 8, 42, 24, 8, 9, 25, 3, 42, 41, 3, 30, 16, 8, 29, 29, 10, 35, 19, 42, 14, 40, 36, 38, 27, 30]","[6, 21, 8, 29, 30, 10, 42, 32, 16, 13, 4, 32, 38, 8, 30, 26, 8, 42, 24, 8, 9, 25, 3, 42, 41, 3, 30, 16, 8, 29, 10, 35, 19, 4, 42, 14, 40, 36, 38, 27, 30]"
L2_arctic_WAV/SKA_arctic_a0067,"[11, 13, 35, 30, 27, 16, 8, 41, 8, 30, 8, 29, 36, 29, 28, 39, 42, 28, 39, 11, 27, 29, 35, 16, 8, 19]","[11, 13, 35, 30, 27, 16, 8, 41, 8, 30, 8, 29, 36, 29, 28, 39, 42, 28, 39, 11, 27, 29, 35, 16, 8, 19]"
L2_arctic_WAV/SKA_arctic_a0071,"[26, 41, 14, 38, 41, 14, 42, 6, 14, 5, 18, 20, 7, 29, 38, 14, 40, 28, 13, 35, 30, 8, 38, 4, 30, 36, 7, 32, 36, 21, 8, 11, 4, 32]","[26, 41, 14, 38, 41, 14, 42, 6, 14, 5, 18, 20, 7, 29, 38, 14, 40, 28, 13, 35, 30, 8, 38, 4, 30, 36, 7, 32, 36, 21, 8, 11, 4, 32]"
L2_arctic_WAV/SKA_arctic_a0073,"[6, 14, 34, 35, 4, 31, 33, 13, 38, 3, 42, 16, 8, 42, 41, 3, 26, 7, 40, 27, 41, 8, 12, 30, 8, 38, 4, 30, 34, 14, 24, 27, 18, 43, 25, 42, 14, 32, 19, 3, 6, 7, 31]","[6, 14, 18, 35, 10, 31, 10, 38, 3, 36, 16, 8, 42, 41, 3, 26, 7, 40, 27, 41, 8, 12, 30, 8, 38, 4, 30, 18, 14, 24, 27, 18, 43, 25, 42, 14, 32, 19, 3, 42, 7, 31]"
L2_arctic_WAV/SKA_arctic_a0075,"[6, 7, 35, 26, 43, 42, 18, 8, 32, 4, 37, 21, 8, 32, 20, 11, 27, 8, 32, 38, 3, 14, 34, 38, 8, 19, 26, 8, 31]","[6, 7, 35, 26, 43, 42, 18, 8, 32, 4, 37, 7, 32, 20, 11, 27, 8, 32, 38, 3, 14, 34, 38, 8, 19, 26, 8, 31]"
L2_arctic_WAV/SKA_arctic_a0076,"[6, 4, 25, 35, 21, 8, 16, 8, 42, 24, 5, 30, 38, 3, 19, 6, 14, 24, 30, 14, 11, 19, 27, 34, 4, 32, 19]","[6, 4, 25, 35, 21, 8, 16, 8, 42, 24, 5, 30, 38, 3, 19, 6, 14, 24, 30, 43, 11, 19, 27, 34, 4, 32, 19]"
L2_arctic_WAV/SKA_arctic_a0077,"[8, 38, 8, 42, 6, 14, 24, 16, 8, 3, 34, 5, 35, 38, 30, 27, 11, 27, 36, 7, 19]","[8, 38, 8, 42, 6, 14, 24, 16, 8, 3, 34, 5, 35, 38, 30, 27, 11, 27, 36, 7, 19]"
L2_arctic_WAV/SKA_arctic_a0078,"[6, 7, 32, 43, 32, 19, 43, 38, 36, 14, 34, 3, 26, 27, 38, 35, 16, 8, 19, 38, 4, 24, 43, 6, 4, 31, 26, 4, 35]","[42, 7, 32, 43, 32, 19, 43, 38, 36, 14, 18, 4, 26, 27, 38, 35, 16, 8, 19, 38, 4, 24, 4, 42, 4, 31, 26, 7, 35]"
L2_arctic_WAV/SKA_arctic_a0079,"[8, 38, 41, 4, 42, 4, 30, 5, 35, 20, 29, 4, 32, 39]","[8, 38, 41, 4, 42, 4, 30, 5, 15, 29, 10, 32, 4]"
L2_arctic_WAV/SKA_arctic_a0081,"[26, 41, 14, 38, 8, 24, 11, 27, 19, 8, 19, 32, 5, 38, 29, 14, 31, 38, 39, 6, 14, 35, 5, 29]","[26, 41, 5, 38, 8, 24, 11, 27, 19, 8, 19, 32, 10, 38, 29, 14, 31, 38, 39, 42, 14, 35, 5, 29]"
L2_arctic_WAV/SKA_arctic_a0082,"[26, 8, 42, 24, 21, 8, 36, 41, 10, 42, 36, 38, 35, 27, 31, 8, 9, 41, 8, 12, 18, 30, 14, 19]","[26, 8, 42, 24, 21, 8, 36, 41, 33, 13, 42, 4, 36, 38, 35, 27, 31, 8, 9, 41, 8, 42, 18, 30, 5, 19]"
L2_arctic_WAV/SKA_arctic_a0085,"[4, 38, 35, 8, 29, 4, 30, 14, 40, 24, 35, 7, 11, 18, 30, 14, 19, 35, 43, 32, 33, 13, 40, 4, 35, 26, 8, 42, 24, 21, 8, 36]","[4, 38, 35, 8, 29, 4, 30, 14, 40, 24, 35, 21, 8, 11, 18, 30, 14, 19, 35, 5, 32, 33, 13, 40, 4, 35, 26, 8, 42, 24, 21, 8, 36]"
L2_arctic_WAV/SKA_arctic_a0086,"[19, 7, 12, 26, 43, 19, 29, 14, 31, 41, 8, 12, 38, 7, 35, 4, 18, 4, 30, 36, 14, 19, 4, 32, 32, 4, 36]","[19, 8, 36, 26, 43, 19, 29, 14, 31, 41, 8, 36, 38, 4, 35, 4, 18, 4, 30, 36, 5, 19, 4, 32, 32, 4, 36]"
L2_arctic_WAV/SKA_arctic_a0088,"[26, 27, 31, 21, 8, 19, 11, 13, 35, 6, 43, 38, 6, 4, 31, 43, 25, 4, 42, 27, 32, 41, 10, 42, 30, 33, 13, 19, 8, 19, 43, 32, 19, 35, 27, 42, 39, 31, 19, 26, 8, 42, 34, 43, 19, 4, 30, 8, 9]","[26, 27, 31, 21, 8, 19, 11, 13, 23, 6, 43, 38, 6, 4, 31, 43, 25, 4, 42, 27, 32, 41, 10, 42, 30, 33, 13, 19, 8, 19, 43, 32, 19, 35, 27, 36, 39, 31, 19, 26, 7, 42, 18, 5, 19, 4, 30, 8, 9, 25]"
L2_arctic_WAV/SKA_arctic_a0089,"[6, 14, 32, 16, 8, 38, 25, 30, 33, 13, 41, 4, 42, 38, 35, 7, 37, 4, 35, 4, 36, 38, 39, 11, 39, 38, 18, 16, 8]","[42, 14, 32, 16, 8, 38, 25, 30, 33, 13, 41, 4, 42, 38, 35, 7, 37, 4, 35, 4, 36, 38, 39, 11, 13, 38, 18, 16, 8]"
L2_arctic_WAV/SKA_arctic_a0090,"[6, 4, 36, 8, 9, 8, 9, 40, 10, 8, 36, 4, 34, 35, 33, 13, 37, 38, 35, 43, 34, 4, 19, 30, 27]","[36, 4, 36, 8, 9, 8, 9, 25, 4, 40, 10, 8, 36, 4, 34, 35, 33, 13, 15, 38, 35, 5, 18, 4, 19, 30, 27]"
L2_arctic_WAV/SKA_arctic_a0091,"[26, 8, 42, 18, 30, 14, 19, 25, 35, 39, 26, 5, 38, 41, 8, 12, 35, 21, 8, 20, 43, 38, 6, 4, 12, 10, 38]","[26, 8, 42, 18, 30, 5, 19, 25, 35, 33, 13, 26, 10, 38, 41, 8, 42, 35, 21, 8, 20, 43, 38, 6, 4, 36, 33, 13, 38]"
L2_arctic_WAV/SKA_arctic_a0092,"[26, 27, 41, 7, 32, 38, 19, 16, 13, 32, 8, 32, 31, 8, 19, 36, 38, 35, 27, 31, 36, 4, 35, 37, 8, 9, 6, 4, 11, 43, 19, 33, 13, 42, 4, 40, 18, 33, 13, 12, 11, 10, 35, 42]","[26, 27, 41, 7, 32, 38, 4, 19, 16, 13, 32, 8, 32, 31, 8, 19, 8, 36, 38, 35, 27, 31, 36, 7, 37, 8, 9, 25, 42, 4, 11, 43, 19, 33, 13, 42, 10, 40, 18, 33, 13, 36, 11, 10, 35, 36]"
L2_arctic_WAV/SKA_arctic_a0093,"[24, 10, 35, 4, 24, 13, 30, 31, 8, 32, 4, 38, 26, 27, 29, 35, 16, 13, 37, 38, 43, 32, 19, 30, 8, 36, 4, 32, 19]","[24, 10, 35, 4, 24, 13, 30, 31, 8, 32, 4, 38, 26, 27, 29, 35, 16, 13, 15, 38, 43, 32, 19, 4, 30, 7, 36, 4, 32, 19]"
L2_arctic_WAV/SKA_arctic_a0094,"[26, 27, 26, 43, 19, 18, 7, 35, 30, 27, 7, 32, 38, 3, 19, 6, 8, 36, 41, 7, 32, 26, 27, 36, 10, 6, 14, 25, 30, 33, 13, 14, 40, 4, 24, 16, 8, 35]","[26, 27, 26, 43, 19, 18, 4, 35, 30, 27, 7, 32, 38, 4, 19, 4, 6, 8, 36, 41, 7, 32, 26, 27, 36, 10, 42, 14, 25, 30, 33, 13, 14, 40, 4, 24, 16, 8, 23]"
L2_arctic_WAV/SKA_arctic_a0095,"[4, 18, 8, 25, 29, 43, 32, 40, 4, 36, 38, 7, 32, 38, 41, 10, 42, 6, 4, 24, 3, 36, 38, 12, 8, 9, 38, 4, 29, 14, 31, 41, 8, 6, 8, 32, 26, 8, 42, 40, 8, 15, 4, 32]","[4, 18, 8, 25, 29, 43, 32, 40, 4, 36, 38, 7, 32, 38, 4, 41, 10, 42, 36, 4, 24, 3, 36, 38, 4, 12, 8, 9, 25, 4, 38, 4, 29, 14, 31, 41, 8, 42, 8, 32, 26, 8, 42, 40, 8, 11, 4, 32]"
L2_arctic_WAV/SKA_arctic_a0096,"[34, 4, 26, 43, 34, 36, 11, 27, 26, 43, 19, 10, 35, 7, 19, 27, 31, 7, 38, 26, 4, 35, 24, 21, 8, 38, 4, 30, 8, 38, 4, 30, 19, 27, 34, 3, 8, 32, 6, 4, 24, 10, 35, 4, 36, 38]","[18, 4, 35, 26, 43, 34, 36, 8, 11, 27, 26, 43, 19, 10, 35, 7, 19, 27, 31, 7, 38, 26, 7, 35, 24, 21, 8, 38, 4, 30, 8, 38, 4, 30, 19, 27, 18, 3, 8, 32, 42, 4, 24, 10, 35, 4, 36, 38]"
L2_arctic_WAV/SKA_arctic_a0097,"[6, 7, 32, 28, 39, 29, 43, 32, 3, 21, 8, 32, 20, 28, 3, 36, 7, 30, 24, 29, 14, 31, 24, 4, 35, 38, 4, 18, 30, 27, 4, 31, 14, 9, 6, 27, 42, 35, 33, 13, 18, 42, 8, 32, 6, 4, 18, 33, 13]","[6, 7, 32, 28, 39, 29, 43, 32, 3, 21, 8, 32, 15, 8, 28, 3, 36, 7, 30, 24, 29, 10, 31, 24, 10, 35, 38, 4, 18, 30, 27, 4, 31, 14, 32, 25, 4, 42, 27, 42, 35, 33, 13, 18, 36, 8, 32, 6, 4, 18, 33, 13]"
L2_arctic_WAV/SKA_arctic_a0098,"[11, 43, 30, 16, 8, 29, 43, 35, 27, 28, 39]","[11, 43, 30, 16, 8, 29, 43, 35, 27, 28, 39]"
L2_arctic_WAV/SKA_arctic_a0099,"[4, 31, 43, 19, 4, 32, 8, 9, 20, 10, 8, 34, 16, 13, 32, 19, 8, 19, 8, 32, 26, 8, 42, 18, 35, 21, 8, 32]","[4, 31, 43, 19, 4, 32, 8, 9, 25, 20, 10, 8, 18, 16, 13, 32, 19, 8, 19, 8, 32, 26, 8, 42, 18, 35, 21, 8, 32]"
L2_arctic_WAV/SKA_arctic_a0100,"[28, 39, 31, 14, 36, 38, 36, 30, 27, 34, 26, 27, 3, 20, 19]","[28, 39, 31, 14, 36, 4, 36, 30, 27, 34, 26, 27, 3, 15, 19]"
L2_arctic_WAV/SKA_arctic_a0101,"[28, 39, 28, 39, 41, 13, 19, 32, 5, 38, 29, 27, 34, 6, 4, 38, 35, 39, 12, 24, 35, 14, 31, 31, 27]","[28, 39, 28, 39, 41, 13, 19, 32, 10, 38, 29, 27, 34, 6, 4, 38, 35, 39, 36, 24, 35, 10, 31, 31, 27]"
L2_arctic_WAV/SKA_arctic_a0102,"[26, 27, 41, 8, 30, 24, 5, 30, 33, 13, 14, 36, 36, 39, 32]","[26, 27, 41, 8, 30, 24, 7, 30, 33, 13, 14, 36, 36, 39, 32]"
L2_arctic_WAV/SKA_arctic_a0103,"[18, 14, 38, 6, 7, 35, 29, 21, 8, 31, 32, 33, 13, 34, 35, 5, 31, 4, 36, 24, 35, 14, 31, 6, 14, 18, 33, 13, 14, 40, 6, 4, 29, 4, 32, 39]","[18, 5, 38, 6, 7, 23, 29, 21, 8, 31, 32, 33, 13, 34, 35, 5, 31, 4, 36, 24, 35, 14, 31, 42, 14, 18, 33, 13, 14, 40, 6, 4, 29, 43, 32, 39]"
L2_arctic_WAV/SKA_arctic_a0104,"[11, 27, 41, 10, 42, 36, 30, 27, 34, 8, 9, 14, 32, 19, 3, 35, 26, 8, 42, 34, 35, 4, 38, 7, 29, 11, 4, 32, 43, 42, 36, 41, 27, 38, 30, 27, 43, 42, 4, 37, 16, 8, 30, 19]","[11, 27, 41, 10, 42, 4, 36, 30, 27, 18, 8, 9, 5, 32, 19, 7, 35, 26, 8, 42, 34, 35, 33, 13, 38, 7, 29, 11, 4, 32, 43, 42, 4, 36, 41, 27, 38, 30, 27, 43, 42, 4, 37, 16, 8, 30, 19]"
L2_arctic_WAV/SKA_arctic_a0105,"[33, 13, 32, 30, 27, 8, 38, 8, 42, 36, 33, 13, 41, 14, 32, 19, 3, 35, 24, 4, 30, 36, 33, 13, 10, 30, 31, 33, 13, 36, 38, 8, 31, 34, 5, 36, 4, 18, 4, 30, 38, 4, 18, 8, 30, 27, 40]","[10, 32, 30, 27, 38, 8, 36, 36, 33, 13, 41, 14, 32, 19, 3, 35, 24, 4, 30, 36, 33, 13, 10, 30, 31, 33, 13, 36, 38, 8, 31, 18, 5, 36, 4, 18, 4, 30, 38, 4, 18, 8, 30, 27, 24]"
L2_arctic_WAV/SKA_arctic_a0106,"[6, 4, 8, 31, 33, 13, 11, 4, 32, 41, 8, 37, 11, 27, 26, 43, 19, 36, 4, 34, 35, 7, 36, 38, 18, 3, 36, 38, 24, 10, 35, 12, 32, 16, 13, 8, 32, 4, 37, 33, 13, 29, 8, 9, 36, 5, 18]","[42, 4, 8, 31, 33, 13, 11, 4, 32, 41, 8, 37, 4, 11, 27, 26, 43, 19, 36, 4, 34, 35, 8, 36, 38, 18, 35, 7, 36, 38, 24, 10, 35, 36, 32, 16, 13, 8, 32, 4, 37, 33, 13, 29, 8, 9, 25, 36, 10, 18]"
L2_arctic_WAV/SKA_arctic_a0107,"[8, 24, 28, 39, 33, 13, 32, 30, 27, 29, 13, 19, 32, 33, 13, 26, 16, 13, 16, 8, 12, 43, 9, 29, 28, 39]","[8, 24, 28, 39, 33, 13, 32, 30, 27, 29, 13, 19, 32, 33, 13, 26, 16, 13, 16, 8, 12, 43, 9, 29, 28, 39]"
L2_arctic_WAV/SKA_arctic_a0108,"[26, 27, 41, 21, 8, 19, 8, 19, 8, 32, 38, 39, 6, 4, 7, 20, 14, 40, 6, 14, 41, 10, 38, 4, 35, 43, 32, 19, 18, 27, 25, 43, 32, 36, 29, 35, 14, 18, 8, 9, 26, 8, 31, 36, 7, 30, 24]","[26, 27, 41, 21, 8, 19, 8, 19, 8, 32, 38, 39, 42, 4, 7, 37, 14, 40, 6, 14, 41, 10, 38, 4, 32, 43, 32, 19, 8, 18, 27, 25, 43, 32, 8, 36, 29, 23, 14, 18, 8, 9, 25, 26, 8, 31, 36, 7, 30, 24]"
L2_arctic_WAV/SKA_arctic_a0109,"[19, 39, 28, 39, 32, 33, 13, 6, 43, 38, 28, 39, 5, 35, 11, 21, 8, 29, 8, 9, 31, 16, 8, 29, 5, 32, 24, 4, 19, 4, 32, 36, 8, 32, 28, 39]","[19, 39, 28, 39, 32, 33, 13, 42, 43, 38, 28, 39, 5, 11, 21, 8, 29, 8, 9, 25, 31, 16, 8, 29, 5, 32, 24, 4, 19, 4, 32, 36, 8, 32, 28, 39]"
L2_arctic_WAV/SKA_arctic_a0111,"[8, 32, 36, 38, 7, 19, 26, 27, 20, 10, 8, 32, 19, 26, 4, 35, 43, 32, 19, 6, 21, 8, 21, 8, 38, 30, 16, 8, 29, 38, 39, 26, 14, 9, 25, 35, 27, 37, 8, 30, 19, 35, 4, 32]","[8, 32, 8, 36, 38, 27, 19, 26, 27, 15, 10, 8, 32, 19, 4, 26, 7, 35, 43, 32, 19, 42, 21, 8, 21, 8, 38, 30, 16, 8, 29, 38, 39, 26, 43, 9, 25, 35, 27, 37, 7, 30, 19, 35, 4, 32]"
L2_arctic_WAV/SKA_arctic_a0112,"[26, 27, 41, 10, 42, 41, 39, 32, 19, 4, 19, 8, 32, 6, 14, 5, 35, 31]","[26, 27, 41, 10, 42, 41, 5, 32, 19, 4, 19, 8, 32, 6, 14, 5, 35, 31]"
L2_arctic_WAV/SKA_arctic_a0113,"[16, 8, 36, 4, 34, 33, 13, 42, 28, 39, 34, 8, 29, 38, 6, 43, 38, 30, 8, 9, 25, 33, 13, 14, 34, 4, 31, 14, 9, 6, 4, 8, 32, 19, 27, 4, 32, 42]","[16, 8, 36, 4, 18, 33, 13, 42, 28, 39, 18, 8, 29, 38, 6, 43, 38, 30, 8, 9, 25, 33, 13, 14, 34, 4, 31, 14, 9, 25, 42, 4, 7, 32, 20, 27, 4, 32, 36]"
L2_arctic_WAV/SKA_arctic_a0115,"[26, 27, 26, 43, 19, 32, 33, 13, 29, 36, 29, 28, 39, 42, 24, 10, 35, 6, 4, 24, 27, 30, 8, 9, 42, 41, 8, 37, 41, 4, 35, 3, 16, 13, 42, 19, 8, 32, 26, 8, 31]","[26, 27, 26, 43, 19, 32, 33, 13, 29, 36, 8, 29, 28, 39, 36, 24, 10, 35, 42, 4, 24, 27, 30, 8, 9, 25, 8, 36, 41, 8, 37, 41, 7, 35, 3, 33, 13, 42, 19, 8, 32, 26, 7, 31]"
L2_arctic_WAV/SKA_arctic_a0116,"[41, 10, 42, 8, 38, 6, 14, 35, 5, 32, 19, 8, 40, 39, 14, 40, 6, 33, 13, 42, 26, 39, 41, 4, 35, 36, 38, 35, 16, 8, 40, 8, 9, 38, 39, 41, 3, 29, 26, 8, 42, 35, 39, 4, 32]","[41, 10, 42, 8, 38, 6, 14, 35, 5, 32, 19, 8, 40, 39, 14, 40, 36, 33, 13, 36, 26, 39, 41, 7, 35, 8, 36, 38, 5, 35, 40, 8, 9, 38, 39, 41, 3, 29, 26, 8, 42, 35, 39, 4, 32]"
L2_arctic_WAV/SKA_arctic_a0117,"[11, 27, 43, 19, 4, 19, 41, 8, 6, 20, 7, 32, 28, 4, 41, 4, 32, 36, 8, 31, 34, 4, 12, 27, 8, 32, 26, 3, 24, 21, 8, 36, 43, 32, 19, 40, 10, 8, 36]","[11, 27, 43, 19, 4, 19, 41, 8, 42, 15, 7, 32, 28, 4, 41, 4, 32, 36, 7, 31, 34, 4, 12, 27, 8, 32, 26, 3, 24, 21, 8, 36, 43, 32, 19, 40, 10, 8, 36]"
L2_arctic_WAV/SKA_arctic_a0120,"[31, 16, 8, 35, 16, 8, 38, 24, 13, 38, 24, 27, 30, 42, 30, 16, 8, 29, 6, 43, 38, 14, 40, 4, 37, 16, 8, 32, 27, 42, 19, 7, 18, 28, 4, 38, 5, 32, 38]","[31, 16, 8, 35, 16, 8, 38, 24, 39, 38, 24, 27, 30, 36, 30, 16, 8, 29, 42, 43, 38, 14, 40, 4, 37, 16, 8, 32, 27, 42, 19, 27, 18, 4, 38, 5, 32, 38]"
L2_arctic_WAV/SKA_arctic_a0121,"[6, 21, 8, 21, 8, 38, 19, 8, 32, 3, 43, 38, 6, 4, 24, 8, 12, 43, 32, 19, 35, 7, 36, 38, 4, 19, 24, 35, 3, 38, 39, 16, 13, 3, 42]","[19, 21, 8, 21, 8, 38, 19, 8, 32, 3, 43, 38, 42, 4, 24, 7, 36, 43, 32, 19, 35, 7, 36, 38, 4, 19, 24, 35, 3, 38, 39, 16, 13, 3, 36]"
L2_arctic_WAV/SKA_arctic_a0122,"[38, 39, 28, 8, 35, 42, 4, 25, 33, 13, 16, 8, 25, 21, 8, 40, 14, 34, 36, 8, 40, 4, 30, 8, 42, 21, 8, 11, 4, 32, 24, 10, 35, 6, 8, 36]","[38, 39, 28, 8, 42, 5, 25, 33, 13, 16, 8, 25, 21, 8, 40, 14, 34, 36, 8, 40, 4, 30, 8, 42, 21, 8, 11, 4, 32, 24, 10, 35, 36, 8, 36]"
L2_arctic_WAV/SKA_arctic_a0123,"[11, 27, 26, 43, 19, 19, 16, 8, 19, 24, 35, 14, 31, 29, 33, 13, 30, 19, 43, 32, 19, 36, 38, 5, 35, 40, 21, 8, 11, 4, 32]","[11, 27, 26, 43, 19, 19, 16, 8, 19, 24, 35, 14, 31, 29, 33, 13, 30, 19, 43, 32, 19, 4, 36, 38, 5, 35, 40, 21, 8, 11, 4, 32]"
L2_arctic_WAV/SKA_arctic_a0125,"[26, 27, 41, 14, 42, 19, 8, 38, 4, 35, 31, 4, 32, 19, 32, 16, 13, 38, 39, 31, 21, 8, 32, 38, 21, 8, 32, 4, 31, 10, 35, 36, 4, 35, 38, 4, 32, 26, 33, 13, 30, 19, 4, 34, 5, 32, 26, 8, 31, 36, 7, 30, 24]","[26, 27, 41, 14, 42, 19, 8, 38, 4, 35, 31, 4, 32, 19, 4, 32, 16, 13, 38, 39, 31, 21, 8, 32, 38, 21, 8, 32, 4, 31, 10, 35, 36, 4, 35, 38, 4, 32, 26, 33, 13, 30, 19, 5, 18, 5, 32, 26, 8, 31, 36, 7, 30, 24]"
L2_arctic_WAV/SKA_arctic_a0126,"[27, 37, 19, 21, 8, 11, 27, 18, 27, 29, 21, 8, 31, 4, 31, 10, 35, 40, 16, 8, 38, 4, 30, 34, 5, 35, 38, 14, 40, 26, 8, 31]","[27, 37, 4, 19, 21, 8, 11, 27, 18, 27, 29, 21, 8, 31, 4, 31, 10, 35, 40, 16, 8, 38, 4, 30, 18, 5, 35, 38, 14, 24, 26, 8, 31]"
L2_arctic_WAV/SKA_arctic_a0127,"[8, 38, 41, 10, 42, 4, 38, 7, 31, 38, 21, 8, 11, 4, 32, 18, 14, 38, 26, 27, 35, 27, 42, 8, 36, 38, 4, 19, 8, 38]","[8, 38, 41, 10, 42, 4, 38, 7, 31, 18, 8, 38, 21, 8, 11, 4, 32, 18, 14, 38, 26, 27, 35, 27, 36, 8, 36, 38, 4, 19, 8, 38]"
L2_arctic_WAV/SKA_arctic_a0128,"[6, 8, 36, 41, 14, 32, 26, 33, 13, 34, 41, 10, 42, 19, 8, 36, 38, 35, 10, 8, 19, 43, 42, 29, 41, 8, 29, 30, 27, 43, 42, 8, 38, 41, 10, 42, 18, 10, 35, 32]","[42, 8, 36, 41, 14, 32, 26, 33, 13, 34, 41, 10, 42, 19, 8, 36, 38, 35, 10, 8, 19, 43, 36, 29, 41, 8, 29, 30, 27, 43, 42, 8, 38, 41, 10, 42, 18, 10, 35, 32]"
L2_arctic_WAV/SKA_arctic_a0129,"[26, 4, 35, 24, 21, 8, 36, 41, 10, 42, 4, 25, 7, 32, 36, 38, 26, 8, 42, 18, 35, 7, 36, 38]","[26, 7, 35, 24, 21, 8, 36, 41, 10, 42, 4, 25, 7, 32, 4, 36, 38, 26, 8, 42, 18, 35, 7, 36, 38]"
L2_arctic_WAV/SKA_arctic_a0130,"[11, 27, 41, 10, 42, 26, 8, 42, 32, 16, 13, 24, 3, 7, 40, 3]","[11, 27, 41, 10, 42, 26, 8, 42, 32, 16, 13, 24, 3, 7, 40, 4, 11]"
L2_arctic_WAV/SKA_arctic_a0131,"[34, 35, 5, 40, 4, 19, 4, 32, 36, 26, 43, 19, 19, 8, 30, 8, 40, 3, 19, 26, 8, 31, 12, 35, 39, 6, 14, 31, 21, 8, 30, 36, 38, 35, 4, 31]","[18, 35, 10, 40, 4, 19, 4, 32, 36, 26, 43, 19, 19, 8, 30, 8, 40, 4, 19, 26, 7, 31, 36, 35, 39, 42, 14, 31, 21, 8, 30, 8, 36, 38, 35, 4, 31]"
L2_arctic_WAV/SKA_arctic_a0134,"[26, 27, 33, 13, 18, 21, 8, 19, 6, 4, 34, 35, 7, 11, 4, 35, 14, 40, 26, 4, 35, 26, 43, 32, 19]","[26, 27, 33, 13, 18, 21, 8, 19, 36, 4, 34, 35, 7, 11, 7, 35, 14, 40, 26, 7, 35, 26, 5, 32, 38]"
L2_arctic_WAV/SKA_arctic_a0136,"[4, 18, 16, 13, 38, 26, 8, 31, 7, 40, 35, 27, 41, 7, 35, 41, 3, 6, 4, 7, 40, 4, 19, 4, 32, 36, 4, 42, 14, 40, 30, 14, 25, 15, 4, 35, 27, 43, 32, 19, 14, 40, 21, 8, 20]","[4, 18, 16, 13, 38, 26, 7, 31, 7, 40, 35, 27, 41, 7, 35, 41, 3, 42, 4, 7, 40, 4, 19, 4, 32, 42, 42, 14, 40, 30, 14, 25, 15, 4, 35, 27, 43, 32, 19, 14, 40, 21, 8, 37]"
L2_arctic_WAV/SKA_arctic_a0137,"[6, 7, 32, 26, 27, 36, 38, 7, 34, 38, 18, 43, 29, 41, 8, 6, 4, 30, 33, 13, 29, 35, 16, 8, 14, 40, 34, 30, 7, 15, 4, 35]","[42, 7, 32, 26, 27, 36, 38, 7, 34, 38, 18, 43, 29, 41, 8, 42, 4, 30, 33, 13, 29, 35, 16, 8, 14, 40, 18, 30, 7, 15, 4, 35]"
L2_arctic_WAV/SKA_arctic_a0139,"[26, 27, 38, 33, 13, 30, 19, 26, 8, 31, 36, 7, 30, 24, 6, 4, 38, 43, 42, 26, 27, 41, 5, 11, 38, 26, 8, 31, 36, 7, 30, 24, 43, 32, 19, 25, 35, 39, 31, 19, 26, 8, 42, 19, 8, 11, 7, 40, 4, 30, 19, 29, 30, 33, 13, 42]","[26, 27, 38, 33, 13, 30, 19, 26, 8, 31, 36, 7, 30, 24, 8, 42, 4, 38, 43, 42, 26, 27, 41, 10, 15, 19, 4, 26, 8, 31, 36, 7, 30, 24, 43, 32, 19, 4, 25, 35, 10, 31, 19, 26, 8, 42, 19, 8, 15, 7, 40, 4, 30, 4, 19, 4, 29, 30, 33, 13, 6]"
L2_arctic_WAV/SKA_arctic_a0159,"[6, 21, 8, 30, 13, 29, 43, 42, 6, 33, 13, 26, 27, 26, 43, 19, 18, 8, 32, 19, 35, 14, 31, 8, 9, 4, 34, 27, 43, 32, 33, 13, 10, 30, 26, 8, 42, 30, 16, 8, 24]","[6, 21, 8, 30, 13, 29, 43, 6, 33, 13, 26, 27, 26, 43, 18, 8, 32, 19, 35, 14, 31, 8, 9, 25, 4, 34, 27, 43, 32, 10, 10, 30, 26, 8, 42, 30, 16, 8, 24]"
L2_arctic_WAV/SKA_arctic_a0214,"[18, 27, 36, 16, 8, 19, 42, 26, 27, 41, 10, 42, 34, 21, 8, 19, 26, 41, 14, 32, 29, 21, 8, 36, 14, 40, 38, 4, 18, 43, 29, 33, 13, 34, 3, 26, 7, 19]","[18, 27, 36, 16, 8, 19, 42, 26, 8, 41, 10, 42, 34, 21, 8, 41, 14, 32, 29, 21, 8, 36, 14, 40, 38, 7, 18, 14, 29, 10, 34, 3, 26, 7, 19]"
L2_arctic_WAV/YBAA_arctic_a0003,"[24, 10, 35, 6, 4, 38, 41, 7, 32, 38, 27, 4, 12, 38, 16, 8, 31, 6, 43, 38, 27, 40, 32, 8, 9, 6, 4, 38, 39, 31, 7, 32, 11, 13, 29, 26, 43, 32, 19, 42]","[24, 10, 6, 4, 38, 41, 7, 32, 38, 27, 4, 12, 38, 16, 8, 31, 6, 7, 38, 27, 40, 32, 8, 9, 6, 4, 38, 39, 31, 7, 32, 11, 13, 29, 26, 43, 32, 19, 42]"
L2_arctic_WAV/YBAA_arctic_a0005,"[41, 8, 30, 41, 27, 7, 40, 3, 24, 10, 35, 25, 7, 38, 8, 38]","[41, 8, 30, 41, 27, 7, 40, 3, 24, 10, 35, 25, 7, 38, 8, 38]"
L2_arctic_WAV/YBAA_arctic_a0006,"[25, 5, 19, 18, 30, 7, 36, 7, 31, 16, 8, 26, 33, 13, 34, 16, 8, 30, 25, 33, 13, 5, 32, 36, 27, 8, 9, 6, 7, 31, 24, 3, 35, 7, 40, 3]","[25, 14, 19, 18, 30, 7, 36, 7, 31, 16, 8, 26, 10, 34, 16, 8, 30, 25, 10, 10, 32, 36, 27, 8, 9, 6, 7, 31, 24, 10, 35, 7, 40, 3]"
L2_arctic_WAV/YBAA_arctic_a0007,"[4, 32, 19, 28, 39, 10, 30, 41, 27, 42, 41, 10, 32, 38, 38, 8, 36, 27, 8, 38, 8, 32, 6, 27, 36, 13, 34, 3, 30, 4, 38, 8, 40, 19, 8, 25, 35, 27]","[4, 32, 19, 28, 39, 10, 30, 41, 27, 42, 41, 10, 32, 38, 38, 8, 36, 27, 8, 38, 8, 32, 6, 27, 36, 13, 34, 3, 30, 21, 8, 38, 8, 40, 19, 8, 25, 35, 27]"
L2_arctic_WAV/YBAA_arctic_a0008,"[25, 43, 19, 28, 10, 35, 30, 7, 38, 3, 29, 21, 8, 31, 20, 14, 36, 38, 8, 32, 38, 16, 8, 31]","[25, 14, 19, 28, 10, 35, 30, 7, 38, 3, 29, 7, 31, 20, 14, 36, 38, 8, 32, 38, 16, 8, 31]"
L2_arctic_WAV/YBAA_arctic_a0010,"[16, 8, 31, 34, 30, 21, 8, 8, 9, 4, 36, 8, 9, 25, 4, 30, 26, 43, 32, 19, 8, 32, 41, 14, 38, 30, 13, 29, 36, 30, 16, 8, 29, 4, 30, 39, 42, 8, 9, 25, 21, 8, 31]","[5, 31, 34, 30, 21, 8, 8, 9, 25, 7, 36, 8, 9, 25, 4, 30, 26, 43, 32, 19, 8, 32, 41, 14, 38, 30, 13, 29, 36, 30, 16, 8, 29, 4, 30, 39, 42, 8, 9, 25, 7, 31]"
L2_arctic_WAV/YBAA_arctic_a0011,"[8, 24, 16, 8, 7, 40, 3, 32, 27, 19, 8, 19, 4, 24, 16, 8, 38, 3, 8, 32, 31, 16, 8, 30, 16, 8, 24, 16, 8, 32, 27, 19, 41, 14, 32, 32, 16, 13]","[8, 24, 16, 8, 7, 40, 3, 32, 27, 19, 8, 19, 4, 24, 16, 8, 38, 3, 8, 32, 31, 16, 8, 30, 16, 8, 24, 16, 8, 32, 27, 19, 41, 14, 32, 32, 16, 13]"
L2_arctic_WAV/YBAA_arctic_a0013,"[26, 27, 41, 5, 42, 4, 26, 7, 19, 11, 10, 35, 38, 3, 6, 43, 32, 26, 8, 42, 29, 4, 31, 34, 43, 32, 28, 4, 32, 14, 40, 10, 30, 31, 33, 13, 36, 38, 19, 7, 30, 4, 29, 4, 38, 24, 4, 42, 27, 29]","[26, 27, 41, 5, 42, 4, 26, 7, 19, 11, 10, 35, 38, 4, 6, 43, 32, 26, 8, 42, 29, 4, 31, 34, 43, 32, 28, 4, 32, 10, 24, 10, 30, 31, 33, 13, 36, 19, 7, 30, 4, 29, 21, 8, 38, 24, 8, 42, 27, 29]"
L2_arctic_WAV/YBAA_arctic_a0018,"[6, 7, 35, 41, 10, 42, 4, 37, 21, 8, 32, 20, 32, 16, 13]","[6, 7, 35, 41, 10, 42, 4, 37, 21, 8, 32, 20, 32, 16, 13]"
L2_arctic_WAV/YBAA_arctic_a0019,"[16, 8, 24, 5, 30, 33, 13, 19, 6, 4, 30, 16, 8, 32, 14, 40, 6, 4, 34, 35, 4, 34, 33, 13, 42, 19, 35, 21, 8, 30, 35, 33, 13, 19, 30, 13, 29, 8, 9, 24, 10, 35, 37, 43, 32, 36, 8, 42]","[16, 8, 24, 10, 30, 10, 19, 6, 4, 30, 16, 8, 32, 14, 40, 6, 4, 34, 35, 4, 34, 10, 42, 19, 35, 7, 30, 35, 10, 19, 30, 13, 29, 8, 9, 24, 10, 35, 37, 43, 32, 36, 8, 42]"
L2_arctic_WAV/YBAA_arctic_a0020,"[29, 30, 14, 18, 42, 43, 32, 19, 18, 10, 30, 42, 43, 32, 19, 36, 8, 38, 27, 42, 25, 35, 39, 38, 4, 18, 27, 33, 13, 32, 30, 27, 31, 7, 31, 3, 27, 42]","[29, 30, 14, 18, 36, 43, 32, 18, 10, 30, 42, 43, 32, 36, 8, 38, 27, 42, 25, 35, 39, 38, 13, 18, 27, 10, 32, 30, 27, 31, 7, 31, 3, 27, 36]"
L2_arctic_WAV/YBAA_arctic_a0021,"[8, 38, 24, 7, 35, 30, 27, 29, 30, 14, 18, 19, 31, 27, 8, 32, 38, 39, 35, 7, 29, 4, 25, 32, 16, 8, 42, 8, 9, 8, 38]","[8, 38, 24, 7, 35, 30, 27, 29, 30, 14, 18, 31, 27, 8, 32, 38, 39, 35, 7, 23, 4, 25, 32, 16, 8, 42, 8, 9, 25, 8, 38]"
L2_arctic_WAV/YBAA_arctic_a0022,"[26, 5, 35, 19, 30, 27, 41, 3, 16, 13, 3, 34, 30, 43, 32, 42, 31, 21, 8, 19, 34, 14, 18, 30, 8, 29, 18, 27, 24, 10, 35, 41, 27, 41, 3, 31, 7, 38, 18, 16, 8, 34, 16, 13, 3, 24, 4, 30, 5, 34, 4, 42, 8, 11, 4, 32]","[26, 5, 19, 30, 27, 41, 3, 16, 13, 3, 34, 30, 43, 32, 42, 31, 21, 8, 19, 34, 14, 34, 30, 8, 18, 27, 24, 10, 35, 41, 27, 41, 3, 31, 7, 38, 18, 16, 8, 34, 16, 13, 3, 24, 4, 30, 5, 34, 10, 42, 8, 11, 4, 32]"
L2_arctic_WAV/YBAA_arctic_a0023,"[4, 29, 5, 31, 18, 4, 32, 21, 8, 11, 4, 32, 14, 40, 29, 4, 32, 21, 8, 19, 27, 4, 32, 29, 43, 34, 4, 38, 4, 30, 29, 41, 8, 29, 30, 27, 10, 35, 25, 4, 32, 16, 8, 42, 19, 43, 32, 19, 34, 4, 38, 8, 11, 4, 32, 19, 24, 10, 35, 6, 4, 36, 21, 8, 31, 34, 35, 8, 40, 8, 30, 8, 20, 8, 42]","[4, 29, 5, 31, 18, 4, 32, 21, 8, 11, 4, 32, 14, 40, 29, 4, 32, 21, 8, 19, 27, 4, 32, 29, 7, 34, 4, 38, 4, 30, 29, 41, 8, 29, 30, 27, 10, 35, 25, 4, 32, 16, 8, 42, 19, 43, 32, 19, 34, 4, 38, 8, 11, 4, 32, 19, 24, 10, 35, 6, 4, 36, 21, 8, 31, 34, 35, 8, 40, 8, 30, 8, 20, 8, 42]"
L2_arctic_WAV/YBAA_arctic_a0024,"[8, 38, 41, 5, 42, 31, 16, 8, 35, 8, 34, 10, 35, 38, 36, 24, 35, 14, 31, 6, 4, 32, 10, 35, 12, 41, 8, 37, 37, 27, 24, 30, 27, 8, 32, 19, 39, 36, 38, 34, 27, 34, 4, 30, 38, 39, 18, 16, 8]","[8, 38, 41, 5, 42, 31, 16, 8, 35, 7, 34, 10, 35, 38, 36, 24, 35, 14, 31, 6, 4, 32, 10, 35, 12, 41, 8, 37, 37, 27, 24, 30, 27, 8, 32, 19, 28, 39, 36, 38, 34, 27, 34, 4, 30, 38, 39, 18, 16, 8]"
L2_arctic_WAV/YBAA_arctic_a0025,"[16, 8, 41, 14, 42, 4, 18, 16, 13, 38, 38, 4, 19, 39, 6, 8, 36, 41, 7, 32, 29, 39, 30, 3, 20, 14, 20, 31, 4, 32, 38, 34, 35, 8, 40, 21, 8, 30, 19]","[16, 8, 41, 14, 42, 4, 18, 16, 13, 38, 38, 4, 19, 39, 6, 8, 36, 41, 23, 32, 29, 39, 30, 3, 20, 14, 20, 31, 4, 32, 38, 34, 35, 8, 40, 21, 8, 30, 19]"
L2_arctic_WAV/YBAA_arctic_a0026,"[8, 38, 4, 29, 3, 19, 38, 4, 31, 27, 6, 43, 38, 6, 7, 35, 41, 13, 19, 26, 43, 40, 38, 4, 18, 27, 43, 32, 4, 29, 16, 13, 32, 38, 8, 9]","[8, 38, 4, 29, 7, 3, 19, 38, 4, 31, 27, 6, 43, 38, 6, 7, 35, 41, 13, 19, 26, 43, 40, 38, 4, 18, 27, 43, 32, 4, 29, 16, 13, 32, 38, 8, 9]"
L2_arctic_WAV/YBAA_arctic_a0027,"[38, 39, 31, 16, 8, 36, 3, 34, 35, 16, 8, 42, 26, 27, 18, 8, 25, 43, 32, 38, 4, 11, 33, 13, 43, 29, 37, 4, 41, 4, 30, 8, 32, 12, 39, 42, 27, 43, 42, 4, 31, 8, 32, 31, 16, 8, 24, 21, 8, 40, 3]","[38, 39, 31, 16, 8, 36, 3, 34, 35, 16, 8, 42, 26, 27, 18, 8, 25, 43, 32, 38, 4, 11, 10, 43, 29, 37, 4, 41, 4, 30, 8, 32, 12, 39, 36, 27, 43, 42, 4, 31, 8, 32, 31, 16, 8, 24, 7, 40, 3]"
L2_arctic_WAV/YBAA_arctic_a0028,"[35, 5, 18, 3, 27, 18, 35, 16, 8, 18, 3, 27, 24, 35, 10, 19]","[35, 10, 18, 3, 27, 18, 35, 16, 8, 18, 7, 3, 27, 24, 35, 10, 19]"
L2_arctic_WAV/YBAA_arctic_a0029,"[6, 7, 35, 24, 10, 35, 36, 8, 42, 41, 3, 10, 30, 35, 7, 19, 27, 31, 39, 40, 8, 9, 8, 32, 38, 4, 6, 4, 32, 10, 35, 12, 29, 14, 32, 38, 35, 27]","[6, 7, 35, 24, 10, 35, 36, 8, 42, 41, 3, 10, 30, 35, 7, 19, 27, 31, 39, 40, 8, 9, 25, 8, 32, 38, 4, 6, 4, 32, 10, 35, 12, 29, 14, 32, 38, 35, 27]"
L2_arctic_WAV/YBAA_arctic_a0030,"[16, 8, 26, 43, 19, 24, 21, 8, 12, 8, 32, 6, 7, 31]","[16, 8, 26, 43, 19, 24, 21, 8, 12, 8, 32, 6, 7, 31]"
L2_arctic_WAV/YBAA_arctic_a0031,"[6, 21, 8, 41, 3, 12, 35, 27, 26, 14, 32, 19, 35, 8, 19, 28, 5, 35, 19, 42, 4, 34, 5, 35, 38]","[6, 21, 8, 41, 3, 12, 35, 27, 26, 14, 32, 19, 35, 8, 19, 28, 5, 35, 19, 42, 4, 34, 5, 35, 38]"
L2_arctic_WAV/YBAA_arctic_a0032,"[36, 8, 32, 36, 6, 7, 32, 36, 14, 31, 31, 8, 36, 38, 8, 35, 27, 4, 36, 24, 10, 35, 36, 26, 43, 42, 18, 8, 32, 24, 16, 8, 38, 8, 9, 14, 36, 43, 38, 7, 40, 35, 27, 36, 38, 7, 34]","[36, 8, 32, 42, 6, 7, 32, 36, 14, 31, 31, 8, 36, 38, 8, 35, 27, 4, 36, 24, 10, 35, 36, 26, 43, 42, 18, 8, 32, 24, 16, 8, 38, 8, 9, 25, 14, 36, 43, 38, 7, 40, 35, 27, 36, 38, 7, 34]"
L2_arctic_WAV/YBAA_arctic_a0036,"[11, 27, 38, 3, 32, 19, 8, 32, 43, 38, 6, 4, 26, 33, 13, 38, 7, 30]","[11, 27, 38, 4, 32, 19, 8, 32, 43, 38, 6, 4, 26, 10, 38, 7, 30]"
L2_arctic_WAV/YBAA_arctic_a0037,"[16, 8, 41, 14, 42, 6, 4, 33, 13, 32, 30, 27, 41, 14, 32, 26, 39, 35, 27, 31, 21, 8, 32, 19, 36, 8, 38, 8, 9]","[16, 8, 41, 14, 42, 6, 4, 10, 32, 30, 27, 41, 14, 32, 26, 39, 35, 27, 31, 7, 32, 19, 36, 8, 38, 8, 9, 25]"
L2_arctic_WAV/YBAA_arctic_a0038,"[41, 27, 30, 26, 43, 40, 38, 39, 41, 10, 37, 16, 13, 35, 37, 43, 32, 36, 4, 42]","[41, 27, 30, 26, 43, 40, 38, 39, 41, 13, 37, 16, 13, 35, 37, 43, 32, 36, 4, 42]"
L2_arctic_WAV/YBAA_arctic_a0039,"[6, 4, 11, 8, 34, 11, 13, 19, 18, 27, 8, 32, 41, 8, 6, 8, 32, 4, 41, 27, 29, 10, 35, 38, 7, 32, 19, 21, 8, 42]","[6, 4, 11, 8, 34, 11, 13, 19, 18, 27, 8, 32, 41, 8, 6, 8, 32, 4, 41, 27, 29, 10, 35, 38, 7, 32, 19, 21, 8, 36]"
L2_arctic_WAV/YBAA_arctic_a0040,"[16, 8, 36, 4, 34, 33, 13, 42, 28, 39, 41, 14, 32, 19, 3, 41, 16, 8, 11, 27, 8, 42, 29, 14, 31, 8, 9, 14, 34, 26, 27, 35]","[16, 8, 36, 4, 18, 10, 42, 28, 39, 41, 14, 32, 19, 3, 41, 16, 8, 11, 27, 8, 42, 29, 14, 31, 8, 9, 25, 14, 34, 26, 27, 35]"
L2_arctic_WAV/YBAA_arctic_a0041,"[31, 27, 32, 41, 16, 8, 30, 16, 8, 30, 25, 33, 13, 16, 13, 38, 38, 4, 18, 35, 27, 6, 4, 36, 34, 7, 30]","[31, 27, 32, 41, 16, 8, 30, 16, 8, 30, 25, 10, 16, 13, 38, 13, 18, 35, 27, 12, 4, 36, 34, 7, 30]"
L2_arctic_WAV/YBAA_arctic_a0042,"[26, 16, 13, 29, 13, 19, 26, 27, 8, 29, 36, 34, 30, 21, 8, 32, 26, 8, 42, 34, 4, 42, 7, 11, 4, 32, 14, 40, 6, 4, 36, 29, 7, 37]","[26, 16, 13, 29, 13, 19, 26, 27, 8, 29, 36, 34, 30, 7, 32, 26, 8, 42, 34, 4, 36, 7, 11, 4, 32, 14, 40, 6, 4, 36, 29, 7, 37]"
L2_arctic_WAV/YBAA_arctic_a0045,"[26, 27, 31, 39, 40, 19, 4, 41, 21, 8, 43, 42, 29, 41, 16, 8, 4, 38, 30, 27, 43, 42, 26, 27, 26, 43, 19, 29, 14, 31]","[26, 27, 31, 39, 40, 19, 4, 41, 21, 8, 43, 42, 29, 41, 16, 8, 4, 38, 30, 27, 43, 42, 26, 27, 26, 43, 19, 29, 14, 31]"
L2_arctic_WAV/YBAA_arctic_a0046,"[6, 4, 25, 3, 30, 24, 21, 8, 36, 38, 26, 8, 31, 26, 3, 16, 8, 42, 11, 16, 8, 32, 8, 9, 41, 8, 12, 36, 14, 19, 4, 32, 24, 8, 35]","[6, 4, 25, 7, 3, 30, 24, 21, 8, 36, 38, 26, 8, 31, 26, 7, 3, 16, 8, 42, 11, 16, 8, 32, 8, 9, 25, 41, 8, 12, 36, 14, 19, 4, 32, 24, 8, 35]"
L2_arctic_WAV/YBAA_arctic_a0047,"[29, 30, 33, 13, 42, 18, 8, 36, 16, 8, 19, 26, 8, 31, 25, 30, 27, 31, 19, 6, 4, 41, 16, 8, 38, 24, 43, 9, 42, 14, 40, 6, 27, 41, 13, 30, 24, 19, 10, 25]","[29, 30, 10, 42, 18, 8, 36, 16, 8, 19, 26, 8, 31, 25, 30, 27, 31, 19, 6, 4, 41, 16, 8, 38, 24, 43, 9, 42, 14, 40, 6, 27, 41, 13, 30, 24, 19, 19, 10, 25]"
L2_arctic_WAV/YBAA_arctic_a0048,"[26, 27, 30, 13, 29, 38, 43, 38, 6, 27, 26, 43, 9, 29, 3, 37, 27, 24, 31, 10, 35, 29, 30, 33, 13, 36, 30, 27]","[26, 27, 30, 13, 29, 38, 43, 19, 6, 7, 26, 43, 9, 19, 29, 3, 37, 27, 24, 31, 10, 35, 29, 30, 10, 42, 30, 27]"
L2_arctic_WAV/YBAA_arctic_a0051,"[6, 27, 30, 21, 8, 36, 41, 5, 42, 14, 40, 4, 19, 7, 30, 4, 29, 4, 38, 16, 8, 40, 3, 27, 29, 14, 30, 3, 24, 21, 8, 32, 38, 30, 27, 38, 8, 32, 38, 8, 19, 41, 8, 6, 28, 7, 30, 33, 13]","[6, 27, 30, 21, 8, 36, 41, 5, 42, 14, 40, 4, 19, 7, 30, 4, 29, 4, 38, 16, 8, 40, 10, 27, 29, 14, 30, 3, 24, 8, 32, 38, 30, 27, 38, 8, 32, 38, 8, 19, 41, 8, 6, 28, 7, 30, 13]"
L2_arctic_WAV/YBAA_arctic_a0052,"[8, 38, 41, 5, 42, 4, 29, 28, 13, 35, 27, 4, 36, 29, 33, 13, 8, 32, 36, 8, 19, 4, 32, 36]","[8, 38, 41, 5, 42, 4, 29, 28, 13, 35, 27, 4, 36, 29, 33, 13, 8, 32, 36, 8, 19, 4, 32, 36]"
L2_arctic_WAV/YBAA_arctic_a0053,"[36, 14, 19, 4, 32, 30, 27, 26, 8, 42, 24, 8, 9, 25, 3, 42, 29, 30, 33, 13, 42, 19, 38, 16, 8, 38, 30, 27, 33, 13, 40, 3, 6, 27, 26, 43, 9, 29, 3, 37, 27, 24]","[36, 14, 19, 4, 32, 30, 27, 26, 8, 42, 24, 8, 9, 25, 3, 36, 29, 30, 39, 36, 38, 16, 8, 38, 30, 27, 33, 13, 40, 3, 6, 27, 26, 43, 19, 29, 3, 37, 27, 24]"
L2_arctic_WAV/YBAA_arctic_a0054,"[6, 7, 35, 41, 5, 42, 32, 14, 12, 8, 9, 10, 32, 6, 4, 35, 5, 29]","[6, 7, 35, 41, 5, 42, 32, 14, 12, 8, 9, 10, 32, 6, 4, 35, 33, 13, 29]"
L2_arctic_WAV/YBAA_arctic_a0058,"[16, 8, 29, 21, 8, 31, 24, 10, 35, 8, 32, 24, 3, 31, 21, 8, 11, 4, 32, 31, 10, 35, 16, 13, 38, 4, 40, 29, 28, 13, 35, 27, 5, 36, 4, 38, 27, 6, 43, 32, 7, 32, 27, 12, 8, 9, 7, 30, 36]","[16, 8, 29, 7, 31, 24, 10, 35, 8, 32, 24, 3, 31, 21, 8, 11, 8, 32, 31, 10, 35, 16, 13, 38, 4, 40, 29, 28, 13, 35, 27, 5, 36, 4, 38, 27, 6, 43, 32, 7, 32, 27, 12, 8, 9, 7, 30, 36]"
L2_arctic_WAV/YBAA_arctic_a0059,"[26, 8, 42, 8, 31, 43, 29, 28, 39, 30, 8, 38, 4, 34, 8, 35, 4, 32, 36, 41, 5, 42, 25, 10, 32]","[26, 8, 42, 8, 31, 8, 29, 28, 39, 30, 8, 38, 4, 34, 8, 35, 4, 32, 36, 41, 5, 42, 25, 10, 32]"
L2_arctic_WAV/YBAA_arctic_a0060,"[7, 32, 27, 41, 21, 8, 32, 33, 13, 41, 14, 32, 36, 10, 26, 3, 30, 16, 8, 29, 6, 43, 38]","[7, 32, 27, 41, 21, 8, 32, 33, 13, 41, 14, 32, 36, 10, 26, 3, 30, 16, 8, 29, 6, 43, 38]"
L2_arctic_WAV/YBAA_arctic_a0062,"[6, 27, 31, 7, 32, 36, 38, 7, 35, 19, 8, 32, 38, 39, 27, 37, 14, 6, 3, 42, 24, 21, 8, 36]","[6, 27, 31, 8, 32, 36, 38, 8, 35, 19, 8, 32, 38, 39, 27, 37, 14, 6, 3, 42, 24, 7, 36]"
L2_arctic_WAV/YBAA_arctic_a0063,"[28, 7, 36, 8, 38, 41, 5, 42, 4, 31, 43, 32, 26, 39, 43, 36, 38, 4, 36, 38, 35, 21, 8, 32, 20, 3]","[28, 7, 36, 8, 38, 41, 5, 42, 4, 31, 43, 32, 26, 39, 5, 36, 38, 4, 36, 38, 35, 21, 8, 32, 20, 3]"
L2_arctic_WAV/YBAA_arctic_a0064,"[6, 14, 24, 10, 35, 12, 43, 32, 19, 24, 8, 24, 12, 19, 21, 8, 42, 34, 43, 36, 38, 41, 8, 6, 16, 13, 38, 7, 32, 27, 19, 8, 40, 7, 30, 4, 34, 31, 4, 32, 38, 36]","[6, 14, 24, 10, 35, 12, 43, 32, 19, 24, 8, 24, 12, 19, 21, 8, 42, 18, 5, 36, 38, 41, 8, 6, 16, 13, 38, 7, 32, 27, 19, 8, 40, 4, 30, 4, 34, 31, 4, 32, 38, 36]"
L2_arctic_WAV/YBAA_arctic_a0065,"[6, 21, 8, 29, 30, 33, 13, 42, 19, 32, 16, 13, 4, 32, 38, 8, 30, 26, 8, 42, 24, 8, 9, 25, 3, 42, 41, 3, 30, 16, 8, 29, 29, 10, 35, 19, 42, 14, 40, 36, 38, 27, 30]","[6, 21, 8, 29, 30, 33, 13, 42, 19, 32, 16, 13, 4, 32, 38, 8, 30, 26, 8, 42, 24, 8, 9, 25, 3, 42, 41, 7, 30, 16, 8, 29, 29, 10, 35, 19, 42, 14, 40, 36, 38, 27, 30]"
L2_arctic_WAV/YBAA_arctic_a0067,"[11, 13, 35, 30, 27, 16, 8, 41, 4, 30, 8, 29, 36, 29, 28, 39, 42, 28, 39, 11, 27, 29, 35, 16, 8, 19]","[11, 13, 30, 27, 16, 8, 41, 4, 30, 8, 29, 36, 29, 28, 39, 42, 28, 39, 11, 27, 29, 35, 16, 8, 19]"
L2_arctic_WAV/YBAA_arctic_a0071,"[26, 41, 14, 38, 41, 5, 42, 6, 27, 5, 18, 20, 7, 29, 38, 14, 40, 28, 10, 35, 30, 8, 38, 4, 30, 36, 7, 32, 36, 21, 8, 11, 4, 32]","[26, 41, 14, 38, 41, 5, 42, 6, 27, 5, 18, 20, 7, 29, 38, 14, 40, 28, 10, 35, 30, 8, 38, 4, 30, 36, 7, 32, 36, 21, 8, 11, 4, 32]"
L2_arctic_WAV/YBAA_arctic_a0073,"[6, 14, 34, 35, 4, 31, 33, 13, 38, 3, 42, 16, 8, 42, 41, 3, 26, 7, 40, 27, 41, 8, 6, 30, 8, 38, 4, 30, 34, 14, 24, 27, 18, 43, 25, 42, 14, 32, 19, 3, 6, 7, 31]","[6, 14, 34, 35, 4, 31, 33, 13, 38, 3, 42, 16, 8, 42, 41, 7, 26, 8, 40, 27, 41, 8, 6, 30, 8, 38, 4, 30, 34, 14, 24, 27, 18, 43, 25, 42, 14, 32, 19, 35, 6, 7, 31]"
L2_arctic_WAV/YBAA_arctic_a0075,"[6, 7, 35, 26, 43, 42, 18, 8, 32, 4, 37, 21, 8, 32, 20, 11, 27, 8, 32, 38, 3, 14, 34, 38, 8, 19, 26, 8, 31]","[6, 7, 35, 26, 43, 42, 18, 8, 32, 4, 37, 8, 32, 20, 11, 27, 8, 32, 38, 3, 14, 34, 38, 8, 19, 26, 8, 31]"
L2_arctic_WAV/YBAA_arctic_a0076,"[6, 27, 25, 35, 21, 8, 16, 8, 42, 24, 5, 30, 38, 3, 19, 6, 4, 24, 30, 14, 11, 19, 27, 34, 4, 32, 19]","[6, 27, 25, 35, 21, 8, 16, 8, 42, 24, 5, 30, 38, 3, 19, 6, 4, 24, 30, 14, 11, 19, 27, 34, 4, 32, 19]"
L2_arctic_WAV/YBAA_arctic_a0077,"[8, 38, 8, 42, 6, 4, 24, 16, 8, 3, 34, 5, 35, 38, 30, 27, 11, 27, 36, 7, 19]","[8, 38, 8, 42, 6, 4, 24, 16, 8, 3, 34, 5, 35, 38, 30, 27, 11, 27, 36, 21, 8, 19]"
L2_arctic_WAV/YBAA_arctic_a0078,"[6, 7, 32, 43, 32, 19, 43, 38, 36, 14, 34, 3, 26, 27, 38, 35, 16, 8, 19, 38, 39, 24, 43, 6, 4, 31, 26, 3]","[6, 7, 32, 43, 32, 19, 43, 38, 36, 34, 3, 26, 27, 38, 35, 16, 8, 19, 38, 39, 24, 43, 6, 4, 31, 26, 8]"
L2_arctic_WAV/YBAA_arctic_a0079,"[8, 38, 41, 5, 42, 4, 30, 5, 35, 20, 29, 4, 32, 39]","[8, 38, 41, 5, 42, 4, 30, 5, 35, 20, 29, 4, 32, 39]"
L2_arctic_WAV/YBAA_arctic_a0081,"[26, 41, 14, 38, 8, 24, 11, 27, 19, 8, 19, 32, 5, 38, 29, 14, 31, 38, 4, 6, 4, 35, 5, 29]","[26, 41, 14, 38, 8, 24, 11, 27, 19, 8, 19, 32, 5, 38, 29, 14, 31, 38, 4, 6, 4, 35, 10, 29]"
L2_arctic_WAV/YBAA_arctic_a0082,"[26, 8, 42, 24, 21, 8, 36, 41, 5, 42, 36, 38, 35, 27, 31, 8, 9, 41, 8, 12, 18, 30, 14, 19]","[26, 8, 42, 24, 8, 36, 41, 5, 42, 36, 38, 35, 27, 31, 8, 9, 41, 8, 12, 18, 30, 14, 19]"
L2_arctic_WAV/YBAA_arctic_a0085,"[4, 38, 35, 8, 29, 4, 30, 14, 40, 24, 35, 7, 11, 18, 30, 14, 19, 35, 43, 32, 33, 13, 40, 3, 26, 8, 42, 24, 21, 8, 36]","[4, 38, 35, 8, 29, 4, 30, 14, 40, 24, 35, 7, 11, 18, 30, 14, 19, 35, 43, 32, 33, 13, 40, 3, 26, 8, 42, 24, 8, 36]"
L2_arctic_WAV/YBAA_arctic_a0086,"[19, 7, 12, 26, 43, 19, 29, 14, 31, 41, 8, 12, 38, 7, 35, 4, 18, 4, 30, 36, 14, 19, 4, 32, 32, 4, 36]","[19, 7, 12, 26, 43, 19, 29, 14, 31, 41, 8, 12, 38, 3, 35, 4, 18, 4, 30, 36, 14, 19, 4, 32, 32, 4, 36]"
L2_arctic_WAV/YBAA_arctic_a0088,"[26, 27, 31, 21, 8, 19, 11, 13, 35, 6, 4, 38, 6, 27, 31, 43, 25, 4, 42, 27, 32, 41, 5, 42, 30, 33, 13, 19, 8, 19, 4, 32, 19, 35, 8, 42, 39, 31, 19, 26, 8, 42, 34, 43, 19, 4, 30, 8, 9]","[26, 27, 31, 21, 8, 19, 37, 13, 35, 6, 4, 38, 6, 27, 31, 8, 25, 4, 42, 27, 32, 41, 5, 42, 30, 33, 13, 19, 8, 19, 4, 32, 19, 35, 8, 42, 39, 31, 19, 26, 8, 42, 34, 43, 19, 4, 30, 8, 9]"
L2_arctic_WAV/YBAA_arctic_a0089,"[6, 27, 32, 16, 8, 38, 25, 30, 33, 13, 41, 5, 42, 38, 35, 7, 37, 3, 4, 36, 38, 39, 11, 39, 38, 18, 16, 8]","[6, 27, 32, 16, 8, 38, 25, 30, 39, 41, 5, 42, 38, 35, 7, 37, 3, 4, 36, 38, 39, 11, 39, 38, 18, 16, 8]"
L2_arctic_WAV/YBAA_arctic_a0090,"[6, 27, 36, 8, 9, 8, 9, 40, 10, 8, 36, 4, 34, 35, 33, 13, 37, 38, 35, 43, 34, 4, 19, 30, 27]","[6, 27, 36, 8, 9, 8, 9, 40, 10, 8, 36, 4, 34, 35, 33, 13, 37, 38, 35, 43, 34, 4, 19, 30, 27]"
L2_arctic_WAV/YBAA_arctic_a0091,"[26, 8, 42, 18, 30, 14, 19, 25, 35, 39, 26, 5, 38, 41, 8, 6, 35, 21, 8, 20, 43, 38, 6, 27, 12, 10, 38]","[26, 8, 42, 18, 30, 14, 19, 25, 35, 39, 26, 5, 38, 41, 8, 6, 35, 21, 8, 20, 43, 38, 6, 27, 12, 10, 38]"
L2_arctic_WAV/YBAA_arctic_a0092,"[26, 27, 41, 7, 32, 38, 19, 16, 13, 32, 8, 32, 31, 8, 19, 36, 38, 35, 27, 31, 36, 3, 37, 8, 9, 6, 27, 11, 43, 19, 33, 13, 42, 14, 40, 18, 33, 13, 12, 11, 10, 35, 42]","[26, 27, 41, 7, 32, 38, 19, 16, 13, 32, 8, 32, 31, 8, 19, 36, 38, 35, 27, 31, 36, 3, 37, 8, 9, 6, 27, 11, 43, 19, 33, 13, 42, 14, 40, 18, 10, 12, 11, 10, 35, 42]"
L2_arctic_WAV/YBAA_arctic_a0093,"[24, 10, 35, 4, 24, 13, 30, 31, 8, 32, 4, 38, 26, 27, 29, 35, 16, 13, 37, 38, 4, 32, 19, 30, 8, 36, 4, 32, 19]","[24, 10, 35, 4, 24, 13, 30, 31, 8, 32, 4, 38, 26, 27, 29, 35, 10, 37, 38, 4, 32, 19, 30, 8, 36, 4, 32, 19]"
L2_arctic_WAV/YBAA_arctic_a0095,"[4, 18, 8, 25, 29, 43, 32, 40, 4, 36, 38, 7, 32, 38, 41, 10, 42, 6, 4, 24, 3, 36, 38, 12, 8, 9, 38, 39, 29, 14, 31, 41, 8, 6, 8, 32, 26, 8, 42, 40, 8, 15, 4, 32]","[4, 18, 8, 25, 29, 43, 32, 40, 4, 36, 38, 7, 32, 38, 41, 10, 42, 6, 4, 24, 8, 36, 38, 12, 8, 9, 38, 39, 29, 14, 31, 41, 8, 6, 8, 32, 26, 8, 42, 40, 8, 15, 4, 32]"
L2_arctic_WAV/YBAA_arctic_a0096,"[34, 3, 26, 43, 34, 36, 11, 27, 26, 43, 19, 10, 35, 7, 19, 27, 31, 7, 38, 26, 3, 24, 21, 8, 38, 4, 30, 8, 38, 4, 30, 19, 27, 34, 3, 8, 32, 6, 14, 24, 10, 35, 4, 36, 38]","[34, 3, 26, 43, 34, 36, 11, 27, 26, 43, 19, 10, 35, 7, 19, 27, 31, 7, 38, 26, 3, 24, 21, 8, 38, 4, 30, 8, 38, 4, 30, 19, 27, 34, 3, 8, 32, 6, 14, 24, 10, 35, 4, 36, 38]"
L2_arctic_WAV/YBAA_arctic_a0097,"[6, 7, 32, 28, 39, 29, 43, 32, 3, 21, 8, 32, 20, 28, 10, 35, 36, 7, 30, 24, 29, 14, 31, 24, 3, 38, 4, 18, 30, 27, 4, 31, 14, 9, 6, 27, 42, 35, 33, 13, 18, 42, 8, 32, 6, 27, 18, 33, 13]","[6, 7, 32, 28, 39, 29, 43, 32, 3, 21, 8, 32, 20, 28, 10, 35, 36, 7, 30, 24, 29, 14, 31, 24, 3, 38, 4, 18, 30, 27, 4, 31, 14, 9, 6, 27, 42, 35, 33, 13, 18, 42, 8, 32, 6, 27, 18, 33, 13]"
L2_arctic_WAV/YBAA_arctic_a0098,"[11, 43, 30, 16, 8, 29, 7, 35, 27, 28, 39]","[11, 43, 30, 16, 8, 29, 7, 35, 27, 28, 39]"
L2_arctic_WAV/YBAA_arctic_a0099,"[4, 31, 43, 19, 4, 32, 8, 9, 20, 10, 8, 34, 16, 13, 32, 19, 8, 19, 8, 32, 26, 8, 42, 18, 35, 21, 8, 32]","[4, 31, 43, 19, 4, 32, 8, 9, 20, 10, 8, 18, 16, 13, 32, 19, 8, 19, 8, 32, 26, 8, 42, 18, 35, 21, 8, 32]"
L2_arctic_WAV/YBAA_arctic_a0100,"[28, 39, 31, 14, 36, 38, 36, 30, 27, 34, 26, 27, 3, 20, 19]","[28, 39, 31, 14, 36, 4, 36, 30, 27, 34, 26, 27, 3, 19]"
L2_arctic_WAV/YBAA_arctic_a0101,"[28, 39, 28, 39, 41, 13, 19, 32, 5, 38, 29, 27, 34, 6, 4, 38, 35, 39, 12, 24, 35, 14, 31, 31, 27]","[28, 39, 28, 39, 41, 13, 19, 32, 10, 38, 29, 27, 34, 6, 4, 38, 35, 39, 38, 24, 35, 10, 31, 31, 27]"
L2_arctic_WAV/YBAA_arctic_a0102,"[26, 27, 41, 4, 30, 24, 5, 30, 33, 13, 14, 36, 36, 39, 32]","[26, 27, 41, 4, 30, 24, 33, 13, 30, 33, 13, 14, 36, 36, 13, 32]"
L2_arctic_WAV/YBAA_arctic_a0103,"[18, 14, 38, 6, 7, 35, 29, 21, 8, 31, 32, 33, 13, 34, 35, 5, 31, 4, 36, 24, 35, 14, 31, 6, 4, 18, 33, 13, 14, 40, 6, 27, 29, 4, 32, 39]","[18, 14, 38, 6, 7, 35, 29, 21, 8, 31, 32, 33, 13, 34, 35, 5, 31, 4, 36, 24, 35, 14, 31, 6, 8, 18, 33, 13, 14, 40, 6, 27, 29, 43, 32, 39]"
L2_arctic_WAV/YBAA_arctic_a0104,"[11, 27, 41, 5, 42, 36, 30, 27, 34, 8, 9, 14, 32, 19, 3, 26, 8, 42, 34, 35, 4, 38, 7, 29, 11, 4, 32, 43, 42, 36, 41, 27, 38, 30, 27, 7, 42, 4, 37, 16, 8, 30, 19]","[11, 27, 41, 5, 42, 36, 30, 27, 18, 8, 9, 14, 32, 19, 3, 26, 8, 42, 34, 35, 33, 13, 38, 7, 29, 11, 4, 32, 43, 42, 36, 41, 27, 38, 30, 27, 7, 42, 4, 37, 16, 8, 30, 19]"
L2_arctic_WAV/YBAA_arctic_a0105,"[33, 13, 32, 30, 27, 8, 38, 8, 42, 36, 33, 13, 41, 14, 32, 19, 3, 24, 4, 30, 36, 33, 13, 10, 30, 31, 33, 13, 36, 38, 8, 31, 34, 5, 36, 4, 18, 4, 30, 38, 39, 18, 8, 30, 27, 40]","[33, 13, 32, 30, 27, 8, 38, 36, 36, 33, 13, 41, 14, 32, 19, 3, 24, 39, 30, 36, 33, 13, 10, 30, 31, 33, 13, 36, 38, 8, 31, 34, 5, 42, 4, 18, 7, 30, 38, 39, 18, 8, 30, 27, 40]"
L2_arctic_WAV/YBAA_arctic_a0106,"[6, 27, 8, 31, 33, 13, 11, 4, 32, 41, 8, 37, 11, 27, 26, 43, 19, 36, 4, 34, 35, 7, 36, 38, 18, 3, 36, 38, 24, 10, 35, 12, 32, 16, 13, 8, 32, 4, 37, 33, 13, 29, 8, 9, 36, 5, 18]","[6, 27, 8, 31, 33, 13, 11, 4, 32, 41, 8, 37, 11, 27, 26, 43, 19, 36, 4, 18, 35, 7, 36, 38, 18, 14, 36, 38, 24, 10, 35, 12, 32, 16, 13, 8, 32, 4, 37, 33, 13, 29, 8, 9, 36, 5, 18]"
L2_arctic_WAV/YBAA_arctic_a0107,"[8, 24, 28, 39, 33, 13, 32, 30, 27, 29, 13, 19, 32, 33, 13, 26, 16, 13, 16, 8, 12, 43, 9, 29, 28, 39]","[8, 24, 28, 39, 33, 13, 32, 30, 27, 29, 13, 19, 32, 33, 13, 26, 16, 13, 16, 8, 12, 43, 9, 29, 28, 39]"
L2_arctic_WAV/YBAA_arctic_a0108,"[26, 27, 41, 21, 8, 19, 8, 19, 8, 32, 38, 4, 6, 4, 7, 20, 4, 40, 6, 4, 41, 10, 38, 3, 43, 32, 19, 18, 8, 25, 43, 32, 36, 29, 35, 14, 18, 8, 9, 26, 8, 31, 36, 7, 30, 24]","[26, 27, 41, 21, 8, 19, 8, 19, 8, 32, 38, 4, 6, 4, 7, 20, 4, 40, 6, 8, 41, 10, 38, 3, 43, 32, 19, 18, 8, 25, 43, 32, 36, 29, 35, 14, 18, 8, 9, 26, 8, 31, 36, 7, 30, 24]"
L2_arctic_WAV/YBAA_arctic_a0109,"[19, 39, 28, 39, 32, 33, 13, 6, 43, 38, 28, 39, 5, 35, 11, 21, 8, 29, 8, 9, 31, 16, 8, 29, 5, 32, 24, 4, 19, 4, 32, 36, 8, 32, 28, 39]","[19, 39, 28, 39, 32, 33, 13, 6, 43, 38, 28, 39, 5, 35, 11, 21, 8, 29, 8, 9, 31, 16, 8, 29, 5, 32, 24, 8, 19, 4, 32, 36, 8, 32, 28, 39]"
L2_arctic_WAV/YBAA_arctic_a0111,"[8, 32, 36, 38, 7, 19, 26, 27, 20, 10, 8, 32, 19, 26, 3, 35, 43, 32, 19, 6, 21, 8, 21, 8, 38, 30, 16, 8, 29, 38, 39, 26, 14, 9, 25, 35, 27, 37, 8, 30, 19, 35, 4, 32]","[8, 32, 36, 38, 7, 19, 26, 27, 20, 10, 8, 32, 19, 26, 7, 35, 43, 32, 19, 6, 21, 8, 21, 8, 38, 30, 16, 8, 29, 38, 39, 26, 14, 9, 25, 35, 27, 37, 8, 30, 19, 35, 4, 32]"
L2_arctic_WAV/YBAA_arctic_a0112,"[26, 27, 41, 5, 42, 41, 39, 32, 19, 4, 19, 8, 32, 6, 4, 5, 35, 31]","[26, 27, 41, 5, 42, 41, 10, 32, 19, 4, 19, 8, 32, 6, 4, 5, 31]"
L2_arctic_WAV/YBAA_arctic_a0113,"[16, 8, 36, 4, 34, 33, 13, 42, 28, 39, 34, 8, 29, 38, 6, 43, 38, 30, 8, 9, 25, 33, 13, 14, 34, 4, 31, 14, 9, 6, 27, 8, 32, 19, 27, 4, 32, 42]","[16, 8, 36, 4, 18, 33, 13, 42, 28, 39, 18, 8, 29, 38, 6, 43, 38, 30, 8, 9, 25, 33, 13, 14, 34, 4, 31, 10, 9, 6, 27, 8, 32, 19, 27, 4, 32, 36]"
L2_arctic_WAV/YBAA_arctic_a0115,"[26, 27, 26, 43, 19, 32, 33, 13, 8, 29, 36, 29, 28, 39, 42, 24, 10, 35, 6, 4, 24, 27, 30, 8, 9, 42, 41, 8, 37, 41, 3, 35, 3, 16, 13, 42, 19, 8, 32, 26, 8, 31]","[26, 27, 26, 43, 19, 32, 33, 13, 8, 29, 36, 27, 29, 28, 39, 42, 24, 10, 35, 6, 4, 24, 27, 30, 8, 9, 42, 41, 8, 37, 41, 3, 35, 3, 33, 13, 42, 19, 8, 32, 26, 8, 31]"
L2_arctic_WAV/YBAA_arctic_a0116,"[41, 10, 42, 8, 38, 6, 4, 35, 5, 32, 19, 8, 40, 39, 14, 40, 6, 33, 13, 42, 26, 39, 41, 3, 36, 38, 35, 16, 8, 40, 8, 9, 38, 39, 41, 3, 35, 29, 26, 8, 42, 35, 39, 4, 32]","[41, 10, 42, 8, 38, 6, 4, 35, 43, 32, 19, 8, 40, 39, 10, 24, 6, 33, 13, 42, 26, 39, 41, 3, 36, 38, 35, 16, 8, 40, 8, 9, 38, 39, 41, 10, 35, 29, 26, 8, 42, 35, 39, 32]"
L2_arctic_WAV/YBAA_arctic_a0117,"[11, 27, 43, 19, 4, 19, 41, 8, 6, 20, 7, 32, 28, 4, 41, 4, 32, 36, 8, 31, 34, 4, 12, 27, 8, 32, 26, 3, 35, 24, 21, 8, 36, 43, 32, 19, 40, 10, 8, 36]","[11, 27, 43, 19, 4, 19, 41, 8, 6, 20, 27, 32, 39, 41, 4, 32, 36, 8, 31, 34, 4, 12, 27, 8, 32, 26, 7, 35, 24, 21, 8, 36, 43, 32, 19, 40, 10, 8, 36]"
L2_arctic_WAV/YBAA_arctic_a0120,"[31, 16, 8, 35, 16, 8, 38, 24, 13, 38, 24, 27, 30, 42, 30, 16, 8, 29, 14, 40, 4, 37, 16, 8, 32, 27, 42, 19, 7, 18, 28, 4, 38, 5, 32, 38]","[31, 16, 8, 35, 16, 8, 38, 24, 13, 38, 24, 27, 30, 42, 30, 16, 8, 29, 10, 24, 4, 37, 16, 8, 32, 27, 42, 19, 7, 18, 39, 38, 5, 32, 38]"
L2_arctic_WAV/YBAA_arctic_a0121,"[6, 21, 8, 21, 8, 38, 19, 8, 32, 3, 43, 38, 6, 4, 24, 8, 24, 12, 43, 32, 19, 35, 7, 36, 38, 4, 19, 24, 10, 35, 38, 39, 16, 13, 3, 42]","[6, 21, 8, 21, 8, 38, 19, 8, 32, 3, 43, 38, 6, 7, 24, 8, 24, 12, 43, 32, 19, 35, 7, 36, 38, 4, 19, 24, 10, 35, 38, 39, 16, 13, 3, 36]"
L2_arctic_WAV/YBAA_arctic_a0122,"[38, 39, 28, 3, 42, 4, 25, 33, 13, 16, 8, 25, 21, 8, 40, 14, 34, 36, 8, 40, 4, 30, 8, 42, 21, 8, 11, 4, 32, 24, 10, 35, 6, 8, 36]","[38, 39, 28, 3, 42, 4, 25, 33, 13, 16, 8, 25, 21, 8, 40, 14, 34, 36, 8, 40, 4, 30, 8, 42, 21, 8, 11, 4, 32, 24, 10, 35, 6, 8, 36]"
L2_arctic_WAV/YBAA_arctic_a0123,"[11, 27, 26, 43, 19, 19, 16, 8, 19, 24, 35, 14, 31, 29, 33, 13, 30, 19, 43, 32, 19, 36, 38, 5, 35, 40, 21, 8, 11, 4, 32]","[11, 27, 26, 43, 19, 19, 16, 8, 19, 24, 35, 14, 31, 29, 33, 13, 30, 19, 43, 32, 19, 36, 38, 5, 35, 40, 21, 8, 11, 4, 32]"
L2_arctic_WAV/YBAA_arctic_a0125,"[26, 27, 41, 10, 42, 19, 8, 38, 3, 31, 4, 32, 19, 32, 16, 13, 38, 39, 31, 21, 8, 32, 38, 21, 8, 32, 4, 31, 10, 35, 36, 3, 38, 4, 32, 26, 33, 13, 30, 19, 4, 34, 5, 32, 26, 8, 31, 36, 7, 30, 24]","[26, 27, 41, 10, 42, 19, 8, 38, 3, 31, 4, 32, 19, 32, 16, 13, 38, 39, 31, 21, 8, 32, 38, 21, 8, 32, 4, 31, 10, 35, 36, 3, 38, 4, 32, 26, 33, 13, 30, 19, 4, 18, 5, 32, 26, 8, 31, 36, 7, 30, 24]"
L2_arctic_WAV/YBAA_arctic_a0126,"[27, 37, 19, 21, 8, 11, 27, 18, 27, 29, 21, 8, 31, 4, 31, 10, 35, 40, 16, 8, 38, 4, 30, 34, 5, 35, 38, 4, 40, 26, 8, 31]","[27, 37, 19, 21, 8, 11, 27, 18, 27, 29, 21, 8, 31, 4, 31, 10, 35, 40, 21, 8, 38, 4, 30, 34, 5, 35, 38, 4, 40, 26, 8, 31]"
L2_arctic_WAV/YBAA_arctic_a0127,"[8, 38, 41, 5, 42, 4, 38, 7, 31, 38, 21, 8, 11, 4, 32, 18, 14, 38, 26, 27, 35, 8, 42, 8, 36, 38, 8, 19, 8, 38]","[8, 38, 41, 5, 42, 4, 38, 7, 31, 38, 21, 8, 11, 4, 32, 18, 14, 38, 26, 27, 35, 8, 42, 8, 36, 38, 8, 19, 7, 38]"
L2_arctic_WAV/YBAA_arctic_a0128,"[6, 8, 36, 41, 14, 32, 26, 33, 13, 34, 41, 5, 42, 19, 8, 36, 38, 35, 10, 8, 19, 43, 42, 29, 41, 8, 29, 30, 27, 43, 42, 8, 38, 41, 5, 42, 18, 10, 35, 32]","[6, 8, 36, 41, 14, 32, 26, 33, 13, 34, 41, 5, 42, 19, 8, 36, 38, 35, 10, 8, 19, 43, 42, 29, 41, 8, 29, 30, 27, 43, 42, 8, 38, 41, 5, 42, 18, 10, 35, 32]"
L2_arctic_WAV/YBAA_arctic_a0129,"[26, 3, 35, 24, 21, 8, 36, 41, 10, 42, 4, 25, 7, 32, 36, 38, 26, 8, 42, 18, 35, 7, 36, 38]","[26, 7, 35, 24, 21, 8, 36, 41, 10, 42, 4, 25, 7, 32, 36, 38, 26, 8, 42, 18, 35, 7, 36, 38]"
L2_arctic_WAV/YBAA_arctic_a0130,"[11, 27, 41, 10, 42, 26, 8, 42, 32, 16, 13, 24, 3, 7, 40, 3]","[11, 27, 41, 10, 42, 26, 8, 42, 32, 16, 13, 24, 3, 7, 40, 3]"
L2_arctic_WAV/YBAA_arctic_a0131,"[34, 35, 5, 40, 4, 19, 4, 32, 36, 26, 43, 19, 19, 8, 30, 8, 40, 3, 19, 26, 8, 31, 12, 35, 39, 6, 4, 31, 21, 8, 30, 36, 38, 35, 4, 31]","[34, 35, 33, 13, 40, 4, 19, 4, 32, 36, 26, 43, 19, 19, 8, 30, 8, 40, 3, 19, 26, 8, 31, 12, 35, 39, 6, 4, 31, 21, 8, 30, 36, 38, 35, 4, 31]"
L2_arctic_WAV/YBAA_arctic_a0134,"[26, 27, 33, 13, 18, 21, 8, 19, 6, 4, 34, 35, 7, 11, 3, 35, 14, 40, 26, 3, 35, 26, 43, 32, 19]","[26, 27, 33, 13, 18, 21, 8, 19, 6, 4, 34, 35, 7, 11, 5, 35, 10, 24, 26, 7, 35, 26, 43, 32, 19]"
L2_arctic_WAV/YBAA_arctic_a0136,"[4, 18, 16, 13, 38, 26, 8, 31, 7, 40, 35, 27, 41, 7, 35, 41, 3, 35, 6, 4, 7, 40, 4, 19, 4, 32, 36, 4, 42, 14, 40, 30, 14, 25, 15, 3, 27, 43, 32, 19, 14, 40, 21, 8, 20]","[4, 18, 16, 13, 38, 26, 8, 31, 7, 40, 35, 27, 41, 7, 35, 41, 7, 35, 6, 4, 7, 40, 4, 19, 4, 32, 36, 4, 42, 10, 24, 30, 14, 25, 15, 3, 27, 43, 32, 19, 14, 40, 21, 8, 20]"
L2_arctic_WAV/YBAA_arctic_a0137,"[6, 7, 32, 26, 27, 36, 38, 7, 34, 38, 18, 43, 29, 41, 8, 6, 4, 30, 33, 13, 29, 35, 16, 8, 14, 40, 34, 30, 7, 15, 3]","[6, 7, 32, 26, 27, 36, 38, 7, 34, 38, 18, 43, 29, 41, 8, 6, 4, 30, 33, 13, 29, 35, 16, 8, 14, 40, 34, 30, 7, 15, 3]"
L2_arctic_WAV/YBAA_arctic_a0139,"[26, 27, 38, 33, 13, 30, 19, 26, 8, 31, 36, 7, 30, 24, 6, 43, 38, 26, 27, 41, 5, 11, 38, 26, 8, 31, 36, 7, 30, 24, 4, 32, 19, 25, 35, 39, 31, 19, 26, 8, 42, 19, 8, 11, 7, 40, 4, 30, 19, 29, 30, 33, 13, 6, 42]","[26, 27, 38, 33, 13, 30, 19, 26, 8, 31, 36, 7, 30, 24, 6, 43, 38, 26, 27, 41, 33, 13, 11, 38, 26, 8, 31, 36, 7, 30, 24, 4, 32, 19, 25, 35, 39, 31, 19, 26, 8, 42, 19, 8, 11, 4, 24, 4, 30, 19, 25, 30, 33, 13, 38, 36]"
L2_arctic_WAV/YBAA_arctic_a0159,"[6, 21, 8, 30, 13, 29, 43, 42, 6, 33, 13, 26, 27, 26, 43, 19, 18, 8, 32, 19, 35, 14, 31, 8, 9, 4, 34, 27, 43, 32, 33, 13, 10, 30, 26, 8, 42, 30, 16, 8, 24]","[6, 21, 8, 30, 13, 29, 43, 42, 6, 33, 13, 26, 27, 26, 43, 19, 18, 8, 32, 19, 35, 14, 31, 8, 9, 25, 4, 34, 27, 43, 32, 33, 13, 10, 30, 26, 8, 42, 30, 16, 8, 24]"
L2_arctic_WAV/BWC_arctic_a0003,"[24, 10, 35, 6, 4, 38, 41, 7, 32, 38, 27, 8, 12, 38, 16, 8, 31, 6, 43, 38, 27, 40, 32, 8, 9, 6, 4, 38, 39, 31, 7, 32, 11, 13, 29, 26, 43, 32, 42]","[24, 10, 19, 4, 38, 41, 7, 32, 38, 27, 38, 16, 8, 31, 38, 43, 38, 27, 40, 32, 8, 9, 19, 4, 38, 39, 31, 7, 32, 11, 13, 29, 26, 43, 32, 36]"
L2_arctic_WAV/BWC_arctic_a0005,"[41, 8, 30, 41, 27, 7, 40, 3, 24, 3, 25, 7, 38, 8, 38]","[41, 8, 30, 41, 27, 7, 40, 3, 24, 4, 25, 43, 6, 8, 38]"
L2_arctic_WAV/BWC_arctic_a0006,"[25, 5, 19, 18, 30, 7, 36, 16, 8, 26, 33, 13, 34, 16, 8, 41, 8, 30, 25, 33, 13, 5, 32, 36, 27, 8, 9, 6, 7, 31, 24, 3, 7, 40, 3]","[25, 10, 18, 30, 7, 36, 19, 7, 31, 16, 8, 26, 33, 13, 34, 16, 8, 41, 8, 25, 33, 13, 5, 9, 36, 27, 8, 9, 19, 7, 31, 24, 41, 7, 40, 3]"
L2_arctic_WAV/BWC_arctic_a0007,"[43, 32, 19, 28, 39, 10, 30, 41, 27, 42, 41, 10, 32, 38, 38, 39, 36, 27, 8, 38, 8, 32, 6, 4, 36, 13, 34, 3, 30, 4, 38, 8, 40, 19, 8, 25, 35, 27]","[43, 32, 19, 28, 39, 10, 30, 41, 27, 36, 41, 10, 32, 38, 39, 36, 27, 8, 38, 8, 32, 19, 4, 36, 28, 13, 34, 3, 30, 4, 38, 8, 40, 19, 8, 25, 35, 27]"
L2_arctic_WAV/BWC_arctic_a0008,"[25, 43, 19, 28, 10, 35, 30, 7, 38, 3, 29, 21, 8, 31, 20, 14, 36, 38, 8, 32, 38, 16, 8, 31]","[25, 5, 19, 28, 10, 35, 30, 7, 38, 26, 3, 29, 7, 31, 37, 14, 36, 8, 32, 38, 16, 8, 31]"
L2_arctic_WAV/BWC_arctic_a0010,"[4, 31, 34, 30, 21, 8, 8, 9, 4, 36, 8, 9, 25, 4, 30, 26, 43, 32, 19, 8, 32, 41, 14, 38, 30, 13, 29, 36, 30, 16, 8, 29, 4, 30, 39, 42, 8, 9, 25, 21, 8, 31]","[4, 31, 34, 30, 21, 8, 8, 9, 4, 36, 8, 9, 25, 4, 26, 43, 32, 8, 32, 41, 14, 30, 13, 29, 36, 30, 16, 8, 29, 4, 30, 10, 36, 8, 9, 25, 7, 31]"
L2_arctic_WAV/BWC_arctic_a0011,"[8, 24, 16, 8, 7, 40, 3, 32, 27, 19, 8, 19, 4, 24, 16, 8, 38, 3, 8, 32, 31, 16, 8, 30, 16, 8, 24, 16, 8, 32, 27, 19, 41, 14, 32, 32, 16, 13]","[8, 24, 5, 7, 40, 3, 32, 27, 19, 8, 4, 24, 16, 8, 38, 3, 8, 32, 31, 5, 30, 16, 8, 24, 16, 8, 32, 27, 41, 14, 32, 32, 16, 13]"
L2_arctic_WAV/BWC_arctic_a0013,"[26, 27, 41, 14, 42, 4, 26, 7, 19, 11, 10, 35, 38, 3, 6, 43, 32, 26, 8, 42, 29, 4, 31, 34, 43, 32, 28, 4, 32, 14, 40, 10, 30, 31, 33, 13, 36, 38, 19, 7, 30, 4, 29, 4, 38, 24, 4, 42, 27, 29]","[26, 27, 41, 14, 36, 4, 26, 43, 11, 10, 38, 3, 38, 43, 26, 8, 36, 29, 4, 31, 34, 43, 32, 28, 4, 14, 24, 10, 30, 31, 10, 36, 19, 43, 30, 4, 29, 7, 38, 24, 8, 42, 8, 29]"
L2_arctic_WAV/BWC_arctic_a0018,"[6, 7, 35, 41, 10, 42, 4, 37, 21, 8, 32, 20, 32, 16, 13]","[19, 7, 41, 10, 36, 4, 37, 7, 32, 37, 32, 16, 13]"
L2_arctic_WAV/BWC_arctic_a0019,"[16, 8, 24, 5, 30, 33, 13, 19, 6, 4, 30, 16, 8, 32, 14, 40, 6, 14, 34, 35, 4, 34, 33, 13, 42, 19, 35, 21, 8, 30, 35, 33, 13, 19, 30, 13, 29, 8, 9, 24, 10, 35, 37, 43, 32, 36, 4, 42]","[16, 8, 24, 10, 30, 10, 19, 19, 4, 30, 16, 8, 32, 14, 24, 19, 14, 34, 35, 5, 34, 3, 36, 35, 27, 30, 35, 33, 13, 30, 13, 29, 8, 9, 24, 10, 37, 43, 32, 36]"
L2_arctic_WAV/BWC_arctic_a0020,"[29, 30, 14, 18, 42, 43, 32, 19, 18, 10, 30, 42, 4, 32, 19, 36, 8, 38, 27, 42, 25, 35, 39, 38, 39, 18, 27, 33, 13, 32, 30, 27, 31, 7, 31, 3, 27, 42]","[29, 30, 14, 24, 36, 43, 32, 18, 10, 30, 36, 4, 32, 36, 8, 38, 27, 36, 25, 35, 39, 38, 39, 18, 27, 33, 13, 32, 30, 27, 31, 43, 31, 3, 27, 36]"
L2_arctic_WAV/BWC_arctic_a0021,"[8, 38, 24, 7, 35, 30, 27, 29, 30, 14, 18, 19, 31, 27, 8, 32, 38, 39, 35, 7, 29, 4, 25, 32, 16, 8, 42, 8, 9, 8, 38]","[8, 38, 24, 7, 35, 30, 27, 35, 8, 29, 30, 14, 18, 19, 31, 27, 8, 32, 38, 39, 35, 7, 29, 4, 25, 32, 16, 8, 42, 8, 9, 8]"
L2_arctic_WAV/BWC_arctic_a0022,"[26, 5, 35, 19, 30, 27, 41, 3, 16, 13, 35, 34, 30, 43, 32, 42, 31, 21, 8, 19, 34, 14, 18, 30, 8, 29, 18, 8, 24, 10, 35, 41, 27, 41, 3, 31, 7, 38, 18, 16, 8, 34, 16, 13, 3, 24, 4, 30, 5, 34, 4, 42, 8, 11, 4, 32]","[26, 5, 35, 19, 30, 27, 41, 3, 16, 13, 4, 34, 30, 43, 32, 36, 31, 21, 8, 34, 14, 18, 30, 8, 18, 8, 24, 10, 41, 27, 41, 3, 31, 27, 38, 18, 16, 8, 34, 16, 13, 3, 24, 4, 30, 10, 34, 4, 42, 8, 11, 4, 32]"
L2_arctic_WAV/BWC_arctic_a0023,"[4, 29, 5, 31, 18, 4, 32, 21, 8, 11, 4, 32, 14, 40, 29, 4, 32, 21, 8, 19, 27, 4, 32, 29, 43, 34, 4, 38, 4, 30, 29, 41, 8, 29, 30, 27, 10, 35, 25, 4, 32, 16, 8, 42, 19, 43, 32, 19, 34, 4, 38, 8, 11, 4, 32, 19, 24, 10, 35, 6, 4, 36, 21, 8, 31, 34, 35, 8, 40, 8, 30, 8, 20, 8, 42]","[4, 29, 5, 31, 40, 4, 32, 7, 11, 4, 32, 14, 24, 29, 4, 32, 43, 19, 27, 4, 32, 29, 43, 34, 4, 38, 4, 30, 29, 41, 8, 29, 30, 27, 10, 35, 25, 4, 32, 16, 8, 36, 43, 32, 34, 4, 38, 27, 11, 4, 32, 19, 24, 10, 6, 4, 36, 7, 31, 34, 35, 8, 40, 8, 30, 21, 8, 37]"
L2_arctic_WAV/BWC_arctic_a0024,"[8, 38, 41, 10, 42, 31, 16, 8, 35, 27, 34, 10, 35, 38, 36, 24, 35, 14, 31, 6, 4, 32, 10, 35, 12, 41, 8, 37, 37, 27, 24, 30, 27, 8, 32, 19, 39, 36, 38, 34, 27, 34, 4, 30, 38, 39, 18, 16, 8]","[8, 41, 10, 36, 31, 16, 8, 35, 27, 34, 10, 35, 38, 36, 24, 35, 14, 31, 6, 4, 32, 10, 14, 12, 41, 8, 37, 37, 27, 24, 30, 27, 8, 32, 19, 28, 39, 36, 38, 34, 27, 34, 4, 30, 38, 39, 18, 16, 8]"
L2_arctic_WAV/BWC_arctic_a0025,"[16, 8, 41, 14, 42, 4, 18, 16, 13, 38, 38, 39, 19, 39, 6, 8, 36, 41, 7, 32, 29, 39, 30, 3, 20, 14, 20, 31, 4, 32, 38, 34, 35, 27, 40, 21, 8, 30, 19]","[5, 41, 14, 36, 4, 18, 16, 13, 38, 39, 19, 39, 6, 8, 36, 41, 7, 32, 29, 39, 30, 3, 20, 14, 25, 31, 4, 32, 38, 34, 35, 27, 40, 7, 30, 19]"
L2_arctic_WAV/BWC_arctic_a0026,"[8, 38, 4, 29, 3, 19, 38, 39, 31, 27, 6, 43, 38, 6, 7, 35, 41, 13, 19, 26, 43, 40, 38, 39, 18, 27, 43, 32, 4, 29, 16, 13, 32, 38, 8, 9]","[8, 38, 4, 29, 3, 19, 38, 39, 31, 27, 6, 43, 6, 7, 35, 41, 13, 26, 43, 40, 38, 39, 18, 27, 43, 32, 4, 29, 5, 32, 38, 8, 9]"
L2_arctic_WAV/BWC_arctic_a0027,"[38, 39, 31, 16, 8, 36, 3, 34, 35, 16, 8, 42, 26, 27, 18, 27, 25, 43, 32, 38, 39, 11, 33, 13, 43, 29, 11, 4, 30, 8, 32, 12, 39, 42, 27, 43, 42, 4, 31, 8, 32, 31, 16, 8, 24, 21, 8, 40, 3]","[38, 39, 31, 16, 8, 36, 4, 34, 35, 16, 8, 36, 26, 27, 18, 27, 25, 43, 32, 38, 39, 11, 10, 43, 29, 37, 4, 8, 32, 12, 39, 42, 27, 43, 42, 4, 31, 8, 32, 31, 16, 8, 24, 21, 8, 41, 3]"
L2_arctic_WAV/BWC_arctic_a0028,"[35, 5, 18, 3, 27, 18, 35, 16, 8, 18, 3, 27, 24, 35, 10, 19]","[35, 5, 18, 3, 27, 18, 35, 16, 8, 18, 3, 27, 24, 35, 10, 19]"
L2_arctic_WAV/BWC_arctic_a0029,"[6, 7, 35, 24, 10, 35, 36, 8, 42, 41, 3, 10, 35, 7, 19, 27, 31, 39, 40, 8, 9, 8, 32, 38, 39, 6, 4, 32, 10, 35, 12, 29, 14, 32, 38, 35, 27]","[6, 8, 14, 24, 10, 35, 36, 8, 42, 41, 4, 10, 35, 7, 19, 27, 31, 39, 40, 8, 9, 8, 32, 38, 39, 6, 4, 32, 10, 35, 12, 29, 43, 32, 38, 35, 27]"
L2_arctic_WAV/BWC_arctic_a0030,"[16, 8, 26, 43, 19, 24, 21, 8, 12, 8, 32, 6, 7, 31]","[5, 26, 43, 19, 24, 21, 8, 12, 8, 32, 6, 7, 31]"
L2_arctic_WAV/BWC_arctic_a0031,"[6, 21, 8, 41, 3, 12, 35, 27, 26, 14, 32, 19, 3, 19, 28, 5, 35, 19, 42, 4, 34, 5, 35, 38]","[6, 7, 41, 4, 12, 35, 27, 26, 14, 32, 19, 3, 28, 5, 35, 19, 42, 4, 34, 5, 35, 38]"
L2_arctic_WAV/BWC_arctic_a0032,"[36, 8, 32, 36, 6, 7, 32, 36, 14, 31, 31, 8, 36, 38, 8, 35, 27, 4, 36, 24, 10, 35, 36, 26, 43, 42, 18, 8, 32, 24, 16, 8, 38, 8, 9, 14, 36, 43, 38, 7, 40, 3, 27, 36, 38, 7, 34]","[36, 8, 32, 36, 6, 7, 32, 36, 14, 31, 31, 8, 36, 38, 8, 35, 27, 4, 24, 10, 35, 36, 26, 43, 36, 18, 8, 32, 24, 16, 8, 38, 8, 9, 14, 36, 43, 38, 7, 40, 3, 27, 36, 38, 7]"
L2_arctic_WAV/BWC_arctic_a0036,"[11, 27, 38, 3, 32, 19, 8, 32, 43, 38, 6, 4, 26, 33, 13, 38, 7, 30]","[11, 27, 38, 3, 32, 19, 27, 32, 7, 32, 43, 6, 4, 26, 10, 38, 7, 30]"
L2_arctic_WAV/BWC_arctic_a0037,"[16, 8, 41, 10, 42, 6, 4, 33, 13, 32, 30, 27, 41, 14, 32, 26, 39, 35, 27, 31, 21, 8, 32, 19, 36, 8, 38, 8, 9]","[16, 8, 41, 10, 36, 6, 4, 33, 13, 32, 30, 27, 41, 14, 32, 26, 39, 35, 27, 31, 16, 8, 32, 19, 7, 19, 36, 8, 38, 8, 9]"
L2_arctic_WAV/BWC_arctic_a0038,"[41, 27, 41, 8, 30, 26, 43, 40, 38, 39, 41, 10, 37, 16, 13, 3, 37, 43, 32, 36, 8, 42]","[41, 27, 41, 8, 14, 26, 43, 40, 38, 39, 41, 10, 37, 16, 13, 3, 37, 43, 32, 36, 8, 36]"
L2_arctic_WAV/BWC_arctic_a0039,"[6, 4, 11, 8, 34, 11, 13, 19, 18, 27, 8, 32, 41, 8, 12, 8, 32, 4, 41, 27, 29, 10, 35, 38, 7, 32, 19, 21, 8, 42]","[6, 4, 11, 27, 34, 11, 13, 18, 27, 8, 32, 41, 8, 12, 8, 4, 41, 27, 29, 10, 35, 38, 7, 32, 19, 21, 8, 36]"
L2_arctic_WAV/BWC_arctic_a0040,"[16, 8, 36, 4, 34, 33, 13, 42, 28, 39, 41, 14, 32, 19, 3, 41, 16, 8, 11, 27, 8, 42, 29, 14, 31, 8, 9, 14, 34, 26, 27, 35]","[16, 8, 36, 4, 34, 33, 13, 36, 28, 39, 41, 14, 32, 3, 41, 16, 8, 11, 27, 8, 36, 29, 14, 31, 8, 14, 34, 26, 27, 35]"
L2_arctic_WAV/BWC_arctic_a0041,"[31, 27, 32, 41, 16, 8, 30, 16, 8, 41, 8, 30, 25, 33, 13, 16, 13, 38, 38, 39, 18, 35, 27, 6, 4, 36, 34, 7, 30]","[31, 27, 32, 41, 16, 8, 30, 16, 8, 41, 8, 30, 25, 33, 13, 16, 13, 38, 39, 18, 35, 27, 12, 4, 36, 34, 7, 41]"
L2_arctic_WAV/BWC_arctic_a0042,"[26, 16, 13, 29, 13, 19, 26, 27, 8, 29, 36, 34, 30, 21, 8, 32, 26, 8, 42, 34, 4, 42, 7, 11, 4, 32, 14, 40, 6, 14, 36, 29, 7, 37]","[26, 16, 13, 41, 13, 19, 11, 27, 8, 29, 36, 34, 30, 21, 8, 26, 8, 36, 34, 4, 11, 7, 11, 4, 32, 14, 40, 6, 14, 36, 29, 21, 8, 37]"
L2_arctic_WAV/BWC_arctic_a0045,"[26, 27, 31, 39, 40, 19, 4, 41, 21, 8, 43, 42, 29, 41, 16, 8, 4, 38, 30, 27, 43, 42, 26, 27, 26, 43, 19, 29, 14, 31]","[26, 27, 31, 39, 19, 4, 40, 21, 8, 43, 36, 29, 41, 8, 29, 30, 27, 43, 42, 26, 27, 26, 43, 40, 29, 14, 31]"
L2_arctic_WAV/BWC_arctic_a0046,"[6, 4, 25, 3, 30, 24, 21, 8, 36, 38, 26, 8, 31, 26, 3, 16, 8, 42, 11, 16, 8, 32, 8, 9, 41, 8, 12, 36, 14, 19, 4, 32, 24, 8, 35]","[6, 4, 25, 3, 24, 21, 8, 36, 38, 26, 8, 31, 26, 3, 16, 8, 42, 11, 8, 32, 8, 13, 41, 8, 12, 11, 16, 13, 19, 3, 24, 8, 35]"
L2_arctic_WAV/BWC_arctic_a0047,"[29, 30, 33, 13, 42, 18, 27, 36, 16, 8, 19, 26, 8, 31, 25, 30, 27, 31, 19, 6, 14, 41, 16, 8, 38, 24, 43, 9, 42, 14, 40, 6, 14, 41, 13, 30, 24, 19, 10, 25]","[29, 30, 33, 13, 36, 18, 27, 36, 16, 8, 19, 26, 8, 31, 25, 30, 27, 31, 19, 6, 14, 41, 16, 8, 38, 24, 41, 5, 9, 25, 14, 24, 6, 14, 41, 13, 24, 19, 10, 25]"
L2_arctic_WAV/BWC_arctic_a0048,"[26, 27, 30, 13, 29, 38, 43, 38, 6, 14, 26, 43, 9, 29, 3, 37, 8, 24, 31, 10, 35, 29, 30, 33, 13, 36, 30, 27]","[26, 27, 30, 13, 29, 38, 43, 6, 14, 26, 5, 9, 29, 3, 11, 8, 24, 31, 10, 29, 30, 33, 13, 36, 30, 27]"
L2_arctic_WAV/BWC_arctic_a0051,"[6, 4, 30, 21, 8, 36, 41, 14, 42, 14, 40, 4, 19, 7, 30, 4, 29, 4, 38, 16, 8, 40, 35, 27, 29, 10, 30, 3, 24, 21, 8, 32, 38, 30, 27, 38, 8, 32, 38, 8, 19, 41, 8, 6, 28, 7, 30, 33, 13]","[6, 4, 24, 21, 8, 36, 41, 14, 36, 4, 19, 7, 30, 4, 29, 7, 38, 8, 40, 10, 27, 29, 10, 30, 3, 24, 21, 8, 32, 38, 30, 27, 38, 8, 32, 8, 19, 41, 8, 12, 28, 7, 30, 33, 13]"
L2_arctic_WAV/BWC_arctic_a0052,"[8, 38, 41, 14, 42, 4, 29, 28, 13, 35, 27, 4, 36, 29, 33, 13, 8, 32, 36, 8, 19, 4, 32, 36]","[8, 41, 14, 36, 4, 29, 28, 13, 35, 27, 4, 36, 29, 10, 8, 32, 36, 8, 19, 7, 32, 36]"
L2_arctic_WAV/BWC_arctic_a0053,"[36, 14, 19, 4, 32, 30, 27, 26, 8, 42, 24, 8, 9, 25, 3, 42, 29, 30, 33, 13, 42, 19, 38, 16, 8, 38, 30, 27, 33, 13, 40, 3, 6, 4, 26, 43, 9, 29, 3, 37, 8, 24]","[36, 14, 19, 4, 30, 27, 26, 8, 36, 24, 8, 9, 25, 3, 36, 29, 30, 33, 13, 42, 38, 5, 38, 30, 27, 33, 13, 40, 3, 6, 4, 26, 43, 9, 29, 3, 11, 8, 24]"
L2_arctic_WAV/BWC_arctic_a0054,"[6, 7, 35, 41, 14, 42, 32, 14, 12, 8, 9, 5, 32, 6, 14, 35, 5, 29]","[19, 7, 41, 14, 36, 32, 10, 12, 8, 9, 5, 32, 6, 14, 35, 10, 29]"
L2_arctic_WAV/BWC_arctic_a0058,"[16, 8, 29, 21, 8, 31, 24, 10, 35, 8, 32, 24, 10, 35, 31, 21, 8, 11, 4, 32, 31, 10, 35, 16, 13, 38, 14, 40, 29, 28, 13, 35, 27, 5, 36, 4, 38, 27, 6, 4, 32, 7, 32, 27, 12, 8, 9, 7, 30, 36]","[16, 8, 29, 7, 31, 24, 10, 8, 32, 24, 10, 31, 21, 8, 11, 4, 32, 31, 10, 35, 16, 13, 38, 14, 24, 29, 28, 13, 35, 27, 5, 36, 4, 38, 27, 19, 4, 32, 7, 32, 27, 12, 8, 9, 7, 30, 36]"
L2_arctic_WAV/BWC_arctic_a0059,"[26, 8, 42, 8, 31, 43, 29, 28, 39, 30, 8, 38, 4, 34, 8, 35, 4, 32, 36, 41, 10, 42, 25, 10, 32]","[26, 8, 36, 8, 31, 43, 29, 39, 35, 8, 38, 4, 34, 8, 35, 4, 32, 36, 41, 10, 36, 25, 10, 32]"
L2_arctic_WAV/BWC_arctic_a0060,"[7, 32, 27, 41, 21, 8, 32, 33, 13, 41, 14, 32, 36, 10, 26, 3, 30, 16, 8, 29, 6, 43, 38]","[7, 32, 27, 41, 21, 8, 32, 10, 41, 14, 32, 36, 10, 26, 3, 30, 16, 8, 29, 19, 43, 38]"
L2_arctic_WAV/BWC_arctic_a0062,"[6, 4, 31, 7, 32, 36, 38, 7, 35, 19, 8, 32, 38, 39, 27, 37, 14, 6, 3, 42, 24, 21, 8, 36]","[19, 4, 31, 7, 32, 36, 38, 5, 35, 7, 8, 32, 38, 39, 27, 11, 14, 6, 3, 36, 24, 21, 8, 36]"
L2_arctic_WAV/BWC_arctic_a0063,"[28, 7, 36, 8, 38, 41, 10, 42, 4, 31, 43, 32, 26, 39, 43, 36, 29, 38, 4, 36, 38, 35, 21, 8, 32, 20, 3]","[28, 7, 36, 8, 41, 10, 36, 4, 31, 43, 32, 26, 39, 43, 36, 29, 38, 4, 36, 38, 35, 21, 8, 32, 15, 3]"
L2_arctic_WAV/BWC_arctic_a0064,"[6, 4, 24, 10, 35, 12, 43, 32, 19, 24, 8, 24, 12, 19, 21, 8, 42, 34, 43, 36, 38, 41, 8, 12, 16, 13, 38, 7, 32, 27, 19, 8, 40, 7, 30, 4, 34, 31, 4, 32, 38, 36]","[19, 4, 24, 10, 12, 43, 32, 24, 8, 24, 38, 8, 19, 21, 8, 36, 34, 43, 36, 38, 41, 8, 12, 16, 13, 7, 32, 27, 19, 8, 40, 7, 30, 4, 31, 4, 32, 36]"
L2_arctic_WAV/BWC_arctic_a0065,"[6, 21, 8, 29, 30, 33, 13, 42, 19, 32, 16, 13, 4, 32, 38, 8, 30, 26, 8, 42, 24, 8, 9, 25, 3, 42, 41, 3, 30, 16, 8, 29, 29, 10, 35, 19, 42, 14, 40, 36, 38, 27, 30]","[19, 21, 8, 29, 30, 33, 13, 42, 32, 16, 13, 7, 32, 38, 8, 30, 26, 8, 36, 24, 8, 9, 25, 3, 36, 41, 3, 30, 27, 6, 4, 30, 29, 10, 35, 19, 14, 24, 36, 38, 8, 30]"
L2_arctic_WAV/BWC_arctic_a0067,"[11, 13, 35, 30, 27, 16, 8, 41, 8, 30, 8, 29, 36, 29, 28, 39, 36, 28, 39, 11, 27, 29, 35, 16, 8, 19]","[11, 13, 35, 30, 27, 5, 41, 8, 30, 8, 29, 36, 29, 28, 39, 36, 28, 39, 11, 27, 29, 35, 16, 8, 19]"
L2_arctic_WAV/BWC_arctic_a0071,"[26, 41, 14, 38, 41, 10, 42, 6, 14, 5, 18, 20, 7, 29, 38, 14, 40, 28, 10, 35, 30, 8, 38, 4, 30, 36, 7, 32, 36, 21, 8, 11, 4, 32]","[41, 14, 41, 10, 36, 23, 14, 5, 18, 23, 7, 29, 14, 24, 28, 10, 35, 30, 8, 38, 4, 36, 7, 32, 36, 21, 8, 11, 4, 32]"
L2_arctic_WAV/BWC_arctic_a0073,"[6, 4, 34, 35, 4, 31, 33, 13, 38, 3, 42, 16, 8, 42, 41, 3, 26, 7, 40, 27, 41, 8, 12, 30, 8, 38, 4, 30, 34, 14, 24, 27, 18, 43, 25, 42, 14, 32, 19, 3, 6, 7, 31]","[19, 4, 34, 10, 31, 4, 38, 3, 36, 16, 8, 36, 41, 4, 26, 7, 40, 27, 41, 8, 12, 30, 8, 38, 4, 30, 34, 14, 24, 18, 43, 25, 42, 43, 32, 3, 6, 7, 31]"
L2_arctic_WAV/BWC_arctic_a0075,"[6, 7, 35, 26, 43, 42, 18, 8, 32, 4, 37, 21, 8, 32, 20, 11, 27, 8, 32, 38, 3, 14, 34, 38, 8, 19, 26, 8, 31]","[19, 7, 4, 26, 43, 42, 18, 8, 9, 4, 37, 21, 8, 32, 37, 11, 27, 8, 32, 38, 3, 14, 34, 38, 26, 8, 31]"
L2_arctic_WAV/BWC_arctic_a0076,"[6, 4, 25, 35, 21, 8, 16, 8, 42, 24, 5, 30, 38, 3, 19, 6, 4, 24, 30, 14, 11, 19, 27, 34, 4, 32, 19]","[19, 4, 25, 35, 27, 5, 36, 24, 7, 30, 38, 3, 19, 19, 4, 24, 30, 13, 19, 27, 34, 7, 32, 19]"
L2_arctic_WAV/BWC_arctic_a0077,"[8, 38, 8, 42, 6, 4, 24, 16, 8, 3, 34, 5, 35, 38, 30, 27, 11, 27, 36, 7, 19]","[8, 38, 8, 36, 6, 4, 24, 16, 8, 3, 34, 5, 35, 38, 27, 11, 27, 36, 7, 19]"
L2_arctic_WAV/BWC_arctic_a0078,"[6, 7, 32, 4, 32, 19, 43, 38, 36, 14, 34, 3, 26, 27, 38, 35, 16, 8, 19, 38, 39, 24, 43, 6, 4, 31, 26, 3]","[19, 7, 32, 4, 32, 43, 36, 36, 14, 34, 3, 26, 27, 38, 35, 16, 8, 19, 38, 39, 24, 43, 6, 4, 31, 26, 3]"
L2_arctic_WAV/BWC_arctic_a0079,"[8, 38, 41, 10, 42, 4, 30, 5, 35, 20, 29, 4, 32, 39]","[8, 38, 41, 10, 36, 4, 30, 5, 35, 11, 29, 5, 32, 33, 13]"
L2_arctic_WAV/BWC_arctic_a0081,"[26, 41, 14, 38, 8, 24, 11, 27, 19, 8, 19, 32, 38, 29, 14, 31, 38, 39, 6, 14, 35, 5, 29]","[26, 41, 14, 38, 27, 24, 11, 27, 19, 27, 19, 7, 9, 29, 14, 31, 38, 39, 35, 5, 29]"
L2_arctic_WAV/BWC_arctic_a0082,"[26, 8, 42, 24, 21, 8, 36, 41, 14, 42, 36, 38, 35, 27, 31, 8, 9, 41, 8, 12, 18, 30, 14, 19]","[26, 27, 36, 24, 21, 8, 36, 41, 14, 36, 36, 38, 27, 31, 27, 9, 41, 8, 12, 18, 30, 5, 19]"
L2_arctic_WAV/BWC_arctic_a0085,"[4, 38, 35, 8, 29, 4, 30, 14, 40, 24, 35, 7, 11, 18, 30, 14, 19, 35, 43, 32, 33, 13, 40, 3, 26, 8, 42, 24, 21, 8, 36]","[4, 38, 35, 27, 29, 33, 13, 10, 24, 24, 35, 7, 11, 18, 30, 14, 19, 35, 43, 32, 33, 13, 41, 3, 26, 27, 36, 24, 21, 8, 36]"
L2_arctic_WAV/BWC_arctic_a0086,"[19, 7, 12, 26, 43, 19, 29, 14, 31, 41, 8, 12, 38, 7, 35, 4, 18, 4, 30, 36, 14, 19, 4, 32, 32, 4, 36]","[19, 43, 12, 26, 43, 29, 29, 14, 31, 41, 8, 12, 38, 7, 35, 4, 18, 4, 36, 14, 19, 4, 32, 32, 4, 36]"
L2_arctic_WAV/BWC_arctic_a0088,"[26, 27, 31, 21, 8, 19, 11, 13, 35, 6, 43, 38, 6, 4, 31, 43, 25, 4, 42, 27, 32, 41, 10, 42, 30, 33, 13, 19, 8, 19, 4, 32, 19, 35, 27, 42, 39, 31, 19, 26, 8, 42, 34, 43, 19, 4, 30, 8, 9]","[11, 27, 31, 21, 8, 19, 11, 13, 35, 19, 43, 38, 19, 4, 31, 43, 25, 36, 27, 32, 41, 10, 36, 30, 10, 19, 8, 19, 4, 32, 19, 35, 27, 36, 39, 31, 19, 26, 27, 36, 34, 43, 19, 4, 30, 27, 9]"
L2_arctic_WAV/BWC_arctic_a0089,"[6, 4, 32, 16, 8, 38, 25, 30, 33, 13, 41, 14, 42, 38, 35, 7, 37, 3, 4, 36, 38, 39, 11, 39, 38, 18, 16, 8]","[19, 4, 32, 43, 38, 25, 33, 13, 41, 14, 36, 38, 35, 27, 37, 3, 4, 36, 38, 39, 11, 39, 38, 18, 16, 8]"
L2_arctic_WAV/BWC_arctic_a0090,"[6, 4, 36, 8, 9, 8, 9, 40, 10, 8, 36, 4, 34, 35, 33, 13, 37, 38, 35, 43, 34, 4, 19, 30, 27]","[19, 4, 36, 8, 9, 27, 9, 41, 10, 8, 36, 4, 34, 35, 33, 13, 37, 38, 35, 43, 34, 4, 19, 30, 27]"
L2_arctic_WAV/BWC_arctic_a0091,"[26, 8, 42, 18, 30, 14, 19, 25, 35, 39, 26, 5, 38, 41, 8, 12, 35, 21, 8, 20, 43, 38, 6, 4, 12, 10, 38]","[26, 27, 36, 18, 30, 14, 19, 25, 35, 39, 26, 5, 38, 41, 8, 12, 35, 43, 37, 43, 38, 19, 4, 12, 10, 38]"
L2_arctic_WAV/BWC_arctic_a0092,"[26, 27, 41, 7, 32, 38, 19, 16, 13, 32, 8, 32, 31, 8, 19, 36, 38, 35, 27, 31, 36, 3, 37, 8, 9, 6, 4, 11, 43, 19, 33, 13, 42, 14, 40, 18, 33, 13, 12, 11, 10, 35, 42]","[26, 27, 41, 7, 32, 38, 19, 16, 13, 32, 8, 32, 31, 27, 19, 36, 38, 27, 31, 36, 4, 37, 27, 9, 19, 4, 11, 43, 19, 33, 13, 36, 10, 24, 18, 33, 13, 12, 11, 10, 35, 36]"
L2_arctic_WAV/BWC_arctic_a0093,"[24, 10, 35, 4, 24, 13, 30, 31, 8, 32, 8, 38, 26, 27, 29, 35, 16, 13, 37, 38, 4, 32, 19, 30, 8, 36, 4, 32, 19]","[24, 10, 4, 24, 13, 31, 27, 32, 27, 38, 26, 27, 29, 35, 16, 13, 37, 38, 4, 32, 19, 30, 8, 36, 4, 32, 19]"
L2_arctic_WAV/BWC_arctic_a0094,"[26, 27, 26, 43, 19, 18, 7, 35, 30, 27, 7, 32, 38, 3, 19, 6, 8, 36, 41, 7, 32, 26, 27, 36, 10, 6, 14, 25, 30, 33, 13, 14, 40, 4, 24, 16, 8, 35]","[26, 27, 26, 43, 19, 18, 7, 35, 30, 27, 7, 32, 38, 3, 19, 19, 27, 36, 41, 7, 9, 26, 27, 36, 10, 19, 14, 25, 30, 33, 13, 10, 24, 4, 24, 16, 8, 4]"
L2_arctic_WAV/BWC_arctic_a0095,"[4, 18, 8, 25, 29, 43, 32, 40, 4, 36, 38, 7, 32, 38, 41, 10, 42, 6, 4, 24, 3, 36, 38, 12, 8, 9, 38, 39, 29, 14, 31, 41, 8, 12, 8, 32, 26, 8, 42, 40, 8, 15, 4, 32]","[4, 18, 27, 25, 29, 43, 32, 41, 4, 36, 38, 43, 32, 38, 41, 10, 36, 19, 4, 24, 3, 36, 38, 12, 27, 9, 38, 39, 29, 14, 31, 41, 8, 12, 27, 9, 26, 27, 36, 41, 27, 15, 4, 32]"
L2_arctic_WAV/BWC_arctic_a0096,"[34, 3, 26, 43, 34, 36, 11, 27, 26, 43, 19, 10, 35, 7, 19, 27, 31, 7, 38, 26, 3, 24, 21, 8, 38, 4, 30, 8, 38, 4, 30, 19, 27, 34, 3, 8, 32, 6, 14, 24, 10, 35, 4, 36, 38]","[34, 3, 26, 43, 38, 36, 11, 27, 26, 43, 19, 10, 35, 43, 19, 27, 31, 27, 38, 26, 3, 24, 21, 8, 36, 4, 30, 27, 38, 4, 19, 27, 34, 3, 8, 32, 19, 14, 24, 10, 35, 4, 36, 38]"
L2_arctic_WAV/BWC_arctic_a0097,"[6, 7, 32, 28, 39, 29, 43, 32, 3, 21, 8, 32, 20, 28, 3, 36, 7, 30, 24, 29, 14, 31, 24, 3, 38, 4, 18, 30, 27, 4, 31, 14, 9, 6, 27, 42, 35, 33, 13, 18, 42, 8, 32, 6, 4, 18, 33, 13]","[19, 7, 32, 28, 39, 29, 43, 32, 3, 27, 32, 37, 28, 3, 36, 7, 30, 24, 29, 14, 31, 24, 3, 38, 18, 4, 30, 27, 4, 31, 14, 32, 19, 27, 36, 35, 33, 13, 18, 36, 8, 32, 19, 4, 18, 33, 13]"
L2_arctic_WAV/BWC_arctic_a0098,"[11, 43, 30, 16, 8, 29, 43, 35, 27, 28, 39]","[11, 43, 41, 16, 8, 29, 43, 35, 27, 28, 39]"
L2_arctic_WAV/BWC_arctic_a0099,"[4, 31, 43, 19, 4, 32, 8, 9, 20, 10, 8, 34, 16, 13, 32, 19, 8, 19, 8, 32, 26, 8, 42, 18, 35, 21, 8, 32]","[4, 31, 43, 32, 19, 4, 32, 27, 9, 20, 10, 8, 34, 5, 32, 19, 8, 19, 8, 9, 26, 27, 36, 18, 35, 27, 32]"
L2_arctic_WAV/BWC_arctic_a0100,"[28, 39, 31, 14, 36, 38, 36, 30, 27, 34, 26, 27, 3, 20, 19]","[28, 39, 31, 5, 36, 36, 30, 27, 18, 11, 26, 27, 3, 37, 38]"
L2_arctic_WAV/BWC_arctic_a0101,"[28, 39, 28, 39, 41, 13, 19, 32, 5, 38, 29, 27, 34, 6, 4, 38, 35, 39, 12, 24, 35, 14, 31, 31, 27]","[28, 39, 28, 39, 13, 19, 32, 5, 38, 29, 27, 34, 19, 4, 38, 35, 39, 12, 24, 35, 10, 31, 31, 27]"
L2_arctic_WAV/BWC_arctic_a0102,"[26, 27, 41, 8, 30, 24, 5, 30, 33, 13, 14, 36, 36, 39, 32]","[26, 27, 41, 8, 41, 24, 5, 30, 33, 13, 5, 36, 36, 13, 32]"
L2_arctic_WAV/BWC_arctic_a0103,"[18, 14, 38, 6, 7, 35, 29, 21, 8, 31, 32, 33, 13, 34, 35, 5, 31, 4, 36, 24, 35, 14, 31, 6, 4, 18, 33, 13, 14, 40, 6, 4, 29, 4, 32, 39]","[18, 14, 38, 19, 7, 35, 29, 21, 8, 31, 32, 33, 13, 34, 35, 5, 31, 4, 36, 24, 35, 14, 31, 19, 4, 18, 33, 13, 10, 24, 19, 4, 29, 43, 32, 33, 13]"
L2_arctic_WAV/BWC_arctic_a0104,"[11, 27, 41, 14, 42, 36, 30, 27, 34, 8, 9, 14, 32, 19, 3, 26, 8, 42, 34, 3, 38, 7, 29, 11, 4, 32, 43, 42, 36, 41, 27, 38, 30, 27, 43, 42, 4, 37, 16, 8, 30, 19]","[11, 27, 41, 14, 42, 36, 30, 27, 34, 8, 9, 43, 32, 19, 3, 26, 27, 36, 34, 3, 38, 43, 29, 11, 4, 32, 43, 36, 36, 41, 27, 38, 4, 30, 27, 43, 36, 4, 37, 43, 41, 19]"
L2_arctic_WAV/BWC_arctic_a0105,"[33, 13, 32, 30, 27, 8, 38, 8, 42, 36, 33, 13, 41, 14, 32, 19, 3, 24, 4, 30, 36, 33, 13, 10, 30, 31, 33, 13, 36, 38, 8, 31, 34, 5, 36, 4, 18, 4, 30, 38, 39, 18, 8, 30, 27, 40]","[33, 13, 9, 30, 27, 8, 38, 8, 42, 36, 33, 13, 41, 10, 9, 19, 3, 24, 4, 36, 33, 13, 10, 31, 33, 13, 36, 8, 31, 34, 5, 36, 4, 18, 4, 41, 38, 39, 18, 8, 30, 27, 34]"
L2_arctic_WAV/BWC_arctic_a0106,"[6, 4, 27, 31, 33, 13, 11, 4, 32, 41, 8, 37, 11, 27, 26, 43, 19, 36, 4, 34, 35, 7, 36, 38, 18, 3, 36, 38, 24, 10, 35, 12, 32, 16, 13, 8, 32, 4, 37, 33, 13, 29, 8, 9, 36, 5, 18]","[19, 4, 27, 31, 33, 13, 11, 4, 32, 41, 27, 37, 11, 27, 26, 43, 19, 36, 4, 34, 35, 43, 36, 38, 18, 35, 14, 36, 38, 24, 10, 35, 12, 32, 16, 13, 8, 32, 19, 4, 11, 10, 29, 8, 9, 36, 5, 18]"
L2_arctic_WAV/BWC_arctic_a0107,"[8, 24, 28, 39, 33, 13, 32, 30, 27, 29, 13, 19, 32, 33, 13, 26, 16, 13, 16, 8, 12, 43, 9, 29, 28, 39]","[27, 24, 28, 39, 33, 13, 9, 30, 4, 27, 29, 39, 19, 32, 33, 13, 26, 16, 13, 16, 8, 12, 43, 9, 29, 28, 39]"
L2_arctic_WAV/BWC_arctic_a0108,"[26, 27, 41, 21, 8, 19, 8, 19, 8, 32, 38, 39, 6, 4, 7, 20, 14, 40, 6, 14, 41, 10, 38, 3, 43, 32, 19, 18, 27, 25, 43, 32, 36, 29, 35, 14, 18, 8, 9, 26, 8, 31, 36, 7, 30, 24]","[26, 27, 41, 43, 19, 8, 19, 8, 32, 38, 39, 19, 4, 43, 20, 10, 24, 19, 14, 41, 10, 38, 3, 43, 32, 19, 18, 27, 25, 43, 32, 36, 29, 35, 14, 18, 8, 9, 26, 27, 31, 36, 7, 41, 24]"
L2_arctic_WAV/BWC_arctic_a0109,"[19, 39, 28, 39, 32, 33, 13, 6, 43, 38, 28, 39, 5, 35, 11, 21, 8, 29, 8, 9, 31, 16, 8, 29, 5, 32, 24, 4, 19, 4, 32, 36, 8, 32, 28, 39]","[19, 39, 28, 39, 32, 33, 13, 19, 43, 38, 28, 39, 5, 11, 21, 8, 29, 8, 9, 31, 16, 8, 29, 10, 32, 24, 4, 19, 4, 32, 8, 23, 32, 28, 39]"
L2_arctic_WAV/BWC_arctic_a0111,"[8, 32, 36, 38, 7, 19, 26, 27, 20, 10, 8, 32, 19, 26, 3, 43, 32, 19, 6, 21, 8, 21, 8, 38, 30, 16, 8, 29, 38, 39, 26, 14, 9, 25, 35, 27, 37, 8, 30, 19, 35, 4, 32]","[8, 32, 36, 38, 43, 19, 26, 27, 20, 10, 8, 32, 19, 26, 3, 43, 32, 19, 19, 21, 8, 21, 8, 38, 30, 16, 8, 29, 38, 39, 26, 14, 9, 25, 35, 27, 37, 8, 41, 19, 35, 4, 32]"
L2_arctic_WAV/BWC_arctic_a0112,"[26, 27, 41, 14, 42, 41, 39, 32, 19, 4, 19, 8, 32, 6, 4, 5, 35, 31]","[26, 27, 41, 14, 36, 41, 10, 32, 19, 3, 19, 8, 32, 19, 4, 5, 35, 31]"
L2_arctic_WAV/BWC_arctic_a0113,"[16, 8, 36, 4, 34, 33, 13, 42, 28, 39, 34, 8, 29, 38, 6, 43, 38, 30, 8, 9, 25, 33, 13, 14, 34, 4, 31, 14, 9, 6, 4, 8, 32, 19, 27, 4, 32, 42]","[16, 8, 36, 4, 34, 33, 13, 36, 28, 39, 34, 27, 29, 38, 19, 43, 38, 30, 8, 9, 25, 33, 13, 14, 34, 4, 31, 14, 9, 19, 4, 8, 32, 19, 27, 4, 32, 36]"
L2_arctic_WAV/BWC_arctic_a0115,"[26, 27, 26, 43, 19, 32, 33, 13, 8, 29, 36, 29, 28, 39, 42, 24, 10, 35, 6, 14, 24, 27, 30, 8, 9, 42, 41, 8, 37, 41, 3, 3, 16, 13, 42, 19, 8, 32, 26, 8, 31]","[26, 27, 26, 43, 19, 32, 33, 13, 8, 29, 36, 29, 28, 39, 36, 24, 10, 35, 19, 14, 24, 27, 30, 8, 9, 36, 41, 27, 37, 41, 3, 3, 16, 13, 42, 19, 27, 9, 26, 27, 31]"
L2_arctic_WAV/BWC_arctic_a0116,"[8, 38, 41, 14, 42, 6, 4, 35, 5, 32, 19, 8, 40, 39, 14, 40, 6, 33, 13, 42, 26, 39, 41, 3, 36, 38, 35, 16, 8, 40, 8, 9, 38, 39, 41, 3, 29, 26, 8, 42, 35, 39, 4, 32]","[27, 38, 41, 14, 36, 19, 4, 35, 43, 32, 19, 8, 41, 39, 10, 24, 19, 33, 13, 36, 26, 39, 41, 3, 36, 38, 35, 27, 40, 27, 9, 38, 39, 41, 3, 29, 26, 27, 36, 35, 39, 4, 32]"
L2_arctic_WAV/BWC_arctic_a0117,"[11, 27, 43, 19, 8, 19, 41, 8, 12, 20, 7, 32, 28, 4, 41, 4, 32, 36, 8, 31, 34, 4, 12, 27, 8, 32, 26, 3, 24, 21, 8, 36, 4, 32, 19, 40, 10, 8, 36]","[11, 27, 43, 19, 8, 19, 41, 8, 12, 20, 27, 32, 27, 4, 32, 36, 8, 31, 34, 4, 12, 27, 27, 9, 26, 3, 24, 21, 8, 36, 4, 32, 19, 41, 10, 8, 36]"
L2_arctic_WAV/BWC_arctic_a0120,"[31, 16, 8, 35, 16, 8, 38, 24, 13, 38, 24, 27, 30, 42, 30, 16, 8, 29, 6, 43, 38, 14, 40, 4, 37, 16, 8, 32, 27, 42, 19, 7, 18, 28, 4, 38, 5, 32, 38]","[31, 16, 8, 35, 16, 8, 24, 39, 38, 24, 27, 41, 36, 30, 16, 8, 29, 19, 43, 38, 10, 24, 4, 37, 16, 8, 32, 27, 42, 19, 7, 18, 28, 4, 38, 7, 32, 38]"
L2_arctic_WAV/BWC_arctic_a0121,"[6, 21, 8, 21, 8, 38, 19, 8, 32, 3, 43, 38, 6, 4, 24, 8, 12, 4, 32, 19, 35, 7, 36, 38, 8, 19, 24, 10, 35, 38, 39, 16, 13, 35, 42]","[19, 21, 8, 21, 8, 38, 19, 8, 32, 3, 43, 38, 19, 4, 24, 8, 12, 4, 32, 19, 35, 43, 36, 38, 8, 19, 24, 10, 35, 38, 39, 16, 13, 35, 36]"
L2_arctic_WAV/BWC_arctic_a0122,"[38, 39, 28, 8, 35, 42, 4, 25, 33, 13, 16, 8, 25, 21, 8, 40, 14, 34, 36, 8, 40, 4, 30, 8, 42, 21, 8, 11, 4, 32, 24, 10, 35, 6, 8, 36]","[38, 39, 28, 8, 35, 36, 4, 25, 33, 13, 16, 8, 25, 21, 8, 40, 14, 34, 36, 8, 40, 4, 30, 8, 36, 4, 32, 24, 10, 19, 8, 36]"
L2_arctic_WAV/BWC_arctic_a0123,"[11, 27, 26, 43, 19, 19, 16, 8, 19, 24, 35, 14, 31, 29, 33, 13, 30, 19, 4, 32, 19, 36, 38, 5, 35, 40, 21, 8, 11, 4, 32]","[11, 27, 26, 43, 19, 19, 16, 8, 19, 24, 35, 14, 31, 29, 33, 13, 19, 4, 32, 19, 36, 38, 5, 35, 41, 21, 8, 11, 4, 32]"
L2_arctic_WAV/BWC_arctic_a0125,"[26, 27, 41, 14, 42, 19, 8, 38, 3, 31, 4, 32, 19, 32, 16, 13, 38, 39, 31, 21, 8, 32, 38, 21, 8, 32, 4, 31, 10, 35, 36, 3, 38, 4, 32, 26, 33, 13, 30, 19, 4, 34, 5, 32, 26, 8, 31, 36, 7, 30, 24]","[26, 27, 41, 14, 42, 19, 8, 38, 3, 31, 27, 32, 32, 16, 13, 38, 39, 31, 21, 8, 32, 38, 21, 8, 9, 4, 31, 10, 36, 3, 38, 4, 32, 26, 33, 13, 41, 19, 4, 34, 5, 32, 26, 8, 31, 36, 7, 41, 24]"
L2_arctic_WAV/BWC_arctic_a0126,"[27, 37, 19, 21, 8, 11, 27, 18, 27, 29, 21, 8, 31, 4, 31, 10, 35, 40, 16, 8, 38, 4, 30, 34, 5, 35, 38, 14, 40, 26, 8, 31]","[27, 37, 19, 21, 8, 11, 27, 18, 27, 29, 21, 8, 31, 4, 31, 10, 35, 41, 43, 38, 4, 41, 34, 5, 35, 38, 10, 24, 26, 27, 31]"
L2_arctic_WAV/BWC_arctic_a0127,"[8, 38, 41, 14, 42, 4, 38, 7, 31, 38, 21, 8, 11, 4, 32, 18, 14, 38, 26, 27, 35, 27, 42, 8, 36, 38, 8, 19, 8, 38]","[8, 41, 14, 36, 4, 38, 43, 31, 34, 4, 38, 21, 8, 11, 4, 32, 18, 14, 26, 27, 35, 27, 36, 8, 36, 38, 8, 19, 8, 38]"
L2_arctic_WAV/BWC_arctic_a0128,"[6, 8, 36, 41, 14, 32, 26, 33, 13, 34, 41, 10, 42, 19, 8, 36, 38, 35, 10, 8, 19, 43, 42, 29, 41, 8, 29, 30, 27, 43, 42, 8, 38, 41, 10, 42, 18, 10, 35, 32]","[19, 8, 36, 41, 5, 32, 26, 33, 13, 34, 41, 10, 36, 19, 27, 36, 38, 35, 10, 8, 19, 43, 36, 29, 41, 8, 29, 30, 27, 43, 36, 8, 41, 10, 36, 18, 10, 35, 32]"
L2_arctic_WAV/BWC_arctic_a0129,"[26, 3, 24, 21, 8, 36, 41, 10, 42, 4, 25, 7, 32, 36, 38, 26, 8, 42, 18, 35, 7, 36, 38]","[26, 3, 24, 21, 8, 36, 41, 10, 36, 4, 25, 7, 32, 36, 38, 26, 27, 36, 18, 35, 43, 36, 38]"
L2_arctic_WAV/BWC_arctic_a0130,"[11, 27, 41, 14, 42, 26, 8, 42, 32, 16, 13, 24, 3, 7, 40, 3]","[11, 27, 41, 14, 36, 26, 27, 36, 32, 16, 13, 24, 3, 43, 41, 3]"
L2_arctic_WAV/BWC_arctic_a0131,"[24, 8, 30, 8, 34, 26, 43, 19, 19, 8, 30, 8, 40, 3, 19, 26, 8, 31, 36, 7, 30, 24, 12, 35, 39, 6, 4, 31, 21, 8, 30, 36, 38, 35, 4, 31]","[23, 23, 23, 23, 23, 26, 43, 19, 19, 8, 30, 8, 41, 3, 19, 26, 8, 31, 36, 7, 41, 24, 12, 35, 39, 19, 4, 31, 21, 8, 41, 36, 38, 4, 35, 31]"
L2_arctic_WAV/BWC_arctic_a0134,"[26, 27, 33, 13, 18, 21, 8, 19, 6, 14, 34, 35, 7, 11, 3, 14, 40, 26, 3, 26, 43, 32, 19]","[26, 27, 33, 13, 18, 21, 8, 38, 19, 14, 34, 35, 43, 11, 3, 10, 24, 26, 3, 26, 5, 32, 38]"
L2_arctic_WAV/BWC_arctic_a0136,"[4, 18, 16, 13, 38, 26, 8, 31, 7, 40, 35, 27, 41, 7, 35, 41, 3, 6, 4, 7, 40, 4, 19, 4, 32, 36, 4, 42, 14, 40, 30, 14, 25, 15, 3, 27, 43, 32, 19, 14, 40, 21, 8, 20]","[4, 18, 16, 13, 38, 26, 27, 31, 43, 41, 35, 27, 41, 7, 35, 41, 3, 19, 4, 43, 41, 4, 19, 4, 32, 36, 10, 24, 30, 14, 25, 37, 3, 27, 43, 32, 19, 10, 24, 21, 8, 37]"
L2_arctic_WAV/BWC_arctic_a0137,"[6, 7, 32, 26, 27, 36, 38, 7, 34, 38, 18, 43, 29, 41, 8, 12, 4, 30, 33, 13, 29, 35, 16, 8, 14, 40, 34, 30, 7, 15, 3]","[19, 7, 32, 26, 27, 36, 38, 7, 34, 38, 8, 38, 18, 43, 29, 41, 8, 12, 4, 30, 33, 13, 29, 35, 16, 8, 10, 24, 34, 30, 43, 15, 3]"
L2_arctic_WAV/BWC_arctic_a0139,"[26, 27, 38, 33, 13, 30, 19, 26, 8, 31, 36, 7, 30, 24, 6, 43, 38, 43, 42, 26, 27, 41, 5, 11, 38, 26, 8, 31, 36, 7, 30, 24, 4, 32, 19, 25, 35, 39, 31, 19, 26, 8, 42, 19, 8, 11, 7, 40, 4, 30, 19, 29, 30, 33, 13, 6, 42]","[26, 27, 38, 33, 13, 41, 19, 26, 8, 31, 36, 7, 41, 24, 19, 43, 38, 43, 36, 26, 27, 41, 5, 11, 38, 26, 8, 31, 36, 7, 41, 24, 4, 32, 19, 25, 35, 39, 31, 19, 26, 27, 36, 19, 8, 11, 43, 40, 4, 41, 19, 29, 30, 33, 13, 12, 8, 36]"
L2_arctic_WAV/BWC_arctic_a0225,"[16, 8, 41, 14, 42, 18, 35, 10, 38, 14, 34, 6, 4, 41, 21, 8, 31, 33, 13, 36, 38, 25, 3, 30, 42, 8, 32, 26, 4, 41, 16, 8, 27, 5, 35, 18, 35, 10, 38, 14, 34]","[5, 41, 14, 36, 18, 35, 10, 38, 14, 38, 4, 41, 21, 8, 31, 10, 36, 25, 3, 30, 36, 8, 32, 26, 4, 41, 16, 8, 27, 5, 18, 35, 10, 38, 14, 34]"
L2_arctic_WAV/BWC_arctic_a0245,"[16, 13, 38, 14, 40, 26, 8, 42, 21, 8, 38, 27, 32, 26, 14, 32, 19, 3, 19, 26, 27, 30, 21, 8, 19, 4, 36, 16, 8, 19, 36, 8, 29, 36, 38, 27, 32, 26, 14, 32, 19, 3, 19, 27, 37, 28, 8, 35]","[16, 13, 38, 14, 24, 26, 8, 36, 21, 8, 38, 27, 26, 14, 32, 19, 3, 19, 26, 27, 30, 16, 8, 19, 4, 36, 16, 8, 19, 36, 8, 29, 36, 38, 27, 26, 14, 32, 19, 3, 27, 37, 28, 8, 35]"
L2_arctic_WAV/BWC_arctic_a0335,"[35, 7, 19, 16, 8, 36, 41, 14, 9, 18, 43, 29, 43, 32, 19, 24, 10, 35, 12, 5, 32, 6, 4, 18, 35, 43, 32, 37, 24, 5, 35, 6, 3, 19, 16, 13, 32]","[35, 7, 19, 16, 8, 36, 41, 14, 31, 18, 43, 29, 43, 32, 24, 10, 36, 5, 32, 19, 4, 18, 35, 43, 32, 37, 24, 5, 6, 3, 19, 16, 13, 32]"
L2_arctic_WAV/BWC_arctic_a0434,"[4, 26, 43, 24, 4, 29, 21, 8, 36, 14, 40, 38, 4, 18, 43, 29, 33, 13, 41, 14, 42, 41, 3, 12, 12, 35, 27, 34, 16, 13, 32, 19, 42]","[4, 26, 43, 24, 4, 29, 21, 8, 36, 14, 24, 38, 4, 18, 21, 8, 29, 10, 41, 14, 36, 41, 3, 12, 12, 35, 27, 34, 5, 32, 19, 36]"
L2_arctic_WAV/BWC_arctic_a0459,"[6, 7, 35, 42, 38, 39, 31, 14, 37, 14, 40, 6, 4, 36, 29, 39, 30, 18, 10, 8, 8, 32, 31, 27]","[19, 7, 35, 36, 38, 39, 31, 14, 37, 14, 24, 19, 4, 36, 29, 39, 30, 18, 10, 8, 8, 31, 31, 27]"
L2_arctic_WAV/BWC_arctic_a0515,"[18, 14, 38, 26, 27, 35, 4, 31, 14, 9, 36, 38, 5, 35, 36, 7, 30, 40, 42, 30, 7, 38, 14, 36, 36, 34, 27, 29, 16, 13, 38]","[18, 14, 26, 27, 35, 4, 31, 14, 9, 25, 4, 36, 16, 13, 36, 7, 30, 24, 24, 30, 7, 6, 14, 36, 36, 34, 27, 29, 16, 13, 38]"
L2_arctic_WAV/BWC_arctic_a0519,"[36, 14, 37, 43, 32, 43, 29, 38, 41, 14, 42, 8, 32, 19, 8, 35, 7, 29, 38, 40, 16, 8, 4, 30, 21, 8, 11, 4, 32, 14, 40, 6, 4, 30, 10, 42, 14, 40, 6, 4, 30, 43, 32, 19]","[36, 14, 37, 43, 43, 29, 38, 41, 14, 36, 8, 32, 19, 8, 35, 7, 29, 11, 4, 40, 16, 8, 4, 30, 21, 8, 11, 4, 32, 14, 24, 19, 4, 30, 10, 36, 14, 24, 19, 4, 30, 43, 32, 19]"
L2_arctic_WAV/BWC_arctic_a0536,"[26, 27, 41, 13, 19, 19, 8, 36, 38, 35, 10, 8, 10, 30, 12, 8, 9, 42, 6, 43, 38, 3, 24, 8, 29, 36, 38]","[26, 27, 41, 13, 19, 19, 8, 36, 38, 35, 10, 8, 10, 12, 8, 9, 36, 12, 43, 38, 3, 24, 8, 26, 36, 38]"
L2_arctic_WAV/BWC_arctic_a0549,"[19, 39, 28, 39, 32, 33, 13, 6, 43, 38, 41, 27, 41, 21, 8, 7, 40, 35, 27, 34, 16, 13, 32, 19, 14, 40, 29, 33, 13, 30, 41, 27, 18, 3, 32]","[19, 39, 28, 13, 32, 10, 6, 43, 13, 41, 4, 41, 21, 8, 7, 40, 35, 27, 34, 5, 32, 14, 24, 29, 33, 13, 41, 27, 18, 3, 32]"
L2_arctic_WAV/BWC_arctic_a0571,"[26, 27, 26, 43, 19, 24, 3, 25, 5, 38, 4, 32, 38, 39, 18, 8, 30, 19, 4, 24, 16, 8, 3, 43, 32, 19, 12, 10, 16, 13, 38]","[26, 8, 26, 43, 40, 24, 3, 25, 5, 12, 4, 32, 38, 39, 18, 8, 41, 19, 4, 24, 16, 8, 3, 43, 36, 10, 16, 13, 23]"
L2_arctic_WAV/BWC_arctic_a0575,"[6, 7, 35, 41, 3, 4, 32, 38, 7, 32, 27, 31, 8, 11, 4, 32, 42, 43, 32, 19, 26, 27, 41, 10, 42, 6, 4, 31, 43, 32, 38, 39, 32, 33, 13]","[19, 7, 30, 41, 4, 32, 38, 7, 32, 27, 31, 8, 11, 4, 32, 36, 43, 32, 26, 27, 41, 10, 36, 4, 31, 43, 32, 38, 39, 32, 33, 13]"
L2_arctic_WAV/BWC_arctic_a0576,"[4, 32, 19, 6, 4, 18, 8, 25, 34, 3, 15, 4, 32, 32, 28, 39, 14, 40, 26, 8, 42, 8, 25, 42, 8, 36, 38, 4, 32, 36, 18, 27, 24, 10, 35, 26, 27, 19, 8, 19, 14, 40, 26, 3, 42]","[4, 32, 6, 4, 18, 8, 34, 3, 15, 4, 32, 32, 28, 39, 14, 24, 26, 8, 36, 8, 25, 42, 8, 36, 38, 4, 32, 36, 18, 27, 24, 10, 30, 26, 27, 19, 8, 14, 24, 26, 3, 36]"
L2_arctic_WAV/BWC_arctic_b0004,"[26, 41, 7, 32, 16, 8, 29, 43, 32, 38, 36, 27, 18, 28, 39, 38, 27, 8, 32, 41, 13, 31, 4, 32, 16, 8, 41, 5, 32, 38, 38, 8, 19, 16, 8]","[26, 41, 7, 32, 16, 8, 29, 43, 32, 36, 27, 18, 28, 39, 23, 27, 8, 32, 41, 39, 31, 4, 32, 16, 8, 41, 5, 32, 38, 8, 19, 16, 8]"
L2_arctic_WAV/BWC_arctic_b0026,"[28, 39, 26, 43, 40, 4, 36, 33, 13, 11, 27, 21, 8, 38, 4, 19, 41, 8, 12, 36, 14, 31, 14, 40, 6, 27, 42, 31, 7, 32]","[28, 39, 26, 43, 40, 4, 36, 33, 13, 11, 27, 21, 8, 38, 4, 19, 41, 8, 12, 36, 14, 31, 14, 40, 19, 8, 36, 31, 7, 32]"
L2_arctic_WAV/BWC_arctic_b0048,"[26, 27, 30, 13, 29, 38, 30, 16, 8, 29, 26, 41, 14, 32, 26, 39, 26, 43, 19, 34, 43, 36, 38, 12, 35, 39, 4, 32, 4, 32, 29, 14, 31, 24, 3, 38, 4, 18, 4, 30, 16, 13, 35, 10, 35, 38, 39]","[26, 27, 30, 13, 25, 19, 5, 25, 41, 14, 32, 26, 39, 26, 43, 19, 34, 43, 36, 12, 35, 39, 4, 4, 32, 29, 14, 32, 24, 3, 4, 18, 4, 30, 16, 13, 35, 10, 35, 38, 39]"
L2_arctic_WAV/BWC_arctic_b0074,"[28, 7, 38, 18, 8, 26, 16, 8, 32, 19, 6, 7, 31, 6, 7, 35, 41, 14, 42, 4, 32, 14, 6, 3, 43, 32, 19, 31, 10, 35, 34, 16, 13, 3, 24, 4, 30, 31, 33, 13, 38, 8, 40]","[28, 7, 18, 8, 26, 5, 32, 19, 7, 31, 19, 7, 30, 41, 14, 36, 4, 32, 14, 6, 3, 43, 32, 31, 10, 36, 34, 16, 13, 3, 24, 4, 30, 31, 33, 13, 38, 8]"
L2_arctic_WAV/BWC_arctic_b0075,"[8, 32, 6, 43, 38, 29, 21, 8, 36, 26, 27, 29, 13, 19, 32, 5, 38, 31, 8, 36, 6, 7, 31, 8, 24, 26, 27, 28, 39, 42, 19, 29, 10, 11, 4, 32]","[8, 32, 6, 43, 29, 7, 36, 26, 27, 41, 13, 32, 5, 31, 8, 36, 6, 7, 31, 8, 24, 26, 27, 28, 39, 42, 29, 33, 13, 11, 4, 32]"
L2_arctic_WAV/BWC_arctic_b0140,"[6, 21, 8, 7, 20, 19, 32, 8, 35, 3, 43, 32, 19, 36, 38, 13, 19, 11, 33, 13, 30, 19, 3, 38, 39, 11, 33, 13, 30, 19, 3, 24, 21, 8, 36, 8, 9, 6, 7, 35, 41, 3, 30, 19]","[19, 7, 7, 11, 19, 32, 8, 35, 3, 43, 32, 36, 38, 13, 19, 11, 10, 19, 3, 38, 39, 11, 10, 19, 3, 24, 21, 8, 36, 8, 9, 19, 7, 35, 41, 3, 30, 19]"
L2_arctic_WAV/BWC_arctic_b0142,"[36, 14, 31, 12, 8, 9, 40, 43, 36, 38, 30, 27, 31, 10, 35, 12, 35, 8, 30, 8, 9, 26, 43, 19, 29, 14, 31, 8, 32, 38, 39, 8, 38, 32, 16, 13]","[36, 14, 31, 12, 8, 9, 41, 43, 36, 30, 27, 31, 10, 12, 35, 8, 30, 27, 26, 43, 19, 29, 14, 31, 8, 32, 38, 39, 8, 32, 16, 13]"
L2_arctic_WAV/BWC_arctic_b0165,"[26, 27, 34, 13, 30, 19, 43, 32, 19, 6, 4, 30, 10, 25, 29, 35, 43, 11, 38, 19, 16, 13, 32, 38, 39, 18, 35, 21, 8, 29, 26, 8, 42, 18, 43, 29]","[26, 27, 34, 13, 30, 19, 43, 32, 19, 4, 30, 7, 29, 35, 43, 11, 38, 19, 5, 32, 38, 39, 18, 35, 7, 29, 26, 8, 36, 18, 43, 29]"
L2_arctic_WAV/BWC_arctic_b0185,"[28, 10, 35, 18, 27, 8, 9, 35, 7, 29, 38, 26, 27, 35, 26, 43, 42, 18, 8, 32, 4, 25, 5, 19, 36, 7, 32, 19, 38, 39, 31, 27]","[28, 10, 35, 18, 27, 8, 9, 35, 7, 29, 38, 26, 27, 35, 26, 43, 36, 18, 8, 32, 4, 25, 10, 23, 36, 7, 32, 38, 39, 31, 27]"
L2_arctic_WAV/BWC_arctic_b0189,"[6, 43, 38, 8, 42, 41, 14, 38, 19, 8, 36, 38, 8, 9, 25, 41, 8, 11, 8, 42, 10, 30, 14, 40, 14, 36, 24, 35, 14, 31, 6, 4, 30, 33, 13, 3, 43, 32, 4, 31, 4, 30, 42]","[19, 43, 38, 8, 42, 41, 14, 19, 8, 36, 38, 8, 9, 25, 41, 8, 11, 8, 38, 10, 30, 14, 24, 14, 36, 24, 35, 14, 31, 19, 4, 30, 33, 13, 7, 36, 7, 43, 32, 4, 31, 4, 30, 36]"
L2_arctic_WAV/BWC_arctic_b0203,"[4, 31, 14, 32, 12, 8, 32, 10, 36, 38, 35, 21, 8, 30, 28, 4, 41, 13, 19, 24, 8, 32, 8, 11, 31, 27]","[4, 31, 14, 32, 12, 8, 16, 13, 36, 38, 35, 7, 30, 8, 4, 41, 13, 24, 8, 32, 8, 11, 31, 27]"
L2_arctic_WAV/BWC_arctic_b0251,"[6, 21, 8, 31, 14, 36, 38, 26, 43, 40, 18, 8, 32, 36, 41, 7, 34, 38, 4, 41, 21, 8, 18, 16, 8, 6, 4, 29, 21, 8, 5, 38, 8, 29, 29, 3, 4, 32, 38, 36]","[19, 7, 31, 14, 36, 26, 43, 41, 18, 8, 32, 36, 41, 7, 34, 38, 4, 41, 21, 8, 18, 5, 6, 4, 29, 43, 5, 38, 8, 29, 29, 3, 4, 32, 38, 36]"
L2_arctic_WAV/BWC_arctic_b0282,"[36, 14, 31, 14, 40, 6, 4, 36, 31, 10, 30, 3, 40, 21, 8, 32, 42, 26, 43, 19, 19, 16, 13, 38, 30, 4, 36, 18, 8, 32, 35, 14, 34, 37, 3, 19]","[36, 14, 31, 14, 24, 19, 4, 36, 31, 10, 30, 3, 40, 7, 32, 36, 26, 43, 19, 19, 16, 13, 23, 30, 4, 36, 18, 8, 32, 35, 14, 34, 37, 3]"
L2_arctic_WAV/BWC_arctic_b0288,"[41, 27, 41, 13, 19, 32, 5, 38, 36, 34, 7, 32, 19, 4, 32, 14, 6, 3, 36, 14, 37, 32, 16, 8, 38]","[41, 27, 41, 13, 32, 5, 36, 34, 7, 32, 19, 43, 32, 14, 6, 3, 36, 14, 37, 32, 5, 38]"
L2_arctic_WAV/BWC_arctic_b0323,"[29, 35, 8, 29, 4, 38, 36, 18, 8, 25, 43, 32, 38, 39, 37, 3, 34, 4, 32, 19, 31, 10, 35, 25, 27, 36, 43, 32, 19, 19, 14, 29, 36, 24, 30, 39, 33, 13, 40, 3, 26, 7, 19]","[29, 35, 8, 29, 27, 36, 18, 8, 25, 43, 32, 38, 39, 37, 3, 29, 4, 32, 31, 10, 25, 35, 27, 36, 43, 32, 19, 19, 14, 29, 36, 24, 7, 41, 33, 13, 40, 3, 26, 43, 19]"
L2_arctic_WAV/BWC_arctic_b0358,"[6, 4, 38, 7, 31, 34, 35, 4, 37, 3, 19, 35, 5, 34, 38, 38, 39, 24, 8, 24, 38, 27, 18, 8, 30, 33, 13, 42, 8, 35, 33, 13, 4, 32, 19, 35, 27, 31, 21, 8, 32, 19, 6, 7, 35, 6, 4, 26, 33, 13, 30, 38, 35, 8, 34]","[19, 4, 38, 43, 31, 34, 35, 4, 37, 3, 19, 35, 5, 34, 38, 39, 24, 8, 24, 38, 27, 18, 8, 30, 33, 13, 36, 8, 35, 33, 13, 4, 32, 19, 35, 27, 31, 16, 8, 32, 19, 19, 7, 35, 19, 4, 26, 33, 13, 41, 38, 35, 27, 34]"
L2_arctic_WAV/BWC_arctic_b0366,"[16, 8, 24, 3, 25, 5, 38, 26, 16, 13, 27, 42, 4, 30, 27, 16, 8, 26, 43, 19, 38, 10, 38, 31, 16, 8, 36, 7, 30, 24, 24, 35, 14, 31, 6, 14, 34, 35, 8, 32, 38, 8, 19, 34, 21, 8, 20]","[16, 8, 24, 4, 25, 5, 38, 26, 16, 13, 27, 42, 4, 30, 27, 16, 8, 26, 43, 19, 38, 10, 38, 31, 16, 8, 36, 7, 41, 24, 24, 35, 14, 31, 19, 14, 34, 35, 8, 32, 38, 8, 19, 34, 21, 8, 37]"
L2_arctic_WAV/BWC_arctic_b0380,"[26, 27, 26, 43, 19, 34, 27, 30, 19, 10, 24, 26, 8, 42, 11, 3, 38, 4, 32, 19, 41, 10, 42, 41, 16, 8, 30, 19, 30, 27, 41, 21, 8, 40, 8, 9, 8, 38]","[26, 27, 26, 43, 19, 34, 27, 41, 19, 10, 24, 26, 27, 36, 11, 3, 38, 4, 32, 19, 41, 10, 36, 41, 8, 30, 19, 30, 27, 41, 21, 8, 41, 8, 9, 8, 38]"
L2_arctic_WAV/BWC_arctic_b0385,"[30, 43, 36, 38, 32, 16, 8, 38, 26, 27, 11, 33, 13, 19, 10, 30, 6, 14, 36, 8, 31, 34, 38, 4, 31, 42, 14, 40, 29, 14, 31, 8, 9, 19, 16, 13, 32, 41, 8, 12, 32, 39, 31, 33, 13, 32, 28, 4]","[30, 43, 36, 32, 16, 8, 32, 26, 27, 11, 33, 13, 19, 10, 30, 19, 14, 36, 8, 31, 34, 38, 4, 31, 4, 36, 10, 24, 29, 10, 31, 8, 9, 19, 16, 13, 41, 8, 12, 32, 28, 39, 31, 33, 13, 32, 28, 4]"
L2_arctic_WAV/BWC_arctic_b0393,"[16, 8, 41, 14, 42, 36, 38, 8, 30, 41, 27, 29, 24, 35, 14, 31, 31, 16, 8, 34, 35, 4, 30, 10, 9, 19, 8, 31, 3, 15, 4, 32]","[16, 8, 41, 14, 36, 36, 38, 8, 41, 41, 27, 29, 24, 35, 14, 31, 31, 16, 8, 34, 4, 30, 10, 9, 19, 8, 31, 3, 15, 4, 32]"
L2_arctic_WAV/BWC_arctic_b0400,"[26, 16, 13, 29, 13, 19, 16, 8, 43, 32, 36, 3, 6, 4, 29, 41, 7, 36, 37, 4, 32, 5, 32, 6, 4, 36, 34, 3, 35, 14, 40, 6, 14, 31, 33, 13, 31, 4, 32, 38]","[26, 16, 13, 29, 13, 19, 16, 8, 43, 32, 36, 3, 19, 4, 29, 41, 7, 37, 4, 32, 5, 32, 4, 36, 34, 7, 35, 14, 24, 19, 14, 31, 33, 13, 31, 4, 32, 38]"
L2_arctic_WAV/BWC_arctic_b0402,"[43, 32, 10, 30, 38, 35, 39, 8, 36, 38, 8, 29, 43, 29, 38, 8, 42, 43, 32, 43, 29, 38, 34, 3, 24, 10, 35, 31, 19, 24, 10, 35, 6, 14, 41, 7, 30, 24, 7, 35, 14, 40, 14, 6, 3, 42]","[43, 32, 43, 30, 38, 35, 39, 8, 36, 38, 8, 29, 43, 29, 38, 8, 36, 43, 32, 43, 29, 38, 34, 3, 24, 10, 35, 31, 8, 32, 36, 24, 10, 35, 19, 14, 41, 7, 30, 24, 7, 35, 10, 24, 14, 6, 3, 36]"
L2_arctic_WAV/BWC_arctic_b0415,"[6, 7, 35, 41, 4, 42, 32, 14, 12, 8, 9, 24, 10, 35, 14, 36, 18, 14, 38, 6, 14, 41, 16, 8, 19, 35, 5, 33, 13, 11, 4, 32]","[19, 7, 35, 41, 4, 36, 32, 14, 12, 8, 9, 24, 10, 14, 36, 18, 14, 38, 19, 14, 41, 16, 8, 19, 35, 5, 33, 13, 11, 4, 32]"
L2_arctic_WAV/BWC_arctic_b0416,"[16, 8, 3, 33, 13, 42, 33, 13, 18, 27, 19, 27, 4, 32, 38, 30, 27, 43, 32, 19, 41, 7, 32, 38, 19, 16, 13, 32, 6, 4, 18, 27, 37]","[16, 8, 3, 33, 13, 42, 33, 13, 18, 27, 19, 27, 4, 32, 36, 30, 27, 43, 32, 19, 41, 7, 32, 38, 19, 16, 13, 32, 19, 4, 18, 27, 37]"
L2_arctic_WAV/BWC_arctic_b0418,"[43, 38, 6, 43, 38, 31, 33, 13, 31, 4, 32, 38, 16, 8, 25, 5, 38, 6, 4, 8, 31, 34, 35, 7, 11, 4, 32, 6, 43, 38, 11, 27, 41, 10, 42, 41, 8, 30, 4, 41, 27]","[43, 38, 19, 43, 38, 31, 33, 13, 31, 4, 32, 16, 8, 25, 5, 38, 19, 4, 8, 31, 34, 35, 7, 11, 8, 34, 19, 43, 38, 11, 27, 41, 10, 36, 41, 8, 41, 35, 4, 35, 27]"
L2_arctic_WAV/BWC_arctic_b0422,"[6, 8, 36, 41, 10, 42, 26, 41, 7, 32, 6, 27, 8, 29, 36, 34, 30, 33, 13, 15, 4, 32, 4, 29, 3, 19]","[19, 8, 36, 41, 10, 36, 26, 41, 7, 32, 19, 27, 8, 29, 36, 34, 33, 13, 11, 4, 32, 4, 29, 3, 19]"
L2_arctic_WAV/BWC_arctic_b0430,"[6, 21, 8, 41, 3, 18, 43, 18, 30, 8, 9, 43, 32, 19, 37, 43, 38, 3, 8, 9, 10, 30, 38, 4, 25, 7, 6, 3]","[19, 21, 8, 41, 3, 18, 43, 18, 30, 8, 9, 43, 32, 19, 37, 43, 38, 3, 8, 9, 10, 38, 4, 25, 7, 6, 3]"
L2_arctic_WAV/BWC_arctic_b0456,"[26, 27, 41, 14, 42, 4, 32, 43, 31, 24, 8, 18, 27, 4, 32, 43, 32, 19, 4, 31, 16, 13, 32, 38, 8, 32, 8, 35]","[26, 27, 41, 14, 36, 4, 43, 24, 8, 18, 27, 4, 32, 43, 32, 19, 4, 31, 14, 9, 38, 8, 32, 8, 35]"
L2_arctic_WAV/BWC_arctic_b0461,"[18, 16, 8, 40, 3, 37, 39, 14, 40, 6, 43, 38, 34, 16, 13, 3, 41, 27, 11, 43, 30, 35, 27, 31, 21, 8, 32, 8, 32, 34, 16, 13, 3]","[18, 16, 8, 41, 3, 37, 39, 10, 24, 19, 43, 38, 34, 16, 13, 3, 41, 27, 11, 43, 30, 35, 27, 31, 21, 8, 32, 8, 32, 34, 16, 13, 3]"
L2_arctic_WAV/BWC_arctic_b0465,"[18, 14, 38, 36, 14, 37, 19, 16, 8, 40, 3, 20, 4, 32, 36, 14, 40, 4, 34, 8, 32, 28, 4, 32, 41, 13, 19, 29, 5, 32, 36, 38, 4, 38, 39, 38, 32, 33, 13, 31, 7, 32, 4, 36, 38, 4, 36, 4, 36, 16, 8, 4, 38, 27]","[18, 14, 38, 36, 14, 36, 19, 16, 8, 41, 3, 20, 4, 32, 36, 10, 24, 10, 34, 8, 32, 28, 21, 8, 13, 19, 29, 5, 32, 36, 8, 36, 4, 32, 32, 33, 13, 31, 7, 32, 43, 36, 38, 4, 36, 4, 36, 16, 8, 3, 38, 27]"
L2_arctic_WAV/BWC_arctic_b0476,"[6, 4, 35, 27, 10, 35, 25, 4, 32, 4, 42, 21, 8, 11, 4, 32, 14, 40, 6, 27, 42, 29, 14, 32, 38, 35, 27, 42, 38, 13, 29, 6, 14, 24, 10, 35, 31, 14, 40, 35, 7, 40, 4, 30, 39, 11, 4, 32]","[19, 4, 35, 27, 10, 25, 4, 32, 4, 42, 21, 8, 11, 4, 32, 14, 24, 19, 27, 36, 29, 14, 32, 38, 35, 27, 36, 38, 13, 29, 19, 14, 24, 10, 35, 31, 14, 24, 35, 43, 40, 4, 30, 39, 11, 4, 32]"
L2_arctic_WAV/BWC_arctic_b0479,"[40, 16, 8, 4, 30, 21, 8, 11, 4, 32, 14, 40, 6, 8, 36, 30, 5, 41, 14, 42, 31, 21, 8, 19, 4, 26, 16, 8, 31, 8, 36, 19, 4, 31, 27, 32, 3, 43, 32, 19, 34, 14, 32, 8, 11, 38, 4, 29, 10, 35, 19, 8, 9, 30, 27]","[40, 16, 8, 4, 30, 21, 8, 11, 4, 32, 10, 24, 19, 8, 36, 30, 5, 41, 14, 36, 31, 21, 8, 19, 4, 26, 16, 8, 31, 8, 36, 19, 4, 31, 27, 32, 3, 43, 32, 19, 34, 14, 32, 8, 11, 38, 4, 29, 10, 35, 19, 8, 9, 30, 27]"
L2_arctic_WAV/BWC_arctic_b0481,"[6, 4, 38, 43, 36, 29, 41, 27, 36, 7, 38, 16, 13, 3, 36, 7, 30, 40, 42, 41, 10, 42, 12, 35, 27, 24, 33, 13, 30, 19]","[19, 4, 38, 43, 36, 41, 27, 36, 7, 38, 16, 13, 3, 36, 7, 40, 36, 41, 10, 36, 12, 35, 27, 24, 33, 13, 19]"
L2_arctic_WAV/BWC_arctic_b0483,"[6, 14, 24, 30, 16, 13, 3, 14, 40, 6, 4, 5, 35, 38, 8, 36, 38, 8, 29, 43, 32, 19, 8, 32, 38, 4, 30, 7, 29, 37, 39, 4, 30, 41, 3, 30, 19, 41, 3, 35, 7, 40, 4, 30, 39, 11, 4, 32, 8, 36, 38, 36]","[19, 14, 24, 30, 16, 13, 3, 10, 24, 19, 4, 5, 35, 38, 8, 36, 38, 8, 29, 43, 32, 19, 8, 32, 38, 4, 30, 7, 29, 37, 39, 4, 30, 41, 3, 30, 19, 41, 3, 35, 7, 40, 4, 30, 39, 11, 4, 32, 8, 36, 38]"
L2_arctic_WAV/BWC_arctic_b0488,"[18, 27, 10, 32, 19, 35, 8, 24, 28, 39, 42, 8, 9, 38, 4, 36, 7, 30, 14, 36, 24, 39, 19, 6, 21, 8, 30, 7, 24, 38, 14, 36, 38, 39, 5, 35, 36, 7, 30, 40, 42]","[18, 27, 10, 32, 35, 8, 24, 28, 39, 42, 8, 9, 38, 4, 36, 7, 41, 14, 36, 24, 39, 19, 19, 21, 8, 30, 7, 24, 38, 14, 36, 38, 39, 5, 36, 7, 30, 24, 36]"
L2_arctic_WAV/BWC_arctic_b0509,"[26, 27, 26, 43, 19, 24, 13, 30, 24, 8, 30, 19, 26, 8, 42, 19, 39, 38, 27, 43, 32, 19, 34, 21, 8, 19, 34, 35, 5, 34, 3, 30, 27]","[26, 27, 26, 43, 19, 24, 13, 41, 24, 8, 41, 19, 26, 27, 36, 19, 39, 38, 27, 43, 32, 19, 34, 21, 8, 19, 34, 35, 5, 34, 3, 30, 27]"
L2_arctic_WAV/BWC_arctic_b0527,"[6, 4, 40, 7, 35, 27, 16, 8, 19, 27, 4, 14, 40, 8, 38, 41, 10, 42, 34, 35, 8, 34, 5, 36, 38, 35, 4, 36]","[19, 4, 41, 43, 35, 27, 16, 8, 19, 27, 4, 10, 24, 8, 41, 10, 36, 34, 35, 27, 34, 5, 36, 38, 35, 27, 4, 36]"
L2_arctic_WAV/BWC_arctic_b0531,"[16, 8, 31, 11, 13, 35, 8, 38, 31, 14, 36, 38, 26, 43, 40, 18, 8, 32, 36, 14, 31, 4, 19, 40, 7, 32, 37, 3]","[43, 31, 11, 13, 8, 31, 5, 36, 38, 26, 43, 18, 18, 8, 32, 36, 14, 31, 4, 19, 41, 43, 32, 37, 3]"
L2_arctic_WAV/LXC_arctic_a0003,"[24, 35, 3, 6, 4, 38, 41, 7, 32, 38, 27, 8, 12, 38, 16, 8, 31, 6, 43, 38, 27, 40, 32, 8, 9, 6, 4, 38, 39, 31, 7, 32, 11, 13, 29, 26, 43, 32, 42]","[24, 35, 3, 6, 4, 38, 41, 5, 32, 38, 27, 8, 36, 38, 16, 8, 31, 19, 43, 38, 27, 40, 4, 32, 8, 9, 30, 4, 38, 39, 31, 7, 32, 11, 10, 29, 26, 7, 32, 36]"
L2_arctic_WAV/LXC_arctic_a0005,"[41, 8, 30, 41, 27, 7, 40, 3, 24, 3, 25, 7, 38, 8, 38]","[41, 8, 41, 41, 27, 43, 40, 4, 24, 3, 25, 7, 38, 27, 38]"
L2_arctic_WAV/LXC_arctic_a0006,"[25, 5, 19, 18, 30, 7, 36, 4, 31, 16, 8, 26, 33, 13, 34, 16, 8, 30, 25, 33, 13, 10, 32, 36, 27, 8, 9, 6, 7, 31, 24, 3, 7, 40, 3]","[25, 5, 19, 18, 30, 7, 36, 31, 16, 8, 26, 33, 13, 34, 16, 8, 41, 8, 41, 25, 33, 13, 10, 32, 36, 27, 8, 9, 6, 7, 31, 24, 4, 43, 40, 4]"
L2_arctic_WAV/LXC_arctic_a0007,"[43, 32, 19, 28, 39, 10, 30, 41, 27, 42, 41, 5, 32, 38, 38, 4, 36, 27, 8, 38, 8, 32, 6, 4, 36, 13, 34, 3, 30, 4, 38, 8, 40, 19, 8, 25, 35, 27]","[43, 32, 19, 28, 39, 10, 30, 41, 27, 42, 41, 5, 32, 38, 38, 4, 36, 27, 8, 38, 8, 9, 32, 4, 36, 13, 34, 4, 30, 16, 8, 38, 8, 34, 19, 8, 25, 35, 27]"
L2_arctic_WAV/LXC_arctic_a0008,"[25, 43, 19, 28, 13, 35, 30, 7, 38, 3, 29, 21, 8, 31, 20, 14, 36, 38, 8, 32, 38, 16, 8, 31]","[25, 43, 19, 28, 13, 30, 43, 38, 3, 29, 21, 8, 31, 20, 14, 36, 8, 9, 38, 16, 8, 31]"
L2_arctic_WAV/LXC_arctic_a0010,"[16, 8, 31, 34, 30, 21, 8, 8, 9, 4, 36, 8, 9, 25, 4, 30, 26, 43, 32, 19, 8, 32, 41, 14, 38, 30, 13, 29, 36, 30, 16, 8, 29, 4, 30, 39, 42, 8, 9, 25, 21, 8, 31]","[16, 8, 31, 34, 30, 21, 8, 8, 9, 4, 36, 8, 9, 25, 33, 13, 26, 43, 32, 8, 9, 41, 14, 38, 30, 13, 29, 30, 5, 36, 4, 30, 39, 36, 8, 9, 25, 21, 8, 9]"
L2_arctic_WAV/LXC_arctic_a0011,"[8, 24, 16, 8, 7, 40, 3, 32, 27, 19, 8, 19, 4, 24, 16, 8, 38, 3, 8, 32, 31, 16, 8, 30, 16, 8, 24, 16, 8, 32, 27, 19, 41, 14, 32, 32, 16, 13]","[8, 24, 16, 8, 43, 41, 4, 32, 27, 19, 8, 19, 4, 24, 16, 8, 38, 4, 8, 9, 31, 16, 8, 30, 16, 8, 24, 16, 8, 32, 27, 19, 41, 14, 32, 32, 16, 13]"
L2_arctic_WAV/LXC_arctic_a0013,"[26, 27, 41, 14, 42, 4, 26, 7, 19, 11, 10, 35, 38, 3, 6, 43, 32, 26, 8, 42, 29, 4, 31, 34, 43, 32, 28, 4, 32, 14, 40, 10, 30, 31, 33, 13, 36, 38, 19, 7, 30, 4, 29, 4, 38, 24, 4, 42, 27, 29]","[26, 27, 41, 14, 36, 4, 26, 43, 19, 11, 10, 38, 4, 30, 43, 32, 26, 27, 36, 29, 4, 31, 34, 43, 32, 28, 4, 32, 14, 40, 10, 31, 33, 13, 36, 38, 19, 7, 30, 4, 29, 4, 38, 24, 27, 36, 27, 29]"
L2_arctic_WAV/LXC_arctic_a0018,"[6, 7, 35, 41, 14, 42, 4, 37, 21, 8, 32, 20, 32, 16, 13]","[6, 7, 4, 41, 14, 36, 4, 37, 21, 8, 32, 37, 32, 16, 13]"
L2_arctic_WAV/LXC_arctic_a0019,"[16, 8, 24, 5, 30, 33, 13, 19, 6, 4, 30, 16, 8, 32, 14, 40, 6, 14, 34, 35, 4, 34, 33, 13, 42, 19, 35, 21, 8, 30, 35, 33, 13, 19, 30, 13, 29, 8, 9, 24, 10, 35, 37, 43, 32, 36, 8, 42]","[16, 8, 24, 5, 30, 33, 13, 19, 6, 4, 30, 4, 30, 16, 8, 32, 14, 40, 30, 14, 34, 35, 10, 34, 35, 33, 13, 36, 38, 35, 21, 8, 41, 35, 33, 13, 19, 30, 13, 29, 8, 9, 24, 10, 37, 43, 32, 36, 8, 36]"
L2_arctic_WAV/LXC_arctic_a0020,"[29, 30, 14, 18, 42, 4, 32, 19, 18, 10, 30, 42, 43, 32, 19, 36, 8, 38, 27, 42, 25, 35, 39, 38, 4, 18, 27, 33, 13, 32, 30, 27, 31, 7, 31, 3, 27, 42]","[29, 30, 14, 34, 36, 4, 32, 4, 18, 10, 36, 43, 32, 4, 36, 27, 38, 27, 36, 25, 35, 39, 38, 4, 18, 27, 10, 9, 30, 27, 31, 43, 31, 3, 27, 36]"
L2_arctic_WAV/LXC_arctic_a0021,"[8, 38, 24, 7, 35, 30, 27, 29, 30, 14, 18, 19, 31, 27, 8, 32, 38, 39, 35, 7, 29, 4, 25, 32, 16, 8, 42, 8, 9, 8, 38]","[8, 38, 24, 7, 30, 27, 29, 30, 14, 18, 19, 31, 27, 8, 32, 38, 39, 35, 7, 29, 4, 25, 32, 16, 8, 36, 8, 9, 27, 38]"
L2_arctic_WAV/LXC_arctic_a0022,"[26, 5, 35, 19, 30, 27, 41, 3, 16, 13, 35, 34, 30, 43, 32, 42, 31, 21, 8, 19, 34, 14, 18, 30, 8, 29, 18, 27, 24, 10, 35, 41, 27, 41, 3, 31, 7, 38, 18, 16, 8, 34, 16, 13, 3, 24, 4, 30, 5, 34, 4, 42, 8, 11, 4, 32]","[26, 5, 35, 19, 4, 30, 27, 41, 4, 16, 13, 4, 34, 30, 43, 32, 36, 31, 21, 8, 19, 34, 14, 18, 30, 27, 29, 18, 27, 24, 10, 41, 27, 41, 4, 31, 7, 38, 18, 16, 8, 34, 16, 13, 4, 24, 33, 13, 5, 34, 36, 27, 11, 4, 32]"
L2_arctic_WAV/LXC_arctic_a0023,"[4, 29, 5, 31, 18, 4, 32, 21, 8, 11, 4, 32, 14, 40, 29, 4, 32, 21, 8, 19, 27, 4, 32, 29, 43, 34, 4, 38, 4, 30, 29, 41, 8, 29, 30, 27, 10, 35, 25, 4, 32, 16, 8, 42, 19, 43, 32, 19, 34, 4, 38, 8, 11, 4, 32, 19, 24, 10, 35, 6, 4, 36, 21, 8, 31, 34, 35, 8, 40, 8, 30, 8, 20, 8, 42]","[4, 29, 5, 31, 18, 32, 21, 8, 11, 4, 9, 10, 40, 29, 4, 32, 21, 8, 19, 27, 4, 32, 29, 43, 34, 38, 4, 41, 29, 41, 8, 29, 30, 27, 10, 25, 4, 32, 16, 8, 36, 43, 32, 19, 4, 34, 43, 38, 8, 11, 4, 32, 24, 10, 4, 6, 4, 36, 27, 31, 34, 35, 8, 40, 27, 30, 27, 20, 27, 36]"
L2_arctic_WAV/LXC_arctic_a0024,"[8, 38, 41, 14, 42, 31, 16, 8, 35, 8, 34, 10, 35, 38, 36, 24, 35, 14, 31, 6, 4, 32, 10, 35, 12, 41, 8, 37, 37, 27, 24, 30, 27, 8, 32, 19, 39, 36, 38, 34, 27, 34, 4, 30, 38, 39, 18, 16, 8]","[8, 38, 41, 14, 36, 31, 16, 8, 35, 8, 34, 10, 38, 36, 24, 35, 14, 31, 6, 4, 32, 10, 35, 36, 41, 27, 37, 37, 27, 24, 30, 27, 27, 32, 19, 39, 36, 38, 34, 27, 34, 4, 41, 38, 39, 18, 16, 8]"
L2_arctic_WAV/LXC_arctic_a0025,"[16, 8, 41, 14, 42, 4, 18, 16, 13, 38, 38, 4, 19, 39, 6, 8, 36, 41, 7, 32, 29, 39, 30, 3, 20, 14, 20, 31, 4, 32, 38, 34, 35, 27, 40, 21, 8, 30, 19]","[16, 8, 41, 14, 36, 4, 18, 16, 13, 38, 38, 4, 19, 39, 30, 27, 36, 41, 43, 32, 29, 39, 30, 4, 20, 14, 37, 31, 4, 32, 34, 35, 27, 41, 21, 8, 30, 19]"
L2_arctic_WAV/LXC_arctic_a0026,"[8, 38, 4, 29, 3, 19, 38, 39, 31, 27, 6, 43, 38, 6, 7, 35, 41, 13, 19, 26, 43, 40, 38, 39, 18, 27, 4, 32, 4, 29, 16, 13, 32, 38, 8, 9]","[27, 38, 4, 29, 4, 19, 38, 39, 31, 27, 6, 43, 38, 19, 7, 41, 13, 19, 26, 43, 24, 38, 39, 18, 27, 4, 9, 4, 29, 14, 32, 38, 8, 9]"
L2_arctic_WAV/LXC_arctic_a0027,"[38, 39, 31, 16, 8, 36, 4, 34, 35, 16, 8, 42, 26, 27, 18, 27, 25, 43, 32, 38, 39, 11, 33, 13, 43, 29, 37, 4, 41, 4, 30, 8, 32, 12, 39, 42, 27, 43, 42, 4, 31, 8, 32, 31, 16, 8, 24, 21, 8, 40, 3]","[38, 39, 31, 16, 8, 36, 4, 34, 35, 16, 8, 36, 26, 27, 18, 27, 25, 43, 32, 38, 39, 11, 33, 13, 43, 29, 37, 4, 41, 4, 8, 32, 36, 39, 36, 27, 43, 36, 4, 31, 8, 9, 31, 16, 8, 24, 21, 8, 41, 4]"
L2_arctic_WAV/LXC_arctic_a0028,"[35, 5, 18, 3, 27, 18, 35, 16, 8, 18, 3, 27, 24, 35, 10, 19]","[35, 5, 18, 3, 27, 18, 35, 16, 8, 18, 3, 27, 24, 35, 10, 19]"
L2_arctic_WAV/LXC_arctic_a0029,"[6, 7, 35, 24, 10, 35, 36, 8, 42, 41, 3, 10, 30, 35, 7, 19, 27, 31, 39, 40, 8, 9, 8, 32, 38, 39, 6, 4, 32, 10, 35, 12, 29, 14, 32, 38, 35, 27]","[19, 7, 4, 24, 10, 36, 8, 36, 41, 4, 10, 35, 7, 19, 27, 31, 39, 40, 8, 9, 27, 9, 38, 39, 30, 4, 32, 10, 36, 29, 14, 9, 38, 35, 27]"
L2_arctic_WAV/LXC_arctic_a0030,"[16, 8, 26, 43, 19, 24, 21, 8, 12, 8, 32, 6, 7, 31]","[16, 8, 26, 43, 19, 24, 21, 8, 36, 8, 9, 30, 7, 31]"
L2_arctic_WAV/LXC_arctic_a0031,"[6, 21, 8, 41, 3, 12, 35, 27, 26, 14, 32, 19, 35, 4, 19, 28, 5, 35, 19, 42, 4, 34, 5, 35, 38]","[19, 21, 8, 41, 4, 36, 35, 27, 26, 14, 32, 19, 35, 4, 19, 28, 5, 19, 36, 4, 34, 5, 38]"
L2_arctic_WAV/LXC_arctic_a0032,"[36, 8, 32, 36, 6, 7, 32, 36, 14, 31, 31, 8, 36, 38, 8, 35, 27, 4, 36, 24, 10, 35, 36, 26, 43, 42, 18, 8, 32, 24, 16, 8, 38, 8, 9, 14, 36, 43, 38, 7, 40, 35, 27, 36, 38, 7, 34]","[36, 27, 9, 36, 36, 7, 32, 36, 14, 31, 31, 8, 36, 38, 8, 35, 27, 4, 36, 24, 10, 36, 26, 43, 36, 18, 8, 9, 24, 16, 8, 32, 38, 8, 9, 5, 36, 43, 38, 43, 41, 35, 27, 36, 38, 7, 34]"
L2_arctic_WAV/LXC_arctic_a0036,"[11, 27, 38, 3, 32, 19, 8, 32, 43, 38, 6, 4, 26, 33, 13, 38, 7, 30]","[11, 27, 38, 4, 32, 8, 9, 43, 38, 4, 30, 4, 26, 33, 13, 38, 7, 41]"
L2_arctic_WAV/LXC_arctic_a0037,"[16, 8, 41, 14, 42, 6, 4, 33, 13, 32, 30, 27, 41, 14, 32, 26, 39, 35, 8, 31, 21, 8, 32, 19, 36, 8, 38, 8, 9]","[16, 8, 41, 14, 36, 6, 4, 10, 9, 30, 27, 41, 14, 9, 26, 39, 35, 8, 31, 21, 8, 32, 19, 36, 27, 38, 27, 9]"
L2_arctic_WAV/LXC_arctic_a0038,"[41, 27, 30, 26, 43, 40, 38, 39, 41, 5, 37, 16, 13, 35, 37, 43, 32, 36, 8, 42]","[41, 27, 41, 8, 41, 26, 43, 38, 39, 41, 5, 37, 16, 13, 4, 37, 5, 32, 36, 8, 36]"
L2_arctic_WAV/LXC_arctic_a0039,"[6, 4, 11, 8, 34, 11, 13, 19, 18, 27, 8, 32, 41, 8, 12, 8, 32, 4, 41, 27, 29, 3, 38, 7, 32, 19, 21, 8, 42]","[30, 4, 11, 27, 34, 11, 13, 19, 18, 27, 27, 9, 41, 27, 36, 27, 9, 4, 41, 27, 29, 10, 38, 7, 32, 19, 21, 8, 36]"
L2_arctic_WAV/LXC_arctic_a0040,"[16, 8, 36, 4, 34, 33, 13, 42, 28, 39, 41, 14, 32, 19, 3, 41, 16, 8, 11, 27, 8, 42, 29, 14, 31, 8, 9, 14, 34, 26, 27, 35]","[16, 8, 36, 4, 34, 33, 13, 36, 28, 39, 41, 10, 32, 19, 4, 41, 16, 8, 11, 27, 8, 36, 29, 5, 31, 8, 9, 14, 34, 26, 27, 4]"
L2_arctic_WAV/LXC_arctic_a0041,"[31, 27, 32, 41, 16, 8, 30, 16, 8, 30, 25, 33, 13, 16, 13, 38, 38, 39, 18, 35, 27, 6, 4, 36, 34, 7, 30]","[31, 27, 9, 41, 16, 8, 41, 16, 8, 41, 27, 41, 25, 33, 13, 16, 13, 38, 38, 39, 18, 35, 7, 36, 4, 36, 34, 7, 41]"
L2_arctic_WAV/LXC_arctic_a0042,"[26, 16, 13, 29, 13, 19, 26, 27, 8, 29, 36, 34, 30, 21, 8, 32, 26, 8, 42, 34, 4, 42, 7, 11, 4, 32, 14, 40, 6, 4, 36, 29, 7, 37]","[26, 16, 13, 29, 13, 19, 26, 27, 27, 36, 34, 30, 21, 8, 32, 26, 27, 36, 34, 4, 36, 7, 11, 4, 32, 14, 24, 30, 4, 36, 29, 7, 37]"
L2_arctic_WAV/LXC_arctic_a0045,"[26, 27, 31, 39, 40, 19, 4, 41, 21, 8, 43, 42, 29, 41, 16, 8, 4, 38, 30, 27, 43, 42, 26, 27, 26, 43, 19, 29, 14, 31]","[26, 27, 31, 39, 24, 19, 4, 41, 21, 8, 43, 36, 29, 41, 16, 8, 4, 38, 30, 27, 43, 36, 26, 27, 26, 43, 19, 29, 5, 31]"
L2_arctic_WAV/LXC_arctic_a0046,"[6, 4, 25, 3, 30, 24, 21, 8, 36, 38, 26, 8, 31, 26, 3, 16, 8, 42, 11, 16, 8, 32, 8, 9, 41, 8, 12, 36, 14, 19, 4, 32, 24, 8, 35]","[30, 4, 25, 4, 41, 24, 21, 8, 36, 38, 26, 27, 31, 26, 4, 16, 8, 36, 11, 16, 8, 32, 8, 9, 41, 27, 36, 36, 14, 19, 4, 32, 24, 8, 4]"
L2_arctic_WAV/LXC_arctic_a0047,"[29, 30, 33, 13, 42, 18, 27, 36, 16, 8, 19, 26, 8, 31, 25, 30, 27, 31, 19, 6, 4, 41, 16, 8, 38, 24, 43, 9, 42, 14, 40, 6, 4, 41, 13, 30, 24, 19, 10, 25]","[29, 30, 33, 13, 36, 18, 27, 36, 16, 8, 19, 26, 27, 31, 25, 30, 27, 31, 19, 19, 4, 41, 16, 8, 38, 24, 43, 32, 36, 14, 40, 30, 4, 41, 10, 24, 19, 10, 25]"
L2_arctic_WAV/LXC_arctic_a0048,"[26, 27, 30, 13, 29, 38, 43, 38, 6, 4, 26, 43, 9, 29, 3, 37, 27, 24, 31, 10, 35, 29, 30, 33, 13, 36, 30, 27]","[26, 27, 30, 39, 29, 4, 43, 38, 4, 30, 4, 26, 43, 32, 29, 4, 37, 27, 24, 31, 10, 29, 30, 33, 13, 36, 30, 27]"
L2_arctic_WAV/LXC_arctic_a0051,"[6, 4, 30, 21, 8, 36, 41, 10, 42, 14, 40, 4, 19, 7, 30, 4, 29, 4, 38, 16, 8, 40, 3, 27, 29, 14, 30, 3, 24, 21, 8, 32, 38, 30, 27, 38, 8, 32, 38, 8, 19, 41, 8, 12, 28, 7, 30, 33, 13]","[30, 4, 30, 21, 8, 36, 41, 10, 36, 14, 24, 4, 19, 43, 30, 4, 29, 4, 38, 16, 8, 41, 3, 27, 29, 14, 30, 4, 24, 21, 8, 32, 38, 4, 30, 27, 38, 27, 9, 38, 8, 19, 41, 8, 36, 28, 7, 30, 33, 13]"
L2_arctic_WAV/LXC_arctic_a0052,"[8, 38, 41, 14, 42, 4, 29, 28, 13, 35, 27, 4, 36, 29, 33, 13, 8, 32, 36, 8, 19, 4, 32, 36]","[8, 38, 4, 41, 14, 36, 4, 29, 28, 13, 35, 27, 4, 36, 29, 33, 13, 8, 9, 36, 27, 19, 4, 32, 36]"
L2_arctic_WAV/LXC_arctic_a0053,"[36, 14, 19, 4, 32, 30, 27, 26, 8, 42, 24, 8, 9, 25, 3, 42, 29, 30, 33, 13, 42, 19, 38, 16, 8, 38, 30, 27, 33, 13, 40, 3, 6, 4, 26, 43, 9, 29, 3, 37, 27, 24]","[36, 14, 19, 4, 32, 30, 27, 26, 27, 36, 24, 8, 9, 25, 4, 36, 29, 30, 33, 13, 36, 38, 38, 16, 8, 38, 4, 30, 27, 33, 13, 41, 4, 30, 4, 26, 43, 9, 29, 4, 37, 27, 24]"
L2_arctic_WAV/LXC_arctic_a0054,"[6, 7, 35, 41, 14, 42, 32, 14, 12, 8, 9, 10, 32, 6, 4, 35, 5, 29]","[6, 7, 35, 41, 14, 36, 32, 14, 36, 8, 9, 10, 9, 30, 4, 35, 5, 29]"
L2_arctic_WAV/LXC_arctic_a0058,"[16, 8, 29, 21, 8, 31, 24, 10, 35, 8, 32, 24, 3, 31, 21, 8, 11, 4, 32, 31, 10, 35, 16, 13, 38, 14, 40, 29, 28, 13, 35, 27, 5, 36, 4, 38, 27, 6, 43, 32, 7, 32, 27, 12, 8, 9, 7, 30, 36]","[16, 8, 29, 21, 8, 31, 24, 10, 4, 8, 9, 24, 4, 31, 21, 8, 11, 4, 32, 31, 10, 4, 16, 13, 38, 14, 24, 29, 28, 13, 35, 27, 4, 36, 4, 38, 27, 30, 43, 32, 7, 32, 27, 36, 8, 9, 7, 41, 36]"
L2_arctic_WAV/LXC_arctic_a0059,"[26, 8, 42, 8, 31, 43, 29, 28, 39, 30, 8, 38, 4, 34, 8, 35, 4, 32, 36, 41, 4, 42, 25, 10, 32]","[26, 27, 36, 8, 31, 43, 29, 28, 39, 30, 8, 38, 4, 34, 8, 35, 4, 32, 36, 41, 4, 36, 25, 10, 9]"
L2_arctic_WAV/LXC_arctic_a0060,"[7, 32, 27, 41, 21, 8, 32, 33, 13, 41, 14, 32, 36, 10, 26, 3, 30, 16, 8, 29, 6, 43, 38]","[43, 32, 27, 41, 21, 8, 32, 33, 13, 41, 14, 9, 36, 10, 26, 4, 30, 16, 8, 29, 6, 43, 38]"
L2_arctic_WAV/LXC_arctic_a0062,"[6, 4, 31, 7, 32, 36, 38, 7, 35, 19, 8, 32, 38, 39, 27, 37, 14, 6, 3, 42, 24, 21, 8, 36]","[19, 4, 31, 7, 32, 36, 38, 7, 4, 19, 27, 9, 38, 39, 27, 37, 14, 30, 4, 36, 24, 21, 8, 36]"
L2_arctic_WAV/LXC_arctic_a0063,"[28, 7, 36, 8, 38, 41, 4, 42, 4, 31, 43, 32, 26, 39, 43, 36, 29, 38, 4, 36, 38, 35, 21, 8, 32, 20, 3]","[28, 7, 36, 8, 38, 4, 41, 4, 36, 4, 31, 43, 9, 26, 39, 43, 36, 29, 38, 4, 36, 38, 35, 21, 8, 32, 20, 4]"
L2_arctic_WAV/LXC_arctic_a0064,"[6, 4, 24, 10, 35, 12, 43, 32, 19, 24, 8, 12, 19, 21, 8, 42, 34, 43, 36, 38, 41, 8, 12, 16, 13, 38, 7, 32, 27, 19, 8, 40, 7, 30, 4, 34, 31, 4, 32, 38, 36]","[30, 4, 24, 10, 36, 43, 32, 19, 24, 27, 36, 19, 21, 8, 36, 34, 43, 36, 38, 4, 41, 27, 36, 16, 13, 38, 43, 32, 27, 19, 8, 40, 7, 30, 4, 34, 31, 4, 32, 38, 36]"
L2_arctic_WAV/LXC_arctic_a0065,"[6, 21, 8, 29, 30, 33, 13, 42, 19, 32, 16, 13, 4, 32, 38, 8, 30, 26, 8, 42, 24, 8, 9, 25, 3, 42, 41, 3, 30, 16, 8, 29, 29, 10, 35, 19, 42, 14, 40, 36, 38, 27, 30]","[19, 21, 8, 29, 30, 33, 13, 36, 38, 32, 16, 13, 4, 32, 38, 8, 41, 26, 8, 36, 24, 8, 9, 25, 4, 36, 41, 4, 30, 43, 29, 29, 10, 38, 36, 14, 24, 36, 38, 27, 41]"
L2_arctic_WAV/LXC_arctic_a0067,"[11, 13, 35, 30, 27, 16, 8, 41, 4, 30, 8, 29, 36, 29, 28, 39, 42, 28, 39, 11, 27, 29, 35, 16, 8, 19]","[11, 13, 30, 27, 16, 8, 41, 4, 41, 8, 36, 29, 28, 39, 36, 28, 39, 11, 27, 29, 35, 16, 8, 19]"
L2_arctic_WAV/LXC_arctic_a0071,"[41, 14, 38, 41, 14, 42, 6, 4, 4, 18, 20, 7, 29, 38, 14, 40, 28, 10, 35, 30, 8, 38, 4, 30, 36, 7, 32, 36, 21, 8, 11, 4, 32]","[41, 14, 38, 4, 41, 14, 36, 30, 4, 4, 34, 4, 20, 7, 29, 14, 24, 28, 10, 4, 30, 27, 38, 4, 41, 36, 43, 32, 36, 21, 8, 11, 4, 32]"
L2_arctic_WAV/LXC_arctic_a0073,"[6, 4, 34, 35, 4, 31, 33, 13, 38, 3, 42, 16, 8, 42, 41, 3, 26, 7, 40, 27, 41, 8, 12, 30, 8, 38, 4, 30, 34, 14, 24, 27, 18, 43, 25, 42, 14, 32, 19, 3, 6, 4, 31]","[30, 4, 34, 35, 33, 13, 31, 33, 13, 38, 4, 36, 16, 8, 36, 41, 4, 26, 43, 40, 27, 41, 27, 36, 30, 27, 38, 4, 41, 34, 5, 24, 27, 18, 43, 25, 36, 5, 32, 19, 4, 30, 4, 31]"
L2_arctic_WAV/LXC_arctic_a0075,"[6, 7, 35, 26, 43, 42, 18, 8, 32, 4, 37, 21, 8, 32, 20, 11, 27, 8, 32, 38, 3, 14, 34, 38, 8, 19, 26, 8, 31]","[6, 7, 4, 26, 43, 36, 18, 8, 9, 4, 37, 21, 8, 32, 37, 11, 27, 27, 32, 38, 3, 14, 34, 38, 8, 19, 26, 27, 31]"
L2_arctic_WAV/LXC_arctic_a0076,"[6, 4, 25, 35, 21, 8, 16, 8, 42, 24, 5, 30, 38, 3, 19, 6, 4, 24, 30, 14, 11, 19, 27, 34, 4, 32, 19]","[30, 4, 25, 35, 21, 8, 16, 8, 36, 24, 10, 38, 4, 19, 19, 4, 24, 30, 14, 11, 19, 27, 34, 4, 32, 19]"
L2_arctic_WAV/LXC_arctic_a0077,"[8, 38, 8, 42, 6, 4, 24, 16, 8, 35, 34, 5, 35, 38, 30, 27, 11, 27, 36, 7, 19]","[27, 38, 27, 36, 36, 4, 24, 16, 8, 4, 34, 5, 38, 4, 30, 27, 11, 27, 36, 7, 19]"
L2_arctic_WAV/LXC_arctic_a0078,"[6, 7, 32, 43, 38, 36, 14, 34, 3, 26, 27, 38, 35, 16, 8, 19, 38, 39, 24, 43, 6, 4, 31, 26, 3]","[6, 7, 32, 43, 38, 36, 14, 34, 3, 26, 27, 38, 35, 16, 8, 38, 39, 24, 43, 6, 4, 31, 26, 3]"
L2_arctic_WAV/LXC_arctic_a0079,"[8, 38, 41, 4, 42, 4, 30, 5, 35, 20, 29, 4, 32, 39]","[8, 38, 41, 4, 36, 4, 30, 5, 37, 29, 7, 32, 39]"
L2_arctic_WAV/LXC_arctic_a0081,"[26, 41, 14, 38, 8, 24, 11, 27, 19, 8, 19, 32, 5, 38, 29, 14, 31, 38, 8, 6, 4, 35, 5, 29]","[41, 14, 38, 8, 24, 11, 27, 19, 8, 19, 4, 32, 29, 14, 31, 38, 4, 4, 35, 5, 29]"
L2_arctic_WAV/LXC_arctic_a0082,"[26, 8, 42, 24, 21, 8, 36, 41, 14, 42, 36, 38, 35, 27, 31, 8, 9, 41, 8, 12, 18, 30, 14, 19]","[26, 8, 42, 24, 21, 8, 36, 41, 14, 42, 36, 38, 35, 27, 31, 8, 9, 41, 8, 12, 18, 30, 14]"
L2_arctic_WAV/LXC_arctic_a0085,"[4, 38, 35, 8, 29, 4, 30, 14, 40, 24, 35, 7, 11, 18, 30, 14, 19, 35, 43, 32, 33, 13, 40, 3, 26, 8, 42, 24, 21, 8, 36]","[4, 38, 35, 8, 29, 14, 40, 24, 35, 7, 11, 18, 30, 14, 35, 43, 32, 33, 13, 40, 3, 26, 8, 36, 24, 21, 8, 36]"
L2_arctic_WAV/LXC_arctic_a0086,"[19, 7, 12, 26, 43, 19, 29, 14, 31, 41, 8, 12, 38, 7, 35, 4, 18, 4, 30, 36, 14, 19, 4, 32, 32, 4, 36]","[19, 7, 36, 26, 43, 19, 29, 14, 31, 41, 8, 36, 38, 7, 35, 4, 18, 4, 30, 36, 14, 19, 4, 32, 32, 8, 36]"
L2_arctic_WAV/LXC_arctic_a0088,"[26, 27, 31, 21, 8, 19, 11, 13, 35, 6, 43, 38, 6, 4, 31, 43, 25, 4, 42, 27, 32, 41, 14, 42, 30, 33, 13, 19, 8, 19, 43, 32, 19, 35, 27, 42, 39, 31, 19, 26, 8, 42, 34, 43, 19, 4, 30, 8, 9]","[26, 27, 31, 21, 8, 11, 13, 35, 6, 43, 6, 4, 31, 43, 25, 4, 42, 27, 32, 41, 14, 42, 30, 33, 13, 19, 8, 43, 32, 19, 35, 27, 36, 39, 31, 19, 26, 8, 36, 34, 43, 19, 4, 30, 8, 9]"
L2_arctic_WAV/LXC_arctic_a0089,"[6, 4, 32, 16, 8, 38, 25, 30, 33, 13, 41, 14, 42, 38, 35, 7, 37, 3, 4, 36, 38, 39, 11, 39, 38, 18, 16, 8]","[6, 4, 32, 16, 8, 38, 25, 30, 33, 13, 41, 14, 36, 38, 35, 7, 37, 3, 4, 36, 38, 39, 11, 14, 18, 16, 8]"
L2_arctic_WAV/LXC_arctic_a0090,"[6, 4, 36, 8, 9, 8, 9, 40, 10, 8, 36, 4, 34, 35, 33, 13, 37, 38, 35, 43, 34, 4, 19, 30, 27]","[6, 4, 36, 8, 9, 8, 9, 41, 10, 8, 36, 4, 34, 35, 5, 37, 19, 35, 43, 34, 8, 19, 30, 27]"
L2_arctic_WAV/LXC_arctic_a0091,"[26, 8, 42, 18, 30, 14, 19, 25, 35, 39, 26, 5, 38, 41, 8, 12, 35, 21, 8, 20, 43, 38, 6, 4, 12, 10, 38]","[26, 8, 42, 18, 30, 14, 19, 25, 35, 39, 26, 5, 38, 41, 8, 12, 35, 21, 8, 20, 43, 38, 4, 35, 12, 10, 38]"
L2_arctic_WAV/LXC_arctic_a0092,"[26, 27, 41, 7, 32, 38, 19, 16, 13, 32, 8, 32, 31, 8, 19, 36, 38, 35, 27, 31, 36, 3, 37, 8, 9, 6, 4, 11, 43, 19, 33, 13, 42, 14, 40, 18, 33, 13, 12, 11, 10, 35, 42]","[26, 27, 41, 7, 32, 19, 5, 32, 8, 32, 31, 8, 36, 38, 35, 27, 31, 36, 3, 37, 8, 9, 6, 4, 11, 43, 19, 10, 42, 14, 40, 18, 33, 13, 12, 11, 5, 36]"
L2_arctic_WAV/LXC_arctic_a0093,"[24, 10, 35, 4, 24, 13, 30, 31, 8, 32, 4, 38, 26, 27, 29, 35, 16, 13, 37, 38, 43, 32, 19, 30, 8, 36, 4, 32, 19]","[24, 10, 4, 24, 13, 30, 31, 8, 32, 8, 38, 26, 27, 29, 35, 5, 37, 38, 43, 32, 4, 30, 8, 36, 4, 32, 19]"
L2_arctic_WAV/LXC_arctic_a0094,"[26, 27, 26, 43, 19, 18, 7, 35, 30, 27, 7, 32, 38, 3, 19, 6, 8, 36, 41, 7, 32, 26, 27, 36, 10, 6, 4, 25, 30, 33, 13, 14, 40, 4, 24, 16, 8, 3]","[26, 27, 26, 43, 19, 18, 7, 30, 27, 7, 32, 38, 3, 19, 19, 30, 8, 36, 41, 7, 26, 27, 36, 10, 30, 4, 25, 30, 33, 13, 14, 24, 4, 24, 16, 8, 3]"
L2_arctic_WAV/LXC_arctic_a0095,"[4, 18, 8, 25, 29, 43, 32, 40, 4, 36, 38, 7, 32, 38, 41, 14, 42, 6, 4, 24, 3, 36, 38, 12, 8, 9, 38, 39, 29, 14, 31, 41, 8, 12, 8, 32, 26, 8, 42, 40, 8, 15, 4, 32]","[4, 18, 8, 29, 43, 32, 40, 4, 36, 38, 7, 32, 41, 14, 36, 19, 4, 24, 3, 36, 12, 8, 9, 38, 39, 29, 14, 31, 41, 8, 12, 8, 32, 26, 8, 36, 40, 8, 15, 4, 32]"
L2_arctic_WAV/LXC_arctic_a0096,"[34, 3, 26, 43, 34, 36, 11, 27, 26, 43, 19, 10, 35, 7, 19, 27, 31, 7, 38, 26, 3, 24, 21, 8, 38, 4, 30, 8, 38, 4, 30, 19, 27, 34, 3, 8, 32, 6, 4, 24, 10, 35, 8, 36, 38]","[34, 3, 26, 43, 34, 36, 11, 27, 26, 43, 19, 10, 35, 7, 19, 27, 31, 7, 38, 26, 4, 24, 21, 8, 38, 4, 30, 8, 38, 4, 19, 27, 34, 3, 8, 32, 6, 4, 24, 10, 35, 8, 36, 38]"
L2_arctic_WAV/LXC_arctic_a0097,"[6, 7, 32, 28, 39, 29, 43, 32, 3, 21, 8, 32, 20, 28, 3, 36, 7, 30, 24, 29, 14, 31, 24, 3, 38, 4, 18, 30, 27, 4, 31, 14, 9, 6, 27, 42, 35, 33, 13, 18, 42, 8, 32, 6, 14, 18, 33, 13]","[6, 7, 32, 28, 39, 29, 43, 32, 3, 21, 8, 32, 20, 28, 10, 36, 7, 30, 24, 29, 10, 31, 24, 3, 38, 4, 18, 30, 27, 4, 31, 14, 9, 6, 27, 42, 35, 5, 18, 42, 8, 32, 6, 14, 18, 10]"
L2_arctic_WAV/LXC_arctic_a0098,"[11, 43, 30, 16, 8, 29, 7, 35, 27, 28, 39]","[11, 43, 16, 8, 29, 7, 35, 27, 28, 39]"
L2_arctic_WAV/LXC_arctic_a0099,"[4, 31, 43, 19, 32, 8, 9, 20, 10, 8, 34, 16, 13, 32, 19, 8, 19, 8, 32, 26, 8, 42, 18, 35, 21, 8, 32]","[4, 31, 43, 32, 19, 8, 9, 20, 10, 8, 34, 5, 32, 19, 8, 19, 8, 32, 26, 8, 36, 18, 35, 21, 8, 32]"
L2_arctic_WAV/LXC_arctic_a0100,"[28, 39, 31, 14, 36, 38, 36, 30, 27, 34, 26, 27, 3, 20, 19]","[28, 39, 31, 14, 36, 36, 30, 27, 34, 26, 27, 3, 20]"
L2_arctic_WAV/LXC_arctic_a0101,"[28, 39, 28, 39, 41, 13, 19, 32, 5, 38, 29, 27, 34, 6, 4, 38, 35, 39, 12, 24, 35, 14, 31, 31, 27]","[28, 39, 28, 39, 41, 13, 19, 32, 5, 29, 27, 34, 34, 4, 38, 35, 39, 12, 24, 35, 14, 31, 31, 27]"
L2_arctic_WAV/LXC_arctic_a0102,"[26, 27, 41, 8, 30, 24, 5, 30, 33, 13, 14, 36, 36, 39, 32]","[26, 27, 41, 8, 30, 24, 10, 30, 14, 14, 36, 36, 39]"
L2_arctic_WAV/LXC_arctic_a0103,"[18, 14, 38, 6, 7, 35, 29, 21, 8, 31, 32, 33, 13, 34, 35, 5, 31, 4, 36, 24, 35, 14, 31, 6, 4, 18, 33, 13, 14, 40, 6, 4, 29, 4, 32, 39]","[18, 14, 6, 7, 4, 29, 21, 8, 31, 32, 33, 13, 34, 35, 10, 31, 16, 8, 36, 24, 35, 14, 31, 30, 4, 18, 33, 13, 14, 40, 23, 4, 29, 4, 32, 39]"
L2_arctic_WAV/LXC_arctic_a0104,"[11, 27, 41, 14, 42, 36, 30, 27, 34, 8, 9, 14, 32, 19, 3, 26, 8, 42, 34, 35, 4, 38, 7, 29, 11, 4, 32, 43, 42, 36, 41, 27, 38, 30, 27, 43, 42, 4, 37, 16, 8, 30, 19]","[11, 27, 41, 14, 42, 36, 30, 27, 34, 8, 9, 14, 32, 19, 4, 26, 8, 42, 34, 35, 4, 38, 7, 29, 11, 4, 32, 43, 42, 36, 41, 27, 38, 30, 27, 43, 42, 4, 37, 16, 8, 30]"
L2_arctic_WAV/LXC_arctic_a0105,"[33, 13, 32, 30, 27, 8, 38, 8, 42, 36, 33, 13, 41, 14, 32, 19, 3, 24, 4, 30, 36, 33, 13, 10, 30, 31, 33, 13, 36, 38, 8, 31, 34, 5, 36, 4, 18, 4, 30, 38, 39, 18, 8, 30, 27, 40]","[33, 13, 32, 30, 27, 8, 38, 8, 42, 36, 33, 13, 41, 10, 32, 19, 3, 24, 4, 36, 10, 10, 31, 10, 36, 38, 8, 31, 34, 5, 36, 4, 18, 4, 30, 38, 39, 18, 8, 30, 27, 40]"
L2_arctic_WAV/LXC_arctic_a0106,"[6, 4, 8, 31, 33, 13, 11, 4, 32, 41, 8, 37, 11, 27, 26, 43, 19, 36, 4, 34, 35, 7, 36, 38, 18, 3, 36, 38, 24, 10, 35, 12, 32, 16, 13, 8, 32, 4, 37, 33, 13, 29, 8, 9, 36, 5, 18]","[6, 4, 8, 31, 33, 13, 11, 4, 32, 41, 8, 37, 11, 27, 26, 43, 19, 36, 4, 34, 35, 7, 36, 38, 4, 18, 3, 36, 38, 24, 10, 12, 32, 5, 8, 32, 4, 37, 5, 29, 8, 9, 36, 5]"
L2_arctic_WAV/LXC_arctic_a0107,"[8, 24, 28, 39, 33, 13, 32, 30, 27, 29, 13, 19, 32, 33, 13, 26, 16, 13, 16, 8, 12, 43, 9, 29, 28, 39]","[8, 24, 28, 39, 33, 13, 32, 30, 27, 29, 13, 32, 33, 13, 26, 5, 16, 8, 12, 43, 9, 29, 28, 39]"
L2_arctic_WAV/LXC_arctic_a0108,"[26, 27, 41, 21, 8, 19, 8, 19, 8, 32, 38, 39, 6, 4, 7, 20, 14, 40, 6, 14, 41, 10, 38, 3, 43, 32, 19, 18, 27, 25, 43, 32, 36, 29, 35, 14, 18, 8, 9, 26, 8, 31, 36, 7, 30, 24]","[26, 27, 41, 21, 8, 19, 8, 19, 8, 32, 38, 39, 6, 4, 7, 20, 14, 40, 6, 14, 41, 10, 38, 4, 43, 32, 19, 18, 27, 25, 43, 32, 36, 29, 35, 14, 18, 8, 9, 26, 8, 31, 36, 7, 30, 24]"
L2_arctic_WAV/LXC_arctic_a0109,"[19, 39, 28, 39, 32, 33, 13, 6, 4, 38, 28, 39, 5, 35, 11, 21, 8, 29, 8, 9, 31, 16, 8, 29, 5, 32, 24, 4, 19, 4, 32, 36, 8, 32, 28, 39]","[19, 39, 28, 39, 32, 10, 6, 4, 28, 39, 5, 11, 7, 29, 8, 9, 31, 16, 8, 29, 10, 32, 24, 4, 19, 4, 32, 36, 8, 32, 28, 39]"
L2_arctic_WAV/LXC_arctic_a0111,"[8, 32, 36, 38, 7, 19, 26, 27, 20, 10, 8, 32, 19, 26, 3, 43, 32, 19, 6, 21, 8, 21, 8, 38, 30, 16, 8, 29, 38, 39, 26, 14, 9, 25, 35, 27, 37, 8, 30, 19, 35, 4, 32]","[8, 32, 36, 38, 7, 19, 26, 27, 20, 10, 8, 32, 19, 26, 4, 43, 32, 19, 6, 21, 8, 43, 38, 30, 16, 8, 29, 38, 39, 26, 14, 9, 25, 35, 27, 37, 8, 30, 19, 35, 4]"
L2_arctic_WAV/LXC_arctic_a0112,"[26, 27, 41, 14, 42, 41, 39, 32, 19, 8, 19, 8, 32, 6, 4, 5, 35, 31]","[26, 27, 41, 14, 42, 41, 39, 32, 19, 8, 19, 8, 32, 6, 4, 5, 31]"
L2_arctic_WAV/LXC_arctic_a0113,"[16, 8, 36, 4, 34, 33, 13, 42, 28, 39, 34, 8, 29, 38, 6, 43, 38, 30, 8, 9, 25, 33, 13, 14, 34, 4, 31, 14, 9, 6, 4, 8, 32, 19, 27, 4, 32, 42]","[16, 8, 36, 4, 34, 10, 36, 28, 39, 34, 8, 29, 30, 43, 30, 30, 8, 9, 25, 10, 14, 34, 4, 31, 14, 9, 30, 4, 8, 32, 19, 27, 4, 36]"
L2_arctic_WAV/LXC_arctic_a0115,"[26, 27, 26, 43, 19, 32, 33, 13, 8, 29, 36, 29, 28, 39, 36, 24, 10, 35, 6, 4, 24, 27, 30, 8, 9, 42, 26, 41, 8, 37, 41, 3, 3, 16, 13, 42, 19, 8, 32, 26, 8, 31]","[26, 27, 26, 43, 19, 32, 33, 13, 8, 29, 36, 29, 28, 39, 36, 24, 10, 4, 30, 4, 24, 27, 30, 8, 9, 36, 41, 8, 37, 41, 4, 3, 5, 42, 8, 32, 26, 8, 31]"
L2_arctic_WAV/LXC_arctic_a0116,"[41, 14, 42, 8, 38, 6, 4, 35, 5, 32, 19, 8, 40, 39, 14, 40, 6, 33, 13, 42, 26, 39, 41, 3, 36, 38, 35, 16, 8, 40, 8, 9, 38, 39, 41, 3, 29, 26, 8, 42, 35, 39, 8, 32]","[41, 14, 42, 8, 38, 38, 4, 35, 5, 32, 19, 8, 40, 39, 36, 14, 40, 6, 10, 42, 26, 39, 41, 4, 36, 38, 35, 16, 8, 40, 8, 9, 38, 39, 41, 4, 29, 26, 8, 42, 30, 39, 8, 32]"
L2_arctic_WAV/LXC_arctic_a0117,"[11, 27, 43, 19, 8, 19, 41, 8, 12, 20, 7, 32, 28, 39, 41, 16, 8, 32, 36, 8, 31, 34, 4, 12, 27, 8, 32, 26, 3, 24, 21, 8, 36, 43, 32, 19, 40, 10, 8, 36]","[11, 27, 43, 19, 8, 41, 8, 36, 20, 7, 32, 23, 8, 41, 36, 8, 31, 34, 4, 12, 27, 8, 32, 26, 4, 24, 21, 8, 36, 43, 32, 19, 40, 10, 8, 36]"
L2_arctic_WAV/LXC_arctic_a0120,"[31, 16, 8, 35, 16, 8, 38, 24, 13, 38, 24, 27, 30, 42, 30, 16, 8, 29, 6, 43, 38, 14, 40, 4, 37, 16, 8, 32, 27, 42, 19, 7, 18, 28, 4, 38, 5, 32, 38]","[31, 16, 8, 35, 16, 8, 38, 24, 13, 38, 24, 27, 30, 42, 30, 16, 8, 29, 6, 43, 38, 14, 40, 4, 37, 16, 8, 32, 27, 42, 19, 7, 18, 39, 38, 7, 32, 38]"
L2_arctic_WAV/LXC_arctic_a0121,"[6, 21, 8, 21, 8, 38, 19, 8, 32, 3, 43, 38, 6, 4, 24, 8, 24, 12, 43, 32, 19, 35, 7, 36, 38, 8, 19, 24, 10, 35, 38, 39, 16, 13, 3, 42]","[6, 21, 8, 43, 38, 19, 8, 32, 4, 43, 38, 6, 3, 24, 8, 24, 36, 43, 32, 19, 35, 7, 36, 38, 8, 19, 24, 10, 4, 38, 39, 16, 13, 3, 36]"
L2_arctic_WAV/LXC_arctic_a0122,"[38, 39, 28, 8, 35, 42, 4, 25, 33, 13, 16, 8, 25, 21, 8, 40, 14, 34, 36, 8, 40, 4, 30, 8, 42, 21, 8, 11, 4, 32, 24, 35, 3, 6, 8, 36]","[38, 39, 28, 8, 4, 42, 4, 25, 33, 13, 16, 8, 25, 27, 40, 14, 34, 36, 8, 40, 4, 30, 16, 8, 42, 21, 8, 11, 4, 32, 24, 35, 30, 8, 36]"
L2_arctic_WAV/LXC_arctic_a0123,"[11, 27, 26, 43, 19, 19, 16, 8, 19, 24, 35, 14, 31, 29, 33, 13, 30, 19, 43, 32, 19, 36, 38, 5, 35, 40, 21, 8, 11, 4, 32]","[11, 27, 26, 43, 19, 19, 16, 8, 19, 24, 35, 10, 31, 29, 10, 30, 19, 43, 32, 4, 36, 38, 5, 40, 21, 8, 11, 4, 32]"
L2_arctic_WAV/LXC_arctic_a0125,"[26, 27, 41, 4, 42, 19, 8, 38, 3, 31, 4, 32, 19, 32, 16, 13, 38, 39, 31, 21, 8, 32, 38, 21, 8, 32, 4, 31, 10, 35, 36, 3, 38, 4, 32, 26, 33, 13, 30, 19, 4, 34, 5, 32, 26, 8, 31, 36, 7, 30, 24]","[26, 27, 41, 4, 42, 19, 8, 38, 4, 31, 4, 32, 32, 16, 13, 38, 39, 31, 21, 8, 32, 38, 21, 8, 32, 4, 31, 10, 36, 3, 38, 4, 32, 26, 10, 30, 4, 34, 5, 32, 26, 8, 31, 36, 7, 30, 24]"
L2_arctic_WAV/LXC_arctic_a0126,"[27, 37, 19, 21, 8, 11, 27, 18, 27, 29, 21, 8, 31, 4, 31, 10, 35, 40, 16, 8, 38, 4, 30, 34, 5, 35, 38, 14, 40, 26, 8, 31]","[27, 37, 19, 21, 8, 11, 27, 18, 27, 29, 21, 8, 31, 4, 31, 10, 40, 16, 8, 38, 4, 30, 34, 5, 38, 14, 24, 26, 27, 31]"
L2_arctic_WAV/LXC_arctic_a0127,"[8, 38, 41, 14, 42, 4, 38, 7, 31, 38, 21, 8, 11, 4, 32, 18, 14, 38, 26, 27, 35, 27, 42, 8, 36, 38, 8, 19, 8, 38]","[8, 38, 41, 14, 42, 4, 38, 7, 31, 38, 21, 8, 11, 4, 32, 18, 14, 38, 26, 27, 35, 27, 36, 8, 36, 38, 8, 19, 27, 38]"
L2_arctic_WAV/LXC_arctic_a0128,"[6, 8, 36, 41, 14, 32, 26, 33, 13, 34, 41, 14, 42, 19, 8, 36, 38, 35, 10, 8, 19, 43, 42, 29, 41, 8, 29, 30, 27, 43, 42, 8, 38, 41, 4, 42, 18, 10, 35, 32]","[19, 8, 36, 41, 14, 32, 26, 10, 34, 41, 14, 42, 19, 8, 36, 38, 35, 10, 8, 19, 43, 42, 29, 41, 8, 29, 30, 27, 43, 42, 38, 41, 4, 36, 18, 10, 32]"
L2_arctic_WAV/LXC_arctic_a0129,"[26, 3, 24, 21, 8, 36, 41, 14, 42, 4, 25, 7, 32, 36, 38, 26, 8, 42, 18, 35, 7, 36, 38]","[26, 4, 24, 21, 8, 36, 41, 14, 42, 4, 25, 7, 32, 36, 38, 26, 8, 42, 18, 35, 7, 36, 38]"
L2_arctic_WAV/LXC_arctic_a0130,"[11, 27, 41, 14, 42, 26, 8, 42, 32, 16, 13, 24, 3, 7, 40, 3]","[11, 27, 41, 14, 36, 26, 8, 36, 32, 16, 13, 24, 3, 7, 40, 3]"
L2_arctic_WAV/LXC_arctic_a0131,"[34, 35, 5, 40, 4, 19, 4, 32, 36, 26, 43, 19, 19, 8, 30, 8, 40, 3, 19, 26, 8, 31, 12, 35, 39, 6, 4, 31, 21, 8, 30, 36, 38, 35, 4, 31]","[34, 35, 5, 40, 4, 19, 4, 32, 36, 26, 43, 19, 8, 30, 8, 40, 3, 19, 26, 8, 31, 12, 10, 30, 4, 31, 21, 8, 30, 36, 38, 35, 10, 31]"
L2_arctic_WAV/LXC_arctic_a0134,"[26, 27, 33, 13, 18, 21, 8, 19, 6, 4, 34, 35, 7, 11, 3, 14, 40, 26, 3, 26, 43, 32, 19]","[26, 27, 14, 18, 21, 8, 19, 19, 4, 34, 35, 7, 11, 4, 14, 40, 26, 4, 26, 43, 32]"
L2_arctic_WAV/LXC_arctic_a0136,"[4, 18, 16, 13, 38, 26, 8, 31, 7, 40, 35, 27, 41, 7, 35, 41, 3, 6, 4, 7, 40, 4, 19, 4, 32, 36, 4, 42, 14, 40, 30, 14, 25, 15, 3, 27, 43, 32, 19, 14, 40, 21, 8, 20]","[4, 18, 5, 38, 26, 8, 7, 40, 35, 27, 40, 7, 30, 41, 4, 6, 4, 43, 40, 4, 19, 4, 32, 36, 8, 42, 14, 40, 30, 14, 29, 15, 3, 27, 43, 32, 14, 40, 21, 8, 37]"
L2_arctic_WAV/LXC_arctic_a0137,"[6, 7, 32, 26, 27, 36, 38, 7, 34, 38, 18, 43, 29, 41, 8, 12, 4, 30, 33, 13, 29, 35, 16, 8, 14, 40, 34, 30, 7, 15, 3]","[6, 7, 26, 27, 36, 38, 7, 34, 38, 18, 43, 29, 41, 8, 12, 4, 30, 33, 13, 29, 35, 16, 8, 14, 40, 34, 35, 7, 11, 4]"
L2_arctic_WAV/LXC_arctic_a0139,"[26, 27, 38, 33, 13, 30, 19, 26, 8, 31, 36, 7, 30, 24, 6, 4, 38, 43, 42, 26, 27, 41, 5, 11, 38, 26, 8, 31, 36, 7, 30, 24, 43, 32, 19, 25, 35, 39, 31, 19, 26, 8, 42, 19, 8, 11, 7, 40, 4, 30, 19, 29, 30, 33, 13, 42]","[26, 27, 38, 33, 13, 19, 26, 8, 31, 36, 7, 30, 24, 6, 30, 7, 43, 36, 26, 27, 41, 5, 11, 38, 26, 8, 31, 36, 7, 30, 24, 43, 32, 4, 25, 35, 39, 31, 19, 26, 8, 36, 19, 8, 11, 7, 30, 4, 24, 19, 29, 30, 33, 13, 36]"
L2_arctic_WAV/LXC_arctic_a0225,"[16, 8, 41, 14, 42, 18, 35, 10, 38, 14, 34, 6, 4, 41, 21, 8, 31, 33, 13, 36, 38, 25, 3, 30, 42, 8, 32, 26, 4, 41, 16, 8, 27, 5, 35, 18, 35, 10, 38, 14, 34]","[16, 8, 41, 14, 36, 18, 35, 10, 38, 5, 34, 19, 4, 41, 21, 8, 31, 33, 13, 36, 38, 25, 3, 36, 8, 9, 26, 4, 41, 16, 8, 5, 18, 35, 10, 38, 5, 34]"
L2_arctic_WAV/LXC_arctic_a0245,"[16, 13, 38, 14, 40, 26, 8, 42, 21, 8, 38, 27, 32, 26, 14, 32, 19, 35, 4, 19, 26, 27, 30, 21, 8, 19, 4, 36, 16, 8, 19, 36, 8, 29, 36, 38, 27, 32, 26, 14, 32, 19, 35, 4, 19, 27, 37, 28, 8, 35]","[16, 13, 38, 14, 40, 26, 8, 42, 21, 8, 38, 27, 9, 26, 14, 9, 19, 35, 8, 26, 27, 30, 21, 8, 19, 4, 36, 16, 8, 19, 36, 8, 29, 36, 38, 27, 9, 26, 14, 9, 19, 35, 8, 27, 37, 28, 8, 35]"
L2_arctic_WAV/LXC_arctic_a0335,"[35, 7, 19, 16, 8, 36, 41, 14, 9, 18, 43, 29, 43, 32, 19, 24, 10, 35, 12, 10, 32, 6, 4, 18, 35, 43, 32, 37, 24, 5, 35, 6, 3, 19, 16, 13, 32]","[35, 7, 38, 16, 8, 36, 41, 14, 31, 18, 43, 29, 43, 32, 19, 4, 24, 10, 12, 10, 9, 30, 4, 18, 35, 43, 32, 37, 24, 5, 6, 3, 19, 10, 9]"
L2_arctic_WAV/NCC_arctic_a0003,"[24, 35, 3, 6, 4, 38, 41, 7, 32, 38, 27, 4, 12, 38, 16, 8, 31, 6, 43, 38, 27, 40, 32, 8, 9, 6, 4, 38, 39, 31, 7, 32, 11, 13, 29, 26, 43, 32, 42]","[24, 35, 3, 19, 4, 38, 41, 7, 32, 38, 27, 4, 12, 38, 16, 8, 31, 19, 43, 38, 27, 40, 30, 8, 9, 19, 4, 38, 39, 31, 7, 32, 11, 13, 29, 26, 43, 32, 36]"
L2_arctic_WAV/NCC_arctic_a0005,"[41, 8, 30, 41, 27, 7, 40, 3, 24, 3, 25, 7, 38, 8, 38]","[41, 8, 41, 41, 27, 7, 40, 3, 24, 3, 25, 7, 38, 8, 38]"
L2_arctic_WAV/NCC_arctic_a0006,"[25, 5, 19, 18, 30, 7, 36, 4, 31, 16, 8, 26, 33, 13, 34, 16, 8, 30, 25, 33, 13, 5, 32, 36, 27, 8, 9, 6, 7, 31, 24, 3, 7, 40, 3]","[25, 5, 19, 18, 30, 7, 36, 4, 31, 16, 8, 26, 33, 13, 34, 16, 8, 30, 25, 33, 13, 5, 32, 36, 27, 8, 9, 19, 7, 31, 24, 3, 7, 40, 3]"
L2_arctic_WAV/NCC_arctic_a0007,"[43, 32, 19, 28, 39, 10, 30, 41, 27, 42, 41, 5, 32, 38, 38, 8, 36, 27, 8, 38, 8, 32, 6, 4, 36, 13, 34, 3, 30, 4, 38, 8, 40, 19, 8, 25, 35, 27]","[43, 32, 19, 28, 39, 10, 41, 27, 36, 41, 5, 32, 38, 38, 8, 36, 27, 8, 38, 8, 32, 19, 4, 36, 13, 34, 3, 30, 21, 8, 38, 8, 40, 19, 8, 25, 35, 27]"
L2_arctic_WAV/NCC_arctic_a0008,"[25, 43, 19, 28, 10, 35, 30, 7, 38, 3, 29, 21, 8, 31, 20, 14, 36, 38, 8, 32, 38, 16, 8, 31]","[25, 43, 19, 28, 10, 35, 30, 7, 38, 3, 29, 21, 8, 31, 20, 14, 36, 38, 8, 9, 38, 16, 8, 31]"
L2_arctic_WAV/NCC_arctic_a0010,"[16, 8, 31, 34, 30, 21, 8, 8, 9, 4, 36, 8, 9, 25, 4, 30, 26, 43, 32, 19, 8, 32, 41, 14, 38, 30, 13, 29, 36, 30, 16, 8, 29, 4, 30, 39, 42, 8, 9, 25, 21, 8, 31]","[16, 8, 31, 34, 30, 21, 8, 8, 9, 4, 36, 8, 9, 25, 4, 41, 26, 43, 32, 19, 8, 32, 41, 14, 38, 30, 13, 29, 36, 30, 16, 8, 29, 4, 30, 39, 42, 8, 9, 25, 21, 8, 31]"
L2_arctic_WAV/NCC_arctic_a0011,"[8, 24, 16, 8, 7, 40, 3, 32, 27, 19, 8, 19, 4, 24, 16, 8, 38, 3, 8, 32, 31, 16, 8, 30, 16, 8, 24, 16, 8, 32, 27, 19, 41, 14, 32, 32, 16, 13]","[8, 24, 16, 8, 7, 40, 3, 32, 27, 19, 8, 19, 4, 24, 16, 8, 38, 3, 8, 32, 31, 16, 8, 30, 16, 8, 24, 16, 8, 32, 27, 19, 41, 14, 32, 32, 16, 13]"
L2_arctic_WAV/NCC_arctic_a0013,"[26, 27, 41, 14, 42, 4, 26, 7, 19, 11, 10, 35, 38, 3, 6, 43, 32, 26, 8, 42, 29, 4, 31, 34, 43, 32, 28, 4, 32, 14, 40, 10, 30, 31, 33, 13, 36, 38, 19, 7, 30, 4, 29, 4, 38, 24, 4, 42, 27, 29]","[26, 27, 41, 14, 42, 4, 26, 7, 19, 11, 10, 35, 38, 3, 6, 43, 32, 26, 8, 42, 29, 4, 31, 34, 43, 32, 28, 4, 32, 10, 40, 10, 30, 31, 33, 13, 36, 38, 19, 7, 30, 4, 29, 21, 8, 38, 24, 4, 42, 8, 29]"
L2_arctic_WAV/NCC_arctic_a0018,"[6, 7, 35, 41, 14, 42, 4, 37, 21, 8, 32, 20, 32, 16, 13]","[19, 7, 35, 41, 14, 42, 4, 37, 21, 8, 32, 20, 32, 16, 13]"
L2_arctic_WAV/NCC_arctic_a0019,"[16, 8, 24, 5, 30, 33, 13, 19, 6, 4, 30, 16, 8, 32, 14, 40, 6, 14, 34, 35, 4, 34, 33, 13, 42, 19, 35, 21, 8, 30, 35, 33, 13, 19, 30, 13, 29, 8, 9, 24, 10, 35, 37, 43, 32, 36, 8, 42]","[16, 8, 24, 5, 30, 33, 13, 19, 4, 19, 4, 30, 16, 8, 32, 14, 40, 19, 14, 34, 35, 4, 34, 33, 13, 42, 19, 35, 21, 8, 41, 35, 33, 13, 19, 30, 13, 29, 8, 9, 24, 10, 35, 37, 43, 32, 36, 8, 36]"
L2_arctic_WAV/NCC_arctic_a0020,"[29, 30, 14, 18, 42, 43, 32, 19, 18, 10, 30, 42, 43, 32, 19, 36, 8, 38, 27, 42, 25, 35, 39, 38, 39, 18, 27, 33, 13, 32, 30, 27, 31, 7, 31, 3, 27, 42]","[29, 30, 43, 18, 36, 43, 32, 19, 18, 10, 36, 43, 32, 19, 36, 8, 30, 27, 36, 25, 35, 39, 38, 39, 18, 27, 33, 13, 9, 30, 27, 31, 7, 31, 3, 27, 42]"
L2_arctic_WAV/NCC_arctic_a0021,"[8, 38, 24, 7, 35, 30, 27, 29, 30, 14, 18, 19, 31, 27, 8, 32, 38, 39, 35, 7, 29, 4, 25, 32, 16, 8, 42, 8, 9, 8, 38]","[8, 38, 24, 7, 35, 30, 27, 29, 30, 5, 18, 19, 31, 27, 8, 32, 38, 39, 35, 7, 29, 10, 25, 32, 16, 8, 42, 8, 9, 8, 38]"
L2_arctic_WAV/NCC_arctic_a0022,"[26, 5, 35, 19, 30, 27, 41, 3, 5, 35, 34, 30, 43, 32, 42, 31, 21, 8, 19, 34, 14, 18, 30, 8, 29, 18, 27, 24, 10, 35, 41, 27, 41, 3, 31, 7, 38, 18, 16, 8, 34, 16, 13, 3, 24, 4, 30, 5, 34, 4, 42, 8, 11, 4, 32]","[26, 5, 35, 19, 4, 30, 27, 41, 3, 5, 35, 34, 30, 43, 32, 36, 31, 21, 8, 19, 34, 5, 18, 30, 8, 29, 18, 27, 24, 10, 35, 41, 27, 41, 3, 31, 7, 38, 18, 16, 8, 34, 16, 13, 3, 24, 4, 30, 5, 34, 4, 42, 8, 11, 4, 32]"
L2_arctic_WAV/NCC_arctic_a0023,"[4, 29, 5, 31, 18, 4, 32, 21, 8, 11, 4, 32, 14, 40, 29, 4, 32, 21, 8, 19, 27, 4, 32, 29, 43, 34, 4, 38, 4, 30, 29, 41, 8, 29, 30, 27, 10, 35, 25, 4, 32, 16, 8, 42, 19, 43, 32, 19, 34, 4, 38, 8, 11, 4, 32, 19, 24, 10, 35, 6, 4, 36, 21, 8, 31, 34, 35, 8, 40, 8, 30, 8, 20, 8, 42]","[4, 29, 5, 31, 18, 4, 32, 21, 8, 11, 4, 32, 14, 40, 29, 4, 30, 21, 8, 19, 27, 4, 32, 29, 43, 34, 4, 38, 4, 41, 29, 41, 8, 29, 30, 27, 10, 35, 25, 4, 32, 16, 8, 36, 38, 43, 32, 19, 34, 4, 38, 8, 11, 4, 32, 19, 24, 10, 35, 19, 4, 36, 8, 31, 34, 35, 8, 40, 8, 30, 8, 20, 8, 36]"
L2_arctic_WAV/NCC_arctic_a0024,"[8, 38, 41, 14, 42, 31, 16, 8, 35, 8, 34, 10, 35, 38, 36, 24, 35, 14, 31, 6, 4, 32, 10, 35, 12, 41, 8, 37, 37, 27, 24, 30, 27, 8, 32, 19, 39, 36, 38, 34, 27, 34, 4, 30, 38, 39, 18, 16, 8]","[8, 38, 41, 14, 42, 31, 16, 8, 35, 8, 34, 10, 35, 38, 36, 24, 35, 14, 32, 19, 4, 32, 10, 35, 12, 41, 8, 37, 37, 8, 24, 30, 27, 8, 32, 19, 39, 36, 38, 34, 27, 34, 4, 38, 39, 18, 16, 8]"
L2_arctic_WAV/NCC_arctic_a0025,"[16, 8, 41, 14, 42, 4, 18, 16, 13, 38, 38, 8, 19, 39, 6, 8, 36, 26, 41, 7, 32, 29, 39, 30, 3, 20, 14, 20, 31, 4, 32, 38, 34, 35, 8, 40, 21, 8, 30, 19]","[16, 8, 41, 14, 42, 4, 18, 16, 13, 38, 38, 8, 19, 39, 19, 8, 36, 26, 41, 7, 32, 29, 39, 19, 3, 20, 14, 20, 31, 4, 32, 38, 34, 35, 8, 40, 21, 8, 30, 38]"
L2_arctic_WAV/NCC_arctic_a0026,"[8, 38, 4, 29, 3, 19, 38, 8, 31, 27, 6, 43, 38, 6, 7, 35, 41, 13, 19, 26, 43, 40, 38, 39, 18, 27, 43, 32, 4, 29, 16, 13, 32, 38, 8, 9]","[8, 38, 4, 29, 3, 19, 38, 8, 31, 27, 19, 43, 38, 6, 7, 35, 13, 19, 26, 43, 40, 38, 39, 18, 27, 43, 32, 4, 29, 10, 32, 38, 8, 9]"
L2_arctic_WAV/NCC_arctic_a0027,"[38, 39, 31, 16, 8, 36, 4, 34, 35, 16, 8, 42, 26, 27, 18, 27, 25, 43, 32, 38, 39, 11, 33, 13, 43, 29, 11, 4, 30, 8, 32, 12, 39, 42, 27, 43, 42, 4, 31, 8, 32, 31, 16, 8, 24, 21, 8, 40, 3]","[38, 39, 31, 16, 8, 36, 4, 34, 35, 16, 8, 42, 26, 27, 18, 27, 25, 43, 32, 38, 39, 11, 33, 13, 43, 29, 11, 4, 41, 8, 32, 36, 39, 19, 27, 43, 42, 4, 31, 8, 32, 31, 16, 8, 24, 21, 8, 40, 3]"
L2_arctic_WAV/NCC_arctic_a0028,"[35, 5, 18, 3, 27, 18, 35, 16, 8, 18, 3, 27, 24, 35, 10, 19]","[35, 5, 18, 3, 27, 18, 35, 16, 8, 18, 3, 27, 24, 35, 10, 19]"
L2_arctic_WAV/NCC_arctic_a0029,"[6, 7, 35, 24, 10, 35, 36, 8, 42, 41, 3, 10, 30, 35, 7, 19, 27, 31, 39, 40, 8, 9, 8, 32, 38, 39, 6, 27, 32, 10, 35, 12, 29, 14, 32, 38, 35, 27]","[19, 7, 35, 24, 10, 35, 36, 8, 36, 41, 3, 10, 30, 35, 7, 19, 27, 31, 39, 40, 8, 9, 8, 32, 38, 39, 19, 27, 32, 10, 35, 38, 29, 5, 32, 38, 35, 27]"
L2_arctic_WAV/NCC_arctic_a0030,"[16, 8, 26, 43, 19, 24, 21, 8, 12, 8, 32, 6, 4, 31]","[16, 8, 26, 43, 19, 24, 21, 8, 38, 8, 32, 6, 4, 31]"
L2_arctic_WAV/NCC_arctic_a0031,"[6, 21, 8, 41, 3, 12, 35, 27, 26, 14, 32, 19, 35, 4, 19, 28, 5, 35, 19, 42, 4, 34, 5, 35, 38]","[19, 21, 8, 41, 3, 12, 35, 27, 26, 14, 32, 19, 35, 21, 8, 28, 5, 35, 19, 36, 4, 34, 5, 35, 38]"
L2_arctic_WAV/NCC_arctic_a0032,"[36, 8, 32, 36, 6, 7, 32, 36, 14, 31, 31, 8, 36, 38, 8, 35, 27, 4, 36, 24, 10, 35, 36, 26, 43, 42, 18, 8, 32, 24, 16, 8, 38, 8, 9, 14, 36, 43, 38, 7, 40, 35, 27, 36, 38, 7, 34]","[36, 27, 32, 36, 19, 7, 9, 36, 14, 31, 31, 8, 36, 38, 8, 35, 27, 4, 36, 24, 10, 35, 36, 26, 43, 42, 18, 27, 32, 24, 16, 8, 38, 8, 9, 14, 36, 43, 38, 7, 40, 35, 27, 36, 38, 7, 34]"
L2_arctic_WAV/NCC_arctic_a0036,"[11, 27, 38, 3, 32, 19, 8, 32, 43, 38, 6, 4, 26, 33, 13, 38, 7, 30]","[11, 27, 38, 3, 32, 19, 27, 9, 43, 38, 30, 4, 26, 33, 13, 38, 7, 41]"
L2_arctic_WAV/NCC_arctic_a0037,"[16, 8, 41, 14, 42, 6, 4, 33, 13, 32, 30, 27, 41, 14, 32, 26, 39, 35, 8, 31, 21, 8, 32, 19, 36, 27, 38, 8, 9]","[16, 8, 41, 14, 42, 19, 4, 33, 13, 32, 30, 27, 41, 14, 9, 26, 39, 35, 8, 31, 21, 8, 32, 19, 36, 8, 38, 8, 9]"
L2_arctic_WAV/NCC_arctic_a0038,"[41, 8, 30, 26, 43, 40, 38, 39, 41, 5, 37, 5, 35, 37, 43, 32, 36, 8, 42]","[41, 8, 41, 26, 43, 40, 38, 39, 41, 4, 37, 5, 35, 37, 43, 32, 36, 8, 36]"
L2_arctic_WAV/NCC_arctic_a0039,"[6, 4, 11, 8, 34, 11, 13, 19, 18, 27, 8, 32, 41, 8, 12, 8, 32, 4, 41, 27, 29, 10, 35, 38, 7, 32, 19, 21, 8, 42]","[19, 4, 11, 8, 34, 11, 13, 19, 18, 27, 27, 9, 41, 8, 12, 27, 9, 4, 41, 27, 29, 10, 35, 38, 7, 32, 19, 21, 8, 36]"
L2_arctic_WAV/NCC_arctic_a0040,"[16, 8, 36, 4, 34, 33, 13, 42, 28, 39, 41, 14, 32, 19, 3, 41, 16, 8, 11, 27, 8, 42, 29, 14, 31, 8, 9, 14, 34, 26, 27, 35]","[16, 8, 36, 4, 34, 33, 13, 42, 28, 39, 41, 14, 32, 19, 3, 41, 16, 8, 11, 27, 8, 42, 29, 14, 31, 27, 9, 14, 34, 26, 27, 35]"
L2_arctic_WAV/NCC_arctic_a0041,"[31, 27, 32, 41, 16, 8, 30, 16, 8, 30, 25, 33, 13, 16, 13, 38, 38, 39, 18, 35, 27, 6, 4, 36, 34, 7, 30]","[31, 27, 9, 41, 16, 8, 41, 16, 8, 41, 25, 33, 13, 16, 13, 38, 38, 39, 18, 35, 7, 6, 4, 36, 34, 7, 41]"
L2_arctic_WAV/NCC_arctic_a0042,"[26, 16, 13, 29, 13, 19, 26, 27, 8, 29, 36, 34, 30, 21, 8, 32, 26, 8, 42, 34, 4, 42, 7, 11, 4, 32, 14, 40, 6, 4, 36, 29, 7, 37]","[26, 16, 13, 29, 13, 19, 26, 27, 8, 29, 36, 34, 35, 21, 8, 32, 26, 8, 42, 34, 4, 42, 7, 11, 4, 32, 14, 40, 6, 4, 36, 29, 7, 37]"
L2_arctic_WAV/NCC_arctic_a0045,"[26, 27, 31, 39, 40, 19, 4, 41, 21, 8, 43, 42, 29, 41, 16, 8, 4, 38, 30, 27, 43, 42, 26, 27, 26, 43, 19, 29, 14, 31]","[26, 27, 31, 39, 40, 19, 4, 41, 21, 8, 43, 36, 29, 41, 8, 29, 30, 27, 43, 42, 26, 27, 26, 43, 19, 29, 14, 31]"
L2_arctic_WAV/NCC_arctic_a0046,"[6, 4, 25, 3, 30, 24, 21, 8, 36, 38, 26, 8, 31, 26, 3, 16, 8, 42, 11, 16, 8, 32, 8, 9, 41, 8, 12, 36, 14, 19, 4, 32, 24, 8, 35]","[19, 4, 25, 3, 30, 24, 7, 36, 38, 26, 8, 31, 26, 3, 16, 8, 42, 11, 8, 32, 8, 9, 41, 8, 36, 36, 14, 19, 4, 32, 24, 8, 35]"
L2_arctic_WAV/NCC_arctic_a0047,"[29, 30, 33, 13, 36, 18, 27, 36, 16, 8, 19, 26, 8, 31, 25, 30, 27, 31, 19, 6, 14, 41, 16, 8, 38, 24, 43, 9, 42, 14, 40, 6, 4, 41, 13, 30, 24, 19, 10, 25]","[29, 35, 33, 13, 36, 18, 27, 36, 16, 8, 19, 26, 8, 31, 25, 30, 27, 31, 19, 19, 14, 41, 16, 8, 38, 24, 43, 9, 42, 14, 40, 19, 4, 13, 30, 24, 19, 10, 29]"
L2_arctic_WAV/NCC_arctic_a0048,"[26, 27, 30, 13, 29, 38, 43, 38, 6, 4, 26, 43, 9, 29, 3, 37, 8, 24, 31, 10, 35, 29, 30, 33, 13, 36, 30, 27]","[26, 27, 30, 13, 29, 38, 43, 38, 19, 4, 26, 43, 9, 29, 3, 37, 8, 24, 31, 10, 35, 29, 30, 33, 13, 36, 30, 27]"
L2_arctic_WAV/NCC_arctic_a0051,"[6, 4, 30, 21, 8, 36, 41, 10, 42, 14, 40, 4, 19, 7, 30, 4, 29, 4, 38, 16, 8, 40, 3, 27, 29, 14, 30, 3, 24, 21, 8, 32, 38, 30, 27, 38, 8, 32, 38, 8, 19, 41, 8, 12, 28, 7, 30, 33, 13]","[19, 4, 30, 43, 36, 41, 10, 42, 14, 40, 4, 19, 7, 30, 4, 29, 21, 8, 38, 16, 8, 40, 3, 27, 29, 14, 30, 3, 24, 21, 8, 32, 38, 17, 30, 27, 38, 27, 9, 38, 41, 8, 36, 28, 7, 30, 33, 13]"
L2_arctic_WAV/NCC_arctic_a0052,"[8, 38, 41, 14, 42, 4, 29, 28, 13, 35, 27, 4, 36, 29, 33, 13, 8, 32, 36, 8, 19, 4, 32, 36]","[8, 38, 41, 14, 42, 4, 29, 28, 13, 35, 4, 36, 29, 33, 13, 8, 32, 36, 8, 19, 4, 32, 36]"
L2_arctic_WAV/NCC_arctic_a0053,"[36, 14, 19, 4, 32, 30, 27, 26, 8, 42, 24, 8, 9, 25, 3, 42, 29, 30, 33, 13, 42, 19, 38, 16, 8, 38, 30, 27, 33, 13, 40, 3, 6, 4, 26, 43, 9, 29, 3, 37, 27, 24]","[36, 3, 38, 4, 32, 27, 26, 8, 42, 24, 8, 9, 25, 3, 42, 29, 35, 33, 13, 42, 19, 38, 5, 38, 30, 27, 33, 13, 40, 3, 19, 4, 26, 43, 9, 29, 3, 37, 27, 24]"
L2_arctic_WAV/NCC_arctic_a0054,"[6, 7, 35, 41, 4, 42, 32, 14, 12, 8, 9, 5, 32, 6, 4, 35, 5, 29]","[19, 7, 35, 41, 4, 42, 32, 14, 38, 8, 9, 5, 32, 19, 4, 35, 33, 13, 29]"
L2_arctic_WAV/NCC_arctic_a0058,"[16, 8, 29, 21, 8, 31, 24, 10, 35, 8, 32, 24, 3, 31, 21, 8, 11, 4, 32, 31, 10, 35, 16, 13, 38, 14, 40, 29, 28, 13, 35, 27, 5, 36, 4, 38, 27, 6, 43, 32, 7, 32, 27, 12, 8, 9, 7, 30, 36]","[16, 8, 29, 21, 8, 31, 24, 10, 35, 8, 32, 24, 3, 31, 21, 8, 11, 4, 32, 31, 10, 35, 16, 13, 38, 14, 40, 29, 28, 13, 35, 27, 7, 36, 4, 38, 27, 19, 43, 32, 7, 32, 27, 38, 8, 9, 7, 30, 36]"
L2_arctic_WAV/NCC_arctic_a0059,"[26, 8, 42, 8, 31, 43, 29, 28, 39, 30, 8, 38, 4, 34, 8, 35, 4, 32, 36, 41, 4, 42, 25, 10, 32]","[26, 8, 36, 27, 31, 43, 29, 28, 39, 30, 21, 8, 38, 4, 34, 8, 35, 4, 32, 36, 41, 4, 36, 25, 10, 32]"
L2_arctic_WAV/NCC_arctic_a0060,"[7, 32, 27, 41, 21, 8, 32, 33, 13, 41, 14, 32, 36, 10, 26, 3, 30, 16, 8, 29, 6, 43, 38]","[7, 32, 27, 41, 21, 8, 32, 33, 13, 41, 14, 32, 36, 10, 26, 3, 30, 16, 8, 29, 19, 43, 38]"
L2_arctic_WAV/NCC_arctic_a0062,"[6, 4, 31, 7, 32, 36, 38, 7, 35, 19, 8, 32, 38, 39, 27, 37, 14, 6, 3, 42, 24, 21, 8, 36]","[19, 4, 31, 7, 32, 36, 38, 7, 35, 19, 8, 32, 38, 39, 27, 37, 14, 6, 3, 36, 24, 21, 8, 36]"
L2_arctic_WAV/NCC_arctic_a0063,"[28, 7, 36, 8, 38, 41, 10, 42, 4, 31, 43, 32, 26, 39, 43, 36, 29, 38, 4, 36, 38, 35, 21, 8, 32, 20, 3]","[28, 7, 36, 8, 38, 41, 10, 36, 4, 31, 43, 32, 26, 39, 5, 36, 29, 38, 4, 36, 38, 35, 21, 8, 32, 20, 3]"
L2_arctic_WAV/NCC_arctic_a0064,"[6, 4, 24, 10, 35, 12, 43, 32, 19, 24, 8, 24, 12, 19, 21, 8, 42, 34, 43, 36, 38, 41, 8, 12, 16, 13, 38, 7, 32, 27, 19, 8, 40, 7, 30, 4, 34, 31, 4, 32, 38, 36]","[19, 4, 24, 10, 35, 12, 43, 32, 19, 24, 8, 24, 19, 21, 8, 34, 5, 36, 38, 41, 8, 38, 16, 13, 38, 7, 32, 27, 19, 8, 40, 7, 30, 4, 34, 31, 4, 32, 38, 36]"
L2_arctic_WAV/NCC_arctic_a0065,"[6, 21, 8, 29, 30, 33, 13, 42, 19, 32, 16, 13, 4, 32, 38, 8, 30, 26, 8, 42, 24, 8, 9, 25, 3, 42, 41, 3, 30, 16, 8, 29, 29, 10, 35, 19, 42, 14, 40, 36, 38, 27, 30]","[19, 21, 8, 29, 30, 33, 13, 36, 38, 32, 16, 13, 4, 32, 38, 8, 41, 26, 8, 42, 24, 27, 9, 25, 3, 36, 41, 3, 30, 16, 8, 29, 29, 10, 35, 19, 42, 14, 40, 36, 38, 8, 41]"
L2_arctic_WAV/NCC_arctic_a0067,"[11, 13, 35, 30, 27, 16, 8, 41, 8, 30, 8, 29, 36, 29, 28, 39, 42, 28, 39, 11, 27, 29, 35, 16, 8, 19]","[11, 13, 35, 30, 27, 16, 8, 41, 8, 41, 8, 29, 36, 29, 28, 39, 36, 28, 39, 11, 27, 29, 35, 16, 8, 38]"
L2_arctic_WAV/NCC_arctic_a0071,"[26, 41, 14, 38, 41, 14, 42, 6, 14, 5, 18, 20, 7, 29, 38, 14, 40, 28, 10, 35, 30, 8, 38, 4, 30, 36, 7, 32, 36, 21, 8, 11, 4, 32]","[26, 41, 14, 38, 41, 14, 42, 19, 14, 5, 18, 20, 7, 29, 38, 14, 40, 28, 10, 35, 30, 27, 38, 4, 41, 36, 7, 32, 36, 21, 8, 11, 4, 32]"
L2_arctic_WAV/NCC_arctic_a0073,"[6, 4, 34, 35, 4, 31, 33, 13, 38, 3, 42, 16, 8, 42, 41, 3, 26, 7, 40, 27, 41, 8, 6, 30, 8, 38, 4, 30, 34, 14, 24, 27, 18, 43, 25, 42, 14, 32, 19, 3, 6, 7, 31]","[19, 4, 34, 35, 4, 31, 33, 13, 38, 3, 42, 16, 8, 36, 41, 3, 26, 7, 40, 27, 41, 27, 19, 30, 27, 38, 4, 41, 34, 14, 24, 27, 18, 43, 25, 36, 14, 32, 19, 3, 19, 7, 31]"
L2_arctic_WAV/NCC_arctic_a0075,"[6, 7, 35, 26, 43, 42, 18, 8, 32, 4, 37, 21, 8, 32, 20, 11, 27, 8, 32, 38, 3, 14, 34, 38, 8, 19, 26, 8, 31]","[19, 7, 35, 26, 43, 42, 18, 27, 9, 4, 37, 21, 8, 32, 20, 11, 27, 8, 32, 38, 3, 14, 34, 38, 8, 19, 26, 8, 31]"
L2_arctic_WAV/NCC_arctic_a0076,"[6, 4, 25, 35, 21, 8, 16, 8, 42, 24, 5, 30, 38, 3, 19, 6, 4, 24, 30, 14, 11, 19, 27, 34, 4, 32, 19]","[19, 4, 25, 35, 21, 8, 16, 8, 36, 24, 43, 41, 38, 3, 19, 19, 4, 24, 30, 14, 11, 19, 27, 34, 4, 32, 19]"
L2_arctic_WAV/NCC_arctic_a0077,"[8, 38, 8, 42, 6, 4, 24, 16, 8, 3, 34, 5, 35, 38, 30, 27, 11, 27, 36, 7, 19]","[8, 38, 8, 42, 19, 4, 24, 16, 8, 3, 34, 5, 35, 38, 30, 27, 11, 27, 36, 7, 19]"
L2_arctic_WAV/NCC_arctic_a0078,"[6, 7, 32, 43, 32, 19, 43, 38, 36, 14, 34, 3, 26, 27, 38, 35, 16, 8, 19, 38, 39, 24, 43, 6, 4, 31, 26, 3]","[19, 7, 32, 43, 32, 19, 43, 38, 36, 13, 34, 3, 26, 27, 38, 35, 16, 8, 19, 38, 39, 24, 43, 12, 4, 31, 26, 3]"
L2_arctic_WAV/NCC_arctic_a0079,"[8, 38, 41, 14, 42, 4, 30, 5, 35, 20, 29, 4, 32, 39]","[8, 38, 41, 14, 42, 4, 30, 5, 35, 20, 29, 43, 32, 39]"
L2_arctic_WAV/NCC_arctic_a0081,"[26, 41, 14, 38, 8, 24, 11, 27, 19, 8, 19, 32, 5, 38, 29, 14, 31, 38, 39, 6, 4, 35, 5, 29]","[26, 41, 14, 38, 8, 24, 11, 27, 19, 8, 19, 32, 5, 38, 29, 14, 31, 38, 39, 19, 4, 35, 5, 29]"
L2_arctic_WAV/NCC_arctic_a0082,"[26, 8, 42, 24, 21, 8, 36, 41, 4, 42, 36, 38, 35, 27, 31, 8, 9, 41, 8, 12, 18, 30, 14, 19]","[26, 8, 42, 24, 21, 8, 36, 41, 4, 42, 36, 38, 35, 27, 31, 8, 9, 41, 8, 36, 18, 30, 14, 19]"
L2_arctic_WAV/NCC_arctic_a0085,"[4, 38, 35, 8, 29, 4, 30, 14, 40, 24, 35, 7, 11, 18, 30, 14, 19, 35, 43, 32, 33, 13, 40, 3, 26, 8, 42, 24, 21, 8, 36]","[4, 38, 35, 8, 29, 4, 41, 14, 40, 24, 30, 43, 11, 18, 30, 14, 19, 35, 43, 9, 33, 13, 40, 3, 26, 8, 42, 24, 21, 8, 36]"
L2_arctic_WAV/NCC_arctic_a0086,"[19, 7, 12, 26, 43, 19, 29, 14, 31, 41, 8, 12, 38, 7, 35, 4, 18, 4, 30, 36, 14, 19, 4, 32, 32, 4, 36]","[19, 7, 36, 26, 43, 19, 29, 14, 31, 41, 8, 36, 38, 7, 35, 4, 18, 4, 41, 36, 3, 19, 4, 32, 32, 4, 36]"
L2_arctic_WAV/NCC_arctic_a0088,"[26, 27, 31, 21, 8, 19, 11, 13, 35, 6, 43, 38, 6, 4, 31, 43, 25, 4, 42, 27, 32, 41, 4, 42, 30, 33, 13, 19, 8, 19, 43, 32, 19, 35, 27, 42, 39, 31, 19, 26, 8, 42, 34, 43, 19, 4, 30, 8, 9]","[26, 27, 31, 21, 8, 19, 11, 13, 35, 19, 43, 38, 19, 4, 31, 43, 25, 4, 36, 27, 32, 41, 4, 42, 30, 33, 13, 19, 8, 19, 43, 32, 19, 35, 27, 36, 39, 31, 19, 26, 8, 36, 34, 43, 19, 4, 30, 8, 9]"
L2_arctic_WAV/NCC_arctic_a0089,"[6, 4, 32, 16, 8, 38, 25, 30, 33, 13, 41, 10, 42, 38, 35, 7, 37, 3, 4, 36, 38, 39, 11, 39, 38, 18, 16, 8]","[19, 4, 32, 5, 38, 25, 30, 33, 13, 41, 10, 36, 38, 35, 7, 37, 3, 4, 36, 38, 39, 11, 39, 38, 18, 16, 8]"
L2_arctic_WAV/NCC_arctic_a0090,"[6, 4, 36, 8, 9, 8, 9, 40, 10, 8, 36, 4, 34, 35, 33, 13, 37, 38, 35, 43, 34, 4, 19, 30, 27]","[19, 4, 36, 8, 9, 41, 10, 8, 36, 4, 34, 35, 33, 13, 37, 38, 35, 43, 34, 4, 19, 30, 27]"
L2_arctic_WAV/NCC_arctic_a0091,"[26, 8, 42, 18, 30, 14, 19, 25, 35, 39, 26, 5, 38, 41, 8, 12, 35, 21, 8, 20, 43, 38, 6, 4, 12, 10, 38]","[26, 8, 36, 18, 30, 14, 19, 25, 35, 39, 26, 5, 38, 41, 8, 36, 35, 43, 19, 43, 38, 19, 4, 12, 10, 38]"
L2_arctic_WAV/NCC_arctic_a0092,"[26, 27, 41, 7, 32, 38, 19, 16, 13, 32, 8, 32, 31, 8, 19, 36, 38, 35, 27, 31, 36, 3, 37, 8, 9, 6, 4, 11, 43, 19, 33, 13, 42, 14, 40, 18, 33, 13, 12, 11, 10, 35, 42]","[26, 27, 41, 7, 32, 38, 19, 16, 13, 32, 8, 32, 31, 8, 19, 36, 38, 35, 27, 31, 36, 3, 37, 8, 9, 19, 4, 11, 43, 30, 33, 13, 36, 14, 40, 18, 33, 13, 12, 11, 10, 35, 36]"
L2_arctic_WAV/NCC_arctic_a0093,"[24, 10, 35, 4, 24, 13, 30, 31, 8, 32, 4, 38, 26, 27, 29, 35, 16, 13, 37, 38, 43, 32, 19, 30, 8, 36, 4, 32, 19]","[24, 10, 35, 4, 24, 13, 41, 31, 8, 32, 4, 38, 26, 27, 29, 35, 5, 32, 37, 38, 43, 32, 19, 4, 30, 7, 36, 4, 32, 19]"
L2_arctic_WAV/NCC_arctic_a0094,"[26, 27, 26, 43, 19, 18, 7, 35, 30, 27, 7, 32, 38, 3, 19, 6, 8, 36, 26, 41, 7, 32, 26, 27, 36, 10, 6, 14, 25, 30, 33, 13, 14, 40, 4, 24, 16, 8, 35]","[26, 27, 26, 43, 19, 18, 7, 35, 30, 27, 7, 32, 38, 3, 19, 19, 8, 36, 26, 41, 7, 32, 26, 27, 36, 10, 19, 14, 25, 30, 33, 13, 14, 40, 4, 24, 16, 8, 35]"
L2_arctic_WAV/NCC_arctic_a0095,"[4, 18, 8, 25, 29, 43, 32, 40, 4, 36, 38, 7, 32, 38, 41, 10, 42, 6, 4, 24, 3, 36, 38, 12, 8, 9, 38, 39, 29, 14, 31, 41, 8, 12, 8, 32, 26, 8, 42, 40, 8, 15, 4, 32]","[4, 18, 8, 25, 29, 43, 32, 40, 4, 36, 38, 7, 32, 38, 41, 10, 42, 19, 4, 24, 3, 36, 38, 12, 8, 9, 38, 39, 29, 14, 31, 41, 8, 38, 27, 9, 26, 8, 42, 40, 8, 15, 4, 32]"
L2_arctic_WAV/NCC_arctic_a0096,"[34, 3, 26, 43, 34, 36, 11, 27, 26, 43, 19, 10, 30, 35, 7, 19, 27, 31, 7, 38, 26, 3, 24, 21, 8, 38, 4, 30, 8, 38, 4, 30, 19, 27, 34, 3, 8, 32, 6, 4, 24, 10, 35, 4, 36, 38]","[34, 3, 26, 43, 34, 36, 11, 27, 26, 43, 19, 10, 35, 7, 19, 27, 31, 7, 38, 26, 3, 24, 21, 8, 38, 4, 30, 27, 38, 4, 19, 27, 34, 3, 8, 32, 19, 4, 24, 10, 35, 4, 36, 38]"
L2_arctic_WAV/NCC_arctic_a0097,"[6, 7, 32, 28, 39, 29, 43, 32, 3, 21, 8, 32, 20, 28, 3, 36, 7, 30, 24, 29, 14, 31, 24, 3, 38, 4, 18, 30, 27, 4, 31, 14, 9, 6, 27, 42, 35, 33, 13, 18, 42, 8, 32, 6, 4, 18, 33, 13]","[19, 7, 9, 28, 39, 29, 43, 9, 3, 43, 32, 20, 28, 3, 36, 7, 30, 24, 29, 14, 31, 24, 3, 38, 4, 18, 30, 27, 4, 31, 14, 32, 19, 27, 42, 35, 33, 13, 34, 36, 27, 9, 19, 4, 18, 33, 13]"
L2_arctic_WAV/NCC_arctic_a0098,"[11, 43, 30, 16, 8, 29, 7, 35, 27, 28, 39]","[11, 43, 16, 8, 29, 7, 35, 27, 28, 39]"
L2_arctic_WAV/NCC_arctic_a0099,"[4, 31, 43, 19, 4, 32, 8, 9, 20, 10, 8, 34, 16, 13, 32, 19, 8, 19, 8, 32, 26, 8, 42, 18, 35, 21, 8, 32]","[4, 31, 43, 32, 19, 4, 30, 8, 9, 20, 10, 8, 34, 16, 13, 32, 19, 8, 19, 27, 9, 26, 8, 36, 18, 35, 21, 8, 9]"
L2_arctic_WAV/NCC_arctic_a0100,"[28, 39, 31, 14, 36, 38, 36, 30, 27, 34, 26, 27, 3, 20, 19]","[28, 39, 31, 14, 36, 38, 36, 30, 27, 34, 26, 27, 3, 20, 19]"
L2_arctic_WAV/NCC_arctic_a0101,"[28, 39, 28, 39, 41, 13, 19, 32, 5, 38, 29, 27, 34, 6, 4, 38, 35, 39, 12, 24, 35, 14, 31, 31, 27]","[28, 39, 28, 39, 13, 19, 32, 5, 38, 29, 27, 34, 19, 4, 38, 35, 39, 36, 24, 35, 14, 31, 31, 27]"
L2_arctic_WAV/NCC_arctic_a0102,"[26, 27, 41, 8, 30, 24, 5, 30, 33, 13, 14, 36, 36, 39, 32]","[26, 27, 41, 8, 41, 24, 5, 30, 33, 13, 14, 36, 36, 39, 32]"
L2_arctic_WAV/NCC_arctic_a0103,"[18, 14, 38, 6, 7, 35, 29, 21, 8, 31, 32, 33, 13, 34, 35, 5, 31, 4, 36, 24, 35, 14, 31, 6, 4, 18, 33, 13, 14, 40, 6, 14, 29, 4, 32, 39]","[18, 14, 38, 19, 7, 35, 29, 21, 8, 31, 32, 33, 13, 34, 35, 5, 31, 4, 36, 24, 35, 14, 32, 19, 4, 18, 33, 13, 14, 40, 19, 14, 29, 10, 32, 39]"
L2_arctic_WAV/NCC_arctic_a0104,"[11, 27, 41, 4, 42, 36, 30, 27, 34, 8, 9, 14, 32, 19, 3, 26, 8, 42, 34, 35, 4, 38, 7, 29, 11, 4, 32, 43, 42, 36, 41, 27, 38, 30, 27, 43, 42, 4, 37, 16, 8, 30, 19]","[11, 27, 41, 4, 42, 4, 36, 30, 27, 34, 8, 9, 14, 9, 19, 3, 26, 8, 36, 34, 35, 4, 38, 7, 29, 11, 4, 32, 43, 42, 36, 41, 8, 38, 30, 27, 43, 36, 4, 37, 43, 41, 38]"
L2_arctic_WAV/NCC_arctic_a0105,"[33, 13, 32, 30, 27, 8, 38, 8, 42, 36, 33, 13, 41, 14, 32, 19, 3, 24, 4, 30, 36, 33, 13, 10, 30, 31, 33, 13, 36, 38, 8, 31, 34, 5, 36, 4, 18, 4, 30, 38, 4, 18, 8, 30, 27, 40]","[33, 13, 9, 30, 27, 8, 38, 8, 42, 36, 33, 13, 41, 14, 9, 19, 3, 24, 4, 30, 35, 36, 33, 13, 10, 31, 33, 13, 36, 38, 8, 31, 34, 5, 36, 18, 4, 41, 38, 4, 18, 8, 30, 27, 34]"
L2_arctic_WAV/NCC_arctic_a0106,"[6, 4, 27, 31, 33, 13, 11, 4, 32, 41, 8, 37, 11, 27, 26, 43, 19, 36, 4, 34, 35, 7, 36, 38, 18, 3, 36, 38, 24, 10, 35, 12, 32, 16, 13, 8, 32, 4, 37, 33, 13, 29, 8, 9, 36, 5, 18]","[19, 4, 27, 31, 33, 13, 11, 4, 32, 41, 8, 37, 11, 27, 26, 43, 19, 36, 4, 34, 35, 7, 36, 38, 18, 3, 36, 38, 24, 10, 35, 12, 32, 16, 13, 27, 9, 4, 37, 33, 13, 29, 8, 9, 36, 33, 13, 18]"
L2_arctic_WAV/NCC_arctic_a0107,"[8, 24, 28, 39, 33, 13, 32, 30, 27, 29, 13, 19, 32, 33, 13, 26, 16, 13, 16, 8, 12, 43, 9, 29, 28, 39]","[8, 24, 28, 39, 33, 13, 9, 30, 27, 29, 13, 19, 32, 33, 13, 26, 16, 13, 16, 8, 12, 43, 9, 29, 28, 39]"
L2_arctic_WAV/NCC_arctic_a0108,"[26, 27, 41, 21, 8, 19, 8, 19, 8, 32, 38, 4, 6, 27, 7, 20, 14, 40, 6, 27, 41, 10, 38, 3, 43, 32, 19, 18, 27, 25, 43, 32, 36, 29, 35, 14, 18, 8, 9, 26, 8, 31, 36, 7, 30, 24]","[26, 27, 41, 7, 19, 8, 19, 27, 9, 38, 4, 5, 21, 8, 20, 14, 40, 19, 27, 41, 10, 38, 3, 43, 32, 19, 18, 27, 25, 27, 9, 36, 29, 35, 43, 18, 8, 9, 26, 8, 31, 36, 7, 41, 24]"
L2_arctic_WAV/NCC_arctic_a0109,"[19, 39, 28, 39, 32, 33, 13, 6, 43, 38, 28, 39, 5, 35, 11, 21, 8, 29, 8, 9, 31, 16, 8, 29, 5, 32, 24, 4, 19, 4, 32, 36, 8, 32, 28, 39]","[19, 39, 28, 39, 32, 33, 13, 19, 43, 38, 28, 39, 5, 11, 21, 8, 29, 8, 9, 31, 16, 8, 29, 5, 32, 24, 4, 19, 4, 32, 36, 8, 32, 28, 39]"
L2_arctic_WAV/NCC_arctic_a0111,"[8, 32, 36, 38, 7, 19, 26, 27, 20, 10, 8, 32, 19, 26, 3, 43, 32, 19, 6, 21, 8, 21, 8, 38, 30, 16, 8, 29, 38, 39, 26, 14, 9, 25, 35, 27, 37, 8, 30, 19, 35, 4, 32]","[8, 32, 36, 38, 43, 19, 26, 27, 20, 10, 8, 32, 19, 26, 3, 43, 32, 19, 6, 21, 8, 21, 8, 38, 30, 16, 8, 29, 38, 39, 26, 14, 9, 25, 35, 27, 37, 8, 30, 19, 35, 4, 32]"
L2_arctic_WAV/NCC_arctic_a0112,"[26, 27, 41, 14, 42, 41, 39, 32, 19, 8, 19, 8, 32, 6, 14, 5, 35, 31]","[26, 27, 41, 14, 42, 41, 10, 32, 19, 8, 19, 27, 32, 19, 14, 5, 35, 31]"
L2_arctic_WAV/NCC_arctic_a0113,"[16, 8, 36, 4, 34, 33, 13, 42, 28, 39, 34, 8, 29, 38, 6, 43, 38, 30, 8, 9, 25, 33, 13, 14, 34, 4, 31, 14, 9, 6, 4, 8, 32, 19, 27, 4, 32, 42]","[16, 8, 36, 4, 34, 33, 13, 42, 28, 39, 34, 8, 29, 38, 19, 43, 38, 30, 8, 9, 25, 33, 13, 14, 34, 4, 31, 16, 13, 32, 19, 4, 8, 32, 19, 27, 4, 32, 42]"
L2_arctic_WAV/NCC_arctic_a0115,"[26, 27, 26, 43, 19, 32, 33, 13, 8, 29, 36, 29, 28, 39, 42, 24, 35, 3, 6, 4, 24, 27, 30, 8, 9, 42, 41, 8, 37, 41, 3, 3, 16, 13, 42, 19, 8, 32, 26, 8, 31]","[26, 27, 26, 43, 19, 32, 33, 13, 8, 29, 36, 29, 28, 39, 42, 24, 35, 3, 19, 4, 24, 27, 30, 8, 9, 42, 41, 8, 37, 41, 3, 3, 16, 13, 36, 38, 27, 9, 26, 8, 31]"
L2_arctic_WAV/NCC_arctic_a0116,"[41, 14, 42, 8, 38, 6, 4, 35, 5, 32, 19, 8, 40, 39, 14, 40, 6, 33, 13, 42, 26, 39, 41, 3, 36, 38, 35, 16, 8, 40, 8, 9, 38, 39, 41, 3, 29, 26, 8, 42, 35, 39, 8, 32]","[41, 14, 42, 8, 38, 19, 4, 35, 5, 32, 19, 8, 40, 39, 36, 14, 40, 19, 33, 13, 36, 26, 39, 41, 3, 36, 38, 35, 5, 40, 8, 9, 38, 39, 41, 3, 29, 26, 8, 42, 35, 39, 27, 32]"
L2_arctic_WAV/NCC_arctic_a0117,"[11, 27, 43, 19, 8, 19, 41, 8, 6, 20, 7, 32, 28, 4, 41, 4, 32, 36, 8, 31, 34, 4, 12, 27, 8, 32, 26, 3, 24, 21, 8, 36, 43, 32, 19, 40, 10, 8, 36]","[11, 27, 43, 19, 8, 19, 41, 8, 42, 20, 7, 32, 28, 4, 41, 27, 32, 36, 8, 31, 24, 4, 12, 27, 27, 9, 26, 3, 24, 21, 8, 36, 43, 32, 19, 4, 40, 10, 8, 36]"
L2_arctic_WAV/NCC_arctic_a0120,"[31, 16, 8, 35, 16, 8, 38, 24, 13, 38, 24, 27, 30, 42, 30, 16, 8, 29, 6, 43, 38, 14, 40, 4, 37, 16, 8, 32, 27, 42, 19, 7, 18, 28, 4, 38, 5, 32, 38]","[31, 16, 8, 35, 43, 38, 24, 13, 38, 24, 27, 41, 36, 30, 16, 8, 29, 19, 43, 38, 14, 40, 4, 37, 16, 8, 32, 27, 42, 19, 7, 18, 28, 4, 38, 5, 9, 38]"
L2_arctic_WAV/NCC_arctic_a0121,"[6, 21, 8, 21, 8, 38, 19, 8, 32, 3, 43, 38, 6, 4, 24, 8, 24, 12, 43, 32, 19, 35, 7, 36, 38, 8, 19, 24, 10, 35, 38, 39, 16, 13, 3, 42]","[19, 21, 8, 21, 8, 38, 19, 8, 32, 3, 43, 38, 19, 4, 24, 8, 24, 43, 32, 19, 4, 35, 7, 36, 38, 8, 19, 24, 10, 35, 19, 4, 38, 39, 16, 13, 3, 36]"
L2_arctic_WAV/NCC_arctic_a0122,"[38, 39, 28, 3, 42, 4, 25, 33, 13, 16, 8, 25, 21, 8, 40, 14, 34, 36, 8, 40, 4, 30, 8, 42, 21, 8, 11, 4, 32, 24, 35, 3, 6, 8, 36]","[38, 39, 28, 3, 36, 4, 25, 33, 13, 16, 8, 25, 21, 8, 40, 14, 34, 36, 8, 40, 4, 30, 8, 36, 21, 8, 11, 4, 32, 24, 35, 3, 19, 8, 36]"
L2_arctic_WAV/NCC_arctic_a0123,"[11, 27, 26, 43, 19, 19, 16, 8, 19, 24, 35, 14, 31, 29, 33, 13, 30, 19, 43, 32, 19, 36, 38, 5, 35, 40, 21, 8, 11, 4, 32]","[11, 27, 26, 7, 19, 19, 5, 19, 24, 35, 10, 9, 29, 33, 13, 41, 19, 43, 32, 19, 4, 36, 38, 5, 35, 40, 21, 8, 11, 4, 32]"
L2_arctic_WAV/NCC_arctic_a0125,"[26, 27, 41, 4, 42, 19, 8, 38, 3, 31, 4, 32, 19, 32, 16, 13, 38, 8, 31, 21, 8, 32, 38, 21, 8, 32, 4, 31, 10, 35, 36, 3, 38, 4, 32, 26, 33, 13, 30, 19, 4, 34, 5, 32, 26, 8, 31, 36, 7, 30, 24]","[26, 27, 41, 4, 36, 38, 3, 31, 27, 32, 19, 32, 16, 13, 38, 8, 31, 21, 8, 32, 38, 21, 8, 9, 4, 31, 10, 35, 36, 3, 38, 4, 9, 26, 33, 13, 41, 19, 4, 34, 43, 9, 26, 8, 31, 36, 7, 41, 24]"
L2_arctic_WAV/NCC_arctic_a0126,"[27, 37, 19, 21, 8, 11, 27, 18, 27, 29, 21, 8, 31, 4, 31, 10, 35, 40, 16, 8, 38, 4, 30, 34, 5, 35, 38, 14, 40, 26, 8, 31]","[27, 37, 19, 21, 8, 11, 27, 18, 27, 29, 21, 8, 31, 4, 31, 10, 35, 40, 16, 8, 38, 4, 41, 34, 5, 35, 38, 14, 40, 26, 8, 31]"
L2_arctic_WAV/NCC_arctic_a0127,"[8, 38, 41, 14, 42, 4, 38, 7, 31, 38, 21, 8, 11, 4, 32, 18, 14, 38, 26, 27, 35, 27, 42, 8, 36, 38, 8, 19, 8, 38]","[8, 38, 41, 14, 36, 4, 38, 7, 31, 38, 21, 8, 11, 4, 32, 18, 14, 38, 26, 27, 35, 27, 42, 8, 36, 38, 8, 19, 8, 38]"
L2_arctic_WAV/NCC_arctic_a0128,"[6, 8, 36, 41, 14, 32, 26, 33, 13, 34, 41, 10, 42, 19, 8, 36, 38, 35, 10, 8, 19, 43, 42, 29, 41, 8, 29, 30, 27, 7, 42, 8, 38, 41, 10, 42, 18, 10, 35, 32]","[19, 8, 36, 41, 14, 9, 26, 33, 13, 34, 41, 10, 42, 19, 8, 36, 38, 35, 10, 8, 19, 43, 42, 29, 41, 8, 29, 30, 27, 7, 42, 8, 38, 41, 4, 35, 18, 33, 13, 32]"
L2_arctic_WAV/NCC_arctic_a0129,"[26, 3, 24, 21, 8, 36, 41, 10, 42, 4, 25, 21, 8, 32, 36, 38, 26, 8, 42, 18, 35, 7, 36, 38]","[26, 3, 24, 21, 8, 36, 41, 10, 42, 4, 25, 21, 8, 9, 36, 38, 26, 8, 42, 18, 35, 7, 36, 38]"
L2_arctic_WAV/NCC_arctic_a0130,"[11, 27, 41, 4, 42, 26, 8, 42, 32, 16, 13, 24, 3, 7, 40, 3]","[11, 27, 41, 4, 36, 26, 8, 36, 32, 16, 13, 24, 3, 7, 40, 3]"
L2_arctic_WAV/NCC_arctic_a0131,"[34, 35, 5, 40, 4, 19, 4, 32, 36, 26, 43, 19, 19, 8, 30, 8, 40, 3, 19, 26, 8, 31, 12, 35, 39, 6, 27, 31, 21, 8, 30, 36, 38, 35, 4, 31]","[34, 35, 5, 40, 4, 19, 4, 32, 36, 26, 43, 19, 4, 19, 8, 30, 27, 40, 3, 19, 26, 8, 31, 12, 35, 39, 19, 27, 31, 21, 8, 41, 36, 38, 35, 4, 31]"
L2_arctic_WAV/NCC_arctic_a0134,"[26, 27, 33, 13, 18, 21, 8, 19, 6, 14, 34, 35, 7, 11, 3, 14, 40, 26, 3, 26, 43, 32, 19]","[26, 27, 10, 18, 21, 8, 19, 19, 14, 34, 35, 7, 11, 3, 14, 40, 26, 3, 26, 43, 32, 19]"
L2_arctic_WAV/NCC_arctic_a0136,"[4, 18, 16, 13, 38, 26, 8, 31, 7, 40, 35, 27, 41, 7, 35, 41, 3, 6, 4, 7, 40, 4, 19, 4, 32, 36, 4, 42, 4, 40, 30, 14, 25, 15, 3, 27, 43, 32, 19, 14, 40, 21, 8, 20]","[4, 18, 16, 13, 38, 26, 27, 9, 7, 40, 35, 27, 41, 7, 35, 41, 3, 19, 4, 7, 40, 4, 19, 4, 32, 36, 27, 36, 4, 40, 30, 14, 25, 11, 3, 27, 43, 32, 19, 14, 40, 30, 21, 8, 37]"
L2_arctic_WAV/NCC_arctic_a0137,"[6, 7, 32, 26, 27, 36, 38, 7, 34, 38, 18, 43, 29, 41, 8, 6, 4, 30, 33, 13, 29, 35, 16, 8, 14, 40, 34, 30, 7, 15, 3]","[19, 7, 32, 26, 27, 36, 38, 7, 34, 38, 4, 18, 43, 29, 41, 8, 19, 4, 30, 33, 13, 29, 35, 16, 8, 41, 14, 40, 34, 30, 7, 15, 3]"
L2_arctic_WAV/NCC_arctic_a0139,"[26, 27, 38, 33, 13, 30, 19, 26, 8, 31, 36, 7, 30, 24, 6, 43, 38, 43, 42, 26, 27, 41, 5, 11, 38, 26, 8, 31, 36, 7, 30, 24, 43, 32, 19, 25, 35, 39, 31, 19, 26, 8, 42, 19, 8, 11, 7, 40, 4, 30, 19, 29, 30, 33, 13, 6, 42]","[26, 27, 38, 33, 13, 41, 19, 26, 8, 31, 36, 7, 41, 24, 19, 43, 38, 43, 42, 26, 27, 41, 5, 11, 26, 27, 31, 36, 7, 30, 24, 43, 32, 19, 25, 35, 39, 31, 19, 26, 27, 36, 19, 8, 11, 21, 8, 40, 38, 29, 30, 33, 13, 38, 36]"
L2_arctic_WAV/ASI_arctic_a0003,"[24, 10, 35, 6, 14, 38, 41, 7, 32, 38, 27, 8, 12, 38, 16, 8, 31, 6, 43, 38, 27, 40, 32, 8, 9, 6, 4, 38, 39, 31, 7, 32, 11, 13, 29, 26, 43, 32, 42]","[24, 10, 35, 19, 14, 38, 41, 7, 32, 38, 27, 8, 38, 38, 16, 8, 31, 19, 43, 38, 27, 40, 32, 8, 9, 19, 4, 38, 39, 31, 7, 32, 11, 13, 29, 26, 5, 32, 36]"
L2_arctic_WAV/ASI_arctic_a0005,"[41, 8, 30, 41, 27, 7, 40, 3, 24, 10, 35, 25, 7, 38, 8, 38]","[41, 8, 30, 41, 27, 43, 41, 3, 24, 10, 35, 25, 7, 38, 8, 38]"
L2_arctic_WAV/ASI_arctic_a0006,"[25, 5, 19, 18, 30, 7, 36, 4, 31, 16, 8, 26, 33, 13, 34, 16, 8, 30, 25, 33, 13, 10, 32, 36, 27, 8, 9, 6, 4, 31, 24, 3, 7, 40, 3]","[25, 5, 19, 18, 30, 7, 36, 4, 31, 16, 8, 26, 33, 13, 34, 16, 8, 30, 25, 33, 13, 10, 32, 36, 27, 8, 9, 19, 4, 31, 24, 3, 7, 41, 3]"
L2_arctic_WAV/ASI_arctic_a0007,"[43, 32, 19, 28, 39, 10, 30, 41, 27, 42, 41, 5, 32, 38, 38, 39, 36, 27, 8, 38, 8, 32, 6, 4, 36, 13, 34, 3, 30, 4, 38, 8, 40, 19, 8, 25, 35, 27]","[43, 32, 19, 28, 39, 10, 30, 41, 27, 42, 41, 5, 32, 38, 38, 39, 36, 27, 8, 38, 8, 32, 19, 4, 36, 13, 34, 3, 30, 21, 8, 38, 8, 40, 19, 8, 25, 35, 27]"
L2_arctic_WAV/ASI_arctic_a0008,"[25, 43, 19, 28, 13, 35, 30, 7, 38, 3, 29, 21, 8, 31, 20, 14, 36, 38, 8, 32, 38, 16, 8, 31]","[25, 43, 19, 28, 13, 35, 30, 7, 38, 3, 29, 21, 8, 31, 20, 14, 36, 38, 8, 32, 38, 16, 8, 31]"
L2_arctic_WAV/ASI_arctic_a0010,"[16, 8, 31, 34, 30, 21, 8, 8, 9, 4, 36, 8, 9, 25, 4, 30, 26, 43, 32, 19, 8, 32, 41, 14, 38, 30, 13, 29, 36, 30, 16, 8, 29, 4, 30, 39, 42, 8, 9, 25, 21, 8, 31]","[16, 8, 31, 34, 30, 21, 8, 8, 9, 4, 36, 8, 9, 25, 4, 30, 26, 43, 32, 19, 8, 32, 41, 14, 38, 30, 13, 29, 36, 30, 16, 8, 29, 4, 30, 39, 42, 8, 9, 25, 21, 8, 31]"
L2_arctic_WAV/ASI_arctic_a0011,"[8, 24, 16, 8, 7, 40, 3, 32, 27, 19, 4, 19, 4, 24, 16, 8, 38, 3, 8, 32, 31, 16, 8, 30, 16, 8, 24, 16, 8, 32, 27, 19, 41, 14, 32, 32, 16, 13]","[8, 24, 16, 8, 43, 41, 3, 32, 27, 19, 4, 19, 4, 24, 16, 8, 38, 3, 8, 32, 31, 16, 8, 30, 16, 8, 24, 16, 8, 32, 27, 19, 41, 14, 32, 32, 16, 13]"
L2_arctic_WAV/ASI_arctic_a0013,"[26, 27, 41, 14, 42, 4, 26, 7, 19, 11, 10, 35, 38, 3, 6, 43, 32, 26, 8, 42, 29, 4, 31, 34, 43, 32, 28, 4, 32, 14, 40, 10, 30, 31, 33, 13, 36, 38, 19, 7, 30, 4, 29, 4, 38, 24, 4, 42, 27, 29]","[26, 27, 41, 14, 42, 4, 26, 7, 19, 11, 10, 35, 38, 3, 19, 43, 32, 26, 8, 36, 29, 4, 31, 34, 43, 32, 28, 4, 32, 10, 40, 10, 30, 31, 33, 13, 36, 38, 19, 7, 30, 4, 29, 4, 38, 24, 4, 36, 27, 29]"
L2_arctic_WAV/ASI_arctic_a0018,"[6, 7, 35, 41, 10, 42, 4, 37, 21, 8, 32, 20, 32, 16, 13]","[19, 7, 35, 41, 10, 42, 4, 37, 21, 8, 32, 20, 32, 16, 13]"
L2_arctic_WAV/ASI_arctic_a0019,"[16, 8, 24, 5, 30, 33, 13, 19, 6, 4, 30, 16, 8, 32, 14, 40, 6, 14, 34, 35, 4, 34, 33, 13, 42, 19, 35, 21, 8, 30, 35, 33, 13, 19, 30, 13, 29, 8, 9, 24, 35, 3, 37, 43, 32, 36, 8, 42]","[16, 8, 24, 5, 30, 33, 13, 19, 19, 4, 30, 16, 8, 32, 14, 40, 19, 14, 34, 35, 4, 34, 33, 13, 36, 19, 35, 21, 8, 35, 33, 13, 19, 30, 13, 29, 8, 9, 24, 35, 3, 37, 43, 32, 36, 8, 42]"
L2_arctic_WAV/ASI_arctic_a0020,"[29, 30, 14, 18, 42, 43, 32, 19, 18, 10, 30, 42, 43, 32, 19, 36, 8, 38, 27, 42, 25, 35, 39, 41, 38, 39, 18, 27, 33, 13, 32, 30, 27, 31, 7, 31, 3, 27, 42]","[29, 30, 14, 18, 42, 43, 32, 19, 18, 10, 30, 36, 43, 32, 19, 36, 8, 38, 27, 42, 25, 35, 27, 41, 38, 39, 18, 27, 33, 13, 32, 30, 27, 31, 7, 31, 3, 27, 36]"
L2_arctic_WAV/ASI_arctic_a0021,"[8, 38, 24, 7, 35, 30, 27, 29, 30, 14, 18, 19, 31, 27, 8, 32, 38, 39, 35, 7, 29, 4, 25, 32, 16, 8, 42, 8, 9, 8, 38]","[8, 38, 24, 7, 35, 30, 27, 29, 30, 5, 18, 19, 31, 27, 8, 32, 38, 39, 35, 7, 29, 4, 25, 32, 16, 8, 42, 8, 9, 8, 38]"
L2_arctic_WAV/ASI_arctic_a0022,"[26, 5, 35, 19, 30, 27, 41, 3, 16, 13, 35, 34, 30, 43, 32, 42, 31, 21, 8, 19, 34, 14, 18, 30, 8, 29, 18, 8, 24, 10, 35, 41, 27, 41, 3, 31, 7, 38, 18, 16, 8, 34, 16, 13, 3, 24, 4, 30, 5, 34, 4, 42, 8, 11, 4, 32]","[26, 5, 35, 19, 30, 27, 41, 3, 16, 13, 34, 30, 43, 32, 36, 31, 21, 8, 19, 34, 14, 18, 30, 8, 29, 18, 8, 24, 10, 35, 41, 27, 41, 3, 31, 7, 38, 18, 16, 8, 34, 16, 13, 3, 24, 4, 30, 5, 34, 4, 42, 8, 11, 4, 32]"
L2_arctic_WAV/ASI_arctic_a0023,"[4, 29, 5, 31, 18, 4, 32, 21, 8, 11, 4, 32, 14, 40, 29, 4, 32, 21, 8, 19, 27, 4, 32, 29, 43, 34, 4, 38, 4, 30, 29, 41, 8, 29, 30, 27, 10, 35, 25, 4, 32, 16, 8, 42, 19, 43, 32, 19, 34, 4, 38, 8, 11, 4, 32, 19, 24, 10, 35, 6, 4, 36, 21, 8, 31, 34, 35, 8, 40, 8, 30, 8, 20, 8, 42]","[4, 29, 10, 31, 18, 4, 32, 21, 8, 11, 4, 32, 10, 40, 29, 4, 32, 21, 8, 19, 27, 4, 32, 29, 5, 34, 4, 38, 4, 30, 29, 41, 8, 29, 30, 27, 10, 35, 25, 4, 32, 16, 8, 42, 19, 43, 32, 19, 18, 4, 38, 27, 11, 4, 32, 19, 24, 10, 35, 19, 4, 36, 21, 8, 31, 34, 35, 8, 41, 8, 30, 8, 20, 8, 36]"
L2_arctic_WAV/ASI_arctic_a0024,"[8, 38, 41, 14, 42, 31, 16, 8, 35, 8, 34, 10, 35, 38, 36, 24, 35, 14, 31, 6, 4, 32, 10, 35, 12, 41, 8, 37, 37, 27, 24, 30, 27, 8, 32, 19, 39, 36, 38, 34, 27, 34, 4, 30, 38, 39, 18, 16, 8]","[8, 38, 41, 14, 42, 31, 16, 8, 35, 8, 34, 10, 35, 38, 36, 24, 35, 14, 31, 19, 4, 32, 10, 35, 38, 41, 8, 37, 37, 27, 40, 30, 27, 8, 32, 19, 28, 39, 36, 38, 34, 27, 34, 4, 30, 38, 39, 18, 16, 8]"
L2_arctic_WAV/ASI_arctic_a0025,"[16, 8, 41, 14, 42, 4, 18, 16, 13, 38, 38, 4, 19, 39, 6, 8, 36, 41, 7, 32, 29, 39, 30, 3, 20, 14, 20, 31, 4, 32, 38, 34, 35, 8, 40, 21, 8, 30, 19]","[16, 8, 41, 14, 42, 4, 18, 10, 38, 38, 4, 19, 39, 19, 8, 36, 41, 7, 32, 29, 39, 30, 3, 20, 14, 15, 31, 4, 32, 38, 34, 35, 8, 41, 21, 8, 30, 19]"
L2_arctic_WAV/ASI_arctic_a0026,"[8, 38, 4, 29, 3, 19, 38, 39, 31, 27, 6, 43, 38, 6, 7, 35, 41, 13, 19, 26, 43, 40, 38, 39, 18, 27, 43, 32, 4, 29, 16, 13, 32, 38, 8, 9]","[8, 38, 4, 25, 3, 19, 38, 39, 31, 27, 19, 5, 38, 19, 7, 35, 41, 13, 19, 26, 43, 40, 38, 39, 18, 27, 43, 32, 4, 29, 10, 32, 38, 8, 9]"
L2_arctic_WAV/ASI_arctic_a0027,"[38, 39, 31, 16, 8, 36, 4, 34, 35, 16, 8, 42, 26, 27, 18, 8, 25, 43, 32, 38, 4, 11, 33, 13, 43, 29, 11, 4, 30, 8, 32, 12, 39, 42, 27, 43, 42, 4, 31, 8, 32, 31, 16, 8, 24, 21, 8, 40, 3]","[38, 39, 31, 16, 8, 36, 4, 34, 35, 16, 8, 42, 26, 27, 18, 8, 25, 43, 32, 38, 4, 11, 33, 13, 43, 29, 11, 4, 30, 8, 32, 38, 39, 42, 27, 43, 42, 4, 31, 8, 32, 31, 16, 8, 24, 21, 8, 41, 4]"
L2_arctic_WAV/ASI_arctic_a0028,"[35, 5, 18, 3, 27, 18, 35, 16, 8, 18, 3, 27, 24, 35, 10, 19]","[35, 10, 18, 3, 27, 18, 35, 16, 8, 18, 3, 27, 24, 35, 10, 19]"
L2_arctic_WAV/ASI_arctic_a0029,"[6, 7, 35, 24, 10, 35, 36, 8, 42, 41, 3, 10, 30, 35, 7, 19, 27, 31, 39, 40, 8, 9, 8, 32, 38, 39, 6, 4, 32, 10, 35, 12, 29, 14, 32, 38, 35, 27]","[19, 7, 35, 24, 10, 36, 8, 36, 41, 3, 10, 30, 35, 7, 19, 27, 31, 39, 41, 8, 9, 8, 32, 38, 39, 19, 4, 32, 10, 35, 38, 25, 14, 32, 38, 35, 27]"
L2_arctic_WAV/ASI_arctic_a0030,"[16, 8, 26, 43, 19, 24, 21, 8, 12, 8, 32, 6, 7, 31]","[16, 8, 26, 43, 19, 24, 21, 8, 38, 8, 32, 19, 7, 31]"
L2_arctic_WAV/ASI_arctic_a0031,"[6, 21, 8, 41, 3, 12, 35, 27, 26, 14, 32, 19, 35, 7, 19, 28, 5, 35, 19, 42, 4, 34, 5, 35, 38]","[19, 21, 8, 41, 4, 38, 35, 27, 26, 5, 32, 19, 35, 7, 19, 28, 5, 19, 36, 4, 34, 5, 38]"
L2_arctic_WAV/ASI_arctic_a0032,"[36, 8, 32, 36, 6, 7, 32, 36, 14, 31, 31, 8, 36, 38, 8, 35, 27, 4, 36, 24, 10, 35, 36, 26, 43, 42, 18, 8, 32, 24, 16, 8, 38, 8, 9, 14, 36, 43, 38, 7, 40, 35, 27, 36, 38, 7, 34]","[36, 8, 32, 36, 19, 7, 32, 36, 14, 31, 31, 8, 36, 38, 8, 35, 27, 4, 36, 24, 10, 35, 36, 26, 43, 42, 18, 27, 32, 24, 16, 8, 38, 8, 9, 14, 36, 43, 38, 7, 41, 35, 27, 36, 38, 7, 34]"
L2_arctic_WAV/ASI_arctic_a0036,"[11, 27, 38, 3, 32, 19, 8, 32, 43, 38, 6, 4, 26, 33, 13, 38, 7, 30]","[11, 27, 38, 3, 32, 19, 8, 32, 43, 38, 19, 4, 26, 33, 13, 38, 7, 30]"
L2_arctic_WAV/ASI_arctic_a0037,"[16, 8, 41, 14, 42, 6, 14, 33, 13, 32, 30, 27, 41, 14, 32, 26, 39, 35, 8, 31, 21, 8, 32, 19, 36, 8, 38, 8, 9]","[16, 8, 41, 14, 42, 19, 14, 33, 13, 32, 30, 27, 41, 5, 32, 26, 39, 35, 8, 31, 21, 8, 32, 19, 36, 27, 38, 8, 9]"
L2_arctic_WAV/ASI_arctic_a0038,"[41, 8, 30, 26, 43, 40, 38, 39, 41, 5, 37, 5, 35, 37, 43, 32, 36, 8, 42]","[41, 27, 30, 26, 43, 24, 38, 39, 41, 5, 37, 5, 37, 5, 32, 36, 8, 36]"
L2_arctic_WAV/ASI_arctic_a0039,"[6, 4, 11, 8, 34, 11, 13, 19, 18, 27, 8, 32, 41, 8, 6, 8, 32, 4, 41, 27, 29, 10, 35, 38, 7, 32, 19, 21, 8, 42]","[19, 4, 11, 8, 34, 11, 39, 19, 18, 27, 8, 32, 40, 8, 19, 8, 32, 4, 40, 27, 29, 10, 35, 38, 7, 32, 19, 21, 8, 36]"
L2_arctic_WAV/ASI_arctic_a0040,"[16, 8, 36, 4, 34, 33, 13, 42, 28, 39, 41, 14, 32, 19, 3, 41, 16, 8, 11, 27, 8, 42, 29, 14, 31, 8, 9, 14, 34, 26, 27, 35]","[16, 8, 36, 4, 18, 33, 13, 42, 28, 39, 41, 14, 32, 19, 3, 41, 16, 8, 11, 27, 27, 36, 25, 14, 31, 8, 9, 14, 34, 26, 27, 4]"
L2_arctic_WAV/ASI_arctic_a0041,"[31, 27, 32, 41, 16, 8, 30, 16, 8, 30, 25, 33, 13, 16, 13, 38, 38, 39, 18, 35, 27, 6, 4, 36, 34, 7, 30]","[31, 27, 32, 41, 16, 8, 30, 16, 8, 30, 25, 33, 13, 16, 13, 38, 38, 39, 18, 35, 7, 19, 4, 36, 34, 7, 30]"
L2_arctic_WAV/ASI_arctic_a0042,"[26, 16, 13, 29, 13, 19, 26, 27, 8, 29, 36, 34, 30, 21, 8, 32, 26, 8, 42, 34, 4, 42, 7, 11, 4, 32, 14, 40, 6, 4, 36, 29, 7, 37]","[26, 16, 13, 25, 13, 19, 26, 27, 8, 29, 36, 34, 30, 21, 8, 32, 26, 8, 36, 34, 4, 42, 7, 11, 4, 32, 10, 40, 19, 4, 36, 29, 7, 37]"
L2_arctic_WAV/ASI_arctic_a0045,"[26, 27, 31, 39, 40, 19, 4, 41, 21, 8, 43, 42, 29, 41, 16, 8, 4, 38, 30, 27, 43, 42, 26, 27, 26, 43, 19, 29, 14, 31]","[26, 27, 31, 39, 41, 19, 4, 41, 21, 8, 43, 36, 29, 41, 16, 8, 4, 38, 30, 27, 43, 42, 26, 27, 26, 43, 19, 25, 14, 31]"
L2_arctic_WAV/ASI_arctic_a0046,"[6, 4, 25, 3, 30, 24, 21, 8, 36, 38, 26, 8, 31, 26, 3, 16, 8, 42, 11, 16, 8, 32, 8, 9, 41, 8, 12, 36, 14, 19, 4, 32, 24, 8, 35]","[19, 4, 25, 4, 30, 24, 21, 8, 36, 38, 26, 8, 31, 26, 3, 16, 8, 42, 11, 16, 8, 32, 8, 9, 41, 8, 38, 36, 14, 19, 4, 32, 24, 8, 4]"
L2_arctic_WAV/ASI_arctic_a0047,"[29, 30, 33, 13, 36, 18, 8, 36, 16, 8, 19, 26, 8, 31, 25, 30, 27, 31, 19, 6, 14, 41, 16, 8, 38, 24, 43, 9, 42, 14, 40, 6, 4, 41, 13, 30, 24, 19, 10, 25]","[25, 30, 33, 13, 42, 18, 8, 36, 16, 8, 19, 26, 8, 31, 25, 30, 27, 31, 19, 19, 14, 41, 16, 8, 38, 24, 43, 9, 36, 14, 40, 19, 4, 41, 39, 30, 24, 19, 10, 29]"
L2_arctic_WAV/ASI_arctic_a0048,"[26, 27, 30, 13, 29, 38, 43, 38, 6, 4, 26, 43, 9, 29, 3, 37, 8, 24, 31, 10, 35, 29, 30, 33, 13, 36, 30, 27]","[26, 27, 30, 39, 29, 38, 43, 38, 19, 4, 26, 43, 9, 29, 3, 37, 8, 24, 31, 10, 35, 29, 30, 33, 13, 36, 30, 27]"
L2_arctic_WAV/ASI_arctic_a0051,"[6, 4, 30, 21, 8, 36, 41, 5, 42, 14, 40, 4, 19, 7, 30, 4, 29, 4, 38, 16, 8, 40, 3, 27, 29, 14, 30, 3, 24, 21, 8, 32, 38, 30, 27, 38, 8, 32, 38, 8, 19, 41, 8, 6, 28, 7, 30, 33, 13]","[19, 4, 30, 21, 8, 36, 41, 5, 36, 10, 40, 4, 19, 7, 30, 4, 29, 4, 38, 16, 8, 41, 3, 27, 25, 14, 30, 3, 24, 21, 8, 32, 38, 30, 27, 38, 8, 32, 38, 8, 19, 41, 8, 19, 28, 7, 30, 33, 13]"
L2_arctic_WAV/ASI_arctic_a0052,"[8, 38, 41, 14, 42, 4, 29, 28, 13, 35, 27, 4, 36, 29, 33, 13, 8, 32, 36, 8, 19, 4, 32, 36]","[8, 38, 41, 14, 42, 4, 29, 28, 13, 35, 27, 4, 36, 29, 33, 13, 8, 32, 36, 8, 19, 7, 32, 36]"
L2_arctic_WAV/ASI_arctic_a0053,"[36, 14, 19, 4, 32, 30, 27, 26, 8, 42, 24, 8, 9, 25, 3, 42, 29, 30, 33, 13, 42, 19, 38, 16, 8, 38, 30, 27, 33, 13, 40, 3, 6, 4, 26, 43, 9, 29, 3, 37, 8, 24]","[36, 5, 19, 4, 32, 30, 27, 26, 27, 36, 24, 27, 9, 25, 3, 36, 29, 30, 33, 13, 36, 38, 38, 16, 8, 38, 30, 27, 33, 13, 41, 4, 19, 4, 26, 43, 9, 29, 3, 37, 8, 24]"
L2_arctic_WAV/ASI_arctic_a0054,"[6, 7, 35, 41, 5, 42, 32, 14, 12, 8, 9, 10, 32, 6, 4, 35, 5, 29]","[19, 7, 35, 41, 5, 42, 32, 14, 38, 8, 9, 10, 32, 19, 4, 35, 5, 29]"
L2_arctic_WAV/ASI_arctic_a0058,"[16, 8, 29, 21, 8, 31, 24, 10, 35, 8, 32, 24, 10, 35, 31, 21, 8, 11, 4, 32, 31, 10, 35, 16, 13, 38, 14, 40, 29, 28, 13, 35, 27, 5, 36, 4, 38, 27, 6, 4, 32, 7, 32, 27, 12, 8, 9, 7, 30, 36]","[16, 8, 25, 21, 8, 31, 24, 10, 35, 8, 32, 24, 10, 31, 21, 8, 11, 4, 32, 31, 10, 35, 16, 13, 38, 10, 40, 29, 28, 13, 35, 27, 5, 36, 4, 38, 27, 19, 4, 32, 7, 32, 27, 38, 8, 9, 7, 30, 36]"
L2_arctic_WAV/ASI_arctic_a0059,"[26, 8, 42, 8, 31, 43, 29, 28, 39, 30, 8, 38, 4, 34, 8, 35, 4, 32, 36, 41, 4, 42, 25, 10, 32]","[26, 27, 42, 8, 31, 43, 29, 28, 39, 30, 8, 38, 4, 18, 8, 35, 4, 32, 36, 41, 4, 42, 25, 10, 32]"
L2_arctic_WAV/ASI_arctic_a0060,"[7, 32, 27, 41, 21, 8, 32, 33, 13, 41, 14, 32, 36, 10, 26, 3, 30, 16, 8, 29, 6, 43, 38]","[7, 32, 27, 41, 21, 8, 32, 33, 13, 41, 14, 32, 36, 10, 26, 4, 30, 16, 8, 29, 19, 43, 38]"
L2_arctic_WAV/ASI_arctic_a0062,"[6, 4, 31, 7, 32, 36, 38, 7, 35, 19, 8, 32, 38, 39, 27, 37, 14, 6, 3, 42, 24, 21, 8, 36]","[19, 4, 31, 7, 32, 36, 38, 7, 19, 8, 32, 38, 39, 27, 37, 14, 6, 4, 36, 24, 21, 8, 36]"
L2_arctic_WAV/ASI_arctic_a0063,"[28, 7, 36, 8, 38, 41, 14, 42, 4, 31, 43, 32, 26, 39, 43, 36, 38, 4, 36, 38, 35, 21, 8, 32, 20, 3]","[28, 7, 36, 8, 38, 41, 14, 42, 4, 31, 43, 32, 26, 39, 5, 36, 38, 4, 36, 38, 35, 21, 8, 32, 20, 4]"
L2_arctic_WAV/ASI_arctic_a0064,"[6, 4, 24, 10, 35, 12, 4, 32, 19, 24, 8, 12, 19, 21, 8, 42, 34, 43, 36, 38, 41, 8, 6, 16, 13, 38, 7, 32, 27, 19, 8, 40, 7, 30, 4, 34, 31, 4, 32, 38, 36]","[19, 4, 24, 10, 38, 4, 32, 19, 24, 8, 24, 19, 21, 8, 36, 18, 5, 36, 38, 41, 8, 19, 16, 13, 38, 7, 32, 27, 19, 7, 41, 7, 30, 10, 34, 31, 4, 32, 38, 36]"
L2_arctic_WAV/ASI_arctic_a0065,"[6, 21, 8, 29, 30, 33, 13, 42, 19, 32, 16, 13, 4, 32, 38, 8, 30, 26, 8, 42, 24, 8, 9, 25, 3, 42, 41, 3, 30, 16, 8, 29, 29, 10, 35, 19, 42, 14, 40, 36, 38, 27, 30]","[19, 21, 8, 25, 30, 33, 13, 42, 19, 32, 16, 13, 4, 32, 38, 8, 30, 8, 36, 24, 8, 9, 25, 4, 42, 41, 4, 30, 16, 8, 29, 29, 10, 35, 19, 36, 10, 40, 36, 38, 27, 30]"
L2_arctic_WAV/ASI_arctic_a0067,"[11, 13, 35, 30, 27, 16, 8, 41, 4, 30, 8, 29, 36, 29, 28, 39, 42, 28, 39, 11, 27, 29, 35, 16, 8, 19]","[11, 33, 13, 35, 30, 27, 16, 8, 41, 27, 30, 8, 29, 36, 29, 28, 39, 42, 28, 39, 11, 27, 29, 35, 16, 8, 19]"
L2_arctic_WAV/ASI_arctic_a0071,"[41, 14, 38, 41, 14, 42, 6, 14, 5, 18, 20, 7, 29, 38, 14, 40, 28, 13, 35, 30, 8, 38, 4, 30, 36, 7, 32, 36, 21, 8, 11, 4, 32]","[41, 14, 38, 41, 14, 42, 19, 14, 5, 18, 20, 7, 29, 38, 10, 40, 28, 13, 35, 30, 8, 38, 4, 30, 36, 7, 32, 36, 21, 8, 11, 4, 32]"
L2_arctic_WAV/ASI_arctic_a0073,"[6, 14, 34, 35, 4, 31, 33, 13, 38, 3, 42, 16, 8, 42, 41, 3, 26, 7, 40, 27, 41, 8, 6, 30, 8, 38, 4, 30, 34, 14, 24, 27, 18, 43, 25, 42, 14, 32, 19, 3, 6, 7, 31]","[19, 14, 34, 35, 4, 31, 33, 13, 38, 4, 36, 16, 8, 42, 41, 4, 26, 7, 41, 27, 41, 27, 19, 30, 27, 38, 4, 30, 18, 5, 24, 27, 18, 43, 25, 36, 5, 32, 19, 4, 19, 7, 31]"
L2_arctic_WAV/ASI_arctic_a0075,"[6, 7, 35, 26, 43, 42, 18, 8, 32, 4, 37, 21, 8, 32, 20, 11, 27, 8, 32, 38, 3, 14, 34, 38, 8, 19, 26, 8, 31]","[19, 7, 35, 26, 5, 42, 18, 27, 32, 4, 37, 21, 8, 32, 20, 11, 27, 8, 32, 38, 3, 14, 34, 38, 8, 19, 26, 8, 31]"
L2_arctic_WAV/ASI_arctic_a0076,"[6, 4, 25, 35, 21, 8, 16, 8, 42, 24, 5, 30, 38, 3, 19, 6, 4, 24, 30, 14, 11, 19, 27, 34, 4, 32, 19]","[19, 4, 25, 35, 21, 8, 16, 8, 36, 24, 5, 30, 38, 3, 19, 19, 4, 24, 30, 14, 11, 19, 27, 34, 4, 32, 19]"
L2_arctic_WAV/ASI_arctic_a0077,"[8, 38, 8, 42, 6, 14, 24, 16, 8, 35, 34, 5, 35, 38, 30, 27, 11, 27, 36, 7, 19]","[8, 38, 8, 42, 6, 14, 24, 16, 8, 35, 34, 5, 35, 38, 30, 27, 11, 27, 36, 7, 19]"
L2_arctic_WAV/ASI_arctic_a0078,"[6, 7, 32, 43, 32, 19, 43, 38, 36, 14, 34, 3, 26, 27, 38, 35, 16, 8, 19, 38, 39, 24, 43, 6, 4, 31, 26, 3]","[6, 7, 32, 43, 19, 14, 36, 14, 34, 3, 26, 27, 38, 35, 16, 8, 38, 39, 24, 43, 6, 4, 31, 26, 4]"
L2_arctic_WAV/ASI_arctic_a0079,"[8, 38, 41, 4, 42, 4, 30, 5, 35, 20, 29, 4, 32, 39]","[8, 38, 41, 4, 42, 4, 30, 5, 37, 29, 4, 32, 39, 8]"
L2_arctic_WAV/ASI_arctic_a0081,"[26, 41, 14, 38, 8, 24, 11, 27, 19, 8, 19, 32, 5, 38, 29, 14, 31, 38, 39, 6, 4, 35, 5, 29]","[26, 41, 14, 38, 8, 24, 11, 27, 19, 8, 19, 32, 10, 38, 29, 14, 31, 38, 39, 6, 4, 35, 10, 29]"
L2_arctic_WAV/ASI_arctic_a0082,"[26, 8, 42, 24, 21, 8, 36, 41, 14, 42, 36, 38, 35, 27, 31, 8, 9, 41, 8, 6, 18, 30, 14, 19]","[26, 8, 36, 24, 7, 36, 41, 14, 36, 36, 38, 35, 27, 31, 8, 9, 41, 8, 6, 18, 30, 14, 19]"
L2_arctic_WAV/ASI_arctic_a0085,"[4, 38, 35, 8, 29, 4, 30, 14, 40, 24, 35, 7, 11, 18, 30, 14, 19, 35, 43, 32, 33, 13, 40, 3, 26, 8, 42, 24, 21, 8, 36]","[4, 38, 35, 8, 25, 4, 30, 14, 24, 24, 35, 7, 11, 18, 30, 14, 19, 35, 43, 32, 33, 13, 40, 4, 26, 8, 42, 24, 21, 8, 36]"
L2_arctic_WAV/ASI_arctic_a0086,"[19, 7, 12, 26, 43, 19, 29, 14, 31, 41, 8, 12, 38, 7, 35, 4, 18, 4, 30, 36, 14, 19, 4, 32, 32, 4, 36]","[19, 7, 12, 26, 43, 19, 29, 14, 31, 41, 8, 38, 7, 35, 4, 18, 4, 30, 36, 14, 19, 4, 32, 32, 4, 36]"
L2_arctic_WAV/ASI_arctic_a0088,"[26, 27, 31, 21, 8, 19, 11, 13, 35, 6, 43, 38, 6, 4, 31, 43, 25, 4, 42, 27, 32, 41, 14, 42, 30, 33, 13, 19, 4, 19, 43, 32, 19, 35, 8, 42, 39, 31, 19, 26, 8, 42, 34, 43, 19, 30, 8, 9]","[26, 27, 31, 7, 23, 11, 13, 6, 43, 6, 4, 31, 43, 25, 4, 42, 27, 32, 41, 14, 42, 30, 10, 19, 4, 19, 43, 32, 35, 8, 42, 28, 39, 31, 19, 26, 8, 42, 34, 43, 19, 30, 8, 9]"
L2_arctic_WAV/ASI_arctic_a0089,"[6, 4, 32, 16, 8, 38, 25, 30, 33, 13, 41, 14, 42, 38, 35, 7, 37, 3, 4, 36, 38, 39, 11, 39, 38, 18, 16, 8]","[6, 4, 32, 16, 8, 25, 30, 10, 41, 14, 36, 38, 35, 7, 37, 4, 35, 8, 4, 36, 38, 39, 11, 39, 18, 16, 8]"
L2_arctic_WAV/ASI_arctic_a0090,"[6, 4, 36, 8, 9, 8, 9, 40, 10, 8, 36, 4, 34, 35, 33, 13, 37, 38, 35, 43, 34, 4, 19, 30, 27]","[6, 4, 36, 8, 9, 8, 9, 41, 10, 8, 36, 4, 34, 35, 10, 37, 38, 35, 43, 34, 4, 19, 30, 27]"
L2_arctic_WAV/ASI_arctic_a0091,"[26, 8, 42, 18, 30, 14, 19, 25, 35, 39, 26, 5, 38, 41, 8, 12, 35, 21, 8, 20, 43, 38, 6, 4, 12, 10, 38]","[26, 8, 42, 18, 30, 14, 19, 29, 35, 39, 26, 10, 38, 41, 8, 12, 35, 7, 37, 43, 6, 4, 38, 10, 38]"
L2_arctic_WAV/ASI_arctic_a0092,"[26, 27, 41, 7, 32, 38, 19, 16, 13, 32, 8, 32, 31, 8, 19, 36, 38, 35, 27, 31, 36, 3, 37, 8, 9, 6, 4, 11, 43, 19, 33, 13, 42, 14, 40, 18, 33, 13, 12, 11, 10, 35, 42]","[26, 27, 41, 7, 32, 19, 16, 13, 32, 8, 32, 31, 8, 19, 36, 38, 35, 27, 31, 36, 4, 37, 8, 9, 6, 4, 11, 43, 19, 13, 42, 14, 40, 18, 10, 23, 11, 10, 35, 36]"
L2_arctic_WAV/ASI_arctic_a0093,"[24, 35, 3, 4, 24, 13, 30, 31, 16, 8, 32, 39, 38, 26, 27, 29, 35, 16, 13, 37, 38, 43, 32, 19, 30, 8, 36, 4, 32, 19]","[24, 4, 35, 4, 24, 13, 30, 31, 14, 32, 8, 38, 26, 27, 29, 35, 16, 13, 37, 38, 43, 32, 30, 8, 36, 4, 32, 19]"
L2_arctic_WAV/ASI_arctic_a0094,"[26, 27, 26, 43, 19, 18, 7, 35, 30, 27, 7, 32, 38, 3, 19, 6, 8, 36, 41, 8, 32, 26, 27, 36, 10, 6, 4, 25, 30, 33, 13, 14, 40, 4, 24, 16, 8, 35]","[26, 27, 43, 18, 7, 35, 30, 27, 7, 32, 19, 3, 23, 6, 8, 36, 41, 8, 32, 26, 27, 36, 10, 6, 4, 25, 30, 10, 14, 24, 4, 24, 16, 8, 35]"
L2_arctic_WAV/ASI_arctic_a0095,"[4, 18, 8, 25, 29, 43, 32, 40, 4, 36, 38, 7, 32, 38, 41, 10, 42, 6, 14, 24, 3, 36, 38, 12, 8, 9, 38, 39, 29, 14, 31, 41, 8, 6, 8, 32, 26, 8, 42, 40, 8, 15, 4, 32]","[4, 18, 8, 29, 43, 32, 40, 4, 36, 38, 7, 32, 41, 10, 42, 6, 14, 24, 4, 36, 12, 8, 9, 19, 39, 29, 14, 31, 41, 8, 6, 8, 32, 26, 8, 42, 40, 8, 11, 4, 32]"
L2_arctic_WAV/ASI_arctic_a0096,"[34, 3, 26, 43, 34, 36, 11, 27, 26, 43, 19, 10, 35, 7, 19, 27, 31, 7, 38, 26, 26, 3, 24, 21, 8, 38, 4, 30, 8, 38, 4, 30, 19, 27, 34, 3, 8, 32, 6, 4, 24, 10, 35, 4, 36, 38]","[34, 4, 35, 26, 43, 34, 36, 11, 27, 43, 19, 10, 30, 35, 7, 19, 27, 31, 7, 38, 26, 4, 35, 24, 21, 8, 38, 4, 30, 8, 38, 4, 30, 19, 27, 34, 4, 8, 32, 6, 4, 24, 10, 35, 4, 36, 38]"
L2_arctic_WAV/ASI_arctic_a0097,"[6, 7, 32, 28, 39, 29, 4, 32, 3, 21, 8, 32, 20, 28, 3, 36, 7, 30, 24, 29, 14, 31, 24, 3, 38, 4, 18, 30, 27, 4, 31, 14, 9, 6, 27, 42, 35, 33, 13, 18, 42, 8, 32, 6, 4, 18, 33, 13]","[19, 7, 32, 28, 39, 29, 4, 32, 4, 21, 8, 32, 15, 28, 4, 36, 7, 30, 24, 29, 14, 31, 24, 3, 19, 7, 18, 30, 27, 4, 31, 14, 9, 6, 27, 36, 35, 10, 18, 42, 8, 32, 6, 4, 18, 33, 13]"
L2_arctic_WAV/ASI_arctic_a0098,"[11, 43, 30, 16, 8, 29, 43, 35, 27, 28, 39]","[11, 43, 30, 16, 8, 29, 43, 35, 27, 28, 39]"
L2_arctic_WAV/ASI_arctic_a0099,"[4, 31, 43, 19, 32, 8, 9, 20, 10, 8, 34, 16, 13, 32, 19, 8, 19, 8, 32, 26, 8, 42, 18, 35, 21, 8, 32]","[4, 31, 5, 23, 32, 8, 9, 20, 10, 8, 34, 16, 13, 32, 19, 8, 19, 8, 32, 8, 42, 18, 35, 21, 8, 32]"
L2_arctic_WAV/ASI_arctic_a0100,"[28, 39, 31, 14, 36, 38, 36, 30, 27, 34, 26, 27, 3, 20, 19]","[28, 39, 31, 14, 36, 36, 30, 27, 34, 26, 27, 4, 37, 38]"
L2_arctic_WAV/ASI_arctic_a0101,"[28, 39, 28, 39, 41, 13, 19, 32, 5, 38, 29, 27, 34, 6, 4, 38, 35, 39, 12, 24, 35, 14, 31, 31, 27]","[28, 39, 28, 39, 41, 13, 19, 32, 5, 38, 29, 27, 34, 6, 4, 38, 35, 39, 38, 24, 35, 14, 31, 31, 27]"
L2_arctic_WAV/ASI_arctic_a0102,"[26, 27, 41, 8, 30, 24, 5, 30, 33, 13, 14, 36, 36, 39, 32]","[26, 27, 41, 8, 30, 24, 5, 30, 10, 14, 36, 36, 39, 32]"
L2_arctic_WAV/ASI_arctic_a0103,"[18, 14, 38, 6, 7, 35, 29, 21, 8, 31, 32, 33, 13, 34, 35, 5, 31, 4, 36, 24, 3, 31, 6, 14, 18, 33, 13, 14, 40, 6, 4, 29, 4, 32, 39]","[18, 14, 19, 7, 35, 29, 7, 31, 32, 10, 34, 35, 5, 31, 4, 36, 24, 35, 4, 31, 19, 14, 18, 10, 14, 40, 6, 4, 29, 7, 32, 13]"
L2_arctic_WAV/ASI_arctic_a0104,"[11, 27, 41, 14, 42, 36, 30, 27, 34, 8, 9, 14, 32, 19, 3, 26, 8, 42, 34, 3, 38, 7, 29, 11, 4, 32, 43, 42, 36, 41, 27, 38, 30, 27, 43, 42, 4, 37, 16, 8, 30, 19]","[11, 27, 41, 14, 36, 36, 30, 27, 34, 8, 9, 14, 32, 19, 4, 26, 8, 36, 34, 3, 38, 7, 29, 11, 4, 32, 43, 36, 36, 41, 27, 38, 30, 27, 43, 42, 4, 37, 16, 8, 30, 19]"
L2_arctic_WAV/ASI_arctic_a0105,"[33, 13, 32, 30, 27, 8, 38, 8, 42, 36, 33, 13, 41, 14, 32, 19, 3, 24, 4, 30, 36, 33, 13, 10, 30, 31, 33, 13, 36, 38, 8, 31, 34, 5, 36, 4, 18, 4, 30, 38, 39, 18, 8, 30, 27, 40]","[10, 32, 30, 27, 8, 19, 8, 36, 36, 33, 13, 41, 14, 32, 19, 4, 24, 4, 30, 36, 10, 10, 30, 31, 10, 36, 38, 8, 31, 34, 5, 36, 4, 18, 4, 30, 38, 39, 18, 8, 30, 27, 24]"
L2_arctic_WAV/ASI_arctic_a0106,"[6, 4, 8, 31, 33, 13, 11, 4, 32, 41, 8, 37, 11, 27, 26, 43, 19, 36, 4, 34, 35, 7, 36, 38, 18, 3, 36, 38, 24, 10, 35, 12, 32, 16, 13, 8, 32, 4, 37, 33, 13, 29, 8, 9, 36, 5, 18]","[6, 4, 8, 31, 10, 11, 4, 32, 41, 8, 37, 11, 27, 26, 43, 36, 4, 34, 35, 7, 36, 38, 18, 4, 36, 38, 24, 10, 35, 12, 32, 16, 13, 8, 32, 4, 37, 10, 29, 8, 9, 36, 10, 18]"
L2_arctic_WAV/ASI_arctic_a0107,"[8, 24, 28, 39, 33, 13, 32, 30, 27, 29, 13, 19, 32, 33, 13, 26, 16, 13, 16, 8, 12, 43, 9, 29, 28, 39]","[8, 24, 28, 39, 10, 32, 30, 27, 29, 13, 32, 10, 26, 16, 13, 16, 8, 12, 43, 9, 29, 28, 39]"
L2_arctic_WAV/ASI_arctic_a0108,"[26, 27, 41, 21, 8, 19, 8, 19, 8, 32, 38, 39, 6, 27, 7, 20, 14, 40, 6, 4, 41, 10, 38, 3, 4, 32, 19, 18, 8, 25, 43, 32, 36, 29, 35, 14, 18, 8, 9, 26, 8, 31, 36, 7, 30, 24]","[26, 27, 41, 21, 8, 19, 8, 19, 8, 32, 38, 39, 6, 27, 7, 37, 14, 40, 6, 4, 41, 10, 19, 35, 4, 32, 18, 8, 25, 43, 32, 36, 29, 35, 14, 18, 8, 9, 26, 8, 31, 36, 7, 30, 24]"
L2_arctic_WAV/ASI_arctic_a0109,"[19, 39, 28, 39, 32, 33, 13, 6, 43, 38, 28, 39, 3, 11, 21, 8, 29, 8, 9, 31, 16, 8, 29, 5, 32, 24, 4, 19, 4, 32, 36, 8, 32, 28, 39]","[19, 39, 28, 39, 32, 10, 19, 43, 38, 28, 39, 4, 11, 7, 29, 8, 9, 31, 14, 29, 5, 32, 24, 4, 19, 4, 32, 36, 8, 32, 28, 39]"
L2_arctic_WAV/ASI_arctic_a0111,"[8, 32, 36, 38, 7, 19, 26, 27, 20, 10, 8, 32, 19, 26, 3, 43, 32, 19, 6, 21, 8, 21, 8, 38, 30, 16, 8, 29, 38, 39, 26, 14, 9, 25, 35, 27, 37, 8, 30, 19, 35, 4, 32]","[8, 32, 36, 38, 7, 26, 27, 20, 10, 8, 32, 19, 26, 4, 43, 32, 19, 7, 7, 19, 30, 16, 8, 38, 39, 26, 14, 9, 25, 35, 27, 37, 8, 30, 19, 35, 4, 32]"
L2_arctic_WAV/ASI_arctic_a0112,"[26, 27, 41, 14, 42, 41, 39, 32, 19, 4, 19, 8, 32, 6, 14, 5, 35, 31]","[26, 27, 41, 14, 42, 41, 39, 32, 19, 4, 19, 8, 32, 6, 14, 5, 31]"
L2_arctic_WAV/ASI_arctic_a0113,"[16, 8, 36, 4, 34, 33, 13, 42, 28, 39, 34, 8, 29, 38, 6, 43, 38, 30, 8, 9, 25, 33, 13, 14, 34, 4, 31, 14, 9, 6, 4, 8, 32, 19, 27, 4, 32, 42]","[16, 8, 36, 4, 34, 10, 42, 28, 39, 34, 8, 25, 19, 43, 38, 30, 8, 9, 25, 10, 14, 34, 4, 31, 14, 9, 6, 4, 8, 32, 19, 27, 4, 32, 36]"
L2_arctic_WAV/ASI_arctic_a0115,"[26, 27, 26, 43, 19, 32, 33, 13, 8, 29, 36, 29, 28, 39, 42, 24, 10, 35, 6, 4, 24, 27, 30, 8, 9, 42, 41, 8, 37, 41, 3, 3, 16, 13, 42, 19, 8, 32, 26, 8, 31]","[26, 27, 43, 32, 10, 7, 29, 36, 29, 28, 39, 36, 24, 10, 6, 4, 24, 27, 30, 8, 9, 36, 41, 8, 37, 41, 3, 3, 16, 13, 42, 19, 8, 32, 26, 8, 31]"
L2_arctic_WAV/ASI_arctic_a0116,"[41, 10, 42, 8, 38, 6, 14, 35, 5, 32, 19, 8, 40, 39, 14, 40, 6, 33, 13, 42, 26, 39, 41, 3, 36, 38, 35, 16, 8, 40, 8, 9, 38, 4, 41, 3, 29, 26, 8, 42, 35, 39, 8, 32]","[41, 10, 42, 8, 19, 14, 35, 7, 32, 19, 7, 40, 13, 36, 14, 40, 6, 10, 42, 26, 39, 41, 4, 36, 38, 35, 16, 8, 40, 8, 9, 38, 4, 41, 4, 29, 26, 8, 36, 35, 39, 8, 32]"
L2_arctic_WAV/ASI_arctic_a0117,"[11, 27, 43, 19, 8, 19, 41, 8, 6, 20, 7, 32, 28, 4, 41, 4, 32, 36, 8, 31, 34, 4, 12, 27, 8, 32, 26, 3, 24, 21, 8, 36, 4, 32, 19, 40, 10, 8, 36]","[11, 27, 43, 19, 8, 19, 41, 8, 20, 7, 32, 28, 4, 41, 4, 32, 36, 8, 31, 34, 4, 38, 27, 8, 32, 4, 24, 7, 36, 4, 32, 41, 10, 8, 36]"
L2_arctic_WAV/ASI_arctic_a0120,"[31, 16, 8, 35, 16, 8, 38, 24, 13, 38, 24, 27, 30, 42, 30, 16, 8, 29, 6, 43, 38, 14, 40, 4, 37, 16, 8, 32, 27, 42, 19, 7, 18, 28, 4, 38, 5, 32, 38]","[31, 16, 8, 35, 16, 8, 38, 24, 13, 38, 24, 27, 30, 36, 30, 16, 8, 6, 43, 23, 14, 24, 4, 37, 16, 8, 32, 27, 36, 19, 7, 18, 28, 13, 38, 5, 32, 38]"
L2_arctic_WAV/ASI_arctic_a0121,"[6, 21, 8, 21, 8, 38, 19, 8, 32, 3, 43, 38, 6, 4, 24, 8, 24, 12, 43, 32, 19, 35, 7, 36, 38, 4, 19, 24, 10, 35, 38, 39, 16, 13, 3, 42]","[6, 7, 7, 19, 8, 32, 3, 35, 43, 6, 4, 24, 8, 24, 38, 43, 32, 19, 35, 7, 36, 38, 4, 19, 24, 10, 35, 38, 39, 41, 5, 35, 36]"
L2_arctic_WAV/ASI_arctic_a0122,"[38, 39, 28, 8, 35, 42, 4, 25, 33, 13, 16, 8, 25, 21, 8, 40, 14, 34, 36, 8, 40, 4, 30, 8, 42, 21, 8, 11, 4, 32, 24, 10, 35, 6, 8, 36]","[38, 39, 28, 8, 35, 42, 4, 25, 10, 16, 8, 25, 7, 40, 14, 34, 36, 8, 40, 4, 30, 16, 8, 42, 21, 8, 11, 4, 32, 24, 10, 35, 6, 8, 36]"
L2_arctic_WAV/ASI_arctic_a0123,"[11, 27, 26, 43, 19, 19, 16, 8, 19, 24, 35, 14, 31, 29, 33, 13, 30, 19, 43, 32, 19, 36, 38, 5, 35, 40, 21, 8, 11, 4, 32]","[11, 27, 26, 43, 19, 16, 8, 24, 35, 14, 31, 29, 10, 30, 19, 43, 32, 36, 38, 5, 35, 40, 21, 8, 11, 4, 32]"
L2_arctic_WAV/ASI_arctic_a0125,"[26, 27, 41, 14, 42, 19, 8, 38, 3, 31, 4, 32, 19, 32, 16, 13, 38, 4, 31, 21, 8, 32, 38, 21, 8, 32, 4, 31, 10, 35, 36, 3, 38, 4, 32, 26, 33, 13, 30, 19, 4, 34, 5, 32, 26, 8, 31, 36, 7, 30, 24]","[26, 27, 41, 14, 42, 19, 8, 38, 4, 31, 4, 32, 32, 16, 13, 38, 13, 31, 21, 8, 32, 38, 7, 32, 4, 31, 10, 35, 36, 3, 38, 4, 32, 26, 10, 30, 19, 4, 34, 5, 32, 26, 8, 31, 36, 7, 30, 24]"
L2_arctic_WAV/ASI_arctic_a0126,"[27, 37, 19, 21, 8, 11, 27, 18, 27, 29, 21, 8, 31, 4, 31, 10, 35, 40, 16, 8, 38, 4, 30, 34, 5, 35, 38, 14, 40, 26, 8, 31]","[27, 37, 19, 7, 11, 27, 18, 27, 29, 7, 31, 4, 31, 10, 35, 40, 16, 8, 38, 4, 30, 34, 5, 35, 38, 14, 24, 26, 8, 31]"
L2_arctic_WAV/ASI_arctic_a0127,"[8, 38, 41, 14, 42, 4, 38, 7, 31, 38, 21, 8, 11, 4, 32, 18, 14, 38, 26, 27, 35, 8, 42, 8, 36, 38, 8, 19, 8, 38]","[8, 19, 41, 14, 42, 4, 38, 7, 31, 38, 7, 11, 4, 32, 18, 14, 38, 26, 27, 35, 8, 42, 8, 36, 38, 8, 19, 8, 38]"
L2_arctic_WAV/ASI_arctic_a0128,"[6, 8, 36, 41, 14, 32, 26, 33, 13, 34, 41, 10, 42, 19, 8, 36, 38, 35, 10, 8, 19, 43, 42, 29, 41, 8, 29, 30, 27, 43, 42, 8, 38, 41, 4, 42, 18, 10, 35, 32]","[19, 8, 36, 41, 14, 32, 26, 10, 34, 41, 10, 42, 19, 8, 36, 38, 35, 10, 8, 19, 43, 36, 29, 41, 8, 29, 30, 27, 43, 42, 8, 38, 41, 4, 42, 18, 10, 32]"
L2_arctic_WAV/ASI_arctic_a0129,"[26, 3, 24, 21, 8, 36, 41, 10, 42, 4, 25, 21, 8, 32, 36, 38, 26, 8, 42, 18, 35, 7, 36, 38]","[26, 3, 35, 24, 7, 36, 41, 10, 36, 4, 25, 7, 32, 36, 38, 26, 8, 42, 18, 35, 7, 36, 38]"
L2_arctic_WAV/ASI_arctic_a0130,"[11, 27, 41, 5, 42, 26, 8, 42, 32, 16, 13, 24, 3, 7, 40, 3]","[11, 27, 41, 5, 42, 8, 42, 32, 16, 13, 24, 10, 35, 7, 40, 3]"
L2_arctic_WAV/ASI_arctic_a0131,"[34, 35, 5, 40, 4, 19, 4, 32, 36, 26, 43, 19, 19, 8, 30, 8, 40, 3, 19, 26, 8, 31, 12, 35, 39, 6, 14, 31, 21, 8, 30, 36, 38, 35, 4, 31]","[34, 35, 10, 41, 8, 19, 4, 32, 36, 43, 19, 8, 30, 8, 40, 3, 26, 8, 31, 38, 35, 39, 6, 14, 31, 7, 30, 36, 38, 4, 31]"
L2_arctic_WAV/ASI_arctic_a0134,"[26, 27, 33, 13, 18, 21, 8, 19, 6, 14, 34, 35, 7, 11, 3, 14, 40, 26, 3, 26, 43, 32, 19]","[26, 27, 10, 18, 21, 8, 19, 6, 14, 34, 35, 7, 11, 3, 14, 24, 4, 35, 26, 43, 32, 19]"
L2_arctic_WAV/ASI_arctic_a0136,"[4, 18, 16, 13, 38, 26, 8, 31, 7, 40, 35, 27, 41, 7, 35, 41, 3, 6, 4, 7, 40, 4, 19, 4, 32, 36, 4, 42, 14, 40, 30, 14, 25, 15, 3, 27, 43, 32, 19, 14, 40, 21, 8, 20]","[4, 18, 16, 13, 38, 26, 8, 31, 7, 40, 35, 27, 41, 7, 41, 3, 6, 4, 7, 41, 4, 19, 4, 32, 36, 4, 42, 14, 40, 30, 14, 25, 15, 4, 35, 27, 43, 32, 19, 14, 24, 7, 37]"
L2_arctic_WAV/ASI_arctic_a0137,"[6, 7, 32, 26, 27, 36, 38, 7, 34, 38, 18, 43, 29, 41, 8, 6, 4, 30, 33, 13, 29, 35, 16, 8, 14, 40, 34, 30, 7, 15, 3]","[6, 7, 32, 27, 36, 38, 7, 34, 18, 43, 41, 8, 19, 4, 30, 10, 29, 35, 16, 8, 14, 24, 34, 30, 7, 15, 4]"
L2_arctic_WAV/ASI_arctic_a0139,"[26, 27, 38, 33, 13, 30, 19, 26, 8, 31, 36, 7, 30, 24, 6, 43, 38, 7, 42, 26, 27, 41, 5, 11, 38, 26, 8, 31, 36, 7, 30, 24, 43, 32, 19, 25, 35, 39, 31, 19, 26, 8, 42, 19, 8, 11, 7, 40, 4, 30, 19, 29, 30, 33, 13, 6, 42]","[26, 27, 38, 10, 30, 19, 8, 31, 36, 7, 30, 24, 19, 43, 38, 26, 27, 41, 5, 11, 38, 26, 8, 31, 36, 7, 30, 24, 43, 32, 25, 35, 39, 31, 19, 26, 8, 36, 19, 8, 36, 26, 7, 40, 4, 30, 19, 29, 30, 33, 13, 6, 36]"
L2_arctic_WAV/ASI_arctic_a0144,"[18, 14, 38, 6, 7, 35, 41, 14, 42, 36, 14, 31, 12, 8, 9, 27, 40, 8, 32, 31, 10, 35, 36, 38, 5, 35, 38, 30, 8, 9, 6, 43, 32, 6, 8, 36, 35, 8, 42, 7, 31, 18, 30, 4, 32, 36]","[18, 14, 38, 6, 7, 35, 41, 14, 36, 36, 14, 31, 12, 8, 9, 27, 40, 8, 32, 31, 10, 36, 38, 35, 5, 35, 38, 30, 8, 9, 19, 43, 32, 19, 8, 36, 35, 8, 36, 7, 31, 18, 30, 4, 32, 36]"
L2_arctic_WAV/ASI_arctic_a0159,"[6, 21, 8, 30, 13, 29, 43, 42, 6, 33, 13, 26, 27, 26, 43, 19, 18, 8, 32, 19, 35, 14, 31, 8, 9, 4, 34, 27, 43, 32, 33, 13, 10, 30, 26, 8, 42, 30, 16, 8, 24]","[6, 21, 8, 30, 39, 29, 43, 42, 6, 33, 13, 26, 27, 43, 19, 18, 27, 32, 19, 35, 14, 31, 8, 9, 4, 34, 27, 43, 32, 33, 13, 10, 30, 8, 42, 30, 16, 8, 24]"
L2_arctic_WAV/ASI_arctic_a0168,"[4, 30, 33, 13, 18, 13, 11, 26, 41, 8, 34, 38, 26, 8, 31, 8, 32, 6, 4, 24, 21, 8, 36, 43, 32, 19, 30, 7, 24, 38, 32, 33, 13, 36, 38, 8, 9]","[4, 30, 33, 13, 18, 13, 11, 26, 41, 8, 34, 38, 26, 8, 31, 8, 32, 19, 4, 24, 21, 8, 36, 43, 32, 19, 30, 7, 24, 38, 32, 33, 13, 36, 38, 8, 9]"
L2_arctic_WAV/ASI_arctic_a0178,"[7, 40, 3, 27, 18, 33, 13, 32, 8, 32, 26, 3, 21, 8, 20, 19, 18, 5, 19, 27, 36, 27, 31, 19, 18, 35, 33, 13, 29, 4, 32, 10, 35, 19, 8, 36, 30, 33, 13, 29, 21, 8, 38, 8, 19]","[7, 40, 3, 27, 18, 33, 13, 4, 32, 8, 32, 3, 21, 8, 20, 19, 18, 5, 19, 27, 36, 27, 31, 19, 18, 35, 33, 13, 29, 4, 32, 5, 35, 19, 8, 36, 30, 33, 13, 29, 21, 8, 38, 8, 19]"
L2_arctic_WAV/ASI_arctic_a0188,"[38, 39, 20, 16, 8, 25, 43, 32, 38, 8, 29, 16, 13, 30, 42, 41, 3, 38, 7, 35, 8, 9, 43, 38, 6, 4, 29, 5, 35, 29, 4, 36]","[38, 39, 20, 16, 8, 25, 43, 38, 8, 29, 16, 13, 30, 36, 41, 3, 38, 3, 32, 8, 9, 43, 19, 19, 4, 29, 5, 35, 29, 4, 36]"
L2_arctic_WAV/ASI_arctic_a0191,"[24, 10, 35, 4, 38, 16, 8, 31, 6, 4, 8, 29, 36, 16, 8, 38, 8, 9, 12, 35, 8, 30, 14, 40, 26, 8, 42, 43, 19, 40, 7, 32, 37, 3, 41, 10, 42, 25, 10, 32]","[24, 10, 35, 4, 38, 16, 8, 31, 6, 4, 8, 29, 36, 16, 8, 38, 8, 9, 12, 35, 8, 30, 14, 24, 26, 8, 42, 43, 19, 40, 7, 32, 37, 3, 41, 10, 42, 25, 10, 32]"
L2_arctic_WAV/ASI_arctic_a0199,"[6, 14, 36, 26, 43, 19, 6, 14, 35, 5, 41, 8, 30, 19, 3, 32, 4, 36, 34, 35, 27, 34, 7, 35, 19, 26, 8, 31, 24, 10, 35, 6, 8, 36, 19, 21, 8]","[6, 14, 36, 26, 43, 19, 19, 14, 35, 5, 41, 16, 8, 30, 19, 4, 32, 4, 36, 34, 35, 27, 34, 7, 35, 19, 26, 8, 31, 24, 10, 35, 6, 8, 36, 19, 21, 8]"
L2_arctic_WAV/ASI_arctic_a0208,"[28, 39, 12, 26, 43, 19, 29, 14, 31, 18, 43, 29, 38, 39, 26, 3, 24, 35, 27, 19, 24, 35, 14, 31, 6, 27, 28, 33, 13, 29, 14, 40, 4, 34, 35, 7, 11, 4, 32]","[28, 39, 38, 43, 19, 29, 14, 31, 18, 43, 29, 38, 39, 26, 13, 24, 35, 27, 19, 24, 35, 14, 31, 19, 27, 28, 33, 13, 29, 14, 24, 10, 34, 35, 21, 8, 11, 4, 32]"
L2_arctic_WAV/ASI_arctic_a0214,"[18, 8, 36, 16, 8, 19, 42, 26, 27, 41, 14, 42, 34, 21, 8, 19, 41, 14, 32, 29, 21, 8, 36, 14, 40, 38, 4, 18, 43, 29, 33, 13, 34, 3, 26, 7, 19]","[18, 8, 36, 16, 8, 19, 42, 26, 27, 41, 14, 42, 34, 21, 8, 19, 41, 14, 32, 29, 27, 36, 14, 40, 38, 4, 18, 43, 29, 33, 13, 34, 13, 35, 26, 7, 19]"
L2_arctic_WAV/ASI_arctic_a0246,"[28, 39, 26, 43, 40, 26, 3, 19, 10, 30, 41, 27, 42, 26, 16, 13, 26, 27, 41, 10, 42, 6, 4, 30, 14, 40, 3, 14, 40, 34, 35, 8, 32, 36, 7, 36, 32, 21, 8, 33, 13, 31, 27]","[28, 39, 26, 43, 40, 26, 3, 19, 10, 30, 41, 27, 42, 26, 16, 13, 26, 27, 41, 10, 42, 42, 4, 30, 14, 40, 3, 14, 24, 34, 35, 8, 32, 36, 32, 21, 8, 33, 13, 31, 27]"
L2_arctic_WAV/ASI_arctic_a0255,"[28, 39, 41, 33, 13, 32, 38, 19, 16, 8, 14, 40, 31, 43, 30, 32, 39, 38, 35, 8, 11, 4, 32, 18, 27, 11, 13, 35, 14, 40, 6, 43, 38]","[28, 39, 41, 33, 13, 32, 19, 16, 8, 14, 24, 31, 43, 30, 39, 38, 35, 27, 11, 4, 32, 18, 27, 11, 13, 35, 14, 40, 19, 43, 38]"
L2_arctic_WAV/ASI_arctic_a0266,"[6, 21, 8, 26, 43, 32, 19, 4, 30, 19, 38, 39, 31, 7, 32, 10, 30, 35, 7, 19, 27, 18, 33, 13, 12, 25, 35, 14, 18, 12, 27, 40, 42]","[19, 21, 8, 26, 43, 32, 19, 4, 30, 38, 39, 31, 7, 32, 10, 30, 35, 7, 19, 27, 18, 33, 13, 38, 25, 35, 14, 18, 12, 27, 40, 36]"
L2_arctic_WAV/ASI_arctic_a0269,"[6, 43, 38, 36, 41, 7, 35, 6, 21, 8, 29, 14, 38, 10, 24, 6, 4, 36, 29, 5, 38, 8, 11, 37, 27, 24, 36, 4, 32, 19, 29, 8, 30, 19, 10, 30, 26, 43, 32, 42]","[6, 43, 38, 36, 41, 7, 35, 6, 21, 8, 29, 14, 38, 10, 40, 6, 4, 36, 29, 5, 35, 38, 8, 11, 37, 27, 24, 36, 4, 32, 19, 29, 8, 30, 19, 10, 30, 26, 43, 32, 42]"
L2_arctic_WAV/ASI_arctic_a0272,"[28, 39, 29, 43, 32, 38, 21, 8, 29, 4, 40, 21, 8, 29, 21, 8, 11, 4, 32, 10, 32, 34, 21, 8]","[28, 39, 29, 43, 32, 38, 21, 8, 29, 4, 40, 21, 8, 29, 21, 8, 11, 4, 32, 10, 32, 34, 21, 8]"
L2_arctic_WAV/ASI_arctic_a0282,"[8, 24, 28, 39, 31, 27, 32, 38, 39, 8, 32, 36, 8, 32, 28, 39, 21, 8, 38, 18, 35, 7, 32, 38, 41, 13, 19, 18, 8, 25, 43, 32, 26, 5, 38, 30, 27]","[8, 24, 28, 39, 31, 27, 32, 38, 39, 8, 32, 36, 8, 32, 28, 39, 21, 8, 38, 18, 35, 7, 32, 38, 41, 13, 19, 18, 8, 25, 43, 32, 26, 5, 38, 30, 27]"
L2_arctic_WAV/ASI_arctic_a0292,"[26, 27, 35, 8, 32, 6, 4, 31, 8, 19, 31, 10, 35, 32, 8, 9, 6, 14, 24, 3, 36, 38, 29, 43, 15, 4, 30, 38, 27, 4, 29, 3, 19]","[28, 27, 35, 8, 32, 19, 4, 31, 8, 19, 31, 10, 32, 8, 9, 19, 14, 24, 13, 36, 38, 29, 43, 15, 4, 30, 38, 27, 4, 29, 13]"
L2_arctic_WAV/ASI_arctic_a0301,"[18, 14, 38, 10, 30, 31, 16, 8, 19, 35, 27, 31, 42, 40, 16, 8, 4, 30, 21, 8, 38, 8, 19, 6, 8, 36, 30, 10]","[18, 14, 38, 10, 30, 31, 16, 8, 19, 35, 27, 31, 42, 40, 16, 8, 4, 30, 21, 8, 38, 8, 19, 26, 8, 36, 30, 10]"
L2_arctic_WAV/ASI_arctic_a0303,"[18, 14, 38, 6, 21, 8, 31, 21, 8, 29, 6, 4, 31, 8, 36, 38, 21, 8, 29, 14, 40, 8, 25, 32, 10, 35, 8, 9, 6, 7, 35, 33, 13, 32, 19, 39, 43, 30, 4, 38, 27]","[18, 14, 19, 6, 21, 8, 31, 21, 8, 25, 6, 4, 31, 8, 36, 38, 21, 8, 29, 14, 24, 8, 25, 32, 10, 35, 8, 9, 19, 7, 35, 33, 13, 32, 19, 39, 43, 30, 4, 38, 27]"
L2_arctic_WAV/ASI_arctic_a0365,"[6, 27, 42, 35, 39, 31, 3, 42, 31, 21, 8, 27, 40, 8, 32, 3, 8, 20, 4, 32, 21, 8, 38, 41, 8, 12, 14, 36]","[19, 27, 42, 35, 39, 31, 13, 42, 31, 21, 8, 27, 40, 8, 32, 3, 8, 15, 4, 32, 21, 8, 38, 41, 8, 12, 14, 36]"
L2_arctic_WAV/ASI_arctic_a0384,"[6, 14, 24, 5, 35, 31, 3, 41, 3, 29, 36, 6, 4, 36, 10, 8, 30, 43, 32, 19, 34, 35, 4, 19, 39, 36, 4, 42, 25, 35, 21, 8, 32]","[19, 14, 24, 5, 31, 3, 41, 13, 29, 36, 6, 4, 36, 10, 8, 43, 32, 19, 34, 35, 4, 19, 28, 39, 36, 4, 36, 25, 35, 21, 8, 32]"
L2_arctic_WAV/ASI_arctic_a0405,"[8, 38, 36, 27, 31, 19, 6, 14, 10, 35, 19, 21, 8, 32, 19, 10, 35, 19, 3, 14, 40, 12, 8, 9, 42, 6, 43, 38, 19, 10, 25, 42, 11, 13, 19, 41, 3, 29]","[8, 38, 36, 27, 31, 19, 19, 14, 10, 35, 19, 21, 8, 32, 19, 10, 35, 19, 3, 14, 40, 38, 8, 9, 42, 6, 43, 38, 19, 10, 25, 42, 11, 13, 19, 41, 13, 29]"
L2_arctic_WAV/ASI_arctic_a0410,"[36, 33, 13, 41, 27, 26, 43, 40, 38, 4, 24, 8, 38, 6, 4, 18, 33, 13, 38, 12, 35, 39, 16, 13, 38, 41, 8, 12, 10, 8, 30, 30, 43, 31, 34, 36, 43, 42, 41, 7, 30]","[36, 33, 13, 41, 27, 26, 43, 40, 38, 4, 24, 8, 38, 19, 4, 18, 33, 13, 38, 38, 35, 39, 16, 13, 38, 41, 8, 19, 10, 8, 30, 30, 43, 31, 36, 43, 42, 41, 7, 30]"
L2_arctic_WAV/ASI_arctic_a0411,"[8, 38, 41, 8, 30, 18, 35, 21, 8, 29, 16, 13, 35, 26, 5, 35, 38, 36, 4, 32, 19, 16, 13, 3, 18, 43, 29, 36, 38, 39, 26, 10, 8, 36, 38, 43, 9, 29, 3, 18, 16, 8, 26, 43, 32, 19]","[8, 38, 41, 8, 30, 18, 35, 21, 8, 29, 5, 26, 5, 19, 36, 4, 32, 19, 16, 13, 35, 18, 43, 29, 36, 38, 39, 26, 10, 8, 36, 38, 43, 9, 29, 35, 18, 16, 8, 26, 43, 32, 19]"
L2_arctic_WAV/ASI_arctic_a0416,"[6, 14, 43, 19, 8, 19, 41, 21, 8, 38, 26, 43, 19, 4, 40, 4, 30, 5, 36, 4, 38, 27, 14, 40, 24, 8, 24, 38, 27, 32, 31, 16, 8, 4, 30, 42, 34, 3, 16, 13, 3]","[19, 14, 43, 19, 8, 19, 41, 21, 8, 38, 26, 43, 19, 4, 40, 4, 30, 5, 36, 8, 38, 27, 14, 40, 24, 8, 24, 38, 27, 32, 31, 16, 8, 30, 42, 34, 3, 5, 35]"
L2_arctic_WAV/ASI_arctic_a0424,"[5, 18, 40, 27, 4, 36, 30, 27, 8, 38, 41, 5, 42, 4, 19, 8, 42, 27, 42, 6, 43, 38, 29, 13, 19, 18, 27, 29, 5, 32, 38, 35, 43, 29, 38, 4, 19, 18, 16, 8, 29, 5, 32, 38, 43, 29, 38]","[5, 18, 40, 27, 4, 36, 30, 27, 8, 38, 41, 5, 42, 4, 19, 27, 42, 27, 42, 6, 43, 38, 29, 13, 19, 18, 27, 29, 5, 32, 38, 35, 43, 29, 38, 4, 19, 18, 16, 8, 29, 5, 32, 38, 43, 29, 38]"
L2_arctic_WAV/ASI_arctic_b0002,"[28, 39, 25, 5, 38, 16, 13, 38, 18, 16, 8, 24, 16, 8, 38, 8, 9, 43, 32, 19, 16, 8, 12, 35, 39, 4, 34, 35, 8, 38, 27, 25, 3, 30]","[28, 39, 25, 5, 38, 16, 13, 38, 18, 16, 8, 24, 16, 8, 38, 8, 9, 43, 32, 19, 16, 8, 38, 35, 39, 4, 34, 35, 8, 38, 27, 25, 13, 30]"
L2_arctic_WAV/ASI_arctic_b0017,"[7, 40, 35, 27, 12, 8, 9, 41, 14, 42, 41, 3, 29, 8, 9, 36, 31, 39, 6, 30, 27, 18, 7, 38, 3, 6, 43, 32, 16, 8, 26, 43, 19, 8, 29, 36, 34, 7, 29, 38, 8, 19]","[7, 40, 35, 27, 38, 8, 9, 41, 14, 42, 41, 13, 29, 8, 9, 36, 31, 39, 19, 30, 27, 18, 7, 38, 4, 19, 43, 32, 16, 8, 26, 43, 19, 8, 29, 36, 34, 7, 29, 38, 8, 19]"
L2_arctic_WAV/ASI_arctic_b0038,"[8, 32, 26, 3, 26, 21, 8, 36, 38, 38, 39, 25, 7, 38, 4, 41, 21, 8, 11, 27, 26, 43, 19, 24, 10, 35, 25, 5, 38, 4, 32, 6, 27, 42, 12, 8, 9, 42]","[8, 32, 26, 35, 26, 21, 8, 36, 38, 38, 39, 25, 7, 38, 4, 40, 21, 8, 11, 27, 26, 43, 19, 24, 10, 25, 5, 38, 4, 32, 6, 27, 36, 12, 8, 9, 36]"
L2_arctic_WAV/ASI_arctic_b0047,"[36, 4, 34, 33, 13, 42, 28, 39, 36, 10, 31, 27, 43, 38, 41, 3, 29, 12, 35, 39, 6, 4, 41, 8, 32, 19, 33, 13]","[36, 4, 34, 33, 13, 42, 28, 39, 36, 10, 31, 27, 43, 19, 41, 13, 29, 38, 35, 39, 19, 4, 41, 8, 32, 19, 33, 13]"
L2_arctic_WAV/ASI_arctic_b0057,"[6, 21, 8, 26, 43, 40, 41, 14, 32, 34, 5, 34, 28, 4, 30, 3, 36, 7, 32, 38, 4, 31, 4, 32, 38, 12, 35, 39, 6, 4, 32, 39, 42, 34, 21, 8, 34, 3, 42]","[6, 21, 8, 43, 40, 41, 14, 32, 34, 5, 34, 4, 30, 13, 36, 7, 32, 38, 8, 31, 4, 32, 38, 38, 35, 39, 6, 4, 32, 28, 39, 36, 34, 21, 8, 34, 35, 42]"
L2_arctic_WAV/ASI_arctic_b0061,"[36, 14, 31, 12, 8, 9, 4, 18, 16, 13, 38, 8, 38, 36, 27, 31, 19, 38, 39, 24, 43, 36, 4, 32, 21, 8, 38, 26, 8, 31, 38, 39, 37, 43, 30, 4, 32, 20, 26, 8, 42, 34, 35, 7, 42, 4, 32, 36]","[36, 14, 31, 12, 8, 9, 4, 18, 33, 13, 38, 8, 38, 36, 27, 31, 19, 38, 39, 24, 43, 36, 4, 32, 8, 38, 26, 8, 31, 38, 39, 37, 43, 30, 4, 32, 15, 8, 42, 34, 35, 7, 42, 4, 32, 36]"
L2_arctic_WAV/ASI_arctic_b0073,"[41, 8, 6, 6, 27, 42, 5, 35, 25, 28, 4, 31, 4, 32, 38, 36, 26, 27, 29, 4, 32, 40, 8, 32, 36, 38, 26, 8, 31, 36, 7, 30, 24, 6, 43, 38, 26, 27, 11, 13, 19, 25, 33, 13, 10, 32, 4, 30, 33, 13, 32]","[41, 8, 19, 6, 27, 42, 5, 35, 25, 28, 4, 31, 4, 32, 36, 26, 27, 29, 4, 32, 36, 38, 8, 31, 36, 7, 30, 6, 43, 38, 26, 27, 11, 13, 19, 25, 33, 13, 10, 32, 4, 30, 33, 13, 32]"
L2_arctic_WAV/ASI_arctic_b0081,"[28, 39, 41, 3, 25, 33, 13, 8, 9, 38, 39, 30, 27, 40, 43, 24, 38, 3, 28, 39, 36, 10, 31, 27, 5, 32, 6, 4, 35, 5, 29]","[28, 39, 3, 25, 41, 8, 9, 38, 39, 30, 27, 41, 5, 24, 38, 35, 28, 39, 36, 10, 31, 27, 5, 32, 6, 4, 35, 10, 29]"
L2_arctic_WAV/ASI_arctic_b0089,"[26, 3, 18, 28, 39, 38, 4, 24, 4, 30, 26, 7, 35, 41, 5, 42, 19, 14, 32, 14, 34, 8, 32, 11, 16, 8, 32, 8, 9, 29, 10, 8, 30, 42]","[26, 13, 18, 28, 39, 38, 4, 24, 4, 30, 26, 7, 41, 5, 42, 19, 14, 32, 14, 34, 8, 32, 11, 16, 8, 32, 8, 9, 29, 10, 8, 30, 36]"
L2_arctic_WAV/ASI_arctic_b0104,"[11, 39, 38, 8, 9, 34, 21, 8, 32, 42, 34, 43, 36, 38, 30, 16, 8, 29, 24, 30, 43, 11, 8, 42, 14, 40, 8, 30, 7, 29, 38, 35, 8, 36, 4, 38, 27, 12, 35, 39, 26, 8, 42, 18, 5, 19, 27]","[11, 39, 38, 8, 9, 34, 21, 8, 32, 42, 34, 5, 36, 38, 30, 16, 8, 29, 24, 30, 43, 11, 8, 42, 14, 40, 8, 30, 7, 29, 38, 35, 8, 36, 4, 38, 27, 38, 35, 39, 8, 42, 18, 10, 19, 27]"
L2_arctic_WAV/ASI_arctic_b0118,"[41, 27, 36, 10, 28, 13, 35, 30, 16, 8, 38, 43, 32, 19, 12, 10, 38, 28, 39, 41, 13, 19, 4, 32, 38, 31, 16, 8, 32, 19, 4, 29, 10, 30]","[41, 27, 36, 10, 28, 13, 30, 16, 8, 38, 43, 32, 19, 38, 10, 38, 28, 39, 41, 13, 19, 4, 32, 31, 16, 8, 32, 19, 4, 29, 10, 30]"
L2_arctic_WAV/ASI_arctic_b0136,"[36, 41, 8, 24, 38, 30, 27, 26, 8, 42, 16, 8, 42, 31, 7, 15, 3, 19, 6, 4, 36, 8, 37, 39, 21, 8, 11, 4, 32]","[36, 41, 8, 24, 30, 27, 26, 8, 42, 16, 8, 42, 31, 7, 15, 3, 6, 4, 36, 8, 37, 39, 21, 8, 11, 4, 32]"
L2_arctic_WAV/ASI_arctic_b0141,"[8, 38, 41, 4, 42, 18, 27, 38, 8, 9, 43, 32, 19, 41, 21, 8, 38, 8, 9, 8, 32, 6, 4, 43, 31, 18, 13, 11, 14, 40, 6, 33, 13, 42, 18, 30, 43, 29, 34, 8, 38, 36]","[8, 38, 41, 4, 42, 18, 27, 38, 8, 9, 43, 32, 19, 41, 21, 8, 38, 8, 9, 8, 32, 6, 4, 43, 31, 18, 13, 11, 14, 40, 6, 33, 13, 42, 18, 30, 43, 34, 8, 38, 36]"
L2_arctic_WAV/ASI_arctic_b0158,"[11, 27, 33, 13, 18, 21, 8, 19, 11, 35, 8, 9, 29, 8, 9, 18, 43, 29, 41, 8, 6, 6, 4, 18, 21, 8, 18, 27, 8, 32, 26, 3, 5, 35, 31, 42]","[11, 27, 33, 13, 18, 21, 8, 19, 11, 35, 8, 9, 25, 8, 9, 18, 43, 29, 41, 8, 6, 6, 4, 18, 21, 8, 18, 27, 8, 32, 35, 5, 31, 36]"
L2_arctic_WAV/ASI_arctic_b0160,"[8, 38, 41, 4, 42, 33, 13, 40, 3, 41, 7, 32, 26, 27, 31, 21, 8, 19, 26, 8, 42, 41, 21, 8, 12, 35, 39, 6, 4, 35, 8, 9, 14, 40, 36, 34, 7, 29, 38, 21, 8, 38, 3, 42]","[8, 19, 41, 4, 42, 33, 13, 41, 3, 41, 7, 32, 27, 31, 21, 8, 19, 26, 8, 42, 41, 21, 8, 12, 35, 39, 6, 4, 35, 21, 8, 9, 14, 40, 36, 34, 7, 29, 38, 21, 8, 38, 3, 36]"
L2_arctic_WAV/ASI_arctic_b0171,"[26, 27, 37, 21, 8, 32, 20, 19, 26, 8, 42, 36, 27, 38, 24, 10, 35, 4, 36, 38, 27, 31, 3, 35, 27, 29, 30, 16, 8, 32, 8, 9, 37, 7, 35]","[27, 37, 21, 8, 15, 8, 42, 36, 27, 19, 24, 10, 35, 4, 36, 38, 27, 31, 4, 35, 27, 29, 30, 16, 8, 32, 8, 9, 37, 7, 35]"
L2_arctic_WAV/ASI_arctic_b0197,"[6, 14, 34, 30, 43, 32, 38, 3, 42, 5, 35, 10, 30, 35, 7, 19, 27, 29, 4, 32, 36, 8, 19, 3, 8, 9, 6, 4, 31, 43, 38, 3]","[19, 14, 34, 30, 5, 32, 38, 4, 42, 5, 35, 10, 30, 35, 7, 19, 27, 29, 5, 32, 36, 8, 19, 3, 8, 9, 6, 4, 31, 16, 8, 38, 3]"
L2_arctic_WAV/ASI_arctic_b0215,"[8, 38, 8, 42, 4, 34, 35, 8, 38, 27, 25, 13, 19, 34, 35, 5, 34, 3, 38, 27, 4, 32, 19, 41, 3, 12, 31, 10, 35, 6, 4, 32, 6, 43, 38]","[8, 38, 8, 42, 4, 34, 35, 8, 38, 27, 25, 13, 19, 34, 35, 5, 34, 35, 19, 27, 4, 32, 19, 41, 13, 38, 31, 10, 35, 6, 4, 32, 19, 43, 38]"
L2_arctic_WAV/ASI_arctic_b0315,"[4, 32, 19, 6, 8, 36, 41, 14, 42, 6, 7, 35, 36, 33, 13, 30, 29, 5, 32, 40, 3, 36, 21, 8, 11, 4, 32, 12, 35, 39, 16, 13, 38, 6, 4, 31, 27, 30]","[4, 32, 19, 6, 8, 36, 41, 14, 42, 42, 7, 36, 33, 13, 30, 29, 5, 32, 41, 4, 42, 21, 8, 11, 4, 32, 38, 35, 39, 16, 13, 19, 4, 31, 27, 30]"
L2_arctic_WAV/ASI_arctic_b0317,"[26, 27, 19, 8, 19, 32, 5, 38, 18, 8, 30, 27, 40, 8, 32, 6, 14, 18, 3, 32, 8, 9, 14, 40, 19, 21, 8, 30, 16, 8, 38, 24, 10, 35, 36, 14, 37, 4, 30, 14, 25, 15, 3, 27]","[26, 27, 19, 8, 19, 32, 5, 38, 18, 8, 30, 27, 8, 32, 6, 14, 18, 13, 32, 8, 9, 14, 40, 19, 21, 8, 30, 16, 8, 38, 24, 10, 35, 36, 14, 37, 4, 30, 14, 25, 15, 35, 27]"
L2_arctic_WAV/ASI_arctic_b0321,"[8, 32, 36, 38, 7, 19, 26, 27, 3, 16, 8, 40, 19, 10, 32, 6, 4, 32, 16, 8, 38, 14, 40, 6, 4, 36, 7, 29, 4, 32, 19, 21, 8]","[8, 32, 36, 7, 19, 26, 27, 4, 35, 16, 8, 40, 19, 10, 32, 6, 4, 32, 16, 8, 38, 14, 40, 6, 4, 36, 7, 29, 4, 32, 19, 21, 8]"
L2_arctic_WAV/ASI_arctic_b0371,"[28, 27, 30, 19, 28, 3, 36, 7, 30, 24, 38, 4, 6, 14, 41, 10, 38, 3, 42, 6, 43, 38, 3, 35, 8, 34, 8, 9, 43, 32, 19, 38, 7, 35, 8, 9, 43, 38, 28, 39]","[28, 27, 30, 19, 28, 39, 3, 36, 7, 30, 24, 38, 4, 6, 14, 41, 10, 38, 4, 42, 42, 43, 38, 3, 35, 8, 34, 8, 9, 43, 32, 19, 38, 7, 35, 8, 9, 43, 38, 28, 39]"
L2_arctic_WAV/ASI_arctic_b0396,"[6, 14, 34, 21, 8, 32, 24, 35, 14, 31, 31, 16, 8, 26, 3, 38, 32, 27, 41, 14, 42, 43, 25, 4, 32, 16, 8, 42, 8, 9]","[6, 14, 34, 35, 21, 8, 32, 24, 35, 14, 31, 31, 16, 8, 26, 13, 38, 32, 27, 41, 14, 42, 43, 25, 4, 32, 16, 8, 42, 8, 9]"
L2_arctic_WAV/ASI_arctic_b0411,"[26, 27, 25, 21, 8, 40, 32, 33, 13, 35, 27, 42, 4, 32, 18, 14, 38, 26, 8, 42, 31, 33, 13, 38, 8, 40, 41, 10, 42, 5, 18, 40, 27, 4, 36, 8, 32, 14, 24]","[26, 27, 25, 21, 8, 40, 32, 33, 13, 35, 27, 42, 4, 32, 18, 14, 38, 26, 8, 42, 31, 33, 13, 38, 8, 41, 10, 42, 5, 40, 27, 4, 36, 8, 32, 14, 24]"
L2_arctic_WAV/ASI_arctic_b0433,"[41, 27, 3, 29, 13, 29, 8, 9, 5, 32, 6, 14, 29, 33, 13, 30, 36, 38, 33, 13, 40, 4, 32, 19, 10, 32, 6, 27, 10, 8, 30, 18, 3, 32, 3, 42]","[41, 27, 3, 29, 39, 29, 8, 9, 5, 32, 6, 14, 29, 33, 13, 30, 36, 38, 33, 13, 40, 4, 32, 19, 10, 32, 6, 27, 10, 8, 30, 18, 13, 32, 3, 36]"
L2_arctic_WAV/RRBI_arctic_a0003,"[24, 35, 3, 6, 4, 38, 41, 7, 32, 38, 27, 4, 12, 38, 16, 8, 31, 6, 43, 38, 27, 40, 32, 8, 9, 6, 4, 38, 39, 31, 7, 32, 11, 13, 29, 26, 43, 32, 19, 42]","[24, 35, 6, 4, 38, 41, 7, 32, 38, 27, 12, 38, 16, 8, 31, 19, 43, 38, 27, 40, 32, 8, 9, 19, 4, 38, 39, 31, 7, 32, 11, 13, 29, 26, 43, 32, 19, 36]"
L2_arctic_WAV/RRBI_arctic_a0005,"[41, 8, 30, 41, 27, 7, 40, 3, 24, 10, 35, 25, 7, 38, 8, 38]","[40, 8, 30, 40, 27, 7, 40, 14, 24, 10, 35, 25, 7, 38, 8, 38]"
L2_arctic_WAV/RRBI_arctic_a0006,"[25, 5, 19, 18, 30, 7, 36, 16, 8, 26, 33, 13, 34, 16, 8, 30, 25, 33, 13, 10, 32, 36, 27, 8, 9, 6, 7, 31, 24, 3, 7, 40, 3]","[25, 10, 19, 18, 30, 7, 42, 6, 7, 31, 16, 8, 26, 10, 34, 16, 8, 41, 8, 30, 25, 33, 13, 10, 32, 36, 27, 8, 9, 6, 7, 31, 24, 3, 7, 40, 14]"
L2_arctic_WAV/RRBI_arctic_a0007,"[43, 32, 19, 28, 39, 10, 30, 41, 27, 42, 41, 10, 32, 38, 39, 36, 27, 8, 38, 8, 32, 6, 4, 36, 13, 34, 3, 30, 4, 38, 8, 40, 19, 8, 25, 35, 27]","[43, 32, 28, 39, 10, 30, 41, 27, 36, 41, 10, 32, 38, 39, 36, 27, 8, 38, 8, 32, 19, 4, 36, 13, 34, 7, 30, 43, 38, 8, 40, 19, 8, 25, 35, 27]"
L2_arctic_WAV/RRBI_arctic_a0008,"[25, 43, 19, 28, 13, 35, 30, 7, 38, 3, 29, 21, 8, 31, 20, 14, 36, 38, 8, 32, 38, 16, 8, 31]","[25, 30, 43, 19, 28, 13, 35, 30, 7, 38, 3, 29, 7, 31, 20, 14, 36, 38, 8, 32, 38, 16, 8, 31]"
L2_arctic_WAV/RRBI_arctic_a0010,"[16, 8, 31, 34, 30, 21, 8, 8, 9, 4, 36, 8, 9, 25, 4, 30, 26, 43, 32, 19, 8, 32, 41, 14, 38, 30, 13, 29, 36, 30, 16, 8, 29, 4, 30, 39, 42, 8, 9, 25, 21, 8, 31]","[16, 8, 31, 34, 30, 7, 8, 9, 4, 36, 8, 9, 25, 4, 30, 26, 43, 32, 19, 8, 32, 41, 14, 38, 30, 13, 29, 36, 30, 16, 8, 29, 4, 30, 39, 42, 8, 9, 25, 21, 8, 31]"
L2_arctic_WAV/RRBI_arctic_a0011,"[8, 24, 16, 8, 7, 40, 3, 32, 27, 19, 8, 19, 4, 24, 16, 8, 38, 3, 8, 32, 31, 16, 8, 30, 16, 8, 24, 16, 8, 32, 27, 19, 41, 14, 32, 32, 16, 13]","[8, 24, 16, 8, 7, 40, 14, 32, 27, 19, 8, 19, 4, 24, 16, 8, 38, 3, 8, 32, 31, 16, 8, 30, 16, 8, 24, 16, 8, 32, 27, 19, 41, 14, 32, 32, 16, 13]"
L2_arctic_WAV/RRBI_arctic_a0013,"[26, 27, 41, 14, 42, 4, 26, 7, 19, 11, 10, 35, 38, 3, 6, 43, 32, 26, 8, 42, 29, 4, 31, 34, 43, 32, 28, 4, 32, 14, 40, 10, 30, 31, 33, 13, 36, 38, 19, 7, 30, 4, 29, 4, 38, 24, 4, 42, 27, 29]","[26, 27, 41, 14, 42, 4, 26, 7, 19, 11, 13, 13, 38, 3, 6, 43, 32, 26, 8, 36, 29, 4, 31, 34, 43, 32, 28, 4, 32, 14, 24, 10, 30, 31, 10, 36, 38, 19, 7, 30, 4, 29, 4, 38, 24, 4, 42, 27, 29]"
L2_arctic_WAV/RRBI_arctic_a0018,"[6, 7, 35, 41, 4, 42, 4, 37, 21, 8, 32, 20, 32, 16, 13]","[19, 7, 35, 41, 4, 42, 4, 37, 21, 8, 32, 20, 32, 16, 13]"
L2_arctic_WAV/RRBI_arctic_a0019,"[16, 8, 24, 5, 30, 33, 13, 19, 6, 4, 30, 16, 8, 32, 14, 40, 6, 4, 34, 35, 4, 34, 33, 13, 42, 19, 35, 21, 8, 30, 35, 33, 13, 19, 30, 13, 29, 8, 9, 24, 10, 35, 37, 43, 32, 36, 4, 42]","[16, 8, 24, 10, 30, 33, 13, 19, 6, 4, 30, 16, 8, 32, 14, 40, 6, 4, 34, 35, 4, 34, 10, 42, 19, 35, 21, 8, 30, 35, 33, 13, 19, 30, 13, 29, 8, 9, 24, 10, 37, 5, 32, 36, 4, 42]"
L2_arctic_WAV/RRBI_arctic_a0020,"[29, 30, 14, 18, 42, 4, 32, 19, 18, 10, 30, 42, 43, 32, 19, 36, 8, 38, 27, 42, 25, 35, 39, 38, 39, 18, 27, 33, 13, 32, 30, 27, 31, 7, 31, 3, 27, 42]","[29, 30, 14, 34, 36, 4, 32, 18, 10, 30, 36, 43, 32, 19, 36, 8, 38, 27, 42, 25, 35, 39, 38, 39, 18, 27, 10, 32, 30, 27, 31, 7, 31, 3, 27, 36]"
L2_arctic_WAV/RRBI_arctic_a0021,"[8, 38, 24, 7, 35, 30, 27, 29, 30, 14, 18, 19, 31, 27, 8, 32, 38, 39, 35, 7, 29, 4, 25, 32, 16, 8, 42, 8, 9, 8, 38]","[8, 38, 24, 7, 35, 30, 27, 29, 30, 14, 18, 19, 31, 27, 8, 32, 38, 39, 35, 7, 29, 4, 25, 32, 16, 8, 42, 8, 9, 8, 38]"
L2_arctic_WAV/RRBI_arctic_a0022,"[26, 5, 35, 19, 30, 27, 41, 3, 3, 16, 13, 3, 34, 30, 43, 32, 42, 31, 21, 8, 19, 34, 14, 18, 30, 8, 29, 18, 8, 24, 10, 35, 41, 27, 41, 3, 3, 31, 7, 38, 18, 16, 8, 34, 16, 13, 3, 24, 4, 30, 5, 34, 4, 42, 8, 11, 4, 32]","[26, 5, 35, 19, 30, 27, 41, 7, 35, 16, 13, 35, 34, 30, 5, 32, 36, 31, 7, 19, 34, 14, 18, 30, 8, 29, 18, 8, 24, 10, 35, 41, 27, 41, 7, 35, 31, 7, 38, 18, 16, 8, 34, 16, 13, 3, 24, 4, 30, 5, 34, 4, 42, 8, 11, 4, 32]"
L2_arctic_WAV/RRBI_arctic_a0023,"[4, 29, 5, 31, 18, 4, 32, 21, 8, 11, 4, 32, 14, 40, 29, 4, 32, 21, 8, 19, 27, 4, 32, 29, 43, 34, 4, 38, 4, 30, 29, 41, 8, 29, 30, 27, 10, 35, 25, 4, 32, 16, 8, 42, 19, 43, 32, 19, 34, 4, 38, 8, 11, 4, 32, 19, 24, 10, 35, 6, 4, 36, 21, 8, 31, 34, 35, 8, 40, 8, 30, 8, 20, 8, 42]","[4, 29, 10, 31, 18, 4, 32, 21, 8, 11, 4, 32, 14, 24, 29, 4, 32, 7, 19, 27, 4, 32, 29, 43, 34, 4, 38, 4, 30, 29, 41, 8, 29, 30, 27, 10, 35, 25, 4, 32, 16, 8, 42, 19, 43, 32, 19, 34, 4, 38, 8, 11, 4, 32, 19, 24, 10, 35, 6, 4, 36, 7, 31, 34, 35, 8, 40, 8, 30, 8, 20, 8, 42]"
L2_arctic_WAV/RRBI_arctic_a0024,"[8, 38, 41, 14, 42, 31, 16, 8, 35, 27, 34, 10, 35, 38, 36, 24, 35, 14, 31, 6, 4, 32, 10, 35, 12, 41, 8, 37, 37, 27, 24, 30, 27, 8, 32, 19, 39, 36, 38, 34, 27, 34, 4, 30, 38, 39, 18, 16, 8]","[8, 38, 41, 14, 42, 31, 16, 8, 35, 27, 34, 10, 35, 38, 36, 24, 35, 14, 31, 6, 4, 32, 10, 35, 38, 41, 8, 37, 37, 27, 24, 30, 27, 8, 32, 19, 28, 39, 36, 38, 34, 27, 34, 4, 30, 38, 39, 18, 16, 8]"
L2_arctic_WAV/RRBI_arctic_a0025,"[16, 8, 41, 14, 42, 4, 18, 16, 13, 38, 38, 39, 19, 39, 6, 8, 36, 41, 8, 32, 29, 39, 30, 3, 20, 14, 20, 31, 4, 32, 38, 34, 35, 8, 40, 21, 8, 30, 19]","[16, 8, 41, 14, 36, 4, 18, 16, 13, 38, 38, 39, 19, 39, 19, 8, 36, 41, 8, 32, 29, 39, 30, 3, 20, 14, 20, 31, 4, 32, 38, 34, 35, 8, 40, 21, 8, 30, 19]"
L2_arctic_WAV/RRBI_arctic_a0026,"[8, 38, 4, 29, 3, 19, 38, 39, 31, 27, 6, 43, 38, 6, 7, 35, 41, 13, 19, 26, 43, 40, 38, 39, 18, 27, 4, 32, 4, 29, 16, 13, 32, 38, 8, 9]","[8, 38, 4, 29, 3, 19, 38, 39, 31, 27, 19, 43, 38, 19, 7, 35, 41, 13, 19, 26, 43, 23, 38, 39, 18, 27, 4, 32, 4, 29, 16, 13, 32, 38, 8, 9]"
L2_arctic_WAV/RRBI_arctic_a0027,"[38, 39, 31, 16, 8, 36, 4, 34, 35, 16, 8, 42, 26, 27, 18, 8, 25, 43, 32, 38, 4, 11, 33, 13, 43, 29, 11, 4, 30, 8, 32, 12, 39, 42, 27, 43, 42, 4, 31, 8, 32, 31, 16, 8, 24, 21, 8, 40, 3]","[38, 39, 31, 16, 8, 36, 4, 34, 35, 16, 8, 36, 26, 27, 18, 8, 25, 43, 32, 38, 13, 11, 10, 43, 29, 37, 4, 30, 8, 32, 38, 39, 42, 27, 43, 42, 4, 31, 8, 32, 31, 16, 8, 24, 21, 8, 40, 14]"
L2_arctic_WAV/RRBI_arctic_a0028,"[35, 5, 18, 3, 27, 18, 35, 16, 8, 18, 3, 27, 24, 35, 10, 19]","[35, 5, 18, 3, 27, 18, 35, 16, 8, 18, 3, 27, 24, 35, 10, 19]"
L2_arctic_WAV/RRBI_arctic_a0029,"[6, 7, 35, 24, 10, 35, 36, 8, 42, 41, 3, 3, 10, 35, 7, 19, 27, 31, 39, 40, 8, 9, 8, 32, 38, 4, 6, 4, 32, 10, 35, 12, 29, 14, 32, 38, 35, 27]","[6, 7, 35, 24, 10, 36, 8, 42, 41, 7, 35, 10, 35, 7, 19, 27, 31, 39, 40, 8, 9, 8, 32, 38, 4, 6, 4, 32, 10, 35, 12, 29, 14, 32, 38, 35, 27]"
L2_arctic_WAV/RRBI_arctic_a0030,"[16, 8, 26, 43, 19, 24, 21, 8, 12, 8, 32, 6, 7, 31]","[5, 26, 43, 19, 24, 7, 12, 8, 32, 6, 7, 31]"
L2_arctic_WAV/RRBI_arctic_a0031,"[6, 21, 8, 35, 41, 3, 3, 12, 35, 27, 26, 14, 32, 19, 3, 19, 28, 5, 35, 19, 42, 4, 34, 5, 35, 38]","[19, 7, 41, 7, 35, 38, 35, 27, 26, 14, 32, 19, 3, 19, 28, 5, 35, 19, 42, 4, 34, 5, 38]"
L2_arctic_WAV/RRBI_arctic_a0032,"[36, 8, 32, 36, 6, 7, 32, 36, 14, 31, 31, 8, 36, 38, 8, 35, 27, 4, 36, 24, 10, 35, 36, 26, 43, 42, 18, 8, 32, 24, 16, 8, 38, 8, 9, 14, 36, 43, 38, 7, 40, 35, 27, 36, 38, 7, 34]","[36, 8, 32, 36, 19, 7, 32, 36, 14, 31, 31, 8, 36, 38, 8, 35, 27, 4, 36, 24, 10, 35, 36, 26, 43, 42, 18, 8, 32, 24, 16, 8, 38, 8, 9, 14, 36, 43, 38, 7, 40, 35, 27, 36, 38, 7, 34]"
L2_arctic_WAV/RRBI_arctic_a0036,"[11, 27, 38, 3, 32, 19, 8, 32, 43, 38, 6, 14, 26, 33, 13, 38, 7, 30]","[11, 23, 38, 14, 32, 19, 8, 32, 43, 6, 14, 26, 10, 38, 7, 30]"
L2_arctic_WAV/RRBI_arctic_a0037,"[16, 8, 41, 5, 42, 6, 4, 33, 13, 32, 30, 27, 41, 14, 32, 26, 39, 35, 27, 31, 21, 8, 32, 19, 36, 8, 38, 8, 9]","[16, 8, 41, 5, 42, 6, 4, 33, 13, 32, 30, 27, 40, 14, 32, 26, 39, 35, 27, 31, 21, 8, 32, 19, 36, 8, 38, 8, 9]"
L2_arctic_WAV/RRBI_arctic_a0038,"[41, 27, 41, 8, 30, 26, 43, 40, 38, 4, 41, 5, 37, 16, 13, 35, 37, 43, 32, 36, 8, 42]","[41, 27, 41, 8, 30, 26, 43, 40, 38, 4, 41, 5, 37, 16, 13, 35, 37, 43, 32, 36, 8, 42]"
L2_arctic_WAV/RRBI_arctic_a0039,"[6, 4, 11, 8, 34, 11, 13, 19, 18, 27, 8, 32, 41, 8, 12, 8, 32, 4, 41, 27, 29, 10, 35, 38, 7, 32, 19, 21, 8, 42]","[6, 4, 11, 8, 34, 11, 13, 19, 18, 27, 8, 32, 41, 8, 12, 8, 32, 4, 40, 27, 29, 10, 35, 38, 7, 32, 19, 21, 8, 42]"
L2_arctic_WAV/RRBI_arctic_a0040,"[16, 8, 36, 4, 34, 33, 13, 42, 28, 39, 41, 14, 32, 19, 3, 41, 16, 8, 11, 27, 8, 42, 29, 14, 31, 8, 9, 14, 34, 26, 27, 35]","[16, 8, 36, 4, 34, 10, 36, 28, 39, 41, 14, 32, 19, 14, 41, 16, 8, 11, 27, 8, 36, 29, 14, 31, 8, 9, 14, 34, 26, 27, 14]"
L2_arctic_WAV/RRBI_arctic_a0041,"[31, 27, 32, 41, 16, 8, 30, 16, 8, 30, 25, 33, 13, 16, 13, 38, 39, 18, 35, 27, 6, 4, 36, 34, 7, 30]","[31, 27, 32, 41, 16, 8, 30, 16, 8, 30, 25, 10, 16, 13, 38, 39, 18, 35, 27, 38, 4, 36, 34, 7, 30]"
L2_arctic_WAV/RRBI_arctic_a0042,"[26, 16, 13, 29, 13, 19, 26, 27, 8, 29, 36, 34, 30, 21, 8, 32, 26, 8, 42, 34, 4, 42, 7, 11, 4, 32, 14, 40, 6, 4, 36, 29, 7, 37]","[26, 16, 13, 29, 13, 19, 14, 26, 27, 8, 29, 36, 34, 30, 21, 8, 32, 26, 8, 42, 34, 4, 23, 7, 11, 4, 32, 14, 40, 6, 4, 36, 29, 7, 37]"
L2_arctic_WAV/RRBI_arctic_a0045,"[26, 27, 31, 39, 40, 19, 4, 41, 21, 8, 43, 42, 29, 41, 16, 8, 4, 38, 30, 27, 43, 42, 26, 27, 26, 43, 19, 29, 14, 31]","[26, 27, 31, 39, 23, 19, 4, 41, 7, 43, 36, 29, 41, 16, 8, 38, 30, 27, 43, 42, 26, 27, 26, 43, 19, 29, 14, 31]"
L2_arctic_WAV/RRBI_arctic_a0046,"[6, 4, 25, 3, 30, 24, 21, 8, 36, 38, 8, 31, 26, 3, 16, 8, 42, 11, 16, 8, 32, 8, 9, 41, 8, 12, 36, 14, 19, 4, 32, 24, 8, 35]","[6, 4, 25, 7, 30, 24, 7, 36, 38, 8, 31, 26, 3, 16, 8, 11, 16, 8, 32, 8, 9, 41, 8, 12, 36, 14, 19, 4, 32, 24, 8, 14]"
L2_arctic_WAV/RRBI_arctic_a0047,"[29, 30, 33, 13, 42, 18, 8, 36, 16, 8, 19, 26, 8, 31, 25, 30, 27, 31, 19, 6, 14, 41, 16, 8, 38, 24, 43, 9, 42, 14, 40, 6, 14, 41, 13, 30, 24, 19, 10, 25]","[29, 30, 10, 42, 18, 8, 36, 16, 8, 19, 26, 8, 31, 25, 30, 27, 31, 6, 14, 40, 16, 8, 38, 24, 43, 9, 42, 14, 40, 6, 14, 40, 13, 30, 24, 19, 10, 25]"
L2_arctic_WAV/RRBI_arctic_a0048,"[26, 27, 30, 13, 29, 38, 43, 38, 6, 4, 26, 43, 9, 29, 3, 37, 8, 24, 31, 10, 35, 29, 30, 33, 13, 36, 30, 27]","[26, 27, 30, 13, 29, 38, 43, 38, 6, 4, 26, 43, 9, 29, 14, 37, 8, 24, 31, 10, 35, 29, 30, 33, 13, 42, 30, 27]"
L2_arctic_WAV/RRBI_arctic_a0051,"[6, 4, 30, 21, 8, 36, 41, 14, 42, 14, 40, 4, 19, 7, 30, 4, 29, 4, 38, 16, 8, 40, 3, 27, 29, 14, 30, 3, 24, 21, 8, 32, 38, 30, 27, 38, 8, 32, 38, 8, 19, 41, 8, 6, 28, 7, 30, 33, 13]","[6, 4, 30, 21, 8, 36, 41, 14, 42, 14, 40, 4, 19, 7, 30, 4, 29, 4, 38, 16, 8, 40, 30, 27, 29, 14, 30, 3, 24, 8, 32, 38, 30, 27, 38, 8, 32, 38, 8, 19, 41, 8, 6, 28, 7, 30, 33, 13]"
L2_arctic_WAV/RRBI_arctic_a0052,"[8, 38, 41, 14, 42, 4, 29, 28, 13, 35, 27, 4, 36, 29, 33, 13, 8, 32, 36, 8, 19, 4, 32, 36]","[8, 38, 41, 14, 42, 4, 29, 28, 13, 30, 27, 4, 36, 29, 13, 8, 32, 36, 8, 19, 4, 32, 36]"
L2_arctic_WAV/RRBI_arctic_a0053,"[36, 14, 19, 4, 32, 30, 27, 26, 8, 42, 24, 8, 9, 25, 3, 42, 29, 30, 33, 13, 42, 19, 38, 16, 8, 38, 30, 27, 33, 13, 40, 3, 6, 4, 26, 43, 9, 29, 3, 37, 8, 24]","[36, 14, 19, 4, 32, 30, 27, 26, 8, 42, 24, 8, 9, 25, 3, 36, 29, 30, 33, 13, 36, 19, 16, 8, 19, 30, 27, 33, 13, 40, 3, 6, 4, 26, 43, 9, 29, 3, 37, 8, 24]"
L2_arctic_WAV/RRBI_arctic_a0054,"[6, 7, 35, 41, 4, 42, 32, 14, 12, 8, 9, 5, 32, 6, 14, 35, 5, 29]","[6, 7, 30, 41, 4, 42, 32, 14, 12, 8, 9, 5, 32, 19, 14, 30, 5, 29]"
L2_arctic_WAV/RRBI_arctic_a0058,"[16, 8, 29, 21, 8, 31, 24, 10, 35, 8, 32, 24, 10, 35, 31, 21, 8, 11, 4, 32, 31, 10, 35, 16, 13, 38, 14, 40, 29, 28, 13, 35, 27, 5, 36, 4, 38, 27, 6, 43, 32, 7, 32, 27, 12, 8, 9, 7, 30, 36]","[16, 8, 25, 21, 8, 31, 24, 10, 35, 8, 32, 24, 10, 35, 31, 21, 8, 11, 4, 32, 31, 10, 30, 16, 13, 38, 14, 40, 29, 28, 13, 30, 27, 5, 36, 4, 38, 27, 6, 43, 32, 7, 32, 27, 12, 8, 9, 7, 30, 36]"
L2_arctic_WAV/RRBI_arctic_a0059,"[26, 8, 42, 8, 31, 43, 29, 28, 39, 30, 8, 38, 4, 34, 8, 35, 4, 32, 36, 41, 5, 42, 25, 10, 32]","[26, 8, 42, 8, 31, 43, 29, 28, 39, 30, 7, 38, 4, 34, 8, 30, 4, 32, 36, 41, 5, 36, 25, 10, 32]"
L2_arctic_WAV/RRBI_arctic_a0060,"[7, 32, 27, 41, 21, 8, 32, 33, 13, 41, 14, 32, 36, 10, 26, 3, 30, 16, 8, 29, 6, 43, 38]","[7, 32, 27, 40, 7, 32, 33, 13, 41, 14, 32, 36, 10, 26, 3, 30, 16, 8, 29, 19, 43, 38]"
L2_arctic_WAV/RRBI_arctic_a0062,"[6, 4, 31, 7, 32, 36, 38, 7, 35, 19, 8, 32, 38, 39, 27, 37, 14, 6, 3, 42, 24, 21, 8, 36]","[6, 4, 31, 7, 32, 36, 38, 7, 35, 19, 8, 32, 38, 39, 27, 37, 14, 6, 3, 36, 24, 7, 36]"
L2_arctic_WAV/RRBI_arctic_a0063,"[28, 7, 36, 8, 38, 41, 14, 42, 4, 31, 43, 32, 26, 39, 43, 36, 38, 4, 36, 38, 35, 21, 8, 32, 20, 3]","[28, 7, 36, 8, 38, 41, 14, 42, 4, 31, 14, 32, 26, 39, 14, 36, 38, 4, 36, 38, 35, 21, 8, 32, 20, 3]"
L2_arctic_WAV/RRBI_arctic_a0064,"[6, 4, 24, 10, 35, 12, 43, 32, 19, 24, 8, 24, 12, 19, 21, 8, 42, 34, 43, 36, 38, 41, 8, 12, 16, 13, 38, 7, 32, 27, 19, 8, 40, 7, 30, 4, 34, 31, 4, 32, 38, 36]","[6, 4, 24, 10, 30, 12, 43, 32, 19, 24, 8, 24, 12, 19, 7, 42, 34, 14, 36, 38, 40, 8, 12, 16, 13, 38, 7, 32, 27, 19, 8, 40, 7, 30, 4, 34, 31, 4, 32, 38, 36]"
L2_arctic_WAV/RRBI_arctic_a0065,"[6, 21, 8, 29, 30, 33, 13, 42, 19, 32, 16, 13, 4, 32, 38, 8, 30, 26, 8, 42, 24, 8, 9, 25, 3, 42, 41, 3, 30, 16, 8, 29, 29, 10, 35, 19, 42, 14, 40, 36, 38, 27, 30]","[6, 21, 8, 29, 30, 33, 13, 42, 19, 32, 16, 13, 4, 32, 38, 8, 30, 26, 8, 42, 24, 8, 9, 25, 3, 42, 40, 7, 30, 16, 8, 29, 25, 10, 35, 19, 42, 14, 40, 36, 38, 27, 30]"
L2_arctic_WAV/RRBI_arctic_a0067,"[11, 13, 35, 30, 27, 16, 8, 41, 8, 30, 8, 29, 36, 29, 28, 39, 42, 28, 39, 11, 27, 29, 35, 16, 8, 19]","[11, 13, 35, 30, 27, 16, 8, 41, 8, 30, 8, 29, 36, 29, 28, 39, 42, 28, 39, 11, 27, 29, 30, 16, 8, 19]"
L2_arctic_WAV/RRBI_arctic_a0071,"[26, 41, 14, 38, 41, 5, 42, 6, 4, 5, 18, 20, 7, 29, 38, 14, 40, 28, 13, 35, 30, 8, 38, 4, 30, 36, 7, 32, 36, 21, 8, 11, 4, 32]","[26, 41, 14, 38, 41, 5, 42, 42, 4, 10, 18, 20, 7, 29, 38, 14, 40, 28, 3, 35, 30, 8, 38, 4, 30, 36, 7, 32, 36, 21, 8, 11, 4, 32]"
L2_arctic_WAV/RRBI_arctic_a0073,"[6, 14, 34, 35, 4, 31, 33, 13, 38, 3, 42, 16, 8, 42, 41, 3, 26, 7, 40, 27, 41, 8, 12, 30, 8, 38, 4, 30, 34, 14, 24, 27, 18, 43, 25, 42, 14, 32, 19, 3, 6, 7, 31]","[6, 14, 34, 35, 4, 31, 33, 13, 38, 3, 36, 16, 8, 42, 40, 3, 26, 7, 40, 27, 41, 8, 19, 30, 8, 38, 4, 30, 18, 14, 24, 27, 18, 43, 25, 42, 14, 32, 19, 3, 6, 7, 31]"
L2_arctic_WAV/RRBI_arctic_a0075,"[6, 7, 35, 26, 43, 42, 18, 8, 32, 4, 37, 21, 8, 32, 20, 11, 27, 8, 32, 38, 3, 14, 34, 38, 8, 19, 26, 8, 31]","[6, 7, 30, 26, 43, 42, 18, 27, 32, 4, 37, 8, 32, 20, 11, 27, 8, 32, 38, 30, 14, 34, 38, 8, 19, 26, 8, 31]"
L2_arctic_WAV/RRBI_arctic_a0076,"[6, 4, 25, 35, 21, 8, 16, 8, 42, 24, 5, 30, 38, 3, 19, 6, 14, 24, 30, 14, 11, 19, 27, 34, 4, 32, 19]","[6, 4, 25, 30, 21, 8, 16, 8, 36, 24, 43, 30, 38, 3, 19, 6, 14, 24, 30, 14, 11, 19, 27, 34, 4, 32, 19]"
L2_arctic_WAV/RRBI_arctic_a0077,"[8, 38, 8, 42, 6, 14, 24, 16, 8, 3, 34, 5, 35, 38, 30, 27, 11, 27, 36, 7, 19]","[8, 38, 8, 42, 6, 14, 24, 16, 8, 3, 34, 5, 35, 38, 30, 27, 11, 27, 36, 7, 19]"
L2_arctic_WAV/RRBI_arctic_a0078,"[6, 7, 32, 43, 32, 19, 43, 38, 36, 14, 34, 3, 26, 27, 38, 35, 16, 8, 19, 38, 39, 24, 43, 6, 4, 31, 26, 3]","[6, 7, 32, 43, 32, 19, 43, 38, 36, 14, 34, 3, 26, 27, 38, 35, 16, 8, 19, 38, 39, 24, 43, 6, 4, 31, 26, 3]"
L2_arctic_WAV/RRBI_arctic_a0079,"[8, 38, 41, 14, 42, 4, 30, 5, 35, 20, 29, 4, 32, 39]","[8, 38, 41, 14, 42, 4, 30, 5, 35, 20, 29, 4, 32, 39]"
L2_arctic_WAV/RRBI_arctic_a0081,"[26, 41, 14, 38, 8, 24, 11, 27, 19, 8, 19, 32, 5, 38, 29, 14, 31, 38, 4, 6, 14, 35, 5, 29]","[26, 41, 14, 38, 8, 24, 11, 27, 19, 8, 19, 32, 5, 38, 29, 14, 31, 38, 4, 6, 14, 30, 5, 29]"
L2_arctic_WAV/RRBI_arctic_a0082,"[26, 8, 42, 24, 21, 8, 36, 41, 5, 42, 36, 38, 35, 27, 31, 8, 9, 41, 8, 6, 18, 30, 14, 19]","[26, 8, 42, 24, 8, 36, 41, 5, 36, 36, 38, 35, 27, 31, 8, 9, 41, 8, 6, 18, 30, 14, 19]"
L2_arctic_WAV/RRBI_arctic_a0085,"[4, 38, 35, 8, 29, 4, 30, 14, 40, 24, 35, 7, 11, 18, 30, 14, 19, 35, 43, 32, 33, 13, 40, 3, 26, 8, 42, 24, 21, 8, 36]","[4, 38, 35, 8, 29, 4, 30, 14, 40, 24, 35, 7, 11, 18, 30, 3, 19, 30, 43, 32, 33, 13, 40, 3, 26, 8, 42, 24, 21, 8, 36]"
L2_arctic_WAV/RRBI_arctic_a0086,"[19, 7, 12, 26, 43, 19, 29, 14, 31, 41, 8, 12, 38, 7, 35, 4, 18, 4, 30, 36, 14, 19, 4, 32, 32, 4, 36]","[19, 7, 12, 26, 43, 36, 29, 14, 31, 41, 8, 12, 38, 7, 35, 4, 18, 4, 30, 36, 14, 19, 4, 32, 32, 4, 36]"
L2_arctic_WAV/RRBI_arctic_a0088,"[26, 27, 31, 21, 8, 19, 11, 13, 35, 6, 43, 38, 6, 4, 31, 43, 25, 4, 42, 27, 32, 41, 14, 42, 30, 33, 13, 19, 8, 19, 43, 32, 19, 35, 8, 42, 39, 31, 19, 26, 8, 42, 34, 43, 19, 30, 8, 9]","[26, 27, 31, 21, 8, 19, 11, 13, 35, 6, 43, 38, 6, 4, 31, 43, 25, 4, 42, 27, 32, 41, 14, 42, 30, 10, 19, 8, 19, 43, 32, 19, 35, 8, 42, 39, 31, 19, 26, 8, 42, 34, 43, 19, 30, 8, 9]"
L2_arctic_WAV/RRBI_arctic_a0089,"[6, 4, 32, 16, 8, 38, 25, 30, 33, 13, 41, 10, 42, 38, 35, 7, 37, 3, 4, 36, 38, 39, 11, 39, 38, 18, 16, 8]","[6, 4, 32, 16, 8, 38, 25, 30, 33, 13, 41, 10, 36, 38, 35, 7, 37, 30, 4, 36, 38, 39, 11, 39, 38, 18, 16, 8]"
L2_arctic_WAV/RRBI_arctic_a0090,"[6, 14, 36, 8, 9, 8, 9, 40, 10, 8, 36, 4, 34, 35, 33, 13, 37, 38, 35, 43, 34, 4, 19, 30, 27]","[6, 14, 36, 8, 9, 8, 9, 40, 16, 8, 36, 4, 34, 30, 33, 13, 37, 38, 35, 43, 34, 4, 19, 30, 27]"
L2_arctic_WAV/RRBI_arctic_a0091,"[26, 8, 42, 18, 30, 14, 19, 25, 35, 39, 26, 5, 38, 41, 8, 12, 35, 21, 8, 20, 43, 38, 6, 14, 12, 10, 38]","[26, 8, 42, 18, 30, 14, 19, 25, 39, 26, 5, 38, 41, 8, 12, 35, 21, 8, 20, 43, 38, 6, 14, 12, 10, 38]"
L2_arctic_WAV/RRBI_arctic_a0092,"[26, 27, 41, 7, 32, 38, 19, 16, 13, 32, 8, 32, 31, 8, 19, 36, 38, 35, 27, 31, 36, 3, 37, 8, 9, 6, 4, 11, 43, 19, 33, 13, 42, 14, 40, 18, 33, 13, 12, 11, 10, 35, 42]","[26, 27, 41, 7, 32, 38, 19, 16, 13, 32, 8, 32, 31, 8, 19, 36, 38, 35, 27, 31, 36, 3, 37, 8, 9, 6, 4, 11, 43, 19, 33, 13, 42, 14, 40, 18, 13, 12, 11, 10, 35, 36]"
L2_arctic_WAV/RRBI_arctic_a0093,"[24, 10, 35, 4, 24, 13, 30, 31, 8, 32, 4, 38, 26, 27, 29, 35, 16, 13, 37, 38, 43, 32, 19, 30, 8, 36, 4, 32, 19]","[24, 10, 35, 4, 24, 13, 30, 31, 8, 32, 4, 38, 26, 27, 29, 30, 16, 13, 37, 38, 43, 32, 19, 30, 8, 36, 4, 32, 19]"
L2_arctic_WAV/RRBI_arctic_a0094,"[26, 27, 26, 43, 19, 18, 7, 35, 30, 27, 7, 32, 38, 3, 19, 6, 8, 36, 41, 7, 32, 26, 27, 36, 10, 6, 4, 25, 30, 33, 13, 14, 40, 4, 24, 16, 8, 3]","[26, 27, 26, 43, 19, 18, 7, 35, 30, 27, 7, 32, 38, 3, 19, 6, 8, 36, 41, 7, 32, 26, 27, 36, 10, 6, 4, 25, 30, 33, 13, 14, 40, 4, 24, 16, 8, 3]"
L2_arctic_WAV/RRBI_arctic_a0095,"[4, 18, 8, 25, 29, 43, 32, 40, 4, 36, 38, 7, 32, 38, 41, 14, 42, 6, 4, 24, 3, 36, 38, 12, 8, 9, 38, 39, 29, 14, 31, 41, 8, 12, 8, 32, 26, 8, 42, 40, 8, 15, 4, 32]","[4, 18, 8, 25, 25, 43, 32, 40, 4, 36, 19, 7, 32, 38, 41, 14, 42, 6, 4, 24, 3, 36, 38, 12, 8, 9, 38, 39, 29, 14, 31, 41, 8, 12, 8, 32, 26, 8, 42, 40, 8, 15, 4, 32]"
L2_arctic_WAV/RRBI_arctic_a0096,"[34, 3, 26, 43, 34, 36, 11, 27, 26, 43, 19, 10, 30, 35, 7, 19, 27, 31, 7, 38, 26, 3, 24, 21, 8, 38, 4, 30, 8, 38, 4, 30, 19, 27, 34, 3, 8, 32, 6, 14, 24, 10, 35, 4, 36, 38]","[34, 3, 26, 43, 34, 36, 11, 27, 26, 43, 19, 10, 30, 30, 7, 19, 27, 31, 7, 38, 26, 3, 24, 8, 38, 4, 30, 8, 38, 4, 30, 19, 27, 34, 3, 8, 32, 6, 14, 24, 10, 30, 4, 36, 38]"
L2_arctic_WAV/RRBI_arctic_a0097,"[6, 7, 32, 28, 39, 29, 4, 32, 3, 21, 8, 32, 20, 28, 13, 35, 36, 7, 30, 24, 29, 14, 31, 24, 3, 38, 4, 18, 30, 27, 4, 31, 14, 9, 6, 27, 42, 35, 33, 13, 18, 42, 8, 32, 6, 4, 18, 33, 13]","[6, 7, 32, 28, 39, 29, 4, 32, 30, 21, 8, 32, 20, 28, 13, 35, 36, 7, 30, 24, 29, 14, 31, 24, 3, 38, 4, 18, 30, 27, 4, 31, 14, 9, 6, 27, 42, 30, 10, 18, 42, 8, 32, 6, 4, 18, 33, 13]"
L2_arctic_WAV/RRBI_arctic_a0098,"[11, 43, 30, 16, 8, 29, 43, 35, 27, 28, 39]","[11, 43, 30, 16, 8, 29, 43, 35, 27, 28, 39]"
L2_arctic_WAV/RRBI_arctic_a0099,"[4, 31, 43, 19, 32, 8, 9, 20, 10, 8, 34, 16, 13, 32, 19, 8, 19, 8, 32, 26, 8, 42, 18, 35, 21, 8, 32]","[4, 31, 43, 35, 19, 32, 8, 9, 20, 10, 8, 18, 10, 32, 19, 8, 35, 19, 8, 32, 26, 3, 18, 35, 21, 8, 32]"
L2_arctic_WAV/RRBI_arctic_a0100,"[28, 39, 31, 14, 36, 38, 36, 30, 27, 34, 26, 27, 3, 35, 20, 19]","[28, 39, 31, 14, 36, 36, 30, 27, 34, 26, 27, 14, 20, 19]"
L2_arctic_WAV/RRBI_arctic_a0101,"[28, 39, 28, 39, 41, 13, 19, 32, 5, 38, 29, 27, 34, 6, 4, 38, 35, 39, 12, 24, 35, 14, 31, 31, 27]","[28, 39, 28, 39, 41, 13, 19, 32, 10, 38, 25, 27, 34, 19, 4, 38, 35, 39, 38, 24, 35, 14, 31, 31, 27]"
L2_arctic_WAV/RRBI_arctic_a0102,"[26, 27, 41, 8, 30, 24, 5, 30, 33, 13, 14, 36, 36, 39, 32]","[26, 27, 40, 8, 30, 24, 10, 30, 33, 13, 14, 36, 36, 39, 32]"
L2_arctic_WAV/RRBI_arctic_a0103,"[18, 14, 38, 6, 7, 35, 29, 21, 8, 31, 32, 33, 13, 34, 35, 5, 31, 4, 36, 24, 35, 14, 31, 6, 14, 18, 33, 13, 14, 40, 6, 4, 29, 4, 32, 39]","[18, 14, 35, 38, 19, 7, 35, 29, 21, 8, 31, 32, 33, 13, 34, 35, 10, 31, 4, 36, 24, 35, 14, 31, 19, 14, 18, 33, 13, 14, 40, 19, 4, 29, 43, 32, 10, 8]"
L2_arctic_WAV/RRBI_arctic_a0104,"[11, 27, 41, 4, 42, 36, 30, 27, 34, 8, 9, 14, 32, 19, 3, 26, 8, 42, 34, 4, 38, 7, 29, 11, 4, 32, 43, 42, 36, 41, 27, 38, 30, 27, 43, 42, 4, 37, 16, 8, 30, 19]","[11, 27, 41, 4, 42, 36, 30, 27, 34, 8, 9, 14, 32, 19, 4, 26, 8, 42, 34, 33, 13, 35, 38, 7, 29, 11, 4, 32, 43, 42, 36, 40, 27, 38, 30, 27, 43, 42, 4, 37, 16, 8, 30, 19]"
L2_arctic_WAV/RRBI_arctic_a0105,"[33, 13, 32, 30, 27, 8, 38, 8, 42, 36, 33, 13, 41, 14, 32, 19, 3, 24, 4, 30, 36, 33, 13, 10, 30, 31, 33, 13, 36, 38, 8, 31, 34, 5, 36, 4, 18, 4, 30, 38, 4, 18, 8, 30, 27, 40]","[33, 13, 32, 30, 27, 8, 38, 8, 42, 36, 33, 13, 40, 14, 32, 19, 3, 24, 13, 30, 36, 33, 13, 10, 30, 31, 33, 13, 36, 38, 8, 31, 18, 5, 36, 4, 18, 4, 30, 38, 4, 18, 8, 30, 27, 40]"
L2_arctic_WAV/RRBI_arctic_a0106,"[6, 4, 8, 31, 33, 13, 11, 4, 32, 41, 8, 37, 11, 27, 26, 43, 19, 36, 4, 34, 35, 7, 36, 38, 18, 3, 36, 38, 24, 10, 35, 12, 32, 16, 13, 8, 32, 4, 37, 33, 13, 29, 8, 9, 36, 5, 18]","[19, 4, 8, 31, 33, 13, 11, 4, 32, 40, 8, 37, 11, 27, 26, 43, 35, 19, 36, 4, 18, 35, 7, 36, 38, 18, 35, 3, 36, 38, 24, 10, 35, 38, 32, 16, 13, 8, 32, 4, 37, 10, 29, 8, 9, 36, 10, 18]"
L2_arctic_WAV/RRBI_arctic_a0107,"[8, 24, 28, 39, 33, 13, 32, 30, 27, 29, 13, 19, 32, 33, 13, 26, 16, 13, 16, 8, 12, 43, 9, 29, 28, 39]","[8, 24, 28, 39, 33, 13, 32, 30, 27, 29, 13, 19, 32, 33, 13, 26, 16, 13, 16, 8, 12, 43, 9, 29, 28, 39]"
L2_arctic_WAV/RRBI_arctic_a0108,"[26, 27, 41, 21, 8, 19, 8, 19, 8, 32, 38, 39, 6, 14, 7, 20, 14, 40, 6, 14, 41, 10, 38, 3, 43, 32, 19, 18, 8, 25, 43, 32, 36, 29, 35, 14, 18, 8, 9, 26, 8, 31, 36, 7, 30, 24]","[26, 27, 40, 21, 8, 19, 8, 35, 19, 8, 32, 19, 39, 19, 14, 7, 20, 14, 40, 19, 14, 41, 10, 38, 3, 35, 43, 32, 19, 18, 8, 25, 43, 32, 36, 29, 35, 14, 18, 8, 9, 26, 8, 31, 36, 7, 30, 24]"
L2_arctic_WAV/RRBI_arctic_a0109,"[19, 39, 28, 39, 32, 33, 13, 6, 43, 38, 28, 39, 3, 11, 21, 8, 29, 8, 9, 31, 16, 8, 29, 5, 32, 24, 4, 19, 4, 32, 36, 8, 32, 28, 39]","[19, 39, 28, 39, 32, 33, 13, 19, 43, 35, 38, 28, 39, 3, 11, 21, 8, 29, 8, 9, 31, 16, 8, 29, 10, 32, 24, 4, 19, 4, 32, 36, 8, 32, 28, 39]"
L2_arctic_WAV/RRBI_arctic_a0111,"[8, 32, 36, 38, 7, 19, 26, 27, 20, 10, 8, 32, 19, 26, 3, 4, 32, 19, 6, 21, 8, 21, 8, 38, 30, 16, 8, 29, 38, 39, 26, 14, 9, 25, 35, 27, 37, 8, 30, 19, 35, 4, 32]","[8, 32, 36, 38, 7, 35, 19, 26, 27, 20, 10, 8, 35, 32, 19, 26, 3, 4, 32, 19, 19, 21, 8, 21, 8, 38, 30, 16, 8, 29, 38, 39, 26, 14, 9, 25, 35, 27, 37, 8, 30, 19, 35, 4, 32]"
L2_arctic_WAV/RRBI_arctic_a0112,"[26, 27, 41, 14, 42, 41, 39, 32, 19, 8, 19, 8, 32, 6, 4, 5, 35, 31]","[26, 27, 40, 14, 42, 41, 39, 32, 19, 8, 35, 19, 8, 32, 19, 4, 5, 31]"
L2_arctic_WAV/RRBI_arctic_a0113,"[16, 8, 36, 4, 34, 33, 13, 42, 28, 39, 34, 8, 29, 38, 6, 43, 38, 30, 8, 9, 25, 33, 13, 14, 34, 4, 31, 14, 9, 6, 4, 8, 32, 19, 27, 4, 32, 42]","[16, 8, 36, 4, 18, 33, 13, 42, 28, 39, 18, 8, 35, 29, 38, 19, 43, 38, 30, 8, 9, 25, 33, 13, 14, 34, 4, 31, 10, 9, 19, 4, 8, 32, 19, 27, 4, 32, 42]"
L2_arctic_WAV/RRBI_arctic_a0115,"[26, 27, 26, 43, 19, 32, 33, 13, 8, 29, 36, 29, 28, 39, 42, 24, 10, 35, 6, 4, 24, 27, 30, 8, 9, 42, 41, 8, 37, 41, 3, 3, 16, 13, 42, 19, 8, 32, 26, 8, 31]","[26, 27, 26, 43, 19, 32, 33, 13, 8, 36, 29, 28, 39, 42, 24, 10, 35, 19, 4, 24, 27, 30, 8, 9, 42, 41, 8, 37, 40, 3, 3, 33, 13, 42, 19, 8, 32, 26, 8, 31]"
L2_arctic_WAV/RRBI_arctic_a0116,"[41, 14, 42, 8, 38, 6, 14, 35, 5, 32, 19, 8, 40, 39, 14, 40, 6, 33, 13, 42, 26, 39, 41, 3, 36, 38, 35, 16, 8, 40, 8, 9, 38, 4, 41, 3, 35, 29, 26, 8, 42, 35, 39, 8, 32]","[41, 14, 42, 8, 38, 19, 14, 35, 35, 7, 32, 19, 8, 40, 39, 36, 14, 40, 19, 33, 13, 42, 26, 39, 41, 3, 36, 38, 35, 16, 8, 29, 8, 9, 38, 13, 40, 14, 29, 26, 8, 36, 35, 39, 8, 32]"
L2_arctic_WAV/RRBI_arctic_a0117,"[11, 27, 43, 19, 8, 19, 41, 8, 6, 20, 7, 32, 28, 4, 41, 4, 32, 36, 8, 31, 34, 4, 12, 27, 8, 32, 26, 3, 24, 21, 8, 36, 43, 32, 19, 40, 10, 8, 36]","[11, 27, 43, 19, 8, 35, 19, 40, 8, 6, 20, 7, 32, 28, 4, 41, 4, 32, 36, 8, 31, 34, 4, 19, 27, 8, 32, 26, 3, 35, 24, 21, 8, 36, 43, 32, 19, 41, 10, 8, 36]"
L2_arctic_WAV/RRBI_arctic_a0120,"[31, 16, 8, 35, 16, 8, 38, 24, 13, 38, 24, 27, 30, 42, 30, 16, 8, 29, 6, 43, 38, 14, 40, 4, 37, 16, 8, 32, 27, 42, 19, 7, 18, 28, 4, 38, 5, 32, 38]","[31, 16, 8, 35, 16, 8, 35, 38, 24, 39, 38, 24, 27, 30, 36, 30, 16, 8, 29, 19, 43, 38, 10, 40, 4, 37, 16, 8, 32, 27, 42, 19, 7, 18, 28, 4, 38, 4, 35, 32, 38]"
L2_arctic_WAV/RRBI_arctic_a0121,"[6, 21, 8, 21, 8, 38, 19, 8, 32, 3, 43, 38, 6, 4, 24, 8, 24, 12, 4, 32, 19, 35, 7, 36, 38, 4, 19, 24, 10, 35, 38, 39, 16, 13, 3, 42]","[19, 21, 8, 21, 8, 35, 38, 19, 8, 32, 3, 43, 35, 38, 19, 4, 24, 4, 24, 38, 4, 32, 19, 35, 7, 36, 38, 4, 35, 19, 24, 10, 35, 19, 39, 16, 13, 3, 36]"
L2_arctic_WAV/RRBI_arctic_a0122,"[38, 39, 28, 3, 42, 4, 25, 33, 13, 16, 8, 25, 21, 8, 40, 14, 34, 36, 8, 40, 4, 30, 8, 42, 21, 8, 11, 4, 32, 24, 10, 35, 6, 8, 36]","[38, 39, 28, 3, 42, 4, 25, 33, 13, 16, 8, 25, 21, 8, 40, 14, 34, 36, 8, 40, 4, 30, 8, 21, 8, 11, 4, 32, 24, 10, 35, 19, 8, 36]"
L2_arctic_WAV/RRBI_arctic_a0123,"[11, 27, 26, 43, 19, 19, 16, 8, 19, 24, 35, 14, 31, 29, 33, 13, 30, 19, 43, 32, 19, 36, 38, 5, 35, 40, 21, 8, 11, 4, 32]","[11, 27, 26, 43, 35, 19, 19, 16, 8, 35, 19, 24, 35, 14, 31, 29, 33, 13, 30, 19, 43, 32, 19, 36, 38, 5, 40, 21, 8, 11, 4, 32]"
L2_arctic_WAV/RRBI_arctic_a0125,"[26, 27, 41, 4, 42, 19, 8, 38, 3, 31, 4, 32, 19, 32, 16, 13, 38, 39, 31, 21, 8, 32, 38, 21, 8, 32, 4, 31, 10, 35, 36, 3, 38, 4, 32, 26, 33, 13, 30, 19, 4, 34, 5, 32, 26, 8, 31, 36, 7, 30, 24]","[26, 27, 41, 4, 42, 19, 8, 38, 3, 31, 16, 8, 35, 32, 19, 32, 16, 13, 19, 39, 31, 21, 8, 32, 19, 21, 8, 32, 4, 31, 10, 35, 36, 3, 35, 38, 4, 32, 26, 33, 13, 30, 19, 4, 34, 5, 32, 26, 8, 31, 36, 7, 30, 24]"
L2_arctic_WAV/RRBI_arctic_a0126,"[27, 37, 19, 21, 8, 11, 27, 18, 8, 29, 21, 8, 31, 4, 31, 10, 35, 40, 16, 8, 38, 4, 30, 34, 5, 35, 38, 14, 40, 26, 8, 31]","[27, 37, 19, 21, 8, 11, 27, 18, 8, 29, 21, 8, 31, 4, 31, 10, 35, 41, 16, 8, 38, 4, 30, 18, 5, 35, 38, 14, 40, 26, 8, 31]"
L2_arctic_WAV/RRBI_arctic_a0127,"[8, 38, 41, 10, 42, 4, 38, 7, 31, 38, 21, 8, 11, 4, 32, 18, 14, 38, 26, 27, 35, 8, 42, 8, 36, 38, 8, 19, 8, 38]","[8, 35, 38, 41, 10, 42, 4, 19, 7, 31, 19, 21, 8, 11, 4, 32, 18, 14, 35, 38, 26, 27, 35, 8, 42, 8, 36, 38, 8, 35, 19, 8, 38]"
L2_arctic_WAV/RRBI_arctic_a0128,"[6, 8, 36, 41, 14, 32, 26, 33, 13, 34, 41, 14, 42, 19, 8, 36, 38, 35, 10, 8, 19, 43, 42, 29, 41, 8, 29, 30, 27, 43, 42, 8, 38, 41, 4, 42, 18, 10, 35, 32]","[19, 8, 36, 40, 14, 32, 26, 33, 13, 24, 40, 14, 42, 19, 8, 36, 38, 35, 10, 8, 35, 19, 43, 42, 25, 41, 8, 29, 30, 27, 43, 42, 8, 38, 40, 4, 42, 18, 10, 32]"
L2_arctic_WAV/RRBI_arctic_a0129,"[26, 3, 35, 24, 21, 8, 36, 41, 10, 42, 4, 25, 7, 32, 36, 38, 26, 8, 42, 18, 35, 7, 36, 38]","[26, 3, 35, 24, 21, 8, 36, 41, 10, 42, 4, 25, 7, 32, 36, 38, 26, 8, 42, 18, 35, 7, 36, 38]"
L2_arctic_WAV/RRBI_arctic_a0130,"[11, 27, 41, 5, 42, 26, 8, 42, 32, 16, 13, 24, 3, 7, 40, 3]","[11, 27, 41, 5, 42, 26, 8, 42, 32, 16, 13, 24, 3, 7, 40, 3]"
L2_arctic_WAV/RRBI_arctic_a0131,"[34, 35, 5, 40, 4, 19, 4, 32, 36, 26, 43, 19, 19, 8, 30, 8, 40, 3, 35, 19, 26, 8, 31, 12, 35, 39, 6, 14, 31, 21, 8, 30, 36, 38, 35, 4, 31]","[34, 35, 33, 13, 40, 8, 19, 4, 32, 36, 26, 43, 35, 19, 19, 8, 30, 8, 40, 3, 19, 26, 8, 31, 19, 35, 39, 19, 14, 31, 21, 8, 30, 36, 38, 35, 10, 31]"
L2_arctic_WAV/RRBI_arctic_a0134,"[26, 27, 33, 13, 18, 21, 8, 19, 6, 4, 34, 35, 7, 11, 3, 14, 40, 26, 3, 26, 43, 32, 19]","[26, 27, 33, 13, 18, 21, 8, 35, 19, 19, 4, 34, 35, 7, 11, 3, 10, 24, 26, 3, 26, 43, 32, 19]"
L2_arctic_WAV/RRBI_arctic_a0136,"[4, 18, 16, 13, 38, 26, 8, 31, 7, 40, 35, 27, 41, 7, 35, 41, 3, 35, 6, 4, 7, 40, 4, 19, 4, 32, 36, 4, 42, 14, 40, 30, 14, 25, 15, 3, 27, 43, 32, 19, 14, 40, 21, 8, 20]","[4, 18, 10, 38, 26, 8, 31, 7, 40, 35, 27, 40, 7, 35, 41, 7, 35, 19, 4, 7, 40, 8, 19, 4, 32, 36, 4, 36, 10, 40, 30, 14, 25, 15, 3, 27, 43, 32, 19, 14, 40, 21, 8, 20]"
L2_arctic_WAV/RRBI_arctic_a0137,"[6, 7, 32, 26, 27, 36, 38, 7, 34, 38, 18, 43, 29, 41, 8, 12, 4, 30, 33, 13, 29, 35, 16, 8, 14, 40, 34, 30, 7, 15, 3, 35]","[19, 7, 32, 26, 27, 36, 38, 7, 34, 38, 18, 43, 38, 41, 8, 12, 4, 30, 33, 13, 29, 35, 16, 8, 10, 40, 34, 30, 7, 15, 3]"
L2_arctic_WAV/RRBI_arctic_a0139,"[26, 27, 38, 33, 13, 30, 19, 26, 8, 31, 36, 7, 30, 24, 6, 43, 38, 43, 42, 26, 27, 41, 5, 11, 38, 26, 8, 31, 36, 7, 30, 24, 43, 32, 19, 25, 35, 39, 31, 19, 26, 8, 42, 19, 8, 11, 7, 40, 4, 30, 19, 29, 30, 33, 13, 6, 42]","[26, 27, 19, 33, 13, 30, 19, 26, 8, 31, 36, 7, 30, 24, 19, 43, 35, 38, 43, 42, 26, 27, 41, 5, 11, 38, 26, 8, 31, 36, 7, 30, 24, 43, 32, 19, 25, 35, 39, 31, 19, 26, 8, 42, 19, 8, 36, 26, 7, 40, 30, 19, 29, 30, 33, 13, 38, 36]"
L2_arctic_WAV/RRBI_arctic_a0144,"[18, 14, 38, 6, 7, 35, 41, 14, 42, 36, 14, 31, 12, 8, 9, 27, 40, 8, 32, 31, 10, 35, 36, 38, 5, 35, 38, 30, 8, 9, 6, 43, 32, 26, 8, 42, 35, 8, 42, 7, 31, 18, 30, 4, 32, 36]","[18, 14, 6, 7, 35, 41, 14, 36, 36, 14, 31, 38, 8, 9, 27, 40, 8, 32, 31, 10, 36, 38, 5, 38, 30, 8, 9, 6, 43, 32, 26, 8, 42, 35, 8, 36, 7, 31, 18, 30, 4, 32, 36]"
L2_arctic_WAV/RRBI_arctic_a0159,"[6, 21, 8, 30, 13, 29, 43, 42, 6, 33, 13, 26, 27, 26, 43, 19, 18, 8, 32, 19, 35, 14, 31, 8, 9, 4, 34, 27, 43, 32, 4, 10, 30, 26, 8, 42, 30, 16, 8, 24]","[6, 7, 30, 13, 29, 43, 42, 6, 10, 26, 27, 26, 43, 19, 18, 8, 32, 19, 35, 14, 31, 34, 8, 9, 4, 34, 27, 5, 32, 4, 10, 30, 26, 8, 42, 30, 16, 8, 24]"
L2_arctic_WAV/RRBI_arctic_a0168,"[4, 30, 33, 13, 18, 13, 11, 26, 41, 8, 34, 38, 26, 8, 31, 8, 32, 6, 4, 24, 21, 8, 36, 43, 32, 19, 30, 7, 24, 38, 32, 33, 13, 36, 38, 8, 9]","[4, 30, 10, 18, 13, 11, 41, 8, 34, 38, 26, 8, 31, 8, 32, 6, 4, 24, 7, 36, 43, 32, 30, 7, 24, 38, 32, 10, 36, 38, 8, 9]"
L2_arctic_WAV/RRBI_arctic_a0178,"[7, 40, 35, 27, 18, 33, 13, 32, 8, 32, 26, 3, 21, 8, 20, 19, 18, 5, 19, 27, 36, 27, 31, 19, 18, 35, 33, 13, 29, 4, 32, 10, 35, 19, 8, 36, 30, 33, 13, 29, 21, 8, 38, 8, 19]","[7, 40, 35, 27, 18, 10, 32, 8, 32, 26, 3, 7, 15, 19, 18, 10, 19, 27, 36, 27, 31, 19, 18, 35, 10, 29, 4, 32, 10, 35, 19, 8, 36, 30, 10, 29, 21, 8, 38, 8, 19]"
L2_arctic_WAV/RRBI_arctic_a0188,"[38, 39, 20, 16, 8, 25, 43, 32, 38, 8, 29, 16, 13, 30, 42, 41, 3, 38, 8, 35, 8, 9, 43, 38, 6, 4, 29, 5, 35, 29, 4, 36]","[38, 39, 20, 16, 8, 20, 43, 32, 38, 8, 29, 16, 13, 30, 36, 41, 7, 35, 38, 8, 35, 8, 9, 43, 38, 6, 4, 29, 5, 35, 29, 4, 36]"
L2_arctic_WAV/RRBI_arctic_a0191,"[24, 35, 3, 4, 38, 16, 8, 31, 6, 4, 8, 29, 36, 16, 8, 38, 8, 9, 12, 35, 8, 30, 14, 40, 26, 8, 42, 43, 19, 40, 7, 32, 37, 3, 41, 10, 42, 25, 10, 32]","[24, 3, 4, 38, 5, 31, 6, 4, 7, 29, 36, 16, 8, 38, 8, 9, 38, 35, 8, 30, 14, 24, 26, 8, 42, 43, 19, 40, 7, 32, 37, 4, 41, 10, 42, 25, 10, 32]"
L2_arctic_WAV/RRBI_arctic_a0199,"[6, 14, 36, 26, 43, 19, 6, 4, 35, 5, 41, 8, 30, 19, 3, 32, 4, 36, 34, 35, 27, 34, 7, 35, 19, 26, 8, 31, 24, 10, 35, 6, 8, 36, 19, 21, 8]","[19, 14, 42, 26, 43, 19, 6, 4, 35, 5, 41, 16, 8, 30, 19, 4, 32, 4, 36, 34, 35, 27, 34, 7, 19, 26, 8, 31, 24, 10, 6, 8, 36, 19, 7]"
L2_arctic_WAV/RRBI_arctic_a0208,"[28, 39, 12, 26, 43, 19, 29, 14, 31, 18, 43, 29, 38, 39, 26, 3, 24, 35, 27, 19, 24, 35, 14, 31, 6, 27, 28, 33, 13, 29, 14, 40, 4, 34, 35, 7, 11, 4, 32]","[28, 39, 38, 26, 43, 19, 29, 14, 31, 18, 43, 38, 39, 26, 3, 24, 35, 27, 19, 24, 35, 14, 31, 6, 4, 28, 10, 29, 14, 24, 4, 34, 35, 7, 11, 4, 32]"
L2_arctic_WAV/RRBI_arctic_a0214,"[18, 8, 36, 16, 8, 19, 42, 26, 27, 41, 4, 42, 34, 21, 8, 19, 41, 14, 32, 29, 21, 8, 36, 14, 40, 38, 4, 18, 43, 29, 33, 13, 34, 3, 26, 7, 19]","[18, 8, 36, 16, 8, 19, 42, 26, 27, 41, 4, 42, 34, 7, 19, 41, 14, 32, 29, 7, 36, 14, 24, 38, 4, 18, 5, 29, 33, 13, 34, 3, 26, 7, 19]"
L2_arctic_WAV/RRBI_arctic_a0246,"[28, 39, 26, 43, 40, 26, 3, 19, 10, 30, 41, 21, 8, 42, 26, 16, 13, 26, 27, 41, 10, 42, 6, 4, 30, 14, 40, 3, 4, 40, 6, 14, 34, 35, 8, 32, 36, 7, 36, 32, 21, 8, 33, 13, 31, 27]","[28, 39, 26, 43, 40, 26, 3, 19, 10, 30, 41, 7, 42, 26, 16, 13, 26, 27, 41, 10, 42, 6, 4, 30, 14, 40, 3, 4, 40, 6, 14, 34, 35, 8, 32, 36, 7, 42, 32, 16, 8, 10, 31, 27]"
L2_arctic_WAV/RRBI_arctic_a0255,"[28, 39, 41, 33, 13, 32, 38, 19, 16, 8, 14, 40, 31, 43, 30, 32, 39, 38, 35, 8, 11, 4, 32, 18, 27, 11, 13, 35, 4, 40, 6, 43, 38]","[28, 39, 41, 33, 13, 32, 19, 16, 8, 14, 24, 31, 5, 30, 32, 39, 38, 35, 8, 11, 4, 32, 18, 27, 11, 10, 35, 4, 40, 6, 43, 38]"
L2_arctic_WAV/RRBI_arctic_a0266,"[6, 21, 8, 26, 43, 32, 19, 4, 30, 19, 38, 39, 31, 7, 32, 10, 30, 35, 7, 19, 27, 18, 33, 13, 12, 25, 35, 14, 18, 12, 27, 40, 42]","[6, 7, 26, 43, 32, 19, 4, 30, 38, 39, 31, 7, 32, 10, 30, 35, 7, 19, 27, 18, 10, 38, 25, 35, 14, 38, 27, 40, 36]"
L2_arctic_WAV/RRBI_arctic_a0269,"[6, 43, 38, 36, 41, 7, 35, 6, 21, 8, 29, 14, 38, 10, 24, 6, 4, 36, 29, 5, 38, 8, 11, 37, 27, 24, 36, 43, 32, 19, 29, 8, 30, 19, 10, 30, 26, 43, 32, 19, 42]","[19, 43, 38, 36, 41, 7, 35, 6, 7, 29, 14, 38, 10, 24, 6, 4, 36, 29, 10, 38, 8, 11, 37, 7, 24, 36, 43, 32, 19, 29, 8, 30, 19, 10, 30, 26, 43, 32, 19, 42]"
L2_arctic_WAV/RRBI_arctic_a0272,"[28, 39, 29, 4, 32, 38, 21, 8, 29, 4, 40, 21, 8, 29, 21, 8, 11, 4, 32, 5, 32, 34, 21, 8]","[28, 39, 29, 4, 32, 38, 7, 29, 4, 40, 7, 29, 7, 11, 4, 32, 5, 32, 34, 7]"
L2_arctic_WAV/RRBI_arctic_a0282,"[8, 24, 28, 39, 31, 27, 32, 38, 39, 8, 32, 36, 8, 32, 28, 39, 21, 8, 38, 18, 35, 7, 32, 38, 41, 13, 19, 18, 8, 25, 43, 32, 26, 5, 38, 30, 27]","[8, 24, 28, 39, 31, 27, 32, 38, 39, 8, 32, 36, 8, 32, 28, 39, 7, 38, 18, 35, 7, 32, 38, 41, 13, 19, 18, 8, 25, 43, 32, 26, 10, 38, 30, 27]"
L2_arctic_WAV/RRBI_arctic_a0292,"[26, 27, 35, 8, 32, 6, 14, 31, 8, 19, 31, 10, 35, 32, 8, 9, 6, 14, 24, 3, 36, 38, 29, 43, 15, 4, 30, 38, 27, 4, 29, 3, 19]","[26, 27, 4, 8, 32, 6, 14, 31, 8, 19, 31, 10, 32, 8, 9, 6, 14, 24, 4, 36, 38, 29, 43, 15, 4, 5, 30, 38, 27, 4, 29, 3, 19]"
L2_arctic_WAV/RRBI_arctic_a0301,"[18, 14, 38, 10, 30, 31, 16, 8, 19, 35, 27, 31, 42, 40, 16, 8, 4, 30, 21, 8, 38, 8, 19, 6, 8, 36, 30, 10]","[18, 14, 38, 10, 30, 31, 16, 8, 19, 35, 27, 31, 36, 40, 16, 8, 4, 30, 7, 38, 8, 19, 19, 8, 36, 30, 10]"
L2_arctic_WAV/RRBI_arctic_a0303,"[18, 14, 38, 6, 21, 8, 31, 21, 8, 29, 6, 4, 31, 8, 36, 38, 21, 8, 29, 14, 40, 8, 25, 32, 10, 35, 8, 9, 6, 7, 35, 33, 13, 32, 19, 39, 43, 30, 4, 38, 27]","[18, 14, 6, 7, 31, 7, 29, 6, 4, 31, 8, 36, 38, 7, 29, 14, 40, 8, 25, 32, 10, 35, 8, 9, 6, 7, 35, 10, 32, 19, 39, 43, 30, 4, 38, 27]"
L2_arctic_WAV/RRBI_arctic_a0365,"[6, 27, 42, 35, 39, 31, 3, 42, 31, 21, 8, 27, 40, 8, 32, 3, 8, 20, 4, 32, 21, 8, 38, 41, 8, 12, 14, 36]","[19, 27, 42, 35, 39, 31, 4, 42, 31, 7, 27, 40, 8, 32, 3, 8, 20, 4, 32, 7, 38, 41, 8, 12, 14, 36]"
L2_arctic_WAV/RRBI_arctic_a0384,"[6, 14, 24, 5, 35, 31, 3, 41, 3, 29, 36, 6, 14, 36, 10, 8, 30, 43, 32, 19, 34, 35, 4, 19, 39, 36, 4, 42, 25, 35, 21, 8, 32]","[6, 14, 24, 5, 31, 4, 41, 4, 29, 36, 6, 14, 36, 10, 8, 30, 43, 32, 34, 35, 4, 19, 39, 36, 4, 42, 25, 35, 7, 32]"
L2_arctic_WAV/RRBI_arctic_a0405,"[8, 38, 36, 27, 31, 19, 6, 14, 10, 35, 19, 21, 8, 32, 19, 10, 35, 19, 3, 14, 40, 12, 8, 9, 42, 6, 4, 38, 19, 10, 25, 42, 11, 13, 19, 41, 3, 29]","[8, 38, 36, 27, 31, 19, 14, 10, 35, 19, 21, 8, 32, 19, 10, 35, 19, 3, 14, 40, 38, 8, 9, 42, 42, 4, 38, 19, 10, 25, 42, 11, 13, 19, 41, 4, 29]"
L2_arctic_WAV/RRBI_arctic_a0410,"[36, 33, 13, 41, 27, 26, 43, 40, 38, 39, 24, 8, 38, 6, 14, 18, 33, 13, 38, 12, 35, 39, 16, 13, 38, 41, 8, 12, 10, 8, 30, 30, 43, 31, 34, 36, 7, 42, 41, 7, 30]","[36, 10, 41, 27, 26, 43, 40, 38, 39, 24, 8, 38, 6, 14, 18, 10, 38, 38, 35, 39, 16, 13, 38, 41, 8, 38, 10, 8, 30, 30, 43, 31, 34, 36, 7, 42, 41, 7, 30]"
L2_arctic_WAV/RRBI_arctic_a0411,"[8, 38, 41, 4, 30, 18, 35, 21, 8, 29, 16, 13, 3, 26, 5, 35, 38, 36, 43, 32, 19, 5, 35, 18, 43, 29, 36, 38, 39, 26, 10, 8, 36, 38, 43, 9, 29, 3, 18, 16, 8, 26, 43, 32, 19]","[8, 38, 41, 4, 30, 18, 35, 7, 29, 16, 13, 3, 26, 5, 35, 38, 36, 43, 32, 16, 13, 35, 18, 43, 29, 36, 38, 39, 26, 10, 8, 36, 38, 43, 9, 25, 3, 18, 5, 26, 43, 32, 19]"
L2_arctic_WAV/RRBI_arctic_a0416,"[6, 14, 43, 19, 8, 19, 41, 21, 8, 38, 26, 43, 19, 4, 40, 4, 30, 5, 36, 4, 38, 27, 14, 40, 24, 8, 24, 38, 27, 32, 31, 16, 8, 30, 42, 34, 3, 16, 13, 3]","[19, 14, 43, 19, 8, 19, 41, 7, 38, 26, 43, 19, 4, 40, 4, 30, 5, 36, 4, 38, 27, 14, 24, 24, 8, 24, 38, 27, 32, 31, 16, 8, 30, 42, 34, 3, 16, 13, 4]"
L2_arctic_WAV/SVBI_arctic_a0003,"[24, 3, 6, 4, 38, 41, 7, 32, 38, 27, 8, 12, 38, 16, 8, 31, 6, 4, 38, 27, 40, 32, 8, 9, 6, 4, 38, 39, 31, 7, 32, 11, 13, 29, 26, 43, 32, 19, 42]","[24, 3, 6, 4, 38, 41, 7, 32, 38, 27, 8, 12, 38, 16, 8, 31, 19, 4, 38, 27, 40, 32, 8, 9, 29, 19, 4, 19, 39, 31, 7, 32, 11, 13, 29, 26, 43, 32, 19, 36]"
L2_arctic_WAV/SVBI_arctic_a0005,"[41, 4, 30, 41, 27, 7, 40, 3, 24, 10, 35, 25, 7, 38, 8, 38]","[41, 4, 30, 41, 27, 7, 40, 3, 24, 10, 35, 25, 7, 38, 8, 38]"
L2_arctic_WAV/SVBI_arctic_a0006,"[25, 5, 19, 18, 30, 7, 36, 16, 8, 26, 33, 13, 34, 16, 8, 30, 25, 33, 13, 10, 32, 36, 27, 8, 9, 6, 7, 31, 24, 3, 7, 40, 3]","[25, 5, 19, 18, 30, 7, 36, 16, 8, 26, 33, 13, 34, 16, 8, 30, 25, 33, 13, 10, 32, 36, 27, 8, 9, 19, 7, 31, 24, 3, 7, 40, 3]"
L2_arctic_WAV/SVBI_arctic_a0007,"[43, 32, 19, 28, 39, 10, 30, 41, 27, 42, 41, 10, 32, 38, 38, 39, 36, 27, 8, 38, 8, 32, 6, 4, 36, 13, 34, 3, 30, 4, 38, 8, 40, 19, 8, 25, 35, 27]","[43, 32, 19, 28, 39, 10, 30, 41, 27, 36, 41, 10, 32, 38, 38, 39, 36, 27, 8, 38, 8, 32, 19, 4, 36, 13, 34, 3, 30, 4, 38, 8, 40, 19, 8, 25, 35, 27]"
L2_arctic_WAV/SVBI_arctic_a0008,"[25, 43, 19, 28, 13, 35, 30, 7, 38, 3, 29, 21, 8, 31, 20, 8, 36, 38, 8, 32, 38, 16, 8, 31]","[25, 43, 19, 28, 13, 35, 30, 7, 38, 3, 29, 21, 8, 31, 20, 8, 36, 38, 8, 32, 19, 16, 8, 31]"
L2_arctic_WAV/SVBI_arctic_a0010,"[4, 31, 34, 30, 21, 8, 8, 9, 4, 36, 8, 9, 25, 4, 30, 26, 43, 32, 19, 8, 32, 41, 14, 38, 30, 13, 29, 36, 30, 16, 8, 29, 4, 30, 39, 42, 8, 9, 25, 21, 8, 31]","[4, 31, 34, 30, 21, 8, 8, 9, 4, 36, 8, 9, 25, 4, 30, 26, 43, 32, 19, 8, 32, 41, 10, 38, 30, 13, 29, 36, 30, 16, 8, 29, 4, 30, 39, 42, 8, 9, 25, 21, 8, 31]"
L2_arctic_WAV/SVBI_arctic_a0011,"[8, 24, 16, 8, 7, 40, 3, 32, 27, 19, 8, 19, 4, 24, 16, 8, 38, 3, 8, 32, 31, 16, 8, 30, 16, 8, 24, 16, 8, 32, 27, 19, 41, 14, 32, 32, 16, 13]","[8, 24, 16, 8, 7, 40, 3, 32, 27, 19, 8, 19, 4, 24, 16, 8, 38, 3, 8, 32, 31, 16, 8, 30, 16, 8, 24, 16, 8, 32, 27, 19, 41, 14, 32, 32, 16, 13]"
L2_arctic_WAV/SVBI_arctic_a0013,"[26, 27, 41, 4, 42, 4, 26, 7, 19, 11, 10, 35, 38, 3, 6, 43, 32, 26, 8, 42, 29, 4, 31, 34, 43, 32, 28, 4, 32, 14, 40, 10, 30, 31, 33, 13, 36, 38, 19, 7, 30, 4, 29, 4, 38, 24, 4, 42, 27, 29]","[26, 27, 41, 4, 42, 4, 26, 7, 19, 11, 10, 35, 38, 3, 19, 43, 32, 26, 8, 42, 29, 4, 31, 34, 43, 32, 28, 4, 32, 14, 40, 10, 30, 31, 33, 13, 36, 38, 19, 7, 30, 4, 29, 21, 8, 38, 24, 4, 42, 27, 29]"
L2_arctic_WAV/SVBI_arctic_a0018,"[6, 7, 35, 41, 4, 42, 4, 37, 21, 8, 32, 20, 32, 16, 13]","[19, 7, 35, 41, 4, 42, 4, 37, 21, 8, 32, 20, 32, 16, 13]"
L2_arctic_WAV/SVBI_arctic_a0019,"[16, 8, 24, 5, 30, 33, 13, 19, 6, 4, 30, 16, 8, 32, 4, 40, 6, 4, 34, 35, 4, 34, 33, 13, 42, 19, 35, 21, 8, 30, 35, 33, 13, 19, 30, 13, 29, 8, 9, 24, 35, 3, 37, 43, 32, 36, 4, 42]","[16, 8, 24, 5, 30, 33, 13, 19, 19, 4, 30, 16, 8, 32, 4, 40, 19, 4, 34, 35, 4, 34, 33, 13, 42, 19, 35, 21, 8, 30, 35, 33, 13, 19, 30, 13, 29, 8, 9, 24, 35, 3, 37, 43, 32, 36, 4, 36]"
L2_arctic_WAV/SVBI_arctic_a0020,"[29, 30, 14, 18, 42, 4, 32, 19, 18, 10, 30, 42, 4, 32, 19, 36, 8, 38, 27, 42, 25, 35, 39, 38, 39, 18, 27, 33, 13, 32, 30, 27, 31, 7, 31, 3, 27, 42]","[29, 30, 14, 18, 36, 4, 32, 19, 18, 10, 30, 42, 4, 32, 19, 36, 8, 38, 27, 36, 25, 35, 39, 38, 39, 18, 27, 33, 13, 32, 30, 27, 31, 7, 31, 3, 27, 36]"
L2_arctic_WAV/SVBI_arctic_a0021,"[8, 38, 24, 7, 35, 30, 27, 29, 30, 14, 18, 19, 31, 27, 8, 32, 38, 39, 35, 7, 29, 4, 25, 32, 16, 8, 42, 8, 9, 8, 38]","[8, 38, 24, 7, 30, 27, 29, 30, 14, 18, 19, 31, 27, 8, 32, 38, 39, 35, 7, 29, 4, 25, 32, 16, 8, 42, 8, 9, 8, 38]"
L2_arctic_WAV/SVBI_arctic_a0022,"[26, 5, 35, 19, 30, 27, 41, 3, 5, 35, 34, 30, 43, 32, 42, 31, 21, 8, 19, 34, 14, 18, 30, 8, 29, 18, 8, 24, 10, 35, 41, 27, 41, 3, 31, 7, 38, 18, 16, 8, 34, 16, 13, 3, 24, 4, 30, 5, 34, 4, 42, 8, 11, 4, 32]","[26, 5, 35, 19, 30, 27, 41, 3, 5, 35, 34, 30, 43, 32, 36, 31, 21, 8, 19, 18, 14, 18, 30, 8, 29, 18, 8, 24, 10, 35, 41, 27, 41, 3, 31, 7, 38, 18, 16, 8, 18, 16, 13, 3, 24, 4, 30, 5, 34, 4, 42, 8, 11, 4, 32]"
L2_arctic_WAV/SVBI_arctic_a0023,"[4, 29, 5, 31, 18, 4, 32, 21, 8, 11, 4, 32, 14, 40, 29, 4, 32, 21, 8, 19, 27, 4, 32, 29, 43, 34, 4, 38, 4, 30, 29, 41, 8, 29, 30, 27, 10, 35, 25, 4, 32, 16, 8, 42, 19, 4, 32, 19, 34, 4, 38, 8, 11, 4, 32, 19, 24, 3, 6, 4, 36, 21, 8, 31, 34, 35, 8, 40, 8, 30, 8, 20, 8, 42]","[4, 29, 5, 31, 18, 4, 32, 21, 8, 11, 4, 32, 14, 40, 29, 4, 32, 21, 8, 19, 27, 4, 32, 29, 43, 34, 4, 38, 4, 30, 29, 41, 8, 29, 30, 27, 10, 35, 25, 4, 32, 16, 8, 42, 19, 4, 32, 19, 34, 4, 38, 8, 11, 4, 32, 19, 24, 3, 19, 4, 36, 21, 8, 31, 34, 35, 8, 40, 8, 30, 8, 20, 8, 36]"
L2_arctic_WAV/SVBI_arctic_a0024,"[8, 38, 41, 4, 42, 31, 16, 8, 35, 27, 34, 10, 35, 38, 36, 24, 3, 31, 6, 14, 32, 10, 35, 12, 41, 8, 37, 37, 27, 24, 30, 27, 8, 32, 19, 39, 36, 38, 34, 27, 34, 4, 30, 38, 39, 18, 16, 8]","[8, 38, 41, 4, 36, 31, 16, 8, 35, 27, 34, 10, 35, 38, 36, 24, 3, 31, 6, 14, 32, 10, 38, 41, 8, 37, 37, 27, 24, 30, 27, 8, 32, 19, 39, 36, 38, 18, 27, 34, 4, 30, 38, 39, 18, 16, 8]"
L2_arctic_WAV/SVBI_arctic_a0025,"[16, 8, 41, 14, 42, 4, 18, 16, 13, 38, 38, 4, 19, 39, 6, 8, 36, 41, 7, 32, 29, 39, 30, 3, 20, 14, 20, 31, 4, 32, 38, 34, 35, 8, 40, 21, 8, 30, 19]","[16, 8, 41, 14, 36, 4, 18, 16, 13, 38, 38, 4, 19, 39, 6, 8, 36, 41, 7, 32, 29, 39, 30, 3, 20, 14, 20, 31, 4, 32, 38, 34, 35, 8, 40, 21, 8, 30, 19]"
L2_arctic_WAV/SVBI_arctic_a0026,"[8, 38, 4, 29, 3, 19, 38, 4, 31, 27, 6, 4, 38, 6, 7, 35, 41, 13, 19, 26, 43, 40, 38, 39, 18, 27, 43, 32, 4, 29, 16, 13, 32, 38, 8, 9]","[8, 38, 4, 29, 3, 19, 19, 4, 31, 27, 19, 4, 38, 19, 7, 35, 41, 13, 19, 26, 43, 41, 19, 39, 18, 27, 43, 32, 4, 25, 10, 32, 38, 8, 9]"
L2_arctic_WAV/SVBI_arctic_a0027,"[38, 39, 31, 16, 8, 36, 4, 34, 35, 16, 8, 42, 26, 27, 18, 8, 25, 43, 32, 38, 39, 11, 33, 13, 43, 29, 11, 4, 30, 8, 32, 12, 39, 42, 27, 43, 42, 4, 31, 8, 32, 31, 16, 8, 24, 21, 8, 40, 3]","[19, 39, 31, 16, 8, 36, 4, 34, 35, 16, 8, 42, 26, 27, 18, 8, 25, 43, 32, 38, 39, 11, 33, 13, 43, 29, 11, 4, 30, 8, 32, 38, 39, 42, 27, 43, 42, 4, 31, 8, 32, 31, 16, 8, 24, 21, 8, 40, 3]"
L2_arctic_WAV/SVBI_arctic_a0028,"[35, 5, 18, 3, 27, 18, 35, 16, 8, 18, 3, 27, 24, 35, 10, 19]","[35, 5, 18, 3, 27, 18, 35, 16, 8, 18, 3, 27, 24, 35, 10, 19]"
L2_arctic_WAV/SVBI_arctic_a0029,"[6, 7, 35, 24, 10, 35, 36, 8, 42, 41, 3, 10, 30, 35, 7, 19, 27, 31, 39, 40, 8, 9, 8, 32, 38, 4, 6, 4, 32, 10, 35, 12, 29, 14, 32, 38, 35, 27]","[19, 7, 24, 10, 36, 8, 36, 41, 3, 10, 30, 35, 7, 19, 27, 31, 39, 40, 8, 9, 8, 32, 19, 4, 19, 4, 32, 10, 38, 29, 14, 32, 38, 35, 27]"
L2_arctic_WAV/SVBI_arctic_a0030,"[16, 8, 26, 43, 19, 24, 21, 8, 12, 8, 32, 6, 7, 31]","[16, 8, 26, 43, 19, 24, 21, 8, 12, 8, 32, 19, 7, 31]"
L2_arctic_WAV/SVBI_arctic_a0031,"[6, 21, 8, 41, 3, 12, 35, 27, 26, 14, 32, 19, 3, 19, 28, 5, 35, 19, 42, 4, 34, 5, 35, 38]","[19, 21, 8, 41, 3, 38, 35, 27, 26, 14, 32, 19, 3, 19, 28, 5, 19, 36, 4, 34, 5, 38]"
L2_arctic_WAV/SVBI_arctic_a0032,"[36, 8, 32, 36, 6, 7, 32, 36, 14, 31, 31, 8, 36, 38, 8, 35, 27, 4, 36, 24, 10, 35, 36, 26, 43, 42, 18, 8, 32, 24, 16, 8, 38, 8, 9, 14, 36, 43, 38, 7, 40, 35, 27, 36, 38, 7, 34]","[36, 8, 32, 36, 19, 7, 32, 36, 14, 31, 31, 8, 36, 38, 8, 35, 27, 4, 36, 24, 10, 36, 26, 43, 36, 18, 8, 32, 24, 16, 8, 38, 8, 9, 14, 36, 43, 38, 7, 40, 35, 27, 36, 38, 7, 34]"
L2_arctic_WAV/SVBI_arctic_a0036,"[11, 27, 38, 3, 32, 19, 8, 32, 43, 38, 6, 14, 26, 33, 13, 38, 7, 30]","[11, 27, 19, 3, 32, 19, 8, 32, 43, 38, 19, 14, 26, 33, 13, 38, 4, 30]"
L2_arctic_WAV/SVBI_arctic_a0037,"[16, 8, 41, 4, 42, 6, 14, 33, 13, 32, 30, 27, 41, 14, 32, 26, 39, 35, 27, 31, 21, 8, 32, 19, 36, 8, 38, 8, 9]","[16, 8, 41, 4, 42, 6, 14, 33, 13, 32, 30, 27, 41, 14, 32, 26, 39, 35, 27, 31, 21, 8, 32, 19, 36, 8, 38, 8, 9]"
L2_arctic_WAV/SVBI_arctic_a0038,"[41, 27, 30, 26, 43, 40, 38, 4, 41, 10, 37, 16, 13, 35, 37, 43, 32, 36, 4, 42]","[41, 27, 30, 26, 43, 41, 38, 4, 41, 10, 37, 16, 13, 35, 37, 43, 32, 36, 4, 36]"
L2_arctic_WAV/SVBI_arctic_a0039,"[6, 4, 11, 8, 34, 11, 13, 19, 18, 27, 8, 32, 41, 8, 12, 8, 32, 21, 8, 41, 27, 29, 10, 35, 38, 7, 32, 19, 21, 8, 42]","[19, 4, 11, 8, 34, 11, 13, 19, 18, 27, 8, 32, 41, 8, 12, 8, 32, 21, 8, 41, 27, 29, 10, 35, 38, 7, 32, 19, 21, 8, 36]"
L2_arctic_WAV/SVBI_arctic_a0040,"[16, 8, 36, 4, 34, 33, 13, 42, 28, 39, 41, 14, 32, 19, 3, 41, 16, 8, 11, 27, 8, 42, 29, 14, 31, 8, 9, 14, 34, 26, 27, 35]","[16, 8, 36, 4, 34, 33, 13, 36, 28, 39, 41, 14, 32, 19, 3, 41, 16, 8, 11, 27, 8, 36, 29, 14, 31, 8, 9, 14, 34, 26, 27]"
L2_arctic_WAV/SVBI_arctic_a0041,"[31, 27, 32, 41, 16, 8, 30, 16, 8, 30, 25, 33, 13, 16, 13, 38, 38, 39, 18, 35, 27, 6, 4, 36, 34, 7, 30]","[31, 27, 32, 41, 16, 8, 30, 16, 8, 30, 25, 33, 13, 33, 13, 38, 38, 39, 18, 35, 27, 6, 4, 36, 34, 7, 30]"
L2_arctic_WAV/SVBI_arctic_a0042,"[26, 16, 13, 29, 13, 19, 26, 27, 8, 29, 36, 34, 30, 21, 8, 32, 26, 8, 42, 34, 4, 42, 7, 11, 4, 32, 4, 40, 6, 4, 36, 29, 7, 37]","[26, 16, 13, 29, 13, 19, 26, 27, 8, 29, 36, 34, 30, 21, 8, 32, 26, 8, 36, 34, 4, 36, 7, 11, 4, 32, 4, 40, 19, 4, 36, 29, 7, 37]"
L2_arctic_WAV/SVBI_arctic_a0045,"[26, 27, 31, 39, 40, 19, 4, 41, 21, 8, 43, 42, 29, 41, 16, 8, 4, 38, 30, 27, 43, 42, 26, 27, 26, 43, 19, 29, 14, 31]","[26, 27, 31, 39, 39, 19, 4, 41, 21, 8, 43, 36, 29, 41, 16, 8, 4, 38, 30, 27, 43, 36, 26, 27, 26, 43, 19, 29, 14, 31]"
L2_arctic_WAV/SVBI_arctic_a0046,"[6, 4, 25, 3, 30, 24, 21, 8, 36, 38, 26, 8, 31, 26, 3, 16, 8, 42, 11, 16, 8, 32, 8, 9, 41, 8, 12, 36, 14, 19, 4, 32, 24, 8, 35]","[19, 4, 25, 4, 30, 24, 21, 8, 36, 38, 26, 8, 31, 26, 3, 16, 8, 36, 11, 16, 8, 32, 8, 9, 41, 8, 12, 36, 14, 19, 4, 32, 24, 8, 35]"
L2_arctic_WAV/SVBI_arctic_a0047,"[29, 30, 33, 13, 36, 18, 8, 36, 16, 8, 19, 26, 8, 31, 25, 30, 27, 31, 19, 6, 4, 41, 16, 8, 38, 24, 43, 9, 42, 14, 40, 6, 14, 41, 13, 30, 24, 19, 10, 25]","[25, 30, 33, 13, 36, 18, 8, 36, 16, 8, 19, 26, 8, 31, 25, 30, 27, 31, 19, 19, 4, 41, 16, 8, 38, 24, 43, 9, 36, 14, 24, 19, 14, 41, 13, 30, 24, 19, 10, 29]"
L2_arctic_WAV/SVBI_arctic_a0048,"[26, 27, 30, 13, 29, 38, 43, 38, 6, 4, 26, 43, 9, 29, 3, 37, 8, 24, 31, 10, 35, 29, 30, 33, 13, 36, 30, 27]","[26, 27, 30, 13, 29, 38, 43, 38, 19, 4, 26, 43, 32, 29, 3, 37, 8, 24, 31, 10, 35, 29, 30, 33, 13, 36, 30, 27]"
L2_arctic_WAV/SVBI_arctic_a0051,"[6, 4, 30, 21, 8, 36, 41, 14, 42, 4, 40, 4, 19, 7, 30, 4, 29, 4, 38, 16, 8, 40, 3, 27, 29, 14, 30, 3, 24, 21, 8, 32, 38, 30, 27, 38, 8, 32, 38, 8, 19, 41, 8, 12, 28, 7, 30, 33, 13]","[19, 4, 30, 21, 8, 36, 41, 14, 42, 4, 40, 4, 19, 7, 30, 4, 29, 4, 38, 16, 8, 33, 13, 3, 27, 29, 14, 30, 3, 24, 21, 8, 32, 38, 30, 27, 38, 8, 32, 38, 8, 19, 41, 8, 19, 28, 7, 30, 33, 13]"
L2_arctic_WAV/SVBI_arctic_a0052,"[8, 38, 41, 4, 42, 4, 29, 28, 13, 35, 27, 4, 36, 29, 33, 13, 8, 32, 36, 8, 19, 4, 32, 36]","[8, 38, 41, 4, 42, 4, 29, 28, 13, 35, 27, 4, 36, 29, 33, 13, 8, 32, 36, 8, 19, 4, 32, 36]"
L2_arctic_WAV/SVBI_arctic_a0053,"[36, 14, 19, 4, 32, 30, 27, 26, 8, 42, 24, 8, 9, 25, 3, 42, 29, 30, 33, 13, 42, 19, 38, 16, 8, 38, 30, 27, 33, 13, 40, 3, 6, 4, 26, 43, 9, 29, 3, 37, 27, 24]","[36, 14, 19, 4, 32, 30, 27, 26, 27, 36, 24, 8, 9, 4, 36, 29, 30, 33, 13, 42, 19, 38, 16, 8, 38, 30, 27, 33, 13, 4, 19, 4, 26, 43, 9, 29, 4, 37, 27, 24]"
L2_arctic_WAV/SVBI_arctic_a0054,"[6, 7, 35, 41, 4, 42, 32, 14, 12, 8, 9, 10, 32, 6, 14, 35, 5, 29]","[19, 7, 35, 41, 4, 36, 32, 14, 38, 8, 9, 10, 32, 19, 14, 35, 5, 29]"
L2_arctic_WAV/SVBI_arctic_a0058,"[16, 8, 29, 21, 8, 31, 24, 35, 3, 8, 32, 24, 3, 31, 21, 8, 11, 4, 32, 31, 10, 35, 16, 13, 38, 14, 40, 29, 28, 13, 35, 27, 5, 36, 4, 38, 27, 6, 43, 32, 7, 32, 27, 12, 8, 9, 7, 30, 36]","[16, 8, 29, 21, 8, 31, 24, 35, 3, 8, 32, 24, 3, 31, 21, 8, 11, 4, 32, 31, 10, 35, 33, 13, 38, 14, 24, 29, 28, 13, 35, 27, 5, 36, 4, 38, 27, 19, 43, 32, 7, 32, 27, 38, 8, 9, 7, 30, 36]"
L2_arctic_WAV/SVBI_arctic_a0059,"[26, 8, 42, 8, 31, 43, 29, 28, 39, 30, 8, 38, 4, 34, 8, 35, 4, 32, 36, 41, 10, 42, 25, 10, 32]","[26, 8, 36, 8, 31, 43, 29, 28, 39, 30, 8, 38, 4, 34, 8, 35, 4, 32, 36, 41, 10, 36, 25, 10, 32]"
L2_arctic_WAV/SVBI_arctic_a0060,"[7, 32, 27, 41, 21, 8, 32, 33, 13, 41, 14, 32, 36, 10, 26, 3, 30, 16, 8, 29, 6, 43, 38]","[7, 32, 27, 41, 21, 8, 32, 33, 13, 41, 14, 32, 36, 10, 26, 3, 30, 16, 8, 29, 19, 43, 38]"
L2_arctic_WAV/SVBI_arctic_a0062,"[6, 4, 31, 7, 32, 36, 38, 7, 35, 19, 8, 32, 38, 4, 27, 37, 14, 6, 3, 42, 24, 21, 8, 36]","[19, 4, 31, 7, 32, 36, 38, 7, 35, 8, 32, 38, 4, 27, 37, 14, 6, 4, 36, 24, 21, 8, 36]"
L2_arctic_WAV/SVBI_arctic_a0063,"[28, 7, 36, 8, 38, 41, 4, 42, 4, 31, 43, 32, 26, 39, 43, 36, 38, 4, 36, 38, 35, 21, 8, 32, 20, 3]","[28, 7, 36, 8, 38, 41, 4, 42, 4, 31, 43, 32, 26, 39, 43, 36, 38, 4, 36, 38, 35, 21, 8, 32, 20, 3]"
L2_arctic_WAV/SVBI_arctic_a0064,"[6, 4, 24, 10, 35, 12, 4, 32, 19, 24, 8, 24, 12, 19, 21, 8, 42, 34, 43, 36, 38, 41, 8, 6, 16, 13, 38, 7, 32, 27, 19, 8, 40, 7, 30, 4, 34, 31, 4, 32, 38, 36]","[19, 4, 24, 10, 35, 38, 4, 32, 19, 24, 8, 24, 12, 19, 21, 8, 36, 34, 43, 36, 38, 41, 8, 38, 16, 13, 38, 7, 32, 27, 19, 7, 40, 7, 30, 4, 34, 31, 4, 32, 38, 36]"
L2_arctic_WAV/SVBI_arctic_a0065,"[6, 21, 8, 29, 30, 33, 13, 42, 19, 32, 16, 13, 4, 32, 38, 8, 30, 26, 8, 42, 24, 8, 9, 25, 3, 42, 41, 3, 30, 16, 8, 29, 29, 10, 35, 19, 42, 14, 40, 36, 38, 27, 30]","[19, 21, 8, 29, 30, 33, 13, 36, 38, 32, 16, 13, 4, 32, 38, 8, 30, 26, 8, 36, 24, 8, 9, 4, 36, 41, 3, 30, 16, 8, 29, 29, 10, 19, 36, 14, 24, 36, 38, 27, 30]"
L2_arctic_WAV/SVBI_arctic_a0067,"[11, 13, 35, 30, 27, 16, 8, 41, 8, 30, 8, 29, 36, 29, 28, 39, 42, 28, 39, 11, 27, 29, 35, 16, 8, 19]","[11, 4, 30, 27, 16, 8, 8, 30, 8, 29, 36, 29, 28, 39, 42, 28, 39, 11, 27, 29, 35, 16, 8, 19]"
L2_arctic_WAV/SVBI_arctic_a0071,"[41, 14, 38, 41, 10, 42, 6, 14, 5, 18, 20, 7, 29, 38, 14, 40, 28, 13, 35, 30, 8, 38, 4, 30, 36, 7, 32, 36, 21, 8, 11, 4, 32]","[41, 14, 38, 41, 10, 36, 19, 14, 5, 18, 20, 7, 29, 38, 10, 24, 28, 13, 35, 30, 8, 38, 4, 30, 36, 7, 32, 36, 21, 8, 11, 4, 32]"
L2_arctic_WAV/SVBI_arctic_a0073,"[6, 4, 34, 35, 4, 31, 33, 13, 38, 3, 42, 16, 8, 42, 41, 3, 26, 7, 40, 27, 41, 8, 12, 30, 8, 38, 4, 30, 34, 14, 24, 27, 18, 43, 25, 42, 14, 32, 19, 3, 6, 4, 31]","[19, 4, 34, 35, 4, 31, 33, 13, 38, 4, 36, 16, 8, 36, 41, 3, 26, 7, 40, 27, 41, 8, 19, 30, 8, 23, 4, 30, 34, 14, 24, 27, 18, 43, 25, 36, 14, 32, 19, 3, 19, 4, 31]"
L2_arctic_WAV/SVBI_arctic_a0075,"[6, 7, 35, 26, 43, 42, 18, 8, 32, 4, 37, 21, 8, 32, 20, 11, 27, 8, 32, 38, 3, 14, 34, 38, 8, 19, 26, 8, 31]","[19, 7, 35, 26, 43, 42, 18, 8, 32, 4, 37, 21, 8, 32, 38, 11, 27, 8, 32, 38, 3, 14, 34, 38, 8, 19, 26, 8, 31]"
L2_arctic_WAV/SVBI_arctic_a0076,"[6, 4, 25, 35, 21, 8, 16, 8, 42, 24, 5, 30, 38, 3, 19, 6, 4, 24, 30, 14, 11, 19, 27, 34, 4, 32, 19]","[19, 4, 25, 35, 21, 8, 16, 8, 36, 24, 5, 30, 38, 3, 19, 19, 4, 24, 30, 14, 11, 19, 27, 34, 4, 32, 19]"
L2_arctic_WAV/SVBI_arctic_a0077,"[8, 38, 8, 42, 6, 4, 24, 16, 8, 3, 34, 5, 35, 38, 30, 27, 11, 27, 36, 7, 19]","[8, 38, 8, 42, 6, 4, 24, 16, 8, 3, 34, 5, 35, 38, 30, 27, 11, 27, 36, 7]"
L2_arctic_WAV/SVBI_arctic_a0078,"[6, 7, 32, 43, 32, 19, 43, 38, 36, 14, 34, 3, 26, 27, 38, 35, 16, 8, 19, 38, 4, 24, 43, 6, 4, 31, 26, 3]","[6, 7, 32, 43, 32, 43, 38, 36, 14, 34, 3, 26, 27, 38, 35, 16, 8, 38, 4, 24, 43, 12, 4, 31, 26, 3]"
L2_arctic_WAV/SVBI_arctic_a0079,"[8, 38, 41, 14, 42, 4, 30, 5, 35, 20, 29, 4, 32, 39]","[8, 38, 40, 14, 42, 4, 30, 5, 37, 29, 43, 32, 39]"
L2_arctic_WAV/SVBI_arctic_a0081,"[26, 41, 14, 38, 8, 24, 11, 27, 19, 8, 19, 32, 5, 38, 29, 14, 31, 38, 4, 6, 14, 35, 5, 29]","[41, 14, 38, 8, 24, 11, 27, 19, 8, 19, 32, 5, 38, 29, 14, 31, 38, 4, 6, 14, 35, 5, 29]"
L2_arctic_WAV/SVBI_arctic_a0082,"[26, 8, 42, 24, 21, 8, 36, 41, 14, 42, 36, 38, 35, 27, 31, 8, 9, 41, 8, 12, 18, 30, 14, 19]","[26, 8, 36, 24, 7, 36, 41, 14, 36, 36, 38, 35, 27, 31, 8, 9, 41, 8, 12, 18, 30, 14, 19]"
L2_arctic_WAV/SVBI_arctic_a0085,"[4, 38, 35, 8, 29, 4, 30, 14, 40, 24, 35, 7, 11, 18, 30, 14, 19, 35, 43, 32, 33, 13, 40, 3, 26, 8, 42, 24, 21, 8, 36]","[4, 38, 35, 8, 29, 4, 30, 14, 24, 24, 35, 7, 11, 34, 30, 14, 19, 35, 43, 32, 10, 40, 3, 26, 8, 36, 24, 7, 36]"
L2_arctic_WAV/SVBI_arctic_a0086,"[19, 7, 12, 26, 43, 19, 29, 14, 31, 41, 8, 12, 38, 7, 35, 4, 18, 4, 30, 36, 14, 19, 4, 32, 32, 4, 36]","[19, 7, 38, 26, 43, 19, 29, 14, 31, 41, 8, 12, 38, 7, 35, 4, 18, 4, 30, 36, 14, 19, 4, 32, 32, 4, 36]"
L2_arctic_WAV/SVBI_arctic_a0088,"[26, 27, 31, 21, 8, 19, 11, 13, 35, 6, 4, 38, 6, 4, 31, 43, 25, 4, 42, 27, 32, 41, 10, 42, 30, 33, 13, 19, 4, 19, 43, 32, 19, 35, 8, 42, 39, 31, 19, 26, 8, 42, 34, 43, 19, 30, 8, 9]","[26, 27, 31, 7, 19, 11, 13, 35, 6, 4, 6, 4, 31, 43, 25, 4, 42, 27, 32, 41, 10, 36, 30, 10, 19, 4, 19, 43, 32, 35, 8, 42, 28, 39, 31, 19, 26, 8, 36, 34, 43, 19, 30, 8, 9]"
L2_arctic_WAV/SVBI_arctic_a0089,"[6, 4, 32, 16, 8, 38, 25, 30, 33, 13, 41, 10, 42, 38, 35, 7, 37, 3, 4, 36, 38, 39, 11, 39, 38, 18, 16, 8]","[6, 4, 32, 16, 8, 29, 30, 10, 41, 10, 36, 38, 35, 7, 37, 3, 4, 36, 38, 39, 11, 39, 18, 16, 8]"
L2_arctic_WAV/SVBI_arctic_a0090,"[6, 4, 36, 8, 9, 8, 9, 40, 10, 8, 36, 4, 34, 35, 33, 13, 37, 38, 35, 43, 34, 4, 19, 30, 27]","[6, 4, 36, 8, 9, 8, 9, 41, 10, 8, 36, 4, 34, 35, 10, 37, 38, 35, 43, 34, 4, 19, 30, 27]"
L2_arctic_WAV/SVBI_arctic_a0091,"[26, 8, 42, 18, 30, 14, 19, 25, 35, 39, 26, 5, 38, 41, 8, 12, 35, 21, 8, 20, 43, 38, 6, 4, 12, 10, 38]","[26, 8, 36, 18, 30, 14, 19, 25, 35, 39, 26, 5, 41, 8, 12, 35, 7, 15, 43, 6, 4, 38, 10, 38]"
L2_arctic_WAV/SVBI_arctic_a0092,"[26, 27, 41, 7, 32, 38, 19, 16, 13, 32, 8, 32, 31, 8, 19, 36, 38, 35, 27, 31, 36, 3, 37, 8, 9, 6, 4, 11, 43, 19, 33, 13, 42, 14, 40, 18, 33, 13, 12, 11, 10, 35, 42]","[26, 27, 41, 7, 32, 19, 16, 13, 32, 8, 32, 31, 8, 19, 36, 38, 35, 27, 31, 36, 4, 37, 8, 9, 6, 4, 11, 43, 19, 10, 36, 14, 24, 18, 10, 12, 11, 10, 35, 36]"
L2_arctic_WAV/SVBI_arctic_a0093,"[24, 3, 4, 24, 13, 30, 31, 8, 32, 4, 38, 26, 27, 29, 35, 16, 13, 37, 38, 4, 32, 19, 30, 8, 36, 4, 32, 19]","[24, 35, 4, 24, 13, 30, 31, 8, 32, 4, 38, 26, 27, 29, 35, 10, 37, 38, 4, 32, 30, 8, 42, 4, 32, 19]"
L2_arctic_WAV/SVBI_arctic_a0094,"[26, 27, 26, 43, 19, 18, 7, 35, 30, 27, 7, 32, 38, 3, 19, 6, 8, 36, 26, 41, 7, 32, 26, 27, 36, 10, 6, 4, 25, 30, 33, 13, 14, 40, 4, 24, 16, 8, 3]","[26, 27, 26, 43, 18, 7, 35, 30, 27, 7, 32, 38, 3, 6, 8, 36, 26, 41, 7, 32, 26, 27, 36, 10, 6, 4, 25, 30, 10, 14, 24, 4, 24, 16, 8, 3]"
L2_arctic_WAV/SVBI_arctic_a0095,"[4, 18, 8, 25, 29, 43, 32, 40, 4, 36, 38, 7, 32, 38, 41, 14, 42, 6, 14, 24, 3, 36, 38, 12, 8, 9, 38, 39, 29, 14, 31, 41, 8, 12, 8, 32, 26, 8, 42, 40, 8, 15, 4, 32]","[4, 18, 8, 29, 29, 43, 32, 40, 4, 36, 38, 7, 32, 38, 41, 14, 42, 6, 14, 24, 4, 36, 12, 8, 9, 38, 39, 29, 14, 31, 41, 8, 12, 8, 32, 26, 8, 36, 40, 8, 15, 4, 32]"
L2_arctic_WAV/SVBI_arctic_a0096,"[34, 3, 26, 43, 34, 36, 11, 27, 26, 43, 19, 10, 30, 35, 7, 19, 27, 31, 7, 38, 26, 3, 24, 21, 8, 38, 21, 8, 30, 8, 38, 4, 30, 19, 27, 34, 3, 8, 32, 6, 4, 24, 10, 35, 4, 36, 38]","[34, 3, 26, 43, 34, 11, 27, 26, 43, 19, 10, 30, 35, 7, 19, 27, 31, 7, 38, 26, 4, 35, 24, 7, 38, 4, 30, 8, 38, 4, 30, 19, 27, 34, 4, 35, 8, 32, 6, 4, 24, 10, 35, 4, 36, 38]"
L2_arctic_WAV/SVBI_arctic_a0097,"[6, 7, 32, 28, 39, 29, 4, 32, 3, 21, 8, 32, 20, 28, 3, 36, 7, 30, 24, 29, 14, 31, 24, 3, 38, 4, 18, 30, 27, 4, 31, 14, 9, 6, 27, 42, 35, 33, 13, 18, 42, 8, 32, 6, 14, 18, 33, 13]","[19, 7, 32, 28, 39, 29, 4, 32, 4, 35, 21, 8, 32, 20, 28, 4, 36, 7, 30, 24, 29, 14, 31, 24, 4, 38, 4, 18, 30, 27, 4, 31, 14, 9, 6, 27, 36, 35, 10, 34, 36, 8, 32, 6, 14, 18, 33, 13]"
L2_arctic_WAV/SVBI_arctic_a0098,"[11, 43, 30, 16, 8, 29, 43, 35, 27, 28, 39]","[11, 43, 30, 16, 8, 29, 43, 35, 27, 28, 39]"
L2_arctic_WAV/SVBI_arctic_a0099,"[4, 31, 43, 19, 4, 32, 8, 9, 20, 10, 8, 34, 16, 13, 32, 19, 8, 19, 8, 32, 26, 8, 42, 18, 35, 21, 8, 32]","[4, 31, 43, 35, 4, 32, 8, 9, 15, 10, 8, 34, 10, 32, 19, 8, 19, 8, 32, 26, 8, 42, 18, 35, 7, 32]"
L2_arctic_WAV/SVBI_arctic_a0100,"[28, 39, 31, 14, 36, 38, 36, 30, 27, 34, 26, 27, 3, 20, 19]","[28, 39, 31, 14, 36, 36, 30, 27, 34, 26, 27, 4, 15, 19]"
L2_arctic_WAV/SVBI_arctic_a0101,"[28, 39, 28, 39, 41, 13, 19, 32, 5, 38, 29, 27, 34, 6, 4, 38, 35, 39, 12, 24, 3, 31, 31, 27]","[28, 39, 28, 39, 13, 19, 32, 5, 38, 29, 27, 18, 6, 4, 38, 35, 39, 38, 24, 35, 14, 31, 31, 27]"
L2_arctic_WAV/SVBI_arctic_a0102,"[26, 27, 41, 8, 30, 24, 5, 30, 33, 13, 14, 36, 36, 39, 32]","[26, 27, 40, 8, 30, 24, 5, 30, 10, 14, 36, 36, 39, 32]"
L2_arctic_WAV/SVBI_arctic_a0103,"[18, 14, 38, 6, 7, 35, 29, 21, 8, 31, 32, 33, 13, 34, 35, 5, 31, 4, 36, 24, 35, 14, 31, 6, 14, 18, 33, 13, 14, 40, 6, 4, 29, 4, 32, 39]","[18, 14, 38, 6, 7, 35, 29, 7, 31, 32, 10, 34, 35, 5, 31, 4, 36, 24, 35, 14, 31, 6, 14, 18, 10, 14, 24, 6, 4, 29, 43, 32, 39]"
L2_arctic_WAV/SVBI_arctic_a0104,"[11, 27, 41, 4, 42, 36, 30, 27, 34, 8, 9, 14, 32, 19, 3, 26, 8, 42, 34, 3, 38, 7, 29, 11, 4, 32, 43, 42, 36, 41, 27, 38, 30, 27, 7, 42, 4, 37, 16, 8, 30, 19]","[11, 8, 41, 4, 36, 36, 30, 27, 34, 8, 9, 14, 32, 19, 4, 26, 8, 36, 34, 35, 4, 38, 7, 29, 11, 4, 32, 43, 36, 36, 41, 27, 38, 30, 27, 7, 42, 4, 37, 7, 30, 19]"
L2_arctic_WAV/SVBI_arctic_a0105,"[33, 13, 32, 30, 27, 8, 38, 8, 42, 36, 33, 13, 41, 14, 32, 19, 3, 24, 4, 30, 36, 33, 13, 10, 30, 31, 33, 13, 36, 38, 8, 31, 34, 5, 36, 4, 18, 4, 30, 38, 39, 18, 8, 30, 27, 40]","[10, 32, 30, 27, 8, 38, 8, 36, 36, 10, 41, 14, 32, 19, 3, 24, 4, 30, 36, 10, 10, 30, 31, 10, 36, 38, 8, 31, 34, 5, 36, 4, 18, 4, 30, 38, 39, 18, 8, 30, 27, 40]"
L2_arctic_WAV/SVBI_arctic_a0106,"[6, 4, 8, 31, 33, 13, 11, 4, 32, 41, 8, 37, 11, 27, 26, 43, 19, 36, 4, 34, 35, 7, 36, 38, 18, 3, 36, 38, 24, 10, 35, 12, 32, 16, 13, 8, 32, 4, 37, 33, 13, 29, 8, 9, 36, 5, 18]","[19, 4, 8, 31, 10, 11, 4, 32, 41, 8, 37, 11, 27, 26, 43, 19, 36, 4, 34, 35, 7, 36, 38, 18, 4, 36, 38, 24, 10, 35, 23, 32, 16, 13, 8, 32, 4, 37, 10, 29, 8, 9, 29, 36, 5, 18]"
L2_arctic_WAV/SVBI_arctic_a0107,"[8, 24, 28, 39, 33, 13, 32, 30, 27, 29, 13, 19, 32, 33, 13, 26, 16, 13, 16, 8, 12, 43, 9, 29, 28, 39]","[8, 24, 28, 39, 29, 10, 32, 30, 27, 29, 13, 19, 32, 10, 26, 16, 13, 16, 8, 12, 43, 9, 29, 28, 39]"
L2_arctic_WAV/SVBI_arctic_a0108,"[26, 27, 41, 21, 8, 19, 8, 19, 8, 32, 38, 39, 6, 4, 7, 20, 4, 40, 6, 14, 41, 10, 38, 3, 43, 32, 19, 18, 8, 25, 43, 32, 36, 29, 35, 14, 18, 8, 9, 26, 8, 31, 36, 7, 30, 24]","[26, 27, 41, 7, 19, 8, 19, 8, 32, 38, 39, 6, 4, 7, 20, 4, 24, 6, 14, 41, 10, 38, 3, 43, 32, 18, 8, 25, 43, 32, 36, 29, 35, 14, 18, 8, 9, 26, 8, 31, 36, 7, 30, 24]"
L2_arctic_WAV/SVBI_arctic_a0109,"[19, 39, 28, 39, 32, 33, 13, 6, 43, 38, 28, 39, 3, 11, 21, 8, 29, 8, 9, 31, 16, 8, 29, 5, 32, 24, 4, 19, 4, 32, 36, 8, 32, 28, 39]","[19, 39, 28, 39, 32, 10, 6, 43, 38, 28, 39, 4, 35, 11, 7, 29, 8, 9, 31, 16, 8, 29, 5, 32, 24, 4, 19, 4, 32, 36, 8, 32, 28, 39]"
L2_arctic_WAV/SVBI_arctic_a0111,"[8, 32, 36, 38, 7, 19, 26, 27, 20, 10, 8, 32, 19, 26, 3, 43, 32, 19, 6, 21, 8, 21, 8, 38, 30, 16, 8, 29, 38, 39, 26, 14, 9, 25, 35, 27, 37, 8, 30, 19, 35, 4, 32]","[8, 32, 36, 38, 7, 19, 26, 27, 20, 10, 8, 32, 19, 26, 3, 43, 32, 6, 7, 7, 38, 30, 16, 8, 29, 38, 39, 26, 14, 9, 25, 35, 27, 37, 8, 30, 19, 35, 4, 32]"
L2_arctic_WAV/SVBI_arctic_a0112,"[26, 27, 41, 4, 42, 41, 39, 32, 19, 4, 19, 8, 32, 6, 14, 5, 35, 31]","[26, 27, 41, 4, 36, 41, 39, 32, 19, 4, 19, 8, 32, 6, 14, 5, 31]"
L2_arctic_WAV/SVBI_arctic_a0113,"[16, 8, 36, 4, 34, 33, 13, 42, 28, 39, 34, 8, 29, 38, 6, 4, 38, 30, 8, 9, 25, 33, 13, 14, 34, 4, 31, 14, 9, 6, 4, 8, 32, 19, 27, 4, 32, 42]","[5, 36, 4, 34, 10, 36, 28, 39, 34, 8, 25, 6, 4, 38, 30, 8, 9, 25, 10, 14, 34, 4, 31, 14, 9, 6, 4, 8, 32, 19, 27, 4, 32, 36]"
L2_arctic_WAV/SVBI_arctic_a0115,"[26, 27, 26, 43, 19, 32, 33, 13, 8, 29, 36, 29, 28, 39, 42, 24, 3, 6, 4, 24, 27, 30, 8, 9, 42, 41, 8, 37, 41, 3, 3, 16, 13, 42, 19, 8, 32, 26, 8, 31]","[26, 27, 26, 43, 19, 32, 10, 8, 29, 36, 29, 28, 39, 36, 24, 4, 19, 4, 24, 27, 30, 8, 9, 36, 41, 8, 37, 41, 4, 35, 3, 10, 36, 38, 8, 32, 26, 8, 31]"
L2_arctic_WAV/SVBI_arctic_a0116,"[41, 14, 42, 8, 38, 6, 14, 35, 5, 32, 19, 8, 40, 39, 14, 40, 6, 33, 13, 42, 26, 39, 41, 3, 36, 38, 35, 16, 8, 40, 8, 9, 38, 39, 41, 3, 29, 26, 8, 42, 35, 39, 8, 32]","[41, 14, 42, 8, 6, 14, 35, 5, 32, 19, 8, 40, 39, 14, 24, 6, 10, 36, 26, 39, 41, 4, 35, 36, 38, 35, 16, 8, 40, 8, 9, 38, 39, 41, 4, 29, 26, 8, 42, 35, 39, 8, 32]"
L2_arctic_WAV/SVBI_arctic_a0117,"[11, 27, 43, 19, 8, 19, 41, 8, 6, 20, 7, 32, 28, 4, 41, 4, 32, 36, 8, 31, 34, 4, 12, 27, 8, 32, 26, 3, 24, 21, 8, 36, 4, 32, 19, 40, 10, 8, 36]","[11, 27, 43, 19, 8, 19, 41, 8, 6, 20, 7, 32, 28, 4, 4, 32, 36, 8, 31, 34, 4, 12, 27, 8, 32, 26, 3, 24, 7, 36, 4, 32, 41, 10, 8, 36]"
L2_arctic_WAV/SVBI_arctic_a0120,"[31, 16, 8, 35, 16, 8, 38, 24, 13, 38, 24, 27, 30, 42, 30, 16, 8, 29, 6, 4, 38, 14, 40, 21, 8, 37, 16, 8, 32, 27, 42, 19, 7, 18, 28, 4, 38, 5, 32, 38]","[31, 16, 8, 35, 16, 8, 38, 24, 13, 38, 24, 27, 30, 36, 30, 16, 8, 6, 4, 38, 14, 24, 7, 37, 16, 8, 32, 27, 36, 19, 7, 18, 13, 38, 5, 32, 38]"
L2_arctic_WAV/SVBI_arctic_a0121,"[6, 21, 8, 21, 8, 38, 19, 8, 32, 3, 43, 38, 6, 4, 24, 8, 24, 12, 43, 32, 19, 35, 7, 36, 38, 4, 19, 24, 10, 35, 38, 39, 16, 13, 3, 42]","[6, 7, 7, 38, 19, 8, 32, 4, 35, 43, 6, 4, 24, 8, 24, 12, 43, 32, 35, 7, 36, 38, 4, 19, 24, 10, 35, 38, 39, 5, 3, 36]"
L2_arctic_WAV/SVBI_arctic_a0122,"[38, 39, 28, 8, 35, 42, 4, 25, 33, 13, 16, 8, 25, 21, 8, 40, 14, 34, 36, 8, 40, 4, 30, 8, 42, 21, 8, 11, 4, 32, 24, 3, 6, 8, 36]","[38, 39, 28, 8, 35, 36, 4, 25, 10, 16, 8, 25, 7, 40, 14, 34, 36, 8, 40, 4, 30, 8, 42, 21, 8, 11, 4, 32, 24, 4, 35, 6, 8, 36]"
L2_arctic_WAV/SVBI_arctic_a0123,"[11, 27, 26, 43, 19, 19, 16, 8, 19, 24, 35, 14, 31, 29, 33, 13, 30, 19, 43, 32, 19, 36, 38, 5, 35, 40, 21, 8, 11, 4, 32]","[11, 27, 26, 43, 19, 16, 8, 24, 35, 14, 31, 29, 10, 30, 19, 43, 32, 19, 36, 38, 5, 35, 40, 7, 11, 4, 32]"
L2_arctic_WAV/SVBI_arctic_a0125,"[26, 27, 41, 4, 42, 19, 8, 38, 3, 31, 4, 32, 19, 32, 16, 13, 38, 39, 31, 21, 8, 32, 38, 21, 8, 32, 21, 8, 31, 10, 35, 36, 3, 38, 4, 32, 26, 33, 13, 30, 19, 4, 34, 5, 32, 26, 8, 31, 36, 7, 30, 24]","[26, 27, 40, 4, 42, 19, 8, 38, 3, 31, 16, 8, 32, 32, 16, 13, 38, 39, 31, 7, 32, 38, 7, 32, 7, 31, 10, 35, 36, 3, 38, 4, 32, 26, 10, 30, 19, 4, 34, 5, 32, 26, 8, 31, 36, 7, 30, 24]"
L2_arctic_WAV/SVBI_arctic_a0126,"[27, 37, 19, 21, 8, 11, 27, 18, 8, 29, 21, 8, 31, 4, 31, 10, 35, 40, 16, 8, 38, 4, 30, 34, 5, 35, 38, 14, 40, 26, 8, 31]","[27, 37, 38, 7, 11, 27, 18, 8, 29, 7, 31, 4, 31, 10, 35, 41, 16, 8, 38, 4, 30, 34, 5, 35, 38, 14, 24, 26, 8, 31]"
L2_arctic_WAV/SVBI_arctic_a0127,"[8, 38, 41, 4, 42, 4, 38, 7, 31, 38, 21, 8, 11, 4, 32, 18, 14, 38, 26, 27, 35, 8, 42, 8, 36, 38, 8, 19, 8, 38]","[8, 38, 40, 4, 42, 4, 38, 7, 31, 38, 7, 11, 4, 32, 18, 14, 38, 26, 27, 35, 8, 36, 8, 36, 38, 8, 19, 8, 38]"
L2_arctic_WAV/SVBI_arctic_a0128,"[6, 8, 36, 41, 14, 32, 26, 33, 13, 34, 41, 10, 42, 19, 8, 36, 38, 35, 10, 8, 19, 43, 42, 29, 41, 8, 29, 30, 27, 43, 42, 8, 38, 41, 4, 42, 18, 10, 35, 32]","[6, 8, 36, 41, 14, 32, 26, 10, 34, 41, 10, 36, 19, 8, 36, 38, 35, 10, 8, 19, 43, 36, 29, 41, 8, 29, 30, 27, 43, 42, 8, 38, 41, 4, 42, 18, 10, 32]"
L2_arctic_WAV/SVBI_arctic_a0129,"[26, 3, 24, 21, 8, 36, 41, 10, 42, 4, 25, 7, 32, 36, 38, 26, 8, 42, 18, 35, 7, 36, 38]","[26, 3, 35, 24, 7, 36, 41, 10, 36, 4, 25, 7, 32, 36, 26, 8, 42, 18, 35, 7, 36, 38]"
L2_arctic_WAV/SVBI_arctic_a0130,"[11, 27, 41, 4, 42, 26, 8, 42, 32, 16, 13, 24, 3, 7, 40, 3]","[11, 27, 41, 4, 36, 26, 8, 36, 32, 16, 13, 24, 4, 35, 7, 40, 3]"
L2_arctic_WAV/SVBI_arctic_a0131,"[34, 35, 5, 40, 4, 19, 4, 32, 36, 26, 43, 19, 19, 8, 30, 8, 40, 3, 19, 26, 8, 31, 12, 35, 39, 6, 4, 31, 21, 8, 30, 36, 38, 35, 4, 31]","[34, 5, 40, 4, 35, 4, 32, 36, 26, 43, 19, 8, 30, 8, 40, 3, 19, 26, 8, 31, 12, 35, 39, 6, 4, 31, 7, 30, 36, 38, 35, 4, 31]"
L2_arctic_WAV/SVBI_arctic_a0134,"[26, 27, 33, 13, 18, 21, 8, 19, 6, 4, 34, 35, 7, 11, 3, 14, 40, 26, 3, 26, 43, 32, 19]","[26, 27, 10, 18, 7, 6, 4, 34, 35, 7, 15, 4, 35, 14, 24, 26, 4, 35, 26, 43, 32]"
L2_arctic_WAV/SVBI_arctic_a0136,"[4, 18, 16, 13, 38, 26, 8, 31, 7, 40, 35, 27, 41, 7, 35, 41, 3, 6, 4, 7, 40, 4, 19, 4, 32, 36, 4, 42, 14, 40, 30, 14, 25, 15, 3, 27, 4, 32, 19, 14, 40, 21, 8, 20]","[4, 18, 16, 13, 38, 26, 8, 31, 7, 40, 35, 27, 40, 7, 35, 40, 4, 6, 4, 7, 23, 4, 35, 4, 32, 36, 4, 36, 14, 24, 30, 14, 25, 15, 3, 27, 4, 32, 19, 14, 24, 7, 20]"
L2_arctic_WAV/SVBI_arctic_a0137,"[6, 7, 32, 26, 27, 36, 38, 7, 34, 38, 18, 43, 29, 41, 8, 12, 4, 30, 33, 13, 29, 35, 16, 8, 4, 40, 34, 30, 7, 15, 3]","[6, 7, 32, 26, 27, 36, 38, 7, 18, 18, 43, 29, 41, 8, 12, 4, 30, 10, 29, 35, 16, 8, 4, 24, 34, 30, 7, 15, 4, 35]"
L2_arctic_WAV/SVBI_arctic_a0139,"[26, 27, 38, 33, 13, 30, 19, 26, 8, 31, 36, 7, 30, 24, 6, 4, 38, 43, 42, 26, 27, 41, 5, 11, 38, 26, 8, 31, 36, 7, 30, 24, 4, 32, 19, 25, 35, 39, 31, 19, 26, 8, 42, 19, 8, 11, 7, 40, 4, 30, 19, 29, 30, 33, 13, 6, 42]","[26, 27, 38, 10, 30, 35, 8, 31, 36, 7, 30, 24, 6, 4, 38, 43, 36, 26, 27, 41, 5, 11, 38, 26, 8, 31, 36, 7, 30, 24, 4, 32, 25, 35, 39, 31, 19, 26, 8, 42, 19, 8, 11, 26, 7, 40, 4, 30, 29, 30, 10, 12, 36]"
L2_arctic_WAV/SVBI_arctic_a0144,"[18, 14, 38, 6, 7, 35, 41, 14, 42, 36, 14, 31, 12, 8, 9, 27, 40, 8, 32, 31, 10, 35, 36, 38, 5, 35, 38, 30, 8, 9, 6, 43, 32, 6, 8, 36, 35, 8, 42, 7, 31, 18, 30, 4, 32, 36]","[18, 14, 38, 6, 7, 35, 41, 14, 42, 36, 14, 31, 12, 8, 9, 27, 40, 8, 32, 31, 10, 35, 36, 5, 35, 38, 30, 8, 9, 6, 43, 32, 6, 8, 36, 35, 8, 42, 7, 31, 18, 30, 4, 32, 36]"
L2_arctic_WAV/SVBI_arctic_a0159,"[6, 21, 8, 30, 13, 29, 43, 42, 6, 33, 13, 26, 27, 26, 43, 19, 18, 8, 32, 19, 35, 14, 31, 8, 9, 21, 8, 34, 27, 43, 32, 4, 10, 30, 26, 8, 42, 30, 16, 8, 24]","[6, 21, 8, 30, 13, 29, 43, 42, 12, 33, 13, 26, 27, 26, 43, 19, 18, 8, 32, 19, 35, 14, 31, 8, 9, 21, 8, 34, 27, 43, 32, 4, 10, 30, 26, 8, 36, 30, 16, 8, 24]"
L2_arctic_WAV/SVBI_arctic_a0168,"[30, 33, 13, 18, 13, 11, 41, 8, 34, 38, 26, 8, 31, 8, 32, 6, 4, 24, 21, 8, 36, 43, 32, 19, 30, 7, 24, 38, 32, 33, 13, 36, 38, 8, 9]","[30, 33, 13, 18, 13, 11, 41, 4, 34, 38, 26, 8, 31, 8, 32, 6, 4, 24, 7, 36, 43, 32, 19, 30, 7, 24, 32, 33, 13, 36, 38, 8, 9, 29]"
L2_arctic_WAV/SVBI_arctic_a0178,"[7, 40, 35, 27, 18, 33, 13, 32, 8, 32, 26, 3, 21, 8, 20, 19, 18, 5, 19, 27, 36, 27, 31, 19, 18, 35, 33, 13, 29, 4, 32, 3, 19, 8, 36, 30, 33, 13, 29, 21, 8, 38, 8, 19]","[7, 40, 35, 27, 18, 33, 13, 41, 32, 8, 32, 26, 35, 21, 8, 37, 18, 10, 19, 27, 36, 27, 31, 19, 18, 35, 33, 13, 29, 4, 32, 3, 19, 8, 36, 30, 33, 13, 29, 21, 8, 38, 8, 19]"
L2_arctic_WAV/SVBI_arctic_a0188,"[38, 39, 20, 16, 8, 25, 43, 32, 38, 8, 29, 16, 13, 30, 42, 41, 3, 38, 7, 35, 8, 9, 43, 38, 6, 4, 29, 5, 35, 29, 4, 36]","[38, 39, 15, 16, 8, 25, 43, 32, 38, 8, 29, 10, 30, 42, 41, 3, 38, 7, 35, 8, 9, 43, 38, 6, 4, 29, 5, 35, 29, 5, 36]"
L2_arctic_WAV/SVBI_arctic_a0191,"[24, 3, 4, 38, 16, 8, 31, 6, 4, 8, 29, 36, 16, 8, 38, 8, 9, 12, 35, 8, 30, 14, 40, 26, 8, 42, 4, 19, 40, 7, 32, 37, 3, 41, 10, 42, 25, 10, 32]","[24, 35, 4, 38, 16, 8, 31, 6, 4, 8, 29, 42, 16, 8, 38, 8, 9, 12, 35, 8, 30, 14, 24, 26, 8, 42, 4, 19, 40, 7, 32, 37, 3, 41, 10, 42, 25, 10, 32]"
L2_arctic_WAV/SVBI_arctic_a0199,"[6, 14, 36, 26, 43, 19, 6, 14, 35, 5, 41, 8, 30, 19, 3, 32, 4, 36, 34, 35, 27, 34, 7, 35, 19, 26, 8, 31, 24, 35, 3, 6, 8, 36, 19, 21, 8]","[6, 14, 36, 26, 43, 19, 6, 14, 35, 5, 41, 8, 30, 4, 32, 4, 36, 34, 35, 27, 34, 7, 35, 19, 26, 8, 31, 24, 35, 3, 19, 6, 8, 36, 19, 21, 8]"
L2_arctic_WAV/SVBI_arctic_a0208,"[28, 39, 12, 26, 43, 19, 29, 14, 31, 18, 43, 29, 38, 39, 26, 3, 24, 35, 27, 19, 24, 35, 14, 31, 6, 4, 28, 33, 13, 29, 14, 40, 4, 34, 35, 7, 11, 4, 32]","[28, 39, 38, 26, 43, 19, 29, 14, 31, 18, 43, 29, 38, 39, 26, 35, 24, 35, 27, 19, 24, 35, 14, 31, 6, 4, 28, 33, 13, 29, 14, 24, 4, 34, 35, 7, 11, 4, 32]"
L2_arctic_WAV/SVBI_arctic_a0214,"[18, 27, 36, 16, 8, 19, 42, 26, 27, 41, 4, 42, 34, 21, 8, 19, 41, 14, 32, 29, 21, 8, 36, 4, 40, 38, 4, 18, 43, 29, 33, 13, 34, 3, 26, 7, 19]","[18, 27, 36, 16, 8, 19, 42, 26, 27, 41, 4, 36, 34, 21, 8, 19, 41, 14, 32, 29, 7, 36, 4, 40, 38, 33, 13, 18, 43, 29, 33, 13, 34, 3, 26, 7, 19]"
L2_arctic_WAV/SVBI_arctic_a0246,"[28, 39, 26, 43, 40, 26, 3, 19, 10, 30, 41, 21, 8, 42, 26, 16, 13, 26, 27, 41, 14, 42, 6, 4, 30, 14, 40, 3, 14, 40, 6, 4, 34, 35, 8, 32, 36, 7, 36, 32, 21, 8, 33, 13, 31, 27]","[28, 39, 26, 43, 40, 26, 3, 19, 10, 30, 41, 21, 8, 36, 26, 16, 13, 26, 27, 41, 14, 42, 6, 4, 30, 14, 40, 3, 14, 40, 6, 4, 34, 35, 8, 32, 36, 7, 36, 32, 4, 33, 13, 31, 27]"
L2_arctic_WAV/SVBI_arctic_a0255,"[28, 39, 41, 33, 13, 32, 38, 19, 16, 8, 4, 40, 31, 43, 30, 32, 39, 38, 35, 8, 11, 4, 32, 18, 27, 11, 13, 35, 14, 40, 6, 43, 38]","[28, 39, 41, 33, 13, 32, 19, 16, 8, 4, 40, 31, 10, 30, 28, 39, 38, 35, 8, 11, 4, 32, 18, 27, 11, 39, 35, 14, 24, 6, 43, 38]"
L2_arctic_WAV/SVBI_arctic_a0266,"[6, 21, 8, 26, 43, 32, 19, 4, 30, 19, 38, 39, 31, 7, 32, 10, 30, 35, 7, 19, 27, 18, 33, 13, 12, 25, 35, 14, 18, 12, 27, 40, 42]","[6, 21, 8, 26, 43, 32, 19, 4, 30, 38, 39, 31, 7, 32, 10, 30, 35, 19, 27, 18, 33, 13, 38, 25, 35, 14, 18, 12, 27, 40, 36]"
L2_arctic_WAV/SVBI_arctic_a0269,"[6, 43, 38, 36, 41, 7, 35, 6, 21, 8, 29, 14, 38, 10, 24, 6, 14, 36, 29, 5, 38, 8, 11, 37, 27, 24, 36, 43, 32, 19, 29, 8, 30, 19, 10, 30, 26, 43, 32, 19, 42]","[6, 43, 38, 36, 41, 7, 35, 6, 4, 29, 14, 38, 10, 24, 6, 14, 36, 29, 10, 38, 8, 11, 37, 27, 24, 36, 43, 32, 19, 29, 8, 30, 10, 30, 26, 43, 32, 19, 36]"
L2_arctic_WAV/SVBI_arctic_a0272,"[28, 39, 29, 4, 32, 38, 21, 8, 29, 4, 40, 21, 8, 29, 21, 8, 11, 4, 32, 5, 32, 34, 21, 8]","[28, 39, 29, 4, 32, 38, 21, 8, 29, 4, 40, 21, 8, 29, 21, 8, 11, 4, 32, 5, 32, 34, 21, 8]"
L2_arctic_WAV/SVBI_arctic_a0282,"[8, 24, 28, 39, 31, 27, 32, 38, 4, 8, 32, 36, 8, 32, 28, 39, 21, 8, 38, 18, 35, 7, 32, 38, 41, 13, 19, 18, 8, 25, 43, 32, 26, 5, 38, 30, 27]","[8, 24, 28, 39, 31, 27, 32, 38, 4, 8, 32, 36, 8, 32, 28, 39, 21, 8, 18, 35, 7, 32, 38, 41, 13, 19, 18, 8, 25, 43, 32, 26, 5, 38, 30, 27]"
L2_arctic_WAV/SVBI_arctic_a0292,"[26, 27, 35, 8, 32, 6, 4, 31, 8, 19, 31, 10, 35, 32, 8, 9, 6, 4, 24, 3, 36, 38, 29, 43, 15, 4, 30, 38, 27, 4, 29, 3, 19]","[26, 27, 35, 8, 32, 6, 4, 31, 8, 19, 31, 10, 35, 32, 8, 9, 6, 4, 24, 13, 36, 38, 29, 43, 15, 4, 30, 38, 27, 4, 29, 3, 19]"
L2_arctic_WAV/SVBI_arctic_a0301,"[18, 14, 38, 10, 30, 31, 16, 8, 19, 35, 27, 31, 42, 40, 16, 8, 4, 30, 21, 8, 38, 8, 19, 6, 8, 36, 30, 10]","[18, 14, 38, 10, 30, 31, 16, 8, 19, 35, 27, 31, 36, 40, 16, 8, 4, 30, 21, 8, 38, 8, 19, 6, 8, 36, 30, 10]"
L2_arctic_WAV/SVBI_arctic_a0303,"[18, 14, 38, 6, 21, 8, 31, 21, 8, 29, 6, 4, 31, 8, 36, 38, 21, 8, 29, 14, 40, 8, 25, 32, 10, 35, 8, 9, 6, 7, 35, 33, 13, 32, 19, 39, 43, 30, 4, 38, 27]","[18, 14, 38, 6, 21, 8, 31, 21, 8, 6, 4, 31, 8, 36, 38, 21, 8, 29, 14, 24, 8, 25, 32, 10, 35, 8, 9, 6, 7, 35, 33, 13, 32, 19, 39, 43, 30, 38, 27]"
L2_arctic_WAV/SVBI_arctic_a0365,"[6, 27, 42, 35, 39, 31, 3, 42, 31, 21, 8, 27, 40, 8, 32, 3, 8, 20, 4, 32, 21, 8, 38, 41, 8, 12, 14, 36]","[6, 27, 36, 35, 39, 31, 3, 36, 31, 21, 8, 27, 40, 8, 32, 3, 8, 15, 4, 32, 21, 8, 38, 41, 8, 12, 14, 36]"
L2_arctic_WAV/SVBI_arctic_a0384,"[6, 4, 24, 5, 35, 31, 3, 41, 3, 29, 36, 6, 4, 36, 10, 8, 30, 43, 32, 19, 34, 35, 4, 19, 39, 36, 4, 42, 25, 35, 21, 8, 32]","[6, 4, 24, 5, 35, 31, 35, 41, 13, 29, 36, 12, 4, 36, 10, 8, 30, 43, 32, 19, 34, 35, 4, 19, 39, 36, 4, 42, 25, 35, 21, 8, 32]"
L2_arctic_WAV/SVBI_arctic_a0405,"[8, 38, 36, 27, 31, 19, 6, 14, 10, 35, 19, 21, 8, 32, 19, 10, 35, 19, 3, 14, 40, 12, 8, 9, 42, 6, 43, 38, 19, 10, 25, 42, 11, 13, 19, 41, 3, 29]","[8, 38, 36, 27, 31, 6, 14, 10, 35, 19, 21, 8, 32, 19, 5, 35, 19, 3, 14, 24, 12, 8, 9, 29, 36, 6, 43, 38, 19, 10, 25, 42, 11, 13, 19, 41, 13, 29]"
L2_arctic_WAV/SVBI_arctic_a0410,"[36, 33, 13, 41, 27, 26, 43, 40, 38, 4, 24, 8, 38, 6, 14, 18, 33, 13, 38, 12, 35, 39, 16, 13, 38, 41, 8, 12, 10, 8, 30, 30, 43, 31, 34, 36, 43, 42, 41, 7, 30]","[36, 33, 13, 40, 27, 26, 7, 40, 38, 4, 24, 8, 19, 6, 14, 18, 33, 13, 38, 12, 35, 39, 33, 13, 38, 41, 8, 12, 10, 8, 30, 43, 31, 34, 36, 43, 36, 41, 7, 30]"
L2_arctic_WAV/SVBI_arctic_a0411,"[8, 38, 41, 8, 30, 18, 35, 21, 8, 29, 5, 35, 26, 5, 35, 38, 36, 43, 32, 19, 5, 35, 18, 43, 29, 36, 38, 39, 26, 10, 8, 36, 38, 43, 9, 29, 3, 18, 16, 8, 26, 43, 32, 19]","[8, 38, 41, 8, 30, 18, 35, 21, 8, 29, 16, 13, 35, 26, 5, 35, 38, 36, 43, 32, 19, 5, 35, 18, 43, 25, 36, 38, 39, 26, 10, 8, 36, 38, 43, 9, 29, 35, 18, 16, 8, 26, 43, 32]"
L2_arctic_WAV/SVBI_arctic_a0416,"[6, 14, 43, 19, 4, 19, 41, 21, 8, 38, 26, 43, 19, 4, 40, 4, 30, 5, 36, 4, 38, 27, 14, 40, 24, 8, 24, 38, 27, 32, 31, 16, 8, 30, 42, 34, 3, 16, 13, 35]","[6, 14, 43, 19, 4, 19, 41, 21, 8, 38, 26, 43, 19, 4, 40, 4, 30, 5, 36, 4, 38, 27, 14, 40, 24, 8, 24, 38, 27, 32, 31, 16, 8, 30, 42, 34, 35, 16, 13, 35]"
L2_arctic_WAV/SVBI_arctic_a0424,"[5, 18, 40, 27, 4, 36, 30, 27, 8, 38, 41, 14, 42, 4, 19, 8, 42, 27, 42, 6, 4, 38, 29, 13, 19, 18, 27, 29, 5, 32, 38, 35, 43, 29, 38, 4, 19, 18, 16, 8, 29, 5, 32, 38, 43, 29, 38]","[5, 40, 27, 4, 36, 30, 27, 8, 38, 41, 14, 42, 4, 19, 8, 36, 27, 42, 6, 4, 38, 29, 39, 19, 18, 27, 29, 5, 32, 38, 35, 43, 29, 38, 4, 19, 18, 16, 8, 29, 5, 32, 38, 43, 29, 38]"
L2_arctic_WAV/HJK_arctic_a0003,"[24, 35, 3, 6, 4, 38, 41, 7, 32, 27, 4, 12, 38, 16, 8, 31, 6, 43, 38, 27, 40, 32, 8, 9, 6, 4, 38, 39, 31, 7, 32, 11, 13, 29, 26, 43, 32, 19, 42]","[24, 35, 3, 19, 4, 38, 41, 7, 32, 27, 4, 12, 38, 16, 8, 31, 19, 43, 38, 27, 40, 32, 8, 9, 19, 4, 38, 39, 31, 7, 32, 11, 13, 29, 26, 43, 32, 19, 36]"
L2_arctic_WAV/HJK_arctic_a0005,"[41, 8, 30, 41, 27, 7, 40, 3, 24, 3, 25, 7, 38, 8, 38]","[41, 8, 30, 41, 27, 7, 40, 3, 24, 3, 25, 43, 38, 8, 38]"
L2_arctic_WAV/HJK_arctic_a0006,"[25, 5, 19, 18, 30, 7, 36, 4, 31, 16, 8, 26, 33, 13, 34, 16, 8, 30, 25, 33, 13, 5, 32, 36, 27, 8, 9, 6, 7, 31, 24, 3, 7, 40, 3]","[25, 5, 19, 18, 30, 43, 36, 4, 31, 16, 8, 26, 33, 13, 34, 16, 8, 30, 25, 33, 13, 5, 32, 36, 27, 8, 9, 19, 7, 31, 24, 3, 7, 40, 3]"
L2_arctic_WAV/HJK_arctic_a0007,"[43, 32, 19, 28, 39, 10, 30, 41, 27, 42, 41, 5, 32, 38, 38, 4, 36, 27, 8, 38, 8, 32, 6, 4, 36, 13, 34, 3, 30, 4, 38, 8, 40, 19, 8, 25, 35, 27]","[43, 32, 19, 28, 39, 10, 30, 41, 27, 42, 41, 5, 32, 38, 38, 4, 36, 27, 8, 38, 8, 32, 19, 4, 36, 13, 34, 3, 30, 4, 38, 8, 40, 19, 8, 25, 35, 27]"
L2_arctic_WAV/HJK_arctic_a0008,"[25, 43, 19, 28, 13, 35, 30, 7, 38, 3, 29, 21, 8, 31, 20, 8, 36, 38, 8, 32, 38, 16, 8, 31]","[25, 43, 19, 28, 13, 35, 30, 7, 38, 3, 29, 21, 8, 31, 20, 8, 36, 38, 8, 32, 38, 16, 8, 31]"
L2_arctic_WAV/HJK_arctic_a0010,"[16, 8, 31, 34, 30, 21, 8, 8, 9, 4, 36, 8, 9, 25, 4, 30, 26, 43, 32, 19, 8, 32, 41, 14, 38, 30, 13, 29, 36, 30, 16, 8, 29, 4, 30, 39, 42, 8, 9, 25, 21, 8, 31]","[16, 8, 31, 34, 30, 21, 8, 8, 9, 4, 36, 8, 9, 25, 4, 30, 26, 43, 32, 19, 8, 32, 41, 14, 38, 30, 13, 29, 36, 30, 16, 8, 29, 4, 30, 39, 36, 8, 9, 25, 21, 8, 31]"
L2_arctic_WAV/HJK_arctic_a0011,"[8, 24, 16, 8, 7, 40, 3, 32, 27, 19, 8, 19, 4, 24, 16, 8, 38, 3, 8, 32, 31, 16, 8, 30, 16, 8, 24, 16, 8, 32, 27, 19, 41, 14, 32, 32, 16, 13]","[8, 24, 16, 8, 7, 40, 3, 32, 27, 19, 8, 19, 4, 24, 16, 8, 38, 3, 8, 32, 31, 16, 8, 30, 16, 8, 24, 16, 8, 32, 27, 19, 41, 14, 32, 32, 16, 13]"
L2_arctic_WAV/HJK_arctic_a0013,"[26, 27, 41, 14, 42, 21, 8, 26, 7, 19, 11, 10, 35, 38, 3, 6, 43, 32, 26, 8, 42, 29, 4, 31, 34, 43, 32, 28, 4, 32, 4, 40, 10, 30, 31, 33, 13, 36, 38, 19, 7, 30, 4, 29, 4, 38, 24, 4, 42, 27, 29]","[26, 27, 41, 14, 42, 21, 8, 26, 43, 19, 11, 10, 35, 38, 3, 6, 43, 32, 26, 8, 42, 29, 4, 31, 34, 21, 8, 32, 28, 4, 32, 4, 40, 10, 30, 31, 33, 13, 36, 38, 19, 7, 30, 4, 29, 4, 38, 24, 4, 20, 27, 29]"
L2_arctic_WAV/HJK_arctic_a0018,"[6, 7, 35, 41, 14, 42, 4, 37, 21, 8, 32, 20, 32, 16, 13]","[19, 7, 35, 41, 14, 36, 4, 37, 21, 8, 32, 20, 32, 16, 13]"
L2_arctic_WAV/HJK_arctic_a0019,"[16, 8, 24, 5, 30, 33, 13, 19, 6, 4, 30, 16, 8, 32, 4, 40, 6, 4, 34, 35, 4, 34, 33, 13, 42, 19, 35, 21, 8, 30, 35, 33, 13, 19, 30, 13, 29, 8, 9, 24, 35, 3, 37, 43, 32, 36, 8, 42]","[16, 8, 24, 5, 30, 33, 13, 19, 19, 4, 30, 16, 8, 32, 4, 40, 6, 4, 34, 35, 4, 34, 33, 13, 42, 19, 35, 21, 8, 30, 35, 33, 13, 38, 30, 13, 29, 8, 9, 24, 35, 3, 37, 43, 32, 36, 8, 36]"
L2_arctic_WAV/HJK_arctic_a0020,"[29, 30, 14, 18, 42, 4, 32, 19, 18, 10, 30, 42, 43, 32, 19, 36, 8, 38, 27, 42, 25, 35, 39, 38, 39, 18, 27, 33, 13, 32, 30, 27, 31, 7, 31, 3, 27, 42]","[29, 30, 14, 18, 36, 4, 32, 19, 18, 10, 30, 36, 43, 32, 19, 36, 8, 38, 27, 36, 25, 35, 39, 38, 39, 18, 27, 33, 13, 32, 30, 27, 31, 7, 31, 3, 27, 36]"
L2_arctic_WAV/HJK_arctic_a0021,"[8, 38, 24, 7, 35, 30, 27, 29, 30, 14, 18, 19, 31, 27, 8, 32, 38, 39, 35, 7, 29, 4, 25, 32, 16, 8, 42, 8, 9, 8, 38]","[8, 38, 24, 7, 35, 30, 27, 29, 30, 14, 18, 19, 31, 27, 8, 32, 38, 39, 35, 7, 29, 4, 25, 32, 16, 8, 36, 8, 9, 8, 38]"
L2_arctic_WAV/HJK_arctic_a0022,"[26, 5, 35, 19, 30, 27, 41, 3, 5, 35, 34, 30, 43, 32, 42, 31, 21, 8, 19, 34, 14, 18, 30, 8, 29, 18, 27, 24, 10, 35, 41, 27, 41, 3, 31, 7, 38, 18, 16, 8, 34, 16, 13, 3, 24, 4, 30, 5, 34, 4, 42, 8, 11, 4, 32]","[26, 5, 35, 19, 30, 27, 41, 3, 5, 35, 34, 30, 43, 32, 36, 31, 21, 8, 19, 34, 10, 18, 30, 8, 29, 18, 27, 24, 10, 35, 41, 27, 41, 3, 31, 7, 38, 18, 16, 8, 34, 16, 13, 3, 24, 4, 30, 5, 34, 4, 42, 8, 11, 4, 32]"
L2_arctic_WAV/HJK_arctic_a0023,"[4, 29, 5, 31, 18, 4, 32, 21, 8, 11, 4, 32, 4, 40, 29, 4, 32, 21, 8, 19, 27, 4, 32, 29, 43, 34, 8, 38, 4, 30, 29, 41, 8, 29, 30, 27, 10, 35, 25, 4, 32, 16, 8, 42, 19, 43, 32, 19, 34, 4, 38, 8, 11, 4, 32, 19, 24, 35, 3, 6, 4, 36, 21, 8, 31, 34, 35, 8, 40, 8, 30, 4, 20, 4, 42]","[4, 29, 5, 31, 18, 4, 32, 21, 8, 11, 4, 32, 4, 40, 29, 4, 32, 21, 8, 19, 27, 4, 32, 29, 43, 34, 8, 38, 4, 30, 29, 41, 8, 29, 30, 27, 10, 35, 25, 4, 32, 16, 8, 36, 19, 43, 32, 19, 34, 4, 38, 8, 11, 4, 32, 19, 24, 35, 3, 6, 4, 36, 21, 8, 31, 34, 35, 8, 40, 8, 30, 4, 20, 4, 36]"
L2_arctic_WAV/HJK_arctic_a0024,"[8, 38, 41, 14, 42, 31, 16, 8, 35, 8, 34, 10, 35, 38, 36, 24, 3, 31, 6, 4, 32, 10, 35, 12, 41, 8, 37, 37, 27, 24, 30, 27, 8, 32, 19, 39, 36, 38, 34, 27, 34, 4, 30, 38, 39, 18, 16, 8]","[8, 38, 41, 14, 36, 31, 16, 8, 35, 8, 36, 34, 10, 35, 38, 36, 24, 3, 31, 6, 4, 32, 3, 35, 12, 41, 8, 37, 37, 8, 24, 30, 27, 8, 32, 19, 39, 36, 38, 34, 27, 34, 4, 30, 38, 39, 18, 16, 8]"
L2_arctic_WAV/HJK_arctic_a0025,"[16, 8, 41, 14, 42, 4, 18, 16, 13, 38, 38, 8, 19, 39, 6, 8, 36, 41, 7, 32, 29, 39, 30, 3, 20, 14, 20, 31, 4, 32, 38, 34, 35, 27, 40, 21, 8, 30, 19]","[16, 8, 41, 14, 36, 4, 18, 16, 13, 38, 38, 8, 19, 39, 19, 8, 36, 41, 7, 32, 29, 39, 30, 3, 20, 14, 20, 31, 4, 32, 38, 34, 35, 27, 40, 21, 8, 30, 38]"
L2_arctic_WAV/HJK_arctic_a0026,"[8, 38, 4, 29, 3, 19, 38, 4, 31, 27, 6, 43, 38, 6, 7, 35, 41, 13, 19, 26, 43, 40, 38, 39, 18, 27, 43, 32, 4, 29, 16, 13, 32, 38, 8, 9]","[8, 38, 4, 29, 3, 35, 35, 4, 31, 27, 19, 43, 38, 19, 7, 35, 41, 13, 19, 26, 43, 40, 38, 39, 18, 27, 43, 32, 4, 29, 16, 13, 32, 38, 8, 9]"
L2_arctic_WAV/HJK_arctic_a0027,"[38, 39, 31, 16, 8, 36, 3, 34, 35, 16, 8, 42, 26, 27, 18, 27, 25, 43, 32, 38, 8, 11, 33, 13, 43, 29, 11, 4, 30, 8, 32, 12, 39, 42, 27, 43, 42, 4, 31, 8, 32, 31, 16, 8, 24, 21, 8, 40, 3]","[38, 39, 31, 16, 8, 36, 3, 34, 35, 16, 8, 36, 26, 27, 18, 27, 25, 43, 32, 38, 8, 11, 33, 13, 43, 29, 11, 4, 30, 8, 32, 38, 39, 36, 27, 43, 36, 4, 31, 8, 32, 31, 16, 8, 24, 21, 8, 40, 3]"
L2_arctic_WAV/HJK_arctic_a0028,"[35, 5, 18, 3, 27, 18, 35, 16, 8, 18, 3, 27, 24, 35, 10, 19]","[35, 5, 18, 3, 27, 18, 35, 16, 8, 18, 3, 27, 24, 35, 16, 13, 19]"
L2_arctic_WAV/HJK_arctic_a0029,"[6, 7, 35, 24, 10, 35, 36, 8, 42, 41, 3, 10, 30, 35, 7, 19, 27, 31, 39, 40, 8, 9, 8, 32, 38, 39, 6, 4, 32, 10, 35, 12, 29, 14, 32, 38, 35, 27]","[19, 7, 35, 24, 10, 35, 36, 8, 36, 41, 3, 10, 30, 35, 43, 19, 27, 31, 39, 40, 8, 9, 8, 32, 38, 39, 6, 4, 32, 10, 35, 36, 29, 14, 32, 38, 35, 27]"
L2_arctic_WAV/HJK_arctic_a0030,"[16, 8, 26, 43, 19, 24, 21, 8, 12, 8, 32, 6, 7, 31]","[16, 8, 26, 43, 19, 24, 21, 8, 12, 8, 32, 6, 43, 31]"
L2_arctic_WAV/HJK_arctic_a0031,"[6, 21, 8, 41, 3, 12, 35, 27, 26, 14, 32, 19, 35, 4, 19, 28, 5, 35, 19, 42, 4, 34, 5, 35, 38]","[19, 21, 8, 41, 3, 12, 35, 27, 26, 14, 32, 19, 35, 4, 19, 28, 5, 35, 19, 42, 4, 34, 5, 35, 38]"
L2_arctic_WAV/HJK_arctic_a0032,"[36, 8, 32, 36, 6, 7, 32, 36, 14, 31, 31, 8, 36, 38, 8, 35, 27, 4, 36, 24, 10, 35, 36, 26, 43, 42, 18, 8, 32, 24, 16, 8, 38, 8, 9, 14, 36, 43, 38, 7, 40, 35, 27, 36, 38, 7, 34]","[36, 8, 32, 36, 19, 43, 32, 36, 14, 31, 31, 8, 36, 38, 8, 35, 27, 4, 36, 24, 10, 35, 36, 26, 43, 36, 18, 8, 32, 24, 16, 8, 38, 8, 9, 14, 36, 43, 38, 7, 40, 35, 27, 36, 38, 7, 34]"
L2_arctic_WAV/HJK_arctic_a0036,"[11, 27, 38, 3, 32, 19, 8, 32, 43, 38, 6, 27, 26, 33, 13, 38, 7, 30]","[11, 27, 38, 3, 32, 19, 8, 32, 43, 38, 19, 27, 26, 33, 13, 38, 7, 30]"
L2_arctic_WAV/HJK_arctic_a0037,"[16, 8, 41, 14, 42, 6, 27, 33, 13, 32, 30, 27, 41, 14, 32, 26, 39, 35, 8, 31, 21, 8, 32, 19, 36, 8, 38, 8, 9]","[16, 8, 41, 14, 42, 6, 27, 33, 13, 32, 30, 27, 41, 14, 32, 26, 39, 35, 8, 31, 21, 8, 32, 19, 36, 27, 38, 8, 9]"
L2_arctic_WAV/HJK_arctic_a0038,"[41, 8, 30, 26, 43, 40, 38, 39, 41, 10, 37, 5, 35, 37, 43, 32, 36, 8, 42]","[41, 8, 30, 26, 43, 40, 38, 39, 41, 10, 37, 5, 35, 37, 43, 32, 36, 8, 36]"
L2_arctic_WAV/HJK_arctic_a0039,"[6, 14, 11, 8, 34, 11, 13, 19, 18, 27, 8, 32, 41, 8, 6, 8, 32, 4, 41, 27, 29, 10, 35, 38, 7, 32, 19, 21, 8, 42]","[19, 14, 11, 27, 34, 11, 13, 19, 18, 27, 8, 32, 41, 8, 19, 8, 32, 4, 41, 27, 29, 10, 35, 38, 7, 32, 19, 21, 8, 36]"
L2_arctic_WAV/HJK_arctic_a0040,"[16, 8, 36, 4, 34, 33, 13, 42, 28, 39, 41, 14, 32, 19, 3, 41, 16, 8, 11, 27, 8, 42, 29, 14, 31, 8, 9, 14, 34, 26, 27, 35]","[16, 8, 36, 4, 34, 33, 13, 36, 28, 39, 41, 14, 32, 19, 3, 41, 16, 8, 11, 27, 8, 36, 29, 14, 31, 8, 9, 14, 34, 26, 27, 35]"
L2_arctic_WAV/HJK_arctic_a0041,"[31, 27, 32, 41, 16, 8, 30, 16, 8, 30, 25, 33, 13, 16, 13, 38, 38, 8, 18, 35, 27, 6, 4, 36, 34, 7, 30]","[31, 27, 32, 41, 16, 8, 30, 16, 8, 30, 25, 33, 13, 16, 13, 38, 38, 8, 18, 27, 38, 4, 36, 34, 7, 30]"
L2_arctic_WAV/HJK_arctic_a0042,"[26, 16, 13, 29, 13, 19, 26, 27, 8, 29, 36, 34, 30, 21, 8, 32, 26, 8, 42, 34, 4, 42, 7, 11, 4, 32, 4, 40, 6, 4, 36, 29, 7, 37]","[26, 16, 13, 29, 13, 19, 26, 27, 8, 29, 36, 34, 30, 21, 8, 32, 26, 8, 36, 34, 4, 42, 7, 11, 4, 32, 4, 40, 6, 4, 36, 29, 43, 37]"
L2_arctic_WAV/HJK_arctic_a0045,"[26, 27, 31, 39, 40, 19, 4, 41, 21, 8, 7, 42, 29, 41, 16, 8, 4, 38, 30, 27, 43, 42, 26, 27, 26, 43, 19, 29, 14, 31]","[26, 27, 31, 39, 40, 19, 4, 41, 21, 8, 7, 36, 29, 41, 16, 8, 4, 38, 30, 27, 43, 36, 26, 27, 26, 43, 19, 29, 14, 31]"
L2_arctic_WAV/HJK_arctic_a0046,"[6, 4, 25, 3, 30, 24, 21, 8, 36, 38, 26, 8, 31, 26, 3, 16, 8, 42, 11, 16, 8, 32, 8, 9, 41, 8, 12, 36, 14, 19, 4, 32, 24, 8, 35]","[19, 4, 25, 3, 30, 24, 21, 8, 36, 38, 26, 8, 31, 26, 3, 16, 8, 36, 11, 16, 8, 32, 8, 9, 41, 8, 12, 36, 14, 19, 4, 32, 24, 8, 35]"
L2_arctic_WAV/HJK_arctic_a0047,"[29, 30, 33, 13, 36, 18, 27, 36, 16, 8, 19, 26, 8, 31, 25, 30, 27, 31, 19, 6, 4, 41, 16, 8, 38, 24, 43, 9, 42, 14, 40, 6, 4, 41, 13, 30, 24, 19, 10, 25]","[29, 30, 33, 13, 36, 18, 27, 36, 16, 8, 19, 26, 8, 31, 25, 30, 27, 31, 19, 6, 4, 41, 16, 8, 38, 24, 43, 9, 36, 14, 40, 6, 4, 41, 13, 30, 24, 19, 33, 13, 29]"
L2_arctic_WAV/HJK_arctic_a0048,"[26, 27, 30, 13, 29, 38, 43, 38, 6, 4, 26, 43, 9, 29, 3, 37, 8, 24, 31, 10, 35, 29, 30, 33, 13, 36, 30, 27]","[26, 27, 30, 13, 29, 38, 43, 38, 6, 4, 26, 43, 9, 29, 3, 37, 8, 24, 31, 10, 35, 29, 30, 33, 13, 36, 30, 27]"
L2_arctic_WAV/HJK_arctic_a0051,"[6, 4, 30, 21, 8, 36, 41, 14, 42, 14, 40, 4, 19, 7, 30, 4, 29, 4, 38, 16, 8, 40, 3, 27, 29, 14, 30, 3, 24, 21, 8, 32, 38, 30, 27, 38, 8, 32, 38, 8, 19, 41, 8, 6, 28, 7, 30, 33, 13]","[19, 4, 30, 21, 8, 36, 41, 14, 42, 14, 40, 4, 19, 7, 30, 4, 29, 4, 38, 16, 8, 40, 3, 27, 29, 10, 30, 3, 24, 21, 8, 32, 38, 30, 27, 38, 8, 32, 38, 8, 19, 41, 8, 19, 28, 7, 30, 33, 13]"
L2_arctic_WAV/HJK_arctic_a0052,"[8, 38, 41, 14, 42, 4, 29, 28, 13, 35, 27, 4, 36, 29, 33, 13, 8, 32, 36, 8, 19, 4, 32, 36]","[8, 38, 41, 14, 36, 4, 29, 28, 13, 35, 27, 4, 36, 29, 33, 13, 8, 32, 36, 8, 19, 4, 32, 36]"
L2_arctic_WAV/HJK_arctic_a0053,"[36, 14, 19, 4, 32, 30, 27, 26, 8, 42, 24, 8, 9, 25, 3, 42, 29, 30, 33, 13, 42, 19, 38, 16, 8, 38, 30, 27, 33, 13, 40, 3, 6, 4, 26, 43, 9, 29, 3, 37, 8, 24]","[36, 14, 19, 4, 32, 30, 27, 26, 27, 42, 24, 8, 9, 25, 3, 36, 29, 30, 33, 13, 36, 19, 38, 16, 8, 38, 30, 27, 33, 13, 40, 3, 19, 4, 26, 43, 9, 29, 3, 37, 8, 24]"
L2_arctic_WAV/HJK_arctic_a0054,"[6, 7, 35, 41, 14, 42, 32, 14, 12, 8, 9, 5, 32, 6, 4, 35, 5, 29]","[19, 7, 35, 41, 14, 42, 32, 14, 12, 8, 9, 5, 32, 6, 4, 35, 5, 29]"
L2_arctic_WAV/HJK_arctic_a0058,"[16, 8, 29, 21, 8, 31, 24, 35, 3, 8, 32, 24, 10, 35, 31, 21, 8, 11, 4, 32, 31, 10, 35, 16, 13, 38, 4, 40, 29, 28, 13, 35, 27, 5, 36, 4, 38, 27, 6, 43, 32, 7, 32, 27, 12, 8, 9, 7, 30, 36]","[16, 8, 29, 21, 8, 31, 24, 35, 3, 8, 32, 24, 10, 35, 31, 21, 8, 11, 4, 32, 31, 10, 35, 16, 13, 38, 4, 40, 29, 28, 13, 35, 27, 5, 36, 4, 38, 27, 19, 43, 32, 7, 32, 27, 38, 8, 9, 7, 30, 36]"
L2_arctic_WAV/HJK_arctic_a0059,"[26, 8, 42, 8, 31, 43, 29, 28, 39, 30, 8, 38, 4, 34, 8, 35, 4, 32, 36, 41, 4, 42, 25, 10, 32]","[26, 27, 36, 8, 31, 43, 29, 28, 39, 30, 21, 8, 38, 4, 34, 8, 35, 4, 32, 36, 41, 4, 36, 25, 10, 32]"
L2_arctic_WAV/HJK_arctic_a0060,"[7, 32, 27, 41, 21, 8, 32, 33, 13, 41, 14, 32, 36, 10, 26, 3, 30, 16, 8, 29, 6, 43, 38]","[7, 32, 27, 41, 21, 8, 32, 33, 13, 41, 14, 32, 36, 10, 26, 3, 30, 16, 8, 29, 19, 43, 38]"
L2_arctic_WAV/HJK_arctic_a0062,"[6, 4, 31, 7, 32, 36, 38, 7, 35, 19, 8, 32, 38, 39, 27, 37, 14, 6, 3, 42, 24, 21, 8, 36]","[19, 4, 31, 43, 32, 36, 38, 7, 35, 19, 8, 32, 38, 39, 27, 37, 14, 19, 3, 36, 24, 21, 8, 36]"
L2_arctic_WAV/HJK_arctic_a0063,"[28, 7, 36, 8, 38, 41, 14, 42, 4, 31, 43, 32, 26, 39, 43, 36, 38, 4, 36, 38, 35, 21, 8, 32, 20, 3]","[28, 7, 36, 8, 38, 41, 14, 36, 4, 31, 43, 32, 26, 39, 43, 36, 38, 4, 36, 38, 35, 21, 8, 32, 20, 3]"
L2_arctic_WAV/HJK_arctic_a0064,"[6, 4, 24, 10, 35, 12, 4, 32, 19, 24, 8, 12, 19, 21, 8, 42, 34, 43, 36, 38, 41, 8, 6, 16, 13, 38, 7, 32, 27, 19, 8, 40, 7, 30, 4, 34, 31, 4, 32, 38, 36]","[19, 4, 24, 10, 35, 12, 4, 32, 19, 24, 8, 38, 19, 21, 8, 36, 34, 43, 36, 38, 41, 8, 19, 16, 13, 38, 7, 32, 27, 19, 8, 40, 7, 30, 4, 34, 31, 4, 32, 38, 36]"
L2_arctic_WAV/HJK_arctic_a0065,"[6, 21, 8, 29, 30, 33, 13, 42, 19, 32, 16, 13, 4, 32, 38, 8, 30, 26, 8, 42, 24, 8, 9, 25, 3, 42, 41, 3, 30, 16, 8, 29, 29, 10, 35, 19, 42, 4, 40, 36, 38, 27, 30]","[19, 21, 8, 29, 30, 33, 13, 36, 19, 32, 16, 13, 4, 32, 38, 8, 30, 26, 8, 36, 24, 8, 9, 25, 3, 36, 41, 3, 30, 16, 8, 29, 29, 10, 35, 19, 36, 4, 40, 36, 38, 8, 30]"
L2_arctic_WAV/HJK_arctic_a0067,"[11, 13, 35, 30, 27, 16, 8, 41, 4, 30, 8, 29, 36, 29, 28, 39, 42, 28, 39, 11, 27, 29, 35, 16, 8, 19]","[11, 13, 35, 30, 27, 16, 8, 41, 4, 30, 8, 29, 36, 29, 28, 39, 36, 28, 39, 11, 27, 29, 35, 16, 8, 19]"
L2_arctic_WAV/HJK_arctic_a0071,"[26, 41, 14, 38, 41, 14, 42, 6, 27, 5, 18, 20, 7, 29, 38, 4, 40, 28, 13, 35, 30, 8, 38, 4, 30, 36, 7, 32, 36, 21, 8, 11, 4, 32]","[26, 41, 14, 38, 41, 14, 36, 19, 27, 5, 18, 20, 7, 29, 38, 4, 40, 28, 13, 35, 30, 8, 38, 4, 30, 36, 7, 32, 36, 21, 8, 11, 4, 32]"
L2_arctic_WAV/HJK_arctic_a0073,"[6, 4, 34, 35, 4, 31, 33, 13, 38, 3, 42, 16, 8, 42, 41, 3, 26, 7, 40, 27, 41, 8, 6, 30, 8, 38, 4, 30, 34, 14, 24, 27, 18, 43, 25, 42, 14, 32, 19, 3, 6, 7, 31]","[19, 4, 34, 35, 4, 31, 33, 13, 38, 3, 36, 16, 8, 36, 41, 3, 26, 43, 40, 27, 41, 8, 19, 30, 8, 38, 4, 30, 34, 14, 24, 27, 18, 43, 25, 36, 14, 32, 19, 3, 19, 43, 31]"
L2_arctic_WAV/HJK_arctic_a0075,"[6, 7, 35, 26, 43, 42, 18, 8, 32, 4, 37, 21, 8, 32, 20, 11, 27, 8, 32, 3, 14, 34, 38, 8, 19, 26, 8, 31]","[19, 7, 35, 26, 43, 36, 18, 8, 32, 4, 37, 21, 8, 32, 20, 11, 27, 8, 32, 3, 14, 34, 38, 8, 19, 26, 8, 31]"
L2_arctic_WAV/HJK_arctic_a0076,"[6, 4, 25, 35, 21, 8, 16, 8, 42, 24, 5, 30, 38, 3, 19, 6, 4, 24, 30, 14, 11, 19, 27, 34, 4, 32, 19]","[19, 4, 25, 35, 21, 8, 16, 8, 42, 24, 5, 30, 38, 3, 19, 19, 4, 24, 30, 14, 11, 19, 27, 34, 4, 32, 19]"
L2_arctic_WAV/HJK_arctic_a0077,"[8, 38, 8, 42, 6, 14, 24, 16, 8, 3, 34, 5, 35, 38, 30, 27, 11, 27, 36, 7, 19]","[8, 38, 8, 42, 19, 14, 24, 16, 8, 3, 34, 5, 35, 38, 30, 27, 11, 27, 36, 43, 19]"
L2_arctic_WAV/HJK_arctic_a0078,"[6, 7, 32, 43, 32, 19, 43, 38, 36, 14, 34, 3, 26, 27, 38, 35, 16, 8, 19, 38, 4, 24, 43, 6, 4, 31, 26, 3]","[19, 43, 32, 43, 32, 19, 43, 38, 36, 14, 34, 3, 26, 27, 38, 35, 16, 8, 19, 38, 4, 24, 43, 12, 4, 31, 26, 3]"
L2_arctic_WAV/HJK_arctic_a0079,"[8, 38, 41, 14, 42, 4, 30, 5, 35, 20, 29, 4, 32, 39]","[8, 38, 41, 14, 42, 4, 30, 5, 35, 11, 29, 4, 32, 39]"
L2_arctic_WAV/HJK_arctic_a0081,"[26, 41, 14, 38, 8, 24, 11, 27, 19, 8, 19, 32, 5, 38, 29, 14, 31, 38, 8, 6, 4, 35, 5, 29]","[26, 41, 14, 38, 8, 24, 11, 27, 19, 8, 19, 32, 5, 38, 29, 14, 31, 38, 8, 19, 4, 35, 5, 29]"
L2_arctic_WAV/HJK_arctic_a0082,"[26, 8, 42, 24, 21, 8, 36, 41, 4, 42, 36, 38, 35, 27, 31, 8, 9, 41, 8, 6, 18, 30, 14, 19]","[26, 8, 36, 24, 21, 8, 36, 41, 4, 36, 36, 38, 35, 27, 31, 8, 9, 41, 8, 19, 18, 30, 14, 38]"
L2_arctic_WAV/HJK_arctic_a0085,"[4, 38, 35, 8, 29, 4, 30, 14, 40, 24, 35, 7, 11, 18, 30, 14, 19, 35, 43, 32, 33, 13, 40, 3, 26, 8, 42, 24, 21, 8, 36]","[4, 38, 35, 8, 29, 4, 30, 14, 40, 24, 35, 43, 11, 18, 30, 14, 19, 35, 43, 32, 33, 13, 40, 3, 26, 8, 42, 24, 21, 8, 36]"
L2_arctic_WAV/HJK_arctic_a0086,"[19, 7, 12, 26, 43, 19, 29, 14, 31, 41, 8, 6, 38, 7, 35, 4, 18, 4, 30, 36, 14, 19, 4, 32, 32, 4, 36]","[19, 43, 12, 26, 43, 19, 29, 14, 31, 41, 8, 38, 38, 7, 35, 4, 18, 4, 30, 36, 14, 19, 4, 32, 32, 4, 36]"
L2_arctic_WAV/HJK_arctic_a0088,"[26, 27, 31, 21, 8, 19, 11, 13, 35, 6, 43, 38, 6, 4, 31, 43, 25, 4, 42, 27, 32, 41, 4, 42, 30, 33, 13, 19, 8, 19, 43, 32, 19, 35, 27, 42, 39, 31, 19, 26, 8, 42, 34, 43, 19, 30, 8, 9]","[26, 27, 31, 21, 8, 19, 11, 13, 35, 19, 43, 38, 19, 4, 31, 43, 25, 4, 15, 27, 32, 41, 4, 42, 30, 33, 13, 19, 8, 19, 43, 32, 19, 35, 27, 20, 39, 31, 19, 26, 8, 42, 34, 43, 19, 30, 8, 9]"
L2_arctic_WAV/HJK_arctic_a0089,"[6, 4, 32, 16, 8, 38, 25, 30, 33, 13, 41, 14, 42, 38, 35, 7, 37, 3, 4, 36, 38, 8, 11, 39, 38, 18, 16, 8]","[19, 4, 32, 16, 8, 38, 25, 30, 33, 13, 41, 14, 42, 38, 35, 7, 37, 3, 4, 36, 38, 8, 11, 13, 38, 18, 16, 8]"
L2_arctic_WAV/HJK_arctic_a0090,"[6, 4, 36, 8, 9, 8, 9, 40, 10, 8, 36, 4, 34, 35, 33, 13, 37, 38, 35, 43, 34, 4, 19, 30, 27]","[19, 4, 36, 8, 9, 9, 40, 10, 8, 36, 4, 34, 35, 33, 13, 37, 38, 35, 43, 34, 4, 19, 30, 27]"
L2_arctic_WAV/HJK_arctic_a0091,"[26, 8, 42, 18, 30, 14, 19, 25, 35, 39, 26, 5, 38, 41, 8, 6, 35, 21, 8, 20, 43, 38, 6, 4, 12, 10, 38]","[26, 8, 36, 18, 30, 10, 19, 25, 35, 39, 26, 5, 38, 41, 8, 19, 35, 21, 8, 20, 43, 38, 6, 4, 12, 10, 38]"
L2_arctic_WAV/HJK_arctic_a0092,"[26, 27, 41, 7, 32, 38, 19, 16, 13, 32, 8, 32, 31, 8, 19, 36, 38, 35, 27, 31, 36, 3, 37, 8, 9, 6, 4, 11, 43, 19, 33, 13, 42, 4, 40, 18, 33, 13, 12, 11, 10, 35, 42]","[26, 27, 41, 7, 32, 38, 19, 16, 13, 32, 8, 32, 31, 27, 19, 36, 38, 35, 27, 31, 36, 3, 37, 8, 9, 6, 4, 11, 43, 19, 33, 13, 36, 4, 40, 18, 33, 13, 12, 11, 10, 35, 36]"
L2_arctic_WAV/HJK_arctic_a0093,"[24, 35, 3, 4, 24, 13, 30, 31, 8, 32, 4, 38, 26, 27, 29, 35, 16, 13, 37, 38, 43, 32, 19, 30, 8, 36, 4, 32, 19]","[24, 35, 3, 4, 24, 39, 30, 31, 8, 32, 4, 38, 26, 27, 29, 35, 16, 13, 37, 38, 43, 32, 19, 30, 8, 36, 4, 32, 38]"
L2_arctic_WAV/HJK_arctic_a0094,"[26, 27, 26, 43, 19, 18, 7, 35, 30, 27, 7, 32, 38, 3, 19, 6, 8, 36, 41, 7, 32, 26, 27, 36, 10, 6, 14, 25, 30, 33, 13, 14, 40, 4, 24, 16, 8, 3]","[26, 27, 26, 43, 19, 18, 7, 35, 30, 27, 7, 32, 38, 3, 19, 19, 7, 36, 41, 7, 32, 26, 27, 36, 10, 6, 14, 25, 30, 33, 13, 14, 40, 4, 24, 16, 8, 3]"
L2_arctic_WAV/HJK_arctic_a0095,"[4, 18, 8, 25, 29, 43, 32, 40, 4, 36, 38, 7, 32, 38, 41, 14, 42, 6, 4, 24, 3, 36, 38, 12, 8, 9, 38, 4, 29, 14, 31, 41, 8, 12, 8, 32, 26, 8, 42, 40, 8, 15, 4, 32]","[4, 18, 8, 25, 29, 43, 32, 40, 4, 36, 38, 7, 32, 38, 41, 14, 36, 19, 4, 24, 3, 36, 38, 38, 8, 9, 38, 4, 29, 14, 31, 41, 8, 12, 8, 32, 26, 8, 42, 40, 8, 20, 4, 32]"
L2_arctic_WAV/HJK_arctic_a0096,"[34, 3, 26, 43, 34, 36, 11, 27, 26, 43, 19, 10, 30, 35, 7, 19, 27, 31, 7, 38, 26, 3, 24, 21, 8, 38, 4, 30, 8, 38, 4, 30, 19, 27, 34, 3, 8, 32, 6, 4, 24, 10, 35, 4, 36, 38]","[34, 3, 26, 43, 34, 36, 11, 27, 26, 43, 19, 10, 30, 35, 7, 19, 27, 31, 43, 38, 26, 3, 24, 21, 8, 38, 4, 30, 8, 38, 4, 30, 19, 27, 34, 3, 8, 32, 6, 4, 24, 10, 35, 4, 36, 38]"
L2_arctic_WAV/HJK_arctic_a0097,"[6, 7, 32, 28, 39, 29, 43, 32, 3, 21, 8, 32, 20, 28, 3, 36, 7, 30, 24, 29, 14, 31, 24, 3, 38, 4, 18, 30, 27, 4, 31, 14, 9, 6, 27, 42, 35, 33, 13, 18, 42, 8, 32, 6, 4, 18, 33, 13]","[19, 43, 32, 28, 39, 29, 43, 32, 3, 21, 8, 32, 20, 28, 3, 36, 7, 30, 24, 29, 14, 31, 24, 3, 38, 4, 18, 30, 27, 4, 31, 14, 9, 19, 27, 36, 35, 33, 13, 18, 36, 8, 32, 19, 4, 18, 33, 13]"
L2_arctic_WAV/HJK_arctic_a0098,"[11, 43, 30, 16, 8, 29, 7, 35, 27, 28, 39]","[11, 7, 30, 16, 8, 29, 7, 35, 27, 28, 39]"
L2_arctic_WAV/HJK_arctic_a0099,"[4, 31, 43, 19, 32, 8, 9, 20, 10, 8, 34, 16, 13, 32, 19, 8, 19, 8, 32, 26, 8, 42, 18, 35, 21, 8, 32]","[4, 31, 43, 19, 32, 8, 9, 20, 10, 8, 34, 16, 13, 32, 19, 8, 19, 8, 32, 26, 8, 36, 18, 35, 21, 8, 32]"
L2_arctic_WAV/HJK_arctic_a0100,"[28, 39, 31, 14, 36, 38, 36, 30, 27, 34, 26, 27, 3, 20, 19]","[28, 39, 31, 14, 36, 38, 36, 30, 27, 34, 26, 27, 3, 15, 19]"
L2_arctic_WAV/HJK_arctic_a0101,"[28, 39, 28, 39, 41, 13, 19, 32, 5, 38, 29, 27, 34, 6, 4, 38, 35, 39, 12, 24, 35, 14, 31, 31, 27]","[28, 39, 28, 39, 41, 13, 19, 32, 5, 38, 29, 27, 34, 19, 4, 38, 35, 39, 12, 24, 35, 14, 31, 31, 27]"
L2_arctic_WAV/HJK_arctic_a0102,"[26, 27, 41, 4, 30, 24, 5, 30, 33, 13, 14, 36, 36, 39, 32]","[26, 27, 41, 4, 30, 24, 5, 30, 33, 13, 14, 36, 36, 39, 32]"
L2_arctic_WAV/HJK_arctic_a0103,"[18, 14, 38, 6, 7, 35, 29, 21, 8, 31, 32, 33, 13, 34, 35, 5, 31, 4, 36, 24, 35, 14, 31, 6, 4, 18, 33, 13, 14, 40, 6, 4, 29, 4, 32, 39]","[18, 14, 38, 19, 7, 35, 29, 21, 8, 31, 32, 33, 13, 34, 35, 5, 31, 4, 36, 24, 35, 14, 31, 19, 4, 18, 33, 13, 14, 40, 19, 4, 29, 4, 32, 39]"
L2_arctic_WAV/HJK_arctic_a0104,"[11, 27, 41, 14, 42, 36, 30, 27, 34, 8, 9, 14, 32, 19, 3, 26, 8, 42, 34, 35, 4, 38, 7, 29, 11, 4, 32, 43, 42, 36, 41, 27, 38, 30, 27, 43, 42, 4, 37, 16, 8, 30, 19]","[11, 27, 41, 14, 42, 36, 30, 27, 34, 8, 9, 14, 32, 19, 3, 26, 8, 36, 34, 35, 4, 38, 7, 29, 11, 4, 32, 43, 19, 42, 36, 41, 27, 38, 30, 27, 43, 19, 36, 4, 37, 16, 8, 30, 19]"
L2_arctic_WAV/HJK_arctic_a0105,"[33, 13, 32, 30, 27, 8, 38, 8, 42, 36, 33, 13, 41, 14, 32, 19, 3, 24, 4, 30, 36, 33, 13, 10, 30, 31, 33, 13, 36, 38, 8, 31, 34, 5, 36, 4, 18, 4, 30, 38, 8, 18, 8, 30, 27, 40]","[33, 13, 32, 30, 27, 8, 38, 8, 38, 36, 36, 33, 13, 41, 14, 32, 19, 3, 24, 4, 30, 36, 33, 13, 10, 30, 31, 33, 13, 36, 38, 8, 31, 34, 5, 36, 4, 18, 4, 30, 38, 8, 18, 8, 30, 27, 40]"
L2_arctic_WAV/HJK_arctic_a0106,"[6, 27, 27, 31, 33, 13, 11, 4, 32, 41, 8, 37, 11, 27, 26, 43, 19, 36, 4, 34, 35, 7, 36, 38, 18, 3, 36, 38, 24, 10, 35, 12, 32, 16, 13, 8, 32, 4, 37, 33, 13, 29, 8, 9, 36, 5, 18]","[19, 27, 27, 31, 33, 13, 11, 4, 32, 41, 8, 37, 11, 27, 26, 43, 19, 36, 4, 34, 35, 7, 36, 38, 18, 3, 36, 38, 24, 10, 35, 12, 32, 16, 13, 8, 32, 4, 37, 33, 13, 29, 8, 9, 36, 5, 18]"
L2_arctic_WAV/HJK_arctic_a0107,"[8, 24, 28, 39, 33, 13, 32, 30, 27, 29, 13, 19, 32, 33, 13, 26, 16, 13, 16, 8, 12, 43, 9, 29, 28, 39]","[8, 24, 28, 39, 33, 13, 32, 30, 27, 29, 13, 19, 32, 33, 13, 26, 16, 13, 16, 8, 12, 43, 9, 29, 28, 39]"
L2_arctic_WAV/HJK_arctic_a0108,"[26, 27, 41, 21, 8, 19, 8, 19, 8, 32, 38, 39, 6, 27, 7, 20, 4, 40, 6, 4, 41, 10, 38, 3, 43, 32, 19, 18, 27, 25, 43, 32, 36, 29, 35, 14, 18, 8, 9, 26, 8, 31, 36, 7, 30, 24]","[26, 27, 41, 21, 8, 19, 8, 19, 8, 32, 38, 39, 19, 27, 43, 20, 4, 40, 6, 4, 41, 10, 38, 3, 43, 32, 19, 18, 27, 25, 43, 32, 36, 29, 35, 14, 18, 8, 9, 26, 8, 31, 36, 7, 30, 24]"
L2_arctic_WAV/HJK_arctic_a0109,"[19, 39, 28, 39, 32, 33, 13, 6, 43, 38, 28, 39, 3, 11, 21, 8, 29, 8, 9, 31, 16, 8, 29, 5, 32, 24, 4, 19, 4, 32, 36, 8, 32, 28, 39]","[19, 39, 28, 39, 32, 33, 13, 19, 43, 38, 28, 39, 3, 11, 21, 8, 29, 8, 9, 31, 16, 8, 29, 5, 32, 24, 4, 19, 4, 32, 36, 8, 32, 28, 39]"
L2_arctic_WAV/HJK_arctic_a0111,"[8, 32, 36, 38, 7, 19, 26, 27, 20, 10, 8, 32, 19, 26, 3, 43, 32, 19, 6, 21, 8, 21, 8, 38, 30, 16, 8, 29, 38, 39, 26, 14, 9, 25, 35, 27, 37, 8, 30, 19, 35, 4, 32]","[8, 32, 36, 38, 43, 19, 26, 27, 20, 10, 8, 32, 19, 26, 3, 43, 32, 19, 19, 21, 8, 21, 8, 38, 30, 16, 8, 29, 38, 39, 26, 14, 9, 25, 35, 27, 37, 8, 30, 19, 35, 4, 32]"
L2_arctic_WAV/HJK_arctic_a0112,"[26, 27, 41, 14, 42, 41, 39, 32, 19, 8, 19, 8, 32, 6, 27, 5, 35, 31]","[26, 27, 41, 14, 36, 41, 39, 32, 19, 8, 19, 8, 32, 19, 27, 5, 35, 31]"
L2_arctic_WAV/HJK_arctic_a0113,"[16, 8, 36, 4, 34, 33, 13, 42, 28, 39, 34, 8, 29, 38, 6, 43, 38, 30, 8, 9, 25, 33, 13, 14, 34, 4, 31, 14, 9, 6, 27, 8, 32, 19, 27, 4, 32, 42]","[16, 8, 36, 4, 34, 33, 13, 36, 28, 39, 34, 8, 29, 38, 19, 43, 38, 30, 8, 9, 25, 33, 13, 10, 34, 4, 31, 14, 9, 19, 27, 8, 32, 19, 27, 4, 32, 42]"
L2_arctic_WAV/HJK_arctic_a0115,"[26, 27, 26, 43, 19, 32, 33, 13, 8, 29, 36, 29, 28, 39, 36, 24, 35, 3, 6, 4, 24, 27, 30, 8, 9, 42, 41, 8, 37, 41, 3, 3, 16, 13, 42, 19, 8, 32, 26, 8, 31]","[26, 27, 26, 43, 19, 32, 33, 13, 8, 29, 36, 29, 28, 39, 36, 24, 35, 3, 19, 4, 24, 8, 30, 8, 9, 42, 41, 8, 37, 41, 3, 3, 16, 13, 36, 19, 8, 32, 26, 8, 31]"
L2_arctic_WAV/HJK_arctic_a0116,"[41, 14, 42, 8, 38, 6, 4, 35, 5, 32, 19, 8, 40, 39, 14, 40, 6, 33, 13, 42, 26, 39, 41, 3, 36, 38, 35, 16, 8, 40, 8, 9, 38, 4, 41, 3, 29, 26, 8, 42, 35, 39, 4, 32]","[41, 14, 42, 8, 38, 6, 4, 35, 5, 32, 19, 8, 40, 39, 14, 40, 19, 33, 13, 36, 26, 39, 41, 3, 36, 38, 35, 16, 8, 40, 8, 9, 38, 4, 41, 3, 29, 26, 8, 42, 35, 39, 27, 32]"
L2_arctic_WAV/HJK_arctic_a0117,"[11, 27, 43, 19, 8, 19, 41, 8, 6, 20, 7, 32, 28, 4, 41, 4, 32, 36, 8, 31, 34, 4, 12, 27, 8, 32, 26, 3, 24, 21, 8, 36, 43, 32, 19, 40, 10, 8, 36]","[11, 27, 43, 19, 8, 19, 41, 8, 19, 20, 43, 32, 28, 4, 41, 4, 32, 36, 8, 31, 34, 4, 12, 27, 8, 32, 26, 3, 24, 21, 8, 36, 43, 32, 19, 18, 10, 8, 36]"
L2_arctic_WAV/HJK_arctic_a0120,"[31, 16, 8, 35, 16, 8, 38, 24, 13, 38, 24, 27, 30, 42, 30, 16, 8, 29, 6, 43, 38, 4, 40, 4, 37, 16, 8, 32, 27, 42, 19, 7, 18, 28, 4, 38, 5, 32, 38]","[31, 16, 8, 35, 16, 8, 38, 24, 13, 38, 24, 27, 30, 36, 30, 16, 8, 29, 19, 43, 38, 4, 40, 4, 37, 16, 8, 32, 27, 42, 19, 7, 18, 28, 4, 38, 5, 32, 38]"
L2_arctic_WAV/HJK_arctic_a0121,"[6, 21, 8, 21, 8, 38, 19, 8, 32, 3, 43, 38, 6, 4, 24, 8, 12, 43, 32, 19, 35, 7, 36, 38, 8, 19, 24, 35, 3, 38, 39, 16, 13, 3, 42]","[19, 21, 8, 21, 8, 38, 19, 8, 32, 3, 43, 38, 6, 4, 24, 8, 12, 43, 32, 19, 35, 43, 36, 38, 8, 19, 24, 35, 3, 38, 39, 16, 13, 3, 36]"
L2_arctic_WAV/HJK_arctic_a0122,"[38, 39, 28, 8, 35, 42, 4, 25, 33, 13, 16, 8, 25, 21, 8, 40, 14, 34, 36, 8, 40, 4, 30, 8, 42, 21, 8, 11, 4, 32, 24, 35, 3, 6, 8, 36]","[38, 39, 28, 8, 35, 36, 4, 25, 33, 13, 16, 8, 25, 21, 8, 40, 14, 34, 36, 8, 40, 4, 30, 8, 15, 21, 8, 11, 4, 32, 24, 35, 3, 19, 8, 36]"
L2_arctic_WAV/HJK_arctic_a0123,"[11, 27, 26, 43, 19, 19, 16, 8, 19, 24, 3, 31, 29, 33, 13, 30, 19, 4, 32, 19, 36, 38, 5, 35, 40, 21, 8, 11, 4, 32]","[11, 27, 26, 43, 19, 19, 16, 8, 19, 24, 3, 31, 29, 33, 13, 30, 19, 4, 32, 19, 36, 38, 3, 35, 40, 21, 8, 11, 4, 32]"
L2_arctic_WAV/HJK_arctic_a0125,"[26, 27, 41, 14, 42, 19, 8, 38, 3, 31, 4, 32, 19, 32, 16, 13, 38, 39, 31, 21, 8, 32, 38, 21, 8, 32, 4, 31, 10, 35, 36, 3, 38, 4, 32, 26, 33, 13, 30, 19, 4, 34, 5, 32, 26, 8, 31, 36, 7, 30, 24]","[26, 27, 41, 14, 36, 19, 8, 38, 3, 31, 4, 32, 19, 32, 16, 13, 38, 39, 31, 21, 8, 32, 38, 21, 8, 32, 4, 31, 10, 35, 36, 3, 38, 4, 32, 26, 33, 13, 30, 19, 4, 34, 5, 32, 26, 8, 31, 36, 7, 30, 24]"
L2_arctic_WAV/HJK_arctic_a0126,"[27, 37, 19, 21, 8, 11, 27, 18, 27, 29, 21, 8, 31, 4, 31, 10, 35, 40, 16, 8, 38, 4, 30, 34, 5, 35, 38, 4, 40, 26, 8, 31]","[8, 37, 19, 21, 8, 11, 27, 18, 27, 29, 21, 8, 31, 4, 31, 10, 35, 40, 16, 8, 38, 4, 30, 34, 5, 35, 38, 4, 40, 26, 8, 31]"
L2_arctic_WAV/HJK_arctic_a0127,"[8, 38, 41, 14, 42, 4, 38, 7, 31, 38, 21, 8, 11, 4, 32, 18, 14, 38, 26, 27, 35, 27, 42, 8, 36, 38, 8, 19, 8, 38]","[8, 38, 41, 14, 36, 4, 38, 7, 31, 38, 21, 8, 11, 4, 32, 18, 14, 38, 26, 27, 35, 27, 20, 8, 36, 38, 8, 19, 8, 38]"
L2_arctic_WAV/HJK_arctic_a0128,"[6, 8, 36, 41, 14, 32, 26, 33, 13, 34, 41, 14, 42, 19, 8, 36, 38, 35, 10, 8, 19, 43, 42, 29, 41, 8, 29, 30, 27, 43, 42, 8, 38, 41, 14, 42, 18, 10, 35, 32]","[19, 8, 36, 41, 14, 32, 26, 33, 13, 34, 41, 14, 36, 19, 8, 36, 38, 35, 10, 8, 19, 43, 36, 29, 41, 8, 29, 30, 27, 43, 36, 8, 38, 41, 14, 36, 18, 10, 35, 32]"
L2_arctic_WAV/HJK_arctic_a0129,"[26, 3, 24, 21, 8, 36, 41, 14, 42, 4, 25, 7, 32, 36, 38, 26, 8, 42, 18, 35, 7, 36, 38]","[26, 3, 24, 21, 8, 36, 41, 14, 42, 4, 25, 43, 32, 36, 38, 26, 8, 42, 18, 35, 7, 36, 38]"
L2_arctic_WAV/HJK_arctic_a0130,"[11, 27, 41, 14, 42, 26, 8, 42, 32, 16, 13, 24, 3, 7, 40, 3]","[11, 27, 41, 14, 36, 26, 8, 36, 32, 16, 13, 24, 3, 7, 40, 3]"
L2_arctic_WAV/HJK_arctic_a0131,"[34, 35, 5, 40, 4, 19, 4, 32, 36, 26, 43, 19, 19, 8, 30, 8, 40, 3, 19, 26, 8, 31, 12, 35, 39, 6, 4, 31, 21, 8, 30, 36, 38, 35, 4, 31]","[34, 35, 5, 40, 4, 19, 4, 32, 36, 26, 43, 19, 19, 8, 30, 8, 40, 3, 19, 26, 8, 31, 12, 35, 39, 19, 4, 31, 21, 8, 30, 36, 38, 35, 4, 31]"
L2_arctic_WAV/HJK_arctic_a0134,"[26, 27, 33, 13, 18, 21, 8, 19, 6, 4, 34, 35, 7, 11, 3, 4, 40, 26, 3, 26, 43, 32, 19]","[26, 27, 33, 13, 18, 21, 8, 19, 19, 4, 34, 35, 7, 11, 3, 4, 40, 26, 3, 26, 43, 32, 19]"
L2_arctic_WAV/HJK_arctic_a0136,"[4, 18, 16, 13, 38, 26, 8, 31, 7, 40, 35, 27, 41, 7, 35, 41, 3, 6, 27, 7, 40, 4, 19, 4, 32, 36, 4, 42, 4, 40, 30, 14, 25, 15, 3, 27, 43, 32, 19, 4, 40, 21, 8, 20]","[4, 18, 10, 38, 26, 8, 31, 7, 40, 35, 27, 41, 7, 35, 41, 3, 19, 27, 7, 40, 4, 19, 4, 32, 36, 4, 36, 4, 40, 30, 14, 25, 15, 3, 27, 43, 32, 19, 4, 40, 21, 8, 11]"
L2_arctic_WAV/HJK_arctic_a0137,"[6, 7, 32, 26, 27, 36, 38, 7, 34, 38, 18, 43, 29, 41, 8, 6, 4, 30, 33, 13, 29, 35, 16, 8, 4, 40, 34, 30, 7, 15, 3]","[19, 43, 32, 26, 27, 36, 38, 7, 34, 38, 18, 43, 29, 41, 8, 19, 4, 30, 33, 13, 29, 35, 16, 8, 4, 40, 34, 30, 7, 20, 3]"
L2_arctic_WAV/HJK_arctic_a0139,"[26, 27, 38, 33, 13, 30, 19, 26, 8, 31, 36, 7, 30, 24, 6, 43, 38, 43, 42, 26, 27, 41, 5, 11, 38, 26, 8, 31, 36, 7, 30, 24, 43, 32, 19, 25, 35, 39, 31, 19, 26, 8, 42, 19, 8, 11, 7, 40, 4, 30, 19, 29, 30, 33, 13, 6, 42]","[26, 27, 38, 33, 13, 30, 19, 26, 8, 31, 36, 7, 30, 24, 6, 43, 38, 43, 42, 26, 27, 41, 5, 11, 38, 26, 8, 31, 36, 7, 30, 24, 43, 32, 19, 25, 35, 39, 31, 19, 26, 8, 42, 19, 8, 11, 8, 40, 4, 30, 19, 29, 30, 33, 13, 6, 36]"
L2_arctic_WAV/HJK_arctic_a0143,"[5, 16, 8, 26, 43, 19, 24, 3, 25, 5, 38, 4, 32, 26, 27, 8, 29, 36, 29, 30, 21, 8, 31, 19]","[5, 16, 8, 26, 43, 19, 24, 3, 25, 5, 38, 4, 32, 26, 27, 8, 29, 36, 29, 30, 21, 8, 31, 19]"
L2_arctic_WAV/HJK_arctic_a0144,"[18, 14, 38, 6, 7, 35, 41, 14, 42, 36, 14, 31, 12, 8, 9, 27, 40, 8, 32, 31, 10, 35, 36, 38, 5, 35, 38, 4, 30, 8, 9, 6, 43, 32, 6, 8, 36, 35, 27, 42, 7, 31, 18, 30, 4, 32, 36]","[18, 14, 38, 19, 7, 35, 41, 14, 19, 36, 36, 14, 31, 12, 8, 9, 27, 40, 8, 32, 31, 10, 35, 36, 38, 5, 35, 38, 30, 8, 9, 19, 43, 32, 19, 8, 36, 35, 27, 42, 7, 31, 18, 30, 4, 32, 36]"
L2_arctic_WAV/HJK_arctic_a0145,"[16, 8, 26, 43, 40, 38, 8, 18, 27, 29, 7, 35, 24, 4, 30, 14, 40, 6, 7, 31, 43, 42, 6, 21, 8, 38, 8, 35, 40, 7, 35, 27, 27, 42, 4, 30, 27]","[16, 8, 26, 43, 40, 38, 8, 18, 27, 29, 7, 35, 24, 4, 30, 14, 40, 19, 43, 31, 43, 42, 6, 21, 8, 38, 8, 35, 40, 7, 35, 27, 27, 42, 4, 30, 27]"
L2_arctic_WAV/HJK_arctic_a0148,"[32, 16, 13, 6, 27, 42, 12, 8, 9, 42, 26, 43, 19, 18, 8, 32, 36, 38, 35, 14, 29, 19, 7, 19, 41, 8, 12, 8, 32, 26, 8, 31]","[32, 16, 13, 19, 27, 36, 12, 27, 9, 36, 26, 43, 19, 18, 8, 32, 36, 38, 35, 14, 29, 19, 43, 19, 41, 8, 12, 8, 32, 26, 8, 31]"
L2_arctic_WAV/HJK_arctic_a0168,"[30, 33, 13, 18, 13, 11, 26, 41, 8, 34, 38, 26, 8, 31, 8, 32, 6, 4, 24, 21, 8, 36, 43, 32, 19, 30, 7, 24, 38, 32, 33, 13, 36, 38, 8, 9]","[30, 33, 13, 18, 13, 11, 26, 41, 8, 34, 38, 26, 8, 31, 8, 32, 6, 4, 24, 21, 8, 36, 43, 32, 19, 30, 7, 24, 38, 32, 33, 13, 36, 38, 8, 9]"
L2_arctic_WAV/HJK_arctic_a0178,"[7, 40, 35, 27, 18, 33, 13, 32, 8, 32, 26, 3, 21, 8, 20, 19, 18, 5, 19, 27, 36, 27, 31, 19, 18, 35, 33, 13, 29, 4, 32, 10, 35, 19, 8, 36, 30, 33, 13, 29, 21, 8, 38, 8, 19]","[7, 40, 35, 27, 18, 33, 13, 32, 8, 32, 26, 3, 21, 8, 20, 19, 18, 5, 19, 27, 36, 27, 31, 19, 18, 35, 39, 29, 4, 32, 10, 35, 19, 8, 36, 30, 33, 13, 29, 21, 8, 38, 8, 19]"
L2_arctic_WAV/HJK_arctic_a0209,"[8, 38, 41, 14, 42, 32, 5, 38, 4, 30, 5, 35, 20, 30, 21, 8, 29, 43, 32, 19, 10, 30, 31, 33, 13, 36, 38, 35, 16, 13, 32, 19]","[8, 38, 41, 14, 42, 32, 5, 38, 4, 30, 5, 35, 11, 30, 21, 8, 29, 43, 32, 19, 10, 30, 31, 33, 13, 36, 38, 35, 14, 32, 19]"
L2_arctic_WAV/HJK_arctic_a0233,"[16, 8, 32, 7, 40, 3, 4, 30, 16, 13, 41, 14, 38, 29, 43, 32, 38, 18, 27, 37, 21, 8, 32, 20, 19, 38, 39, 4, 32, 10, 8, 31, 27]","[16, 8, 32, 7, 40, 3, 4, 30, 16, 13, 41, 14, 38, 29, 43, 32, 38, 18, 27, 37, 21, 8, 32, 20, 19, 38, 39, 4, 32, 10, 8, 31, 27]"
L2_arctic_WAV/HJK_arctic_a0258,"[36, 33, 13, 29, 38, 8, 32, 36, 27, 41, 5, 38, 3, 6, 21, 8, 10, 24, 36, 7, 38, 6, 27, 26, 27, 38, 35, 21, 8, 42]","[36, 33, 13, 29, 38, 8, 32, 36, 27, 41, 5, 38, 3, 6, 21, 8, 10, 24, 36, 7, 38, 19, 27, 26, 27, 38, 35, 21, 8, 36]"
L2_arctic_WAV/HJK_arctic_a0260,"[32, 33, 13, 18, 5, 19, 27, 32, 28, 39, 26, 8, 42, 26, 8, 36, 38, 3, 27, 6, 21, 8, 14, 40, 6, 4, 26, 13, 32, 38, 4, 30, 27, 36, 38, 4, 40, 10, 30]","[32, 33, 13, 18, 5, 19, 27, 32, 28, 39, 26, 27, 36, 26, 27, 36, 38, 3, 27, 19, 21, 8, 14, 40, 6, 4, 26, 13, 32, 38, 4, 30, 7, 36, 38, 4, 40, 10, 30]"
L2_arctic_WAV/HJK_arctic_a0271,"[32, 16, 13, 34, 30, 27, 42, 25, 8, 40, 4, 34, 30, 21, 8, 32, 36, 38, 21, 8, 38, 31, 4, 32, 38, 14, 40, 41, 14, 38, 4, 29, 3, 19]","[32, 16, 13, 34, 30, 27, 36, 25, 27, 40, 4, 34, 30, 21, 8, 32, 36, 38, 21, 8, 38, 31, 7, 32, 38, 14, 40, 41, 14, 38, 4, 29, 3, 19]"
L2_arctic_WAV/HJK_arctic_a0272,"[28, 39, 29, 43, 32, 38, 21, 8, 29, 4, 40, 21, 8, 29, 21, 8, 11, 4, 32, 5, 32, 34, 21, 8]","[28, 39, 29, 43, 32, 38, 21, 8, 29, 4, 40, 21, 8, 29, 21, 8, 11, 4, 32, 5, 32, 34, 21, 8]"
L2_arctic_WAV/HJK_arctic_a0303,"[18, 14, 38, 6, 21, 8, 31, 21, 8, 29, 6, 4, 31, 8, 36, 38, 21, 8, 29, 4, 40, 8, 25, 32, 10, 35, 8, 9, 6, 7, 35, 33, 13, 32, 19, 39, 43, 30, 4, 38, 27]","[18, 14, 38, 19, 21, 8, 31, 21, 8, 29, 19, 4, 31, 8, 36, 38, 21, 8, 29, 4, 40, 8, 25, 32, 10, 35, 8, 9, 19, 7, 35, 33, 13, 32, 19, 39, 43, 30, 4, 38, 27]"
L2_arctic_WAV/HJK_arctic_a0345,"[11, 27, 41, 14, 42, 38, 35, 16, 8, 8, 9, 38, 4, 34, 43, 36, 6, 27, 21, 8, 34, 35, 4, 32, 36, 38, 35, 8, 9, 3, 16, 13, 32, 19, 26, 8, 31]","[11, 27, 41, 14, 36, 38, 35, 16, 8, 8, 9, 38, 4, 34, 43, 36, 6, 27, 21, 8, 34, 35, 4, 32, 36, 38, 35, 8, 9, 3, 16, 13, 32, 19, 26, 8, 31]"
L2_arctic_WAV/HJK_arctic_a0364,"[41, 27, 26, 43, 40, 34, 30, 7, 32, 27, 4, 40, 29, 43, 34, 8, 38, 4, 30, 5, 35, 36, 7, 30, 40, 42, 43, 32, 19, 28, 7, 38, 41, 27, 41, 5, 32, 38, 31, 10, 35]","[41, 27, 26, 43, 18, 34, 30, 7, 32, 27, 4, 40, 29, 43, 34, 8, 38, 4, 30, 5, 35, 36, 7, 30, 40, 42, 43, 32, 19, 28, 43, 38, 41, 27, 41, 5, 32, 38, 31, 10, 35]"
L2_arctic_WAV/HJK_arctic_a0365,"[6, 27, 42, 35, 39, 31, 3, 42, 31, 21, 8, 27, 40, 8, 32, 3, 8, 20, 4, 32, 21, 8, 38, 41, 8, 6, 14, 36]","[19, 27, 36, 35, 39, 31, 3, 36, 31, 21, 8, 27, 40, 8, 32, 3, 8, 20, 4, 32, 21, 8, 38, 41, 8, 6, 14, 36]"
L2_arctic_WAV/HJK_arctic_a0369,"[8, 32, 34, 5, 35, 38, 32, 3, 11, 8, 34, 41, 8, 12, 19, 21, 8, 30, 16, 8, 38, 6, 4, 34, 7, 35, 35, 21, 8, 19, 8, 19, 6, 4, 36, 43, 32, 26, 33, 13, 42, 21, 8, 8, 32, 38, 3, 3, 18, 4, 32]","[8, 32, 34, 5, 35, 38, 32, 3, 11, 8, 34, 41, 8, 12, 19, 21, 8, 30, 16, 8, 38, 6, 4, 34, 7, 35, 35, 21, 8, 19, 8, 19, 19, 4, 36, 43, 32, 20, 33, 13, 36, 8, 32, 38, 3, 3, 18, 4, 32]"
L2_arctic_WAV/HJK_arctic_a0375,"[6, 4, 18, 13, 37, 3, 42, 43, 32, 19, 31, 27, 38, 29, 14, 38, 3, 42, 35, 8, 24, 28, 39, 42, 19, 38, 8, 26, 43, 32, 19, 4, 30, 31, 27, 38, 19, 7, 36, 38, 8, 32, 19, 24, 35, 3, 14, 32, 24, 7, 35, 35, 7, 36, 38, 3, 5, 32, 38, 36]","[19, 4, 18, 13, 37, 3, 36, 43, 32, 19, 31, 8, 38, 29, 10, 38, 3, 36, 35, 8, 24, 28, 39, 36, 19, 38, 8, 26, 43, 32, 19, 4, 30, 31, 27, 38, 19, 7, 36, 38, 27, 32, 19, 24, 35, 3, 14, 32, 24, 7, 35, 35, 7, 36, 38, 3, 5, 32, 38, 36]"
L2_arctic_WAV/HJK_arctic_a0378,"[6, 43, 38, 36, 41, 16, 8, 8, 38, 36, 18, 16, 13, 32, 19, 3, 27, 42, 5, 35, 10, 30, 25, 16, 13, 20, 19, 43, 32, 19, 20, 43, 25, 19]","[19, 43, 38, 36, 41, 16, 8, 8, 38, 36, 18, 16, 13, 32, 19, 3, 27, 36, 5, 35, 10, 30, 25, 16, 13, 11, 19, 43, 32, 19, 20, 43, 25, 19]"
L2_arctic_WAV/HJK_arctic_a0379,"[26, 16, 13, 33, 13, 30, 19, 3, 28, 39, 19, 43, 19, 27]","[26, 16, 13, 33, 13, 30, 19, 3, 28, 39, 19, 43, 19, 27]"
L2_arctic_WAV/HJK_arctic_a0384,"[6, 4, 24, 5, 35, 31, 3, 41, 3, 29, 36, 6, 4, 36, 10, 8, 30, 43, 32, 19, 34, 35, 4, 19, 39, 36, 8, 42, 25, 35, 21, 8, 32]","[19, 4, 24, 5, 35, 31, 3, 41, 3, 29, 36, 6, 4, 36, 10, 8, 30, 43, 32, 19, 34, 35, 4, 19, 39, 36, 8, 36, 25, 35, 21, 8, 32]"
L2_arctic_WAV/HJK_arctic_a0416,"[6, 27, 43, 19, 8, 19, 41, 21, 8, 38, 26, 43, 19, 4, 40, 4, 30, 5, 36, 4, 38, 27, 4, 40, 24, 8, 24, 38, 27, 32, 31, 16, 8, 30, 42, 34, 3, 16, 13, 3]","[19, 27, 43, 19, 8, 19, 41, 21, 8, 38, 26, 43, 19, 4, 40, 4, 30, 33, 13, 36, 4, 38, 27, 4, 40, 24, 8, 24, 38, 27, 32, 31, 16, 8, 30, 36, 34, 3, 16, 13, 3]"
L2_arctic_WAV/HJK_arctic_a0442,"[28, 39, 30, 8, 40, 5, 32, 4, 32, 8, 32, 29, 14, 31, 41, 8, 37, 28, 13, 35, 24, 5, 6, 3, 3, 35, 32, 19]","[28, 39, 30, 27, 40, 5, 32, 4, 32, 27, 32, 29, 14, 31, 41, 8, 37, 28, 13, 35, 24, 5, 6, 3, 10, 35, 32, 19]"
L2_arctic_WAV/HJK_arctic_a0475,"[26, 8, 42, 16, 13, 38, 36, 38, 35, 7, 37, 38, 5, 35, 31, 19, 35, 5, 34, 38, 38, 39, 26, 8, 42, 36, 16, 8, 19, 43, 32, 19, 26, 27, 34, 10, 42, 19]","[26, 27, 36, 16, 13, 38, 36, 38, 35, 7, 37, 38, 5, 35, 31, 19, 35, 5, 34, 38, 38, 39, 26, 8, 38, 36, 36, 16, 8, 19, 43, 32, 19, 26, 27, 34, 10, 36, 19]"
L2_arctic_WAV/HJK_arctic_a0495,"[26, 27, 18, 10, 35, 32, 33, 13, 25, 35, 14, 20, 8, 42, 43, 32, 19, 26, 43, 19, 24, 28, 39, 7, 32, 4, 31, 27, 42]","[26, 27, 18, 10, 35, 32, 33, 13, 25, 35, 14, 37, 8, 36, 43, 32, 19, 26, 43, 19, 24, 28, 39, 7, 32, 4, 31, 7, 36]"
L2_arctic_WAV/HJK_arctic_a0542,"[41, 8, 6, 16, 13, 38, 4, 19, 16, 13, 38, 36, 14, 31, 4, 40, 6, 7, 31, 26, 43, 40, 19, 8, 32, 3, 7, 32, 25, 21, 8, 20, 31, 4, 32, 38, 36]","[41, 8, 6, 16, 13, 38, 4, 19, 16, 13, 38, 36, 14, 31, 4, 40, 19, 7, 31, 26, 43, 18, 19, 8, 32, 3, 7, 32, 25, 21, 8, 11, 31, 4, 32, 38, 36]"
L2_arctic_WAV/HJK_arctic_b0019,"[26, 8, 42, 36, 30, 8, 31, 26, 43, 32, 19, 42, 25, 35, 8, 34, 38, 6, 27, 7, 20, 8, 42, 4, 40, 6, 4, 38, 21, 8, 18, 4, 30]","[26, 27, 19, 36, 36, 30, 8, 31, 26, 43, 32, 19, 36, 25, 35, 8, 34, 38, 6, 27, 43, 20, 8, 36, 4, 40, 6, 4, 38, 21, 8, 18, 4, 30]"
L2_arctic_WAV/HJK_arctic_b0022,"[8, 24, 16, 8, 41, 14, 42, 16, 13, 38, 4, 40, 6, 27, 25, 21, 8, 31, 8, 38, 41, 13, 19, 18, 27, 27, 42, 4, 30, 27, 31, 21, 8, 19]","[8, 24, 16, 8, 41, 14, 42, 16, 13, 38, 4, 40, 6, 27, 25, 21, 8, 31, 8, 38, 41, 13, 19, 18, 27, 27, 42, 4, 30, 27, 31, 21, 8, 19]"
L2_arctic_WAV/HJK_arctic_b0047,"[36, 4, 34, 33, 13, 42, 28, 39, 36, 10, 31, 27, 43, 38, 41, 3, 29, 12, 35, 39, 6, 4, 41, 8, 32, 19, 33, 13]","[36, 4, 34, 33, 13, 42, 28, 39, 36, 10, 31, 27, 43, 38, 41, 3, 29, 12, 35, 39, 6, 4, 41, 8, 32, 19, 33, 13]"
L2_arctic_WAV/HJK_arctic_b0068,"[33, 13, 32, 30, 27, 6, 4, 37, 43, 32, 36, 36, 16, 13, 32, 19, 26, 43, 19, 30, 7, 19, 26, 8, 31, 38, 39, 4, 18, 42, 3, 40, 6, 7, 31]","[33, 13, 32, 30, 27, 19, 4, 37, 43, 32, 36, 36, 16, 13, 32, 19, 26, 43, 19, 30, 43, 19, 26, 8, 31, 38, 39, 4, 18, 20, 3, 40, 19, 43, 31]"
L2_arctic_WAV/HJK_arctic_b0106,"[24, 35, 3, 4, 24, 13, 30, 31, 8, 32, 4, 38, 6, 4, 38, 39, 31, 7, 32, 36, 38, 7, 35, 19, 8, 32, 38, 39, 27, 37, 14, 6, 3, 42, 24, 21, 8, 36]","[24, 35, 3, 4, 24, 13, 30, 31, 8, 32, 4, 38, 6, 4, 38, 39, 31, 7, 32, 36, 38, 7, 35, 19, 8, 32, 38, 39, 27, 37, 14, 6, 3, 42, 24, 21, 8, 36]"
L2_arctic_WAV/HJK_arctic_b0143,"[8, 38, 38, 13, 29, 26, 8, 31, 26, 43, 24, 4, 32, 16, 13, 3, 38, 39, 35, 27, 37, 6, 27, 7, 20, 4, 40, 8, 38]","[8, 38, 38, 13, 29, 26, 8, 31, 26, 43, 24, 4, 32, 16, 13, 3, 38, 39, 35, 8, 37, 6, 27, 43, 20, 4, 40, 8, 38]"
L2_arctic_WAV/HKK_arctic_a0003,"[24, 10, 35, 6, 4, 38, 41, 7, 32, 27, 8, 12, 38, 16, 8, 31, 6, 43, 38, 27, 40, 32, 8, 9, 6, 4, 38, 39, 31, 7, 32, 11, 13, 29, 26, 43, 32, 19, 42]","[24, 10, 35, 6, 4, 38, 41, 7, 32, 27, 8, 12, 38, 16, 8, 31, 6, 43, 38, 27, 40, 32, 8, 9, 6, 4, 38, 39, 31, 7, 32, 11, 13, 29, 26, 43, 32, 19, 42]"
L2_arctic_WAV/HKK_arctic_a0005,"[41, 4, 30, 41, 27, 7, 40, 3, 24, 3, 25, 7, 38, 8, 38]","[41, 4, 30, 41, 27, 7, 40, 3, 24, 3, 25, 7, 38, 27, 38]"
L2_arctic_WAV/HKK_arctic_a0006,"[25, 5, 19, 18, 30, 7, 36, 16, 8, 26, 33, 13, 34, 16, 8, 30, 25, 33, 13, 5, 32, 36, 27, 8, 9, 6, 4, 31, 24, 3, 7, 40, 3]","[25, 5, 19, 18, 30, 7, 36, 19, 4, 31, 16, 8, 26, 33, 13, 34, 16, 8, 30, 25, 33, 13, 5, 32, 36, 27, 8, 9, 6, 4, 31, 24, 3, 7, 40, 3]"
L2_arctic_WAV/HKK_arctic_a0007,"[43, 32, 19, 28, 39, 10, 30, 41, 21, 8, 42, 41, 5, 32, 38, 38, 8, 36, 27, 8, 38, 8, 32, 6, 27, 36, 13, 34, 3, 30, 4, 38, 8, 40, 19, 8, 25, 35, 27]","[43, 32, 19, 28, 39, 10, 30, 41, 21, 8, 42, 41, 5, 32, 38, 38, 8, 36, 27, 8, 38, 8, 32, 6, 27, 36, 13, 34, 3, 30, 4, 38, 8, 40, 19, 8, 25, 35, 27]"
L2_arctic_WAV/HKK_arctic_a0008,"[25, 43, 19, 28, 13, 35, 30, 7, 38, 3, 29, 21, 8, 31, 20, 14, 36, 38, 8, 32, 38, 16, 8, 31]","[25, 10, 19, 28, 13, 35, 30, 7, 38, 3, 29, 21, 8, 31, 20, 14, 36, 38, 8, 32, 38, 16, 8, 31]"
L2_arctic_WAV/HKK_arctic_a0010,"[16, 8, 31, 34, 30, 21, 8, 8, 9, 4, 36, 8, 9, 25, 4, 30, 26, 43, 32, 19, 8, 32, 41, 14, 38, 30, 13, 29, 36, 30, 16, 8, 29, 4, 30, 39, 42, 8, 9, 25, 21, 8, 31]","[16, 8, 31, 34, 30, 21, 8, 8, 9, 4, 36, 8, 9, 25, 4, 30, 26, 43, 32, 19, 8, 32, 41, 14, 38, 30, 13, 29, 36, 30, 16, 8, 29, 4, 30, 39, 42, 8, 9, 25, 7, 31]"
L2_arctic_WAV/HKK_arctic_a0011,"[8, 24, 16, 8, 7, 40, 3, 32, 27, 19, 8, 19, 4, 24, 16, 8, 38, 3, 8, 32, 31, 16, 8, 30, 16, 8, 24, 16, 8, 32, 27, 19, 41, 14, 32, 32, 16, 13]","[8, 24, 16, 8, 7, 40, 3, 32, 27, 19, 27, 19, 4, 24, 16, 8, 38, 3, 8, 32, 31, 16, 8, 30, 16, 8, 24, 16, 8, 32, 27, 19, 41, 14, 32, 32, 16, 13]"
L2_arctic_WAV/HKK_arctic_a0013,"[26, 27, 41, 14, 42, 4, 26, 7, 19, 11, 10, 35, 38, 3, 6, 43, 32, 26, 8, 42, 29, 4, 31, 34, 43, 32, 28, 4, 32, 14, 40, 10, 30, 31, 33, 13, 36, 38, 19, 7, 30, 4, 29, 4, 38, 24, 4, 42, 27, 29]","[26, 27, 41, 14, 42, 4, 26, 7, 19, 4, 11, 10, 35, 38, 3, 6, 43, 32, 26, 8, 42, 29, 4, 31, 34, 43, 32, 28, 4, 32, 14, 40, 10, 30, 31, 10, 36, 19, 7, 30, 4, 29, 4, 38, 24, 8, 42, 27, 29]"
L2_arctic_WAV/HKK_arctic_a0018,"[6, 7, 35, 41, 14, 42, 4, 37, 21, 8, 32, 20, 32, 16, 13]","[6, 7, 35, 41, 14, 36, 4, 37, 21, 8, 32, 20, 32, 16, 13]"
L2_arctic_WAV/HKK_arctic_a0019,"[16, 8, 24, 5, 30, 33, 13, 19, 6, 4, 30, 16, 8, 32, 14, 40, 6, 14, 34, 35, 4, 34, 33, 13, 42, 19, 35, 21, 8, 30, 35, 33, 13, 19, 30, 13, 29, 8, 9, 24, 35, 3, 37, 43, 32, 36, 8, 42]","[16, 8, 24, 5, 30, 33, 13, 19, 6, 4, 30, 16, 8, 32, 14, 40, 6, 14, 34, 35, 4, 34, 13, 42, 19, 35, 21, 8, 30, 35, 10, 19, 30, 13, 29, 8, 9, 24, 35, 3, 37, 43, 32, 36, 27, 36]"
L2_arctic_WAV/HKK_arctic_a0020,"[29, 30, 14, 18, 42, 4, 32, 19, 18, 10, 30, 42, 4, 32, 19, 36, 8, 38, 27, 42, 25, 35, 39, 38, 39, 18, 27, 33, 13, 32, 30, 27, 31, 7, 31, 3, 27, 42]","[29, 30, 14, 18, 42, 4, 32, 19, 18, 10, 35, 42, 4, 32, 19, 36, 8, 38, 27, 42, 25, 35, 39, 38, 39, 18, 27, 10, 32, 30, 27, 31, 7, 31, 3, 27, 42]"
L2_arctic_WAV/HKK_arctic_a0021,"[8, 38, 24, 7, 35, 30, 27, 29, 30, 14, 18, 19, 31, 27, 8, 32, 38, 39, 35, 7, 29, 4, 25, 32, 16, 8, 42, 8, 9, 8, 38]","[8, 38, 24, 7, 35, 30, 27, 29, 30, 14, 18, 19, 31, 27, 8, 32, 38, 39, 35, 7, 29, 4, 25, 32, 16, 8, 42, 8, 9, 8, 38]"
L2_arctic_WAV/HKK_arctic_a0022,"[26, 5, 35, 19, 30, 27, 41, 3, 16, 13, 3, 34, 30, 43, 32, 42, 31, 21, 8, 19, 34, 14, 18, 30, 8, 29, 18, 27, 24, 10, 35, 41, 27, 41, 3, 31, 7, 38, 18, 16, 8, 34, 16, 13, 3, 24, 4, 30, 5, 34, 4, 42, 8, 11, 4, 32]","[26, 5, 35, 19, 30, 27, 41, 3, 16, 13, 3, 34, 30, 43, 32, 42, 31, 21, 8, 19, 34, 14, 18, 30, 27, 29, 18, 27, 24, 3, 35, 41, 27, 41, 3, 31, 7, 38, 18, 16, 8, 34, 16, 13, 3, 24, 4, 30, 5, 34, 4, 15, 8, 11, 4, 32]"
L2_arctic_WAV/HKK_arctic_a0023,"[4, 29, 5, 31, 18, 4, 32, 21, 8, 11, 4, 32, 4, 40, 29, 4, 32, 21, 8, 19, 27, 4, 32, 29, 43, 34, 4, 38, 4, 30, 29, 41, 8, 29, 30, 27, 10, 35, 25, 4, 32, 16, 8, 42, 19, 4, 32, 19, 34, 4, 38, 8, 11, 4, 32, 19, 24, 35, 3, 6, 4, 36, 21, 8, 31, 34, 35, 8, 40, 8, 30, 8, 20, 8, 42]","[4, 29, 5, 31, 18, 4, 32, 21, 8, 11, 4, 32, 4, 40, 29, 4, 32, 21, 8, 19, 27, 4, 32, 29, 43, 34, 4, 38, 4, 35, 29, 41, 8, 29, 30, 27, 10, 35, 25, 4, 32, 16, 8, 42, 19, 4, 32, 19, 34, 4, 38, 27, 11, 4, 32, 19, 24, 35, 3, 6, 4, 36, 21, 8, 31, 34, 35, 8, 40, 8, 30, 27, 20, 8, 42]"
L2_arctic_WAV/HKK_arctic_a0024,"[8, 38, 41, 14, 42, 31, 16, 8, 35, 27, 34, 10, 35, 38, 36, 24, 35, 14, 31, 6, 4, 32, 10, 35, 12, 26, 41, 8, 37, 37, 27, 24, 30, 27, 8, 32, 19, 39, 36, 38, 34, 27, 34, 4, 30, 38, 4, 18, 16, 8]","[8, 38, 41, 14, 42, 31, 16, 8, 30, 27, 34, 10, 35, 38, 36, 24, 35, 14, 31, 6, 4, 32, 10, 35, 12, 26, 41, 8, 37, 37, 27, 24, 30, 27, 8, 32, 19, 39, 36, 38, 34, 27, 24, 4, 30, 38, 4, 18, 16, 8]"
L2_arctic_WAV/HKK_arctic_a0025,"[16, 8, 41, 14, 42, 4, 18, 16, 13, 38, 38, 8, 19, 39, 6, 8, 36, 41, 7, 32, 29, 39, 30, 3, 20, 14, 20, 31, 4, 32, 38, 34, 35, 27, 40, 21, 8, 30, 19]","[16, 8, 41, 14, 42, 4, 18, 16, 13, 38, 38, 8, 19, 39, 6, 27, 36, 41, 7, 32, 29, 39, 30, 3, 20, 14, 20, 31, 4, 32, 38, 34, 35, 27, 40, 21, 8, 30, 19]"
L2_arctic_WAV/HKK_arctic_a0026,"[8, 38, 4, 29, 3, 19, 38, 4, 31, 27, 6, 43, 38, 6, 7, 35, 41, 13, 19, 26, 43, 40, 38, 8, 18, 27, 4, 32, 4, 29, 16, 13, 32, 38, 8, 9]","[8, 38, 4, 29, 3, 19, 38, 4, 31, 27, 6, 43, 38, 19, 7, 35, 41, 13, 19, 26, 43, 40, 38, 8, 18, 27, 4, 32, 4, 29, 16, 13, 32, 38, 8, 9]"
L2_arctic_WAV/HKK_arctic_a0027,"[38, 4, 31, 16, 8, 36, 4, 34, 35, 16, 8, 42, 26, 27, 18, 27, 25, 43, 32, 38, 8, 11, 33, 13, 43, 29, 11, 4, 30, 8, 32, 12, 39, 42, 27, 43, 42, 4, 31, 8, 32, 31, 16, 8, 24, 21, 8, 40, 3]","[38, 4, 31, 16, 8, 36, 4, 34, 35, 16, 8, 42, 26, 27, 18, 27, 25, 43, 32, 38, 8, 11, 13, 43, 29, 11, 4, 30, 8, 32, 12, 39, 42, 27, 43, 42, 4, 31, 8, 32, 31, 16, 8, 24, 21, 8, 40, 3]"
L2_arctic_WAV/HKK_arctic_a0028,"[35, 5, 18, 3, 27, 18, 35, 16, 8, 18, 3, 27, 24, 35, 10, 19]","[35, 5, 18, 3, 27, 18, 35, 16, 8, 18, 3, 27, 34, 35, 10, 19]"
L2_arctic_WAV/HKK_arctic_a0029,"[6, 7, 35, 24, 10, 35, 36, 8, 42, 41, 3, 10, 30, 35, 7, 19, 27, 31, 39, 40, 8, 9, 8, 32, 38, 39, 6, 4, 32, 10, 35, 12, 29, 14, 32, 38, 35, 27]","[6, 7, 35, 24, 3, 35, 36, 8, 42, 41, 3, 10, 30, 35, 7, 19, 27, 31, 39, 40, 8, 9, 8, 32, 38, 39, 6, 4, 32, 10, 35, 36, 29, 14, 32, 38, 35, 27]"
L2_arctic_WAV/HKK_arctic_a0030,"[16, 8, 26, 43, 19, 24, 21, 8, 12, 8, 32, 6, 4, 31]","[16, 8, 26, 43, 19, 24, 21, 8, 12, 8, 32, 6, 4, 31]"
L2_arctic_WAV/HKK_arctic_a0031,"[6, 21, 8, 41, 3, 12, 35, 27, 26, 14, 32, 19, 35, 4, 19, 28, 5, 35, 19, 42, 4, 34, 5, 35, 38]","[6, 21, 8, 41, 3, 12, 35, 27, 26, 14, 32, 19, 35, 4, 19, 28, 5, 35, 19, 42, 4, 34, 5, 35, 38]"
L2_arctic_WAV/HKK_arctic_a0032,"[36, 8, 32, 36, 6, 7, 32, 36, 14, 31, 31, 8, 36, 38, 8, 35, 27, 4, 36, 24, 10, 35, 36, 26, 43, 42, 18, 8, 32, 24, 16, 8, 38, 8, 9, 14, 36, 43, 38, 7, 40, 35, 27, 36, 38, 7, 34]","[36, 8, 32, 36, 6, 7, 32, 36, 14, 31, 31, 8, 36, 38, 8, 35, 27, 4, 36, 24, 10, 35, 36, 26, 43, 42, 18, 8, 32, 24, 16, 8, 38, 8, 9, 14, 36, 43, 38, 7, 40, 35, 27, 36, 38, 7, 34]"
L2_arctic_WAV/HKK_arctic_a0036,"[11, 27, 38, 3, 32, 19, 8, 32, 43, 38, 6, 14, 26, 33, 13, 38, 7, 30]","[11, 27, 38, 14, 32, 19, 8, 32, 43, 38, 6, 14, 26, 33, 13, 38, 7, 30]"
L2_arctic_WAV/HKK_arctic_a0037,"[16, 8, 41, 14, 42, 6, 27, 33, 13, 32, 30, 27, 41, 14, 32, 26, 39, 35, 27, 31, 21, 8, 32, 19, 36, 8, 38, 8, 9]","[16, 8, 41, 14, 42, 6, 27, 33, 13, 32, 30, 27, 41, 14, 32, 26, 39, 35, 27, 31, 21, 8, 32, 19, 36, 8, 38, 8, 9]"
L2_arctic_WAV/HKK_arctic_a0038,"[41, 27, 30, 26, 43, 40, 38, 39, 41, 5, 37, 16, 13, 3, 37, 43, 32, 36, 8, 42]","[41, 27, 30, 26, 43, 40, 38, 39, 41, 5, 37, 16, 13, 3, 37, 43, 32, 36, 27, 42]"
L2_arctic_WAV/HKK_arctic_a0039,"[6, 4, 11, 8, 34, 11, 13, 19, 18, 27, 8, 32, 41, 8, 12, 8, 32, 4, 41, 27, 29, 10, 35, 38, 7, 32, 19, 21, 8, 42]","[6, 4, 11, 8, 34, 11, 13, 19, 18, 27, 8, 32, 41, 8, 12, 27, 32, 4, 41, 27, 29, 10, 35, 38, 7, 32, 19, 21, 8, 42]"
L2_arctic_WAV/HKK_arctic_a0040,"[16, 8, 36, 4, 34, 33, 13, 42, 28, 39, 41, 14, 32, 19, 3, 41, 16, 8, 11, 27, 8, 42, 29, 14, 31, 8, 9, 14, 34, 26, 27, 35]","[16, 8, 36, 4, 34, 33, 13, 42, 28, 39, 41, 14, 32, 19, 3, 41, 16, 8, 11, 27, 8, 42, 29, 14, 31, 8, 9, 14, 34, 26, 27, 35]"
L2_arctic_WAV/HKK_arctic_a0041,"[31, 27, 32, 41, 16, 8, 30, 16, 8, 30, 25, 33, 13, 16, 13, 38, 38, 4, 18, 35, 27, 6, 4, 36, 34, 7, 30]","[31, 27, 32, 41, 16, 8, 30, 16, 8, 30, 25, 33, 13, 16, 13, 38, 38, 4, 18, 35, 27, 6, 4, 36, 34, 7, 30]"
L2_arctic_WAV/HKK_arctic_a0042,"[26, 16, 13, 29, 13, 19, 26, 27, 8, 29, 36, 34, 30, 21, 8, 32, 26, 8, 42, 34, 4, 42, 7, 11, 4, 32, 14, 40, 6, 4, 36, 29, 7, 37]","[26, 16, 13, 29, 13, 19, 26, 27, 8, 29, 36, 34, 30, 21, 8, 32, 26, 8, 42, 34, 4, 15, 7, 11, 4, 32, 14, 40, 6, 4, 36, 29, 7, 37]"
L2_arctic_WAV/HKK_arctic_a0045,"[26, 27, 31, 39, 40, 19, 4, 41, 21, 8, 43, 42, 29, 41, 16, 8, 4, 38, 30, 27, 43, 42, 26, 27, 26, 43, 19, 29, 14, 31]","[26, 27, 31, 39, 40, 19, 4, 41, 21, 8, 43, 42, 29, 41, 16, 8, 4, 38, 30, 27, 43, 42, 26, 27, 26, 43, 19, 29, 14, 31]"
L2_arctic_WAV/HKK_arctic_a0046,"[6, 4, 25, 3, 30, 24, 21, 8, 36, 38, 26, 8, 31, 26, 3, 16, 8, 42, 11, 16, 8, 32, 8, 9, 41, 8, 6, 36, 14, 19, 4, 32, 24, 8, 35]","[6, 4, 25, 3, 30, 24, 21, 8, 36, 38, 26, 27, 31, 26, 3, 16, 8, 42, 11, 16, 8, 32, 8, 9, 41, 8, 6, 36, 14, 19, 4, 32, 24, 8, 35]"
L2_arctic_WAV/HKK_arctic_a0047,"[29, 30, 33, 13, 42, 18, 27, 36, 16, 8, 19, 26, 8, 31, 25, 30, 27, 31, 19, 6, 14, 41, 16, 8, 38, 24, 43, 9, 42, 4, 40, 6, 4, 41, 13, 30, 24, 19, 10, 25]","[29, 30, 33, 13, 42, 18, 27, 36, 16, 8, 19, 26, 8, 31, 25, 30, 27, 31, 19, 6, 14, 41, 16, 8, 38, 24, 43, 9, 42, 4, 40, 6, 4, 41, 13, 30, 24, 19, 10, 25]"
L2_arctic_WAV/HKK_arctic_a0048,"[26, 27, 30, 13, 29, 38, 43, 38, 6, 4, 26, 43, 9, 29, 3, 37, 8, 24, 31, 10, 35, 29, 30, 33, 13, 36, 30, 27]","[26, 27, 30, 13, 29, 38, 43, 38, 6, 4, 26, 43, 9, 29, 3, 37, 8, 24, 31, 10, 35, 29, 30, 33, 13, 36, 30, 27]"
L2_arctic_WAV/HKK_arctic_a0051,"[6, 4, 30, 21, 8, 36, 41, 14, 42, 4, 40, 4, 19, 7, 30, 4, 29, 4, 38, 16, 8, 40, 3, 27, 29, 10, 30, 3, 24, 21, 8, 32, 38, 30, 27, 38, 8, 32, 38, 8, 19, 41, 8, 6, 28, 7, 30, 33, 13]","[6, 4, 30, 21, 8, 36, 41, 14, 42, 4, 40, 4, 19, 7, 30, 8, 29, 4, 38, 16, 8, 40, 3, 27, 29, 10, 30, 3, 24, 21, 8, 32, 38, 8, 30, 27, 38, 27, 32, 38, 8, 19, 41, 8, 6, 28, 7, 30, 33, 13]"
L2_arctic_WAV/HKK_arctic_a0052,"[8, 38, 41, 14, 42, 4, 29, 28, 13, 35, 27, 4, 36, 29, 33, 13, 8, 32, 36, 8, 19, 4, 32, 36]","[8, 38, 41, 14, 42, 4, 29, 28, 13, 35, 27, 4, 36, 29, 33, 13, 23, 8, 32, 36, 8, 19, 4, 32, 36]"
L2_arctic_WAV/HKK_arctic_a0053,"[36, 14, 19, 4, 32, 30, 27, 26, 8, 42, 24, 8, 9, 25, 3, 42, 29, 30, 33, 13, 42, 19, 38, 16, 8, 38, 30, 27, 33, 13, 40, 3, 6, 4, 26, 43, 9, 29, 3, 37, 8, 24]","[36, 14, 19, 4, 32, 30, 27, 26, 8, 42, 24, 8, 9, 25, 3, 36, 29, 30, 33, 13, 42, 19, 38, 14, 38, 30, 27, 33, 13, 40, 3, 6, 4, 26, 43, 9, 29, 3, 37, 8, 34]"
L2_arctic_WAV/HKK_arctic_a0054,"[6, 7, 35, 41, 14, 42, 32, 14, 12, 8, 9, 5, 32, 6, 4, 35, 5, 29]","[19, 7, 35, 41, 14, 42, 32, 14, 12, 27, 9, 5, 32, 6, 4, 35, 5, 29]"
L2_arctic_WAV/HKK_arctic_a0058,"[16, 8, 29, 21, 8, 31, 24, 35, 3, 8, 32, 24, 3, 31, 21, 8, 11, 4, 32, 31, 10, 35, 16, 13, 38, 4, 40, 29, 28, 13, 35, 27, 5, 36, 4, 38, 27, 6, 43, 32, 7, 32, 27, 12, 8, 9, 7, 30, 36]","[16, 8, 29, 21, 8, 31, 24, 35, 3, 8, 32, 24, 3, 31, 21, 8, 11, 4, 32, 31, 10, 35, 16, 13, 38, 4, 40, 29, 28, 13, 35, 27, 5, 36, 4, 38, 27, 6, 43, 32, 7, 32, 27, 12, 27, 9, 7, 35, 36]"
L2_arctic_WAV/HKK_arctic_a0059,"[26, 8, 42, 8, 31, 43, 29, 28, 39, 30, 8, 38, 4, 34, 8, 35, 4, 32, 36, 41, 14, 42, 25, 10, 32]","[26, 27, 36, 8, 31, 43, 29, 28, 39, 30, 21, 8, 38, 4, 34, 8, 35, 4, 32, 36, 41, 14, 36, 25, 33, 13, 32]"
L2_arctic_WAV/HKK_arctic_a0060,"[7, 32, 27, 41, 21, 8, 32, 33, 13, 41, 14, 32, 36, 10, 26, 3, 30, 16, 8, 29, 6, 43, 38]","[7, 32, 27, 41, 21, 8, 32, 33, 13, 41, 14, 32, 36, 33, 13, 26, 3, 30, 16, 8, 29, 19, 43, 38]"
L2_arctic_WAV/HKK_arctic_a0062,"[6, 4, 31, 7, 32, 36, 38, 7, 35, 19, 8, 32, 38, 39, 27, 37, 14, 6, 3, 42, 24, 21, 8, 36]","[6, 4, 31, 43, 32, 36, 38, 8, 7, 35, 19, 8, 32, 38, 39, 27, 37, 14, 6, 3, 36, 24, 21, 8, 36]"
L2_arctic_WAV/HKK_arctic_a0063,"[28, 7, 36, 8, 38, 41, 14, 42, 4, 31, 43, 32, 26, 39, 43, 36, 29, 38, 4, 36, 19, 35, 21, 8, 32, 20, 3]","[28, 7, 36, 8, 38, 41, 14, 36, 4, 31, 43, 32, 26, 39, 5, 36, 29, 38, 4, 36, 38, 35, 21, 8, 32, 20, 3]"
L2_arctic_WAV/HKK_arctic_a0064,"[6, 14, 24, 10, 35, 12, 4, 32, 19, 24, 8, 12, 19, 21, 8, 42, 34, 43, 36, 38, 41, 8, 6, 16, 13, 38, 7, 32, 27, 19, 8, 40, 7, 30, 4, 34, 31, 4, 32, 38, 36]","[6, 14, 24, 23, 35, 36, 4, 32, 19, 24, 8, 38, 36, 19, 21, 8, 36, 34, 43, 36, 38, 41, 8, 19, 16, 13, 38, 7, 32, 27, 19, 8, 18, 7, 30, 4, 34, 31, 4, 32, 38, 36]"
L2_arctic_WAV/HKK_arctic_a0065,"[6, 21, 8, 29, 30, 33, 13, 42, 19, 32, 16, 13, 4, 32, 38, 8, 30, 26, 8, 42, 24, 8, 9, 25, 3, 42, 41, 3, 30, 16, 8, 29, 29, 10, 35, 19, 42, 4, 40, 36, 38, 27, 30]","[6, 21, 8, 29, 30, 33, 13, 42, 19, 32, 16, 13, 4, 32, 38, 8, 35, 26, 8, 42, 24, 8, 9, 25, 3, 36, 41, 3, 30, 16, 8, 29, 29, 10, 35, 19, 42, 4, 40, 36, 38, 27, 30]"
L2_arctic_WAV/HKK_arctic_a0067,"[11, 13, 35, 30, 27, 16, 8, 41, 8, 30, 8, 29, 36, 29, 28, 39, 42, 28, 39, 11, 27, 29, 35, 16, 8, 19]","[11, 13, 35, 30, 27, 16, 8, 41, 8, 35, 8, 29, 36, 29, 28, 42, 28, 39, 11, 27, 29, 35, 16, 8, 38]"
L2_arctic_WAV/HKK_arctic_a0071,"[41, 14, 38, 41, 14, 42, 6, 27, 5, 18, 20, 7, 29, 38, 14, 40, 28, 13, 35, 30, 8, 38, 4, 30, 36, 7, 32, 36, 21, 8, 11, 4, 32]","[41, 14, 38, 41, 14, 36, 6, 27, 5, 34, 4, 20, 7, 29, 38, 14, 40, 28, 13, 35, 30, 27, 38, 4, 30, 36, 7, 32, 36, 21, 8, 11, 4, 32]"
L2_arctic_WAV/HKK_arctic_a0073,"[6, 4, 34, 35, 4, 31, 33, 13, 38, 3, 42, 16, 8, 42, 41, 3, 26, 7, 40, 27, 41, 8, 6, 30, 8, 38, 4, 30, 34, 14, 24, 27, 18, 43, 25, 42, 14, 32, 19, 3, 6, 7, 31]","[6, 4, 34, 35, 4, 31, 33, 13, 38, 3, 36, 16, 8, 42, 41, 3, 26, 43, 40, 27, 41, 8, 19, 30, 27, 38, 4, 35, 34, 14, 34, 27, 40, 43, 29, 36, 14, 32, 19, 3, 19, 7, 31]"
L2_arctic_WAV/HKK_arctic_a0075,"[6, 7, 35, 26, 43, 42, 18, 8, 32, 4, 37, 21, 8, 32, 20, 11, 27, 8, 32, 38, 3, 14, 34, 38, 8, 19, 26, 8, 31]","[19, 7, 35, 26, 43, 42, 18, 8, 32, 4, 37, 21, 8, 32, 20, 11, 27, 8, 32, 38, 3, 14, 34, 38, 8, 19, 26, 27, 31]"
L2_arctic_WAV/HKK_arctic_a0076,"[6, 4, 25, 35, 21, 8, 16, 8, 42, 24, 5, 30, 38, 3, 19, 6, 4, 24, 30, 14, 11, 19, 27, 34, 4, 32, 19]","[6, 4, 25, 35, 21, 8, 16, 8, 36, 24, 5, 35, 38, 3, 19, 19, 4, 24, 30, 14, 11, 19, 27, 34, 4, 32, 19]"
L2_arctic_WAV/HKK_arctic_a0077,"[8, 38, 8, 42, 6, 4, 24, 16, 8, 3, 34, 5, 35, 38, 30, 27, 11, 27, 36, 7, 19]","[8, 38, 27, 36, 6, 4, 24, 16, 8, 3, 34, 5, 35, 38, 30, 27, 11, 27, 36, 7, 19]"
L2_arctic_WAV/HKK_arctic_a0078,"[6, 7, 32, 43, 32, 19, 43, 38, 36, 14, 34, 3, 26, 27, 38, 35, 16, 8, 19, 38, 4, 24, 43, 6, 4, 31, 26, 3]","[19, 7, 32, 43, 32, 19, 43, 38, 36, 14, 34, 3, 26, 27, 38, 35, 16, 8, 19, 38, 4, 24, 43, 6, 4, 31, 26, 3]"
L2_arctic_WAV/HKK_arctic_a0079,"[8, 38, 41, 14, 42, 4, 30, 5, 35, 20, 29, 4, 32, 39]","[8, 38, 41, 14, 36, 4, 30, 5, 35, 20, 29, 4, 32, 39]"
L2_arctic_WAV/HKK_arctic_a0081,"[26, 41, 14, 38, 8, 24, 11, 27, 19, 8, 19, 32, 5, 38, 29, 14, 31, 38, 8, 6, 4, 35, 5, 29]","[26, 41, 14, 38, 8, 24, 11, 27, 19, 27, 19, 32, 5, 38, 29, 14, 31, 38, 8, 19, 4, 35, 5, 29]"
L2_arctic_WAV/HKK_arctic_a0082,"[26, 8, 42, 24, 21, 8, 36, 41, 14, 42, 36, 19, 35, 27, 31, 8, 9, 41, 8, 6, 18, 30, 14, 19]","[26, 27, 36, 24, 21, 8, 36, 41, 14, 42, 36, 38, 35, 27, 31, 8, 9, 41, 8, 19, 18, 30, 14, 19]"
L2_arctic_WAV/HKK_arctic_a0085,"[4, 38, 35, 8, 29, 4, 30, 14, 40, 24, 35, 7, 11, 18, 30, 14, 19, 35, 43, 32, 33, 13, 40, 3, 26, 8, 42, 24, 21, 8, 36]","[4, 38, 35, 8, 29, 4, 35, 14, 40, 24, 35, 7, 11, 18, 30, 14, 19, 35, 43, 32, 33, 13, 40, 3, 26, 8, 36, 24, 21, 8, 36]"
L2_arctic_WAV/HKK_arctic_a0086,"[19, 7, 12, 26, 43, 19, 29, 14, 31, 41, 8, 6, 38, 7, 35, 4, 18, 4, 30, 36, 14, 19, 4, 32, 32, 4, 36]","[19, 7, 36, 26, 43, 19, 29, 14, 31, 41, 8, 19, 38, 7, 23, 4, 18, 4, 35, 36, 14, 19, 4, 32, 32, 4, 36]"
L2_arctic_WAV/HKK_arctic_a0088,"[26, 27, 31, 21, 8, 19, 11, 13, 35, 6, 43, 38, 6, 4, 31, 43, 25, 4, 42, 27, 32, 41, 14, 42, 30, 33, 13, 19, 8, 19, 4, 32, 19, 35, 27, 42, 39, 31, 19, 26, 8, 42, 34, 43, 19, 30, 8, 9]","[26, 27, 31, 21, 8, 19, 11, 13, 35, 19, 43, 38, 6, 4, 31, 43, 25, 4, 42, 27, 32, 41, 14, 42, 30, 33, 13, 19, 8, 19, 4, 32, 19, 35, 27, 42, 39, 31, 19, 26, 27, 36, 34, 43, 19, 30, 8, 9]"
L2_arctic_WAV/HKK_arctic_a0089,"[6, 4, 32, 16, 8, 38, 25, 30, 33, 13, 41, 5, 42, 38, 35, 7, 37, 3, 4, 36, 38, 8, 11, 39, 38, 18, 16, 8]","[19, 4, 32, 16, 8, 38, 25, 30, 33, 13, 41, 5, 36, 38, 35, 43, 37, 3, 4, 36, 38, 8, 11, 5, 34, 18, 16, 8]"
L2_arctic_WAV/HKK_arctic_a0090,"[6, 4, 36, 8, 9, 8, 9, 40, 10, 8, 36, 4, 34, 35, 33, 13, 37, 38, 35, 43, 34, 4, 19, 30, 27]","[6, 4, 36, 8, 9, 8, 9, 40, 10, 8, 36, 4, 34, 35, 33, 13, 37, 38, 4, 35, 43, 34, 4, 19, 30, 27]"
L2_arctic_WAV/HKK_arctic_a0091,"[26, 8, 42, 18, 30, 14, 19, 25, 35, 39, 26, 5, 38, 41, 8, 6, 35, 21, 8, 20, 43, 38, 6, 4, 12, 10, 38]","[26, 27, 36, 18, 30, 14, 19, 25, 35, 39, 26, 5, 38, 41, 8, 19, 4, 35, 21, 8, 37, 43, 38, 19, 4, 12, 10, 38]"
L2_arctic_WAV/HKK_arctic_a0092,"[26, 27, 41, 7, 32, 38, 19, 16, 13, 32, 8, 32, 31, 8, 19, 36, 19, 35, 27, 31, 36, 3, 37, 8, 9, 6, 4, 11, 43, 19, 33, 13, 42, 4, 40, 18, 33, 13, 12, 11, 10, 35, 42]","[27, 38, 41, 7, 32, 38, 19, 16, 13, 32, 8, 32, 31, 8, 19, 36, 38, 35, 27, 31, 36, 3, 37, 8, 9, 6, 4, 11, 43, 19, 33, 13, 36, 4, 40, 18, 33, 13, 12, 11, 10, 35, 36]"
L2_arctic_WAV/HKK_arctic_a0093,"[24, 10, 35, 4, 24, 13, 30, 31, 8, 32, 4, 38, 26, 27, 29, 35, 16, 13, 37, 38, 43, 32, 19, 30, 8, 36, 4, 32, 19]","[24, 10, 23, 4, 24, 13, 35, 31, 8, 32, 4, 38, 26, 27, 29, 35, 16, 13, 37, 38, 43, 32, 19, 30, 8, 36, 4, 32, 19]"
L2_arctic_WAV/HKK_arctic_a0094,"[26, 27, 26, 43, 19, 18, 7, 35, 30, 27, 7, 32, 38, 3, 19, 6, 8, 36, 41, 7, 32, 26, 27, 36, 10, 6, 4, 25, 30, 33, 13, 14, 40, 4, 24, 16, 8, 3]","[26, 27, 26, 43, 19, 18, 7, 30, 30, 27, 7, 32, 38, 3, 19, 6, 27, 36, 41, 7, 32, 26, 27, 36, 33, 13, 6, 4, 25, 30, 33, 13, 14, 40, 4, 24, 16, 8, 3]"
L2_arctic_WAV/HKK_arctic_a0095,"[4, 18, 8, 25, 29, 43, 32, 40, 4, 36, 38, 7, 32, 38, 41, 14, 42, 6, 4, 24, 3, 36, 38, 12, 8, 9, 38, 4, 29, 14, 31, 41, 8, 6, 8, 32, 26, 8, 42, 40, 8, 15, 4, 32]","[4, 18, 27, 25, 29, 43, 32, 40, 4, 36, 38, 43, 32, 38, 41, 14, 42, 6, 4, 24, 3, 36, 38, 12, 8, 9, 38, 4, 29, 5, 31, 41, 8, 6, 8, 32, 26, 8, 42, 40, 8, 20, 4, 32]"
L2_arctic_WAV/HKK_arctic_a0096,"[34, 3, 26, 43, 34, 36, 11, 27, 26, 43, 19, 10, 35, 7, 19, 27, 31, 7, 38, 26, 3, 24, 21, 8, 38, 4, 30, 8, 38, 4, 30, 19, 27, 34, 3, 8, 32, 6, 4, 24, 10, 35, 4, 36, 38]","[34, 3, 26, 43, 34, 36, 11, 27, 26, 43, 19, 10, 35, 7, 19, 27, 31, 7, 38, 26, 3, 24, 21, 8, 38, 4, 30, 27, 38, 4, 30, 19, 27, 34, 3, 8, 32, 6, 4, 24, 3, 35, 4, 36, 38]"
L2_arctic_WAV/HKK_arctic_a0097,"[6, 7, 32, 28, 39, 29, 4, 32, 3, 21, 8, 32, 20, 28, 13, 35, 36, 7, 30, 24, 29, 14, 31, 24, 3, 38, 4, 18, 30, 27, 4, 31, 14, 9, 6, 27, 42, 35, 33, 13, 18, 42, 8, 32, 6, 14, 18, 16, 13]","[6, 43, 32, 28, 39, 29, 4, 32, 3, 43, 32, 20, 28, 13, 35, 36, 7, 30, 24, 29, 14, 31, 34, 3, 38, 4, 18, 30, 27, 4, 31, 14, 9, 19, 27, 36, 35, 33, 13, 18, 36, 8, 32, 6, 14, 18, 16, 13]"
L2_arctic_WAV/HKK_arctic_a0098,"[11, 43, 30, 16, 8, 29, 7, 35, 27, 28, 39]","[11, 10, 30, 16, 8, 29, 7, 35, 27, 28, 39]"
L2_arctic_WAV/HKK_arctic_a0099,"[4, 31, 43, 19, 4, 32, 8, 9, 20, 10, 8, 34, 16, 13, 32, 19, 8, 19, 8, 32, 26, 8, 42, 18, 35, 21, 8, 32]","[4, 31, 43, 19, 4, 32, 8, 9, 20, 10, 8, 34, 16, 13, 32, 19, 8, 19, 8, 32, 26, 8, 42, 18, 35, 21, 8, 32]"
L2_arctic_WAV/HKK_arctic_a0100,"[28, 39, 31, 14, 36, 38, 36, 30, 27, 34, 26, 27, 3, 20, 19]","[28, 39, 31, 14, 36, 36, 30, 27, 34, 26, 27, 3, 20, 7, 19]"
L2_arctic_WAV/HKK_arctic_a0101,"[28, 39, 28, 39, 41, 13, 19, 32, 5, 38, 29, 27, 34, 6, 4, 38, 35, 39, 12, 24, 35, 14, 31, 31, 27]","[28, 39, 28, 39, 41, 13, 19, 32, 5, 29, 27, 6, 4, 38, 35, 39, 12, 24, 35, 14, 31, 31, 27]"
L2_arctic_WAV/HKK_arctic_a0102,"[26, 27, 41, 4, 30, 24, 5, 30, 33, 13, 14, 36, 36, 39, 32]","[26, 27, 41, 4, 35, 24, 5, 30, 33, 13, 14, 36, 36, 39, 32]"
L2_arctic_WAV/HKK_arctic_a0103,"[18, 14, 38, 6, 7, 35, 29, 21, 8, 31, 32, 33, 13, 34, 35, 5, 31, 4, 36, 24, 35, 14, 31, 6, 14, 18, 16, 13, 14, 40, 6, 4, 29, 4, 32, 39]","[18, 14, 38, 19, 7, 35, 29, 7, 31, 32, 33, 13, 34, 35, 5, 31, 8, 36, 24, 35, 14, 31, 6, 14, 18, 16, 13, 14, 40, 6, 4, 29, 4, 32, 39]"
L2_arctic_WAV/HKK_arctic_a0104,"[11, 27, 41, 14, 42, 36, 30, 27, 34, 8, 9, 14, 32, 19, 3, 26, 8, 42, 34, 3, 38, 7, 29, 11, 4, 32, 43, 42, 36, 41, 27, 38, 30, 27, 43, 42, 4, 37, 16, 8, 30, 19]","[11, 27, 41, 14, 42, 36, 30, 27, 34, 8, 9, 14, 32, 19, 3, 26, 8, 42, 34, 3, 38, 7, 29, 11, 4, 32, 43, 42, 36, 41, 27, 38, 30, 27, 43, 42, 4, 37, 16, 8, 30, 19]"
L2_arctic_WAV/HKK_arctic_a0105,"[33, 13, 32, 30, 27, 8, 38, 8, 42, 36, 33, 13, 41, 14, 32, 19, 3, 24, 4, 30, 36, 33, 13, 10, 30, 31, 33, 13, 36, 38, 8, 31, 34, 5, 36, 4, 18, 4, 30, 38, 4, 18, 8, 30, 27, 40]","[10, 32, 30, 27, 8, 38, 41, 14, 36, 36, 10, 41, 14, 32, 19, 3, 24, 4, 35, 36, 10, 10, 30, 31, 33, 13, 36, 8, 31, 34, 5, 36, 4, 18, 4, 30, 38, 13, 18, 4, 30, 27, 40]"
L2_arctic_WAV/HKK_arctic_a0106,"[6, 27, 8, 31, 33, 13, 11, 4, 32, 41, 8, 37, 11, 27, 26, 43, 19, 36, 4, 34, 35, 7, 36, 38, 18, 3, 36, 38, 24, 10, 35, 12, 32, 16, 13, 8, 32, 4, 37, 33, 13, 29, 8, 9, 36, 5, 18]","[6, 27, 8, 31, 10, 11, 4, 32, 41, 8, 37, 11, 27, 36, 4, 34, 35, 7, 36, 38, 18, 3, 36, 38, 4, 24, 4, 35, 36, 32, 16, 13, 8, 32, 4, 37, 10, 29, 8, 9, 36, 5, 18]"
L2_arctic_WAV/HKK_arctic_a0107,"[8, 24, 28, 39, 33, 13, 32, 30, 27, 29, 13, 19, 32, 33, 13, 26, 16, 13, 16, 8, 12, 43, 9, 29, 28, 39]","[8, 24, 28, 39, 10, 32, 30, 27, 29, 13, 32, 10, 26, 16, 13, 16, 8, 12, 43, 9, 29, 28, 39]"
L2_arctic_WAV/HKK_arctic_a0108,"[26, 27, 41, 21, 8, 19, 8, 19, 8, 32, 38, 39, 6, 27, 7, 20, 4, 40, 6, 14, 41, 10, 38, 3, 43, 32, 19, 18, 8, 25, 43, 32, 36, 29, 35, 14, 18, 8, 9, 26, 8, 31, 36, 7, 30, 24]","[26, 27, 41, 21, 8, 19, 8, 19, 8, 32, 38, 39, 6, 27, 7, 20, 4, 40, 6, 14, 41, 10, 38, 3, 43, 32, 18, 8, 25, 43, 32, 36, 29, 35, 14, 18, 8, 9, 8, 31, 36, 7, 30, 24]"
L2_arctic_WAV/HKK_arctic_a0109,"[19, 39, 28, 39, 32, 33, 13, 6, 43, 38, 28, 39, 3, 11, 21, 8, 29, 8, 9, 31, 16, 8, 29, 5, 32, 24, 4, 19, 4, 32, 36, 8, 32, 28, 39]","[19, 39, 28, 39, 32, 33, 13, 19, 43, 38, 28, 39, 3, 11, 21, 8, 29, 8, 9, 31, 16, 8, 29, 5, 32, 24, 8, 19, 7, 32, 36, 8, 32, 28, 39]"
L2_arctic_WAV/HKK_arctic_a0111,"[8, 32, 36, 38, 7, 19, 26, 27, 20, 10, 8, 32, 19, 26, 3, 43, 32, 19, 6, 21, 8, 21, 8, 38, 30, 16, 8, 29, 38, 39, 26, 14, 9, 25, 35, 27, 37, 8, 30, 19, 35, 4, 32]","[8, 32, 36, 38, 7, 19, 27, 20, 10, 8, 32, 19, 3, 43, 32, 19, 6, 21, 8, 43, 38, 30, 16, 8, 38, 39, 26, 14, 9, 25, 35, 27, 37, 8, 30, 19, 35, 4, 32]"
L2_arctic_WAV/HKK_arctic_a0112,"[26, 27, 41, 14, 42, 41, 39, 32, 19, 8, 19, 8, 32, 6, 27, 5, 35, 31]","[26, 27, 41, 14, 42, 41, 39, 32, 19, 8, 19, 8, 32, 6, 27, 5, 31]"
L2_arctic_WAV/HKK_arctic_a0113,"[16, 8, 36, 4, 34, 33, 13, 42, 28, 39, 34, 8, 29, 38, 6, 43, 38, 30, 8, 9, 25, 33, 13, 14, 34, 4, 31, 14, 9, 6, 27, 8, 32, 19, 27, 4, 32, 42]","[16, 8, 36, 4, 34, 33, 13, 42, 28, 39, 34, 8, 29, 38, 6, 43, 38, 30, 8, 9, 25, 33, 13, 14, 34, 4, 31, 14, 9, 6, 27, 8, 32, 19, 27, 4, 32, 36]"
L2_arctic_WAV/HKK_arctic_a0115,"[26, 27, 26, 43, 19, 32, 33, 13, 8, 29, 36, 29, 28, 39, 42, 24, 35, 3, 6, 4, 24, 27, 30, 8, 9, 42, 41, 8, 37, 41, 3, 3, 16, 13, 42, 19, 8, 32, 26, 8, 31]","[26, 27, 43, 19, 32, 10, 8, 29, 36, 29, 28, 39, 36, 24, 3, 6, 4, 24, 27, 30, 8, 9, 42, 41, 8, 37, 41, 3, 3, 16, 13, 42, 19, 8, 32, 26, 8, 31]"
L2_arctic_WAV/HKK_arctic_a0116,"[41, 14, 42, 8, 38, 6, 4, 35, 5, 32, 19, 8, 40, 39, 14, 40, 6, 33, 13, 42, 26, 39, 41, 3, 36, 38, 35, 16, 8, 40, 8, 9, 38, 39, 41, 3, 29, 26, 8, 42, 35, 39, 8, 32]","[41, 14, 42, 8, 6, 4, 35, 5, 32, 19, 8, 40, 28, 39, 14, 40, 6, 33, 13, 42, 26, 39, 41, 3, 36, 38, 35, 16, 8, 40, 8, 9, 38, 39, 41, 3, 29, 26, 8, 36, 35, 39, 8, 32]"
L2_arctic_WAV/HKK_arctic_a0117,"[11, 27, 43, 19, 8, 19, 41, 8, 6, 20, 7, 32, 28, 4, 41, 4, 32, 36, 8, 31, 34, 4, 12, 27, 8, 32, 26, 3, 24, 21, 8, 36, 4, 32, 19, 40, 10, 8, 36]","[11, 27, 43, 19, 8, 19, 41, 8, 20, 7, 32, 28, 4, 41, 4, 32, 36, 8, 31, 34, 4, 12, 27, 8, 32, 26, 3, 24, 21, 8, 36, 4, 32, 19, 40, 10, 8, 36]"
L2_arctic_WAV/HKK_arctic_a0120,"[31, 16, 8, 35, 16, 8, 38, 24, 13, 38, 24, 27, 30, 42, 30, 16, 8, 29, 6, 43, 38, 14, 40, 4, 37, 16, 8, 32, 27, 42, 19, 7, 18, 28, 4, 38, 5, 32, 38]","[31, 16, 8, 35, 16, 8, 38, 24, 13, 38, 24, 27, 30, 36, 30, 16, 8, 6, 43, 38, 14, 40, 37, 16, 8, 32, 27, 42, 19, 7, 18, 28, 4, 38, 5, 32, 38]"
L2_arctic_WAV/HKK_arctic_a0121,"[6, 21, 8, 21, 8, 38, 19, 8, 32, 3, 43, 38, 6, 4, 24, 8, 24, 12, 43, 32, 19, 35, 7, 36, 38, 8, 19, 24, 35, 3, 38, 39, 16, 13, 3, 42]","[19, 21, 8, 21, 8, 38, 38, 8, 32, 3, 43, 38, 6, 4, 24, 8, 24, 36, 43, 32, 35, 7, 36, 38, 8, 19, 24, 3, 38, 39, 16, 13, 3, 36]"
L2_arctic_WAV/HKK_arctic_a0122,"[38, 39, 28, 8, 35, 42, 4, 25, 33, 13, 16, 8, 25, 21, 8, 40, 14, 34, 36, 8, 40, 4, 30, 8, 42, 21, 8, 11, 4, 32, 24, 35, 3, 6, 8, 36]","[38, 39, 28, 8, 35, 36, 4, 25, 10, 16, 8, 25, 21, 8, 40, 14, 24, 36, 8, 40, 4, 30, 16, 8, 20, 21, 8, 11, 4, 32, 24, 3, 19, 8, 36]"
L2_arctic_WAV/HKK_arctic_a0123,"[11, 27, 26, 43, 19, 19, 16, 8, 19, 24, 35, 14, 31, 29, 33, 13, 30, 19, 43, 32, 19, 36, 38, 5, 35, 40, 21, 8, 11, 4, 32]","[11, 27, 26, 43, 19, 19, 16, 8, 19, 24, 35, 14, 31, 29, 10, 30, 19, 43, 32, 19, 36, 38, 5, 35, 40, 21, 8, 11, 4, 32]"
L2_arctic_WAV/HKK_arctic_a0125,"[26, 27, 41, 14, 42, 19, 8, 38, 3, 31, 4, 32, 19, 32, 16, 13, 38, 39, 31, 21, 8, 32, 38, 21, 8, 32, 4, 31, 10, 35, 36, 3, 38, 4, 32, 26, 33, 13, 30, 19, 4, 34, 5, 32, 26, 8, 31, 36, 7, 30, 24]","[26, 27, 41, 14, 42, 19, 8, 38, 3, 31, 4, 32, 32, 16, 13, 38, 39, 31, 21, 8, 32, 38, 21, 8, 32, 4, 31, 10, 35, 36, 3, 38, 4, 32, 26, 10, 35, 19, 4, 34, 5, 32, 8, 31, 36, 7, 30, 24]"
L2_arctic_WAV/HKK_arctic_a0126,"[27, 37, 19, 21, 8, 11, 27, 18, 27, 29, 21, 8, 31, 4, 31, 10, 35, 40, 16, 8, 38, 4, 30, 34, 5, 35, 38, 14, 40, 26, 8, 31]","[27, 37, 19, 21, 8, 11, 27, 18, 27, 29, 21, 8, 31, 4, 31, 10, 35, 40, 16, 8, 38, 4, 35, 34, 5, 35, 38, 14, 40, 8, 31]"
L2_arctic_WAV/HKK_arctic_a0127,"[8, 38, 41, 14, 42, 4, 38, 7, 31, 38, 21, 8, 11, 4, 32, 18, 14, 38, 26, 27, 35, 27, 42, 8, 36, 38, 8, 19, 8, 38]","[8, 38, 41, 14, 36, 4, 38, 7, 31, 34, 21, 8, 11, 4, 32, 18, 14, 38, 26, 27, 35, 27, 42, 8, 36, 38, 8, 19, 8, 38]"
L2_arctic_WAV/HKK_arctic_a0128,"[6, 8, 36, 41, 14, 32, 26, 33, 13, 34, 41, 14, 42, 19, 8, 36, 38, 35, 10, 8, 19, 43, 42, 29, 41, 8, 29, 30, 27, 43, 42, 8, 38, 41, 14, 42, 18, 10, 35, 32]","[6, 8, 36, 41, 14, 32, 26, 5, 41, 14, 42, 19, 8, 36, 38, 35, 10, 8, 19, 43, 42, 29, 41, 8, 29, 30, 27, 43, 42, 8, 38, 41, 14, 42, 18, 10, 32]"
L2_arctic_WAV/HKK_arctic_a0129,"[26, 3, 24, 21, 8, 36, 41, 14, 42, 4, 25, 21, 8, 32, 36, 38, 26, 8, 42, 18, 35, 7, 36, 38]","[26, 3, 24, 21, 8, 36, 41, 14, 42, 4, 25, 21, 8, 32, 36, 38, 8, 42, 18, 35, 7, 36, 38]"
L2_arctic_WAV/HKK_arctic_a0130,"[11, 27, 41, 14, 42, 26, 8, 42, 32, 16, 13, 24, 3, 7, 40, 3]","[11, 27, 41, 14, 42, 8, 42, 32, 16, 13, 24, 3, 7, 40, 3]"
L2_arctic_WAV/HKK_arctic_a0131,"[34, 35, 5, 40, 4, 19, 4, 32, 36, 26, 43, 19, 19, 8, 30, 8, 40, 3, 19, 26, 8, 31, 12, 35, 39, 6, 4, 31, 21, 8, 30, 36, 38, 35, 4, 31]","[34, 35, 5, 40, 4, 19, 4, 32, 36, 26, 43, 19, 19, 8, 30, 8, 40, 3, 19, 26, 8, 31, 12, 35, 39, 19, 4, 31, 21, 8, 30, 36, 38, 10, 31]"
L2_arctic_WAV/HKK_arctic_a0134,"[26, 27, 33, 13, 18, 21, 8, 19, 6, 4, 34, 35, 7, 11, 3, 14, 40, 26, 3, 26, 43, 32, 19]","[26, 27, 10, 18, 21, 8, 19, 6, 4, 34, 35, 7, 11, 3, 14, 40, 26, 3, 26, 43, 32, 19, 36]"
L2_arctic_WAV/HKK_arctic_a0136,"[4, 18, 16, 13, 38, 8, 31, 7, 40, 35, 27, 41, 7, 35, 41, 3, 6, 4, 7, 40, 4, 19, 4, 32, 36, 4, 42, 4, 40, 30, 14, 25, 15, 3, 27, 43, 32, 19, 14, 40, 21, 8, 20]","[4, 18, 16, 13, 38, 8, 31, 7, 40, 35, 27, 41, 7, 35, 41, 3, 6, 4, 7, 40, 4, 19, 4, 32, 36, 8, 36, 4, 40, 14, 30, 14, 25, 11, 3, 27, 43, 32, 14, 40, 21, 8, 20]"
L2_arctic_WAV/HKK_arctic_a0137,"[6, 7, 32, 26, 27, 36, 38, 7, 34, 38, 18, 43, 29, 41, 8, 6, 4, 30, 33, 13, 29, 35, 16, 8, 14, 40, 34, 30, 7, 15, 3]","[6, 7, 32, 26, 27, 36, 38, 7, 18, 43, 41, 8, 6, 4, 30, 33, 13, 29, 35, 16, 8, 14, 40, 34, 30, 7, 20, 3]"
L2_arctic_WAV/HKK_arctic_a0139,"[26, 27, 38, 33, 13, 30, 19, 26, 8, 31, 36, 7, 30, 24, 6, 43, 38, 43, 42, 26, 27, 41, 5, 11, 38, 26, 8, 31, 36, 7, 30, 24, 43, 32, 19, 25, 35, 39, 31, 19, 26, 8, 42, 19, 8, 11, 7, 40, 4, 30, 19, 29, 30, 33, 13, 6, 42]","[26, 27, 38, 33, 13, 30, 19, 8, 31, 36, 7, 30, 24, 6, 43, 38, 43, 42, 27, 41, 5, 11, 38, 8, 31, 36, 7, 30, 24, 43, 32, 19, 25, 35, 39, 31, 19, 8, 36, 19, 8, 11, 7, 40, 4, 30, 19, 29, 30, 33, 13, 12]"
L2_arctic_WAV/HKK_arctic_a0143,"[5, 16, 8, 26, 43, 19, 24, 10, 35, 25, 5, 38, 4, 32, 26, 27, 8, 29, 36, 29, 30, 21, 8, 31, 19]","[5, 16, 8, 26, 43, 19, 24, 10, 35, 25, 5, 38, 4, 32, 26, 27, 8, 29, 36, 29, 30, 21, 8, 31, 19]"
L2_arctic_WAV/HKK_arctic_a0144,"[18, 14, 38, 6, 7, 35, 41, 14, 42, 36, 14, 31, 12, 8, 9, 27, 40, 8, 32, 31, 10, 35, 36, 38, 5, 35, 38, 30, 8, 9, 6, 43, 32, 6, 8, 36, 35, 27, 42, 7, 31, 18, 30, 4, 32, 36]","[18, 14, 19, 7, 35, 41, 14, 42, 36, 14, 31, 12, 8, 9, 27, 40, 8, 31, 31, 10, 35, 36, 38, 5, 35, 38, 30, 8, 9, 19, 43, 32, 19, 8, 36, 35, 27, 42, 7, 31, 18, 30, 4, 32, 36]"
L2_arctic_WAV/HKK_arctic_a0145,"[16, 8, 26, 43, 40, 38, 4, 18, 27, 29, 7, 35, 24, 4, 30, 14, 40, 6, 4, 31, 7, 42, 6, 21, 8, 38, 8, 35, 40, 7, 35, 27, 27, 42, 4, 30, 27]","[16, 8, 26, 43, 40, 38, 4, 18, 27, 29, 7, 24, 4, 30, 14, 40, 6, 4, 31, 7, 42, 6, 7, 35, 38, 8, 35, 40, 7, 35, 27, 27, 42, 4, 30, 27]"
L2_arctic_WAV/HKK_arctic_a0148,"[32, 16, 13, 6, 27, 42, 12, 8, 9, 42, 26, 43, 19, 18, 8, 32, 36, 38, 35, 14, 29, 19, 7, 19, 41, 8, 12, 8, 32, 26, 8, 31]","[32, 16, 13, 6, 27, 42, 38, 8, 9, 42, 26, 43, 19, 4, 18, 8, 32, 36, 38, 35, 14, 19, 7, 19, 41, 8, 19, 8, 32, 26, 8, 31]"
L2_arctic_WAV/HKK_arctic_a0168,"[30, 33, 13, 18, 13, 11, 26, 41, 8, 34, 38, 26, 8, 31, 8, 32, 6, 4, 24, 21, 8, 36, 43, 32, 19, 30, 7, 24, 38, 32, 33, 13, 36, 38, 8, 9]","[4, 30, 33, 13, 18, 13, 11, 26, 41, 8, 34, 38, 26, 8, 31, 8, 32, 6, 4, 24, 21, 8, 36, 43, 32, 30, 7, 24, 32, 33, 13, 36, 38, 27, 9]"
L2_arctic_WAV/HKK_arctic_a0178,"[7, 40, 35, 27, 18, 33, 13, 32, 8, 32, 26, 3, 21, 8, 20, 8, 19, 18, 5, 19, 27, 36, 27, 31, 19, 18, 35, 33, 13, 29, 4, 32, 3, 19, 8, 36, 30, 33, 13, 29, 21, 8, 38, 8, 19]","[7, 23, 35, 27, 18, 10, 32, 8, 32, 3, 21, 8, 20, 8, 19, 18, 5, 19, 27, 36, 27, 31, 19, 18, 35, 33, 13, 29, 7, 32, 3, 19, 8, 36, 30, 33, 13, 29, 21, 8, 38, 8, 19]"
L2_arctic_WAV/HKK_arctic_a0209,"[8, 38, 41, 10, 42, 32, 5, 38, 4, 30, 5, 35, 20, 30, 21, 8, 29, 43, 32, 19, 10, 30, 31, 33, 13, 36, 38, 35, 16, 13, 32, 19]","[8, 38, 41, 10, 36, 32, 5, 35, 4, 30, 5, 35, 23, 30, 21, 8, 43, 32, 10, 23, 31, 10, 36, 38, 35, 16, 13, 32, 19]"
L2_arctic_WAV/HKK_arctic_a0233,"[16, 8, 32, 7, 40, 3, 4, 30, 16, 13, 41, 14, 38, 29, 43, 32, 38, 18, 27, 37, 21, 8, 32, 20, 19, 38, 39, 4, 32, 10, 8, 31, 27]","[16, 8, 32, 7, 40, 3, 4, 30, 16, 13, 41, 14, 38, 29, 43, 32, 18, 27, 37, 21, 8, 32, 20, 8, 38, 39, 4, 32, 10, 8, 31, 27]"
L2_arctic_WAV/HKK_arctic_a0258,"[36, 33, 13, 29, 38, 8, 32, 36, 27, 41, 5, 38, 3, 6, 21, 8, 10, 24, 36, 7, 38, 6, 4, 26, 27, 38, 35, 21, 8, 42]","[36, 10, 29, 8, 32, 36, 27, 41, 5, 38, 3, 6, 21, 8, 10, 24, 36, 7, 38, 6, 4, 26, 8, 38, 35, 21, 8, 36]"
L2_arctic_WAV/HKK_arctic_a0260,"[32, 33, 13, 18, 5, 19, 27, 32, 28, 39, 26, 8, 42, 26, 8, 36, 38, 3, 27, 6, 21, 8, 14, 40, 6, 4, 26, 13, 32, 38, 4, 30, 27, 36, 38, 14, 40, 10, 30]","[32, 33, 13, 18, 5, 19, 27, 32, 28, 39, 26, 8, 42, 36, 38, 3, 27, 6, 21, 8, 14, 40, 6, 4, 20, 13, 32, 38, 4, 30, 27, 36, 38, 14, 40, 10, 35]"
L2_arctic_WAV/HKK_arctic_a0271,"[32, 16, 13, 34, 30, 27, 42, 25, 8, 40, 21, 8, 34, 30, 21, 8, 32, 36, 38, 21, 8, 38, 31, 4, 32, 38, 14, 40, 41, 14, 38, 4, 29, 3, 19]","[32, 16, 13, 34, 30, 27, 42, 25, 8, 40, 31, 8, 14, 34, 30, 21, 8, 32, 36, 38, 21, 8, 38, 31, 4, 32, 38, 14, 40, 41, 14, 38, 4, 29, 3, 19]"
L2_arctic_WAV/HKK_arctic_a0272,"[28, 39, 29, 4, 32, 38, 21, 8, 29, 4, 40, 21, 8, 29, 21, 8, 11, 4, 32, 5, 32, 34, 21, 8]","[28, 39, 29, 4, 32, 38, 21, 8, 29, 4, 40, 21, 8, 29, 21, 8, 11, 4, 32, 5, 31, 34, 21, 8]"
L2_arctic_WAV/HKK_arctic_a0303,"[18, 14, 38, 6, 21, 8, 31, 21, 8, 29, 6, 4, 31, 8, 36, 38, 21, 8, 29, 14, 40, 8, 25, 32, 10, 35, 8, 9, 6, 7, 35, 33, 13, 32, 19, 39, 43, 30, 4, 38, 27]","[18, 14, 6, 21, 8, 31, 21, 8, 6, 4, 31, 8, 36, 38, 21, 8, 29, 14, 40, 8, 25, 32, 10, 35, 8, 9, 6, 7, 35, 10, 32, 19, 28, 39, 5, 30, 4, 38, 27]"
L2_arctic_WAV/HKK_arctic_a0345,"[11, 27, 41, 14, 42, 38, 35, 16, 8, 8, 9, 38, 4, 34, 43, 36, 6, 4, 21, 8, 34, 35, 4, 32, 36, 38, 35, 8, 9, 3, 16, 13, 32, 19, 26, 8, 31]","[11, 27, 41, 14, 36, 38, 35, 16, 8, 8, 9, 38, 4, 34, 43, 36, 38, 8, 7, 30, 34, 35, 5, 32, 36, 38, 35, 8, 9, 3, 16, 13, 32, 19, 26, 8, 31]"
L2_arctic_WAV/HKK_arctic_a0364,"[41, 27, 26, 43, 40, 34, 30, 7, 32, 27, 4, 40, 29, 43, 34, 8, 38, 4, 30, 16, 13, 3, 36, 7, 30, 40, 42, 4, 32, 19, 28, 7, 38, 41, 27, 41, 5, 32, 38, 31, 10, 35]","[41, 27, 43, 40, 4, 34, 30, 7, 32, 27, 4, 40, 29, 43, 34, 8, 38, 4, 35, 16, 13, 3, 36, 7, 30, 40, 36, 4, 32, 28, 7, 38, 28, 39, 41, 5, 32, 31, 10, 35]"
L2_arctic_WAV/HKK_arctic_a0365,"[6, 27, 42, 35, 39, 31, 3, 42, 31, 21, 8, 27, 40, 8, 32, 3, 8, 20, 4, 32, 21, 8, 38, 41, 8, 6, 14, 36]","[6, 27, 36, 35, 39, 31, 3, 42, 31, 21, 8, 27, 40, 8, 32, 3, 8, 15, 4, 32, 21, 8, 38, 41, 8, 6, 14, 36]"
L2_arctic_WAV/HKK_arctic_a0369,"[8, 32, 34, 5, 35, 38, 32, 3, 11, 8, 34, 41, 8, 6, 19, 21, 8, 30, 16, 8, 38, 6, 4, 34, 7, 35, 35, 21, 8, 19, 8, 19, 6, 4, 36, 43, 32, 26, 33, 13, 42, 21, 8, 8, 32, 38, 3, 3, 18, 4, 32]","[8, 32, 34, 5, 35, 38, 32, 3, 11, 8, 34, 41, 8, 6, 4, 19, 21, 8, 35, 16, 8, 6, 4, 34, 7, 35, 35, 21, 8, 19, 8, 19, 6, 4, 36, 43, 32, 26, 10, 36, 7, 8, 32, 38, 3, 3, 18, 4, 32]"
L2_arctic_WAV/HKK_arctic_a0375,"[6, 4, 18, 13, 37, 3, 42, 43, 32, 19, 31, 27, 38, 29, 14, 38, 3, 42, 35, 8, 24, 28, 39, 42, 19, 38, 8, 26, 43, 32, 19, 4, 30, 31, 27, 38, 19, 7, 36, 38, 8, 32, 19, 24, 35, 3, 14, 32, 24, 7, 35, 35, 7, 36, 38, 35, 5, 32, 38, 36]","[6, 4, 18, 13, 37, 3, 36, 43, 32, 31, 27, 29, 14, 38, 3, 42, 35, 8, 24, 28, 39, 36, 38, 8, 26, 43, 32, 19, 4, 35, 31, 8, 38, 19, 43, 36, 38, 8, 32, 19, 24, 3, 14, 32, 24, 7, 35, 35, 7, 36, 38, 35, 5, 32, 38, 36]"
L2_arctic_WAV/HKK_arctic_a0378,"[6, 43, 38, 36, 26, 41, 16, 8, 8, 38, 36, 18, 16, 13, 32, 19, 3, 27, 42, 5, 35, 10, 30, 25, 16, 13, 20, 19, 43, 32, 19, 20, 43, 25, 19]","[6, 43, 36, 41, 16, 8, 8, 38, 36, 4, 18, 16, 13, 32, 19, 3, 27, 42, 5, 35, 10, 35, 25, 16, 13, 20, 4, 19, 43, 32, 19, 20, 43, 25, 4, 19]"
L2_arctic_WAV/HKK_arctic_a0379,"[26, 16, 13, 33, 13, 30, 19, 5, 35, 28, 39, 19, 43, 19, 27]","[26, 16, 13, 10, 30, 19, 5, 28, 39, 19, 7, 19, 27]"
L2_arctic_WAV/HKK_arctic_a0384,"[6, 4, 24, 5, 35, 31, 3, 41, 3, 29, 36, 6, 4, 36, 10, 8, 30, 43, 32, 19, 34, 35, 4, 19, 39, 36, 8, 42, 25, 35, 21, 8, 32]","[6, 4, 24, 5, 31, 3, 41, 3, 29, 36, 6, 4, 36, 10, 8, 30, 43, 32, 19, 34, 35, 4, 19, 28, 39, 36, 8, 42, 25, 35, 21, 8, 32]"
L2_arctic_WAV/HKK_arctic_a0416,"[6, 27, 43, 19, 8, 19, 41, 21, 8, 38, 26, 43, 19, 4, 40, 4, 30, 5, 36, 4, 38, 27, 14, 40, 24, 8, 24, 38, 27, 32, 31, 16, 8, 4, 30, 42, 34, 3, 16, 13, 35]","[6, 27, 43, 19, 8, 19, 41, 21, 8, 38, 26, 43, 19, 4, 40, 4, 30, 5, 36, 4, 38, 27, 14, 40, 4, 24, 8, 24, 38, 27, 32, 31, 16, 8, 4, 30, 36, 34, 3, 16, 13, 35]"
L2_arctic_WAV/HKK_arctic_a0442,"[28, 39, 30, 8, 40, 5, 32, 4, 32, 8, 32, 29, 14, 31, 41, 8, 37, 28, 13, 35, 24, 5, 6, 3, 3, 32, 19]","[28, 39, 30, 27, 40, 5, 32, 4, 32, 8, 32, 29, 14, 31, 41, 8, 37, 28, 13, 24, 5, 19, 3, 4, 32, 38]"
L2_arctic_WAV/HKK_arctic_a0475,"[26, 8, 42, 16, 13, 38, 36, 38, 35, 7, 37, 19, 5, 35, 31, 19, 35, 5, 34, 38, 38, 8, 26, 8, 42, 36, 16, 8, 19, 43, 32, 19, 26, 27, 34, 10, 42, 19]","[26, 8, 42, 16, 13, 36, 38, 35, 7, 37, 8, 19, 5, 31, 19, 35, 5, 38, 8, 26, 8, 42, 36, 16, 8, 19, 43, 32, 26, 27, 34, 33, 13, 36, 38]"
L2_arctic_WAV/HKK_arctic_a0495,"[26, 27, 18, 10, 35, 32, 33, 13, 25, 35, 14, 20, 8, 42, 43, 32, 19, 26, 43, 19, 24, 28, 39, 7, 32, 4, 31, 27, 42]","[26, 27, 18, 10, 35, 32, 10, 25, 35, 14, 20, 8, 19, 36, 43, 32, 26, 43, 19, 32, 24, 28, 39, 7, 32, 4, 31, 27, 42]"
L2_arctic_WAV/HKK_arctic_a0542,"[41, 8, 6, 16, 13, 38, 4, 19, 16, 13, 38, 36, 14, 31, 14, 40, 6, 7, 31, 26, 43, 40, 19, 8, 32, 3, 7, 32, 25, 21, 8, 20, 31, 4, 32, 38, 36]","[41, 8, 19, 16, 13, 38, 4, 19, 16, 13, 38, 36, 14, 31, 14, 40, 6, 7, 31, 26, 43, 40, 19, 8, 32, 3, 7, 32, 25, 21, 8, 20, 31, 4, 32, 38, 36]"
L2_arctic_WAV/HKK_arctic_b0019,"[26, 8, 42, 36, 30, 8, 31, 26, 43, 32, 42, 25, 35, 8, 34, 38, 6, 27, 7, 20, 8, 42, 4, 40, 6, 4, 38, 21, 8, 18, 4, 30]","[26, 8, 42, 36, 30, 8, 31, 26, 43, 32, 42, 25, 35, 8, 34, 6, 27, 43, 37, 8, 36, 4, 23, 19, 4, 38, 21, 8, 18, 4, 30]"
L2_arctic_WAV/HKK_arctic_b0022,"[8, 24, 16, 8, 41, 14, 42, 16, 13, 38, 14, 40, 6, 4, 25, 21, 8, 31, 8, 38, 41, 13, 19, 18, 27, 27, 42, 4, 30, 27, 31, 21, 8, 19]","[8, 24, 16, 8, 41, 14, 42, 16, 13, 38, 14, 40, 6, 4, 25, 21, 8, 31, 8, 38, 41, 13, 19, 18, 27, 27, 42, 4, 30, 27, 31, 21, 8, 19]"
L2_arctic_WAV/HKK_arctic_b0047,"[36, 4, 34, 33, 13, 42, 28, 39, 36, 10, 31, 27, 43, 38, 41, 3, 29, 12, 35, 39, 6, 4, 41, 8, 32, 19, 33, 13]","[36, 4, 34, 10, 42, 28, 39, 36, 10, 31, 27, 43, 38, 41, 3, 29, 12, 35, 39, 19, 4, 41, 8, 32, 19, 10]"
L2_arctic_WAV/HKK_arctic_b0068,"[33, 13, 32, 30, 27, 6, 4, 37, 43, 32, 36, 36, 16, 13, 32, 19, 26, 43, 19, 30, 7, 19, 26, 8, 31, 38, 39, 4, 18, 42, 3, 40, 6, 7, 31]","[10, 32, 30, 27, 6, 4, 37, 43, 32, 36, 36, 16, 13, 32, 26, 43, 19, 30, 7, 38, 26, 8, 31, 38, 39, 4, 18, 20, 3, 40, 6, 7, 31]"
L2_arctic_WAV/HKK_arctic_b0106,"[24, 10, 35, 4, 24, 13, 30, 31, 8, 32, 4, 38, 6, 4, 38, 39, 31, 7, 32, 36, 38, 7, 35, 19, 8, 32, 38, 39, 27, 37, 14, 6, 3, 42, 24, 21, 8, 36]","[24, 4, 35, 4, 24, 13, 35, 31, 8, 32, 8, 6, 4, 38, 39, 31, 7, 32, 36, 38, 7, 35, 19, 8, 32, 38, 39, 27, 37, 14, 19, 3, 42, 24, 21, 8, 36]"
L2_arctic_WAV/HKK_arctic_b0143,"[8, 38, 38, 13, 29, 26, 8, 31, 26, 43, 24, 4, 32, 16, 13, 35, 38, 4, 35, 27, 37, 6, 27, 7, 20, 4, 40, 8, 38]","[8, 38, 13, 29, 26, 8, 31, 26, 43, 24, 4, 32, 16, 13, 35, 38, 4, 35, 8, 37, 19, 27, 7, 37, 4, 40, 8, 38]"
L2_arctic_WAV/HKK_arctic_b0192,"[16, 13, 38, 36, 16, 8, 19, 3, 42, 5, 35, 4, 30, 16, 13, 19, 24, 16, 8, 40, 31, 8, 32, 4, 38, 36, 34, 27, 37, 8, 42, 6, 4, 36, 8, 29, 31, 43, 32, 3, 20, 19]","[16, 13, 36, 16, 8, 19, 3, 42, 5, 35, 4, 30, 5, 19, 24, 16, 8, 40, 31, 8, 32, 4, 38, 36, 34, 8, 37, 8, 36, 7, 4, 36, 8, 29, 31, 43, 32, 3, 20, 4, 19]"
L2_arctic_WAV/HKK_arctic_b0197,"[6, 14, 34, 30, 43, 32, 38, 3, 42, 3, 10, 35, 7, 19, 27, 29, 4, 32, 36, 8, 19, 3, 8, 9, 6, 4, 31, 43, 38, 3]","[6, 14, 34, 30, 43, 32, 38, 3, 42, 3, 10, 30, 7, 19, 27, 29, 4, 32, 36, 8, 19, 3, 8, 9, 6, 4, 31, 43, 6, 3]"
L2_arctic_WAV/HKK_arctic_b0201,"[16, 8, 10, 30, 36, 33, 13, 14, 32, 19, 3, 36, 38, 43, 32, 19, 6, 43, 38, 36, 8, 31, 4, 30, 3, 18, 35, 43, 32, 37, 10, 35, 25, 4, 32, 4, 42, 21, 8, 11, 4, 32, 42, 26, 43, 40, 31, 21, 8, 19, 6, 7, 35, 4, 34, 8, 35, 4, 32, 36, 8, 32, 28, 13, 35, 4, 34]","[16, 8, 10, 23, 36, 10, 14, 32, 19, 3, 36, 38, 43, 32, 6, 43, 36, 8, 31, 4, 30, 3, 35, 43, 32, 37, 10, 35, 25, 4, 32, 16, 8, 20, 21, 8, 11, 4, 32, 42, 26, 43, 40, 31, 21, 8, 6, 7, 4, 34, 8, 35, 4, 32, 36, 8, 32, 28, 13, 35, 4]"
L2_arctic_WAV/HKK_arctic_b0215,"[8, 38, 8, 42, 4, 25, 13, 19, 34, 35, 5, 34, 3, 38, 27, 43, 32, 19, 41, 3, 12, 31, 10, 35, 6, 4, 32, 6, 43, 38]","[8, 38, 8, 42, 4, 25, 13, 34, 35, 5, 34, 3, 38, 27, 43, 32, 41, 3, 36, 31, 10, 35, 6, 4, 32, 6, 43]"
L2_arctic_WAV/HKK_arctic_b0225,"[6, 14, 34, 35, 7, 42, 4, 19, 7, 32, 38, 14, 40, 6, 27, 28, 39, 32, 16, 8, 38, 8, 19, 36, 38, 21, 8, 38, 36, 41, 14, 42, 26, 8, 42, 24, 35, 7, 32, 19]","[6, 14, 34, 35, 7, 42, 4, 19, 7, 32, 38, 14, 40, 6, 27, 28, 39, 32, 16, 8, 38, 8, 36, 38, 21, 8, 38, 36, 41, 14, 42, 26, 8, 42, 24, 35, 7, 32, 19, 36]"
L2_arctic_WAV/HKK_arctic_b0238,"[6, 14, 40, 7, 35, 27, 12, 10, 38, 14, 40, 6, 27, 7, 24, 3, 38, 38, 39, 36, 41, 8, 31, 33, 13, 40, 3, 41, 14, 42, 32, 10, 15, 27, 21, 8, 38, 8, 9]","[6, 14, 40, 7, 35, 8, 12, 10, 35, 14, 40, 6, 27, 7, 24, 3, 38, 39, 36, 41, 8, 31, 10, 40, 3, 41, 14, 36, 32, 33, 13, 42, 27, 21, 8, 38, 8, 9]"
L2_arctic_WAV/YDCK_arctic_a0003,"[24, 10, 35, 6, 4, 38, 41, 7, 32, 27, 4, 12, 38, 16, 8, 31, 6, 4, 38, 27, 40, 32, 8, 9, 6, 4, 38, 39, 31, 7, 32, 11, 13, 29, 26, 43, 32, 42]","[24, 10, 35, 19, 4, 38, 41, 7, 32, 27, 4, 12, 38, 16, 8, 31, 19, 4, 38, 27, 40, 32, 8, 9, 19, 4, 38, 39, 31, 7, 32, 36, 13, 29, 26, 43, 32, 42]"
L2_arctic_WAV/YDCK_arctic_a0005,"[41, 8, 30, 41, 27, 7, 40, 3, 24, 3, 25, 7, 38, 8, 38]","[41, 8, 30, 41, 27, 7, 40, 3, 24, 3, 25, 7, 38, 8, 38]"
L2_arctic_WAV/YDCK_arctic_a0006,"[25, 5, 19, 18, 30, 7, 36, 4, 31, 16, 8, 26, 33, 13, 34, 16, 8, 30, 25, 33, 13, 5, 32, 36, 27, 8, 9, 6, 7, 31, 24, 3, 7, 40, 3]","[25, 5, 18, 30, 7, 36, 4, 31, 16, 8, 26, 33, 13, 34, 16, 8, 30, 25, 33, 13, 4, 32, 36, 27, 8, 9, 6, 7, 31, 24, 3, 7, 40, 3]"
L2_arctic_WAV/YDCK_arctic_a0007,"[43, 32, 19, 28, 39, 10, 30, 41, 27, 42, 41, 10, 32, 38, 38, 8, 36, 27, 8, 38, 8, 32, 6, 4, 36, 13, 34, 3, 30, 4, 38, 8, 40, 19, 8, 25, 35, 27]","[43, 32, 28, 39, 10, 30, 41, 27, 42, 41, 10, 32, 38, 8, 36, 27, 8, 38, 8, 32, 19, 4, 36, 13, 34, 3, 4, 38, 8, 40, 19, 8, 25, 35, 27]"
L2_arctic_WAV/YDCK_arctic_a0008,"[25, 43, 19, 28, 13, 35, 30, 7, 38, 3, 29, 21, 8, 31, 20, 14, 36, 38, 8, 32, 38, 16, 8, 31]","[25, 43, 19, 28, 13, 30, 7, 38, 3, 29, 21, 8, 31, 20, 14, 36, 38, 8, 32, 38, 16, 8, 31]"
L2_arctic_WAV/YDCK_arctic_a0010,"[16, 8, 31, 34, 30, 21, 8, 8, 9, 4, 36, 8, 9, 25, 4, 30, 26, 43, 32, 19, 8, 32, 41, 14, 38, 30, 13, 29, 36, 30, 16, 8, 29, 4, 30, 39, 42, 8, 9, 25, 21, 8, 31]","[16, 8, 31, 34, 30, 21, 8, 8, 9, 4, 36, 8, 9, 25, 4, 30, 26, 43, 32, 19, 8, 32, 41, 14, 30, 13, 29, 36, 30, 16, 8, 29, 4, 30, 39, 42, 8, 9, 25, 21, 8, 31]"
L2_arctic_WAV/YDCK_arctic_a0011,"[8, 24, 16, 8, 7, 40, 3, 32, 27, 19, 8, 19, 4, 24, 16, 8, 38, 3, 8, 32, 31, 16, 8, 30, 16, 8, 24, 16, 8, 32, 27, 19, 41, 14, 32, 32, 16, 13]","[8, 24, 16, 8, 7, 40, 3, 32, 27, 19, 8, 19, 4, 24, 16, 8, 38, 3, 8, 32, 31, 16, 8, 30, 16, 8, 24, 16, 8, 32, 27, 19, 41, 14, 32, 32, 16, 13]"
L2_arctic_WAV/YDCK_arctic_a0013,"[26, 27, 41, 14, 42, 4, 26, 7, 19, 11, 10, 35, 38, 3, 6, 4, 32, 26, 8, 42, 29, 4, 31, 34, 43, 32, 28, 4, 32, 14, 40, 10, 30, 31, 33, 13, 36, 38, 19, 7, 30, 4, 29, 4, 38, 24, 4, 42, 27, 29]","[26, 27, 41, 14, 42, 4, 26, 7, 19, 11, 10, 38, 3, 19, 4, 32, 26, 8, 42, 29, 4, 31, 34, 43, 32, 28, 4, 32, 14, 40, 10, 30, 31, 33, 13, 36, 38, 19, 7, 35, 4, 29, 21, 8, 38, 24, 4, 42, 27, 29]"
L2_arctic_WAV/YDCK_arctic_a0018,"[6, 7, 35, 41, 14, 42, 4, 37, 21, 8, 32, 20, 32, 16, 13]","[6, 7, 35, 41, 14, 42, 4, 37, 21, 8, 32, 23, 32, 16, 13]"
L2_arctic_WAV/YDCK_arctic_a0019,"[16, 8, 24, 5, 30, 33, 13, 19, 6, 4, 30, 16, 8, 32, 14, 40, 6, 4, 34, 35, 4, 34, 33, 13, 42, 19, 35, 21, 8, 30, 35, 33, 13, 19, 30, 13, 29, 8, 9, 24, 3, 37, 43, 32, 36, 4, 42]","[16, 8, 24, 5, 30, 33, 13, 6, 4, 30, 16, 8, 32, 14, 40, 6, 4, 34, 35, 4, 34, 33, 13, 36, 38, 35, 21, 8, 30, 30, 33, 13, 38, 30, 13, 29, 8, 9, 24, 3, 37, 43, 32, 36, 4, 42]"
L2_arctic_WAV/YDCK_arctic_a0020,"[29, 30, 14, 18, 42, 43, 32, 19, 18, 10, 30, 42, 43, 32, 19, 36, 8, 38, 27, 42, 25, 35, 39, 38, 39, 18, 27, 33, 13, 32, 30, 27, 31, 7, 31, 3, 27, 42]","[29, 30, 14, 18, 42, 43, 32, 18, 10, 30, 36, 43, 32, 36, 8, 38, 27, 42, 25, 35, 39, 38, 39, 18, 27, 33, 13, 32, 30, 27, 31, 7, 31, 3, 27, 42]"
L2_arctic_WAV/YDCK_arctic_a0021,"[8, 38, 24, 7, 35, 30, 27, 29, 30, 14, 18, 19, 31, 27, 8, 32, 38, 39, 35, 7, 29, 4, 25, 32, 16, 8, 42, 8, 9, 8, 38]","[8, 38, 24, 7, 30, 27, 29, 30, 14, 18, 19, 31, 27, 8, 32, 38, 39, 35, 7, 29, 4, 25, 32, 16, 8, 42, 8, 9, 8, 38]"
L2_arctic_WAV/YDCK_arctic_a0022,"[26, 5, 35, 19, 30, 27, 41, 3, 16, 13, 35, 34, 30, 43, 32, 42, 31, 21, 8, 19, 34, 14, 18, 30, 8, 29, 18, 27, 24, 10, 35, 41, 27, 41, 3, 31, 7, 38, 18, 16, 8, 34, 16, 13, 3, 24, 4, 30, 5, 34, 4, 42, 8, 11, 4, 32]","[26, 5, 35, 19, 30, 27, 41, 3, 16, 13, 35, 34, 30, 43, 32, 36, 31, 21, 8, 34, 14, 40, 30, 8, 29, 18, 27, 24, 10, 35, 41, 27, 41, 3, 31, 7, 38, 18, 16, 8, 34, 16, 13, 4, 24, 4, 30, 5, 34, 4, 20, 8, 11, 4, 32]"
L2_arctic_WAV/YDCK_arctic_a0023,"[4, 29, 5, 31, 18, 4, 32, 21, 8, 11, 4, 32, 14, 40, 29, 4, 32, 21, 8, 19, 27, 4, 32, 29, 43, 34, 8, 38, 4, 30, 29, 41, 8, 29, 30, 27, 10, 35, 25, 4, 32, 16, 8, 42, 19, 43, 32, 19, 34, 4, 38, 8, 11, 4, 32, 19, 24, 10, 35, 6, 4, 36, 21, 8, 31, 34, 35, 8, 40, 8, 30, 8, 20, 8, 42]","[4, 29, 5, 31, 18, 4, 32, 21, 8, 11, 4, 32, 14, 40, 29, 4, 32, 21, 8, 19, 27, 4, 32, 29, 43, 34, 8, 38, 4, 30, 29, 41, 8, 29, 30, 27, 10, 35, 25, 4, 32, 16, 8, 42, 19, 43, 32, 19, 34, 4, 38, 8, 11, 4, 32, 36, 24, 10, 35, 6, 4, 36, 21, 8, 31, 34, 35, 8, 40, 8, 30, 8, 20, 8, 42]"
L2_arctic_WAV/YDCK_arctic_a0024,"[8, 38, 41, 14, 42, 31, 16, 8, 35, 27, 34, 10, 35, 38, 36, 24, 35, 14, 31, 6, 4, 32, 10, 35, 12, 41, 8, 37, 37, 27, 24, 30, 27, 8, 32, 19, 39, 36, 38, 34, 27, 34, 4, 30, 38, 39, 18, 16, 8]","[8, 38, 41, 14, 42, 31, 16, 8, 35, 27, 34, 10, 35, 38, 36, 24, 35, 14, 31, 6, 4, 32, 10, 35, 36, 41, 8, 37, 37, 27, 24, 30, 27, 8, 32, 19, 28, 39, 36, 38, 34, 27, 34, 4, 30, 38, 39, 18, 16, 8]"
L2_arctic_WAV/YDCK_arctic_a0025,"[16, 8, 41, 14, 42, 4, 18, 16, 13, 38, 38, 4, 19, 39, 6, 8, 36, 41, 7, 32, 29, 39, 30, 3, 20, 14, 20, 31, 4, 32, 38, 34, 35, 27, 40, 21, 8, 30, 19]","[16, 8, 41, 14, 42, 4, 18, 5, 38, 38, 4, 19, 39, 6, 8, 36, 41, 7, 32, 29, 39, 30, 3, 20, 14, 20, 31, 4, 32, 38, 34, 35, 27, 40, 21, 8, 30, 19]"
L2_arctic_WAV/YDCK_arctic_a0026,"[8, 38, 4, 29, 3, 19, 38, 8, 31, 27, 6, 43, 38, 6, 7, 35, 41, 13, 19, 26, 43, 40, 38, 8, 18, 27, 43, 32, 4, 29, 16, 13, 32, 38, 8, 9]","[8, 38, 4, 29, 3, 38, 8, 31, 27, 19, 43, 19, 7, 35, 13, 19, 26, 43, 40, 38, 8, 18, 27, 43, 32, 4, 29, 16, 13, 32, 38, 8, 9]"
L2_arctic_WAV/YDCK_arctic_a0027,"[38, 39, 31, 16, 8, 36, 4, 34, 35, 16, 8, 42, 26, 27, 18, 27, 25, 43, 32, 38, 8, 11, 33, 13, 43, 29, 37, 4, 41, 4, 30, 8, 32, 12, 39, 42, 27, 43, 42, 4, 31, 8, 32, 31, 16, 8, 24, 21, 8, 40, 3]","[38, 39, 31, 16, 8, 36, 4, 34, 35, 16, 8, 42, 26, 27, 18, 27, 25, 43, 32, 38, 8, 11, 33, 13, 43, 29, 37, 4, 41, 4, 35, 8, 32, 12, 39, 42, 27, 43, 42, 4, 31, 8, 32, 31, 16, 8, 24, 21, 8, 40, 3]"
L2_arctic_WAV/YDCK_arctic_a0028,"[35, 5, 18, 3, 27, 18, 35, 16, 8, 18, 3, 27, 24, 35, 10, 19]","[35, 5, 18, 3, 27, 18, 35, 16, 8, 18, 3, 27, 24, 30, 10, 19]"
L2_arctic_WAV/YDCK_arctic_a0029,"[6, 7, 35, 24, 10, 35, 36, 8, 42, 41, 3, 10, 30, 35, 7, 19, 27, 31, 39, 40, 8, 9, 8, 32, 38, 39, 6, 4, 32, 10, 35, 12, 29, 14, 32, 38, 35, 27]","[19, 7, 35, 24, 10, 35, 36, 8, 42, 41, 3, 10, 30, 35, 7, 19, 27, 31, 39, 40, 8, 9, 8, 32, 38, 39, 19, 4, 32, 10, 35, 12, 29, 14, 32, 38, 35, 27]"
L2_arctic_WAV/YDCK_arctic_a0030,"[16, 8, 26, 43, 19, 24, 21, 8, 12, 8, 32, 6, 7, 31]","[16, 8, 26, 43, 19, 24, 21, 8, 12, 8, 32, 19, 7, 31]"
L2_arctic_WAV/YDCK_arctic_a0031,"[6, 21, 8, 41, 3, 12, 35, 27, 26, 14, 32, 19, 35, 4, 19, 28, 5, 35, 19, 42, 4, 34, 5, 35, 38]","[6, 21, 8, 41, 3, 38, 35, 27, 26, 14, 32, 19, 35, 7, 19, 28, 5, 35, 19, 42, 4, 34, 5, 35, 38]"
L2_arctic_WAV/YDCK_arctic_a0032,"[36, 8, 32, 36, 6, 7, 32, 36, 14, 31, 31, 8, 36, 38, 8, 35, 27, 4, 36, 24, 10, 35, 36, 26, 43, 42, 18, 8, 32, 24, 16, 8, 38, 8, 9, 14, 36, 43, 38, 7, 40, 35, 27, 36, 38, 7, 34]","[36, 8, 32, 36, 6, 7, 32, 36, 14, 31, 31, 8, 36, 38, 8, 35, 27, 4, 36, 24, 10, 35, 36, 26, 43, 42, 18, 8, 32, 24, 16, 8, 38, 8, 9, 14, 36, 43, 38, 7, 40, 35, 27, 36, 38, 7, 34]"
L2_arctic_WAV/YDCK_arctic_a0036,"[11, 27, 38, 3, 32, 19, 8, 32, 43, 38, 6, 14, 26, 33, 13, 38, 7, 30]","[11, 27, 38, 4, 32, 19, 8, 32, 43, 6, 14, 26, 10, 38, 7, 30]"
L2_arctic_WAV/YDCK_arctic_a0037,"[16, 8, 41, 14, 42, 6, 27, 33, 13, 32, 30, 27, 41, 14, 32, 26, 39, 35, 27, 31, 21, 8, 32, 19, 36, 8, 38, 8, 9]","[16, 8, 41, 14, 42, 6, 27, 33, 13, 32, 30, 27, 41, 14, 32, 26, 39, 35, 27, 31, 21, 8, 32, 36, 8, 38, 8, 9]"
L2_arctic_WAV/YDCK_arctic_a0038,"[41, 27, 41, 4, 30, 26, 43, 40, 38, 39, 41, 5, 37, 5, 35, 37, 43, 32, 36, 4, 42]","[41, 27, 41, 4, 30, 26, 43, 34, 38, 39, 41, 5, 37, 5, 35, 37, 43, 32, 36, 4, 36]"
L2_arctic_WAV/YDCK_arctic_a0039,"[6, 4, 11, 8, 34, 11, 13, 19, 18, 27, 8, 32, 41, 8, 6, 8, 32, 4, 41, 27, 29, 10, 35, 38, 7, 32, 19, 21, 8, 42]","[6, 4, 11, 8, 34, 11, 13, 35, 4, 8, 32, 41, 8, 6, 8, 32, 4, 41, 27, 29, 10, 35, 38, 7, 32, 19, 21, 8, 42]"
L2_arctic_WAV/YDCK_arctic_a0040,"[16, 8, 36, 4, 34, 33, 13, 42, 28, 39, 41, 14, 32, 19, 3, 41, 16, 8, 11, 27, 8, 42, 29, 14, 31, 8, 9, 14, 34, 26, 27, 35]","[16, 8, 36, 4, 34, 33, 13, 42, 28, 39, 41, 14, 32, 19, 3, 41, 16, 8, 11, 27, 8, 42, 29, 14, 31, 8, 9, 14, 34, 26, 27, 35]"
L2_arctic_WAV/YDCK_arctic_a0041,"[31, 27, 32, 41, 16, 8, 30, 16, 8, 41, 4, 30, 25, 33, 13, 16, 13, 38, 38, 8, 18, 35, 27, 6, 4, 36, 34, 7, 30]","[31, 27, 32, 41, 16, 8, 30, 16, 8, 41, 4, 30, 25, 33, 13, 16, 13, 38, 13, 18, 35, 27, 6, 4, 36, 34, 7, 30]"
L2_arctic_WAV/YDCK_arctic_a0042,"[26, 16, 13, 29, 13, 19, 26, 27, 8, 29, 36, 34, 30, 21, 8, 32, 26, 8, 42, 34, 4, 42, 7, 11, 4, 32, 14, 40, 6, 4, 36, 29, 7, 37]","[26, 16, 13, 29, 13, 19, 27, 8, 29, 36, 34, 30, 21, 8, 32, 26, 8, 42, 34, 4, 20, 7, 11, 4, 32, 14, 23, 6, 4, 36, 29, 7, 37]"
L2_arctic_WAV/YDCK_arctic_a0045,"[26, 27, 31, 39, 40, 19, 4, 41, 21, 8, 43, 42, 29, 41, 16, 8, 4, 38, 30, 27, 43, 42, 26, 27, 26, 43, 19, 29, 14, 31]","[26, 27, 31, 39, 40, 19, 4, 41, 21, 8, 43, 42, 29, 41, 16, 8, 4, 38, 30, 27, 43, 42, 26, 27, 26, 43, 19, 29, 14, 31]"
L2_arctic_WAV/YDCK_arctic_a0046,"[6, 4, 25, 3, 30, 24, 21, 8, 36, 38, 26, 8, 31, 26, 3, 16, 8, 42, 11, 16, 8, 32, 8, 9, 41, 8, 12, 36, 14, 19, 4, 32, 24, 8, 35]","[19, 4, 25, 3, 24, 21, 8, 36, 38, 26, 8, 31, 26, 3, 16, 8, 15, 11, 16, 8, 32, 8, 9, 41, 8, 12, 36, 14, 19, 4, 32, 24, 8, 35]"
L2_arctic_WAV/YDCK_arctic_a0047,"[29, 30, 33, 13, 42, 18, 27, 36, 16, 8, 19, 26, 8, 31, 25, 30, 27, 31, 19, 6, 14, 41, 16, 8, 38, 24, 43, 9, 42, 14, 40, 6, 14, 41, 13, 30, 24, 19, 10, 25]","[29, 30, 33, 13, 42, 18, 27, 36, 16, 8, 19, 26, 8, 31, 25, 30, 27, 31, 19, 14, 41, 16, 8, 38, 24, 43, 9, 14, 40, 6, 14, 41, 13, 30, 24, 19, 10, 25]"
L2_arctic_WAV/YDCK_arctic_a0048,"[26, 27, 30, 13, 29, 38, 43, 38, 6, 14, 26, 43, 9, 29, 3, 37, 8, 24, 31, 10, 35, 29, 30, 33, 13, 36, 30, 27]","[26, 27, 30, 13, 29, 38, 43, 19, 14, 26, 43, 9, 29, 3, 37, 8, 31, 10, 35, 29, 30, 33, 13, 36, 30, 27]"
L2_arctic_WAV/YDCK_arctic_a0051,"[6, 14, 30, 21, 8, 36, 41, 14, 42, 14, 40, 4, 19, 7, 30, 4, 29, 4, 38, 16, 8, 40, 3, 27, 29, 10, 30, 3, 24, 21, 8, 32, 38, 30, 27, 38, 8, 32, 38, 8, 19, 41, 8, 6, 28, 7, 30, 33, 13]","[19, 14, 35, 21, 8, 36, 41, 14, 42, 14, 40, 4, 19, 7, 30, 4, 29, 16, 8, 38, 16, 8, 40, 3, 27, 29, 10, 30, 3, 24, 21, 8, 32, 38, 30, 27, 38, 8, 32, 38, 8, 19, 41, 8, 6, 28, 7, 30, 33, 13]"
L2_arctic_WAV/YDCK_arctic_a0052,"[8, 38, 41, 14, 42, 4, 29, 28, 13, 35, 27, 4, 36, 29, 33, 13, 8, 32, 36, 8, 19, 4, 32, 36]","[8, 38, 41, 14, 42, 4, 29, 28, 13, 35, 27, 4, 36, 29, 10, 8, 32, 36, 8, 19, 4, 32, 36]"
L2_arctic_WAV/YDCK_arctic_a0053,"[36, 14, 19, 4, 32, 30, 27, 26, 8, 42, 24, 8, 9, 25, 3, 42, 29, 30, 33, 13, 42, 19, 38, 16, 8, 38, 30, 27, 33, 13, 40, 3, 6, 4, 26, 43, 9, 29, 3, 37, 27, 24]","[36, 14, 19, 4, 32, 30, 27, 26, 8, 42, 24, 8, 9, 25, 3, 42, 29, 30, 33, 13, 42, 38, 5, 38, 30, 27, 33, 13, 40, 3, 6, 4, 26, 43, 9, 29, 3, 37, 27, 24]"
L2_arctic_WAV/YDCK_arctic_a0054,"[6, 7, 35, 41, 4, 42, 32, 14, 12, 8, 9, 10, 32, 6, 4, 35, 5, 29]","[19, 7, 35, 41, 4, 42, 32, 14, 12, 8, 9, 10, 32, 19, 4, 35, 5, 29]"
L2_arctic_WAV/YDCK_arctic_a0058,"[16, 8, 29, 21, 8, 31, 24, 10, 35, 8, 32, 24, 10, 35, 31, 21, 8, 11, 4, 32, 31, 10, 35, 16, 13, 38, 4, 40, 29, 28, 13, 35, 27, 5, 36, 4, 38, 27, 6, 43, 32, 7, 32, 27, 12, 8, 9, 7, 30, 36]","[16, 8, 29, 21, 8, 31, 24, 10, 35, 8, 32, 24, 10, 31, 21, 8, 11, 4, 32, 31, 10, 35, 16, 13, 35, 4, 40, 29, 28, 13, 35, 27, 5, 36, 4, 38, 27, 6, 43, 32, 7, 32, 27, 12, 8, 9, 7, 30, 36]"
L2_arctic_WAV/YDCK_arctic_a0059,"[26, 8, 42, 8, 31, 43, 29, 28, 39, 30, 8, 38, 4, 34, 8, 35, 4, 32, 36, 41, 14, 42, 25, 10, 32]","[26, 8, 42, 8, 31, 43, 38, 8, 29, 28, 39, 30, 8, 38, 4, 34, 8, 35, 8, 4, 32, 36, 41, 14, 42, 25, 10, 32]"
L2_arctic_WAV/YDCK_arctic_a0060,"[7, 32, 27, 41, 21, 8, 32, 33, 13, 41, 14, 32, 36, 10, 26, 3, 30, 16, 8, 29, 6, 43, 38]","[7, 32, 27, 41, 21, 8, 32, 33, 13, 41, 14, 32, 36, 33, 13, 26, 3, 30, 16, 8, 29, 6, 43, 38]"
L2_arctic_WAV/YDCK_arctic_a0062,"[6, 4, 31, 7, 32, 36, 38, 7, 35, 19, 8, 32, 38, 39, 27, 37, 14, 6, 3, 42, 24, 21, 8, 36]","[19, 4, 31, 7, 32, 36, 38, 7, 35, 19, 8, 32, 38, 39, 27, 37, 14, 6, 3, 42, 24, 21, 8, 36]"
L2_arctic_WAV/YDCK_arctic_a0063,"[28, 7, 36, 8, 38, 41, 14, 42, 4, 31, 43, 32, 26, 39, 43, 36, 38, 4, 36, 38, 35, 21, 8, 32, 20, 3]","[28, 7, 36, 8, 35, 41, 14, 42, 4, 31, 43, 32, 26, 39, 43, 36, 38, 4, 36, 38, 35, 21, 8, 32, 20, 3]"
L2_arctic_WAV/YDCK_arctic_a0064,"[6, 14, 24, 10, 35, 12, 43, 32, 19, 24, 8, 24, 12, 19, 21, 8, 42, 34, 43, 36, 38, 41, 8, 6, 16, 13, 38, 7, 32, 27, 19, 8, 40, 7, 30, 4, 34, 31, 4, 32, 38, 36]","[19, 14, 24, 10, 35, 36, 43, 32, 19, 24, 8, 24, 12, 19, 21, 8, 36, 34, 43, 36, 38, 4, 41, 8, 19, 16, 13, 38, 7, 32, 27, 19, 8, 18, 7, 30, 4, 34, 31, 4, 32, 38, 36]"
L2_arctic_WAV/YDCK_arctic_a0065,"[6, 21, 8, 29, 30, 33, 13, 42, 19, 32, 16, 13, 4, 32, 38, 8, 30, 26, 8, 42, 24, 8, 9, 25, 3, 42, 41, 3, 30, 16, 8, 29, 29, 10, 35, 19, 42, 14, 40, 36, 38, 27, 30]","[19, 21, 8, 29, 30, 33, 13, 42, 32, 16, 13, 4, 32, 38, 8, 30, 8, 42, 24, 8, 9, 25, 3, 42, 41, 3, 30, 16, 8, 29, 10, 35, 19, 42, 14, 40, 36, 38, 8, 30]"
L2_arctic_WAV/YDCK_arctic_a0067,"[11, 13, 35, 30, 27, 16, 8, 41, 4, 30, 8, 29, 36, 29, 28, 39, 42, 28, 39, 11, 27, 29, 35, 16, 8, 19]","[11, 13, 30, 27, 5, 41, 4, 30, 8, 29, 36, 29, 28, 39, 42, 28, 39, 11, 27, 29, 35, 16, 8, 19]"
L2_arctic_WAV/YDCK_arctic_a0071,"[41, 14, 38, 41, 14, 42, 6, 27, 5, 18, 20, 7, 29, 38, 14, 40, 28, 13, 35, 30, 8, 38, 4, 30, 36, 7, 32, 36, 21, 8, 11, 4, 32]","[41, 14, 35, 41, 14, 42, 6, 27, 5, 18, 20, 7, 29, 14, 40, 28, 10, 30, 8, 35, 4, 30, 36, 7, 32, 36, 21, 8, 11, 4, 32]"
L2_arctic_WAV/YDCK_arctic_a0073,"[6, 14, 34, 35, 4, 31, 33, 13, 38, 3, 42, 16, 8, 42, 41, 3, 26, 7, 40, 27, 41, 8, 6, 30, 8, 38, 4, 30, 34, 14, 24, 27, 18, 43, 25, 42, 14, 32, 19, 3, 6, 7, 31]","[6, 14, 34, 35, 4, 31, 33, 13, 35, 3, 42, 16, 8, 42, 41, 3, 26, 7, 40, 27, 41, 8, 6, 30, 8, 35, 4, 30, 34, 14, 24, 27, 18, 43, 25, 42, 14, 32, 19, 3, 6, 7, 31]"
L2_arctic_WAV/YDCK_arctic_a0075,"[6, 7, 35, 26, 43, 42, 18, 8, 32, 4, 37, 21, 8, 32, 20, 11, 27, 8, 32, 3, 14, 34, 38, 8, 19, 26, 8, 31]","[19, 7, 35, 26, 43, 42, 18, 8, 32, 4, 37, 21, 8, 32, 20, 11, 27, 8, 32, 3, 14, 34, 38, 8, 19, 26, 8, 31]"
L2_arctic_WAV/YDCK_arctic_a0076,"[6, 4, 25, 35, 21, 8, 16, 8, 42, 24, 5, 30, 38, 3, 19, 6, 14, 24, 30, 14, 11, 19, 27, 34, 4, 32, 19]","[19, 4, 25, 35, 21, 8, 16, 8, 42, 24, 10, 30, 38, 3, 19, 6, 14, 24, 30, 14, 11, 19, 27, 34, 4, 32, 19]"
L2_arctic_WAV/YDCK_arctic_a0077,"[8, 38, 8, 42, 6, 14, 24, 16, 8, 3, 34, 5, 35, 38, 30, 27, 11, 27, 36, 7, 19]","[8, 38, 8, 42, 6, 14, 24, 16, 8, 3, 34, 5, 38, 30, 27, 11, 27, 36, 43, 19]"
L2_arctic_WAV/YDCK_arctic_a0078,"[6, 7, 32, 43, 32, 19, 43, 38, 36, 14, 34, 3, 26, 27, 38, 35, 16, 8, 19, 38, 39, 24, 43, 6, 4, 31, 26, 3]","[19, 43, 32, 43, 32, 19, 43, 38, 36, 5, 34, 3, 26, 27, 38, 35, 16, 8, 19, 38, 39, 24, 21, 8, 12, 4, 31, 26, 3]"
L2_arctic_WAV/YDCK_arctic_a0079,"[8, 38, 41, 14, 42, 4, 30, 5, 35, 20, 29, 4, 32, 39]","[8, 38, 41, 14, 42, 4, 30, 5, 35, 11, 29, 4, 32, 39]"
L2_arctic_WAV/YDCK_arctic_a0081,"[26, 41, 14, 38, 8, 24, 11, 27, 19, 8, 19, 32, 5, 38, 29, 14, 31, 38, 39, 6, 4, 35, 5, 29]","[26, 41, 14, 38, 27, 24, 11, 27, 19, 8, 19, 32, 5, 38, 29, 14, 31, 38, 39, 19, 4, 35, 5, 29]"
L2_arctic_WAV/YDCK_arctic_a0082,"[26, 8, 42, 24, 21, 8, 36, 41, 14, 42, 36, 38, 35, 27, 31, 8, 9, 41, 8, 6, 18, 30, 14, 19]","[26, 27, 36, 24, 21, 8, 36, 41, 14, 42, 36, 38, 35, 27, 31, 27, 9, 41, 8, 19, 18, 30, 14, 38]"
L2_arctic_WAV/YDCK_arctic_a0085,"[4, 38, 35, 8, 29, 4, 30, 14, 40, 24, 35, 7, 11, 18, 30, 14, 19, 35, 43, 32, 33, 13, 40, 3, 26, 8, 42, 24, 21, 8, 36]","[4, 38, 35, 8, 29, 4, 30, 10, 40, 24, 35, 43, 11, 18, 30, 14, 38, 35, 43, 32, 33, 13, 40, 3, 26, 8, 36, 24, 21, 8, 36]"
L2_arctic_WAV/YDCK_arctic_a0086,"[19, 7, 12, 26, 43, 19, 29, 14, 31, 41, 8, 6, 38, 7, 35, 4, 18, 4, 30, 36, 14, 19, 4, 32, 32, 4, 36]","[19, 43, 12, 26, 43, 19, 29, 14, 31, 41, 8, 19, 38, 7, 35, 4, 18, 4, 30, 36, 14, 19, 4, 32, 30, 4, 36]"
L2_arctic_WAV/YDCK_arctic_a0088,"[26, 27, 31, 21, 8, 19, 11, 13, 35, 6, 4, 38, 6, 4, 31, 43, 25, 4, 42, 27, 32, 41, 14, 42, 30, 33, 13, 19, 8, 19, 43, 32, 19, 35, 27, 42, 39, 31, 19, 26, 8, 42, 34, 43, 19, 4, 30, 8, 9]","[26, 27, 31, 21, 8, 38, 11, 13, 35, 19, 4, 38, 19, 4, 31, 43, 25, 4, 42, 27, 32, 41, 14, 36, 30, 5, 19, 8, 19, 43, 32, 19, 35, 27, 36, 39, 31, 19, 26, 27, 36, 34, 43, 19, 4, 30, 8, 9]"
L2_arctic_WAV/YDCK_arctic_a0089,"[6, 4, 32, 16, 8, 38, 25, 30, 33, 13, 41, 5, 42, 38, 35, 7, 37, 3, 4, 36, 38, 39, 11, 39, 38, 18, 16, 8]","[19, 4, 32, 16, 8, 38, 25, 30, 33, 13, 41, 5, 36, 38, 35, 43, 37, 3, 4, 36, 38, 39, 11, 13, 38, 18, 16, 8]"
L2_arctic_WAV/YDCK_arctic_a0090,"[6, 4, 36, 8, 9, 8, 9, 40, 10, 8, 36, 4, 34, 35, 33, 13, 37, 38, 35, 43, 34, 4, 19, 30, 27]","[19, 4, 36, 8, 9, 8, 9, 40, 10, 8, 36, 4, 34, 35, 33, 13, 37, 8, 38, 35, 43, 34, 4, 38, 4, 30, 27]"
L2_arctic_WAV/YDCK_arctic_a0091,"[26, 8, 42, 18, 30, 14, 19, 25, 35, 39, 26, 5, 38, 41, 8, 6, 35, 21, 8, 20, 43, 38, 6, 4, 12, 10, 38]","[26, 27, 36, 18, 30, 14, 19, 25, 35, 39, 26, 5, 38, 41, 8, 19, 35, 21, 8, 23, 43, 38, 19, 4, 12, 33, 13, 38]"
L2_arctic_WAV/YDCK_arctic_a0092,"[26, 27, 41, 7, 32, 38, 19, 16, 13, 32, 8, 32, 31, 8, 19, 36, 38, 35, 27, 31, 36, 3, 37, 8, 9, 6, 4, 11, 43, 19, 33, 13, 42, 14, 40, 18, 33, 13, 12, 11, 10, 35, 42]","[26, 27, 41, 7, 32, 38, 19, 16, 13, 32, 8, 32, 31, 8, 19, 36, 38, 35, 27, 31, 36, 3, 37, 8, 9, 19, 4, 11, 43, 19, 33, 13, 36, 14, 40, 18, 33, 13, 36, 11, 10, 35, 36]"
L2_arctic_WAV/YDCK_arctic_a0093,"[24, 10, 35, 4, 24, 13, 30, 31, 8, 32, 4, 38, 26, 27, 29, 35, 16, 13, 37, 38, 43, 32, 19, 30, 8, 36, 4, 32, 19]","[24, 10, 35, 4, 24, 13, 30, 31, 8, 32, 4, 38, 26, 27, 29, 35, 16, 13, 37, 8, 38, 43, 32, 19, 30, 8, 36, 4, 32, 38]"
L2_arctic_WAV/YDCK_arctic_a0094,"[26, 27, 26, 43, 19, 18, 7, 35, 30, 27, 7, 32, 38, 3, 19, 6, 8, 36, 26, 41, 7, 32, 26, 27, 36, 10, 6, 14, 25, 30, 33, 13, 4, 40, 4, 24, 16, 8, 3]","[26, 27, 26, 43, 19, 18, 7, 35, 30, 27, 43, 32, 38, 3, 19, 19, 8, 36, 26, 41, 7, 32, 26, 27, 36, 10, 19, 14, 25, 30, 33, 13, 10, 40, 4, 24, 16, 8, 4]"
L2_arctic_WAV/YDCK_arctic_a0095,"[4, 18, 8, 25, 29, 43, 32, 40, 4, 36, 38, 7, 32, 38, 41, 14, 42, 6, 4, 24, 3, 36, 38, 12, 8, 9, 38, 8, 29, 14, 31, 41, 8, 6, 8, 32, 26, 8, 42, 40, 8, 15, 4, 32]","[4, 18, 8, 25, 29, 43, 32, 18, 4, 36, 38, 43, 32, 38, 41, 14, 42, 19, 4, 24, 3, 36, 36, 12, 8, 9, 38, 8, 29, 14, 31, 41, 8, 19, 8, 32, 26, 8, 36, 24, 27, 11, 4, 32]"
L2_arctic_WAV/YDCK_arctic_a0096,"[34, 3, 26, 43, 34, 36, 11, 27, 26, 43, 19, 10, 30, 35, 7, 19, 27, 31, 7, 38, 26, 3, 24, 21, 8, 38, 4, 30, 8, 38, 4, 30, 19, 27, 34, 3, 8, 32, 6, 4, 24, 10, 35, 4, 36, 38]","[34, 3, 26, 43, 34, 36, 11, 27, 26, 43, 19, 10, 30, 35, 7, 19, 27, 31, 7, 38, 26, 3, 24, 21, 8, 38, 4, 30, 8, 38, 4, 30, 19, 27, 34, 3, 8, 32, 19, 4, 24, 10, 35, 4, 36, 38]"
L2_arctic_WAV/YDCK_arctic_a0097,"[6, 7, 32, 28, 39, 29, 4, 32, 3, 21, 8, 32, 20, 28, 3, 36, 7, 30, 24, 29, 14, 31, 24, 3, 38, 4, 18, 30, 27, 4, 31, 14, 9, 6, 27, 42, 35, 33, 13, 18, 42, 8, 32, 6, 4, 18, 33, 13]","[19, 7, 32, 28, 39, 29, 4, 32, 3, 21, 8, 32, 20, 28, 3, 36, 5, 30, 24, 29, 14, 31, 24, 3, 4, 18, 4, 30, 27, 4, 31, 10, 9, 19, 27, 36, 35, 33, 13, 18, 36, 8, 32, 19, 4, 18, 33, 13]"
L2_arctic_WAV/YDCK_arctic_a0098,"[11, 43, 30, 16, 8, 29, 7, 35, 27, 28, 39]","[11, 43, 35, 16, 8, 29, 7, 35, 27, 28, 39]"
L2_arctic_WAV/YDCK_arctic_a0099,"[4, 31, 43, 19, 4, 32, 8, 9, 20, 10, 8, 34, 16, 13, 32, 19, 8, 19, 8, 32, 26, 8, 42, 18, 35, 21, 8, 32]","[4, 31, 43, 19, 4, 32, 8, 9, 20, 10, 8, 34, 16, 13, 32, 19, 8, 38, 8, 32, 26, 8, 36, 18, 35, 21, 8, 32]"
L2_arctic_WAV/YDCK_arctic_a0100,"[28, 39, 31, 14, 36, 38, 36, 30, 27, 34, 26, 27, 3, 20, 19]","[28, 39, 31, 14, 36, 38, 36, 30, 8, 34, 26, 27, 3, 20, 8, 38]"
L2_arctic_WAV/YDCK_arctic_a0101,"[28, 39, 28, 39, 41, 13, 19, 32, 5, 38, 29, 27, 34, 6, 4, 38, 35, 39, 12, 24, 35, 14, 31, 31, 27]","[28, 39, 28, 39, 13, 19, 32, 5, 38, 29, 27, 34, 19, 4, 38, 35, 39, 36, 24, 35, 14, 31, 31, 27]"
L2_arctic_WAV/YDCK_arctic_a0102,"[26, 27, 41, 4, 30, 24, 5, 30, 33, 13, 14, 36, 36, 39, 32]","[26, 27, 41, 4, 30, 24, 5, 30, 33, 13, 14, 36, 36, 39, 32]"
L2_arctic_WAV/YDCK_arctic_a0103,"[18, 14, 38, 6, 7, 35, 29, 21, 8, 31, 32, 33, 13, 34, 35, 5, 31, 4, 36, 24, 35, 14, 31, 6, 4, 18, 33, 13, 14, 40, 6, 4, 29, 4, 32, 39]","[18, 14, 38, 19, 7, 35, 29, 21, 8, 31, 32, 33, 13, 34, 35, 5, 31, 27, 36, 24, 35, 14, 31, 19, 4, 18, 33, 13, 14, 40, 19, 4, 29, 4, 32, 39]"
L2_arctic_WAV/YDCK_arctic_a0104,"[11, 27, 41, 14, 42, 36, 30, 27, 34, 8, 9, 14, 32, 19, 3, 26, 8, 42, 34, 35, 4, 38, 7, 29, 11, 4, 32, 43, 42, 36, 41, 27, 38, 30, 27, 43, 42, 4, 37, 16, 8, 30, 19]","[11, 27, 41, 14, 42, 36, 30, 27, 34, 27, 9, 14, 32, 19, 3, 26, 8, 36, 34, 35, 4, 38, 43, 29, 11, 4, 32, 43, 36, 36, 41, 27, 38, 30, 27, 43, 36, 4, 37, 16, 8, 30, 19]"
L2_arctic_WAV/YDCK_arctic_a0105,"[33, 13, 32, 30, 27, 8, 38, 8, 42, 36, 33, 13, 41, 14, 32, 19, 3, 24, 4, 30, 36, 33, 13, 10, 30, 31, 33, 13, 36, 38, 8, 31, 34, 5, 36, 4, 18, 4, 30, 38, 39, 18, 8, 30, 27, 40]","[33, 13, 32, 27, 8, 38, 8, 42, 36, 33, 13, 41, 14, 32, 19, 4, 24, 4, 30, 36, 33, 13, 10, 30, 31, 33, 13, 36, 38, 8, 31, 34, 5, 36, 4, 18, 4, 30, 38, 39, 18, 27, 30, 27, 24]"
L2_arctic_WAV/YDCK_arctic_a0106,"[6, 27, 8, 31, 33, 13, 11, 4, 32, 41, 8, 37, 11, 27, 26, 43, 19, 36, 4, 34, 35, 7, 36, 38, 18, 3, 36, 38, 24, 10, 35, 12, 32, 16, 13, 8, 32, 4, 37, 33, 13, 29, 8, 9, 36, 5, 18]","[19, 27, 8, 31, 33, 13, 11, 4, 32, 41, 8, 37, 11, 27, 26, 43, 19, 36, 4, 34, 35, 43, 36, 38, 18, 3, 36, 38, 4, 24, 10, 35, 12, 32, 16, 13, 8, 32, 4, 37, 33, 13, 29, 8, 9, 36, 33, 13, 18]"
L2_arctic_WAV/YDCK_arctic_a0107,"[8, 24, 28, 39, 33, 13, 32, 30, 27, 29, 13, 19, 32, 33, 13, 26, 16, 13, 16, 8, 12, 43, 9, 29, 28, 39]","[8, 24, 28, 39, 33, 13, 32, 30, 27, 29, 13, 19, 32, 33, 13, 26, 16, 13, 16, 8, 12, 43, 9, 29, 28, 39]"
L2_arctic_WAV/YDCK_arctic_a0108,"[26, 27, 41, 21, 8, 19, 8, 19, 8, 32, 38, 39, 6, 27, 7, 20, 4, 40, 6, 14, 41, 10, 38, 3, 43, 32, 19, 18, 8, 25, 43, 32, 36, 29, 35, 14, 18, 8, 9, 26, 8, 31, 36, 7, 30, 24]","[26, 27, 41, 7, 19, 8, 19, 8, 32, 38, 39, 19, 27, 43, 37, 4, 34, 19, 14, 41, 10, 38, 3, 43, 32, 19, 18, 8, 25, 43, 32, 36, 29, 35, 10, 18, 27, 9, 26, 8, 31, 36, 5, 30, 24]"
L2_arctic_WAV/YDCK_arctic_a0109,"[19, 39, 28, 39, 32, 33, 13, 6, 43, 38, 28, 39, 5, 35, 11, 21, 8, 29, 8, 9, 31, 16, 8, 29, 5, 32, 24, 4, 19, 4, 32, 36, 8, 32, 28, 39]","[19, 39, 28, 39, 32, 33, 13, 19, 43, 38, 28, 39, 5, 35, 11, 21, 8, 29, 8, 9, 31, 16, 8, 29, 5, 32, 24, 4, 19, 4, 32, 36, 8, 32, 28, 39]"
L2_arctic_WAV/YDCK_arctic_a0111,"[8, 32, 36, 38, 7, 19, 26, 27, 20, 10, 8, 32, 19, 26, 3, 43, 32, 19, 6, 21, 8, 21, 8, 38, 30, 16, 8, 29, 38, 39, 26, 14, 9, 25, 35, 27, 37, 8, 30, 19, 35, 4, 32]","[8, 32, 36, 38, 43, 19, 26, 27, 20, 10, 8, 32, 19, 26, 3, 43, 32, 19, 19, 21, 8, 21, 8, 38, 30, 16, 8, 29, 38, 39, 26, 14, 9, 25, 35, 27, 37, 39, 19, 31, 4, 32]"
L2_arctic_WAV/YDCK_arctic_a0112,"[26, 27, 41, 14, 42, 41, 39, 32, 19, 8, 19, 8, 32, 6, 27, 5, 35, 31]","[26, 27, 41, 14, 36, 39, 32, 19, 8, 19, 8, 32, 19, 27, 5, 31]"
L2_arctic_WAV/YDCK_arctic_a0113,"[16, 8, 36, 4, 34, 33, 13, 42, 28, 39, 34, 8, 29, 38, 6, 43, 38, 30, 8, 9, 25, 33, 13, 14, 34, 4, 31, 14, 9, 6, 27, 8, 32, 19, 27, 4, 32, 42]","[16, 8, 36, 4, 34, 33, 13, 36, 28, 39, 34, 8, 29, 38, 19, 43, 38, 30, 8, 9, 25, 33, 13, 14, 34, 4, 31, 10, 9, 19, 27, 8, 32, 19, 27, 4, 32, 36]"
L2_arctic_WAV/YDCK_arctic_a0115,"[26, 27, 26, 43, 19, 32, 33, 13, 8, 29, 36, 29, 28, 39, 42, 24, 10, 35, 6, 4, 24, 27, 30, 8, 9, 42, 41, 8, 37, 41, 3, 3, 16, 13, 42, 19, 8, 32, 26, 8, 31]","[26, 27, 26, 43, 19, 32, 33, 13, 8, 29, 36, 29, 28, 39, 36, 24, 10, 35, 19, 4, 24, 8, 30, 8, 9, 42, 41, 8, 37, 41, 3, 3, 16, 13, 42, 8, 36, 38, 8, 32, 26, 27, 31]"
L2_arctic_WAV/YDCK_arctic_a0116,"[41, 14, 42, 8, 38, 6, 14, 35, 5, 32, 19, 8, 40, 39, 14, 40, 6, 33, 13, 42, 26, 39, 41, 3, 36, 38, 35, 16, 8, 40, 8, 9, 38, 39, 41, 3, 29, 26, 8, 42, 35, 39, 8, 32]","[41, 14, 42, 8, 38, 19, 14, 35, 5, 32, 19, 8, 40, 39, 14, 40, 19, 33, 13, 42, 26, 39, 41, 3, 36, 38, 35, 16, 8, 40, 27, 9, 38, 39, 41, 3, 29, 26, 27, 36, 35, 39, 27, 32]"
L2_arctic_WAV/YDCK_arctic_a0117,"[11, 27, 43, 19, 8, 19, 41, 8, 6, 20, 7, 32, 28, 39, 41, 8, 32, 36, 8, 31, 34, 4, 12, 27, 8, 32, 26, 3, 24, 21, 8, 36, 4, 32, 19, 40, 10, 8, 36]","[11, 27, 43, 19, 8, 19, 41, 8, 19, 20, 7, 32, 28, 39, 41, 27, 32, 12, 8, 31, 34, 4, 12, 27, 8, 32, 26, 4, 24, 21, 8, 36, 4, 32, 19, 40, 10, 8, 36]"
L2_arctic_WAV/YDCK_arctic_a0120,"[31, 16, 8, 35, 16, 8, 38, 24, 13, 38, 24, 27, 30, 42, 30, 16, 8, 29, 6, 43, 38, 14, 40, 4, 37, 16, 8, 32, 27, 42, 19, 7, 18, 28, 4, 38, 5, 32, 38]","[31, 16, 8, 35, 16, 8, 38, 24, 39, 38, 24, 27, 30, 42, 30, 16, 8, 29, 19, 43, 38, 14, 40, 4, 37, 16, 8, 32, 27, 36, 19, 7, 18, 28, 4, 38, 5, 32, 38]"
L2_arctic_WAV/YDCK_arctic_a0121,"[6, 21, 8, 21, 8, 38, 19, 8, 32, 3, 43, 38, 6, 4, 24, 8, 24, 12, 43, 32, 19, 35, 7, 36, 38, 8, 19, 24, 10, 35, 38, 39, 16, 13, 35, 42]","[19, 21, 8, 21, 8, 38, 19, 27, 32, 3, 43, 38, 6, 4, 24, 27, 24, 12, 43, 32, 19, 35, 7, 36, 38, 8, 19, 24, 23, 35, 38, 39, 16, 13, 35, 36]"
L2_arctic_WAV/YDCK_arctic_a0122,"[38, 39, 28, 8, 35, 42, 4, 25, 33, 13, 16, 8, 25, 21, 8, 40, 14, 34, 36, 8, 40, 4, 30, 8, 42, 21, 8, 11, 4, 32, 24, 35, 3, 6, 8, 36]","[38, 39, 28, 8, 35, 42, 4, 25, 33, 13, 16, 8, 25, 21, 8, 18, 14, 34, 36, 8, 40, 4, 30, 8, 20, 21, 8, 11, 4, 32, 24, 35, 3, 19, 8, 36]"
L2_arctic_WAV/YDCK_arctic_a0123,"[11, 27, 26, 43, 19, 19, 16, 8, 19, 24, 3, 31, 29, 33, 13, 30, 19, 4, 32, 19, 36, 38, 5, 35, 40, 21, 8, 11, 4, 32]","[11, 27, 26, 43, 19, 19, 16, 8, 19, 24, 3, 31, 29, 33, 13, 30, 19, 4, 32, 19, 36, 38, 5, 35, 40, 21, 8, 11, 4, 32]"
L2_arctic_WAV/YDCK_arctic_a0125,"[26, 27, 41, 14, 42, 19, 8, 38, 3, 31, 4, 32, 19, 32, 16, 13, 38, 39, 31, 21, 8, 32, 38, 21, 8, 32, 4, 31, 10, 35, 36, 3, 38, 4, 32, 26, 33, 13, 30, 19, 4, 34, 5, 32, 26, 8, 31, 36, 7, 30, 24]","[26, 27, 41, 14, 42, 19, 8, 38, 3, 31, 4, 32, 19, 32, 16, 13, 38, 39, 31, 21, 8, 32, 38, 21, 8, 32, 4, 31, 10, 35, 36, 3, 38, 4, 32, 26, 33, 13, 30, 19, 4, 34, 5, 32, 26, 8, 31, 36, 5, 30, 24]"
L2_arctic_WAV/YDCK_arctic_a0126,"[27, 37, 19, 21, 8, 11, 27, 18, 27, 29, 21, 8, 31, 4, 31, 10, 35, 40, 16, 8, 38, 4, 30, 34, 5, 35, 38, 14, 40, 26, 8, 31]","[8, 37, 19, 21, 8, 11, 27, 18, 27, 29, 21, 8, 31, 4, 31, 10, 35, 40, 16, 8, 38, 4, 30, 34, 5, 35, 38, 14, 40, 26, 8, 31]"
L2_arctic_WAV/YDCK_arctic_a0127,"[8, 38, 41, 14, 42, 4, 38, 7, 31, 38, 21, 8, 11, 4, 32, 18, 14, 38, 26, 27, 35, 27, 42, 8, 36, 38, 8, 19, 8, 38]","[8, 38, 41, 14, 36, 4, 38, 7, 31, 38, 21, 8, 11, 4, 32, 18, 14, 38, 26, 27, 35, 27, 20, 8, 36, 38, 8, 19, 8, 38]"
L2_arctic_WAV/YDCK_arctic_a0128,"[6, 8, 36, 41, 14, 32, 26, 33, 13, 34, 41, 14, 42, 19, 8, 36, 38, 35, 10, 8, 19, 43, 42, 29, 41, 8, 29, 30, 27, 43, 42, 8, 38, 41, 14, 42, 18, 10, 35, 32]","[19, 27, 36, 41, 14, 32, 26, 33, 13, 34, 41, 14, 36, 19, 8, 36, 38, 35, 10, 8, 19, 43, 36, 29, 41, 27, 29, 30, 27, 43, 42, 8, 38, 41, 14, 36, 18, 10, 35, 32]"
L2_arctic_WAV/YDCK_arctic_a0129,"[26, 3, 24, 21, 8, 36, 41, 14, 42, 4, 25, 7, 32, 36, 38, 26, 8, 42, 18, 35, 7, 36, 38]","[26, 3, 24, 21, 8, 36, 41, 14, 42, 4, 25, 7, 32, 36, 27, 26, 8, 36, 18, 35, 43, 36, 38]"
L2_arctic_WAV/YDCK_arctic_a0130,"[11, 27, 41, 14, 42, 26, 8, 42, 32, 16, 13, 24, 3, 7, 40, 3]","[11, 27, 41, 14, 42, 26, 8, 36, 32, 16, 13, 24, 3, 7, 40, 3]"
L2_arctic_WAV/YDCK_arctic_a0131,"[34, 35, 5, 40, 4, 19, 4, 32, 36, 26, 43, 19, 19, 8, 30, 8, 40, 3, 19, 26, 8, 31, 12, 35, 39, 6, 14, 31, 21, 8, 30, 36, 38, 35, 4, 31]","[34, 35, 5, 18, 4, 19, 4, 32, 36, 26, 43, 19, 19, 8, 30, 8, 40, 3, 26, 27, 31, 12, 35, 39, 19, 14, 31, 21, 8, 30, 36, 38, 10, 35, 31]"
L2_arctic_WAV/YDCK_arctic_a0134,"[26, 27, 33, 13, 18, 21, 8, 19, 6, 4, 34, 35, 7, 11, 3, 14, 40, 26, 3, 26, 43, 32, 19]","[26, 27, 33, 13, 18, 21, 8, 19, 6, 4, 34, 35, 7, 11, 3, 14, 40, 26, 3, 26, 43, 32, 38]"
L2_arctic_WAV/YDCK_arctic_a0136,"[4, 18, 16, 13, 38, 26, 8, 31, 7, 40, 35, 27, 41, 7, 35, 41, 3, 6, 27, 7, 40, 4, 19, 4, 32, 36, 4, 42, 14, 40, 30, 14, 25, 15, 4, 35, 27, 43, 32, 19, 14, 40, 21, 8, 20]","[4, 18, 16, 13, 38, 26, 8, 31, 7, 40, 35, 27, 41, 7, 35, 41, 3, 19, 27, 43, 40, 4, 19, 4, 32, 36, 4, 36, 14, 40, 30, 14, 25, 20, 39, 4, 35, 27, 43, 32, 19, 14, 40, 21, 8, 37]"
L2_arctic_WAV/YDCK_arctic_a0137,"[6, 7, 32, 26, 27, 36, 38, 7, 34, 38, 18, 43, 29, 41, 8, 6, 4, 30, 33, 13, 29, 35, 16, 8, 14, 40, 34, 30, 7, 15, 3]","[19, 7, 32, 26, 27, 36, 38, 43, 34, 38, 18, 43, 29, 41, 8, 19, 4, 30, 33, 13, 29, 35, 16, 8, 14, 40, 34, 30, 43, 15, 3]"
L2_arctic_WAV/YDCK_arctic_a0139,"[26, 27, 38, 33, 13, 30, 19, 26, 8, 31, 36, 7, 30, 24, 6, 43, 38, 43, 42, 26, 27, 41, 5, 11, 38, 26, 8, 31, 36, 7, 30, 24, 43, 32, 19, 25, 35, 39, 31, 19, 26, 8, 42, 19, 8, 11, 7, 40, 4, 30, 19, 29, 30, 33, 13, 6, 42]","[26, 27, 38, 33, 13, 30, 19, 26, 8, 31, 36, 7, 24, 19, 43, 38, 43, 36, 26, 27, 41, 5, 11, 38, 26, 8, 31, 36, 5, 30, 24, 43, 32, 19, 25, 30, 39, 31, 19, 26, 27, 36, 19, 8, 11, 7, 18, 4, 30, 19, 29, 30, 33, 13, 38, 36]"
L2_arctic_WAV/YDCK_arctic_a0143,"[5, 16, 8, 26, 43, 19, 24, 10, 35, 25, 5, 38, 4, 32, 26, 27, 8, 29, 36, 29, 30, 21, 8, 31, 19]","[5, 16, 8, 26, 43, 19, 24, 10, 25, 5, 38, 4, 32, 26, 27, 8, 29, 36, 29, 30, 21, 8, 31, 38]"
L2_arctic_WAV/YDCK_arctic_a0144,"[18, 14, 38, 6, 7, 35, 41, 4, 42, 36, 14, 31, 12, 8, 9, 27, 40, 8, 32, 31, 10, 35, 36, 38, 5, 35, 38, 30, 8, 9, 6, 4, 32, 6, 8, 36, 35, 27, 42, 7, 31, 18, 30, 4, 32, 36]","[18, 14, 38, 19, 7, 35, 41, 4, 36, 36, 14, 31, 12, 8, 9, 27, 18, 8, 32, 31, 10, 35, 36, 38, 5, 30, 8, 9, 19, 4, 32, 26, 8, 36, 35, 27, 42, 7, 31, 18, 30, 30, 4, 32, 36]"
L2_arctic_WAV/YDCK_arctic_a0145,"[16, 8, 26, 43, 40, 38, 8, 18, 27, 29, 7, 35, 24, 4, 30, 14, 40, 6, 7, 31, 43, 42, 6, 21, 8, 38, 7, 35, 40, 7, 35, 27, 27, 42, 4, 30, 27]","[16, 8, 26, 43, 18, 38, 8, 18, 27, 29, 7, 24, 4, 30, 14, 40, 19, 43, 31, 43, 36, 19, 21, 8, 38, 8, 35, 40, 7, 35, 27, 27, 36, 4, 30, 27]"
L2_arctic_WAV/YDCK_arctic_a0148,"[32, 16, 13, 6, 27, 42, 12, 8, 9, 42, 26, 43, 19, 18, 8, 32, 36, 38, 35, 14, 29, 19, 7, 19, 41, 8, 6, 8, 32, 26, 8, 31]","[32, 16, 13, 19, 27, 42, 12, 8, 9, 36, 26, 43, 19, 18, 8, 32, 36, 38, 14, 29, 19, 43, 19, 41, 8, 19, 8, 32, 26, 27, 31]"
L2_arctic_WAV/YDCK_arctic_a0168,"[4, 30, 33, 13, 18, 13, 11, 26, 41, 8, 34, 38, 26, 8, 31, 8, 32, 6, 4, 24, 21, 8, 36, 43, 32, 19, 30, 7, 24, 38, 32, 33, 13, 36, 38, 8, 9]","[4, 30, 33, 13, 18, 39, 11, 26, 41, 8, 34, 38, 26, 8, 31, 8, 32, 19, 4, 24, 21, 8, 36, 43, 32, 19, 30, 7, 24, 38, 32, 33, 13, 36, 38, 27, 9]"
L2_arctic_WAV/YDCK_arctic_a0178,"[7, 40, 35, 27, 18, 33, 13, 32, 8, 32, 26, 3, 21, 8, 20, 19, 18, 5, 19, 27, 36, 27, 31, 19, 18, 35, 33, 13, 29, 4, 32, 10, 35, 19, 8, 36, 30, 33, 13, 29, 21, 8, 38, 8, 19]","[7, 40, 35, 27, 18, 33, 13, 32, 8, 32, 26, 3, 21, 8, 20, 19, 18, 5, 19, 27, 36, 8, 31, 19, 18, 35, 33, 13, 29, 4, 32, 10, 35, 19, 8, 36, 30, 33, 13, 29, 21, 8, 38, 8, 19]"
L2_arctic_WAV/EBVS_arctic_a0003,"[24, 10, 35, 6, 4, 38, 41, 7, 32, 38, 27, 8, 12, 38, 16, 8, 31, 6, 43, 38, 27, 40, 32, 8, 9, 6, 4, 38, 39, 31, 7, 32, 11, 13, 29, 26, 43, 32, 42]","[24, 10, 35, 6, 4, 38, 41, 7, 32, 38, 27, 38, 16, 8, 31, 6, 43, 38, 27, 40, 8, 32, 8, 9, 6, 4, 38, 39, 31, 7, 32, 11, 13, 26, 26, 43, 32, 23]"
L2_arctic_WAV/EBVS_arctic_a0005,"[41, 8, 30, 41, 27, 7, 40, 3, 24, 10, 35, 25, 7, 38, 8, 38]","[41, 8, 30, 41, 27, 7, 40, 3, 24, 10, 35, 25, 7, 38, 8]"
L2_arctic_WAV/EBVS_arctic_a0006,"[25, 5, 19, 18, 30, 7, 36, 16, 8, 26, 33, 13, 34, 16, 8, 30, 25, 33, 13, 10, 32, 36, 27, 8, 9, 6, 7, 31, 24, 3, 7, 40, 3]","[25, 14, 19, 18, 30, 7, 36, 7, 31, 16, 8, 26, 10, 16, 8, 30, 25, 33, 13, 10, 32, 36, 27, 8, 9, 6, 7, 32, 24, 3, 7, 40, 3]"
L2_arctic_WAV/EBVS_arctic_a0007,"[43, 32, 19, 28, 39, 10, 30, 41, 27, 42, 41, 5, 32, 38, 38, 4, 36, 27, 8, 38, 8, 32, 6, 4, 36, 13, 34, 3, 30, 4, 38, 8, 40, 19, 8, 25, 35, 27]","[43, 32, 19, 20, 39, 10, 30, 41, 27, 36, 41, 5, 32, 38, 4, 36, 27, 8, 38, 8, 32, 6, 4, 36, 13, 34, 3, 30, 43, 38, 8, 24, 19, 28, 13, 25, 35, 27]"
L2_arctic_WAV/EBVS_arctic_a0008,"[25, 43, 19, 28, 13, 35, 30, 7, 38, 3, 29, 21, 8, 31, 20, 14, 36, 38, 8, 32, 38, 16, 8, 31]","[25, 5, 19, 28, 13, 35, 30, 7, 6, 3, 29, 14, 31, 28, 14, 36, 8, 32, 38, 16, 8, 31]"
L2_arctic_WAV/EBVS_arctic_a0010,"[16, 8, 31, 34, 30, 21, 8, 8, 9, 4, 36, 8, 9, 25, 4, 30, 26, 43, 32, 19, 8, 32, 41, 14, 38, 30, 13, 29, 36, 30, 16, 8, 29, 4, 30, 39, 42, 8, 9, 25, 21, 8, 31]","[5, 31, 34, 30, 21, 8, 8, 9, 4, 36, 8, 9, 25, 4, 30, 26, 5, 32, 19, 8, 32, 41, 14, 38, 30, 13, 29, 36, 30, 16, 8, 29, 4, 30, 39, 36, 8, 9, 25, 21, 8, 31]"
L2_arctic_WAV/EBVS_arctic_a0011,"[8, 24, 16, 8, 7, 40, 3, 32, 27, 19, 8, 19, 4, 24, 16, 8, 38, 3, 8, 32, 31, 16, 8, 30, 16, 8, 24, 16, 8, 32, 27, 19, 41, 14, 32, 32, 16, 13]","[8, 24, 16, 8, 7, 40, 3, 32, 27, 19, 8, 19, 4, 24, 16, 8, 38, 3, 8, 31, 31, 16, 8, 30, 16, 8, 24, 16, 8, 32, 27, 19, 4, 19, 41, 14, 32, 32, 16, 13]"
L2_arctic_WAV/EBVS_arctic_a0013,"[26, 27, 41, 14, 42, 4, 26, 7, 19, 11, 10, 35, 38, 3, 6, 43, 32, 26, 8, 42, 29, 4, 31, 34, 43, 32, 28, 4, 32, 14, 40, 10, 30, 31, 33, 13, 36, 38, 19, 7, 30, 4, 29, 4, 38, 24, 4, 42, 27, 29]","[26, 27, 41, 14, 12, 4, 26, 8, 38, 11, 10, 35, 38, 3, 6, 43, 32, 26, 8, 36, 29, 10, 31, 34, 43, 32, 28, 10, 10, 24, 10, 30, 31, 10, 36, 19, 7, 30, 4, 29, 21, 8, 38, 24, 8, 36, 8, 29]"
L2_arctic_WAV/EBVS_arctic_a0018,"[6, 7, 35, 41, 14, 42, 4, 37, 21, 8, 32, 20, 32, 16, 13]","[6, 7, 35, 41, 14, 36, 4, 37, 7, 32, 32, 16, 13]"
L2_arctic_WAV/EBVS_arctic_a0019,"[16, 8, 24, 5, 30, 33, 13, 19, 6, 4, 30, 16, 8, 32, 14, 40, 6, 4, 34, 35, 4, 34, 33, 13, 42, 19, 35, 21, 8, 30, 35, 33, 13, 19, 30, 13, 29, 8, 9, 24, 10, 35, 37, 43, 32, 36, 4, 42]","[16, 8, 24, 10, 30, 33, 13, 19, 6, 4, 30, 16, 8, 32, 14, 24, 6, 4, 34, 35, 4, 34, 10, 36, 4, 19, 35, 21, 8, 35, 10, 19, 30, 13, 29, 8, 9, 24, 10, 35, 37, 43, 32, 36]"
L2_arctic_WAV/EBVS_arctic_a0020,"[29, 30, 14, 18, 42, 4, 32, 19, 18, 10, 30, 42, 4, 32, 19, 36, 8, 38, 27, 42, 25, 35, 39, 38, 39, 18, 27, 33, 13, 32, 30, 27, 31, 7, 31, 3, 27, 42]","[29, 30, 14, 34, 36, 4, 32, 18, 10, 30, 36, 4, 31, 19, 36, 8, 38, 27, 36, 25, 35, 39, 38, 39, 18, 27, 10, 32, 30, 27, 31, 7, 31, 3, 27, 36]"
L2_arctic_WAV/EBVS_arctic_a0021,"[8, 38, 24, 7, 35, 30, 27, 29, 30, 14, 18, 19, 31, 27, 8, 32, 38, 39, 35, 7, 29, 4, 25, 32, 16, 8, 42, 8, 9, 8, 38]","[8, 38, 24, 3, 35, 30, 27, 29, 30, 14, 18, 4, 19, 31, 27, 8, 32, 38, 39, 35, 7, 29, 4, 32, 16, 8, 36, 8, 38]"
L2_arctic_WAV/EBVS_arctic_a0022,"[26, 5, 35, 19, 30, 27, 41, 3, 16, 13, 35, 34, 30, 43, 32, 42, 31, 21, 8, 19, 34, 14, 18, 30, 8, 29, 18, 27, 24, 10, 35, 41, 27, 41, 3, 31, 7, 38, 18, 16, 8, 34, 16, 13, 3, 24, 4, 30, 5, 34, 4, 42, 8, 11, 4, 32]","[26, 5, 35, 30, 27, 41, 3, 16, 13, 35, 34, 30, 5, 32, 36, 31, 7, 19, 34, 14, 40, 30, 8, 29, 18, 27, 24, 10, 35, 41, 27, 41, 3, 31, 7, 38, 18, 16, 8, 34, 33, 13, 3, 24, 4, 30, 10, 34, 4, 36, 8, 11, 4, 32]"
L2_arctic_WAV/EBVS_arctic_a0023,"[4, 29, 5, 31, 18, 4, 32, 21, 8, 11, 4, 32, 14, 40, 29, 43, 34, 8, 38, 4, 30, 29, 41, 8, 29, 30, 27, 10, 35, 25, 4, 32, 16, 8, 42, 19, 4, 32, 19, 34, 4, 38, 8, 11, 4, 32, 19, 24, 10, 35, 6, 4, 36, 21, 8, 31, 34, 35, 8, 40, 8, 30, 4, 20, 4, 42]","[4, 29, 10, 31, 18, 4, 32, 21, 8, 11, 4, 32, 14, 24, 29, 5, 34, 8, 38, 4, 30, 29, 41, 8, 29, 30, 27, 10, 35, 25, 4, 32, 16, 8, 36, 8, 19, 4, 31, 34, 4, 38, 8, 11, 4, 32, 4, 24, 10, 35, 6, 4, 36, 21, 8, 31, 34, 35, 8, 40, 8, 30, 4, 37, 4, 36]"
L2_arctic_WAV/EBVS_arctic_a0024,"[8, 38, 41, 14, 42, 31, 16, 8, 35, 8, 34, 10, 35, 38, 36, 24, 35, 14, 31, 6, 4, 32, 10, 35, 12, 41, 8, 37, 37, 27, 24, 30, 27, 8, 32, 19, 39, 36, 38, 34, 27, 34, 4, 30, 38, 4, 18, 16, 8]","[8, 38, 41, 14, 36, 31, 16, 8, 35, 8, 34, 10, 35, 24, 35, 14, 32, 6, 4, 32, 10, 35, 38, 41, 8, 37, 37, 27, 24, 30, 27, 8, 32, 19, 28, 39, 36, 34, 27, 34, 4, 30, 38, 4, 40, 16, 8]"
L2_arctic_WAV/EBVS_arctic_a0025,"[16, 8, 41, 10, 42, 4, 18, 16, 13, 38, 38, 4, 19, 39, 6, 8, 36, 41, 7, 32, 29, 39, 30, 3, 20, 14, 20, 31, 4, 32, 38, 34, 35, 8, 40, 21, 8, 30, 19]","[16, 8, 41, 10, 36, 4, 40, 16, 13, 38, 4, 19, 39, 6, 8, 36, 41, 7, 32, 6, 4, 29, 39, 30, 3, 37, 14, 23, 31, 4, 32, 38, 34, 35, 8, 40, 16, 8, 30, 19]"
L2_arctic_WAV/EBVS_arctic_a0026,"[8, 38, 4, 29, 3, 19, 38, 4, 31, 27, 6, 43, 38, 6, 7, 35, 41, 13, 19, 26, 43, 40, 38, 4, 18, 27, 43, 32, 4, 29, 16, 13, 32, 38, 8, 9]","[8, 38, 4, 29, 39, 35, 38, 4, 31, 27, 19, 43, 19, 7, 35, 41, 8, 30, 26, 5, 24, 38, 4, 40, 27, 43, 32, 4, 29, 10, 32, 38, 8, 9]"
L2_arctic_WAV/EBVS_arctic_a0027,"[38, 4, 31, 16, 8, 36, 3, 34, 35, 16, 8, 42, 26, 27, 18, 27, 25, 43, 32, 38, 4, 11, 33, 13, 43, 29, 11, 4, 30, 8, 32, 12, 39, 42, 27, 43, 42, 4, 31, 8, 32, 31, 16, 8, 24, 21, 8, 40, 3]","[38, 4, 31, 16, 8, 36, 3, 34, 35, 16, 8, 36, 26, 27, 18, 27, 25, 5, 32, 38, 4, 11, 10, 43, 29, 38, 13, 4, 30, 8, 32, 38, 39, 42, 28, 5, 32, 8, 32, 31, 16, 8, 24, 7, 40, 3]"
L2_arctic_WAV/EBVS_arctic_a0028,"[35, 5, 18, 3, 27, 18, 35, 16, 8, 18, 3, 27, 24, 35, 10, 19]","[35, 10, 18, 3, 27, 18, 35, 16, 8, 18, 3, 27, 24, 35, 16, 13, 19]"
L2_arctic_WAV/EBVS_arctic_a0029,"[6, 7, 35, 24, 10, 35, 36, 8, 42, 41, 3, 10, 35, 7, 19, 27, 31, 39, 40, 8, 9, 8, 32, 38, 4, 6, 4, 32, 10, 35, 12, 29, 14, 32, 38, 35, 27]","[19, 7, 35, 24, 10, 35, 36, 8, 36, 41, 3, 10, 35, 7, 6, 27, 31, 39, 40, 8, 9, 8, 32, 38, 4, 6, 4, 32, 10, 35, 29, 10, 32, 38, 35, 27]"
L2_arctic_WAV/EBVS_arctic_a0030,"[16, 8, 26, 43, 19, 24, 21, 8, 12, 8, 32, 6, 7, 31]","[16, 8, 26, 43, 12, 24, 21, 8, 38, 32, 7, 31]"
L2_arctic_WAV/EBVS_arctic_a0031,"[6, 21, 8, 41, 3, 12, 35, 27, 26, 14, 32, 19, 35, 4, 19, 28, 5, 35, 19, 42, 4, 34, 5, 35, 38]","[6, 21, 8, 41, 3, 38, 35, 27, 26, 14, 32, 19, 35, 4, 19, 28, 5, 35, 36, 4, 34, 5, 35, 38]"
L2_arctic_WAV/EBVS_arctic_a0032,"[36, 8, 32, 36, 6, 7, 32, 36, 14, 31, 31, 8, 36, 38, 8, 35, 27, 4, 36, 24, 10, 35, 36, 26, 43, 42, 18, 8, 32, 24, 16, 8, 38, 8, 9, 14, 36, 43, 38, 7, 40, 35, 27, 36, 38, 7, 34]","[36, 7, 42, 19, 7, 32, 36, 14, 31, 31, 8, 36, 38, 8, 35, 27, 4, 36, 24, 10, 35, 36, 26, 43, 42, 40, 8, 32, 24, 16, 8, 38, 8, 9, 14, 36, 43, 38, 7, 40, 35, 27, 36, 38, 7, 34]"
L2_arctic_WAV/EBVS_arctic_a0036,"[11, 27, 38, 3, 32, 19, 8, 32, 43, 38, 6, 27, 26, 33, 13, 38, 7, 30]","[11, 27, 38, 3, 32, 7, 19, 8, 32, 14, 26, 33, 13, 38, 7, 30]"
L2_arctic_WAV/EBVS_arctic_a0037,"[16, 8, 41, 5, 42, 6, 27, 33, 13, 32, 30, 27, 41, 14, 32, 26, 39, 35, 8, 31, 21, 8, 32, 19, 36, 8, 38, 8, 9]","[16, 8, 41, 5, 42, 6, 27, 10, 32, 30, 27, 41, 14, 32, 26, 39, 35, 8, 31, 16, 8, 32, 36, 8, 38, 8, 9]"
L2_arctic_WAV/EBVS_arctic_a0038,"[41, 8, 30, 26, 43, 40, 38, 4, 41, 5, 37, 16, 13, 3, 37, 43, 32, 36, 4, 42]","[41, 8, 30, 26, 43, 24, 38, 4, 41, 5, 37, 16, 13, 3, 37, 43, 32, 36, 4, 36]"
L2_arctic_WAV/EBVS_arctic_a0039,"[6, 4, 11, 8, 34, 11, 13, 19, 18, 27, 8, 32, 41, 8, 6, 8, 32, 4, 41, 27, 29, 3, 38, 7, 32, 19, 21, 8, 42]","[6, 4, 11, 8, 34, 37, 13, 19, 40, 27, 8, 32, 41, 8, 6, 8, 32, 4, 41, 27, 29, 3, 38, 7, 32, 19, 21, 8, 36]"
L2_arctic_WAV/EBVS_arctic_a0040,"[16, 8, 36, 4, 34, 33, 13, 42, 28, 39, 41, 14, 32, 19, 3, 41, 16, 8, 11, 27, 8, 42, 29, 14, 31, 8, 9, 14, 34, 26, 27, 35]","[16, 8, 36, 4, 34, 10, 36, 28, 39, 41, 10, 32, 19, 3, 41, 16, 8, 11, 27, 8, 36, 29, 14, 31, 8, 9, 14, 34, 26, 27, 35]"
L2_arctic_WAV/EBVS_arctic_a0041,"[31, 27, 32, 41, 16, 8, 30, 16, 8, 30, 25, 33, 13, 16, 13, 38, 38, 4, 18, 35, 27, 6, 4, 36, 34, 7, 30]","[31, 27, 32, 25, 41, 16, 8, 30, 16, 8, 30, 25, 10, 16, 13, 38, 38, 13, 18, 35, 27, 6, 4, 36, 34, 4, 30]"
L2_arctic_WAV/EBVS_arctic_a0042,"[26, 16, 13, 29, 13, 19, 26, 27, 8, 29, 36, 34, 30, 21, 8, 32, 26, 8, 42, 34, 4, 42, 7, 11, 4, 32, 14, 40, 6, 4, 36, 29, 7, 37]","[26, 16, 13, 29, 13, 23, 26, 27, 8, 36, 34, 30, 21, 8, 32, 26, 8, 36, 34, 4, 36, 8, 11, 4, 32, 14, 40, 6, 4, 36, 29, 7, 37]"
L2_arctic_WAV/EBVS_arctic_a0045,"[26, 27, 31, 39, 40, 19, 4, 41, 21, 8, 43, 42, 29, 41, 8, 29, 30, 27, 43, 42, 26, 27, 26, 43, 19, 29, 14, 31]","[26, 27, 31, 39, 40, 7, 19, 4, 26, 41, 21, 8, 43, 36, 29, 41, 8, 29, 30, 27, 43, 36, 26, 27, 26, 43, 19, 29, 14, 31]"
L2_arctic_WAV/EBVS_arctic_a0046,"[6, 27, 25, 3, 30, 24, 21, 8, 36, 38, 26, 8, 31, 26, 3, 16, 8, 42, 11, 16, 8, 32, 8, 9, 41, 8, 6, 36, 14, 19, 4, 32, 24, 8, 35]","[6, 7, 23, 3, 24, 21, 8, 36, 4, 38, 29, 8, 31, 26, 3, 16, 8, 36, 11, 16, 8, 32, 8, 9, 41, 8, 38, 36, 13, 19, 4, 32, 24, 8, 35]"
L2_arctic_WAV/EBVS_arctic_a0047,"[29, 30, 33, 13, 36, 18, 27, 36, 16, 8, 19, 26, 8, 31, 25, 30, 27, 31, 19, 6, 27, 41, 16, 8, 38, 24, 43, 9, 42, 14, 40, 6, 27, 41, 13, 30, 24, 19, 10, 25]","[29, 30, 10, 36, 18, 27, 36, 16, 8, 19, 26, 8, 31, 25, 30, 27, 31, 7, 19, 6, 7, 41, 16, 8, 38, 24, 43, 9, 12, 14, 40, 6, 7, 41, 13, 30, 24, 19, 10, 26]"
L2_arctic_WAV/EBVS_arctic_a0048,"[26, 27, 30, 13, 29, 38, 43, 38, 6, 4, 26, 43, 9, 29, 3, 37, 8, 24, 31, 10, 35, 29, 30, 33, 13, 36, 30, 27]","[26, 27, 30, 13, 29, 43, 38, 6, 4, 32, 7, 26, 5, 9, 29, 3, 37, 8, 24, 31, 10, 35, 29, 30, 10, 36, 30, 27]"
L2_arctic_WAV/EBVS_arctic_a0051,"[6, 4, 30, 21, 8, 36, 41, 10, 42, 14, 40, 4, 19, 7, 30, 4, 29, 4, 38, 16, 8, 40, 3, 27, 29, 10, 30, 3, 24, 21, 8, 32, 38, 30, 27, 38, 8, 32, 38, 8, 19, 41, 8, 12, 28, 7, 30, 33, 13]","[6, 4, 30, 21, 8, 41, 10, 36, 10, 24, 4, 19, 7, 30, 4, 29, 21, 8, 38, 16, 8, 40, 3, 29, 10, 30, 3, 24, 21, 8, 32, 38, 30, 27, 38, 8, 32, 38, 8, 41, 8, 12, 28, 7, 30, 10]"
L2_arctic_WAV/EBVS_arctic_a0052,"[8, 38, 41, 14, 42, 4, 29, 28, 13, 35, 27, 4, 36, 29, 33, 13, 8, 32, 36, 8, 19, 4, 32, 36]","[8, 6, 41, 14, 36, 4, 29, 28, 13, 35, 4, 36, 29, 10, 32, 36, 8, 19, 4, 32]"
L2_arctic_WAV/EBVS_arctic_a0053,"[36, 14, 19, 4, 32, 30, 27, 26, 8, 42, 24, 8, 9, 25, 3, 42, 29, 30, 33, 13, 42, 19, 38, 16, 8, 38, 30, 27, 33, 13, 40, 3, 6, 4, 26, 43, 9, 29, 3, 37, 8, 24]","[36, 14, 6, 4, 32, 30, 27, 26, 8, 36, 24, 8, 9, 25, 3, 36, 29, 30, 10, 36, 3, 38, 16, 8, 38, 30, 27, 33, 13, 40, 3, 6, 4, 26, 5, 9, 29, 3, 37, 8, 24]"
L2_arctic_WAV/EBVS_arctic_a0054,"[6, 7, 35, 41, 10, 42, 32, 14, 12, 8, 9, 10, 32, 6, 4, 35, 5, 29]","[6, 7, 35, 41, 10, 32, 14, 12, 8, 9, 10, 32, 6, 4, 35, 10, 29]"
L2_arctic_WAV/EBVS_arctic_a0058,"[16, 8, 29, 21, 8, 31, 24, 10, 35, 8, 32, 24, 3, 31, 21, 8, 11, 4, 32, 31, 10, 35, 16, 13, 38, 14, 40, 29, 28, 13, 35, 27, 5, 36, 4, 38, 27, 6, 43, 32, 7, 32, 27, 12, 8, 9, 7, 30, 36]","[16, 8, 29, 21, 8, 31, 24, 10, 35, 8, 32, 24, 3, 31, 21, 8, 11, 4, 32, 31, 10, 35, 16, 13, 38, 14, 24, 29, 13, 35, 27, 5, 36, 4, 38, 27, 6, 43, 32, 7, 32, 27, 12, 8, 9, 7, 30, 12]"
L2_arctic_WAV/EBVS_arctic_a0059,"[26, 8, 42, 8, 31, 43, 29, 28, 39, 30, 8, 38, 4, 34, 8, 35, 4, 32, 36, 41, 14, 42, 25, 10, 32]","[26, 8, 36, 27, 31, 14, 29, 28, 13, 30, 21, 8, 38, 5, 34, 35, 8, 4, 32, 36, 41, 14, 36, 25, 10, 32]"
L2_arctic_WAV/EBVS_arctic_a0060,"[7, 32, 27, 41, 21, 8, 32, 33, 13, 41, 14, 32, 36, 10, 26, 3, 30, 16, 8, 29, 6, 43, 38]","[7, 32, 27, 41, 21, 8, 32, 10, 41, 14, 32, 36, 33, 13, 26, 3, 30, 16, 8, 6, 43, 38]"
L2_arctic_WAV/EBVS_arctic_a0062,"[6, 4, 31, 7, 32, 36, 38, 7, 35, 19, 8, 32, 38, 39, 27, 37, 14, 6, 3, 42, 24, 21, 8, 36]","[19, 4, 31, 7, 32, 36, 38, 7, 35, 7, 19, 8, 32, 38, 39, 27, 37, 10, 6, 3, 36, 24, 21, 8, 36]"
L2_arctic_WAV/EBVS_arctic_a0063,"[28, 7, 36, 8, 38, 41, 14, 42, 4, 31, 43, 32, 26, 39, 43, 36, 29, 38, 4, 36, 38, 35, 21, 8, 32, 20, 3]","[20, 7, 36, 8, 41, 14, 36, 4, 31, 43, 32, 26, 39, 43, 36, 29, 4, 38, 4, 36, 38, 35, 7, 32, 28, 3]"
L2_arctic_WAV/EBVS_arctic_a0064,"[6, 4, 24, 10, 35, 12, 4, 32, 19, 24, 8, 24, 12, 19, 21, 8, 42, 34, 43, 36, 38, 41, 8, 6, 16, 13, 38, 7, 32, 27, 19, 8, 40, 7, 30, 4, 34, 31, 4, 32, 38, 36]","[6, 4, 24, 10, 35, 38, 4, 32, 24, 8, 24, 38, 19, 21, 8, 36, 34, 43, 36, 4, 19, 41, 8, 19, 16, 13, 38, 7, 32, 27, 19, 8, 40, 7, 30, 4, 31, 4, 32, 36]"
L2_arctic_WAV/EBVS_arctic_a0065,"[6, 21, 8, 29, 30, 33, 13, 42, 19, 32, 16, 13, 4, 32, 38, 8, 30, 26, 8, 42, 24, 8, 9, 25, 3, 42, 41, 3, 30, 16, 8, 29, 29, 10, 35, 19, 42, 14, 40, 36, 38, 27, 30]","[6, 21, 8, 29, 30, 33, 13, 36, 4, 32, 16, 13, 4, 32, 38, 8, 30, 26, 8, 36, 24, 8, 9, 25, 3, 36, 41, 3, 30, 16, 8, 29, 10, 35, 36, 14, 24, 36, 38, 8, 30]"
L2_arctic_WAV/EBVS_arctic_a0067,"[11, 13, 35, 30, 27, 16, 8, 41, 8, 30, 8, 29, 36, 29, 28, 39, 42, 28, 39, 11, 27, 29, 35, 16, 8, 19]","[36, 13, 35, 30, 27, 16, 8, 41, 8, 30, 8, 36, 29, 28, 39, 42, 28, 39, 11, 27, 29, 35, 16, 8]"
L2_arctic_WAV/EBVS_arctic_a0071,"[41, 14, 38, 41, 5, 42, 6, 4, 5, 18, 20, 7, 29, 38, 14, 40, 28, 10, 35, 30, 8, 38, 4, 30, 36, 7, 32, 36, 21, 8, 11, 4, 32]","[41, 14, 36, 41, 5, 36, 6, 4, 10, 18, 20, 7, 29, 14, 40, 28, 10, 35, 30, 8, 38, 4, 30, 36, 7, 32, 36, 21, 8, 11, 4]"
L2_arctic_WAV/EBVS_arctic_a0073,"[6, 4, 34, 35, 4, 31, 33, 13, 38, 3, 42, 16, 8, 42, 41, 3, 26, 7, 40, 27, 41, 8, 6, 30, 8, 38, 4, 30, 34, 14, 24, 27, 18, 43, 25, 42, 14, 32, 19, 3, 6, 7, 31]","[6, 4, 34, 35, 4, 31, 10, 38, 3, 36, 16, 8, 36, 41, 3, 26, 7, 40, 27, 41, 8, 38, 30, 8, 6, 4, 30, 34, 14, 24, 27, 18, 5, 29, 36, 14, 32, 19, 3, 6, 7, 31]"
L2_arctic_WAV/EBVS_arctic_a0075,"[6, 7, 35, 26, 43, 42, 18, 8, 32, 4, 37, 21, 8, 32, 20, 11, 27, 8, 32, 38, 3, 14, 34, 38, 8, 19, 26, 8, 31]","[19, 7, 35, 26, 43, 42, 18, 8, 32, 4, 37, 21, 8, 32, 20, 11, 27, 8, 32, 38, 3, 14, 34, 38, 8, 26, 8, 31]"
L2_arctic_WAV/EBVS_arctic_a0076,"[6, 4, 25, 35, 21, 8, 16, 8, 42, 24, 5, 30, 38, 3, 19, 6, 4, 24, 30, 14, 11, 19, 27, 34, 4, 32, 19]","[19, 4, 25, 35, 21, 8, 21, 8, 36, 24, 5, 30, 38, 3, 19, 6, 4, 24, 30, 14, 11, 19, 27, 34, 4, 32]"
L2_arctic_WAV/EBVS_arctic_a0077,"[8, 38, 8, 42, 6, 4, 24, 16, 8, 3, 34, 5, 35, 38, 30, 27, 11, 27, 36, 7, 19]","[8, 38, 8, 42, 6, 4, 24, 16, 8, 3, 34, 5, 35, 38, 30, 27, 11, 27, 36, 7]"
L2_arctic_WAV/EBVS_arctic_a0078,"[6, 7, 32, 4, 32, 19, 43, 38, 36, 14, 34, 3, 26, 27, 38, 35, 16, 8, 19, 38, 4, 24, 43, 6, 4, 31, 26, 3]","[19, 7, 32, 43, 38, 4, 36, 39, 18, 3, 26, 27, 38, 35, 16, 8, 19, 38, 4, 24, 5, 19, 4, 31, 23, 3]"
L2_arctic_WAV/EBVS_arctic_a0079,"[8, 38, 41, 14, 42, 4, 30, 5, 35, 20, 29, 4, 32, 39]","[8, 38, 41, 14, 36, 4, 30, 5, 35, 37, 29, 4, 32, 39]"
L2_arctic_WAV/EBVS_arctic_a0081,"[26, 41, 14, 38, 8, 24, 11, 27, 19, 8, 19, 32, 5, 38, 29, 14, 31, 38, 4, 6, 4, 35, 5, 29]","[26, 41, 14, 38, 27, 24, 11, 27, 19, 27, 19, 32, 5, 38, 29, 14, 31, 38, 4, 6, 4, 35, 5, 29]"
L2_arctic_WAV/EBVS_arctic_a0082,"[26, 8, 42, 24, 21, 8, 36, 41, 14, 42, 36, 38, 35, 27, 31, 8, 9, 41, 8, 12, 18, 30, 14, 19]","[26, 8, 36, 24, 21, 8, 36, 41, 14, 36, 7, 36, 38, 35, 21, 8, 31, 8, 9, 41, 8, 38, 18, 30, 33, 13, 19]"
L2_arctic_WAV/EBVS_arctic_a0085,"[4, 38, 35, 8, 29, 4, 30, 14, 40, 24, 35, 7, 11, 18, 30, 14, 19, 35, 43, 32, 33, 13, 40, 3, 26, 8, 42, 24, 21, 8, 36]","[4, 38, 35, 8, 23, 30, 27, 4, 10, 24, 24, 35, 7, 11, 18, 30, 39, 19, 35, 5, 9, 33, 13, 40, 3, 23, 27, 36, 24, 21, 8, 36]"
L2_arctic_WAV/EBVS_arctic_a0086,"[19, 7, 12, 26, 43, 19, 29, 14, 31, 41, 8, 12, 38, 7, 35, 4, 18, 4, 30, 36, 14, 19, 4, 32, 32, 4, 36]","[19, 7, 38, 23, 5, 19, 29, 5, 31, 41, 8, 38, 38, 7, 35, 4, 18, 4, 30, 36, 5, 19, 4, 32, 32, 4, 36]"
L2_arctic_WAV/EBVS_arctic_a0088,"[26, 27, 31, 21, 8, 19, 11, 13, 35, 6, 43, 38, 6, 4, 31, 43, 25, 4, 42, 27, 32, 41, 14, 42, 30, 33, 13, 19, 4, 19, 4, 32, 19, 35, 8, 42, 39, 31, 19, 26, 8, 42, 34, 43, 19, 30, 8, 9]","[23, 27, 31, 21, 8, 19, 11, 13, 35, 6, 5, 38, 6, 4, 31, 5, 25, 4, 36, 27, 32, 41, 14, 36, 30, 33, 13, 19, 4, 32, 19, 35, 8, 36, 39, 31, 26, 27, 36, 34, 43, 19, 30, 27, 9]"
L2_arctic_WAV/EBVS_arctic_a0089,"[6, 4, 32, 16, 8, 38, 25, 30, 33, 13, 41, 10, 42, 38, 35, 7, 37, 3, 4, 36, 38, 4, 11, 39, 38, 18, 16, 8]","[19, 4, 32, 16, 8, 38, 30, 33, 13, 41, 10, 36, 38, 35, 21, 8, 37, 3, 4, 36, 38, 4, 11, 10, 38, 18, 16, 8]"
L2_arctic_WAV/EBVS_arctic_a0090,"[6, 4, 36, 8, 9, 8, 9, 40, 10, 8, 36, 4, 34, 35, 33, 13, 37, 38, 35, 43, 34, 4, 19, 30, 27]","[19, 7, 36, 27, 9, 27, 9, 18, 10, 8, 36, 4, 34, 35, 33, 13, 11, 38, 35, 5, 34, 4, 30, 27]"
L2_arctic_WAV/EBVS_arctic_a0091,"[26, 8, 42, 18, 30, 14, 19, 25, 35, 39, 26, 5, 38, 41, 8, 12, 35, 21, 8, 20, 43, 38, 6, 4, 12, 10, 38]","[26, 27, 42, 18, 30, 10, 19, 25, 35, 39, 26, 5, 38, 41, 27, 12, 35, 21, 8, 37, 5, 38, 6, 4, 38, 10, 38]"
L2_arctic_WAV/EBVS_arctic_a0092,"[26, 27, 41, 7, 32, 38, 19, 16, 13, 32, 8, 32, 31, 8, 19, 36, 38, 35, 27, 31, 36, 3, 37, 8, 9, 6, 4, 11, 43, 19, 33, 13, 42, 14, 40, 18, 33, 13, 12, 11, 10, 35, 42]","[26, 27, 41, 7, 32, 38, 19, 16, 13, 32, 38, 27, 32, 31, 27, 19, 36, 38, 35, 27, 31, 36, 3, 23, 37, 27, 9, 19, 4, 11, 43, 6, 33, 13, 36, 10, 24, 18, 33, 13, 36, 11, 16, 13, 35, 36]"
L2_arctic_WAV/EBVS_arctic_a0093,"[24, 10, 35, 4, 24, 13, 30, 31, 8, 32, 4, 38, 26, 27, 29, 35, 16, 13, 37, 38, 4, 32, 19, 30, 8, 36, 4, 32, 19]","[24, 10, 35, 4, 24, 13, 30, 31, 8, 32, 39, 38, 26, 27, 29, 35, 16, 13, 37, 4, 32, 19, 30, 27, 36, 4, 32, 4, 19]"
L2_arctic_WAV/EBVS_arctic_a0094,"[26, 27, 26, 43, 19, 18, 7, 35, 30, 27, 7, 32, 38, 3, 19, 6, 8, 36, 41, 7, 32, 26, 27, 36, 10, 26, 27, 6, 4, 25, 30, 33, 13, 6, 4, 25, 30, 33, 13, 14, 40, 4, 24, 16, 8, 35]","[26, 27, 26, 5, 19, 18, 5, 35, 30, 27, 7, 32, 38, 3, 30, 27, 41, 7, 9, 26, 27, 36, 10, 26, 27, 6, 4, 18, 30, 33, 13, 6, 4, 25, 30, 33, 13, 10, 24, 4, 24, 16, 8, 35]"
L2_arctic_WAV/EBVS_arctic_a0095,"[4, 18, 8, 25, 29, 43, 32, 40, 4, 36, 38, 7, 32, 38, 41, 10, 42, 6, 4, 24, 3, 36, 38, 12, 8, 9, 38, 4, 29, 14, 31, 41, 8, 12, 8, 32, 26, 8, 42, 40, 8, 15, 4, 32]","[4, 18, 27, 23, 29, 5, 32, 40, 5, 36, 38, 7, 32, 38, 41, 10, 6, 7, 24, 27, 4, 36, 38, 38, 27, 9, 38, 4, 29, 5, 31, 41, 27, 38, 27, 32, 26, 27, 36, 40, 27, 11, 4, 32]"
L2_arctic_WAV/EBVS_arctic_a0096,"[34, 3, 35, 26, 43, 34, 36, 11, 27, 26, 43, 19, 10, 35, 7, 19, 27, 31, 7, 38, 26, 3, 24, 21, 8, 38, 4, 30, 8, 38, 4, 30, 19, 27, 34, 3, 8, 32, 6, 4, 24, 10, 35, 4, 36, 38]","[34, 7, 23, 26, 5, 34, 36, 11, 27, 26, 5, 19, 10, 35, 7, 19, 27, 31, 27, 38, 26, 3, 24, 21, 8, 38, 4, 30, 27, 38, 4, 30, 19, 27, 34, 3, 27, 9, 6, 7, 24, 10, 35, 4, 36]"
L2_arctic_WAV/EBVS_arctic_a0097,"[6, 7, 32, 28, 39, 29, 43, 32, 3, 21, 8, 32, 20, 28, 3, 36, 7, 30, 24, 29, 14, 31, 24, 3, 38, 4, 18, 30, 27, 4, 31, 14, 9, 6, 27, 42, 35, 33, 13, 18, 42, 8, 32, 6, 4, 18, 33, 13]","[19, 7, 32, 28, 39, 29, 5, 32, 3, 21, 8, 32, 37, 28, 3, 36, 7, 30, 24, 29, 10, 31, 24, 10, 35, 38, 5, 18, 30, 27, 4, 31, 10, 9, 19, 27, 36, 35, 33, 13, 18, 36, 8, 32, 6, 4, 18, 33, 13]"
L2_arctic_WAV/EBVS_arctic_a0098,"[11, 43, 30, 16, 8, 29, 43, 35, 27, 28, 39]","[11, 43, 30, 16, 8, 29, 5, 35, 27, 28, 39]"
L2_arctic_WAV/EBVS_arctic_a0099,"[4, 31, 43, 19, 32, 8, 9, 20, 10, 8, 34, 16, 13, 32, 19, 8, 19, 8, 32, 26, 8, 42, 18, 35, 21, 8, 32]","[5, 31, 21, 8, 6, 27, 9, 28, 33, 13, 18, 10, 32, 38, 27, 9, 23, 27, 18, 35, 21, 8, 9]"
L2_arctic_WAV/EBVS_arctic_a0100,"[28, 39, 31, 14, 36, 38, 36, 30, 27, 34, 26, 27, 3, 20, 19]","[20, 39, 31, 5, 36, 38, 36, 30, 27, 34, 26, 27, 3, 37]"
L2_arctic_WAV/EBVS_arctic_a0101,"[28, 39, 28, 39, 41, 13, 19, 32, 5, 38, 29, 27, 34, 6, 4, 38, 35, 39, 12, 24, 3, 31, 31, 27]","[28, 39, 28, 39, 41, 13, 19, 32, 5, 38, 29, 27, 34, 19, 7, 38, 35, 39, 38, 24, 3, 31, 31, 27]"
L2_arctic_WAV/EBVS_arctic_a0102,"[26, 27, 41, 8, 30, 24, 5, 30, 33, 13, 14, 36, 36, 39, 32]","[26, 27, 41, 8, 30, 24, 10, 30, 33, 13, 23, 5, 36, 36, 39, 32]"
L2_arctic_WAV/EBVS_arctic_a0103,"[18, 14, 38, 6, 7, 35, 29, 21, 8, 31, 32, 33, 13, 34, 35, 5, 31, 4, 36, 24, 3, 31, 6, 4, 18, 33, 13, 14, 40, 6, 4, 29, 4, 32, 39]","[18, 14, 38, 19, 7, 35, 29, 5, 31, 32, 33, 13, 34, 35, 5, 31, 4, 36, 24, 3, 31, 19, 4, 18, 33, 13, 10, 40, 19, 4, 29, 4, 32, 39]"
L2_arctic_WAV/EBVS_arctic_a0104,"[11, 27, 41, 14, 42, 36, 30, 27, 34, 8, 9, 14, 32, 19, 3, 26, 8, 42, 34, 35, 4, 38, 7, 29, 11, 4, 32, 43, 42, 36, 41, 27, 38, 30, 27, 43, 42, 4, 37, 16, 8, 30, 19]","[11, 27, 41, 14, 36, 7, 42, 30, 27, 34, 27, 9, 14, 32, 19, 3, 26, 27, 36, 34, 35, 4, 38, 21, 8, 29, 11, 4, 9, 5, 36, 36, 41, 27, 38, 30, 27, 5, 36, 4, 37, 16, 8, 30]"
L2_arctic_WAV/EBVS_arctic_a0105,"[33, 13, 32, 30, 27, 8, 38, 8, 42, 36, 33, 13, 41, 14, 32, 19, 3, 24, 4, 30, 36, 33, 13, 10, 30, 31, 33, 13, 36, 38, 8, 31, 34, 5, 36, 4, 18, 4, 30, 38, 4, 18, 8, 30, 27, 40]","[10, 32, 30, 27, 27, 38, 27, 36, 36, 33, 13, 41, 10, 32, 19, 3, 24, 4, 30, 36, 33, 13, 10, 30, 31, 33, 13, 36, 38, 8, 31, 34, 5, 36, 4, 18, 4, 30, 38, 4, 18, 8, 30, 27, 24]"
L2_arctic_WAV/EBVS_arctic_a0106,"[6, 4, 8, 31, 33, 13, 11, 4, 32, 41, 8, 37, 11, 27, 26, 43, 19, 36, 4, 34, 35, 7, 36, 38, 18, 3, 36, 38, 24, 10, 35, 12, 32, 16, 13, 8, 32, 4, 37, 33, 13, 29, 8, 9, 36, 5, 18]","[19, 4, 8, 31, 33, 13, 11, 4, 9, 41, 27, 11, 11, 27, 26, 5, 19, 36, 4, 34, 35, 7, 36, 8, 38, 18, 3, 12, 24, 10, 35, 12, 32, 16, 13, 27, 9, 4, 37, 10, 29, 27, 9, 36, 5, 18]"
L2_arctic_WAV/EBVS_arctic_a0107,"[8, 24, 28, 39, 33, 13, 32, 30, 27, 29, 13, 19, 32, 33, 13, 26, 16, 13, 16, 8, 12, 43, 9, 29, 28, 39]","[27, 40, 28, 39, 33, 13, 32, 30, 27, 25, 39, 38, 32, 33, 13, 26, 16, 13, 16, 8, 12, 43, 9, 29, 28, 39]"
L2_arctic_WAV/EBVS_arctic_a0108,"[26, 27, 41, 21, 8, 19, 8, 19, 8, 32, 38, 4, 6, 4, 7, 20, 14, 40, 6, 4, 41, 10, 38, 3, 43, 32, 19, 18, 8, 25, 43, 32, 36, 29, 35, 14, 18, 8, 9, 26, 8, 31, 36, 7, 30, 24]","[26, 27, 41, 21, 8, 19, 8, 19, 8, 32, 38, 4, 7, 11, 10, 24, 19, 7, 41, 10, 6, 3, 5, 9, 18, 8, 25, 43, 9, 7, 36, 29, 35, 5, 18, 27, 9, 26, 27, 36, 7, 30, 24]"
L2_arctic_WAV/EBVS_arctic_a0109,"[19, 39, 28, 39, 32, 33, 13, 6, 43, 38, 28, 39, 5, 35, 11, 21, 8, 29, 8, 9, 31, 16, 8, 29, 5, 32, 24, 4, 19, 4, 32, 36, 8, 32, 28, 39]","[19, 39, 28, 39, 32, 33, 13, 6, 43, 38, 28, 39, 5, 35, 11, 21, 8, 29, 27, 9, 31, 16, 8, 25, 5, 9, 24, 4, 19, 4, 32, 36, 8, 32, 20, 39]"
L2_arctic_WAV/EBVS_arctic_a0111,"[8, 32, 36, 38, 7, 19, 26, 27, 20, 10, 8, 32, 19, 26, 3, 43, 32, 19, 6, 21, 8, 21, 8, 38, 30, 16, 8, 29, 38, 39, 26, 43, 9, 25, 35, 27, 37, 8, 30, 19, 35, 4, 32]","[8, 32, 36, 38, 7, 38, 26, 27, 20, 10, 8, 32, 19, 23, 3, 5, 32, 6, 21, 8, 21, 8, 38, 30, 16, 8, 29, 38, 39, 26, 5, 32, 19, 35, 27, 37, 27, 30, 19, 23, 4, 32]"
L2_arctic_WAV/EBVS_arctic_a0112,"[26, 27, 41, 14, 42, 41, 39, 32, 19, 4, 19, 8, 32, 6, 27, 5, 35, 31]","[26, 27, 41, 5, 36, 41, 39, 32, 19, 4, 19, 27, 32, 19, 7, 5, 35, 31]"
L2_arctic_WAV/EBVS_arctic_a0113,"[16, 8, 36, 4, 34, 33, 13, 42, 28, 39, 34, 8, 29, 38, 6, 43, 38, 30, 8, 9, 25, 33, 13, 14, 34, 4, 31, 14, 9, 6, 27, 8, 32, 19, 27, 4, 32, 42]","[16, 8, 36, 4, 18, 33, 13, 42, 28, 39, 18, 8, 29, 38, 19, 5, 38, 30, 8, 9, 25, 33, 13, 14, 34, 38, 39, 4, 31, 10, 9, 19, 27, 27, 32, 19, 27, 4, 32, 36]"
L2_arctic_WAV/EBVS_arctic_a0115,"[26, 27, 26, 43, 19, 32, 33, 13, 8, 29, 36, 29, 28, 39, 42, 24, 10, 35, 6, 4, 24, 27, 30, 8, 9, 42, 41, 8, 37, 41, 3, 3, 16, 13, 42, 19, 8, 32, 26, 8, 31]","[26, 27, 26, 5, 19, 32, 33, 13, 8, 36, 36, 29, 28, 39, 36, 24, 10, 35, 6, 7, 24, 27, 30, 8, 9, 36, 41, 27, 37, 41, 3, 3, 16, 13, 36, 26, 27, 9, 26, 27, 31]"
L2_arctic_WAV/EBVS_arctic_a0116,"[41, 10, 42, 8, 38, 6, 4, 35, 5, 32, 19, 8, 40, 39, 14, 40, 6, 33, 13, 42, 26, 39, 41, 3, 36, 38, 35, 16, 8, 40, 8, 9, 38, 4, 41, 3, 29, 26, 8, 42, 35, 39, 8, 32]","[41, 10, 38, 8, 42, 42, 4, 35, 5, 32, 19, 8, 40, 39, 10, 24, 19, 33, 13, 36, 26, 39, 41, 3, 7, 36, 38, 35, 27, 40, 27, 9, 38, 4, 41, 3, 29, 26, 27, 42, 35, 39, 27, 32]"
L2_arctic_WAV/EBVS_arctic_a0117,"[11, 27, 43, 19, 8, 19, 41, 8, 6, 20, 7, 32, 28, 39, 41, 16, 8, 32, 36, 8, 31, 34, 4, 12, 27, 8, 32, 26, 3, 24, 21, 8, 36, 4, 32, 19, 40, 10, 8, 36]","[11, 27, 43, 19, 8, 19, 41, 27, 19, 4, 20, 39, 32, 27, 4, 32, 36, 27, 31, 24, 4, 38, 27, 27, 9, 26, 3, 24, 21, 8, 36, 4, 31, 18, 10, 8, 36]"
L2_arctic_WAV/EBVS_arctic_a0120,"[31, 16, 8, 35, 16, 8, 38, 24, 13, 38, 24, 27, 30, 42, 30, 16, 8, 29, 6, 43, 38, 14, 40, 4, 37, 16, 8, 32, 27, 42, 19, 7, 18, 28, 4, 38, 5, 32, 38]","[31, 16, 8, 35, 16, 8, 38, 24, 13, 36, 24, 27, 30, 36, 30, 16, 8, 29, 4, 19, 5, 38, 10, 24, 4, 37, 16, 8, 32, 27, 42, 19, 7, 18, 28, 4, 38, 5, 32, 38]"
L2_arctic_WAV/EBVS_arctic_a0121,"[6, 21, 8, 21, 8, 38, 19, 8, 32, 3, 35, 43, 38, 6, 4, 24, 8, 24, 12, 43, 32, 19, 35, 7, 36, 38, 4, 19, 24, 35, 3, 38, 39, 16, 13, 35, 42]","[19, 21, 8, 21, 8, 38, 19, 27, 32, 3, 23, 43, 38, 19, 4, 24, 8, 24, 12, 5, 32, 35, 7, 36, 24, 35, 3, 38, 39, 16, 13, 35, 36]"
L2_arctic_WAV/EBVS_arctic_a0122,"[38, 39, 28, 8, 35, 42, 4, 25, 33, 13, 16, 8, 25, 21, 8, 40, 14, 34, 36, 8, 40, 4, 30, 8, 42, 21, 8, 11, 4, 32, 24, 35, 3, 6, 8, 36]","[38, 39, 28, 8, 35, 36, 4, 25, 33, 13, 16, 8, 25, 21, 8, 40, 14, 34, 36, 8, 40, 4, 30, 8, 36, 21, 8, 11, 4, 9, 24, 35, 3, 19, 8, 36]"
L2_arctic_WAV/EBVS_arctic_a0123,"[11, 27, 26, 43, 19, 19, 16, 8, 19, 24, 3, 31, 29, 33, 13, 30, 19, 43, 32, 19, 36, 38, 5, 35, 40, 21, 8, 11, 4, 32]","[11, 27, 26, 5, 19, 19, 16, 8, 19, 24, 3, 31, 29, 10, 30, 19, 5, 9, 7, 36, 38, 5, 35, 40, 21, 8, 11, 4, 32]"
L2_arctic_WAV/EBVS_arctic_a0125,"[26, 27, 41, 14, 42, 19, 8, 38, 3, 31, 4, 32, 19, 32, 16, 13, 38, 4, 31, 21, 8, 32, 38, 21, 8, 32, 4, 31, 10, 35, 36, 3, 38, 4, 32, 26, 33, 13, 30, 19, 4, 34, 5, 32, 26, 8, 31, 36, 7, 30, 24]","[26, 27, 41, 14, 42, 38, 3, 31, 4, 32, 19, 32, 16, 13, 38, 4, 31, 4, 32, 38, 21, 8, 9, 4, 31, 10, 35, 36, 3, 38, 21, 8, 32, 23, 33, 13, 30, 19, 4, 34, 4, 32, 26, 27, 32, 36, 7, 30, 24]"
L2_arctic_WAV/EBVS_arctic_a0126,"[27, 37, 19, 21, 8, 11, 27, 18, 8, 29, 21, 8, 31, 4, 31, 10, 35, 40, 16, 8, 38, 4, 30, 34, 5, 35, 38, 14, 40, 26, 8, 31]","[27, 37, 19, 21, 8, 11, 27, 18, 8, 29, 5, 31, 4, 31, 10, 35, 40, 16, 8, 38, 4, 30, 34, 5, 35, 38, 14, 40, 26, 27, 31]"
L2_arctic_WAV/EBVS_arctic_a0127,"[8, 38, 41, 14, 42, 4, 38, 7, 31, 38, 21, 8, 11, 4, 32, 18, 14, 38, 26, 27, 35, 8, 42, 8, 36, 38, 8, 19, 8, 38]","[27, 38, 41, 14, 36, 4, 38, 7, 31, 38, 21, 8, 11, 4, 32, 18, 14, 38, 26, 27, 35, 8, 36, 8, 36, 38, 8, 19, 8, 38]"
L2_arctic_WAV/EBVS_arctic_a0128,"[6, 8, 36, 41, 14, 32, 26, 33, 13, 34, 41, 14, 42, 19, 8, 36, 38, 35, 10, 8, 19, 43, 42, 29, 41, 8, 29, 30, 27, 43, 42, 8, 38, 41, 14, 42, 18, 10, 35, 32]","[19, 27, 36, 41, 14, 9, 23, 33, 13, 34, 41, 14, 36, 38, 35, 10, 8, 6, 5, 36, 29, 41, 8, 29, 30, 27, 5, 36, 8, 38, 41, 14, 42, 18, 10, 35, 9]"
L2_arctic_WAV/EBVS_arctic_a0129,"[26, 3, 35, 24, 21, 8, 36, 41, 14, 42, 4, 25, 21, 8, 32, 36, 38, 26, 8, 42, 18, 35, 7, 36, 38]","[26, 7, 23, 24, 21, 8, 36, 41, 14, 36, 4, 25, 21, 8, 32, 36, 38, 26, 27, 36, 26, 27, 42, 18, 35, 7, 36]"
L2_arctic_WAV/EBVS_arctic_a0130,"[11, 27, 41, 14, 42, 26, 8, 42, 32, 16, 13, 24, 3, 7, 40, 3]","[11, 27, 41, 14, 36, 23, 27, 36, 32, 16, 13, 24, 3, 7, 18, 3]"
L2_arctic_WAV/EBVS_arctic_a0131,"[34, 35, 5, 40, 4, 19, 4, 32, 36, 26, 43, 19, 19, 8, 30, 8, 40, 3, 19, 26, 8, 31, 12, 35, 39, 6, 4, 31, 21, 8, 30, 36, 38, 35, 4, 31]","[34, 35, 5, 40, 4, 19, 4, 32, 23, 5, 19, 19, 7, 30, 27, 40, 3, 7, 19, 23, 27, 31, 38, 35, 33, 13, 19, 4, 31, 5, 30, 7, 36, 38, 35, 10, 31]"
L2_arctic_WAV/EBVS_arctic_a0134,"[26, 27, 33, 13, 18, 21, 8, 19, 6, 4, 34, 35, 7, 11, 3, 14, 40, 26, 3, 26, 43, 32, 19]","[26, 27, 33, 13, 40, 21, 8, 19, 19, 4, 18, 35, 7, 11, 3, 10, 24, 23, 3, 26, 43, 32, 38]"
L2_arctic_WAV/EBVS_arctic_a0136,"[4, 18, 16, 13, 38, 26, 8, 31, 7, 40, 35, 27, 41, 7, 35, 41, 3, 6, 4, 7, 40, 4, 19, 4, 32, 36, 4, 42, 14, 40, 30, 14, 25, 15, 3, 27, 43, 32, 19, 14, 40, 21, 8, 20]","[4, 18, 5, 38, 23, 27, 31, 7, 40, 35, 27, 41, 3, 35, 41, 3, 6, 7, 7, 40, 4, 19, 4, 31, 10, 24, 30, 14, 25, 11, 3, 27, 5, 32, 10, 24, 21, 8, 11]"
L2_arctic_WAV/EBVS_arctic_a0137,"[6, 7, 32, 26, 27, 36, 38, 7, 34, 38, 18, 43, 29, 41, 8, 6, 4, 30, 33, 13, 29, 35, 16, 8, 14, 40, 34, 30, 7, 15, 3]","[19, 7, 31, 26, 27, 7, 36, 38, 7, 34, 18, 5, 23, 27, 32, 41, 27, 19, 4, 30, 33, 13, 29, 35, 16, 8, 10, 24, 34, 30, 7, 11, 3]"
L2_arctic_WAV/EBVS_arctic_a0139,"[26, 27, 38, 33, 13, 30, 19, 26, 8, 31, 36, 7, 30, 24, 6, 43, 38, 43, 42, 26, 27, 41, 5, 11, 38, 26, 8, 31, 36, 7, 30, 24, 43, 32, 19, 25, 35, 39, 31, 19, 26, 8, 42, 19, 8, 11, 7, 40, 4, 30, 19, 29, 30, 33, 13, 6, 42]","[26, 27, 38, 33, 13, 30, 26, 27, 31, 36, 7, 30, 24, 19, 5, 38, 5, 36, 23, 27, 41, 5, 11, 8, 38, 26, 27, 31, 36, 7, 30, 24, 5, 9, 25, 35, 39, 31, 7, 38, 26, 27, 36, 19, 27, 11, 7, 30, 34, 29, 30, 33, 13, 38, 36]"
L2_arctic_WAV/EBVS_arctic_a0145,"[16, 8, 26, 43, 40, 38, 4, 18, 27, 29, 7, 35, 24, 4, 30, 4, 40, 6, 7, 31, 43, 42, 6, 21, 8, 38, 8, 35, 40, 7, 35, 27, 27, 42, 4, 30, 27]","[16, 8, 26, 43, 24, 38, 4, 35, 27, 29, 7, 35, 24, 4, 30, 4, 6, 7, 31, 43, 42, 6, 21, 8, 38, 8, 35, 40, 7, 35, 27, 27, 36, 4, 30, 27]"
L2_arctic_WAV/EBVS_arctic_a0148,"[32, 16, 13, 6, 27, 42, 12, 8, 9, 42, 26, 43, 19, 18, 8, 32, 36, 38, 35, 14, 29, 19, 7, 19, 41, 8, 12, 8, 32, 26, 8, 31]","[32, 16, 13, 6, 27, 36, 38, 8, 9, 26, 5, 6, 40, 8, 32, 36, 38, 35, 14, 29, 19, 7, 19, 41, 8, 12, 8, 32, 26, 8, 31]"
L2_arctic_WAV/EBVS_arctic_a0154,"[26, 27, 41, 10, 42, 36, 31, 39, 6, 11, 21, 8, 40, 4, 32, 4, 32, 19, 26, 8, 42, 26, 7, 35, 4, 32, 19, 16, 8, 42, 41, 3, 18, 30, 43, 29]","[26, 27, 41, 10, 36, 36, 4, 31, 39, 12, 11, 21, 8, 40, 4, 32, 4, 32, 25, 26, 8, 36, 26, 7, 35, 4, 32, 16, 8, 36, 41, 3, 18, 30, 43, 29]"
L2_arctic_WAV/EBVS_arctic_a0159,"[6, 21, 8, 30, 13, 29, 43, 42, 6, 33, 13, 26, 27, 26, 43, 19, 18, 8, 32, 19, 35, 14, 31, 8, 9, 4, 34, 27, 43, 32, 4, 10, 30, 26, 8, 42, 30, 16, 8, 24]","[6, 21, 8, 30, 13, 29, 43, 36, 12, 35, 33, 13, 26, 27, 26, 43, 19, 18, 8, 32, 19, 35, 14, 31, 8, 9, 4, 34, 27, 43, 32, 4, 10, 30, 26, 8, 30, 16, 8, 24]"
L2_arctic_WAV/EBVS_arctic_a0170,"[6, 7, 35, 41, 14, 42, 32, 14, 32, 14, 40, 6, 4, 20, 10, 8, 14, 40, 31, 27, 38, 8, 9, 8, 32, 26, 8, 42, 24, 21, 8, 36]","[19, 7, 35, 41, 14, 36, 32, 33, 13, 32, 14, 24, 19, 4, 20, 10, 8, 14, 40, 31, 27, 38, 8, 9, 8, 26, 8, 42, 24, 21, 8, 36]"
L2_arctic_WAV/EBVS_arctic_a0176,"[24, 10, 35, 6, 4, 24, 3, 36, 38, 38, 16, 8, 31, 8, 32, 26, 8, 42, 30, 16, 8, 24, 26, 27, 41, 10, 42, 28, 3, 32, 8, 9, 24, 10, 35, 4, 36, 29, 35, 43, 34]","[24, 10, 35, 6, 4, 24, 3, 36, 38, 16, 8, 31, 8, 26, 8, 42, 30, 16, 8, 26, 27, 41, 10, 36, 20, 3, 32, 8, 9, 24, 10, 35, 4, 36, 29, 35, 43]"
L2_arctic_WAV/EBVS_arctic_a0178,"[7, 40, 35, 27, 18, 33, 13, 32, 8, 32, 26, 3, 21, 8, 20, 19, 18, 5, 19, 27, 36, 27, 31, 19, 18, 35, 33, 13, 29, 4, 32, 10, 35, 19, 8, 36, 30, 33, 13, 29, 21, 8, 38, 8, 19]","[7, 40, 35, 27, 18, 10, 32, 8, 26, 3, 21, 8, 15, 19, 18, 5, 19, 27, 36, 27, 31, 4, 19, 18, 35, 33, 13, 29, 4, 32, 10, 35, 19, 8, 12, 30, 33, 13, 29, 21, 8, 38]"
L2_arctic_WAV/EBVS_arctic_a0185,"[6, 4, 29, 41, 7, 36, 37, 4, 32, 42, 31, 21, 8, 26, 43, 40, 29, 14, 31, 40, 21, 8, 25, 30, 27, 8, 32, 26, 8, 42, 31, 16, 8, 32, 19]","[19, 4, 29, 41, 7, 36, 37, 4, 32, 31, 21, 8, 26, 5, 24, 29, 14, 31, 18, 5, 25, 13, 30, 27, 8, 26, 8, 42, 31, 16, 8, 32]"
L2_arctic_WAV/EBVS_arctic_a0191,"[24, 10, 35, 4, 38, 16, 8, 31, 6, 27, 8, 29, 36, 16, 8, 38, 8, 9, 12, 35, 8, 30, 14, 40, 26, 8, 42, 4, 19, 40, 7, 32, 37, 3, 41, 5, 42, 25, 10, 32]","[24, 10, 35, 4, 38, 16, 8, 31, 6, 27, 8, 29, 36, 16, 8, 38, 8, 9, 37, 35, 8, 30, 14, 24, 26, 8, 36, 4, 19, 40, 7, 32, 37, 3, 41, 5, 42, 25, 10, 32]"
L2_arctic_WAV/EBVS_arctic_a0198,"[36, 14, 31, 38, 16, 8, 31, 42, 26, 3, 19, 35, 27, 31, 42, 41, 3, 24, 8, 30, 19, 41, 8, 6, 40, 8, 15, 4, 32, 42]","[36, 14, 31, 38, 16, 8, 31, 36, 26, 3, 19, 35, 27, 31, 36, 41, 3, 24, 8, 30, 19, 41, 8, 6, 40, 8, 11, 4, 32, 36]"
L2_arctic_WAV/EBVS_arctic_a0210,"[8, 38, 36, 19, 16, 8, 43, 31, 4, 38, 3, 41, 14, 42, 32, 5, 38, 31, 10, 35, 6, 43, 32, 38, 39, 26, 14, 32, 19, 35, 4, 19, 28, 5, 35, 19, 42]","[8, 38, 36, 19, 27, 5, 31, 4, 38, 3, 41, 14, 36, 32, 10, 31, 10, 35, 6, 43, 32, 38, 39, 26, 14, 32, 19, 35, 4, 19, 28, 5, 35, 19, 42]"
L2_arctic_WAV/EBVS_arctic_a0212,"[24, 35, 7, 11, 29, 21, 8, 36, 8, 42, 36, 38, 8, 30, 21, 8, 18, 4, 30, 38, 39, 41, 10, 29, 6, 21, 8, 29, 30, 14, 36, 38, 3, 19, 4, 18, 16, 13, 38, 6, 4, 36, 34, 33, 13, 29, 36, 31, 4, 32]","[24, 35, 7, 11, 29, 21, 8, 36, 8, 36, 7, 36, 38, 8, 30, 21, 8, 40, 4, 30, 38, 39, 41, 10, 29, 6, 21, 8, 29, 30, 13, 36, 38, 3, 19, 4, 40, 16, 13, 38, 6, 4, 36, 34, 10, 29, 36, 31, 4, 32]"
L2_arctic_WAV/EBVS_arctic_a0227,"[8, 38, 41, 14, 42, 6, 4, 36, 21, 8, 31, 41, 21, 8, 41, 8, 12, 16, 13, 35, 35, 8, 40, 5, 30, 40, 3, 42, 4, 32, 19, 35, 16, 8, 24, 4, 30, 42]","[8, 41, 14, 42, 6, 4, 36, 21, 8, 31, 41, 21, 8, 41, 8, 38, 16, 13, 35, 35, 8, 40, 10, 30, 40, 3, 36, 4, 32, 35, 16, 8, 24, 4, 30, 7, 36]"
L2_arctic_WAV/EBVS_arctic_a0233,"[16, 8, 32, 7, 40, 3, 4, 30, 16, 13, 41, 14, 38, 29, 43, 32, 38, 18, 27, 37, 21, 8, 32, 20, 19, 38, 39, 4, 32, 10, 8, 31, 27]","[16, 8, 32, 7, 40, 3, 4, 30, 33, 13, 41, 14, 38, 29, 5, 32, 18, 27, 37, 21, 8, 32, 19, 38, 39, 4, 32, 10, 8, 31, 27]"
L2_arctic_WAV/EBVS_arctic_a0254,"[36, 38, 35, 21, 8, 38, 16, 13, 38, 6, 21, 8, 36, 41, 5, 31, 6, 7, 35, 26, 7, 19, 42, 25, 35, 33, 13, 8, 9, 36, 31, 10, 30, 3, 43, 32, 19, 36, 31, 10, 30, 3]","[36, 38, 35, 21, 8, 38, 16, 13, 38, 6, 19, 21, 8, 36, 41, 5, 31, 6, 7, 35, 26, 7, 19, 36, 25, 35, 33, 13, 8, 9, 36, 31, 10, 30, 3, 43, 32, 36, 31, 10, 30, 3]"
L2_arctic_WAV/EBVS_arctic_a0260,"[32, 33, 13, 18, 4, 19, 27, 32, 28, 39, 26, 8, 42, 26, 8, 36, 38, 3, 27, 6, 21, 8, 14, 40, 6, 4, 26, 13, 32, 38, 4, 30, 27, 36, 38, 14, 40, 10, 30]","[32, 33, 13, 40, 10, 19, 27, 32, 28, 39, 26, 8, 36, 26, 8, 36, 38, 3, 27, 6, 21, 8, 14, 24, 6, 4, 26, 13, 32, 38, 4, 30, 27, 36, 38, 14, 24, 10, 30]"
L2_arctic_WAV/EBVS_arctic_a0265,"[6, 4, 19, 8, 36, 29, 14, 40, 3, 27, 36, 27, 31, 19, 38, 39, 26, 43, 40, 18, 8, 32, 31, 21, 8, 19, 5, 32, 6, 4, 36, 34, 3, 4, 40, 6, 4, 31, 33, 13, 31, 4, 32, 38]","[6, 4, 19, 8, 36, 29, 10, 40, 3, 27, 36, 27, 31, 14, 32, 38, 39, 26, 5, 40, 40, 8, 32, 31, 21, 8, 19, 5, 40, 6, 4, 36, 34, 3, 4, 40, 6, 4, 31, 10, 31, 4, 32, 38]"
L2_arctic_WAV/EBVS_arctic_a0269,"[6, 43, 38, 36, 41, 7, 35, 6, 21, 8, 29, 14, 38, 10, 24, 6, 27, 36, 29, 5, 38, 8, 11, 37, 27, 24, 36, 4, 32, 19, 29, 8, 30, 19, 10, 30, 26, 43, 32, 42]","[19, 43, 36, 41, 7, 35, 19, 21, 8, 29, 14, 38, 10, 24, 19, 7, 36, 29, 10, 38, 8, 11, 37, 27, 24, 4, 32, 29, 8, 30, 7, 19, 10, 30, 26, 5, 32, 36]"
L2_arctic_WAV/EBVS_arctic_a0271,"[32, 16, 13, 34, 30, 27, 42, 25, 8, 40, 4, 34, 30, 21, 8, 32, 36, 38, 21, 8, 38, 31, 4, 32, 38, 14, 40, 26, 41, 14, 38, 4, 29, 3, 19]","[32, 16, 13, 34, 30, 27, 36, 25, 8, 24, 4, 34, 30, 21, 8, 32, 36, 38, 21, 8, 31, 4, 32, 38, 10, 24, 25, 41, 14, 38, 10, 29, 3, 38]"
L2_arctic_WAV/EBVS_arctic_a0295,"[43, 32, 19, 38, 41, 7, 32, 38, 27, 31, 7, 32, 29, 13, 19, 26, 33, 13, 30, 19, 8, 38, 41, 8, 6, 36, 34, 8, 35, 42, 4, 32, 19, 43, 35, 33, 13, 42]","[43, 32, 38, 41, 7, 32, 38, 27, 31, 7, 32, 29, 13, 26, 33, 13, 30, 8, 38, 41, 8, 38, 7, 36, 34, 8, 35, 42, 4, 32, 5, 35, 10, 36]"
L2_arctic_WAV/EBVS_arctic_a0298,"[6, 8, 36, 38, 43, 36, 8, 38, 34, 35, 5, 31, 4, 36, 14, 40, 29, 4, 32, 38, 8, 32, 28, 39, 19, 4, 29, 41, 21, 8, 32, 38, 4, 32, 36, 25, 21, 8, 40, 36, 43, 29, 36, 4, 32, 4, 30, 8, 38, 4, 30, 20, 10, 8, 12, 35, 8, 30]","[19, 8, 36, 38, 5, 36, 8, 34, 35, 5, 31, 16, 8, 36, 14, 24, 29, 10, 32, 38, 8, 32, 28, 39, 19, 4, 29, 28, 8, 38, 4, 32, 36, 25, 21, 8, 24, 36, 43, 29, 36, 4, 32, 4, 30, 8, 38, 4, 30, 20, 10, 38, 35, 8, 30]"
L2_arctic_WAV/EBVS_arctic_a0299,"[16, 8, 38, 7, 30, 28, 39, 16, 8, 43, 31, 19, 8, 36, 25, 14, 36, 38, 4, 19, 41, 8, 6, 6, 8, 36, 4, 19, 40, 7, 32, 37, 3, 38, 5, 31, 24, 39, 30, 3, 27, 4, 32, 19, 35, 5, 38]","[16, 8, 38, 7, 30, 28, 39, 16, 8, 43, 31, 19, 8, 42, 25, 14, 36, 38, 4, 19, 41, 8, 6, 8, 36, 4, 19, 40, 7, 32, 37, 3, 38, 5, 31, 24, 10, 35, 30, 27, 4, 32, 35, 10, 38]"
L2_arctic_WAV/EBVS_arctic_a0300,"[24, 35, 14, 31, 31, 16, 8, 3, 30, 27, 4, 36, 38, 35, 7, 29, 4, 30, 7, 29, 11, 4, 32, 31, 16, 8, 36, 30, 27, 34, 41, 10, 42, 4, 34, 8, 35, 27, 4, 19, 14, 40, 38, 7, 35, 3]","[24, 35, 14, 31, 31, 16, 8, 3, 30, 27, 4, 36, 35, 7, 29, 4, 30, 7, 29, 11, 4, 32, 31, 16, 8, 12, 30, 27, 34, 41, 10, 36, 4, 34, 7, 35, 27, 4, 19, 14, 24, 38, 7, 35, 3]"
L2_arctic_WAV/EBVS_arctic_a0303,"[18, 14, 38, 6, 21, 8, 31, 21, 8, 29, 6, 4, 31, 8, 36, 38, 21, 8, 29, 14, 40, 8, 25, 32, 10, 35, 8, 9, 6, 7, 35, 33, 13, 32, 19, 39, 43, 30, 4, 38, 27]","[18, 14, 19, 21, 8, 31, 21, 8, 29, 6, 4, 31, 8, 36, 38, 21, 8, 29, 14, 24, 8, 32, 10, 35, 8, 9, 6, 7, 35, 10, 32, 19, 39, 5, 30, 4, 38, 8, 36]"
L2_arctic_WAV/EBVS_arctic_a0320,"[41, 8, 6, 31, 16, 8, 36, 38, 35, 7, 9, 29, 12, 16, 8, 36, 30, 43, 31, 19, 8, 38, 24, 13, 30, 8, 32, 38, 4, 35, 7, 19, 16, 8, 42, 24, 21, 8, 36]","[25, 41, 8, 19, 31, 16, 8, 36, 38, 35, 7, 9, 29, 38, 16, 8, 36, 30, 43, 31, 38, 8, 32, 38, 13, 24, 13, 38, 35, 7, 19, 16, 8, 35, 7, 32, 36, 24, 21, 8, 36]"
L2_arctic_WAV/EBVS_arctic_a0363,"[8, 38, 8, 42, 32, 5, 38, 4, 32, 4, 38, 7, 31, 34, 38, 38, 4, 36, 31, 43, 11, 6, 4, 31, 5, 35, 29, 4, 38]","[8, 38, 8, 42, 32, 5, 38, 5, 9, 38, 7, 31, 38, 4, 7, 36, 31, 5, 11, 19, 4, 31, 5, 35, 29, 4, 38]"
L2_arctic_WAV/EBVS_arctic_a0369,"[8, 32, 34, 5, 35, 38, 32, 3, 11, 8, 34, 41, 8, 6, 19, 21, 8, 30, 16, 8, 38, 6, 4, 34, 7, 35, 35, 21, 8, 19, 8, 19, 6, 4, 36, 43, 32, 26, 33, 13, 42, 21, 8, 8, 32, 38, 3, 3, 18, 4, 32]","[8, 32, 18, 5, 35, 38, 32, 3, 11, 8, 38, 41, 8, 19, 19, 16, 8, 30, 8, 38, 19, 4, 18, 7, 35, 35, 21, 8, 19, 8, 19, 19, 4, 36, 43, 9, 26, 33, 13, 36, 21, 8, 8, 32, 38, 3, 3, 18, 4, 32]"
L2_arctic_WAV/EBVS_arctic_a0401,"[6, 4, 31, 43, 32, 36, 31, 16, 8, 30, 19, 25, 35, 8, 31, 30, 27, 4, 32, 19, 18, 35, 10, 38, 4, 26, 43, 37, 4, 38, 4, 32, 19, 4, 29, 30, 14, 18]","[19, 4, 31, 5, 9, 36, 31, 16, 8, 30, 25, 35, 8, 31, 30, 27, 4, 31, 18, 35, 33, 13, 38, 4, 26, 5, 37, 4, 38, 36, 4, 9, 4, 29, 30, 14, 18]"
L2_arctic_WAV/EBVS_arctic_a0416,"[6, 4, 43, 19, 4, 19, 41, 21, 8, 38, 26, 43, 19, 4, 40, 4, 30, 5, 36, 4, 38, 27, 14, 40, 24, 8, 24, 38, 27, 32, 31, 16, 8, 4, 30, 42, 34, 3, 16, 13, 35]","[6, 4, 5, 19, 4, 19, 41, 21, 8, 26, 5, 40, 4, 40, 4, 30, 5, 36, 4, 38, 27, 10, 24, 24, 8, 24, 38, 27, 9, 31, 16, 8, 4, 30, 36, 18, 3, 16, 13, 35]"
L2_arctic_WAV/EBVS_arctic_a0441,"[40, 16, 8, 4, 30, 4, 32, 38, 30, 16, 8, 24, 4, 32, 19, 43, 12, 30, 7, 38, 8, 29, 36, 34, 10, 35, 38, 36, 26, 43, 19, 32, 7, 40, 3, 4, 34, 27, 30, 19, 38, 4, 31, 27]","[40, 16, 8, 4, 30, 4, 32, 38, 30, 16, 8, 24, 4, 9, 43, 12, 30, 7, 38, 27, 29, 7, 36, 34, 10, 35, 26, 5, 6, 32, 7, 40, 3, 4, 34, 27, 30, 27, 19, 38, 4, 31, 27]"
L2_arctic_WAV/EBVS_arctic_a0487,"[6, 4, 35, 8, 40, 3, 18, 7, 35, 19, 8, 38, 36, 18, 13, 42, 4, 31, 4, 32, 19, 36, 32, 10, 35, 38, 8, 9, 36, 38, 27, 31, 18, 33, 13, 38, 36, 37, 43, 30, 4, 32, 20, 19, 6, 4, 41, 8, 30, 19, 3, 32, 4, 36]","[6, 4, 35, 8, 40, 3, 18, 35, 35, 38, 8, 42, 18, 13, 42, 4, 31, 4, 9, 26, 31, 10, 35, 38, 8, 9, 7, 36, 38, 27, 31, 18, 33, 13, 38, 36, 37, 5, 30, 4, 32, 11, 8, 19, 6, 7, 41, 8, 30, 19, 3, 32, 7, 36]"
L2_arctic_WAV/EBVS_arctic_a0500,"[26, 39, 6, 4, 19, 7, 40, 4, 30, 25, 21, 8, 40, 8, 38, 38, 8, 28, 39, 38, 4, 18, 27, 20, 14, 20, 4, 32, 19, 20, 13, 35, 27]","[26, 39, 19, 4, 19, 7, 40, 8, 30, 25, 21, 8, 24, 27, 38, 38, 8, 20, 39, 38, 4, 18, 27, 20, 13, 37, 4, 26, 20, 13, 35, 27]"
L2_arctic_WAV/EBVS_arctic_a0548,"[10, 30, 36, 33, 13, 37, 3, 37, 4, 42, 4, 32, 19, 34, 35, 27, 37, 3, 42, 16, 8, 26, 43, 19, 32, 7, 40, 3, 32, 33, 13, 32]","[10, 30, 36, 33, 13, 37, 3, 37, 4, 36, 4, 31, 18, 35, 27, 37, 3, 36, 16, 8, 26, 5, 19, 32, 7, 40, 3, 32, 33, 13, 9]"
L2_arctic_WAV/EBVS_arctic_a0556,"[26, 41, 16, 8, 26, 27, 42, 18, 10, 38, 24, 10, 35, 38, 27, 34, 16, 13, 32, 42, 14, 40, 25, 13, 19, 42, 24, 35, 14, 31, 28, 39, 10, 30, 35, 7, 19, 27]","[26, 41, 16, 8, 26, 27, 36, 18, 33, 13, 24, 10, 35, 38, 27, 18, 10, 32, 36, 10, 40, 25, 39, 19, 36, 24, 35, 10, 31, 28, 39, 10, 30, 35, 7, 19, 27]"
L2_arctic_WAV/EBVS_arctic_b0019,"[26, 8, 42, 36, 30, 8, 31, 26, 43, 32, 19, 42, 25, 35, 8, 34, 38, 6, 27, 7, 20, 4, 42, 14, 40, 6, 4, 38, 21, 8, 18, 4, 30]","[36, 30, 27, 31, 26, 5, 32, 36, 25, 35, 27, 34, 4, 38, 19, 7, 20, 36, 14, 40, 6, 4, 19, 21, 8, 18, 4, 35]"
L2_arctic_WAV/EBVS_arctic_b0042,"[38, 7, 32, 31, 8, 32, 4, 38, 36, 26, 43, 19, 32, 5, 38, 8, 30, 43, 34, 36, 38, 36, 8, 32, 36, 26, 27, 26, 43, 19, 19, 35, 5, 34, 38, 6, 4, 26, 43, 9, 29, 3, 37, 27, 24]","[38, 7, 32, 31, 8, 32, 4, 38, 36, 26, 5, 19, 32, 5, 38, 8, 30, 43, 34, 36, 38, 36, 27, 32, 36, 26, 27, 26, 5, 38, 19, 35, 5, 34, 8, 38, 6, 7, 26, 5, 9, 29, 3, 37, 27, 24]"
L2_arctic_WAV/EBVS_arctic_b0070,"[6, 7, 35, 41, 5, 42, 32, 33, 13, 37, 43, 32, 36, 38, 4, 24, 16, 8, 3, 41, 8, 6, 16, 13, 38, 26, 8, 38, 8, 9, 26, 8, 31]","[19, 7, 35, 41, 4, 35, 32, 33, 13, 37, 5, 32, 36, 38, 4, 24, 16, 8, 41, 8, 19, 16, 13, 38, 26, 27, 38, 27, 9, 26, 27, 31]"
L2_arctic_WAV/EBVS_arctic_b0150,"[43, 32, 19, 26, 27, 41, 14, 42, 24, 8, 30, 19, 41, 8, 12, 4, 36, 38, 35, 21, 8, 32, 20, 43, 32, 19, 24, 10, 35, 18, 33, 13, 19, 8, 9, 24, 8, 35]","[5, 9, 26, 27, 41, 14, 36, 24, 27, 30, 27, 19, 41, 27, 38, 4, 36, 38, 35, 21, 8, 32, 5, 9, 24, 10, 35, 18, 35, 27, 9, 24, 8, 35]"
L2_arctic_WAV/EBVS_arctic_b0187,"[26, 3, 35, 4, 37, 27, 40, 31, 4, 32, 38, 36, 41, 8, 12, 29, 33, 13, 29, 33, 13, 32, 14, 38, 36, 41, 3, 4, 35, 7, 40, 4, 30, 21, 8, 11, 4, 32]","[26, 3, 26, 7, 35, 4, 37, 27, 36, 31, 7, 32, 38, 41, 27, 38, 29, 33, 13, 29, 33, 13, 32, 27, 38, 36, 41, 3, 4, 35, 7, 30, 21, 8, 11, 4, 9]"
L2_arctic_WAV/EBVS_arctic_b0269,"[26, 41, 16, 8, 32, 5, 38, 7, 32, 27, 35, 21, 8, 30, 35, 33, 13, 19, 36, 38, 21, 8, 11, 4, 32, 10, 35, 24, 7, 35, 27, 19, 27, 34, 33, 13]","[26, 41, 16, 8, 32, 33, 13, 38, 7, 32, 27, 35, 33, 13, 19, 7, 36, 38, 21, 8, 11, 4, 32, 10, 35, 24, 3, 30, 27, 19, 27, 34, 33, 13, 38]"
L2_arctic_WAV/EBVS_arctic_b0279,"[26, 27, 25, 21, 8, 40, 41, 14, 32, 30, 43, 36, 36, 32, 5, 35, 30, 43, 32, 19, 36, 30, 8, 19, 24, 35, 14, 31, 40, 28, 39, 4, 31, 14, 9, 6, 4, 38, 35, 27, 42]","[26, 27, 25, 21, 8, 24, 41, 14, 32, 30, 43, 36, 36, 4, 31, 5, 35, 30, 5, 9, 7, 26, 30, 27, 19, 24, 35, 10, 31, 18, 28, 39, 4, 31, 10, 9, 19, 4, 38, 35, 27, 36]"
L2_arctic_WAV/EBVS_arctic_b0298,"[26, 8, 42, 26, 43, 32, 19, 11, 5, 38, 16, 13, 38, 4, 32, 19, 29, 30, 14, 37, 38, 29, 35, 13, 29, 4, 19, 30, 7, 25, 18, 16, 8, 6, 4, 32, 7, 29]","[26, 27, 36, 26, 5, 32, 11, 14, 38, 16, 13, 38, 4, 9, 29, 30, 14, 37, 29, 35, 13, 29, 4, 19, 30, 7, 26, 18, 16, 8, 19, 4, 32, 7, 29]"
L2_arctic_WAV/EBVS_arctic_b0304,"[26, 8, 42, 34, 35, 27, 40, 27, 4, 36, 41, 16, 8, 40, 42, 26, 43, 19, 32, 7, 40, 3, 30, 8, 40, 19, 30, 10, 9, 8, 32, 14, 24, 38, 4, 18, 7, 35, 26, 8, 31, 37, 8, 30, 19, 35, 4, 32]","[26, 27, 36, 18, 35, 27, 40, 27, 4, 42, 41, 16, 8, 24, 26, 5, 19, 32, 7, 40, 3, 30, 27, 19, 30, 10, 9, 23, 8, 32, 33, 13, 24, 38, 4, 18, 28, 14, 35, 26, 27, 31, 37, 27, 30, 35, 7, 9]"
L2_arctic_WAV/EBVS_arctic_b0413,"[26, 27, 31, 21, 8, 19, 8, 42, 16, 8, 3, 38, 8, 8, 36, 29, 21, 8, 34, 34, 21, 8, 32, 10, 35, 38, 39, 8, 32, 20, 10, 8, 34, 30, 7, 15, 3]","[26, 27, 31, 21, 8, 19, 8, 36, 5, 3, 38, 8, 8, 36, 29, 21, 8, 34, 18, 21, 8, 9, 10, 35, 38, 39, 8, 32, 28, 10, 8, 18, 30, 7, 11, 3]"
L2_arctic_WAV/EBVS_arctic_b0434,"[6, 4, 36, 38, 39, 3, 19, 26, 43, 42, 20, 14, 36, 38, 38, 7, 32, 19, 3, 19, 31, 27, 4, 35, 8, 36, 34, 7, 29, 38, 24, 4, 30, 18, 8, 38, 14, 40, 4, 19, 40, 16, 8, 36]","[19, 7, 36, 38, 39, 3, 26, 43, 36, 20, 14, 36, 38, 38, 7, 32, 19, 3, 31, 27, 4, 36, 3, 34, 7, 29, 38, 24, 39, 23, 18, 27, 38, 10, 24, 4, 19, 18, 16, 8, 36]"
L2_arctic_WAV/EBVS_arctic_b0461,"[18, 16, 8, 40, 3, 35, 37, 39, 14, 40, 6, 43, 38, 34, 16, 13, 3, 41, 27, 11, 43, 30, 35, 8, 31, 21, 8, 32, 8, 32, 34, 16, 13, 3]","[18, 16, 8, 18, 7, 23, 37, 35, 39, 10, 24, 19, 5, 38, 18, 16, 13, 3, 41, 27, 11, 43, 30, 35, 8, 31, 16, 8, 32, 27, 32, 18, 16, 13, 3]"
L2_arctic_WAV/EBVS_arctic_b0494,"[32, 7, 40, 3, 36, 33, 13, 36, 38, 35, 21, 8, 32, 20, 4, 34, 35, 5, 24, 4, 38, 29, 21, 8, 31, 14, 34, 38, 39, 20, 3, 39, 36, 4, 30, 4, 31]","[32, 7, 40, 3, 36, 33, 13, 36, 38, 35, 21, 8, 32, 37, 4, 34, 35, 33, 13, 24, 4, 38, 29, 5, 31, 14, 34, 38, 39, 20, 3, 39, 36, 4, 30, 7, 31]"
L2_arctic_WAV/EBVS_arctic_b0503,"[6, 4, 36, 7, 32, 38, 36, 14, 40, 36, 38, 35, 21, 8, 32, 20, 40, 7, 20, 4, 38, 21, 8, 11, 4, 32, 18, 30, 39, 10, 24, 6, 4, 38, 35, 5, 34, 8, 29, 30, 43, 32, 19]","[19, 4, 36, 7, 32, 38, 36, 10, 24, 7, 36, 38, 35, 21, 8, 32, 37, 18, 7, 20, 4, 38, 21, 8, 11, 4, 9, 18, 30, 39, 10, 24, 19, 4, 38, 35, 5, 34, 8, 29, 30, 5, 9]"
L2_arctic_WAV/EBVS_arctic_b0534,"[16, 8, 30, 38, 7, 30, 28, 39, 6, 4, 30, 16, 8, 18, 35, 7, 35, 27, 4, 32, 36, 7, 19, 41, 8, 12, 4, 18, 35, 16, 8, 38, 32, 8, 9, 24, 21, 8, 36]","[16, 8, 30, 38, 7, 30, 28, 39, 19, 4, 30, 16, 8, 18, 35, 7, 35, 27, 19, 27, 4, 32, 36, 21, 8, 19, 41, 27, 38, 4, 18, 35, 16, 8, 38, 32, 27, 9, 24, 21, 8, 36]"
L2_arctic_WAV/EBVS_arctic_b0538,"[43, 38, 6, 4, 18, 7, 36, 38, 6, 21, 8, 41, 3, 32, 7, 36, 4, 36, 7, 35, 27, 43, 29, 36, 7, 36, 3, 27, 42]","[43, 38, 19, 4, 18, 7, 36, 38, 19, 21, 8, 41, 3, 32, 7, 36, 4, 36, 7, 35, 27, 43, 29, 36, 7, 36, 3, 27, 36]"
L2_arctic_WAV/ERMS_arctic_a0003,"[24, 35, 3, 6, 4, 38, 41, 7, 32, 38, 27, 4, 12, 38, 16, 8, 31, 6, 43, 38, 27, 40, 32, 8, 9, 6, 4, 38, 39, 31, 7, 32, 11, 13, 29, 26, 43, 32, 42]","[24, 35, 3, 6, 4, 38, 41, 7, 32, 38, 27, 4, 12, 38, 16, 8, 31, 19, 43, 38, 27, 18, 27, 32, 8, 9, 19, 4, 38, 39, 31, 7, 9, 11, 13, 29, 26, 43, 32, 36]"
L2_arctic_WAV/ERMS_arctic_a0005,"[41, 8, 30, 41, 27, 7, 40, 3, 24, 3, 25, 7, 38, 8, 38]","[41, 8, 30, 41, 27, 7, 40, 3, 24, 3, 25, 7, 38, 8, 38]"
L2_arctic_WAV/ERMS_arctic_a0006,"[25, 5, 19, 18, 30, 7, 36, 4, 31, 16, 8, 26, 33, 13, 34, 16, 8, 30, 25, 33, 13, 10, 32, 36, 27, 8, 9, 6, 7, 31, 24, 3, 7, 40, 3]","[25, 5, 19, 18, 30, 7, 36, 4, 31, 16, 8, 26, 33, 13, 34, 16, 8, 30, 25, 33, 13, 33, 13, 32, 36, 27, 8, 9, 19, 7, 31, 24, 3, 7, 40, 3]"
L2_arctic_WAV/ERMS_arctic_a0007,"[4, 32, 19, 28, 39, 10, 30, 41, 27, 42, 41, 5, 32, 38, 38, 4, 36, 27, 8, 38, 8, 32, 6, 4, 36, 13, 34, 3, 30, 4, 38, 8, 40, 19, 8, 25, 35, 27]","[4, 32, 19, 28, 33, 13, 10, 30, 41, 27, 42, 41, 5, 32, 38, 32, 4, 36, 27, 8, 38, 8, 32, 6, 21, 8, 36, 13, 34, 3, 30, 4, 38, 8, 40, 19, 8, 25, 35, 27]"
L2_arctic_WAV/ERMS_arctic_a0008,"[25, 43, 19, 28, 13, 35, 30, 7, 38, 3, 29, 21, 8, 31, 20, 14, 36, 38, 8, 32, 38, 16, 8, 31]","[25, 43, 19, 28, 13, 35, 30, 7, 38, 3, 29, 21, 8, 31, 28, 14, 36, 38, 27, 32, 38, 16, 8, 31]"
L2_arctic_WAV/ERMS_arctic_a0010,"[16, 8, 31, 34, 30, 21, 8, 8, 9, 4, 36, 8, 9, 25, 4, 30, 26, 43, 32, 19, 8, 32, 41, 14, 38, 30, 13, 29, 36, 30, 16, 8, 29, 4, 30, 39, 42, 8, 9, 25, 21, 8, 31]","[16, 8, 31, 34, 30, 21, 8, 8, 9, 4, 36, 27, 9, 25, 4, 30, 26, 5, 32, 19, 8, 9, 41, 14, 38, 30, 13, 29, 36, 30, 16, 8, 29, 4, 30, 39, 36, 8, 9, 25, 21, 8, 31]"
L2_arctic_WAV/ERMS_arctic_a0011,"[8, 24, 16, 8, 7, 40, 3, 32, 27, 19, 8, 19, 4, 24, 16, 8, 38, 3, 8, 32, 31, 16, 8, 30, 16, 8, 24, 16, 8, 32, 27, 19, 41, 14, 32, 32, 16, 13]","[8, 24, 16, 8, 7, 18, 3, 32, 27, 19, 8, 19, 4, 24, 16, 8, 38, 3, 8, 9, 31, 16, 8, 30, 16, 8, 24, 16, 8, 32, 27, 19, 41, 14, 32, 32, 16, 13]"
L2_arctic_WAV/ERMS_arctic_a0013,"[26, 27, 41, 14, 42, 4, 26, 7, 19, 11, 10, 35, 38, 3, 6, 43, 32, 26, 8, 42, 29, 4, 31, 34, 43, 32, 28, 4, 32, 14, 40, 10, 30, 31, 33, 13, 36, 38, 19, 7, 30, 4, 29, 4, 38, 24, 4, 42, 27, 29]","[26, 27, 41, 14, 36, 4, 26, 7, 19, 37, 10, 35, 38, 3, 19, 43, 32, 26, 8, 36, 29, 4, 31, 34, 43, 32, 28, 4, 32, 14, 40, 10, 30, 31, 33, 13, 36, 38, 19, 7, 30, 4, 29, 21, 8, 38, 24, 24, 27, 36, 27, 29]"
L2_arctic_WAV/ERMS_arctic_a0018,"[6, 7, 35, 41, 4, 42, 4, 37, 21, 8, 32, 20, 32, 16, 13]","[19, 7, 35, 41, 4, 36, 4, 37, 21, 8, 32, 20, 32, 16, 13]"
L2_arctic_WAV/ERMS_arctic_a0019,"[16, 8, 24, 5, 30, 33, 13, 19, 6, 14, 30, 16, 8, 32, 14, 40, 6, 4, 34, 35, 4, 34, 33, 13, 42, 19, 35, 21, 8, 30, 35, 33, 13, 19, 30, 13, 29, 8, 9, 24, 3, 37, 43, 32, 36, 4, 42]","[16, 8, 24, 10, 30, 33, 13, 23, 19, 14, 30, 16, 8, 32, 14, 40, 19, 4, 34, 35, 4, 34, 33, 13, 36, 35, 21, 8, 35, 33, 13, 19, 30, 13, 29, 8, 9, 24, 3, 37, 43, 32, 36, 4, 36]"
L2_arctic_WAV/ERMS_arctic_a0020,"[29, 30, 14, 18, 42, 4, 32, 19, 18, 10, 30, 42, 4, 32, 19, 36, 8, 38, 27, 42, 25, 35, 39, 38, 39, 18, 27, 33, 13, 32, 30, 27, 31, 7, 31, 3, 35, 27, 42]","[29, 30, 14, 18, 36, 4, 32, 19, 18, 10, 30, 42, 4, 32, 19, 36, 27, 38, 27, 42, 25, 35, 39, 38, 39, 18, 27, 33, 13, 32, 30, 27, 31, 7, 31, 33, 13, 35, 27, 36]"
L2_arctic_WAV/ERMS_arctic_a0021,"[8, 38, 24, 7, 35, 30, 27, 29, 30, 14, 18, 19, 31, 27, 8, 32, 38, 39, 35, 7, 29, 4, 25, 32, 16, 8, 42, 8, 9, 8, 38]","[8, 38, 24, 7, 30, 27, 29, 30, 5, 18, 19, 31, 27, 27, 32, 38, 39, 35, 7, 29, 4, 25, 32, 16, 8, 36, 8, 9, 8, 38]"
L2_arctic_WAV/ERMS_arctic_a0022,"[26, 5, 35, 19, 30, 27, 41, 3, 5, 35, 34, 30, 43, 32, 42, 31, 21, 8, 19, 34, 14, 18, 30, 8, 29, 18, 8, 24, 10, 35, 41, 27, 41, 3, 31, 7, 38, 18, 16, 8, 34, 16, 13, 3, 24, 4, 30, 5, 34, 4, 42, 8, 11, 4, 32]","[26, 5, 19, 30, 27, 41, 3, 5, 35, 34, 30, 43, 32, 36, 31, 21, 8, 19, 34, 14, 18, 30, 8, 29, 18, 8, 24, 10, 41, 27, 41, 3, 31, 7, 38, 18, 16, 8, 34, 16, 13, 3, 24, 4, 30, 5, 34, 4, 36, 27, 11, 4, 32]"
L2_arctic_WAV/ERMS_arctic_a0023,"[4, 29, 5, 31, 18, 4, 32, 21, 8, 11, 4, 32, 14, 40, 29, 4, 32, 21, 8, 19, 27, 4, 32, 29, 43, 34, 4, 38, 4, 30, 29, 41, 8, 29, 30, 27, 10, 35, 25, 4, 32, 16, 8, 42, 19, 4, 32, 19, 34, 4, 38, 8, 11, 4, 32, 19, 24, 35, 3, 6, 4, 36, 21, 8, 31, 34, 35, 8, 40, 8, 30, 4, 20, 4, 42]","[4, 29, 5, 31, 18, 27, 32, 21, 8, 11, 4, 9, 14, 40, 29, 4, 32, 21, 8, 19, 27, 4, 32, 29, 43, 34, 8, 38, 4, 29, 41, 8, 29, 30, 27, 10, 35, 25, 4, 32, 16, 8, 36, 38, 4, 32, 19, 34, 4, 38, 27, 11, 4, 32, 19, 24, 35, 3, 6, 4, 36, 21, 8, 31, 34, 35, 8, 40, 8, 30, 4, 11, 4, 36]"
L2_arctic_WAV/ERMS_arctic_a0024,"[8, 38, 41, 14, 42, 31, 16, 8, 35, 8, 34, 10, 35, 38, 36, 24, 35, 14, 31, 6, 4, 32, 10, 35, 12, 26, 41, 8, 37, 37, 27, 24, 30, 27, 8, 32, 19, 39, 36, 38, 34, 27, 34, 4, 30, 38, 8, 18, 16, 8]","[8, 38, 41, 14, 36, 31, 16, 8, 35, 8, 34, 10, 35, 38, 36, 24, 35, 14, 31, 6, 4, 32, 10, 35, 38, 26, 41, 27, 37, 37, 27, 24, 30, 27, 8, 32, 19, 39, 36, 38, 34, 27, 34, 4, 30, 38, 8, 18, 16, 8]"
L2_arctic_WAV/ERMS_arctic_a0025,"[16, 8, 41, 14, 42, 4, 18, 16, 13, 38, 38, 39, 19, 39, 6, 8, 36, 26, 41, 7, 32, 29, 39, 30, 3, 20, 14, 20, 31, 4, 32, 38, 34, 35, 8, 40, 21, 8, 30, 19]","[16, 8, 41, 14, 36, 4, 18, 16, 13, 38, 38, 39, 19, 39, 6, 27, 36, 26, 41, 7, 32, 29, 39, 30, 3, 20, 14, 20, 31, 4, 32, 38, 34, 35, 8, 18, 21, 8, 30, 38]"
L2_arctic_WAV/ERMS_arctic_a0026,"[8, 38, 4, 29, 3, 19, 38, 39, 31, 27, 6, 43, 38, 6, 7, 35, 41, 13, 19, 26, 43, 40, 38, 39, 18, 27, 43, 32, 4, 29, 16, 13, 32, 38, 8, 9]","[8, 38, 4, 29, 28, 3, 19, 38, 39, 31, 27, 19, 43, 38, 19, 7, 35, 41, 13, 19, 26, 5, 18, 38, 39, 18, 27, 43, 32, 4, 29, 10, 32, 38, 8, 9]"
L2_arctic_WAV/ERMS_arctic_a0027,"[38, 4, 31, 16, 8, 36, 3, 34, 35, 16, 8, 42, 26, 27, 18, 27, 25, 43, 32, 38, 4, 11, 33, 13, 43, 29, 11, 4, 30, 8, 32, 12, 39, 42, 27, 43, 42, 4, 31, 8, 32, 31, 16, 8, 24, 21, 8, 40, 3]","[38, 4, 31, 16, 8, 36, 3, 34, 35, 16, 8, 36, 26, 27, 18, 27, 25, 5, 32, 38, 4, 11, 33, 13, 43, 29, 11, 4, 30, 8, 32, 38, 39, 36, 27, 43, 36, 4, 31, 8, 32, 31, 16, 8, 24, 43, 40, 3]"
L2_arctic_WAV/ERMS_arctic_a0028,"[35, 5, 18, 3, 27, 18, 35, 16, 8, 18, 3, 27, 24, 35, 10, 19]","[35, 5, 18, 3, 27, 18, 35, 16, 8, 18, 3, 27, 24, 35, 10, 19]"
L2_arctic_WAV/ERMS_arctic_a0029,"[6, 7, 35, 24, 10, 35, 36, 8, 42, 41, 3, 10, 35, 7, 19, 27, 31, 39, 40, 8, 9, 8, 32, 38, 39, 6, 4, 32, 10, 35, 12, 29, 14, 32, 38, 35, 27]","[19, 7, 35, 24, 10, 35, 36, 8, 42, 41, 3, 10, 35, 7, 19, 27, 31, 39, 18, 8, 9, 27, 32, 38, 39, 19, 4, 32, 10, 35, 38, 29, 14, 32, 38, 35, 27]"
L2_arctic_WAV/ERMS_arctic_a0030,"[16, 8, 26, 43, 19, 24, 21, 8, 12, 8, 32, 6, 7, 31]","[16, 8, 26, 43, 19, 24, 21, 8, 38, 8, 32, 19, 7, 31]"
L2_arctic_WAV/ERMS_arctic_a0031,"[6, 21, 8, 41, 3, 12, 35, 27, 26, 14, 32, 19, 3, 19, 28, 5, 35, 19, 42, 4, 34, 5, 35, 38]","[19, 21, 8, 41, 3, 38, 35, 27, 26, 5, 32, 19, 3, 19, 28, 5, 35, 19, 36, 4, 34, 5, 35, 38]"
L2_arctic_WAV/ERMS_arctic_a0032,"[36, 8, 32, 36, 6, 7, 32, 36, 14, 31, 31, 8, 36, 38, 8, 35, 27, 4, 36, 24, 10, 35, 36, 26, 43, 42, 18, 8, 32, 24, 16, 8, 38, 8, 9, 14, 36, 43, 38, 7, 40, 3, 27, 36, 38, 7, 34]","[36, 27, 32, 42, 19, 7, 32, 36, 14, 31, 31, 8, 36, 38, 8, 35, 27, 4, 36, 24, 10, 35, 36, 26, 43, 42, 18, 8, 32, 24, 16, 8, 38, 8, 9, 14, 36, 43, 38, 7, 40, 3, 27, 36, 38, 7, 34]"
L2_arctic_WAV/ERMS_arctic_a0036,"[11, 27, 38, 3, 32, 19, 8, 32, 43, 38, 6, 4, 26, 33, 13, 38, 7, 30]","[11, 27, 38, 3, 32, 38, 8, 32, 43, 38, 19, 7, 26, 33, 13, 38, 7, 30]"
L2_arctic_WAV/ERMS_arctic_a0037,"[16, 8, 41, 14, 42, 6, 27, 33, 13, 32, 30, 27, 41, 14, 32, 26, 39, 35, 27, 31, 21, 8, 32, 19, 36, 8, 38, 8, 9]","[16, 8, 41, 14, 42, 6, 27, 33, 13, 32, 30, 27, 41, 5, 9, 26, 39, 35, 27, 31, 21, 8, 32, 38, 36, 27, 38, 27, 9]"
L2_arctic_WAV/ERMS_arctic_a0038,"[41, 8, 30, 26, 43, 40, 38, 4, 41, 5, 37, 5, 35, 37, 43, 32, 36, 8, 42]","[41, 8, 30, 26, 43, 18, 38, 4, 41, 5, 37, 5, 35, 37, 43, 32, 36, 8, 36]"
L2_arctic_WAV/ERMS_arctic_a0039,"[6, 4, 11, 8, 34, 11, 13, 19, 18, 27, 8, 32, 41, 8, 6, 8, 32, 4, 41, 27, 29, 3, 38, 7, 32, 19, 21, 8, 42]","[19, 4, 11, 27, 34, 11, 13, 19, 18, 27, 27, 9, 41, 8, 6, 27, 9, 4, 41, 27, 29, 3, 38, 7, 32, 19, 21, 8, 36]"
L2_arctic_WAV/ERMS_arctic_a0040,"[16, 8, 36, 4, 34, 33, 13, 42, 28, 39, 41, 14, 32, 19, 3, 41, 16, 8, 11, 27, 8, 42, 29, 14, 31, 8, 9, 14, 34, 26, 27, 35]","[16, 8, 36, 4, 34, 33, 13, 42, 28, 39, 41, 14, 32, 19, 3, 41, 16, 8, 11, 27, 8, 36, 29, 14, 31, 8, 9, 5, 34, 26, 27, 35]"
L2_arctic_WAV/ERMS_arctic_a0041,"[31, 27, 32, 41, 16, 8, 30, 16, 8, 30, 25, 33, 13, 16, 13, 38, 38, 4, 18, 35, 27, 6, 4, 36, 34, 7, 30]","[31, 27, 32, 41, 16, 8, 30, 16, 8, 30, 25, 33, 13, 16, 13, 38, 43, 42, 18, 35, 27, 19, 4, 36, 34, 7, 30]"
L2_arctic_WAV/ERMS_arctic_a0042,"[26, 16, 13, 29, 13, 19, 26, 27, 8, 29, 36, 34, 30, 21, 8, 32, 26, 8, 42, 34, 4, 42, 7, 11, 4, 32, 14, 40, 6, 4, 36, 29, 7, 37]","[26, 16, 13, 29, 13, 38, 26, 27, 8, 29, 36, 34, 30, 21, 8, 32, 26, 8, 42, 34, 4, 36, 7, 11, 4, 32, 36, 14, 40, 19, 8, 36, 29, 7, 37]"
L2_arctic_WAV/ERMS_arctic_a0045,"[26, 27, 31, 39, 40, 19, 4, 41, 21, 8, 43, 42, 29, 41, 16, 8, 4, 38, 30, 27, 7, 42, 26, 27, 26, 43, 19, 29, 14, 31]","[26, 27, 31, 39, 34, 4, 41, 21, 8, 43, 36, 29, 41, 16, 8, 4, 38, 30, 27, 7, 36, 26, 27, 26, 5, 38, 29, 14, 31]"
L2_arctic_WAV/ERMS_arctic_a0046,"[6, 27, 25, 3, 30, 24, 21, 8, 36, 38, 26, 8, 31, 26, 3, 16, 8, 42, 11, 16, 8, 32, 8, 9, 41, 8, 12, 36, 14, 19, 4, 32, 24, 8, 35]","[19, 27, 25, 3, 30, 24, 21, 8, 36, 26, 8, 31, 26, 3, 16, 8, 36, 11, 16, 8, 32, 8, 9, 41, 8, 38, 36, 14, 19, 4, 32, 24, 8, 35]"
L2_arctic_WAV/ERMS_arctic_a0047,"[29, 30, 33, 13, 36, 18, 8, 36, 16, 8, 19, 26, 8, 31, 25, 30, 27, 31, 19, 6, 27, 41, 16, 8, 38, 24, 43, 9, 42, 14, 40, 6, 4, 41, 13, 30, 24, 19, 10, 25]","[29, 30, 33, 13, 36, 18, 8, 36, 16, 8, 19, 26, 8, 31, 25, 30, 27, 31, 19, 19, 27, 41, 16, 8, 38, 24, 5, 9, 36, 14, 40, 19, 4, 41, 10, 30, 24, 19, 10, 29]"
L2_arctic_WAV/ERMS_arctic_a0048,"[26, 27, 30, 13, 29, 38, 43, 38, 6, 4, 26, 43, 9, 29, 3, 37, 27, 24, 31, 10, 35, 29, 30, 33, 13, 36, 30, 27]","[26, 27, 30, 13, 29, 38, 43, 38, 19, 4, 26, 5, 32, 29, 3, 37, 27, 24, 31, 10, 35, 29, 30, 33, 13, 36, 30, 27]"
L2_arctic_WAV/ERMS_arctic_a0051,"[6, 4, 30, 21, 8, 36, 41, 14, 42, 14, 40, 4, 19, 7, 30, 4, 29, 4, 38, 16, 8, 40, 3, 27, 29, 14, 30, 3, 24, 21, 8, 32, 38, 30, 27, 38, 8, 32, 38, 8, 19, 41, 8, 12, 28, 7, 30, 33, 13]","[19, 4, 30, 21, 8, 36, 41, 5, 36, 14, 40, 4, 19, 7, 30, 4, 29, 4, 38, 16, 8, 18, 3, 27, 29, 10, 30, 3, 24, 21, 8, 32, 38, 30, 27, 38, 27, 32, 38, 8, 19, 41, 8, 38, 28, 7, 30, 33, 13]"
L2_arctic_WAV/ERMS_arctic_a0052,"[8, 38, 41, 14, 42, 4, 29, 28, 13, 35, 27, 4, 36, 29, 33, 13, 8, 32, 36, 8, 19, 4, 32, 36]","[8, 38, 41, 14, 36, 4, 29, 28, 13, 35, 27, 4, 36, 29, 10, 8, 32, 36, 27, 19, 4, 32, 36]"
L2_arctic_WAV/ERMS_arctic_a0053,"[36, 14, 19, 4, 32, 30, 27, 26, 8, 42, 24, 8, 9, 25, 3, 42, 29, 30, 33, 13, 42, 19, 38, 16, 8, 38, 30, 27, 33, 13, 40, 3, 6, 4, 26, 43, 9, 29, 3, 37, 27, 24]","[36, 14, 19, 4, 32, 30, 27, 26, 8, 36, 24, 27, 9, 25, 3, 36, 29, 30, 33, 13, 36, 38, 16, 8, 38, 30, 27, 33, 13, 18, 3, 19, 4, 26, 5, 9, 29, 3, 37, 27, 24]"
L2_arctic_WAV/ERMS_arctic_a0054,"[6, 7, 35, 41, 14, 42, 32, 14, 12, 8, 9, 5, 32, 6, 4, 35, 5, 29]","[19, 7, 35, 41, 14, 36, 32, 14, 38, 8, 9, 5, 32, 19, 7, 35, 5, 29]"
L2_arctic_WAV/ERMS_arctic_a0058,"[16, 8, 29, 21, 8, 31, 24, 35, 3, 8, 32, 24, 3, 31, 21, 8, 11, 4, 32, 31, 10, 35, 16, 13, 38, 4, 40, 29, 28, 13, 35, 27, 5, 36, 4, 38, 27, 6, 43, 32, 7, 32, 27, 12, 8, 9, 7, 30, 36]","[16, 8, 29, 21, 8, 31, 24, 35, 3, 8, 32, 24, 3, 31, 21, 8, 11, 4, 32, 31, 10, 35, 16, 13, 38, 29, 28, 13, 35, 27, 5, 36, 4, 38, 27, 19, 43, 9, 7, 32, 27, 38, 8, 9, 7, 30, 36]"
L2_arctic_WAV/ERMS_arctic_a0059,"[26, 8, 42, 8, 31, 43, 29, 28, 39, 30, 8, 38, 4, 34, 8, 35, 4, 32, 36, 41, 14, 42, 25, 10, 32]","[26, 8, 36, 8, 31, 43, 29, 28, 39, 30, 8, 38, 4, 34, 8, 35, 4, 32, 36, 41, 5, 36, 25, 10, 32]"
L2_arctic_WAV/ERMS_arctic_a0060,"[7, 32, 27, 41, 21, 8, 32, 33, 13, 41, 14, 32, 36, 10, 26, 3, 30, 16, 8, 29, 6, 43, 38]","[7, 32, 27, 41, 21, 8, 32, 33, 13, 41, 5, 32, 36, 10, 26, 3, 30, 16, 8, 29, 19, 43, 38]"
L2_arctic_WAV/ERMS_arctic_a0062,"[6, 4, 31, 7, 32, 36, 38, 7, 35, 19, 8, 32, 38, 39, 27, 37, 14, 6, 3, 35, 42, 24, 21, 8, 36]","[19, 4, 31, 43, 32, 7, 36, 38, 7, 35, 19, 27, 32, 38, 39, 27, 37, 14, 6, 3, 35, 36, 24, 21, 8, 36]"
L2_arctic_WAV/ERMS_arctic_a0063,"[28, 7, 36, 8, 38, 41, 14, 42, 4, 31, 43, 32, 26, 39, 43, 36, 29, 38, 4, 36, 38, 35, 21, 8, 32, 20, 3]","[20, 7, 36, 8, 38, 41, 5, 36, 4, 31, 5, 32, 26, 39, 43, 36, 29, 38, 4, 36, 38, 35, 21, 8, 32, 28, 3]"
L2_arctic_WAV/ERMS_arctic_a0064,"[6, 4, 24, 10, 35, 12, 4, 32, 19, 24, 8, 24, 12, 19, 21, 8, 42, 34, 43, 36, 38, 41, 8, 6, 16, 13, 38, 7, 32, 27, 19, 8, 40, 7, 30, 4, 34, 31, 4, 32, 38, 36]","[19, 4, 24, 10, 35, 38, 5, 9, 24, 27, 24, 38, 19, 21, 8, 36, 34, 43, 36, 38, 41, 8, 6, 16, 13, 38, 7, 32, 27, 19, 7, 18, 7, 30, 4, 34, 31, 4, 32, 38, 36]"
L2_arctic_WAV/ERMS_arctic_a0065,"[6, 21, 8, 29, 30, 33, 13, 42, 19, 32, 16, 13, 4, 32, 38, 8, 30, 26, 8, 42, 24, 8, 9, 25, 3, 42, 41, 3, 30, 16, 8, 29, 29, 10, 35, 19, 42, 14, 40, 36, 38, 27, 30]","[19, 21, 8, 29, 30, 33, 13, 36, 32, 16, 13, 4, 32, 38, 27, 26, 8, 36, 24, 27, 9, 25, 3, 36, 41, 3, 30, 16, 8, 29, 29, 10, 35, 19, 36, 14, 40, 36, 38, 27, 30]"
L2_arctic_WAV/ERMS_arctic_a0067,"[11, 13, 35, 30, 27, 16, 8, 41, 4, 30, 8, 29, 36, 29, 28, 39, 42, 28, 39, 11, 27, 29, 35, 16, 8, 19]","[11, 13, 35, 30, 27, 16, 8, 41, 27, 30, 8, 29, 36, 29, 28, 39, 36, 28, 39, 11, 27, 29, 35, 16, 8, 38]"
L2_arctic_WAV/ERMS_arctic_a0071,"[26, 41, 14, 38, 41, 14, 42, 6, 27, 5, 18, 20, 7, 29, 38, 14, 40, 28, 13, 35, 30, 8, 38, 4, 30, 36, 7, 32, 36, 21, 8, 11, 4, 32]","[26, 41, 14, 38, 41, 14, 42, 42, 7, 5, 18, 20, 7, 29, 14, 40, 28, 13, 35, 30, 27, 38, 4, 30, 36, 7, 32, 36, 21, 8, 11, 4, 32, 38]"
L2_arctic_WAV/ERMS_arctic_a0073,"[6, 4, 34, 35, 4, 31, 33, 13, 38, 3, 42, 16, 8, 42, 41, 3, 26, 7, 40, 27, 41, 8, 12, 30, 8, 38, 4, 30, 34, 14, 24, 27, 18, 43, 25, 42, 14, 32, 19, 3, 6, 7, 31]","[19, 4, 34, 35, 4, 31, 33, 13, 38, 3, 36, 16, 8, 36, 41, 3, 26, 7, 18, 27, 41, 8, 38, 30, 27, 38, 4, 30, 24, 18, 5, 24, 27, 18, 5, 25, 36, 14, 32, 19, 3, 19, 7, 31]"
L2_arctic_WAV/ERMS_arctic_a0075,"[6, 7, 35, 26, 43, 42, 18, 8, 32, 4, 37, 21, 8, 32, 20, 11, 27, 8, 32, 38, 3, 14, 34, 38, 8, 19, 26, 8, 31]","[19, 7, 35, 26, 43, 36, 18, 27, 9, 4, 37, 21, 8, 32, 20, 11, 27, 8, 32, 38, 3, 14, 34, 38, 26, 8, 31]"
L2_arctic_WAV/ERMS_arctic_a0076,"[6, 4, 25, 35, 21, 8, 16, 8, 42, 24, 5, 30, 38, 3, 19, 6, 4, 24, 30, 14, 11, 19, 27, 34, 4, 32, 19]","[19, 4, 25, 35, 21, 8, 19, 16, 8, 36, 24, 5, 30, 38, 3, 19, 19, 4, 24, 30, 14, 11, 19, 27, 34, 4, 32, 19]"
L2_arctic_WAV/ERMS_arctic_a0077,"[8, 38, 8, 42, 6, 4, 24, 16, 8, 3, 34, 5, 35, 38, 30, 27, 11, 27, 36, 7, 19]","[8, 38, 8, 42, 6, 4, 24, 16, 8, 3, 34, 5, 35, 38, 30, 27, 11, 27, 36, 7, 19]"
L2_arctic_WAV/ERMS_arctic_a0078,"[6, 7, 32, 4, 32, 19, 43, 38, 36, 14, 34, 3, 26, 27, 38, 35, 16, 8, 19, 38, 4, 24, 43, 6, 4, 31, 26, 3]","[6, 7, 32, 5, 32, 19, 43, 38, 36, 5, 34, 3, 26, 27, 38, 35, 16, 8, 19, 38, 4, 24, 5, 19, 10, 31, 26, 3]"
L2_arctic_WAV/ERMS_arctic_a0079,"[8, 38, 41, 14, 42, 4, 30, 5, 35, 20, 29, 4, 32, 39]","[8, 38, 41, 14, 42, 4, 30, 5, 35, 15, 29, 4, 32, 39, 7]"
L2_arctic_WAV/ERMS_arctic_a0081,"[26, 41, 14, 38, 8, 24, 11, 27, 19, 8, 19, 32, 5, 38, 29, 14, 31, 38, 4, 6, 4, 35, 5, 29]","[26, 41, 14, 38, 27, 24, 11, 27, 19, 27, 19, 32, 5, 38, 29, 14, 31, 38, 4, 19, 4, 35, 5, 29]"
L2_arctic_WAV/ERMS_arctic_a0082,"[26, 8, 42, 24, 21, 8, 36, 41, 14, 42, 36, 38, 35, 27, 31, 8, 9, 41, 8, 12, 18, 30, 14, 19]","[26, 8, 42, 24, 21, 8, 41, 14, 36, 36, 38, 35, 27, 31, 8, 9, 41, 27, 19, 18, 30, 14, 19]"
L2_arctic_WAV/ERMS_arctic_a0085,"[4, 38, 35, 8, 29, 4, 30, 14, 40, 24, 35, 7, 11, 18, 30, 14, 19, 35, 43, 32, 33, 13, 40, 3, 26, 8, 42, 24, 21, 8, 36]","[4, 36, 35, 27, 29, 4, 30, 14, 40, 24, 30, 7, 11, 18, 30, 14, 19, 35, 5, 32, 10, 18, 3, 26, 8, 42, 24, 21, 8, 36]"
L2_arctic_WAV/ERMS_arctic_a0086,"[19, 7, 12, 26, 43, 19, 29, 14, 31, 41, 8, 6, 38, 7, 35, 4, 18, 4, 30, 36, 14, 19, 4, 32, 32, 4, 36]","[19, 7, 38, 26, 5, 19, 29, 5, 31, 41, 27, 19, 38, 7, 35, 4, 18, 4, 30, 36, 5, 19, 5, 32, 32, 4, 36]"
L2_arctic_WAV/ERMS_arctic_a0088,"[26, 27, 31, 21, 8, 19, 11, 13, 35, 6, 4, 38, 6, 4, 31, 43, 25, 4, 42, 27, 32, 41, 14, 42, 30, 33, 13, 19, 4, 19, 4, 32, 19, 35, 8, 42, 39, 31, 19, 26, 8, 42, 34, 43, 19, 30, 8, 9]","[26, 27, 31, 21, 8, 19, 11, 13, 35, 19, 5, 38, 19, 4, 31, 43, 25, 4, 36, 27, 32, 41, 14, 36, 30, 33, 13, 38, 5, 32, 19, 35, 8, 36, 27, 4, 31, 26, 27, 36, 34, 5, 6, 30, 8, 9]"
L2_arctic_WAV/ERMS_arctic_a0089,"[6, 4, 32, 16, 8, 38, 25, 30, 33, 13, 41, 14, 42, 38, 35, 7, 37, 3, 4, 36, 38, 4, 11, 39, 38, 18, 16, 8]","[19, 7, 32, 16, 8, 38, 25, 30, 33, 13, 41, 14, 36, 38, 35, 27, 37, 3, 4, 36, 38, 4, 11, 39, 38, 18, 16, 8]"
L2_arctic_WAV/ERMS_arctic_a0090,"[6, 4, 36, 8, 9, 8, 9, 40, 10, 8, 36, 4, 34, 35, 33, 13, 37, 38, 35, 43, 34, 4, 19, 30, 27]","[19, 7, 36, 27, 9, 25, 27, 31, 18, 10, 8, 36, 4, 34, 35, 33, 13, 37, 35, 5, 34, 4, 19, 30, 27]"
L2_arctic_WAV/ERMS_arctic_a0091,"[26, 8, 42, 18, 30, 14, 19, 25, 35, 39, 26, 5, 38, 41, 8, 6, 35, 21, 8, 20, 43, 38, 6, 4, 12, 10, 38]","[26, 8, 36, 18, 30, 14, 19, 25, 35, 27, 26, 5, 38, 41, 8, 19, 4, 35, 21, 8, 37, 5, 38, 6, 7, 12, 10, 38]"
L2_arctic_WAV/ERMS_arctic_a0092,"[26, 27, 41, 7, 32, 38, 19, 16, 13, 32, 8, 32, 31, 8, 19, 36, 38, 35, 27, 31, 36, 3, 37, 8, 9, 6, 4, 11, 43, 19, 33, 13, 42, 14, 40, 18, 33, 13, 12, 11, 10, 35, 42]","[26, 27, 41, 7, 32, 38, 19, 16, 13, 32, 27, 32, 31, 27, 19, 36, 38, 35, 27, 31, 36, 3, 37, 8, 9, 19, 4, 11, 5, 6, 33, 13, 36, 14, 40, 18, 33, 13, 38, 11, 10, 35, 36]"
L2_arctic_WAV/ERMS_arctic_a0093,"[24, 10, 35, 4, 24, 13, 30, 31, 8, 32, 4, 38, 26, 27, 29, 35, 16, 13, 37, 38, 4, 32, 19, 30, 8, 36, 4, 32, 19]","[24, 10, 35, 4, 24, 39, 30, 31, 27, 32, 4, 38, 26, 27, 29, 35, 16, 13, 37, 38, 5, 32, 19, 30, 27, 36, 4, 32, 19]"
L2_arctic_WAV/ERMS_arctic_a0094,"[26, 27, 26, 43, 19, 18, 7, 35, 30, 27, 7, 32, 38, 3, 19, 6, 8, 36, 41, 7, 32, 26, 27, 36, 10, 6, 14, 25, 30, 33, 13, 14, 40, 4, 24, 16, 8, 35]","[26, 27, 26, 5, 19, 18, 7, 35, 30, 27, 7, 32, 38, 3, 19, 19, 27, 36, 41, 7, 9, 26, 27, 36, 33, 13, 19, 7, 25, 30, 33, 13, 14, 40, 4, 24, 16, 8, 35]"
L2_arctic_WAV/ERMS_arctic_a0095,"[4, 18, 8, 25, 29, 43, 32, 40, 4, 36, 38, 7, 32, 38, 41, 14, 42, 6, 4, 24, 3, 36, 38, 12, 8, 9, 38, 4, 29, 14, 31, 41, 8, 6, 8, 32, 26, 8, 42, 40, 8, 15, 4, 32]","[4, 18, 27, 25, 29, 43, 32, 40, 4, 36, 38, 7, 32, 38, 41, 5, 42, 6, 4, 24, 3, 36, 36, 27, 9, 38, 4, 29, 14, 31, 41, 27, 6, 27, 32, 26, 8, 42, 18, 8, 11, 4, 32]"
L2_arctic_WAV/ERMS_arctic_a0096,"[34, 3, 26, 43, 34, 36, 11, 27, 26, 43, 19, 10, 30, 35, 7, 19, 27, 31, 7, 38, 26, 3, 24, 21, 8, 38, 4, 30, 8, 38, 4, 30, 19, 27, 34, 3, 8, 32, 6, 4, 24, 10, 35, 4, 36, 38]","[34, 3, 26, 5, 34, 36, 11, 27, 26, 5, 19, 10, 30, 35, 7, 19, 27, 31, 7, 38, 26, 3, 24, 21, 8, 38, 4, 30, 27, 38, 4, 30, 19, 27, 34, 3, 8, 32, 6, 4, 24, 10, 35, 4, 36, 38]"
L2_arctic_WAV/ERMS_arctic_a0097,"[6, 7, 32, 28, 39, 29, 43, 32, 3, 21, 8, 32, 20, 28, 3, 36, 7, 30, 24, 29, 14, 31, 24, 3, 38, 4, 18, 30, 27, 4, 31, 14, 9, 6, 27, 42, 35, 33, 13, 18, 42, 8, 32, 6, 4, 18, 33, 13]","[19, 7, 32, 28, 39, 29, 5, 32, 3, 21, 8, 32, 20, 20, 3, 36, 7, 30, 24, 29, 10, 31, 24, 10, 38, 4, 18, 30, 27, 4, 31, 33, 13, 32, 19, 27, 36, 35, 33, 13, 18, 36, 8, 32, 19, 7, 18, 33, 13]"
L2_arctic_WAV/ERMS_arctic_a0098,"[11, 43, 30, 16, 8, 29, 43, 35, 27, 28, 39]","[11, 43, 30, 16, 8, 29, 5, 35, 27, 28, 39]"
L2_arctic_WAV/ERMS_arctic_a0099,"[4, 31, 43, 19, 4, 32, 8, 9, 20, 10, 8, 34, 16, 13, 32, 19, 8, 19, 8, 32, 26, 8, 42, 18, 35, 21, 8, 32]","[4, 31, 43, 19, 8, 9, 20, 10, 8, 34, 16, 13, 32, 19, 8, 19, 27, 9, 26, 27, 42, 18, 35, 21, 8, 9]"
L2_arctic_WAV/ERMS_arctic_a0100,"[28, 39, 31, 14, 36, 38, 36, 30, 27, 34, 26, 27, 3, 20, 19]","[20, 39, 31, 5, 36, 36, 30, 27, 34, 26, 27, 3, 37]"
L2_arctic_WAV/ERMS_arctic_a0101,"[28, 39, 28, 39, 41, 13, 19, 32, 5, 38, 29, 27, 34, 6, 4, 38, 35, 39, 12, 24, 35, 14, 31, 31, 27]","[28, 39, 28, 39, 41, 13, 19, 32, 33, 13, 38, 29, 27, 34, 19, 7, 38, 35, 39, 38, 24, 35, 10, 31, 31, 27]"
L2_arctic_WAV/ERMS_arctic_a0102,"[26, 27, 41, 8, 30, 24, 5, 30, 33, 13, 14, 36, 36, 39, 32]","[26, 27, 41, 8, 30, 24, 10, 30, 33, 13, 5, 36, 36, 39, 32]"
L2_arctic_WAV/ERMS_arctic_a0103,"[18, 14, 38, 6, 7, 35, 29, 21, 8, 31, 32, 33, 13, 34, 35, 5, 31, 4, 36, 24, 3, 31, 6, 4, 18, 33, 13, 14, 40, 6, 4, 29, 4, 32, 39]","[18, 5, 38, 19, 7, 35, 29, 21, 8, 31, 32, 33, 13, 34, 35, 5, 31, 4, 36, 24, 3, 31, 19, 4, 18, 16, 13, 33, 13, 40, 19, 7, 29, 4, 32, 33, 13, 7]"
L2_arctic_WAV/ERMS_arctic_a0104,"[11, 27, 41, 14, 42, 36, 30, 27, 34, 8, 9, 14, 32, 19, 3, 26, 8, 42, 34, 35, 4, 38, 7, 29, 11, 4, 32, 43, 42, 36, 41, 27, 38, 30, 27, 43, 42, 4, 37, 16, 8, 30, 19]","[11, 27, 41, 5, 36, 36, 30, 27, 34, 27, 9, 14, 32, 19, 3, 26, 8, 42, 34, 35, 4, 38, 7, 29, 11, 4, 9, 5, 36, 36, 41, 27, 38, 30, 27, 5, 36, 4, 37, 16, 8, 30, 19]"
L2_arctic_WAV/ERMS_arctic_a0105,"[33, 13, 32, 30, 27, 8, 38, 8, 42, 36, 33, 13, 41, 14, 32, 19, 3, 24, 4, 30, 36, 33, 13, 10, 30, 31, 33, 13, 36, 38, 8, 31, 34, 5, 36, 4, 18, 4, 30, 38, 39, 18, 8, 30, 27, 40]","[33, 13, 9, 30, 27, 27, 38, 27, 36, 36, 33, 13, 41, 10, 32, 19, 3, 24, 4, 30, 36, 33, 13, 10, 30, 31, 33, 13, 36, 38, 8, 31, 34, 5, 36, 4, 18, 4, 30, 38, 39, 18, 8, 30, 27, 24]"
L2_arctic_WAV/ERMS_arctic_a0106,"[6, 27, 8, 31, 33, 13, 11, 4, 32, 41, 8, 37, 11, 27, 26, 43, 19, 36, 4, 34, 35, 7, 36, 38, 18, 3, 36, 38, 24, 10, 35, 12, 32, 16, 13, 8, 32, 4, 37, 33, 13, 29, 8, 9, 36, 5, 18]","[19, 27, 8, 31, 33, 13, 11, 4, 32, 41, 27, 38, 11, 27, 26, 43, 19, 36, 4, 34, 35, 7, 36, 38, 18, 3, 36, 38, 24, 10, 35, 38, 32, 16, 13, 8, 32, 4, 11, 10, 29, 8, 9, 36, 5, 18]"
L2_arctic_WAV/ERMS_arctic_a0107,"[8, 24, 28, 39, 33, 13, 32, 30, 27, 29, 13, 19, 32, 33, 13, 26, 16, 13, 16, 8, 12, 43, 9, 29, 28, 39]","[8, 40, 28, 39, 33, 13, 32, 30, 27, 29, 13, 19, 32, 33, 13, 26, 16, 13, 16, 8, 12, 43, 29, 28, 39]"
L2_arctic_WAV/ERMS_arctic_a0108,"[26, 27, 41, 21, 8, 19, 8, 19, 8, 32, 38, 4, 6, 27, 7, 20, 4, 40, 6, 4, 41, 10, 38, 3, 4, 32, 19, 18, 27, 25, 43, 32, 36, 29, 35, 14, 18, 8, 9, 26, 8, 31, 36, 7, 30, 24]","[26, 27, 41, 21, 8, 38, 8, 19, 8, 32, 38, 4, 19, 27, 21, 8, 15, 4, 40, 19, 7, 41, 10, 38, 3, 5, 32, 18, 27, 25, 5, 32, 7, 36, 29, 35, 5, 31, 18, 30, 8, 9, 26, 8, 31, 36, 7, 30, 24]"
L2_arctic_WAV/ERMS_arctic_a0109,"[19, 39, 28, 39, 32, 33, 13, 6, 43, 38, 28, 39, 5, 35, 11, 21, 8, 29, 8, 9, 31, 16, 8, 29, 5, 32, 24, 4, 19, 4, 32, 36, 8, 32, 28, 39]","[19, 39, 28, 39, 32, 33, 13, 19, 5, 38, 28, 39, 35, 11, 11, 21, 8, 29, 8, 9, 31, 16, 8, 29, 5, 32, 24, 4, 19, 4, 32, 36, 8, 32, 20, 39]"
L2_arctic_WAV/ERMS_arctic_a0111,"[8, 32, 36, 38, 7, 19, 26, 27, 20, 10, 8, 32, 19, 26, 3, 4, 32, 19, 6, 21, 8, 21, 8, 38, 30, 16, 8, 29, 38, 39, 26, 14, 9, 25, 35, 27, 37, 8, 30, 19, 35, 4, 32]","[27, 32, 36, 38, 7, 19, 26, 27, 20, 10, 8, 32, 19, 26, 3, 4, 32, 19, 6, 21, 8, 21, 8, 38, 30, 16, 8, 29, 38, 39, 26, 5, 9, 25, 35, 27, 37, 27, 30, 19, 35, 4, 32]"
L2_arctic_WAV/ERMS_arctic_a0112,"[26, 27, 41, 14, 42, 41, 39, 32, 19, 8, 19, 8, 32, 6, 27, 5, 35, 31]","[26, 27, 41, 5, 36, 41, 39, 32, 19, 8, 19, 8, 32, 19, 27, 5, 35, 31, 34]"
L2_arctic_WAV/ERMS_arctic_a0113,"[16, 8, 36, 4, 34, 33, 13, 42, 28, 39, 34, 8, 29, 38, 6, 43, 38, 30, 8, 9, 25, 33, 13, 14, 34, 4, 31, 14, 9, 6, 27, 8, 32, 19, 27, 4, 32, 42]","[16, 8, 36, 4, 34, 33, 13, 36, 20, 39, 34, 27, 29, 38, 19, 43, 38, 30, 27, 9, 25, 33, 13, 5, 34, 4, 31, 10, 9, 19, 27, 27, 32, 19, 27, 4, 32, 36]"
L2_arctic_WAV/ERMS_arctic_a0115,"[26, 27, 26, 43, 19, 32, 33, 13, 8, 29, 36, 29, 28, 39, 42, 24, 10, 35, 6, 4, 24, 27, 30, 8, 9, 42, 41, 8, 37, 41, 3, 3, 16, 13, 42, 19, 8, 32, 26, 8, 31]","[26, 27, 26, 5, 19, 32, 33, 13, 8, 29, 36, 29, 28, 39, 36, 24, 10, 35, 19, 4, 24, 27, 30, 8, 32, 36, 41, 8, 37, 41, 3, 3, 16, 13, 36, 27, 9, 26, 27, 31]"
L2_arctic_WAV/ERMS_arctic_a0116,"[41, 14, 42, 8, 38, 6, 4, 35, 5, 32, 19, 8, 40, 39, 14, 40, 6, 33, 13, 42, 26, 39, 41, 3, 36, 38, 35, 16, 8, 40, 8, 9, 38, 39, 41, 3, 29, 26, 8, 42, 35, 39, 8, 32]","[41, 14, 36, 27, 38, 19, 4, 35, 7, 32, 19, 8, 18, 33, 13, 36, 14, 24, 19, 33, 13, 36, 26, 39, 41, 3, 36, 36, 38, 35, 16, 8, 18, 27, 32, 38, 39, 41, 3, 29, 26, 8, 36, 35, 39, 27, 9]"
L2_arctic_WAV/ERMS_arctic_a0117,"[11, 27, 43, 19, 4, 19, 41, 8, 6, 20, 7, 32, 28, 39, 41, 8, 32, 36, 8, 31, 34, 4, 12, 27, 8, 32, 26, 3, 24, 21, 8, 36, 4, 32, 19, 40, 10, 8, 36]","[11, 27, 43, 38, 4, 19, 41, 27, 19, 20, 7, 32, 28, 39, 41, 27, 32, 38, 36, 27, 31, 24, 4, 38, 27, 27, 9, 26, 3, 24, 21, 8, 36, 4, 32, 19, 40, 10, 8, 36]"
L2_arctic_WAV/ERMS_arctic_a0120,"[31, 16, 8, 35, 16, 8, 38, 24, 13, 38, 24, 27, 30, 42, 30, 16, 8, 29, 6, 43, 38, 4, 40, 4, 37, 16, 8, 32, 27, 42, 19, 7, 18, 28, 4, 38, 5, 32, 38]","[31, 16, 8, 35, 16, 8, 38, 24, 39, 38, 24, 27, 30, 36, 30, 16, 8, 29, 6, 43, 38, 4, 40, 4, 37, 16, 8, 32, 27, 42, 19, 7, 18, 28, 4, 38, 5, 32, 38]"
L2_arctic_WAV/ERMS_arctic_a0121,"[6, 21, 8, 21, 8, 38, 19, 8, 32, 3, 43, 38, 6, 4, 24, 8, 24, 12, 4, 32, 19, 35, 7, 36, 38, 4, 19, 24, 35, 3, 38, 39, 16, 13, 3, 42]","[19, 21, 8, 21, 8, 38, 19, 27, 32, 3, 5, 38, 19, 4, 24, 27, 24, 38, 5, 32, 35, 7, 36, 38, 4, 19, 24, 35, 3, 38, 39, 16, 13, 3, 36]"
L2_arctic_WAV/ERMS_arctic_a0122,"[38, 39, 28, 3, 42, 4, 25, 33, 13, 16, 8, 25, 21, 8, 40, 14, 34, 36, 8, 40, 4, 30, 8, 42, 21, 8, 11, 4, 32, 24, 3, 6, 8, 36]","[38, 39, 28, 3, 42, 4, 25, 33, 13, 16, 8, 25, 21, 8, 18, 14, 34, 38, 36, 8, 40, 4, 30, 8, 36, 21, 8, 11, 4, 32, 24, 3, 19, 8, 36]"
L2_arctic_WAV/ERMS_arctic_a0123,"[11, 27, 26, 43, 19, 19, 16, 8, 19, 24, 35, 14, 31, 29, 33, 13, 30, 19, 4, 32, 19, 36, 38, 5, 35, 40, 21, 8, 11, 4, 32]","[11, 27, 26, 5, 19, 19, 16, 8, 24, 35, 14, 31, 29, 10, 30, 5, 32, 7, 36, 38, 5, 35, 18, 21, 8, 11, 4, 32]"
L2_arctic_WAV/ERMS_arctic_a0125,"[26, 27, 41, 14, 42, 19, 8, 38, 3, 31, 4, 32, 19, 32, 16, 13, 38, 39, 31, 21, 8, 32, 38, 21, 8, 32, 4, 31, 10, 35, 36, 3, 38, 4, 32, 26, 33, 13, 30, 19, 4, 34, 5, 32, 26, 8, 31, 36, 7, 30, 24]","[26, 27, 41, 5, 42, 19, 8, 38, 3, 31, 27, 9, 32, 16, 13, 38, 39, 31, 5, 32, 38, 21, 8, 32, 4, 31, 10, 35, 36, 36, 3, 38, 4, 9, 26, 33, 13, 30, 13, 34, 5, 32, 26, 27, 31, 36, 7, 30, 24]"
L2_arctic_WAV/ERMS_arctic_a0126,"[27, 37, 19, 21, 8, 11, 27, 18, 27, 29, 21, 8, 31, 4, 31, 10, 35, 40, 16, 8, 38, 4, 30, 34, 5, 35, 38, 14, 40, 26, 8, 31]","[27, 15, 19, 21, 8, 11, 27, 18, 27, 29, 21, 8, 31, 4, 31, 10, 35, 18, 16, 8, 38, 4, 30, 34, 5, 35, 38, 14, 40, 26, 27, 31]"
L2_arctic_WAV/ERMS_arctic_a0127,"[8, 38, 41, 14, 42, 4, 38, 7, 31, 38, 21, 8, 11, 4, 32, 18, 14, 38, 26, 27, 35, 8, 42, 8, 36, 38, 8, 19, 8, 38]","[8, 38, 41, 14, 36, 4, 38, 7, 31, 38, 21, 8, 11, 4, 9, 18, 14, 38, 26, 27, 35, 8, 36, 8, 36, 38, 8, 19, 8, 38]"
L2_arctic_WAV/ERMS_arctic_a0128,"[6, 8, 36, 41, 14, 32, 26, 33, 13, 34, 41, 5, 42, 19, 8, 36, 38, 35, 10, 8, 19, 7, 42, 29, 41, 8, 29, 30, 27, 43, 42, 8, 38, 41, 10, 42, 18, 10, 35, 32]","[19, 8, 42, 41, 14, 9, 26, 33, 13, 34, 41, 5, 42, 19, 27, 36, 38, 35, 10, 8, 19, 7, 36, 29, 41, 8, 29, 30, 27, 43, 36, 8, 38, 41, 10, 36, 18, 10, 35]"
L2_arctic_WAV/ERMS_arctic_a0129,"[26, 3, 24, 21, 8, 36, 41, 14, 42, 4, 25, 7, 32, 36, 38, 26, 8, 42, 18, 35, 7, 36, 38]","[26, 3, 24, 21, 8, 36, 41, 5, 36, 4, 25, 21, 8, 32, 36, 38, 26, 27, 36, 18, 35, 7, 36, 38]"
L2_arctic_WAV/ERMS_arctic_a0130,"[11, 27, 41, 14, 42, 26, 8, 42, 32, 16, 13, 24, 3, 7, 40, 3]","[11, 27, 41, 5, 36, 26, 27, 36, 32, 16, 13, 24, 3, 7, 40, 3]"
L2_arctic_WAV/ERMS_arctic_a0131,"[34, 35, 5, 40, 4, 19, 4, 32, 36, 26, 43, 19, 19, 8, 30, 8, 40, 3, 19, 26, 8, 31, 12, 35, 39, 6, 4, 31, 21, 8, 30, 36, 38, 35, 4, 31]","[34, 35, 5, 40, 4, 19, 4, 32, 36, 26, 5, 19, 19, 7, 30, 27, 18, 3, 19, 26, 27, 31, 38, 35, 39, 6, 4, 31, 43, 30, 36, 38, 35, 4, 31]"
L2_arctic_WAV/ERMS_arctic_a0134,"[26, 27, 33, 13, 18, 21, 8, 19, 6, 4, 34, 35, 7, 11, 3, 14, 40, 26, 3, 26, 43, 32, 19]","[26, 27, 33, 13, 18, 21, 8, 19, 19, 7, 34, 35, 7, 11, 3, 14, 40, 26, 3, 26, 5, 32, 38]"
L2_arctic_WAV/ERMS_arctic_a0136,"[4, 18, 16, 13, 38, 26, 8, 31, 7, 40, 35, 27, 41, 7, 35, 41, 3, 6, 4, 7, 40, 4, 19, 4, 32, 36, 4, 42, 4, 40, 30, 14, 25, 15, 3, 27, 4, 32, 19, 4, 40, 21, 8, 20]","[4, 18, 16, 13, 26, 27, 31, 7, 18, 35, 27, 41, 7, 35, 41, 3, 19, 7, 7, 18, 4, 19, 4, 32, 36, 4, 36, 4, 40, 30, 13, 25, 15, 3, 27, 5, 32, 19, 4, 40, 21, 8, 11]"
L2_arctic_WAV/ERMS_arctic_a0137,"[6, 7, 32, 26, 27, 36, 38, 7, 34, 38, 18, 43, 29, 41, 8, 6, 4, 30, 33, 13, 29, 35, 16, 8, 14, 40, 34, 30, 7, 15, 3]","[19, 7, 9, 26, 27, 7, 36, 38, 7, 34, 4, 38, 18, 5, 29, 41, 8, 19, 4, 30, 33, 13, 29, 35, 16, 8, 14, 40, 34, 30, 7, 11, 3]"
L2_arctic_WAV/ERMS_arctic_a0139,"[26, 27, 38, 33, 13, 30, 19, 26, 8, 31, 36, 7, 30, 24, 6, 43, 38, 43, 42, 26, 27, 41, 5, 11, 38, 26, 8, 31, 36, 7, 30, 24, 4, 32, 19, 25, 35, 39, 31, 19, 26, 8, 42, 19, 8, 11, 7, 40, 4, 30, 19, 29, 30, 33, 13, 6, 42]","[26, 27, 38, 33, 13, 30, 19, 26, 27, 31, 36, 7, 30, 24, 19, 5, 38, 43, 36, 26, 27, 41, 5, 11, 38, 26, 8, 31, 36, 7, 30, 24, 4, 32, 19, 25, 35, 39, 31, 19, 26, 27, 42, 19, 8, 11, 7, 18, 4, 30, 19, 29, 30, 33, 13, 6, 36]"
L2_arctic_WAV/ERMS_arctic_a0145,"[16, 8, 26, 43, 40, 38, 4, 18, 27, 29, 7, 35, 24, 4, 30, 14, 40, 6, 7, 31, 43, 42, 6, 21, 8, 38, 8, 35, 40, 7, 35, 27, 27, 42, 4, 30, 27]","[16, 8, 26, 5, 18, 38, 4, 18, 27, 29, 7, 35, 24, 4, 30, 14, 40, 19, 7, 31, 5, 42, 19, 21, 8, 38, 8, 35, 18, 7, 35, 27, 27, 36, 4, 30, 27]"
L2_arctic_WAV/ERMS_arctic_a0148,"[32, 16, 13, 6, 27, 42, 12, 8, 9, 42, 26, 43, 19, 18, 8, 32, 36, 38, 35, 14, 29, 19, 7, 19, 41, 8, 6, 8, 32, 26, 8, 31]","[32, 16, 13, 19, 27, 36, 38, 27, 9, 36, 26, 5, 19, 18, 27, 9, 4, 36, 38, 35, 14, 29, 19, 7, 38, 41, 27, 19, 27, 9, 26, 27, 31]"
L2_arctic_WAV/ERMS_arctic_a0154,"[26, 27, 41, 14, 42, 36, 31, 39, 12, 11, 21, 8, 40, 4, 32, 4, 32, 19, 26, 8, 42, 26, 7, 35, 4, 32, 19, 16, 8, 42, 41, 3, 18, 30, 43, 29]","[26, 27, 41, 5, 42, 23, 36, 31, 39, 38, 11, 21, 8, 18, 4, 32, 4, 32, 19, 26, 27, 36, 26, 7, 35, 4, 32, 19, 16, 8, 42, 41, 3, 18, 30, 43, 29]"
L2_arctic_WAV/ERMS_arctic_a0159,"[6, 21, 8, 30, 13, 29, 43, 42, 6, 33, 13, 26, 27, 26, 43, 19, 18, 8, 32, 19, 35, 14, 31, 8, 9, 4, 34, 27, 43, 32, 33, 13, 10, 30, 26, 8, 42, 30, 16, 8, 24]","[19, 21, 8, 30, 39, 29, 5, 36, 19, 33, 13, 26, 27, 26, 43, 19, 18, 27, 32, 19, 35, 14, 31, 8, 9, 4, 34, 27, 43, 32, 33, 13, 10, 30, 26, 27, 36, 30, 16, 8, 24]"
L2_arctic_WAV/ERMS_arctic_a0170,"[6, 7, 35, 41, 14, 42, 32, 14, 32, 14, 40, 6, 27, 20, 10, 8, 14, 40, 31, 27, 38, 8, 9, 8, 32, 26, 8, 42, 24, 21, 8, 36]","[19, 7, 35, 41, 14, 36, 32, 14, 32, 14, 40, 6, 27, 20, 10, 8, 14, 40, 31, 27, 38, 8, 9, 27, 9, 26, 27, 36, 24, 21, 8, 36]"
L2_arctic_WAV/ERMS_arctic_a0176,"[24, 10, 35, 6, 4, 24, 3, 36, 38, 38, 16, 8, 31, 8, 32, 26, 8, 42, 30, 16, 8, 24, 26, 27, 41, 14, 42, 28, 3, 32, 8, 9, 24, 10, 35, 4, 36, 29, 35, 43, 34]","[24, 10, 35, 19, 4, 24, 3, 36, 38, 38, 16, 8, 31, 27, 9, 26, 27, 36, 30, 16, 8, 24, 26, 27, 41, 14, 42, 28, 3, 32, 8, 9, 24, 10, 35, 4, 36, 29, 35, 43, 34]"
L2_arctic_WAV/ERMS_arctic_a0178,"[7, 40, 3, 27, 18, 33, 13, 32, 8, 32, 26, 3, 21, 8, 20, 19, 18, 5, 19, 27, 36, 27, 31, 19, 18, 35, 33, 13, 29, 4, 32, 10, 35, 19, 8, 36, 30, 33, 13, 29, 21, 8, 38, 8, 19]","[7, 18, 3, 27, 18, 33, 13, 32, 27, 9, 26, 3, 21, 8, 11, 18, 5, 19, 27, 36, 27, 31, 19, 18, 35, 33, 13, 29, 4, 32, 10, 35, 19, 8, 36, 30, 33, 13, 29, 21, 8, 38, 8, 19]"
L2_arctic_WAV/ERMS_arctic_a0185,"[6, 4, 29, 41, 7, 36, 37, 4, 32, 42, 31, 21, 8, 26, 43, 40, 29, 14, 31, 40, 21, 8, 25, 30, 27, 8, 32, 26, 8, 42, 31, 16, 8, 32, 19]","[19, 7, 29, 41, 7, 36, 37, 4, 32, 36, 31, 21, 8, 26, 43, 40, 29, 14, 31, 18, 21, 8, 25, 30, 27, 27, 9, 26, 27, 42, 31, 16, 8, 32]"
L2_arctic_WAV/ERMS_arctic_a0191,"[24, 35, 3, 4, 38, 16, 8, 31, 6, 14, 8, 29, 36, 16, 8, 38, 8, 9, 12, 35, 8, 30, 4, 40, 26, 8, 42, 4, 19, 40, 7, 32, 37, 3, 41, 4, 42, 25, 10, 32]","[24, 35, 3, 4, 38, 16, 8, 31, 19, 14, 8, 29, 36, 16, 8, 38, 8, 9, 38, 35, 27, 30, 4, 40, 26, 27, 36, 4, 19, 18, 7, 32, 37, 3, 41, 4, 36, 25, 10, 32]"
L2_arctic_WAV/ERMS_arctic_a0198,"[36, 14, 31, 38, 16, 8, 31, 42, 26, 3, 19, 35, 27, 31, 42, 41, 3, 24, 8, 30, 19, 41, 8, 6, 40, 8, 15, 4, 32, 42]","[36, 14, 31, 38, 16, 8, 32, 36, 26, 3, 19, 35, 27, 31, 36, 41, 3, 24, 27, 30, 38, 41, 27, 19, 18, 27, 11, 4, 32, 36]"
L2_arctic_WAV/ERMS_arctic_a0210,"[8, 38, 36, 19, 16, 8, 43, 31, 4, 38, 3, 41, 14, 42, 32, 5, 38, 31, 10, 35, 6, 4, 32, 38, 39, 26, 14, 32, 19, 35, 4, 19, 28, 5, 35, 19, 42]","[27, 38, 36, 19, 27, 5, 31, 7, 38, 3, 41, 5, 36, 32, 5, 38, 31, 10, 35, 6, 4, 32, 38, 39, 26, 14, 32, 19, 35, 4, 19, 20, 5, 35, 19, 36]"
L2_arctic_WAV/ERMS_arctic_a0212,"[24, 35, 7, 11, 29, 21, 8, 36, 8, 42, 36, 38, 8, 30, 21, 8, 18, 4, 30, 38, 4, 41, 10, 29, 6, 21, 8, 29, 30, 14, 36, 38, 3, 19, 4, 18, 16, 13, 38, 6, 4, 36, 34, 33, 13, 29, 36, 31, 4, 32]","[24, 35, 7, 11, 29, 21, 8, 42, 8, 36, 7, 36, 38, 27, 30, 21, 8, 18, 4, 30, 38, 4, 41, 10, 29, 19, 21, 8, 29, 30, 5, 36, 38, 3, 19, 4, 18, 16, 13, 38, 19, 4, 36, 34, 33, 13, 29, 36, 31, 4, 32]"
L2_arctic_WAV/ERMS_arctic_a0227,"[8, 38, 41, 14, 42, 6, 4, 36, 21, 8, 31, 41, 21, 8, 41, 8, 6, 16, 13, 35, 35, 8, 40, 5, 30, 40, 3, 42, 4, 32, 19, 35, 16, 8, 24, 4, 30, 42]","[27, 38, 41, 5, 42, 6, 4, 36, 21, 8, 31, 41, 21, 8, 41, 27, 6, 16, 13, 35, 35, 8, 18, 5, 30, 18, 3, 42, 4, 32, 19, 35, 16, 8, 24, 4, 30, 36]"
L2_arctic_WAV/ERMS_arctic_a0233,"[16, 8, 32, 7, 40, 3, 4, 30, 16, 13, 41, 14, 38, 29, 43, 32, 38, 18, 27, 37, 21, 8, 32, 20, 19, 38, 39, 4, 32, 10, 8, 31, 27]","[16, 8, 32, 7, 18, 3, 4, 30, 16, 13, 41, 5, 38, 29, 5, 32, 18, 27, 37, 21, 8, 32, 20, 38, 39, 4, 32, 10, 8, 31, 27]"
L2_arctic_WAV/ERMS_arctic_a0254,"[36, 38, 35, 21, 8, 38, 16, 13, 38, 6, 21, 8, 36, 41, 43, 31, 6, 7, 35, 26, 7, 19, 42, 25, 35, 33, 13, 8, 9, 36, 31, 10, 30, 3, 4, 32, 19, 36, 31, 10, 30, 3]","[7, 36, 38, 35, 21, 8, 38, 16, 13, 38, 6, 21, 8, 36, 41, 5, 31, 6, 7, 35, 26, 7, 19, 36, 25, 35, 33, 13, 8, 9, 36, 31, 10, 30, 3, 4, 32, 19, 36, 31, 10, 30, 3]"
L2_arctic_WAV/ERMS_arctic_a0260,"[32, 33, 13, 18, 5, 19, 27, 32, 28, 39, 26, 8, 42, 26, 8, 36, 38, 4, 35, 27, 6, 21, 8, 4, 40, 6, 4, 26, 13, 32, 38, 4, 30, 27, 36, 38, 14, 40, 10, 30]","[32, 33, 13, 18, 10, 19, 27, 32, 28, 39, 26, 27, 42, 26, 27, 36, 38, 10, 35, 27, 19, 21, 8, 4, 40, 19, 4, 20, 13, 32, 38, 4, 30, 27, 36, 38, 14, 40, 10, 30]"
L2_arctic_WAV/ERMS_arctic_a0265,"[6, 4, 19, 8, 36, 29, 14, 40, 3, 27, 36, 27, 31, 19, 38, 39, 26, 43, 40, 18, 8, 32, 31, 21, 8, 19, 10, 32, 6, 4, 36, 34, 3, 4, 40, 6, 4, 31, 33, 13, 31, 4, 32, 38]","[19, 7, 19, 27, 36, 29, 14, 40, 3, 27, 36, 27, 31, 38, 38, 39, 26, 43, 40, 18, 27, 9, 31, 21, 8, 19, 10, 32, 19, 4, 36, 34, 39, 35, 4, 24, 19, 4, 31, 10, 31, 4, 32, 38]"
L2_arctic_WAV/ERMS_arctic_a0269,"[6, 43, 38, 36, 41, 7, 35, 6, 21, 8, 29, 14, 38, 10, 24, 6, 4, 36, 29, 5, 38, 8, 11, 37, 27, 24, 36, 4, 32, 19, 29, 8, 30, 19, 10, 30, 26, 43, 32, 42]","[19, 5, 38, 36, 41, 7, 35, 19, 21, 8, 29, 39, 38, 10, 24, 19, 7, 36, 29, 5, 38, 8, 11, 37, 27, 24, 5, 32, 19, 29, 27, 30, 10, 30, 26, 5, 32, 36]"
L2_arctic_WAV/ERMS_arctic_a0271,"[32, 16, 13, 34, 30, 27, 42, 25, 8, 40, 4, 34, 30, 21, 8, 32, 36, 38, 21, 8, 38, 31, 4, 32, 38, 14, 40, 41, 14, 38, 4, 29, 3, 19]","[32, 16, 13, 34, 30, 27, 42, 25, 27, 18, 4, 34, 30, 21, 8, 32, 7, 36, 38, 21, 8, 38, 31, 4, 32, 14, 40, 41, 5, 38, 4, 29, 39, 35, 38]"
L2_arctic_WAV/ERMS_arctic_a0295,"[4, 32, 19, 38, 41, 7, 32, 38, 27, 31, 7, 32, 29, 13, 19, 26, 33, 13, 30, 19, 8, 38, 41, 8, 12, 36, 34, 8, 35, 42, 43, 32, 19, 43, 35, 33, 13, 42]","[4, 32, 19, 38, 41, 7, 32, 38, 27, 31, 7, 9, 29, 13, 19, 26, 33, 13, 30, 19, 8, 38, 41, 8, 12, 36, 34, 8, 35, 36, 43, 32, 19, 43, 35, 33, 13, 42]"
L2_arctic_WAV/ERMS_arctic_a0298,"[6, 8, 36, 38, 43, 36, 8, 38, 34, 35, 5, 31, 4, 36, 4, 40, 29, 4, 32, 38, 8, 32, 28, 39, 19, 4, 29, 41, 21, 8, 32, 38, 4, 32, 36, 25, 21, 8, 40, 36, 43, 29, 36, 4, 32, 4, 30, 8, 38, 4, 30, 20, 10, 8, 12, 35, 8, 30]","[19, 27, 36, 38, 43, 36, 8, 38, 34, 35, 5, 31, 4, 36, 4, 40, 29, 4, 32, 38, 8, 32, 28, 39, 38, 4, 29, 41, 21, 8, 32, 38, 4, 32, 36, 25, 21, 8, 40, 36, 43, 29, 36, 4, 32, 4, 30, 27, 38, 4, 30, 20, 10, 8, 38, 35, 27, 30]"
L2_arctic_WAV/ERMS_arctic_a0299,"[16, 8, 38, 7, 30, 28, 39, 16, 8, 43, 31, 19, 8, 36, 25, 14, 36, 38, 4, 19, 41, 8, 12, 6, 8, 36, 4, 19, 40, 7, 32, 37, 3, 38, 5, 31, 24, 39, 30, 3, 27, 4, 32, 19, 35, 5, 38]","[16, 8, 38, 7, 30, 28, 39, 16, 8, 43, 31, 19, 8, 36, 25, 14, 36, 38, 4, 19, 41, 27, 38, 19, 27, 36, 4, 19, 18, 7, 32, 37, 3, 38, 39, 31, 24, 39, 30, 3, 27, 5, 32, 19, 35, 33, 13, 38]"
L2_arctic_WAV/ERMS_arctic_a0300,"[24, 35, 14, 31, 31, 16, 8, 3, 30, 27, 4, 36, 38, 35, 7, 29, 4, 30, 7, 29, 11, 4, 32, 31, 16, 8, 36, 30, 27, 34, 41, 14, 42, 4, 34, 8, 35, 27, 4, 19, 4, 40, 38, 7, 35, 3]","[24, 35, 14, 31, 31, 16, 8, 3, 30, 27, 4, 36, 38, 35, 7, 29, 4, 30, 7, 29, 11, 4, 32, 31, 16, 8, 7, 36, 30, 27, 34, 41, 14, 36, 4, 34, 8, 35, 27, 4, 19, 4, 40, 38, 7, 35, 3]"
L2_arctic_WAV/ERMS_arctic_a0303,"[18, 14, 38, 6, 21, 8, 31, 21, 8, 29, 6, 4, 31, 8, 36, 38, 21, 8, 29, 14, 40, 8, 25, 32, 10, 35, 8, 9, 6, 7, 35, 33, 13, 32, 19, 39, 43, 30, 4, 38, 27]","[18, 5, 38, 19, 21, 8, 31, 21, 8, 29, 19, 7, 31, 8, 36, 38, 21, 8, 29, 14, 40, 27, 25, 32, 10, 35, 8, 9, 19, 7, 35, 33, 13, 32, 19, 39, 5, 30, 4, 38, 27]"
L2_arctic_WAV/ERMS_arctic_a0320,"[41, 8, 12, 31, 16, 8, 36, 38, 35, 7, 9, 12, 16, 8, 36, 30, 43, 31, 19, 8, 38, 24, 13, 30, 8, 32, 38, 39, 35, 7, 19, 16, 8, 42, 24, 21, 8, 36]","[41, 27, 38, 31, 16, 8, 7, 36, 38, 35, 7, 32, 16, 8, 7, 36, 30, 43, 31, 19, 8, 38, 24, 39, 30, 27, 32, 38, 39, 35, 7, 19, 16, 8, 36, 24, 21, 8, 36]"
L2_arctic_WAV/ERMS_arctic_a0363,"[8, 38, 8, 42, 32, 5, 38, 4, 32, 4, 38, 7, 31, 34, 38, 38, 4, 36, 31, 43, 11, 6, 4, 31, 5, 35, 29, 4, 38]","[27, 38, 27, 36, 32, 10, 38, 4, 32, 4, 38, 7, 31, 34, 38, 38, 4, 11, 31, 5, 11, 19, 4, 31, 5, 35, 29, 4, 38]"
L2_arctic_WAV/ERMS_arctic_a0369,"[8, 32, 34, 5, 35, 38, 32, 3, 11, 8, 34, 41, 8, 6, 6, 21, 8, 30, 16, 8, 38, 6, 4, 34, 7, 35, 35, 21, 8, 19, 8, 19, 6, 4, 36, 43, 32, 26, 33, 13, 42, 21, 8, 8, 32, 38, 3, 3, 18, 4, 32]","[27, 32, 34, 5, 35, 38, 32, 3, 11, 27, 34, 41, 27, 19, 19, 21, 8, 30, 16, 8, 38, 19, 7, 34, 7, 41, 35, 21, 8, 19, 8, 19, 19, 7, 36, 43, 32, 26, 33, 13, 36, 21, 8, 27, 32, 38, 3, 3, 18, 4, 32]"
L2_arctic_WAV/ERMS_arctic_a0401,"[6, 4, 31, 43, 32, 36, 31, 16, 8, 30, 19, 25, 35, 8, 31, 30, 27, 4, 32, 19, 18, 35, 10, 38, 4, 26, 43, 37, 4, 38, 4, 32, 19, 4, 29, 30, 14, 18]","[19, 4, 31, 5, 32, 7, 36, 31, 16, 8, 30, 27, 25, 35, 27, 31, 30, 27, 4, 32, 19, 18, 35, 10, 38, 4, 26, 43, 37, 4, 38, 4, 32, 19, 4, 29, 30, 14, 24]"
L2_arctic_WAV/ERMS_arctic_a0416,"[6, 27, 43, 19, 8, 19, 41, 21, 8, 38, 26, 43, 19, 4, 40, 4, 30, 5, 36, 4, 38, 27, 4, 40, 24, 8, 24, 38, 27, 32, 31, 16, 8, 30, 42, 34, 3, 16, 13, 35]","[19, 27, 43, 19, 8, 19, 41, 21, 8, 38, 26, 5, 19, 4, 40, 8, 30, 5, 36, 4, 38, 27, 4, 40, 24, 27, 24, 38, 27, 32, 31, 16, 8, 30, 36, 34, 3, 16, 13, 35]"
L2_arctic_WAV/ERMS_arctic_a0441,"[40, 16, 8, 4, 30, 4, 32, 38, 30, 16, 8, 24, 4, 32, 19, 43, 12, 30, 7, 38, 8, 29, 36, 34, 10, 35, 38, 36, 26, 43, 19, 32, 7, 40, 3, 4, 34, 27, 30, 19, 38, 39, 31, 27]","[18, 16, 8, 4, 30, 4, 32, 38, 30, 16, 8, 24, 4, 32, 19, 43, 38, 30, 7, 38, 8, 29, 36, 34, 10, 35, 38, 36, 26, 5, 19, 32, 7, 18, 3, 4, 34, 27, 30, 19, 38, 39, 31, 27]"
L2_arctic_WAV/ERMS_arctic_a0487,"[6, 4, 35, 8, 40, 3, 18, 7, 35, 19, 8, 38, 36, 18, 13, 42, 4, 31, 43, 32, 19, 36, 32, 10, 35, 38, 8, 9, 36, 38, 27, 31, 18, 33, 13, 38, 36, 37, 43, 30, 4, 32, 20, 19, 6, 4, 41, 8, 30, 19, 3, 32, 4, 36]","[19, 4, 35, 8, 18, 3, 18, 7, 35, 19, 27, 38, 36, 18, 10, 36, 4, 31, 5, 32, 19, 7, 36, 32, 10, 35, 38, 8, 9, 36, 38, 27, 31, 18, 33, 13, 38, 36, 37, 5, 30, 4, 32, 20, 19, 19, 7, 41, 27, 30, 19, 3, 32, 4, 36]"
L2_arctic_WAV/ERMS_arctic_a0500,"[26, 39, 6, 4, 19, 7, 40, 4, 30, 25, 21, 8, 40, 8, 38, 38, 39, 28, 39, 38, 39, 18, 27, 20, 14, 20, 43, 32, 19, 20, 13, 35, 27]","[26, 39, 6, 4, 19, 7, 18, 4, 30, 25, 21, 8, 40, 27, 38, 38, 39, 28, 39, 38, 39, 18, 27, 19, 7, 20, 5, 37, 5, 32, 19, 28, 13, 35, 27]"
L2_arctic_WAV/ERMS_arctic_a0548,"[10, 30, 36, 33, 13, 37, 3, 37, 4, 42, 4, 32, 19, 34, 35, 27, 37, 3, 42, 16, 8, 26, 43, 19, 32, 7, 40, 3, 32, 33, 13, 32]","[10, 30, 36, 33, 13, 37, 3, 37, 4, 36, 4, 32, 19, 34, 35, 27, 37, 3, 36, 16, 8, 26, 5, 19, 32, 7, 18, 3, 32, 33, 13, 32]"
L2_arctic_WAV/ERMS_arctic_a0556,"[26, 41, 16, 8, 26, 27, 42, 18, 10, 38, 24, 10, 35, 38, 27, 34, 16, 13, 32, 42, 14, 40, 25, 13, 19, 42, 24, 35, 14, 31, 28, 39, 10, 35, 7, 19, 27]","[26, 41, 16, 8, 26, 27, 42, 18, 10, 38, 24, 10, 35, 38, 27, 34, 16, 13, 32, 42, 14, 40, 25, 13, 19, 36, 24, 35, 14, 32, 20, 39, 10, 35, 7, 19, 27]"
L2_arctic_WAV/ERMS_arctic_b0019,"[26, 8, 42, 36, 8, 8, 31, 26, 43, 32, 42, 25, 35, 8, 34, 38, 6, 27, 7, 20, 4, 42, 14, 40, 6, 4, 38, 21, 8, 18, 4, 30]","[26, 27, 36, 7, 36, 27, 8, 31, 26, 5, 32, 36, 25, 35, 8, 34, 38, 19, 27, 7, 37, 14, 40, 19, 4, 38, 21, 8, 18, 4, 30]"
L2_arctic_WAV/ERMS_arctic_b0042,"[38, 7, 32, 31, 8, 32, 4, 38, 36, 26, 43, 19, 32, 5, 38, 8, 30, 43, 34, 36, 38, 36, 8, 32, 36, 26, 27, 26, 43, 19, 19, 35, 5, 34, 38, 6, 4, 26, 43, 9, 29, 3, 37, 8, 24]","[38, 7, 32, 31, 27, 32, 27, 38, 36, 26, 43, 19, 32, 5, 38, 8, 30, 21, 8, 34, 36, 36, 27, 32, 36, 26, 27, 26, 43, 19, 19, 35, 5, 34, 38, 6, 7, 26, 43, 9, 29, 3, 37, 8, 24]"
L2_arctic_WAV/ERMS_arctic_b0070,"[6, 7, 35, 41, 14, 42, 32, 33, 13, 37, 43, 32, 36, 38, 4, 24, 16, 8, 3, 41, 8, 6, 16, 13, 38, 26, 8, 38, 8, 9, 26, 8, 31]","[19, 7, 35, 41, 5, 36, 32, 33, 13, 37, 5, 32, 36, 38, 4, 24, 16, 8, 3, 41, 8, 19, 16, 13, 38, 26, 27, 38, 27, 9, 26, 8, 31]"
L2_arctic_WAV/ERMS_arctic_b0150,"[43, 32, 19, 26, 27, 41, 14, 42, 24, 8, 30, 19, 41, 8, 6, 4, 36, 38, 35, 21, 8, 32, 20, 4, 32, 19, 24, 10, 35, 18, 33, 13, 19, 8, 9, 24, 8, 35]","[5, 32, 19, 26, 27, 41, 14, 36, 24, 27, 30, 41, 27, 19, 4, 36, 38, 35, 21, 8, 32, 20, 4, 32, 19, 24, 10, 35, 18, 33, 13, 19, 8, 9, 24, 8, 35]"
L2_arctic_WAV/ERMS_arctic_b0187,"[26, 3, 4, 37, 27, 40, 31, 4, 32, 38, 36, 41, 8, 12, 29, 33, 13, 29, 33, 13, 32, 43, 38, 36, 41, 3, 4, 35, 7, 40, 4, 30, 21, 8, 11, 4, 32]","[26, 3, 4, 37, 27, 18, 31, 4, 32, 38, 36, 41, 27, 38, 29, 33, 13, 29, 33, 13, 32, 5, 38, 36, 41, 3, 4, 35, 7, 18, 4, 30, 21, 8, 11, 4, 32]"
L2_arctic_WAV/ERMS_arctic_b0269,"[26, 41, 16, 8, 32, 5, 38, 30, 16, 8, 29, 7, 32, 27, 35, 21, 8, 30, 35, 33, 13, 19, 36, 38, 21, 8, 11, 4, 32, 10, 35, 24, 7, 35, 27, 19, 27, 34, 33, 13]","[26, 41, 16, 8, 32, 5, 38, 30, 16, 8, 29, 7, 32, 27, 35, 21, 8, 30, 35, 33, 13, 19, 36, 38, 21, 8, 11, 4, 32, 10, 35, 24, 7, 35, 27, 19, 27, 34, 33, 13, 38]"
L2_arctic_WAV/ERMS_arctic_b0279,"[26, 27, 25, 21, 8, 40, 41, 14, 32, 30, 43, 36, 36, 32, 5, 35, 30, 4, 32, 19, 36, 30, 8, 19, 24, 35, 14, 31, 40, 28, 39, 4, 31, 14, 9, 6, 4, 38, 35, 27, 42]","[26, 27, 25, 21, 8, 40, 41, 14, 32, 30, 43, 36, 36, 32, 5, 35, 5, 32, 19, 36, 30, 27, 19, 24, 35, 14, 31, 18, 28, 39, 4, 31, 10, 32, 6, 4, 38, 35, 27, 36]"
L2_arctic_WAV/ERMS_arctic_b0298,"[26, 8, 42, 26, 43, 32, 19, 11, 5, 38, 16, 13, 38, 4, 32, 19, 29, 30, 14, 37, 38, 29, 35, 13, 29, 4, 19, 30, 7, 25, 18, 16, 8, 6, 4, 32, 7, 29]","[26, 27, 42, 26, 5, 32, 19, 11, 39, 38, 16, 13, 38, 5, 32, 19, 29, 30, 14, 37, 29, 35, 13, 29, 30, 7, 29, 18, 16, 8, 19, 7, 32, 7, 29]"
L2_arctic_WAV/ERMS_arctic_b0304,"[26, 8, 42, 34, 35, 27, 40, 27, 4, 36, 41, 16, 8, 40, 42, 26, 43, 19, 32, 7, 40, 3, 30, 8, 40, 19, 30, 10, 9, 8, 32, 14, 24, 38, 39, 18, 7, 35, 26, 8, 31, 37, 8, 30, 19, 35, 4, 32]","[26, 27, 36, 34, 35, 27, 18, 27, 4, 36, 41, 16, 8, 40, 36, 26, 5, 19, 32, 7, 18, 3, 30, 27, 40, 19, 30, 10, 9, 8, 32, 14, 24, 38, 39, 18, 7, 35, 26, 8, 31, 37, 27, 30, 19, 35, 4, 32]"
L2_arctic_WAV/MBMPS_arctic_a0003,"[24, 35, 3, 6, 4, 38, 41, 7, 32, 27, 4, 12, 38, 16, 8, 31, 6, 43, 38, 27, 40, 32, 8, 9, 6, 4, 38, 39, 31, 7, 32, 11, 13, 29, 26, 43, 32, 42]","[24, 35, 3, 6, 4, 38, 41, 7, 32, 27, 4, 12, 38, 16, 8, 31, 6, 43, 38, 27, 40, 32, 8, 9, 19, 4, 38, 39, 31, 7, 32, 11, 13, 29, 26, 43, 32, 36]"
L2_arctic_WAV/MBMPS_arctic_a0005,"[41, 8, 30, 41, 27, 7, 40, 3, 24, 3, 25, 7, 38, 8, 38]","[41, 8, 30, 41, 27, 7, 40, 3, 24, 3, 25, 7, 38, 8, 38]"
L2_arctic_WAV/MBMPS_arctic_a0006,"[25, 5, 19, 18, 30, 7, 36, 16, 8, 26, 33, 13, 34, 16, 8, 30, 25, 33, 13, 10, 32, 36, 27, 8, 9, 6, 7, 31, 24, 3, 7, 40, 3]","[25, 5, 19, 18, 30, 7, 36, 16, 8, 26, 33, 13, 34, 16, 8, 30, 25, 33, 13, 10, 32, 36, 27, 8, 9, 6, 7, 31, 24, 3, 7, 40, 3]"
L2_arctic_WAV/MBMPS_arctic_a0007,"[43, 32, 19, 28, 39, 10, 30, 41, 27, 42, 41, 5, 32, 38, 38, 8, 36, 27, 8, 38, 8, 32, 6, 27, 36, 13, 34, 3, 30, 4, 38, 8, 40, 19, 8, 25, 35, 27]","[43, 32, 19, 28, 39, 10, 30, 41, 27, 42, 41, 5, 32, 38, 38, 8, 36, 27, 8, 38, 27, 32, 6, 27, 36, 13, 34, 3, 30, 4, 38, 8, 40, 19, 27, 25, 35, 27]"
L2_arctic_WAV/MBMPS_arctic_a0008,"[25, 43, 19, 28, 13, 35, 30, 7, 38, 3, 29, 21, 8, 31, 20, 14, 36, 38, 8, 32, 38, 16, 8, 31]","[25, 5, 19, 28, 13, 35, 30, 7, 38, 3, 29, 21, 8, 31, 37, 14, 36, 38, 8, 32, 38, 16, 8, 31]"
L2_arctic_WAV/MBMPS_arctic_a0010,"[16, 8, 31, 34, 30, 21, 8, 8, 9, 4, 36, 8, 9, 25, 4, 30, 26, 43, 32, 19, 8, 32, 41, 14, 38, 30, 13, 29, 36, 30, 16, 8, 29, 4, 30, 39, 42, 8, 9, 25, 21, 8, 31]","[5, 31, 34, 30, 21, 8, 8, 9, 4, 36, 8, 9, 25, 4, 30, 26, 43, 32, 8, 32, 41, 14, 38, 30, 39, 29, 36, 30, 16, 8, 29, 5, 30, 39, 36, 8, 9, 25, 21, 8, 31]"
L2_arctic_WAV/MBMPS_arctic_a0011,"[8, 24, 16, 8, 7, 40, 3, 32, 27, 19, 4, 19, 4, 24, 16, 8, 38, 3, 8, 32, 31, 16, 8, 30, 16, 8, 24, 16, 8, 32, 27, 19, 41, 14, 32, 32, 16, 13]","[8, 24, 16, 8, 7, 40, 3, 32, 27, 19, 4, 19, 4, 24, 16, 8, 38, 3, 8, 32, 31, 16, 8, 30, 16, 8, 24, 16, 8, 32, 27, 19, 4, 41, 14, 32, 32, 16, 13]"
L2_arctic_WAV/MBMPS_arctic_a0013,"[26, 27, 41, 14, 42, 4, 26, 7, 19, 11, 10, 35, 38, 3, 6, 43, 32, 26, 8, 42, 29, 4, 31, 34, 43, 32, 28, 4, 32, 14, 40, 10, 30, 31, 33, 13, 36, 38, 19, 7, 30, 4, 29, 4, 38, 24, 4, 42, 27, 29]","[26, 27, 41, 14, 36, 4, 26, 7, 19, 11, 10, 35, 38, 3, 6, 43, 32, 26, 8, 36, 29, 4, 31, 34, 43, 32, 28, 4, 32, 14, 24, 10, 30, 31, 33, 13, 36, 38, 19, 7, 30, 4, 29, 4, 38, 24, 4, 36, 8, 29]"
L2_arctic_WAV/MBMPS_arctic_a0018,"[6, 7, 35, 41, 5, 42, 4, 37, 21, 8, 32, 20, 32, 16, 13]","[6, 7, 35, 41, 5, 36, 4, 37, 21, 8, 32, 20, 32, 16, 13]"
L2_arctic_WAV/MBMPS_arctic_a0019,"[16, 8, 24, 5, 30, 33, 13, 19, 6, 4, 30, 16, 8, 32, 14, 40, 6, 4, 34, 35, 4, 34, 33, 13, 42, 19, 35, 21, 8, 30, 35, 33, 13, 19, 30, 13, 29, 8, 9, 24, 10, 35, 37, 43, 32, 36, 8, 42]","[16, 8, 24, 5, 30, 33, 13, 6, 4, 30, 16, 8, 32, 14, 40, 6, 4, 34, 35, 4, 34, 33, 13, 36, 19, 35, 21, 8, 30, 35, 33, 13, 19, 30, 13, 29, 8, 32, 24, 10, 35, 37, 43, 32, 36, 8, 42]"
L2_arctic_WAV/MBMPS_arctic_a0020,"[29, 30, 14, 18, 42, 4, 32, 19, 18, 10, 30, 42, 4, 32, 19, 36, 8, 38, 27, 42, 25, 35, 39, 38, 39, 18, 27, 33, 13, 32, 30, 27, 31, 7, 31, 3, 27, 42]","[29, 30, 5, 18, 36, 4, 32, 19, 18, 10, 30, 36, 4, 32, 19, 36, 27, 38, 27, 36, 25, 35, 39, 38, 39, 18, 27, 33, 13, 32, 30, 27, 31, 7, 31, 3, 27, 36]"
L2_arctic_WAV/MBMPS_arctic_a0021,"[8, 38, 24, 7, 35, 30, 27, 29, 30, 14, 18, 19, 31, 27, 8, 32, 38, 39, 35, 7, 29, 4, 25, 32, 16, 8, 42, 8, 9, 8, 38]","[8, 38, 24, 7, 35, 30, 27, 29, 30, 14, 31, 19, 31, 27, 27, 32, 38, 39, 35, 8, 29, 4, 25, 32, 16, 8, 42, 8, 9, 8, 38]"
L2_arctic_WAV/MBMPS_arctic_a0022,"[26, 5, 35, 19, 30, 27, 41, 3, 16, 13, 3, 34, 30, 43, 32, 42, 31, 21, 8, 19, 34, 14, 18, 30, 8, 29, 18, 27, 24, 10, 35, 41, 27, 41, 3, 31, 7, 38, 18, 16, 8, 34, 16, 13, 3, 24, 4, 30, 5, 34, 4, 42, 8, 11, 4, 32]","[26, 5, 35, 19, 30, 27, 41, 3, 16, 13, 3, 34, 30, 14, 32, 36, 31, 21, 8, 19, 34, 14, 18, 30, 8, 29, 18, 27, 24, 10, 35, 41, 27, 41, 3, 31, 7, 38, 18, 16, 8, 34, 16, 13, 3, 24, 4, 30, 33, 13, 34, 4, 36, 8, 11, 4, 32]"
L2_arctic_WAV/MBMPS_arctic_a0023,"[4, 29, 5, 31, 18, 4, 32, 21, 8, 11, 4, 32, 14, 40, 29, 4, 32, 21, 8, 19, 27, 4, 32, 29, 43, 34, 8, 38, 4, 30, 29, 41, 8, 29, 30, 27, 10, 35, 25, 4, 32, 16, 8, 42, 19, 4, 32, 19, 34, 4, 38, 8, 11, 4, 32, 19, 24, 10, 35, 6, 27, 36, 21, 8, 31, 34, 35, 8, 40, 8, 30, 8, 20, 8, 42]","[5, 29, 33, 13, 31, 18, 4, 32, 21, 8, 11, 4, 32, 14, 24, 29, 4, 32, 21, 8, 19, 27, 4, 32, 29, 43, 34, 8, 38, 4, 30, 29, 41, 8, 29, 30, 27, 10, 35, 25, 4, 32, 16, 8, 42, 19, 4, 32, 19, 34, 4, 38, 8, 11, 28, 4, 32, 19, 24, 10, 35, 6, 27, 36, 21, 8, 31, 34, 35, 8, 40, 8, 30, 8, 20, 8, 42]"
L2_arctic_WAV/MBMPS_arctic_a0024,"[8, 38, 41, 14, 42, 31, 16, 8, 35, 8, 34, 10, 35, 38, 36, 24, 35, 14, 31, 6, 4, 32, 10, 35, 12, 26, 41, 8, 37, 37, 27, 24, 30, 27, 8, 32, 19, 39, 36, 38, 34, 27, 34, 4, 30, 38, 39, 18, 16, 8]","[8, 19, 41, 14, 36, 31, 16, 8, 35, 8, 34, 10, 35, 19, 24, 35, 14, 31, 6, 4, 32, 10, 35, 19, 26, 41, 8, 37, 37, 27, 24, 30, 27, 8, 32, 19, 39, 36, 38, 34, 27, 34, 4, 30, 38, 39, 18, 16, 8]"
L2_arctic_WAV/MBMPS_arctic_a0025,"[16, 8, 41, 14, 42, 4, 18, 16, 13, 38, 38, 4, 19, 39, 6, 8, 36, 26, 41, 8, 32, 29, 39, 30, 3, 20, 14, 20, 31, 4, 32, 38, 34, 35, 27, 40, 21, 8, 30, 19]","[16, 8, 41, 14, 36, 4, 18, 16, 13, 38, 38, 4, 19, 39, 19, 8, 36, 26, 41, 8, 32, 29, 33, 13, 30, 3, 20, 14, 37, 31, 4, 32, 38, 34, 35, 27, 40, 21, 8, 30, 19]"
L2_arctic_WAV/MBMPS_arctic_a0026,"[8, 38, 4, 29, 3, 19, 38, 8, 31, 27, 6, 43, 38, 6, 7, 35, 41, 13, 19, 26, 43, 40, 38, 39, 18, 27, 4, 32, 4, 29, 16, 13, 32, 38, 8, 9]","[8, 38, 4, 29, 28, 3, 19, 38, 8, 31, 27, 6, 43, 38, 6, 7, 35, 41, 13, 19, 26, 43, 40, 38, 39, 18, 27, 4, 32, 4, 29, 16, 13, 32, 38, 8, 9]"
L2_arctic_WAV/MBMPS_arctic_a0027,"[38, 4, 31, 16, 8, 36, 3, 34, 35, 16, 8, 42, 26, 27, 18, 8, 25, 43, 32, 38, 39, 11, 33, 13, 43, 29, 11, 4, 30, 8, 32, 12, 39, 42, 27, 43, 42, 4, 31, 8, 32, 31, 16, 8, 24, 21, 8, 40, 3]","[38, 4, 31, 16, 8, 36, 3, 34, 35, 16, 8, 42, 26, 27, 18, 8, 25, 43, 32, 38, 39, 11, 33, 13, 43, 29, 11, 4, 30, 8, 32, 12, 39, 36, 27, 43, 42, 4, 31, 8, 32, 31, 16, 8, 24, 21, 8, 40, 3]"
L2_arctic_WAV/MBMPS_arctic_a0028,"[35, 5, 18, 3, 27, 18, 35, 16, 8, 18, 3, 27, 24, 35, 10, 19]","[35, 5, 18, 3, 27, 18, 35, 16, 8, 18, 3, 27, 24, 35, 16, 13, 19]"
L2_arctic_WAV/MBMPS_arctic_a0029,"[6, 7, 35, 24, 10, 35, 36, 8, 42, 41, 3, 10, 30, 35, 7, 19, 27, 31, 39, 40, 8, 9, 8, 32, 38, 39, 6, 4, 32, 10, 35, 12, 29, 14, 32, 38, 35, 27]","[6, 7, 35, 24, 10, 35, 36, 8, 42, 41, 3, 10, 35, 7, 19, 27, 31, 39, 40, 8, 9, 8, 32, 38, 39, 6, 4, 32, 10, 35, 38, 29, 33, 13, 32, 38, 35, 27]"
L2_arctic_WAV/MBMPS_arctic_a0030,"[16, 8, 26, 43, 19, 24, 21, 8, 12, 8, 32, 6, 7, 31]","[16, 8, 26, 43, 19, 24, 21, 8, 19, 8, 32, 19, 7, 31]"
L2_arctic_WAV/MBMPS_arctic_a0031,"[6, 21, 8, 41, 3, 12, 35, 27, 26, 14, 32, 19, 35, 4, 19, 28, 5, 35, 19, 42, 4, 34, 5, 35, 38]","[6, 21, 8, 41, 3, 12, 35, 27, 26, 5, 32, 19, 35, 4, 19, 28, 5, 35, 19, 36, 4, 34, 5, 35, 19]"
L2_arctic_WAV/MBMPS_arctic_a0032,"[36, 8, 32, 36, 6, 7, 32, 36, 14, 31, 31, 8, 36, 38, 8, 35, 27, 4, 36, 24, 10, 35, 36, 26, 43, 42, 18, 8, 32, 24, 16, 8, 38, 8, 9, 14, 36, 43, 38, 7, 40, 3, 27, 36, 38, 7, 34]","[36, 8, 32, 36, 6, 7, 32, 41, 14, 32, 31, 27, 36, 38, 8, 35, 27, 4, 36, 24, 10, 35, 36, 26, 43, 42, 18, 8, 32, 24, 16, 8, 38, 8, 9, 5, 36, 43, 38, 7, 40, 3, 27, 36, 38, 7, 34]"
L2_arctic_WAV/MBMPS_arctic_a0036,"[11, 27, 38, 3, 32, 19, 8, 32, 43, 38, 6, 27, 26, 33, 13, 38, 7, 30]","[11, 27, 38, 3, 32, 19, 27, 32, 43, 38, 19, 27, 26, 33, 13, 38, 7, 30]"
L2_arctic_WAV/MBMPS_arctic_a0037,"[16, 8, 41, 14, 42, 6, 27, 33, 13, 32, 30, 27, 41, 14, 32, 26, 39, 35, 27, 31, 21, 8, 32, 19, 36, 8, 38, 8, 9]","[16, 8, 41, 14, 36, 12, 27, 33, 13, 32, 30, 27, 41, 14, 32, 26, 39, 35, 27, 31, 21, 8, 32, 19, 36, 27, 38, 8, 9]"
L2_arctic_WAV/MBMPS_arctic_a0038,"[41, 8, 30, 26, 43, 40, 38, 4, 41, 5, 37, 5, 35, 37, 43, 32, 36, 8, 42]","[41, 8, 30, 26, 43, 40, 38, 4, 41, 5, 37, 5, 35, 37, 5, 32, 36, 8, 36]"
L2_arctic_WAV/MBMPS_arctic_a0039,"[6, 27, 11, 8, 34, 11, 13, 19, 18, 27, 8, 32, 41, 8, 12, 8, 32, 4, 41, 27, 29, 10, 35, 38, 7, 32, 19, 21, 8, 42]","[6, 27, 11, 27, 34, 11, 13, 19, 18, 27, 8, 32, 41, 8, 6, 27, 32, 5, 41, 27, 29, 10, 35, 38, 7, 32, 19, 21, 8, 36]"
L2_arctic_WAV/MBMPS_arctic_a0040,"[16, 8, 36, 4, 34, 33, 13, 42, 28, 39, 41, 14, 32, 19, 3, 41, 16, 8, 11, 27, 8, 42, 29, 14, 31, 8, 9, 14, 34, 26, 27, 35]","[16, 8, 36, 39, 34, 33, 13, 36, 28, 39, 41, 14, 32, 19, 3, 41, 16, 8, 11, 27, 27, 36, 29, 5, 31, 8, 9, 5, 34, 26, 27, 35]"
L2_arctic_WAV/MBMPS_arctic_a0041,"[31, 27, 32, 41, 16, 8, 30, 16, 8, 30, 25, 33, 13, 16, 13, 38, 38, 39, 18, 35, 27, 6, 4, 36, 34, 7, 30]","[31, 27, 32, 41, 16, 8, 30, 5, 30, 25, 33, 13, 16, 13, 38, 38, 39, 18, 35, 27, 6, 43, 32, 36, 34, 7, 30]"
L2_arctic_WAV/MBMPS_arctic_a0042,"[26, 16, 13, 29, 13, 19, 26, 27, 8, 29, 36, 34, 30, 21, 8, 32, 26, 8, 42, 34, 4, 42, 7, 11, 4, 32, 14, 40, 6, 27, 36, 29, 7, 37]","[26, 16, 13, 29, 13, 19, 26, 27, 8, 29, 36, 34, 30, 21, 8, 32, 26, 27, 36, 34, 33, 13, 36, 7, 11, 4, 32, 14, 40, 19, 27, 36, 29, 7, 37]"
L2_arctic_WAV/MBMPS_arctic_a0045,"[26, 27, 31, 39, 40, 19, 4, 41, 21, 8, 43, 42, 29, 41, 16, 8, 4, 38, 30, 27, 43, 42, 26, 27, 26, 43, 19, 29, 14, 31]","[26, 27, 31, 39, 40, 19, 4, 41, 21, 8, 43, 42, 29, 41, 27, 29, 30, 27, 43, 42, 26, 27, 26, 43, 19, 29, 5, 31]"
L2_arctic_WAV/MBMPS_arctic_a0046,"[6, 27, 25, 3, 30, 24, 21, 8, 36, 38, 26, 8, 31, 26, 3, 16, 8, 42, 11, 16, 8, 32, 8, 9, 41, 8, 12, 36, 14, 19, 4, 32, 24, 8, 35]","[19, 27, 25, 3, 30, 24, 21, 8, 36, 26, 27, 31, 26, 3, 16, 8, 42, 11, 16, 8, 32, 8, 32, 41, 8, 19, 36, 14, 19, 4, 30, 24, 8, 35]"
L2_arctic_WAV/MBMPS_arctic_a0047,"[29, 30, 33, 13, 36, 18, 27, 36, 16, 8, 19, 26, 8, 31, 25, 30, 27, 31, 19, 6, 27, 41, 16, 8, 38, 24, 43, 9, 42, 14, 40, 6, 4, 41, 13, 30, 24, 19, 10, 25]","[29, 30, 33, 13, 36, 18, 27, 36, 16, 8, 19, 26, 27, 31, 25, 30, 27, 31, 19, 6, 27, 41, 16, 8, 19, 24, 43, 9, 36, 14, 40, 6, 4, 41, 14, 30, 24, 19, 10]"
L2_arctic_WAV/MBMPS_arctic_a0048,"[26, 27, 30, 13, 29, 38, 43, 38, 6, 27, 26, 43, 9, 29, 3, 37, 8, 24, 31, 10, 35, 29, 30, 33, 13, 36, 30, 27]","[26, 27, 30, 39, 29, 38, 43, 38, 19, 27, 26, 43, 32, 29, 3, 37, 27, 24, 31, 10, 35, 29, 30, 33, 13, 42, 30, 27]"
L2_arctic_WAV/MBMPS_arctic_a0051,"[6, 27, 30, 21, 8, 36, 41, 14, 42, 14, 40, 4, 19, 7, 30, 4, 29, 4, 38, 16, 8, 40, 3, 27, 29, 14, 30, 3, 24, 21, 8, 32, 38, 30, 27, 38, 8, 32, 38, 8, 19, 41, 8, 12, 28, 7, 30, 33, 13]","[6, 27, 30, 21, 8, 36, 41, 14, 36, 14, 40, 4, 19, 7, 30, 4, 29, 4, 19, 16, 8, 40, 3, 27, 29, 10, 30, 3, 24, 21, 8, 32, 38, 30, 27, 38, 16, 8, 32, 19, 41, 8, 19, 28, 7, 30, 33, 13]"
L2_arctic_WAV/MBMPS_arctic_a0052,"[8, 38, 41, 14, 42, 4, 29, 28, 13, 35, 27, 4, 36, 29, 33, 13, 8, 32, 36, 8, 19, 4, 32, 36]","[8, 38, 41, 14, 36, 4, 29, 28, 13, 35, 36, 29, 33, 13, 8, 32, 36, 8, 19, 4, 32, 36]"
L2_arctic_WAV/MBMPS_arctic_a0053,"[36, 14, 19, 4, 32, 30, 27, 26, 8, 42, 24, 8, 9, 25, 3, 42, 29, 30, 33, 13, 42, 19, 38, 16, 8, 38, 30, 27, 33, 13, 40, 3, 6, 27, 26, 43, 9, 29, 3, 37, 27, 24]","[36, 14, 19, 4, 32, 30, 27, 26, 8, 36, 24, 8, 9, 25, 3, 42, 29, 30, 33, 13, 36, 38, 16, 8, 19, 30, 27, 33, 13, 40, 3, 6, 27, 26, 43, 32, 19, 29, 3, 37, 27, 24]"
L2_arctic_WAV/MBMPS_arctic_a0054,"[6, 7, 35, 41, 14, 42, 32, 14, 12, 8, 9, 5, 32, 6, 4, 35, 5, 29]","[6, 7, 35, 41, 14, 36, 32, 14, 12, 8, 9, 5, 32, 6, 4, 35, 5, 29]"
L2_arctic_WAV/MBMPS_arctic_a0058,"[16, 8, 29, 21, 8, 31, 24, 10, 35, 8, 32, 24, 3, 31, 21, 8, 11, 4, 32, 31, 10, 35, 16, 13, 38, 4, 40, 29, 28, 13, 35, 27, 5, 36, 4, 38, 27, 6, 43, 32, 7, 32, 27, 12, 8, 9, 7, 30, 36]","[16, 8, 29, 21, 8, 31, 24, 35, 35, 8, 32, 24, 3, 31, 21, 8, 11, 4, 32, 31, 10, 35, 16, 13, 38, 4, 40, 29, 13, 35, 27, 5, 36, 4, 38, 27, 6, 43, 32, 7, 32, 27, 12, 8, 9, 7, 30, 36]"
L2_arctic_WAV/MBMPS_arctic_a0059,"[26, 8, 42, 8, 31, 43, 29, 28, 39, 30, 8, 38, 4, 34, 8, 35, 4, 32, 36, 41, 14, 42, 25, 10, 32]","[26, 8, 36, 8, 32, 31, 43, 29, 28, 39, 30, 8, 38, 5, 34, 8, 35, 4, 32, 36, 41, 14, 36, 25, 10, 32]"
L2_arctic_WAV/MBMPS_arctic_a0060,"[7, 32, 27, 41, 21, 8, 32, 33, 13, 41, 14, 32, 36, 10, 26, 3, 30, 16, 8, 29, 6, 43, 38]","[7, 32, 27, 41, 21, 8, 32, 33, 13, 41, 14, 32, 36, 33, 13, 26, 3, 30, 16, 8, 29, 6, 43, 38]"
L2_arctic_WAV/MBMPS_arctic_a0062,"[6, 27, 31, 7, 32, 36, 38, 7, 35, 19, 8, 32, 38, 39, 27, 37, 14, 6, 3, 42, 24, 21, 8, 36]","[6, 27, 31, 7, 32, 36, 38, 7, 35, 19, 27, 32, 38, 39, 27, 37, 14, 6, 3, 42, 24, 21, 8, 36]"
L2_arctic_WAV/MBMPS_arctic_a0063,"[28, 7, 36, 8, 38, 41, 14, 42, 4, 31, 43, 32, 26, 39, 43, 36, 38, 4, 36, 38, 35, 21, 8, 32, 20, 3]","[28, 7, 36, 8, 19, 41, 14, 36, 4, 31, 7, 32, 26, 39, 43, 36, 4, 36, 38, 35, 21, 8, 32, 20, 3]"
L2_arctic_WAV/MBMPS_arctic_a0064,"[6, 4, 24, 10, 35, 12, 4, 32, 19, 24, 8, 24, 12, 19, 21, 8, 42, 34, 43, 36, 38, 41, 8, 6, 16, 13, 38, 7, 32, 27, 19, 8, 40, 7, 30, 4, 34, 31, 4, 32, 38, 36]","[6, 4, 24, 10, 35, 19, 4, 32, 19, 24, 27, 24, 12, 19, 21, 8, 36, 34, 43, 36, 38, 41, 8, 19, 16, 13, 38, 7, 32, 27, 19, 8, 40, 7, 30, 4, 34, 31, 4, 32, 38, 36]"
L2_arctic_WAV/MBMPS_arctic_a0065,"[6, 21, 8, 29, 30, 33, 13, 42, 19, 32, 16, 13, 4, 32, 38, 8, 30, 26, 8, 42, 24, 8, 9, 25, 3, 42, 41, 3, 30, 16, 8, 29, 29, 10, 35, 19, 42, 14, 40, 36, 38, 27, 30]","[19, 21, 8, 29, 30, 33, 13, 36, 32, 16, 13, 4, 32, 38, 4, 30, 26, 8, 36, 24, 8, 9, 25, 3, 42, 41, 3, 30, 16, 8, 29, 29, 10, 35, 19, 42, 14, 40, 36, 38, 27, 30]"
L2_arctic_WAV/MBMPS_arctic_a0067,"[11, 13, 35, 30, 27, 16, 8, 41, 8, 30, 8, 29, 36, 29, 28, 39, 36, 28, 39, 11, 27, 29, 35, 16, 8, 19]","[11, 13, 35, 30, 27, 16, 8, 41, 8, 30, 8, 29, 36, 29, 28, 39, 36, 28, 39, 11, 27, 29, 35, 16, 8, 19]"
L2_arctic_WAV/MBMPS_arctic_a0071,"[26, 41, 14, 38, 41, 14, 42, 6, 27, 5, 18, 20, 7, 29, 38, 14, 40, 28, 13, 35, 30, 8, 38, 4, 30, 36, 7, 32, 36, 21, 8, 11, 4, 32]","[26, 41, 14, 38, 41, 14, 36, 6, 27, 5, 18, 20, 7, 29, 38, 14, 40, 28, 13, 35, 30, 27, 38, 4, 30, 36, 7, 32, 36, 21, 8, 11, 4, 32]"
L2_arctic_WAV/MBMPS_arctic_a0073,"[6, 4, 34, 35, 4, 31, 33, 13, 38, 3, 42, 16, 8, 42, 41, 3, 26, 7, 40, 27, 41, 8, 12, 30, 8, 38, 4, 30, 34, 14, 24, 27, 18, 43, 25, 42, 14, 32, 19, 3, 6, 7, 31]","[6, 4, 34, 35, 4, 31, 33, 13, 38, 3, 36, 16, 8, 42, 41, 3, 26, 21, 8, 40, 27, 41, 8, 12, 30, 27, 38, 4, 30, 34, 13, 24, 27, 18, 43, 29, 36, 14, 32, 19, 3, 6, 7, 31]"
L2_arctic_WAV/MBMPS_arctic_a0075,"[6, 7, 35, 26, 43, 42, 18, 8, 32, 4, 37, 21, 8, 32, 20, 11, 27, 8, 32, 38, 3, 14, 34, 38, 8, 19, 26, 8, 31]","[6, 7, 35, 26, 43, 42, 18, 8, 32, 4, 37, 21, 8, 32, 20, 11, 27, 27, 32, 38, 3, 14, 34, 38, 8, 19, 26, 27, 31]"
L2_arctic_WAV/MBMPS_arctic_a0076,"[6, 27, 25, 35, 21, 8, 16, 8, 42, 24, 5, 30, 38, 3, 19, 6, 4, 24, 30, 14, 11, 19, 27, 34, 4, 32, 19]","[19, 21, 8, 25, 35, 21, 8, 16, 8, 36, 24, 5, 30, 38, 3, 8, 19, 19, 4, 24, 30, 14, 15, 19, 27, 34, 4, 32, 7, 19]"
L2_arctic_WAV/MBMPS_arctic_a0077,"[8, 38, 8, 42, 6, 4, 24, 16, 8, 35, 34, 5, 35, 38, 30, 27, 11, 27, 36, 7, 19]","[27, 38, 27, 42, 6, 4, 24, 16, 8, 35, 34, 5, 35, 19, 30, 27, 11, 27, 36, 7, 19]"
L2_arctic_WAV/MBMPS_arctic_a0078,"[6, 7, 32, 4, 32, 19, 43, 38, 36, 14, 34, 3, 26, 27, 38, 35, 16, 8, 19, 38, 39, 24, 43, 6, 4, 31, 26, 3]","[19, 7, 32, 4, 32, 43, 38, 36, 5, 34, 3, 26, 27, 38, 35, 16, 8, 19, 38, 39, 24, 43, 6, 4, 31, 26, 3]"
L2_arctic_WAV/MBMPS_arctic_a0079,"[8, 38, 41, 14, 42, 4, 30, 5, 35, 20, 29, 4, 32, 39]","[8, 19, 41, 14, 42, 4, 30, 5, 35, 20, 29, 4, 32, 39]"
L2_arctic_WAV/MBMPS_arctic_a0081,"[26, 41, 14, 38, 8, 24, 11, 27, 19, 8, 19, 32, 5, 38, 29, 14, 31, 38, 4, 6, 4, 35, 5, 29]","[26, 41, 14, 38, 8, 24, 11, 27, 19, 27, 19, 32, 5, 19, 29, 33, 13, 31, 38, 4, 6, 4, 35, 5, 29]"
L2_arctic_WAV/MBMPS_arctic_a0082,"[26, 8, 42, 24, 21, 8, 36, 41, 14, 42, 36, 38, 35, 27, 31, 8, 9, 41, 8, 12, 18, 30, 14, 19]","[26, 8, 42, 24, 21, 8, 36, 41, 14, 42, 36, 38, 35, 27, 31, 8, 9, 41, 8, 19, 18, 30, 10, 19]"
L2_arctic_WAV/MBMPS_arctic_a0085,"[4, 38, 35, 8, 29, 4, 30, 14, 40, 24, 35, 7, 11, 18, 30, 14, 19, 35, 43, 32, 33, 13, 40, 3, 26, 8, 42, 24, 21, 8, 36]","[5, 38, 35, 8, 29, 4, 30, 14, 40, 24, 35, 7, 11, 18, 30, 10, 19, 35, 43, 32, 33, 13, 40, 3, 26, 8, 36, 24, 21, 8, 36]"
L2_arctic_WAV/MBMPS_arctic_a0086,"[19, 7, 12, 26, 43, 19, 29, 14, 31, 41, 8, 12, 38, 7, 35, 4, 18, 4, 30, 36, 14, 19, 4, 32, 32, 4, 36]","[19, 7, 19, 26, 43, 19, 29, 5, 31, 41, 8, 12, 38, 7, 35, 4, 18, 4, 30, 36, 5, 19, 4, 32, 32, 4, 36]"
L2_arctic_WAV/MBMPS_arctic_a0088,"[26, 27, 31, 21, 8, 19, 11, 13, 35, 6, 43, 38, 6, 27, 31, 43, 25, 4, 42, 27, 32, 41, 10, 42, 30, 33, 13, 19, 4, 19, 43, 32, 19, 35, 27, 42, 39, 31, 19, 26, 8, 42, 34, 43, 19, 4, 30, 8, 9]","[26, 27, 31, 21, 8, 38, 11, 13, 35, 6, 43, 38, 6, 27, 31, 43, 25, 4, 36, 27, 32, 41, 10, 36, 30, 33, 13, 19, 4, 19, 43, 32, 19, 35, 27, 36, 39, 31, 19, 26, 27, 36, 34, 43, 19, 4, 30, 8, 9]"
L2_arctic_WAV/MBMPS_arctic_a0089,"[6, 4, 32, 16, 8, 38, 25, 30, 33, 13, 41, 14, 42, 38, 35, 7, 37, 3, 4, 36, 38, 4, 11, 39, 38, 18, 16, 8]","[6, 4, 32, 16, 8, 38, 25, 30, 33, 13, 41, 14, 36, 38, 35, 7, 37, 3, 36, 38, 4, 11, 39, 19, 18, 16, 8]"
L2_arctic_WAV/MBMPS_arctic_a0090,"[6, 4, 36, 8, 9, 8, 9, 40, 10, 8, 36, 4, 34, 35, 33, 13, 37, 38, 35, 43, 34, 4, 19, 30, 27]","[6, 4, 36, 8, 9, 8, 9, 40, 10, 8, 36, 4, 34, 35, 33, 13, 37, 38, 35, 43, 34, 4, 19, 30, 27]"
L2_arctic_WAV/MBMPS_arctic_a0091,"[26, 8, 42, 18, 30, 14, 19, 25, 35, 39, 26, 5, 38, 41, 8, 12, 35, 21, 8, 20, 43, 38, 6, 4, 12, 10, 38]","[26, 8, 42, 18, 30, 10, 19, 25, 35, 39, 26, 5, 38, 41, 8, 19, 35, 21, 8, 37, 43, 38, 6, 8, 12, 10, 38]"
L2_arctic_WAV/MBMPS_arctic_a0092,"[26, 27, 41, 7, 32, 38, 19, 16, 13, 32, 8, 32, 31, 8, 19, 36, 38, 35, 27, 31, 36, 3, 37, 8, 9, 6, 4, 11, 43, 19, 33, 13, 42, 14, 40, 18, 33, 13, 12, 11, 10, 35, 42]","[26, 27, 41, 7, 32, 19, 16, 13, 32, 27, 32, 31, 8, 32, 36, 38, 35, 27, 31, 36, 3, 37, 8, 32, 6, 4, 11, 43, 19, 33, 13, 36, 14, 40, 18, 33, 13, 6, 11, 10, 35, 36]"
L2_arctic_WAV/MBMPS_arctic_a0093,"[24, 35, 3, 4, 24, 13, 30, 31, 8, 32, 4, 38, 26, 27, 29, 35, 16, 13, 37, 38, 4, 32, 19, 30, 8, 36, 4, 32, 19]","[24, 35, 3, 4, 24, 13, 30, 31, 8, 32, 4, 38, 26, 27, 29, 35, 33, 13, 37, 38, 4, 32, 19, 30, 8, 36, 4, 32, 19]"
L2_arctic_WAV/MBMPS_arctic_a0094,"[26, 27, 26, 43, 19, 18, 7, 35, 30, 27, 7, 32, 38, 3, 19, 6, 8, 36, 41, 7, 32, 26, 27, 36, 10, 6, 4, 25, 30, 33, 13, 14, 40, 4, 24, 16, 8, 35]","[26, 27, 26, 43, 19, 18, 7, 35, 30, 27, 7, 32, 38, 3, 8, 19, 8, 36, 41, 7, 32, 26, 27, 36, 33, 13, 6, 4, 25, 30, 33, 13, 14, 24, 4, 24, 16, 8, 35]"
L2_arctic_WAV/MBMPS_arctic_a0095,"[4, 18, 8, 25, 29, 43, 32, 40, 4, 36, 38, 7, 32, 38, 41, 10, 42, 6, 4, 24, 3, 36, 38, 12, 8, 9, 38, 4, 29, 14, 31, 41, 8, 12, 8, 32, 26, 8, 42, 40, 8, 15, 4, 32]","[5, 18, 8, 25, 29, 43, 32, 40, 4, 36, 38, 7, 32, 38, 41, 10, 36, 19, 4, 24, 3, 36, 38, 12, 8, 9, 38, 4, 29, 33, 13, 31, 41, 8, 19, 27, 32, 26, 8, 42, 40, 8, 11, 4, 32]"
L2_arctic_WAV/MBMPS_arctic_a0096,"[34, 3, 26, 43, 34, 36, 11, 27, 26, 43, 19, 10, 30, 35, 7, 19, 27, 31, 7, 38, 26, 3, 24, 21, 8, 38, 4, 30, 8, 38, 4, 30, 19, 27, 34, 3, 8, 32, 6, 4, 24, 10, 35, 4, 36, 38]","[34, 3, 26, 43, 34, 36, 11, 27, 26, 43, 19, 10, 35, 7, 19, 27, 31, 7, 19, 26, 3, 24, 21, 8, 38, 4, 30, 27, 38, 4, 30, 19, 27, 34, 3, 8, 32, 6, 4, 24, 10, 35, 4, 36, 38]"
L2_arctic_WAV/MBMPS_arctic_a0097,"[6, 7, 32, 28, 39, 29, 43, 32, 3, 21, 8, 32, 20, 28, 3, 36, 7, 30, 24, 29, 14, 31, 24, 3, 38, 4, 18, 30, 27, 4, 31, 14, 9, 6, 27, 42, 35, 33, 13, 18, 42, 8, 32, 6, 4, 18, 16, 13]","[6, 7, 32, 28, 39, 29, 43, 32, 3, 21, 8, 32, 37, 28, 3, 36, 7, 30, 24, 29, 10, 31, 24, 4, 38, 4, 18, 30, 27, 5, 31, 33, 13, 9, 6, 27, 42, 35, 33, 13, 18, 36, 27, 32, 6, 4, 18, 10]"
L2_arctic_WAV/MBMPS_arctic_a0098,"[11, 43, 30, 16, 8, 29, 7, 35, 27, 28, 39]","[11, 4, 30, 16, 8, 29, 5, 35, 27, 28, 39]"
L2_arctic_WAV/MBMPS_arctic_a0099,"[4, 31, 43, 19, 4, 32, 8, 9, 20, 10, 8, 34, 16, 13, 32, 19, 8, 19, 8, 32, 26, 8, 42, 18, 35, 21, 8, 32]","[5, 31, 43, 19, 4, 32, 8, 9, 20, 10, 8, 34, 16, 13, 32, 19, 8, 19, 8, 32, 26, 27, 36, 18, 35, 21, 8, 32]"
L2_arctic_WAV/MBMPS_arctic_a0100,"[28, 39, 31, 14, 36, 38, 36, 30, 27, 34, 26, 27, 3, 20, 19]","[28, 39, 31, 14, 36, 38, 4, 36, 30, 27, 34, 26, 27, 3, 20, 19]"
L2_arctic_WAV/MBMPS_arctic_a0101,"[28, 39, 41, 13, 19, 32, 5, 38, 29, 27, 34, 6, 4, 38, 35, 39, 12, 24, 35, 14, 31, 31, 27]","[28, 39, 41, 13, 19, 32, 5, 38, 29, 27, 34, 6, 4, 38, 35, 39, 19, 24, 35, 14, 31, 31, 27]"
L2_arctic_WAV/MBMPS_arctic_a0102,"[26, 27, 41, 8, 30, 24, 5, 30, 33, 13, 14, 36, 36, 39, 32]","[26, 27, 41, 8, 30, 24, 5, 30, 33, 13, 14, 36, 36, 39, 32]"
L2_arctic_WAV/MBMPS_arctic_a0103,"[18, 14, 38, 6, 7, 35, 29, 21, 8, 31, 32, 33, 13, 34, 35, 5, 31, 4, 36, 24, 35, 14, 31, 6, 4, 18, 16, 13, 14, 40, 6, 27, 29, 4, 32, 39]","[18, 5, 38, 6, 7, 35, 29, 21, 8, 31, 32, 33, 13, 34, 35, 5, 31, 4, 36, 24, 35, 14, 31, 19, 4, 18, 16, 13, 14, 24, 6, 27, 29, 43, 32, 39]"
L2_arctic_WAV/MBMPS_arctic_a0104,"[11, 27, 41, 14, 42, 36, 30, 27, 34, 8, 9, 14, 32, 19, 3, 26, 8, 42, 34, 35, 4, 38, 7, 29, 11, 4, 32, 43, 42, 36, 41, 27, 38, 30, 27, 43, 42, 4, 37, 16, 8, 30, 19]","[11, 8, 41, 14, 42, 36, 30, 27, 34, 8, 32, 5, 32, 19, 3, 26, 8, 36, 34, 35, 4, 38, 7, 29, 11, 4, 32, 43, 42, 36, 41, 27, 38, 30, 27, 43, 36, 4, 37, 16, 8, 30, 19]"
L2_arctic_WAV/MBMPS_arctic_a0105,"[33, 13, 32, 30, 27, 8, 38, 8, 42, 36, 33, 13, 41, 14, 32, 19, 3, 24, 4, 30, 36, 33, 13, 10, 30, 31, 33, 13, 36, 38, 8, 31, 34, 5, 36, 4, 18, 4, 30, 38, 39, 18, 8, 30, 27, 40]","[33, 13, 32, 30, 27, 27, 38, 27, 42, 36, 33, 13, 41, 14, 32, 19, 3, 24, 4, 30, 36, 33, 13, 10, 30, 31, 33, 13, 36, 38, 8, 31, 34, 5, 36, 4, 18, 4, 30, 38, 39, 18, 8, 30, 27, 40]"
L2_arctic_WAV/MBMPS_arctic_a0106,"[6, 27, 8, 31, 33, 13, 11, 4, 32, 41, 8, 37, 11, 27, 26, 43, 19, 36, 4, 34, 35, 7, 36, 38, 18, 3, 36, 38, 24, 10, 35, 12, 32, 16, 13, 8, 32, 4, 37, 33, 13, 29, 8, 9, 36, 5, 18]","[19, 27, 8, 31, 33, 13, 11, 4, 32, 41, 8, 37, 11, 27, 26, 43, 19, 36, 39, 34, 35, 7, 36, 38, 18, 3, 36, 38, 24, 10, 35, 32, 16, 13, 27, 32, 4, 37, 33, 13, 29, 8, 9, 36, 5, 18]"
L2_arctic_WAV/MBMPS_arctic_a0107,"[8, 24, 28, 39, 33, 13, 32, 30, 27, 29, 13, 19, 32, 33, 13, 26, 16, 13, 16, 8, 12, 43, 9, 29, 28, 39]","[8, 24, 28, 39, 33, 13, 32, 30, 27, 29, 13, 19, 32, 32, 33, 13, 26, 16, 13, 16, 8, 12, 43, 9, 29, 28, 39]"
L2_arctic_WAV/MBMPS_arctic_a0108,"[26, 27, 41, 21, 8, 19, 8, 19, 8, 32, 38, 39, 6, 27, 7, 20, 14, 40, 6, 4, 41, 10, 38, 3, 43, 32, 19, 18, 27, 25, 43, 32, 36, 29, 35, 14, 18, 8, 9, 26, 8, 31, 36, 7, 30, 24]","[26, 27, 41, 21, 8, 19, 8, 19, 27, 32, 38, 39, 6, 27, 7, 37, 14, 40, 6, 4, 41, 10, 38, 3, 43, 32, 19, 18, 27, 25, 5, 32, 36, 29, 35, 5, 18, 8, 9, 26, 8, 31, 36, 7, 30, 24]"
L2_arctic_WAV/MBMPS_arctic_a0109,"[19, 39, 28, 39, 32, 33, 13, 6, 43, 38, 28, 39, 5, 35, 11, 21, 8, 29, 8, 9, 31, 16, 8, 29, 5, 32, 24, 4, 19, 4, 32, 36, 8, 32, 28, 39]","[19, 39, 28, 39, 32, 33, 13, 19, 43, 38, 28, 39, 5, 35, 11, 21, 8, 29, 8, 32, 31, 16, 8, 29, 5, 32, 24, 4, 19, 4, 32, 36, 8, 32, 28, 39]"
L2_arctic_WAV/MBMPS_arctic_a0111,"[8, 32, 36, 38, 7, 19, 26, 27, 20, 10, 8, 32, 19, 26, 3, 4, 32, 19, 6, 21, 8, 21, 8, 38, 30, 16, 8, 29, 38, 39, 26, 14, 9, 25, 35, 27, 37, 8, 30, 19, 35, 4, 32]","[8, 32, 36, 38, 7, 19, 26, 27, 20, 10, 8, 32, 26, 3, 4, 32, 19, 6, 21, 8, 21, 8, 38, 30, 16, 8, 29, 38, 39, 26, 5, 9, 25, 35, 27, 37, 8, 30, 19, 35, 4, 32]"
L2_arctic_WAV/MBMPS_arctic_a0112,"[26, 27, 41, 14, 42, 41, 39, 32, 19, 8, 19, 8, 32, 6, 27, 5, 35, 31]","[26, 27, 41, 14, 42, 41, 39, 32, 19, 8, 19, 8, 32, 19, 27, 5, 35, 31]"
L2_arctic_WAV/MBMPS_arctic_a0113,"[16, 8, 36, 4, 34, 33, 13, 42, 28, 39, 34, 8, 29, 38, 6, 43, 38, 30, 8, 9, 25, 33, 13, 14, 34, 4, 31, 14, 9, 6, 27, 8, 32, 19, 27, 4, 32, 42]","[16, 8, 36, 39, 34, 33, 13, 36, 28, 39, 34, 27, 29, 6, 43, 38, 30, 8, 9, 25, 33, 13, 5, 34, 5, 31, 33, 13, 9, 19, 27, 8, 32, 19, 27, 4, 32, 42]"
L2_arctic_WAV/MBMPS_arctic_a0115,"[26, 27, 26, 43, 19, 32, 33, 13, 8, 29, 36, 29, 28, 39, 36, 24, 10, 35, 6, 27, 24, 27, 30, 8, 9, 42, 26, 41, 8, 37, 41, 3, 3, 16, 13, 42, 19, 8, 32, 26, 8, 31]","[26, 27, 26, 43, 19, 32, 33, 13, 8, 29, 36, 29, 28, 39, 42, 24, 10, 35, 6, 27, 24, 27, 30, 8, 9, 36, 26, 41, 8, 37, 41, 3, 3, 16, 13, 36, 19, 8, 32, 26, 27, 31]"
L2_arctic_WAV/MBMPS_arctic_a0116,"[41, 14, 42, 8, 38, 6, 4, 35, 5, 32, 19, 8, 40, 39, 14, 40, 6, 33, 13, 42, 26, 39, 41, 3, 36, 38, 35, 16, 8, 40, 8, 9, 38, 4, 41, 3, 29, 26, 8, 42, 35, 39, 4, 32]","[41, 14, 36, 8, 38, 19, 4, 35, 5, 32, 19, 8, 40, 39, 14, 40, 19, 33, 13, 42, 26, 39, 41, 7, 35, 36, 38, 35, 16, 8, 40, 8, 9, 38, 4, 41, 3, 29, 26, 8, 36, 35, 39, 32]"
L2_arctic_WAV/MBMPS_arctic_a0117,"[11, 27, 43, 19, 8, 19, 41, 8, 6, 20, 7, 32, 28, 4, 41, 4, 32, 36, 8, 31, 34, 4, 12, 27, 8, 32, 26, 3, 24, 21, 8, 36, 43, 32, 19, 40, 10, 8, 36]","[11, 27, 43, 19, 8, 19, 41, 8, 19, 20, 8, 32, 28, 4, 32, 36, 27, 31, 34, 4, 12, 27, 8, 32, 26, 3, 24, 21, 8, 36, 43, 32, 19, 40, 10, 8, 36]"
L2_arctic_WAV/MBMPS_arctic_a0120,"[31, 16, 8, 35, 16, 8, 38, 24, 13, 38, 24, 27, 30, 42, 30, 16, 8, 29, 6, 43, 38, 14, 40, 4, 37, 16, 8, 32, 27, 42, 19, 7, 18, 28, 4, 38, 5, 32, 38]","[31, 16, 8, 35, 16, 8, 19, 24, 13, 19, 24, 27, 30, 42, 30, 16, 8, 29, 6, 43, 19, 14, 40, 4, 37, 16, 8, 32, 27, 36, 19, 7, 18, 28, 4, 38, 7, 32, 38]"
L2_arctic_WAV/MBMPS_arctic_a0121,"[6, 21, 8, 21, 8, 38, 19, 8, 32, 3, 43, 38, 6, 4, 24, 8, 24, 12, 43, 32, 19, 35, 7, 36, 38, 4, 19, 24, 10, 35, 38, 39, 16, 13, 3, 42]","[6, 21, 8, 21, 8, 19, 19, 27, 32, 3, 43, 38, 19, 4, 24, 8, 24, 38, 43, 32, 19, 35, 7, 36, 38, 4, 19, 24, 10, 35, 38, 39, 16, 13, 3, 42]"
L2_arctic_WAV/MBMPS_arctic_a0122,"[38, 39, 28, 8, 35, 42, 4, 25, 33, 13, 16, 8, 25, 21, 8, 40, 14, 34, 36, 8, 40, 4, 30, 16, 8, 42, 21, 8, 11, 4, 32, 24, 35, 3, 6, 8, 36]","[38, 39, 28, 8, 35, 36, 4, 25, 33, 13, 16, 8, 25, 21, 8, 40, 5, 34, 36, 8, 40, 4, 30, 8, 36, 21, 8, 11, 4, 32, 24, 35, 3, 19, 8, 36]"
L2_arctic_WAV/MBMPS_arctic_a0123,"[11, 27, 26, 43, 19, 19, 16, 8, 19, 24, 35, 14, 31, 29, 33, 13, 30, 19, 4, 32, 19, 36, 38, 5, 35, 40, 21, 8, 11, 4, 32]","[11, 27, 26, 43, 19, 19, 16, 8, 19, 24, 35, 14, 31, 29, 33, 13, 30, 19, 4, 32, 19, 36, 38, 5, 35, 40, 21, 8, 11, 4, 32]"
L2_arctic_WAV/MBMPS_arctic_a0125,"[26, 27, 41, 14, 42, 19, 8, 38, 3, 31, 4, 32, 19, 32, 16, 13, 38, 39, 31, 21, 8, 32, 38, 21, 8, 32, 4, 31, 10, 35, 36, 3, 38, 4, 32, 26, 33, 13, 30, 19, 4, 34, 5, 32, 26, 8, 31, 36, 7, 30, 24]","[26, 27, 41, 14, 36, 19, 8, 38, 3, 31, 4, 32, 32, 16, 13, 38, 39, 31, 5, 32, 38, 21, 8, 32, 5, 31, 10, 35, 36, 3, 38, 4, 32, 26, 33, 13, 30, 19, 5, 34, 4, 32, 26, 8, 31, 36, 7, 30, 24]"
L2_arctic_WAV/MBMPS_arctic_a0126,"[27, 37, 19, 21, 8, 11, 27, 18, 27, 29, 21, 8, 31, 4, 31, 10, 35, 40, 16, 8, 38, 4, 30, 34, 5, 35, 38, 4, 40, 26, 8, 31]","[27, 37, 19, 21, 8, 11, 27, 18, 27, 29, 5, 31, 4, 31, 10, 35, 40, 16, 8, 38, 4, 30, 34, 5, 35, 38, 4, 40, 26, 8, 31]"
L2_arctic_WAV/MBMPS_arctic_a0127,"[8, 38, 41, 14, 42, 4, 38, 7, 31, 38, 21, 8, 11, 4, 32, 18, 14, 38, 26, 27, 35, 27, 42, 8, 36, 38, 8, 19, 8, 38]","[8, 19, 41, 14, 36, 4, 38, 7, 31, 38, 21, 8, 11, 4, 32, 18, 14, 38, 26, 27, 35, 27, 36, 8, 36, 38, 8, 19, 8, 38]"
L2_arctic_WAV/MBMPS_arctic_a0128,"[6, 8, 36, 26, 41, 14, 32, 26, 33, 13, 34, 41, 5, 42, 19, 8, 36, 38, 35, 10, 8, 19, 43, 42, 29, 41, 8, 29, 30, 27, 43, 42, 8, 38, 41, 10, 42, 18, 10, 35, 32]","[6, 8, 36, 26, 41, 14, 32, 26, 33, 13, 34, 41, 5, 42, 19, 8, 36, 38, 35, 10, 8, 19, 8, 43, 36, 29, 41, 8, 29, 30, 27, 43, 36, 8, 38, 41, 10, 42, 18, 13, 35, 32]"
L2_arctic_WAV/MBMPS_arctic_a0129,"[26, 3, 24, 21, 8, 36, 41, 14, 42, 4, 25, 21, 8, 32, 36, 38, 26, 8, 42, 18, 35, 7, 36, 38]","[26, 3, 24, 21, 8, 36, 41, 14, 36, 4, 25, 21, 8, 32, 36, 38, 26, 8, 36, 18, 35, 7, 36, 38]"
L2_arctic_WAV/MBMPS_arctic_a0130,"[11, 27, 41, 14, 42, 26, 8, 42, 32, 16, 13, 24, 3, 7, 40, 3]","[11, 27, 41, 14, 36, 26, 27, 36, 32, 16, 13, 24, 3, 7, 40, 3]"
L2_arctic_WAV/MBMPS_arctic_a0131,"[34, 35, 5, 40, 4, 19, 4, 32, 36, 26, 43, 19, 19, 8, 30, 8, 40, 3, 19, 26, 8, 31, 12, 35, 39, 6, 4, 31, 21, 8, 30, 36, 38, 35, 4, 31]","[34, 35, 5, 40, 4, 19, 4, 32, 36, 26, 43, 36, 19, 8, 30, 27, 40, 3, 19, 26, 27, 31, 12, 35, 39, 6, 4, 31, 21, 8, 30, 36, 38, 35, 4, 31]"
L2_arctic_WAV/MBMPS_arctic_a0134,"[26, 27, 33, 13, 18, 21, 8, 19, 6, 4, 34, 35, 7, 11, 3, 14, 40, 26, 3, 26, 43, 32, 19]","[26, 27, 33, 13, 18, 21, 8, 19, 19, 4, 34, 35, 7, 11, 3, 14, 40, 26, 3, 26, 43, 32]"
L2_arctic_WAV/MBMPS_arctic_a0136,"[4, 18, 16, 13, 38, 26, 8, 31, 7, 40, 35, 27, 41, 7, 35, 41, 3, 6, 27, 7, 40, 4, 19, 4, 32, 36, 4, 42, 14, 40, 30, 14, 25, 15, 3, 27, 4, 32, 19, 14, 40, 21, 8, 20]","[4, 18, 16, 13, 38, 26, 8, 31, 7, 40, 35, 27, 41, 7, 35, 41, 3, 6, 27, 7, 40, 27, 19, 4, 32, 36, 4, 42, 14, 40, 30, 14, 25, 6, 3, 27, 4, 32, 19, 14, 40, 21, 8, 37]"
L2_arctic_WAV/MBMPS_arctic_a0137,"[6, 7, 32, 26, 27, 36, 38, 7, 34, 38, 18, 43, 29, 41, 8, 6, 4, 30, 33, 13, 29, 35, 16, 8, 4, 40, 34, 30, 7, 15, 3]","[19, 7, 32, 26, 27, 36, 38, 7, 34, 38, 18, 43, 25, 41, 8, 19, 4, 30, 33, 13, 29, 35, 16, 8, 4, 40, 34, 35, 7, 11, 3]"
L2_arctic_WAV/MBMPS_arctic_a0139,"[26, 27, 38, 33, 13, 30, 19, 26, 8, 31, 36, 7, 30, 24, 6, 43, 38, 43, 42, 26, 27, 41, 5, 11, 38, 26, 8, 31, 36, 7, 30, 24, 4, 32, 19, 25, 35, 39, 31, 19, 26, 8, 42, 19, 8, 11, 7, 40, 4, 30, 19, 29, 30, 33, 13, 6, 42]","[26, 27, 38, 33, 13, 30, 26, 27, 31, 36, 7, 30, 24, 43, 42, 26, 27, 41, 5, 11, 38, 26, 27, 31, 36, 7, 30, 24, 4, 32, 19, 25, 35, 39, 31, 19, 26, 27, 42, 19, 8, 36, 11, 7, 40, 4, 30, 19, 29, 30, 33, 13, 6, 42]"
L2_arctic_WAV/MBMPS_arctic_a0145,"[16, 8, 26, 43, 40, 38, 4, 18, 27, 29, 7, 35, 24, 4, 30, 14, 40, 6, 7, 31, 43, 42, 6, 21, 8, 38, 8, 35, 40, 7, 35, 27, 27, 42, 4, 30, 27]","[16, 8, 26, 43, 40, 38, 4, 18, 27, 29, 3, 24, 4, 30, 14, 40, 19, 7, 31, 43, 42, 6, 21, 8, 38, 27, 35, 40, 7, 35, 27, 27, 36, 4, 30, 27]"
L2_arctic_WAV/MBMPS_arctic_a0148,"[32, 16, 13, 6, 27, 42, 12, 8, 9, 42, 26, 43, 19, 18, 8, 32, 36, 38, 35, 14, 29, 19, 7, 19, 41, 8, 6, 8, 32, 26, 8, 31]","[32, 16, 13, 6, 27, 36, 12, 8, 9, 42, 26, 43, 19, 18, 8, 9, 36, 38, 14, 29, 19, 19, 7, 19, 41, 8, 19, 27, 32, 26, 8, 31]"
L2_arctic_WAV/MBMPS_arctic_a0154,"[26, 27, 41, 14, 42, 36, 31, 39, 6, 11, 21, 8, 40, 4, 32, 43, 32, 19, 26, 8, 42, 26, 7, 35, 43, 32, 19, 16, 8, 42, 41, 3, 18, 30, 43, 29]","[26, 27, 41, 14, 36, 36, 31, 39, 19, 11, 21, 8, 40, 4, 32, 43, 32, 19, 26, 27, 36, 26, 7, 35, 43, 32, 19, 16, 8, 42, 41, 3, 18, 30, 5, 29]"
L2_arctic_WAV/MBMPS_arctic_a0159,"[6, 21, 8, 30, 13, 29, 43, 42, 6, 33, 13, 26, 27, 26, 43, 19, 18, 8, 32, 19, 35, 14, 31, 8, 9, 4, 34, 27, 43, 32, 33, 13, 10, 30, 26, 8, 42, 30, 16, 8, 24]","[6, 21, 8, 30, 39, 29, 43, 42, 19, 33, 13, 26, 27, 26, 43, 19, 18, 27, 32, 19, 35, 5, 31, 8, 9, 5, 34, 27, 43, 32, 33, 13, 10, 30, 26, 8, 36, 30, 16, 8, 24]"
L2_arctic_WAV/MBMPS_arctic_a0170,"[6, 7, 35, 41, 14, 42, 32, 14, 32, 14, 40, 6, 4, 20, 10, 8, 14, 40, 31, 27, 38, 8, 9, 8, 32, 26, 8, 42, 24, 21, 8, 36]","[6, 7, 35, 41, 14, 36, 32, 14, 32, 14, 40, 6, 4, 20, 10, 8, 14, 40, 31, 27, 38, 8, 32, 8, 32, 26, 27, 36, 24, 21, 8, 36]"
L2_arctic_WAV/MBMPS_arctic_a0176,"[24, 10, 35, 6, 4, 24, 3, 36, 38, 38, 16, 8, 31, 8, 32, 26, 8, 42, 30, 16, 8, 24, 26, 27, 41, 10, 42, 28, 3, 32, 8, 9, 24, 10, 35, 4, 36, 29, 35, 43, 34]","[24, 10, 35, 6, 4, 24, 3, 36, 38, 38, 16, 8, 31, 8, 32, 26, 8, 36, 30, 16, 8, 24, 26, 27, 41, 10, 36, 28, 3, 32, 8, 9, 24, 10, 35, 5, 36, 29, 35, 5, 34]"
L2_arctic_WAV/MBMPS_arctic_a0178,"[7, 40, 35, 27, 18, 33, 13, 32, 8, 32, 26, 3, 21, 8, 20, 19, 18, 5, 19, 27, 36, 27, 31, 19, 18, 35, 33, 13, 29, 4, 32, 10, 35, 19, 8, 36, 30, 33, 13, 29, 21, 8, 38, 8, 19]","[7, 40, 35, 27, 18, 33, 13, 32, 27, 32, 26, 3, 21, 8, 37, 18, 5, 19, 27, 36, 27, 31, 19, 18, 35, 33, 13, 29, 4, 32, 10, 35, 19, 27, 36, 30, 33, 13, 29, 21, 8, 38, 8, 19]"
L2_arctic_WAV/MBMPS_arctic_a0185,"[6, 4, 29, 41, 7, 36, 37, 4, 32, 42, 31, 21, 8, 26, 43, 40, 29, 14, 31, 40, 21, 8, 25, 30, 27, 8, 32, 26, 8, 42, 31, 16, 8, 32, 19]","[19, 4, 29, 41, 7, 11, 4, 32, 31, 21, 8, 26, 43, 40, 29, 33, 13, 31, 40, 21, 8, 25, 30, 27, 8, 32, 26, 8, 36, 31, 16, 8, 32, 19]"
L2_arctic_WAV/MBMPS_arctic_a0191,"[24, 10, 35, 4, 38, 16, 8, 31, 6, 27, 8, 29, 36, 16, 8, 38, 8, 9, 12, 35, 8, 30, 14, 40, 26, 8, 42, 43, 19, 40, 7, 32, 37, 3, 41, 14, 42, 25, 10, 32]","[24, 10, 35, 4, 38, 16, 8, 32, 6, 27, 8, 29, 36, 16, 8, 38, 8, 9, 12, 35, 27, 30, 14, 40, 26, 27, 36, 43, 19, 40, 7, 32, 37, 3, 41, 14, 42, 25, 10, 32]"
L2_arctic_WAV/MBMPS_arctic_a0198,"[36, 14, 31, 38, 16, 8, 31, 42, 26, 3, 19, 35, 27, 31, 42, 41, 3, 24, 8, 30, 19, 41, 8, 6, 40, 8, 15, 4, 32, 42]","[36, 33, 13, 31, 38, 16, 8, 31, 36, 26, 3, 19, 35, 27, 31, 36, 41, 3, 24, 27, 30, 19, 41, 8, 19, 40, 8, 11, 4, 32, 36]"
L2_arctic_WAV/MBMPS_arctic_a0210,"[8, 38, 36, 19, 16, 8, 43, 31, 4, 38, 3, 41, 14, 42, 32, 5, 38, 31, 10, 35, 6, 43, 32, 38, 39, 26, 14, 32, 19, 35, 8, 19, 28, 5, 35, 19, 42]","[8, 38, 36, 19, 16, 8, 5, 31, 4, 38, 3, 41, 14, 36, 32, 5, 19, 31, 10, 35, 6, 43, 32, 38, 39, 26, 14, 32, 19, 35, 8, 19, 28, 5, 35, 19, 36]"
L2_arctic_WAV/MBMPS_arctic_a0212,"[24, 35, 7, 11, 29, 21, 8, 36, 8, 42, 36, 38, 8, 30, 21, 8, 18, 4, 30, 38, 4, 41, 10, 29, 6, 21, 8, 29, 30, 14, 36, 38, 3, 19, 4, 18, 16, 13, 38, 6, 4, 36, 34, 33, 13, 29, 36, 31, 4, 32]","[24, 35, 7, 11, 29, 21, 8, 36, 8, 36, 41, 8, 30, 21, 8, 18, 4, 30, 38, 4, 41, 10, 29, 19, 21, 8, 29, 30, 14, 36, 38, 3, 19, 5, 18, 16, 13, 19, 19, 4, 36, 34, 33, 13, 29, 31, 4, 32]"
L2_arctic_WAV/MBMPS_arctic_a0227,"[8, 38, 41, 14, 42, 6, 4, 36, 21, 8, 31, 41, 21, 8, 41, 8, 6, 16, 13, 35, 35, 8, 40, 5, 30, 40, 3, 42, 4, 32, 19, 35, 16, 8, 24, 4, 30, 42]","[8, 19, 41, 14, 42, 42, 4, 36, 21, 8, 31, 41, 21, 8, 41, 8, 19, 16, 13, 35, 35, 8, 40, 5, 30, 40, 3, 36, 4, 32, 19, 35, 16, 8, 24, 4, 30, 36]"
L2_arctic_WAV/MBMPS_arctic_a0233,"[16, 8, 32, 7, 40, 3, 4, 30, 16, 13, 41, 14, 38, 29, 43, 32, 38, 18, 27, 37, 21, 8, 32, 20, 19, 38, 39, 4, 32, 10, 8, 31, 27]","[16, 8, 32, 7, 40, 3, 5, 30, 33, 13, 41, 14, 38, 29, 43, 32, 19, 18, 27, 37, 21, 8, 32, 37, 38, 38, 39, 5, 32, 10, 8, 31, 27]"
L2_arctic_WAV/MBMPS_arctic_a0254,"[36, 38, 35, 21, 8, 38, 16, 13, 38, 6, 21, 8, 36, 41, 43, 31, 6, 7, 35, 26, 7, 19, 42, 25, 35, 33, 13, 8, 9, 36, 31, 10, 30, 3, 43, 32, 19, 36, 31, 10, 30, 3]","[36, 38, 35, 21, 8, 38, 16, 13, 38, 19, 4, 36, 41, 5, 31, 6, 7, 35, 26, 43, 32, 36, 25, 35, 33, 13, 8, 32, 36, 31, 10, 30, 3, 43, 32, 19, 36, 31, 10, 30, 3]"
L2_arctic_WAV/MBMPS_arctic_a0260,"[32, 33, 13, 18, 5, 19, 27, 32, 28, 39, 26, 8, 42, 26, 8, 36, 38, 3, 27, 6, 21, 8, 14, 40, 6, 4, 26, 13, 32, 38, 4, 30, 27, 36, 38, 14, 40, 10, 30]","[32, 33, 13, 18, 5, 19, 27, 32, 28, 39, 26, 27, 36, 36, 38, 10, 35, 27, 19, 21, 8, 14, 40, 6, 4, 6, 13, 32, 38, 4, 30, 27, 36, 38, 14, 40, 10, 30]"
L2_arctic_WAV/MBMPS_arctic_a0265,"[6, 4, 19, 8, 36, 29, 14, 40, 35, 27, 36, 27, 31, 19, 38, 8, 26, 43, 40, 18, 8, 32, 31, 21, 8, 19, 10, 32, 6, 4, 36, 34, 3, 14, 40, 6, 4, 31, 33, 13, 31, 4, 32, 38]","[19, 4, 19, 8, 36, 29, 33, 13, 40, 35, 27, 36, 27, 31, 19, 38, 8, 26, 43, 40, 18, 8, 32, 31, 21, 8, 19, 33, 13, 32, 6, 4, 36, 34, 10, 35, 14, 40, 19, 4, 31, 33, 13, 31, 4, 32, 38]"
L2_arctic_WAV/MBMPS_arctic_a0269,"[6, 43, 38, 36, 41, 7, 35, 6, 21, 8, 29, 14, 38, 10, 24, 6, 4, 36, 29, 5, 38, 8, 11, 37, 27, 24, 36, 4, 32, 19, 29, 8, 30, 19, 10, 30, 26, 43, 32, 42]","[6, 43, 38, 36, 41, 3, 19, 21, 8, 29, 14, 38, 5, 24, 19, 4, 36, 29, 5, 38, 8, 11, 37, 27, 40, 36, 4, 32, 19, 29, 27, 30, 19, 10, 30, 26, 43, 32, 36]"
