Unnamed: 0,Path,Canonical,Transcript,Error,Error_GT
0,L2_arctic_WAV/ABA_arctic_a0003,"[54, 40, 50, 63, 8, 3, 36, 52, 55, 3, 49, 24, 22, 3, 56, 68, 63, 64, 3, 49, 39, 55, 24, 10, 63, 8, 3, 6, 68, 52, 55, 9, 31, 28, 67, 64, 55, 58, 70]","[54, 40, 50, 63, 8, 3, 36, 52, 55, 3, 49, 24, 22, 3, 56, 68, 63, 64, 3, 49, 39, 55, 24, 10, 28, 63, 8, 3, 6, 68, 52, 55, 9, 31, 28, 67, 64, 55, 46, 46]","[1, 1, 1, 1, 1, 1, 1, 1, 1, 1, 1, 1, 1, 1, 1, 1, 1, 1, 1, 1, 1, 1, 1, 1, 1, 1, 1, 1, 1, 1, 1, 1, 1, 1, 1, 1, 1, 0, 0]","[0, 0, 0, 0, 0, 0, 0, 0, 0, 0, 0, 0, 0, 0, 0, 0, 0, 0, 0, 0, 0, 0, 0, 0, 0, 0, 0, 0, 0, 0, 0, 0, 0, 0, 0, 0, 0, 1, 1]"
1,L2_arctic_WAV/ABA_arctic_a0005,"[36, 24, 30, 36, 49, 52, 39, 7, 54, 40, 50, 59, 52, 3, 24, 3]","[36, 24, 30, 36, 49, 52, 39, 8, 54, 40, 50, 59, 52, 3, 52, 3]","[1, 1, 1, 1, 1, 1, 1, 0, 1, 1, 1, 1, 1, 1, 0, 1]","[0, 0, 0, 0, 0, 0, 0, 1, 0, 0, 0, 0, 0, 0, 1, 0]"
2,L2_arctic_WAV/ABA_arctic_a0006,"[59, 17, 58, 37, 30, 52, 46, 8, 68, 56, 67, 14, 48, 56, 30, 59, 14, 40, 55, 46, 49, 24, 10, 63, 52, 68, 54, 7, 52, 39, 7]","[59, 17, 58, 37, 30, 52, 46, 63, 8, 68, 56, 67, 14, 48, 56, 30, 59, 14, 40, 55, 46, 49, 24, 10, 63, 52, 68, 54, 7, 52, 39, 8]","[1, 1, 1, 1, 1, 1, 1, 1, 1, 1, 1, 1, 1, 1, 1, 1, 1, 1, 1, 1, 1, 1, 1, 1, 1, 1, 1, 1, 1, 1, 0]","[0, 0, 0, 0, 0, 0, 0, 0, 0, 0, 0, 0, 0, 0, 0, 0, 0, 0, 0, 0, 0, 0, 0, 0, 0, 0, 0, 0, 0, 0, 1]"
3,L2_arctic_WAV/ABA_arctic_a0007,"[64, 55, 58, 29, 6, 40, 30, 36, 49, 70, 36, 40, 55, 3, 3, 6, 46, 49, 24, 3, 24, 55, 63, 8, 46, 31, 48, 7, 30, 8, 3, 24, 39, 58, 24, 59, 50, 49]","[64, 55, 58, 29, 6, 40, 30, 36, 49, 70, 36, 40, 55, 3, 3, 6, 46, 49, 52, 3, 52, 55, 63, 8, 46, 31, 37, 7, 30, 8, 3, 24, 39, 58, 24, 59, 66, 49]","[1, 1, 1, 1, 1, 1, 1, 1, 1, 1, 1, 1, 1, 1, 1, 1, 1, 1, 0, 1, 0, 1, 1, 1, 1, 1, 0, 1, 1, 1, 1, 1, 1, 1, 1, 1, 0, 1]","[0, 0, 0, 0, 0, 0, 0, 0, 0, 0, 0, 0, 0, 0, 0, 0, 0, 0, 1, 0, 1, 0, 0, 0, 0, 0, 1, 0, 0, 0, 0, 0, 0, 0, 0, 0, 1, 0]"
4,L2_arctic_WAV/ABA_arctic_a0008,"[59, 64, 58, 29, 31, 50, 30, 52, 3, 7, 28, 60, 68, 69, 8, 46, 3, 24, 55, 3, 56, 68]","[59, 64, 58, 29, 31, 66, 30, 52, 3, 66, 28, 60, 68, 69, 8, 46, 3, 24, 55, 3, 56, 68]","[1, 1, 1, 1, 1, 0, 1, 1, 1, 0, 1, 1, 1, 1, 1, 1, 1, 1, 1, 1, 1, 1]","[0, 0, 0, 0, 0, 1, 0, 0, 0, 1, 0, 0, 0, 0, 0, 0, 0, 0, 0, 0, 0, 0]"
5,L2_arctic_WAV/ABA_arctic_a0010,"[56, 68, 48, 30, 60, 24, 10, 8, 46, 24, 10, 59, 8, 30, 67, 64, 55, 58, 24, 55, 36, 8, 3, 30, 31, 28, 46, 30, 56, 28, 8, 30, 6, 70, 24, 10, 59, 60, 68]","[56, 68, 48, 30, 60, 24, 10, 8, 46, 24, 10, 59, 8, 30, 67, 64, 55, 58, 24, 55, 36, 8, 3, 30, 31, 28, 46, 30, 56, 28, 8, 30, 6, 70, 24, 10, 59, 60, 68]","[1, 1, 1, 1, 1, 1, 1, 1, 1, 1, 1, 1, 1, 1, 1, 1, 1, 1, 1, 1, 1, 1, 1, 1, 1, 1, 1, 1, 1, 1, 1, 1, 1, 1, 1, 1, 1, 1, 1]","[0, 0, 0, 0, 0, 0, 0, 0, 0, 0, 0, 0, 0, 0, 0, 0, 0, 0, 0, 0, 0, 0, 0, 0, 0, 0, 0, 0, 0, 0, 0, 0, 0, 0, 0, 0, 0, 0, 0]"
6,L2_arctic_WAV/ABA_arctic_a0011,"[24, 54, 56, 52, 39, 7, 55, 49, 58, 24, 58, 8, 54, 56, 3, 7, 24, 55, 68, 56, 30, 56, 54, 56, 55, 49, 58, 36, 8, 55, 55, 15]","[24, 54, 56, 52, 39, 8, 55, 49, 58, 24, 58, 8, 54, 56, 3, 7, 24, 55, 68, 56, 30, 56, 54, 56, 55, 49, 58, 36, 8, 55, 55, 15]","[1, 1, 1, 1, 1, 0, 1, 1, 1, 1, 1, 1, 1, 1, 1, 1, 1, 1, 1, 1, 1, 1, 1, 1, 1, 1, 1, 1, 1, 1, 1, 1]","[0, 0, 0, 0, 0, 1, 0, 0, 0, 0, 0, 0, 0, 0, 0, 0, 0, 0, 0, 0, 0, 0, 0, 0, 0, 0, 0, 0, 0, 0, 0, 0]"
7,L2_arctic_WAV/ABA_arctic_a0013,"[67, 49, 36, 40, 70, 8, 67, 52, 58, 9, 40, 50, 3, 7, 63, 64, 55, 67, 24, 70, 28, 8, 68, 48, 64, 55, 29, 8, 55, 8, 39, 40, 30, 68, 14, 46, 3, 58, 52, 30, 8, 28, 8, 3, 54, 8, 70, 49, 28]","[67, 49, 36, 40, 70, 8, 67, 52, 58, 9, 40, 50, 3, 7, 63, 64, 55, 67, 24, 70, 28, 8, 68, 37, 64, 55, 29, 8, 55, 8, 39, 40, 30, 68, 14, 46, 3, 58, 52, 30, 8, 28, 60, 3, 54, 8, 70, 49, 28]","[1, 1, 1, 1, 1, 1, 1, 1, 1, 1, 1, 1, 1, 1, 1, 1, 1, 1, 1, 1, 1, 1, 1, 0, 1, 1, 1, 1, 1, 1, 1, 1, 1, 1, 1, 1, 1, 1, 1, 1, 1, 1, 0, 1, 1, 1, 1, 1, 1]","[0, 0, 0, 0, 0, 0, 0, 0, 0, 0, 0, 0, 0, 0, 0, 0, 0, 0, 0, 0, 0, 0, 0, 1, 0, 0, 0, 0, 0, 0, 0, 0, 0, 0, 0, 0, 0, 0, 0, 0, 0, 0, 1, 0, 0, 0, 0, 0, 0]"
8,L2_arctic_WAV/ABA_arctic_a0018,"[63, 52, 50, 36, 17, 70, 8, 35, 60, 55, 69, 55, 15]","[70, 52, 66, 36, 17, 70, 8, 35, 60, 55, 69, 55, 15]","[0, 1, 0, 1, 1, 1, 1, 1, 1, 1, 1, 1, 1]","[1, 0, 1, 0, 0, 0, 0, 0, 0, 0, 0, 0, 0]"
9,L2_arctic_WAV/ABA_arctic_a0019,"[56, 54, 17, 30, 14, 58, 63, 8, 30, 56, 55, 8, 39, 63, 8, 48, 50, 8, 48, 14, 70, 58, 50, 60, 30, 50, 14, 58, 30, 31, 28, 24, 10, 54, 40, 50, 35, 64, 55, 46, 24, 70]","[56, 54, 17, 30, 14, 58, 63, 8, 30, 56, 55, 8, 39, 63, 8, 48, 50, 8, 48, 14, 70, 58, 66, 60, 30, 66, 14, 58, 30, 31, 28, 24, 10, 54, 40, 50, 35, 64, 55, 46, 24, 70]","[1, 1, 1, 1, 1, 1, 1, 1, 1, 1, 1, 1, 1, 1, 1, 1, 1, 1, 1, 1, 1, 1, 0, 1, 1, 0, 1, 1, 1, 1, 1, 1, 1, 1, 1, 1, 1, 1, 1, 1, 1, 1]","[0, 0, 0, 0, 0, 0, 0, 0, 0, 0, 0, 0, 0, 0, 0, 0, 0, 0, 0, 0, 0, 0, 1, 0, 0, 1, 0, 0, 0, 0, 0, 0, 0, 0, 0, 0, 0, 0, 0, 0, 0, 0]"
10,L2_arctic_WAV/ABA_arctic_a0020,"[28, 30, 8, 37, 70, 8, 55, 58, 37, 40, 30, 70, 8, 55, 58, 46, 24, 3, 49, 70, 59, 50, 6, 3, 6, 37, 49, 14, 55, 30, 49, 68, 52, 68, 7, 49, 70]","[28, 30, 8, 37, 70, 8, 55, 58, 37, 40, 30, 70, 8, 55, 58, 46, 24, 3, 49, 70, 59, 66, 40, 3, 6, 37, 49, 14, 55, 30, 49, 68, 52, 68, 66, 49, 70]","[1, 1, 1, 1, 1, 1, 1, 1, 1, 1, 1, 1, 1, 1, 1, 1, 1, 1, 1, 1, 1, 0, 0, 1, 1, 1, 1, 1, 1, 1, 1, 1, 1, 1, 0, 1, 1]","[0, 0, 0, 0, 0, 0, 0, 0, 0, 0, 0, 0, 0, 0, 0, 0, 0, 0, 0, 0, 0, 1, 1, 0, 0, 0, 0, 0, 0, 0, 0, 0, 0, 0, 1, 0, 0]"
11,L2_arctic_WAV/ABA_arctic_a0021,"[24, 3, 54, 52, 50, 30, 49, 28, 30, 8, 37, 58, 68, 49, 24, 55, 3, 6, 50, 52, 28, 8, 59, 55, 56, 70, 24, 10, 24, 3]","[24, 3, 54, 52, 50, 30, 49, 28, 30, 8, 37, 58, 68, 49, 24, 55, 3, 6, 61, 52, 28, 8, 59, 55, 56, 70, 24, 10, 28, 24, 3]","[1, 1, 1, 1, 1, 1, 1, 1, 1, 1, 1, 1, 1, 1, 1, 1, 1, 1, 0, 1, 1, 1, 1, 1, 1, 1, 1, 1, 1, 1]","[0, 0, 0, 0, 0, 0, 0, 0, 0, 0, 0, 0, 0, 0, 0, 0, 0, 0, 1, 0, 0, 0, 0, 0, 0, 0, 0, 0, 0, 0]"
12,L2_arctic_WAV/ABA_arctic_a0022,"[67, 17, 50, 58, 30, 49, 36, 7, 15, 50, 48, 30, 64, 55, 70, 68, 60, 58, 48, 8, 37, 30, 24, 28, 37, 49, 54, 40, 50, 36, 49, 36, 7, 68, 52, 3, 37, 56, 48, 15, 7, 54, 8, 30, 17, 48, 8, 70, 24, 9, 8, 55]","[67, 17, 61, 58, 30, 49, 36, 52, 50, 15, 50, 48, 30, 64, 55, 70, 68, 60, 58, 48, 8, 37, 30, 24, 28, 37, 49, 54, 40, 50, 36, 49, 36, 52, 50, 68, 52, 3, 37, 56, 48, 15, 7, 54, 8, 30, 17, 48, 8, 70, 24, 9, 8, 55]","[1, 1, 0, 1, 1, 1, 1, 0, 1, 1, 1, 1, 1, 1, 1, 1, 1, 1, 1, 1, 1, 1, 1, 1, 1, 1, 1, 1, 1, 1, 1, 1, 0, 1, 1, 1, 1, 1, 1, 1, 1, 1, 1, 1, 1, 1, 1, 1, 1, 1, 1, 1]","[0, 0, 1, 0, 0, 0, 0, 1, 0, 0, 0, 0, 0, 0, 0, 0, 0, 0, 0, 0, 0, 0, 0, 0, 0, 0, 0, 0, 0, 0, 0, 0, 1, 0, 0, 0, 0, 0, 0, 0, 0, 0, 0, 0, 0, 0, 0, 0, 0, 0, 0, 0]"
13,L2_arctic_WAV/ABA_arctic_a0023,"[8, 28, 17, 68, 37, 8, 55, 60, 9, 8, 55, 8, 39, 28, 8, 55, 60, 58, 49, 8, 55, 28, 64, 48, 24, 3, 8, 30, 28, 36, 24, 28, 30, 49, 40, 50, 59, 8, 55, 56, 70, 58, 8, 55, 58, 48, 8, 3, 24, 9, 8, 55, 58, 54, 40, 50, 63, 8, 46, 60, 68, 48, 50, 24, 39, 30, 24, 69, 24, 70]","[8, 28, 17, 68, 37, 8, 55, 60, 9, 8, 55, 8, 39, 28, 8, 55, 60, 58, 49, 8, 55, 28, 64, 48, 24, 3, 8, 30, 28, 36, 24, 28, 30, 49, 40, 66, 59, 8, 55, 56, 70, 58, 8, 55, 58, 48, 8, 3, 24, 9, 8, 55, 58, 54, 40, 66, 63, 8, 46, 60, 68, 48, 66, 24, 39, 30, 24, 69, 24, 70]","[1, 1, 1, 1, 1, 1, 1, 1, 1, 1, 1, 1, 1, 1, 1, 1, 1, 1, 1, 1, 1, 1, 1, 1, 1, 1, 1, 1, 1, 1, 1, 1, 1, 1, 1, 0, 1, 1, 1, 1, 1, 1, 1, 1, 1, 1, 1, 1, 1, 1, 1, 1, 1, 1, 1, 0, 1, 1, 1, 1, 1, 1, 0, 1, 1, 1, 1, 1, 1, 1]","[0, 0, 0, 0, 0, 0, 0, 0, 0, 0, 0, 0, 0, 0, 0, 0, 0, 0, 0, 0, 0, 0, 0, 0, 0, 0, 0, 0, 0, 0, 0, 0, 0, 0, 0, 1, 0, 0, 0, 0, 0, 0, 0, 0, 0, 0, 0, 0, 0, 0, 0, 0, 0, 0, 0, 1, 0, 0, 0, 0, 0, 0, 1, 0, 0, 0, 0, 0, 0, 0]"
14,L2_arctic_WAV/ABA_arctic_a0024,"[24, 3, 36, 40, 70, 68, 56, 50, 24, 48, 40, 50, 3, 46, 54, 50, 8, 68, 63, 8, 55, 40, 50, 22, 67, 36, 24, 35, 35, 49, 54, 30, 49, 24, 55, 58, 6, 46, 3, 48, 49, 48, 8, 30, 3, 6, 37, 56]","[24, 3, 36, 40, 70, 68, 56, 66, 24, 48, 40, 50, 3, 46, 54, 66, 8, 68, 63, 8, 55, 40, 66, 22, 67, 36, 24, 35, 35, 49, 54, 30, 49, 24, 55, 58, 6, 46, 3, 48, 49, 48, 8, 30, 3, 6, 37, 56]","[1, 1, 1, 1, 1, 1, 1, 0, 1, 1, 1, 1, 1, 1, 1, 0, 1, 1, 1, 1, 1, 1, 0, 1, 1, 1, 1, 1, 1, 1, 1, 1, 1, 1, 1, 1, 1, 1, 1, 1, 1, 1, 1, 1, 1, 1, 1, 1]","[0, 0, 0, 0, 0, 0, 0, 1, 0, 0, 0, 0, 0, 0, 0, 1, 0, 0, 0, 0, 0, 0, 1, 0, 0, 0, 0, 0, 0, 0, 0, 0, 0, 0, 0, 0, 0, 0, 0, 0, 0, 0, 0, 0, 0, 0, 0, 0]"
15,L2_arctic_WAV/ABA_arctic_a0025,"[56, 36, 40, 70, 8, 37, 15, 3, 3, 6, 58, 6, 63, 24, 46, 36, 52, 55, 28, 6, 30, 7, 69, 8, 69, 68, 8, 55, 3, 48, 50, 49, 39, 60, 30, 58]","[56, 36, 40, 70, 8, 37, 15, 3, 3, 6, 58, 6, 63, 24, 46, 36, 52, 55, 28, 6, 30, 7, 69, 8, 69, 68, 8, 55, 3, 37, 66, 49, 39, 60, 30, 58]","[1, 1, 1, 1, 1, 1, 1, 1, 1, 1, 1, 1, 1, 1, 1, 1, 1, 1, 1, 1, 1, 1, 1, 1, 1, 1, 1, 1, 1, 0, 0, 1, 1, 1, 1, 1]","[0, 0, 0, 0, 0, 0, 0, 0, 0, 0, 0, 0, 0, 0, 0, 0, 0, 0, 0, 0, 0, 0, 0, 0, 0, 0, 0, 0, 0, 1, 1, 0, 0, 0, 0, 0]"
16,L2_arctic_WAV/ABA_arctic_a0026,"[24, 3, 8, 28, 7, 58, 3, 6, 68, 49, 63, 64, 3, 63, 52, 50, 36, 31, 58, 67, 64, 39, 3, 6, 37, 49, 64, 55, 8, 28, 15, 55, 3, 24, 10]","[24, 3, 14, 28, 7, 58, 3, 6, 68, 49, 63, 64, 3, 63, 52, 66, 36, 31, 58, 67, 64, 39, 3, 6, 37, 49, 64, 55, 8, 28, 15, 55, 3, 24, 10]","[1, 1, 0, 1, 1, 1, 1, 1, 1, 1, 1, 1, 1, 1, 1, 0, 1, 1, 1, 1, 1, 1, 1, 1, 1, 1, 1, 1, 1, 1, 1, 1, 1, 1, 1]","[0, 0, 1, 0, 0, 0, 0, 0, 0, 0, 0, 0, 0, 0, 0, 1, 0, 0, 0, 0, 0, 0, 0, 0, 0, 0, 0, 0, 0, 0, 0, 0, 0, 0, 0]"
17,L2_arctic_WAV/ABA_arctic_a0027,"[3, 6, 68, 56, 46, 7, 48, 50, 56, 70, 67, 49, 37, 49, 59, 64, 55, 3, 6, 9, 14, 64, 28, 9, 8, 30, 24, 55, 22, 6, 70, 49, 64, 70, 8, 68, 24, 55, 68, 56, 54, 60, 39, 7]","[3, 6, 68, 56, 46, 7, 48, 50, 56, 70, 67, 49, 37, 49, 59, 64, 55, 3, 6, 9, 14, 64, 28, 9, 8, 30, 24, 55, 46, 6, 46, 49, 64, 70, 8, 68, 24, 55, 68, 56, 54, 60, 39, 8]","[1, 1, 1, 1, 1, 1, 1, 1, 1, 1, 1, 1, 1, 1, 1, 1, 1, 1, 1, 1, 1, 1, 1, 1, 1, 1, 1, 1, 0, 1, 0, 1, 1, 1, 1, 1, 1, 1, 1, 1, 1, 1, 1, 0]","[0, 0, 0, 0, 0, 0, 0, 0, 0, 0, 0, 0, 0, 0, 0, 0, 0, 0, 0, 0, 0, 0, 0, 0, 0, 0, 0, 0, 1, 0, 1, 0, 0, 0, 0, 0, 0, 0, 0, 0, 0, 0, 0, 1]"
18,L2_arctic_WAV/ABA_arctic_a0028,"[50, 17, 37, 7, 49, 37, 50, 56, 37, 7, 49, 54, 50, 40, 58]","[50, 17, 37, 7, 49, 48, 50, 56, 37, 7, 49, 54, 6, 3]","[1, 1, 1, 1, 1, 0, 1, 1, 1, 1, 1, 1, 0, 0, 0]","[0, 0, 0, 0, 0, 1, 0, 0, 0, 0, 0, 0, 1, 1, 1]"
19,L2_arctic_WAV/ABA_arctic_a0029,"[63, 52, 50, 54, 40, 50, 46, 24, 70, 36, 7, 40, 50, 52, 58, 49, 68, 6, 39, 24, 10, 24, 55, 3, 6, 63, 8, 55, 40, 50, 22, 28, 8, 55, 3, 50, 49]","[63, 24, 52, 50, 54, 40, 46, 24, 70, 36, 52, 66, 40, 50, 52, 58, 49, 68, 6, 39, 24, 10, 28, 24, 55, 3, 6, 63, 8, 55, 40, 50, 22, 28, 8, 55, 3, 50, 49]","[1, 1, 1, 1, 1, 0, 1, 1, 1, 1, 0, 1, 1, 1, 1, 1, 1, 1, 1, 1, 1, 1, 1, 1, 1, 1, 1, 1, 1, 1, 1, 1, 1, 1, 1, 1, 1]","[0, 0, 0, 0, 0, 1, 0, 0, 0, 0, 1, 0, 0, 0, 0, 0, 0, 0, 0, 0, 0, 0, 0, 0, 0, 0, 0, 0, 0, 0, 0, 0, 0, 0, 0, 0, 0]"
20,L2_arctic_WAV/ABA_arctic_a0030,"[56, 67, 64, 58, 54, 60, 22, 24, 55, 63, 52, 68]","[56, 67, 64, 58, 54, 60, 22, 24, 55, 63, 52, 68]","[1, 1, 1, 1, 1, 1, 1, 1, 1, 1, 1, 1]","[0, 0, 0, 0, 0, 0, 0, 0, 0, 0, 0, 0]"
21,L2_arctic_WAV/ABA_arctic_a0031,"[63, 60, 36, 7, 22, 50, 49, 67, 8, 55, 58, 50, 24, 58, 29, 17, 50, 58, 70, 8, 48, 17, 50, 3]","[63, 60, 36, 49, 7, 22, 61, 49, 67, 8, 55, 58, 66, 24, 58, 29, 17, 61, 58, 70, 8, 48, 17, 50, 3]","[1, 1, 1, 1, 1, 0, 1, 1, 1, 1, 1, 0, 1, 1, 1, 1, 0, 1, 1, 1, 1, 1, 1, 1]","[0, 0, 0, 0, 0, 1, 0, 0, 0, 0, 0, 1, 0, 0, 0, 0, 1, 0, 0, 0, 0, 0, 0, 0]"
22,L2_arctic_WAV/ABA_arctic_a0032,"[46, 24, 55, 46, 63, 52, 55, 46, 8, 68, 68, 24, 46, 3, 24, 50, 49, 8, 46, 54, 40, 50, 46, 67, 64, 70, 37, 24, 55, 54, 56, 3, 24, 10, 8, 46, 64, 3, 52, 39, 50, 49, 46, 3, 52, 48]","[46, 24, 55, 46, 63, 52, 55, 46, 8, 68, 68, 56, 46, 3, 50, 52, 46, 54, 40, 50, 46, 67, 64, 70, 37, 24, 55, 54, 56, 3, 24, 10, 28, 8, 46, 64, 3, 52, 39, 50, 49, 46, 3, 52, 48]","[1, 1, 1, 1, 1, 1, 1, 1, 1, 1, 1, 0, 1, 1, 0, 1, 0, 0, 1, 1, 1, 1, 1, 1, 1, 1, 1, 1, 1, 1, 1, 1, 1, 1, 1, 1, 1, 1, 1, 1, 1, 1, 1, 1, 1, 1]","[0, 0, 0, 0, 0, 0, 0, 0, 0, 0, 0, 1, 0, 0, 1, 0, 1, 1, 0, 0, 0, 0, 0, 0, 0, 0, 0, 0, 0, 0, 0, 0, 0, 0, 0, 0, 0, 0, 0, 0, 0, 0, 0, 0, 0, 0]"
23,L2_arctic_WAV/ABA_arctic_a0036,"[9, 49, 3, 7, 55, 58, 24, 55, 64, 3, 63, 8, 67, 14, 3, 52, 30]","[9, 49, 3, 7, 55, 58, 24, 55, 64, 3, 63, 8, 67, 14, 3, 52, 30]","[1, 1, 1, 1, 1, 1, 1, 1, 1, 1, 1, 1, 1, 1, 1, 1, 1]","[0, 0, 0, 0, 0, 0, 0, 0, 0, 0, 0, 0, 0, 0, 0, 0, 0]"
24,L2_arctic_WAV/ABA_arctic_a0037,"[56, 36, 8, 70, 63, 8, 14, 55, 30, 49, 36, 8, 55, 67, 6, 50, 49, 68, 60, 55, 58, 46, 24, 3, 24, 10]","[56, 36, 8, 70, 70, 8, 14, 55, 30, 49, 36, 8, 55, 67, 6, 66, 49, 68, 60, 55, 58, 46, 24, 3, 24, 10, 28]","[1, 1, 1, 1, 0, 1, 1, 1, 1, 1, 1, 1, 1, 1, 1, 0, 1, 1, 1, 1, 1, 1, 1, 1, 1, 1]","[0, 0, 0, 0, 1, 0, 0, 0, 0, 0, 0, 0, 0, 0, 0, 1, 0, 0, 0, 0, 0, 0, 0, 0, 0, 0]"
25,L2_arctic_WAV/ABA_arctic_a0038,"[36, 49, 36, 24, 30, 67, 64, 39, 3, 8, 36, 40, 35, 15, 50, 35, 64, 55, 46, 24, 70]","[36, 49, 36, 24, 30, 67, 64, 39, 3, 8, 36, 40, 35, 15, 50, 35, 64, 55, 46, 24, 70]","[1, 1, 1, 1, 1, 1, 1, 1, 1, 1, 1, 1, 1, 1, 1, 1, 1, 1, 1, 1, 1]","[0, 0, 0, 0, 0, 0, 0, 0, 0, 0, 0, 0, 0, 0, 0, 0, 0, 0, 0, 0, 0]"
26,L2_arctic_WAV/ABA_arctic_a0039,"[63, 8, 9, 24, 48, 9, 31, 58, 37, 49, 24, 55, 36, 24, 22, 24, 55, 8, 36, 49, 28, 40, 50, 3, 52, 55, 58, 60, 70]","[63, 8, 9, 24, 48, 9, 31, 58, 37, 49, 24, 55, 36, 24, 22, 24, 55, 8, 36, 49, 28, 40, 50, 3, 24, 55, 58, 60, 70]","[1, 1, 1, 1, 1, 1, 1, 1, 1, 1, 1, 1, 1, 1, 1, 1, 1, 1, 1, 1, 1, 1, 1, 1, 0, 1, 1, 1, 1]","[0, 0, 0, 0, 0, 0, 0, 0, 0, 0, 0, 0, 0, 0, 0, 0, 0, 0, 0, 0, 0, 0, 0, 0, 1, 0, 0, 0, 0]"
27,L2_arctic_WAV/ABA_arctic_a0040,"[56, 46, 8, 48, 14, 70, 29, 6, 36, 8, 55, 58, 7, 67, 36, 56, 9, 49, 24, 70, 28, 8, 68, 24, 10, 8, 48, 67, 49, 50]","[56, 46, 8, 37, 14, 70, 29, 6, 36, 8, 55, 58, 7, 67, 36, 56, 9, 49, 24, 70, 28, 8, 68, 24, 10, 8, 48, 67, 49, 50]","[1, 1, 1, 0, 1, 1, 1, 1, 1, 1, 1, 1, 1, 1, 1, 1, 1, 1, 1, 1, 1, 1, 1, 1, 1, 1, 1, 1, 1, 1]","[0, 0, 0, 1, 0, 0, 0, 0, 0, 0, 0, 0, 0, 0, 0, 0, 0, 0, 0, 0, 0, 0, 0, 0, 0, 0, 0, 0, 0, 0]"
28,L2_arctic_WAV/ABA_arctic_a0041,"[68, 49, 55, 36, 56, 30, 56, 30, 59, 14, 15, 3, 3, 6, 37, 50, 49, 63, 8, 46, 48, 52, 30]","[68, 49, 55, 36, 56, 30, 56, 30, 59, 14, 15, 3, 3, 6, 48, 66, 49, 63, 8, 46, 48, 52, 30]","[1, 1, 1, 1, 1, 1, 1, 1, 1, 1, 1, 1, 1, 1, 0, 0, 1, 1, 1, 1, 1, 1, 1]","[0, 0, 0, 0, 0, 0, 0, 0, 0, 0, 0, 0, 0, 0, 1, 1, 0, 0, 0, 0, 0, 0, 0]"
29,L2_arctic_WAV/ABA_arctic_a0042,"[67, 15, 28, 31, 58, 67, 49, 24, 28, 46, 48, 30, 60, 55, 67, 24, 70, 48, 8, 70, 52, 9, 8, 55, 8, 39, 63, 8, 46, 28, 52, 35]","[67, 15, 28, 31, 58, 67, 49, 24, 28, 46, 37, 30, 60, 55, 67, 24, 70, 48, 8, 70, 52, 9, 8, 55, 8, 39, 63, 8, 46, 28, 52, 35]","[1, 1, 1, 1, 1, 1, 1, 1, 1, 1, 0, 1, 1, 1, 1, 1, 1, 1, 1, 1, 1, 1, 1, 1, 1, 1, 1, 1, 1, 1, 1, 1]","[0, 0, 0, 0, 0, 0, 0, 0, 0, 0, 1, 0, 0, 0, 0, 0, 0, 0, 0, 0, 0, 0, 0, 0, 0, 0, 0, 0, 0, 0, 0, 0]"
30,L2_arctic_WAV/ABA_arctic_a0045,"[67, 49, 68, 6, 39, 58, 8, 36, 60, 64, 70, 28, 36, 56, 8, 3, 30, 49, 64, 70, 67, 49, 67, 64, 58, 28, 8, 68]","[67, 49, 68, 6, 39, 58, 8, 36, 60, 64, 70, 28, 36, 56, 8, 3, 30, 49, 64, 70, 67, 49, 67, 64, 58, 28, 8, 68]","[1, 1, 1, 1, 1, 1, 1, 1, 1, 1, 1, 1, 1, 1, 1, 1, 1, 1, 1, 1, 1, 1, 1, 1, 1, 1, 1, 1]","[0, 0, 0, 0, 0, 0, 0, 0, 0, 0, 0, 0, 0, 0, 0, 0, 0, 0, 0, 0, 0, 0, 0, 0, 0, 0, 0, 0]"
31,L2_arctic_WAV/ABA_arctic_a0046,"[63, 8, 59, 7, 30, 54, 60, 46, 3, 67, 24, 68, 67, 7, 56, 70, 9, 56, 55, 24, 10, 36, 24, 63, 46, 8, 58, 8, 55, 54, 24, 50]","[63, 8, 59, 7, 30, 54, 60, 46, 3, 67, 24, 68, 67, 66, 56, 70, 9, 56, 55, 24, 10, 28, 36, 24, 63, 46, 8, 58, 8, 55, 54, 24, 66]","[1, 1, 1, 1, 1, 1, 1, 1, 1, 1, 1, 1, 1, 0, 1, 1, 1, 1, 1, 1, 1, 1, 1, 1, 1, 1, 1, 1, 1, 1, 1, 0]","[0, 0, 0, 0, 0, 0, 0, 0, 0, 0, 0, 0, 0, 1, 0, 0, 0, 0, 0, 0, 0, 0, 0, 0, 0, 0, 0, 0, 0, 0, 0, 1]"
32,L2_arctic_WAV/ABA_arctic_a0047,"[28, 30, 14, 46, 37, 24, 46, 56, 58, 67, 24, 68, 59, 30, 49, 68, 58, 63, 8, 36, 56, 3, 54, 64, 10, 70, 8, 39, 63, 8, 36, 31, 30, 54, 58, 40, 59]","[28, 30, 14, 70, 37, 24, 46, 56, 58, 67, 24, 68, 59, 30, 49, 68, 58, 63, 8, 36, 56, 3, 54, 64, 10, 70, 8, 39, 63, 8, 36, 40, 30, 54, 58, 14, 59]","[1, 1, 1, 0, 1, 1, 1, 1, 1, 1, 1, 1, 1, 1, 1, 1, 1, 1, 1, 1, 1, 1, 1, 1, 1, 1, 1, 1, 1, 1, 1, 0, 1, 1, 1, 0, 1]","[0, 0, 0, 1, 0, 0, 0, 0, 0, 0, 0, 0, 0, 0, 0, 0, 0, 0, 0, 0, 0, 0, 0, 0, 0, 0, 0, 0, 0, 0, 0, 1, 0, 0, 0, 1, 0]"
33,L2_arctic_WAV/ABA_arctic_a0048,"[67, 49, 30, 31, 28, 3, 64, 3, 63, 8, 67, 64, 10, 28, 7, 35, 49, 54, 68, 40, 50, 28, 30, 14, 46, 30, 49]","[67, 49, 30, 31, 28, 3, 64, 3, 63, 8, 67, 64, 10, 58, 28, 7, 9, 49, 54, 68, 40, 50, 59, 30, 14, 70, 30, 49]","[1, 1, 1, 1, 1, 1, 1, 1, 1, 1, 1, 1, 1, 1, 1, 0, 1, 1, 1, 1, 1, 0, 1, 1, 0, 1, 1]","[0, 0, 0, 0, 0, 0, 0, 0, 0, 0, 0, 0, 0, 0, 0, 1, 0, 0, 0, 0, 0, 1, 0, 0, 1, 0, 0]"
34,L2_arctic_WAV/ABA_arctic_a0051,"[63, 8, 30, 60, 46, 36, 40, 70, 8, 39, 8, 58, 52, 30, 8, 28, 8, 3, 56, 39, 7, 49, 28, 8, 30, 7, 54, 60, 55, 3, 30, 49, 3, 24, 55, 3, 24, 58, 36, 24, 63, 29, 52, 30, 14]","[63, 8, 30, 60, 46, 36, 40, 70, 8, 39, 8, 58, 52, 30, 8, 28, 8, 3, 24, 39, 40, 66, 49, 28, 8, 30, 7, 54, 60, 55, 3, 30, 49, 3, 24, 55, 3, 24, 58, 36, 24, 63, 29, 60, 30, 14]","[1, 1, 1, 1, 1, 1, 1, 1, 1, 1, 1, 1, 1, 1, 1, 1, 1, 1, 0, 1, 0, 1, 1, 1, 1, 1, 1, 1, 1, 1, 1, 1, 1, 1, 1, 1, 1, 1, 1, 1, 1, 1, 0, 1, 1]","[0, 0, 0, 0, 0, 0, 0, 0, 0, 0, 0, 0, 0, 0, 0, 0, 0, 0, 1, 0, 1, 0, 0, 0, 0, 0, 0, 0, 0, 0, 0, 0, 0, 0, 0, 0, 0, 0, 0, 0, 0, 0, 1, 0, 0]"
35,L2_arctic_WAV/ABA_arctic_a0052,"[24, 3, 36, 40, 70, 8, 28, 29, 31, 50, 49, 8, 46, 28, 14, 24, 55, 46, 24, 58, 8, 55, 46]","[24, 3, 36, 40, 70, 8, 28, 29, 31, 50, 49, 8, 46, 28, 14, 24, 55, 46, 24, 58, 8, 55, 46]","[1, 1, 1, 1, 1, 1, 1, 1, 1, 1, 1, 1, 1, 1, 1, 1, 1, 1, 1, 1, 1, 1, 1]","[0, 0, 0, 0, 0, 0, 0, 0, 0, 0, 0, 0, 0, 0, 0, 0, 0, 0, 0, 0, 0, 0, 0]"
36,L2_arctic_WAV/ABA_arctic_a0053,"[46, 8, 58, 8, 55, 30, 49, 67, 24, 70, 54, 24, 10, 59, 7, 70, 28, 30, 14, 70, 58, 3, 56, 3, 30, 49, 14, 39, 7, 63, 8, 67, 64, 10, 28, 7, 35, 49, 54]","[46, 8, 58, 8, 55, 30, 49, 67, 24, 70, 54, 24, 10, 59, 7, 70, 28, 30, 14, 70, 58, 3, 56, 3, 30, 49, 14, 39, 7, 61, 63, 8, 67, 64, 55, 3, 28, 7, 35, 49, 54]","[1, 1, 1, 1, 1, 1, 1, 1, 1, 1, 1, 1, 1, 1, 1, 1, 1, 1, 1, 1, 1, 1, 1, 1, 1, 1, 1, 1, 1, 1, 1, 1, 1, 0, 1, 1, 1, 1, 1]","[0, 0, 0, 0, 0, 0, 0, 0, 0, 0, 0, 0, 0, 0, 0, 0, 0, 0, 0, 0, 0, 0, 0, 0, 0, 0, 0, 0, 0, 0, 0, 0, 0, 1, 0, 0, 0, 0, 0]"
37,L2_arctic_WAV/ABA_arctic_a0054,"[63, 52, 50, 36, 40, 70, 55, 8, 22, 24, 10, 40, 55, 63, 8, 50, 17, 28]","[63, 52, 50, 36, 40, 70, 55, 8, 46, 24, 10, 28, 40, 55, 63, 8, 66, 14, 28]","[1, 1, 1, 1, 1, 1, 1, 1, 0, 1, 1, 1, 1, 1, 1, 0, 0, 1]","[0, 0, 0, 0, 0, 0, 0, 0, 1, 0, 0, 0, 0, 0, 0, 1, 1, 0]"
38,L2_arctic_WAV/ABA_arctic_a0058,"[56, 28, 60, 68, 54, 40, 50, 24, 55, 54, 7, 68, 60, 9, 8, 55, 68, 40, 50, 15, 3, 8, 39, 28, 29, 31, 50, 49, 17, 46, 8, 3, 49, 63, 64, 55, 52, 55, 49, 22, 24, 10, 52, 30, 46]","[56, 28, 60, 68, 54, 40, 24, 55, 54, 7, 68, 60, 9, 8, 55, 68, 40, 50, 15, 3, 8, 39, 28, 29, 31, 61, 49, 52, 46, 8, 3, 49, 63, 64, 55, 52, 55, 49, 22, 24, 10, 59, 52, 30, 46]","[1, 1, 1, 1, 1, 1, 0, 1, 1, 1, 1, 1, 1, 1, 1, 1, 1, 1, 1, 1, 1, 1, 1, 1, 1, 1, 0, 1, 0, 1, 1, 1, 1, 1, 1, 1, 1, 1, 1, 1, 1, 1, 1, 1, 1]","[0, 0, 0, 0, 0, 0, 1, 0, 0, 0, 0, 0, 0, 0, 0, 0, 0, 0, 0, 0, 0, 0, 0, 0, 0, 0, 1, 0, 1, 0, 0, 0, 0, 0, 0, 0, 0, 0, 0, 0, 0, 0, 0, 0, 0]"
39,L2_arctic_WAV/ABA_arctic_a0059,"[67, 24, 70, 24, 68, 64, 28, 29, 6, 30, 24, 3, 8, 48, 24, 50, 8, 55, 46, 36, 40, 70, 59, 40, 55]","[67, 24, 70, 24, 68, 64, 28, 29, 6, 30, 60, 3, 8, 37, 24, 66, 8, 55, 46, 36, 40, 70, 59, 40, 55]","[1, 1, 1, 1, 1, 1, 1, 1, 1, 1, 0, 1, 1, 0, 1, 0, 1, 1, 1, 1, 1, 1, 1, 1, 1]","[0, 0, 0, 0, 0, 0, 0, 0, 0, 0, 1, 0, 0, 1, 0, 1, 0, 0, 0, 0, 0, 0, 0, 0, 0]"
40,L2_arctic_WAV/ABA_arctic_a0060,"[52, 55, 49, 36, 60, 55, 14, 36, 8, 55, 46, 40, 67, 7, 30, 56, 28, 63, 64, 3]","[52, 55, 49, 36, 60, 55, 14, 36, 8, 55, 46, 40, 67, 52, 66, 30, 56, 28, 63, 64, 3]","[1, 1, 1, 1, 1, 1, 1, 1, 1, 1, 1, 1, 1, 0, 1, 1, 1, 1, 1, 1]","[0, 0, 0, 0, 0, 0, 0, 0, 0, 0, 0, 0, 0, 1, 0, 0, 0, 0, 0, 0]"
41,L2_arctic_WAV/ABA_arctic_a0062,"[63, 8, 68, 52, 55, 46, 3, 52, 50, 58, 24, 55, 3, 6, 49, 35, 8, 63, 7, 70, 54, 60, 46]","[63, 8, 68, 52, 55, 46, 61, 52, 50, 58, 24, 55, 3, 6, 49, 35, 8, 63, 61, 70, 54, 60, 46]","[1, 1, 1, 1, 1, 1, 0, 1, 1, 1, 1, 1, 1, 1, 1, 1, 1, 1, 0, 1, 1, 1, 1]","[0, 0, 0, 0, 0, 0, 1, 0, 0, 0, 0, 0, 0, 0, 0, 0, 0, 0, 1, 0, 0, 0, 0]"
42,L2_arctic_WAV/ABA_arctic_a0063,"[29, 52, 46, 24, 3, 36, 40, 70, 8, 68, 64, 55, 67, 6, 64, 46, 28, 3, 8, 46, 3, 50, 60, 55, 69, 7]","[29, 52, 46, 24, 3, 36, 40, 70, 8, 68, 64, 55, 67, 6, 64, 46, 28, 8, 3, 8, 46, 3, 66, 60, 55, 69, 7]","[1, 1, 1, 1, 1, 1, 1, 1, 1, 1, 1, 1, 1, 1, 1, 1, 1, 1, 1, 1, 1, 0, 1, 1, 1, 1]","[0, 0, 0, 0, 0, 0, 0, 0, 0, 0, 0, 0, 0, 0, 0, 0, 0, 0, 0, 0, 0, 1, 0, 0, 0, 0]"
43,L2_arctic_WAV/ABA_arctic_a0064,"[63, 8, 54, 40, 50, 22, 8, 55, 58, 54, 24, 54, 22, 58, 60, 70, 48, 64, 46, 3, 36, 24, 63, 15, 3, 52, 55, 49, 58, 24, 39, 52, 30, 8, 48, 68, 8, 55, 3, 46]","[63, 8, 54, 40, 66, 22, 8, 55, 58, 54, 24, 54, 22, 58, 60, 70, 37, 64, 46, 3, 36, 24, 63, 15, 3, 52, 55, 49, 58, 24, 39, 52, 30, 8, 48, 68, 8, 55, 3, 46]","[1, 1, 1, 1, 0, 1, 1, 1, 1, 1, 1, 1, 1, 1, 1, 1, 0, 1, 1, 1, 1, 1, 1, 1, 1, 1, 1, 1, 1, 1, 1, 1, 1, 1, 1, 1, 1, 1, 1, 1]","[0, 0, 0, 0, 1, 0, 0, 0, 0, 0, 0, 0, 0, 0, 0, 0, 1, 0, 0, 0, 0, 0, 0, 0, 0, 0, 0, 0, 0, 0, 0, 0, 0, 0, 0, 0, 0, 0, 0, 0]"
44,L2_arctic_WAV/ABA_arctic_a0065,"[63, 60, 28, 30, 14, 70, 58, 55, 15, 8, 55, 3, 24, 30, 67, 24, 70, 54, 24, 10, 59, 7, 70, 36, 7, 30, 56, 28, 28, 40, 50, 58, 70, 8, 39, 46, 3, 49, 30]","[63, 60, 28, 30, 14, 70, 58, 55, 15, 8, 55, 3, 24, 61, 67, 24, 70, 54, 24, 10, 59, 7, 70, 36, 7, 30, 56, 28, 28, 40, 50, 58, 46, 8, 39, 8, 46, 3, 49, 30]","[1, 1, 1, 1, 1, 1, 1, 1, 1, 1, 1, 1, 1, 0, 1, 1, 1, 1, 1, 1, 1, 1, 1, 1, 1, 1, 1, 1, 1, 1, 1, 1, 0, 1, 1, 1, 1, 1, 1]","[0, 0, 0, 0, 0, 0, 0, 0, 0, 0, 0, 0, 0, 1, 0, 0, 0, 0, 0, 0, 0, 0, 0, 0, 0, 0, 0, 0, 0, 0, 0, 0, 1, 0, 0, 0, 0, 0, 0]"
45,L2_arctic_WAV/ABA_arctic_a0067,"[9, 31, 50, 30, 49, 56, 36, 24, 30, 24, 28, 46, 28, 29, 6, 70, 29, 6, 9, 49, 28, 50, 56, 58]","[9, 31, 50, 30, 49, 56, 36, 24, 30, 24, 28, 46, 8, 28, 29, 6, 70, 29, 6, 9, 49, 28, 61, 56, 58]","[1, 1, 1, 1, 1, 1, 1, 1, 1, 1, 1, 1, 1, 1, 1, 1, 1, 1, 1, 1, 1, 0, 1, 1]","[0, 0, 0, 0, 0, 0, 0, 0, 0, 0, 0, 0, 0, 0, 0, 0, 0, 0, 0, 0, 0, 1, 0, 0]"
46,L2_arctic_WAV/ABA_arctic_a0071,"[36, 8, 3, 36, 40, 70, 63, 8, 17, 37, 69, 52, 28, 3, 8, 39, 29, 31, 50, 30, 24, 3, 8, 30, 46, 52, 55, 46, 60, 9, 8, 55]","[36, 8, 3, 36, 40, 70, 63, 8, 17, 37, 26, 52, 28, 3, 8, 39, 29, 31, 61, 30, 24, 3, 8, 61, 46, 52, 55, 46, 60, 9, 8, 55]","[1, 1, 1, 1, 1, 1, 1, 1, 1, 1, 0, 1, 1, 1, 1, 1, 1, 1, 0, 1, 1, 1, 1, 0, 1, 1, 1, 1, 1, 1, 1, 1]","[0, 0, 0, 0, 0, 0, 0, 0, 0, 0, 1, 0, 0, 0, 0, 0, 0, 0, 1, 0, 0, 0, 0, 1, 0, 0, 0, 0, 0, 0, 0, 0]"
47,L2_arctic_WAV/ABA_arctic_a0073,"[63, 8, 48, 50, 8, 68, 14, 3, 7, 70, 56, 70, 36, 7, 67, 52, 39, 49, 36, 24, 63, 30, 24, 3, 8, 30, 48, 8, 54, 49, 37, 64, 59, 70, 8, 55, 58, 7, 63, 52, 68]","[63, 8, 37, 66, 6, 68, 49, 3, 7, 70, 56, 70, 36, 7, 67, 52, 39, 49, 36, 24, 63, 30, 24, 3, 8, 61, 48, 8, 54, 49, 37, 17, 59, 46, 8, 55, 58, 66, 63, 52, 68]","[1, 1, 0, 0, 0, 1, 0, 1, 1, 1, 1, 1, 1, 1, 1, 1, 1, 1, 1, 1, 1, 1, 1, 1, 1, 0, 1, 1, 1, 1, 1, 0, 1, 0, 1, 1, 1, 0, 1, 1, 1]","[0, 0, 1, 1, 1, 0, 1, 0, 0, 0, 0, 0, 0, 0, 0, 0, 0, 0, 0, 0, 0, 0, 0, 0, 0, 1, 0, 0, 0, 0, 0, 1, 0, 1, 0, 0, 0, 1, 0, 0, 0]"
48,L2_arctic_WAV/ABA_arctic_a0075,"[63, 52, 50, 67, 64, 70, 37, 24, 55, 8, 35, 60, 55, 69, 9, 49, 24, 55, 3, 7, 8, 48, 3, 24, 58, 67, 24, 68]","[63, 52, 67, 64, 70, 37, 24, 55, 8, 35, 60, 55, 69, 9, 49, 24, 55, 58, 7, 8, 48, 3, 24, 58, 67, 24, 68]","[1, 1, 0, 1, 1, 1, 1, 1, 1, 1, 1, 1, 1, 1, 1, 1, 1, 1, 0, 1, 1, 1, 1, 1, 1, 1, 1, 1]","[0, 0, 1, 0, 0, 0, 0, 0, 0, 0, 0, 0, 0, 0, 0, 0, 0, 0, 1, 0, 0, 0, 0, 0, 0, 0, 0, 0]"
49,L2_arctic_WAV/ABA_arctic_a0076,"[63, 8, 59, 50, 60, 56, 70, 54, 17, 30, 3, 7, 58, 63, 8, 54, 30, 8, 9, 58, 49, 48, 8, 55, 58]","[63, 8, 59, 66, 60, 56, 70, 54, 52, 30, 3, 7, 58, 63, 8, 54, 30, 8, 9, 58, 49, 37, 8, 55, 58]","[1, 1, 1, 0, 1, 1, 1, 1, 0, 1, 1, 1, 1, 1, 1, 1, 1, 1, 1, 1, 1, 0, 1, 1, 1]","[0, 0, 0, 1, 0, 0, 0, 0, 1, 0, 0, 0, 0, 0, 0, 0, 0, 0, 0, 0, 0, 1, 0, 0, 0]"
50,L2_arctic_WAV/ABA_arctic_a0077,"[24, 3, 24, 70, 63, 8, 54, 56, 50, 48, 17, 50, 3, 30, 49, 9, 49, 46, 52, 58]","[24, 3, 24, 70, 63, 8, 54, 56, 50, 33, 17, 50, 3, 30, 49, 9, 49, 46, 52, 58]","[1, 1, 1, 1, 1, 1, 1, 1, 1, 0, 1, 1, 1, 1, 1, 1, 1, 1, 1, 1]","[0, 0, 0, 0, 0, 0, 0, 0, 0, 1, 0, 0, 0, 0, 0, 0, 0, 0, 0, 0]"
51,L2_arctic_WAV/ABA_arctic_a0078,"[63, 52, 55, 8, 55, 58, 64, 3, 46, 8, 48, 7, 67, 49, 3, 50, 56, 58, 3, 6, 54, 64, 63, 8, 68, 67, 7]","[63, 52, 55, 8, 55, 58, 64, 3, 46, 8, 48, 7, 67, 49, 3, 66, 57, 58, 3, 6, 54, 64, 22, 8, 68, 67, 61]","[1, 1, 1, 1, 1, 1, 1, 1, 1, 1, 1, 1, 1, 1, 1, 0, 0, 1, 1, 1, 1, 1, 0, 1, 1, 1, 0]","[0, 0, 0, 0, 0, 0, 0, 0, 0, 0, 0, 0, 0, 0, 0, 1, 1, 0, 0, 0, 0, 0, 1, 0, 0, 0, 1]"
52,L2_arctic_WAV/ABA_arctic_a0079,"[24, 3, 36, 40, 70, 8, 30, 17, 50, 69, 28, 8, 55, 6]","[24, 3, 36, 40, 70, 8, 30, 17, 50, 26, 28, 64, 55, 6]","[1, 1, 1, 1, 1, 1, 1, 1, 1, 0, 1, 0, 1, 1]","[0, 0, 0, 0, 0, 0, 0, 0, 0, 1, 0, 1, 0, 0]"
53,L2_arctic_WAV/ABA_arctic_a0081,"[36, 8, 3, 24, 54, 9, 49, 58, 24, 58, 55, 17, 3, 28, 8, 68, 3, 6, 63, 8, 50, 17, 28]","[36, 8, 3, 24, 54, 9, 49, 58, 24, 58, 55, 3, 28, 8, 68, 3, 6, 63, 8, 66, 14, 28]","[1, 1, 1, 1, 1, 1, 1, 1, 1, 1, 1, 0, 1, 1, 1, 1, 1, 1, 1, 1, 0, 0, 1]","[0, 0, 0, 0, 0, 0, 0, 0, 0, 0, 0, 1, 0, 0, 0, 0, 0, 0, 0, 0, 1, 1, 0]"
54,L2_arctic_WAV/ABA_arctic_a0082,"[67, 24, 70, 54, 60, 46, 36, 40, 70, 46, 3, 50, 49, 68, 24, 10, 36, 24, 63, 37, 30, 8, 58]","[67, 24, 70, 54, 60, 46, 36, 40, 70, 46, 3, 66, 49, 68, 24, 10, 28, 36, 24, 63, 37, 30, 8, 3]","[1, 1, 1, 1, 1, 1, 1, 1, 1, 1, 1, 0, 1, 1, 1, 1, 1, 1, 1, 1, 1, 1, 0]","[0, 0, 0, 0, 0, 0, 0, 0, 0, 0, 0, 1, 0, 0, 0, 0, 0, 0, 0, 0, 0, 0, 1]"
55,L2_arctic_WAV/ABA_arctic_a0085,"[8, 3, 50, 24, 28, 8, 30, 8, 39, 54, 50, 52, 9, 37, 30, 8, 58, 50, 64, 55, 14, 39, 7, 67, 24, 70, 54, 60, 46]","[8, 3, 66, 24, 28, 8, 61, 8, 39, 54, 50, 52, 9, 37, 30, 8, 58, 8, 50, 64, 55, 14, 39, 7, 67, 24, 70, 54, 60, 46]","[1, 1, 0, 1, 1, 1, 0, 1, 1, 1, 1, 1, 1, 1, 1, 1, 1, 1, 1, 1, 1, 1, 1, 1, 1, 1, 1, 1, 1]","[0, 0, 1, 0, 0, 0, 1, 0, 0, 0, 0, 0, 0, 0, 0, 0, 0, 0, 0, 0, 0, 0, 0, 0, 0, 0, 0, 0, 0]"
56,L2_arctic_WAV/ABA_arctic_a0086,"[58, 52, 22, 67, 64, 58, 28, 8, 68, 36, 24, 22, 3, 52, 50, 8, 37, 8, 30, 46, 8, 58, 8, 55, 55, 8, 46]","[58, 52, 22, 67, 64, 58, 28, 8, 68, 36, 24, 22, 3, 52, 66, 8, 48, 8, 61, 46, 8, 58, 8, 55, 55, 8, 46]","[1, 1, 1, 1, 1, 1, 1, 1, 1, 1, 1, 1, 1, 1, 0, 1, 0, 1, 0, 1, 1, 1, 1, 1, 1, 1, 1]","[0, 0, 0, 0, 0, 0, 0, 0, 0, 0, 0, 0, 0, 0, 1, 0, 1, 0, 1, 0, 0, 0, 0, 0, 0, 0, 0]"
57,L2_arctic_WAV/ABA_arctic_a0088,"[67, 49, 68, 60, 58, 9, 31, 50, 63, 64, 3, 63, 8, 68, 64, 59, 8, 70, 49, 55, 36, 40, 70, 30, 14, 58, 8, 58, 8, 55, 58, 50, 49, 70, 6, 68, 58, 67, 24, 70, 48, 64, 58, 30, 24, 10]","[67, 49, 68, 60, 58, 9, 31, 66, 63, 64, 3, 63, 8, 68, 64, 59, 8, 70, 49, 55, 36, 40, 70, 30, 14, 58, 8, 58, 8, 55, 58, 66, 49, 46, 29, 6, 68, 58, 67, 24, 46, 37, 64, 58, 30, 24, 10, 28]","[1, 1, 1, 1, 1, 1, 1, 0, 1, 1, 1, 1, 1, 1, 1, 1, 1, 1, 1, 1, 1, 1, 1, 1, 1, 1, 1, 1, 1, 1, 1, 0, 1, 0, 1, 1, 1, 1, 1, 0, 0, 1, 1, 1, 1, 1]","[0, 0, 0, 0, 0, 0, 0, 1, 0, 0, 0, 0, 0, 0, 0, 0, 0, 0, 0, 0, 0, 0, 0, 0, 0, 0, 0, 0, 0, 0, 0, 1, 0, 1, 0, 0, 0, 0, 0, 1, 1, 0, 0, 0, 0, 0]"
58,L2_arctic_WAV/ABA_arctic_a0089,"[63, 8, 55, 56, 3, 59, 30, 14, 36, 40, 70, 3, 50, 52, 35, 7, 8, 46, 3, 6, 9, 6, 3, 37, 56]","[63, 8, 55, 56, 3, 59, 30, 6, 36, 40, 70, 3, 50, 52, 35, 66, 8, 46, 3, 6, 9, 31, 3, 37, 56]","[1, 1, 1, 1, 1, 1, 1, 0, 1, 1, 1, 1, 1, 1, 1, 0, 1, 1, 1, 1, 1, 0, 1, 1, 1]","[0, 0, 0, 0, 0, 0, 0, 1, 0, 0, 0, 0, 0, 0, 0, 1, 0, 0, 0, 0, 0, 1, 0, 0, 0]"
59,L2_arctic_WAV/ABA_arctic_a0090,"[63, 8, 46, 24, 10, 24, 10, 39, 57, 46, 8, 48, 50, 14, 35, 3, 50, 64, 48, 8, 58, 30, 49]","[63, 8, 46, 24, 10, 24, 10, 59, 39, 57, 46, 8, 48, 66, 14, 35, 8, 3, 66, 64, 37, 8, 58, 30, 49]","[1, 1, 1, 1, 1, 1, 1, 1, 1, 1, 1, 1, 0, 1, 1, 1, 0, 1, 0, 1, 1, 1, 1]","[0, 0, 0, 0, 0, 0, 0, 0, 0, 0, 0, 0, 1, 0, 0, 0, 1, 0, 1, 0, 0, 0, 0]"
60,L2_arctic_WAV/ABA_arctic_a0091,"[67, 24, 70, 37, 30, 8, 58, 59, 50, 6, 67, 17, 3, 36, 24, 63, 50, 60, 69, 64, 3, 63, 8, 22, 40, 3]","[67, 24, 70, 37, 30, 8, 58, 59, 66, 6, 67, 17, 3, 36, 17, 63, 50, 60, 69, 64, 3, 63, 8, 22, 14, 3]","[1, 1, 1, 1, 1, 1, 1, 1, 0, 1, 1, 1, 1, 1, 0, 1, 1, 1, 1, 1, 1, 1, 1, 1, 0, 1]","[0, 0, 0, 0, 0, 0, 0, 0, 1, 0, 0, 0, 0, 0, 1, 0, 0, 0, 0, 0, 0, 0, 0, 0, 1, 0]"
61,L2_arctic_WAV/ABA_arctic_a0092,"[67, 49, 36, 52, 55, 3, 58, 15, 55, 24, 55, 68, 24, 58, 46, 3, 50, 49, 68, 46, 7, 35, 24, 10, 63, 8, 9, 64, 58, 14, 70, 8, 39, 37, 14, 22, 9, 40, 50, 70]","[67, 49, 36, 52, 55, 3, 8, 58, 15, 8, 55, 24, 55, 68, 24, 58, 8, 46, 3, 66, 49, 68, 46, 7, 9, 24, 10, 28, 63, 8, 9, 64, 58, 14, 70, 8, 39, 48, 14, 22, 9, 40, 46]","[1, 1, 1, 1, 1, 1, 1, 1, 1, 1, 1, 1, 1, 1, 1, 1, 0, 1, 1, 1, 1, 0, 1, 1, 1, 1, 1, 1, 1, 1, 1, 1, 1, 0, 1, 1, 1, 1, 0, 0]","[0, 0, 0, 0, 0, 0, 0, 0, 0, 0, 0, 0, 0, 0, 0, 0, 1, 0, 0, 0, 0, 1, 0, 0, 0, 0, 0, 0, 0, 0, 0, 0, 0, 1, 0, 0, 0, 0, 1, 1]"
62,L2_arctic_WAV/ABA_arctic_a0093,"[54, 40, 50, 8, 54, 31, 30, 68, 24, 55, 8, 3, 67, 49, 28, 50, 15, 35, 3, 8, 55, 58, 30, 24, 46, 8, 55, 58]","[54, 40, 66, 8, 54, 31, 30, 68, 24, 55, 8, 3, 67, 49, 28, 50, 14, 35, 8, 3, 8, 55, 58, 30, 24, 46, 8, 55, 58]","[1, 1, 0, 1, 1, 1, 1, 1, 1, 1, 1, 1, 1, 1, 1, 1, 0, 1, 1, 1, 1, 1, 1, 1, 1, 1, 1, 1]","[0, 0, 1, 0, 0, 0, 0, 0, 0, 0, 0, 0, 0, 0, 0, 0, 1, 0, 0, 0, 0, 0, 0, 0, 0, 0, 0, 0]"
63,L2_arctic_WAV/ABA_arctic_a0094,"[67, 49, 67, 64, 58, 37, 52, 50, 30, 49, 52, 55, 3, 7, 58, 63, 24, 46, 36, 24, 55, 67, 49, 46, 40, 63, 8, 59, 30, 14, 8, 39, 8, 54, 56, 7]","[67, 49, 67, 64, 58, 48, 52, 50, 30, 49, 52, 55, 3, 7, 58, 63, 24, 46, 36, 24, 55, 67, 49, 46, 14, 63, 8, 59, 30, 14, 8, 39, 8, 54, 56, 8]","[1, 1, 1, 1, 1, 0, 1, 1, 1, 1, 1, 1, 1, 1, 1, 1, 1, 1, 1, 1, 1, 1, 1, 1, 0, 1, 1, 1, 1, 1, 1, 1, 1, 1, 1, 0]","[0, 0, 0, 0, 0, 1, 0, 0, 0, 0, 0, 0, 0, 0, 0, 0, 0, 0, 0, 0, 0, 0, 0, 0, 1, 0, 0, 0, 0, 0, 0, 0, 0, 0, 0, 1]"
64,L2_arctic_WAV/ABA_arctic_a0095,"[8, 37, 24, 59, 28, 64, 55, 39, 8, 46, 3, 52, 55, 3, 36, 40, 70, 63, 8, 54, 7, 46, 3, 22, 24, 10, 3, 6, 28, 8, 68, 36, 24, 22, 24, 55, 67, 24, 70, 39, 24, 26, 8, 55]","[8, 37, 24, 59, 28, 64, 55, 39, 8, 46, 3, 52, 55, 3, 36, 40, 70, 63, 8, 54, 7, 46, 3, 22, 24, 10, 28, 3, 6, 28, 8, 68, 36, 24, 22, 24, 55, 67, 24, 70, 39, 24, 26, 8, 55]","[1, 1, 1, 1, 1, 1, 1, 1, 1, 1, 1, 1, 1, 1, 1, 1, 1, 1, 1, 1, 1, 1, 1, 1, 1, 1, 1, 1, 1, 1, 1, 1, 1, 1, 1, 1, 1, 1, 1, 1, 1, 1, 1, 1]","[0, 0, 0, 0, 0, 0, 0, 0, 0, 0, 0, 0, 0, 0, 0, 0, 0, 0, 0, 0, 0, 0, 0, 0, 0, 0, 0, 0, 0, 0, 0, 0, 0, 0, 0, 0, 0, 0, 0, 0, 0, 0, 0, 0]"
65,L2_arctic_WAV/ABA_arctic_a0096,"[48, 7, 67, 64, 48, 46, 9, 49, 67, 64, 58, 40, 30, 50, 52, 58, 49, 68, 52, 3, 67, 7, 54, 60, 3, 8, 30, 24, 3, 8, 30, 58, 49, 48, 7, 24, 55, 63, 8, 54, 40, 50, 8, 46, 3]","[48, 66, 52, 67, 64, 48, 46, 9, 49, 67, 64, 58, 40, 30, 50, 52, 58, 49, 68, 52, 3, 67, 61, 54, 60, 3, 8, 30, 24, 3, 8, 61, 58, 49, 48, 8, 24, 55, 63, 8, 54, 40, 50, 46, 3]","[1, 0, 1, 1, 1, 1, 1, 1, 1, 1, 1, 1, 1, 1, 1, 1, 1, 1, 1, 1, 1, 0, 1, 1, 1, 1, 1, 1, 1, 1, 0, 1, 1, 1, 0, 1, 1, 1, 1, 1, 1, 1, 0, 1, 1]","[0, 1, 0, 0, 0, 0, 0, 0, 0, 0, 0, 0, 0, 0, 0, 0, 0, 0, 0, 0, 0, 1, 0, 0, 0, 0, 0, 0, 0, 0, 1, 0, 0, 0, 1, 0, 0, 0, 0, 0, 0, 0, 1, 0, 0]"
66,L2_arctic_WAV/ABA_arctic_a0097,"[63, 52, 55, 29, 6, 28, 64, 55, 7, 60, 55, 69, 29, 7, 46, 52, 30, 54, 28, 8, 68, 54, 7, 3, 8, 37, 30, 49, 8, 68, 8, 10, 63, 49, 70, 50, 14, 37, 70, 24, 55, 63, 8, 37, 14]","[63, 52, 55, 29, 6, 28, 64, 55, 7, 60, 55, 35, 29, 7, 46, 52, 30, 54, 28, 8, 68, 54, 7, 3, 8, 37, 30, 49, 8, 68, 8, 10, 28, 63, 49, 70, 66, 14, 48, 46, 24, 55, 63, 8, 37, 14]","[1, 1, 1, 1, 1, 1, 1, 1, 1, 1, 1, 0, 1, 1, 1, 1, 1, 1, 1, 1, 1, 1, 1, 1, 1, 1, 1, 1, 1, 1, 1, 1, 1, 1, 1, 0, 1, 0, 0, 1, 1, 1, 1, 1, 1]","[0, 0, 0, 0, 0, 0, 0, 0, 0, 0, 0, 1, 0, 0, 0, 0, 0, 0, 0, 0, 0, 0, 0, 0, 0, 0, 0, 0, 0, 0, 0, 0, 0, 0, 0, 1, 0, 1, 1, 0, 0, 0, 0, 0, 0]"
67,L2_arctic_WAV/ABA_arctic_a0098,"[9, 64, 30, 56, 28, 64, 50, 49, 29, 6]","[9, 64, 30, 56, 28, 64, 66, 49, 29, 6]","[1, 1, 1, 1, 1, 1, 0, 1, 1, 1]","[0, 0, 0, 0, 0, 0, 1, 0, 0, 0]"
68,L2_arctic_WAV/ABA_arctic_a0099,"[8, 68, 64, 58, 8, 55, 24, 10, 69, 57, 48, 15, 55, 58, 24, 58, 24, 55, 67, 24, 70, 37, 50, 60, 55]","[8, 68, 52, 58, 8, 55, 24, 10, 26, 57, 37, 15, 55, 58, 24, 58, 24, 55, 67, 24, 70, 48, 50, 60, 55]","[1, 1, 0, 1, 1, 1, 1, 1, 0, 1, 0, 1, 1, 1, 1, 1, 1, 1, 1, 1, 1, 0, 1, 1, 1]","[0, 0, 1, 0, 0, 0, 0, 0, 1, 0, 1, 0, 0, 0, 0, 0, 0, 0, 0, 0, 0, 1, 0, 0, 0]"
69,L2_arctic_WAV/ABA_arctic_a0100,"[29, 6, 68, 8, 46, 3, 46, 30, 49, 48, 67, 49, 7, 69, 58]","[29, 6, 68, 8, 46, 8, 46, 30, 49, 48, 67, 49, 7, 26, 58]","[1, 1, 1, 1, 1, 0, 1, 1, 1, 1, 1, 1, 1, 0, 1]","[0, 0, 0, 0, 0, 1, 0, 0, 0, 0, 0, 0, 0, 1, 0]"
70,L2_arctic_WAV/ABA_arctic_a0101,"[29, 6, 29, 6, 36, 31, 58, 8, 55, 3, 28, 49, 48, 63, 8, 3, 50, 6, 22, 54, 50, 8, 68, 68, 49]","[29, 6, 29, 6, 36, 31, 58, 8, 55, 3, 8, 28, 49, 48, 63, 8, 58, 66, 6, 22, 54, 66, 14, 68, 68, 49]","[1, 1, 1, 1, 1, 1, 1, 1, 1, 1, 1, 1, 1, 1, 1, 0, 0, 1, 1, 1, 0, 0, 1, 1, 1]","[0, 0, 0, 0, 0, 0, 0, 0, 0, 0, 0, 0, 0, 0, 0, 1, 1, 0, 0, 0, 1, 1, 0, 0, 0]"
71,L2_arctic_WAV/ABA_arctic_a0102,"[67, 49, 36, 24, 30, 54, 17, 30, 14, 8, 46, 46, 6, 55]","[67, 49, 36, 24, 61, 54, 14, 30, 14, 8, 46, 46, 6, 55]","[1, 1, 1, 1, 0, 1, 0, 1, 1, 1, 1, 1, 1, 1]","[0, 0, 0, 0, 1, 0, 1, 0, 0, 0, 0, 0, 0, 0]"
72,L2_arctic_WAV/ABA_arctic_a0103,"[37, 8, 3, 63, 52, 50, 28, 60, 68, 55, 14, 48, 50, 17, 68, 8, 46, 54, 50, 8, 68, 63, 8, 37, 14, 8, 39, 63, 8, 28, 8, 55, 6]","[37, 8, 3, 63, 24, 52, 66, 28, 60, 68, 55, 14, 48, 50, 14, 68, 8, 46, 54, 66, 8, 68, 63, 8, 48, 14, 8, 39, 63, 8, 28, 8, 55, 6]","[1, 1, 1, 1, 1, 0, 1, 1, 1, 1, 1, 1, 1, 0, 1, 1, 1, 1, 0, 1, 1, 1, 1, 0, 1, 1, 1, 1, 1, 1, 1, 1, 1]","[0, 0, 0, 0, 0, 1, 0, 0, 0, 0, 0, 0, 0, 1, 0, 0, 0, 0, 1, 0, 0, 0, 0, 1, 0, 0, 0, 0, 0, 0, 0, 0, 0]"
73,L2_arctic_WAV/ABA_arctic_a0104,"[9, 49, 36, 40, 70, 46, 30, 49, 48, 24, 10, 8, 55, 58, 7, 67, 24, 70, 48, 7, 3, 52, 28, 9, 8, 55, 64, 70, 46, 36, 49, 3, 30, 49, 64, 70, 8, 35, 56, 30, 58]","[9, 49, 36, 40, 70, 46, 30, 49, 37, 24, 10, 28, 8, 55, 58, 7, 67, 24, 70, 48, 7, 3, 52, 28, 9, 8, 55, 64, 70, 46, 36, 49, 3, 30, 49, 64, 70, 8, 35, 56, 30, 58]","[1, 1, 1, 1, 1, 1, 1, 1, 0, 1, 1, 1, 1, 1, 1, 1, 1, 1, 1, 1, 1, 1, 1, 1, 1, 1, 1, 1, 1, 1, 1, 1, 1, 1, 1, 1, 1, 1, 1, 1, 1]","[0, 0, 0, 0, 0, 0, 0, 0, 1, 0, 0, 0, 0, 0, 0, 0, 0, 0, 0, 0, 0, 0, 0, 0, 0, 0, 0, 0, 0, 0, 0, 0, 0, 0, 0, 0, 0, 0, 0, 0, 0]"
74,L2_arctic_WAV/ABA_arctic_a0105,"[14, 55, 30, 49, 24, 3, 24, 70, 46, 14, 36, 8, 55, 58, 7, 54, 8, 30, 46, 14, 40, 30, 68, 14, 46, 3, 24, 68, 48, 17, 46, 8, 37, 8, 30, 3, 6, 37, 24, 30, 49, 39]","[14, 55, 49, 24, 3, 24, 70, 46, 14, 36, 8, 55, 58, 7, 54, 8, 30, 46, 14, 40, 30, 68, 14, 46, 3, 24, 68, 48, 14, 46, 8, 37, 8, 30, 3, 6, 48, 24, 30, 49, 54]","[1, 1, 0, 1, 1, 1, 1, 1, 1, 1, 1, 1, 1, 1, 1, 1, 1, 1, 1, 1, 1, 1, 1, 1, 1, 1, 1, 1, 1, 0, 1, 1, 1, 1, 1, 1, 1, 0, 1, 1, 1, 0]","[0, 0, 1, 0, 0, 0, 0, 0, 0, 0, 0, 0, 0, 0, 0, 0, 0, 0, 0, 0, 0, 0, 0, 0, 0, 0, 0, 0, 0, 1, 0, 0, 0, 0, 0, 0, 0, 1, 0, 0, 0, 1]"
75,L2_arctic_WAV/ABA_arctic_a0106,"[63, 8, 24, 68, 14, 9, 8, 55, 36, 24, 35, 9, 49, 67, 64, 58, 46, 8, 48, 50, 52, 46, 3, 37, 7, 46, 3, 54, 40, 50, 22, 55, 15, 24, 55, 8, 35, 14, 28, 24, 10, 46, 17, 37]","[63, 8, 24, 68, 14, 9, 8, 55, 36, 24, 35, 9, 49, 67, 64, 58, 46, 8, 48, 50, 52, 46, 3, 48, 7, 46, 3, 54, 40, 66, 22, 55, 15, 24, 55, 8, 35, 14, 28, 24, 10, 46, 14, 37]","[1, 1, 1, 1, 1, 1, 1, 1, 1, 1, 1, 1, 1, 1, 1, 1, 1, 1, 1, 1, 1, 1, 1, 0, 1, 1, 1, 1, 1, 0, 1, 1, 1, 1, 1, 1, 1, 1, 1, 1, 1, 1, 0, 1]","[0, 0, 0, 0, 0, 0, 0, 0, 0, 0, 0, 0, 0, 0, 0, 0, 0, 0, 0, 0, 0, 0, 0, 1, 0, 0, 0, 0, 0, 1, 0, 0, 0, 0, 0, 0, 0, 0, 0, 0, 0, 0, 1, 0]"
76,L2_arctic_WAV/ABA_arctic_a0107,"[24, 54, 29, 6, 14, 55, 30, 49, 28, 31, 58, 55, 14, 67, 15, 56, 22, 64, 10, 28, 29, 6]","[24, 54, 29, 6, 14, 55, 49, 28, 31, 58, 55, 14, 67, 15, 56, 22, 64, 10, 28, 29, 6]","[1, 1, 1, 1, 1, 1, 0, 1, 1, 1, 1, 1, 1, 1, 1, 1, 1, 1, 1, 1, 1, 1]","[0, 0, 0, 0, 0, 0, 1, 0, 0, 0, 0, 0, 0, 0, 0, 0, 0, 0, 0, 0, 0, 0]"
77,L2_arctic_WAV/ABA_arctic_a0108,"[67, 49, 36, 60, 58, 24, 58, 24, 55, 3, 6, 63, 8, 52, 69, 8, 39, 63, 8, 36, 40, 3, 7, 8, 55, 58, 37, 24, 59, 64, 55, 46, 28, 50, 8, 37, 24, 10, 67, 24, 68, 46, 52, 30, 54]","[67, 49, 36, 60, 58, 24, 58, 24, 55, 3, 6, 63, 8, 52, 69, 8, 39, 63, 8, 36, 14, 3, 7, 8, 55, 58, 37, 24, 59, 64, 55, 46, 47, 50, 8, 37, 24, 10, 28, 67, 24, 68, 46, 52, 30, 54]","[1, 1, 1, 1, 1, 1, 1, 1, 1, 1, 1, 1, 1, 1, 1, 1, 1, 1, 1, 1, 0, 1, 1, 1, 1, 1, 1, 1, 1, 1, 1, 1, 0, 1, 1, 1, 1, 1, 1, 1, 1, 1, 1, 1, 1]","[0, 0, 0, 0, 0, 0, 0, 0, 0, 0, 0, 0, 0, 0, 0, 0, 0, 0, 0, 0, 1, 0, 0, 0, 0, 0, 0, 0, 0, 0, 0, 0, 1, 0, 0, 0, 0, 0, 0, 0, 0, 0, 0, 0, 0]"
78,L2_arctic_WAV/ABA_arctic_a0109,"[58, 6, 29, 6, 55, 14, 63, 64, 3, 29, 6, 17, 50, 9, 60, 28, 24, 10, 68, 56, 28, 17, 55, 54, 8, 58, 8, 55, 46, 24, 55, 29, 6]","[58, 6, 29, 6, 55, 14, 63, 64, 3, 29, 6, 17, 50, 9, 60, 28, 24, 10, 28, 68, 56, 28, 14, 55, 54, 8, 58, 8, 55, 46, 24, 55, 29, 6]","[1, 1, 1, 1, 1, 1, 1, 1, 1, 1, 1, 1, 1, 1, 1, 1, 1, 1, 1, 1, 1, 0, 1, 1, 1, 1, 1, 1, 1, 1, 1, 1, 1]","[0, 0, 0, 0, 0, 0, 0, 0, 0, 0, 0, 0, 0, 0, 0, 0, 0, 0, 0, 0, 0, 1, 0, 0, 0, 0, 0, 0, 0, 0, 0, 0, 0]"
79,L2_arctic_WAV/ABA_arctic_a0111,"[24, 55, 46, 3, 52, 58, 67, 49, 69, 57, 55, 58, 67, 7, 8, 55, 58, 63, 60, 60, 3, 30, 56, 28, 3, 6, 67, 8, 10, 59, 50, 49, 35, 24, 30, 58, 50, 8, 55]","[24, 46, 3, 52, 58, 67, 49, 26, 57, 55, 58, 67, 61, 8, 55, 58, 63, 60, 60, 3, 30, 56, 28, 3, 6, 67, 8, 55, 59, 50, 49, 35, 52, 30, 58, 50, 8, 55]","[1, 0, 1, 1, 1, 1, 1, 1, 0, 1, 1, 1, 1, 0, 1, 1, 1, 1, 1, 1, 1, 1, 1, 1, 1, 1, 1, 1, 0, 1, 1, 1, 1, 0, 1, 1, 1, 1, 1]","[0, 1, 0, 0, 0, 0, 0, 0, 1, 0, 0, 0, 0, 1, 0, 0, 0, 0, 0, 0, 0, 0, 0, 0, 0, 0, 0, 0, 1, 0, 0, 0, 0, 1, 0, 0, 0, 0, 0]"
80,L2_arctic_WAV/ABA_arctic_a0112,"[67, 49, 36, 17, 70, 36, 6, 55, 58, 8, 58, 24, 55, 63, 8, 17, 50, 68]","[67, 49, 36, 17, 70, 36, 40, 55, 58, 8, 58, 24, 55, 63, 8, 40, 50, 68]","[1, 1, 1, 1, 1, 1, 0, 1, 1, 1, 1, 1, 1, 1, 1, 0, 1, 1]","[0, 0, 0, 0, 0, 0, 1, 0, 0, 0, 0, 0, 0, 0, 0, 1, 0, 0]"
81,L2_arctic_WAV/ABA_arctic_a0113,"[56, 46, 8, 48, 14, 70, 29, 6, 48, 24, 28, 3, 63, 64, 3, 30, 24, 10, 59, 14, 8, 48, 8, 68, 8, 10, 63, 8, 24, 55, 58, 49, 8, 55, 70]","[56, 46, 8, 37, 14, 70, 29, 6, 37, 24, 28, 3, 63, 64, 3, 30, 24, 10, 59, 14, 8, 48, 8, 68, 8, 10, 28, 63, 8, 24, 55, 58, 49, 8, 55, 70]","[1, 1, 1, 0, 1, 1, 1, 1, 0, 1, 1, 1, 1, 1, 1, 1, 1, 1, 1, 1, 1, 1, 1, 1, 1, 1, 1, 1, 1, 1, 1, 1, 1, 1, 1]","[0, 0, 0, 1, 0, 0, 0, 0, 1, 0, 0, 0, 0, 0, 0, 0, 0, 0, 0, 0, 0, 0, 0, 0, 0, 0, 0, 0, 0, 0, 0, 0, 0, 0, 0]"
82,L2_arctic_WAV/ABA_arctic_a0115,"[67, 49, 67, 64, 58, 55, 14, 24, 28, 46, 28, 29, 6, 70, 54, 40, 50, 63, 8, 54, 49, 30, 24, 10, 70, 36, 24, 35, 36, 7, 7, 15, 70, 58, 24, 55, 67, 24, 68]","[67, 49, 67, 64, 58, 55, 14, 24, 28, 46, 24, 28, 29, 6, 70, 54, 40, 66, 63, 8, 54, 49, 30, 24, 10, 70, 36, 24, 35, 36, 61, 7, 14, 70, 58, 24, 55, 67, 24, 68]","[1, 1, 1, 1, 1, 1, 1, 1, 1, 1, 1, 1, 1, 1, 1, 1, 0, 1, 1, 1, 1, 1, 1, 1, 1, 1, 1, 1, 1, 0, 1, 0, 1, 1, 1, 1, 1, 1, 1]","[0, 0, 0, 0, 0, 0, 0, 0, 0, 0, 0, 0, 0, 0, 0, 0, 1, 0, 0, 0, 0, 0, 0, 0, 0, 0, 0, 0, 0, 1, 0, 1, 0, 0, 0, 0, 0, 0, 0]"
83,L2_arctic_WAV/ABA_arctic_a0116,"[36, 17, 70, 24, 3, 63, 8, 50, 17, 55, 58, 24, 39, 6, 8, 39, 63, 14, 70, 67, 6, 36, 7, 46, 3, 50, 56, 39, 24, 10, 3, 8, 36, 7, 28, 67, 24, 70, 50, 6, 8, 55]","[36, 17, 70, 52, 3, 63, 8, 66, 52, 55, 58, 24, 39, 6, 8, 39, 63, 14, 70, 67, 6, 36, 61, 46, 3, 66, 56, 39, 24, 10, 28, 3, 8, 36, 7, 28, 67, 52, 70, 50, 6, 8, 55]","[1, 1, 1, 0, 1, 1, 1, 0, 0, 1, 1, 1, 1, 1, 1, 1, 1, 1, 1, 1, 1, 1, 0, 1, 1, 0, 1, 1, 1, 1, 1, 1, 1, 1, 1, 1, 0, 1, 1, 1, 1, 1]","[0, 0, 0, 1, 0, 0, 0, 1, 1, 0, 0, 0, 0, 0, 0, 0, 0, 0, 0, 0, 0, 0, 1, 0, 0, 1, 0, 0, 0, 0, 0, 0, 0, 0, 0, 0, 1, 0, 0, 0, 0, 0]"
84,L2_arctic_WAV/ABA_arctic_a0117,"[9, 49, 64, 58, 24, 58, 36, 24, 63, 69, 52, 55, 29, 8, 36, 8, 55, 46, 24, 68, 48, 8, 22, 49, 24, 55, 67, 7, 54, 60, 46, 64, 55, 58, 39, 57, 46]","[9, 49, 64, 58, 24, 58, 36, 24, 63, 69, 52, 55, 29, 8, 55, 46, 24, 68, 48, 22, 49, 24, 55, 67, 61, 54, 60, 46, 64, 55, 58, 8, 39, 57, 46]","[1, 1, 1, 1, 1, 1, 1, 1, 1, 1, 1, 1, 1, 0, 0, 1, 1, 1, 1, 1, 1, 0, 1, 1, 1, 1, 1, 0, 1, 1, 1, 1, 1, 1, 1, 1, 1]","[0, 0, 0, 0, 0, 0, 0, 0, 0, 0, 0, 0, 0, 1, 1, 0, 0, 0, 0, 0, 0, 1, 0, 0, 0, 0, 0, 1, 0, 0, 0, 0, 0, 0, 0, 0, 0]"
85,L2_arctic_WAV/ABA_arctic_a0120,"[68, 56, 50, 56, 3, 54, 31, 3, 54, 49, 30, 70, 30, 56, 28, 63, 64, 3, 8, 39, 8, 35, 56, 55, 49, 70, 58, 52, 37, 29, 8, 3, 17, 55, 3]","[68, 56, 66, 56, 3, 54, 14, 3, 54, 49, 61, 70, 30, 56, 28, 63, 64, 3, 8, 39, 8, 35, 56, 55, 49, 70, 58, 52, 37, 29, 8, 3, 17, 55, 3]","[1, 1, 0, 1, 1, 1, 0, 1, 1, 1, 0, 1, 1, 1, 1, 1, 1, 1, 1, 1, 1, 1, 1, 1, 1, 1, 1, 1, 1, 1, 1, 1, 1, 1, 1]","[0, 0, 1, 0, 0, 0, 1, 0, 0, 0, 1, 0, 0, 0, 0, 0, 0, 0, 0, 0, 0, 0, 0, 0, 0, 0, 0, 0, 0, 0, 0, 0, 0, 0, 0]"
86,L2_arctic_WAV/ABA_arctic_a0121,"[63, 60, 60, 3, 58, 24, 55, 7, 64, 3, 63, 8, 54, 24, 54, 22, 8, 55, 58, 50, 52, 46, 3, 24, 58, 54, 40, 50, 3, 6, 15, 50, 70]","[63, 60, 60, 3, 58, 24, 55, 7, 64, 3, 63, 52, 54, 24, 54, 22, 8, 55, 58, 50, 52, 46, 3, 24, 58, 54, 40, 50, 3, 6, 15, 50, 46]","[1, 1, 1, 1, 1, 1, 1, 1, 1, 1, 1, 0, 1, 1, 1, 1, 1, 1, 1, 1, 1, 1, 1, 1, 1, 1, 1, 1, 1, 1, 1, 1, 0]","[0, 0, 0, 0, 0, 0, 0, 0, 0, 0, 0, 1, 0, 0, 0, 0, 0, 0, 0, 0, 0, 0, 0, 0, 0, 0, 0, 0, 0, 0, 0, 0, 1]"
87,L2_arctic_WAV/ABA_arctic_a0122,"[3, 6, 29, 49, 7, 70, 8, 59, 14, 56, 59, 60, 39, 8, 48, 46, 24, 39, 8, 30, 24, 70, 60, 9, 8, 55, 54, 40, 50, 63, 24, 46]","[3, 6, 29, 49, 66, 70, 8, 59, 14, 56, 59, 60, 39, 8, 48, 46, 24, 39, 8, 30, 24, 70, 60, 9, 8, 55, 54, 40, 66, 63, 24, 22]","[1, 1, 1, 1, 0, 1, 1, 1, 1, 1, 1, 1, 1, 1, 1, 1, 1, 1, 1, 1, 1, 1, 1, 1, 1, 1, 1, 1, 0, 1, 1, 0]","[0, 0, 0, 0, 1, 0, 0, 0, 0, 0, 0, 0, 0, 0, 0, 0, 0, 0, 0, 0, 0, 0, 0, 0, 0, 0, 0, 0, 1, 0, 0, 1]"
88,L2_arctic_WAV/ABA_arctic_a0123,"[9, 49, 67, 64, 58, 58, 56, 58, 54, 50, 8, 68, 28, 14, 30, 58, 64, 55, 58, 46, 3, 17, 50, 39, 60, 9, 8, 55]","[9, 49, 67, 64, 58, 58, 56, 58, 54, 66, 8, 68, 28, 14, 30, 58, 64, 55, 58, 46, 3, 17, 50, 39, 60, 9, 8, 55]","[1, 1, 1, 1, 1, 1, 1, 1, 1, 0, 1, 1, 1, 1, 1, 1, 1, 1, 1, 1, 1, 1, 1, 1, 1, 1, 1, 1]","[0, 0, 0, 0, 0, 0, 0, 0, 0, 1, 0, 0, 0, 0, 0, 0, 0, 0, 0, 0, 0, 0, 0, 0, 0, 0, 0, 0]"
89,L2_arctic_WAV/ABA_arctic_a0125,"[67, 49, 36, 17, 70, 58, 24, 3, 7, 68, 8, 55, 58, 55, 15, 3, 6, 68, 60, 55, 3, 60, 55, 8, 68, 40, 50, 46, 7, 3, 8, 55, 67, 14, 30, 58, 8, 48, 17, 55, 67, 24, 68, 46, 52, 30, 54]","[67, 49, 36, 17, 70, 58, 24, 3, 7, 68, 8, 55, 58, 8, 55, 15, 3, 6, 68, 60, 55, 3, 60, 55, 8, 68, 40, 50, 46, 61, 3, 8, 55, 14, 30, 58, 8, 48, 17, 55, 67, 52, 68, 46, 52, 30, 54]","[1, 1, 1, 1, 1, 1, 1, 1, 1, 1, 1, 1, 1, 1, 1, 1, 1, 1, 1, 1, 1, 1, 1, 1, 1, 1, 1, 1, 0, 1, 1, 1, 0, 1, 1, 1, 1, 1, 1, 1, 1, 0, 1, 1, 1, 1, 1]","[0, 0, 0, 0, 0, 0, 0, 0, 0, 0, 0, 0, 0, 0, 0, 0, 0, 0, 0, 0, 0, 0, 0, 0, 0, 0, 0, 0, 1, 0, 0, 0, 1, 0, 0, 0, 0, 0, 0, 0, 0, 1, 0, 0, 0, 0, 0]"
90,L2_arctic_WAV/ABA_arctic_a0126,"[49, 35, 58, 60, 9, 49, 37, 49, 28, 60, 68, 8, 68, 40, 50, 39, 56, 3, 8, 30, 48, 17, 50, 3, 8, 39, 67, 24, 68]","[52, 35, 58, 60, 9, 49, 37, 49, 28, 60, 68, 8, 68, 40, 50, 39, 56, 3, 8, 61, 48, 17, 66, 3, 8, 39, 67, 52, 68]","[0, 1, 1, 1, 1, 1, 1, 1, 1, 1, 1, 1, 1, 1, 1, 1, 1, 1, 1, 0, 1, 1, 0, 1, 1, 1, 1, 0, 1]","[1, 0, 0, 0, 0, 0, 0, 0, 0, 0, 0, 0, 0, 0, 0, 0, 0, 0, 0, 1, 0, 0, 1, 0, 0, 0, 0, 1, 0]"
91,L2_arctic_WAV/ABA_arctic_a0127,"[24, 3, 36, 17, 70, 8, 3, 52, 68, 3, 60, 9, 8, 55, 37, 8, 3, 67, 49, 50, 49, 70, 24, 46, 3, 24, 58, 24, 3]","[24, 3, 36, 17, 70, 8, 3, 52, 68, 37, 8, 3, 60, 9, 8, 55, 37, 8, 3, 67, 49, 66, 49, 46, 24, 46, 3, 24, 58, 52, 3]","[1, 1, 1, 1, 1, 1, 1, 1, 1, 1, 1, 1, 1, 1, 1, 1, 1, 1, 1, 0, 1, 0, 1, 1, 1, 1, 1, 0, 1]","[0, 0, 0, 0, 0, 0, 0, 0, 0, 0, 0, 0, 0, 0, 0, 0, 0, 0, 0, 1, 0, 1, 0, 0, 0, 0, 0, 1, 0]"
92,L2_arctic_WAV/ABA_arctic_a0128,"[63, 24, 46, 36, 8, 55, 67, 14, 48, 36, 40, 70, 58, 24, 46, 3, 50, 57, 58, 64, 70, 28, 36, 24, 28, 30, 49, 64, 70, 24, 3, 36, 40, 70, 37, 40, 50, 55]","[70, 24, 46, 36, 8, 55, 67, 14, 48, 36, 40, 70, 58, 24, 46, 3, 66, 57, 58, 64, 70, 28, 36, 24, 28, 30, 49, 64, 70, 24, 3, 36, 40, 70, 48, 40, 50]","[0, 1, 1, 1, 1, 1, 1, 1, 1, 1, 1, 1, 1, 1, 1, 1, 0, 1, 1, 1, 1, 1, 1, 1, 1, 1, 1, 1, 1, 1, 1, 1, 1, 1, 0, 1, 1, 0]","[1, 0, 0, 0, 0, 0, 0, 0, 0, 0, 0, 0, 0, 0, 0, 0, 1, 0, 0, 0, 0, 0, 0, 0, 0, 0, 0, 0, 0, 0, 0, 0, 0, 0, 1, 0, 0, 1]"
93,L2_arctic_WAV/ABA_arctic_a0129,"[67, 7, 54, 60, 46, 36, 40, 70, 8, 59, 60, 55, 46, 3, 67, 24, 70, 37, 50, 52, 46, 3]","[67, 61, 54, 60, 46, 36, 40, 70, 8, 59, 60, 55, 8, 46, 3, 67, 24, 70, 48, 50, 52, 46, 3]","[1, 0, 1, 1, 1, 1, 1, 1, 1, 1, 1, 1, 1, 1, 1, 1, 1, 0, 1, 1, 1, 1]","[0, 1, 0, 0, 0, 0, 0, 0, 0, 0, 0, 0, 0, 0, 0, 0, 0, 1, 0, 0, 0, 0]"
94,L2_arctic_WAV/ABA_arctic_a0130,"[9, 49, 36, 40, 70, 67, 24, 70, 55, 15, 54, 7, 52, 39, 7]","[9, 49, 36, 40, 70, 67, 24, 70, 55, 15, 54, 7, 52, 39, 8]","[1, 1, 1, 1, 1, 1, 1, 1, 1, 1, 1, 1, 1, 1, 0]","[0, 0, 0, 0, 0, 0, 0, 0, 0, 0, 0, 0, 0, 0, 1]"
95,L2_arctic_WAV/ABA_arctic_a0131,"[48, 50, 17, 39, 8, 58, 8, 55, 46, 67, 64, 58, 58, 24, 30, 24, 39, 7, 58, 67, 24, 68, 22, 50, 6, 63, 8, 68, 60, 30, 46, 3, 50, 8, 68]","[37, 66, 14, 39, 8, 58, 8, 55, 46, 67, 64, 58, 58, 24, 30, 52, 39, 7, 58, 67, 24, 68, 22, 50, 6, 63, 8, 68, 60, 61, 8, 46, 3, 40, 50, 68]","[0, 0, 0, 1, 1, 1, 1, 1, 1, 1, 1, 1, 1, 1, 1, 0, 1, 1, 1, 1, 1, 1, 1, 1, 1, 1, 1, 1, 1, 0, 1, 1, 1, 0, 1]","[1, 1, 1, 0, 0, 0, 0, 0, 0, 0, 0, 0, 0, 0, 0, 1, 0, 0, 0, 0, 0, 0, 0, 0, 0, 0, 0, 0, 0, 1, 0, 0, 1, 1, 0]"
96,L2_arctic_WAV/ABA_arctic_a0134,"[67, 49, 14, 37, 60, 58, 63, 8, 48, 50, 52, 9, 7, 8, 39, 67, 7, 67, 64, 55, 58]","[67, 49, 14, 48, 60, 58, 63, 8, 48, 50, 52, 9, 7, 8, 39, 67, 61, 67, 64, 55, 3]","[1, 1, 1, 0, 1, 1, 1, 1, 1, 1, 1, 1, 1, 1, 1, 1, 0, 1, 1, 1, 0]","[0, 0, 0, 1, 0, 0, 0, 0, 0, 0, 0, 0, 0, 0, 0, 0, 1, 0, 0, 0, 1]"
97,L2_arctic_WAV/ABA_arctic_a0136,"[8, 37, 15, 3, 67, 24, 68, 52, 39, 50, 49, 36, 52, 50, 36, 7, 63, 8, 52, 39, 8, 58, 8, 55, 46, 8, 70, 8, 39, 30, 8, 59, 26, 7, 49, 8, 55, 58, 8, 39, 60, 69]","[8, 37, 15, 3, 67, 52, 68, 52, 39, 66, 49, 36, 52, 50, 36, 61, 63, 8, 52, 39, 8, 58, 8, 55, 46, 8, 39, 30, 8, 59, 9, 7, 49, 8, 55, 58, 8, 39, 52, 35]","[1, 1, 1, 1, 1, 0, 1, 1, 1, 0, 1, 1, 1, 1, 1, 0, 1, 1, 1, 1, 1, 1, 1, 1, 1, 0, 0, 1, 1, 1, 1, 1, 0, 1, 1, 1, 1, 1, 1, 1, 0, 0]","[0, 0, 0, 0, 0, 1, 0, 0, 0, 1, 0, 0, 0, 0, 0, 1, 0, 0, 0, 0, 0, 0, 0, 0, 0, 1, 1, 0, 0, 0, 0, 0, 1, 0, 0, 0, 0, 0, 0, 0, 1, 1]"
98,L2_arctic_WAV/ABA_arctic_a0137,"[63, 52, 55, 67, 49, 46, 3, 52, 48, 3, 37, 64, 28, 36, 24, 63, 8, 30, 14, 28, 50, 56, 8, 39, 48, 30, 52, 26, 7]","[70, 52, 55, 67, 49, 46, 3, 52, 48, 58, 8, 37, 64, 28, 36, 24, 63, 8, 30, 14, 28, 50, 56, 8, 39, 48, 30, 52, 26, 8]","[0, 1, 1, 1, 1, 1, 1, 1, 1, 0, 1, 1, 1, 1, 1, 1, 1, 1, 1, 1, 1, 1, 1, 1, 1, 1, 1, 1, 0]","[1, 0, 0, 0, 0, 0, 0, 0, 0, 1, 0, 0, 0, 0, 0, 0, 0, 0, 0, 0, 0, 0, 0, 0, 0, 0, 0, 0, 1]"
99,L2_arctic_WAV/ABA_arctic_a0139,"[67, 49, 3, 14, 30, 58, 67, 24, 68, 46, 52, 30, 54, 63, 64, 3, 64, 70, 67, 49, 36, 17, 9, 3, 67, 24, 68, 46, 52, 30, 54, 8, 55, 58, 59, 50, 6, 68, 58, 67, 24, 70, 58, 24, 9, 52, 39, 8, 30, 58, 28, 30, 14, 63, 70]","[67, 49, 3, 14, 30, 58, 67, 24, 68, 46, 52, 30, 54, 8, 63, 64, 3, 64, 70, 67, 49, 36, 14, 26, 58, 67, 24, 68, 46, 52, 30, 54, 8, 55, 58, 59, 66, 6, 68, 58, 67, 24, 70, 58, 24, 9, 52, 39, 8, 61, 58, 28, 30, 14, 63, 8, 46]","[1, 1, 1, 1, 1, 1, 1, 1, 1, 1, 1, 1, 1, 1, 1, 1, 1, 1, 1, 1, 1, 0, 0, 0, 1, 1, 1, 1, 1, 1, 1, 1, 1, 1, 1, 0, 1, 1, 1, 1, 1, 1, 1, 1, 1, 1, 1, 1, 0, 1, 1, 1, 1, 1, 0]","[0, 0, 0, 0, 0, 0, 0, 0, 0, 0, 0, 0, 0, 0, 0, 0, 0, 0, 0, 0, 0, 1, 1, 1, 0, 0, 0, 0, 0, 0, 0, 0, 0, 0, 0, 1, 0, 0, 0, 0, 0, 0, 0, 0, 0, 0, 0, 0, 1, 0, 0, 0, 0, 0, 1]"
100,L2_arctic_WAV/ABA_arctic_a0159,"[63, 60, 30, 31, 28, 64, 70, 63, 14, 67, 49, 67, 64, 58, 37, 24, 55, 58, 50, 8, 68, 24, 10, 8, 48, 49, 64, 55, 14, 40, 30, 67, 24, 70, 30, 56, 54]","[70, 60, 30, 31, 28, 64, 70, 46, 14, 67, 49, 67, 64, 58, 37, 24, 55, 58, 50, 8, 68, 24, 10, 28, 8, 48, 49, 64, 55, 14, 40, 30, 67, 24, 70, 30, 56, 54]","[0, 1, 1, 1, 1, 1, 1, 0, 1, 1, 1, 1, 1, 1, 1, 1, 1, 1, 1, 1, 1, 1, 1, 1, 1, 1, 1, 1, 1, 1, 1, 1, 1, 1, 1, 1, 1]","[1, 0, 0, 0, 0, 0, 0, 1, 0, 0, 0, 0, 0, 0, 0, 0, 0, 0, 0, 0, 0, 0, 0, 0, 0, 0, 0, 0, 0, 0, 0, 0, 0, 0, 0, 0, 0]"
101,L2_arctic_WAV/ABA_arctic_a0214,"[37, 24, 46, 56, 58, 70, 67, 49, 36, 40, 70, 48, 60, 58, 36, 8, 55, 28, 60, 46, 8, 39, 3, 8, 37, 64, 28, 14, 48, 7, 67, 52, 58]","[37, 24, 46, 56, 58, 70, 67, 49, 36, 40, 70, 37, 60, 58, 36, 8, 55, 28, 60, 46, 14, 54, 3, 8, 37, 64, 28, 14, 37, 61, 67, 52, 3]","[1, 1, 1, 1, 1, 1, 1, 1, 1, 1, 1, 0, 1, 1, 1, 1, 1, 1, 1, 1, 0, 0, 1, 1, 1, 1, 1, 1, 0, 0, 1, 1, 0]","[0, 0, 0, 0, 0, 0, 0, 0, 0, 0, 0, 1, 0, 0, 0, 0, 0, 0, 0, 0, 1, 1, 0, 0, 0, 0, 0, 0, 1, 1, 0, 0, 1]"
102,L2_arctic_WAV/ABA_arctic_a0257,"[63, 60, 17, 50, 28, 8, 68, 24, 10, 8, 9, 40, 50, 67, 6, 52, 39, 7, 63, 60, 17, 50]","[63, 60, 17, 61, 28, 8, 68, 24, 10, 59, 8, 9, 40, 50, 67, 6, 52, 39, 8, 63, 60, 17, 50]","[1, 1, 1, 0, 1, 1, 1, 1, 1, 1, 1, 1, 1, 1, 1, 1, 1, 0, 1, 1, 1, 1]","[0, 0, 0, 1, 0, 0, 0, 0, 0, 0, 0, 0, 0, 0, 0, 0, 0, 1, 0, 0, 0, 0]"
103,L2_arctic_WAV/ABA_arctic_a0300,"[54, 50, 8, 68, 68, 56, 7, 30, 49, 8, 46, 3, 50, 52, 28, 8, 30, 52, 28, 9, 8, 55, 68, 56, 46, 30, 49, 48, 36, 40, 70, 8, 48, 24, 50, 49, 8, 58, 8, 39, 3, 52, 50, 7]","[54, 61, 8, 68, 68, 56, 7, 30, 8, 46, 3, 66, 49, 28, 8, 30, 52, 28, 9, 8, 55, 68, 56, 46, 30, 49, 48, 36, 40, 70, 8, 48, 7, 50, 49, 8, 58, 8, 39, 3, 52, 50, 7]","[1, 0, 1, 1, 1, 1, 1, 1, 0, 1, 1, 1, 0, 0, 1, 1, 1, 1, 1, 1, 1, 1, 1, 1, 1, 1, 1, 1, 1, 1, 1, 1, 1, 0, 1, 1, 1, 1, 1, 1, 1, 1, 1, 1]","[0, 1, 0, 0, 0, 0, 0, 0, 1, 0, 0, 0, 1, 1, 0, 0, 0, 0, 0, 0, 0, 0, 0, 0, 0, 0, 0, 0, 0, 0, 0, 0, 0, 1, 0, 0, 0, 0, 0, 0, 0, 0, 0, 0]"
104,L2_arctic_WAV/ABA_arctic_a0379,"[67, 15, 14, 30, 58, 17, 50, 29, 6, 58, 64, 58, 49]","[67, 15, 14, 30, 58, 17, 50, 29, 6, 58, 64, 58, 49]","[1, 1, 1, 1, 1, 1, 1, 1, 1, 1, 1, 1, 1]","[0, 0, 0, 0, 0, 0, 0, 0, 0, 0, 0, 0, 0]"
105,L2_arctic_WAV/ABA_arctic_a0426,"[63, 60, 58, 14, 55, 55, 14, 63, 8, 30, 52, 10, 22, 8, 39, 3, 56, 68, 8, 39, 24, 10, 28, 29, 6, 37, 60, 9, 8, 55]","[63, 60, 58, 14, 55, 55, 14, 63, 8, 30, 52, 55, 46, 8, 39, 58, 56, 68, 8, 39, 24, 10, 28, 6, 37, 60, 9, 8, 55]","[1, 1, 1, 1, 1, 1, 1, 1, 1, 1, 1, 0, 0, 1, 1, 0, 1, 1, 1, 1, 1, 1, 1, 0, 1, 1, 1, 1, 1, 1]","[0, 0, 0, 0, 0, 0, 0, 0, 0, 0, 0, 1, 1, 0, 0, 1, 0, 0, 0, 0, 0, 0, 0, 1, 0, 0, 0, 0, 0, 0]"
106,L2_arctic_WAV/ABA_arctic_a0441,"[39, 56, 30, 8, 55, 3, 30, 56, 54, 8, 55, 58, 64, 22, 30, 52, 3, 24, 28, 46, 48, 40, 50, 3, 46, 67, 64, 58, 55, 52, 39, 7, 8, 48, 49, 30, 58, 3, 6, 68, 49]","[39, 56, 30, 8, 55, 3, 30, 56, 54, 8, 55, 58, 64, 22, 8, 30, 52, 3, 24, 28, 46, 48, 40, 50, 3, 46, 67, 64, 58, 55, 52, 39, 7, 8, 37, 49, 61, 58, 3, 6, 68, 49]","[1, 1, 1, 1, 1, 1, 1, 1, 1, 1, 1, 1, 1, 1, 1, 1, 1, 1, 1, 1, 1, 1, 1, 1, 1, 1, 1, 1, 1, 1, 1, 1, 1, 0, 1, 0, 1, 1, 1, 1, 1]","[0, 0, 0, 0, 0, 0, 0, 0, 0, 0, 0, 0, 0, 0, 0, 0, 0, 0, 0, 0, 0, 0, 0, 0, 0, 0, 0, 0, 0, 0, 0, 0, 0, 1, 0, 1, 0, 0, 0, 0, 0]"
107,L2_arctic_WAV/ABA_arctic_a0461,"[17, 36, 49, 36, 7, 39, 52, 50, 49, 28, 30, 14, 46, 3, 8, 59, 52, 63, 7, 24, 55, 63, 64, 3, 68, 14, 68, 8, 55, 3]","[17, 36, 49, 36, 61, 39, 52, 66, 49, 28, 30, 14, 46, 3, 8, 59, 52, 63, 7, 24, 55, 63, 64, 3, 68, 14, 68, 8, 55, 3]","[1, 1, 1, 1, 0, 1, 1, 0, 1, 1, 1, 1, 1, 1, 1, 1, 1, 1, 1, 1, 1, 1, 1, 1, 1, 1, 1, 1, 1, 1]","[0, 0, 0, 0, 1, 0, 0, 1, 0, 0, 0, 0, 0, 0, 0, 0, 0, 0, 0, 0, 0, 0, 0, 0, 0, 0, 0, 0, 0, 0]"
108,L2_arctic_WAV/ABA_arctic_a0500,"[67, 6, 63, 8, 58, 52, 39, 8, 30, 59, 60, 39, 24, 3, 3, 6, 29, 6, 3, 6, 37, 49, 69, 8, 69, 8, 55, 58, 69, 31, 50, 49]","[67, 6, 70, 8, 58, 52, 39, 8, 61, 59, 60, 39, 24, 3, 3, 6, 29, 6, 3, 6, 37, 49, 26, 8, 69, 8, 55, 58, 26, 31, 50, 49]","[1, 1, 0, 1, 1, 1, 1, 1, 0, 1, 1, 1, 1, 1, 1, 1, 1, 1, 1, 1, 1, 1, 0, 1, 1, 1, 1, 1, 0, 1, 1, 1]","[0, 0, 1, 0, 0, 0, 0, 0, 1, 0, 0, 0, 0, 0, 0, 0, 0, 0, 0, 0, 0, 0, 1, 0, 0, 0, 0, 0, 1, 0, 0, 0]"
109,L2_arctic_WAV/ABA_arctic_a0501,"[29, 31, 50, 69, 14, 28, 24, 10, 68, 49, 46, 7, 63, 8, 8, 63, 7, 68, 64, 55, 24, 69, 58, 3, 6, 17, 50, 3, 24, 28, 29, 8, 30, 60, 3]","[29, 31, 50, 26, 14, 28, 24, 10, 59, 8, 68, 49, 46, 61, 63, 8, 8, 70, 61, 68, 64, 55, 24, 26, 58, 3, 6, 17, 66, 3, 24, 28, 29, 8, 30, 52, 3]","[1, 1, 1, 0, 1, 1, 1, 1, 1, 1, 1, 0, 1, 1, 1, 0, 0, 1, 1, 1, 1, 0, 1, 1, 1, 1, 0, 1, 1, 1, 1, 1, 1, 0, 1]","[0, 0, 0, 1, 0, 0, 0, 0, 0, 0, 0, 1, 0, 0, 0, 1, 1, 0, 0, 0, 0, 1, 0, 0, 0, 0, 1, 0, 0, 0, 0, 0, 0, 1, 0]"
110,L2_arctic_WAV/ABA_arctic_a0529,"[64, 70, 56, 46, 60, 67, 49, 67, 64, 58, 3, 64, 48, 3, 63, 8, 68, 52, 46, 24, 69, 39, 52, 50, 49, 50, 64, 48, 8, 58, 30, 49]","[64, 70, 56, 46, 60, 67, 49, 67, 64, 58, 3, 64, 48, 3, 70, 8, 68, 52, 46, 24, 69, 39, 52, 66, 49, 50, 64, 37, 8, 58, 30, 49]","[1, 1, 1, 1, 1, 1, 1, 1, 1, 1, 1, 1, 1, 1, 0, 1, 1, 1, 1, 1, 1, 1, 1, 0, 1, 1, 1, 0, 1, 1, 1, 1]","[0, 0, 0, 0, 0, 0, 0, 0, 0, 0, 0, 0, 0, 0, 1, 0, 0, 0, 0, 0, 0, 0, 0, 1, 0, 0, 0, 1, 0, 0, 0, 0]"
111,L2_arctic_WAV/ABA_arctic_a0548,"[40, 30, 46, 14, 35, 7, 35, 8, 70, 8, 55, 58, 48, 50, 49, 35, 7, 70, 56, 67, 64, 58, 55, 52, 39, 7, 55, 14, 55]","[40, 30, 46, 14, 35, 61, 35, 8, 46, 8, 55, 58, 48, 50, 52, 35, 7, 70, 56, 67, 64, 58, 55, 52, 39, 7, 55, 14, 55]","[1, 1, 1, 1, 1, 0, 1, 1, 0, 1, 1, 1, 1, 1, 0, 1, 1, 1, 1, 1, 1, 1, 1, 1, 1, 1, 1, 1, 1]","[0, 0, 0, 0, 0, 1, 0, 0, 1, 0, 0, 0, 0, 0, 1, 0, 0, 0, 0, 0, 0, 0, 0, 0, 0, 0, 0, 0, 0]"
112,L2_arctic_WAV/ABA_arctic_b0016,"[67, 49, 35, 8, 28, 8, 30, 58, 64, 70, 67, 49, 48, 31, 30, 58, 15, 3, 67, 24, 70, 48, 56, 48, 8, 55, 58, 37, 24, 59, 64, 55, 54, 24, 30, 24, 10, 24, 3]","[67, 49, 35, 8, 28, 8, 30, 58, 64, 70, 67, 49, 48, 31, 30, 58, 15, 3, 67, 24, 70, 54, 56, 48, 8, 55, 58, 37, 24, 59, 64, 55, 54, 24, 30, 24, 10, 59, 24, 3]","[1, 1, 1, 1, 1, 1, 1, 1, 1, 1, 1, 1, 1, 1, 1, 1, 1, 1, 1, 1, 1, 0, 1, 1, 1, 1, 1, 1, 1, 1, 1, 1, 1, 1, 1, 1, 1, 1, 1]","[0, 0, 0, 0, 0, 0, 0, 0, 0, 0, 0, 0, 0, 0, 0, 0, 0, 0, 0, 0, 0, 1, 0, 0, 0, 0, 0, 0, 0, 0, 0, 0, 0, 0, 0, 0, 0, 0, 0]"
113,L2_arctic_WAV/ABA_arctic_b0068,"[14, 55, 30, 49, 63, 8, 35, 64, 55, 46, 46, 15, 55, 58, 67, 64, 58, 30, 52, 58, 67, 24, 68, 3, 6, 8, 37, 70, 7, 39, 63, 52, 68]","[14, 55, 30, 49, 63, 8, 35, 64, 55, 46, 46, 15, 55, 58, 67, 64, 58, 30, 52, 58, 67, 24, 68, 3, 6, 8, 37, 70, 7, 39, 63, 52, 68]","[1, 1, 1, 1, 1, 1, 1, 1, 1, 1, 1, 1, 1, 1, 1, 1, 1, 1, 1, 1, 1, 1, 1, 1, 1, 1, 1, 1, 1, 1, 1, 1, 1]","[0, 0, 0, 0, 0, 0, 0, 0, 0, 0, 0, 0, 0, 0, 0, 0, 0, 0, 0, 0, 0, 0, 0, 0, 0, 0, 0, 0, 0, 0, 0, 0, 0]"
114,L2_arctic_WAV/ABA_arctic_b0083,"[24, 55, 24, 3, 63, 52, 50, 36, 17, 70, 46, 8, 68, 22, 24, 10, 63, 64, 3, 36, 40, 70, 40, 30, 68, 14, 46, 3, 3, 50, 64, 69, 8, 58, 49]","[52, 55, 52, 3, 70, 52, 66, 36, 17, 70, 46, 8, 68, 22, 24, 10, 70, 64, 3, 36, 40, 70, 40, 30, 68, 14, 46, 3, 3, 50, 64, 69, 8, 58, 49]","[0, 1, 0, 1, 0, 1, 0, 1, 1, 1, 1, 1, 1, 1, 1, 1, 0, 1, 1, 1, 1, 1, 1, 1, 1, 1, 1, 1, 1, 1, 1, 1, 1, 1, 1]","[1, 0, 1, 0, 1, 0, 1, 0, 0, 0, 0, 0, 0, 0, 0, 0, 1, 0, 0, 0, 0, 0, 0, 0, 0, 0, 0, 0, 0, 0, 0, 0, 0, 0, 0]"
115,L2_arctic_WAV/ABA_arctic_b0103,"[67, 49, 30, 24, 54, 3, 24, 58, 67, 24, 70, 56, 70, 8, 55, 58, 8, 46, 3, 50, 60, 55, 69, 28, 50, 56, 37, 7, 46, 3, 54, 50, 8, 68, 67, 24, 70, 30, 24, 48, 46]","[67, 49, 30, 24, 54, 3, 24, 58, 67, 24, 70, 56, 70, 8, 55, 58, 8, 46, 3, 66, 60, 55, 69, 28, 50, 56, 48, 50, 52, 46, 3, 54, 50, 8, 68, 67, 24, 70, 30, 24, 48, 46]","[1, 1, 1, 1, 1, 1, 1, 1, 1, 1, 1, 1, 1, 1, 1, 1, 1, 1, 1, 0, 1, 1, 1, 1, 1, 1, 0, 0, 1, 1, 1, 1, 1, 1, 1, 1, 1, 1, 1, 1, 1]","[0, 0, 0, 0, 0, 0, 0, 0, 0, 0, 0, 0, 0, 0, 0, 0, 0, 0, 0, 1, 0, 0, 0, 0, 0, 0, 1, 1, 0, 0, 0, 0, 0, 0, 0, 0, 0, 0, 0, 0, 0]"
116,L2_arctic_WAV/ABA_arctic_b0106,"[54, 40, 50, 8, 54, 31, 30, 68, 24, 55, 8, 3, 63, 8, 3, 6, 68, 52, 55, 46, 3, 52, 50, 58, 24, 55, 3, 6, 49, 35, 8, 63, 7, 70, 54, 60, 46]","[54, 40, 66, 8, 54, 31, 30, 68, 24, 55, 8, 3, 63, 8, 3, 6, 68, 52, 55, 46, 3, 52, 50, 58, 24, 55, 3, 6, 49, 35, 8, 63, 7, 70, 54, 60, 46]","[1, 1, 0, 1, 1, 1, 1, 1, 1, 1, 1, 1, 1, 1, 1, 1, 1, 1, 1, 1, 1, 1, 1, 1, 1, 1, 1, 1, 1, 1, 1, 1, 1, 1, 1, 1, 1]","[0, 0, 1, 0, 0, 0, 0, 0, 0, 0, 0, 0, 0, 0, 0, 0, 0, 0, 0, 0, 0, 0, 0, 0, 0, 0, 0, 0, 0, 0, 0, 0, 0, 0, 0, 0, 0]"
117,L2_arctic_WAV/ABA_arctic_b0126,"[37, 30, 8, 58, 36, 40, 70, 6, 70, 24, 10, 46, 30, 14, 30, 49, 54, 50, 8, 68, 63, 8, 36, 6, 55, 58, 24, 58, 68, 64, 55, 70, 50, 56, 3, 37, 50, 52, 46, 3]","[37, 30, 8, 58, 36, 40, 70, 6, 63, 24, 10, 46, 30, 14, 30, 49, 54, 50, 8, 68, 63, 8, 36, 14, 55, 58, 24, 58, 68, 64, 55, 70, 50, 56, 3, 37, 50, 52, 46, 3]","[1, 1, 1, 1, 1, 1, 1, 1, 0, 1, 1, 1, 1, 1, 1, 1, 1, 1, 1, 1, 1, 1, 1, 0, 1, 1, 1, 1, 1, 1, 1, 1, 1, 1, 1, 1, 1, 1, 1, 1]","[0, 0, 0, 0, 0, 0, 0, 0, 1, 0, 0, 0, 0, 0, 0, 0, 0, 0, 0, 0, 0, 0, 0, 1, 0, 0, 0, 0, 0, 0, 0, 0, 0, 0, 0, 0, 0, 0, 0, 0]"
118,L2_arctic_WAV/ABA_arctic_b0146,"[64, 54, 3, 7, 40, 30, 24, 3, 36, 17, 70, 46, 24, 68, 48, 30, 49, 8, 68, 24, 46, 3, 60, 28, 24, 55, 69, 8, 69, 68, 8, 55, 3]","[64, 54, 3, 7, 40, 30, 24, 3, 36, 17, 70, 46, 24, 68, 48, 8, 30, 49, 8, 68, 24, 46, 3, 60, 28, 24, 55, 26, 40, 26, 68, 8, 55, 3]","[1, 1, 1, 1, 1, 1, 1, 1, 1, 1, 1, 1, 1, 1, 1, 1, 1, 1, 1, 1, 1, 1, 1, 1, 1, 1, 0, 0, 0, 1, 1, 1, 1]","[0, 0, 0, 0, 0, 0, 0, 0, 0, 0, 0, 0, 0, 0, 0, 0, 0, 0, 0, 0, 0, 0, 0, 0, 0, 0, 1, 1, 1, 0, 0, 0, 0]"
119,L2_arctic_WAV/ABA_arctic_b0150,"[8, 55, 58, 67, 49, 36, 17, 70, 54, 24, 30, 58, 36, 24, 63, 8, 46, 3, 50, 60, 55, 69, 8, 55, 58, 54, 40, 50, 37, 14, 58, 24, 10, 54, 24, 50]","[8, 55, 58, 67, 49, 36, 17, 70, 54, 60, 30, 58, 36, 24, 63, 8, 46, 3, 66, 60, 55, 69, 8, 55, 58, 54, 40, 50, 14, 37, 24, 10, 28, 54, 24, 50]","[1, 1, 1, 1, 1, 1, 1, 1, 1, 0, 1, 1, 1, 1, 1, 1, 1, 1, 0, 1, 1, 1, 1, 1, 1, 1, 1, 1, 0, 1, 0, 1, 1, 1, 1, 1]","[0, 0, 0, 0, 0, 0, 0, 0, 0, 1, 0, 0, 0, 0, 0, 0, 0, 0, 1, 0, 0, 0, 0, 0, 0, 0, 0, 0, 1, 0, 1, 0, 0, 0, 0, 0]"
120,L2_arctic_WAV/ABA_arctic_b0158,"[9, 49, 14, 37, 60, 58, 9, 50, 24, 10, 28, 24, 10, 37, 64, 28, 36, 24, 63, 63, 8, 37, 60, 37, 49, 24, 55, 67, 7, 17, 50, 68, 70]","[9, 49, 14, 48, 60, 58, 9, 66, 52, 10, 28, 24, 10, 28, 37, 64, 28, 36, 24, 63, 63, 8, 37, 60, 37, 49, 24, 55, 67, 61, 17, 50, 68, 46]","[1, 1, 1, 0, 1, 1, 1, 0, 0, 1, 1, 1, 1, 1, 1, 1, 1, 1, 1, 1, 1, 1, 1, 1, 1, 1, 1, 1, 0, 1, 1, 1, 0]","[0, 0, 0, 1, 0, 0, 0, 1, 1, 0, 0, 0, 0, 0, 0, 0, 0, 0, 0, 0, 0, 0, 0, 0, 0, 0, 0, 0, 1, 0, 0, 0, 1]"
121,L2_arctic_WAV/ABA_arctic_b0307,"[36, 49, 59, 17, 3, 54, 29, 6, 39, 52, 69, 3, 8, 37, 8, 30, 70, 8, 55, 58, 54, 50, 6, 3, 46, 8, 55, 58, 37, 49, 28, 60, 68, 54, 24, 9, 49, 3, 7, 70]","[36, 49, 59, 17, 3, 54, 29, 6, 39, 52, 69, 3, 8, 37, 8, 30, 70, 8, 55, 58, 54, 50, 6, 3, 46, 8, 55, 58, 37, 49, 28, 60, 68, 54, 24, 9, 49, 3, 7, 46]","[1, 1, 1, 1, 1, 1, 1, 1, 1, 1, 1, 1, 1, 1, 1, 1, 1, 1, 1, 1, 1, 1, 1, 1, 1, 1, 1, 1, 1, 1, 1, 1, 1, 1, 1, 1, 1, 1, 1, 0]","[0, 0, 0, 0, 0, 0, 0, 0, 0, 0, 0, 0, 0, 0, 0, 0, 0, 0, 0, 0, 0, 0, 0, 0, 0, 0, 0, 0, 0, 0, 0, 0, 0, 0, 0, 0, 0, 0, 0, 1]"
122,L2_arctic_WAV/ABA_arctic_b0310,"[8, 30, 24, 3, 8, 30, 3, 50, 49, 3, 68, 8, 55, 3, 68, 8, 46, 17, 26, 36, 24, 22, 46, 8, 68, 67, 52, 30, 48, 54, 50, 8, 68, 63, 8, 58, 40, 28, 3, 7]","[8, 30, 24, 3, 8, 61, 3, 66, 49, 3, 68, 8, 55, 3, 68, 8, 46, 64, 26, 36, 24, 22, 46, 8, 68, 67, 52, 30, 48, 54, 50, 8, 68, 70, 8, 58, 40, 28, 3, 61]","[1, 1, 1, 1, 1, 0, 1, 0, 1, 1, 1, 1, 1, 1, 1, 1, 1, 0, 1, 1, 1, 1, 1, 1, 1, 1, 1, 1, 1, 1, 1, 1, 1, 0, 1, 1, 1, 1, 1, 0]","[0, 0, 0, 0, 0, 1, 0, 1, 0, 0, 0, 0, 0, 0, 0, 0, 0, 1, 0, 0, 0, 0, 0, 0, 0, 0, 0, 0, 0, 0, 0, 0, 0, 1, 0, 0, 0, 0, 0, 1]"
123,L2_arctic_WAV/ABA_arctic_b0324,"[55, 17, 3, 3, 24, 30, 63, 8, 3, 36, 52, 55, 3, 49, 8, 22, 8, 39, 68, 60, 58, 24, 58, 63, 8, 50, 24, 39, 7, 37, 50, 60, 28]","[55, 17, 3, 52, 30, 63, 8, 3, 36, 52, 55, 3, 49, 8, 46, 8, 39, 68, 60, 58, 52, 58, 70, 8, 50, 24, 54, 7, 48, 50, 60, 28]","[1, 1, 0, 1, 0, 1, 1, 1, 1, 1, 1, 1, 1, 1, 1, 0, 1, 1, 1, 1, 1, 0, 1, 0, 1, 1, 1, 0, 1, 0, 1, 1, 1]","[0, 0, 1, 0, 1, 0, 0, 0, 0, 0, 0, 0, 0, 0, 0, 1, 0, 0, 0, 0, 0, 1, 0, 1, 0, 0, 0, 1, 0, 1, 0, 0, 0]"
124,L2_arctic_WAV/ABA_arctic_b0340,"[63, 49, 70, 28, 36, 24, 28, 30, 24, 3, 8, 30, 69, 57, 70, 8, 39, 67, 7, 70, 36, 7, 46, 40, 50, 46, 8, 70, 8, 39, 69, 57, 3, 6, 67, 24, 68]","[63, 24, 46, 28, 36, 24, 28, 30, 24, 3, 8, 61, 69, 57, 46, 8, 39, 67, 61, 70, 36, 7, 46, 40, 50, 46, 8, 70, 8, 39, 26, 57, 3, 6, 67, 52, 68]","[1, 0, 0, 1, 1, 1, 1, 1, 1, 1, 1, 0, 1, 1, 0, 1, 1, 1, 0, 1, 1, 1, 1, 1, 1, 1, 1, 1, 1, 1, 0, 1, 1, 1, 1, 0, 1]","[0, 1, 1, 0, 0, 0, 0, 0, 0, 0, 0, 1, 0, 0, 1, 0, 0, 0, 1, 0, 0, 0, 0, 0, 0, 0, 0, 0, 0, 0, 1, 0, 0, 0, 0, 1, 0]"
125,L2_arctic_WAV/ABA_arctic_b0348,"[36, 31, 58, 29, 6, 37, 49, 46, 64, 3, 8, 46, 54, 56, 58, 36, 24, 63, 63, 64, 3, 36, 8, 55, 67, 8, 55, 58, 50, 8, 58, 22, 48, 17, 50, 3, 8, 39, 68, 49]","[36, 31, 58, 29, 6, 37, 49, 46, 64, 3, 8, 46, 54, 56, 58, 36, 24, 63, 63, 64, 3, 36, 64, 55, 67, 8, 55, 58, 66, 8, 58, 22, 48, 17, 50, 3, 8, 39, 68, 49]","[1, 1, 1, 1, 1, 1, 1, 1, 1, 1, 1, 1, 1, 1, 1, 1, 1, 1, 1, 1, 1, 1, 0, 1, 1, 1, 1, 1, 0, 1, 1, 1, 1, 1, 1, 1, 1, 1, 1, 1]","[0, 0, 0, 0, 0, 0, 0, 0, 0, 0, 0, 0, 0, 0, 0, 0, 0, 0, 0, 0, 0, 0, 1, 0, 0, 0, 0, 0, 1, 0, 0, 0, 0, 0, 0, 0, 0, 0, 0, 0]"
126,L2_arctic_WAV/ABA_arctic_b0367,"[52, 55, 49, 64, 39, 7, 24, 69, 29, 8, 10, 54, 52, 30, 14, 28, 64, 55, 3, 49, 35, 67, 24, 68, 46, 52, 30, 54, 24, 55, 8, 36, 49, 28]","[52, 55, 49, 64, 39, 7, 24, 35, 29, 8, 10, 28, 54, 52, 30, 14, 28, 64, 55, 3, 49, 35, 67, 24, 68, 46, 52, 30, 54, 24, 55, 8, 36, 49, 28]","[1, 1, 1, 1, 1, 1, 1, 0, 1, 1, 1, 1, 1, 1, 1, 1, 1, 1, 1, 1, 1, 1, 1, 1, 1, 1, 1, 1, 1, 1, 1, 1, 1, 1]","[0, 0, 0, 0, 0, 0, 0, 1, 0, 0, 0, 0, 0, 0, 0, 0, 0, 0, 0, 0, 0, 0, 0, 0, 0, 0, 0, 0, 0, 0, 0, 0, 0, 0]"
127,L2_arctic_WAV/ABA_arctic_b0413,"[67, 49, 68, 60, 58, 24, 70, 56, 7, 3, 6, 24, 46, 28, 60, 48, 48, 60, 55, 40, 50, 3, 6, 24, 55, 69, 57, 48, 30, 52, 26, 7]","[67, 49, 68, 60, 58, 24, 70, 56, 7, 3, 6, 24, 46, 28, 60, 37, 60, 55, 40, 50, 3, 6, 24, 55, 26, 57, 48, 30, 52, 26, 7]","[1, 1, 1, 1, 1, 1, 1, 1, 1, 1, 1, 1, 1, 1, 1, 0, 0, 1, 1, 1, 1, 1, 1, 1, 1, 0, 1, 1, 1, 1, 1, 1]","[0, 0, 0, 0, 0, 0, 0, 0, 0, 0, 0, 0, 0, 0, 0, 1, 1, 0, 0, 0, 0, 0, 0, 0, 0, 1, 0, 0, 0, 0, 0, 0]"
128,L2_arctic_WAV/ABA_arctic_b0424,"[24, 3, 24, 70, 8, 39, 52, 50, 49, 3, 52, 55, 8, 37, 8, 30, 67, 56, 48, 17, 22, 8, 46, 8, 46, 8, 55, 58, 36, 24, 30, 37, 52, 50, 30, 31, 28, 24, 10, 24, 55, 3, 6]","[24, 3, 24, 70, 8, 39, 52, 66, 49, 3, 52, 55, 8, 37, 8, 30, 67, 56, 48, 14, 22, 8, 46, 8, 46, 8, 55, 58, 36, 24, 30, 37, 49, 66, 30, 31, 28, 24, 10, 28, 24, 55, 3, 6]","[1, 1, 1, 1, 1, 1, 1, 0, 1, 1, 1, 1, 1, 1, 1, 1, 1, 1, 1, 0, 1, 1, 1, 1, 1, 1, 1, 1, 1, 1, 1, 1, 0, 0, 1, 1, 1, 1, 1, 1, 1, 1, 1]","[0, 0, 0, 0, 0, 0, 0, 1, 0, 0, 0, 0, 0, 0, 0, 0, 0, 0, 0, 1, 0, 0, 0, 0, 0, 0, 0, 0, 0, 0, 0, 0, 1, 1, 0, 0, 0, 0, 0, 0, 0, 0, 0]"
129,L2_arctic_WAV/ABA_arctic_b0425,"[63, 52, 50, 36, 7, 40, 50, 8, 55, 69, 59, 50, 49, 55, 59, 14, 30, 58, 59, 50, 49, 55, 8, 55, 58, 8, 28, 17, 48, 7, 59, 50, 49, 55]","[63, 52, 61, 36, 61, 40, 50, 8, 55, 69, 59, 50, 49, 55, 59, 14, 30, 58, 50, 49, 55, 8, 55, 58, 8, 28, 6, 48, 7, 28, 50, 49, 55]","[1, 1, 0, 1, 0, 1, 1, 1, 1, 1, 1, 1, 1, 1, 1, 1, 1, 1, 0, 1, 1, 1, 1, 1, 1, 1, 1, 0, 1, 1, 0, 1, 1, 1]","[0, 0, 1, 0, 1, 0, 0, 0, 0, 0, 0, 0, 0, 0, 0, 0, 0, 0, 1, 0, 0, 0, 0, 0, 0, 0, 0, 1, 0, 0, 1, 0, 0, 0]"
130,L2_arctic_WAV/ABA_arctic_b0428,"[63, 8, 67, 24, 46, 3, 7, 49, 8, 39, 15, 50, 36, 52, 46, 3, 36, 7, 58, 54, 52, 50, 49, 10, 50, 60, 46, 24, 70, 50, 24, 3, 8, 55, 24, 55, 24, 3]","[63, 8, 67, 52, 46, 3, 66, 49, 8, 39, 15, 50, 36, 52, 46, 3, 36, 7, 58, 54, 52, 61, 49, 10, 59, 50, 60, 46, 24, 70, 66, 24, 3, 8, 55, 52, 55, 52, 3]","[1, 1, 1, 0, 1, 1, 0, 1, 1, 1, 1, 1, 1, 1, 1, 1, 1, 1, 1, 1, 1, 0, 1, 1, 1, 1, 1, 1, 1, 0, 1, 1, 1, 1, 0, 1, 0, 1]","[0, 0, 0, 1, 0, 0, 1, 0, 0, 0, 0, 0, 0, 0, 0, 0, 0, 0, 0, 0, 0, 1, 0, 0, 0, 0, 0, 0, 0, 1, 0, 0, 0, 0, 1, 0, 1, 0]"
131,L2_arctic_WAV/ABA_arctic_b0432,"[67, 49, 24, 70, 60, 28, 64, 55, 8, 58, 24, 3, 50, 56, 70, 24, 10, 54, 50, 8, 68, 63, 8, 46, 7, 54, 28, 30, 64, 46, 3, 6, 15, 50, 28, 30, 64, 46]","[67, 49, 24, 70, 60, 28, 64, 55, 8, 58, 24, 3, 66, 56, 46, 24, 10, 28, 54, 50, 8, 68, 63, 8, 46, 61, 54, 28, 30, 17, 46, 3, 6, 15, 61, 28, 30, 17, 46]","[1, 1, 1, 1, 1, 1, 1, 1, 1, 1, 1, 1, 0, 1, 0, 1, 1, 1, 1, 1, 1, 1, 1, 1, 0, 1, 1, 1, 0, 1, 1, 1, 1, 0, 1, 1, 0, 1]","[0, 0, 0, 0, 0, 0, 0, 0, 0, 0, 0, 0, 1, 0, 1, 0, 0, 0, 0, 0, 0, 0, 0, 0, 1, 0, 0, 0, 1, 0, 0, 0, 0, 1, 0, 0, 1, 0]"
132,L2_arctic_WAV/ABA_arctic_b0433,"[36, 49, 17, 50, 28, 31, 28, 24, 10, 40, 55, 63, 8, 28, 14, 30, 46, 3, 14, 39, 8, 55, 58, 40, 55, 63, 8, 57, 30, 37, 7, 55, 7, 70]","[36, 49, 17, 50, 28, 31, 28, 24, 10, 28, 40, 55, 63, 8, 28, 14, 30, 46, 3, 14, 39, 8, 55, 58, 40, 55, 63, 8, 57, 30, 48, 61, 55, 7, 46]","[1, 1, 1, 1, 1, 1, 1, 1, 1, 1, 1, 1, 1, 1, 1, 1, 1, 1, 1, 1, 1, 1, 1, 1, 1, 1, 1, 1, 1, 0, 0, 1, 1, 0]","[0, 0, 0, 0, 0, 0, 0, 0, 0, 0, 0, 0, 0, 0, 0, 0, 0, 0, 0, 0, 0, 0, 0, 0, 0, 0, 0, 0, 0, 1, 1, 0, 0, 1]"
133,L2_arctic_WAV/ABA_arctic_b0434,"[63, 8, 46, 3, 6, 7, 58, 67, 64, 70, 69, 8, 46, 3, 3, 52, 55, 58, 7, 58, 68, 49, 8, 50, 24, 46, 48, 52, 28, 3, 54, 8, 30, 37, 24, 3, 8, 39, 8, 58, 39, 56, 46]","[63, 8, 46, 3, 49, 7, 58, 67, 64, 70, 26, 8, 46, 3, 3, 52, 55, 58, 7, 58, 68, 49, 8, 61, 24, 46, 48, 52, 28, 3, 54, 8, 30, 37, 24, 3, 40, 39, 64, 58, 39, 56, 46]","[1, 1, 1, 1, 0, 1, 1, 1, 1, 1, 0, 1, 1, 1, 1, 1, 1, 1, 1, 1, 1, 1, 1, 0, 1, 1, 1, 1, 1, 1, 1, 1, 1, 1, 1, 1, 0, 1, 0, 1, 1, 1, 1]","[0, 0, 0, 0, 1, 0, 0, 0, 0, 0, 1, 0, 0, 0, 0, 0, 0, 0, 0, 0, 0, 0, 0, 1, 0, 0, 0, 0, 0, 0, 0, 0, 0, 0, 0, 0, 1, 0, 1, 0, 0, 0, 0]"
134,L2_arctic_WAV/ABA_arctic_b0438,"[63, 60, 50, 64, 55, 63, 8, 28, 8, 55, 6, 24, 55, 8, 55, 58, 28, 30, 56, 68, 58, 63, 8, 67, 56, 7, 22, 37, 64, 10, 28]","[63, 60, 50, 8, 55, 70, 8, 28, 8, 55, 6, 24, 55, 8, 55, 58, 28, 30, 56, 68, 58, 70, 8, 67, 56, 61, 22, 37, 64, 10, 28]","[1, 1, 1, 0, 1, 0, 1, 1, 1, 1, 1, 1, 1, 1, 1, 1, 1, 1, 1, 1, 1, 0, 1, 1, 1, 0, 1, 1, 1, 1, 1]","[0, 0, 0, 1, 0, 1, 0, 0, 0, 0, 0, 0, 0, 0, 0, 0, 0, 0, 0, 0, 0, 1, 0, 0, 0, 1, 0, 0, 0, 0, 0]"
135,L2_arctic_WAV/ABA_arctic_b0444,"[67, 49, 58, 24, 58, 8, 55, 3, 55, 14, 67, 36, 8, 3, 36, 52, 55, 3, 40, 55, 24, 55, 63, 8, 68, 56, 55, 58, 70, 8, 39, 67, 24, 70, 46, 6, 48, 24, 50, 49, 7, 70]","[67, 49, 58, 24, 58, 8, 55, 3, 55, 14, 67, 36, 8, 3, 36, 52, 55, 3, 40, 55, 24, 55, 70, 8, 68, 56, 55, 58, 70, 8, 39, 67, 24, 70, 46, 6, 48, 24, 50, 49, 7, 70]","[1, 1, 1, 1, 1, 1, 1, 1, 1, 1, 1, 1, 1, 1, 1, 1, 1, 1, 1, 1, 1, 1, 0, 1, 1, 1, 1, 1, 1, 1, 1, 1, 1, 1, 1, 1, 1, 1, 1, 1, 1, 1]","[0, 0, 0, 0, 0, 0, 0, 0, 0, 0, 0, 0, 0, 0, 0, 0, 0, 0, 0, 0, 0, 0, 1, 0, 0, 0, 0, 0, 0, 0, 0, 0, 0, 0, 0, 0, 0, 0, 0, 0, 0, 0]"
136,L2_arctic_WAV/ABA_arctic_b0452,"[63, 60, 46, 40, 49, 35, 8, 63, 7, 54, 40, 50, 63, 8, 54, 7, 46, 3, 3, 56, 68, 24, 55, 37, 40, 46, 3, 8, 55]","[63, 60, 46, 14, 24, 35, 8, 63, 7, 54, 40, 66, 63, 8, 54, 7, 46, 3, 3, 56, 68, 24, 55, 48, 40, 46, 3, 8, 55]","[1, 1, 1, 0, 0, 1, 1, 1, 1, 1, 1, 0, 1, 1, 1, 1, 1, 1, 1, 1, 1, 1, 1, 0, 1, 1, 1, 1, 1]","[0, 0, 0, 1, 1, 0, 0, 0, 0, 0, 0, 1, 0, 0, 0, 0, 0, 0, 0, 0, 0, 0, 0, 1, 0, 0, 0, 0, 0]"
137,L2_arctic_WAV/ABA_arctic_b0455,"[67, 24, 70, 50, 24, 36, 40, 50, 58, 9, 31, 58, 67, 64, 39, 37, 24, 55, 48, 49, 46, 8, 55, 58, 50, 49, 48, 14, 70]","[67, 24, 70, 66, 31, 36, 40, 50, 58, 9, 31, 58, 67, 64, 39, 48, 24, 55, 37, 49, 46, 8, 55, 58, 58, 49, 48, 14, 46]","[1, 1, 1, 0, 0, 1, 1, 1, 1, 1, 1, 1, 1, 1, 1, 0, 1, 1, 0, 1, 1, 1, 1, 1, 0, 1, 1, 1, 0]","[0, 0, 0, 1, 1, 0, 0, 0, 0, 0, 0, 0, 0, 0, 0, 1, 0, 0, 1, 0, 0, 0, 0, 0, 1, 0, 0, 0, 1]"
138,L2_arctic_WAV/ABA_arctic_b0461,"[37, 56, 39, 7, 35, 6, 8, 39, 63, 64, 3, 48, 15, 7, 36, 49, 9, 64, 30, 50, 24, 68, 60, 55, 24, 55, 48, 15, 7]","[37, 56, 8, 39, 7, 9, 6, 8, 39, 63, 64, 3, 33, 15, 7, 36, 49, 9, 64, 30, 61, 24, 68, 60, 55, 24, 55, 48, 15, 7]","[1, 1, 1, 1, 0, 1, 1, 1, 1, 1, 1, 0, 1, 1, 1, 1, 1, 1, 1, 0, 1, 1, 1, 1, 1, 1, 1, 1, 1]","[0, 0, 0, 0, 1, 0, 0, 0, 0, 0, 0, 1, 0, 0, 0, 0, 0, 0, 0, 1, 0, 0, 0, 0, 0, 0, 0, 0, 0]"
139,L2_arctic_WAV/ABA_arctic_b0469,"[39, 52, 50, 49, 54, 29, 6, 48, 49, 48, 8, 30, 55, 6, 8, 39, 63, 8, 52, 59, 70, 24, 46, 3, 8, 55, 46, 8, 39, 63, 24, 46, 30, 40]","[39, 52, 66, 49, 54, 29, 6, 48, 49, 37, 8, 61, 55, 29, 6, 8, 39, 63, 8, 52, 59, 70, 24, 46, 3, 8, 55, 46, 8, 39, 63, 24, 46, 30, 40]","[1, 1, 0, 1, 1, 1, 1, 1, 1, 0, 1, 0, 1, 1, 1, 1, 1, 1, 1, 1, 1, 1, 1, 1, 1, 1, 1, 1, 1, 1, 1, 1, 1, 1]","[0, 0, 1, 0, 0, 0, 0, 0, 0, 1, 0, 1, 0, 0, 0, 0, 0, 0, 0, 0, 0, 0, 0, 0, 0, 0, 0, 0, 0, 0, 0, 0, 0, 0]"
140,L2_arctic_WAV/ABA_arctic_b0490,"[67, 36, 8, 3, 8, 55, 24, 28, 46, 56, 3, 24, 58, 67, 36, 24, 46, 48, 7, 24, 10, 8, 55, 58, 28, 8, 55, 54, 7, 24, 10, 3, 31, 28, 48, 30, 60, 46]","[67, 36, 8, 3, 8, 55, 24, 28, 46, 56, 3, 24, 58, 67, 36, 24, 46, 48, 7, 24, 10, 28, 8, 55, 58, 28, 8, 55, 54, 7, 24, 10, 59, 3, 31, 28, 48, 30, 60, 46]","[1, 1, 1, 1, 1, 1, 1, 1, 1, 1, 1, 1, 1, 1, 1, 1, 1, 1, 1, 1, 1, 1, 1, 1, 1, 1, 1, 1, 1, 1, 1, 1, 1, 1, 1, 1, 1, 1]","[0, 0, 0, 0, 0, 0, 0, 0, 0, 0, 0, 0, 0, 0, 0, 0, 0, 0, 0, 0, 0, 0, 0, 0, 0, 0, 0, 0, 0, 0, 0, 0, 0, 0, 0, 0, 0, 0]"
141,L2_arctic_WAV/ABA_arctic_b0492,"[63, 8, 46, 67, 49, 3, 7, 55, 58, 63, 8, 3, 52, 55, 8, 3, 46, 8, 55, 58, 69, 17, 50, 59, 8, 55, 8, 39, 46, 56, 28, 17, 30, 8, 69, 49, 37, 64, 28, 40, 55, 68, 49]","[70, 6, 46, 67, 49, 3, 7, 55, 8, 58, 63, 8, 3, 52, 55, 8, 3, 46, 8, 55, 58, 26, 17, 50, 59, 8, 55, 8, 39, 46, 56, 28, 17, 30, 8, 26, 49, 48, 64, 28, 40, 55, 68, 49]","[0, 0, 1, 1, 1, 1, 1, 1, 1, 1, 1, 1, 1, 1, 1, 1, 1, 1, 1, 1, 0, 1, 1, 1, 1, 1, 1, 1, 1, 1, 1, 1, 1, 1, 0, 1, 0, 1, 1, 1, 1, 1, 1]","[1, 1, 0, 0, 0, 0, 0, 0, 0, 0, 0, 0, 0, 0, 0, 0, 0, 0, 0, 0, 1, 0, 0, 0, 0, 0, 0, 0, 0, 0, 0, 0, 0, 0, 1, 0, 1, 0, 0, 0, 0, 0, 0]"
142,L2_arctic_WAV/ABA_arctic_b0494,"[55, 52, 39, 7, 46, 14, 46, 3, 50, 60, 55, 69, 8, 48, 50, 17, 54, 8, 3, 28, 60, 68, 8, 48, 3, 6, 69, 7, 6, 46, 8, 30, 8, 68]","[55, 52, 39, 7, 46, 14, 46, 3, 66, 60, 55, 69, 8, 48, 50, 14, 54, 8, 3, 28, 60, 68, 8, 48, 3, 6, 26, 6, 46, 30, 8, 68]","[1, 1, 1, 1, 1, 1, 1, 1, 0, 1, 1, 1, 1, 1, 1, 0, 1, 1, 1, 1, 1, 1, 1, 1, 1, 1, 0, 0, 1, 1, 0, 1, 1, 1]","[0, 0, 0, 0, 0, 0, 0, 0, 1, 0, 0, 0, 0, 0, 0, 1, 0, 0, 0, 0, 0, 0, 0, 0, 0, 0, 1, 1, 0, 0, 1, 0, 0, 0]"
143,L2_arctic_WAV/ABA_arctic_b0495,"[36, 49, 67, 6, 67, 64, 39, 24, 55, 58, 31, 50, 58, 46, 14, 68, 8, 35, 9, 31, 50, 30, 49, 28, 64, 55, 24, 55, 58, 31, 50, 8, 30, 24, 3, 8, 30, 68, 40, 50]","[36, 49, 67, 6, 67, 64, 39, 24, 55, 58, 31, 50, 58, 46, 14, 68, 8, 35, 9, 31, 50, 30, 49, 28, 64, 55, 24, 55, 58, 31, 66, 8, 30, 24, 3, 8, 30, 68, 40]","[1, 1, 1, 1, 1, 1, 1, 1, 1, 1, 1, 1, 1, 1, 1, 1, 1, 1, 1, 1, 1, 1, 1, 1, 1, 1, 1, 1, 1, 1, 0, 1, 1, 1, 1, 1, 1, 1, 1, 0]","[0, 0, 0, 0, 0, 0, 0, 0, 0, 0, 0, 0, 0, 0, 0, 0, 0, 0, 0, 0, 0, 0, 0, 0, 0, 0, 0, 0, 0, 0, 1, 0, 0, 0, 0, 0, 0, 0, 0, 1]"
144,L2_arctic_WAV/ABA_arctic_b0503,"[63, 8, 46, 52, 55, 3, 46, 8, 39, 46, 3, 50, 60, 55, 69, 39, 52, 69, 8, 3, 60, 9, 8, 55, 37, 30, 6, 40, 54, 63, 8, 3, 50, 17, 48, 24, 28, 30, 64, 55, 58]","[63, 8, 46, 52, 55, 3, 46, 8, 39, 46, 3, 66, 60, 55, 69, 39, 24, 69, 8, 3, 60, 9, 8, 55, 37, 30, 6, 40, 54, 70, 8, 3, 66, 17, 37, 24, 28, 30, 64, 55, 3]","[1, 1, 1, 1, 1, 1, 1, 1, 1, 1, 1, 0, 1, 1, 1, 1, 0, 1, 1, 1, 1, 1, 1, 1, 1, 1, 1, 1, 1, 0, 1, 1, 0, 1, 0, 1, 1, 1, 1, 1, 0]","[0, 0, 0, 0, 0, 0, 0, 0, 0, 0, 0, 1, 0, 0, 0, 0, 1, 0, 0, 0, 0, 0, 0, 0, 0, 0, 0, 0, 0, 1, 0, 0, 1, 0, 1, 0, 0, 0, 0, 0, 1]"
145,L2_arctic_WAV/ABA_arctic_b0504,"[63, 8, 30, 56, 54, 63, 52, 50, 36, 17, 70, 67, 52, 30, 22, 54, 8, 30, 8, 55, 58, 64, 22, 30, 52, 3, 24, 28, 37, 8, 3, 3, 6, 69, 6, 39, 8, 55, 56, 30]","[63, 8, 30, 56, 54, 63, 52, 66, 36, 17, 70, 67, 52, 61, 22, 54, 8, 30, 8, 55, 58, 64, 22, 8, 30, 52, 3, 24, 28, 37, 8, 3, 3, 6, 26, 6, 39, 8, 55, 56, 30]","[1, 1, 1, 1, 1, 1, 1, 0, 1, 1, 1, 1, 1, 0, 1, 1, 1, 1, 1, 1, 1, 1, 1, 1, 1, 1, 1, 1, 1, 1, 1, 1, 1, 0, 1, 1, 1, 1, 1, 1]","[0, 0, 0, 0, 0, 0, 0, 1, 0, 0, 0, 0, 0, 1, 0, 0, 0, 0, 0, 0, 0, 0, 0, 0, 0, 0, 0, 0, 0, 0, 0, 0, 0, 1, 0, 0, 0, 0, 0, 0]"
146,L2_arctic_WAV/ABA_arctic_b0506,"[24, 3, 36, 31, 58, 67, 52, 30, 48, 3, 6, 3, 56, 58, 68, 49, 8, 30, 40, 10, 8, 55, 3, 24, 30, 56, 59, 17, 3, 46, 3, 52, 58, 49, 24, 68, 48, 30, 57, 68, 8, 55, 3]","[24, 3, 36, 31, 58, 67, 52, 30, 48, 3, 6, 3, 56, 58, 68, 49, 8, 30, 40, 10, 28, 8, 55, 3, 24, 61, 56, 59, 17, 3, 46, 3, 52, 58, 49, 24, 68, 48, 30, 57, 68, 8, 55, 3]","[1, 1, 1, 1, 1, 1, 1, 1, 1, 1, 1, 1, 1, 1, 1, 1, 1, 1, 1, 1, 1, 1, 1, 1, 0, 1, 1, 1, 1, 1, 1, 1, 1, 1, 1, 1, 1, 1, 1, 1, 1, 1, 1]","[0, 0, 0, 0, 0, 0, 0, 0, 0, 0, 0, 0, 0, 0, 0, 0, 0, 0, 0, 0, 0, 0, 0, 0, 1, 0, 0, 0, 0, 0, 0, 0, 0, 0, 0, 0, 0, 0, 0, 0, 0, 0, 0]"
147,L2_arctic_WAV/ABA_arctic_b0518,"[37, 8, 3, 63, 52, 50, 36, 40, 70, 40, 30, 46, 14, 3, 40, 28, 8, 39, 36, 24, 35, 28, 50, 64, 54, 3, 24, 55, 63, 8, 39, 24, 30, 24, 69]","[37, 8, 3, 63, 52, 66, 36, 40, 70, 40, 30, 46, 3, 40, 28, 8, 39, 36, 24, 35, 28, 50, 64, 54, 3, 24, 55, 63, 8, 39, 24, 30, 24, 69]","[1, 1, 1, 1, 1, 0, 1, 1, 1, 1, 1, 1, 0, 1, 1, 1, 1, 1, 1, 1, 1, 1, 1, 1, 1, 1, 1, 1, 1, 1, 1, 1, 1, 1, 1]","[0, 0, 0, 0, 0, 1, 0, 0, 0, 0, 0, 0, 1, 0, 0, 0, 0, 0, 0, 0, 0, 0, 0, 0, 0, 0, 0, 0, 0, 0, 0, 0, 0, 0, 0]"
148,L2_arctic_WAV/ABA_arctic_b0534,"[56, 30, 3, 52, 30, 29, 6, 63, 8, 30, 56, 37, 50, 52, 50, 49, 8, 55, 46, 52, 58, 36, 24, 22, 8, 37, 50, 56, 3, 8, 55, 24, 10, 54, 60, 46]","[56, 30, 3, 24, 61, 29, 6, 70, 8, 30, 56, 48, 66, 52, 50, 49, 8, 55, 46, 52, 58, 36, 24, 70, 8, 48, 50, 56, 3, 8, 55, 24, 10, 28, 54, 60, 46]","[1, 1, 1, 0, 0, 1, 1, 0, 1, 1, 1, 0, 0, 1, 1, 1, 1, 1, 1, 1, 1, 1, 1, 0, 1, 0, 1, 1, 1, 1, 1, 1, 1, 1, 1, 1]","[0, 0, 0, 1, 1, 0, 0, 1, 0, 0, 0, 1, 1, 0, 0, 0, 0, 0, 0, 0, 0, 0, 0, 1, 0, 1, 0, 0, 0, 0, 0, 0, 0, 0, 0, 0]"
149,L2_arctic_WAV/ABA_arctic_b0538,"[64, 3, 63, 8, 37, 52, 46, 3, 63, 60, 36, 7, 55, 52, 46, 8, 46, 52, 50, 49, 64, 28, 46, 52, 46, 7, 49, 70]","[64, 3, 63, 8, 37, 52, 46, 3, 63, 60, 36, 61, 55, 52, 46, 8, 46, 52, 66, 49, 64, 28, 46, 52, 46, 61, 49, 46]","[1, 1, 1, 1, 1, 1, 1, 1, 1, 1, 1, 0, 1, 1, 1, 1, 1, 1, 0, 1, 1, 1, 1, 1, 1, 0, 1, 0]","[0, 0, 0, 0, 0, 0, 0, 0, 0, 0, 0, 1, 0, 0, 0, 0, 0, 0, 1, 0, 0, 0, 0, 0, 0, 1, 0, 1]"
150,L2_arctic_WAV/ASI_arctic_a0003,"[54, 40, 50, 63, 8, 3, 36, 52, 55, 3, 49, 24, 22, 3, 56, 68, 63, 64, 3, 49, 39, 55, 24, 10, 63, 8, 3, 6, 68, 52, 55, 9, 31, 28, 67, 64, 55, 70]","[54, 40, 50, 58, 8, 25, 36, 52, 4, 3, 49, 24, 25, 25, 56, 68, 58, 64, 25, 49, 39, 55, 24, 10, 58, 8, 25, 6, 68, 52, 4, 9, 31, 28, 67, 20, 55, 46]","[1, 1, 1, 0, 1, 0, 1, 1, 0, 1, 1, 1, 0, 0, 1, 1, 0, 1, 0, 1, 1, 1, 1, 1, 0, 1, 0, 1, 1, 1, 0, 1, 1, 1, 1, 0, 1, 0]","[0, 0, 0, 1, 0, 1, 0, 0, 1, 0, 0, 0, 1, 1, 0, 0, 1, 0, 1, 0, 0, 0, 0, 0, 1, 0, 1, 0, 0, 0, 1, 0, 0, 0, 0, 1, 0, 1]"
151,L2_arctic_WAV/ASI_arctic_a0005,"[36, 24, 30, 36, 49, 52, 39, 7, 54, 40, 50, 59, 52, 3, 24, 3]","[36, 24, 38, 36, 49, 64, 36, 7, 54, 40, 50, 59, 52, 25, 24, 3]","[1, 1, 0, 1, 1, 0, 0, 1, 1, 1, 1, 1, 1, 0, 1, 1]","[0, 0, 1, 0, 0, 1, 1, 0, 0, 0, 0, 0, 0, 1, 0, 0]"
152,L2_arctic_WAV/ASI_arctic_a0006,"[59, 17, 58, 37, 30, 52, 46, 8, 68, 56, 67, 14, 48, 56, 30, 59, 14, 40, 55, 46, 49, 24, 10, 63, 8, 68, 54, 7, 52, 39, 7]","[59, 17, 12, 37, 30, 52, 46, 8, 68, 56, 67, 14, 48, 56, 38, 59, 14, 40, 55, 46, 49, 24, 10, 58, 8, 68, 54, 7, 52, 36, 7]","[1, 1, 0, 1, 1, 1, 1, 1, 1, 1, 1, 1, 1, 1, 0, 1, 1, 1, 1, 1, 1, 1, 1, 0, 1, 1, 1, 1, 1, 0, 1]","[0, 0, 1, 0, 0, 0, 0, 0, 0, 0, 0, 0, 0, 0, 1, 0, 0, 0, 0, 0, 0, 0, 0, 1, 0, 0, 0, 0, 0, 1, 0]"
153,L2_arctic_WAV/ASI_arctic_a0007,"[64, 55, 58, 29, 6, 40, 30, 36, 49, 70, 36, 17, 55, 3, 3, 6, 46, 49, 24, 3, 24, 55, 63, 8, 46, 31, 48, 7, 30, 8, 3, 24, 39, 58, 24, 59, 50, 49]","[64, 4, 58, 29, 6, 40, 38, 36, 49, 70, 36, 17, 4, 3, 3, 6, 46, 49, 24, 3, 24, 55, 58, 8, 46, 31, 33, 7, 30, 60, 3, 24, 39, 58, 24, 59, 66, 49]","[1, 0, 1, 1, 1, 1, 0, 1, 1, 1, 1, 1, 0, 1, 1, 1, 1, 1, 1, 1, 1, 1, 0, 1, 1, 1, 0, 1, 1, 0, 1, 1, 1, 1, 1, 1, 0, 1]","[0, 1, 0, 0, 0, 0, 1, 0, 0, 0, 0, 0, 1, 0, 0, 0, 0, 0, 0, 0, 0, 0, 1, 0, 0, 0, 1, 0, 0, 1, 0, 0, 0, 0, 0, 0, 1, 0]"
154,L2_arctic_WAV/ASI_arctic_a0008,"[59, 64, 58, 29, 31, 50, 30, 52, 3, 7, 28, 60, 68, 69, 8, 46, 3, 24, 55, 3, 56, 68]","[59, 64, 12, 29, 31, 50, 30, 52, 3, 7, 47, 60, 68, 69, 8, 46, 3, 24, 55, 25, 56, 68]","[1, 1, 0, 1, 1, 1, 1, 1, 1, 1, 0, 1, 1, 1, 1, 1, 1, 1, 1, 0, 1, 1]","[0, 0, 1, 0, 0, 0, 0, 0, 0, 0, 1, 0, 0, 0, 0, 0, 0, 0, 0, 1, 0, 0]"
155,L2_arctic_WAV/ASI_arctic_a0010,"[56, 68, 48, 30, 60, 24, 10, 8, 46, 24, 10, 59, 8, 30, 67, 64, 55, 58, 24, 55, 36, 8, 3, 30, 31, 28, 46, 30, 56, 28, 8, 30, 6, 70, 24, 10, 59, 60, 68]","[56, 68, 33, 30, 60, 24, 10, 8, 46, 24, 10, 59, 8, 38, 67, 64, 4, 58, 24, 55, 36, 8, 25, 30, 31, 28, 46, 30, 56, 28, 8, 30, 6, 70, 24, 10, 59, 60, 68]","[1, 1, 0, 1, 1, 1, 1, 1, 1, 1, 1, 1, 1, 0, 1, 1, 0, 1, 1, 1, 1, 1, 0, 1, 1, 1, 1, 1, 1, 1, 1, 1, 1, 1, 1, 1, 1, 1, 1]","[0, 0, 1, 0, 0, 0, 0, 0, 0, 0, 0, 0, 0, 1, 0, 0, 1, 0, 0, 0, 0, 0, 1, 0, 0, 0, 0, 0, 0, 0, 0, 0, 0, 0, 0, 0, 0, 0, 0]"
156,L2_arctic_WAV/ASI_arctic_a0011,"[24, 54, 56, 52, 39, 7, 55, 49, 58, 8, 58, 8, 54, 56, 3, 7, 24, 55, 68, 56, 30, 56, 54, 56, 55, 49, 58, 36, 8, 55, 55, 15]","[24, 54, 56, 64, 36, 7, 55, 49, 12, 8, 58, 8, 54, 56, 25, 7, 24, 55, 68, 56, 30, 56, 54, 56, 4, 49, 58, 36, 8, 55, 55, 15]","[1, 1, 1, 0, 0, 1, 1, 1, 0, 1, 1, 1, 1, 1, 0, 1, 1, 1, 1, 1, 1, 1, 1, 1, 0, 1, 1, 1, 1, 1, 1, 1]","[0, 0, 0, 1, 1, 0, 0, 0, 1, 0, 0, 0, 0, 0, 1, 0, 0, 0, 0, 0, 0, 0, 0, 0, 1, 0, 0, 0, 0, 0, 0, 0]"
157,L2_arctic_WAV/ASI_arctic_a0013,"[67, 49, 36, 8, 70, 8, 67, 52, 58, 9, 40, 50, 3, 7, 63, 64, 55, 67, 24, 70, 28, 8, 68, 48, 64, 55, 29, 8, 55, 8, 39, 40, 30, 68, 14, 46, 3, 58, 52, 30, 8, 28, 8, 3, 54, 8, 70, 49, 28]","[67, 49, 36, 8, 70, 8, 67, 52, 12, 9, 40, 50, 3, 7, 58, 64, 55, 67, 24, 46, 28, 8, 68, 33, 64, 55, 29, 8, 55, 40, 39, 40, 38, 68, 14, 46, 3, 58, 52, 30, 8, 28, 8, 25, 54, 8, 46, 49, 28]","[1, 1, 1, 1, 1, 1, 1, 1, 0, 1, 1, 1, 1, 1, 0, 1, 1, 1, 1, 0, 1, 1, 1, 0, 1, 1, 1, 1, 1, 0, 1, 1, 0, 1, 1, 1, 1, 1, 1, 1, 1, 1, 1, 0, 1, 1, 0, 1, 1]","[0, 0, 0, 0, 0, 0, 0, 0, 1, 0, 0, 0, 0, 0, 1, 0, 0, 0, 0, 1, 0, 0, 0, 1, 0, 0, 0, 0, 0, 1, 0, 0, 1, 0, 0, 0, 0, 0, 0, 0, 0, 0, 0, 1, 0, 0, 1, 0, 0]"
158,L2_arctic_WAV/ASI_arctic_a0018,"[63, 52, 50, 36, 40, 70, 8, 35, 60, 55, 69, 55, 15]","[58, 52, 66, 41, 40, 70, 8, 35, 60, 55, 69, 55, 15]","[0, 1, 0, 0, 1, 1, 1, 1, 1, 1, 1, 1, 1]","[1, 0, 1, 1, 0, 0, 0, 0, 0, 0, 0, 0, 0]"
159,L2_arctic_WAV/ASI_arctic_a0019,"[56, 54, 17, 30, 14, 58, 63, 8, 30, 56, 55, 8, 39, 63, 8, 48, 50, 8, 48, 14, 70, 58, 50, 60, 30, 50, 14, 58, 30, 31, 28, 24, 10, 54, 50, 7, 35, 64, 55, 46, 24, 70]","[56, 54, 17, 30, 14, 12, 58, 8, 30, 56, 55, 8, 39, 58, 8, 33, 66, 8, 33, 14, 46, 58, 50, 60, 50, 14, 12, 30, 31, 28, 24, 10, 54, 50, 7, 35, 64, 55, 46, 24, 70]","[1, 1, 1, 1, 1, 1, 0, 1, 1, 1, 1, 1, 1, 0, 1, 0, 0, 1, 0, 1, 0, 1, 1, 1, 0, 1, 1, 0, 1, 1, 1, 1, 1, 1, 1, 1, 1, 1, 1, 1, 1, 1]","[0, 0, 0, 0, 0, 1, 1, 0, 0, 0, 0, 0, 0, 1, 0, 1, 1, 0, 1, 0, 1, 0, 0, 0, 1, 0, 0, 1, 0, 0, 0, 0, 0, 0, 0, 0, 0, 0, 0, 0, 0, 0]"
160,L2_arctic_WAV/ASI_arctic_a0020,"[28, 30, 8, 37, 70, 64, 55, 58, 37, 40, 30, 70, 64, 55, 58, 46, 24, 3, 49, 70, 59, 50, 6, 36, 3, 6, 37, 49, 14, 55, 30, 49, 68, 52, 68, 7, 49, 70]","[28, 30, 8, 37, 70, 64, 4, 58, 37, 40, 30, 46, 64, 55, 58, 46, 24, 25, 49, 70, 59, 66, 49, 36, 25, 6, 37, 49, 14, 55, 30, 49, 68, 52, 68, 7, 49, 46]","[1, 1, 1, 1, 1, 1, 0, 1, 1, 1, 1, 0, 1, 1, 1, 1, 1, 0, 1, 1, 1, 0, 0, 1, 0, 1, 1, 1, 1, 1, 1, 1, 1, 1, 1, 1, 1, 0]","[0, 0, 0, 0, 0, 0, 1, 0, 0, 0, 0, 1, 0, 0, 0, 0, 0, 1, 0, 0, 0, 1, 1, 0, 1, 0, 0, 0, 0, 0, 0, 0, 0, 0, 0, 0, 0, 1]"
161,L2_arctic_WAV/ASI_arctic_a0021,"[24, 3, 54, 52, 50, 30, 49, 28, 30, 8, 37, 58, 68, 49, 24, 55, 3, 6, 50, 52, 28, 8, 59, 55, 56, 70, 24, 10, 24, 3]","[24, 25, 54, 52, 66, 30, 49, 47, 30, 20, 37, 58, 68, 49, 24, 4, 3, 6, 66, 52, 28, 8, 59, 55, 56, 70, 24, 10, 24, 3]","[1, 0, 1, 1, 0, 1, 1, 0, 1, 0, 1, 1, 1, 1, 1, 0, 1, 1, 0, 1, 1, 1, 1, 1, 1, 1, 1, 1, 1, 1]","[0, 1, 0, 0, 1, 0, 0, 1, 0, 1, 0, 0, 0, 0, 0, 1, 0, 0, 1, 0, 0, 0, 0, 0, 0, 0, 0, 0, 0, 0]"
162,L2_arctic_WAV/ASI_arctic_a0022,"[67, 17, 50, 58, 30, 49, 36, 7, 15, 50, 48, 30, 64, 55, 70, 68, 60, 58, 48, 8, 37, 30, 24, 28, 37, 24, 54, 40, 50, 36, 49, 36, 7, 68, 52, 3, 37, 56, 48, 15, 7, 54, 8, 30, 17, 48, 8, 70, 24, 9, 8, 55]","[67, 17, 50, 58, 30, 49, 36, 23, 15, 33, 30, 64, 55, 46, 68, 60, 12, 33, 8, 37, 30, 24, 28, 37, 24, 54, 40, 50, 36, 49, 36, 23, 68, 52, 25, 37, 56, 33, 15, 7, 54, 8, 38, 17, 48, 8, 70, 24, 9, 8, 55]","[1, 1, 1, 1, 1, 1, 1, 0, 1, 0, 0, 1, 1, 1, 0, 1, 1, 0, 0, 1, 1, 1, 1, 1, 1, 1, 1, 1, 1, 1, 1, 1, 0, 1, 1, 0, 1, 1, 0, 1, 1, 1, 1, 0, 1, 1, 1, 1, 1, 1, 1, 1]","[0, 0, 0, 0, 0, 0, 0, 1, 0, 1, 1, 0, 0, 0, 1, 0, 0, 1, 1, 0, 0, 0, 0, 0, 0, 0, 0, 0, 0, 0, 0, 0, 1, 0, 0, 1, 0, 0, 1, 0, 0, 0, 0, 1, 0, 0, 0, 0, 0, 0, 0, 0]"
163,L2_arctic_WAV/ASI_arctic_a0023,"[8, 28, 17, 68, 37, 8, 55, 60, 9, 8, 55, 8, 39, 28, 8, 55, 60, 58, 49, 8, 55, 28, 64, 48, 8, 3, 8, 30, 28, 36, 24, 28, 30, 49, 40, 50, 59, 8, 55, 56, 70, 58, 64, 55, 58, 48, 8, 3, 24, 9, 8, 55, 58, 54, 40, 50, 63, 8, 46, 60, 68, 48, 50, 24, 39, 24, 30, 24, 69, 24, 70]","[8, 47, 40, 68, 37, 8, 4, 60, 9, 8, 55, 40, 39, 28, 8, 4, 60, 12, 49, 8, 4, 47, 20, 48, 8, 3, 8, 38, 28, 36, 24, 28, 30, 49, 40, 66, 59, 8, 55, 56, 70, 58, 64, 55, 58, 37, 8, 3, 49, 9, 8, 55, 58, 54, 40, 50, 58, 8, 46, 60, 68, 33, 50, 24, 36, 24, 30, 24, 69, 24, 46]","[1, 0, 0, 1, 1, 1, 0, 1, 1, 1, 1, 0, 1, 1, 1, 0, 1, 0, 1, 1, 0, 0, 0, 1, 1, 1, 1, 0, 1, 1, 1, 1, 1, 1, 1, 0, 1, 1, 1, 1, 1, 1, 1, 1, 1, 0, 1, 1, 0, 1, 1, 1, 1, 1, 1, 1, 0, 1, 1, 1, 1, 0, 1, 1, 0, 1, 1, 1, 1, 1, 0]","[0, 1, 1, 0, 0, 0, 1, 0, 0, 0, 0, 1, 0, 0, 0, 1, 0, 1, 0, 0, 1, 1, 1, 0, 0, 0, 0, 1, 0, 0, 0, 0, 0, 0, 0, 1, 0, 0, 0, 0, 0, 0, 0, 0, 0, 1, 0, 0, 1, 0, 0, 0, 0, 0, 0, 0, 1, 0, 0, 0, 0, 1, 0, 0, 1, 0, 0, 0, 0, 0, 1]"
164,L2_arctic_WAV/ASI_arctic_a0024,"[24, 3, 36, 8, 70, 68, 56, 50, 24, 48, 40, 50, 3, 46, 54, 50, 8, 68, 63, 8, 55, 40, 50, 22, 36, 24, 35, 35, 49, 54, 30, 49, 24, 55, 58, 6, 46, 3, 48, 49, 48, 8, 30, 3, 6, 37, 56]","[24, 25, 36, 8, 70, 68, 56, 66, 24, 33, 40, 50, 3, 46, 54, 50, 8, 68, 58, 8, 55, 40, 50, 3, 36, 24, 35, 35, 49, 39, 30, 49, 24, 55, 58, 29, 6, 46, 3, 33, 49, 33, 8, 38, 25, 6, 37, 56]","[1, 0, 1, 1, 1, 1, 1, 0, 1, 0, 1, 1, 1, 1, 1, 1, 1, 1, 0, 1, 1, 1, 1, 0, 1, 1, 1, 1, 1, 0, 1, 1, 1, 1, 1, 1, 1, 1, 0, 1, 0, 1, 0, 0, 1, 1, 1]","[0, 1, 0, 0, 0, 0, 0, 1, 0, 1, 0, 0, 0, 0, 0, 0, 0, 0, 1, 0, 0, 0, 0, 1, 0, 0, 0, 0, 0, 1, 0, 0, 0, 0, 0, 0, 0, 0, 1, 0, 1, 0, 1, 1, 0, 0, 0]"
165,L2_arctic_WAV/ASI_arctic_a0025,"[56, 36, 8, 70, 8, 37, 15, 3, 3, 8, 58, 6, 63, 24, 46, 36, 52, 55, 28, 6, 30, 7, 69, 8, 69, 68, 8, 55, 3, 48, 50, 24, 39, 60, 30, 58]","[56, 36, 8, 70, 8, 37, 40, 25, 3, 8, 58, 6, 58, 24, 46, 36, 52, 55, 28, 6, 30, 7, 69, 8, 26, 68, 8, 55, 3, 48, 66, 24, 36, 60, 38, 58]","[1, 1, 1, 1, 1, 1, 0, 0, 1, 1, 1, 1, 0, 1, 1, 1, 1, 1, 1, 1, 1, 1, 1, 1, 0, 1, 1, 1, 1, 1, 0, 1, 0, 1, 0, 1]","[0, 0, 0, 0, 0, 0, 1, 1, 0, 0, 0, 0, 1, 0, 0, 0, 0, 0, 0, 0, 0, 0, 0, 0, 1, 0, 0, 0, 0, 0, 1, 0, 1, 0, 1, 0]"
166,L2_arctic_WAV/ASI_arctic_a0026,"[24, 3, 8, 28, 7, 58, 3, 6, 68, 49, 63, 64, 3, 63, 52, 50, 36, 31, 58, 67, 64, 39, 3, 6, 37, 49, 64, 55, 8, 28, 15, 55, 3, 24, 10]","[24, 25, 8, 59, 7, 58, 25, 6, 68, 49, 58, 20, 25, 58, 52, 66, 36, 31, 12, 67, 64, 39, 25, 6, 37, 49, 64, 55, 8, 28, 40, 4, 3, 24, 10]","[1, 0, 1, 0, 1, 1, 0, 1, 1, 1, 0, 0, 0, 0, 1, 0, 1, 1, 0, 1, 1, 1, 0, 1, 1, 1, 1, 1, 1, 1, 0, 0, 1, 1, 1]","[0, 1, 0, 1, 0, 0, 1, 0, 0, 0, 1, 1, 1, 1, 0, 1, 0, 0, 1, 0, 0, 0, 1, 0, 0, 0, 0, 0, 0, 0, 1, 1, 0, 0, 0]"
167,L2_arctic_WAV/ASI_arctic_a0027,"[3, 6, 68, 56, 46, 8, 48, 50, 56, 70, 67, 49, 37, 24, 59, 64, 55, 3, 8, 9, 14, 64, 28, 9, 8, 30, 24, 55, 22, 6, 70, 49, 64, 70, 8, 68, 24, 55, 68, 56, 54, 60, 39, 7]","[3, 6, 68, 56, 46, 8, 48, 50, 56, 70, 67, 49, 37, 24, 59, 64, 4, 25, 8, 9, 14, 64, 28, 9, 8, 38, 24, 55, 3, 6, 70, 49, 64, 70, 8, 68, 24, 55, 68, 56, 54, 60, 36, 8]","[1, 1, 1, 1, 1, 1, 1, 1, 1, 1, 1, 1, 1, 1, 1, 1, 0, 0, 1, 1, 1, 1, 1, 1, 1, 0, 1, 1, 0, 1, 1, 1, 1, 1, 1, 1, 1, 1, 1, 1, 1, 1, 0, 0]","[0, 0, 0, 0, 0, 0, 0, 0, 0, 0, 0, 0, 0, 0, 0, 0, 1, 1, 0, 0, 0, 0, 0, 0, 0, 1, 0, 0, 1, 0, 0, 0, 0, 0, 0, 0, 0, 0, 0, 0, 0, 0, 1, 1]"
168,L2_arctic_WAV/ASI_arctic_a0028,"[50, 17, 37, 7, 49, 37, 50, 56, 37, 7, 49, 54, 50, 40, 58]","[50, 40, 37, 7, 49, 37, 66, 56, 37, 7, 49, 54, 50, 40, 12]","[1, 0, 1, 1, 1, 1, 0, 1, 1, 1, 1, 1, 1, 1, 0]","[0, 1, 0, 0, 0, 0, 1, 0, 0, 0, 0, 0, 0, 0, 1]"
169,L2_arctic_WAV/ASI_arctic_a0029,"[63, 52, 50, 54, 40, 50, 46, 24, 70, 36, 7, 40, 30, 50, 52, 58, 49, 68, 6, 39, 24, 10, 24, 55, 3, 6, 63, 8, 55, 40, 50, 22, 28, 8, 55, 3, 50, 49]","[58, 52, 50, 54, 40, 46, 24, 46, 36, 23, 40, 30, 50, 52, 58, 49, 68, 6, 36, 24, 10, 24, 4, 25, 6, 58, 8, 55, 40, 50, 3, 59, 8, 4, 3, 50, 49]","[0, 1, 1, 1, 1, 0, 1, 1, 0, 1, 0, 1, 1, 1, 1, 1, 1, 1, 1, 0, 1, 1, 1, 0, 0, 1, 0, 1, 1, 1, 1, 0, 0, 1, 0, 1, 1, 1]","[1, 0, 0, 0, 0, 1, 0, 0, 1, 0, 1, 0, 0, 0, 0, 0, 0, 0, 0, 1, 0, 0, 0, 1, 1, 0, 1, 0, 0, 0, 0, 1, 1, 0, 1, 0, 0, 0]"
170,L2_arctic_WAV/ASI_arctic_a0030,"[56, 67, 64, 58, 54, 60, 22, 24, 55, 63, 52, 68]","[56, 67, 64, 12, 54, 60, 3, 24, 4, 58, 52, 68]","[1, 1, 1, 0, 1, 1, 0, 1, 0, 0, 1, 1]","[0, 0, 0, 1, 0, 0, 1, 0, 1, 1, 0, 0]"
171,L2_arctic_WAV/ASI_arctic_a0031,"[63, 60, 36, 7, 22, 50, 49, 67, 8, 55, 58, 50, 52, 58, 29, 17, 50, 58, 70, 8, 48, 17, 50, 3]","[58, 60, 36, 8, 3, 50, 49, 67, 20, 4, 58, 50, 52, 12, 29, 17, 58, 46, 8, 33, 17, 25]","[0, 1, 1, 0, 0, 1, 1, 1, 0, 0, 1, 1, 1, 0, 1, 1, 0, 1, 0, 1, 0, 1, 0, 0]","[1, 0, 0, 1, 1, 0, 0, 0, 1, 1, 0, 0, 0, 1, 0, 0, 1, 0, 1, 0, 1, 0, 1, 1]"
172,L2_arctic_WAV/ASI_arctic_a0032,"[46, 24, 55, 46, 63, 52, 55, 46, 8, 68, 68, 24, 46, 3, 24, 50, 49, 8, 46, 54, 40, 50, 46, 67, 64, 70, 37, 24, 55, 54, 56, 3, 24, 10, 8, 46, 64, 3, 52, 39, 50, 49, 46, 3, 52, 48]","[46, 24, 55, 46, 58, 52, 4, 46, 8, 68, 68, 24, 46, 3, 24, 66, 49, 8, 46, 54, 40, 50, 46, 67, 64, 70, 37, 49, 55, 54, 56, 25, 24, 10, 8, 46, 64, 25, 52, 36, 50, 49, 46, 3, 52, 48]","[1, 1, 1, 1, 0, 1, 0, 1, 1, 1, 1, 1, 1, 1, 1, 0, 1, 1, 1, 1, 1, 1, 1, 1, 1, 1, 1, 0, 1, 1, 1, 0, 1, 1, 1, 1, 1, 0, 1, 0, 1, 1, 1, 1, 1, 1]","[0, 0, 0, 0, 1, 0, 1, 0, 0, 0, 0, 0, 0, 0, 0, 1, 0, 0, 0, 0, 0, 0, 0, 0, 0, 0, 0, 1, 0, 0, 0, 1, 0, 0, 0, 0, 0, 1, 0, 1, 0, 0, 0, 0, 0, 0]"
173,L2_arctic_WAV/ASI_arctic_a0036,"[9, 49, 3, 7, 55, 58, 24, 55, 64, 3, 63, 8, 67, 14, 3, 52, 30]","[9, 49, 25, 7, 4, 58, 24, 4, 64, 25, 58, 8, 67, 14, 3, 52, 38]","[1, 1, 0, 1, 0, 1, 1, 0, 1, 0, 0, 1, 1, 1, 1, 1, 0]","[0, 0, 1, 0, 1, 0, 0, 1, 0, 1, 1, 0, 0, 0, 0, 0, 1]"
174,L2_arctic_WAV/ASI_arctic_a0037,"[56, 36, 8, 70, 63, 8, 14, 55, 30, 49, 36, 8, 55, 67, 6, 50, 24, 68, 60, 55, 58, 46, 24, 3, 24, 10]","[56, 36, 8, 70, 58, 8, 14, 55, 30, 49, 36, 20, 55, 67, 6, 66, 24, 68, 60, 55, 58, 46, 49, 25, 24, 10]","[1, 1, 1, 1, 0, 1, 1, 1, 1, 1, 1, 0, 1, 1, 1, 0, 1, 1, 1, 1, 1, 1, 0, 0, 1, 1]","[0, 0, 0, 0, 1, 0, 0, 0, 0, 0, 0, 1, 0, 0, 0, 1, 0, 0, 0, 0, 0, 0, 1, 1, 0, 0]"
175,L2_arctic_WAV/ASI_arctic_a0038,"[36, 24, 30, 67, 64, 39, 3, 6, 36, 17, 35, 17, 50, 35, 64, 55, 46, 24, 70]","[36, 49, 38, 67, 64, 54, 25, 6, 36, 17, 35, 20, 35, 20, 55, 46, 24, 46]","[1, 0, 0, 1, 1, 0, 0, 1, 1, 1, 1, 0, 0, 1, 0, 1, 1, 1, 0]","[0, 1, 1, 0, 0, 1, 1, 0, 0, 0, 0, 1, 1, 0, 1, 0, 0, 0, 1]"
176,L2_arctic_WAV/ASI_arctic_a0039,"[63, 8, 9, 24, 48, 9, 31, 58, 37, 49, 24, 55, 36, 24, 63, 24, 55, 8, 36, 49, 28, 40, 50, 3, 52, 55, 58, 60, 70]","[58, 8, 9, 24, 48, 9, 6, 12, 37, 49, 24, 4, 39, 24, 58, 24, 55, 8, 65, 49, 28, 40, 50, 25, 52, 4, 58, 60, 46]","[0, 1, 1, 1, 1, 1, 0, 0, 1, 1, 1, 0, 0, 1, 0, 1, 1, 1, 0, 1, 1, 1, 1, 0, 1, 0, 1, 1, 0]","[1, 0, 0, 0, 0, 0, 1, 1, 0, 0, 0, 1, 1, 0, 1, 0, 0, 0, 1, 0, 0, 0, 0, 1, 0, 1, 0, 0, 1]"
177,L2_arctic_WAV/ASI_arctic_a0040,"[56, 46, 8, 48, 14, 70, 29, 6, 36, 8, 55, 58, 7, 36, 56, 9, 49, 24, 70, 28, 8, 68, 24, 10, 8, 48, 67, 49, 50]","[56, 46, 8, 37, 14, 70, 29, 6, 36, 8, 4, 58, 7, 36, 56, 9, 49, 49, 46, 59, 8, 68, 24, 10, 8, 48, 67, 49, 8]","[1, 1, 1, 0, 1, 1, 1, 1, 1, 1, 0, 1, 1, 1, 1, 1, 1, 0, 0, 0, 1, 1, 1, 1, 1, 1, 1, 1, 0]","[0, 0, 0, 1, 0, 0, 0, 0, 0, 0, 1, 0, 0, 0, 0, 0, 0, 1, 1, 1, 0, 0, 0, 0, 0, 0, 0, 0, 1]"
178,L2_arctic_WAV/ASI_arctic_a0041,"[68, 49, 55, 36, 56, 30, 56, 30, 59, 14, 15, 3, 3, 6, 37, 50, 49, 63, 8, 46, 48, 52, 30]","[68, 49, 55, 36, 56, 38, 56, 38, 59, 14, 15, 3, 25, 6, 37, 50, 32, 58, 8, 46, 48, 52, 38]","[1, 1, 1, 1, 1, 0, 1, 0, 1, 1, 1, 1, 0, 1, 1, 1, 0, 0, 1, 1, 1, 1, 0]","[0, 0, 0, 0, 0, 1, 0, 1, 0, 0, 0, 0, 1, 0, 0, 0, 1, 1, 0, 0, 0, 0, 1]"
179,L2_arctic_WAV/ASI_arctic_a0042,"[67, 15, 28, 31, 58, 67, 49, 24, 28, 46, 48, 30, 60, 55, 67, 24, 70, 48, 8, 70, 52, 9, 8, 55, 8, 39, 63, 8, 46, 28, 52, 35]","[67, 15, 59, 31, 12, 67, 49, 24, 28, 46, 48, 30, 60, 4, 67, 24, 46, 48, 8, 70, 52, 9, 8, 55, 40, 39, 58, 8, 46, 28, 52, 35]","[1, 1, 0, 1, 0, 1, 1, 1, 1, 1, 1, 1, 1, 0, 1, 1, 0, 1, 1, 1, 1, 1, 1, 1, 0, 1, 0, 1, 1, 1, 1, 1]","[0, 0, 1, 0, 1, 0, 0, 0, 0, 0, 0, 0, 0, 1, 0, 0, 1, 0, 0, 0, 0, 0, 0, 0, 1, 0, 1, 0, 0, 0, 0, 0]"
180,L2_arctic_WAV/ASI_arctic_a0045,"[67, 49, 68, 6, 39, 58, 8, 36, 60, 64, 70, 28, 36, 56, 8, 3, 30, 49, 64, 70, 67, 49, 67, 64, 58, 28, 8, 68]","[67, 49, 68, 6, 36, 12, 8, 36, 60, 64, 46, 28, 36, 56, 8, 25, 30, 49, 64, 70, 67, 49, 67, 64, 12, 59, 8, 68]","[1, 1, 1, 1, 0, 0, 1, 1, 1, 1, 0, 1, 1, 1, 1, 0, 1, 1, 1, 1, 1, 1, 1, 1, 0, 0, 1, 1]","[0, 0, 0, 0, 1, 1, 0, 0, 0, 0, 1, 0, 0, 0, 0, 1, 0, 0, 0, 0, 0, 0, 0, 0, 1, 1, 0, 0]"
181,L2_arctic_WAV/ASI_arctic_a0046,"[63, 8, 59, 7, 30, 54, 60, 46, 3, 67, 24, 68, 67, 7, 56, 70, 9, 56, 55, 24, 10, 36, 24, 22, 46, 8, 58, 8, 55, 54, 24, 50]","[58, 8, 59, 8, 38, 54, 60, 46, 3, 67, 24, 68, 67, 7, 56, 70, 9, 56, 55, 24, 10, 36, 24, 3, 46, 8, 12, 8, 55, 54, 24, 8]","[0, 1, 1, 0, 0, 1, 1, 1, 1, 1, 1, 1, 1, 1, 1, 1, 1, 1, 1, 1, 1, 1, 1, 0, 1, 1, 0, 1, 1, 1, 1, 0]","[1, 0, 0, 1, 1, 0, 0, 0, 0, 0, 0, 0, 0, 0, 0, 0, 0, 0, 0, 0, 0, 0, 0, 1, 0, 0, 1, 0, 0, 0, 0, 1]"
182,L2_arctic_WAV/ASI_arctic_a0047,"[28, 30, 14, 46, 37, 24, 46, 56, 58, 67, 24, 68, 59, 30, 49, 68, 58, 63, 8, 36, 56, 3, 54, 64, 10, 70, 8, 39, 63, 8, 36, 31, 30, 54, 58, 40, 59]","[59, 30, 14, 70, 37, 24, 46, 56, 12, 67, 24, 68, 59, 30, 49, 68, 58, 58, 8, 36, 56, 25, 54, 64, 10, 46, 8, 39, 58, 8, 36, 6, 38, 54, 58, 40, 28]","[0, 1, 1, 0, 1, 1, 1, 1, 0, 1, 1, 1, 1, 1, 1, 1, 1, 0, 1, 1, 1, 0, 1, 1, 1, 0, 1, 1, 0, 1, 1, 0, 0, 1, 1, 1, 0]","[1, 0, 0, 1, 0, 0, 0, 0, 1, 0, 0, 0, 0, 0, 0, 0, 0, 1, 0, 0, 0, 1, 0, 0, 0, 1, 0, 0, 1, 0, 0, 1, 1, 0, 0, 0, 1]"
183,L2_arctic_WAV/ASI_arctic_a0048,"[67, 49, 30, 31, 28, 3, 64, 3, 63, 8, 67, 64, 10, 28, 7, 35, 24, 54, 68, 40, 50, 28, 30, 14, 46, 30, 49]","[67, 49, 30, 6, 28, 3, 64, 25, 58, 8, 67, 64, 10, 28, 7, 35, 24, 54, 68, 40, 66, 28, 30, 14, 46, 30, 49]","[1, 1, 1, 0, 1, 1, 1, 0, 0, 1, 1, 1, 1, 1, 1, 1, 1, 1, 1, 1, 0, 1, 1, 1, 1, 1, 1]","[0, 0, 0, 1, 0, 0, 0, 1, 1, 0, 0, 0, 0, 0, 0, 0, 0, 0, 0, 0, 1, 0, 0, 0, 0, 0, 0]"
184,L2_arctic_WAV/ASI_arctic_a0051,"[63, 8, 30, 60, 46, 36, 17, 70, 8, 39, 8, 58, 52, 30, 8, 28, 8, 3, 56, 39, 7, 49, 28, 8, 30, 7, 54, 60, 55, 3, 30, 49, 3, 24, 55, 3, 24, 58, 36, 24, 63, 29, 52, 30, 14]","[58, 8, 30, 60, 46, 36, 17, 46, 40, 39, 8, 12, 52, 30, 8, 28, 8, 25, 56, 36, 23, 49, 59, 8, 30, 23, 54, 60, 4, 3, 30, 49, 3, 24, 4, 3, 24, 12, 36, 24, 58, 29, 52, 30, 14]","[0, 1, 1, 1, 1, 1, 1, 0, 0, 1, 1, 0, 1, 1, 1, 1, 1, 0, 1, 0, 0, 1, 0, 1, 1, 0, 1, 1, 0, 1, 1, 1, 1, 1, 0, 1, 1, 0, 1, 1, 0, 1, 1, 1, 1]","[1, 0, 0, 0, 0, 0, 0, 1, 1, 0, 0, 1, 0, 0, 0, 0, 0, 1, 0, 1, 1, 0, 1, 0, 0, 1, 0, 0, 1, 0, 0, 0, 0, 0, 1, 0, 0, 1, 0, 0, 1, 0, 0, 0, 0]"
185,L2_arctic_WAV/ASI_arctic_a0052,"[24, 3, 36, 8, 70, 8, 28, 29, 31, 50, 49, 8, 46, 28, 14, 24, 55, 46, 24, 58, 8, 55, 46]","[24, 25, 36, 8, 70, 8, 28, 29, 31, 50, 49, 8, 46, 28, 14, 24, 55, 46, 24, 58, 32, 55, 46]","[1, 0, 1, 1, 1, 1, 1, 1, 1, 1, 1, 1, 1, 1, 1, 1, 1, 1, 1, 1, 0, 1, 1]","[0, 1, 0, 0, 0, 0, 0, 0, 0, 0, 0, 0, 0, 0, 0, 0, 0, 0, 0, 0, 1, 0, 0]"
186,L2_arctic_WAV/ASI_arctic_a0053,"[46, 8, 58, 8, 55, 30, 49, 67, 24, 70, 54, 24, 10, 59, 7, 70, 28, 30, 14, 70, 58, 3, 56, 3, 30, 49, 14, 39, 7, 63, 8, 67, 64, 10, 28, 7, 35, 24, 54]","[46, 20, 12, 8, 55, 30, 49, 67, 49, 46, 54, 49, 10, 59, 7, 46, 28, 30, 14, 46, 3, 25, 56, 25, 30, 49, 14, 36, 8, 58, 8, 67, 64, 10, 28, 7, 35, 24, 54]","[1, 0, 0, 1, 1, 1, 1, 1, 0, 0, 1, 0, 1, 1, 1, 0, 1, 1, 1, 0, 0, 1, 1, 0, 1, 1, 1, 0, 0, 0, 1, 1, 1, 1, 1, 1, 1, 1, 1]","[0, 1, 1, 0, 0, 0, 0, 0, 1, 1, 0, 1, 0, 0, 0, 1, 0, 0, 0, 1, 1, 1, 0, 1, 0, 0, 0, 1, 1, 1, 0, 0, 0, 0, 0, 0, 0, 0, 0]"
187,L2_arctic_WAV/ASI_arctic_a0054,"[63, 52, 50, 36, 17, 70, 55, 8, 22, 24, 10, 40, 55, 63, 8, 50, 17, 28]","[58, 52, 66, 36, 17, 70, 55, 8, 25, 24, 10, 40, 55, 58, 8, 50, 17, 28]","[0, 1, 0, 1, 1, 1, 1, 1, 0, 1, 1, 1, 1, 0, 1, 1, 1, 1]","[1, 0, 1, 0, 0, 0, 0, 0, 1, 0, 0, 0, 0, 1, 0, 0, 0, 0]"
188,L2_arctic_WAV/ASI_arctic_a0058,"[56, 28, 60, 68, 54, 40, 50, 24, 55, 54, 40, 50, 68, 60, 9, 8, 55, 68, 40, 50, 15, 3, 8, 39, 28, 29, 31, 50, 49, 17, 46, 8, 3, 49, 63, 8, 55, 52, 55, 49, 22, 24, 10, 52, 30, 46]","[56, 59, 60, 68, 54, 40, 66, 24, 55, 54, 40, 68, 60, 9, 8, 55, 68, 40, 66, 15, 25, 40, 39, 28, 29, 31, 50, 49, 17, 46, 8, 25, 49, 58, 8, 55, 52, 55, 49, 3, 24, 10, 52, 38, 46]","[1, 0, 1, 1, 1, 1, 0, 1, 1, 1, 1, 0, 1, 1, 1, 1, 1, 1, 1, 0, 1, 0, 0, 1, 1, 1, 1, 1, 1, 1, 1, 1, 0, 1, 0, 1, 1, 1, 1, 1, 0, 1, 1, 1, 0, 1]","[0, 1, 0, 0, 0, 0, 1, 0, 0, 0, 0, 1, 0, 0, 0, 0, 0, 0, 0, 1, 0, 1, 1, 0, 0, 0, 0, 0, 0, 0, 0, 0, 1, 0, 1, 0, 0, 0, 0, 0, 1, 0, 0, 0, 1, 0]"
189,L2_arctic_WAV/ASI_arctic_a0059,"[67, 24, 70, 24, 68, 64, 28, 29, 6, 30, 24, 3, 8, 48, 24, 50, 8, 55, 46, 36, 8, 70, 59, 40, 55]","[67, 49, 70, 24, 68, 64, 28, 29, 6, 30, 24, 25, 8, 37, 24, 66, 8, 55, 46, 36, 8, 70, 59, 40, 55]","[1, 0, 1, 1, 1, 1, 1, 1, 1, 1, 1, 0, 1, 0, 1, 0, 1, 1, 1, 1, 1, 1, 1, 1, 1]","[0, 1, 0, 0, 0, 0, 0, 0, 0, 0, 0, 1, 0, 1, 0, 1, 0, 0, 0, 0, 0, 0, 0, 0, 0]"
190,L2_arctic_WAV/ASI_arctic_a0060,"[52, 55, 49, 36, 60, 55, 14, 36, 8, 55, 46, 40, 67, 7, 30, 56, 28, 63, 64, 3]","[52, 55, 49, 36, 11, 55, 14, 36, 8, 55, 46, 40, 67, 8, 30, 56, 28, 58, 64, 3]","[1, 1, 1, 1, 0, 1, 1, 1, 1, 1, 1, 1, 1, 0, 1, 1, 1, 0, 1, 1]","[0, 0, 0, 0, 1, 0, 0, 0, 0, 0, 0, 0, 0, 1, 0, 0, 0, 1, 0, 0]"
191,L2_arctic_WAV/ASI_arctic_a0062,"[63, 8, 68, 52, 55, 46, 3, 52, 50, 58, 24, 55, 3, 6, 49, 35, 8, 63, 7, 70, 54, 60, 46]","[58, 8, 68, 52, 55, 46, 3, 52, 12, 24, 4, 25, 6, 49, 35, 8, 63, 8, 46, 54, 60, 46]","[0, 1, 1, 1, 1, 1, 1, 1, 0, 0, 1, 0, 0, 1, 1, 1, 1, 1, 0, 0, 1, 1, 1]","[1, 0, 0, 0, 0, 0, 0, 0, 1, 1, 0, 1, 1, 0, 0, 0, 0, 0, 1, 1, 0, 0, 0]"
192,L2_arctic_WAV/ASI_arctic_a0063,"[29, 52, 46, 24, 3, 36, 8, 70, 8, 68, 64, 55, 67, 6, 64, 46, 3, 8, 46, 3, 50, 60, 55, 69, 7]","[29, 52, 46, 24, 25, 36, 8, 70, 8, 68, 64, 4, 67, 6, 20, 46, 3, 8, 46, 3, 66, 60, 55, 69, 8]","[1, 1, 1, 1, 0, 1, 1, 1, 1, 1, 1, 0, 1, 1, 0, 1, 1, 1, 1, 1, 0, 1, 1, 1, 0]","[0, 0, 0, 0, 1, 0, 0, 0, 0, 0, 0, 1, 0, 0, 1, 0, 0, 0, 0, 0, 1, 0, 0, 0, 1]"
193,L2_arctic_WAV/ASI_arctic_a0064,"[63, 8, 54, 40, 50, 22, 8, 55, 58, 54, 24, 22, 58, 60, 70, 48, 64, 46, 3, 36, 24, 63, 15, 3, 52, 55, 49, 58, 24, 39, 52, 30, 8, 48, 68, 8, 55, 3, 46]","[58, 8, 54, 40, 3, 8, 4, 58, 54, 24, 54, 58, 60, 46, 37, 17, 46, 3, 36, 24, 58, 15, 25, 52, 4, 49, 12, 52, 36, 52, 30, 40, 48, 68, 8, 55, 3, 46]","[0, 1, 1, 1, 0, 0, 1, 0, 1, 1, 1, 0, 1, 1, 0, 0, 0, 1, 1, 1, 1, 0, 1, 0, 1, 0, 1, 0, 0, 0, 1, 1, 0, 1, 1, 1, 1, 1, 1]","[1, 0, 0, 0, 1, 1, 0, 1, 0, 0, 0, 1, 0, 0, 1, 1, 1, 0, 0, 0, 0, 1, 0, 1, 0, 1, 0, 1, 1, 1, 0, 0, 1, 0, 0, 0, 0, 0, 0]"
194,L2_arctic_WAV/ASI_arctic_a0065,"[63, 60, 28, 30, 14, 70, 58, 55, 15, 8, 55, 3, 24, 30, 67, 24, 70, 54, 24, 10, 59, 7, 70, 36, 7, 30, 56, 28, 28, 40, 50, 58, 70, 8, 39, 46, 3, 49, 30]","[58, 60, 59, 30, 14, 70, 58, 4, 15, 8, 4, 3, 24, 38, 24, 46, 54, 24, 10, 59, 8, 70, 36, 8, 30, 56, 28, 28, 40, 50, 58, 46, 40, 39, 46, 3, 49, 38]","[0, 1, 0, 1, 1, 1, 1, 0, 1, 1, 0, 1, 1, 0, 0, 1, 0, 1, 1, 1, 1, 0, 1, 1, 0, 1, 1, 1, 1, 1, 1, 1, 0, 0, 1, 1, 1, 1, 0]","[1, 0, 1, 0, 0, 0, 0, 1, 0, 0, 1, 0, 0, 1, 1, 0, 1, 0, 0, 0, 0, 1, 0, 0, 1, 0, 0, 0, 0, 0, 0, 0, 1, 1, 0, 0, 0, 0, 1]"
195,L2_arctic_WAV/ASI_arctic_a0067,"[9, 31, 50, 30, 49, 56, 36, 8, 30, 24, 28, 46, 28, 29, 6, 70, 29, 6, 9, 49, 28, 50, 56, 58]","[9, 34, 50, 30, 49, 56, 36, 49, 38, 24, 28, 46, 28, 29, 6, 70, 29, 6, 9, 49, 28, 66, 56, 58]","[1, 0, 1, 1, 1, 1, 1, 0, 0, 1, 1, 1, 1, 1, 1, 1, 1, 1, 1, 1, 1, 0, 1, 1]","[0, 1, 0, 0, 0, 0, 0, 1, 1, 0, 0, 0, 0, 0, 0, 0, 0, 0, 0, 0, 0, 1, 0, 0]"
196,L2_arctic_WAV/ASI_arctic_a0071,"[36, 8, 3, 36, 8, 70, 63, 8, 17, 37, 69, 52, 28, 3, 8, 39, 29, 31, 50, 30, 24, 3, 8, 30, 46, 52, 55, 46, 60, 9, 8, 55]","[36, 8, 25, 36, 8, 70, 58, 8, 17, 37, 13, 52, 28, 3, 40, 39, 29, 31, 50, 30, 24, 25, 8, 38, 46, 52, 55, 46, 60, 9, 8, 55]","[1, 1, 0, 1, 1, 1, 0, 1, 1, 1, 0, 1, 1, 1, 0, 1, 1, 1, 1, 1, 1, 0, 1, 0, 1, 1, 1, 1, 1, 1, 1, 1]","[0, 0, 1, 0, 0, 0, 1, 0, 0, 0, 1, 0, 0, 0, 1, 0, 0, 0, 0, 0, 0, 1, 0, 1, 0, 0, 0, 0, 0, 0, 0, 0]"
197,L2_arctic_WAV/ASI_arctic_a0073,"[63, 8, 48, 50, 8, 68, 14, 3, 7, 70, 56, 70, 36, 7, 67, 52, 39, 49, 36, 24, 63, 30, 24, 3, 8, 30, 48, 8, 54, 49, 37, 64, 59, 70, 8, 55, 58, 7, 63, 52, 68]","[58, 8, 48, 66, 8, 68, 14, 25, 8, 46, 56, 70, 36, 8, 67, 52, 36, 49, 36, 49, 58, 30, 49, 25, 8, 30, 37, 20, 54, 49, 37, 64, 59, 46, 20, 4, 58, 8, 58, 52, 68]","[0, 1, 1, 0, 1, 1, 1, 0, 0, 0, 1, 1, 1, 0, 1, 1, 0, 1, 1, 0, 0, 1, 0, 0, 1, 1, 0, 0, 1, 1, 1, 1, 1, 0, 0, 0, 1, 0, 0, 1, 1]","[1, 0, 0, 1, 0, 0, 0, 1, 1, 1, 0, 0, 0, 1, 0, 0, 1, 0, 0, 1, 1, 0, 1, 1, 0, 0, 1, 1, 0, 0, 0, 0, 0, 1, 1, 1, 0, 1, 1, 0, 0]"
198,L2_arctic_WAV/ASI_arctic_a0075,"[63, 52, 50, 67, 64, 70, 37, 24, 55, 8, 35, 60, 55, 69, 9, 49, 24, 55, 3, 7, 8, 48, 3, 24, 58, 67, 24, 68]","[58, 52, 66, 67, 20, 70, 37, 49, 55, 8, 35, 11, 55, 69, 9, 49, 24, 4, 25, 23, 8, 48, 3, 24, 12, 67, 24, 68]","[0, 1, 0, 1, 0, 1, 1, 0, 1, 1, 1, 0, 1, 1, 1, 1, 1, 0, 0, 0, 1, 1, 1, 1, 0, 1, 1, 1]","[1, 0, 1, 0, 1, 0, 0, 1, 0, 0, 0, 1, 0, 0, 0, 0, 0, 1, 1, 1, 0, 0, 0, 0, 1, 0, 0, 0]"
199,L2_arctic_WAV/ASI_arctic_a0076,"[63, 8, 59, 50, 60, 56, 70, 54, 17, 30, 3, 7, 58, 63, 8, 54, 30, 8, 9, 58, 49, 48, 8, 55, 58]","[58, 8, 59, 66, 60, 56, 46, 54, 17, 38, 25, 7, 12, 58, 8, 54, 30, 8, 9, 58, 49, 48, 8, 4, 58]","[0, 1, 1, 0, 1, 1, 0, 1, 1, 0, 0, 1, 1, 0, 1, 1, 1, 1, 1, 1, 1, 1, 1, 0, 1]","[1, 0, 0, 1, 0, 0, 1, 0, 0, 1, 1, 0, 1, 1, 0, 0, 0, 0, 0, 0, 0, 0, 0, 1, 0]"
200,L2_arctic_WAV/ASI_arctic_a0077,"[24, 3, 24, 70, 63, 8, 54, 56, 50, 48, 17, 50, 3, 30, 49, 9, 49, 46, 52, 58]","[24, 3, 24, 70, 63, 8, 54, 56, 50, 48, 17, 50, 3, 30, 49, 9, 49, 46, 52, 58]","[1, 1, 1, 1, 1, 1, 1, 1, 1, 1, 1, 1, 1, 1, 1, 1, 1, 1, 1, 1]","[0, 0, 0, 0, 0, 0, 0, 0, 0, 0, 0, 0, 0, 0, 0, 0, 0, 0, 0, 0]"
201,L2_arctic_WAV/ASI_arctic_a0078,"[63, 52, 55, 64, 55, 58, 64, 3, 46, 8, 48, 7, 67, 49, 3, 50, 56, 58, 3, 6, 54, 64, 63, 8, 68, 67, 7]","[63, 52, 55, 64, 58, 8, 46, 8, 48, 7, 67, 49, 3, 50, 56, 3, 6, 54, 64, 63, 8, 68, 67, 8]","[1, 1, 1, 1, 0, 1, 0, 0, 1, 1, 1, 1, 1, 1, 1, 1, 1, 0, 1, 1, 1, 1, 1, 1, 1, 1, 0]","[0, 0, 0, 0, 1, 0, 1, 1, 0, 0, 0, 0, 0, 0, 0, 0, 0, 1, 0, 0, 0, 0, 0, 0, 0, 0, 1]"
202,L2_arctic_WAV/ASI_arctic_a0079,"[24, 3, 36, 8, 70, 8, 30, 17, 50, 69, 28, 8, 55, 6]","[24, 3, 36, 8, 70, 8, 30, 17, 35, 28, 8, 55, 6, 24]","[1, 1, 1, 1, 1, 1, 1, 1, 0, 0, 1, 1, 1, 1]","[0, 0, 0, 0, 0, 0, 0, 0, 1, 1, 0, 0, 0, 0]"
203,L2_arctic_WAV/ASI_arctic_a0081,"[67, 36, 8, 3, 24, 54, 9, 49, 58, 24, 58, 55, 17, 3, 28, 8, 68, 3, 6, 63, 8, 50, 17, 28]","[67, 36, 8, 3, 24, 54, 9, 49, 58, 24, 58, 55, 40, 3, 28, 8, 68, 3, 6, 63, 8, 50, 40, 28]","[1, 1, 1, 1, 1, 1, 1, 1, 1, 1, 1, 1, 0, 1, 1, 1, 1, 1, 1, 1, 1, 1, 0, 1]","[0, 0, 0, 0, 0, 0, 0, 0, 0, 0, 0, 0, 1, 0, 0, 0, 0, 0, 0, 0, 0, 0, 1, 0]"
204,L2_arctic_WAV/ASI_arctic_a0082,"[67, 24, 70, 54, 60, 46, 36, 8, 70, 46, 3, 50, 49, 68, 24, 10, 36, 24, 63, 37, 30, 8, 58]","[67, 24, 46, 54, 52, 46, 36, 8, 46, 46, 3, 50, 49, 68, 24, 10, 36, 24, 63, 37, 30, 8, 58]","[1, 1, 0, 1, 0, 1, 1, 1, 0, 1, 1, 1, 1, 1, 1, 1, 1, 1, 1, 1, 1, 1, 1]","[0, 0, 1, 0, 1, 0, 0, 0, 1, 0, 0, 0, 0, 0, 0, 0, 0, 0, 0, 0, 0, 0, 0]"
205,L2_arctic_WAV/ASI_arctic_a0085,"[8, 3, 50, 24, 28, 8, 30, 8, 39, 54, 50, 52, 9, 37, 30, 8, 58, 50, 64, 55, 14, 39, 7, 67, 24, 70, 54, 60, 46]","[8, 3, 50, 24, 59, 8, 30, 8, 54, 54, 50, 52, 9, 37, 30, 8, 58, 50, 64, 55, 14, 39, 8, 67, 24, 70, 54, 60, 46]","[1, 1, 1, 1, 0, 1, 1, 1, 0, 1, 1, 1, 1, 1, 1, 1, 1, 1, 1, 1, 1, 1, 0, 1, 1, 1, 1, 1, 1]","[0, 0, 0, 0, 1, 0, 0, 0, 1, 0, 0, 0, 0, 0, 0, 0, 0, 0, 0, 0, 0, 0, 1, 0, 0, 0, 0, 0, 0]"
206,L2_arctic_WAV/ASI_arctic_a0086,"[58, 52, 22, 67, 64, 58, 28, 8, 68, 36, 24, 22, 3, 52, 50, 8, 37, 8, 30, 46, 8, 58, 8, 55, 55, 8, 46]","[58, 52, 22, 67, 64, 58, 28, 8, 68, 36, 24, 3, 52, 50, 8, 37, 8, 30, 46, 8, 58, 8, 55, 55, 8, 46]","[1, 1, 1, 1, 1, 1, 1, 1, 1, 1, 1, 0, 1, 1, 1, 1, 1, 1, 1, 1, 1, 1, 1, 1, 1, 1, 1]","[0, 0, 0, 0, 0, 0, 0, 0, 0, 0, 0, 1, 0, 0, 0, 0, 0, 0, 0, 0, 0, 0, 0, 0, 0, 0, 0]"
207,L2_arctic_WAV/ASI_arctic_a0088,"[67, 49, 68, 60, 58, 9, 31, 50, 63, 64, 3, 63, 8, 68, 64, 59, 8, 70, 49, 55, 36, 8, 70, 30, 14, 58, 8, 58, 64, 55, 58, 50, 24, 70, 6, 68, 58, 67, 24, 70, 48, 64, 58, 30, 24, 10]","[67, 49, 68, 52, 61, 9, 31, 63, 64, 63, 8, 68, 64, 59, 8, 70, 49, 55, 36, 8, 70, 30, 40, 58, 8, 58, 64, 55, 50, 24, 70, 29, 6, 68, 58, 67, 24, 70, 48, 64, 58, 30, 24, 10]","[1, 1, 1, 0, 0, 1, 1, 0, 1, 1, 0, 1, 1, 1, 1, 1, 1, 1, 1, 1, 1, 1, 1, 1, 0, 1, 1, 1, 1, 1, 0, 1, 1, 1, 1, 1, 1, 1, 1, 1, 1, 1, 1, 1, 1, 1]","[0, 0, 0, 1, 1, 0, 0, 1, 0, 0, 1, 0, 0, 0, 0, 0, 0, 0, 0, 0, 0, 0, 0, 0, 1, 0, 0, 0, 0, 0, 1, 0, 0, 0, 0, 0, 0, 0, 0, 0, 0, 0, 0, 0, 0, 0]"
208,L2_arctic_WAV/ASI_arctic_a0089,"[63, 8, 55, 56, 3, 59, 30, 14, 36, 8, 70, 3, 50, 52, 35, 7, 8, 46, 3, 6, 9, 6, 3, 37, 56]","[63, 8, 55, 56, 59, 30, 40, 36, 8, 46, 3, 50, 52, 35, 8, 50, 24, 8, 46, 3, 6, 9, 6, 37, 56]","[1, 1, 1, 1, 0, 1, 1, 0, 1, 1, 0, 1, 1, 1, 1, 0, 1, 1, 1, 1, 1, 1, 0, 1, 1]","[0, 0, 0, 0, 1, 0, 0, 1, 0, 0, 1, 0, 0, 0, 0, 1, 0, 0, 0, 0, 0, 0, 1, 0, 0]"
209,L2_arctic_WAV/ASI_arctic_a0090,"[63, 8, 46, 24, 10, 24, 10, 39, 57, 46, 8, 48, 50, 14, 35, 3, 50, 64, 48, 8, 58, 30, 49]","[63, 8, 46, 24, 10, 24, 10, 36, 57, 46, 8, 48, 66, 40, 35, 3, 66, 64, 48, 8, 58, 30, 49]","[1, 1, 1, 1, 1, 1, 1, 0, 1, 1, 1, 1, 0, 0, 1, 1, 0, 1, 1, 1, 1, 1, 1]","[0, 0, 0, 0, 0, 0, 0, 1, 0, 0, 0, 0, 1, 1, 0, 0, 1, 0, 0, 0, 0, 0, 0]"
210,L2_arctic_WAV/ASI_arctic_a0091,"[67, 24, 70, 37, 30, 8, 58, 59, 50, 6, 67, 17, 3, 36, 24, 22, 50, 60, 69, 64, 3, 63, 8, 22, 40, 3]","[67, 24, 70, 37, 30, 8, 58, 28, 50, 6, 67, 40, 3, 36, 24, 22, 50, 52, 35, 64, 63, 8, 3, 40, 3]","[1, 1, 1, 1, 1, 1, 1, 0, 1, 1, 1, 0, 1, 1, 1, 1, 1, 0, 0, 1, 0, 1, 1, 0, 1, 1]","[0, 0, 0, 0, 0, 0, 0, 1, 0, 0, 0, 1, 0, 0, 0, 0, 0, 1, 1, 0, 1, 0, 0, 1, 0, 0]"
211,L2_arctic_WAV/ASI_arctic_a0092,"[67, 49, 36, 52, 55, 3, 58, 15, 55, 24, 55, 68, 24, 58, 46, 3, 50, 49, 68, 46, 7, 35, 24, 10, 63, 8, 9, 64, 58, 14, 70, 8, 39, 37, 14, 22, 9, 40, 50, 70]","[67, 49, 36, 52, 55, 58, 15, 55, 24, 55, 68, 24, 58, 46, 3, 50, 49, 68, 46, 8, 35, 24, 10, 63, 8, 9, 64, 58, 31, 70, 8, 39, 37, 40, 61, 9, 40, 50, 46]","[1, 1, 1, 1, 1, 0, 1, 1, 1, 1, 1, 1, 1, 1, 1, 1, 1, 1, 1, 1, 0, 1, 1, 1, 1, 1, 1, 1, 1, 0, 1, 1, 1, 1, 0, 0, 1, 1, 1, 0]","[0, 0, 0, 0, 0, 1, 0, 0, 0, 0, 0, 0, 0, 0, 0, 0, 0, 0, 0, 0, 1, 0, 0, 0, 0, 0, 0, 0, 0, 1, 0, 0, 0, 0, 1, 1, 0, 0, 0, 1]"
212,L2_arctic_WAV/ASI_arctic_a0093,"[54, 50, 7, 8, 54, 31, 30, 68, 56, 55, 6, 3, 67, 49, 28, 50, 15, 35, 3, 64, 55, 58, 30, 24, 46, 8, 55, 58]","[54, 8, 50, 8, 54, 31, 30, 68, 8, 55, 24, 3, 67, 49, 28, 50, 15, 35, 3, 64, 55, 30, 24, 46, 8, 55, 58]","[1, 1, 0, 1, 1, 1, 1, 1, 0, 1, 0, 1, 1, 1, 1, 1, 1, 1, 1, 1, 1, 0, 1, 1, 1, 1, 1, 1]","[0, 1, 1, 0, 0, 0, 0, 0, 1, 0, 1, 0, 0, 0, 0, 0, 0, 0, 0, 0, 0, 1, 0, 0, 0, 0, 0, 0]"
213,L2_arctic_WAV/ASI_arctic_a0094,"[67, 49, 67, 64, 58, 37, 52, 50, 30, 49, 52, 55, 3, 7, 58, 63, 24, 46, 36, 24, 55, 67, 49, 46, 40, 63, 8, 59, 30, 14, 8, 39, 8, 54, 56, 50]","[67, 49, 64, 37, 52, 50, 30, 49, 52, 55, 58, 7, 61, 63, 24, 46, 36, 24, 55, 67, 49, 46, 40, 63, 8, 59, 30, 40, 8, 54, 8, 54, 56, 50]","[1, 1, 0, 1, 0, 1, 1, 1, 1, 1, 1, 1, 0, 1, 0, 1, 1, 1, 1, 1, 1, 1, 1, 1, 1, 1, 1, 1, 1, 0, 1, 0, 1, 1, 1, 1]","[0, 0, 1, 0, 1, 0, 0, 0, 0, 0, 0, 0, 1, 0, 1, 0, 0, 0, 0, 0, 0, 0, 0, 0, 0, 0, 0, 0, 0, 1, 0, 1, 0, 0, 0, 0]"
214,L2_arctic_WAV/ASI_arctic_a0095,"[8, 37, 24, 59, 28, 64, 55, 39, 8, 46, 3, 52, 55, 3, 36, 40, 70, 63, 8, 54, 7, 46, 3, 22, 24, 10, 3, 6, 28, 8, 68, 36, 24, 63, 24, 55, 67, 24, 70, 39, 24, 26, 8, 55]","[8, 37, 24, 28, 64, 55, 39, 8, 46, 3, 52, 55, 36, 40, 70, 63, 8, 54, 8, 46, 22, 24, 10, 58, 6, 28, 8, 68, 36, 24, 63, 24, 55, 67, 24, 70, 39, 24, 9, 8, 55]","[1, 1, 1, 0, 1, 1, 1, 1, 1, 1, 1, 1, 1, 0, 1, 1, 1, 1, 1, 1, 0, 1, 0, 1, 1, 1, 0, 1, 1, 1, 1, 1, 1, 1, 1, 1, 1, 1, 1, 1, 1, 0, 1, 1]","[0, 0, 0, 1, 0, 0, 0, 0, 0, 0, 0, 0, 0, 1, 0, 0, 0, 0, 0, 0, 1, 0, 1, 0, 0, 0, 1, 0, 0, 0, 0, 0, 0, 0, 0, 0, 0, 0, 0, 0, 0, 1, 0, 0]"
215,L2_arctic_WAV/ASI_arctic_a0096,"[48, 7, 67, 64, 48, 46, 9, 49, 67, 64, 58, 40, 50, 52, 58, 49, 68, 52, 3, 67, 67, 7, 54, 60, 3, 8, 30, 24, 3, 8, 30, 58, 49, 48, 7, 24, 55, 63, 8, 54, 40, 50, 8, 46, 3]","[48, 8, 50, 67, 64, 48, 46, 9, 49, 64, 58, 40, 30, 50, 52, 58, 49, 68, 52, 3, 67, 8, 50, 54, 60, 3, 8, 30, 24, 3, 8, 30, 58, 49, 48, 8, 24, 55, 63, 8, 54, 40, 50, 8, 46, 3]","[1, 0, 1, 1, 1, 1, 1, 1, 0, 1, 1, 1, 1, 1, 1, 1, 1, 1, 1, 1, 0, 0, 1, 1, 1, 1, 1, 1, 1, 1, 1, 1, 1, 1, 0, 1, 1, 1, 1, 1, 1, 1, 1, 1, 1]","[0, 1, 0, 0, 0, 0, 0, 0, 1, 0, 0, 0, 0, 0, 0, 0, 0, 0, 0, 0, 1, 1, 0, 0, 0, 0, 0, 0, 0, 0, 0, 0, 0, 0, 1, 0, 0, 0, 0, 0, 0, 0, 0, 0, 0]"
216,L2_arctic_WAV/ASI_arctic_a0097,"[63, 52, 55, 29, 6, 28, 8, 55, 7, 60, 55, 69, 29, 7, 46, 52, 30, 54, 28, 8, 68, 54, 7, 3, 8, 37, 30, 49, 8, 68, 8, 10, 63, 49, 70, 50, 14, 37, 70, 24, 55, 63, 8, 37, 14]","[58, 52, 55, 29, 6, 28, 8, 55, 8, 60, 55, 26, 29, 8, 46, 52, 30, 54, 28, 8, 68, 54, 7, 58, 52, 37, 30, 49, 8, 68, 8, 10, 63, 49, 46, 50, 40, 37, 70, 24, 55, 63, 8, 37, 14]","[0, 1, 1, 1, 1, 1, 1, 1, 0, 1, 1, 0, 1, 0, 1, 1, 1, 1, 1, 1, 1, 1, 1, 0, 0, 1, 1, 1, 1, 1, 1, 1, 1, 1, 0, 1, 0, 1, 1, 1, 1, 1, 1, 1, 1]","[1, 0, 0, 0, 0, 0, 0, 0, 1, 0, 0, 1, 0, 1, 0, 0, 0, 0, 0, 0, 0, 0, 0, 1, 1, 0, 0, 0, 0, 0, 0, 0, 0, 0, 1, 0, 1, 0, 0, 0, 0, 0, 0, 0, 0]"
217,L2_arctic_WAV/ASI_arctic_a0098,"[9, 64, 30, 56, 28, 64, 50, 49, 29, 6]","[9, 64, 30, 56, 28, 64, 50, 49, 29, 6]","[1, 1, 1, 1, 1, 1, 1, 1, 1, 1]","[0, 0, 0, 0, 0, 0, 0, 0, 0, 0]"
218,L2_arctic_WAV/ASI_arctic_a0099,"[8, 68, 64, 58, 55, 24, 10, 69, 57, 48, 15, 55, 58, 24, 58, 24, 55, 67, 24, 70, 37, 50, 60, 55]","[8, 68, 17, 61, 55, 24, 10, 69, 57, 48, 15, 55, 58, 24, 58, 24, 55, 24, 70, 37, 50, 60, 55]","[1, 1, 0, 0, 1, 1, 1, 1, 1, 1, 1, 1, 1, 1, 1, 1, 1, 0, 1, 1, 1, 1, 1, 1]","[0, 0, 1, 1, 0, 0, 0, 0, 0, 0, 0, 0, 0, 0, 0, 0, 0, 1, 0, 0, 0, 0, 0, 0]"
219,L2_arctic_WAV/ASI_arctic_a0100,"[29, 6, 68, 8, 46, 3, 46, 30, 49, 48, 67, 49, 7, 69, 58]","[29, 6, 68, 8, 46, 46, 30, 49, 48, 67, 49, 8, 35, 3]","[1, 1, 1, 1, 1, 0, 1, 1, 1, 1, 1, 1, 0, 0, 0]","[0, 0, 0, 0, 0, 1, 0, 0, 0, 0, 0, 0, 1, 1, 1]"
220,L2_arctic_WAV/ASI_arctic_a0101,"[29, 6, 29, 6, 36, 31, 58, 55, 17, 3, 28, 49, 48, 63, 8, 3, 50, 6, 22, 54, 50, 8, 68, 68, 49]","[29, 6, 29, 6, 36, 31, 58, 55, 17, 3, 28, 49, 48, 63, 8, 3, 50, 6, 3, 54, 50, 8, 68, 68, 49]","[1, 1, 1, 1, 1, 1, 1, 1, 1, 1, 1, 1, 1, 1, 1, 1, 1, 1, 0, 1, 1, 1, 1, 1, 1]","[0, 0, 0, 0, 0, 0, 0, 0, 0, 0, 0, 0, 0, 0, 0, 0, 0, 0, 1, 0, 0, 0, 0, 0, 0]"
221,L2_arctic_WAV/ASI_arctic_a0102,"[67, 49, 36, 24, 30, 54, 17, 30, 14, 8, 46, 46, 6, 55]","[67, 49, 36, 24, 30, 54, 17, 30, 40, 8, 46, 46, 6, 55]","[1, 1, 1, 1, 1, 1, 1, 1, 0, 1, 1, 1, 1, 1]","[0, 0, 0, 0, 0, 0, 0, 0, 1, 0, 0, 0, 0, 0]"
222,L2_arctic_WAV/ASI_arctic_a0103,"[37, 8, 3, 63, 52, 50, 28, 60, 68, 55, 14, 48, 50, 17, 68, 8, 46, 54, 7, 68, 63, 8, 37, 14, 8, 39, 63, 8, 28, 8, 55, 6]","[37, 8, 58, 52, 50, 28, 52, 68, 55, 40, 48, 50, 17, 68, 8, 46, 54, 50, 8, 68, 58, 8, 37, 40, 8, 39, 63, 8, 28, 52, 55, 31]","[1, 1, 0, 0, 1, 1, 1, 0, 1, 1, 0, 1, 1, 1, 1, 1, 1, 1, 0, 1, 0, 1, 1, 0, 1, 1, 1, 1, 1, 0, 1, 0]","[0, 0, 1, 1, 0, 0, 0, 1, 0, 0, 1, 0, 0, 0, 0, 0, 0, 0, 1, 0, 1, 0, 0, 1, 0, 0, 0, 0, 0, 1, 0, 1]"
223,L2_arctic_WAV/ASI_arctic_a0104,"[9, 49, 36, 8, 70, 46, 30, 49, 48, 24, 10, 8, 55, 58, 7, 67, 24, 70, 48, 7, 3, 52, 28, 9, 8, 55, 64, 70, 46, 36, 49, 3, 30, 49, 64, 70, 8, 35, 56, 30, 58]","[9, 49, 36, 8, 46, 46, 30, 49, 48, 24, 10, 8, 55, 58, 8, 67, 24, 46, 48, 7, 3, 52, 28, 9, 8, 55, 64, 46, 46, 36, 49, 3, 30, 49, 64, 70, 8, 35, 56, 30, 58]","[1, 1, 1, 1, 0, 1, 1, 1, 1, 1, 1, 1, 1, 1, 0, 1, 1, 0, 1, 1, 1, 1, 1, 1, 1, 1, 1, 0, 1, 1, 1, 1, 1, 1, 1, 1, 1, 1, 1, 1, 1]","[0, 0, 0, 0, 1, 0, 0, 0, 0, 0, 0, 0, 0, 0, 1, 0, 0, 1, 0, 0, 0, 0, 0, 0, 0, 0, 0, 1, 0, 0, 0, 0, 0, 0, 0, 0, 0, 0, 0, 0, 0]"
224,L2_arctic_WAV/ASI_arctic_a0105,"[14, 55, 30, 49, 24, 3, 24, 70, 46, 14, 36, 8, 55, 58, 7, 54, 8, 30, 46, 14, 40, 30, 68, 14, 46, 3, 24, 68, 48, 17, 46, 8, 37, 8, 30, 3, 6, 37, 24, 30, 49, 39]","[40, 55, 30, 49, 24, 58, 24, 46, 46, 14, 36, 8, 55, 58, 8, 54, 8, 30, 46, 40, 40, 30, 68, 40, 46, 3, 24, 68, 48, 17, 46, 8, 37, 8, 30, 3, 6, 37, 24, 30, 49, 54]","[0, 1, 1, 1, 1, 0, 1, 0, 1, 1, 1, 1, 1, 1, 0, 1, 1, 1, 1, 0, 1, 1, 1, 0, 1, 1, 1, 1, 1, 1, 1, 1, 1, 1, 1, 1, 1, 1, 1, 1, 1, 0]","[1, 0, 0, 0, 0, 1, 0, 1, 0, 0, 0, 0, 0, 0, 1, 0, 0, 0, 0, 1, 0, 0, 0, 1, 0, 0, 0, 0, 0, 0, 0, 0, 0, 0, 0, 0, 0, 0, 0, 0, 0, 1]"
225,L2_arctic_WAV/ASI_arctic_a0106,"[63, 8, 24, 68, 14, 9, 8, 55, 36, 24, 35, 9, 49, 67, 64, 58, 46, 8, 48, 50, 52, 46, 3, 37, 7, 46, 3, 54, 40, 50, 22, 55, 15, 24, 55, 8, 35, 14, 28, 24, 10, 46, 17, 37]","[63, 8, 24, 68, 40, 9, 8, 55, 36, 24, 35, 9, 49, 67, 64, 46, 8, 48, 50, 52, 46, 3, 37, 8, 46, 3, 54, 40, 50, 22, 55, 15, 24, 55, 8, 35, 40, 28, 24, 10, 46, 40, 37]","[1, 1, 1, 1, 0, 1, 1, 1, 1, 1, 1, 1, 1, 1, 1, 0, 1, 1, 1, 1, 1, 1, 1, 1, 0, 1, 1, 1, 1, 1, 1, 1, 1, 1, 1, 1, 1, 0, 1, 1, 1, 1, 0, 1]","[0, 0, 0, 0, 1, 0, 0, 0, 0, 0, 0, 0, 0, 0, 0, 1, 0, 0, 0, 0, 0, 0, 0, 0, 1, 0, 0, 0, 0, 0, 0, 0, 0, 0, 0, 0, 0, 1, 0, 0, 0, 0, 1, 0]"
226,L2_arctic_WAV/ASI_arctic_a0107,"[24, 54, 29, 6, 14, 55, 30, 49, 28, 31, 58, 55, 14, 67, 15, 56, 22, 64, 10, 28, 29, 6]","[24, 54, 29, 6, 40, 55, 30, 49, 28, 31, 55, 40, 67, 15, 56, 22, 64, 10, 28, 29, 6]","[1, 1, 1, 1, 0, 1, 1, 1, 1, 1, 0, 1, 0, 1, 1, 1, 1, 1, 1, 1, 1, 1]","[0, 0, 0, 0, 1, 0, 0, 0, 0, 0, 1, 0, 1, 0, 0, 0, 0, 0, 0, 0, 0, 0]"
227,L2_arctic_WAV/ASI_arctic_a0108,"[67, 49, 36, 60, 58, 24, 58, 24, 55, 3, 6, 63, 49, 52, 69, 8, 39, 63, 8, 36, 40, 3, 7, 8, 55, 58, 37, 24, 59, 64, 55, 46, 28, 50, 8, 37, 24, 10, 67, 24, 68, 46, 52, 30, 54]","[67, 49, 36, 60, 58, 24, 58, 24, 55, 3, 6, 63, 49, 52, 35, 8, 39, 63, 8, 36, 40, 58, 50, 8, 55, 37, 24, 59, 64, 55, 46, 28, 50, 8, 37, 24, 10, 67, 24, 68, 46, 52, 30, 54]","[1, 1, 1, 1, 1, 1, 1, 1, 1, 1, 1, 1, 1, 1, 0, 1, 1, 1, 1, 1, 1, 0, 0, 1, 1, 0, 1, 1, 1, 1, 1, 1, 1, 1, 1, 1, 1, 1, 1, 1, 1, 1, 1, 1, 1]","[0, 0, 0, 0, 0, 0, 0, 0, 0, 0, 0, 0, 0, 0, 1, 0, 0, 0, 0, 0, 0, 1, 1, 0, 0, 1, 0, 0, 0, 0, 0, 0, 0, 0, 0, 0, 0, 0, 0, 0, 0, 0, 0, 0, 0]"
228,L2_arctic_WAV/ASI_arctic_a0109,"[58, 6, 29, 6, 55, 14, 63, 64, 3, 29, 6, 7, 9, 60, 28, 24, 10, 68, 56, 28, 17, 55, 54, 8, 58, 8, 55, 46, 24, 55, 29, 6]","[58, 6, 29, 6, 55, 40, 58, 64, 3, 29, 6, 8, 9, 52, 28, 24, 10, 68, 8, 28, 17, 55, 54, 8, 58, 8, 55, 46, 24, 55, 29, 6]","[1, 1, 1, 1, 1, 0, 0, 1, 1, 1, 1, 0, 1, 0, 1, 1, 1, 1, 0, 1, 1, 1, 1, 1, 1, 1, 1, 1, 1, 1, 1, 1]","[0, 0, 0, 0, 0, 1, 1, 0, 0, 0, 0, 1, 0, 1, 0, 0, 0, 0, 1, 0, 0, 0, 0, 0, 0, 0, 0, 0, 0, 0, 0, 0]"
229,L2_arctic_WAV/ASI_arctic_a0111,"[24, 55, 46, 3, 52, 58, 67, 49, 69, 57, 55, 58, 67, 7, 64, 55, 58, 63, 60, 60, 3, 30, 56, 28, 3, 6, 67, 8, 10, 59, 50, 49, 35, 24, 30, 58, 50, 8, 55]","[24, 55, 46, 3, 52, 67, 49, 69, 57, 55, 58, 67, 8, 64, 55, 58, 52, 52, 58, 30, 56, 3, 6, 67, 8, 10, 59, 50, 49, 35, 24, 30, 58, 50, 8, 55]","[1, 1, 1, 1, 1, 0, 1, 1, 1, 1, 1, 1, 1, 0, 1, 1, 1, 0, 0, 0, 0, 1, 1, 0, 1, 1, 1, 1, 1, 1, 1, 1, 1, 1, 1, 1, 1, 1, 1]","[0, 0, 0, 0, 0, 1, 0, 0, 0, 0, 0, 0, 0, 1, 0, 0, 0, 1, 1, 1, 1, 0, 0, 1, 0, 0, 0, 0, 0, 0, 0, 0, 0, 0, 0, 0, 0, 0, 0]"
230,L2_arctic_WAV/ASI_arctic_a0112,"[67, 49, 36, 8, 70, 36, 6, 55, 58, 8, 58, 24, 55, 63, 8, 17, 50, 68]","[67, 49, 36, 8, 70, 36, 6, 55, 58, 8, 58, 24, 55, 63, 8, 17, 68]","[1, 1, 1, 1, 1, 1, 1, 1, 1, 1, 1, 1, 1, 1, 1, 1, 0, 1]","[0, 0, 0, 0, 0, 0, 0, 0, 0, 0, 0, 0, 0, 0, 0, 0, 1, 0]"
231,L2_arctic_WAV/ASI_arctic_a0113,"[56, 46, 8, 48, 14, 70, 29, 6, 48, 24, 28, 3, 63, 64, 3, 30, 24, 10, 59, 14, 8, 48, 8, 68, 8, 10, 63, 8, 24, 55, 58, 49, 8, 55, 70]","[56, 46, 8, 48, 40, 70, 29, 6, 48, 24, 59, 12, 64, 3, 30, 24, 10, 59, 40, 8, 48, 8, 68, 8, 10, 63, 8, 24, 55, 58, 49, 8, 55, 46]","[1, 1, 1, 1, 0, 1, 1, 1, 1, 1, 0, 0, 0, 1, 1, 1, 1, 1, 1, 0, 1, 1, 1, 1, 1, 1, 1, 1, 1, 1, 1, 1, 1, 1, 0]","[0, 0, 0, 0, 1, 0, 0, 0, 0, 0, 1, 1, 1, 0, 0, 0, 0, 0, 0, 1, 0, 0, 0, 0, 0, 0, 0, 0, 0, 0, 0, 0, 0, 0, 1]"
232,L2_arctic_WAV/ASI_arctic_a0115,"[67, 49, 67, 64, 58, 55, 14, 24, 28, 46, 28, 29, 6, 70, 54, 40, 50, 63, 8, 54, 49, 30, 24, 10, 70, 36, 24, 35, 36, 7, 7, 15, 70, 58, 24, 55, 67, 24, 68]","[67, 49, 64, 55, 40, 52, 28, 46, 28, 29, 6, 46, 54, 40, 63, 8, 54, 49, 30, 24, 10, 46, 36, 24, 35, 36, 7, 7, 15, 70, 58, 24, 55, 67, 24, 68]","[1, 1, 0, 1, 0, 1, 0, 0, 1, 1, 1, 1, 1, 0, 1, 1, 0, 1, 1, 1, 1, 1, 1, 1, 0, 1, 1, 1, 1, 1, 1, 1, 1, 1, 1, 1, 1, 1, 1]","[0, 0, 1, 0, 1, 0, 1, 1, 0, 0, 0, 0, 0, 1, 0, 0, 1, 0, 0, 0, 0, 0, 0, 0, 1, 0, 0, 0, 0, 0, 0, 0, 0, 0, 0, 0, 0, 0, 0]"
233,L2_arctic_WAV/ASI_arctic_a0116,"[36, 40, 70, 24, 3, 63, 8, 50, 17, 55, 58, 24, 39, 6, 8, 39, 63, 14, 70, 67, 6, 36, 7, 46, 3, 50, 56, 39, 24, 10, 3, 8, 36, 7, 28, 67, 24, 70, 50, 6, 24, 55]","[36, 40, 70, 24, 58, 8, 50, 52, 55, 58, 52, 39, 31, 46, 8, 39, 63, 40, 70, 67, 6, 36, 8, 46, 3, 50, 56, 39, 24, 10, 3, 8, 36, 8, 28, 67, 24, 46, 50, 6, 24, 55]","[1, 1, 1, 1, 0, 0, 1, 1, 0, 1, 1, 0, 1, 0, 1, 1, 1, 0, 1, 1, 1, 1, 0, 1, 1, 1, 1, 1, 1, 1, 1, 1, 1, 0, 1, 1, 1, 0, 1, 1, 1, 1]","[0, 0, 0, 0, 1, 1, 0, 0, 1, 0, 0, 1, 0, 1, 0, 0, 0, 1, 0, 0, 0, 0, 1, 0, 0, 0, 0, 0, 0, 0, 0, 0, 0, 1, 0, 0, 0, 1, 0, 0, 0, 0]"
234,L2_arctic_WAV/ASI_arctic_a0117,"[9, 49, 64, 58, 24, 58, 36, 24, 63, 69, 52, 55, 29, 8, 36, 8, 55, 46, 24, 68, 48, 8, 22, 49, 24, 55, 67, 7, 54, 60, 46, 8, 55, 58, 39, 57, 46]","[9, 49, 64, 58, 24, 58, 36, 24, 69, 52, 55, 29, 8, 36, 8, 55, 46, 24, 68, 48, 8, 3, 49, 24, 55, 8, 54, 52, 46, 8, 55, 36, 57, 46]","[1, 1, 1, 1, 1, 1, 1, 1, 0, 1, 1, 1, 1, 1, 1, 1, 1, 1, 1, 1, 1, 1, 0, 1, 1, 1, 0, 0, 1, 0, 1, 1, 1, 0, 0, 1, 1]","[0, 0, 0, 0, 0, 0, 0, 0, 1, 0, 0, 0, 0, 0, 0, 0, 0, 0, 0, 0, 0, 0, 1, 0, 0, 0, 1, 1, 0, 1, 0, 0, 0, 1, 1, 0, 0]"
235,L2_arctic_WAV/ASI_arctic_a0120,"[68, 56, 50, 56, 3, 54, 31, 3, 54, 49, 30, 70, 30, 56, 28, 63, 64, 3, 8, 39, 8, 35, 56, 55, 49, 70, 58, 52, 37, 29, 8, 3, 17, 55, 3]","[68, 56, 50, 56, 3, 54, 31, 3, 54, 49, 30, 46, 30, 56, 63, 64, 61, 8, 54, 8, 35, 56, 55, 49, 46, 58, 52, 37, 29, 31, 3, 17, 55, 3]","[1, 1, 1, 1, 1, 1, 1, 1, 1, 1, 1, 0, 1, 1, 0, 1, 1, 0, 1, 0, 1, 1, 1, 1, 1, 0, 1, 1, 1, 1, 0, 1, 1, 1, 1]","[0, 0, 0, 0, 0, 0, 0, 0, 0, 0, 0, 1, 0, 0, 1, 0, 0, 1, 0, 1, 0, 0, 0, 0, 0, 1, 0, 0, 0, 0, 1, 0, 0, 0, 0]"
236,L2_arctic_WAV/ASI_arctic_a0121,"[63, 60, 60, 3, 58, 24, 55, 7, 64, 3, 63, 8, 54, 24, 54, 22, 64, 55, 58, 50, 52, 46, 3, 8, 58, 54, 40, 50, 3, 6, 15, 7, 70]","[63, 52, 52, 58, 24, 55, 7, 50, 64, 63, 8, 54, 24, 54, 3, 64, 55, 58, 50, 52, 46, 3, 8, 58, 54, 40, 50, 3, 6, 36, 17, 50, 46]","[1, 0, 0, 0, 1, 1, 1, 1, 1, 0, 1, 1, 1, 1, 1, 0, 1, 1, 1, 1, 1, 1, 1, 1, 1, 1, 1, 1, 1, 1, 0, 0, 0]","[0, 1, 1, 1, 0, 0, 0, 0, 1, 1, 0, 0, 0, 0, 0, 1, 0, 0, 0, 0, 0, 0, 0, 0, 0, 0, 0, 0, 0, 0, 1, 1, 1]"
237,L2_arctic_WAV/ASI_arctic_a0122,"[3, 6, 29, 24, 50, 70, 8, 59, 14, 56, 59, 60, 39, 8, 48, 46, 24, 39, 8, 30, 24, 70, 60, 9, 8, 55, 54, 40, 50, 63, 24, 46]","[3, 6, 29, 24, 50, 70, 8, 59, 40, 56, 59, 52, 39, 8, 48, 46, 24, 39, 8, 30, 56, 70, 60, 9, 8, 55, 54, 40, 50, 63, 24, 46]","[1, 1, 1, 1, 1, 1, 1, 1, 0, 1, 1, 0, 1, 1, 1, 1, 1, 1, 1, 1, 0, 1, 1, 1, 1, 1, 1, 1, 1, 1, 1, 1]","[0, 0, 0, 0, 0, 0, 0, 0, 1, 0, 0, 1, 0, 0, 0, 0, 0, 0, 0, 0, 1, 0, 0, 0, 0, 0, 0, 0, 0, 0, 0, 0]"
238,L2_arctic_WAV/ASI_arctic_a0123,"[9, 49, 67, 64, 58, 58, 56, 58, 54, 50, 8, 68, 28, 14, 30, 58, 64, 55, 58, 46, 3, 17, 50, 39, 60, 9, 8, 55]","[9, 49, 67, 64, 58, 56, 54, 50, 8, 68, 28, 40, 30, 58, 64, 55, 46, 3, 17, 50, 39, 60, 9, 8, 55]","[1, 1, 1, 1, 0, 1, 1, 0, 1, 1, 1, 1, 1, 0, 1, 1, 1, 1, 0, 1, 1, 1, 1, 1, 1, 1, 1, 1]","[0, 0, 0, 0, 1, 0, 0, 1, 0, 0, 0, 0, 0, 1, 0, 0, 0, 0, 1, 0, 0, 0, 0, 0, 0, 0, 0, 0]"
239,L2_arctic_WAV/ASI_arctic_a0125,"[67, 49, 36, 8, 70, 58, 24, 3, 7, 68, 8, 55, 58, 55, 15, 3, 8, 68, 60, 55, 3, 60, 55, 8, 68, 40, 50, 46, 7, 3, 8, 55, 67, 14, 30, 58, 8, 48, 17, 55, 67, 24, 68, 46, 52, 30, 54]","[67, 49, 36, 8, 70, 58, 24, 3, 8, 68, 8, 55, 55, 15, 3, 31, 68, 60, 55, 3, 52, 55, 8, 68, 40, 50, 46, 7, 3, 8, 55, 67, 40, 30, 58, 8, 48, 17, 55, 67, 24, 68, 46, 52, 30, 54]","[1, 1, 1, 1, 1, 1, 1, 1, 0, 1, 1, 1, 0, 1, 1, 1, 0, 1, 1, 1, 1, 0, 1, 1, 1, 1, 1, 1, 1, 1, 1, 1, 1, 0, 1, 1, 1, 1, 1, 1, 1, 1, 1, 1, 1, 1, 1]","[0, 0, 0, 0, 0, 0, 0, 0, 1, 0, 0, 0, 1, 0, 0, 0, 1, 0, 0, 0, 0, 1, 0, 0, 0, 0, 0, 0, 0, 0, 0, 0, 0, 1, 0, 0, 0, 0, 0, 0, 0, 0, 0, 0, 0, 0, 0]"
240,L2_arctic_WAV/ASI_arctic_a0126,"[49, 35, 58, 60, 9, 49, 37, 49, 28, 60, 68, 8, 68, 40, 50, 39, 56, 3, 8, 30, 48, 17, 50, 3, 8, 39, 67, 24, 68]","[49, 35, 58, 52, 9, 49, 37, 49, 28, 52, 68, 8, 68, 40, 50, 39, 56, 3, 8, 30, 48, 17, 50, 3, 8, 54, 67, 24, 68]","[1, 1, 1, 0, 1, 1, 1, 1, 1, 0, 1, 1, 1, 1, 1, 1, 1, 1, 1, 1, 1, 1, 1, 1, 1, 0, 1, 1, 1]","[0, 0, 0, 1, 0, 0, 0, 0, 0, 1, 0, 0, 0, 0, 0, 0, 0, 0, 0, 0, 0, 0, 0, 0, 0, 1, 0, 0, 0]"
241,L2_arctic_WAV/ASI_arctic_a0127,"[24, 3, 36, 8, 70, 8, 3, 52, 68, 3, 60, 9, 8, 55, 37, 8, 3, 67, 49, 50, 24, 70, 24, 46, 3, 24, 58, 24, 3]","[24, 58, 36, 8, 70, 8, 3, 52, 68, 3, 52, 9, 8, 55, 37, 8, 3, 67, 49, 50, 24, 70, 24, 46, 3, 24, 58, 24, 3]","[1, 0, 1, 1, 1, 1, 1, 1, 1, 1, 0, 1, 1, 1, 1, 1, 1, 1, 1, 1, 1, 1, 1, 1, 1, 1, 1, 1, 1]","[0, 1, 0, 0, 0, 0, 0, 0, 0, 0, 1, 0, 0, 0, 0, 0, 0, 0, 0, 0, 0, 0, 0, 0, 0, 0, 0, 0, 0]"
242,L2_arctic_WAV/ASI_arctic_a0128,"[63, 24, 46, 36, 8, 55, 67, 14, 48, 36, 40, 70, 58, 24, 46, 3, 50, 57, 58, 64, 70, 28, 36, 24, 28, 30, 49, 64, 70, 24, 3, 36, 8, 70, 37, 40, 50, 55]","[58, 24, 46, 36, 8, 55, 67, 40, 48, 36, 40, 70, 58, 24, 46, 3, 50, 57, 58, 64, 46, 28, 36, 24, 28, 30, 49, 64, 70, 24, 3, 36, 8, 70, 37, 40, 55]","[0, 1, 1, 1, 1, 1, 1, 0, 1, 1, 1, 1, 1, 1, 1, 1, 1, 1, 1, 1, 0, 1, 1, 1, 1, 1, 1, 1, 1, 1, 1, 1, 1, 1, 1, 1, 0, 1]","[1, 0, 0, 0, 0, 0, 0, 1, 0, 0, 0, 0, 0, 0, 0, 0, 0, 0, 0, 0, 1, 0, 0, 0, 0, 0, 0, 0, 0, 0, 0, 0, 0, 0, 0, 0, 1, 0]"
243,L2_arctic_WAV/ASI_arctic_a0129,"[67, 7, 54, 60, 46, 36, 40, 70, 8, 59, 60, 55, 46, 3, 67, 24, 70, 37, 50, 52, 46, 3]","[67, 7, 50, 54, 52, 46, 36, 40, 46, 8, 59, 52, 55, 46, 3, 67, 24, 70, 37, 50, 52, 46, 3]","[1, 1, 1, 0, 1, 1, 1, 0, 1, 1, 0, 1, 1, 1, 1, 1, 1, 1, 1, 1, 1, 1]","[0, 0, 0, 1, 0, 0, 0, 1, 0, 0, 1, 0, 0, 0, 0, 0, 0, 0, 0, 0, 0, 0]"
244,L2_arctic_WAV/ASI_arctic_a0130,"[9, 49, 36, 17, 70, 67, 24, 70, 55, 15, 54, 7, 52, 39, 7]","[9, 49, 36, 17, 70, 24, 70, 55, 15, 54, 40, 50, 52, 39, 7]","[1, 1, 1, 1, 1, 0, 1, 1, 1, 1, 1, 0, 1, 1, 1]","[0, 0, 0, 0, 0, 1, 0, 0, 0, 0, 0, 1, 0, 0, 0]"
245,L2_arctic_WAV/ASI_arctic_a0131,"[48, 50, 17, 39, 8, 58, 8, 55, 46, 67, 64, 58, 58, 24, 30, 24, 39, 7, 58, 67, 24, 68, 22, 50, 6, 63, 8, 68, 60, 30, 46, 3, 50, 8, 68]","[48, 50, 40, 36, 24, 58, 8, 55, 46, 64, 58, 24, 30, 24, 39, 7, 67, 24, 68, 3, 50, 6, 63, 8, 68, 52, 30, 46, 3, 8, 68]","[1, 1, 0, 0, 0, 1, 1, 1, 1, 0, 1, 0, 1, 1, 1, 1, 1, 1, 0, 1, 1, 1, 0, 1, 1, 1, 1, 1, 0, 1, 1, 1, 0, 1, 1]","[0, 0, 1, 1, 1, 0, 0, 0, 0, 1, 0, 1, 0, 0, 0, 0, 0, 0, 1, 0, 0, 0, 1, 0, 0, 0, 0, 0, 1, 0, 0, 0, 1, 0, 0]"
246,L2_arctic_WAV/ASI_arctic_a0134,"[67, 49, 14, 37, 60, 58, 63, 8, 48, 50, 52, 9, 7, 8, 39, 67, 7, 67, 64, 55, 58]","[67, 49, 40, 37, 60, 58, 63, 8, 48, 50, 52, 9, 7, 8, 54, 8, 50, 67, 64, 55, 58]","[1, 1, 0, 1, 1, 1, 1, 1, 1, 1, 1, 1, 1, 1, 0, 0, 0, 1, 1, 1, 1]","[0, 0, 1, 0, 0, 0, 0, 0, 0, 0, 0, 0, 0, 0, 1, 1, 1, 0, 0, 0, 0]"
247,L2_arctic_WAV/ASI_arctic_a0136,"[8, 37, 15, 3, 67, 24, 68, 52, 39, 50, 49, 36, 52, 50, 36, 7, 63, 8, 52, 39, 8, 58, 8, 55, 46, 8, 70, 8, 39, 30, 8, 59, 26, 7, 49, 64, 55, 58, 8, 39, 60, 69]","[8, 37, 15, 3, 67, 24, 68, 52, 39, 50, 49, 36, 52, 36, 7, 63, 8, 52, 36, 8, 58, 8, 55, 46, 8, 70, 8, 39, 30, 8, 59, 26, 8, 50, 49, 64, 55, 58, 8, 54, 52, 35]","[1, 1, 1, 1, 1, 1, 1, 1, 1, 1, 1, 1, 1, 0, 1, 1, 1, 1, 1, 0, 1, 1, 1, 1, 1, 1, 1, 1, 1, 1, 1, 1, 1, 0, 1, 1, 1, 1, 1, 0, 0, 0]","[0, 0, 0, 0, 0, 0, 0, 0, 0, 0, 0, 0, 0, 1, 0, 0, 0, 0, 0, 1, 0, 0, 0, 0, 0, 0, 0, 0, 0, 0, 0, 0, 0, 1, 0, 0, 0, 0, 0, 1, 1, 1]"
248,L2_arctic_WAV/ASI_arctic_a0137,"[63, 52, 55, 67, 49, 46, 3, 52, 48, 3, 37, 64, 28, 36, 24, 63, 8, 30, 14, 28, 50, 56, 8, 39, 48, 30, 52, 26, 7]","[63, 52, 55, 49, 46, 3, 52, 48, 37, 64, 36, 24, 58, 8, 30, 40, 28, 50, 56, 8, 54, 48, 30, 52, 26, 8]","[1, 1, 1, 0, 1, 1, 1, 1, 1, 0, 1, 1, 0, 1, 1, 0, 1, 1, 0, 1, 1, 1, 1, 0, 1, 1, 1, 1, 0]","[0, 0, 0, 1, 0, 0, 0, 0, 0, 1, 0, 0, 1, 0, 0, 1, 0, 0, 1, 0, 0, 0, 0, 1, 0, 0, 0, 0, 1]"
249,L2_arctic_WAV/ASI_arctic_a0139,"[67, 49, 3, 14, 30, 58, 67, 24, 68, 46, 52, 30, 54, 63, 64, 3, 52, 70, 67, 49, 36, 17, 9, 3, 67, 24, 68, 46, 52, 30, 54, 64, 55, 58, 59, 50, 6, 68, 58, 67, 24, 70, 58, 24, 9, 52, 39, 8, 30, 58, 28, 30, 14, 63, 70]","[67, 49, 3, 40, 30, 58, 24, 68, 46, 52, 30, 54, 58, 64, 3, 67, 49, 36, 17, 9, 3, 67, 24, 68, 46, 52, 30, 54, 64, 55, 59, 50, 6, 68, 58, 67, 24, 46, 58, 24, 46, 67, 52, 39, 8, 30, 58, 28, 30, 14, 63, 46]","[1, 1, 1, 0, 1, 1, 0, 1, 1, 1, 1, 1, 1, 0, 1, 1, 0, 0, 1, 1, 1, 1, 1, 1, 1, 1, 1, 1, 1, 1, 1, 1, 1, 0, 1, 1, 1, 1, 1, 1, 1, 0, 1, 1, 0, 1, 1, 1, 1, 1, 1, 1, 1, 1, 0]","[0, 0, 0, 1, 0, 0, 1, 0, 0, 0, 0, 0, 0, 1, 0, 0, 1, 1, 0, 0, 0, 0, 0, 0, 0, 0, 0, 0, 0, 0, 0, 0, 0, 1, 0, 0, 0, 0, 0, 0, 0, 1, 0, 0, 1, 0, 0, 0, 0, 0, 0, 0, 0, 0, 1]"
250,L2_arctic_WAV/ASI_arctic_a0144,"[37, 8, 3, 63, 52, 50, 36, 8, 70, 46, 8, 68, 22, 24, 10, 49, 39, 24, 55, 68, 40, 50, 46, 3, 17, 50, 3, 30, 24, 10, 63, 64, 55, 63, 24, 46, 50, 24, 70, 52, 68, 37, 30, 8, 55, 46]","[37, 8, 3, 63, 52, 66, 36, 8, 46, 46, 8, 68, 22, 24, 10, 49, 39, 24, 55, 68, 40, 46, 3, 50, 17, 50, 3, 30, 24, 10, 58, 64, 55, 58, 24, 46, 50, 24, 46, 52, 68, 37, 30, 8, 55, 46]","[1, 1, 1, 1, 1, 0, 1, 1, 0, 1, 1, 1, 1, 1, 1, 1, 1, 1, 1, 1, 1, 0, 1, 1, 1, 1, 1, 1, 1, 1, 0, 1, 1, 0, 1, 1, 1, 1, 0, 1, 1, 1, 1, 1, 1, 1]","[0, 0, 0, 0, 0, 1, 0, 0, 1, 0, 0, 0, 0, 0, 0, 0, 0, 0, 0, 0, 0, 1, 0, 0, 0, 0, 0, 0, 0, 0, 1, 0, 0, 1, 0, 0, 0, 0, 1, 0, 0, 0, 0, 0, 0, 0]"
251,L2_arctic_WAV/ASI_arctic_a0159,"[63, 60, 30, 31, 28, 64, 70, 63, 14, 67, 49, 67, 64, 58, 37, 24, 55, 58, 50, 8, 68, 24, 10, 8, 48, 49, 64, 55, 14, 40, 30, 67, 24, 70, 30, 56, 54]","[63, 60, 30, 6, 28, 64, 70, 63, 14, 67, 49, 64, 58, 37, 49, 55, 58, 50, 8, 68, 24, 10, 8, 48, 49, 64, 55, 14, 40, 30, 24, 70, 30, 56, 54]","[1, 1, 1, 0, 1, 1, 1, 1, 1, 1, 1, 0, 1, 1, 1, 0, 1, 1, 1, 1, 1, 1, 1, 1, 1, 1, 1, 1, 1, 1, 1, 0, 1, 1, 1, 1, 1]","[0, 0, 0, 1, 0, 0, 0, 0, 0, 0, 0, 1, 0, 0, 0, 1, 0, 0, 0, 0, 0, 0, 0, 0, 0, 0, 0, 0, 0, 0, 0, 1, 0, 0, 0, 0, 0]"
252,L2_arctic_WAV/ASI_arctic_a0168,"[8, 30, 14, 37, 31, 9, 67, 36, 24, 48, 3, 67, 24, 68, 24, 55, 63, 8, 54, 60, 46, 64, 55, 58, 30, 52, 54, 3, 55, 14, 46, 3, 24, 10]","[8, 30, 14, 37, 31, 9, 67, 36, 24, 48, 3, 67, 24, 68, 24, 55, 58, 8, 54, 60, 46, 64, 55, 58, 30, 52, 54, 3, 55, 14, 46, 3, 24, 10]","[1, 1, 1, 1, 1, 1, 1, 1, 1, 1, 1, 1, 1, 1, 1, 1, 0, 1, 1, 1, 1, 1, 1, 1, 1, 1, 1, 1, 1, 1, 1, 1, 1, 1]","[0, 0, 0, 0, 0, 0, 0, 0, 0, 0, 0, 0, 0, 0, 0, 0, 1, 0, 0, 0, 0, 0, 0, 0, 0, 0, 0, 0, 0, 0, 0, 0, 0, 0]"
253,L2_arctic_WAV/ASI_arctic_a0178,"[52, 39, 7, 49, 37, 14, 55, 24, 55, 67, 7, 60, 69, 58, 37, 17, 58, 49, 46, 49, 68, 58, 37, 50, 14, 28, 8, 55, 40, 50, 58, 24, 46, 30, 14, 28, 60, 3, 24, 58]","[52, 39, 7, 49, 37, 14, 8, 55, 24, 55, 7, 60, 69, 58, 37, 17, 12, 49, 46, 49, 68, 58, 37, 50, 14, 28, 8, 55, 17, 50, 58, 24, 46, 30, 14, 28, 60, 3, 24, 58]","[1, 1, 1, 1, 1, 1, 1, 1, 1, 0, 1, 1, 1, 1, 1, 1, 0, 1, 1, 1, 1, 1, 1, 1, 1, 1, 1, 1, 0, 1, 1, 1, 1, 1, 1, 1, 1, 1, 1, 1]","[0, 0, 0, 0, 0, 0, 0, 0, 0, 1, 0, 0, 0, 0, 0, 0, 1, 0, 0, 0, 0, 0, 0, 0, 0, 0, 0, 0, 1, 0, 0, 0, 0, 0, 0, 0, 0, 0, 0, 0]"
254,L2_arctic_WAV/ASI_arctic_a0188,"[3, 6, 69, 56, 59, 64, 55, 3, 24, 28, 15, 30, 70, 36, 7, 3, 52, 50, 24, 10, 64, 3, 63, 8, 28, 17, 50, 28, 8, 46]","[3, 6, 69, 56, 59, 64, 25, 24, 28, 15, 30, 46, 36, 7, 3, 7, 55, 24, 10, 64, 58, 58, 8, 28, 17, 66, 28, 8, 46]","[1, 1, 1, 1, 1, 1, 0, 0, 1, 1, 1, 1, 0, 1, 1, 1, 0, 0, 1, 1, 1, 0, 0, 1, 1, 1, 0, 1, 1, 1]","[0, 0, 0, 0, 0, 0, 1, 1, 0, 0, 0, 0, 1, 0, 0, 0, 1, 1, 0, 0, 0, 1, 1, 0, 0, 0, 1, 0, 0, 0]"
255,L2_arctic_WAV/ASI_arctic_a0191,"[54, 40, 50, 8, 3, 56, 68, 63, 8, 24, 28, 46, 56, 3, 24, 10, 22, 50, 24, 30, 8, 39, 67, 24, 70, 64, 58, 39, 52, 55, 35, 7, 36, 40, 70, 59, 40, 55]","[54, 40, 66, 8, 3, 56, 68, 63, 8, 24, 28, 46, 56, 25, 24, 10, 22, 50, 24, 30, 8, 54, 67, 24, 70, 64, 58, 65, 52, 55, 35, 7, 36, 40, 70, 59, 40, 55]","[1, 1, 0, 1, 1, 1, 1, 1, 1, 1, 1, 1, 1, 0, 1, 1, 1, 1, 1, 1, 1, 0, 1, 1, 1, 1, 1, 0, 1, 1, 1, 1, 1, 1, 1, 1, 1, 1]","[0, 0, 1, 0, 0, 0, 0, 0, 0, 0, 0, 0, 0, 1, 0, 0, 0, 0, 0, 0, 0, 1, 0, 0, 0, 0, 0, 1, 0, 0, 0, 0, 0, 0, 0, 0, 0, 0]"
256,L2_arctic_WAV/ASI_arctic_a0199,"[63, 8, 46, 67, 64, 58, 63, 8, 50, 17, 36, 24, 30, 58, 7, 55, 8, 46, 48, 50, 49, 48, 52, 50, 58, 67, 24, 68, 54, 40, 50, 63, 24, 46, 58, 60]","[63, 8, 46, 62, 64, 58, 58, 8, 66, 17, 36, 56, 30, 58, 8, 55, 8, 46, 48, 66, 49, 48, 52, 50, 58, 67, 24, 68, 54, 40, 66, 63, 24, 46, 58, 60]","[1, 1, 1, 0, 1, 1, 0, 1, 0, 1, 1, 0, 1, 1, 0, 1, 1, 1, 1, 0, 1, 1, 1, 1, 1, 1, 1, 1, 1, 1, 0, 1, 1, 1, 1, 1]","[0, 0, 0, 1, 0, 0, 1, 0, 1, 0, 0, 1, 0, 0, 1, 0, 0, 0, 0, 1, 0, 0, 0, 0, 0, 0, 0, 0, 0, 0, 1, 0, 0, 0, 0, 0]"
257,L2_arctic_WAV/ASI_arctic_a0208,"[29, 6, 22, 67, 64, 58, 28, 8, 68, 37, 64, 28, 3, 6, 67, 7, 54, 50, 49, 58, 54, 50, 8, 68, 63, 49, 29, 14, 28, 8, 39, 8, 48, 50, 52, 9, 8, 55]","[29, 6, 3, 64, 58, 28, 8, 68, 37, 64, 28, 3, 6, 67, 31, 54, 66, 49, 58, 54, 50, 8, 68, 58, 49, 29, 14, 28, 8, 54, 40, 48, 66, 60, 9, 8, 55]","[1, 1, 0, 0, 1, 1, 1, 1, 1, 1, 1, 1, 1, 1, 1, 0, 1, 0, 1, 1, 1, 1, 1, 1, 0, 1, 1, 1, 1, 1, 0, 0, 1, 0, 0, 1, 1, 1]","[0, 0, 1, 1, 0, 0, 0, 0, 0, 0, 0, 0, 0, 0, 0, 1, 0, 1, 0, 0, 0, 0, 0, 0, 1, 0, 0, 0, 0, 0, 1, 1, 0, 1, 1, 0, 0, 0]"
258,L2_arctic_WAV/ASI_arctic_a0214,"[37, 24, 46, 56, 58, 70, 67, 49, 36, 8, 70, 48, 60, 58, 36, 8, 55, 28, 60, 46, 8, 39, 3, 8, 37, 64, 28, 14, 48, 7, 67, 52, 58]","[37, 24, 46, 56, 58, 70, 67, 49, 36, 8, 70, 48, 60, 58, 36, 8, 55, 28, 49, 46, 8, 39, 3, 8, 37, 64, 28, 14, 48, 31, 50, 67, 52, 58]","[1, 1, 1, 1, 1, 1, 1, 1, 1, 1, 1, 1, 1, 1, 1, 1, 1, 1, 0, 1, 1, 1, 1, 1, 1, 1, 1, 1, 1, 0, 1, 1, 1]","[0, 0, 0, 0, 0, 0, 0, 0, 0, 0, 0, 0, 0, 0, 0, 0, 0, 0, 1, 0, 0, 0, 0, 0, 0, 0, 0, 0, 0, 1, 0, 0, 0]"
259,L2_arctic_WAV/ASI_arctic_a0246,"[29, 6, 67, 64, 39, 67, 7, 58, 40, 30, 36, 49, 70, 67, 15, 67, 49, 36, 40, 70, 63, 8, 30, 8, 39, 7, 8, 39, 48, 50, 24, 55, 46, 52, 46, 55, 60, 14, 68, 49]","[29, 6, 67, 64, 39, 67, 23, 58, 40, 30, 36, 49, 70, 62, 15, 67, 49, 36, 40, 70, 70, 8, 30, 8, 65, 7, 8, 54, 48, 50, 24, 55, 46, 55, 60, 14, 68, 49]","[1, 1, 1, 1, 1, 1, 0, 1, 1, 1, 1, 1, 1, 0, 1, 1, 1, 1, 1, 1, 0, 1, 1, 1, 0, 1, 1, 0, 1, 1, 1, 1, 0, 0, 1, 1, 1, 1, 1, 1]","[0, 0, 0, 0, 0, 0, 1, 0, 0, 0, 0, 0, 0, 1, 0, 0, 0, 0, 0, 0, 1, 0, 0, 0, 1, 0, 0, 1, 0, 0, 0, 0, 1, 1, 0, 0, 0, 0, 0, 0]"
260,L2_arctic_WAV/ASI_arctic_a0255,"[29, 6, 36, 14, 55, 3, 58, 56, 8, 39, 68, 64, 30, 55, 6, 3, 50, 24, 9, 8, 55, 37, 49, 9, 31, 50, 8, 39, 63, 64, 3]","[29, 6, 36, 14, 55, 58, 56, 8, 54, 68, 64, 30, 6, 3, 50, 49, 9, 8, 55, 37, 49, 9, 31, 66, 8, 39, 58, 64, 3]","[1, 1, 1, 1, 1, 0, 1, 1, 1, 0, 1, 1, 1, 0, 1, 1, 1, 0, 1, 1, 1, 1, 1, 1, 1, 0, 1, 1, 0, 1, 1]","[0, 0, 0, 0, 0, 1, 0, 0, 0, 1, 0, 0, 0, 1, 0, 0, 0, 1, 0, 0, 0, 0, 0, 0, 0, 1, 0, 0, 1, 0, 0]"
261,L2_arctic_WAV/ASI_arctic_a0266,"[63, 60, 67, 64, 55, 58, 8, 30, 58, 3, 6, 68, 52, 55, 40, 30, 50, 52, 58, 49, 37, 14, 22, 59, 50, 8, 37, 22, 49, 39, 70]","[58, 60, 67, 64, 55, 58, 8, 38, 3, 6, 68, 52, 55, 40, 30, 66, 52, 58, 49, 37, 14, 3, 59, 66, 8, 37, 22, 49, 39, 46]","[0, 1, 1, 1, 1, 1, 1, 0, 0, 1, 1, 1, 1, 1, 1, 1, 0, 1, 1, 1, 1, 1, 0, 1, 0, 1, 1, 1, 1, 1, 0]","[1, 0, 0, 0, 0, 0, 0, 1, 1, 0, 0, 0, 0, 0, 0, 0, 1, 0, 0, 0, 0, 0, 1, 0, 1, 0, 0, 0, 0, 0, 1]"
262,L2_arctic_WAV/ASI_arctic_a0269,"[63, 64, 3, 46, 36, 52, 50, 63, 60, 28, 8, 3, 40, 54, 63, 8, 46, 28, 17, 3, 24, 9, 35, 49, 54, 46, 8, 55, 58, 28, 24, 30, 58, 40, 30, 67, 64, 55, 70]","[63, 64, 3, 46, 36, 52, 66, 63, 60, 28, 8, 25, 40, 39, 63, 8, 46, 28, 17, 50, 25, 24, 9, 35, 49, 54, 46, 8, 55, 58, 28, 24, 30, 58, 40, 30, 67, 64, 55, 70]","[1, 1, 1, 1, 1, 1, 0, 1, 1, 1, 1, 0, 1, 0, 1, 1, 1, 1, 1, 0, 1, 1, 1, 1, 1, 1, 1, 1, 1, 1, 1, 1, 1, 1, 1, 1, 1, 1, 1]","[0, 0, 0, 0, 0, 0, 1, 0, 0, 0, 0, 1, 0, 1, 0, 0, 0, 0, 0, 1, 0, 0, 0, 0, 0, 0, 0, 0, 0, 0, 0, 0, 0, 0, 0, 0, 0, 0, 0]"
263,L2_arctic_WAV/ASI_arctic_a0272,"[29, 6, 28, 64, 55, 3, 60, 28, 8, 39, 60, 28, 60, 9, 8, 55, 40, 55, 48, 60]","[29, 6, 28, 64, 55, 25, 60, 28, 8, 39, 60, 28, 60, 9, 8, 55, 40, 55, 48, 60]","[1, 1, 1, 1, 1, 0, 1, 1, 1, 1, 1, 1, 1, 1, 1, 1, 1, 1, 1, 1]","[0, 0, 0, 0, 0, 1, 0, 0, 0, 0, 0, 0, 0, 0, 0, 0, 0, 0, 0, 0]"
264,L2_arctic_WAV/ASI_arctic_a0282,"[24, 54, 29, 6, 68, 49, 55, 3, 6, 24, 55, 46, 24, 55, 29, 6, 60, 3, 37, 50, 52, 55, 3, 36, 31, 58, 37, 24, 59, 64, 55, 67, 17, 3, 30, 49]","[24, 54, 29, 6, 68, 49, 55, 3, 6, 24, 55, 46, 24, 55, 29, 6, 60, 3, 37, 66, 52, 55, 3, 36, 31, 58, 37, 24, 59, 64, 55, 67, 17, 25, 30, 49]","[1, 1, 1, 1, 1, 1, 1, 1, 1, 1, 1, 1, 1, 1, 1, 1, 1, 1, 1, 0, 1, 1, 1, 1, 1, 1, 1, 1, 1, 1, 1, 1, 1, 0, 1, 1]","[0, 0, 0, 0, 0, 0, 0, 0, 0, 0, 0, 0, 0, 0, 0, 0, 0, 0, 0, 1, 0, 0, 0, 0, 0, 0, 0, 0, 0, 0, 0, 0, 0, 1, 0, 0]"
265,L2_arctic_WAV/ASI_arctic_a0292,"[67, 49, 50, 24, 55, 63, 8, 68, 24, 58, 68, 40, 50, 55, 24, 10, 63, 8, 54, 7, 46, 3, 28, 64, 26, 8, 30, 3, 49, 8, 28, 7, 58]","[29, 49, 50, 24, 55, 58, 8, 68, 24, 12, 68, 40, 55, 24, 10, 58, 8, 54, 31, 46, 3, 28, 64, 26, 8, 30, 3, 49, 8, 28, 31]","[0, 1, 1, 1, 1, 0, 1, 1, 1, 0, 1, 1, 0, 1, 1, 1, 0, 1, 1, 0, 1, 1, 1, 1, 1, 1, 1, 1, 1, 1, 1, 0, 0]","[1, 0, 0, 0, 0, 1, 0, 0, 0, 1, 0, 0, 1, 0, 0, 0, 1, 0, 0, 1, 0, 0, 0, 0, 0, 0, 0, 0, 0, 0, 0, 1, 1]"
266,L2_arctic_WAV/ASI_arctic_a0301,"[37, 8, 3, 40, 30, 68, 56, 58, 50, 49, 68, 70, 39, 56, 8, 30, 60, 3, 24, 58, 63, 24, 46, 30, 40]","[37, 8, 25, 40, 30, 68, 56, 58, 66, 49, 68, 70, 39, 56, 8, 30, 60, 25, 24, 58, 67, 24, 46, 30, 40]","[1, 1, 0, 1, 1, 1, 1, 1, 0, 1, 1, 1, 1, 1, 1, 1, 1, 0, 1, 1, 0, 1, 1, 1, 1]","[0, 0, 1, 0, 0, 0, 0, 0, 1, 0, 0, 0, 0, 0, 0, 0, 0, 1, 0, 0, 1, 0, 0, 0, 0]"
267,L2_arctic_WAV/ASI_arctic_a0303,"[37, 8, 3, 63, 60, 68, 60, 28, 63, 8, 68, 24, 46, 3, 60, 28, 8, 39, 24, 59, 55, 40, 50, 24, 10, 63, 52, 50, 14, 55, 58, 6, 64, 30, 8, 3, 49]","[37, 8, 58, 63, 60, 68, 60, 59, 63, 8, 68, 24, 46, 3, 60, 28, 8, 54, 24, 59, 55, 40, 66, 24, 10, 58, 52, 50, 14, 55, 58, 6, 64, 30, 8, 3, 49]","[1, 1, 0, 1, 1, 1, 1, 0, 1, 1, 1, 1, 1, 1, 1, 1, 1, 0, 1, 1, 1, 1, 0, 1, 1, 0, 1, 1, 1, 1, 1, 1, 1, 1, 1, 1, 1]","[0, 0, 1, 0, 0, 0, 0, 1, 0, 0, 0, 0, 0, 0, 0, 0, 0, 1, 0, 0, 0, 0, 1, 0, 0, 1, 0, 0, 0, 0, 0, 0, 0, 0, 0, 0, 0]"
268,L2_arctic_WAV/ASI_arctic_a0365,"[63, 49, 70, 50, 6, 68, 7, 70, 68, 60, 49, 39, 24, 55, 7, 24, 69, 8, 55, 60, 3, 36, 24, 22, 8, 46]","[58, 49, 70, 50, 6, 68, 31, 70, 68, 60, 49, 39, 24, 55, 7, 24, 26, 8, 55, 60, 3, 36, 24, 22, 8, 46]","[0, 1, 1, 1, 1, 1, 0, 1, 1, 1, 1, 1, 1, 1, 1, 1, 0, 1, 1, 1, 1, 1, 1, 1, 1, 1]","[1, 0, 0, 0, 0, 0, 1, 0, 0, 0, 0, 0, 0, 0, 0, 0, 1, 0, 0, 0, 0, 0, 0, 0, 0, 0]"
269,L2_arctic_WAV/ASI_arctic_a0384,"[63, 8, 54, 17, 50, 68, 7, 36, 7, 28, 46, 63, 8, 46, 57, 30, 64, 55, 58, 48, 50, 8, 58, 6, 46, 8, 70, 59, 50, 60, 55]","[12, 8, 54, 17, 68, 7, 36, 31, 28, 46, 63, 8, 46, 57, 64, 55, 58, 48, 50, 8, 58, 29, 6, 46, 8, 46, 59, 50, 60, 55]","[0, 1, 1, 1, 0, 1, 1, 1, 0, 1, 1, 1, 1, 1, 1, 0, 1, 1, 1, 1, 1, 1, 1, 1, 1, 1, 0, 1, 1, 1, 1]","[1, 0, 0, 0, 1, 0, 0, 0, 1, 0, 0, 0, 0, 0, 0, 1, 0, 0, 0, 0, 0, 0, 0, 0, 0, 0, 1, 0, 0, 0, 0]"
270,L2_arctic_WAV/ASI_arctic_a0405,"[24, 3, 46, 49, 68, 58, 63, 8, 40, 50, 58, 60, 55, 58, 40, 50, 58, 7, 8, 39, 22, 24, 10, 70, 63, 64, 3, 58, 40, 59, 70, 9, 31, 58, 36, 7, 28]","[24, 3, 46, 49, 68, 58, 58, 8, 40, 50, 12, 60, 55, 58, 40, 50, 12, 7, 8, 39, 3, 24, 10, 70, 63, 64, 3, 12, 40, 59, 70, 9, 31, 58, 36, 31, 28]","[1, 1, 1, 1, 1, 1, 0, 1, 1, 1, 0, 1, 1, 1, 1, 1, 0, 1, 1, 1, 0, 1, 1, 1, 1, 1, 1, 0, 1, 1, 1, 1, 1, 1, 1, 0, 1]","[0, 0, 0, 0, 0, 0, 1, 0, 0, 0, 1, 0, 0, 0, 0, 0, 1, 0, 0, 0, 1, 0, 0, 0, 0, 0, 0, 1, 0, 0, 0, 0, 0, 0, 0, 1, 0]"
271,L2_arctic_WAV/ASI_arctic_a0411,"[24, 3, 36, 24, 30, 37, 50, 60, 28, 15, 50, 67, 17, 50, 3, 46, 8, 55, 58, 15, 7, 37, 64, 28, 46, 3, 6, 67, 57, 46, 3, 64, 10, 28, 7, 37, 56, 67, 64, 55, 58]","[24, 3, 36, 24, 30, 37, 66, 60, 28, 17, 67, 17, 58, 46, 8, 55, 58, 15, 66, 37, 64, 28, 46, 3, 6, 67, 57, 46, 3, 64, 10, 28, 66, 37, 56, 67, 64, 55, 58]","[1, 1, 1, 1, 1, 1, 0, 1, 1, 0, 0, 1, 1, 0, 0, 1, 1, 1, 1, 1, 0, 1, 1, 1, 1, 1, 1, 1, 1, 1, 1, 1, 1, 1, 0, 1, 1, 1, 1, 1, 1]","[0, 0, 0, 0, 0, 0, 1, 0, 0, 1, 1, 0, 0, 1, 1, 0, 0, 0, 0, 0, 1, 0, 0, 0, 0, 0, 0, 0, 0, 0, 0, 0, 0, 0, 1, 0, 0, 0, 0, 0, 0]"
272,L2_arctic_WAV/ASI_arctic_a0416,"[63, 8, 64, 58, 24, 58, 36, 60, 3, 67, 64, 58, 8, 39, 8, 30, 17, 46, 8, 3, 49, 8, 39, 54, 24, 54, 3, 49, 55, 68, 56, 8, 30, 70, 48, 7, 15, 7]","[58, 8, 64, 12, 24, 58, 36, 60, 3, 67, 64, 12, 8, 65, 8, 30, 17, 46, 24, 3, 49, 8, 39, 54, 24, 54, 3, 49, 55, 68, 56, 30, 70, 48, 7, 17, 50]","[0, 1, 1, 0, 1, 1, 1, 1, 1, 1, 1, 0, 1, 0, 1, 1, 1, 1, 0, 1, 1, 1, 1, 1, 1, 1, 1, 1, 1, 1, 1, 0, 1, 1, 1, 1, 0, 0]","[1, 0, 0, 1, 0, 0, 0, 0, 0, 0, 0, 1, 0, 1, 0, 0, 0, 0, 1, 0, 0, 0, 0, 0, 0, 0, 0, 0, 0, 0, 0, 1, 0, 0, 0, 0, 1, 1]"
273,L2_arctic_WAV/ASI_arctic_a0424,"[17, 37, 39, 49, 8, 46, 30, 49, 24, 3, 36, 17, 70, 8, 58, 24, 70, 49, 70, 63, 64, 3, 28, 31, 58, 37, 49, 28, 17, 55, 3, 50, 64, 28, 3, 8, 58, 37, 56, 28, 17, 55, 3, 64, 28, 3]","[17, 37, 39, 49, 8, 46, 30, 49, 24, 25, 36, 17, 70, 8, 58, 49, 70, 49, 70, 63, 64, 3, 28, 31, 58, 37, 49, 28, 17, 55, 3, 50, 64, 28, 3, 8, 12, 37, 56, 28, 17, 55, 25, 64, 28, 3]","[1, 1, 1, 1, 1, 1, 1, 1, 1, 0, 1, 1, 1, 1, 1, 0, 1, 1, 1, 1, 1, 1, 1, 1, 1, 1, 1, 1, 1, 1, 1, 1, 1, 1, 1, 1, 0, 1, 1, 1, 1, 1, 0, 1, 1, 1]","[0, 0, 0, 0, 0, 0, 0, 0, 0, 1, 0, 0, 0, 0, 0, 1, 0, 0, 0, 0, 0, 0, 0, 0, 0, 0, 0, 0, 0, 0, 0, 0, 0, 0, 0, 0, 1, 0, 0, 0, 0, 0, 1, 0, 0, 0]"
274,L2_arctic_WAV/ASI_arctic_b0002,"[29, 6, 59, 17, 3, 15, 3, 37, 56, 54, 56, 3, 24, 10, 64, 55, 58, 56, 22, 50, 6, 8, 48, 50, 24, 3, 49, 59, 7, 30]","[29, 6, 59, 17, 3, 15, 3, 37, 56, 54, 56, 25, 24, 10, 64, 55, 58, 56, 3, 66, 6, 8, 48, 50, 24, 25, 49, 59, 31, 30]","[1, 1, 1, 1, 1, 1, 1, 1, 1, 1, 1, 0, 1, 1, 1, 1, 1, 1, 0, 0, 1, 1, 1, 1, 1, 0, 1, 1, 0, 1]","[0, 0, 0, 0, 0, 0, 0, 0, 0, 0, 0, 1, 0, 0, 0, 0, 0, 0, 1, 1, 0, 0, 0, 0, 0, 1, 0, 0, 1, 0]"
275,L2_arctic_WAV/ASI_arctic_b0017,"[52, 39, 50, 49, 22, 24, 10, 36, 8, 70, 36, 7, 28, 24, 10, 46, 68, 6, 63, 30, 49, 37, 52, 3, 7, 63, 64, 55, 56, 67, 64, 58, 24, 28, 46, 48, 52, 28, 3, 24, 58]","[52, 39, 50, 49, 3, 24, 10, 36, 8, 70, 36, 31, 28, 24, 10, 46, 68, 6, 12, 30, 49, 37, 52, 25, 8, 58, 64, 55, 56, 67, 64, 58, 24, 28, 46, 48, 52, 28, 3, 24, 58]","[1, 1, 1, 1, 0, 1, 1, 1, 1, 1, 1, 0, 1, 1, 1, 1, 1, 1, 0, 1, 1, 1, 1, 0, 0, 0, 1, 1, 1, 1, 1, 1, 1, 1, 1, 1, 1, 1, 1, 1, 1]","[0, 0, 0, 0, 1, 0, 0, 0, 0, 0, 0, 1, 0, 0, 0, 0, 0, 0, 1, 0, 0, 0, 0, 1, 1, 1, 0, 0, 0, 0, 0, 0, 0, 0, 0, 0, 0, 0, 0, 0, 0]"
276,L2_arctic_WAV/ASI_arctic_b0038,"[24, 55, 67, 7, 67, 60, 46, 3, 3, 6, 59, 52, 3, 8, 36, 60, 9, 49, 67, 64, 58, 54, 40, 50, 59, 17, 3, 8, 55, 63, 49, 70, 22, 24, 10, 70]","[24, 55, 67, 66, 67, 60, 46, 3, 3, 6, 59, 52, 25, 8, 39, 60, 9, 49, 67, 64, 58, 54, 40, 27, 17, 3, 8, 55, 63, 49, 46, 22, 24, 10, 46]","[1, 1, 1, 0, 1, 1, 1, 1, 1, 1, 1, 1, 0, 1, 0, 1, 1, 1, 1, 1, 1, 1, 1, 0, 0, 1, 1, 1, 1, 1, 1, 0, 1, 1, 1, 0]","[0, 0, 0, 1, 0, 0, 0, 0, 0, 0, 0, 0, 1, 0, 1, 0, 0, 0, 0, 0, 0, 0, 0, 1, 1, 0, 0, 0, 0, 0, 0, 1, 0, 0, 0, 1]"
277,L2_arctic_WAV/ASI_arctic_b0047,"[46, 8, 48, 14, 70, 29, 6, 46, 40, 68, 49, 64, 3, 36, 7, 28, 22, 50, 6, 63, 8, 36, 24, 55, 58, 14]","[46, 8, 48, 14, 70, 29, 6, 46, 40, 68, 49, 64, 58, 36, 31, 28, 3, 66, 6, 58, 8, 41, 24, 55, 12, 14]","[1, 1, 1, 1, 1, 1, 1, 1, 1, 1, 1, 1, 0, 1, 0, 1, 0, 0, 1, 0, 1, 0, 1, 1, 0, 1]","[0, 0, 0, 0, 0, 0, 0, 0, 0, 0, 0, 0, 1, 0, 1, 0, 1, 1, 0, 1, 0, 1, 0, 0, 1, 0]"
278,L2_arctic_WAV/ASI_arctic_b0057,"[63, 60, 67, 64, 39, 36, 8, 55, 48, 17, 48, 29, 8, 30, 7, 46, 52, 55, 3, 8, 68, 8, 55, 3, 22, 50, 6, 63, 8, 55, 6, 70, 48, 60, 48, 7, 70]","[63, 60, 64, 39, 36, 8, 55, 48, 17, 48, 8, 30, 31, 46, 52, 55, 25, 24, 68, 8, 55, 3, 3, 66, 6, 63, 8, 55, 29, 6, 46, 48, 60, 48, 66, 70]","[1, 1, 0, 1, 1, 1, 1, 1, 1, 1, 1, 0, 1, 1, 0, 1, 1, 1, 0, 0, 1, 1, 1, 1, 0, 0, 1, 1, 1, 1, 1, 0, 1, 1, 1, 0, 1]","[0, 0, 1, 0, 0, 0, 0, 0, 0, 0, 0, 1, 0, 0, 1, 0, 0, 0, 1, 1, 0, 0, 0, 0, 1, 1, 0, 0, 0, 0, 0, 1, 0, 0, 0, 1, 0]"
279,L2_arctic_WAV/ASI_arctic_b0061,"[46, 8, 68, 22, 24, 10, 8, 37, 15, 3, 24, 3, 46, 49, 68, 58, 3, 6, 54, 64, 46, 8, 55, 60, 3, 67, 24, 68, 3, 6, 35, 64, 30, 8, 55, 69, 67, 24, 70, 48, 50, 52, 70, 8, 55, 46]","[46, 8, 68, 22, 24, 10, 8, 37, 14, 3, 24, 3, 46, 49, 68, 58, 3, 6, 54, 64, 46, 8, 55, 24, 3, 62, 24, 68, 3, 6, 35, 64, 30, 8, 55, 26, 24, 70, 48, 50, 52, 70, 8, 55, 46]","[1, 1, 1, 1, 1, 1, 1, 1, 0, 1, 1, 1, 1, 1, 1, 1, 1, 1, 1, 1, 1, 1, 1, 0, 1, 0, 1, 1, 1, 1, 1, 1, 1, 1, 1, 0, 0, 1, 1, 1, 1, 1, 1, 1, 1, 1]","[0, 0, 0, 0, 0, 0, 0, 0, 1, 0, 0, 0, 0, 0, 0, 0, 0, 0, 0, 0, 0, 0, 0, 1, 0, 1, 0, 0, 0, 0, 0, 0, 0, 0, 0, 1, 1, 0, 0, 0, 0, 0, 0, 0, 0, 0]"
280,L2_arctic_WAV/ASI_arctic_b0073,"[36, 24, 63, 63, 49, 70, 17, 50, 59, 29, 8, 68, 8, 55, 3, 46, 67, 49, 28, 8, 55, 39, 24, 55, 46, 3, 67, 24, 68, 46, 52, 30, 54, 63, 64, 3, 67, 49, 9, 31, 58, 59, 14, 40, 55, 8, 30, 14, 55]","[41, 24, 58, 63, 49, 70, 17, 50, 27, 29, 8, 68, 8, 55, 46, 67, 49, 28, 8, 55, 46, 3, 24, 68, 46, 52, 30, 63, 64, 25, 67, 49, 9, 31, 58, 59, 14, 40, 55, 8, 30, 14, 55]","[0, 1, 0, 1, 1, 1, 1, 1, 0, 1, 1, 1, 1, 1, 0, 1, 1, 1, 1, 1, 0, 0, 0, 1, 1, 1, 0, 1, 1, 1, 1, 1, 0, 1, 1, 0, 1, 1, 1, 1, 1, 1, 1, 1, 1, 1, 1, 1, 1]","[1, 0, 1, 0, 0, 0, 0, 0, 1, 0, 0, 0, 0, 0, 1, 0, 0, 0, 0, 0, 1, 1, 1, 0, 0, 0, 1, 0, 0, 0, 0, 0, 1, 0, 0, 1, 0, 0, 0, 0, 0, 0, 0, 0, 0, 0, 0, 0, 0]"
281,L2_arctic_WAV/ASI_arctic_b0081,"[29, 6, 36, 7, 59, 14, 24, 10, 3, 6, 30, 49, 39, 64, 54, 3, 7, 29, 6, 46, 40, 68, 49, 17, 55, 63, 8, 50, 17, 28]","[29, 6, 7, 59, 36, 24, 10, 3, 6, 30, 49, 36, 17, 54, 3, 66, 29, 6, 46, 40, 68, 49, 17, 55, 63, 8, 50, 40, 28]","[1, 1, 0, 1, 1, 0, 1, 1, 1, 1, 1, 1, 0, 0, 1, 1, 0, 1, 1, 1, 1, 1, 1, 1, 1, 1, 1, 1, 0, 1]","[0, 0, 1, 0, 0, 1, 0, 0, 0, 0, 0, 0, 1, 1, 0, 0, 1, 0, 0, 0, 0, 0, 0, 0, 0, 0, 0, 0, 1, 0]"
282,L2_arctic_WAV/ASI_arctic_b0089,"[67, 7, 37, 29, 6, 3, 8, 54, 8, 30, 67, 52, 50, 36, 17, 70, 58, 8, 55, 8, 48, 24, 55, 9, 56, 55, 24, 10, 28, 57, 30, 70]","[67, 31, 37, 29, 6, 3, 8, 54, 8, 30, 67, 52, 36, 17, 70, 58, 8, 55, 8, 48, 24, 55, 9, 56, 55, 24, 10, 28, 57, 30, 46]","[1, 0, 1, 1, 1, 1, 1, 1, 1, 1, 1, 1, 0, 1, 1, 1, 1, 1, 1, 1, 1, 1, 1, 1, 1, 1, 1, 1, 1, 1, 1, 0]","[0, 1, 0, 0, 0, 0, 0, 0, 0, 0, 0, 0, 1, 0, 0, 0, 0, 0, 0, 0, 0, 0, 0, 0, 0, 0, 0, 0, 0, 0, 0, 1]"
283,L2_arctic_WAV/ASI_arctic_b0104,"[9, 6, 3, 24, 10, 48, 60, 55, 70, 48, 64, 46, 3, 30, 56, 28, 54, 30, 64, 9, 24, 70, 8, 39, 24, 30, 52, 28, 3, 50, 24, 46, 8, 3, 49, 22, 50, 6, 67, 24, 70, 37, 17, 58, 49]","[9, 6, 3, 24, 10, 48, 60, 55, 70, 48, 17, 46, 3, 30, 56, 28, 54, 30, 64, 9, 24, 70, 8, 39, 24, 30, 52, 28, 3, 50, 24, 46, 8, 25, 49, 3, 66, 6, 24, 70, 37, 40, 12, 49]","[1, 1, 1, 1, 1, 1, 1, 1, 1, 1, 0, 1, 1, 1, 1, 1, 1, 1, 1, 1, 1, 1, 1, 1, 1, 1, 1, 1, 1, 1, 1, 1, 1, 0, 1, 0, 0, 1, 0, 1, 1, 1, 0, 0, 1]","[0, 0, 0, 0, 0, 0, 0, 0, 0, 0, 1, 0, 0, 0, 0, 0, 0, 0, 0, 0, 0, 0, 0, 0, 0, 0, 0, 0, 0, 0, 0, 0, 0, 1, 0, 1, 1, 0, 1, 0, 0, 0, 1, 1, 0]"
284,L2_arctic_WAV/ASI_arctic_b0118,"[36, 49, 46, 40, 29, 31, 50, 30, 56, 3, 64, 55, 58, 22, 40, 3, 29, 6, 36, 31, 58, 8, 55, 3, 68, 56, 55, 58, 8, 28, 40, 30]","[36, 49, 46, 40, 29, 31, 30, 56, 3, 64, 55, 58, 3, 40, 3, 29, 6, 36, 31, 58, 8, 55, 68, 56, 55, 58, 8, 28, 40, 38]","[1, 1, 1, 1, 1, 1, 0, 1, 1, 1, 1, 1, 1, 0, 1, 1, 1, 1, 1, 1, 1, 1, 1, 0, 1, 1, 1, 1, 1, 1, 1, 0]","[0, 0, 0, 0, 0, 0, 1, 0, 0, 0, 0, 0, 0, 1, 0, 0, 0, 0, 0, 0, 0, 0, 0, 1, 0, 0, 0, 0, 0, 0, 0, 1]"
285,L2_arctic_WAV/ASI_arctic_b0136,"[46, 36, 24, 54, 3, 30, 49, 67, 24, 70, 56, 70, 68, 52, 26, 7, 58, 63, 8, 46, 24, 35, 6, 60, 9, 8, 55]","[46, 36, 24, 54, 30, 49, 67, 24, 70, 56, 70, 68, 52, 26, 7, 63, 8, 46, 24, 35, 6, 60, 9, 8, 55]","[1, 1, 1, 1, 0, 1, 1, 1, 1, 1, 1, 1, 1, 1, 1, 1, 0, 1, 1, 1, 1, 1, 1, 1, 1, 1, 1]","[0, 0, 0, 0, 1, 0, 0, 0, 0, 0, 0, 0, 0, 0, 0, 0, 1, 0, 0, 0, 0, 0, 0, 0, 0, 0, 0]"
286,L2_arctic_WAV/ASI_arctic_b0141,"[24, 3, 36, 8, 70, 37, 49, 3, 24, 10, 64, 55, 58, 36, 60, 3, 24, 10, 24, 55, 63, 8, 64, 68, 37, 31, 9, 8, 39, 63, 14, 70, 37, 30, 64, 28, 48, 24, 3, 46]","[24, 3, 36, 8, 70, 37, 49, 25, 24, 10, 64, 55, 58, 41, 60, 25, 24, 10, 24, 55, 63, 8, 64, 68, 37, 31, 9, 8, 39, 63, 14, 70, 37, 30, 64, 48, 24, 3, 46]","[1, 1, 1, 1, 1, 1, 1, 0, 1, 1, 1, 1, 1, 0, 1, 0, 1, 1, 1, 1, 1, 1, 1, 1, 1, 1, 1, 1, 1, 1, 1, 1, 1, 1, 1, 0, 1, 1, 1, 1]","[0, 0, 0, 0, 0, 0, 0, 1, 0, 0, 0, 0, 0, 1, 0, 1, 0, 0, 0, 0, 0, 0, 0, 0, 0, 0, 0, 0, 0, 0, 0, 0, 0, 0, 0, 1, 0, 0, 0, 0]"
287,L2_arctic_WAV/ASI_arctic_b0158,"[9, 49, 14, 37, 60, 58, 9, 50, 24, 10, 28, 24, 10, 37, 64, 28, 36, 24, 63, 63, 8, 37, 60, 37, 49, 24, 55, 67, 7, 17, 50, 68, 70]","[9, 49, 14, 37, 60, 58, 9, 50, 24, 10, 59, 24, 10, 37, 64, 28, 36, 24, 63, 63, 8, 37, 60, 37, 49, 24, 55, 66, 17, 68, 46]","[1, 1, 1, 1, 1, 1, 1, 1, 1, 1, 0, 1, 1, 1, 1, 1, 1, 1, 1, 1, 1, 1, 1, 1, 1, 1, 1, 0, 0, 1, 0, 1, 0]","[0, 0, 0, 0, 0, 0, 0, 0, 0, 0, 1, 0, 0, 0, 0, 0, 0, 0, 0, 0, 0, 0, 0, 0, 0, 0, 0, 1, 1, 0, 1, 0, 1]"
288,L2_arctic_WAV/ASI_arctic_b0160,"[24, 3, 36, 8, 70, 14, 39, 7, 36, 52, 55, 67, 49, 68, 60, 58, 67, 24, 70, 36, 60, 22, 50, 6, 63, 8, 50, 24, 10, 8, 39, 46, 48, 52, 28, 3, 60, 3, 7, 70]","[24, 12, 36, 8, 70, 14, 36, 7, 36, 52, 55, 49, 68, 60, 12, 67, 24, 70, 41, 60, 22, 66, 6, 63, 8, 66, 60, 10, 8, 39, 46, 48, 52, 28, 3, 60, 3, 7, 46]","[1, 0, 1, 1, 1, 1, 0, 1, 1, 1, 1, 0, 1, 1, 1, 0, 1, 1, 1, 0, 1, 1, 0, 1, 1, 1, 0, 0, 1, 1, 1, 1, 1, 1, 1, 1, 1, 1, 1, 0]","[0, 1, 0, 0, 0, 0, 1, 0, 0, 0, 0, 1, 0, 0, 0, 1, 0, 0, 0, 1, 0, 0, 1, 0, 0, 0, 1, 1, 0, 0, 0, 0, 0, 0, 0, 0, 0, 0, 0, 1]"
289,L2_arctic_WAV/ASI_arctic_b0171,"[67, 49, 35, 60, 55, 69, 58, 67, 24, 70, 46, 49, 3, 54, 40, 50, 8, 46, 3, 49, 68, 7, 50, 49, 28, 30, 56, 55, 24, 10, 35, 52, 50]","[49, 35, 60, 26, 24, 70, 46, 49, 58, 54, 40, 66, 8, 46, 3, 49, 68, 8, 66, 49, 28, 30, 56, 55, 24, 10, 35, 52, 66]","[0, 1, 1, 1, 0, 0, 0, 0, 1, 1, 1, 1, 0, 1, 1, 0, 1, 1, 1, 1, 1, 0, 0, 1, 1, 1, 1, 1, 1, 1, 1, 1, 0]","[1, 0, 0, 0, 1, 1, 1, 1, 0, 0, 0, 0, 1, 0, 0, 1, 0, 0, 0, 0, 0, 1, 1, 0, 0, 0, 0, 0, 0, 0, 0, 0, 1]"
290,L2_arctic_WAV/ASI_arctic_b0197,"[63, 8, 48, 30, 64, 55, 3, 7, 70, 17, 50, 40, 30, 50, 52, 58, 49, 28, 8, 55, 46, 24, 58, 7, 24, 10, 63, 8, 68, 64, 3, 7]","[58, 8, 48, 30, 17, 55, 3, 8, 70, 17, 66, 40, 30, 66, 52, 12, 49, 28, 17, 55, 46, 24, 12, 7, 24, 10, 63, 8, 68, 56, 25, 7]","[0, 1, 1, 1, 0, 1, 1, 0, 1, 1, 0, 1, 1, 0, 1, 0, 1, 1, 0, 1, 1, 1, 0, 1, 1, 1, 1, 1, 1, 0, 0, 1]","[1, 0, 0, 0, 1, 0, 0, 1, 0, 0, 1, 0, 0, 1, 0, 1, 0, 0, 1, 0, 0, 0, 1, 0, 0, 0, 0, 0, 0, 1, 1, 0]"
291,L2_arctic_WAV/ASI_arctic_b0215,"[24, 3, 24, 70, 8, 48, 50, 24, 3, 49, 59, 31, 58, 48, 50, 17, 48, 7, 3, 49, 8, 55, 58, 36, 7, 22, 68, 40, 50, 63, 8, 55, 63, 64, 3]","[24, 25, 24, 70, 8, 48, 50, 24, 3, 49, 59, 31, 58, 48, 50, 17, 48, 66, 58, 49, 8, 55, 58, 36, 31, 3, 68, 40, 50, 63, 8, 55, 58, 64, 3]","[1, 0, 1, 1, 1, 1, 1, 1, 1, 1, 1, 1, 1, 1, 1, 1, 1, 0, 0, 1, 1, 1, 1, 1, 0, 0, 1, 1, 1, 1, 1, 1, 0, 1, 1]","[0, 1, 0, 0, 0, 0, 0, 0, 0, 0, 0, 0, 0, 0, 0, 0, 0, 1, 1, 0, 0, 0, 0, 0, 1, 1, 0, 0, 0, 0, 0, 0, 1, 0, 0]"
292,L2_arctic_WAV/ASI_arctic_b0315,"[8, 55, 58, 63, 24, 46, 36, 8, 70, 63, 52, 50, 46, 14, 30, 28, 17, 55, 39, 7, 46, 60, 9, 8, 55, 22, 50, 6, 15, 3, 63, 8, 68, 49, 30]","[8, 55, 58, 63, 24, 46, 36, 8, 70, 70, 52, 46, 14, 30, 28, 17, 55, 36, 8, 70, 60, 9, 8, 55, 3, 66, 6, 15, 58, 8, 68, 49, 30]","[1, 1, 1, 1, 1, 1, 1, 1, 1, 0, 1, 0, 1, 1, 1, 1, 1, 1, 0, 0, 0, 1, 1, 1, 1, 0, 0, 1, 1, 0, 0, 1, 1, 1, 1]","[0, 0, 0, 0, 0, 0, 0, 0, 0, 1, 0, 1, 0, 0, 0, 0, 0, 0, 1, 1, 1, 0, 0, 0, 0, 1, 1, 0, 0, 1, 1, 0, 0, 0, 0]"
293,L2_arctic_WAV/ASI_arctic_b0317,"[67, 49, 58, 24, 58, 55, 17, 3, 37, 24, 30, 49, 39, 24, 55, 63, 8, 37, 7, 55, 24, 10, 8, 39, 58, 60, 30, 56, 3, 54, 40, 50, 46, 8, 35, 8, 30, 8, 59, 26, 7, 49]","[67, 49, 12, 24, 12, 55, 17, 3, 37, 24, 30, 49, 24, 55, 63, 8, 37, 31, 55, 24, 10, 8, 39, 58, 60, 30, 56, 3, 54, 40, 50, 46, 8, 35, 8, 30, 8, 59, 26, 66, 49]","[1, 1, 0, 1, 0, 1, 1, 1, 1, 1, 1, 1, 0, 1, 1, 1, 1, 1, 0, 1, 1, 1, 1, 1, 1, 1, 1, 1, 1, 1, 1, 1, 1, 1, 1, 1, 1, 1, 1, 1, 0, 1]","[0, 0, 1, 0, 1, 0, 0, 0, 0, 0, 0, 0, 1, 0, 0, 0, 0, 0, 1, 0, 0, 0, 0, 0, 0, 0, 0, 0, 0, 0, 0, 0, 0, 0, 0, 0, 0, 0, 0, 0, 1, 0]"
294,L2_arctic_WAV/ASI_arctic_b0321,"[24, 55, 46, 3, 52, 58, 67, 49, 7, 56, 39, 58, 40, 55, 63, 8, 55, 56, 3, 8, 39, 63, 8, 46, 52, 28, 8, 55, 58, 60]","[24, 55, 46, 52, 58, 67, 49, 8, 66, 56, 39, 58, 40, 55, 63, 8, 55, 56, 3, 8, 39, 63, 8, 46, 52, 28, 8, 55, 58, 60]","[1, 1, 1, 0, 1, 1, 1, 1, 0, 1, 1, 1, 1, 1, 1, 1, 1, 1, 1, 1, 1, 1, 1, 1, 1, 1, 1, 1, 1, 1]","[0, 0, 0, 1, 0, 0, 0, 0, 1, 0, 0, 0, 0, 0, 0, 0, 0, 0, 0, 0, 0, 0, 0, 0, 0, 0, 0, 0, 0, 0]"
295,L2_arctic_WAV/ASI_arctic_b0371,"[29, 49, 30, 58, 29, 7, 46, 52, 30, 54, 3, 8, 63, 8, 36, 40, 3, 7, 70, 63, 64, 3, 7, 50, 24, 48, 24, 10, 64, 55, 58, 3, 52, 50, 24, 10, 64, 3, 29, 6]","[29, 49, 30, 58, 29, 6, 7, 46, 52, 30, 54, 25, 8, 63, 8, 36, 40, 25, 8, 70, 70, 64, 3, 7, 66, 24, 48, 24, 10, 64, 55, 58, 3, 52, 50, 24, 10, 64, 3, 29, 6]","[1, 1, 1, 1, 1, 1, 1, 1, 1, 1, 0, 1, 1, 1, 1, 1, 0, 0, 1, 0, 1, 1, 1, 0, 1, 1, 1, 1, 1, 1, 1, 1, 1, 1, 1, 1, 1, 1, 1, 1]","[0, 0, 0, 0, 0, 0, 0, 0, 0, 0, 1, 0, 0, 0, 0, 0, 1, 1, 0, 1, 0, 0, 0, 1, 0, 0, 0, 0, 0, 0, 0, 0, 0, 0, 0, 0, 0, 0, 0, 0]"
296,L2_arctic_WAV/ASI_arctic_b0396,"[63, 8, 48, 60, 55, 54, 50, 8, 68, 68, 56, 67, 7, 3, 55, 49, 36, 8, 70, 64, 59, 8, 55, 56, 70, 24, 10]","[63, 8, 48, 66, 60, 55, 54, 50, 8, 68, 68, 56, 67, 31, 3, 55, 49, 36, 8, 70, 64, 59, 8, 55, 56, 70, 24, 10]","[1, 1, 1, 1, 1, 1, 1, 1, 1, 1, 1, 1, 0, 1, 1, 1, 1, 1, 1, 1, 1, 1, 1, 1, 1, 1, 1]","[0, 0, 0, 0, 0, 0, 0, 0, 0, 0, 0, 0, 1, 0, 0, 0, 0, 0, 0, 0, 0, 0, 0, 0, 0, 0, 0]"
297,L2_arctic_WAV/ASI_arctic_b0411,"[67, 49, 59, 60, 39, 55, 14, 50, 49, 70, 8, 55, 37, 8, 3, 67, 24, 70, 68, 14, 3, 24, 39, 36, 40, 70, 17, 37, 39, 49, 8, 46, 24, 55, 8, 54]","[67, 49, 59, 60, 39, 55, 14, 66, 49, 70, 8, 55, 37, 8, 25, 67, 24, 70, 68, 14, 25, 24, 36, 40, 70, 17, 39, 49, 8, 46, 24, 55, 8, 54]","[1, 1, 1, 1, 1, 1, 1, 0, 1, 1, 1, 1, 1, 1, 0, 1, 1, 1, 1, 1, 0, 1, 0, 1, 1, 1, 1, 0, 1, 1, 1, 1, 1, 1, 1, 1]","[0, 0, 0, 0, 0, 0, 0, 1, 0, 0, 0, 0, 0, 0, 1, 0, 0, 0, 0, 0, 1, 0, 1, 0, 0, 0, 0, 1, 0, 0, 0, 0, 0, 0, 0, 0]"
298,L2_arctic_WAV/ASI_arctic_b0433,"[36, 49, 7, 28, 31, 28, 24, 10, 17, 55, 63, 8, 28, 14, 30, 46, 3, 14, 39, 8, 55, 58, 40, 55, 63, 49, 57, 30, 37, 7, 55, 7, 70]","[41, 49, 7, 28, 6, 28, 24, 10, 17, 55, 63, 8, 28, 14, 30, 46, 3, 14, 39, 8, 55, 58, 40, 55, 63, 49, 57, 30, 37, 31, 55, 7, 46]","[0, 1, 1, 1, 0, 1, 1, 1, 1, 1, 1, 1, 1, 1, 1, 1, 1, 1, 1, 1, 1, 1, 1, 1, 1, 1, 1, 1, 1, 0, 1, 1, 0]","[1, 0, 0, 0, 1, 0, 0, 0, 0, 0, 0, 0, 0, 0, 0, 0, 0, 0, 0, 0, 0, 0, 0, 0, 0, 0, 0, 0, 0, 1, 0, 0, 1]"
299,L2_arctic_WAV/ERMS_arctic_a0003,"[54, 50, 7, 63, 8, 3, 36, 52, 55, 3, 49, 8, 22, 3, 56, 68, 63, 64, 3, 49, 39, 55, 24, 10, 63, 8, 3, 6, 68, 52, 55, 9, 31, 28, 67, 64, 55, 70]","[54, 50, 7, 63, 8, 3, 36, 52, 55, 3, 49, 8, 22, 3, 56, 68, 58, 64, 3, 49, 53, 49, 55, 24, 10, 58, 8, 3, 6, 68, 52, 10, 9, 31, 28, 67, 64, 55, 46]","[1, 1, 1, 1, 1, 1, 1, 1, 1, 1, 1, 1, 1, 1, 1, 1, 0, 1, 1, 1, 0, 1, 1, 1, 0, 1, 1, 1, 1, 1, 0, 1, 1, 1, 1, 1, 1, 0]","[0, 0, 0, 0, 0, 0, 0, 0, 0, 0, 0, 0, 0, 0, 0, 0, 1, 0, 0, 0, 1, 0, 0, 0, 1, 0, 0, 0, 0, 0, 1, 0, 0, 0, 0, 0, 0, 1]"
300,L2_arctic_WAV/ERMS_arctic_a0005,"[36, 24, 30, 36, 49, 52, 39, 7, 54, 7, 59, 52, 3, 24, 3]","[36, 24, 30, 36, 49, 52, 39, 7, 54, 7, 59, 52, 3, 24, 3]","[1, 1, 1, 1, 1, 1, 1, 1, 1, 1, 1, 1, 1, 1, 1]","[0, 0, 0, 0, 0, 0, 0, 0, 0, 0, 0, 0, 0, 0, 0]"
301,L2_arctic_WAV/ERMS_arctic_a0006,"[59, 17, 58, 37, 30, 52, 46, 8, 68, 56, 67, 14, 48, 56, 30, 59, 14, 40, 55, 46, 49, 24, 10, 63, 52, 68, 54, 7, 52, 39, 7]","[59, 17, 58, 37, 30, 52, 46, 8, 68, 56, 67, 14, 48, 56, 30, 59, 14, 34, 55, 46, 49, 24, 10, 58, 52, 68, 54, 7, 52, 39, 7]","[1, 1, 1, 1, 1, 1, 1, 1, 1, 1, 1, 1, 1, 1, 1, 1, 1, 0, 1, 1, 1, 1, 1, 0, 1, 1, 1, 1, 1, 1, 1]","[0, 0, 0, 0, 0, 0, 0, 0, 0, 0, 0, 0, 0, 0, 0, 0, 0, 1, 0, 0, 0, 0, 0, 1, 0, 0, 0, 0, 0, 0, 0]"
302,L2_arctic_WAV/ERMS_arctic_a0007,"[8, 55, 58, 29, 6, 40, 30, 36, 49, 70, 36, 17, 55, 3, 3, 8, 46, 49, 24, 3, 24, 55, 63, 8, 46, 31, 48, 7, 30, 8, 3, 24, 39, 58, 24, 59, 50, 49]","[8, 55, 58, 29, 14, 40, 30, 36, 49, 70, 36, 17, 55, 3, 55, 8, 46, 49, 24, 3, 24, 55, 63, 11, 46, 31, 48, 7, 30, 8, 3, 24, 39, 58, 24, 59, 50, 49]","[1, 1, 1, 1, 0, 1, 1, 1, 1, 1, 1, 1, 1, 1, 0, 1, 1, 1, 1, 1, 1, 1, 1, 0, 1, 1, 1, 1, 1, 1, 1, 1, 1, 1, 1, 1, 1, 1]","[0, 0, 0, 0, 1, 0, 0, 0, 0, 0, 0, 0, 0, 0, 1, 0, 0, 0, 0, 0, 0, 0, 0, 1, 0, 0, 0, 0, 0, 0, 0, 0, 0, 0, 0, 0, 0, 0]"
303,L2_arctic_WAV/ERMS_arctic_a0008,"[59, 64, 58, 29, 31, 50, 30, 52, 3, 7, 28, 60, 68, 69, 8, 46, 3, 24, 55, 3, 56, 68]","[59, 64, 58, 29, 31, 50, 30, 52, 3, 7, 28, 60, 68, 29, 8, 46, 3, 49, 55, 3, 56, 68]","[1, 1, 1, 1, 1, 1, 1, 1, 1, 1, 1, 1, 1, 0, 1, 1, 1, 0, 1, 1, 1, 1]","[0, 0, 0, 0, 0, 0, 0, 0, 0, 0, 0, 0, 0, 1, 0, 0, 0, 1, 0, 0, 0, 0]"
304,L2_arctic_WAV/ERMS_arctic_a0010,"[56, 68, 48, 30, 60, 24, 10, 8, 46, 24, 10, 59, 8, 30, 67, 64, 55, 58, 24, 55, 36, 8, 3, 30, 31, 28, 46, 30, 56, 28, 8, 30, 6, 70, 24, 10, 59, 60, 68]","[56, 68, 48, 30, 60, 24, 10, 8, 46, 49, 10, 59, 8, 30, 67, 20, 55, 58, 24, 10, 36, 8, 3, 30, 31, 28, 46, 30, 56, 28, 8, 30, 6, 46, 24, 10, 59, 60, 68]","[1, 1, 1, 1, 1, 1, 1, 1, 1, 0, 1, 1, 1, 1, 1, 0, 1, 1, 1, 0, 1, 1, 1, 1, 1, 1, 1, 1, 1, 1, 1, 1, 1, 0, 1, 1, 1, 1, 1]","[0, 0, 0, 0, 0, 0, 0, 0, 0, 1, 0, 0, 0, 0, 0, 1, 0, 0, 0, 1, 0, 0, 0, 0, 0, 0, 0, 0, 0, 0, 0, 0, 0, 1, 0, 0, 0, 0, 0]"
305,L2_arctic_WAV/ERMS_arctic_a0011,"[24, 54, 56, 52, 39, 7, 55, 49, 58, 24, 58, 8, 54, 56, 3, 7, 24, 55, 68, 56, 30, 56, 54, 56, 55, 49, 58, 36, 8, 55, 55, 15]","[24, 54, 56, 52, 53, 7, 55, 49, 58, 24, 58, 8, 54, 56, 3, 7, 24, 10, 68, 56, 30, 56, 54, 56, 55, 49, 58, 36, 8, 55, 55, 15]","[1, 1, 1, 1, 0, 1, 1, 1, 1, 1, 1, 1, 1, 1, 1, 1, 1, 0, 1, 1, 1, 1, 1, 1, 1, 1, 1, 1, 1, 1, 1, 1]","[0, 0, 0, 0, 1, 0, 0, 0, 0, 0, 0, 0, 0, 0, 0, 0, 0, 1, 0, 0, 0, 0, 0, 0, 0, 0, 0, 0, 0, 0, 0, 0]"
306,L2_arctic_WAV/ERMS_arctic_a0013,"[67, 49, 36, 8, 70, 8, 67, 52, 58, 9, 40, 50, 3, 7, 63, 64, 55, 67, 24, 70, 28, 8, 68, 48, 64, 55, 29, 8, 55, 8, 39, 40, 30, 68, 14, 46, 3, 58, 52, 30, 8, 28, 8, 3, 54, 8, 70, 49, 28]","[67, 49, 36, 8, 46, 8, 67, 52, 58, 35, 40, 50, 3, 7, 58, 64, 55, 67, 24, 46, 28, 8, 68, 48, 64, 55, 29, 8, 55, 8, 39, 40, 30, 68, 14, 46, 3, 58, 52, 30, 8, 28, 60, 3, 54, 54, 49, 46, 49, 28]","[1, 1, 1, 1, 0, 1, 1, 1, 1, 0, 1, 1, 1, 1, 0, 1, 1, 1, 1, 0, 1, 1, 1, 1, 1, 1, 1, 1, 1, 1, 1, 1, 1, 1, 1, 1, 1, 1, 1, 1, 1, 1, 0, 1, 1, 0, 0, 1, 1]","[0, 0, 0, 0, 1, 0, 0, 0, 0, 1, 0, 0, 0, 0, 1, 0, 0, 0, 0, 1, 0, 0, 0, 0, 0, 0, 0, 0, 0, 0, 0, 0, 0, 0, 0, 0, 0, 0, 0, 0, 0, 0, 1, 0, 0, 1, 1, 0, 0]"
307,L2_arctic_WAV/ERMS_arctic_a0018,"[63, 52, 50, 36, 8, 70, 8, 35, 60, 55, 69, 55, 15]","[58, 52, 50, 36, 8, 46, 8, 35, 60, 55, 69, 55, 15]","[0, 1, 1, 1, 1, 0, 1, 1, 1, 1, 1, 1, 1]","[1, 0, 0, 0, 0, 1, 0, 0, 0, 0, 0, 0, 0]"
308,L2_arctic_WAV/ERMS_arctic_a0019,"[56, 54, 17, 30, 14, 58, 63, 8, 30, 56, 55, 8, 39, 63, 8, 48, 50, 8, 48, 14, 70, 58, 50, 60, 30, 50, 14, 58, 30, 31, 28, 24, 10, 54, 7, 35, 64, 55, 46, 8, 70]","[56, 54, 40, 30, 14, 61, 58, 8, 30, 56, 55, 8, 39, 58, 8, 48, 50, 8, 48, 14, 46, 50, 60, 50, 14, 58, 30, 31, 28, 24, 10, 54, 7, 35, 64, 55, 46, 8, 46]","[1, 1, 0, 1, 1, 1, 0, 1, 1, 1, 1, 1, 1, 0, 1, 1, 1, 1, 1, 1, 0, 0, 1, 1, 0, 1, 1, 1, 1, 1, 1, 1, 1, 1, 1, 1, 1, 1, 1, 1, 0]","[0, 0, 1, 0, 0, 1, 1, 0, 0, 0, 0, 0, 0, 1, 0, 0, 0, 0, 0, 0, 1, 1, 0, 0, 1, 0, 0, 0, 0, 0, 0, 0, 0, 0, 0, 0, 0, 0, 0, 0, 1]"
309,L2_arctic_WAV/ERMS_arctic_a0020,"[28, 30, 8, 37, 70, 8, 55, 58, 37, 40, 30, 70, 8, 55, 58, 46, 24, 3, 49, 70, 59, 50, 6, 3, 6, 37, 49, 14, 55, 30, 49, 68, 52, 68, 7, 50, 49, 70]","[47, 30, 8, 37, 46, 8, 55, 58, 37, 40, 30, 70, 8, 55, 58, 46, 49, 3, 49, 70, 59, 50, 6, 3, 6, 37, 49, 14, 55, 30, 49, 68, 52, 68, 14, 50, 49, 46]","[0, 1, 1, 1, 0, 1, 1, 1, 1, 1, 1, 1, 1, 1, 1, 1, 0, 1, 1, 1, 1, 1, 1, 1, 1, 1, 1, 1, 1, 1, 1, 1, 1, 1, 0, 1, 1, 0]","[1, 0, 0, 0, 1, 0, 0, 0, 0, 0, 0, 0, 0, 0, 0, 0, 1, 0, 0, 0, 0, 0, 0, 0, 0, 0, 0, 0, 0, 0, 0, 0, 0, 0, 1, 0, 0, 1]"
310,L2_arctic_WAV/ERMS_arctic_a0021,"[24, 3, 54, 52, 50, 30, 49, 28, 30, 8, 37, 58, 68, 49, 24, 55, 3, 6, 50, 52, 28, 8, 59, 55, 56, 70, 24, 10, 24, 3]","[24, 3, 54, 52, 30, 49, 28, 30, 20, 37, 58, 68, 49, 49, 55, 3, 6, 50, 52, 28, 8, 59, 55, 56, 46, 24, 10, 24, 3]","[1, 1, 1, 1, 0, 1, 1, 1, 1, 0, 1, 1, 1, 1, 0, 1, 1, 1, 1, 1, 1, 1, 1, 1, 1, 0, 1, 1, 1, 1]","[0, 0, 0, 0, 1, 0, 0, 0, 0, 1, 0, 0, 0, 0, 1, 0, 0, 0, 0, 0, 0, 0, 0, 0, 0, 1, 0, 0, 0, 0]"
311,L2_arctic_WAV/ERMS_arctic_a0022,"[67, 17, 50, 58, 30, 49, 36, 7, 17, 50, 48, 30, 64, 55, 70, 68, 60, 58, 48, 8, 37, 30, 24, 28, 37, 24, 54, 40, 50, 36, 49, 36, 7, 68, 52, 3, 37, 56, 48, 15, 7, 54, 8, 30, 17, 48, 8, 70, 24, 9, 8, 55]","[67, 17, 58, 30, 49, 36, 7, 17, 50, 48, 30, 64, 55, 46, 68, 60, 58, 48, 8, 37, 30, 24, 28, 37, 24, 54, 40, 36, 49, 36, 7, 68, 52, 3, 37, 56, 48, 15, 7, 54, 8, 38, 17, 48, 8, 46, 49, 9, 8, 55]","[1, 1, 0, 1, 1, 1, 1, 1, 1, 1, 1, 1, 1, 1, 0, 1, 1, 1, 1, 1, 1, 1, 1, 1, 1, 1, 1, 1, 0, 1, 1, 1, 1, 1, 1, 1, 1, 1, 1, 1, 1, 1, 1, 0, 1, 1, 1, 0, 0, 1, 1, 1]","[0, 0, 1, 0, 0, 0, 0, 0, 0, 0, 0, 0, 0, 0, 1, 0, 0, 0, 0, 0, 0, 0, 0, 0, 0, 0, 0, 0, 1, 0, 0, 0, 0, 0, 0, 0, 0, 0, 0, 0, 0, 0, 0, 1, 0, 0, 0, 1, 1, 0, 0, 0]"
312,L2_arctic_WAV/ERMS_arctic_a0023,"[8, 28, 17, 68, 37, 8, 55, 60, 9, 8, 55, 8, 39, 28, 8, 55, 60, 58, 49, 8, 55, 28, 64, 48, 8, 3, 8, 30, 28, 36, 24, 28, 30, 49, 40, 50, 59, 8, 55, 56, 70, 58, 8, 55, 58, 48, 8, 3, 24, 9, 8, 55, 58, 54, 50, 7, 63, 8, 46, 60, 68, 48, 50, 24, 39, 24, 30, 8, 69, 8, 70]","[8, 28, 17, 68, 37, 49, 55, 60, 9, 8, 10, 8, 39, 28, 8, 55, 60, 58, 49, 8, 55, 28, 64, 48, 24, 3, 8, 28, 36, 24, 28, 30, 49, 40, 50, 59, 8, 55, 56, 46, 3, 8, 55, 58, 48, 8, 3, 49, 9, 8, 55, 58, 54, 50, 7, 63, 8, 46, 60, 68, 48, 50, 24, 39, 24, 30, 8, 9, 8, 46]","[1, 1, 1, 1, 1, 0, 1, 1, 1, 1, 0, 1, 1, 1, 1, 1, 1, 1, 1, 1, 1, 1, 1, 1, 0, 1, 1, 0, 1, 1, 1, 1, 1, 1, 1, 1, 1, 1, 1, 1, 0, 0, 1, 1, 1, 1, 1, 1, 0, 1, 1, 1, 1, 1, 1, 1, 1, 1, 1, 1, 1, 1, 1, 1, 1, 1, 1, 1, 0, 1, 0]","[0, 0, 0, 0, 0, 1, 0, 0, 0, 0, 1, 0, 0, 0, 0, 0, 0, 0, 0, 0, 0, 0, 0, 0, 1, 0, 0, 1, 0, 0, 0, 0, 0, 0, 0, 0, 0, 0, 0, 0, 1, 1, 0, 0, 0, 0, 0, 0, 1, 0, 0, 0, 0, 0, 0, 0, 0, 0, 0, 0, 0, 0, 0, 0, 0, 0, 0, 0, 1, 0, 1]"
313,L2_arctic_WAV/ERMS_arctic_a0024,"[24, 3, 36, 8, 70, 68, 56, 50, 24, 48, 40, 50, 3, 46, 54, 50, 8, 68, 63, 8, 55, 40, 50, 22, 67, 36, 24, 35, 35, 49, 54, 30, 49, 24, 55, 58, 6, 46, 3, 48, 49, 48, 8, 30, 3, 24, 37, 56]","[24, 3, 36, 8, 46, 68, 56, 50, 24, 48, 40, 50, 3, 46, 54, 50, 8, 68, 63, 8, 55, 40, 50, 3, 67, 36, 49, 35, 35, 49, 54, 30, 49, 24, 55, 58, 6, 46, 3, 48, 49, 48, 8, 30, 3, 24, 37, 56]","[1, 1, 1, 1, 0, 1, 1, 1, 1, 1, 1, 1, 1, 1, 1, 1, 1, 1, 1, 1, 1, 1, 1, 0, 1, 1, 0, 1, 1, 1, 1, 1, 1, 1, 1, 1, 1, 1, 1, 1, 1, 1, 1, 1, 1, 1, 1, 1]","[0, 0, 0, 0, 1, 0, 0, 0, 0, 0, 0, 0, 0, 0, 0, 0, 0, 0, 0, 0, 0, 0, 0, 1, 0, 0, 1, 0, 0, 0, 0, 0, 0, 0, 0, 0, 0, 0, 0, 0, 0, 0, 0, 0, 0, 0, 0, 0]"
314,L2_arctic_WAV/ERMS_arctic_a0025,"[56, 36, 8, 70, 8, 37, 15, 3, 3, 6, 58, 6, 63, 24, 46, 67, 36, 52, 55, 28, 6, 30, 7, 69, 8, 69, 68, 8, 55, 3, 48, 50, 24, 39, 60, 30, 58]","[56, 36, 8, 46, 8, 37, 15, 3, 3, 6, 58, 6, 63, 49, 46, 67, 36, 52, 55, 28, 6, 30, 7, 69, 8, 69, 68, 8, 55, 3, 48, 50, 24, 37, 60, 30, 3]","[1, 1, 1, 0, 1, 1, 1, 1, 1, 1, 1, 1, 1, 0, 1, 1, 1, 1, 1, 1, 1, 1, 1, 1, 1, 1, 1, 1, 1, 1, 1, 1, 1, 0, 1, 1, 0]","[0, 0, 0, 1, 0, 0, 0, 0, 0, 0, 0, 0, 0, 1, 0, 0, 0, 0, 0, 0, 0, 0, 0, 0, 0, 0, 0, 0, 0, 0, 0, 0, 0, 1, 0, 0, 1]"
315,L2_arctic_WAV/ERMS_arctic_a0026,"[24, 3, 8, 28, 7, 58, 3, 6, 68, 49, 63, 64, 3, 63, 52, 50, 36, 31, 58, 67, 64, 39, 3, 6, 37, 49, 64, 55, 8, 28, 15, 55, 3, 24, 10]","[24, 3, 8, 28, 29, 7, 58, 3, 6, 68, 49, 58, 64, 3, 58, 52, 50, 36, 31, 58, 67, 20, 37, 3, 6, 37, 49, 64, 55, 8, 28, 40, 55, 3, 24, 10]","[1, 1, 1, 1, 1, 1, 1, 1, 1, 1, 0, 1, 1, 0, 1, 1, 1, 1, 1, 1, 0, 0, 1, 1, 1, 1, 1, 1, 1, 1, 0, 1, 1, 1, 1]","[0, 0, 0, 0, 0, 0, 0, 0, 0, 0, 1, 0, 0, 1, 0, 0, 0, 0, 0, 0, 1, 1, 0, 0, 0, 0, 0, 0, 0, 0, 1, 0, 0, 0, 0]"
316,L2_arctic_WAV/ERMS_arctic_a0027,"[3, 8, 68, 56, 46, 7, 48, 50, 56, 70, 67, 49, 37, 49, 59, 64, 55, 3, 8, 9, 14, 64, 28, 9, 8, 30, 24, 55, 22, 6, 70, 49, 64, 70, 8, 68, 24, 55, 68, 56, 54, 60, 39, 7]","[3, 8, 68, 56, 46, 7, 48, 50, 56, 46, 67, 49, 37, 49, 59, 20, 55, 3, 8, 9, 14, 64, 28, 9, 8, 30, 24, 55, 3, 6, 46, 49, 64, 46, 8, 68, 24, 55, 68, 56, 54, 64, 39, 7]","[1, 1, 1, 1, 1, 1, 1, 1, 1, 0, 1, 1, 1, 1, 1, 0, 1, 1, 1, 1, 1, 1, 1, 1, 1, 1, 1, 1, 0, 1, 0, 1, 1, 0, 1, 1, 1, 1, 1, 1, 1, 0, 1, 1]","[0, 0, 0, 0, 0, 0, 0, 0, 0, 1, 0, 0, 0, 0, 0, 1, 0, 0, 0, 0, 0, 0, 0, 0, 0, 0, 0, 0, 1, 0, 1, 0, 0, 1, 0, 0, 0, 0, 0, 0, 0, 1, 0, 0]"
317,L2_arctic_WAV/ERMS_arctic_a0028,"[50, 17, 37, 7, 49, 37, 50, 56, 37, 7, 49, 54, 50, 40, 58]","[50, 17, 37, 7, 49, 37, 50, 56, 37, 7, 49, 54, 50, 40, 58]","[1, 1, 1, 1, 1, 1, 1, 1, 1, 1, 1, 1, 1, 1, 1]","[0, 0, 0, 0, 0, 0, 0, 0, 0, 0, 0, 0, 0, 0, 0]"
318,L2_arctic_WAV/ERMS_arctic_a0029,"[63, 52, 50, 54, 40, 50, 46, 24, 70, 36, 7, 40, 50, 52, 58, 49, 68, 6, 39, 24, 10, 24, 55, 3, 6, 63, 8, 55, 40, 50, 22, 28, 8, 55, 3, 50, 49]","[58, 52, 50, 54, 40, 50, 46, 24, 70, 36, 23, 40, 50, 52, 58, 49, 68, 6, 53, 24, 10, 49, 55, 3, 6, 58, 8, 55, 40, 50, 3, 28, 8, 55, 3, 50, 49]","[0, 1, 1, 1, 1, 1, 1, 1, 1, 1, 0, 1, 1, 1, 1, 1, 1, 1, 0, 1, 1, 0, 1, 1, 1, 0, 1, 1, 1, 1, 0, 1, 1, 1, 1, 1, 1]","[1, 0, 0, 0, 0, 0, 0, 0, 0, 0, 1, 0, 0, 0, 0, 0, 0, 0, 1, 0, 0, 1, 0, 0, 0, 1, 0, 0, 0, 0, 1, 0, 0, 0, 0, 0, 0]"
319,L2_arctic_WAV/ERMS_arctic_a0030,"[56, 67, 64, 58, 54, 60, 22, 24, 55, 63, 52, 68]","[56, 67, 64, 58, 54, 60, 3, 24, 55, 58, 52, 68]","[1, 1, 1, 1, 1, 1, 0, 1, 1, 0, 1, 1]","[0, 0, 0, 0, 0, 0, 1, 0, 0, 1, 0, 0]"
320,L2_arctic_WAV/ERMS_arctic_a0031,"[63, 60, 36, 7, 22, 50, 49, 67, 8, 55, 58, 7, 58, 29, 17, 50, 58, 70, 8, 48, 17, 50, 3]","[58, 60, 36, 7, 3, 50, 49, 67, 20, 55, 58, 7, 58, 29, 17, 50, 58, 46, 8, 48, 17, 50, 3]","[0, 1, 1, 1, 0, 1, 1, 1, 0, 1, 1, 1, 1, 1, 1, 1, 1, 0, 1, 1, 1, 1, 1]","[1, 0, 0, 0, 1, 0, 0, 0, 1, 0, 0, 0, 0, 0, 0, 0, 0, 1, 0, 0, 0, 0, 0]"
321,L2_arctic_WAV/ERMS_arctic_a0032,"[46, 24, 55, 46, 63, 52, 55, 46, 8, 68, 68, 24, 46, 3, 24, 50, 49, 8, 46, 54, 40, 50, 46, 67, 64, 70, 37, 24, 55, 54, 56, 3, 24, 10, 8, 46, 64, 3, 52, 39, 7, 49, 46, 3, 52, 48]","[46, 49, 55, 70, 58, 52, 55, 46, 8, 68, 68, 24, 46, 3, 24, 50, 49, 8, 46, 54, 40, 50, 46, 67, 64, 70, 37, 24, 55, 54, 56, 3, 24, 10, 8, 46, 64, 3, 52, 39, 7, 49, 46, 3, 52, 48]","[1, 0, 1, 0, 0, 1, 1, 1, 1, 1, 1, 1, 1, 1, 1, 1, 1, 1, 1, 1, 1, 1, 1, 1, 1, 1, 1, 1, 1, 1, 1, 1, 1, 1, 1, 1, 1, 1, 1, 1, 1, 1, 1, 1, 1, 1]","[0, 1, 0, 1, 1, 0, 0, 0, 0, 0, 0, 0, 0, 0, 0, 0, 0, 0, 0, 0, 0, 0, 0, 0, 0, 0, 0, 0, 0, 0, 0, 0, 0, 0, 0, 0, 0, 0, 0, 0, 0, 0, 0, 0, 0, 0]"
322,L2_arctic_WAV/ERMS_arctic_a0036,"[9, 49, 3, 7, 55, 58, 24, 55, 64, 3, 63, 8, 67, 14, 3, 52, 30]","[9, 49, 3, 7, 55, 3, 24, 55, 64, 3, 58, 52, 67, 14, 3, 52, 30]","[1, 1, 1, 1, 1, 0, 1, 1, 1, 1, 0, 0, 1, 1, 1, 1, 1]","[0, 0, 0, 0, 0, 1, 0, 0, 0, 0, 1, 1, 0, 0, 0, 0, 0]"
323,L2_arctic_WAV/ERMS_arctic_a0037,"[56, 36, 8, 70, 63, 49, 14, 55, 30, 49, 36, 8, 55, 67, 6, 50, 49, 68, 60, 55, 58, 46, 24, 3, 24, 10]","[56, 36, 8, 70, 63, 49, 14, 55, 30, 49, 36, 20, 10, 67, 6, 50, 49, 68, 60, 55, 3, 46, 49, 3, 49, 10]","[1, 1, 1, 1, 1, 1, 1, 1, 1, 1, 1, 0, 0, 1, 1, 1, 1, 1, 1, 1, 0, 1, 0, 1, 0, 1]","[0, 0, 0, 0, 0, 0, 0, 0, 0, 0, 0, 1, 1, 0, 0, 0, 0, 0, 0, 0, 1, 0, 1, 0, 1, 0]"
324,L2_arctic_WAV/ERMS_arctic_a0038,"[36, 24, 30, 67, 64, 39, 3, 8, 36, 17, 35, 17, 50, 35, 64, 55, 46, 24, 70]","[36, 24, 30, 67, 64, 37, 3, 8, 36, 17, 35, 17, 50, 35, 64, 55, 46, 24, 46]","[1, 1, 1, 1, 1, 0, 1, 1, 1, 1, 1, 1, 1, 1, 1, 1, 1, 1, 0]","[0, 0, 0, 0, 0, 1, 0, 0, 0, 0, 0, 0, 0, 0, 0, 0, 0, 0, 1]"
325,L2_arctic_WAV/ERMS_arctic_a0039,"[63, 8, 9, 24, 48, 9, 31, 58, 37, 49, 24, 55, 36, 24, 63, 24, 55, 8, 36, 49, 28, 7, 3, 52, 55, 58, 60, 70]","[58, 8, 9, 49, 48, 9, 31, 58, 37, 49, 49, 10, 36, 24, 63, 49, 10, 8, 36, 49, 28, 7, 3, 52, 55, 58, 60, 46]","[0, 1, 1, 0, 1, 1, 1, 1, 1, 1, 0, 0, 1, 1, 1, 0, 0, 1, 1, 1, 1, 1, 1, 1, 1, 1, 1, 0]","[1, 0, 0, 1, 0, 0, 0, 0, 0, 0, 1, 1, 0, 0, 0, 1, 1, 0, 0, 0, 0, 0, 0, 0, 0, 0, 0, 1]"
326,L2_arctic_WAV/ERMS_arctic_a0040,"[56, 46, 8, 48, 14, 70, 29, 6, 36, 8, 55, 58, 7, 36, 56, 9, 49, 24, 70, 28, 8, 68, 24, 10, 8, 48, 67, 49, 50]","[56, 46, 8, 33, 14, 70, 5, 6, 36, 8, 55, 58, 7, 36, 56, 9, 49, 24, 46, 28, 8, 68, 24, 10, 20, 48, 67, 49, 50]","[1, 1, 1, 0, 1, 1, 0, 1, 1, 1, 1, 1, 1, 1, 1, 1, 1, 1, 0, 1, 1, 1, 1, 1, 0, 1, 1, 1, 1]","[0, 0, 0, 1, 0, 0, 1, 0, 0, 0, 0, 0, 0, 0, 0, 0, 0, 0, 1, 0, 0, 0, 0, 0, 1, 0, 0, 0, 0]"
327,L2_arctic_WAV/ERMS_arctic_a0041,"[68, 49, 55, 36, 56, 30, 56, 30, 59, 14, 15, 3, 3, 8, 37, 50, 49, 63, 8, 46, 48, 52, 30]","[68, 49, 55, 36, 56, 30, 56, 30, 59, 14, 15, 3, 64, 70, 37, 50, 49, 58, 8, 46, 48, 52, 30]","[1, 1, 1, 1, 1, 1, 1, 1, 1, 1, 1, 1, 0, 0, 1, 1, 1, 0, 1, 1, 1, 1, 1]","[0, 0, 0, 0, 0, 0, 0, 0, 0, 0, 0, 0, 1, 1, 0, 0, 0, 1, 0, 0, 0, 0, 0]"
328,L2_arctic_WAV/ERMS_arctic_a0042,"[67, 15, 28, 31, 58, 67, 49, 24, 28, 46, 48, 30, 60, 55, 67, 24, 70, 48, 8, 70, 52, 9, 8, 55, 8, 39, 63, 8, 46, 28, 52, 35]","[67, 15, 28, 31, 3, 67, 49, 24, 28, 46, 48, 30, 60, 55, 67, 24, 70, 48, 8, 46, 52, 9, 8, 55, 46, 8, 39, 58, 24, 46, 28, 52, 35]","[1, 1, 1, 1, 0, 1, 1, 1, 1, 1, 1, 1, 1, 1, 1, 1, 1, 1, 1, 0, 1, 1, 1, 1, 1, 1, 0, 0, 1, 1, 1, 1]","[0, 0, 0, 0, 1, 0, 0, 0, 0, 0, 0, 0, 0, 0, 0, 0, 0, 0, 0, 1, 0, 0, 0, 0, 0, 0, 1, 1, 0, 0, 0, 0]"
329,L2_arctic_WAV/ERMS_arctic_a0045,"[67, 49, 68, 6, 39, 58, 8, 36, 60, 64, 70, 28, 36, 56, 8, 3, 30, 49, 52, 70, 67, 49, 67, 64, 58, 28, 8, 68]","[67, 49, 68, 6, 48, 8, 36, 60, 64, 46, 28, 36, 56, 8, 3, 30, 49, 52, 46, 67, 49, 67, 20, 3, 28, 8, 68]","[1, 1, 1, 1, 0, 0, 1, 1, 1, 1, 0, 1, 1, 1, 1, 1, 1, 1, 1, 0, 1, 1, 1, 0, 0, 1, 1, 1]","[0, 0, 0, 0, 1, 1, 0, 0, 0, 0, 1, 0, 0, 0, 0, 0, 0, 0, 0, 1, 0, 0, 0, 1, 1, 0, 0, 0]"
330,L2_arctic_WAV/ERMS_arctic_a0046,"[63, 49, 59, 7, 30, 54, 60, 46, 3, 67, 24, 68, 67, 7, 56, 70, 9, 56, 55, 24, 10, 36, 24, 22, 46, 8, 58, 8, 55, 54, 24, 50]","[58, 49, 59, 23, 30, 54, 60, 46, 67, 24, 68, 67, 7, 56, 46, 9, 56, 55, 24, 10, 36, 24, 3, 46, 8, 58, 8, 55, 54, 24, 50]","[0, 1, 1, 0, 1, 1, 1, 1, 0, 1, 1, 1, 1, 1, 1, 0, 1, 1, 1, 1, 1, 1, 1, 0, 1, 1, 1, 1, 1, 1, 1, 1]","[1, 0, 0, 1, 0, 0, 0, 0, 1, 0, 0, 0, 0, 0, 0, 1, 0, 0, 0, 0, 0, 0, 0, 1, 0, 0, 0, 0, 0, 0, 0, 0]"
331,L2_arctic_WAV/ERMS_arctic_a0047,"[28, 30, 14, 46, 37, 24, 46, 56, 58, 67, 24, 68, 59, 30, 49, 68, 58, 63, 49, 36, 56, 3, 54, 64, 10, 70, 8, 39, 63, 8, 36, 31, 30, 54, 58, 40, 59]","[47, 30, 14, 46, 37, 24, 46, 56, 58, 67, 24, 68, 59, 30, 49, 68, 58, 58, 49, 36, 56, 3, 54, 20, 10, 46, 8, 39, 58, 8, 36, 40, 30, 54, 58, 40, 28]","[0, 1, 1, 1, 1, 1, 1, 1, 1, 1, 1, 1, 1, 1, 1, 1, 1, 0, 1, 1, 1, 1, 1, 0, 1, 0, 1, 1, 0, 1, 1, 0, 1, 1, 1, 1, 0]","[1, 0, 0, 0, 0, 0, 0, 0, 0, 0, 0, 0, 0, 0, 0, 0, 0, 1, 0, 0, 0, 0, 0, 1, 0, 1, 0, 0, 1, 0, 0, 1, 0, 0, 0, 0, 1]"
332,L2_arctic_WAV/ERMS_arctic_a0048,"[67, 49, 30, 31, 28, 3, 64, 3, 63, 8, 67, 64, 10, 28, 7, 35, 49, 54, 68, 40, 50, 28, 30, 14, 46, 30, 49]","[67, 49, 30, 31, 28, 3, 64, 3, 58, 8, 67, 20, 55, 28, 7, 35, 49, 54, 68, 40, 50, 28, 30, 14, 46, 30, 49]","[1, 1, 1, 1, 1, 1, 1, 1, 0, 1, 1, 0, 0, 1, 1, 1, 1, 1, 1, 1, 1, 1, 1, 1, 1, 1, 1]","[0, 0, 0, 0, 0, 0, 0, 0, 1, 0, 0, 1, 1, 0, 0, 0, 0, 0, 0, 0, 0, 0, 0, 0, 0, 0, 0]"
333,L2_arctic_WAV/ERMS_arctic_a0051,"[63, 8, 30, 60, 46, 36, 8, 70, 8, 39, 8, 58, 52, 30, 8, 28, 8, 3, 56, 39, 7, 49, 28, 8, 30, 7, 54, 60, 55, 3, 30, 49, 3, 24, 55, 3, 24, 58, 36, 24, 22, 29, 52, 30, 14]","[58, 8, 30, 60, 46, 36, 20, 46, 8, 39, 8, 58, 52, 30, 8, 28, 8, 3, 56, 53, 7, 49, 28, 40, 30, 7, 54, 60, 55, 3, 30, 49, 3, 49, 55, 3, 24, 58, 36, 24, 3, 29, 52, 30, 14]","[0, 1, 1, 1, 1, 1, 0, 0, 1, 1, 1, 1, 1, 1, 1, 1, 1, 1, 1, 0, 1, 1, 1, 0, 1, 1, 1, 1, 1, 1, 1, 1, 1, 0, 1, 1, 1, 1, 1, 1, 0, 1, 1, 1, 1]","[1, 0, 0, 0, 0, 0, 1, 1, 0, 0, 0, 0, 0, 0, 0, 0, 0, 0, 0, 1, 0, 0, 0, 1, 0, 0, 0, 0, 0, 0, 0, 0, 0, 1, 0, 0, 0, 0, 0, 0, 1, 0, 0, 0, 0]"
334,L2_arctic_WAV/ERMS_arctic_a0052,"[24, 3, 36, 8, 70, 8, 28, 29, 31, 50, 49, 8, 46, 28, 14, 24, 55, 46, 24, 58, 8, 55, 46]","[24, 3, 36, 8, 46, 8, 28, 29, 31, 50, 49, 8, 46, 28, 40, 24, 55, 46, 49, 58, 8, 55, 46]","[1, 1, 1, 1, 0, 1, 1, 1, 1, 1, 1, 1, 1, 1, 0, 1, 1, 1, 0, 1, 1, 1, 1]","[0, 0, 0, 0, 1, 0, 0, 0, 0, 0, 0, 0, 0, 0, 1, 0, 0, 0, 1, 0, 0, 0, 0]"
335,L2_arctic_WAV/ERMS_arctic_a0053,"[46, 8, 58, 8, 55, 30, 49, 67, 24, 70, 54, 24, 10, 59, 7, 70, 28, 30, 14, 70, 58, 3, 56, 3, 30, 49, 14, 39, 7, 63, 8, 67, 64, 10, 28, 7, 35, 49, 54]","[46, 8, 58, 8, 55, 30, 49, 67, 24, 46, 54, 49, 10, 59, 7, 46, 28, 30, 14, 46, 3, 56, 3, 30, 49, 14, 53, 7, 58, 8, 62, 20, 10, 28, 7, 35, 49, 54]","[1, 1, 1, 1, 1, 1, 1, 1, 1, 0, 1, 0, 1, 1, 1, 0, 1, 1, 1, 0, 0, 1, 1, 1, 1, 1, 1, 0, 1, 0, 1, 0, 0, 1, 1, 1, 1, 1, 1]","[0, 0, 0, 0, 0, 0, 0, 0, 0, 1, 0, 1, 0, 0, 0, 1, 0, 0, 0, 1, 1, 0, 0, 0, 0, 0, 0, 1, 0, 1, 0, 1, 1, 0, 0, 0, 0, 0, 0]"
336,L2_arctic_WAV/ERMS_arctic_a0054,"[63, 52, 50, 36, 8, 70, 55, 8, 22, 24, 10, 17, 55, 63, 8, 50, 17, 28]","[58, 52, 50, 36, 8, 46, 55, 8, 3, 24, 10, 17, 55, 58, 32, 50, 17, 28]","[0, 1, 1, 1, 1, 0, 1, 1, 0, 1, 1, 1, 1, 0, 0, 1, 1, 1]","[1, 0, 0, 0, 0, 1, 0, 0, 1, 0, 0, 0, 0, 1, 1, 0, 0, 0]"
337,L2_arctic_WAV/ERMS_arctic_a0058,"[56, 28, 60, 68, 54, 50, 7, 24, 55, 54, 7, 68, 60, 9, 8, 55, 68, 40, 50, 15, 3, 8, 39, 28, 29, 31, 50, 49, 17, 46, 8, 3, 49, 63, 64, 55, 52, 55, 49, 22, 24, 10, 52, 30, 46]","[56, 28, 60, 68, 54, 50, 7, 24, 55, 54, 7, 68, 60, 9, 8, 55, 68, 40, 50, 15, 3, 28, 29, 31, 50, 49, 17, 46, 8, 3, 49, 58, 64, 10, 52, 55, 49, 3, 24, 10, 52, 30, 46]","[1, 1, 1, 1, 1, 1, 1, 1, 1, 1, 1, 1, 1, 1, 1, 1, 1, 1, 1, 1, 1, 0, 0, 1, 1, 1, 1, 1, 1, 1, 1, 1, 1, 0, 1, 0, 1, 1, 1, 0, 1, 1, 1, 1, 1]","[0, 0, 0, 0, 0, 0, 0, 0, 0, 0, 0, 0, 0, 0, 0, 0, 0, 0, 0, 0, 0, 1, 1, 0, 0, 0, 0, 0, 0, 0, 0, 0, 0, 1, 0, 1, 0, 0, 0, 1, 0, 0, 0, 0, 0]"
338,L2_arctic_WAV/ERMS_arctic_a0059,"[67, 24, 70, 24, 68, 64, 28, 29, 6, 30, 24, 3, 8, 48, 24, 50, 8, 55, 46, 36, 8, 70, 59, 40, 55]","[67, 24, 46, 24, 68, 64, 28, 29, 6, 30, 24, 3, 8, 48, 24, 50, 8, 55, 46, 36, 20, 46, 59, 40, 55]","[1, 1, 0, 1, 1, 1, 1, 1, 1, 1, 1, 1, 1, 1, 1, 1, 1, 1, 1, 1, 0, 0, 1, 1, 1]","[0, 0, 1, 0, 0, 0, 0, 0, 0, 0, 0, 0, 0, 0, 0, 0, 0, 0, 0, 0, 1, 1, 0, 0, 0]"
339,L2_arctic_WAV/ERMS_arctic_a0060,"[52, 55, 49, 36, 60, 55, 14, 36, 8, 55, 46, 40, 67, 7, 30, 56, 28, 63, 64, 3]","[52, 55, 49, 36, 60, 55, 14, 36, 20, 55, 46, 40, 67, 7, 30, 56, 28, 58, 64, 3]","[1, 1, 1, 1, 1, 1, 1, 1, 0, 1, 1, 1, 1, 1, 1, 1, 1, 0, 1, 1]","[0, 0, 0, 0, 0, 0, 0, 0, 1, 0, 0, 0, 0, 0, 0, 0, 0, 1, 0, 0]"
340,L2_arctic_WAV/ERMS_arctic_a0062,"[63, 8, 68, 52, 55, 46, 3, 52, 50, 58, 24, 55, 3, 6, 49, 35, 8, 63, 7, 50, 70, 54, 60, 46]","[58, 8, 68, 64, 55, 32, 46, 25, 52, 50, 58, 49, 55, 3, 6, 49, 35, 8, 63, 7, 66, 46, 54, 60, 46]","[0, 1, 1, 0, 1, 1, 0, 1, 1, 1, 0, 1, 1, 1, 1, 1, 1, 1, 1, 0, 0, 1, 1, 1]","[1, 0, 0, 1, 0, 0, 1, 0, 0, 0, 1, 0, 0, 0, 0, 0, 0, 0, 0, 1, 1, 0, 0, 0]"
341,L2_arctic_WAV/ERMS_arctic_a0063,"[29, 52, 46, 24, 3, 36, 8, 70, 8, 68, 64, 55, 67, 6, 64, 46, 28, 3, 8, 46, 3, 50, 60, 55, 69, 7]","[69, 52, 46, 24, 3, 36, 20, 46, 8, 68, 20, 55, 67, 6, 64, 46, 28, 3, 8, 46, 3, 50, 60, 55, 29, 7]","[0, 1, 1, 1, 1, 1, 0, 0, 1, 1, 0, 1, 1, 1, 1, 1, 1, 1, 1, 1, 1, 1, 1, 1, 0, 1]","[1, 0, 0, 0, 0, 0, 1, 1, 0, 0, 1, 0, 0, 0, 0, 0, 0, 0, 0, 0, 0, 0, 0, 0, 1, 0]"
342,L2_arctic_WAV/ERMS_arctic_a0064,"[63, 8, 54, 40, 50, 22, 8, 55, 58, 54, 24, 54, 22, 58, 60, 70, 48, 64, 46, 3, 36, 24, 63, 15, 3, 52, 55, 49, 58, 24, 39, 52, 30, 8, 48, 68, 8, 55, 3, 46]","[58, 8, 54, 40, 50, 3, 20, 10, 54, 49, 54, 3, 58, 60, 46, 33, 64, 46, 3, 36, 24, 63, 15, 3, 52, 55, 49, 58, 32, 53, 32, 30, 8, 48, 68, 8, 55, 3, 46]","[0, 1, 1, 1, 1, 0, 0, 0, 0, 1, 0, 1, 0, 1, 1, 0, 0, 1, 1, 1, 1, 1, 1, 1, 1, 1, 1, 1, 1, 0, 0, 0, 1, 1, 1, 1, 1, 1, 1, 1]","[1, 0, 0, 0, 0, 1, 1, 1, 1, 0, 1, 0, 1, 0, 0, 1, 1, 0, 0, 0, 0, 0, 0, 0, 0, 0, 0, 0, 0, 1, 1, 1, 0, 0, 0, 0, 0, 0, 0, 0]"
343,L2_arctic_WAV/ERMS_arctic_a0065,"[63, 60, 28, 30, 14, 70, 58, 55, 15, 8, 55, 3, 24, 30, 67, 24, 70, 54, 24, 10, 59, 7, 70, 36, 7, 30, 56, 28, 28, 40, 50, 58, 70, 8, 39, 46, 3, 49, 30]","[58, 60, 28, 30, 14, 46, 55, 15, 8, 55, 3, 49, 67, 24, 46, 54, 49, 10, 59, 7, 46, 36, 7, 30, 56, 28, 28, 40, 50, 58, 46, 8, 39, 46, 3, 49, 30]","[0, 1, 1, 1, 1, 0, 0, 1, 1, 1, 1, 1, 0, 0, 1, 1, 0, 1, 0, 1, 1, 1, 0, 1, 1, 1, 1, 1, 1, 1, 1, 1, 0, 1, 1, 1, 1, 1, 1]","[1, 0, 0, 0, 0, 1, 1, 0, 0, 0, 0, 0, 1, 1, 0, 0, 1, 0, 1, 0, 0, 0, 1, 0, 0, 0, 0, 0, 0, 0, 0, 0, 1, 0, 0, 0, 0, 0, 0]"
344,L2_arctic_WAV/ERMS_arctic_a0067,"[9, 31, 50, 30, 49, 56, 36, 8, 30, 24, 28, 46, 28, 29, 6, 70, 29, 6, 9, 49, 28, 50, 56, 58]","[9, 31, 50, 30, 49, 56, 36, 49, 30, 24, 28, 46, 47, 29, 6, 46, 29, 6, 9, 49, 28, 50, 56, 3]","[1, 1, 1, 1, 1, 1, 1, 0, 1, 1, 1, 1, 0, 1, 1, 0, 1, 1, 1, 1, 1, 1, 1, 0]","[0, 0, 0, 0, 0, 0, 0, 1, 0, 0, 0, 0, 1, 0, 0, 1, 0, 0, 0, 0, 0, 0, 0, 1]"
345,L2_arctic_WAV/ERMS_arctic_a0071,"[67, 36, 8, 3, 36, 8, 70, 63, 49, 17, 37, 69, 52, 28, 3, 8, 39, 29, 31, 50, 30, 24, 3, 8, 30, 46, 52, 55, 46, 60, 9, 8, 55]","[67, 36, 8, 3, 36, 8, 70, 70, 32, 17, 37, 69, 52, 28, 8, 39, 29, 31, 50, 30, 49, 3, 8, 30, 46, 52, 55, 46, 60, 9, 8, 55, 3]","[1, 1, 1, 1, 1, 1, 1, 0, 0, 1, 1, 1, 1, 1, 0, 1, 1, 1, 1, 1, 1, 0, 1, 1, 1, 1, 1, 1, 1, 1, 1, 1, 1]","[0, 0, 0, 0, 0, 0, 0, 1, 1, 0, 0, 0, 0, 0, 1, 0, 0, 0, 0, 0, 0, 1, 0, 0, 0, 0, 0, 0, 0, 0, 0, 0, 0]"
346,L2_arctic_WAV/ERMS_arctic_a0073,"[63, 8, 48, 50, 8, 68, 14, 3, 7, 70, 56, 70, 36, 7, 67, 52, 39, 49, 36, 24, 22, 30, 24, 3, 8, 30, 48, 8, 54, 49, 37, 64, 59, 70, 8, 55, 58, 7, 63, 52, 68]","[58, 8, 48, 50, 8, 68, 14, 3, 7, 46, 56, 46, 36, 7, 62, 52, 53, 49, 36, 24, 3, 30, 49, 3, 8, 30, 54, 37, 20, 54, 49, 37, 20, 59, 46, 8, 55, 58, 7, 58, 52, 68]","[0, 1, 1, 1, 1, 1, 1, 1, 1, 0, 1, 0, 1, 1, 0, 1, 0, 1, 1, 1, 0, 1, 0, 1, 1, 1, 0, 0, 1, 1, 1, 0, 1, 0, 1, 1, 1, 1, 0, 1, 1]","[1, 0, 0, 0, 0, 0, 0, 0, 0, 1, 0, 1, 0, 0, 1, 0, 1, 0, 0, 0, 1, 0, 1, 0, 0, 0, 1, 1, 0, 0, 0, 1, 0, 1, 0, 0, 0, 0, 1, 0, 0]"
347,L2_arctic_WAV/ERMS_arctic_a0075,"[63, 52, 50, 67, 64, 70, 37, 24, 55, 8, 35, 60, 55, 69, 9, 49, 24, 55, 3, 7, 8, 48, 3, 24, 58, 67, 24, 68]","[58, 52, 50, 67, 64, 46, 37, 49, 10, 8, 35, 60, 55, 69, 9, 49, 24, 55, 3, 7, 8, 48, 3, 67, 24, 68]","[0, 1, 1, 1, 1, 0, 1, 0, 0, 1, 1, 1, 1, 1, 1, 1, 1, 1, 1, 1, 1, 1, 1, 0, 0, 1, 1, 1]","[1, 0, 0, 0, 0, 1, 0, 1, 1, 0, 0, 0, 0, 0, 0, 0, 0, 0, 0, 0, 0, 0, 0, 1, 1, 0, 0, 0]"
348,L2_arctic_WAV/ERMS_arctic_a0076,"[63, 8, 59, 50, 60, 56, 70, 54, 17, 30, 3, 7, 58, 63, 8, 54, 30, 8, 9, 58, 49, 48, 8, 55, 58]","[58, 8, 59, 50, 60, 58, 56, 46, 54, 20, 30, 3, 7, 58, 58, 8, 54, 30, 8, 9, 58, 49, 48, 8, 55, 58]","[0, 1, 1, 1, 1, 1, 0, 1, 0, 1, 1, 1, 1, 0, 1, 1, 1, 1, 1, 1, 1, 1, 1, 1, 1]","[1, 0, 0, 0, 0, 0, 1, 0, 1, 0, 0, 0, 0, 1, 0, 0, 0, 0, 0, 0, 0, 0, 0, 0, 0]"
349,L2_arctic_WAV/ERMS_arctic_a0077,"[24, 3, 24, 70, 63, 8, 54, 56, 7, 48, 17, 50, 3, 30, 49, 9, 49, 46, 52, 58]","[24, 3, 24, 70, 63, 8, 54, 56, 7, 48, 17, 50, 3, 30, 49, 9, 49, 46, 52, 58]","[1, 1, 1, 1, 1, 1, 1, 1, 1, 1, 1, 1, 1, 1, 1, 1, 1, 1, 1, 1]","[0, 0, 0, 0, 0, 0, 0, 0, 0, 0, 0, 0, 0, 0, 0, 0, 0, 0, 0, 0]"
350,L2_arctic_WAV/ERMS_arctic_a0078,"[63, 52, 55, 8, 55, 58, 64, 3, 46, 8, 48, 7, 67, 49, 3, 50, 56, 58, 3, 8, 54, 64, 63, 8, 68, 67, 7]","[63, 52, 55, 20, 55, 58, 64, 3, 46, 20, 48, 7, 67, 49, 3, 50, 56, 58, 3, 8, 54, 20, 58, 40, 68, 67, 23]","[1, 1, 1, 0, 1, 1, 1, 1, 1, 0, 1, 1, 1, 1, 1, 1, 1, 1, 1, 1, 1, 0, 0, 0, 1, 1, 0]","[0, 0, 0, 1, 0, 0, 0, 0, 0, 1, 0, 0, 0, 0, 0, 0, 0, 0, 0, 0, 0, 1, 1, 1, 0, 0, 1]"
351,L2_arctic_WAV/ERMS_arctic_a0079,"[24, 3, 36, 8, 70, 8, 30, 17, 50, 69, 28, 8, 55, 6]","[24, 3, 36, 8, 70, 8, 30, 17, 50, 26, 28, 8, 55, 6, 32]","[1, 1, 1, 1, 1, 1, 1, 1, 1, 0, 1, 1, 1, 1]","[0, 0, 0, 0, 0, 0, 0, 0, 0, 1, 0, 0, 0, 0]"
352,L2_arctic_WAV/ERMS_arctic_a0081,"[67, 36, 8, 3, 24, 54, 9, 49, 58, 24, 58, 55, 17, 3, 28, 8, 68, 3, 8, 63, 8, 50, 17, 28]","[67, 36, 8, 3, 49, 54, 9, 49, 58, 49, 58, 55, 17, 3, 28, 8, 68, 3, 8, 58, 8, 50, 17, 28]","[1, 1, 1, 1, 0, 1, 1, 1, 1, 0, 1, 1, 1, 1, 1, 1, 1, 1, 1, 0, 1, 1, 1, 1]","[0, 0, 0, 0, 1, 0, 0, 0, 0, 1, 0, 0, 0, 0, 0, 0, 0, 0, 0, 1, 0, 0, 0, 0]"
353,L2_arctic_WAV/ERMS_arctic_a0082,"[67, 24, 70, 54, 60, 46, 36, 8, 70, 46, 3, 50, 49, 68, 24, 10, 36, 24, 22, 37, 30, 8, 58]","[67, 24, 70, 54, 60, 36, 8, 46, 46, 3, 50, 49, 68, 24, 10, 36, 49, 58, 37, 30, 8, 58]","[1, 1, 1, 1, 1, 0, 1, 1, 0, 1, 1, 1, 1, 1, 1, 1, 1, 0, 0, 1, 1, 1, 1]","[0, 0, 0, 0, 0, 1, 0, 0, 1, 0, 0, 0, 0, 0, 0, 0, 0, 1, 1, 0, 0, 0, 0]"
354,L2_arctic_WAV/ERMS_arctic_a0085,"[8, 3, 50, 24, 28, 8, 30, 8, 39, 54, 50, 52, 9, 37, 30, 8, 58, 50, 64, 55, 14, 39, 7, 67, 24, 70, 54, 60, 46]","[8, 46, 50, 49, 28, 8, 30, 8, 39, 54, 30, 52, 9, 37, 30, 8, 58, 50, 20, 55, 40, 53, 7, 67, 24, 70, 54, 60, 46]","[1, 0, 1, 0, 1, 1, 1, 1, 1, 1, 0, 1, 1, 1, 1, 1, 1, 1, 0, 1, 0, 0, 1, 1, 1, 1, 1, 1, 1]","[0, 1, 0, 1, 0, 0, 0, 0, 0, 0, 1, 0, 0, 0, 0, 0, 0, 0, 1, 0, 1, 1, 0, 0, 0, 0, 0, 0, 0]"
355,L2_arctic_WAV/ERMS_arctic_a0086,"[58, 52, 22, 67, 64, 58, 28, 8, 68, 36, 24, 63, 3, 52, 50, 8, 37, 8, 30, 46, 8, 58, 8, 55, 55, 8, 46]","[58, 52, 3, 67, 20, 58, 28, 20, 68, 36, 49, 58, 3, 52, 50, 8, 37, 8, 30, 46, 20, 58, 20, 55, 55, 8, 46]","[1, 1, 0, 1, 0, 1, 1, 0, 1, 1, 0, 0, 1, 1, 1, 1, 1, 1, 1, 1, 0, 1, 0, 1, 1, 1, 1]","[0, 0, 1, 0, 1, 0, 0, 1, 0, 0, 1, 1, 0, 0, 0, 0, 0, 0, 0, 0, 1, 0, 1, 0, 0, 0, 0]"
356,L2_arctic_WAV/ERMS_arctic_a0088,"[67, 49, 68, 60, 58, 9, 31, 50, 63, 8, 3, 63, 8, 68, 64, 59, 8, 70, 49, 55, 36, 8, 70, 30, 14, 58, 8, 58, 8, 55, 58, 50, 24, 70, 6, 68, 58, 67, 24, 70, 48, 64, 58, 30, 24, 10]","[62, 49, 68, 60, 58, 9, 31, 50, 58, 20, 3, 58, 8, 68, 64, 59, 8, 46, 49, 55, 36, 8, 46, 30, 14, 3, 20, 55, 58, 50, 24, 46, 49, 8, 68, 67, 49, 46, 48, 20, 63, 30, 24, 10]","[0, 1, 1, 1, 1, 1, 1, 1, 0, 0, 1, 0, 1, 1, 1, 1, 1, 0, 1, 1, 1, 1, 0, 1, 1, 0, 0, 0, 0, 1, 1, 1, 1, 0, 0, 1, 0, 1, 0, 0, 1, 0, 0, 1, 1, 1]","[1, 0, 0, 0, 0, 0, 0, 0, 1, 1, 0, 1, 0, 0, 0, 0, 0, 1, 0, 0, 0, 0, 1, 0, 0, 1, 1, 1, 1, 0, 0, 0, 0, 1, 1, 1, 1, 0, 1, 1, 0, 1, 1, 0, 0, 0]"
357,L2_arctic_WAV/ERMS_arctic_a0089,"[63, 8, 55, 56, 3, 59, 30, 14, 36, 8, 70, 3, 50, 52, 35, 7, 8, 46, 3, 8, 9, 6, 3, 37, 56]","[58, 32, 55, 56, 3, 59, 30, 14, 36, 8, 46, 3, 50, 49, 35, 7, 8, 46, 3, 8, 9, 6, 3, 37, 56]","[0, 0, 1, 1, 1, 1, 1, 1, 1, 1, 0, 1, 1, 0, 1, 1, 1, 1, 1, 1, 1, 1, 1, 1, 1]","[1, 1, 0, 0, 0, 0, 0, 0, 0, 0, 1, 0, 0, 1, 0, 0, 0, 0, 0, 0, 0, 0, 0, 0, 0]"
358,L2_arctic_WAV/ERMS_arctic_a0090,"[63, 8, 46, 24, 10, 24, 10, 39, 57, 46, 8, 48, 50, 14, 35, 3, 50, 64, 48, 8, 58, 30, 49]","[58, 32, 46, 49, 10, 59, 49, 68, 37, 57, 46, 8, 48, 50, 34, 35, 66, 20, 48, 8, 58, 30, 49]","[0, 0, 1, 0, 1, 0, 0, 0, 1, 1, 1, 1, 1, 0, 1, 0, 0, 0, 1, 1, 1, 1, 1]","[1, 1, 0, 1, 0, 1, 1, 1, 0, 0, 0, 0, 0, 1, 0, 1, 1, 1, 0, 0, 0, 0, 0]"
359,L2_arctic_WAV/ERMS_arctic_a0091,"[67, 24, 70, 37, 30, 8, 58, 59, 50, 6, 67, 17, 3, 36, 24, 63, 50, 60, 69, 64, 3, 63, 8, 22, 40, 3]","[67, 24, 46, 37, 30, 8, 58, 59, 50, 49, 67, 17, 3, 36, 24, 58, 8, 50, 60, 35, 20, 3, 63, 32, 22, 40, 3]","[1, 1, 0, 1, 1, 1, 1, 1, 1, 0, 1, 1, 1, 1, 1, 0, 1, 1, 0, 0, 1, 1, 0, 1, 1, 1]","[0, 0, 1, 0, 0, 0, 0, 0, 0, 1, 0, 0, 0, 0, 0, 1, 0, 0, 1, 1, 0, 0, 1, 0, 0, 0]"
360,L2_arctic_WAV/ERMS_arctic_a0092,"[67, 49, 36, 52, 55, 3, 58, 15, 55, 24, 55, 68, 24, 58, 46, 3, 50, 49, 68, 46, 7, 35, 24, 10, 63, 8, 9, 64, 58, 14, 70, 8, 39, 37, 14, 22, 9, 40, 50, 70]","[62, 49, 36, 52, 55, 3, 58, 15, 55, 49, 55, 68, 49, 58, 46, 3, 50, 49, 68, 46, 7, 35, 24, 10, 58, 8, 9, 20, 63, 14, 46, 8, 39, 37, 34, 3, 9, 40, 50, 46]","[0, 1, 1, 1, 1, 1, 1, 1, 1, 0, 1, 1, 0, 1, 1, 1, 1, 1, 1, 1, 1, 1, 1, 1, 0, 1, 1, 0, 0, 1, 0, 1, 1, 1, 0, 0, 1, 1, 1, 0]","[1, 0, 0, 0, 0, 0, 0, 0, 0, 1, 0, 0, 1, 0, 0, 0, 0, 0, 0, 0, 0, 0, 0, 0, 1, 0, 0, 1, 1, 0, 1, 0, 0, 0, 1, 1, 0, 0, 0, 1]"
361,L2_arctic_WAV/ERMS_arctic_a0093,"[54, 40, 50, 8, 54, 31, 30, 68, 24, 55, 8, 3, 67, 49, 28, 50, 15, 35, 3, 8, 55, 58, 30, 24, 46, 8, 55, 58]","[54, 40, 50, 8, 54, 6, 30, 68, 49, 55, 8, 3, 62, 49, 28, 50, 15, 35, 3, 20, 55, 58, 30, 49, 46, 8, 55, 58]","[1, 1, 1, 1, 1, 0, 1, 1, 0, 1, 1, 1, 0, 1, 1, 1, 1, 1, 1, 0, 1, 1, 1, 0, 1, 1, 1, 1]","[0, 0, 0, 0, 0, 1, 0, 0, 1, 0, 0, 0, 1, 0, 0, 0, 0, 0, 0, 1, 0, 0, 0, 1, 0, 0, 0, 0]"
362,L2_arctic_WAV/ERMS_arctic_a0094,"[67, 49, 67, 64, 58, 37, 52, 50, 30, 49, 52, 55, 3, 7, 58, 63, 24, 46, 36, 52, 55, 67, 49, 46, 40, 63, 8, 59, 30, 14, 8, 39, 8, 54, 56, 50]","[67, 49, 62, 20, 58, 37, 52, 50, 30, 49, 52, 55, 3, 7, 58, 58, 49, 46, 36, 52, 10, 67, 49, 46, 34, 58, 32, 59, 30, 14, 8, 39, 8, 54, 56, 50]","[1, 1, 0, 0, 1, 1, 1, 1, 1, 1, 1, 1, 1, 1, 1, 0, 0, 1, 1, 1, 0, 1, 1, 1, 0, 0, 0, 1, 1, 1, 1, 1, 1, 1, 1, 1]","[0, 0, 1, 1, 0, 0, 0, 0, 0, 0, 0, 0, 0, 0, 0, 1, 1, 0, 0, 0, 1, 0, 0, 0, 1, 1, 1, 0, 0, 0, 0, 0, 0, 0, 0, 0]"
363,L2_arctic_WAV/ERMS_arctic_a0095,"[8, 37, 24, 59, 28, 64, 55, 39, 8, 46, 3, 52, 55, 3, 36, 8, 70, 63, 8, 54, 7, 46, 3, 22, 24, 10, 3, 8, 28, 8, 68, 36, 24, 63, 24, 55, 67, 24, 70, 39, 24, 26, 8, 55]","[8, 37, 49, 59, 28, 64, 55, 39, 8, 46, 3, 52, 55, 3, 36, 20, 70, 63, 8, 54, 7, 46, 46, 49, 10, 3, 8, 28, 8, 68, 36, 49, 63, 49, 55, 67, 24, 70, 37, 24, 9, 8, 55]","[1, 1, 0, 1, 1, 1, 1, 1, 1, 1, 1, 1, 1, 1, 1, 0, 1, 1, 1, 1, 1, 1, 0, 0, 0, 1, 1, 1, 1, 1, 1, 1, 0, 1, 0, 1, 1, 1, 1, 0, 1, 0, 1, 1]","[0, 0, 1, 0, 0, 0, 0, 0, 0, 0, 0, 0, 0, 0, 0, 1, 0, 0, 0, 0, 0, 0, 1, 1, 1, 0, 0, 0, 0, 0, 0, 0, 1, 0, 1, 0, 0, 0, 0, 1, 0, 1, 0, 0]"
364,L2_arctic_WAV/ERMS_arctic_a0096,"[48, 7, 67, 64, 48, 46, 9, 49, 67, 64, 58, 40, 30, 50, 52, 58, 49, 68, 52, 3, 67, 7, 54, 60, 3, 8, 30, 24, 3, 8, 30, 58, 49, 48, 7, 24, 55, 63, 8, 54, 40, 50, 8, 46, 3]","[33, 7, 67, 20, 48, 46, 9, 49, 62, 20, 58, 40, 30, 50, 52, 58, 49, 68, 52, 3, 67, 7, 54, 60, 3, 8, 30, 49, 3, 8, 30, 58, 49, 48, 7, 24, 55, 63, 8, 54, 40, 50, 8, 46, 3]","[0, 1, 1, 0, 1, 1, 1, 1, 0, 0, 1, 1, 1, 1, 1, 1, 1, 1, 1, 1, 1, 1, 1, 1, 1, 1, 1, 0, 1, 1, 1, 1, 1, 1, 1, 1, 1, 1, 1, 1, 1, 1, 1, 1, 1]","[1, 0, 0, 1, 0, 0, 0, 0, 1, 1, 0, 0, 0, 0, 0, 0, 0, 0, 0, 0, 0, 0, 0, 0, 0, 0, 0, 1, 0, 0, 0, 0, 0, 0, 0, 0, 0, 0, 0, 0, 0, 0, 0, 0, 0]"
365,L2_arctic_WAV/ERMS_arctic_a0097,"[63, 52, 55, 29, 6, 28, 64, 55, 7, 60, 55, 69, 29, 7, 46, 52, 30, 54, 28, 8, 68, 54, 7, 3, 8, 37, 30, 49, 8, 68, 8, 10, 63, 49, 70, 50, 14, 37, 70, 24, 55, 63, 8, 37, 14]","[58, 52, 55, 29, 6, 28, 20, 55, 7, 60, 55, 69, 69, 7, 46, 52, 30, 54, 28, 40, 68, 54, 40, 3, 8, 37, 30, 49, 8, 68, 34, 55, 58, 49, 46, 50, 14, 37, 46, 24, 55, 58, 32, 37, 14]","[0, 1, 1, 1, 1, 1, 0, 1, 1, 1, 1, 1, 0, 1, 1, 1, 1, 1, 1, 0, 1, 1, 0, 1, 1, 1, 1, 1, 1, 1, 0, 0, 0, 1, 0, 1, 1, 1, 0, 1, 1, 0, 0, 1, 1]","[1, 0, 0, 0, 0, 0, 1, 0, 0, 0, 0, 0, 1, 0, 0, 0, 0, 0, 0, 1, 0, 0, 1, 0, 0, 0, 0, 0, 0, 0, 1, 1, 1, 0, 1, 0, 0, 0, 1, 0, 0, 1, 1, 0, 0]"
366,L2_arctic_WAV/ERMS_arctic_a0098,"[9, 64, 30, 56, 28, 64, 50, 49, 29, 6]","[9, 64, 30, 56, 28, 20, 50, 49, 29, 6]","[1, 1, 1, 1, 1, 0, 1, 1, 1, 1]","[0, 0, 0, 0, 0, 1, 0, 0, 0, 0]"
367,L2_arctic_WAV/ERMS_arctic_a0099,"[8, 68, 64, 58, 8, 55, 24, 10, 69, 57, 48, 15, 55, 58, 24, 58, 24, 55, 67, 24, 70, 37, 50, 60, 55]","[8, 68, 64, 58, 24, 10, 69, 57, 48, 15, 55, 58, 24, 58, 49, 10, 67, 49, 70, 37, 50, 60, 10]","[1, 1, 1, 1, 0, 0, 1, 1, 1, 1, 1, 1, 1, 1, 1, 1, 0, 0, 1, 0, 1, 1, 1, 1, 0]","[0, 0, 0, 0, 1, 1, 0, 0, 0, 0, 0, 0, 0, 0, 0, 0, 1, 1, 0, 1, 0, 0, 0, 0, 1]"
368,L2_arctic_WAV/ERMS_arctic_a0100,"[29, 6, 68, 8, 46, 3, 46, 30, 49, 48, 67, 49, 7, 69, 58]","[69, 6, 68, 20, 46, 46, 30, 49, 48, 67, 49, 7, 35]","[0, 1, 1, 0, 1, 0, 1, 1, 1, 1, 1, 1, 1, 0, 0]","[1, 0, 0, 1, 0, 1, 0, 0, 0, 0, 0, 0, 0, 1, 1]"
369,L2_arctic_WAV/ERMS_arctic_a0101,"[29, 6, 29, 6, 36, 31, 58, 55, 17, 3, 28, 49, 48, 63, 8, 3, 50, 6, 22, 54, 50, 8, 68, 68, 49]","[29, 6, 29, 6, 36, 31, 58, 55, 34, 3, 28, 49, 48, 58, 32, 3, 50, 6, 3, 54, 50, 40, 68, 68, 49]","[1, 1, 1, 1, 1, 1, 1, 1, 0, 1, 1, 1, 1, 0, 0, 1, 1, 1, 0, 1, 1, 0, 1, 1, 1]","[0, 0, 0, 0, 0, 0, 0, 0, 1, 0, 0, 0, 0, 1, 1, 0, 0, 0, 1, 0, 0, 1, 0, 0, 0]"
370,L2_arctic_WAV/ERMS_arctic_a0102,"[67, 49, 36, 24, 30, 54, 17, 30, 14, 8, 46, 46, 6, 55]","[67, 49, 36, 24, 30, 54, 40, 30, 14, 20, 46, 46, 6, 55]","[1, 1, 1, 1, 1, 1, 0, 1, 1, 0, 1, 1, 1, 1]","[0, 0, 0, 0, 0, 0, 1, 0, 0, 1, 0, 0, 0, 0]"
371,L2_arctic_WAV/ERMS_arctic_a0103,"[37, 8, 3, 63, 52, 50, 28, 60, 68, 55, 14, 48, 50, 17, 68, 8, 46, 54, 7, 68, 63, 8, 37, 14, 8, 39, 63, 8, 28, 8, 55, 6]","[37, 20, 3, 58, 52, 50, 28, 60, 68, 55, 14, 48, 50, 17, 68, 8, 46, 54, 7, 68, 58, 8, 37, 15, 34, 39, 58, 32, 28, 8, 55, 34, 32]","[1, 0, 1, 0, 1, 1, 1, 1, 1, 1, 1, 1, 1, 1, 1, 1, 1, 1, 1, 1, 0, 1, 1, 0, 0, 1, 0, 0, 1, 1, 1, 0]","[0, 1, 0, 1, 0, 0, 0, 0, 0, 0, 0, 0, 0, 0, 0, 0, 0, 0, 0, 0, 1, 0, 0, 1, 1, 0, 1, 1, 0, 0, 0, 1]"
372,L2_arctic_WAV/ERMS_arctic_a0104,"[9, 49, 36, 8, 70, 46, 30, 49, 48, 24, 10, 8, 55, 58, 7, 67, 24, 70, 48, 50, 8, 3, 52, 28, 9, 8, 55, 64, 70, 46, 36, 49, 3, 30, 49, 64, 70, 8, 35, 56, 30, 58]","[9, 49, 36, 20, 46, 46, 30, 49, 48, 49, 10, 8, 55, 58, 7, 67, 24, 70, 48, 50, 8, 3, 52, 28, 9, 8, 10, 20, 46, 46, 36, 49, 3, 30, 49, 20, 46, 8, 35, 56, 38, 58]","[1, 1, 1, 0, 0, 1, 1, 1, 1, 0, 1, 1, 1, 1, 1, 1, 1, 1, 1, 1, 1, 1, 1, 1, 1, 1, 0, 0, 0, 1, 1, 1, 1, 1, 1, 0, 0, 1, 1, 1, 0, 1]","[0, 0, 0, 1, 1, 0, 0, 0, 0, 1, 0, 0, 0, 0, 0, 0, 0, 0, 0, 0, 0, 0, 0, 0, 0, 0, 1, 1, 1, 0, 0, 0, 0, 0, 0, 1, 1, 0, 0, 0, 1, 0]"
373,L2_arctic_WAV/ERMS_arctic_a0105,"[14, 55, 30, 49, 24, 3, 24, 70, 46, 14, 36, 8, 55, 58, 7, 54, 8, 30, 46, 14, 40, 30, 68, 14, 46, 3, 24, 68, 48, 17, 46, 8, 37, 8, 30, 3, 6, 37, 24, 30, 49, 39]","[14, 10, 30, 49, 49, 3, 49, 46, 46, 14, 36, 40, 55, 58, 7, 54, 8, 38, 46, 14, 40, 30, 68, 14, 46, 3, 24, 68, 33, 17, 46, 8, 37, 8, 30, 3, 6, 37, 24, 30, 49, 54]","[1, 0, 1, 1, 0, 1, 0, 0, 1, 1, 1, 0, 1, 1, 1, 1, 1, 0, 1, 1, 1, 1, 1, 1, 1, 1, 1, 1, 0, 1, 1, 1, 1, 1, 1, 1, 1, 1, 1, 1, 1, 0]","[0, 1, 0, 0, 1, 0, 1, 1, 0, 0, 0, 1, 0, 0, 0, 0, 0, 1, 0, 0, 0, 0, 0, 0, 0, 0, 0, 0, 1, 0, 0, 0, 0, 0, 0, 0, 0, 0, 0, 0, 0, 1]"
374,L2_arctic_WAV/ERMS_arctic_a0106,"[63, 49, 24, 68, 14, 9, 8, 55, 36, 24, 35, 9, 49, 67, 64, 58, 46, 8, 48, 50, 52, 46, 3, 37, 7, 46, 3, 54, 40, 50, 22, 55, 15, 24, 55, 8, 35, 14, 28, 24, 10, 46, 17, 37]","[58, 49, 24, 68, 14, 9, 8, 55, 36, 49, 3, 9, 49, 67, 64, 58, 46, 8, 48, 50, 52, 46, 3, 37, 7, 46, 3, 54, 40, 50, 3, 55, 15, 24, 55, 8, 9, 40, 28, 24, 10, 46, 17, 37]","[0, 1, 1, 1, 1, 1, 1, 1, 1, 0, 0, 1, 1, 1, 1, 1, 1, 1, 1, 1, 1, 1, 1, 1, 1, 1, 1, 1, 1, 1, 0, 1, 1, 1, 1, 1, 0, 0, 1, 1, 1, 1, 1, 1]","[1, 0, 0, 0, 0, 0, 0, 0, 0, 1, 1, 0, 0, 0, 0, 0, 0, 0, 0, 0, 0, 0, 0, 0, 0, 0, 0, 0, 0, 0, 1, 0, 0, 0, 0, 0, 1, 1, 0, 0, 0, 0, 0, 0]"
375,L2_arctic_WAV/ERMS_arctic_a0107,"[24, 54, 29, 6, 14, 55, 30, 49, 28, 31, 58, 55, 14, 67, 15, 56, 22, 64, 10, 28, 29, 6]","[24, 39, 29, 6, 14, 55, 30, 49, 28, 31, 58, 55, 14, 67, 15, 56, 22, 64, 28, 29, 6]","[1, 0, 1, 1, 1, 1, 1, 1, 1, 1, 1, 1, 1, 1, 1, 1, 1, 1, 0, 1, 1, 1]","[0, 1, 0, 0, 0, 0, 0, 0, 0, 0, 0, 0, 0, 0, 0, 0, 0, 0, 1, 0, 0, 0]"
376,L2_arctic_WAV/ERMS_arctic_a0108,"[67, 49, 36, 60, 58, 24, 58, 24, 55, 3, 8, 63, 49, 52, 69, 8, 39, 63, 8, 36, 40, 3, 7, 8, 55, 58, 37, 49, 59, 64, 55, 46, 28, 50, 8, 37, 24, 10, 67, 24, 68, 46, 52, 30, 54]","[67, 49, 36, 60, 3, 24, 58, 24, 55, 3, 8, 58, 49, 11, 26, 8, 39, 58, 32, 36, 40, 3, 7, 20, 55, 37, 49, 59, 20, 55, 32, 46, 28, 50, 20, 68, 37, 30, 24, 10, 67, 24, 68, 46, 52, 30, 54]","[1, 1, 1, 1, 0, 1, 1, 1, 1, 1, 1, 0, 1, 0, 0, 1, 1, 0, 0, 1, 1, 1, 1, 0, 1, 0, 1, 1, 1, 0, 1, 1, 1, 1, 0, 1, 1, 1, 1, 1, 1, 1, 1, 1, 1]","[0, 0, 0, 0, 1, 0, 0, 0, 0, 0, 0, 1, 0, 1, 1, 0, 0, 1, 1, 0, 0, 0, 0, 1, 0, 1, 0, 0, 0, 1, 0, 0, 0, 0, 1, 0, 0, 0, 0, 0, 0, 0, 0, 0, 0]"
377,L2_arctic_WAV/ERMS_arctic_a0109,"[58, 6, 29, 6, 55, 14, 63, 64, 3, 29, 6, 17, 50, 9, 60, 28, 24, 10, 68, 56, 28, 17, 55, 54, 8, 58, 8, 55, 46, 24, 55, 29, 6]","[58, 6, 29, 6, 55, 14, 58, 20, 3, 29, 6, 50, 9, 9, 60, 28, 24, 10, 68, 56, 28, 17, 55, 54, 8, 58, 8, 55, 46, 24, 55, 69, 6]","[1, 1, 1, 1, 1, 1, 0, 0, 1, 1, 1, 0, 1, 1, 1, 1, 1, 1, 1, 1, 1, 1, 1, 1, 1, 1, 1, 1, 1, 1, 1, 0, 1]","[0, 0, 0, 0, 0, 0, 1, 1, 0, 0, 0, 1, 1, 0, 0, 0, 0, 0, 0, 0, 0, 0, 0, 0, 0, 0, 0, 0, 0, 0, 0, 1, 0]"
378,L2_arctic_WAV/ERMS_arctic_a0111,"[24, 55, 46, 3, 52, 58, 67, 49, 69, 57, 55, 58, 67, 7, 8, 55, 58, 63, 60, 60, 3, 30, 56, 28, 3, 6, 67, 8, 10, 59, 50, 49, 35, 24, 30, 58, 50, 8, 55]","[49, 55, 46, 3, 52, 58, 67, 49, 69, 57, 55, 58, 67, 7, 8, 55, 58, 63, 60, 60, 3, 30, 56, 28, 3, 6, 67, 20, 10, 59, 50, 49, 35, 49, 30, 58, 50, 8, 55]","[0, 1, 1, 1, 1, 1, 1, 1, 1, 1, 1, 1, 1, 1, 1, 1, 1, 1, 1, 1, 1, 1, 1, 1, 1, 1, 1, 0, 1, 1, 1, 1, 1, 0, 1, 1, 1, 1, 1]","[1, 0, 0, 0, 0, 0, 0, 0, 0, 0, 0, 0, 0, 0, 0, 0, 0, 0, 0, 0, 0, 0, 0, 0, 0, 0, 0, 1, 0, 0, 0, 0, 0, 1, 0, 0, 0, 0, 0]"
379,L2_arctic_WAV/ERMS_arctic_a0112,"[67, 49, 36, 8, 70, 36, 6, 55, 58, 24, 58, 24, 55, 63, 49, 17, 50, 68]","[67, 49, 36, 20, 46, 36, 6, 55, 58, 24, 58, 24, 55, 58, 49, 17, 50, 68, 48]","[1, 1, 1, 0, 0, 1, 1, 1, 1, 1, 1, 1, 1, 0, 1, 1, 1, 1]","[0, 0, 0, 1, 1, 0, 0, 0, 0, 0, 0, 0, 0, 1, 0, 0, 0, 0]"
380,L2_arctic_WAV/ERMS_arctic_a0113,"[56, 46, 8, 48, 14, 70, 29, 6, 48, 24, 28, 3, 63, 64, 3, 30, 24, 10, 59, 14, 8, 48, 8, 68, 8, 10, 63, 49, 24, 55, 58, 49, 8, 55, 70]","[56, 46, 8, 48, 14, 46, 69, 6, 48, 49, 28, 3, 58, 64, 3, 30, 49, 10, 59, 14, 20, 48, 8, 68, 40, 10, 58, 49, 49, 55, 58, 49, 8, 55, 46]","[1, 1, 1, 1, 1, 0, 0, 1, 1, 0, 1, 1, 0, 1, 1, 1, 0, 1, 1, 1, 0, 1, 1, 1, 0, 1, 0, 1, 0, 1, 1, 1, 1, 1, 0]","[0, 0, 0, 0, 0, 1, 1, 0, 0, 1, 0, 0, 1, 0, 0, 0, 1, 0, 0, 0, 1, 0, 0, 0, 1, 0, 1, 0, 1, 0, 0, 0, 0, 0, 1]"
381,L2_arctic_WAV/ERMS_arctic_a0115,"[67, 49, 67, 64, 58, 55, 14, 24, 28, 46, 28, 29, 6, 70, 54, 40, 50, 63, 8, 54, 49, 30, 24, 10, 70, 36, 24, 35, 36, 7, 7, 15, 70, 58, 24, 55, 67, 24, 68]","[67, 49, 67, 20, 58, 55, 14, 24, 28, 46, 47, 29, 6, 46, 54, 40, 50, 58, 8, 54, 49, 30, 24, 55, 46, 36, 24, 35, 36, 7, 7, 15, 46, 49, 10, 67, 49, 68]","[1, 1, 1, 0, 1, 1, 1, 1, 1, 1, 0, 1, 1, 0, 1, 1, 1, 0, 1, 1, 1, 1, 1, 0, 0, 1, 1, 1, 1, 1, 1, 1, 0, 0, 0, 0, 1, 0, 1]","[0, 0, 0, 1, 0, 0, 0, 0, 0, 0, 1, 0, 0, 1, 0, 0, 0, 1, 0, 0, 0, 0, 0, 1, 1, 0, 0, 0, 0, 0, 0, 0, 1, 1, 1, 1, 0, 1, 0]"
382,L2_arctic_WAV/ERMS_arctic_a0116,"[36, 8, 70, 24, 3, 63, 8, 50, 17, 55, 58, 24, 39, 6, 8, 39, 63, 14, 70, 67, 6, 36, 7, 46, 3, 50, 56, 39, 24, 10, 3, 6, 36, 7, 28, 67, 24, 70, 50, 6, 24, 55]","[36, 8, 46, 49, 3, 58, 8, 50, 52, 55, 58, 24, 37, 14, 46, 8, 54, 58, 14, 46, 67, 6, 36, 7, 46, 46, 3, 50, 56, 53, 49, 55, 3, 6, 36, 7, 28, 67, 24, 46, 50, 6, 49, 10]","[1, 1, 0, 0, 1, 0, 1, 1, 0, 1, 1, 1, 0, 0, 1, 0, 0, 1, 0, 1, 1, 1, 1, 1, 1, 1, 1, 0, 0, 0, 1, 1, 1, 1, 1, 1, 1, 0, 1, 1, 0, 0]","[0, 0, 1, 1, 0, 1, 0, 0, 1, 0, 0, 0, 1, 1, 0, 1, 1, 0, 1, 0, 0, 0, 0, 0, 0, 0, 0, 1, 1, 1, 0, 0, 0, 0, 0, 0, 0, 1, 0, 0, 1, 1]"
383,L2_arctic_WAV/ERMS_arctic_a0117,"[9, 49, 64, 58, 8, 58, 36, 24, 63, 69, 52, 55, 29, 6, 36, 24, 55, 46, 24, 68, 48, 8, 22, 49, 24, 55, 67, 7, 54, 60, 46, 8, 55, 58, 39, 57, 46]","[9, 49, 64, 3, 8, 58, 36, 49, 58, 69, 52, 55, 29, 6, 36, 49, 55, 3, 46, 49, 68, 54, 8, 3, 49, 49, 10, 62, 23, 54, 60, 46, 8, 55, 58, 39, 57, 46]","[1, 1, 1, 0, 1, 1, 1, 0, 0, 1, 1, 1, 1, 1, 1, 0, 1, 1, 0, 1, 0, 1, 0, 1, 0, 0, 0, 0, 1, 1, 1, 1, 1, 1, 1, 1, 1]","[0, 0, 0, 1, 0, 0, 0, 1, 1, 0, 0, 0, 0, 0, 0, 1, 0, 0, 1, 0, 1, 0, 1, 0, 1, 1, 1, 1, 0, 0, 0, 0, 0, 0, 0, 0, 0]"
384,L2_arctic_WAV/ERMS_arctic_a0120,"[68, 56, 50, 56, 3, 54, 31, 3, 54, 49, 30, 70, 30, 56, 28, 63, 64, 3, 8, 39, 8, 35, 56, 55, 49, 70, 58, 52, 37, 29, 8, 3, 17, 55, 3]","[68, 56, 50, 56, 3, 54, 6, 3, 54, 49, 30, 46, 30, 56, 28, 63, 64, 3, 8, 39, 8, 35, 56, 55, 49, 70, 58, 52, 37, 29, 8, 3, 17, 55, 3]","[1, 1, 1, 1, 1, 1, 0, 1, 1, 1, 1, 0, 1, 1, 1, 1, 1, 1, 1, 1, 1, 1, 1, 1, 1, 1, 1, 1, 1, 1, 1, 1, 1, 1, 1]","[0, 0, 0, 0, 0, 0, 1, 0, 0, 0, 0, 1, 0, 0, 0, 0, 0, 0, 0, 0, 0, 0, 0, 0, 0, 0, 0, 0, 0, 0, 0, 0, 0, 0, 0]"
385,L2_arctic_WAV/ERMS_arctic_a0121,"[63, 60, 60, 3, 58, 24, 55, 7, 64, 3, 63, 8, 54, 24, 54, 22, 8, 55, 58, 50, 52, 46, 3, 8, 58, 54, 50, 7, 3, 6, 15, 7, 70]","[58, 60, 60, 3, 58, 49, 55, 7, 20, 3, 58, 8, 54, 49, 54, 3, 20, 55, 50, 52, 46, 3, 8, 58, 54, 50, 7, 3, 6, 15, 7, 46]","[0, 1, 1, 1, 1, 0, 1, 1, 0, 1, 0, 1, 1, 0, 1, 0, 0, 1, 0, 1, 1, 1, 1, 1, 1, 1, 1, 1, 1, 1, 1, 1, 0]","[1, 0, 0, 0, 0, 1, 0, 0, 1, 0, 1, 0, 0, 1, 0, 1, 1, 0, 1, 0, 0, 0, 0, 0, 0, 0, 0, 0, 0, 0, 0, 0, 1]"
386,L2_arctic_WAV/ERMS_arctic_a0122,"[3, 6, 29, 7, 70, 8, 59, 14, 56, 59, 60, 39, 8, 48, 46, 24, 39, 8, 30, 24, 70, 60, 9, 8, 55, 54, 7, 63, 24, 46]","[3, 6, 29, 7, 70, 8, 59, 14, 56, 59, 60, 53, 8, 48, 3, 46, 24, 39, 8, 30, 24, 46, 60, 9, 8, 55, 54, 7, 58, 24, 46]","[1, 1, 1, 1, 1, 1, 1, 1, 1, 1, 1, 0, 1, 1, 1, 1, 1, 1, 1, 1, 0, 1, 1, 1, 1, 1, 1, 0, 1, 1]","[0, 0, 0, 0, 0, 0, 0, 0, 0, 0, 0, 1, 0, 0, 0, 0, 0, 0, 0, 0, 1, 0, 0, 0, 0, 0, 0, 1, 0, 0]"
387,L2_arctic_WAV/ERMS_arctic_a0123,"[9, 49, 67, 64, 58, 58, 56, 58, 54, 50, 8, 68, 28, 14, 30, 58, 8, 55, 58, 46, 3, 17, 50, 39, 60, 9, 8, 55]","[9, 49, 62, 20, 58, 58, 56, 54, 50, 8, 68, 28, 40, 30, 20, 55, 32, 46, 3, 17, 50, 37, 60, 9, 8, 55]","[1, 1, 0, 0, 1, 1, 1, 0, 1, 1, 1, 1, 1, 0, 1, 0, 0, 1, 0, 1, 1, 1, 1, 0, 1, 1, 1, 1]","[0, 0, 1, 1, 0, 0, 0, 1, 0, 0, 0, 0, 0, 1, 0, 1, 1, 0, 1, 0, 0, 0, 0, 1, 0, 0, 0, 0]"
388,L2_arctic_WAV/ERMS_arctic_a0125,"[67, 49, 36, 8, 70, 58, 24, 3, 7, 68, 8, 55, 58, 55, 15, 3, 6, 68, 60, 55, 3, 60, 55, 8, 68, 40, 50, 46, 7, 3, 8, 55, 67, 14, 30, 58, 8, 48, 17, 55, 67, 24, 68, 46, 52, 30, 54]","[67, 49, 36, 20, 70, 58, 24, 3, 7, 68, 49, 10, 55, 15, 3, 6, 68, 20, 55, 3, 60, 55, 8, 68, 40, 50, 46, 46, 7, 3, 8, 10, 67, 14, 30, 31, 33, 17, 55, 67, 49, 68, 46, 52, 30, 54]","[1, 1, 1, 0, 1, 1, 1, 1, 1, 1, 0, 0, 0, 1, 1, 1, 1, 1, 0, 1, 1, 1, 1, 1, 1, 1, 1, 1, 1, 1, 1, 0, 1, 1, 1, 0, 0, 0, 1, 1, 1, 0, 1, 1, 1, 1, 1]","[0, 0, 0, 1, 0, 0, 0, 0, 0, 0, 1, 1, 1, 0, 0, 0, 0, 0, 1, 0, 0, 0, 0, 0, 0, 0, 0, 0, 0, 0, 0, 1, 0, 0, 0, 1, 1, 1, 0, 0, 0, 1, 0, 0, 0, 0, 0]"
389,L2_arctic_WAV/ERMS_arctic_a0126,"[49, 35, 58, 60, 9, 49, 37, 49, 28, 60, 68, 8, 68, 40, 50, 39, 56, 3, 8, 30, 48, 17, 50, 3, 8, 39, 67, 24, 68]","[49, 26, 58, 60, 9, 49, 37, 49, 28, 60, 68, 8, 68, 40, 50, 37, 56, 3, 8, 30, 33, 17, 50, 3, 8, 39, 67, 49, 68]","[1, 0, 1, 1, 1, 1, 1, 1, 1, 1, 1, 1, 1, 1, 1, 0, 1, 1, 1, 1, 0, 1, 1, 1, 1, 1, 1, 0, 1]","[0, 1, 0, 0, 0, 0, 0, 0, 0, 0, 0, 0, 0, 0, 0, 1, 0, 0, 0, 0, 1, 0, 0, 0, 0, 0, 0, 1, 0]"
390,L2_arctic_WAV/ERMS_arctic_a0127,"[24, 3, 36, 8, 70, 8, 3, 52, 68, 3, 60, 9, 8, 55, 37, 8, 3, 67, 49, 50, 24, 70, 24, 46, 3, 24, 58, 24, 3]","[24, 3, 36, 8, 46, 8, 3, 52, 68, 3, 60, 9, 8, 10, 37, 8, 3, 67, 49, 50, 24, 46, 24, 46, 3, 24, 58, 24, 3]","[1, 1, 1, 1, 0, 1, 1, 1, 1, 1, 1, 1, 1, 0, 1, 1, 1, 1, 1, 1, 1, 0, 1, 1, 1, 1, 1, 1, 1]","[0, 0, 0, 0, 1, 0, 0, 0, 0, 0, 0, 0, 0, 1, 0, 0, 0, 0, 0, 0, 0, 1, 0, 0, 0, 0, 0, 0, 0]"
391,L2_arctic_WAV/ERMS_arctic_a0128,"[63, 24, 46, 36, 8, 55, 67, 14, 48, 36, 17, 70, 58, 24, 46, 3, 50, 57, 58, 52, 70, 28, 36, 24, 28, 30, 49, 64, 70, 24, 3, 36, 40, 70, 37, 40, 50, 55]","[58, 24, 70, 36, 8, 10, 67, 14, 48, 36, 20, 70, 58, 49, 46, 3, 50, 57, 58, 52, 46, 28, 36, 24, 28, 30, 49, 64, 46, 24, 3, 36, 40, 46, 37, 40, 50]","[0, 1, 0, 1, 1, 0, 1, 1, 1, 1, 0, 1, 1, 0, 1, 1, 1, 1, 1, 1, 0, 1, 1, 1, 1, 1, 1, 1, 0, 1, 1, 1, 1, 0, 1, 1, 1, 0]","[1, 0, 1, 0, 0, 1, 0, 0, 0, 0, 1, 0, 0, 1, 0, 0, 0, 0, 0, 0, 1, 0, 0, 0, 0, 0, 0, 0, 1, 0, 0, 0, 0, 1, 0, 0, 0, 1]"
392,L2_arctic_WAV/ERMS_arctic_a0129,"[67, 7, 54, 60, 46, 36, 8, 70, 8, 59, 52, 55, 46, 3, 67, 24, 70, 37, 50, 52, 46, 3]","[62, 23, 54, 60, 46, 36, 20, 46, 8, 59, 60, 55, 46, 3, 67, 49, 46, 37, 50, 52, 46, 3]","[0, 0, 1, 1, 1, 1, 0, 0, 1, 1, 0, 1, 1, 1, 1, 0, 0, 1, 1, 1, 1, 1]","[1, 1, 0, 0, 0, 0, 1, 1, 0, 0, 1, 0, 0, 0, 0, 1, 1, 0, 0, 0, 0, 0]"
393,L2_arctic_WAV/ERMS_arctic_a0130,"[9, 49, 36, 8, 70, 67, 24, 70, 55, 15, 54, 7, 52, 39, 7]","[9, 49, 36, 20, 46, 67, 49, 46, 55, 15, 54, 7, 52, 39, 7]","[1, 1, 1, 0, 0, 1, 0, 0, 1, 1, 1, 1, 1, 1, 1]","[0, 0, 0, 1, 1, 0, 1, 1, 0, 0, 0, 0, 0, 0, 0]"
394,L2_arctic_WAV/ERMS_arctic_a0131,"[48, 50, 17, 39, 8, 58, 8, 55, 46, 67, 64, 58, 58, 24, 30, 24, 39, 7, 58, 67, 24, 68, 22, 50, 6, 63, 8, 68, 60, 30, 46, 3, 50, 8, 68]","[48, 50, 17, 39, 8, 58, 8, 55, 46, 67, 20, 58, 58, 32, 30, 49, 53, 7, 58, 67, 49, 68, 3, 50, 6, 63, 8, 68, 64, 30, 46, 3, 50, 8, 68]","[1, 1, 1, 1, 1, 1, 1, 1, 1, 1, 0, 1, 1, 0, 1, 0, 0, 1, 1, 1, 0, 1, 0, 1, 1, 1, 1, 1, 0, 1, 1, 1, 1, 1, 1]","[0, 0, 0, 0, 0, 0, 0, 0, 0, 0, 1, 0, 0, 1, 0, 1, 1, 0, 0, 0, 1, 0, 1, 0, 0, 0, 0, 0, 1, 0, 0, 0, 0, 0, 0]"
395,L2_arctic_WAV/ERMS_arctic_a0134,"[67, 49, 14, 37, 60, 58, 63, 8, 48, 50, 52, 9, 7, 8, 39, 67, 7, 67, 64, 55, 58]","[67, 49, 14, 37, 60, 58, 58, 32, 48, 50, 32, 9, 7, 8, 39, 62, 7, 67, 20, 55, 3]","[1, 1, 1, 1, 1, 1, 0, 0, 1, 1, 0, 1, 1, 1, 1, 0, 1, 1, 0, 1, 0]","[0, 0, 0, 0, 0, 0, 1, 1, 0, 0, 1, 0, 0, 0, 0, 1, 0, 0, 1, 0, 1]"
396,L2_arctic_WAV/ERMS_arctic_a0136,"[8, 37, 15, 3, 67, 24, 68, 52, 39, 50, 49, 36, 52, 50, 36, 7, 63, 8, 52, 39, 8, 58, 8, 55, 46, 8, 70, 8, 39, 30, 8, 59, 26, 7, 49, 8, 55, 58, 8, 39, 60, 69]","[8, 37, 15, 67, 49, 68, 52, 53, 50, 49, 36, 52, 50, 36, 7, 58, 32, 52, 53, 8, 58, 8, 55, 46, 8, 46, 8, 39, 30, 31, 59, 26, 7, 49, 20, 55, 58, 8, 39, 60, 9]","[1, 1, 1, 0, 1, 0, 1, 1, 0, 1, 1, 1, 1, 1, 1, 1, 0, 0, 1, 0, 1, 1, 1, 1, 1, 1, 0, 1, 1, 1, 0, 1, 1, 1, 1, 0, 1, 1, 1, 1, 1, 0]","[0, 0, 0, 1, 0, 1, 0, 0, 1, 0, 0, 0, 0, 0, 0, 0, 1, 1, 0, 1, 0, 0, 0, 0, 0, 0, 1, 0, 0, 0, 1, 0, 0, 0, 0, 1, 0, 0, 0, 0, 0, 1]"
397,L2_arctic_WAV/ERMS_arctic_a0137,"[63, 52, 55, 67, 49, 46, 3, 52, 48, 3, 37, 64, 28, 36, 24, 63, 8, 30, 14, 28, 50, 56, 8, 39, 48, 30, 52, 26, 7]","[58, 52, 10, 67, 49, 32, 46, 3, 52, 48, 8, 3, 37, 20, 28, 36, 24, 58, 8, 30, 14, 28, 50, 56, 8, 39, 48, 30, 52, 9, 7]","[0, 1, 0, 1, 1, 1, 1, 1, 1, 1, 1, 0, 1, 1, 1, 0, 1, 1, 1, 1, 1, 1, 1, 1, 1, 1, 1, 0, 1]","[1, 0, 1, 0, 0, 0, 0, 0, 0, 0, 0, 1, 0, 0, 0, 1, 0, 0, 0, 0, 0, 0, 0, 0, 0, 0, 0, 1, 0]"
398,L2_arctic_WAV/ERMS_arctic_a0139,"[67, 49, 3, 14, 30, 58, 67, 24, 68, 46, 52, 30, 54, 63, 64, 3, 64, 70, 67, 49, 36, 17, 9, 3, 67, 24, 68, 46, 52, 30, 54, 8, 55, 58, 59, 50, 6, 68, 58, 67, 24, 70, 58, 24, 9, 52, 39, 8, 30, 58, 28, 30, 14, 63, 70]","[67, 49, 25, 14, 30, 58, 67, 49, 68, 46, 52, 30, 54, 58, 20, 3, 64, 46, 67, 49, 36, 17, 9, 3, 67, 24, 68, 46, 52, 30, 54, 8, 55, 58, 59, 50, 6, 68, 58, 67, 49, 70, 58, 24, 9, 52, 53, 8, 30, 58, 28, 30, 14, 63, 46]","[1, 1, 0, 1, 1, 1, 1, 0, 1, 1, 1, 1, 1, 0, 0, 1, 1, 0, 1, 1, 1, 1, 1, 1, 1, 1, 1, 1, 1, 1, 1, 1, 1, 1, 1, 1, 1, 1, 1, 1, 0, 1, 1, 1, 1, 1, 0, 1, 1, 1, 1, 1, 1, 1, 0]","[0, 0, 1, 0, 0, 0, 0, 1, 0, 0, 0, 0, 0, 1, 1, 0, 0, 1, 0, 0, 0, 0, 0, 0, 0, 0, 0, 0, 0, 0, 0, 0, 0, 0, 0, 0, 0, 0, 0, 0, 1, 0, 0, 0, 0, 0, 1, 0, 0, 0, 0, 0, 0, 0, 1]"
399,L2_arctic_WAV/ERMS_arctic_a0145,"[56, 67, 64, 39, 3, 8, 37, 49, 28, 52, 50, 54, 8, 30, 8, 39, 63, 52, 68, 64, 70, 63, 60, 3, 24, 50, 39, 52, 50, 49, 49, 70, 8, 30, 49]","[56, 67, 20, 37, 3, 8, 37, 49, 28, 52, 50, 54, 8, 30, 8, 39, 58, 52, 68, 20, 70, 58, 60, 3, 24, 50, 37, 52, 50, 49, 49, 46, 8, 30, 49]","[1, 1, 0, 0, 1, 1, 1, 1, 1, 1, 1, 1, 1, 1, 1, 1, 0, 1, 1, 0, 1, 0, 1, 1, 1, 1, 0, 1, 1, 1, 1, 0, 1, 1, 1]","[0, 0, 1, 1, 0, 0, 0, 0, 0, 0, 0, 0, 0, 0, 0, 0, 1, 0, 0, 1, 0, 1, 0, 0, 0, 0, 1, 0, 0, 0, 0, 1, 0, 0, 0]"
400,L2_arctic_WAV/ERMS_arctic_a0148,"[55, 15, 63, 49, 70, 22, 24, 10, 70, 67, 64, 58, 37, 24, 55, 46, 3, 50, 8, 28, 58, 52, 58, 36, 24, 63, 24, 55, 67, 24, 68]","[55, 15, 58, 49, 46, 3, 49, 10, 46, 67, 20, 58, 37, 49, 10, 8, 46, 3, 50, 8, 28, 58, 52, 3, 36, 49, 58, 49, 10, 67, 49, 68]","[1, 1, 0, 1, 0, 0, 0, 1, 0, 1, 0, 1, 1, 0, 0, 1, 1, 1, 1, 1, 1, 1, 0, 1, 0, 0, 0, 0, 1, 0, 1]","[0, 0, 1, 0, 1, 1, 1, 0, 1, 0, 1, 0, 0, 1, 1, 0, 0, 0, 0, 0, 0, 0, 1, 0, 1, 1, 1, 1, 0, 1, 0]"
401,L2_arctic_WAV/ERMS_arctic_a0154,"[67, 49, 36, 8, 70, 46, 68, 6, 22, 9, 60, 39, 8, 55, 8, 55, 58, 67, 24, 70, 67, 52, 50, 8, 55, 58, 56, 70, 36, 7, 37, 30, 64, 28]","[67, 49, 36, 20, 70, 61, 46, 68, 6, 3, 9, 60, 53, 8, 55, 8, 55, 58, 67, 49, 46, 62, 52, 50, 8, 55, 58, 56, 70, 36, 7, 37, 30, 64, 28]","[1, 1, 1, 0, 1, 1, 1, 1, 0, 1, 1, 0, 1, 1, 1, 1, 1, 1, 0, 0, 0, 1, 1, 1, 1, 1, 1, 1, 1, 1, 1, 1, 1, 1]","[0, 0, 0, 1, 0, 0, 0, 0, 1, 0, 0, 1, 0, 0, 0, 0, 0, 0, 1, 1, 1, 0, 0, 0, 0, 0, 0, 0, 0, 0, 0, 0, 0, 0]"
402,L2_arctic_WAV/ERMS_arctic_a0159,"[63, 60, 30, 31, 28, 64, 70, 63, 14, 67, 49, 67, 64, 58, 37, 24, 55, 58, 50, 8, 68, 24, 10, 8, 48, 49, 64, 55, 14, 40, 30, 67, 24, 70, 30, 56, 54]","[58, 60, 30, 6, 28, 20, 46, 58, 14, 67, 49, 67, 64, 58, 37, 49, 55, 58, 50, 8, 68, 24, 10, 8, 48, 49, 64, 55, 14, 40, 30, 67, 49, 46, 30, 56, 54]","[0, 1, 1, 0, 1, 0, 0, 0, 1, 1, 1, 1, 1, 1, 1, 0, 1, 1, 1, 1, 1, 1, 1, 1, 1, 1, 1, 1, 1, 1, 1, 1, 0, 0, 1, 1, 1]","[1, 0, 0, 1, 0, 1, 1, 1, 0, 0, 0, 0, 0, 0, 0, 1, 0, 0, 0, 0, 0, 0, 0, 0, 0, 0, 0, 0, 0, 0, 0, 0, 1, 1, 0, 0, 0]"
403,L2_arctic_WAV/ERMS_arctic_a0170,"[63, 52, 50, 36, 8, 70, 55, 8, 55, 8, 39, 63, 49, 69, 57, 8, 39, 68, 49, 3, 24, 10, 24, 55, 67, 24, 70, 54, 60, 46]","[58, 52, 50, 36, 8, 46, 55, 8, 55, 8, 39, 63, 49, 69, 57, 8, 39, 68, 49, 3, 24, 10, 49, 10, 67, 49, 46, 54, 60, 46]","[0, 1, 1, 1, 1, 0, 1, 1, 1, 1, 1, 1, 1, 1, 1, 1, 1, 1, 1, 1, 1, 1, 0, 0, 1, 0, 0, 1, 1, 1]","[1, 0, 0, 0, 0, 1, 0, 0, 0, 0, 0, 0, 0, 0, 0, 0, 0, 0, 0, 0, 0, 0, 1, 1, 0, 1, 1, 0, 0, 0]"
404,L2_arctic_WAV/ERMS_arctic_a0176,"[54, 40, 50, 63, 8, 54, 7, 46, 3, 3, 56, 68, 24, 55, 67, 24, 70, 30, 56, 54, 67, 49, 36, 8, 70, 29, 7, 55, 24, 10, 54, 40, 50, 8, 46, 28, 50, 64, 48]","[54, 40, 50, 58, 8, 54, 23, 46, 3, 3, 56, 68, 49, 10, 67, 49, 46, 30, 56, 54, 67, 49, 36, 8, 70, 29, 23, 55, 24, 10, 54, 40, 50, 8, 46, 47, 50, 64, 48]","[1, 1, 1, 0, 1, 1, 0, 1, 1, 1, 1, 1, 0, 0, 1, 0, 0, 1, 1, 1, 1, 1, 1, 1, 1, 1, 0, 1, 1, 1, 1, 1, 1, 1, 1, 0, 1, 1, 1]","[0, 0, 0, 1, 0, 0, 1, 0, 0, 0, 0, 0, 1, 1, 0, 1, 1, 0, 0, 0, 0, 0, 0, 0, 0, 0, 1, 0, 0, 0, 0, 0, 0, 0, 0, 1, 0, 0, 0]"
405,L2_arctic_WAV/ERMS_arctic_a0178,"[52, 39, 7, 49, 37, 14, 55, 24, 55, 67, 7, 60, 69, 58, 37, 17, 58, 49, 46, 49, 68, 58, 37, 50, 14, 28, 8, 55, 40, 50, 58, 24, 46, 30, 14, 28, 60, 3, 24, 58]","[52, 53, 7, 49, 37, 14, 55, 49, 10, 67, 7, 60, 9, 37, 17, 58, 49, 46, 49, 68, 58, 37, 50, 14, 28, 8, 55, 40, 50, 58, 24, 46, 30, 14, 28, 60, 3, 24, 58]","[1, 0, 1, 1, 1, 1, 1, 0, 0, 1, 1, 1, 0, 0, 1, 1, 1, 1, 1, 1, 1, 1, 1, 1, 1, 1, 1, 1, 1, 1, 1, 1, 1, 1, 1, 1, 1, 1, 1, 1]","[0, 1, 0, 0, 0, 0, 0, 1, 1, 0, 0, 0, 1, 1, 0, 0, 0, 0, 0, 0, 0, 0, 0, 0, 0, 0, 0, 0, 0, 0, 0, 0, 0, 0, 0, 0, 0, 0, 0, 0]"
406,L2_arctic_WAV/ERMS_arctic_a0185,"[63, 8, 28, 36, 52, 46, 35, 8, 55, 70, 68, 60, 67, 64, 39, 28, 8, 68, 39, 60, 59, 30, 49, 24, 55, 67, 24, 70, 68, 56, 55, 58]","[58, 32, 28, 36, 52, 46, 35, 8, 55, 46, 68, 60, 67, 64, 39, 28, 8, 68, 37, 60, 59, 30, 49, 49, 10, 62, 49, 70, 68, 56, 55]","[0, 0, 1, 1, 1, 1, 1, 1, 1, 0, 1, 1, 1, 1, 1, 1, 1, 1, 0, 1, 1, 1, 1, 0, 0, 0, 0, 1, 1, 1, 1, 0]","[1, 1, 0, 0, 0, 0, 0, 0, 0, 1, 0, 0, 0, 0, 0, 0, 0, 0, 1, 0, 0, 0, 0, 1, 1, 1, 1, 0, 0, 0, 0, 1]"
407,L2_arctic_WAV/ERMS_arctic_a0191,"[54, 50, 7, 8, 3, 56, 68, 63, 8, 24, 28, 46, 56, 3, 24, 10, 22, 50, 24, 30, 8, 39, 67, 24, 70, 8, 58, 39, 52, 55, 35, 7, 36, 8, 70, 59, 40, 55]","[54, 50, 7, 8, 3, 56, 68, 58, 8, 24, 28, 46, 56, 3, 24, 10, 3, 50, 49, 30, 8, 39, 67, 49, 46, 8, 58, 37, 52, 55, 35, 7, 36, 8, 46, 59, 40, 55]","[1, 1, 1, 1, 1, 1, 1, 0, 1, 1, 1, 1, 1, 1, 1, 1, 0, 1, 0, 1, 1, 1, 1, 0, 0, 1, 1, 0, 1, 1, 1, 1, 1, 1, 0, 1, 1, 1]","[0, 0, 0, 0, 0, 0, 0, 1, 0, 0, 0, 0, 0, 0, 0, 0, 1, 0, 1, 0, 0, 0, 0, 1, 1, 0, 0, 1, 0, 0, 0, 0, 0, 0, 1, 0, 0, 0]"
408,L2_arctic_WAV/ERMS_arctic_a0198,"[46, 8, 68, 3, 56, 68, 70, 67, 7, 58, 50, 49, 68, 70, 36, 7, 54, 24, 30, 58, 36, 24, 63, 39, 24, 26, 8, 55, 70]","[46, 8, 68, 3, 56, 55, 46, 62, 7, 58, 50, 49, 68, 46, 36, 7, 54, 49, 30, 3, 36, 49, 58, 37, 49, 9, 8, 55, 46]","[1, 1, 1, 1, 1, 0, 0, 0, 1, 1, 1, 1, 1, 0, 1, 1, 1, 0, 1, 0, 1, 0, 0, 0, 0, 0, 1, 1, 0]","[0, 0, 0, 0, 0, 1, 1, 1, 0, 0, 0, 0, 0, 1, 0, 0, 0, 1, 0, 1, 0, 1, 1, 1, 1, 1, 0, 0, 1]"
409,L2_arctic_WAV/ERMS_arctic_a0210,"[24, 3, 46, 58, 56, 64, 68, 8, 3, 7, 36, 8, 70, 55, 17, 3, 68, 40, 50, 63, 8, 55, 3, 6, 67, 8, 55, 58, 50, 8, 58, 29, 17, 50, 58, 70]","[49, 3, 46, 58, 49, 20, 68, 32, 3, 7, 36, 20, 46, 55, 17, 3, 68, 40, 50, 63, 8, 55, 3, 6, 67, 8, 55, 58, 50, 8, 58, 69, 17, 50, 58, 46]","[0, 1, 1, 1, 0, 0, 1, 0, 1, 1, 1, 0, 0, 1, 1, 1, 1, 1, 1, 1, 1, 1, 1, 1, 1, 1, 1, 1, 1, 1, 1, 0, 1, 1, 1, 0]","[1, 0, 0, 0, 1, 1, 0, 1, 0, 0, 0, 1, 1, 0, 0, 0, 0, 0, 0, 0, 0, 0, 0, 0, 0, 0, 0, 0, 0, 0, 0, 1, 0, 0, 0, 1]"
410,L2_arctic_WAV/ERMS_arctic_a0212,"[54, 50, 52, 9, 28, 60, 46, 24, 70, 46, 3, 24, 30, 60, 37, 8, 30, 3, 8, 36, 40, 28, 63, 60, 28, 30, 8, 46, 3, 7, 58, 8, 37, 15, 3, 63, 8, 46, 48, 14, 28, 46, 68, 8, 55]","[54, 50, 32, 9, 28, 60, 70, 24, 46, 32, 46, 3, 49, 30, 60, 53, 8, 30, 3, 8, 36, 40, 28, 58, 60, 28, 30, 20, 46, 25, 7, 58, 8, 37, 15, 3, 58, 8, 46, 48, 14, 28, 46, 68, 8, 55]","[1, 1, 0, 1, 1, 1, 0, 1, 0, 1, 1, 0, 1, 1, 0, 1, 1, 1, 1, 1, 1, 1, 0, 1, 1, 1, 0, 1, 0, 1, 1, 1, 1, 1, 1, 0, 1, 1, 1, 1, 1, 1, 1, 1, 1]","[0, 0, 1, 0, 0, 0, 1, 0, 1, 0, 0, 1, 0, 0, 1, 0, 0, 0, 0, 0, 0, 0, 1, 0, 0, 0, 1, 0, 1, 0, 0, 0, 0, 0, 0, 1, 0, 0, 0, 0, 0, 0, 0, 0, 0]"
411,L2_arctic_WAV/ERMS_arctic_a0227,"[24, 3, 36, 8, 70, 63, 8, 46, 60, 68, 36, 60, 36, 24, 63, 15, 50, 50, 24, 39, 17, 30, 39, 7, 70, 8, 55, 58, 50, 56, 54, 8, 30, 70]","[49, 3, 36, 20, 70, 63, 8, 46, 60, 68, 36, 60, 36, 49, 63, 15, 50, 50, 24, 53, 17, 30, 53, 7, 70, 8, 55, 58, 50, 56, 54, 8, 30, 46]","[0, 1, 1, 0, 1, 1, 1, 1, 1, 1, 1, 1, 1, 0, 1, 1, 1, 1, 1, 0, 1, 1, 0, 1, 1, 1, 1, 1, 1, 1, 1, 1, 1, 0]","[1, 0, 0, 1, 0, 0, 0, 0, 0, 0, 0, 0, 0, 1, 0, 0, 0, 0, 0, 1, 0, 0, 1, 0, 0, 0, 0, 0, 0, 0, 0, 0, 0, 1]"
412,L2_arctic_WAV/ERMS_arctic_a0233,"[56, 55, 52, 39, 7, 8, 30, 15, 36, 8, 3, 28, 64, 55, 3, 37, 49, 35, 60, 55, 69, 58, 3, 6, 8, 55, 57, 68, 49]","[56, 55, 52, 53, 7, 8, 30, 15, 36, 20, 3, 28, 20, 55, 37, 49, 35, 60, 55, 69, 3, 6, 8, 55, 57, 68, 49]","[1, 1, 1, 0, 1, 1, 1, 1, 1, 0, 1, 1, 0, 1, 0, 1, 1, 1, 1, 1, 1, 0, 1, 1, 1, 1, 1, 1, 1]","[0, 0, 0, 1, 0, 0, 0, 0, 0, 1, 0, 0, 1, 0, 1, 0, 0, 0, 0, 0, 0, 1, 0, 0, 0, 0, 0, 0, 0]"
413,L2_arctic_WAV/ERMS_arctic_a0254,"[46, 3, 50, 60, 3, 15, 3, 63, 60, 46, 36, 64, 68, 63, 52, 50, 67, 52, 58, 70, 59, 50, 14, 24, 10, 46, 68, 40, 30, 7, 8, 55, 58, 46, 68, 40, 30, 7]","[32, 46, 3, 50, 60, 3, 15, 3, 63, 60, 46, 36, 20, 68, 63, 52, 50, 67, 52, 58, 46, 59, 50, 14, 24, 10, 46, 68, 40, 30, 7, 8, 55, 58, 46, 68, 40, 30, 7]","[1, 1, 1, 1, 1, 1, 1, 1, 1, 1, 1, 0, 1, 1, 1, 1, 1, 1, 1, 0, 1, 1, 1, 1, 1, 1, 1, 1, 1, 1, 1, 1, 1, 1, 1, 1, 1, 1]","[0, 0, 0, 0, 0, 0, 0, 0, 0, 0, 0, 1, 0, 0, 0, 0, 0, 0, 0, 1, 0, 0, 0, 0, 0, 0, 0, 0, 0, 0, 0, 0, 0, 0, 0, 0, 0, 0]"
414,L2_arctic_WAV/ERMS_arctic_a0260,"[55, 14, 37, 17, 58, 49, 55, 29, 6, 67, 24, 70, 67, 24, 46, 3, 8, 50, 49, 63, 60, 8, 39, 63, 8, 67, 31, 55, 3, 8, 30, 49, 46, 3, 8, 39, 40, 30]","[55, 14, 37, 40, 58, 49, 55, 29, 6, 67, 49, 70, 67, 49, 46, 3, 40, 50, 49, 58, 60, 8, 39, 58, 8, 69, 31, 55, 3, 8, 30, 49, 46, 3, 8, 39, 40, 30]","[1, 1, 1, 0, 1, 1, 1, 1, 1, 1, 0, 1, 1, 0, 1, 1, 0, 1, 1, 0, 1, 1, 1, 0, 1, 0, 1, 1, 1, 1, 1, 1, 1, 1, 1, 1, 1, 1]","[0, 0, 0, 1, 0, 0, 0, 0, 0, 0, 1, 0, 0, 1, 0, 0, 1, 0, 0, 1, 0, 0, 0, 1, 0, 1, 0, 0, 0, 0, 0, 0, 0, 0, 0, 0, 0, 0]"
415,L2_arctic_WAV/ERMS_arctic_a0265,"[63, 8, 58, 24, 46, 28, 8, 39, 7, 49, 46, 49, 68, 58, 3, 6, 67, 64, 39, 37, 24, 55, 68, 60, 58, 40, 55, 63, 8, 46, 48, 7, 8, 39, 63, 8, 68, 14, 68, 8, 55, 3]","[58, 32, 58, 49, 46, 28, 8, 39, 7, 49, 46, 49, 68, 3, 3, 6, 67, 64, 39, 37, 49, 10, 68, 60, 58, 40, 55, 58, 8, 46, 48, 6, 50, 8, 54, 58, 8, 68, 40, 68, 8, 55, 3]","[0, 0, 1, 0, 1, 1, 1, 1, 1, 1, 1, 1, 1, 0, 1, 1, 1, 1, 1, 1, 0, 0, 1, 1, 1, 1, 1, 0, 1, 1, 1, 0, 1, 0, 0, 1, 1, 0, 1, 1, 1, 1]","[1, 1, 0, 1, 0, 0, 0, 0, 0, 0, 0, 0, 0, 1, 0, 0, 0, 0, 0, 0, 1, 1, 0, 0, 0, 0, 0, 1, 0, 0, 0, 1, 0, 1, 1, 0, 0, 1, 0, 0, 0, 0]"
416,L2_arctic_WAV/ERMS_arctic_a0269,"[63, 64, 3, 46, 36, 52, 50, 63, 60, 28, 8, 3, 40, 54, 63, 8, 46, 28, 17, 3, 24, 9, 35, 49, 54, 46, 8, 55, 58, 28, 24, 30, 58, 40, 30, 67, 64, 55, 70]","[58, 17, 3, 46, 36, 52, 50, 58, 60, 28, 6, 3, 40, 54, 58, 32, 46, 28, 17, 3, 24, 9, 35, 49, 54, 20, 55, 58, 28, 49, 30, 40, 30, 67, 17, 55, 46]","[0, 0, 1, 1, 1, 1, 1, 0, 1, 1, 0, 1, 1, 1, 0, 0, 1, 1, 1, 1, 1, 1, 1, 1, 1, 0, 0, 1, 1, 1, 0, 1, 0, 1, 1, 1, 0, 1, 0]","[1, 1, 0, 0, 0, 0, 0, 1, 0, 0, 1, 0, 0, 0, 1, 1, 0, 0, 0, 0, 0, 0, 0, 0, 0, 1, 1, 0, 0, 0, 1, 0, 1, 0, 0, 0, 1, 0, 1]"
417,L2_arctic_WAV/ERMS_arctic_a0271,"[55, 15, 48, 30, 49, 70, 59, 24, 39, 8, 48, 30, 60, 55, 46, 3, 60, 3, 68, 8, 55, 3, 8, 39, 36, 8, 3, 8, 28, 7, 58]","[55, 15, 48, 30, 49, 70, 59, 49, 37, 8, 48, 30, 60, 55, 32, 46, 3, 60, 3, 68, 8, 55, 8, 39, 36, 20, 3, 8, 28, 6, 50, 3]","[1, 1, 1, 1, 1, 1, 1, 0, 0, 1, 1, 1, 1, 1, 1, 1, 1, 1, 1, 1, 1, 0, 1, 1, 1, 0, 1, 1, 1, 0, 0]","[0, 0, 0, 0, 0, 0, 0, 1, 1, 0, 0, 0, 0, 0, 0, 0, 0, 0, 0, 0, 0, 1, 0, 0, 0, 1, 0, 0, 0, 1, 1]"
418,L2_arctic_WAV/ERMS_arctic_a0295,"[8, 55, 58, 3, 36, 52, 55, 3, 49, 68, 52, 55, 28, 31, 58, 67, 14, 30, 58, 24, 3, 36, 24, 22, 46, 48, 24, 50, 70, 64, 55, 58, 64, 50, 14, 70]","[8, 55, 58, 3, 36, 52, 55, 3, 49, 68, 52, 10, 28, 31, 58, 67, 14, 30, 58, 24, 3, 36, 24, 22, 46, 33, 24, 50, 46, 64, 55, 58, 64, 50, 14, 70]","[1, 1, 1, 1, 1, 1, 1, 1, 1, 1, 1, 0, 1, 1, 1, 1, 1, 1, 1, 1, 1, 1, 1, 1, 1, 0, 1, 1, 0, 1, 1, 1, 1, 1, 1, 1]","[0, 0, 0, 0, 0, 0, 0, 0, 0, 0, 0, 1, 0, 0, 0, 0, 0, 0, 0, 0, 0, 0, 0, 0, 0, 1, 0, 0, 1, 0, 0, 0, 0, 0, 0, 0]"
419,L2_arctic_WAV/ERMS_arctic_a0298,"[63, 24, 46, 3, 64, 46, 24, 3, 48, 50, 17, 68, 8, 46, 8, 39, 28, 8, 55, 3, 24, 55, 29, 6, 58, 8, 28, 36, 60, 55, 3, 8, 55, 46, 59, 60, 39, 46, 64, 28, 46, 8, 55, 8, 30, 24, 3, 8, 30, 69, 57, 22, 50, 24, 30]","[58, 49, 46, 3, 64, 46, 24, 3, 48, 50, 17, 68, 8, 46, 8, 39, 28, 8, 55, 3, 24, 55, 29, 6, 3, 8, 28, 36, 60, 55, 3, 8, 55, 46, 59, 60, 39, 46, 64, 28, 46, 8, 55, 8, 30, 49, 3, 8, 30, 69, 57, 3, 50, 49, 30]","[0, 0, 1, 1, 1, 1, 1, 1, 1, 1, 1, 1, 1, 1, 1, 1, 1, 1, 1, 1, 1, 1, 1, 1, 0, 1, 1, 1, 1, 1, 1, 1, 1, 1, 1, 1, 1, 1, 1, 1, 1, 1, 1, 1, 1, 0, 1, 1, 1, 1, 1, 0, 1, 0, 1]","[1, 1, 0, 0, 0, 0, 0, 0, 0, 0, 0, 0, 0, 0, 0, 0, 0, 0, 0, 0, 0, 0, 0, 0, 1, 0, 0, 0, 0, 0, 0, 0, 0, 0, 0, 0, 0, 0, 0, 0, 0, 0, 0, 0, 0, 1, 0, 0, 0, 0, 0, 1, 0, 1, 0]"
420,L2_arctic_WAV/ERMS_arctic_a0299,"[56, 3, 52, 30, 29, 6, 56, 64, 68, 58, 24, 46, 59, 8, 46, 3, 8, 58, 36, 24, 22, 63, 24, 46, 8, 58, 39, 52, 55, 35, 7, 3, 17, 68, 54, 6, 30, 7, 49, 8, 55, 58, 50, 17, 3]","[56, 3, 52, 30, 5, 6, 56, 64, 68, 58, 24, 46, 59, 8, 46, 3, 8, 58, 36, 49, 3, 58, 49, 46, 8, 58, 37, 52, 55, 35, 7, 3, 6, 68, 54, 6, 30, 7, 49, 20, 55, 58, 50, 34, 3]","[1, 1, 1, 1, 0, 1, 1, 1, 1, 1, 1, 1, 1, 1, 1, 1, 1, 1, 1, 0, 0, 0, 0, 1, 1, 1, 0, 1, 1, 1, 1, 1, 0, 1, 1, 1, 1, 1, 1, 0, 1, 1, 1, 0, 1]","[0, 0, 0, 0, 1, 0, 0, 0, 0, 0, 0, 0, 0, 0, 0, 0, 0, 0, 0, 1, 1, 1, 1, 0, 0, 0, 1, 0, 0, 0, 0, 0, 1, 0, 0, 0, 0, 0, 0, 1, 0, 0, 0, 1, 0]"
421,L2_arctic_WAV/ERMS_arctic_a0300,"[54, 50, 8, 68, 68, 56, 7, 30, 49, 8, 46, 3, 50, 52, 28, 8, 30, 52, 28, 9, 8, 55, 68, 56, 46, 30, 49, 48, 36, 8, 70, 8, 48, 24, 50, 49, 8, 58, 8, 39, 3, 52, 50, 7]","[54, 50, 8, 68, 68, 56, 23, 30, 49, 8, 46, 3, 50, 52, 28, 8, 30, 52, 28, 9, 8, 55, 68, 56, 32, 46, 30, 49, 48, 36, 8, 46, 8, 48, 24, 50, 49, 8, 58, 8, 39, 3, 52, 50, 23]","[1, 1, 1, 1, 1, 1, 0, 1, 1, 1, 1, 1, 1, 1, 1, 1, 1, 1, 1, 1, 1, 1, 1, 1, 1, 1, 1, 1, 1, 1, 0, 1, 1, 1, 1, 1, 1, 1, 1, 1, 1, 1, 1, 0]","[0, 0, 0, 0, 0, 0, 1, 0, 0, 0, 0, 0, 0, 0, 0, 0, 0, 0, 0, 0, 0, 0, 0, 0, 0, 0, 0, 0, 0, 0, 1, 0, 0, 0, 0, 0, 0, 0, 0, 0, 0, 0, 0, 1]"
422,L2_arctic_WAV/ERMS_arctic_a0303,"[37, 8, 3, 63, 60, 68, 60, 28, 63, 8, 68, 24, 46, 3, 60, 28, 8, 39, 24, 59, 55, 40, 50, 24, 10, 63, 52, 50, 14, 55, 58, 6, 64, 30, 8, 3, 49]","[37, 20, 3, 58, 60, 68, 60, 28, 58, 32, 68, 24, 46, 25, 60, 28, 8, 39, 49, 59, 55, 40, 50, 24, 10, 58, 32, 50, 14, 55, 58, 6, 20, 30, 8, 3, 49]","[1, 0, 1, 0, 1, 1, 1, 1, 0, 0, 1, 1, 1, 0, 1, 1, 1, 1, 0, 1, 1, 1, 1, 1, 1, 0, 0, 1, 1, 1, 1, 1, 0, 1, 1, 1, 1]","[0, 1, 0, 1, 0, 0, 0, 0, 1, 1, 0, 0, 0, 1, 0, 0, 0, 0, 1, 0, 0, 0, 0, 0, 0, 1, 1, 0, 0, 0, 0, 0, 1, 0, 0, 0, 0]"
423,L2_arctic_WAV/ERMS_arctic_a0320,"[36, 24, 22, 68, 56, 46, 3, 50, 52, 10, 22, 56, 46, 30, 64, 68, 58, 24, 3, 54, 31, 30, 24, 55, 3, 6, 50, 52, 58, 56, 70, 54, 60, 46]","[36, 49, 3, 68, 56, 32, 46, 3, 50, 52, 55, 56, 32, 46, 30, 64, 68, 58, 24, 3, 54, 6, 30, 49, 55, 3, 6, 50, 52, 58, 56, 46, 54, 60, 46]","[1, 0, 0, 1, 1, 1, 1, 1, 1, 0, 0, 1, 1, 1, 1, 1, 1, 1, 1, 1, 0, 1, 0, 1, 1, 1, 1, 1, 1, 1, 0, 1, 1, 1]","[0, 1, 1, 0, 0, 0, 0, 0, 0, 1, 1, 1, 0, 0, 0, 0, 0, 0, 0, 0, 1, 0, 1, 0, 0, 0, 0, 0, 0, 0, 1, 0, 0, 0]"
424,L2_arctic_WAV/ERMS_arctic_a0363,"[24, 3, 24, 70, 55, 17, 3, 8, 55, 8, 3, 52, 68, 48, 3, 3, 8, 46, 68, 64, 9, 63, 8, 68, 17, 50, 28, 8, 3]","[49, 3, 49, 46, 55, 40, 3, 8, 55, 8, 3, 52, 68, 48, 3, 3, 8, 9, 68, 17, 9, 58, 8, 68, 17, 50, 28, 8, 3]","[0, 1, 0, 0, 1, 0, 1, 1, 1, 1, 1, 1, 1, 1, 1, 1, 1, 0, 1, 0, 1, 0, 1, 1, 1, 1, 1, 1, 1]","[1, 0, 1, 1, 0, 1, 0, 0, 0, 0, 0, 0, 0, 0, 0, 0, 0, 1, 0, 1, 0, 1, 0, 0, 0, 0, 0, 0, 0]"
425,L2_arctic_WAV/ERMS_arctic_a0369,"[24, 55, 48, 17, 50, 3, 55, 7, 9, 24, 48, 36, 24, 63, 63, 60, 30, 56, 3, 63, 8, 48, 52, 50, 50, 60, 58, 24, 58, 63, 8, 46, 64, 55, 67, 14, 70, 60, 24, 55, 3, 7, 7, 37, 8, 55]","[49, 55, 48, 17, 50, 3, 55, 7, 9, 49, 48, 36, 49, 58, 58, 60, 30, 56, 3, 58, 32, 48, 52, 41, 50, 60, 12, 24, 58, 58, 32, 46, 64, 55, 67, 14, 46, 60, 49, 55, 3, 23, 7, 37, 8, 55]","[0, 1, 1, 1, 1, 1, 1, 1, 1, 0, 1, 1, 0, 0, 0, 1, 1, 1, 1, 0, 0, 1, 1, 0, 1, 1, 0, 1, 1, 0, 0, 1, 1, 1, 1, 1, 0, 1, 0, 1, 1, 0, 1, 1, 1, 1]","[1, 0, 0, 0, 0, 0, 0, 0, 0, 1, 0, 0, 1, 1, 1, 0, 0, 0, 0, 1, 1, 0, 0, 1, 0, 0, 1, 0, 0, 1, 1, 0, 0, 0, 0, 0, 1, 0, 1, 0, 0, 1, 0, 0, 0, 0]"
426,L2_arctic_WAV/ERMS_arctic_a0401,"[63, 8, 68, 64, 55, 46, 68, 56, 30, 58, 59, 50, 24, 68, 30, 49, 8, 55, 58, 37, 50, 40, 3, 8, 67, 64, 35, 8, 3, 8, 55, 58, 8, 28, 30, 8, 37]","[58, 8, 68, 20, 55, 32, 46, 68, 56, 30, 49, 59, 50, 49, 68, 30, 49, 8, 55, 58, 37, 50, 40, 3, 8, 67, 64, 35, 8, 3, 8, 55, 58, 8, 28, 30, 8, 54]","[0, 1, 1, 0, 1, 1, 1, 1, 1, 0, 1, 1, 0, 1, 1, 1, 1, 1, 1, 1, 1, 1, 1, 1, 1, 1, 1, 1, 1, 1, 1, 1, 1, 1, 1, 1, 0]","[1, 0, 0, 1, 0, 0, 0, 0, 0, 1, 0, 0, 1, 0, 0, 0, 0, 0, 0, 0, 0, 0, 0, 0, 0, 0, 0, 0, 0, 0, 0, 0, 0, 0, 0, 0, 1]"
427,L2_arctic_WAV/ERMS_arctic_a0416,"[63, 49, 64, 58, 24, 58, 36, 60, 3, 67, 64, 58, 8, 39, 8, 30, 17, 46, 8, 3, 49, 8, 39, 54, 24, 54, 3, 49, 55, 68, 56, 30, 70, 48, 7, 15, 50]","[58, 49, 64, 58, 24, 58, 36, 60, 3, 67, 20, 58, 8, 39, 24, 30, 17, 46, 8, 3, 49, 8, 39, 54, 49, 54, 3, 49, 55, 68, 56, 30, 46, 48, 7, 15, 50]","[0, 1, 1, 1, 1, 1, 1, 1, 1, 1, 0, 1, 1, 1, 0, 1, 1, 1, 1, 1, 1, 1, 1, 1, 0, 1, 1, 1, 1, 1, 1, 1, 0, 1, 1, 1, 1]","[1, 0, 0, 0, 0, 0, 0, 0, 0, 0, 1, 0, 0, 0, 1, 0, 0, 0, 0, 0, 0, 0, 0, 0, 1, 0, 0, 0, 0, 0, 0, 0, 1, 0, 0, 0, 0]"
428,L2_arctic_WAV/ERMS_arctic_a0441,"[39, 56, 8, 30, 8, 55, 3, 30, 56, 54, 8, 55, 58, 64, 22, 30, 52, 3, 24, 28, 46, 48, 40, 50, 3, 46, 67, 64, 58, 55, 52, 39, 7, 8, 48, 49, 30, 58, 3, 6, 68, 49]","[37, 56, 8, 30, 8, 55, 3, 30, 56, 54, 8, 55, 58, 64, 3, 30, 52, 3, 24, 28, 46, 48, 40, 50, 3, 46, 67, 20, 58, 55, 52, 53, 7, 8, 48, 49, 30, 58, 3, 6, 68, 49]","[0, 1, 1, 1, 1, 1, 1, 1, 1, 1, 1, 1, 1, 1, 0, 1, 1, 1, 1, 1, 1, 1, 1, 1, 1, 1, 1, 0, 1, 1, 1, 0, 1, 1, 1, 1, 1, 1, 1, 1, 1, 1]","[1, 0, 0, 0, 0, 0, 0, 0, 0, 0, 0, 0, 0, 0, 1, 0, 0, 0, 0, 0, 0, 0, 0, 0, 0, 0, 0, 1, 0, 0, 0, 1, 0, 0, 0, 0, 0, 0, 0, 0, 0, 0]"
429,L2_arctic_WAV/ERMS_arctic_a0487,"[63, 8, 50, 24, 39, 7, 37, 52, 50, 58, 24, 3, 46, 37, 31, 70, 8, 68, 64, 55, 58, 46, 55, 40, 50, 3, 24, 10, 46, 3, 49, 68, 37, 14, 3, 46, 35, 64, 30, 8, 55, 69, 58, 63, 8, 36, 24, 30, 58, 7, 55, 8, 46]","[58, 8, 50, 24, 53, 7, 37, 52, 50, 58, 49, 3, 46, 37, 40, 46, 8, 68, 20, 55, 58, 32, 46, 55, 40, 50, 3, 24, 10, 46, 3, 49, 68, 37, 14, 3, 46, 35, 20, 30, 8, 55, 69, 58, 58, 32, 36, 49, 38, 58, 7, 55, 8, 46]","[0, 1, 1, 1, 0, 1, 1, 1, 1, 1, 0, 1, 1, 1, 0, 0, 1, 1, 0, 1, 1, 1, 1, 1, 1, 1, 1, 1, 1, 1, 1, 1, 1, 1, 1, 1, 1, 0, 1, 1, 1, 1, 1, 0, 0, 1, 0, 0, 1, 1, 1, 1, 1]","[1, 0, 0, 0, 1, 0, 0, 0, 0, 0, 1, 0, 0, 0, 1, 1, 0, 0, 1, 0, 0, 0, 0, 0, 0, 0, 0, 0, 0, 0, 0, 0, 0, 0, 0, 0, 0, 1, 0, 0, 0, 0, 0, 1, 1, 0, 1, 1, 0, 0, 0, 0, 0]"
430,L2_arctic_WAV/ERMS_arctic_a0500,"[67, 6, 63, 8, 58, 52, 39, 8, 30, 59, 60, 39, 24, 3, 3, 6, 29, 6, 3, 6, 37, 49, 69, 8, 69, 64, 55, 58, 69, 31, 50, 49]","[67, 6, 63, 8, 58, 52, 53, 8, 30, 59, 60, 39, 49, 3, 3, 6, 29, 6, 3, 6, 37, 49, 58, 32, 69, 20, 35, 17, 55, 58, 29, 31, 50, 49]","[1, 1, 1, 1, 1, 1, 0, 1, 1, 1, 1, 1, 0, 1, 1, 1, 1, 1, 1, 1, 1, 1, 1, 0, 0, 0, 1, 1, 0, 1, 1, 1]","[0, 0, 0, 0, 0, 0, 1, 0, 0, 0, 0, 0, 1, 0, 0, 0, 0, 0, 0, 0, 0, 0, 0, 1, 1, 1, 0, 0, 1, 0, 0, 0]"
431,L2_arctic_WAV/ERMS_arctic_a0548,"[40, 30, 46, 14, 35, 7, 35, 8, 70, 8, 55, 58, 48, 50, 49, 35, 7, 70, 56, 67, 64, 58, 55, 52, 39, 7, 55, 14, 55]","[40, 30, 46, 14, 35, 7, 35, 8, 46, 8, 55, 58, 48, 50, 49, 35, 7, 46, 56, 67, 20, 58, 55, 52, 53, 7, 55, 14, 55]","[1, 1, 1, 1, 1, 1, 1, 1, 0, 1, 1, 1, 1, 1, 1, 1, 1, 0, 1, 1, 0, 1, 1, 1, 0, 1, 1, 1, 1]","[0, 0, 0, 0, 0, 0, 0, 0, 1, 0, 0, 0, 0, 0, 0, 0, 0, 1, 0, 0, 1, 0, 0, 0, 1, 0, 0, 0, 0]"
432,L2_arctic_WAV/ERMS_arctic_a0556,"[67, 36, 56, 67, 49, 70, 37, 40, 3, 54, 40, 50, 3, 49, 48, 15, 55, 70, 8, 39, 59, 31, 58, 70, 54, 50, 8, 68, 29, 6, 40, 50, 52, 58, 49]","[67, 36, 56, 67, 49, 70, 37, 40, 3, 54, 40, 50, 3, 49, 48, 15, 55, 70, 8, 39, 59, 31, 58, 46, 54, 50, 8, 55, 69, 6, 40, 50, 52, 58, 49]","[1, 1, 1, 1, 1, 1, 1, 1, 1, 1, 1, 1, 1, 1, 1, 1, 1, 1, 1, 1, 1, 1, 1, 0, 1, 1, 1, 0, 0, 1, 1, 1, 1, 1, 1]","[0, 0, 0, 0, 0, 0, 0, 0, 0, 0, 0, 0, 0, 0, 0, 0, 0, 0, 0, 0, 0, 0, 0, 1, 0, 0, 0, 1, 1, 0, 0, 0, 0, 0, 0]"
433,L2_arctic_WAV/ERMS_arctic_b0019,"[67, 24, 70, 46, 24, 24, 68, 67, 64, 55, 70, 59, 50, 24, 48, 3, 63, 49, 52, 69, 8, 70, 8, 39, 63, 8, 3, 60, 37, 8, 30]","[67, 49, 46, 32, 46, 49, 24, 68, 67, 20, 55, 46, 59, 50, 24, 48, 3, 58, 49, 52, 35, 8, 39, 58, 8, 3, 60, 37, 8, 30]","[1, 0, 0, 1, 0, 1, 1, 1, 0, 1, 0, 1, 1, 1, 1, 1, 0, 1, 1, 0, 0, 0, 1, 1, 0, 1, 1, 1, 1, 1, 1]","[0, 1, 1, 0, 1, 0, 0, 0, 1, 0, 1, 0, 0, 0, 0, 0, 1, 0, 0, 1, 1, 1, 0, 0, 1, 0, 0, 0, 0, 0, 0]"
434,L2_arctic_WAV/ERMS_arctic_b0042,"[3, 52, 55, 68, 24, 55, 8, 3, 46, 67, 64, 58, 55, 17, 3, 24, 30, 64, 48, 46, 3, 46, 24, 55, 46, 67, 49, 67, 64, 58, 58, 50, 17, 48, 3, 63, 8, 67, 64, 10, 28, 7, 35, 24, 54]","[3, 52, 55, 68, 49, 55, 49, 3, 46, 67, 64, 58, 55, 17, 3, 24, 30, 60, 48, 46, 46, 49, 55, 46, 67, 49, 67, 64, 58, 58, 50, 17, 48, 3, 63, 32, 67, 64, 10, 28, 7, 35, 24, 54]","[1, 1, 1, 1, 0, 1, 0, 1, 1, 1, 1, 1, 1, 1, 1, 1, 1, 0, 1, 1, 0, 1, 0, 1, 1, 1, 1, 1, 1, 1, 1, 1, 1, 1, 1, 1, 0, 1, 1, 1, 1, 1, 1, 1, 1]","[0, 0, 0, 0, 1, 0, 1, 0, 0, 0, 0, 0, 0, 0, 0, 0, 0, 1, 0, 0, 1, 0, 1, 0, 0, 0, 0, 0, 0, 0, 0, 0, 0, 0, 0, 0, 1, 0, 0, 0, 0, 0, 0, 0, 0]"
435,L2_arctic_WAV/ERMS_arctic_b0070,"[63, 52, 50, 36, 8, 70, 55, 14, 35, 64, 55, 46, 3, 8, 54, 56, 7, 36, 24, 63, 15, 3, 67, 24, 3, 24, 10, 67, 24, 68]","[58, 52, 50, 36, 20, 46, 55, 14, 35, 20, 55, 46, 3, 8, 54, 56, 7, 36, 24, 58, 15, 3, 67, 49, 3, 49, 10, 67, 24, 68]","[0, 1, 1, 1, 0, 0, 1, 1, 1, 0, 1, 1, 1, 1, 1, 1, 1, 1, 1, 0, 1, 1, 1, 0, 1, 0, 1, 1, 1, 1]","[1, 0, 0, 0, 1, 1, 0, 0, 0, 1, 0, 0, 0, 0, 0, 0, 0, 0, 0, 1, 0, 0, 0, 1, 0, 1, 0, 0, 0, 0]"
436,L2_arctic_WAV/ERMS_arctic_b0150,"[64, 55, 58, 67, 49, 36, 8, 70, 54, 24, 30, 58, 36, 24, 63, 8, 46, 3, 50, 60, 55, 69, 8, 55, 58, 54, 40, 50, 37, 14, 58, 24, 10, 54, 24, 50]","[17, 55, 58, 67, 49, 36, 8, 46, 54, 49, 30, 36, 49, 58, 8, 46, 3, 50, 60, 55, 69, 8, 55, 58, 54, 40, 50, 37, 14, 58, 24, 10, 54, 24, 50]","[0, 1, 1, 1, 1, 1, 1, 0, 1, 0, 1, 0, 1, 0, 0, 1, 1, 1, 1, 1, 1, 1, 1, 1, 1, 1, 1, 1, 1, 1, 1, 1, 1, 1, 1, 1]","[1, 0, 0, 0, 0, 0, 0, 1, 0, 1, 0, 1, 0, 1, 1, 0, 0, 0, 0, 0, 0, 0, 0, 0, 0, 0, 0, 0, 0, 0, 0, 0, 0, 0, 0, 0]"
437,L2_arctic_WAV/ERMS_arctic_b0187,"[67, 7, 8, 35, 49, 39, 68, 8, 55, 3, 46, 36, 24, 22, 28, 14, 28, 14, 55, 64, 3, 46, 36, 7, 8, 50, 52, 39, 8, 30, 60, 9, 8, 55]","[67, 23, 8, 35, 49, 37, 68, 8, 55, 3, 46, 36, 49, 3, 28, 14, 28, 14, 55, 20, 3, 46, 36, 7, 8, 50, 52, 53, 8, 30, 60, 9, 8, 55]","[1, 0, 1, 1, 1, 0, 1, 1, 1, 1, 1, 1, 0, 0, 1, 1, 1, 1, 1, 0, 1, 1, 1, 1, 1, 1, 1, 0, 1, 1, 1, 1, 1, 1]","[0, 1, 0, 0, 0, 1, 0, 0, 0, 0, 0, 0, 1, 1, 0, 0, 0, 0, 0, 1, 0, 0, 0, 0, 0, 0, 0, 1, 0, 0, 0, 0, 0, 0]"
438,L2_arctic_WAV/ERMS_arctic_b0269,"[67, 36, 56, 55, 17, 3, 30, 56, 28, 52, 55, 49, 50, 60, 30, 50, 14, 58, 46, 3, 60, 9, 8, 55, 40, 50, 54, 52, 50, 49, 58, 49, 48, 14]","[67, 36, 56, 55, 17, 3, 30, 56, 28, 52, 55, 49, 50, 60, 30, 50, 14, 58, 46, 3, 60, 9, 8, 55, 40, 50, 54, 52, 50, 49, 58, 49, 48, 14, 3]","[1, 1, 1, 1, 1, 1, 1, 1, 1, 1, 1, 1, 1, 1, 1, 1, 1, 1, 1, 1, 1, 1, 1, 1, 1, 1, 1, 1, 1, 1, 1, 1, 1, 1]","[0, 0, 0, 0, 0, 0, 0, 0, 0, 0, 0, 0, 0, 0, 0, 0, 0, 0, 0, 0, 0, 0, 0, 0, 0, 0, 0, 0, 0, 0, 0, 0, 0, 0]"
439,L2_arctic_WAV/ERMS_arctic_b0279,"[67, 49, 59, 60, 39, 36, 8, 55, 30, 64, 46, 46, 55, 17, 50, 30, 8, 55, 58, 46, 30, 24, 58, 54, 50, 8, 68, 39, 29, 6, 8, 68, 8, 10, 63, 8, 3, 50, 49, 70]","[67, 49, 59, 60, 39, 36, 8, 55, 30, 64, 46, 46, 55, 17, 50, 20, 55, 58, 46, 30, 49, 58, 54, 50, 8, 68, 37, 29, 6, 8, 68, 40, 55, 63, 8, 3, 50, 49, 46]","[1, 1, 1, 1, 1, 1, 1, 1, 1, 1, 1, 1, 1, 1, 1, 0, 0, 1, 1, 1, 1, 0, 1, 1, 1, 1, 1, 0, 1, 1, 1, 1, 0, 0, 1, 1, 1, 1, 1, 0]","[0, 0, 0, 0, 0, 0, 0, 0, 0, 0, 0, 0, 0, 0, 0, 1, 1, 0, 0, 0, 0, 1, 0, 0, 0, 0, 0, 1, 0, 0, 0, 0, 1, 1, 0, 0, 0, 0, 0, 1]"
440,L2_arctic_WAV/ERMS_arctic_b0298,"[67, 24, 70, 67, 64, 55, 58, 9, 17, 3, 15, 3, 8, 55, 58, 28, 30, 8, 35, 3, 28, 50, 31, 28, 8, 58, 30, 52, 59, 37, 56, 63, 8, 55, 52, 28]","[67, 49, 70, 67, 20, 55, 58, 9, 6, 3, 15, 3, 20, 55, 58, 28, 30, 8, 35, 28, 50, 31, 28, 30, 52, 28, 37, 56, 58, 32, 55, 52, 28]","[1, 0, 1, 1, 0, 1, 1, 1, 0, 1, 1, 1, 0, 1, 1, 1, 1, 1, 1, 0, 1, 1, 1, 1, 0, 0, 1, 1, 0, 1, 1, 0, 0, 1, 1, 1]","[0, 1, 0, 0, 1, 0, 0, 0, 1, 0, 0, 0, 1, 0, 0, 0, 0, 0, 0, 1, 0, 0, 0, 0, 1, 1, 0, 0, 1, 0, 0, 1, 1, 0, 0, 0]"
441,L2_arctic_WAV/ERMS_arctic_b0304,"[67, 24, 70, 48, 50, 49, 39, 49, 8, 46, 36, 56, 39, 70, 67, 64, 58, 55, 52, 39, 7, 30, 24, 39, 58, 30, 40, 10, 24, 55, 8, 54, 3, 6, 37, 52, 50, 67, 24, 68, 35, 24, 30, 58, 50, 8, 55]","[62, 49, 46, 48, 50, 49, 53, 49, 8, 46, 36, 56, 39, 46, 67, 20, 58, 55, 52, 53, 7, 30, 49, 39, 58, 30, 40, 10, 24, 55, 8, 54, 3, 6, 37, 52, 50, 67, 24, 68, 35, 49, 38, 58, 66, 8, 55]","[0, 0, 0, 1, 1, 1, 0, 1, 1, 1, 1, 1, 1, 0, 1, 0, 1, 1, 1, 0, 1, 1, 0, 1, 1, 1, 1, 1, 1, 1, 1, 1, 1, 1, 1, 1, 1, 1, 1, 1, 1, 0, 0, 1, 0, 1, 1]","[1, 1, 1, 0, 0, 0, 1, 0, 0, 0, 0, 0, 0, 1, 0, 1, 0, 0, 0, 1, 0, 0, 1, 0, 0, 0, 0, 0, 0, 0, 0, 0, 0, 0, 0, 0, 0, 0, 0, 0, 0, 1, 1, 0, 1, 0, 0]"
442,L2_arctic_WAV/ERMS_arctic_b0413,"[67, 49, 68, 60, 58, 24, 70, 56, 7, 3, 24, 24, 46, 28, 60, 48, 48, 60, 55, 40, 50, 3, 6, 24, 55, 69, 57, 48, 30, 52, 26, 7]","[67, 49, 68, 60, 58, 24, 46, 56, 7, 3, 24, 24, 46, 47, 60, 48, 33, 60, 55, 40, 50, 3, 6, 24, 55, 69, 57, 48, 30, 52, 9, 7]","[1, 1, 1, 1, 1, 1, 0, 1, 1, 1, 1, 1, 1, 0, 1, 1, 0, 1, 1, 1, 1, 1, 1, 1, 1, 1, 1, 1, 1, 1, 0, 1]","[0, 0, 0, 0, 0, 0, 1, 0, 0, 0, 0, 0, 0, 1, 0, 0, 1, 0, 0, 0, 0, 0, 0, 0, 0, 0, 0, 0, 0, 0, 1, 0]"
443,L2_arctic_WAV/ERMS_arctic_b0434,"[63, 8, 46, 3, 6, 7, 58, 67, 64, 70, 69, 8, 46, 3, 3, 52, 55, 58, 7, 58, 68, 49, 8, 50, 24, 46, 48, 52, 28, 3, 54, 8, 30, 37, 24, 3, 8, 39, 8, 58, 39, 56, 46]","[58, 32, 46, 3, 6, 7, 67, 64, 46, 69, 8, 46, 3, 3, 52, 55, 58, 7, 58, 68, 49, 8, 50, 24, 46, 54, 52, 28, 3, 54, 6, 30, 37, 49, 3, 8, 39, 20, 58, 37, 56, 46]","[0, 0, 1, 1, 1, 1, 0, 1, 1, 0, 1, 1, 1, 1, 1, 1, 1, 1, 1, 1, 1, 1, 1, 1, 1, 1, 0, 1, 1, 1, 1, 0, 1, 1, 0, 1, 1, 1, 0, 1, 0, 1, 1]","[1, 1, 0, 0, 0, 0, 1, 0, 0, 1, 0, 0, 0, 0, 0, 0, 0, 0, 0, 0, 0, 0, 0, 0, 0, 0, 1, 0, 0, 0, 0, 1, 0, 0, 1, 0, 0, 0, 1, 0, 1, 0, 0]"
444,L2_arctic_WAV/ERMS_arctic_b0461,"[37, 56, 39, 8, 50, 35, 6, 8, 39, 63, 64, 3, 48, 15, 7, 36, 49, 9, 64, 30, 50, 24, 68, 60, 55, 24, 55, 48, 15, 7]","[37, 56, 37, 49, 66, 35, 6, 8, 39, 58, 17, 3, 48, 15, 7, 36, 49, 9, 64, 30, 50, 24, 68, 60, 55, 49, 55, 48, 15, 7]","[1, 1, 0, 0, 0, 1, 1, 1, 1, 0, 0, 1, 1, 1, 1, 1, 1, 1, 1, 1, 1, 1, 1, 1, 1, 0, 1, 1, 1, 1]","[0, 0, 1, 1, 1, 0, 0, 0, 0, 1, 1, 0, 0, 0, 0, 0, 0, 0, 0, 0, 0, 0, 0, 0, 0, 1, 0, 0, 0, 0]"
445,L2_arctic_WAV/ERMS_arctic_b0494,"[55, 52, 39, 7, 46, 14, 46, 3, 50, 60, 55, 69, 8, 48, 50, 17, 54, 8, 3, 28, 60, 68, 8, 48, 3, 6, 69, 7, 6, 46, 8, 30, 8, 68]","[55, 52, 53, 7, 46, 14, 8, 46, 3, 50, 60, 55, 69, 8, 48, 50, 34, 54, 8, 3, 28, 60, 68, 20, 48, 3, 6, 69, 7, 6, 46, 8, 30, 52, 68]","[1, 1, 0, 1, 1, 1, 1, 1, 1, 1, 1, 1, 1, 1, 1, 0, 1, 1, 1, 1, 1, 1, 0, 1, 1, 1, 1, 1, 1, 1, 1, 1, 0, 1]","[0, 0, 1, 0, 0, 0, 0, 0, 0, 0, 0, 0, 0, 0, 0, 1, 0, 0, 0, 0, 0, 0, 1, 0, 0, 0, 0, 0, 0, 0, 0, 0, 1, 0]"
446,L2_arctic_WAV/ERMS_arctic_b0503,"[63, 8, 46, 52, 55, 3, 46, 8, 39, 46, 3, 50, 60, 55, 69, 39, 52, 69, 8, 3, 60, 9, 8, 55, 37, 30, 6, 40, 54, 63, 8, 3, 50, 17, 48, 24, 28, 30, 64, 55, 58]","[58, 49, 46, 52, 55, 3, 46, 8, 39, 46, 3, 50, 60, 55, 69, 37, 52, 69, 8, 3, 60, 9, 8, 68, 37, 30, 6, 40, 54, 63, 8, 3, 50, 17, 48, 24, 28, 30, 64, 55, 3]","[0, 0, 1, 1, 1, 1, 1, 1, 1, 1, 1, 1, 1, 1, 1, 0, 1, 1, 1, 1, 1, 1, 1, 0, 1, 1, 1, 1, 1, 1, 1, 1, 1, 1, 1, 1, 1, 1, 1, 1, 0]","[1, 1, 0, 0, 0, 0, 0, 0, 0, 0, 0, 0, 0, 0, 0, 1, 0, 0, 0, 0, 0, 0, 0, 1, 0, 0, 0, 0, 0, 0, 0, 0, 0, 0, 0, 0, 0, 0, 0, 0, 1]"
447,L2_arctic_WAV/ERMS_arctic_b0534,"[56, 30, 3, 52, 30, 29, 6, 63, 8, 30, 56, 37, 50, 52, 50, 49, 8, 55, 46, 52, 58, 36, 24, 63, 8, 37, 50, 56, 3, 8, 55, 24, 10, 54, 60, 46]","[56, 38, 3, 52, 38, 29, 6, 58, 8, 30, 49, 37, 50, 52, 50, 49, 8, 55, 46, 52, 3, 36, 49, 63, 8, 37, 50, 56, 55, 8, 55, 24, 10, 54, 60, 46]","[1, 0, 1, 1, 0, 1, 1, 0, 1, 1, 0, 1, 1, 1, 1, 1, 1, 1, 1, 1, 0, 1, 0, 1, 1, 1, 1, 1, 0, 1, 1, 1, 1, 1, 1, 1]","[0, 1, 0, 0, 1, 0, 0, 1, 0, 0, 1, 0, 0, 0, 0, 0, 0, 0, 0, 0, 1, 0, 1, 0, 0, 0, 0, 0, 1, 0, 0, 0, 0, 0, 0, 0]"
448,L2_arctic_WAV/ERMS_arctic_b0538,"[64, 3, 63, 8, 37, 52, 46, 3, 63, 60, 36, 7, 55, 52, 46, 8, 46, 52, 50, 49, 64, 28, 46, 52, 46, 7, 49, 70]","[20, 3, 58, 8, 37, 52, 46, 3, 58, 60, 36, 7, 55, 52, 46, 8, 46, 20, 50, 49, 64, 28, 46, 52, 46, 7, 49, 46]","[0, 1, 0, 1, 1, 1, 1, 1, 0, 1, 1, 1, 1, 1, 1, 1, 1, 0, 1, 1, 1, 1, 1, 1, 1, 1, 1, 0]","[1, 0, 1, 0, 0, 0, 0, 0, 1, 0, 0, 0, 0, 0, 0, 0, 0, 1, 0, 0, 0, 0, 0, 0, 0, 0, 0, 1]"
449,L2_arctic_WAV/HJK_arctic_a0003,"[54, 50, 7, 63, 8, 3, 36, 52, 55, 49, 8, 22, 3, 56, 68, 63, 64, 3, 49, 39, 55, 24, 10, 63, 8, 3, 6, 68, 52, 55, 9, 31, 28, 67, 64, 55, 58, 70]","[54, 50, 7, 58, 8, 3, 36, 52, 55, 49, 8, 22, 3, 56, 68, 58, 64, 3, 49, 39, 55, 24, 10, 58, 8, 3, 6, 68, 52, 55, 9, 31, 28, 67, 64, 55, 58, 46]","[1, 1, 1, 0, 1, 1, 1, 1, 1, 1, 1, 1, 1, 1, 1, 0, 1, 1, 1, 1, 1, 1, 1, 0, 1, 1, 1, 1, 1, 1, 1, 1, 1, 1, 1, 1, 1, 0]","[0, 0, 0, 1, 0, 0, 0, 0, 0, 0, 0, 0, 0, 0, 0, 1, 0, 0, 0, 0, 0, 0, 0, 1, 0, 0, 0, 0, 0, 0, 0, 0, 0, 0, 0, 0, 0, 1]"
450,L2_arctic_WAV/HJK_arctic_a0005,"[36, 24, 30, 36, 49, 52, 39, 7, 54, 7, 59, 52, 3, 24, 3]","[36, 24, 30, 36, 49, 52, 39, 7, 54, 7, 59, 64, 3, 24, 3]","[1, 1, 1, 1, 1, 1, 1, 1, 1, 1, 1, 0, 1, 1, 1]","[0, 0, 0, 0, 0, 0, 0, 0, 0, 0, 0, 1, 0, 0, 0]"
451,L2_arctic_WAV/HJK_arctic_a0006,"[59, 17, 58, 37, 30, 52, 46, 8, 68, 56, 67, 14, 48, 56, 30, 59, 14, 17, 55, 46, 49, 24, 10, 63, 52, 68, 54, 7, 52, 39, 7]","[59, 17, 58, 37, 30, 64, 46, 8, 68, 56, 67, 14, 48, 56, 30, 59, 14, 17, 55, 46, 49, 24, 10, 58, 52, 68, 54, 7, 52, 39, 7]","[1, 1, 1, 1, 1, 0, 1, 1, 1, 1, 1, 1, 1, 1, 1, 1, 1, 1, 1, 1, 1, 1, 1, 0, 1, 1, 1, 1, 1, 1, 1]","[0, 0, 0, 0, 0, 1, 0, 0, 0, 0, 0, 0, 0, 0, 0, 0, 0, 0, 0, 0, 0, 0, 0, 1, 0, 0, 0, 0, 0, 0, 0]"
452,L2_arctic_WAV/HJK_arctic_a0007,"[64, 55, 58, 29, 6, 40, 30, 36, 49, 70, 36, 17, 55, 3, 3, 8, 46, 49, 24, 3, 24, 55, 63, 8, 46, 31, 48, 7, 30, 8, 3, 24, 39, 58, 24, 59, 50, 49]","[64, 55, 58, 29, 6, 40, 30, 36, 49, 70, 36, 17, 55, 3, 3, 8, 46, 49, 24, 3, 24, 55, 58, 8, 46, 31, 48, 7, 30, 8, 3, 24, 39, 58, 24, 59, 50, 49]","[1, 1, 1, 1, 1, 1, 1, 1, 1, 1, 1, 1, 1, 1, 1, 1, 1, 1, 1, 1, 1, 1, 0, 1, 1, 1, 1, 1, 1, 1, 1, 1, 1, 1, 1, 1, 1, 1]","[0, 0, 0, 0, 0, 0, 0, 0, 0, 0, 0, 0, 0, 0, 0, 0, 0, 0, 0, 0, 0, 0, 1, 0, 0, 0, 0, 0, 0, 0, 0, 0, 0, 0, 0, 0, 0, 0]"
453,L2_arctic_WAV/HJK_arctic_a0008,"[59, 64, 58, 29, 31, 50, 30, 52, 3, 7, 28, 60, 68, 69, 24, 46, 3, 24, 55, 3, 56, 68]","[59, 64, 58, 29, 31, 50, 30, 52, 3, 7, 28, 60, 68, 69, 24, 46, 3, 24, 55, 3, 56, 68]","[1, 1, 1, 1, 1, 1, 1, 1, 1, 1, 1, 1, 1, 1, 1, 1, 1, 1, 1, 1, 1, 1]","[0, 0, 0, 0, 0, 0, 0, 0, 0, 0, 0, 0, 0, 0, 0, 0, 0, 0, 0, 0, 0, 0]"
454,L2_arctic_WAV/HJK_arctic_a0010,"[56, 68, 48, 30, 60, 24, 10, 8, 46, 24, 10, 59, 8, 30, 67, 64, 55, 58, 24, 55, 36, 8, 3, 30, 31, 28, 46, 30, 56, 28, 8, 30, 6, 70, 24, 10, 59, 60, 68]","[56, 68, 48, 30, 60, 24, 10, 8, 46, 24, 10, 59, 8, 30, 67, 64, 55, 58, 24, 55, 36, 8, 3, 30, 31, 28, 46, 30, 56, 28, 8, 30, 6, 46, 24, 10, 59, 60, 68]","[1, 1, 1, 1, 1, 1, 1, 1, 1, 1, 1, 1, 1, 1, 1, 1, 1, 1, 1, 1, 1, 1, 1, 1, 1, 1, 1, 1, 1, 1, 1, 1, 1, 0, 1, 1, 1, 1, 1]","[0, 0, 0, 0, 0, 0, 0, 0, 0, 0, 0, 0, 0, 0, 0, 0, 0, 0, 0, 0, 0, 0, 0, 0, 0, 0, 0, 0, 0, 0, 0, 0, 0, 1, 0, 0, 0, 0, 0]"
455,L2_arctic_WAV/HJK_arctic_a0011,"[24, 54, 56, 52, 39, 7, 55, 49, 58, 24, 58, 8, 54, 56, 3, 7, 24, 55, 68, 56, 30, 56, 54, 56, 55, 49, 58, 36, 8, 55, 55, 15]","[24, 54, 56, 52, 39, 7, 55, 49, 58, 24, 58, 8, 54, 56, 3, 7, 24, 55, 68, 56, 30, 56, 54, 56, 55, 49, 58, 36, 8, 55, 55, 15]","[1, 1, 1, 1, 1, 1, 1, 1, 1, 1, 1, 1, 1, 1, 1, 1, 1, 1, 1, 1, 1, 1, 1, 1, 1, 1, 1, 1, 1, 1, 1, 1]","[0, 0, 0, 0, 0, 0, 0, 0, 0, 0, 0, 0, 0, 0, 0, 0, 0, 0, 0, 0, 0, 0, 0, 0, 0, 0, 0, 0, 0, 0, 0, 0]"
456,L2_arctic_WAV/HJK_arctic_a0013,"[67, 49, 36, 8, 70, 60, 67, 52, 58, 9, 40, 50, 3, 7, 63, 64, 55, 67, 24, 70, 28, 8, 68, 48, 64, 55, 29, 8, 55, 8, 39, 40, 30, 68, 14, 46, 3, 58, 52, 30, 8, 28, 8, 3, 54, 8, 70, 49, 28]","[67, 49, 36, 8, 70, 60, 67, 64, 58, 9, 40, 50, 3, 7, 63, 64, 55, 67, 24, 70, 28, 8, 68, 48, 60, 55, 29, 8, 55, 8, 39, 40, 30, 68, 14, 46, 3, 58, 52, 30, 8, 28, 8, 3, 54, 8, 69, 49, 28]","[1, 1, 1, 1, 1, 1, 1, 0, 1, 1, 1, 1, 1, 1, 1, 1, 1, 1, 1, 1, 1, 1, 1, 1, 0, 1, 1, 1, 1, 1, 1, 1, 1, 1, 1, 1, 1, 1, 1, 1, 1, 1, 1, 1, 1, 1, 0, 1, 1]","[0, 0, 0, 0, 0, 0, 0, 1, 0, 0, 0, 0, 0, 0, 0, 0, 0, 0, 0, 0, 0, 0, 0, 0, 1, 0, 0, 0, 0, 0, 0, 0, 0, 0, 0, 0, 0, 0, 0, 0, 0, 0, 0, 0, 0, 0, 1, 0, 0]"
457,L2_arctic_WAV/HJK_arctic_a0018,"[63, 52, 50, 36, 8, 70, 8, 35, 60, 55, 69, 55, 15]","[58, 52, 50, 36, 8, 46, 8, 35, 60, 55, 69, 55, 15]","[0, 1, 1, 1, 1, 0, 1, 1, 1, 1, 1, 1, 1]","[1, 0, 0, 0, 0, 1, 0, 0, 0, 0, 0, 0, 0]"
458,L2_arctic_WAV/HJK_arctic_a0019,"[56, 54, 17, 30, 14, 58, 63, 8, 30, 56, 55, 8, 39, 63, 8, 48, 50, 8, 48, 14, 70, 58, 50, 60, 30, 50, 14, 58, 30, 31, 28, 24, 10, 54, 50, 7, 35, 64, 55, 46, 24, 70]","[56, 54, 17, 30, 14, 58, 58, 8, 30, 56, 55, 8, 39, 63, 8, 48, 50, 8, 48, 14, 70, 58, 50, 60, 30, 50, 14, 3, 30, 31, 28, 24, 10, 54, 50, 7, 35, 64, 55, 46, 24, 46]","[1, 1, 1, 1, 1, 1, 0, 1, 1, 1, 1, 1, 1, 1, 1, 1, 1, 1, 1, 1, 1, 1, 1, 1, 1, 1, 1, 0, 1, 1, 1, 1, 1, 1, 1, 1, 1, 1, 1, 1, 1, 0]","[0, 0, 0, 0, 0, 0, 1, 0, 0, 0, 0, 0, 0, 0, 0, 0, 0, 0, 0, 0, 0, 0, 0, 0, 0, 0, 0, 1, 0, 0, 0, 0, 0, 0, 0, 0, 0, 0, 0, 0, 0, 1]"
459,L2_arctic_WAV/HJK_arctic_a0020,"[28, 30, 8, 37, 70, 8, 55, 58, 37, 40, 30, 70, 64, 55, 58, 46, 24, 3, 49, 70, 59, 50, 6, 3, 6, 37, 49, 14, 55, 30, 49, 68, 52, 68, 7, 49, 70]","[28, 30, 8, 37, 46, 8, 55, 58, 37, 40, 30, 46, 64, 55, 58, 46, 24, 3, 49, 46, 59, 50, 6, 3, 6, 37, 49, 14, 55, 30, 49, 68, 52, 68, 7, 49, 46]","[1, 1, 1, 1, 0, 1, 1, 1, 1, 1, 1, 0, 1, 1, 1, 1, 1, 1, 1, 0, 1, 1, 1, 1, 1, 1, 1, 1, 1, 1, 1, 1, 1, 1, 1, 1, 0]","[0, 0, 0, 0, 1, 0, 0, 0, 0, 0, 0, 1, 0, 0, 0, 0, 0, 0, 0, 1, 0, 0, 0, 0, 0, 0, 0, 0, 0, 0, 0, 0, 0, 0, 0, 0, 1]"
460,L2_arctic_WAV/HJK_arctic_a0021,"[24, 3, 54, 52, 50, 30, 49, 28, 30, 8, 37, 58, 68, 49, 24, 55, 3, 6, 50, 52, 28, 8, 59, 55, 56, 70, 24, 10, 24, 3]","[24, 3, 54, 52, 50, 30, 49, 28, 30, 8, 37, 58, 68, 49, 24, 55, 3, 6, 50, 52, 28, 8, 59, 55, 56, 46, 24, 10, 24, 3]","[1, 1, 1, 1, 1, 1, 1, 1, 1, 1, 1, 1, 1, 1, 1, 1, 1, 1, 1, 1, 1, 1, 1, 1, 1, 0, 1, 1, 1, 1]","[0, 0, 0, 0, 0, 0, 0, 0, 0, 0, 0, 0, 0, 0, 0, 0, 0, 0, 0, 0, 0, 0, 0, 0, 0, 1, 0, 0, 0, 0]"
461,L2_arctic_WAV/HJK_arctic_a0022,"[67, 17, 50, 58, 30, 49, 36, 7, 17, 50, 48, 30, 64, 55, 70, 68, 60, 58, 48, 8, 37, 30, 24, 28, 37, 49, 54, 40, 50, 36, 49, 36, 7, 68, 52, 3, 37, 56, 48, 15, 7, 54, 8, 30, 17, 48, 8, 70, 24, 9, 8, 55]","[67, 17, 50, 58, 30, 49, 36, 7, 17, 50, 48, 30, 64, 55, 46, 68, 60, 58, 48, 40, 37, 30, 24, 28, 37, 49, 54, 40, 50, 36, 49, 36, 7, 68, 52, 3, 37, 56, 48, 15, 7, 54, 8, 30, 17, 48, 8, 70, 24, 9, 8, 55]","[1, 1, 1, 1, 1, 1, 1, 1, 1, 1, 1, 1, 1, 1, 0, 1, 1, 1, 1, 0, 1, 1, 1, 1, 1, 1, 1, 1, 1, 1, 1, 1, 1, 1, 1, 1, 1, 1, 1, 1, 1, 1, 1, 1, 1, 1, 1, 1, 1, 1, 1, 1]","[0, 0, 0, 0, 0, 0, 0, 0, 0, 0, 0, 0, 0, 0, 1, 0, 0, 0, 0, 1, 0, 0, 0, 0, 0, 0, 0, 0, 0, 0, 0, 0, 0, 0, 0, 0, 0, 0, 0, 0, 0, 0, 0, 0, 0, 0, 0, 0, 0, 0, 0, 0]"
462,L2_arctic_WAV/HJK_arctic_a0023,"[8, 28, 17, 68, 37, 8, 55, 60, 9, 8, 55, 8, 39, 28, 8, 55, 60, 58, 49, 8, 55, 28, 64, 48, 24, 3, 8, 30, 28, 36, 24, 28, 30, 49, 40, 50, 59, 8, 55, 56, 70, 58, 64, 55, 58, 48, 8, 3, 24, 9, 8, 55, 58, 54, 50, 7, 63, 8, 46, 60, 68, 48, 50, 24, 39, 24, 30, 8, 69, 8, 70]","[8, 28, 17, 68, 37, 8, 55, 60, 9, 8, 55, 8, 39, 28, 8, 55, 60, 58, 49, 8, 55, 28, 64, 48, 24, 3, 8, 30, 28, 36, 24, 28, 30, 49, 40, 50, 59, 8, 55, 56, 46, 58, 64, 55, 58, 48, 8, 3, 24, 9, 8, 55, 58, 54, 50, 7, 63, 8, 46, 60, 68, 48, 50, 24, 39, 24, 30, 8, 69, 8, 46]","[1, 1, 1, 1, 1, 1, 1, 1, 1, 1, 1, 1, 1, 1, 1, 1, 1, 1, 1, 1, 1, 1, 1, 1, 1, 1, 1, 1, 1, 1, 1, 1, 1, 1, 1, 1, 1, 1, 1, 1, 0, 1, 1, 1, 1, 1, 1, 1, 1, 1, 1, 1, 1, 1, 1, 1, 1, 1, 1, 1, 1, 1, 1, 1, 1, 1, 1, 1, 1, 1, 0]","[0, 0, 0, 0, 0, 0, 0, 0, 0, 0, 0, 0, 0, 0, 0, 0, 0, 0, 0, 0, 0, 0, 0, 0, 0, 0, 0, 0, 0, 0, 0, 0, 0, 0, 0, 0, 0, 0, 0, 0, 1, 0, 0, 0, 0, 0, 0, 0, 0, 0, 0, 0, 0, 0, 0, 0, 0, 0, 0, 0, 0, 0, 0, 0, 0, 0, 0, 0, 0, 0, 1]"
463,L2_arctic_WAV/HJK_arctic_a0024,"[24, 3, 36, 8, 70, 68, 56, 50, 24, 48, 40, 50, 3, 46, 54, 7, 68, 63, 8, 55, 40, 50, 22, 36, 24, 35, 35, 49, 54, 30, 49, 24, 55, 58, 6, 46, 3, 48, 49, 48, 8, 30, 3, 6, 37, 56]","[24, 3, 36, 8, 46, 68, 56, 50, 24, 46, 48, 40, 50, 3, 46, 54, 7, 68, 63, 8, 55, 7, 50, 22, 36, 24, 35, 35, 24, 54, 30, 49, 24, 55, 58, 6, 46, 3, 48, 49, 48, 8, 30, 3, 6, 37, 56]","[1, 1, 1, 1, 0, 1, 1, 1, 1, 1, 1, 1, 1, 1, 1, 1, 1, 1, 1, 1, 0, 1, 1, 1, 1, 1, 1, 0, 1, 1, 1, 1, 1, 1, 1, 1, 1, 1, 1, 1, 1, 1, 1, 1, 1, 1]","[0, 0, 0, 0, 1, 0, 0, 0, 0, 0, 0, 0, 0, 0, 0, 0, 0, 0, 0, 0, 1, 0, 0, 0, 0, 0, 0, 1, 0, 0, 0, 0, 0, 0, 0, 0, 0, 0, 0, 0, 0, 0, 0, 0, 0, 0]"
464,L2_arctic_WAV/HJK_arctic_a0025,"[56, 36, 8, 70, 8, 37, 15, 3, 3, 24, 58, 6, 63, 24, 46, 36, 52, 55, 28, 6, 30, 7, 69, 8, 69, 68, 8, 55, 3, 48, 50, 49, 39, 60, 30, 58]","[56, 36, 8, 46, 8, 37, 15, 3, 3, 24, 58, 6, 58, 24, 46, 36, 52, 55, 28, 6, 30, 7, 69, 8, 69, 68, 8, 55, 3, 48, 50, 49, 39, 60, 30, 3]","[1, 1, 1, 0, 1, 1, 1, 1, 1, 1, 1, 1, 0, 1, 1, 1, 1, 1, 1, 1, 1, 1, 1, 1, 1, 1, 1, 1, 1, 1, 1, 1, 1, 1, 1, 0]","[0, 0, 0, 1, 0, 0, 0, 0, 0, 0, 0, 0, 1, 0, 0, 0, 0, 0, 0, 0, 0, 0, 0, 0, 0, 0, 0, 0, 0, 0, 0, 0, 0, 0, 0, 1]"
465,L2_arctic_WAV/HJK_arctic_a0026,"[24, 3, 8, 28, 7, 58, 3, 8, 68, 49, 63, 64, 3, 63, 52, 50, 36, 31, 58, 67, 64, 39, 3, 6, 37, 49, 64, 55, 8, 28, 15, 55, 3, 24, 10]","[24, 3, 8, 28, 7, 66, 66, 8, 68, 49, 58, 64, 3, 58, 52, 50, 36, 31, 58, 67, 64, 39, 3, 6, 37, 49, 64, 55, 8, 28, 15, 55, 3, 24, 10]","[1, 1, 1, 1, 1, 0, 0, 1, 1, 1, 0, 1, 1, 0, 1, 1, 1, 1, 1, 1, 1, 1, 1, 1, 1, 1, 1, 1, 1, 1, 1, 1, 1, 1, 1]","[0, 0, 0, 0, 0, 1, 1, 0, 0, 0, 1, 0, 0, 1, 0, 0, 0, 0, 0, 0, 0, 0, 0, 0, 0, 0, 0, 0, 0, 0, 0, 0, 0, 0, 0]"
466,L2_arctic_WAV/HJK_arctic_a0027,"[3, 6, 68, 56, 46, 7, 48, 50, 56, 70, 67, 49, 37, 49, 59, 64, 55, 3, 24, 9, 14, 64, 28, 9, 8, 30, 24, 55, 22, 6, 70, 49, 64, 70, 8, 68, 24, 55, 68, 56, 54, 60, 39, 7]","[3, 6, 68, 56, 46, 7, 48, 50, 56, 46, 67, 49, 37, 49, 59, 64, 55, 3, 24, 9, 14, 64, 28, 9, 8, 30, 24, 55, 3, 6, 46, 49, 64, 46, 8, 68, 24, 55, 68, 56, 54, 60, 39, 7]","[1, 1, 1, 1, 1, 1, 1, 1, 1, 0, 1, 1, 1, 1, 1, 1, 1, 1, 1, 1, 1, 1, 1, 1, 1, 1, 1, 1, 0, 1, 0, 1, 1, 0, 1, 1, 1, 1, 1, 1, 1, 1, 1, 1]","[0, 0, 0, 0, 0, 0, 0, 0, 0, 1, 0, 0, 0, 0, 0, 0, 0, 0, 0, 0, 0, 0, 0, 0, 0, 0, 0, 0, 1, 0, 1, 0, 0, 1, 0, 0, 0, 0, 0, 0, 0, 0, 0, 0]"
467,L2_arctic_WAV/HJK_arctic_a0028,"[50, 17, 37, 7, 49, 37, 50, 56, 37, 7, 49, 54, 50, 40, 58]","[50, 17, 37, 7, 49, 37, 50, 56, 37, 7, 49, 54, 50, 15, 58]","[1, 1, 1, 1, 1, 1, 1, 1, 1, 1, 1, 1, 1, 0, 1]","[0, 0, 0, 0, 0, 0, 0, 0, 0, 0, 0, 0, 0, 1, 0]"
468,L2_arctic_WAV/HJK_arctic_a0029,"[63, 52, 50, 54, 40, 50, 46, 24, 70, 36, 7, 40, 30, 50, 52, 58, 49, 68, 6, 39, 24, 10, 24, 55, 3, 6, 63, 8, 55, 40, 50, 22, 28, 8, 55, 3, 50, 49]","[58, 52, 50, 54, 40, 50, 46, 24, 46, 36, 7, 40, 30, 50, 64, 58, 49, 68, 6, 39, 24, 10, 24, 55, 3, 6, 63, 8, 55, 40, 50, 46, 28, 8, 55, 3, 50, 49]","[0, 1, 1, 1, 1, 1, 1, 1, 0, 1, 1, 1, 1, 1, 0, 1, 1, 1, 1, 1, 1, 1, 1, 1, 1, 1, 1, 1, 1, 1, 1, 0, 1, 1, 1, 1, 1, 1]","[1, 0, 0, 0, 0, 0, 0, 0, 1, 0, 0, 0, 0, 0, 1, 0, 0, 0, 0, 0, 0, 0, 0, 0, 0, 0, 0, 0, 0, 0, 0, 1, 0, 0, 0, 0, 0, 0]"
469,L2_arctic_WAV/HJK_arctic_a0030,"[56, 67, 64, 58, 54, 60, 22, 24, 55, 63, 52, 68]","[56, 67, 64, 58, 54, 60, 22, 24, 55, 63, 64, 68]","[1, 1, 1, 1, 1, 1, 1, 1, 1, 1, 0, 1]","[0, 0, 0, 0, 0, 0, 0, 0, 0, 0, 1, 0]"
470,L2_arctic_WAV/HJK_arctic_a0031,"[63, 60, 36, 7, 22, 50, 49, 67, 8, 55, 58, 50, 8, 58, 29, 17, 50, 58, 70, 8, 48, 17, 50, 3]","[58, 60, 36, 7, 22, 50, 49, 67, 8, 55, 58, 50, 8, 58, 29, 17, 50, 58, 70, 8, 48, 17, 50, 3]","[0, 1, 1, 1, 1, 1, 1, 1, 1, 1, 1, 1, 1, 1, 1, 1, 1, 1, 1, 1, 1, 1, 1, 1]","[1, 0, 0, 0, 0, 0, 0, 0, 0, 0, 0, 0, 0, 0, 0, 0, 0, 0, 0, 0, 0, 0, 0, 0]"
471,L2_arctic_WAV/HJK_arctic_a0032,"[46, 24, 55, 46, 63, 52, 55, 46, 8, 68, 68, 24, 46, 3, 24, 50, 49, 8, 46, 54, 40, 50, 46, 67, 64, 70, 37, 24, 55, 54, 56, 3, 24, 10, 8, 46, 64, 3, 52, 39, 50, 49, 46, 3, 52, 48]","[46, 24, 55, 46, 58, 64, 55, 46, 8, 68, 68, 24, 46, 3, 24, 50, 49, 8, 46, 54, 40, 50, 46, 67, 64, 46, 37, 24, 55, 54, 56, 3, 24, 10, 8, 46, 64, 3, 52, 39, 50, 49, 46, 3, 52, 48]","[1, 1, 1, 1, 0, 0, 1, 1, 1, 1, 1, 1, 1, 1, 1, 1, 1, 1, 1, 1, 1, 1, 1, 1, 1, 0, 1, 1, 1, 1, 1, 1, 1, 1, 1, 1, 1, 1, 1, 1, 1, 1, 1, 1, 1, 1]","[0, 0, 0, 0, 1, 1, 0, 0, 0, 0, 0, 0, 0, 0, 0, 0, 0, 0, 0, 0, 0, 0, 0, 0, 0, 1, 0, 0, 0, 0, 0, 0, 0, 0, 0, 0, 0, 0, 0, 0, 0, 0, 0, 0, 0, 0]"
472,L2_arctic_WAV/HJK_arctic_a0036,"[9, 49, 3, 7, 55, 58, 24, 55, 64, 3, 63, 49, 67, 14, 3, 52, 30]","[9, 49, 3, 7, 55, 58, 24, 55, 64, 3, 58, 49, 67, 14, 3, 52, 30]","[1, 1, 1, 1, 1, 1, 1, 1, 1, 1, 0, 1, 1, 1, 1, 1, 1]","[0, 0, 0, 0, 0, 0, 0, 0, 0, 0, 1, 0, 0, 0, 0, 0, 0]"
473,L2_arctic_WAV/HJK_arctic_a0037,"[56, 36, 8, 70, 63, 49, 14, 55, 30, 49, 36, 8, 55, 67, 6, 50, 24, 68, 60, 55, 58, 46, 24, 3, 24, 10]","[56, 36, 8, 70, 63, 49, 14, 55, 30, 49, 36, 8, 55, 67, 6, 50, 24, 68, 60, 55, 58, 46, 49, 3, 24, 10]","[1, 1, 1, 1, 1, 1, 1, 1, 1, 1, 1, 1, 1, 1, 1, 1, 1, 1, 1, 1, 1, 1, 0, 1, 1, 1]","[0, 0, 0, 0, 0, 0, 0, 0, 0, 0, 0, 0, 0, 0, 0, 0, 0, 0, 0, 0, 0, 0, 1, 0, 0, 0]"
474,L2_arctic_WAV/HJK_arctic_a0038,"[36, 24, 30, 67, 64, 39, 3, 6, 36, 40, 35, 17, 50, 35, 64, 55, 46, 24, 70]","[36, 24, 30, 67, 64, 39, 3, 6, 36, 40, 35, 17, 50, 35, 64, 55, 46, 24, 46]","[1, 1, 1, 1, 1, 1, 1, 1, 1, 1, 1, 1, 1, 1, 1, 1, 1, 1, 0]","[0, 0, 0, 0, 0, 0, 0, 0, 0, 0, 0, 0, 0, 0, 0, 0, 0, 0, 1]"
475,L2_arctic_WAV/HJK_arctic_a0039,"[63, 8, 9, 24, 48, 9, 31, 58, 37, 49, 24, 55, 36, 24, 63, 24, 55, 8, 36, 49, 28, 40, 50, 3, 52, 55, 58, 60, 70]","[58, 8, 9, 49, 48, 9, 31, 58, 37, 49, 24, 55, 36, 24, 58, 24, 55, 8, 36, 49, 28, 40, 50, 3, 52, 55, 58, 60, 46]","[0, 1, 1, 0, 1, 1, 1, 1, 1, 1, 1, 1, 1, 1, 0, 1, 1, 1, 1, 1, 1, 1, 1, 1, 1, 1, 1, 1, 0]","[1, 0, 0, 1, 0, 0, 0, 0, 0, 0, 0, 0, 0, 0, 1, 0, 0, 0, 0, 0, 0, 0, 0, 0, 0, 0, 0, 0, 1]"
476,L2_arctic_WAV/HJK_arctic_a0040,"[56, 46, 8, 48, 14, 70, 29, 6, 36, 8, 55, 58, 7, 36, 56, 9, 49, 24, 70, 28, 8, 68, 24, 10, 8, 48, 67, 49, 50]","[56, 46, 8, 48, 14, 46, 29, 6, 36, 8, 55, 58, 7, 36, 56, 9, 49, 24, 46, 28, 8, 68, 24, 10, 8, 48, 67, 49, 50]","[1, 1, 1, 1, 1, 0, 1, 1, 1, 1, 1, 1, 1, 1, 1, 1, 1, 1, 0, 1, 1, 1, 1, 1, 1, 1, 1, 1, 1]","[0, 0, 0, 0, 0, 1, 0, 0, 0, 0, 0, 0, 0, 0, 0, 0, 0, 0, 1, 0, 0, 0, 0, 0, 0, 0, 0, 0, 0]"
477,L2_arctic_WAV/HJK_arctic_a0041,"[68, 49, 55, 36, 56, 30, 56, 30, 59, 14, 15, 3, 3, 24, 37, 50, 49, 63, 8, 46, 48, 52, 30]","[68, 49, 55, 36, 56, 30, 56, 30, 59, 14, 15, 3, 3, 24, 37, 49, 3, 8, 46, 48, 52, 30]","[1, 1, 1, 1, 1, 1, 1, 1, 1, 1, 1, 1, 1, 1, 1, 0, 1, 0, 1, 1, 1, 1, 1]","[0, 0, 0, 0, 0, 0, 0, 0, 0, 0, 0, 0, 0, 0, 0, 1, 0, 1, 0, 0, 0, 0, 0]"
478,L2_arctic_WAV/HJK_arctic_a0042,"[67, 15, 28, 31, 58, 67, 49, 24, 28, 46, 48, 30, 60, 55, 67, 24, 70, 48, 8, 70, 52, 9, 8, 55, 8, 39, 63, 8, 46, 28, 52, 35]","[67, 15, 28, 31, 58, 67, 49, 24, 28, 46, 48, 30, 60, 55, 67, 24, 46, 48, 8, 70, 52, 9, 8, 55, 8, 39, 63, 8, 46, 28, 64, 35]","[1, 1, 1, 1, 1, 1, 1, 1, 1, 1, 1, 1, 1, 1, 1, 1, 0, 1, 1, 1, 1, 1, 1, 1, 1, 1, 1, 1, 1, 1, 0, 1]","[0, 0, 0, 0, 0, 0, 0, 0, 0, 0, 0, 0, 0, 0, 0, 0, 1, 0, 0, 0, 0, 0, 0, 0, 0, 0, 0, 0, 0, 0, 1, 0]"
479,L2_arctic_WAV/HJK_arctic_a0045,"[67, 49, 68, 6, 39, 58, 8, 36, 60, 52, 70, 28, 36, 56, 8, 3, 30, 49, 64, 70, 67, 49, 67, 64, 58, 28, 8, 68]","[67, 49, 68, 6, 39, 58, 8, 36, 60, 52, 46, 28, 36, 56, 8, 3, 30, 49, 64, 46, 67, 49, 67, 64, 58, 28, 8, 68]","[1, 1, 1, 1, 1, 1, 1, 1, 1, 1, 0, 1, 1, 1, 1, 1, 1, 1, 1, 0, 1, 1, 1, 1, 1, 1, 1, 1]","[0, 0, 0, 0, 0, 0, 0, 0, 0, 0, 1, 0, 0, 0, 0, 0, 0, 0, 0, 1, 0, 0, 0, 0, 0, 0, 0, 0]"
480,L2_arctic_WAV/HJK_arctic_a0046,"[63, 8, 59, 7, 30, 54, 60, 46, 3, 67, 24, 68, 67, 7, 56, 70, 9, 56, 55, 24, 10, 36, 24, 22, 46, 8, 58, 8, 55, 54, 24, 50]","[58, 8, 59, 7, 30, 54, 60, 46, 3, 67, 24, 68, 67, 7, 56, 46, 9, 56, 55, 24, 10, 36, 24, 22, 46, 8, 58, 8, 55, 54, 24, 50]","[0, 1, 1, 1, 1, 1, 1, 1, 1, 1, 1, 1, 1, 1, 1, 0, 1, 1, 1, 1, 1, 1, 1, 1, 1, 1, 1, 1, 1, 1, 1, 1]","[1, 0, 0, 0, 0, 0, 0, 0, 0, 0, 0, 0, 0, 0, 0, 1, 0, 0, 0, 0, 0, 0, 0, 0, 0, 0, 0, 0, 0, 0, 0, 0]"
481,L2_arctic_WAV/HJK_arctic_a0047,"[28, 30, 14, 46, 37, 49, 46, 56, 58, 67, 24, 68, 59, 30, 49, 68, 58, 63, 8, 36, 56, 3, 54, 64, 10, 70, 8, 39, 63, 8, 36, 31, 30, 54, 58, 40, 59]","[28, 30, 14, 46, 37, 49, 46, 56, 58, 67, 24, 68, 59, 30, 49, 68, 58, 63, 8, 36, 56, 3, 54, 64, 10, 46, 8, 39, 63, 8, 36, 31, 30, 54, 58, 14, 28]","[1, 1, 1, 1, 1, 1, 1, 1, 1, 1, 1, 1, 1, 1, 1, 1, 1, 1, 1, 1, 1, 1, 1, 1, 1, 0, 1, 1, 1, 1, 1, 1, 1, 1, 1, 0, 0]","[0, 0, 0, 0, 0, 0, 0, 0, 0, 0, 0, 0, 0, 0, 0, 0, 0, 0, 0, 0, 0, 0, 0, 0, 0, 1, 0, 0, 0, 0, 0, 0, 0, 0, 0, 1, 1]"
482,L2_arctic_WAV/HJK_arctic_a0048,"[67, 49, 30, 31, 28, 3, 64, 3, 63, 8, 67, 64, 10, 28, 7, 35, 24, 54, 68, 40, 50, 28, 30, 14, 46, 30, 49]","[67, 49, 30, 31, 28, 3, 64, 3, 63, 8, 67, 64, 10, 28, 7, 35, 24, 54, 68, 40, 50, 28, 30, 14, 46, 30, 49]","[1, 1, 1, 1, 1, 1, 1, 1, 1, 1, 1, 1, 1, 1, 1, 1, 1, 1, 1, 1, 1, 1, 1, 1, 1, 1, 1]","[0, 0, 0, 0, 0, 0, 0, 0, 0, 0, 0, 0, 0, 0, 0, 0, 0, 0, 0, 0, 0, 0, 0, 0, 0, 0, 0]"
483,L2_arctic_WAV/HJK_arctic_a0051,"[63, 8, 30, 60, 46, 36, 8, 70, 8, 39, 8, 58, 52, 30, 8, 28, 8, 3, 56, 39, 7, 49, 28, 8, 30, 7, 54, 60, 55, 3, 30, 49, 3, 24, 55, 3, 24, 58, 36, 24, 63, 29, 52, 30, 14]","[58, 8, 30, 60, 46, 36, 8, 70, 8, 39, 8, 58, 52, 30, 8, 28, 8, 3, 56, 39, 7, 49, 28, 40, 30, 7, 54, 60, 55, 3, 30, 49, 3, 24, 55, 3, 24, 58, 36, 24, 58, 29, 52, 30, 14]","[0, 1, 1, 1, 1, 1, 1, 1, 1, 1, 1, 1, 1, 1, 1, 1, 1, 1, 1, 1, 1, 1, 1, 0, 1, 1, 1, 1, 1, 1, 1, 1, 1, 1, 1, 1, 1, 1, 1, 1, 0, 1, 1, 1, 1]","[1, 0, 0, 0, 0, 0, 0, 0, 0, 0, 0, 0, 0, 0, 0, 0, 0, 0, 0, 0, 0, 0, 0, 1, 0, 0, 0, 0, 0, 0, 0, 0, 0, 0, 0, 0, 0, 0, 0, 0, 1, 0, 0, 0, 0]"
484,L2_arctic_WAV/HJK_arctic_a0052,"[24, 3, 36, 8, 70, 8, 28, 29, 31, 50, 49, 8, 46, 28, 14, 24, 55, 46, 24, 58, 8, 55, 46]","[24, 3, 36, 8, 46, 8, 28, 29, 31, 50, 49, 8, 46, 28, 14, 24, 55, 46, 24, 58, 8, 55, 46]","[1, 1, 1, 1, 0, 1, 1, 1, 1, 1, 1, 1, 1, 1, 1, 1, 1, 1, 1, 1, 1, 1, 1]","[0, 0, 0, 0, 1, 0, 0, 0, 0, 0, 0, 0, 0, 0, 0, 0, 0, 0, 0, 0, 0, 0, 0]"
485,L2_arctic_WAV/HJK_arctic_a0053,"[46, 8, 58, 8, 55, 30, 49, 67, 24, 70, 54, 24, 10, 59, 7, 70, 28, 30, 14, 70, 58, 3, 56, 3, 30, 49, 14, 39, 7, 63, 8, 67, 64, 10, 28, 7, 35, 24, 54]","[46, 8, 58, 8, 55, 30, 49, 67, 49, 70, 54, 24, 10, 59, 7, 46, 28, 30, 14, 46, 58, 3, 56, 3, 30, 49, 14, 39, 7, 58, 8, 67, 64, 10, 28, 7, 35, 24, 54]","[1, 1, 1, 1, 1, 1, 1, 1, 0, 1, 1, 1, 1, 1, 1, 0, 1, 1, 1, 0, 1, 1, 1, 1, 1, 1, 1, 1, 1, 0, 1, 1, 1, 1, 1, 1, 1, 1, 1]","[0, 0, 0, 0, 0, 0, 0, 0, 1, 0, 0, 0, 0, 0, 0, 1, 0, 0, 0, 1, 0, 0, 0, 0, 0, 0, 0, 0, 0, 1, 0, 0, 0, 0, 0, 0, 0, 0, 0]"
486,L2_arctic_WAV/HJK_arctic_a0054,"[63, 52, 50, 36, 8, 70, 55, 8, 22, 24, 10, 17, 55, 63, 8, 50, 17, 28]","[58, 52, 50, 36, 8, 70, 55, 8, 22, 24, 10, 17, 55, 63, 8, 50, 17, 28]","[0, 1, 1, 1, 1, 1, 1, 1, 1, 1, 1, 1, 1, 1, 1, 1, 1, 1]","[1, 0, 0, 0, 0, 0, 0, 0, 0, 0, 0, 0, 0, 0, 0, 0, 0, 0]"
487,L2_arctic_WAV/HJK_arctic_a0058,"[56, 28, 60, 68, 54, 50, 7, 24, 55, 54, 40, 50, 68, 60, 9, 8, 55, 68, 40, 50, 15, 3, 8, 39, 28, 29, 31, 50, 49, 17, 46, 8, 3, 49, 63, 64, 55, 52, 55, 49, 22, 24, 10, 52, 30, 46]","[56, 28, 60, 68, 54, 50, 7, 24, 55, 54, 40, 50, 68, 60, 9, 8, 55, 68, 40, 50, 15, 3, 8, 39, 28, 29, 31, 50, 49, 17, 46, 8, 3, 49, 58, 64, 55, 52, 55, 49, 3, 24, 10, 52, 30, 46]","[1, 1, 1, 1, 1, 1, 1, 1, 1, 1, 1, 1, 1, 1, 1, 1, 1, 1, 1, 1, 1, 1, 1, 1, 1, 1, 1, 1, 1, 1, 1, 1, 1, 1, 0, 1, 1, 1, 1, 1, 0, 1, 1, 1, 1, 1]","[0, 0, 0, 0, 0, 0, 0, 0, 0, 0, 0, 0, 0, 0, 0, 0, 0, 0, 0, 0, 0, 0, 0, 0, 0, 0, 0, 0, 0, 0, 0, 0, 0, 0, 1, 0, 0, 0, 0, 0, 1, 0, 0, 0, 0, 0]"
488,L2_arctic_WAV/HJK_arctic_a0059,"[67, 24, 70, 24, 68, 64, 28, 29, 6, 30, 24, 3, 8, 48, 24, 50, 8, 55, 46, 36, 8, 70, 59, 40, 55]","[67, 49, 46, 24, 68, 64, 28, 29, 6, 30, 60, 3, 8, 48, 24, 50, 8, 55, 46, 36, 8, 46, 59, 40, 55]","[1, 0, 0, 1, 1, 1, 1, 1, 1, 1, 0, 1, 1, 1, 1, 1, 1, 1, 1, 1, 1, 0, 1, 1, 1]","[0, 1, 1, 0, 0, 0, 0, 0, 0, 0, 1, 0, 0, 0, 0, 0, 0, 0, 0, 0, 0, 1, 0, 0, 0]"
489,L2_arctic_WAV/HJK_arctic_a0060,"[52, 55, 49, 36, 60, 55, 14, 36, 8, 55, 46, 40, 67, 7, 30, 56, 28, 63, 64, 3]","[52, 55, 49, 36, 60, 55, 14, 36, 8, 55, 46, 40, 67, 7, 30, 56, 28, 58, 64, 3]","[1, 1, 1, 1, 1, 1, 1, 1, 1, 1, 1, 1, 1, 1, 1, 1, 1, 0, 1, 1]","[0, 0, 0, 0, 0, 0, 0, 0, 0, 0, 0, 0, 0, 0, 0, 0, 0, 1, 0, 0]"
490,L2_arctic_WAV/HJK_arctic_a0062,"[63, 8, 68, 52, 55, 46, 3, 52, 50, 58, 24, 55, 3, 6, 49, 35, 8, 63, 7, 70, 54, 60, 46]","[58, 8, 68, 64, 55, 46, 3, 52, 50, 58, 24, 55, 3, 6, 49, 35, 8, 58, 7, 46, 54, 60, 46]","[0, 1, 1, 0, 1, 1, 1, 1, 1, 1, 1, 1, 1, 1, 1, 1, 1, 0, 1, 0, 1, 1, 1]","[1, 0, 0, 1, 0, 0, 0, 0, 0, 0, 0, 0, 0, 0, 0, 0, 0, 1, 0, 1, 0, 0, 0]"
491,L2_arctic_WAV/HJK_arctic_a0063,"[29, 52, 46, 24, 3, 36, 8, 70, 8, 68, 64, 55, 67, 6, 64, 46, 3, 8, 46, 3, 50, 60, 55, 69, 7]","[29, 52, 46, 24, 3, 36, 8, 46, 8, 68, 64, 55, 67, 6, 64, 46, 3, 8, 46, 3, 50, 60, 55, 69, 7]","[1, 1, 1, 1, 1, 1, 1, 0, 1, 1, 1, 1, 1, 1, 1, 1, 1, 1, 1, 1, 1, 1, 1, 1, 1]","[0, 0, 0, 0, 0, 0, 0, 1, 0, 0, 0, 0, 0, 0, 0, 0, 0, 0, 0, 0, 0, 0, 0, 0, 0]"
492,L2_arctic_WAV/HJK_arctic_a0064,"[63, 8, 54, 40, 50, 22, 8, 55, 58, 54, 24, 22, 58, 60, 70, 48, 64, 46, 3, 36, 24, 63, 15, 3, 52, 55, 49, 58, 24, 39, 52, 30, 8, 48, 68, 8, 55, 3, 46]","[58, 8, 54, 40, 50, 22, 8, 55, 58, 54, 24, 3, 58, 60, 46, 48, 64, 46, 3, 36, 24, 58, 15, 3, 52, 55, 49, 58, 24, 39, 52, 30, 8, 48, 68, 8, 55, 3, 46]","[0, 1, 1, 1, 1, 1, 1, 1, 1, 1, 1, 0, 1, 1, 0, 1, 1, 1, 1, 1, 1, 0, 1, 1, 1, 1, 1, 1, 1, 1, 1, 1, 1, 1, 1, 1, 1, 1, 1]","[1, 0, 0, 0, 0, 0, 0, 0, 0, 0, 0, 1, 0, 0, 1, 0, 0, 0, 0, 0, 0, 1, 0, 0, 0, 0, 0, 0, 0, 0, 0, 0, 0, 0, 0, 0, 0, 0, 0]"
493,L2_arctic_WAV/HJK_arctic_a0065,"[63, 60, 28, 30, 14, 70, 58, 55, 15, 8, 55, 3, 24, 30, 67, 24, 70, 54, 24, 10, 59, 7, 70, 36, 7, 30, 56, 28, 28, 40, 50, 58, 70, 8, 39, 46, 3, 49, 30]","[58, 60, 28, 30, 14, 46, 58, 55, 15, 8, 55, 3, 24, 30, 67, 24, 46, 54, 24, 10, 59, 7, 46, 36, 7, 30, 56, 28, 28, 40, 50, 58, 46, 8, 39, 46, 3, 24, 30]","[0, 1, 1, 1, 1, 0, 1, 1, 1, 1, 1, 1, 1, 1, 1, 1, 0, 1, 1, 1, 1, 1, 0, 1, 1, 1, 1, 1, 1, 1, 1, 1, 0, 1, 1, 1, 1, 0, 1]","[1, 0, 0, 0, 0, 1, 0, 0, 0, 0, 0, 0, 0, 0, 0, 0, 1, 0, 0, 0, 0, 0, 1, 0, 0, 0, 0, 0, 0, 0, 0, 0, 1, 0, 0, 0, 0, 1, 0]"
494,L2_arctic_WAV/HJK_arctic_a0067,"[9, 31, 50, 30, 49, 56, 36, 8, 30, 24, 28, 46, 28, 29, 6, 70, 29, 6, 9, 49, 28, 50, 56, 58]","[9, 31, 50, 30, 49, 56, 36, 8, 30, 24, 28, 46, 28, 29, 6, 46, 29, 6, 9, 49, 28, 50, 56, 58]","[1, 1, 1, 1, 1, 1, 1, 1, 1, 1, 1, 1, 1, 1, 1, 0, 1, 1, 1, 1, 1, 1, 1, 1]","[0, 0, 0, 0, 0, 0, 0, 0, 0, 0, 0, 0, 0, 0, 0, 1, 0, 0, 0, 0, 0, 0, 0, 0]"
495,L2_arctic_WAV/HJK_arctic_a0071,"[67, 36, 8, 3, 36, 8, 70, 63, 49, 17, 37, 69, 52, 28, 3, 8, 39, 29, 31, 50, 30, 24, 3, 8, 30, 46, 52, 55, 46, 60, 9, 8, 55]","[67, 36, 8, 3, 36, 8, 46, 58, 49, 17, 37, 69, 52, 28, 3, 8, 39, 29, 31, 50, 30, 24, 3, 8, 30, 46, 52, 55, 46, 60, 9, 8, 55]","[1, 1, 1, 1, 1, 1, 0, 0, 1, 1, 1, 1, 1, 1, 1, 1, 1, 1, 1, 1, 1, 1, 1, 1, 1, 1, 1, 1, 1, 1, 1, 1, 1]","[0, 0, 0, 0, 0, 0, 1, 1, 0, 0, 0, 0, 0, 0, 0, 0, 0, 0, 0, 0, 0, 0, 0, 0, 0, 0, 0, 0, 0, 0, 0, 0, 0]"
496,L2_arctic_WAV/HJK_arctic_a0073,"[63, 8, 48, 50, 8, 68, 14, 3, 7, 70, 56, 70, 36, 7, 67, 52, 39, 49, 36, 24, 63, 30, 24, 3, 8, 30, 48, 8, 54, 49, 37, 64, 59, 70, 8, 55, 58, 7, 63, 52, 68]","[58, 8, 48, 50, 8, 68, 14, 3, 7, 46, 56, 46, 36, 7, 67, 64, 39, 49, 36, 24, 58, 30, 24, 3, 8, 30, 48, 8, 54, 49, 37, 64, 59, 46, 8, 55, 58, 7, 58, 64, 68]","[0, 1, 1, 1, 1, 1, 1, 1, 1, 0, 1, 0, 1, 1, 1, 0, 1, 1, 1, 1, 0, 1, 1, 1, 1, 1, 1, 1, 1, 1, 1, 1, 1, 0, 1, 1, 1, 1, 0, 0, 1]","[1, 0, 0, 0, 0, 0, 0, 0, 0, 1, 0, 1, 0, 0, 0, 1, 0, 0, 0, 0, 1, 0, 0, 0, 0, 0, 0, 0, 0, 0, 0, 0, 0, 1, 0, 0, 0, 0, 1, 1, 0]"
497,L2_arctic_WAV/HJK_arctic_a0075,"[63, 52, 50, 67, 64, 70, 37, 24, 55, 8, 35, 60, 55, 69, 9, 49, 24, 55, 7, 8, 48, 3, 24, 58, 67, 24, 68]","[58, 52, 50, 67, 64, 46, 37, 24, 55, 8, 35, 60, 55, 69, 9, 49, 24, 55, 7, 8, 48, 3, 24, 58, 67, 24, 68]","[0, 1, 1, 1, 1, 0, 1, 1, 1, 1, 1, 1, 1, 1, 1, 1, 1, 1, 1, 1, 1, 1, 1, 1, 1, 1, 1]","[1, 0, 0, 0, 0, 1, 0, 0, 0, 0, 0, 0, 0, 0, 0, 0, 0, 0, 0, 0, 0, 0, 0, 0, 0, 0, 0]"
498,L2_arctic_WAV/HJK_arctic_a0076,"[63, 8, 59, 50, 60, 56, 70, 54, 17, 30, 3, 7, 58, 63, 8, 54, 30, 8, 9, 58, 49, 48, 8, 55, 58]","[58, 8, 59, 50, 60, 56, 70, 54, 17, 30, 3, 7, 58, 58, 8, 54, 30, 8, 9, 58, 49, 48, 8, 55, 58]","[0, 1, 1, 1, 1, 1, 1, 1, 1, 1, 1, 1, 1, 0, 1, 1, 1, 1, 1, 1, 1, 1, 1, 1, 1]","[1, 0, 0, 0, 0, 0, 0, 0, 0, 0, 0, 0, 0, 1, 0, 0, 0, 0, 0, 0, 0, 0, 0, 0, 0]"
499,L2_arctic_WAV/HJK_arctic_a0077,"[24, 3, 24, 70, 63, 8, 54, 56, 7, 48, 17, 50, 3, 30, 49, 9, 49, 46, 52, 58]","[24, 3, 24, 70, 58, 8, 54, 56, 7, 48, 17, 50, 3, 30, 49, 9, 49, 46, 64, 58]","[1, 1, 1, 1, 0, 1, 1, 1, 1, 1, 1, 1, 1, 1, 1, 1, 1, 1, 0, 1]","[0, 0, 0, 0, 1, 0, 0, 0, 0, 0, 0, 0, 0, 0, 0, 0, 0, 0, 1, 0]"
500,L2_arctic_WAV/HJK_arctic_a0078,"[63, 52, 55, 64, 55, 58, 64, 3, 46, 8, 48, 7, 67, 49, 3, 50, 56, 58, 3, 8, 54, 64, 63, 8, 68, 67, 7]","[58, 64, 55, 64, 55, 58, 64, 3, 46, 8, 48, 7, 67, 49, 3, 50, 56, 58, 3, 8, 54, 64, 22, 8, 68, 67, 7]","[0, 0, 1, 1, 1, 1, 1, 1, 1, 1, 1, 1, 1, 1, 1, 1, 1, 1, 1, 1, 1, 1, 0, 1, 1, 1, 1]","[1, 1, 0, 0, 0, 0, 0, 0, 0, 0, 0, 0, 0, 0, 0, 0, 0, 0, 0, 0, 0, 0, 1, 0, 0, 0, 0]"
501,L2_arctic_WAV/HJK_arctic_a0079,"[24, 3, 36, 8, 70, 8, 30, 17, 50, 69, 28, 8, 55, 6]","[24, 3, 36, 8, 70, 8, 30, 17, 50, 9, 28, 8, 55, 6]","[1, 1, 1, 1, 1, 1, 1, 1, 1, 0, 1, 1, 1, 1]","[0, 0, 0, 0, 0, 0, 0, 0, 0, 1, 0, 0, 0, 0]"
502,L2_arctic_WAV/HJK_arctic_a0081,"[67, 36, 8, 3, 24, 54, 9, 49, 58, 24, 58, 55, 17, 3, 28, 8, 68, 3, 24, 63, 8, 50, 17, 28]","[67, 36, 8, 3, 24, 54, 9, 49, 58, 24, 58, 55, 17, 3, 28, 8, 68, 3, 24, 58, 8, 50, 17, 28]","[1, 1, 1, 1, 1, 1, 1, 1, 1, 1, 1, 1, 1, 1, 1, 1, 1, 1, 1, 0, 1, 1, 1, 1]","[0, 0, 0, 0, 0, 0, 0, 0, 0, 0, 0, 0, 0, 0, 0, 0, 0, 0, 0, 1, 0, 0, 0, 0]"
503,L2_arctic_WAV/HJK_arctic_a0082,"[67, 24, 70, 54, 60, 46, 36, 8, 70, 46, 3, 50, 49, 68, 24, 10, 36, 24, 63, 37, 30, 8, 58]","[67, 24, 46, 54, 60, 46, 36, 8, 46, 46, 3, 50, 49, 68, 24, 10, 36, 24, 58, 37, 30, 8, 3]","[1, 1, 0, 1, 1, 1, 1, 1, 0, 1, 1, 1, 1, 1, 1, 1, 1, 1, 0, 1, 1, 1, 0]","[0, 0, 1, 0, 0, 0, 0, 0, 1, 0, 0, 0, 0, 0, 0, 0, 0, 0, 1, 0, 0, 0, 1]"
504,L2_arctic_WAV/HJK_arctic_a0085,"[8, 3, 50, 24, 28, 8, 30, 8, 39, 54, 50, 52, 9, 37, 30, 8, 58, 50, 64, 55, 14, 39, 7, 67, 24, 70, 54, 60, 46]","[8, 3, 50, 24, 28, 8, 30, 8, 39, 54, 50, 64, 9, 37, 30, 8, 58, 50, 64, 55, 14, 39, 7, 67, 24, 70, 54, 60, 46]","[1, 1, 1, 1, 1, 1, 1, 1, 1, 1, 1, 0, 1, 1, 1, 1, 1, 1, 1, 1, 1, 1, 1, 1, 1, 1, 1, 1, 1]","[0, 0, 0, 0, 0, 0, 0, 0, 0, 0, 0, 1, 0, 0, 0, 0, 0, 0, 0, 0, 0, 0, 0, 0, 0, 0, 0, 0, 0]"
505,L2_arctic_WAV/HJK_arctic_a0086,"[58, 52, 22, 67, 64, 58, 28, 8, 68, 36, 24, 63, 3, 52, 50, 8, 37, 8, 30, 46, 8, 58, 8, 55, 55, 8, 46]","[58, 64, 22, 67, 64, 58, 28, 8, 68, 36, 24, 3, 3, 52, 50, 8, 37, 8, 30, 46, 8, 58, 8, 55, 55, 8, 46]","[1, 0, 1, 1, 1, 1, 1, 1, 1, 1, 1, 0, 1, 1, 1, 1, 1, 1, 1, 1, 1, 1, 1, 1, 1, 1, 1]","[0, 1, 0, 0, 0, 0, 0, 0, 0, 0, 0, 1, 0, 0, 0, 0, 0, 0, 0, 0, 0, 0, 0, 0, 0, 0, 0]"
506,L2_arctic_WAV/HJK_arctic_a0088,"[67, 49, 68, 60, 58, 9, 31, 50, 63, 64, 3, 63, 8, 68, 64, 59, 8, 70, 49, 55, 36, 8, 70, 30, 14, 58, 24, 58, 64, 55, 58, 50, 49, 70, 6, 68, 58, 67, 24, 70, 48, 64, 58, 30, 24, 10]","[67, 49, 68, 60, 58, 9, 31, 50, 58, 64, 3, 58, 8, 68, 64, 59, 8, 26, 49, 55, 36, 8, 70, 30, 14, 58, 24, 58, 64, 55, 58, 50, 49, 69, 6, 68, 58, 67, 24, 70, 48, 64, 58, 30, 24, 10]","[1, 1, 1, 1, 1, 1, 1, 1, 0, 1, 1, 0, 1, 1, 1, 1, 1, 0, 1, 1, 1, 1, 1, 1, 1, 1, 1, 1, 1, 1, 1, 1, 1, 0, 1, 1, 1, 1, 1, 1, 1, 1, 1, 1, 1, 1]","[0, 0, 0, 0, 0, 0, 0, 0, 1, 0, 0, 1, 0, 0, 0, 0, 0, 1, 0, 0, 0, 0, 0, 0, 0, 0, 0, 0, 0, 0, 0, 0, 0, 1, 0, 0, 0, 0, 0, 0, 0, 0, 0, 0, 0, 0]"
507,L2_arctic_WAV/HJK_arctic_a0089,"[63, 8, 55, 56, 3, 59, 30, 14, 36, 8, 70, 3, 50, 52, 35, 7, 8, 46, 3, 24, 9, 6, 3, 37, 56]","[58, 8, 55, 56, 3, 59, 30, 14, 36, 8, 70, 3, 50, 52, 35, 7, 8, 46, 3, 24, 9, 31, 3, 37, 56]","[0, 1, 1, 1, 1, 1, 1, 1, 1, 1, 1, 1, 1, 1, 1, 1, 1, 1, 1, 1, 1, 0, 1, 1, 1]","[1, 0, 0, 0, 0, 0, 0, 0, 0, 0, 0, 0, 0, 0, 0, 0, 0, 0, 0, 0, 0, 1, 0, 0, 0]"
508,L2_arctic_WAV/HJK_arctic_a0090,"[63, 8, 46, 24, 10, 24, 10, 39, 57, 46, 8, 48, 50, 14, 35, 3, 50, 64, 48, 8, 58, 30, 49]","[58, 8, 46, 24, 10, 10, 39, 57, 46, 8, 48, 50, 14, 35, 3, 50, 64, 48, 8, 58, 30, 49]","[0, 1, 1, 1, 1, 0, 1, 1, 1, 1, 1, 1, 1, 1, 1, 1, 1, 1, 1, 1, 1, 1, 1]","[1, 0, 0, 0, 0, 1, 0, 0, 0, 0, 0, 0, 0, 0, 0, 0, 0, 0, 0, 0, 0, 0, 0]"
509,L2_arctic_WAV/HJK_arctic_a0091,"[67, 24, 70, 37, 30, 8, 58, 59, 50, 6, 67, 17, 3, 36, 24, 63, 50, 60, 69, 64, 3, 63, 8, 22, 40, 3]","[67, 24, 46, 37, 30, 40, 58, 59, 50, 6, 67, 17, 3, 36, 24, 58, 50, 60, 69, 64, 3, 63, 8, 22, 40, 3]","[1, 1, 0, 1, 1, 0, 1, 1, 1, 1, 1, 1, 1, 1, 1, 0, 1, 1, 1, 1, 1, 1, 1, 1, 1, 1]","[0, 0, 1, 0, 0, 1, 0, 0, 0, 0, 0, 0, 0, 0, 0, 1, 0, 0, 0, 0, 0, 0, 0, 0, 0, 0]"
510,L2_arctic_WAV/HJK_arctic_a0092,"[67, 49, 36, 52, 55, 3, 58, 15, 55, 24, 55, 68, 24, 58, 46, 3, 50, 49, 68, 46, 7, 35, 24, 10, 63, 8, 9, 64, 58, 14, 70, 8, 39, 37, 14, 22, 9, 40, 50, 70]","[67, 49, 36, 52, 55, 3, 58, 15, 55, 24, 55, 68, 49, 58, 46, 3, 50, 49, 68, 46, 7, 35, 24, 10, 63, 8, 9, 64, 58, 14, 46, 8, 39, 37, 14, 22, 9, 40, 50, 46]","[1, 1, 1, 1, 1, 1, 1, 1, 1, 1, 1, 1, 0, 1, 1, 1, 1, 1, 1, 1, 1, 1, 1, 1, 1, 1, 1, 1, 1, 1, 0, 1, 1, 1, 1, 1, 1, 1, 1, 0]","[0, 0, 0, 0, 0, 0, 0, 0, 0, 0, 0, 0, 1, 0, 0, 0, 0, 0, 0, 0, 0, 0, 0, 0, 0, 0, 0, 0, 0, 0, 1, 0, 0, 0, 0, 0, 0, 0, 0, 1]"
511,L2_arctic_WAV/HJK_arctic_a0093,"[54, 50, 7, 8, 54, 31, 30, 68, 24, 55, 8, 3, 67, 49, 28, 50, 15, 35, 3, 64, 55, 58, 30, 24, 46, 8, 55, 58]","[54, 50, 7, 8, 54, 6, 30, 68, 24, 55, 8, 3, 67, 49, 28, 50, 15, 35, 3, 64, 55, 58, 30, 24, 46, 8, 55, 3]","[1, 1, 1, 1, 1, 0, 1, 1, 1, 1, 1, 1, 1, 1, 1, 1, 1, 1, 1, 1, 1, 1, 1, 1, 1, 1, 1, 0]","[0, 0, 0, 0, 0, 1, 0, 0, 0, 0, 0, 0, 0, 0, 0, 0, 0, 0, 0, 0, 0, 0, 0, 0, 0, 0, 0, 1]"
512,L2_arctic_WAV/HJK_arctic_a0094,"[67, 49, 67, 64, 58, 37, 52, 50, 30, 49, 52, 55, 3, 7, 58, 63, 24, 46, 36, 52, 55, 67, 49, 46, 40, 63, 8, 59, 30, 14, 8, 39, 8, 54, 56, 7]","[67, 49, 67, 64, 58, 37, 52, 50, 30, 49, 52, 55, 3, 7, 58, 58, 52, 46, 36, 52, 55, 67, 49, 46, 40, 63, 8, 59, 30, 14, 8, 39, 8, 54, 56, 7]","[1, 1, 1, 1, 1, 1, 1, 1, 1, 1, 1, 1, 1, 1, 1, 0, 0, 1, 1, 1, 1, 1, 1, 1, 1, 1, 1, 1, 1, 1, 1, 1, 1, 1, 1, 1]","[0, 0, 0, 0, 0, 0, 0, 0, 0, 0, 0, 0, 0, 0, 0, 1, 1, 0, 0, 0, 0, 0, 0, 0, 0, 0, 0, 0, 0, 0, 0, 0, 0, 0, 0, 0]"
513,L2_arctic_WAV/HJK_arctic_a0095,"[8, 37, 24, 59, 28, 64, 55, 39, 8, 46, 3, 52, 55, 3, 36, 8, 70, 63, 8, 54, 7, 46, 3, 22, 24, 10, 3, 8, 28, 8, 68, 36, 24, 22, 24, 55, 67, 24, 70, 39, 24, 26, 8, 55]","[8, 37, 24, 59, 28, 64, 55, 39, 8, 46, 3, 52, 55, 3, 36, 8, 46, 58, 8, 54, 7, 46, 3, 3, 24, 10, 3, 8, 28, 8, 68, 36, 24, 22, 24, 55, 67, 24, 70, 39, 24, 69, 8, 55]","[1, 1, 1, 1, 1, 1, 1, 1, 1, 1, 1, 1, 1, 1, 1, 1, 0, 0, 1, 1, 1, 1, 1, 0, 1, 1, 1, 1, 1, 1, 1, 1, 1, 1, 1, 1, 1, 1, 1, 1, 1, 0, 1, 1]","[0, 0, 0, 0, 0, 0, 0, 0, 0, 0, 0, 0, 0, 0, 0, 0, 1, 1, 0, 0, 0, 0, 0, 1, 0, 0, 0, 0, 0, 0, 0, 0, 0, 0, 0, 0, 0, 0, 0, 0, 0, 1, 0, 0]"
514,L2_arctic_WAV/HJK_arctic_a0096,"[48, 7, 67, 64, 48, 46, 9, 49, 67, 64, 58, 40, 30, 50, 52, 58, 49, 68, 52, 3, 67, 7, 54, 60, 3, 8, 30, 24, 3, 8, 30, 58, 49, 48, 7, 24, 55, 63, 8, 54, 40, 50, 8, 46, 3]","[48, 7, 67, 64, 48, 46, 9, 49, 67, 64, 58, 40, 30, 50, 52, 58, 49, 68, 64, 3, 67, 7, 54, 60, 3, 8, 30, 24, 3, 8, 30, 58, 49, 48, 7, 24, 55, 63, 8, 54, 40, 50, 8, 46, 3]","[1, 1, 1, 1, 1, 1, 1, 1, 1, 1, 1, 1, 1, 1, 1, 1, 1, 1, 0, 1, 1, 1, 1, 1, 1, 1, 1, 1, 1, 1, 1, 1, 1, 1, 1, 1, 1, 1, 1, 1, 1, 1, 1, 1, 1]","[0, 0, 0, 0, 0, 0, 0, 0, 0, 0, 0, 0, 0, 0, 0, 0, 0, 0, 1, 0, 0, 0, 0, 0, 0, 0, 0, 0, 0, 0, 0, 0, 0, 0, 0, 0, 0, 0, 0, 0, 0, 0, 0, 0, 0]"
515,L2_arctic_WAV/HJK_arctic_a0097,"[63, 52, 55, 29, 6, 28, 64, 55, 7, 60, 55, 69, 29, 7, 46, 52, 30, 54, 28, 8, 68, 54, 7, 3, 8, 37, 30, 49, 8, 68, 8, 10, 63, 49, 70, 50, 14, 37, 70, 24, 55, 63, 8, 37, 14]","[58, 64, 55, 29, 6, 28, 64, 55, 7, 60, 55, 69, 29, 7, 46, 52, 30, 54, 28, 8, 68, 54, 7, 3, 8, 37, 30, 49, 8, 68, 8, 10, 58, 49, 46, 50, 14, 37, 46, 24, 55, 58, 8, 37, 14]","[0, 0, 1, 1, 1, 1, 1, 1, 1, 1, 1, 1, 1, 1, 1, 1, 1, 1, 1, 1, 1, 1, 1, 1, 1, 1, 1, 1, 1, 1, 1, 1, 0, 1, 0, 1, 1, 1, 0, 1, 1, 0, 1, 1, 1]","[1, 1, 0, 0, 0, 0, 0, 0, 0, 0, 0, 0, 0, 0, 0, 0, 0, 0, 0, 0, 0, 0, 0, 0, 0, 0, 0, 0, 0, 0, 0, 0, 1, 0, 1, 0, 0, 0, 1, 0, 0, 1, 0, 0, 0]"
516,L2_arctic_WAV/HJK_arctic_a0098,"[9, 64, 30, 56, 28, 52, 50, 49, 29, 6]","[9, 52, 30, 56, 28, 52, 50, 49, 29, 6]","[1, 0, 1, 1, 1, 1, 1, 1, 1, 1]","[0, 1, 0, 0, 0, 0, 0, 0, 0, 0]"
517,L2_arctic_WAV/HJK_arctic_a0099,"[8, 68, 64, 58, 55, 24, 10, 69, 57, 48, 15, 55, 58, 24, 58, 24, 55, 67, 24, 70, 37, 50, 60, 55]","[8, 68, 64, 58, 55, 24, 10, 69, 57, 48, 15, 55, 58, 24, 58, 24, 55, 67, 24, 46, 37, 50, 60, 55]","[1, 1, 1, 1, 1, 1, 1, 1, 1, 1, 1, 1, 1, 1, 1, 1, 1, 1, 1, 0, 1, 1, 1, 1]","[0, 0, 0, 0, 0, 0, 0, 0, 0, 0, 0, 0, 0, 0, 0, 0, 0, 0, 0, 1, 0, 0, 0, 0]"
518,L2_arctic_WAV/HJK_arctic_a0100,"[29, 6, 68, 8, 46, 3, 46, 30, 49, 48, 67, 49, 7, 69, 58]","[29, 6, 68, 8, 46, 3, 46, 30, 49, 48, 67, 49, 7, 26, 58]","[1, 1, 1, 1, 1, 1, 1, 1, 1, 1, 1, 1, 1, 0, 1]","[0, 0, 0, 0, 0, 0, 0, 0, 0, 0, 0, 0, 0, 1, 0]"
519,L2_arctic_WAV/HJK_arctic_a0101,"[29, 6, 29, 6, 36, 31, 58, 55, 17, 3, 28, 49, 48, 63, 8, 3, 50, 6, 22, 54, 50, 8, 68, 68, 49]","[29, 6, 29, 6, 36, 31, 58, 55, 17, 3, 28, 49, 48, 58, 8, 3, 50, 6, 22, 54, 50, 8, 68, 68, 49]","[1, 1, 1, 1, 1, 1, 1, 1, 1, 1, 1, 1, 1, 0, 1, 1, 1, 1, 1, 1, 1, 1, 1, 1, 1]","[0, 0, 0, 0, 0, 0, 0, 0, 0, 0, 0, 0, 0, 1, 0, 0, 0, 0, 0, 0, 0, 0, 0, 0, 0]"
520,L2_arctic_WAV/HJK_arctic_a0102,"[67, 49, 36, 8, 30, 54, 17, 30, 14, 8, 46, 46, 6, 55]","[67, 49, 36, 8, 30, 54, 17, 30, 14, 8, 46, 46, 6, 55]","[1, 1, 1, 1, 1, 1, 1, 1, 1, 1, 1, 1, 1, 1]","[0, 0, 0, 0, 0, 0, 0, 0, 0, 0, 0, 0, 0, 0]"
521,L2_arctic_WAV/HJK_arctic_a0103,"[37, 8, 3, 63, 52, 50, 28, 60, 68, 55, 14, 48, 50, 17, 68, 8, 46, 54, 50, 8, 68, 63, 8, 37, 14, 8, 39, 63, 8, 28, 8, 55, 6]","[37, 8, 3, 58, 52, 50, 28, 60, 68, 55, 14, 48, 50, 17, 68, 8, 46, 54, 50, 8, 68, 58, 8, 37, 14, 8, 39, 58, 8, 28, 8, 55, 6]","[1, 1, 1, 0, 1, 1, 1, 1, 1, 1, 1, 1, 1, 1, 1, 1, 1, 1, 1, 1, 1, 0, 1, 1, 1, 1, 1, 0, 1, 1, 1, 1, 1]","[0, 0, 0, 1, 0, 0, 0, 0, 0, 0, 0, 0, 0, 0, 0, 0, 0, 0, 0, 0, 0, 1, 0, 0, 0, 0, 0, 1, 0, 0, 0, 0, 0]"
522,L2_arctic_WAV/HJK_arctic_a0104,"[9, 49, 36, 8, 70, 46, 30, 49, 48, 24, 10, 8, 55, 58, 7, 67, 24, 70, 48, 50, 8, 3, 52, 28, 9, 8, 55, 64, 70, 46, 36, 49, 3, 30, 49, 64, 70, 8, 35, 56, 30, 58]","[9, 49, 36, 8, 70, 46, 30, 49, 48, 24, 10, 8, 55, 58, 7, 67, 24, 46, 48, 50, 8, 3, 52, 28, 9, 8, 55, 64, 58, 70, 46, 36, 49, 3, 30, 49, 64, 58, 46, 8, 35, 56, 30, 58]","[1, 1, 1, 1, 1, 1, 1, 1, 1, 1, 1, 1, 1, 1, 1, 1, 1, 0, 1, 1, 1, 1, 1, 1, 1, 1, 1, 1, 1, 1, 1, 1, 1, 1, 1, 1, 0, 1, 1, 1, 1, 1]","[0, 0, 0, 0, 0, 0, 0, 0, 0, 0, 0, 0, 0, 0, 0, 0, 0, 1, 0, 0, 0, 0, 0, 0, 0, 0, 0, 0, 0, 0, 0, 0, 0, 0, 0, 0, 1, 0, 0, 0, 0, 0]"
523,L2_arctic_WAV/HJK_arctic_a0105,"[14, 55, 30, 49, 24, 3, 24, 70, 46, 14, 36, 8, 55, 58, 7, 54, 8, 30, 46, 14, 40, 30, 68, 14, 46, 3, 24, 68, 48, 17, 46, 8, 37, 8, 30, 3, 24, 37, 24, 30, 49, 39]","[14, 55, 30, 49, 24, 3, 24, 3, 46, 46, 14, 36, 8, 55, 58, 7, 54, 8, 30, 46, 14, 40, 30, 68, 14, 46, 3, 24, 68, 48, 17, 46, 8, 37, 8, 30, 3, 24, 37, 24, 30, 49, 39]","[1, 1, 1, 1, 1, 1, 1, 0, 1, 1, 1, 1, 1, 1, 1, 1, 1, 1, 1, 1, 1, 1, 1, 1, 1, 1, 1, 1, 1, 1, 1, 1, 1, 1, 1, 1, 1, 1, 1, 1, 1, 1]","[0, 0, 0, 0, 0, 0, 0, 1, 0, 0, 0, 0, 0, 0, 0, 0, 0, 0, 0, 0, 0, 0, 0, 0, 0, 0, 0, 0, 0, 0, 0, 0, 0, 0, 0, 0, 0, 0, 0, 0, 0, 0]"
524,L2_arctic_WAV/HJK_arctic_a0106,"[63, 49, 49, 68, 14, 9, 8, 55, 36, 24, 35, 9, 49, 67, 64, 58, 46, 8, 48, 50, 52, 46, 3, 37, 7, 46, 3, 54, 40, 50, 22, 55, 15, 24, 55, 8, 35, 14, 28, 24, 10, 46, 17, 37]","[58, 49, 49, 68, 14, 9, 8, 55, 36, 24, 35, 9, 49, 67, 64, 58, 46, 8, 48, 50, 52, 46, 3, 37, 7, 46, 3, 54, 40, 50, 22, 55, 15, 24, 55, 8, 35, 14, 28, 24, 10, 46, 17, 37]","[0, 1, 1, 1, 1, 1, 1, 1, 1, 1, 1, 1, 1, 1, 1, 1, 1, 1, 1, 1, 1, 1, 1, 1, 1, 1, 1, 1, 1, 1, 1, 1, 1, 1, 1, 1, 1, 1, 1, 1, 1, 1, 1, 1]","[1, 0, 0, 0, 0, 0, 0, 0, 0, 0, 0, 0, 0, 0, 0, 0, 0, 0, 0, 0, 0, 0, 0, 0, 0, 0, 0, 0, 0, 0, 0, 0, 0, 0, 0, 0, 0, 0, 0, 0, 0, 0, 0, 0]"
525,L2_arctic_WAV/HJK_arctic_a0107,"[24, 54, 29, 6, 14, 55, 30, 49, 28, 31, 58, 55, 14, 67, 15, 56, 22, 64, 10, 28, 29, 6]","[24, 54, 29, 6, 14, 55, 30, 49, 28, 31, 58, 55, 14, 67, 15, 56, 22, 64, 10, 28, 29, 6]","[1, 1, 1, 1, 1, 1, 1, 1, 1, 1, 1, 1, 1, 1, 1, 1, 1, 1, 1, 1, 1, 1]","[0, 0, 0, 0, 0, 0, 0, 0, 0, 0, 0, 0, 0, 0, 0, 0, 0, 0, 0, 0, 0, 0]"
526,L2_arctic_WAV/HJK_arctic_a0108,"[67, 49, 36, 60, 58, 24, 58, 24, 55, 3, 6, 63, 49, 52, 69, 8, 39, 63, 8, 36, 40, 3, 7, 64, 55, 58, 37, 49, 59, 64, 55, 46, 28, 50, 8, 37, 24, 10, 67, 24, 68, 46, 52, 30, 54]","[67, 49, 36, 60, 58, 24, 58, 24, 55, 3, 6, 58, 49, 64, 69, 8, 39, 63, 8, 36, 40, 3, 7, 64, 55, 58, 37, 49, 59, 64, 55, 46, 28, 50, 8, 37, 24, 10, 67, 24, 68, 46, 52, 30, 54]","[1, 1, 1, 1, 1, 1, 1, 1, 1, 1, 1, 0, 1, 0, 1, 1, 1, 1, 1, 1, 1, 1, 1, 1, 1, 1, 1, 1, 1, 1, 1, 1, 1, 1, 1, 1, 1, 1, 1, 1, 1, 1, 1, 1, 1]","[0, 0, 0, 0, 0, 0, 0, 0, 0, 0, 0, 1, 0, 1, 0, 0, 0, 0, 0, 0, 0, 0, 0, 0, 0, 0, 0, 0, 0, 0, 0, 0, 0, 0, 0, 0, 0, 0, 0, 0, 0, 0, 0, 0, 0]"
527,L2_arctic_WAV/HJK_arctic_a0109,"[58, 6, 29, 6, 55, 14, 63, 64, 3, 29, 6, 7, 9, 60, 28, 24, 10, 68, 56, 28, 17, 55, 54, 8, 58, 8, 55, 46, 24, 55, 29, 6]","[58, 6, 29, 6, 55, 14, 58, 64, 3, 29, 6, 7, 9, 60, 28, 24, 10, 68, 56, 28, 17, 55, 54, 8, 58, 8, 55, 46, 24, 55, 29, 6]","[1, 1, 1, 1, 1, 1, 0, 1, 1, 1, 1, 1, 1, 1, 1, 1, 1, 1, 1, 1, 1, 1, 1, 1, 1, 1, 1, 1, 1, 1, 1, 1]","[0, 0, 0, 0, 0, 0, 1, 0, 0, 0, 0, 0, 0, 0, 0, 0, 0, 0, 0, 0, 0, 0, 0, 0, 0, 0, 0, 0, 0, 0, 0, 0]"
528,L2_arctic_WAV/HJK_arctic_a0111,"[24, 55, 46, 3, 52, 58, 67, 49, 69, 57, 55, 58, 67, 7, 64, 55, 58, 63, 60, 60, 3, 30, 56, 28, 3, 6, 67, 8, 10, 59, 50, 49, 35, 24, 30, 58, 50, 8, 55]","[24, 55, 46, 3, 64, 58, 67, 49, 69, 57, 55, 58, 67, 7, 64, 55, 58, 58, 60, 60, 3, 30, 56, 28, 3, 6, 67, 8, 10, 59, 50, 49, 35, 24, 30, 58, 50, 8, 55]","[1, 1, 1, 1, 0, 1, 1, 1, 1, 1, 1, 1, 1, 1, 1, 1, 1, 0, 1, 1, 1, 1, 1, 1, 1, 1, 1, 1, 1, 1, 1, 1, 1, 1, 1, 1, 1, 1, 1]","[0, 0, 0, 0, 1, 0, 0, 0, 0, 0, 0, 0, 0, 0, 0, 0, 0, 1, 0, 0, 0, 0, 0, 0, 0, 0, 0, 0, 0, 0, 0, 0, 0, 0, 0, 0, 0, 0, 0]"
529,L2_arctic_WAV/HJK_arctic_a0112,"[67, 49, 36, 8, 70, 36, 6, 55, 58, 24, 58, 24, 55, 63, 49, 17, 50, 68]","[67, 49, 36, 8, 46, 36, 6, 55, 58, 24, 58, 24, 55, 58, 49, 17, 50, 68]","[1, 1, 1, 1, 0, 1, 1, 1, 1, 1, 1, 1, 1, 0, 1, 1, 1, 1]","[0, 0, 0, 0, 1, 0, 0, 0, 0, 0, 0, 0, 0, 1, 0, 0, 0, 0]"
530,L2_arctic_WAV/HJK_arctic_a0113,"[56, 46, 8, 48, 14, 70, 29, 6, 48, 24, 28, 3, 63, 64, 3, 30, 24, 10, 59, 14, 8, 48, 8, 68, 8, 10, 63, 49, 24, 55, 58, 49, 8, 55, 70]","[56, 46, 8, 48, 14, 46, 29, 6, 48, 24, 28, 3, 58, 64, 3, 30, 24, 10, 59, 14, 40, 48, 8, 68, 8, 10, 58, 49, 24, 55, 58, 49, 8, 55, 70]","[1, 1, 1, 1, 1, 0, 1, 1, 1, 1, 1, 1, 0, 1, 1, 1, 1, 1, 1, 1, 0, 1, 1, 1, 1, 1, 0, 1, 1, 1, 1, 1, 1, 1, 1]","[0, 0, 0, 0, 0, 1, 0, 0, 0, 0, 0, 0, 1, 0, 0, 0, 0, 0, 0, 0, 1, 0, 0, 0, 0, 0, 1, 0, 0, 0, 0, 0, 0, 0, 0]"
531,L2_arctic_WAV/HJK_arctic_a0115,"[67, 49, 67, 64, 58, 55, 14, 24, 28, 46, 28, 29, 6, 46, 54, 50, 7, 63, 8, 54, 49, 30, 24, 10, 70, 36, 24, 35, 36, 7, 7, 15, 70, 58, 24, 55, 67, 24, 68]","[67, 49, 67, 64, 58, 55, 14, 24, 28, 46, 28, 29, 6, 46, 54, 50, 7, 58, 8, 54, 24, 30, 24, 10, 70, 36, 24, 35, 36, 7, 7, 15, 46, 58, 24, 55, 67, 24, 68]","[1, 1, 1, 1, 1, 1, 1, 1, 1, 1, 1, 1, 1, 1, 1, 1, 1, 0, 1, 1, 0, 1, 1, 1, 1, 1, 1, 1, 1, 1, 1, 1, 0, 1, 1, 1, 1, 1, 1]","[0, 0, 0, 0, 0, 0, 0, 0, 0, 0, 0, 0, 0, 0, 0, 0, 0, 1, 0, 0, 1, 0, 0, 0, 0, 0, 0, 0, 0, 0, 0, 0, 1, 0, 0, 0, 0, 0, 0]"
532,L2_arctic_WAV/HJK_arctic_a0116,"[36, 8, 70, 24, 3, 63, 8, 50, 17, 55, 58, 24, 39, 6, 8, 39, 63, 14, 70, 67, 6, 36, 7, 46, 3, 50, 56, 39, 24, 10, 3, 8, 36, 7, 28, 67, 24, 70, 50, 6, 8, 55]","[36, 8, 70, 24, 3, 63, 8, 50, 17, 55, 58, 24, 39, 6, 8, 39, 58, 14, 46, 67, 6, 36, 7, 46, 3, 50, 56, 39, 24, 10, 3, 8, 36, 7, 28, 67, 24, 70, 50, 6, 49, 55]","[1, 1, 1, 1, 1, 1, 1, 1, 1, 1, 1, 1, 1, 1, 1, 1, 0, 1, 0, 1, 1, 1, 1, 1, 1, 1, 1, 1, 1, 1, 1, 1, 1, 1, 1, 1, 1, 1, 1, 1, 0, 1]","[0, 0, 0, 0, 0, 0, 0, 0, 0, 0, 0, 0, 0, 0, 0, 0, 1, 0, 1, 0, 0, 0, 0, 0, 0, 0, 0, 0, 0, 0, 0, 0, 0, 0, 0, 0, 0, 0, 0, 0, 1, 0]"
533,L2_arctic_WAV/HJK_arctic_a0117,"[9, 49, 64, 58, 24, 58, 36, 24, 63, 69, 52, 55, 29, 8, 36, 8, 55, 46, 24, 68, 48, 8, 22, 49, 24, 55, 67, 7, 54, 60, 46, 64, 55, 58, 39, 57, 46]","[9, 49, 64, 58, 24, 58, 36, 24, 58, 69, 64, 55, 29, 8, 36, 8, 55, 46, 24, 68, 48, 8, 22, 49, 24, 55, 67, 7, 54, 60, 46, 64, 55, 58, 37, 57, 46]","[1, 1, 1, 1, 1, 1, 1, 1, 0, 1, 0, 1, 1, 1, 1, 1, 1, 1, 1, 1, 1, 1, 1, 1, 1, 1, 1, 1, 1, 1, 1, 1, 1, 1, 0, 1, 1]","[0, 0, 0, 0, 0, 0, 0, 0, 1, 0, 1, 0, 0, 0, 0, 0, 0, 0, 0, 0, 0, 0, 0, 0, 0, 0, 0, 0, 0, 0, 0, 0, 0, 0, 1, 0, 0]"
534,L2_arctic_WAV/HJK_arctic_a0120,"[68, 56, 50, 56, 3, 54, 31, 3, 54, 49, 30, 70, 30, 56, 28, 63, 64, 3, 8, 39, 8, 35, 56, 55, 49, 70, 58, 52, 37, 29, 8, 3, 17, 55, 3]","[68, 56, 50, 56, 3, 54, 31, 3, 54, 49, 30, 46, 30, 56, 28, 58, 64, 3, 8, 39, 8, 35, 56, 55, 49, 70, 58, 52, 37, 29, 8, 3, 17, 55, 3]","[1, 1, 1, 1, 1, 1, 1, 1, 1, 1, 1, 0, 1, 1, 1, 0, 1, 1, 1, 1, 1, 1, 1, 1, 1, 1, 1, 1, 1, 1, 1, 1, 1, 1, 1]","[0, 0, 0, 0, 0, 0, 0, 0, 0, 0, 0, 1, 0, 0, 0, 1, 0, 0, 0, 0, 0, 0, 0, 0, 0, 0, 0, 0, 0, 0, 0, 0, 0, 0, 0]"
535,L2_arctic_WAV/HJK_arctic_a0121,"[63, 60, 60, 3, 58, 24, 55, 7, 64, 3, 63, 8, 54, 24, 22, 64, 55, 58, 50, 52, 46, 3, 24, 58, 54, 50, 7, 3, 6, 15, 7, 70]","[58, 60, 60, 3, 58, 24, 55, 7, 64, 3, 63, 8, 54, 24, 22, 64, 55, 58, 50, 64, 46, 3, 24, 58, 54, 50, 7, 3, 6, 15, 7, 46]","[0, 1, 1, 1, 1, 1, 1, 1, 1, 1, 1, 1, 1, 1, 1, 1, 1, 1, 1, 0, 1, 1, 1, 1, 1, 1, 1, 1, 1, 1, 1, 0]","[1, 0, 0, 0, 0, 0, 0, 0, 0, 0, 0, 0, 0, 0, 0, 0, 0, 0, 0, 1, 0, 0, 0, 0, 0, 0, 0, 0, 0, 0, 0, 1]"
536,L2_arctic_WAV/HJK_arctic_a0122,"[3, 6, 29, 24, 50, 70, 8, 59, 14, 56, 59, 60, 39, 8, 48, 46, 24, 39, 8, 30, 24, 70, 60, 9, 8, 55, 54, 50, 7, 63, 24, 46]","[3, 6, 29, 24, 50, 46, 8, 59, 14, 56, 59, 60, 39, 8, 48, 46, 24, 39, 8, 30, 24, 26, 60, 9, 8, 55, 54, 50, 7, 58, 24, 46]","[1, 1, 1, 1, 1, 0, 1, 1, 1, 1, 1, 1, 1, 1, 1, 1, 1, 1, 1, 1, 1, 0, 1, 1, 1, 1, 1, 1, 1, 0, 1, 1]","[0, 0, 0, 0, 0, 1, 0, 0, 0, 0, 0, 0, 0, 0, 0, 0, 0, 0, 0, 0, 0, 1, 0, 0, 0, 0, 0, 0, 0, 1, 0, 0]"
537,L2_arctic_WAV/HJK_arctic_a0123,"[9, 49, 67, 64, 58, 58, 56, 58, 54, 7, 68, 28, 14, 30, 58, 8, 55, 58, 46, 3, 17, 50, 39, 60, 9, 8, 55]","[9, 49, 67, 64, 58, 58, 56, 58, 54, 7, 68, 28, 14, 30, 58, 8, 55, 58, 46, 3, 7, 50, 39, 60, 9, 8, 55]","[1, 1, 1, 1, 1, 1, 1, 1, 1, 1, 1, 1, 1, 1, 1, 1, 1, 1, 1, 1, 0, 1, 1, 1, 1, 1, 1]","[0, 0, 0, 0, 0, 0, 0, 0, 0, 0, 0, 0, 0, 0, 0, 0, 0, 0, 0, 0, 1, 0, 0, 0, 0, 0, 0]"
538,L2_arctic_WAV/HJK_arctic_a0125,"[67, 49, 36, 8, 70, 58, 24, 3, 7, 68, 8, 55, 58, 55, 15, 3, 6, 68, 60, 55, 3, 60, 55, 8, 68, 40, 50, 46, 7, 3, 8, 55, 67, 14, 30, 58, 8, 48, 17, 55, 67, 24, 68, 46, 52, 30, 54]","[67, 49, 36, 8, 46, 58, 24, 3, 7, 68, 8, 55, 58, 55, 15, 3, 6, 68, 60, 55, 3, 60, 55, 8, 68, 40, 50, 46, 7, 3, 8, 55, 67, 14, 30, 58, 8, 48, 17, 55, 67, 24, 68, 46, 52, 30, 54]","[1, 1, 1, 1, 0, 1, 1, 1, 1, 1, 1, 1, 1, 1, 1, 1, 1, 1, 1, 1, 1, 1, 1, 1, 1, 1, 1, 1, 1, 1, 1, 1, 1, 1, 1, 1, 1, 1, 1, 1, 1, 1, 1, 1, 1, 1, 1]","[0, 0, 0, 0, 1, 0, 0, 0, 0, 0, 0, 0, 0, 0, 0, 0, 0, 0, 0, 0, 0, 0, 0, 0, 0, 0, 0, 0, 0, 0, 0, 0, 0, 0, 0, 0, 0, 0, 0, 0, 0, 0, 0, 0, 0, 0, 0]"
539,L2_arctic_WAV/HJK_arctic_a0126,"[49, 35, 58, 60, 9, 49, 37, 49, 28, 60, 68, 8, 68, 40, 50, 39, 56, 3, 8, 30, 48, 17, 50, 3, 8, 39, 67, 24, 68]","[24, 35, 58, 60, 9, 49, 37, 49, 28, 60, 68, 8, 68, 40, 50, 39, 56, 3, 8, 30, 48, 17, 50, 3, 8, 39, 67, 24, 68]","[0, 1, 1, 1, 1, 1, 1, 1, 1, 1, 1, 1, 1, 1, 1, 1, 1, 1, 1, 1, 1, 1, 1, 1, 1, 1, 1, 1, 1]","[1, 0, 0, 0, 0, 0, 0, 0, 0, 0, 0, 0, 0, 0, 0, 0, 0, 0, 0, 0, 0, 0, 0, 0, 0, 0, 0, 0, 0]"
540,L2_arctic_WAV/HJK_arctic_a0127,"[24, 3, 36, 8, 70, 8, 3, 52, 68, 3, 60, 9, 8, 55, 37, 8, 3, 67, 49, 50, 49, 70, 24, 46, 3, 24, 58, 24, 3]","[24, 3, 36, 8, 46, 8, 3, 52, 68, 3, 60, 9, 8, 55, 37, 8, 3, 67, 49, 50, 49, 69, 24, 46, 3, 24, 58, 24, 3]","[1, 1, 1, 1, 0, 1, 1, 1, 1, 1, 1, 1, 1, 1, 1, 1, 1, 1, 1, 1, 1, 0, 1, 1, 1, 1, 1, 1, 1]","[0, 0, 0, 0, 1, 0, 0, 0, 0, 0, 0, 0, 0, 0, 0, 0, 0, 0, 0, 0, 0, 1, 0, 0, 0, 0, 0, 0, 0]"
541,L2_arctic_WAV/HJK_arctic_a0128,"[63, 24, 46, 36, 8, 55, 67, 14, 48, 36, 8, 70, 58, 24, 46, 3, 50, 57, 58, 64, 70, 28, 36, 24, 28, 30, 49, 64, 70, 24, 3, 36, 8, 70, 37, 40, 50, 55]","[58, 24, 46, 36, 8, 55, 67, 14, 48, 36, 8, 46, 58, 24, 46, 3, 50, 57, 58, 64, 46, 28, 36, 24, 28, 30, 49, 64, 46, 24, 3, 36, 8, 46, 37, 40, 50, 55]","[0, 1, 1, 1, 1, 1, 1, 1, 1, 1, 1, 0, 1, 1, 1, 1, 1, 1, 1, 1, 0, 1, 1, 1, 1, 1, 1, 1, 0, 1, 1, 1, 1, 0, 1, 1, 1, 1]","[1, 0, 0, 0, 0, 0, 0, 0, 0, 0, 0, 1, 0, 0, 0, 0, 0, 0, 0, 0, 1, 0, 0, 0, 0, 0, 0, 0, 1, 0, 0, 0, 0, 1, 0, 0, 0, 0]"
542,L2_arctic_WAV/HJK_arctic_a0129,"[67, 7, 54, 60, 46, 36, 8, 70, 8, 59, 52, 55, 46, 3, 67, 24, 70, 37, 50, 52, 46, 3]","[67, 7, 54, 60, 46, 36, 8, 70, 8, 59, 64, 55, 46, 3, 67, 24, 70, 37, 50, 52, 46, 3]","[1, 1, 1, 1, 1, 1, 1, 1, 1, 1, 0, 1, 1, 1, 1, 1, 1, 1, 1, 1, 1, 1]","[0, 0, 0, 0, 0, 0, 0, 0, 0, 0, 1, 0, 0, 0, 0, 0, 0, 0, 0, 0, 0, 0]"
543,L2_arctic_WAV/HJK_arctic_a0130,"[9, 49, 36, 8, 70, 67, 24, 70, 55, 15, 54, 7, 52, 39, 7]","[9, 49, 36, 8, 46, 67, 24, 46, 55, 15, 54, 7, 52, 39, 7]","[1, 1, 1, 1, 0, 1, 1, 0, 1, 1, 1, 1, 1, 1, 1]","[0, 0, 0, 0, 1, 0, 0, 1, 0, 0, 0, 0, 0, 0, 0]"
544,L2_arctic_WAV/HJK_arctic_a0131,"[48, 50, 17, 39, 8, 58, 8, 55, 46, 67, 64, 58, 58, 24, 30, 24, 39, 7, 58, 67, 24, 68, 22, 50, 6, 63, 8, 68, 60, 30, 46, 3, 50, 8, 68]","[48, 50, 17, 39, 8, 58, 8, 55, 46, 67, 64, 58, 58, 24, 30, 24, 39, 7, 58, 67, 24, 68, 22, 50, 6, 58, 8, 68, 60, 30, 46, 3, 50, 8, 68]","[1, 1, 1, 1, 1, 1, 1, 1, 1, 1, 1, 1, 1, 1, 1, 1, 1, 1, 1, 1, 1, 1, 1, 1, 1, 0, 1, 1, 1, 1, 1, 1, 1, 1, 1]","[0, 0, 0, 0, 0, 0, 0, 0, 0, 0, 0, 0, 0, 0, 0, 0, 0, 0, 0, 0, 0, 0, 0, 0, 0, 1, 0, 0, 0, 0, 0, 0, 0, 0, 0]"
545,L2_arctic_WAV/HJK_arctic_a0134,"[67, 49, 14, 37, 60, 58, 63, 8, 48, 50, 52, 9, 7, 8, 39, 67, 7, 67, 64, 55, 58]","[67, 49, 14, 37, 60, 58, 58, 8, 48, 50, 52, 9, 7, 8, 39, 67, 7, 67, 64, 55, 58]","[1, 1, 1, 1, 1, 1, 0, 1, 1, 1, 1, 1, 1, 1, 1, 1, 1, 1, 1, 1, 1]","[0, 0, 0, 0, 0, 0, 1, 0, 0, 0, 0, 0, 0, 0, 0, 0, 0, 0, 0, 0, 0]"
546,L2_arctic_WAV/HJK_arctic_a0136,"[8, 37, 15, 3, 67, 24, 68, 52, 39, 50, 49, 36, 52, 50, 36, 7, 63, 49, 52, 39, 8, 58, 8, 55, 46, 8, 70, 8, 39, 30, 8, 59, 26, 7, 49, 64, 55, 58, 8, 39, 60, 69]","[8, 37, 40, 3, 67, 24, 68, 52, 39, 50, 49, 36, 52, 50, 36, 7, 58, 49, 52, 39, 8, 58, 8, 55, 46, 8, 46, 8, 39, 30, 8, 59, 26, 7, 49, 64, 55, 58, 8, 39, 60, 9]","[1, 1, 0, 1, 1, 1, 1, 1, 1, 1, 1, 1, 1, 1, 1, 1, 0, 1, 1, 1, 1, 1, 1, 1, 1, 1, 0, 1, 1, 1, 1, 1, 1, 1, 1, 1, 1, 1, 1, 1, 1, 0]","[0, 0, 1, 0, 0, 0, 0, 0, 0, 0, 0, 0, 0, 0, 0, 0, 1, 0, 0, 0, 0, 0, 0, 0, 0, 0, 1, 0, 0, 0, 0, 0, 0, 0, 0, 0, 0, 0, 0, 0, 0, 1]"
547,L2_arctic_WAV/HJK_arctic_a0137,"[63, 52, 55, 67, 49, 46, 3, 52, 48, 3, 37, 64, 28, 36, 24, 63, 8, 30, 14, 28, 50, 56, 8, 39, 48, 30, 52, 26, 7]","[58, 64, 55, 67, 49, 46, 3, 52, 48, 3, 37, 64, 28, 36, 24, 58, 8, 30, 14, 28, 50, 56, 8, 39, 48, 30, 52, 69, 7]","[0, 0, 1, 1, 1, 1, 1, 1, 1, 1, 1, 1, 1, 1, 1, 0, 1, 1, 1, 1, 1, 1, 1, 1, 1, 1, 1, 0, 1]","[1, 1, 0, 0, 0, 0, 0, 0, 0, 0, 0, 0, 0, 0, 0, 1, 0, 0, 0, 0, 0, 0, 0, 0, 0, 0, 0, 1, 0]"
548,L2_arctic_WAV/HJK_arctic_a0139,"[67, 49, 3, 14, 30, 58, 67, 24, 68, 46, 52, 30, 54, 63, 64, 3, 64, 70, 67, 49, 36, 17, 9, 3, 67, 24, 68, 46, 52, 30, 54, 64, 55, 58, 59, 50, 6, 68, 58, 67, 24, 70, 58, 24, 9, 52, 39, 8, 30, 58, 28, 30, 14, 63, 70]","[67, 49, 3, 14, 30, 58, 67, 24, 68, 46, 52, 30, 54, 63, 64, 3, 64, 70, 67, 49, 36, 17, 9, 3, 67, 24, 68, 46, 52, 30, 54, 64, 55, 58, 59, 50, 6, 68, 58, 67, 24, 70, 58, 24, 9, 24, 39, 8, 30, 58, 28, 30, 14, 63, 46]","[1, 1, 1, 1, 1, 1, 1, 1, 1, 1, 1, 1, 1, 1, 1, 1, 1, 1, 1, 1, 1, 1, 1, 1, 1, 1, 1, 1, 1, 1, 1, 1, 1, 1, 1, 1, 1, 1, 1, 1, 1, 1, 1, 1, 1, 0, 1, 1, 1, 1, 1, 1, 1, 1, 0]","[0, 0, 0, 0, 0, 0, 0, 0, 0, 0, 0, 0, 0, 0, 0, 0, 0, 0, 0, 0, 0, 0, 0, 0, 0, 0, 0, 0, 0, 0, 0, 0, 0, 0, 0, 0, 0, 0, 0, 0, 0, 0, 0, 0, 0, 1, 0, 0, 0, 0, 0, 0, 0, 0, 1]"
549,L2_arctic_WAV/HJK_arctic_a0143,"[17, 56, 67, 64, 58, 54, 7, 59, 17, 3, 8, 55, 67, 49, 24, 28, 46, 28, 30, 60, 68, 58]","[17, 56, 67, 64, 58, 54, 7, 59, 17, 3, 8, 55, 67, 49, 24, 28, 46, 28, 30, 60, 68, 58]","[1, 1, 1, 1, 1, 1, 1, 1, 1, 1, 1, 1, 1, 1, 1, 1, 1, 1, 1, 1, 1, 1]","[0, 0, 0, 0, 0, 0, 0, 0, 0, 0, 0, 0, 0, 0, 0, 0, 0, 0, 0, 0, 0, 0]"
550,L2_arctic_WAV/HJK_arctic_a0144,"[37, 8, 3, 63, 52, 50, 36, 8, 70, 46, 8, 68, 22, 24, 10, 49, 39, 24, 55, 68, 40, 50, 46, 3, 17, 50, 3, 8, 30, 24, 10, 63, 64, 55, 63, 24, 46, 50, 49, 70, 52, 68, 37, 30, 8, 55, 46]","[37, 8, 3, 58, 52, 50, 36, 8, 58, 46, 46, 8, 68, 22, 24, 10, 49, 39, 24, 55, 68, 40, 50, 46, 3, 17, 50, 3, 30, 24, 10, 58, 64, 55, 58, 24, 46, 50, 49, 70, 52, 68, 37, 30, 8, 55, 46]","[1, 1, 1, 0, 1, 1, 1, 1, 0, 1, 1, 1, 1, 1, 1, 1, 1, 1, 1, 1, 1, 1, 1, 1, 1, 1, 1, 0, 1, 1, 1, 0, 1, 1, 0, 1, 1, 1, 1, 1, 1, 1, 1, 1, 1, 1, 1]","[0, 0, 0, 1, 0, 0, 0, 0, 1, 0, 0, 0, 0, 0, 0, 0, 0, 0, 0, 0, 0, 0, 0, 0, 0, 0, 0, 1, 0, 0, 0, 1, 0, 0, 1, 0, 0, 0, 0, 0, 0, 0, 0, 0, 0, 0, 0]"
551,L2_arctic_WAV/HJK_arctic_a0145,"[56, 67, 64, 39, 3, 24, 37, 49, 28, 52, 50, 54, 8, 30, 8, 39, 63, 52, 68, 64, 70, 63, 60, 3, 24, 50, 39, 52, 50, 49, 49, 70, 8, 30, 49]","[56, 67, 64, 39, 3, 24, 37, 49, 28, 52, 50, 54, 8, 30, 8, 39, 58, 64, 68, 64, 70, 63, 60, 3, 24, 50, 39, 52, 50, 49, 49, 70, 8, 30, 49]","[1, 1, 1, 1, 1, 1, 1, 1, 1, 1, 1, 1, 1, 1, 1, 1, 0, 0, 1, 1, 1, 1, 1, 1, 1, 1, 1, 1, 1, 1, 1, 1, 1, 1, 1]","[0, 0, 0, 0, 0, 0, 0, 0, 0, 0, 0, 0, 0, 0, 0, 0, 1, 1, 0, 0, 0, 0, 0, 0, 0, 0, 0, 0, 0, 0, 0, 0, 0, 0, 0]"
552,L2_arctic_WAV/HJK_arctic_a0148,"[55, 15, 63, 49, 70, 22, 24, 10, 70, 67, 64, 58, 37, 24, 55, 46, 3, 50, 8, 28, 58, 52, 58, 36, 24, 22, 24, 55, 67, 24, 68]","[55, 15, 58, 49, 46, 22, 49, 10, 46, 67, 64, 58, 37, 24, 55, 46, 3, 50, 8, 28, 58, 64, 58, 36, 24, 22, 24, 55, 67, 24, 68]","[1, 1, 0, 1, 0, 1, 0, 1, 0, 1, 1, 1, 1, 1, 1, 1, 1, 1, 1, 1, 1, 0, 1, 1, 1, 1, 1, 1, 1, 1, 1]","[0, 0, 1, 0, 1, 0, 1, 0, 1, 0, 0, 0, 0, 0, 0, 0, 0, 0, 0, 0, 0, 1, 0, 0, 0, 0, 0, 0, 0, 0, 0]"
553,L2_arctic_WAV/HJK_arctic_a0168,"[30, 14, 37, 31, 9, 67, 36, 24, 48, 3, 67, 24, 68, 24, 55, 63, 8, 54, 60, 46, 64, 55, 58, 30, 52, 54, 3, 55, 14, 46, 3, 24, 10]","[30, 14, 37, 31, 9, 67, 36, 24, 48, 3, 67, 24, 68, 24, 55, 63, 8, 54, 60, 46, 64, 55, 58, 30, 52, 54, 3, 55, 14, 46, 3, 24, 10]","[1, 1, 1, 1, 1, 1, 1, 1, 1, 1, 1, 1, 1, 1, 1, 1, 1, 1, 1, 1, 1, 1, 1, 1, 1, 1, 1, 1, 1, 1, 1, 1, 1]","[0, 0, 0, 0, 0, 0, 0, 0, 0, 0, 0, 0, 0, 0, 0, 0, 0, 0, 0, 0, 0, 0, 0, 0, 0, 0, 0, 0, 0, 0, 0, 0, 0]"
554,L2_arctic_WAV/HJK_arctic_a0178,"[52, 39, 50, 49, 37, 14, 55, 24, 55, 67, 7, 60, 69, 58, 37, 17, 58, 49, 46, 49, 68, 58, 37, 50, 14, 28, 8, 55, 40, 50, 58, 24, 46, 30, 14, 28, 60, 3, 24, 58]","[52, 39, 50, 49, 37, 14, 55, 24, 55, 67, 7, 60, 69, 58, 37, 17, 58, 49, 46, 49, 68, 58, 37, 50, 6, 28, 8, 55, 40, 50, 58, 24, 46, 30, 14, 28, 60, 3, 24, 58]","[1, 1, 1, 1, 1, 1, 1, 1, 1, 1, 1, 1, 1, 1, 1, 1, 1, 1, 1, 1, 1, 1, 1, 1, 0, 1, 1, 1, 1, 1, 1, 1, 1, 1, 1, 1, 1, 1, 1, 1]","[0, 0, 0, 0, 0, 0, 0, 0, 0, 0, 0, 0, 0, 0, 0, 0, 0, 0, 0, 0, 0, 0, 0, 0, 1, 0, 0, 0, 0, 0, 0, 0, 0, 0, 0, 0, 0, 0, 0, 0]"
555,L2_arctic_WAV/HJK_arctic_a0209,"[24, 3, 36, 8, 70, 55, 17, 3, 8, 30, 17, 50, 69, 30, 60, 28, 64, 55, 58, 40, 30, 68, 14, 46, 3, 50, 15, 55, 58]","[24, 3, 36, 8, 70, 55, 17, 3, 8, 30, 17, 50, 9, 30, 60, 28, 64, 55, 58, 40, 30, 68, 14, 46, 3, 50, 8, 55, 58]","[1, 1, 1, 1, 1, 1, 1, 1, 1, 1, 1, 1, 0, 1, 1, 1, 1, 1, 1, 1, 1, 1, 1, 1, 1, 1, 0, 1, 1]","[0, 0, 0, 0, 0, 0, 0, 0, 0, 0, 0, 0, 1, 0, 0, 0, 0, 0, 0, 0, 0, 0, 0, 0, 0, 0, 1, 0, 0]"
556,L2_arctic_WAV/HJK_arctic_a0233,"[56, 55, 52, 39, 7, 8, 30, 15, 36, 8, 3, 28, 64, 55, 3, 37, 49, 35, 60, 55, 69, 58, 3, 6, 8, 55, 57, 68, 49]","[56, 55, 52, 39, 7, 8, 30, 15, 36, 8, 3, 28, 64, 55, 3, 37, 49, 35, 60, 55, 69, 58, 3, 6, 8, 55, 57, 68, 49]","[1, 1, 1, 1, 1, 1, 1, 1, 1, 1, 1, 1, 1, 1, 1, 1, 1, 1, 1, 1, 1, 1, 1, 1, 1, 1, 1, 1, 1]","[0, 0, 0, 0, 0, 0, 0, 0, 0, 0, 0, 0, 0, 0, 0, 0, 0, 0, 0, 0, 0, 0, 0, 0, 0, 0, 0, 0, 0]"
557,L2_arctic_WAV/HJK_arctic_a0258,"[46, 14, 28, 3, 24, 55, 46, 49, 36, 17, 3, 7, 63, 60, 40, 54, 46, 52, 3, 63, 49, 67, 49, 3, 50, 60, 70]","[46, 14, 28, 3, 24, 55, 46, 49, 36, 17, 3, 7, 63, 60, 40, 54, 46, 52, 3, 58, 49, 67, 49, 3, 50, 60, 46]","[1, 1, 1, 1, 1, 1, 1, 1, 1, 1, 1, 1, 1, 1, 1, 1, 1, 1, 1, 0, 1, 1, 1, 1, 1, 1, 0]","[0, 0, 0, 0, 0, 0, 0, 0, 0, 0, 0, 0, 0, 0, 0, 0, 0, 0, 0, 1, 0, 0, 0, 0, 0, 0, 1]"
558,L2_arctic_WAV/HJK_arctic_a0260,"[55, 14, 37, 17, 58, 49, 55, 29, 6, 67, 24, 70, 67, 24, 46, 3, 7, 49, 63, 60, 8, 39, 63, 8, 67, 31, 55, 3, 8, 30, 49, 46, 3, 8, 39, 40, 30]","[55, 14, 37, 17, 58, 49, 55, 29, 6, 67, 49, 46, 67, 49, 46, 3, 7, 49, 58, 60, 8, 39, 63, 8, 67, 31, 55, 3, 8, 30, 52, 46, 3, 8, 39, 40, 30]","[1, 1, 1, 1, 1, 1, 1, 1, 1, 1, 0, 0, 1, 0, 1, 1, 1, 1, 0, 1, 1, 1, 1, 1, 1, 1, 1, 1, 1, 1, 0, 1, 1, 1, 1, 1, 1]","[0, 0, 0, 0, 0, 0, 0, 0, 0, 0, 1, 1, 0, 1, 0, 0, 0, 0, 1, 0, 0, 0, 0, 0, 0, 0, 0, 0, 0, 0, 1, 0, 0, 0, 0, 0, 0]"
559,L2_arctic_WAV/HJK_arctic_a0271,"[55, 15, 48, 30, 49, 70, 59, 24, 39, 8, 48, 30, 60, 55, 46, 3, 60, 3, 68, 8, 55, 3, 8, 39, 36, 8, 3, 8, 28, 7, 58]","[55, 15, 48, 30, 49, 46, 59, 49, 39, 8, 48, 30, 60, 55, 46, 3, 60, 3, 68, 52, 55, 3, 8, 39, 36, 8, 3, 8, 28, 7, 58]","[1, 1, 1, 1, 1, 0, 1, 0, 1, 1, 1, 1, 1, 1, 1, 1, 1, 1, 1, 0, 1, 1, 1, 1, 1, 1, 1, 1, 1, 1, 1]","[0, 0, 0, 0, 0, 1, 0, 1, 0, 0, 0, 0, 0, 0, 0, 0, 0, 0, 0, 1, 0, 0, 0, 0, 0, 0, 0, 0, 0, 0, 0]"
560,L2_arctic_WAV/HJK_arctic_a0272,"[29, 6, 28, 64, 55, 3, 60, 28, 8, 39, 60, 28, 60, 9, 8, 55, 17, 55, 48, 60]","[29, 6, 28, 64, 55, 3, 60, 28, 8, 39, 60, 28, 60, 9, 8, 55, 17, 55, 48, 60]","[1, 1, 1, 1, 1, 1, 1, 1, 1, 1, 1, 1, 1, 1, 1, 1, 1, 1, 1, 1]","[0, 0, 0, 0, 0, 0, 0, 0, 0, 0, 0, 0, 0, 0, 0, 0, 0, 0, 0, 0]"
561,L2_arctic_WAV/HJK_arctic_a0303,"[37, 8, 3, 63, 60, 68, 60, 28, 63, 8, 68, 24, 46, 3, 60, 28, 8, 39, 24, 59, 55, 40, 50, 24, 10, 63, 52, 50, 14, 55, 58, 6, 64, 30, 8, 3, 49]","[37, 8, 3, 58, 60, 68, 60, 28, 58, 8, 68, 24, 46, 3, 60, 28, 8, 39, 24, 59, 55, 40, 50, 24, 10, 58, 52, 50, 14, 55, 58, 6, 64, 30, 8, 3, 49]","[1, 1, 1, 0, 1, 1, 1, 1, 0, 1, 1, 1, 1, 1, 1, 1, 1, 1, 1, 1, 1, 1, 1, 1, 1, 0, 1, 1, 1, 1, 1, 1, 1, 1, 1, 1, 1]","[0, 0, 0, 1, 0, 0, 0, 0, 1, 0, 0, 0, 0, 0, 0, 0, 0, 0, 0, 0, 0, 0, 0, 0, 0, 1, 0, 0, 0, 0, 0, 0, 0, 0, 0, 0, 0]"
562,L2_arctic_WAV/HJK_arctic_a0345,"[9, 49, 36, 8, 70, 3, 50, 56, 24, 10, 3, 8, 48, 64, 46, 63, 49, 60, 48, 50, 8, 55, 46, 3, 50, 24, 10, 7, 15, 55, 58, 67, 24, 68]","[9, 49, 36, 8, 46, 3, 50, 56, 24, 10, 3, 8, 48, 64, 46, 63, 49, 60, 48, 50, 8, 55, 46, 3, 50, 24, 10, 7, 15, 55, 58, 67, 24, 68]","[1, 1, 1, 1, 0, 1, 1, 1, 1, 1, 1, 1, 1, 1, 1, 1, 1, 1, 1, 1, 1, 1, 1, 1, 1, 1, 1, 1, 1, 1, 1, 1, 1, 1]","[0, 0, 0, 0, 1, 0, 0, 0, 0, 0, 0, 0, 0, 0, 0, 0, 0, 0, 0, 0, 0, 0, 0, 0, 0, 0, 0, 0, 0, 0, 0, 0, 0, 0]"
563,L2_arctic_WAV/HJK_arctic_a0364,"[36, 49, 67, 64, 39, 48, 30, 52, 55, 49, 8, 39, 28, 64, 48, 24, 3, 8, 30, 17, 50, 46, 52, 30, 39, 70, 64, 55, 58, 29, 52, 3, 36, 49, 36, 17, 55, 3, 68, 40, 50]","[36, 49, 67, 64, 37, 48, 30, 52, 55, 49, 8, 39, 28, 64, 48, 24, 3, 8, 30, 17, 50, 46, 52, 30, 39, 70, 64, 55, 58, 29, 64, 3, 36, 49, 36, 17, 55, 3, 68, 40, 50]","[1, 1, 1, 1, 0, 1, 1, 1, 1, 1, 1, 1, 1, 1, 1, 1, 1, 1, 1, 1, 1, 1, 1, 1, 1, 1, 1, 1, 1, 1, 0, 1, 1, 1, 1, 1, 1, 1, 1, 1, 1]","[0, 0, 0, 0, 1, 0, 0, 0, 0, 0, 0, 0, 0, 0, 0, 0, 0, 0, 0, 0, 0, 0, 0, 0, 0, 0, 0, 0, 0, 0, 1, 0, 0, 0, 0, 0, 0, 0, 0, 0, 0]"
564,L2_arctic_WAV/HJK_arctic_a0365,"[63, 49, 70, 50, 6, 68, 7, 70, 68, 60, 49, 39, 24, 55, 7, 24, 69, 8, 55, 60, 3, 36, 24, 63, 8, 46]","[58, 49, 46, 50, 6, 68, 7, 46, 68, 60, 49, 39, 24, 55, 7, 24, 69, 8, 55, 60, 3, 36, 24, 63, 8, 46]","[0, 1, 0, 1, 1, 1, 1, 0, 1, 1, 1, 1, 1, 1, 1, 1, 1, 1, 1, 1, 1, 1, 1, 1, 1, 1]","[1, 0, 1, 0, 0, 0, 0, 1, 0, 0, 0, 0, 0, 0, 0, 0, 0, 0, 0, 0, 0, 0, 0, 0, 0, 0]"
565,L2_arctic_WAV/HJK_arctic_a0369,"[24, 55, 48, 17, 50, 3, 55, 7, 9, 24, 48, 36, 24, 22, 58, 60, 30, 56, 3, 63, 8, 48, 52, 50, 50, 60, 58, 24, 58, 63, 8, 46, 64, 55, 67, 14, 70, 60, 24, 55, 3, 7, 7, 37, 8, 55]","[24, 55, 48, 17, 50, 3, 55, 7, 9, 24, 48, 36, 24, 22, 58, 60, 30, 56, 3, 63, 8, 48, 52, 50, 50, 60, 58, 24, 58, 58, 8, 46, 64, 55, 69, 14, 46, 24, 55, 3, 7, 7, 37, 8, 55]","[1, 1, 1, 1, 1, 1, 1, 1, 1, 1, 1, 1, 1, 1, 1, 1, 1, 1, 1, 1, 1, 1, 1, 1, 1, 1, 1, 1, 1, 0, 1, 1, 1, 1, 0, 1, 0, 0, 1, 1, 1, 1, 1, 1, 1, 1]","[0, 0, 0, 0, 0, 0, 0, 0, 0, 0, 0, 0, 0, 0, 0, 0, 0, 0, 0, 0, 0, 0, 0, 0, 0, 0, 0, 0, 0, 1, 0, 0, 0, 0, 1, 0, 1, 1, 0, 0, 0, 0, 0, 0, 0, 0]"
566,L2_arctic_WAV/HJK_arctic_a0375,"[63, 8, 37, 31, 35, 7, 70, 64, 55, 58, 68, 49, 3, 28, 8, 3, 7, 70, 50, 24, 54, 29, 6, 70, 58, 3, 24, 67, 64, 55, 58, 8, 30, 68, 49, 3, 58, 52, 46, 3, 24, 55, 58, 54, 50, 7, 8, 55, 54, 52, 50, 50, 52, 46, 3, 7, 17, 55, 3, 46]","[58, 8, 37, 31, 35, 7, 46, 64, 55, 58, 68, 24, 3, 28, 40, 3, 7, 46, 50, 24, 54, 29, 6, 46, 58, 3, 24, 67, 64, 55, 58, 8, 30, 68, 49, 3, 58, 52, 46, 3, 49, 55, 58, 54, 50, 7, 8, 55, 54, 52, 50, 50, 52, 46, 3, 7, 17, 55, 3, 46]","[0, 1, 1, 1, 1, 1, 0, 1, 1, 1, 1, 0, 1, 1, 0, 1, 1, 0, 1, 1, 1, 1, 1, 0, 1, 1, 1, 1, 1, 1, 1, 1, 1, 1, 1, 1, 1, 1, 1, 1, 0, 1, 1, 1, 1, 1, 1, 1, 1, 1, 1, 1, 1, 1, 1, 1, 1, 1, 1, 1]","[1, 0, 0, 0, 0, 0, 1, 0, 0, 0, 0, 1, 0, 0, 1, 0, 0, 1, 0, 0, 0, 0, 0, 1, 0, 0, 0, 0, 0, 0, 0, 0, 0, 0, 0, 0, 0, 0, 0, 0, 1, 0, 0, 0, 0, 0, 0, 0, 0, 0, 0, 0, 0, 0, 0, 0, 0, 0, 0, 0]"
567,L2_arctic_WAV/HJK_arctic_a0378,"[63, 64, 3, 46, 36, 56, 24, 3, 46, 37, 15, 55, 58, 7, 49, 70, 17, 50, 40, 30, 59, 15, 69, 58, 64, 55, 58, 69, 64, 59, 58]","[58, 64, 3, 46, 36, 56, 24, 3, 46, 37, 15, 55, 58, 7, 49, 46, 17, 50, 40, 30, 59, 15, 9, 58, 64, 55, 58, 69, 64, 59, 58]","[0, 1, 1, 1, 1, 1, 1, 1, 1, 1, 1, 1, 1, 1, 1, 0, 1, 1, 1, 1, 1, 1, 0, 1, 1, 1, 1, 1, 1, 1, 1]","[1, 0, 0, 0, 0, 0, 0, 0, 0, 0, 0, 0, 0, 0, 0, 1, 0, 0, 0, 0, 0, 0, 1, 0, 0, 0, 0, 0, 0, 0, 0]"
568,L2_arctic_WAV/HJK_arctic_a0379,"[67, 15, 14, 30, 58, 7, 29, 6, 58, 64, 58, 49]","[67, 15, 14, 30, 58, 7, 29, 6, 58, 64, 58, 49]","[1, 1, 1, 1, 1, 1, 1, 1, 1, 1, 1, 1]","[0, 0, 0, 0, 0, 0, 0, 0, 0, 0, 0, 0]"
569,L2_arctic_WAV/HJK_arctic_a0384,"[63, 8, 54, 17, 50, 68, 7, 36, 7, 28, 46, 63, 8, 46, 57, 30, 64, 55, 58, 48, 50, 8, 58, 6, 46, 24, 70, 59, 50, 60, 55]","[58, 8, 54, 17, 50, 68, 7, 36, 7, 28, 46, 63, 8, 46, 57, 30, 64, 55, 58, 48, 50, 8, 58, 6, 46, 24, 46, 59, 50, 60, 55]","[0, 1, 1, 1, 1, 1, 1, 1, 1, 1, 1, 1, 1, 1, 1, 1, 1, 1, 1, 1, 1, 1, 1, 1, 1, 1, 0, 1, 1, 1, 1]","[1, 0, 0, 0, 0, 0, 0, 0, 0, 0, 0, 0, 0, 0, 0, 0, 0, 0, 0, 0, 0, 0, 0, 0, 0, 0, 1, 0, 0, 0, 0]"
570,L2_arctic_WAV/HJK_arctic_a0416,"[63, 49, 64, 58, 24, 58, 36, 60, 3, 67, 64, 58, 8, 39, 8, 30, 17, 46, 8, 3, 49, 8, 39, 54, 24, 54, 3, 49, 55, 68, 56, 30, 70, 48, 7, 15, 7]","[58, 49, 64, 58, 24, 58, 36, 60, 3, 67, 64, 58, 8, 39, 8, 30, 14, 46, 8, 3, 49, 8, 39, 54, 24, 54, 3, 49, 55, 68, 56, 30, 46, 48, 7, 15, 7]","[0, 1, 1, 1, 1, 1, 1, 1, 1, 1, 1, 1, 1, 1, 1, 1, 0, 1, 1, 1, 1, 1, 1, 1, 1, 1, 1, 1, 1, 1, 1, 1, 0, 1, 1, 1, 1]","[1, 0, 0, 0, 0, 0, 0, 0, 0, 0, 0, 0, 0, 0, 0, 0, 1, 0, 0, 0, 0, 0, 0, 0, 0, 0, 0, 0, 0, 0, 0, 0, 1, 0, 0, 0, 0]"
571,L2_arctic_WAV/HJK_arctic_a0442,"[29, 6, 30, 24, 39, 17, 55, 8, 55, 24, 55, 28, 8, 68, 36, 24, 35, 29, 31, 50, 54, 17, 63, 7, 7, 50, 55, 58]","[29, 6, 30, 49, 39, 17, 55, 8, 55, 49, 55, 28, 8, 68, 36, 24, 35, 29, 31, 50, 54, 17, 63, 7, 40, 50, 55, 58]","[1, 1, 1, 0, 1, 1, 1, 1, 1, 0, 1, 1, 1, 1, 1, 1, 1, 1, 1, 1, 1, 1, 1, 1, 0, 1, 1, 1]","[0, 0, 0, 1, 0, 0, 0, 0, 0, 1, 0, 0, 0, 0, 0, 0, 0, 0, 0, 0, 0, 0, 0, 0, 1, 0, 0, 0]"
572,L2_arctic_WAV/HJK_arctic_a0475,"[67, 24, 70, 15, 3, 46, 3, 50, 52, 35, 3, 17, 50, 68, 58, 50, 17, 48, 3, 3, 6, 67, 24, 70, 46, 56, 58, 64, 55, 58, 67, 49, 48, 40, 70, 58]","[67, 49, 46, 15, 3, 46, 3, 50, 52, 35, 3, 17, 50, 68, 58, 50, 17, 48, 3, 3, 6, 67, 24, 3, 46, 46, 56, 58, 64, 55, 58, 67, 49, 48, 40, 46, 58]","[1, 0, 0, 1, 1, 1, 1, 1, 1, 1, 1, 1, 1, 1, 1, 1, 1, 1, 1, 1, 1, 1, 1, 0, 1, 1, 1, 1, 1, 1, 1, 1, 1, 1, 0, 1]","[0, 1, 1, 0, 0, 0, 0, 0, 0, 0, 0, 0, 0, 0, 0, 0, 0, 0, 0, 0, 0, 0, 0, 1, 0, 0, 0, 0, 0, 0, 0, 0, 0, 0, 1, 0]"
573,L2_arctic_WAV/HJK_arctic_a0495,"[67, 49, 37, 40, 50, 55, 14, 59, 50, 8, 69, 24, 70, 64, 55, 58, 67, 64, 58, 54, 29, 6, 52, 55, 8, 68, 49, 70]","[67, 49, 37, 40, 50, 55, 14, 59, 50, 8, 35, 24, 46, 64, 55, 58, 67, 64, 58, 54, 29, 6, 52, 55, 8, 68, 52, 46]","[1, 1, 1, 1, 1, 1, 1, 1, 1, 1, 0, 1, 0, 1, 1, 1, 1, 1, 1, 1, 1, 1, 1, 1, 1, 1, 0, 0]","[0, 0, 0, 0, 0, 0, 0, 0, 0, 0, 1, 0, 1, 0, 0, 0, 0, 0, 0, 0, 0, 0, 0, 0, 0, 0, 1, 1]"
574,L2_arctic_WAV/HJK_arctic_a0542,"[36, 24, 63, 15, 3, 8, 58, 15, 3, 46, 8, 68, 8, 39, 63, 52, 68, 67, 64, 39, 58, 24, 55, 7, 52, 55, 59, 60, 69, 68, 8, 55, 3, 46]","[36, 24, 63, 15, 3, 8, 58, 15, 3, 46, 8, 68, 8, 39, 58, 52, 68, 67, 64, 37, 58, 24, 55, 7, 52, 55, 59, 60, 9, 68, 8, 55, 3, 46]","[1, 1, 1, 1, 1, 1, 1, 1, 1, 1, 1, 1, 1, 1, 0, 1, 1, 1, 1, 0, 1, 1, 1, 1, 1, 1, 1, 1, 0, 1, 1, 1, 1, 1]","[0, 0, 0, 0, 0, 0, 0, 0, 0, 0, 0, 0, 0, 0, 1, 0, 0, 0, 0, 1, 0, 0, 0, 0, 0, 0, 0, 0, 1, 0, 0, 0, 0, 0]"
575,L2_arctic_WAV/HJK_arctic_b0019,"[67, 24, 70, 46, 30, 24, 68, 67, 64, 55, 58, 70, 59, 50, 24, 48, 3, 63, 49, 52, 69, 24, 70, 8, 39, 63, 8, 3, 60, 37, 8, 30]","[67, 49, 58, 46, 46, 30, 24, 68, 67, 64, 55, 58, 46, 59, 50, 24, 48, 3, 63, 49, 64, 69, 24, 46, 8, 39, 63, 8, 3, 60, 37, 8, 30]","[1, 0, 0, 1, 1, 1, 1, 1, 1, 1, 1, 0, 1, 1, 1, 1, 1, 1, 1, 0, 1, 1, 0, 1, 1, 1, 1, 1, 1, 1, 1, 1]","[0, 1, 1, 0, 0, 0, 0, 0, 0, 0, 0, 1, 0, 0, 0, 0, 0, 0, 0, 1, 0, 0, 1, 0, 0, 0, 0, 0, 0, 0, 0, 0]"
576,L2_arctic_WAV/HJK_arctic_b0022,"[24, 54, 56, 36, 8, 70, 15, 3, 8, 39, 63, 49, 59, 60, 68, 24, 3, 36, 31, 58, 37, 49, 49, 70, 8, 30, 49, 68, 60, 58]","[24, 54, 56, 36, 8, 70, 15, 3, 8, 39, 63, 49, 59, 60, 68, 24, 3, 36, 31, 58, 37, 49, 49, 70, 8, 30, 49, 68, 60, 58]","[1, 1, 1, 1, 1, 1, 1, 1, 1, 1, 1, 1, 1, 1, 1, 1, 1, 1, 1, 1, 1, 1, 1, 1, 1, 1, 1, 1, 1, 1]","[0, 0, 0, 0, 0, 0, 0, 0, 0, 0, 0, 0, 0, 0, 0, 0, 0, 0, 0, 0, 0, 0, 0, 0, 0, 0, 0, 0, 0, 0]"
577,L2_arctic_WAV/HJK_arctic_b0047,"[46, 8, 48, 14, 70, 29, 6, 46, 40, 68, 49, 64, 3, 36, 7, 28, 22, 50, 6, 63, 8, 36, 24, 55, 58, 14]","[46, 8, 48, 14, 70, 29, 6, 46, 40, 68, 49, 64, 3, 36, 7, 28, 22, 50, 6, 63, 8, 36, 24, 55, 58, 14]","[1, 1, 1, 1, 1, 1, 1, 1, 1, 1, 1, 1, 1, 1, 1, 1, 1, 1, 1, 1, 1, 1, 1, 1, 1, 1]","[0, 0, 0, 0, 0, 0, 0, 0, 0, 0, 0, 0, 0, 0, 0, 0, 0, 0, 0, 0, 0, 0, 0, 0, 0, 0]"
578,L2_arctic_WAV/HJK_arctic_b0068,"[14, 55, 30, 49, 63, 8, 35, 64, 55, 46, 46, 15, 55, 58, 67, 64, 58, 30, 52, 58, 67, 24, 68, 3, 6, 8, 37, 70, 7, 39, 63, 52, 68]","[14, 55, 30, 49, 58, 8, 35, 64, 55, 46, 46, 15, 55, 58, 67, 64, 58, 30, 64, 58, 67, 24, 68, 3, 6, 8, 37, 69, 7, 39, 58, 64, 68]","[1, 1, 1, 1, 0, 1, 1, 1, 1, 1, 1, 1, 1, 1, 1, 1, 1, 1, 0, 1, 1, 1, 1, 1, 1, 1, 1, 0, 1, 1, 0, 0, 1]","[0, 0, 0, 0, 1, 0, 0, 0, 0, 0, 0, 0, 0, 0, 0, 0, 0, 0, 1, 0, 0, 0, 0, 0, 0, 0, 0, 1, 0, 0, 1, 1, 0]"
579,L2_arctic_WAV/HJK_arctic_b0106,"[54, 50, 7, 8, 54, 31, 30, 68, 24, 55, 8, 3, 63, 8, 3, 6, 68, 52, 55, 46, 3, 52, 50, 58, 24, 55, 3, 6, 49, 35, 8, 63, 7, 70, 54, 60, 46]","[54, 50, 7, 8, 54, 31, 30, 68, 24, 55, 8, 3, 63, 8, 3, 6, 68, 52, 55, 46, 3, 52, 50, 58, 24, 55, 3, 6, 49, 35, 8, 63, 7, 70, 54, 60, 46]","[1, 1, 1, 1, 1, 1, 1, 1, 1, 1, 1, 1, 1, 1, 1, 1, 1, 1, 1, 1, 1, 1, 1, 1, 1, 1, 1, 1, 1, 1, 1, 1, 1, 1, 1, 1, 1]","[0, 0, 0, 0, 0, 0, 0, 0, 0, 0, 0, 0, 0, 0, 0, 0, 0, 0, 0, 0, 0, 0, 0, 0, 0, 0, 0, 0, 0, 0, 0, 0, 0, 0, 0, 0, 0]"
580,L2_arctic_WAV/HJK_arctic_b0143,"[24, 3, 3, 31, 28, 67, 24, 68, 67, 64, 54, 8, 55, 15, 7, 3, 6, 50, 49, 35, 63, 49, 52, 69, 8, 39, 24, 3]","[24, 3, 3, 31, 28, 67, 24, 68, 67, 64, 54, 8, 55, 15, 7, 3, 6, 50, 24, 35, 63, 49, 64, 69, 8, 39, 24, 3]","[1, 1, 1, 1, 1, 1, 1, 1, 1, 1, 1, 1, 1, 1, 1, 1, 1, 1, 0, 1, 1, 1, 0, 1, 1, 1, 1, 1]","[0, 0, 0, 0, 0, 0, 0, 0, 0, 0, 0, 0, 0, 0, 0, 0, 0, 0, 1, 0, 0, 0, 1, 0, 0, 0, 0, 0]"
581,L2_arctic_WAV/HJK_arctic_b0192,"[15, 3, 46, 56, 58, 7, 70, 17, 50, 8, 30, 15, 58, 54, 56, 39, 68, 24, 55, 8, 3, 46, 48, 49, 35, 24, 70, 63, 8, 46, 24, 28, 68, 64, 55, 7, 50, 69, 58]","[15, 3, 46, 56, 58, 7, 46, 17, 50, 8, 30, 15, 58, 54, 56, 39, 68, 24, 55, 8, 3, 46, 48, 49, 35, 24, 46, 63, 8, 46, 24, 28, 68, 64, 55, 40, 50, 69, 58]","[1, 1, 1, 1, 1, 1, 0, 1, 1, 1, 1, 1, 1, 1, 1, 1, 1, 1, 1, 1, 1, 1, 1, 1, 1, 1, 0, 1, 1, 1, 1, 1, 1, 1, 1, 0, 1, 1, 1]","[0, 0, 0, 0, 0, 0, 1, 0, 0, 0, 0, 0, 0, 0, 0, 0, 0, 0, 0, 0, 0, 0, 0, 0, 0, 0, 1, 0, 0, 0, 0, 0, 0, 0, 0, 1, 0, 0, 0]"
582,L2_arctic_WAV/HJK_arctic_b0197,"[63, 8, 48, 30, 64, 55, 3, 7, 70, 17, 50, 40, 30, 50, 52, 58, 49, 28, 8, 55, 46, 24, 58, 7, 24, 10, 63, 8, 68, 64, 3, 7]","[58, 8, 48, 30, 64, 55, 3, 7, 46, 17, 50, 40, 30, 50, 52, 58, 49, 28, 8, 55, 46, 24, 58, 7, 24, 10, 58, 8, 68, 64, 3, 7]","[0, 1, 1, 1, 1, 1, 1, 1, 0, 1, 1, 1, 1, 1, 1, 1, 1, 1, 1, 1, 1, 1, 1, 1, 1, 1, 0, 1, 1, 1, 1, 1]","[1, 0, 0, 0, 0, 0, 0, 0, 1, 0, 0, 0, 0, 0, 0, 0, 0, 0, 0, 0, 0, 0, 0, 0, 0, 0, 1, 0, 0, 0, 0, 0]"
583,L2_arctic_WAV/HJK_arctic_b0201,"[56, 40, 30, 46, 14, 8, 55, 58, 7, 46, 3, 64, 55, 58, 63, 64, 3, 46, 24, 68, 8, 30, 7, 37, 50, 64, 55, 35, 40, 50, 59, 8, 55, 8, 70, 60, 9, 8, 55, 70, 67, 64, 39, 68, 60, 58, 63, 52, 50, 8, 48, 24, 50, 8, 55, 46, 24, 55, 29, 31, 50, 8, 48]","[56, 40, 30, 46, 14, 8, 55, 58, 7, 46, 3, 64, 55, 58, 63, 64, 3, 46, 24, 68, 8, 30, 7, 37, 50, 64, 55, 35, 40, 50, 59, 8, 55, 8, 70, 60, 9, 8, 55, 70, 67, 64, 39, 68, 60, 58, 63, 52, 50, 8, 48, 24, 50, 8, 55, 46, 24, 55, 29, 31, 50, 40, 48]","[1, 1, 1, 1, 1, 1, 1, 1, 1, 1, 1, 1, 1, 1, 1, 1, 1, 1, 1, 1, 1, 1, 1, 1, 1, 1, 1, 1, 1, 1, 1, 1, 1, 1, 1, 1, 1, 1, 1, 1, 1, 1, 1, 1, 1, 1, 1, 1, 1, 1, 1, 1, 1, 1, 1, 1, 1, 1, 1, 1, 1, 0, 1]","[0, 0, 0, 0, 0, 0, 0, 0, 0, 0, 0, 0, 0, 0, 0, 0, 0, 0, 0, 0, 0, 0, 0, 0, 0, 0, 0, 0, 0, 0, 0, 0, 0, 0, 0, 0, 0, 0, 0, 0, 0, 0, 0, 0, 0, 0, 0, 0, 0, 0, 0, 0, 0, 0, 0, 0, 0, 0, 0, 0, 0, 1, 0]"
584,L2_arctic_WAV/HJK_arctic_b0215,"[24, 3, 24, 70, 8, 59, 31, 58, 48, 50, 17, 48, 7, 3, 49, 64, 55, 58, 36, 7, 22, 68, 40, 50, 63, 8, 55, 63, 64, 3]","[24, 3, 24, 46, 8, 59, 31, 58, 48, 50, 17, 48, 7, 3, 49, 64, 55, 58, 36, 7, 22, 68, 40, 50, 63, 8, 55, 63, 64, 3]","[1, 1, 1, 0, 1, 1, 1, 1, 1, 1, 1, 1, 1, 1, 1, 1, 1, 1, 1, 1, 1, 1, 1, 1, 1, 1, 1, 1, 1, 1]","[0, 0, 0, 1, 0, 0, 0, 0, 0, 0, 0, 0, 0, 0, 0, 0, 0, 0, 0, 0, 0, 0, 0, 0, 0, 0, 0, 0, 0, 0]"
585,L2_arctic_WAV/HJK_arctic_b0225,"[63, 8, 48, 50, 52, 70, 8, 58, 52, 55, 3, 8, 39, 63, 49, 29, 6, 55, 56, 3, 24, 58, 46, 3, 60, 3, 46, 36, 8, 70, 67, 24, 70, 54, 50, 52, 55, 58]","[58, 8, 48, 50, 52, 46, 8, 58, 52, 55, 3, 8, 39, 63, 49, 29, 6, 55, 56, 3, 24, 58, 46, 3, 60, 3, 46, 36, 8, 46, 67, 24, 70, 54, 50, 52, 55, 58]","[0, 1, 1, 1, 1, 0, 1, 1, 1, 1, 1, 1, 1, 1, 1, 1, 1, 1, 1, 1, 1, 1, 1, 1, 1, 1, 1, 1, 1, 0, 1, 1, 1, 1, 1, 1, 1, 1]","[1, 0, 0, 0, 0, 1, 0, 0, 0, 0, 0, 0, 0, 0, 0, 0, 0, 0, 0, 0, 0, 0, 0, 0, 0, 0, 0, 0, 0, 1, 0, 0, 0, 0, 0, 0, 0, 0]"
586,L2_arctic_WAV/HJK_arctic_b0238,"[63, 8, 39, 52, 50, 49, 22, 40, 3, 8, 39, 63, 49, 52, 54, 7, 3, 3, 24, 46, 36, 24, 68, 14, 39, 7, 36, 8, 70, 55, 40, 26, 49, 60, 3, 24, 10]","[58, 8, 39, 52, 50, 49, 22, 40, 3, 8, 39, 63, 49, 52, 54, 7, 3, 3, 24, 46, 36, 24, 68, 14, 39, 7, 36, 8, 70, 55, 40, 26, 49, 60, 3, 24, 10]","[0, 1, 1, 1, 1, 1, 1, 1, 1, 1, 1, 1, 1, 1, 1, 1, 1, 1, 1, 1, 1, 1, 1, 1, 1, 1, 1, 1, 1, 1, 1, 1, 1, 1, 1, 1, 1]","[1, 0, 0, 0, 0, 0, 0, 0, 0, 0, 0, 0, 0, 0, 0, 0, 0, 0, 0, 0, 0, 0, 0, 0, 0, 0, 0, 0, 0, 0, 0, 0, 0, 0, 0, 0, 0]"
587,L2_arctic_WAV/HJK_arctic_b0266,"[64, 55, 58, 55, 15, 48, 31, 3, 29, 7, 46, 52, 30, 54, 24, 55, 68, 56, 48, 30, 60, 46, 54, 50, 7, 8, 68, 14, 68, 8, 55, 3]","[64, 55, 58, 55, 15, 48, 31, 3, 29, 7, 46, 52, 30, 54, 24, 55, 68, 56, 48, 30, 60, 46, 54, 50, 7, 8, 68, 14, 68, 8, 55, 3]","[1, 1, 1, 1, 1, 1, 1, 1, 1, 1, 1, 1, 1, 1, 1, 1, 1, 1, 1, 1, 1, 1, 1, 1, 1, 1, 1, 1, 1, 1, 1, 1]","[0, 0, 0, 0, 0, 0, 0, 0, 0, 0, 0, 0, 0, 0, 0, 0, 0, 0, 0, 0, 0, 0, 0, 0, 0, 0, 0, 0, 0, 0, 0, 0]"
588,L2_arctic_WAV/HJK_arctic_b0304,"[67, 24, 70, 48, 50, 49, 39, 49, 8, 46, 36, 56, 39, 70, 67, 64, 58, 55, 52, 39, 7, 30, 24, 39, 58, 30, 40, 10, 24, 55, 8, 54, 3, 6, 37, 52, 50, 67, 24, 68, 35, 24, 30, 58, 50, 8, 55]","[67, 24, 70, 48, 50, 49, 39, 49, 8, 46, 36, 56, 39, 70, 67, 64, 58, 55, 52, 39, 7, 30, 49, 39, 58, 30, 40, 10, 24, 55, 8, 54, 3, 6, 37, 52, 50, 67, 24, 68, 35, 24, 30, 58, 50, 8, 55]","[1, 1, 1, 1, 1, 1, 1, 1, 1, 1, 1, 1, 1, 1, 1, 1, 1, 1, 1, 1, 1, 1, 0, 1, 1, 1, 1, 1, 1, 1, 1, 1, 1, 1, 1, 1, 1, 1, 1, 1, 1, 1, 1, 1, 1, 1, 1]","[0, 0, 0, 0, 0, 0, 0, 0, 0, 0, 0, 0, 0, 0, 0, 0, 0, 0, 0, 0, 0, 0, 1, 0, 0, 0, 0, 0, 0, 0, 0, 0, 0, 0, 0, 0, 0, 0, 0, 0, 0, 0, 0, 0, 0, 0, 0]"
589,L2_arctic_WAV/HJK_arctic_b0315,"[64, 55, 58, 63, 24, 46, 36, 8, 70, 63, 52, 50, 46, 14, 30, 28, 17, 55, 39, 7, 46, 60, 9, 8, 55, 22, 50, 6, 15, 3, 63, 8, 68, 49, 30]","[64, 55, 58, 63, 24, 46, 36, 8, 46, 58, 52, 50, 46, 14, 30, 28, 17, 55, 39, 7, 46, 60, 9, 8, 55, 22, 50, 6, 15, 3, 63, 8, 68, 49, 30]","[1, 1, 1, 1, 1, 1, 1, 1, 0, 0, 1, 1, 1, 1, 1, 1, 1, 1, 1, 1, 1, 1, 1, 1, 1, 1, 1, 1, 1, 1, 1, 1, 1, 1, 1]","[0, 0, 0, 0, 0, 0, 0, 0, 1, 1, 0, 0, 0, 0, 0, 0, 0, 0, 0, 0, 0, 0, 0, 0, 0, 0, 0, 0, 0, 0, 0, 0, 0, 0, 0]"
590,L2_arctic_WAV/HJK_arctic_b0320,"[63, 49, 50, 24, 59, 50, 52, 3, 24, 55, 67, 24, 70, 39, 57, 46, 36, 8, 70, 48, 50, 14, 39, 17, 28, 8, 3, 24, 39, 8, 39, 8, 46, 52, 28, 8, 55, 58, 37, 7, 46, 3, 8, 39, 30, 64, 54, 3, 7]","[63, 49, 50, 24, 59, 50, 64, 3, 24, 55, 67, 24, 70, 39, 57, 46, 36, 8, 70, 48, 50, 14, 39, 14, 28, 8, 3, 24, 39, 8, 39, 8, 46, 52, 28, 8, 55, 58, 37, 7, 46, 3, 8, 39, 30, 64, 54, 3, 7]","[1, 1, 1, 1, 1, 1, 0, 1, 1, 1, 1, 1, 1, 1, 1, 1, 1, 1, 1, 1, 1, 1, 1, 0, 1, 1, 1, 1, 1, 1, 1, 1, 1, 1, 1, 1, 1, 1, 1, 1, 1, 1, 1, 1, 1, 1, 1, 1, 1]","[0, 0, 0, 0, 0, 0, 1, 0, 0, 0, 0, 0, 0, 0, 0, 0, 0, 0, 0, 0, 0, 0, 0, 1, 0, 0, 0, 0, 0, 0, 0, 0, 0, 0, 0, 0, 0, 0, 0, 0, 0, 0, 0, 0, 0, 0, 0, 0, 0]"
591,L2_arctic_WAV/HJK_arctic_b0342,"[49, 35, 24, 68, 48, 50, 6, 39, 68, 8, 55, 3, 68, 60, 28, 46, 63, 8, 39, 64, 30, 29, 6, 8, 39, 52, 39, 50, 49, 22, 24, 10, 52, 30, 46, 48, 8, 68, 48, 8, 48]","[49, 35, 24, 68, 48, 50, 6, 39, 68, 8, 55, 3, 68, 60, 28, 46, 58, 8, 39, 64, 30, 29, 6, 8, 39, 52, 39, 50, 49, 22, 24, 10, 52, 30, 46, 48, 8, 68, 48, 8, 48]","[1, 1, 1, 1, 1, 1, 1, 1, 1, 1, 1, 1, 1, 1, 1, 1, 0, 1, 1, 1, 1, 1, 1, 1, 1, 1, 1, 1, 1, 1, 1, 1, 1, 1, 1, 1, 1, 1, 1, 1, 1]","[0, 0, 0, 0, 0, 0, 0, 0, 0, 0, 0, 0, 0, 0, 0, 0, 1, 0, 0, 0, 0, 0, 0, 0, 0, 0, 0, 0, 0, 0, 0, 0, 0, 0, 0, 0, 0, 0, 0, 0, 0]"
592,L2_arctic_WAV/HJK_arctic_b0355,"[63, 52, 50, 36, 8, 70, 48, 50, 17, 48, 7, 58, 24, 39, 24, 26, 8, 55, 8, 39, 30, 60, 37, 7, 24, 55, 63, 8, 36, 7, 28, 63, 60, 24, 55, 58, 24, 39, 24, 69, 8, 30, 49, 48, 7, 54, 40, 50, 68, 58]","[58, 52, 50, 36, 8, 46, 48, 50, 17, 48, 7, 58, 24, 39, 24, 26, 8, 55, 8, 39, 30, 60, 37, 7, 24, 55, 58, 8, 36, 7, 28, 58, 60, 24, 55, 58, 24, 39, 24, 69, 8, 30, 49, 48, 7, 54, 40, 50, 68, 58]","[0, 1, 1, 1, 1, 0, 1, 1, 1, 1, 1, 1, 1, 1, 1, 1, 1, 1, 1, 1, 1, 1, 1, 1, 1, 1, 0, 1, 1, 1, 1, 0, 1, 1, 1, 1, 1, 1, 1, 1, 1, 1, 1, 1, 1, 1, 1, 1, 1, 1]","[1, 0, 0, 0, 0, 1, 0, 0, 0, 0, 0, 0, 0, 0, 0, 0, 0, 0, 0, 0, 0, 0, 0, 0, 0, 0, 1, 0, 0, 0, 0, 1, 0, 0, 0, 0, 0, 0, 0, 0, 0, 0, 0, 0, 0, 0, 0, 0, 0, 0]"
593,L2_arctic_WAV/HJK_arctic_b0386,"[68, 56, 56, 58, 49, 8, 36, 8, 70, 63, 64, 3, 67, 49, 36, 31, 58, 67, 64, 39, 68, 40, 50, 24, 55, 54, 30, 6, 8, 55, 46, 14, 39, 7, 63, 8, 55, 60, 3, 24, 39, 70]","[68, 56, 56, 58, 49, 8, 36, 8, 70, 58, 64, 3, 67, 49, 36, 31, 58, 67, 64, 39, 68, 40, 50, 24, 55, 54, 30, 6, 8, 55, 46, 14, 39, 7, 63, 8, 55, 60, 3, 24, 39, 70]","[1, 1, 1, 1, 1, 1, 1, 1, 1, 0, 1, 1, 1, 1, 1, 1, 1, 1, 1, 1, 1, 1, 1, 1, 1, 1, 1, 1, 1, 1, 1, 1, 1, 1, 1, 1, 1, 1, 1, 1, 1, 1]","[0, 0, 0, 0, 0, 0, 0, 0, 0, 1, 0, 0, 0, 0, 0, 0, 0, 0, 0, 0, 0, 0, 0, 0, 0, 0, 0, 0, 0, 0, 0, 0, 0, 0, 0, 0, 0, 0, 0, 0, 0, 0]"
594,L2_arctic_WAV/HJK_arctic_b0425,"[63, 52, 50, 36, 7, 40, 50, 24, 55, 69, 59, 50, 49, 55, 59, 14, 30, 58, 59, 50, 49, 55, 64, 55, 58, 8, 28, 17, 48, 7, 59, 50, 49, 55]","[63, 52, 50, 36, 7, 40, 50, 24, 55, 69, 59, 50, 49, 55, 59, 14, 30, 58, 59, 50, 49, 55, 64, 55, 58, 8, 28, 17, 48, 7, 59, 50, 49, 55]","[1, 1, 1, 1, 1, 1, 1, 1, 1, 1, 1, 1, 1, 1, 1, 1, 1, 1, 1, 1, 1, 1, 1, 1, 1, 1, 1, 1, 1, 1, 1, 1, 1, 1]","[0, 0, 0, 0, 0, 0, 0, 0, 0, 0, 0, 0, 0, 0, 0, 0, 0, 0, 0, 0, 0, 0, 0, 0, 0, 0, 0, 0, 0, 0, 0, 0, 0, 0]"
595,L2_arctic_WAV/HJK_arctic_b0469,"[39, 52, 50, 49, 54, 29, 6, 48, 49, 48, 8, 30, 55, 29, 6, 8, 39, 63, 49, 24, 59, 70, 24, 46, 3, 8, 55, 46, 8, 39, 63, 24, 46, 30, 40]","[39, 52, 50, 49, 54, 29, 6, 48, 49, 48, 8, 30, 55, 29, 6, 8, 39, 63, 49, 24, 59, 70, 24, 46, 3, 8, 55, 46, 8, 39, 63, 24, 46, 30, 40]","[1, 1, 1, 1, 1, 1, 1, 1, 1, 1, 1, 1, 1, 1, 1, 1, 1, 1, 1, 1, 1, 1, 1, 1, 1, 1, 1, 1, 1, 1, 1, 1, 1, 1, 1]","[0, 0, 0, 0, 0, 0, 0, 0, 0, 0, 0, 0, 0, 0, 0, 0, 0, 0, 0, 0, 0, 0, 0, 0, 0, 0, 0, 0, 0, 0, 0, 0, 0, 0, 0]"
596,L2_arctic_WAV/HJK_arctic_b0503,"[63, 8, 46, 52, 55, 3, 46, 8, 39, 46, 3, 50, 60, 55, 69, 39, 52, 69, 8, 3, 60, 9, 8, 55, 37, 30, 6, 40, 54, 63, 8, 3, 50, 17, 48, 24, 28, 30, 64, 55, 58]","[58, 8, 46, 64, 55, 3, 46, 8, 39, 46, 3, 50, 60, 55, 69, 39, 52, 69, 8, 3, 60, 9, 8, 55, 37, 30, 6, 40, 54, 63, 8, 3, 50, 17, 48, 24, 28, 30, 64, 55, 3]","[0, 1, 1, 0, 1, 1, 1, 1, 1, 1, 1, 1, 1, 1, 1, 1, 1, 1, 1, 1, 1, 1, 1, 1, 1, 1, 1, 1, 1, 1, 1, 1, 1, 1, 1, 1, 1, 1, 1, 1, 0]","[1, 0, 0, 1, 0, 0, 0, 0, 0, 0, 0, 0, 0, 0, 0, 0, 0, 0, 0, 0, 0, 0, 0, 0, 0, 0, 0, 0, 0, 0, 0, 0, 0, 0, 0, 0, 0, 0, 0, 0, 1]"
597,L2_arctic_WAV/HJK_arctic_b0518,"[37, 8, 3, 63, 52, 50, 36, 8, 70, 40, 30, 46, 14, 3, 40, 28, 8, 39, 36, 24, 35, 28, 50, 64, 54, 3, 24, 55, 63, 8, 39, 24, 30, 24, 69]","[37, 8, 3, 58, 52, 50, 36, 8, 46, 40, 30, 46, 14, 3, 40, 28, 8, 39, 36, 24, 35, 28, 50, 64, 54, 3, 24, 55, 63, 8, 39, 24, 30, 24, 69]","[1, 1, 1, 0, 1, 1, 1, 1, 0, 1, 1, 1, 1, 1, 1, 1, 1, 1, 1, 1, 1, 1, 1, 1, 1, 1, 1, 1, 1, 1, 1, 1, 1, 1, 1]","[0, 0, 0, 1, 0, 0, 0, 0, 1, 0, 0, 0, 0, 0, 0, 0, 0, 0, 0, 0, 0, 0, 0, 0, 0, 0, 0, 0, 0, 0, 0, 0, 0, 0, 0]"
598,L2_arctic_WAV/HJK_arctic_b0530,"[67, 49, 67, 64, 58, 8, 37, 24, 59, 35, 24, 68, 48, 64, 55, 70, 49, 63, 64, 3, 36, 8, 70, 8, 36, 24, 55, 7]","[67, 49, 67, 64, 58, 8, 37, 24, 28, 35, 24, 68, 48, 64, 55, 46, 49, 58, 64, 3, 36, 8, 70, 8, 36, 49, 55, 7]","[1, 1, 1, 1, 1, 1, 1, 1, 0, 1, 1, 1, 1, 1, 1, 0, 1, 0, 1, 1, 1, 1, 1, 1, 1, 0, 1, 1]","[0, 0, 0, 0, 0, 0, 0, 0, 1, 0, 0, 0, 0, 0, 0, 1, 0, 1, 0, 0, 0, 0, 0, 0, 0, 1, 0, 0]"
599,L2_arctic_WAV/HKK_arctic_a0003,"[54, 40, 50, 63, 8, 3, 36, 52, 55, 49, 24, 22, 3, 56, 68, 63, 64, 3, 49, 39, 55, 24, 10, 63, 8, 3, 6, 68, 52, 55, 9, 31, 28, 67, 64, 55, 58, 70]","[54, 40, 50, 63, 8, 3, 36, 52, 55, 49, 24, 22, 3, 56, 68, 63, 64, 3, 49, 39, 55, 24, 10, 63, 8, 3, 6, 68, 52, 55, 9, 31, 28, 67, 64, 55, 58, 70]","[1, 1, 1, 1, 1, 1, 1, 1, 1, 1, 1, 1, 1, 1, 1, 1, 1, 1, 1, 1, 1, 1, 1, 1, 1, 1, 1, 1, 1, 1, 1, 1, 1, 1, 1, 1, 1, 1]","[0, 0, 0, 0, 0, 0, 0, 0, 0, 0, 0, 0, 0, 0, 0, 0, 0, 0, 0, 0, 0, 0, 0, 0, 0, 0, 0, 0, 0, 0, 0, 0, 0, 0, 0, 0, 0, 0]"
600,L2_arctic_WAV/HKK_arctic_a0005,"[36, 8, 30, 36, 49, 52, 39, 7, 54, 7, 59, 52, 3, 24, 3]","[36, 8, 38, 36, 49, 52, 39, 7, 54, 7, 59, 52, 3, 49, 3]","[1, 1, 0, 1, 1, 1, 1, 1, 1, 1, 1, 1, 1, 0, 1]","[0, 0, 1, 0, 0, 0, 0, 0, 0, 0, 0, 0, 0, 1, 0]"
601,L2_arctic_WAV/HKK_arctic_a0006,"[59, 17, 58, 37, 30, 52, 46, 56, 67, 14, 48, 56, 30, 59, 14, 17, 55, 46, 49, 24, 10, 63, 8, 68, 54, 7, 52, 39, 7]","[59, 17, 58, 37, 30, 52, 46, 58, 8, 68, 56, 67, 14, 48, 56, 30, 59, 14, 17, 55, 46, 49, 24, 10, 63, 8, 68, 54, 7, 52, 39, 7]","[1, 1, 1, 1, 1, 1, 1, 1, 1, 1, 1, 1, 1, 1, 1, 1, 1, 1, 1, 1, 1, 1, 1, 1, 1, 1, 1, 1, 1]","[0, 0, 0, 0, 0, 0, 0, 0, 0, 0, 0, 0, 0, 0, 0, 0, 0, 0, 0, 0, 0, 0, 0, 0, 0, 0, 0, 0, 0]"
602,L2_arctic_WAV/HKK_arctic_a0007,"[64, 55, 58, 29, 6, 40, 30, 36, 60, 70, 36, 17, 55, 3, 3, 24, 46, 49, 24, 3, 24, 55, 63, 49, 46, 31, 48, 7, 30, 8, 3, 24, 39, 58, 24, 59, 50, 49]","[64, 55, 58, 29, 6, 40, 30, 36, 60, 70, 36, 17, 55, 3, 3, 24, 46, 49, 24, 3, 24, 55, 63, 49, 46, 31, 48, 7, 30, 8, 3, 24, 39, 58, 24, 59, 50, 49]","[1, 1, 1, 1, 1, 1, 1, 1, 1, 1, 1, 1, 1, 1, 1, 1, 1, 1, 1, 1, 1, 1, 1, 1, 1, 1, 1, 1, 1, 1, 1, 1, 1, 1, 1, 1, 1, 1]","[0, 0, 0, 0, 0, 0, 0, 0, 0, 0, 0, 0, 0, 0, 0, 0, 0, 0, 0, 0, 0, 0, 0, 0, 0, 0, 0, 0, 0, 0, 0, 0, 0, 0, 0, 0, 0, 0]"
603,L2_arctic_WAV/HKK_arctic_a0008,"[59, 64, 58, 29, 31, 50, 30, 52, 3, 7, 28, 60, 68, 69, 8, 46, 3, 24, 55, 3, 56, 68]","[59, 40, 58, 29, 31, 50, 30, 52, 3, 7, 28, 60, 68, 69, 8, 46, 3, 24, 55, 3, 56, 68]","[1, 0, 1, 1, 1, 1, 1, 1, 1, 1, 1, 1, 1, 1, 1, 1, 1, 1, 1, 1, 1, 1]","[0, 1, 0, 0, 0, 0, 0, 0, 0, 0, 0, 0, 0, 0, 0, 0, 0, 0, 0, 0, 0, 0]"
604,L2_arctic_WAV/HKK_arctic_a0010,"[56, 68, 48, 30, 60, 24, 10, 8, 46, 24, 10, 59, 8, 30, 67, 64, 55, 58, 24, 55, 36, 8, 3, 30, 31, 28, 46, 30, 56, 28, 8, 30, 6, 70, 24, 10, 59, 60, 68]","[56, 68, 48, 30, 60, 24, 10, 8, 46, 24, 10, 59, 8, 30, 67, 64, 55, 58, 24, 55, 36, 8, 3, 30, 31, 28, 46, 30, 56, 28, 8, 30, 6, 70, 24, 10, 59, 52, 68]","[1, 1, 1, 1, 1, 1, 1, 1, 1, 1, 1, 1, 1, 1, 1, 1, 1, 1, 1, 1, 1, 1, 1, 1, 1, 1, 1, 1, 1, 1, 1, 1, 1, 1, 1, 1, 1, 0, 1]","[0, 0, 0, 0, 0, 0, 0, 0, 0, 0, 0, 0, 0, 0, 0, 0, 0, 0, 0, 0, 0, 0, 0, 0, 0, 0, 0, 0, 0, 0, 0, 0, 0, 0, 0, 0, 0, 1, 0]"
605,L2_arctic_WAV/HKK_arctic_a0011,"[24, 54, 56, 52, 39, 7, 55, 49, 58, 24, 58, 8, 54, 56, 3, 7, 24, 55, 68, 56, 30, 56, 54, 56, 55, 49, 58, 36, 8, 55, 55, 15]","[24, 54, 56, 52, 39, 7, 55, 49, 58, 49, 58, 8, 54, 56, 3, 7, 24, 55, 68, 56, 30, 56, 54, 56, 55, 49, 58, 36, 8, 55, 55, 15]","[1, 1, 1, 1, 1, 1, 1, 1, 1, 0, 1, 1, 1, 1, 1, 1, 1, 1, 1, 1, 1, 1, 1, 1, 1, 1, 1, 1, 1, 1, 1, 1]","[0, 0, 0, 0, 0, 0, 0, 0, 0, 1, 0, 0, 0, 0, 0, 0, 0, 0, 0, 0, 0, 0, 0, 0, 0, 0, 0, 0, 0, 0, 0, 0]"
606,L2_arctic_WAV/HKK_arctic_a0013,"[67, 49, 36, 8, 70, 8, 67, 52, 58, 9, 40, 50, 3, 7, 63, 64, 55, 67, 24, 70, 28, 8, 68, 48, 64, 55, 29, 8, 55, 8, 39, 40, 30, 68, 14, 46, 3, 58, 52, 30, 8, 28, 8, 3, 54, 8, 70, 49, 28]","[67, 49, 36, 8, 70, 8, 67, 52, 58, 8, 9, 40, 50, 3, 7, 63, 64, 55, 67, 24, 70, 28, 8, 68, 48, 64, 55, 29, 8, 55, 8, 39, 40, 30, 68, 40, 46, 58, 52, 30, 8, 28, 8, 3, 54, 24, 70, 49, 28]","[1, 1, 1, 1, 1, 1, 1, 1, 1, 1, 1, 1, 1, 1, 1, 1, 1, 1, 1, 1, 1, 1, 1, 1, 1, 1, 1, 1, 1, 1, 1, 1, 1, 1, 0, 1, 0, 1, 1, 1, 1, 1, 1, 1, 1, 0, 1, 1, 1]","[0, 0, 0, 0, 0, 0, 0, 0, 0, 0, 0, 0, 0, 0, 0, 0, 0, 0, 0, 0, 0, 0, 0, 0, 0, 0, 0, 0, 0, 0, 0, 0, 0, 0, 1, 0, 1, 0, 0, 0, 0, 0, 0, 0, 0, 1, 0, 0, 0]"
607,L2_arctic_WAV/HKK_arctic_a0018,"[63, 52, 50, 36, 8, 70, 8, 35, 60, 55, 69, 55, 15]","[63, 52, 50, 36, 8, 46, 8, 35, 60, 55, 69, 55, 15]","[1, 1, 1, 1, 1, 0, 1, 1, 1, 1, 1, 1, 1]","[0, 0, 0, 0, 0, 1, 0, 0, 0, 0, 0, 0, 0]"
608,L2_arctic_WAV/HKK_arctic_a0019,"[56, 54, 17, 30, 14, 58, 63, 8, 30, 56, 55, 8, 39, 63, 8, 48, 50, 8, 48, 14, 70, 58, 50, 60, 30, 50, 14, 58, 30, 31, 28, 24, 10, 54, 50, 7, 35, 64, 55, 46, 24, 70]","[56, 54, 17, 30, 14, 58, 63, 8, 30, 56, 55, 8, 39, 63, 8, 48, 50, 8, 48, 31, 70, 58, 50, 60, 30, 50, 40, 58, 30, 31, 28, 24, 10, 54, 50, 7, 35, 64, 55, 46, 49, 46]","[1, 1, 1, 1, 1, 1, 1, 1, 1, 1, 1, 1, 1, 1, 1, 1, 1, 1, 1, 0, 1, 1, 1, 1, 1, 1, 0, 1, 1, 1, 1, 1, 1, 1, 1, 1, 1, 1, 1, 1, 0, 0]","[0, 0, 0, 0, 0, 0, 0, 0, 0, 0, 0, 0, 0, 0, 0, 0, 0, 0, 0, 1, 0, 0, 0, 0, 0, 0, 1, 0, 0, 0, 0, 0, 0, 0, 0, 0, 0, 0, 0, 0, 1, 1]"
609,L2_arctic_WAV/HKK_arctic_a0020,"[28, 30, 8, 37, 70, 8, 55, 58, 37, 40, 30, 70, 8, 55, 58, 46, 24, 3, 49, 70, 59, 50, 6, 3, 6, 37, 49, 14, 55, 30, 49, 68, 52, 68, 7, 49, 70]","[28, 30, 8, 37, 70, 8, 55, 58, 37, 40, 50, 70, 8, 55, 58, 46, 24, 3, 49, 70, 59, 50, 6, 3, 6, 37, 49, 40, 55, 30, 49, 68, 52, 68, 7, 49, 70]","[1, 1, 1, 1, 1, 1, 1, 1, 1, 1, 0, 1, 1, 1, 1, 1, 1, 1, 1, 1, 1, 1, 1, 1, 1, 1, 1, 0, 1, 1, 1, 1, 1, 1, 1, 1, 1]","[0, 0, 0, 0, 0, 0, 0, 0, 0, 0, 1, 0, 0, 0, 0, 0, 0, 0, 0, 0, 0, 0, 0, 0, 0, 0, 0, 1, 0, 0, 0, 0, 0, 0, 0, 0, 0]"
610,L2_arctic_WAV/HKK_arctic_a0021,"[24, 3, 54, 52, 50, 30, 49, 28, 30, 8, 37, 58, 68, 49, 24, 55, 3, 6, 50, 52, 28, 8, 59, 55, 56, 70, 24, 10, 24, 3]","[24, 3, 54, 52, 50, 30, 49, 28, 30, 8, 37, 58, 68, 49, 24, 55, 3, 6, 50, 52, 28, 8, 59, 55, 56, 70, 24, 10, 24, 3]","[1, 1, 1, 1, 1, 1, 1, 1, 1, 1, 1, 1, 1, 1, 1, 1, 1, 1, 1, 1, 1, 1, 1, 1, 1, 1, 1, 1, 1, 1]","[0, 0, 0, 0, 0, 0, 0, 0, 0, 0, 0, 0, 0, 0, 0, 0, 0, 0, 0, 0, 0, 0, 0, 0, 0, 0, 0, 0, 0, 0]"
611,L2_arctic_WAV/HKK_arctic_a0022,"[67, 17, 50, 58, 30, 49, 36, 7, 15, 7, 48, 30, 64, 55, 70, 68, 60, 58, 48, 8, 37, 30, 24, 28, 37, 49, 54, 40, 50, 36, 49, 36, 7, 68, 52, 3, 37, 56, 48, 15, 7, 54, 8, 30, 17, 48, 8, 70, 24, 9, 8, 55]","[67, 17, 50, 58, 30, 49, 36, 7, 15, 7, 48, 30, 64, 55, 70, 68, 60, 58, 48, 8, 37, 30, 49, 28, 37, 49, 54, 7, 50, 36, 49, 36, 7, 68, 52, 3, 37, 56, 48, 15, 7, 54, 8, 30, 17, 48, 8, 26, 24, 9, 8, 55]","[1, 1, 1, 1, 1, 1, 1, 1, 1, 1, 1, 1, 1, 1, 1, 1, 1, 1, 1, 1, 1, 1, 0, 1, 1, 1, 1, 0, 1, 1, 1, 1, 1, 1, 1, 1, 1, 1, 1, 1, 1, 1, 1, 1, 1, 1, 1, 0, 1, 1, 1, 1]","[0, 0, 0, 0, 0, 0, 0, 0, 0, 0, 0, 0, 0, 0, 0, 0, 0, 0, 0, 0, 0, 0, 1, 0, 0, 0, 0, 1, 0, 0, 0, 0, 0, 0, 0, 0, 0, 0, 0, 0, 0, 0, 0, 0, 0, 0, 0, 1, 0, 0, 0, 0]"
612,L2_arctic_WAV/HKK_arctic_a0023,"[8, 28, 17, 68, 37, 8, 55, 60, 9, 8, 55, 8, 39, 28, 8, 55, 60, 58, 49, 8, 55, 28, 64, 48, 8, 3, 8, 30, 28, 36, 24, 28, 30, 49, 40, 50, 59, 8, 55, 56, 70, 58, 8, 55, 58, 48, 8, 3, 24, 9, 8, 55, 58, 54, 50, 7, 63, 8, 46, 60, 68, 48, 50, 24, 39, 24, 30, 24, 69, 24, 70]","[8, 28, 17, 68, 37, 8, 55, 60, 9, 8, 55, 8, 39, 28, 8, 55, 60, 58, 49, 8, 55, 28, 64, 48, 8, 3, 8, 50, 28, 36, 24, 28, 30, 49, 40, 50, 59, 8, 55, 56, 70, 58, 8, 55, 58, 48, 8, 3, 49, 9, 8, 55, 58, 54, 50, 7, 63, 8, 46, 60, 68, 48, 50, 24, 39, 24, 30, 49, 69, 24, 70]","[1, 1, 1, 1, 1, 1, 1, 1, 1, 1, 1, 1, 1, 1, 1, 1, 1, 1, 1, 1, 1, 1, 1, 1, 1, 1, 1, 0, 1, 1, 1, 1, 1, 1, 1, 1, 1, 1, 1, 1, 1, 1, 1, 1, 1, 1, 1, 1, 0, 1, 1, 1, 1, 1, 1, 1, 1, 1, 1, 1, 1, 1, 1, 1, 1, 1, 1, 0, 1, 1, 1]","[0, 0, 0, 0, 0, 0, 0, 0, 0, 0, 0, 0, 0, 0, 0, 0, 0, 0, 0, 0, 0, 0, 0, 0, 0, 0, 0, 1, 0, 0, 0, 0, 0, 0, 0, 0, 0, 0, 0, 0, 0, 0, 0, 0, 0, 0, 0, 0, 1, 0, 0, 0, 0, 0, 0, 0, 0, 0, 0, 0, 0, 0, 0, 0, 0, 0, 0, 1, 0, 0, 0]"
613,L2_arctic_WAV/HKK_arctic_a0024,"[24, 3, 36, 8, 70, 68, 56, 50, 49, 48, 40, 50, 3, 46, 54, 50, 8, 68, 63, 8, 55, 40, 50, 22, 67, 36, 24, 35, 35, 49, 54, 30, 49, 24, 55, 58, 6, 46, 3, 48, 49, 48, 8, 30, 3, 8, 37, 56]","[24, 3, 36, 8, 70, 68, 56, 30, 49, 48, 40, 50, 3, 46, 54, 50, 8, 68, 63, 8, 55, 40, 50, 22, 67, 36, 24, 35, 35, 49, 54, 30, 49, 24, 55, 58, 6, 46, 3, 48, 49, 54, 8, 30, 3, 8, 37, 56]","[1, 1, 1, 1, 1, 1, 1, 0, 1, 1, 1, 1, 1, 1, 1, 1, 1, 1, 1, 1, 1, 1, 1, 1, 1, 1, 1, 1, 1, 1, 1, 1, 1, 1, 1, 1, 1, 1, 1, 1, 1, 0, 1, 1, 1, 1, 1, 1]","[0, 0, 0, 0, 0, 0, 0, 1, 0, 0, 0, 0, 0, 0, 0, 0, 0, 0, 0, 0, 0, 0, 0, 0, 0, 0, 0, 0, 0, 0, 0, 0, 0, 0, 0, 0, 0, 0, 0, 0, 0, 1, 0, 0, 0, 0, 0, 0]"
614,L2_arctic_WAV/HKK_arctic_a0025,"[56, 36, 8, 70, 8, 37, 15, 3, 3, 24, 58, 6, 63, 24, 46, 36, 52, 55, 28, 6, 30, 7, 69, 8, 69, 68, 8, 55, 3, 48, 50, 49, 39, 60, 30, 58]","[56, 36, 8, 70, 8, 37, 15, 3, 3, 24, 58, 6, 63, 49, 46, 36, 52, 55, 28, 6, 30, 7, 69, 8, 69, 68, 8, 55, 3, 48, 50, 49, 39, 60, 30, 58]","[1, 1, 1, 1, 1, 1, 1, 1, 1, 1, 1, 1, 1, 0, 1, 1, 1, 1, 1, 1, 1, 1, 1, 1, 1, 1, 1, 1, 1, 1, 1, 1, 1, 1, 1, 1]","[0, 0, 0, 0, 0, 0, 0, 0, 0, 0, 0, 0, 0, 1, 0, 0, 0, 0, 0, 0, 0, 0, 0, 0, 0, 0, 0, 0, 0, 0, 0, 0, 0, 0, 0, 0]"
615,L2_arctic_WAV/HKK_arctic_a0026,"[24, 3, 8, 28, 7, 58, 3, 8, 68, 49, 63, 64, 3, 63, 52, 50, 36, 31, 58, 67, 64, 39, 3, 24, 37, 49, 8, 55, 8, 28, 15, 55, 3, 24, 10]","[24, 3, 8, 28, 7, 58, 3, 8, 68, 49, 63, 64, 3, 58, 52, 50, 36, 31, 58, 67, 64, 39, 3, 24, 37, 49, 8, 55, 8, 28, 15, 55, 3, 24, 10]","[1, 1, 1, 1, 1, 1, 1, 1, 1, 1, 1, 1, 1, 0, 1, 1, 1, 1, 1, 1, 1, 1, 1, 1, 1, 1, 1, 1, 1, 1, 1, 1, 1, 1, 1]","[0, 0, 0, 0, 0, 0, 0, 0, 0, 0, 0, 0, 0, 1, 0, 0, 0, 0, 0, 0, 0, 0, 0, 0, 0, 0, 0, 0, 0, 0, 0, 0, 0, 0, 0]"
616,L2_arctic_WAV/HKK_arctic_a0027,"[3, 8, 68, 56, 46, 8, 48, 50, 56, 70, 67, 49, 37, 49, 59, 64, 55, 3, 24, 9, 14, 64, 28, 9, 8, 30, 24, 55, 22, 6, 70, 49, 64, 70, 8, 68, 24, 55, 68, 56, 54, 60, 39, 7]","[3, 8, 68, 56, 46, 8, 48, 50, 56, 70, 67, 49, 37, 49, 59, 64, 55, 3, 24, 9, 31, 64, 28, 9, 8, 30, 24, 55, 22, 6, 70, 49, 64, 70, 8, 68, 24, 55, 68, 56, 54, 60, 39, 7]","[1, 1, 1, 1, 1, 1, 1, 1, 1, 1, 1, 1, 1, 1, 1, 1, 1, 1, 1, 1, 0, 1, 1, 1, 1, 1, 1, 1, 1, 1, 1, 1, 1, 1, 1, 1, 1, 1, 1, 1, 1, 1, 1, 1]","[0, 0, 0, 0, 0, 0, 0, 0, 0, 0, 0, 0, 0, 0, 0, 0, 0, 0, 0, 0, 1, 0, 0, 0, 0, 0, 0, 0, 0, 0, 0, 0, 0, 0, 0, 0, 0, 0, 0, 0, 0, 0, 0, 0]"
617,L2_arctic_WAV/HKK_arctic_a0028,"[50, 17, 37, 7, 49, 37, 50, 56, 37, 7, 49, 54, 50, 40, 58]","[50, 17, 37, 7, 49, 37, 50, 56, 37, 7, 49, 48, 50, 40, 58]","[1, 1, 1, 1, 1, 1, 1, 1, 1, 1, 1, 0, 1, 1, 1]","[0, 0, 0, 0, 0, 0, 0, 0, 0, 0, 0, 1, 0, 0, 0]"
618,L2_arctic_WAV/HKK_arctic_a0029,"[63, 52, 50, 54, 40, 50, 46, 24, 70, 36, 7, 40, 30, 50, 52, 58, 49, 68, 6, 39, 24, 10, 24, 55, 3, 6, 63, 8, 55, 40, 50, 22, 28, 8, 55, 3, 50, 49]","[63, 52, 50, 54, 7, 50, 46, 24, 70, 36, 7, 40, 30, 50, 52, 58, 49, 68, 6, 39, 24, 10, 24, 55, 3, 6, 63, 8, 55, 40, 50, 46, 28, 8, 55, 3, 50, 49]","[1, 1, 1, 1, 0, 1, 1, 1, 1, 1, 1, 1, 1, 1, 1, 1, 1, 1, 1, 1, 1, 1, 1, 1, 1, 1, 1, 1, 1, 1, 1, 0, 1, 1, 1, 1, 1, 1]","[0, 0, 0, 0, 1, 0, 0, 0, 0, 0, 0, 0, 0, 0, 0, 0, 0, 0, 0, 0, 0, 0, 0, 0, 0, 0, 0, 0, 0, 0, 0, 1, 0, 0, 0, 0, 0, 0]"
619,L2_arctic_WAV/HKK_arctic_a0030,"[56, 67, 64, 58, 54, 60, 22, 24, 55, 63, 8, 68]","[56, 67, 64, 58, 54, 60, 22, 24, 55, 63, 8, 68]","[1, 1, 1, 1, 1, 1, 1, 1, 1, 1, 1, 1]","[0, 0, 0, 0, 0, 0, 0, 0, 0, 0, 0, 0]"
620,L2_arctic_WAV/HKK_arctic_a0031,"[63, 60, 36, 7, 22, 50, 49, 67, 8, 55, 58, 50, 8, 58, 29, 17, 50, 58, 70, 8, 48, 17, 50, 3]","[63, 60, 36, 7, 22, 50, 49, 67, 8, 55, 58, 50, 8, 58, 29, 17, 50, 58, 70, 8, 48, 17, 50, 3]","[1, 1, 1, 1, 1, 1, 1, 1, 1, 1, 1, 1, 1, 1, 1, 1, 1, 1, 1, 1, 1, 1, 1, 1]","[0, 0, 0, 0, 0, 0, 0, 0, 0, 0, 0, 0, 0, 0, 0, 0, 0, 0, 0, 0, 0, 0, 0, 0]"
621,L2_arctic_WAV/HKK_arctic_a0032,"[46, 24, 55, 46, 63, 52, 55, 46, 8, 68, 68, 24, 46, 3, 24, 50, 49, 8, 46, 54, 40, 50, 46, 67, 64, 70, 37, 24, 55, 54, 56, 3, 24, 10, 8, 46, 64, 3, 52, 39, 50, 49, 46, 3, 52, 48]","[46, 24, 55, 46, 63, 52, 55, 46, 8, 68, 68, 24, 46, 3, 24, 50, 49, 8, 46, 54, 40, 50, 46, 67, 64, 70, 37, 24, 55, 54, 56, 3, 24, 10, 8, 46, 64, 3, 52, 39, 50, 49, 46, 3, 52, 48]","[1, 1, 1, 1, 1, 1, 1, 1, 1, 1, 1, 1, 1, 1, 1, 1, 1, 1, 1, 1, 1, 1, 1, 1, 1, 1, 1, 1, 1, 1, 1, 1, 1, 1, 1, 1, 1, 1, 1, 1, 1, 1, 1, 1, 1, 1]","[0, 0, 0, 0, 0, 0, 0, 0, 0, 0, 0, 0, 0, 0, 0, 0, 0, 0, 0, 0, 0, 0, 0, 0, 0, 0, 0, 0, 0, 0, 0, 0, 0, 0, 0, 0, 0, 0, 0, 0, 0, 0, 0, 0, 0, 0]"
622,L2_arctic_WAV/HKK_arctic_a0036,"[9, 49, 3, 7, 55, 58, 24, 55, 64, 3, 63, 8, 67, 14, 3, 52, 30]","[9, 49, 3, 8, 55, 58, 24, 55, 64, 3, 63, 8, 67, 14, 3, 52, 30]","[1, 1, 1, 0, 1, 1, 1, 1, 1, 1, 1, 1, 1, 1, 1, 1, 1]","[0, 0, 0, 1, 0, 0, 0, 0, 0, 0, 0, 0, 0, 0, 0, 0, 0]"
623,L2_arctic_WAV/HKK_arctic_a0037,"[56, 36, 8, 70, 63, 49, 14, 55, 30, 49, 36, 8, 55, 67, 6, 50, 49, 68, 60, 55, 58, 46, 24, 3, 24, 10]","[56, 36, 8, 70, 63, 49, 14, 55, 30, 49, 36, 8, 55, 67, 6, 50, 49, 68, 60, 55, 58, 46, 24, 3, 24, 10]","[1, 1, 1, 1, 1, 1, 1, 1, 1, 1, 1, 1, 1, 1, 1, 1, 1, 1, 1, 1, 1, 1, 1, 1, 1, 1]","[0, 0, 0, 0, 0, 0, 0, 0, 0, 0, 0, 0, 0, 0, 0, 0, 0, 0, 0, 0, 0, 0, 0, 0, 0, 0]"
624,L2_arctic_WAV/HKK_arctic_a0038,"[36, 49, 30, 67, 64, 39, 3, 6, 36, 17, 35, 15, 7, 35, 64, 55, 46, 24, 70]","[36, 49, 30, 67, 64, 39, 3, 6, 36, 17, 35, 15, 7, 35, 64, 55, 46, 49, 70]","[1, 1, 1, 1, 1, 1, 1, 1, 1, 1, 1, 1, 1, 1, 1, 1, 1, 0, 1]","[0, 0, 0, 0, 0, 0, 0, 0, 0, 0, 0, 0, 0, 0, 0, 0, 0, 1, 0]"
625,L2_arctic_WAV/HKK_arctic_a0039,"[63, 8, 9, 24, 48, 9, 31, 58, 37, 49, 24, 55, 36, 24, 22, 24, 55, 8, 36, 49, 28, 40, 50, 3, 52, 55, 58, 60, 70]","[63, 8, 9, 24, 48, 9, 31, 58, 37, 49, 24, 55, 36, 24, 22, 49, 55, 8, 36, 49, 28, 40, 50, 3, 52, 55, 58, 60, 70]","[1, 1, 1, 1, 1, 1, 1, 1, 1, 1, 1, 1, 1, 1, 1, 0, 1, 1, 1, 1, 1, 1, 1, 1, 1, 1, 1, 1, 1]","[0, 0, 0, 0, 0, 0, 0, 0, 0, 0, 0, 0, 0, 0, 0, 1, 0, 0, 0, 0, 0, 0, 0, 0, 0, 0, 0, 0, 0]"
626,L2_arctic_WAV/HKK_arctic_a0040,"[56, 46, 8, 48, 14, 70, 29, 6, 36, 8, 55, 58, 7, 36, 56, 9, 49, 24, 70, 28, 8, 68, 24, 10, 8, 48, 67, 49, 50]","[56, 46, 8, 48, 14, 70, 29, 6, 36, 8, 55, 58, 7, 36, 56, 9, 49, 24, 70, 28, 8, 68, 24, 10, 8, 48, 67, 49, 50]","[1, 1, 1, 1, 1, 1, 1, 1, 1, 1, 1, 1, 1, 1, 1, 1, 1, 1, 1, 1, 1, 1, 1, 1, 1, 1, 1, 1, 1]","[0, 0, 0, 0, 0, 0, 0, 0, 0, 0, 0, 0, 0, 0, 0, 0, 0, 0, 0, 0, 0, 0, 0, 0, 0, 0, 0, 0, 0]"
627,L2_arctic_WAV/HKK_arctic_a0041,"[68, 49, 55, 36, 56, 30, 56, 30, 59, 14, 15, 3, 3, 8, 37, 50, 49, 63, 8, 46, 48, 52, 30]","[68, 49, 55, 36, 56, 30, 56, 30, 59, 14, 15, 3, 3, 8, 37, 50, 49, 63, 8, 46, 48, 52, 30]","[1, 1, 1, 1, 1, 1, 1, 1, 1, 1, 1, 1, 1, 1, 1, 1, 1, 1, 1, 1, 1, 1, 1]","[0, 0, 0, 0, 0, 0, 0, 0, 0, 0, 0, 0, 0, 0, 0, 0, 0, 0, 0, 0, 0, 0, 0]"
628,L2_arctic_WAV/HKK_arctic_a0042,"[67, 15, 28, 31, 58, 67, 49, 24, 28, 46, 48, 30, 60, 55, 67, 24, 70, 48, 8, 70, 52, 9, 8, 55, 8, 39, 63, 8, 46, 28, 52, 35]","[67, 15, 28, 31, 58, 67, 49, 24, 28, 46, 48, 30, 60, 55, 67, 24, 70, 48, 8, 26, 52, 9, 8, 55, 8, 39, 63, 8, 46, 28, 52, 35]","[1, 1, 1, 1, 1, 1, 1, 1, 1, 1, 1, 1, 1, 1, 1, 1, 1, 1, 1, 0, 1, 1, 1, 1, 1, 1, 1, 1, 1, 1, 1, 1]","[0, 0, 0, 0, 0, 0, 0, 0, 0, 0, 0, 0, 0, 0, 0, 0, 0, 0, 0, 1, 0, 0, 0, 0, 0, 0, 0, 0, 0, 0, 0, 0]"
629,L2_arctic_WAV/HKK_arctic_a0045,"[67, 49, 68, 6, 39, 58, 8, 36, 60, 64, 70, 28, 36, 56, 8, 3, 30, 49, 64, 70, 67, 49, 67, 64, 58, 28, 8, 68]","[67, 49, 68, 6, 39, 58, 8, 36, 60, 64, 70, 28, 36, 56, 8, 3, 30, 49, 64, 70, 67, 49, 67, 64, 58, 28, 8, 68]","[1, 1, 1, 1, 1, 1, 1, 1, 1, 1, 1, 1, 1, 1, 1, 1, 1, 1, 1, 1, 1, 1, 1, 1, 1, 1, 1, 1]","[0, 0, 0, 0, 0, 0, 0, 0, 0, 0, 0, 0, 0, 0, 0, 0, 0, 0, 0, 0, 0, 0, 0, 0, 0, 0, 0, 0]"
630,L2_arctic_WAV/HKK_arctic_a0046,"[63, 8, 59, 7, 30, 54, 60, 46, 3, 67, 24, 68, 67, 7, 56, 70, 9, 56, 55, 24, 10, 36, 24, 63, 46, 8, 58, 8, 55, 54, 24, 50]","[63, 8, 59, 7, 30, 54, 60, 46, 3, 67, 49, 68, 67, 7, 56, 70, 9, 56, 55, 24, 10, 36, 24, 63, 46, 8, 58, 8, 55, 54, 24, 50]","[1, 1, 1, 1, 1, 1, 1, 1, 1, 1, 0, 1, 1, 1, 1, 1, 1, 1, 1, 1, 1, 1, 1, 1, 1, 1, 1, 1, 1, 1, 1, 1]","[0, 0, 0, 0, 0, 0, 0, 0, 0, 0, 1, 0, 0, 0, 0, 0, 0, 0, 0, 0, 0, 0, 0, 0, 0, 0, 0, 0, 0, 0, 0, 0]"
631,L2_arctic_WAV/HKK_arctic_a0047,"[28, 30, 14, 70, 37, 49, 46, 56, 58, 67, 24, 68, 59, 30, 49, 68, 58, 63, 8, 36, 56, 3, 54, 64, 10, 70, 8, 39, 63, 8, 36, 31, 30, 54, 58, 40, 59]","[28, 30, 14, 70, 37, 49, 46, 56, 58, 67, 24, 68, 59, 30, 49, 68, 58, 63, 8, 36, 56, 3, 54, 64, 10, 70, 8, 39, 63, 8, 36, 31, 30, 54, 58, 40, 59]","[1, 1, 1, 1, 1, 1, 1, 1, 1, 1, 1, 1, 1, 1, 1, 1, 1, 1, 1, 1, 1, 1, 1, 1, 1, 1, 1, 1, 1, 1, 1, 1, 1, 1, 1, 1, 1]","[0, 0, 0, 0, 0, 0, 0, 0, 0, 0, 0, 0, 0, 0, 0, 0, 0, 0, 0, 0, 0, 0, 0, 0, 0, 0, 0, 0, 0, 0, 0, 0, 0, 0, 0, 0, 0]"
632,L2_arctic_WAV/HKK_arctic_a0048,"[67, 49, 30, 31, 28, 3, 64, 3, 63, 8, 67, 64, 10, 28, 7, 35, 24, 54, 68, 40, 50, 28, 30, 14, 46, 30, 49]","[67, 49, 30, 31, 28, 3, 64, 3, 63, 8, 67, 64, 10, 28, 7, 35, 24, 54, 68, 40, 50, 28, 30, 14, 46, 30, 49]","[1, 1, 1, 1, 1, 1, 1, 1, 1, 1, 1, 1, 1, 1, 1, 1, 1, 1, 1, 1, 1, 1, 1, 1, 1, 1, 1]","[0, 0, 0, 0, 0, 0, 0, 0, 0, 0, 0, 0, 0, 0, 0, 0, 0, 0, 0, 0, 0, 0, 0, 0, 0, 0, 0]"
633,L2_arctic_WAV/HKK_arctic_a0051,"[63, 8, 30, 60, 46, 36, 8, 70, 8, 39, 8, 58, 52, 30, 8, 28, 8, 3, 56, 39, 7, 49, 28, 40, 30, 7, 54, 60, 55, 3, 30, 49, 3, 24, 55, 3, 24, 58, 36, 24, 63, 29, 52, 30, 14]","[63, 8, 30, 60, 46, 36, 8, 70, 8, 39, 8, 58, 52, 30, 24, 28, 8, 3, 56, 39, 7, 49, 28, 40, 30, 7, 54, 60, 55, 3, 24, 30, 49, 3, 49, 55, 3, 24, 58, 36, 24, 63, 29, 52, 30, 14]","[1, 1, 1, 1, 1, 1, 1, 1, 1, 1, 1, 1, 1, 1, 0, 1, 1, 1, 1, 1, 1, 1, 1, 1, 1, 1, 1, 1, 1, 1, 1, 1, 1, 0, 1, 1, 1, 1, 1, 1, 1, 1, 1, 1, 1]","[0, 0, 0, 0, 0, 0, 0, 0, 0, 0, 0, 0, 0, 0, 1, 0, 0, 0, 0, 0, 0, 0, 0, 0, 0, 0, 0, 0, 0, 0, 0, 0, 0, 1, 0, 0, 0, 0, 0, 0, 0, 0, 0, 0, 0]"
634,L2_arctic_WAV/HKK_arctic_a0052,"[24, 3, 36, 8, 70, 8, 28, 29, 31, 50, 49, 8, 46, 28, 14, 24, 55, 46, 24, 58, 8, 55, 46]","[24, 3, 36, 8, 70, 8, 28, 29, 31, 50, 49, 8, 46, 28, 14, 61, 24, 55, 46, 24, 58, 8, 55, 46]","[1, 1, 1, 1, 1, 1, 1, 1, 1, 1, 1, 1, 1, 1, 1, 1, 1, 1, 1, 1, 1, 1, 1]","[0, 0, 0, 0, 0, 0, 0, 0, 0, 0, 0, 0, 0, 0, 0, 0, 0, 0, 0, 0, 0, 0, 0]"
635,L2_arctic_WAV/HKK_arctic_a0053,"[46, 8, 58, 8, 55, 30, 49, 67, 24, 70, 54, 24, 10, 59, 7, 70, 28, 30, 14, 70, 58, 3, 56, 3, 30, 49, 14, 39, 7, 63, 8, 67, 64, 10, 28, 7, 35, 24, 54]","[46, 8, 58, 8, 55, 30, 49, 67, 24, 70, 54, 24, 10, 59, 7, 46, 28, 30, 14, 70, 58, 3, 8, 3, 30, 49, 14, 39, 7, 63, 8, 67, 64, 10, 28, 7, 35, 24, 48]","[1, 1, 1, 1, 1, 1, 1, 1, 1, 1, 1, 1, 1, 1, 1, 0, 1, 1, 1, 1, 1, 1, 0, 1, 1, 1, 1, 1, 1, 1, 1, 1, 1, 1, 1, 1, 1, 1, 0]","[0, 0, 0, 0, 0, 0, 0, 0, 0, 0, 0, 0, 0, 0, 0, 1, 0, 0, 0, 0, 0, 0, 1, 0, 0, 0, 0, 0, 0, 0, 0, 0, 0, 0, 0, 0, 0, 0, 1]"
636,L2_arctic_WAV/HKK_arctic_a0054,"[63, 52, 50, 36, 8, 70, 55, 8, 22, 24, 10, 17, 55, 63, 8, 50, 17, 28]","[58, 52, 50, 36, 8, 70, 55, 8, 22, 49, 10, 17, 55, 63, 8, 50, 17, 28]","[0, 1, 1, 1, 1, 1, 1, 1, 1, 0, 1, 1, 1, 1, 1, 1, 1, 1]","[1, 0, 0, 0, 0, 0, 0, 0, 0, 1, 0, 0, 0, 0, 0, 0, 0, 0]"
637,L2_arctic_WAV/HKK_arctic_a0058,"[56, 28, 60, 68, 54, 50, 7, 24, 55, 54, 7, 68, 60, 9, 8, 55, 68, 40, 50, 15, 3, 8, 39, 28, 29, 31, 50, 49, 17, 46, 8, 3, 49, 63, 64, 55, 52, 55, 49, 22, 24, 10, 52, 30, 46]","[56, 28, 60, 68, 54, 50, 7, 24, 55, 54, 7, 68, 60, 9, 8, 55, 68, 40, 50, 15, 3, 8, 39, 28, 29, 31, 50, 49, 17, 46, 8, 3, 49, 63, 64, 55, 52, 55, 49, 22, 49, 10, 52, 50, 46]","[1, 1, 1, 1, 1, 1, 1, 1, 1, 1, 1, 1, 1, 1, 1, 1, 1, 1, 1, 1, 1, 1, 1, 1, 1, 1, 1, 1, 1, 1, 1, 1, 1, 1, 1, 1, 1, 1, 1, 1, 0, 1, 1, 0, 1]","[0, 0, 0, 0, 0, 0, 0, 0, 0, 0, 0, 0, 0, 0, 0, 0, 0, 0, 0, 0, 0, 0, 0, 0, 0, 0, 0, 0, 0, 0, 0, 0, 0, 0, 0, 0, 0, 0, 0, 0, 1, 0, 0, 1, 0]"
638,L2_arctic_WAV/HKK_arctic_a0059,"[67, 24, 70, 24, 68, 64, 28, 29, 6, 30, 24, 3, 8, 48, 24, 50, 8, 55, 46, 36, 8, 70, 59, 40, 55]","[67, 49, 46, 24, 68, 64, 28, 29, 6, 30, 60, 3, 8, 48, 24, 50, 8, 55, 46, 36, 8, 46, 59, 14, 55]","[1, 0, 0, 1, 1, 1, 1, 1, 1, 1, 0, 1, 1, 1, 1, 1, 1, 1, 1, 1, 1, 0, 1, 0, 1]","[0, 1, 1, 0, 0, 0, 0, 0, 0, 0, 1, 0, 0, 0, 0, 0, 0, 0, 0, 0, 0, 1, 0, 1, 0]"
639,L2_arctic_WAV/HKK_arctic_a0060,"[52, 55, 49, 36, 60, 55, 14, 36, 8, 55, 46, 40, 67, 7, 30, 56, 28, 63, 64, 3]","[52, 55, 49, 36, 60, 55, 14, 36, 8, 55, 46, 14, 67, 7, 30, 56, 28, 58, 64, 3]","[1, 1, 1, 1, 1, 1, 1, 1, 1, 1, 1, 0, 1, 1, 1, 1, 1, 0, 1, 1]","[0, 0, 0, 0, 0, 0, 0, 0, 0, 0, 0, 1, 0, 0, 0, 0, 0, 1, 0, 0]"
640,L2_arctic_WAV/HKK_arctic_a0062,"[63, 8, 68, 52, 55, 46, 3, 52, 50, 58, 24, 55, 3, 6, 49, 35, 8, 63, 7, 70, 54, 60, 46]","[63, 8, 68, 64, 55, 46, 3, 24, 52, 50, 58, 24, 55, 3, 6, 49, 35, 8, 63, 7, 46, 54, 60, 46]","[1, 1, 1, 0, 1, 1, 1, 1, 1, 1, 1, 1, 1, 1, 1, 1, 1, 1, 1, 0, 1, 1, 1]","[0, 0, 0, 1, 0, 0, 0, 0, 0, 0, 0, 0, 0, 0, 0, 0, 0, 0, 0, 1, 0, 0, 0]"
641,L2_arctic_WAV/HKK_arctic_a0063,"[29, 52, 46, 24, 3, 36, 8, 70, 8, 68, 64, 55, 67, 6, 64, 46, 28, 3, 8, 46, 58, 50, 60, 55, 69, 7]","[29, 52, 46, 24, 3, 36, 8, 46, 8, 68, 64, 55, 67, 6, 17, 46, 28, 3, 8, 46, 3, 50, 60, 55, 69, 7]","[1, 1, 1, 1, 1, 1, 1, 0, 1, 1, 1, 1, 1, 1, 0, 1, 1, 1, 1, 1, 0, 1, 1, 1, 1, 1]","[0, 0, 0, 0, 0, 0, 0, 1, 0, 0, 0, 0, 0, 0, 1, 0, 0, 0, 0, 0, 1, 0, 0, 0, 0, 0]"
642,L2_arctic_WAV/HKK_arctic_a0064,"[63, 8, 54, 40, 50, 22, 8, 55, 58, 54, 24, 22, 58, 60, 70, 48, 64, 46, 3, 36, 24, 63, 15, 3, 52, 55, 49, 58, 24, 39, 52, 30, 8, 48, 68, 8, 55, 3, 46]","[63, 8, 54, 61, 50, 46, 8, 55, 58, 54, 24, 3, 46, 58, 60, 46, 48, 64, 46, 3, 36, 24, 58, 15, 3, 52, 55, 49, 58, 24, 37, 52, 30, 8, 48, 68, 8, 55, 3, 46]","[1, 1, 1, 0, 1, 0, 1, 1, 1, 1, 1, 0, 1, 1, 0, 1, 1, 1, 1, 1, 1, 0, 1, 1, 1, 1, 1, 1, 1, 0, 1, 1, 1, 1, 1, 1, 1, 1, 1]","[0, 0, 0, 1, 0, 1, 0, 0, 0, 0, 0, 1, 0, 0, 1, 0, 0, 0, 0, 0, 0, 1, 0, 0, 0, 0, 0, 0, 0, 1, 0, 0, 0, 0, 0, 0, 0, 0, 0]"
643,L2_arctic_WAV/HKK_arctic_a0065,"[63, 60, 28, 30, 14, 70, 58, 55, 15, 8, 55, 3, 24, 30, 67, 24, 70, 54, 24, 10, 59, 7, 70, 36, 7, 30, 56, 28, 28, 40, 50, 58, 70, 8, 39, 46, 3, 49, 30]","[63, 60, 28, 30, 14, 70, 58, 55, 15, 8, 55, 3, 24, 50, 67, 24, 70, 54, 24, 10, 59, 7, 46, 36, 7, 30, 56, 28, 28, 40, 50, 58, 70, 8, 39, 46, 3, 49, 30]","[1, 1, 1, 1, 1, 1, 1, 1, 1, 1, 1, 1, 1, 0, 1, 1, 1, 1, 1, 1, 1, 1, 0, 1, 1, 1, 1, 1, 1, 1, 1, 1, 1, 1, 1, 1, 1, 1, 1]","[0, 0, 0, 0, 0, 0, 0, 0, 0, 0, 0, 0, 0, 1, 0, 0, 0, 0, 0, 0, 0, 0, 1, 0, 0, 0, 0, 0, 0, 0, 0, 0, 0, 0, 0, 0, 0, 0, 0]"
644,L2_arctic_WAV/HKK_arctic_a0067,"[9, 31, 50, 30, 49, 56, 36, 24, 30, 24, 28, 46, 28, 29, 6, 70, 29, 6, 9, 49, 28, 50, 56, 58]","[9, 31, 50, 30, 49, 56, 36, 24, 50, 24, 28, 46, 28, 29, 70, 29, 6, 9, 49, 28, 50, 56, 3]","[1, 1, 1, 1, 1, 1, 1, 1, 0, 1, 1, 1, 1, 1, 0, 1, 1, 1, 1, 1, 1, 1, 1, 0]","[0, 0, 0, 0, 0, 0, 0, 0, 1, 0, 0, 0, 0, 0, 1, 0, 0, 0, 0, 0, 0, 0, 0, 1]"
645,L2_arctic_WAV/HKK_arctic_a0071,"[36, 8, 3, 36, 8, 70, 63, 49, 17, 37, 69, 52, 28, 3, 8, 39, 29, 31, 50, 30, 24, 3, 8, 30, 46, 52, 55, 46, 60, 9, 8, 55]","[36, 8, 3, 36, 8, 46, 63, 49, 17, 48, 8, 69, 52, 28, 3, 8, 39, 29, 31, 50, 30, 49, 3, 8, 30, 46, 52, 55, 46, 60, 9, 8, 55]","[1, 1, 1, 1, 1, 0, 1, 1, 1, 0, 1, 1, 1, 1, 1, 1, 1, 1, 1, 1, 0, 1, 1, 1, 1, 1, 1, 1, 1, 1, 1, 1]","[0, 0, 0, 0, 0, 1, 0, 0, 0, 1, 0, 0, 0, 0, 0, 0, 0, 0, 0, 0, 1, 0, 0, 0, 0, 0, 0, 0, 0, 0, 0, 0]"
646,L2_arctic_WAV/HKK_arctic_a0073,"[63, 8, 48, 50, 8, 68, 14, 3, 7, 70, 56, 70, 36, 7, 67, 52, 39, 49, 36, 24, 63, 30, 24, 3, 8, 30, 48, 8, 54, 49, 37, 64, 59, 70, 8, 55, 58, 7, 63, 52, 68]","[63, 8, 48, 50, 8, 68, 14, 3, 7, 46, 56, 70, 36, 7, 67, 64, 39, 49, 36, 24, 58, 30, 49, 3, 8, 50, 48, 8, 48, 49, 39, 64, 28, 46, 8, 55, 58, 7, 58, 52, 68]","[1, 1, 1, 1, 1, 1, 1, 1, 1, 0, 1, 1, 1, 1, 1, 0, 1, 1, 1, 1, 0, 1, 0, 1, 1, 0, 1, 1, 0, 1, 0, 1, 0, 0, 1, 1, 1, 1, 0, 1, 1]","[0, 0, 0, 0, 0, 0, 0, 0, 0, 1, 0, 0, 0, 0, 0, 1, 0, 0, 0, 0, 1, 0, 1, 0, 0, 1, 0, 0, 1, 0, 1, 0, 1, 1, 0, 0, 0, 0, 1, 0, 0]"
647,L2_arctic_WAV/HKK_arctic_a0075,"[63, 52, 50, 67, 64, 70, 37, 24, 55, 8, 35, 60, 55, 69, 9, 49, 24, 55, 3, 7, 8, 48, 3, 24, 58, 67, 24, 68]","[58, 52, 50, 67, 64, 70, 37, 24, 55, 8, 35, 60, 55, 69, 9, 49, 24, 55, 3, 7, 8, 48, 3, 24, 58, 67, 49, 68]","[0, 1, 1, 1, 1, 1, 1, 1, 1, 1, 1, 1, 1, 1, 1, 1, 1, 1, 1, 1, 1, 1, 1, 1, 1, 1, 0, 1]","[1, 0, 0, 0, 0, 0, 0, 0, 0, 0, 0, 0, 0, 0, 0, 0, 0, 0, 0, 0, 0, 0, 0, 0, 0, 0, 1, 0]"
648,L2_arctic_WAV/HKK_arctic_a0076,"[63, 8, 59, 50, 60, 56, 70, 54, 17, 30, 3, 7, 58, 63, 8, 54, 30, 8, 9, 58, 49, 48, 8, 55, 58]","[63, 8, 59, 50, 60, 56, 46, 54, 17, 50, 3, 7, 58, 58, 8, 54, 30, 8, 9, 58, 49, 48, 8, 55, 58]","[1, 1, 1, 1, 1, 1, 0, 1, 1, 0, 1, 1, 1, 0, 1, 1, 1, 1, 1, 1, 1, 1, 1, 1, 1]","[0, 0, 0, 0, 0, 0, 1, 0, 0, 1, 0, 0, 0, 1, 0, 0, 0, 0, 0, 0, 0, 0, 0, 0, 0]"
649,L2_arctic_WAV/HKK_arctic_a0077,"[24, 3, 24, 70, 63, 8, 54, 56, 7, 48, 17, 50, 3, 30, 49, 9, 49, 46, 52, 58]","[24, 3, 49, 46, 63, 8, 54, 56, 7, 48, 17, 50, 3, 30, 49, 9, 49, 46, 52, 58]","[1, 1, 0, 0, 1, 1, 1, 1, 1, 1, 1, 1, 1, 1, 1, 1, 1, 1, 1, 1]","[0, 0, 1, 1, 0, 0, 0, 0, 0, 0, 0, 0, 0, 0, 0, 0, 0, 0, 0, 0]"
650,L2_arctic_WAV/HKK_arctic_a0078,"[63, 52, 55, 64, 55, 58, 64, 3, 46, 8, 48, 7, 67, 49, 3, 50, 56, 58, 3, 8, 54, 64, 63, 8, 68, 67, 7]","[58, 52, 55, 64, 55, 58, 64, 3, 46, 8, 48, 7, 67, 49, 3, 50, 56, 58, 3, 8, 54, 64, 63, 8, 68, 67, 7]","[0, 1, 1, 1, 1, 1, 1, 1, 1, 1, 1, 1, 1, 1, 1, 1, 1, 1, 1, 1, 1, 1, 1, 1, 1, 1, 1]","[1, 0, 0, 0, 0, 0, 0, 0, 0, 0, 0, 0, 0, 0, 0, 0, 0, 0, 0, 0, 0, 0, 0, 0, 0, 0, 0]"
651,L2_arctic_WAV/HKK_arctic_a0079,"[24, 3, 36, 8, 70, 8, 30, 17, 50, 69, 28, 8, 55, 6]","[24, 3, 36, 8, 46, 8, 30, 17, 50, 69, 28, 8, 55, 6]","[1, 1, 1, 1, 0, 1, 1, 1, 1, 1, 1, 1, 1, 1]","[0, 0, 0, 0, 1, 0, 0, 0, 0, 0, 0, 0, 0, 0]"
652,L2_arctic_WAV/HKK_arctic_a0081,"[67, 36, 8, 3, 24, 54, 9, 49, 58, 24, 58, 55, 17, 3, 28, 8, 68, 3, 24, 63, 8, 50, 17, 28]","[67, 36, 8, 3, 24, 54, 9, 49, 58, 49, 58, 55, 17, 3, 28, 8, 68, 3, 24, 58, 8, 50, 17, 28]","[1, 1, 1, 1, 1, 1, 1, 1, 1, 0, 1, 1, 1, 1, 1, 1, 1, 1, 1, 0, 1, 1, 1, 1]","[0, 0, 0, 0, 0, 0, 0, 0, 0, 1, 0, 0, 0, 0, 0, 0, 0, 0, 0, 1, 0, 0, 0, 0]"
653,L2_arctic_WAV/HKK_arctic_a0082,"[67, 24, 70, 54, 60, 46, 36, 8, 70, 46, 58, 50, 49, 68, 24, 10, 36, 24, 63, 37, 30, 8, 58]","[67, 49, 46, 54, 60, 46, 36, 8, 70, 46, 3, 50, 49, 68, 24, 10, 36, 24, 58, 37, 30, 8, 58]","[1, 0, 0, 1, 1, 1, 1, 1, 1, 1, 0, 1, 1, 1, 1, 1, 1, 1, 0, 1, 1, 1, 1]","[0, 1, 1, 0, 0, 0, 0, 0, 0, 0, 1, 0, 0, 0, 0, 0, 0, 0, 1, 0, 0, 0, 0]"
654,L2_arctic_WAV/HKK_arctic_a0085,"[8, 3, 50, 24, 28, 8, 30, 8, 39, 54, 50, 52, 9, 37, 30, 8, 58, 50, 64, 55, 14, 39, 7, 67, 24, 70, 54, 60, 46]","[8, 3, 50, 24, 28, 8, 50, 8, 39, 54, 50, 52, 9, 37, 30, 8, 58, 50, 64, 55, 14, 39, 7, 67, 24, 46, 54, 60, 46]","[1, 1, 1, 1, 1, 1, 0, 1, 1, 1, 1, 1, 1, 1, 1, 1, 1, 1, 1, 1, 1, 1, 1, 1, 1, 0, 1, 1, 1]","[0, 0, 0, 0, 0, 0, 1, 0, 0, 0, 0, 0, 0, 0, 0, 0, 0, 0, 0, 0, 0, 0, 0, 0, 0, 1, 0, 0, 0]"
655,L2_arctic_WAV/HKK_arctic_a0086,"[58, 52, 22, 67, 64, 58, 28, 8, 68, 36, 24, 63, 3, 52, 50, 8, 37, 8, 30, 46, 8, 58, 8, 55, 55, 8, 46]","[58, 52, 46, 67, 64, 58, 28, 8, 68, 36, 24, 58, 3, 52, 61, 8, 37, 8, 50, 46, 8, 58, 8, 55, 55, 8, 46]","[1, 1, 0, 1, 1, 1, 1, 1, 1, 1, 1, 0, 1, 1, 0, 1, 1, 1, 0, 1, 1, 1, 1, 1, 1, 1, 1]","[0, 0, 1, 0, 0, 0, 0, 0, 0, 0, 0, 1, 0, 0, 1, 0, 0, 0, 1, 0, 0, 0, 0, 0, 0, 0, 0]"
656,L2_arctic_WAV/HKK_arctic_a0088,"[67, 49, 68, 60, 58, 9, 31, 50, 63, 64, 3, 63, 8, 68, 64, 59, 8, 70, 49, 55, 36, 8, 70, 30, 14, 58, 24, 58, 8, 55, 58, 50, 49, 70, 6, 68, 58, 67, 24, 70, 48, 64, 58, 30, 24, 10]","[67, 49, 68, 60, 58, 9, 31, 50, 58, 64, 3, 63, 8, 68, 64, 59, 8, 70, 49, 55, 36, 8, 70, 30, 14, 58, 24, 58, 8, 55, 58, 50, 49, 70, 6, 68, 58, 67, 49, 46, 48, 64, 58, 30, 24, 10]","[1, 1, 1, 1, 1, 1, 1, 1, 0, 1, 1, 1, 1, 1, 1, 1, 1, 1, 1, 1, 1, 1, 1, 1, 1, 1, 1, 1, 1, 1, 1, 1, 1, 1, 1, 1, 1, 1, 0, 0, 1, 1, 1, 1, 1, 1]","[0, 0, 0, 0, 0, 0, 0, 0, 1, 0, 0, 0, 0, 0, 0, 0, 0, 0, 0, 0, 0, 0, 0, 0, 0, 0, 0, 0, 0, 0, 0, 0, 0, 0, 0, 0, 0, 0, 1, 1, 0, 0, 0, 0, 0, 0]"
657,L2_arctic_WAV/HKK_arctic_a0089,"[63, 8, 55, 56, 3, 59, 30, 14, 36, 17, 70, 3, 50, 52, 35, 7, 8, 46, 3, 24, 9, 6, 3, 37, 56]","[58, 8, 55, 56, 3, 59, 30, 14, 36, 17, 46, 3, 50, 64, 35, 7, 8, 46, 3, 24, 9, 17, 48, 37, 56]","[0, 1, 1, 1, 1, 1, 1, 1, 1, 1, 0, 1, 1, 0, 1, 1, 1, 1, 1, 1, 1, 0, 0, 1, 1]","[1, 0, 0, 0, 0, 0, 0, 0, 0, 0, 1, 0, 0, 1, 0, 0, 0, 0, 0, 0, 0, 1, 1, 0, 0]"
658,L2_arctic_WAV/HKK_arctic_a0090,"[63, 8, 46, 24, 10, 24, 10, 39, 57, 46, 8, 48, 50, 14, 35, 3, 50, 64, 48, 8, 58, 30, 49]","[63, 8, 46, 24, 10, 24, 10, 39, 57, 46, 8, 48, 50, 14, 35, 3, 8, 50, 64, 48, 8, 58, 30, 49]","[1, 1, 1, 1, 1, 1, 1, 1, 1, 1, 1, 1, 1, 1, 1, 1, 1, 1, 1, 1, 1, 1, 1]","[0, 0, 0, 0, 0, 0, 0, 0, 0, 0, 0, 0, 0, 0, 0, 0, 0, 0, 0, 0, 0, 0, 0]"
659,L2_arctic_WAV/HKK_arctic_a0091,"[67, 24, 70, 37, 30, 8, 58, 59, 50, 6, 67, 17, 3, 36, 24, 63, 50, 60, 69, 64, 3, 63, 8, 22, 40, 3]","[67, 49, 46, 37, 30, 8, 58, 59, 50, 6, 67, 17, 3, 36, 24, 58, 8, 50, 60, 35, 64, 3, 58, 8, 22, 40, 3]","[1, 0, 0, 1, 1, 1, 1, 1, 1, 1, 1, 1, 1, 1, 1, 0, 1, 1, 0, 1, 1, 0, 1, 1, 1, 1]","[0, 1, 1, 0, 0, 0, 0, 0, 0, 0, 0, 0, 0, 0, 0, 1, 0, 0, 1, 0, 0, 1, 0, 0, 0, 0]"
660,L2_arctic_WAV/HKK_arctic_a0092,"[67, 49, 36, 52, 55, 3, 58, 15, 55, 24, 55, 68, 24, 58, 46, 58, 50, 49, 68, 46, 7, 35, 24, 10, 63, 8, 9, 64, 58, 14, 70, 8, 39, 37, 14, 22, 9, 40, 50, 70]","[49, 3, 36, 52, 55, 3, 58, 15, 55, 24, 55, 68, 24, 58, 46, 3, 50, 49, 68, 46, 7, 35, 24, 10, 63, 8, 9, 64, 58, 14, 46, 8, 39, 37, 14, 22, 9, 40, 50, 46]","[0, 1, 1, 1, 1, 1, 1, 1, 1, 1, 1, 1, 1, 1, 1, 0, 1, 1, 1, 1, 1, 1, 1, 1, 1, 1, 1, 1, 1, 1, 0, 1, 1, 1, 1, 1, 1, 1, 1, 0]","[1, 1, 0, 0, 0, 0, 0, 0, 0, 0, 0, 0, 0, 0, 0, 1, 0, 0, 0, 0, 0, 0, 0, 0, 0, 0, 0, 0, 0, 0, 1, 0, 0, 0, 0, 0, 0, 0, 0, 1]"
661,L2_arctic_WAV/HKK_arctic_a0093,"[54, 40, 50, 8, 54, 31, 30, 68, 24, 55, 8, 3, 67, 49, 28, 50, 15, 35, 3, 64, 55, 58, 30, 24, 46, 8, 55, 58]","[54, 40, 61, 8, 54, 31, 50, 68, 24, 55, 8, 3, 67, 49, 28, 50, 15, 35, 3, 64, 55, 58, 30, 24, 46, 8, 55, 58]","[1, 1, 0, 1, 1, 1, 0, 1, 1, 1, 1, 1, 1, 1, 1, 1, 1, 1, 1, 1, 1, 1, 1, 1, 1, 1, 1, 1]","[0, 0, 1, 0, 0, 0, 1, 0, 0, 0, 0, 0, 0, 0, 0, 0, 0, 0, 0, 0, 0, 0, 0, 0, 0, 0, 0, 0]"
662,L2_arctic_WAV/HKK_arctic_a0094,"[67, 49, 67, 64, 58, 37, 52, 50, 30, 49, 52, 55, 3, 7, 58, 63, 24, 46, 36, 52, 55, 67, 49, 46, 40, 63, 8, 59, 30, 14, 8, 39, 8, 54, 56, 7]","[67, 49, 67, 64, 58, 37, 52, 30, 30, 49, 52, 55, 3, 7, 58, 63, 49, 46, 36, 52, 55, 67, 49, 46, 14, 63, 8, 59, 30, 14, 8, 39, 8, 54, 56, 7]","[1, 1, 1, 1, 1, 1, 1, 0, 1, 1, 1, 1, 1, 1, 1, 1, 0, 1, 1, 1, 1, 1, 1, 1, 0, 1, 1, 1, 1, 1, 1, 1, 1, 1, 1, 1]","[0, 0, 0, 0, 0, 0, 0, 1, 0, 0, 0, 0, 0, 0, 0, 0, 1, 0, 0, 0, 0, 0, 0, 0, 1, 0, 0, 0, 0, 0, 0, 0, 0, 0, 0, 0]"
663,L2_arctic_WAV/HKK_arctic_a0095,"[8, 37, 24, 59, 28, 64, 55, 39, 8, 46, 3, 52, 55, 3, 36, 8, 70, 63, 8, 54, 7, 46, 3, 22, 24, 10, 3, 8, 28, 8, 68, 36, 24, 63, 24, 55, 67, 24, 70, 39, 24, 26, 8, 55]","[8, 37, 49, 59, 28, 64, 55, 39, 8, 46, 3, 64, 55, 3, 36, 8, 70, 63, 8, 54, 7, 46, 3, 22, 24, 10, 3, 8, 28, 17, 68, 36, 24, 63, 24, 55, 67, 24, 70, 39, 24, 69, 8, 55]","[1, 1, 0, 1, 1, 1, 1, 1, 1, 1, 1, 0, 1, 1, 1, 1, 1, 1, 1, 1, 1, 1, 1, 1, 1, 1, 1, 1, 1, 0, 1, 1, 1, 1, 1, 1, 1, 1, 1, 1, 1, 0, 1, 1]","[0, 0, 1, 0, 0, 0, 0, 0, 0, 0, 0, 1, 0, 0, 0, 0, 0, 0, 0, 0, 0, 0, 0, 0, 0, 0, 0, 0, 0, 1, 0, 0, 0, 0, 0, 0, 0, 0, 0, 0, 0, 1, 0, 0]"
664,L2_arctic_WAV/HKK_arctic_a0096,"[48, 7, 67, 64, 48, 46, 9, 49, 67, 64, 58, 40, 50, 52, 58, 49, 68, 52, 3, 67, 7, 54, 60, 3, 8, 30, 24, 3, 8, 30, 58, 49, 48, 7, 24, 55, 63, 8, 54, 40, 50, 8, 46, 3]","[48, 7, 67, 64, 48, 46, 9, 49, 67, 64, 58, 40, 50, 52, 58, 49, 68, 52, 3, 67, 7, 54, 60, 3, 8, 30, 49, 3, 8, 30, 58, 49, 48, 7, 24, 55, 63, 8, 54, 7, 50, 8, 46, 3]","[1, 1, 1, 1, 1, 1, 1, 1, 1, 1, 1, 1, 1, 1, 1, 1, 1, 1, 1, 1, 1, 1, 1, 1, 1, 1, 0, 1, 1, 1, 1, 1, 1, 1, 1, 1, 1, 1, 1, 0, 1, 1, 1, 1]","[0, 0, 0, 0, 0, 0, 0, 0, 0, 0, 0, 0, 0, 0, 0, 0, 0, 0, 0, 0, 0, 0, 0, 0, 0, 0, 1, 0, 0, 0, 0, 0, 0, 0, 0, 0, 0, 0, 0, 1, 0, 0, 0, 0]"
665,L2_arctic_WAV/HKK_arctic_a0097,"[63, 52, 55, 29, 6, 28, 8, 55, 7, 60, 55, 69, 29, 31, 50, 46, 52, 30, 54, 28, 8, 68, 54, 7, 3, 8, 37, 30, 49, 8, 68, 8, 10, 63, 49, 70, 50, 14, 37, 70, 24, 55, 63, 8, 37, 15]","[63, 64, 55, 29, 6, 28, 8, 55, 7, 64, 55, 69, 29, 31, 50, 46, 52, 30, 54, 28, 8, 68, 48, 7, 3, 8, 37, 30, 49, 8, 68, 8, 10, 58, 49, 46, 50, 14, 37, 46, 24, 55, 63, 8, 37, 15]","[1, 0, 1, 1, 1, 1, 1, 1, 1, 0, 1, 1, 1, 1, 1, 1, 1, 1, 1, 1, 1, 1, 0, 1, 1, 1, 1, 1, 1, 1, 1, 1, 1, 0, 1, 0, 1, 1, 1, 0, 1, 1, 1, 1, 1, 1]","[0, 1, 0, 0, 0, 0, 0, 0, 0, 1, 0, 0, 0, 0, 0, 0, 0, 0, 0, 0, 0, 0, 1, 0, 0, 0, 0, 0, 0, 0, 0, 0, 0, 1, 0, 1, 0, 0, 0, 1, 0, 0, 0, 0, 0, 0]"
666,L2_arctic_WAV/HKK_arctic_a0098,"[9, 64, 30, 56, 28, 52, 50, 49, 29, 6]","[9, 40, 30, 56, 28, 52, 50, 49, 29, 6]","[1, 0, 1, 1, 1, 1, 1, 1, 1, 1]","[0, 1, 0, 0, 0, 0, 0, 0, 0, 0]"
667,L2_arctic_WAV/HKK_arctic_a0099,"[8, 68, 64, 58, 8, 55, 24, 10, 69, 57, 48, 15, 55, 58, 24, 58, 24, 55, 67, 24, 70, 37, 50, 60, 55]","[8, 68, 64, 58, 8, 55, 24, 10, 69, 57, 48, 15, 55, 58, 24, 58, 24, 55, 67, 24, 70, 37, 50, 60, 55]","[1, 1, 1, 1, 1, 1, 1, 1, 1, 1, 1, 1, 1, 1, 1, 1, 1, 1, 1, 1, 1, 1, 1, 1, 1]","[0, 0, 0, 0, 0, 0, 0, 0, 0, 0, 0, 0, 0, 0, 0, 0, 0, 0, 0, 0, 0, 0, 0, 0, 0]"
668,L2_arctic_WAV/HKK_arctic_a0100,"[29, 6, 68, 8, 46, 3, 46, 30, 49, 48, 67, 49, 7, 69, 58]","[29, 6, 68, 8, 46, 46, 30, 49, 48, 67, 49, 7, 69, 52, 58]","[1, 1, 1, 1, 1, 0, 1, 1, 1, 1, 1, 1, 1, 1, 1]","[0, 0, 0, 0, 0, 1, 0, 0, 0, 0, 0, 0, 0, 0, 0]"
669,L2_arctic_WAV/HKK_arctic_a0101,"[29, 6, 29, 6, 36, 31, 58, 55, 17, 3, 28, 49, 48, 63, 8, 3, 50, 6, 22, 54, 50, 8, 68, 68, 49]","[29, 6, 29, 6, 36, 31, 58, 55, 17, 28, 49, 63, 8, 3, 50, 6, 22, 54, 50, 8, 68, 68, 49]","[1, 1, 1, 1, 1, 1, 1, 1, 1, 0, 1, 1, 0, 1, 1, 1, 1, 1, 1, 1, 1, 1, 1, 1, 1]","[0, 0, 0, 0, 0, 0, 0, 0, 0, 1, 0, 0, 1, 0, 0, 0, 0, 0, 0, 0, 0, 0, 0, 0, 0]"
670,L2_arctic_WAV/HKK_arctic_a0102,"[67, 49, 36, 8, 30, 54, 17, 30, 14, 8, 46, 46, 6, 55]","[67, 49, 36, 8, 66, 54, 17, 30, 14, 8, 46, 46, 6, 55]","[1, 1, 1, 1, 0, 1, 1, 1, 1, 1, 1, 1, 1, 1]","[0, 0, 0, 0, 1, 0, 0, 0, 0, 0, 0, 0, 0, 0]"
671,L2_arctic_WAV/HKK_arctic_a0103,"[37, 8, 3, 63, 52, 50, 28, 60, 68, 55, 14, 48, 50, 17, 68, 8, 46, 54, 50, 8, 68, 63, 8, 37, 15, 8, 39, 63, 8, 28, 8, 55, 6]","[37, 8, 3, 58, 52, 50, 28, 52, 68, 55, 14, 48, 50, 17, 68, 24, 46, 54, 50, 8, 68, 63, 8, 37, 15, 8, 39, 63, 8, 28, 8, 55, 6]","[1, 1, 1, 0, 1, 1, 1, 0, 1, 1, 1, 1, 1, 1, 1, 0, 1, 1, 1, 1, 1, 1, 1, 1, 1, 1, 1, 1, 1, 1, 1, 1, 1]","[0, 0, 0, 1, 0, 0, 0, 1, 0, 0, 0, 0, 0, 0, 0, 1, 0, 0, 0, 0, 0, 0, 0, 0, 0, 0, 0, 0, 0, 0, 0, 0, 0]"
672,L2_arctic_WAV/HKK_arctic_a0104,"[9, 49, 36, 8, 70, 46, 30, 49, 48, 24, 10, 8, 55, 58, 7, 67, 24, 70, 48, 7, 3, 52, 28, 9, 8, 55, 64, 70, 46, 36, 49, 3, 30, 49, 64, 70, 8, 35, 56, 30, 58]","[9, 49, 36, 8, 70, 46, 30, 49, 48, 24, 10, 8, 55, 58, 7, 67, 24, 70, 48, 7, 3, 52, 28, 9, 8, 55, 64, 70, 46, 36, 49, 3, 30, 49, 64, 70, 8, 35, 56, 30, 58]","[1, 1, 1, 1, 1, 1, 1, 1, 1, 1, 1, 1, 1, 1, 1, 1, 1, 1, 1, 1, 1, 1, 1, 1, 1, 1, 1, 1, 1, 1, 1, 1, 1, 1, 1, 1, 1, 1, 1, 1, 1]","[0, 0, 0, 0, 0, 0, 0, 0, 0, 0, 0, 0, 0, 0, 0, 0, 0, 0, 0, 0, 0, 0, 0, 0, 0, 0, 0, 0, 0, 0, 0, 0, 0, 0, 0, 0, 0, 0, 0, 0, 0]"
673,L2_arctic_WAV/HKK_arctic_a0105,"[14, 55, 30, 49, 24, 3, 24, 70, 46, 14, 36, 8, 55, 58, 7, 54, 8, 30, 46, 14, 40, 30, 68, 14, 46, 3, 24, 68, 48, 17, 46, 8, 37, 8, 30, 3, 8, 37, 24, 30, 49, 39]","[40, 55, 30, 49, 24, 3, 36, 8, 46, 46, 40, 36, 8, 55, 58, 7, 54, 8, 50, 46, 40, 40, 30, 68, 14, 46, 24, 68, 48, 17, 46, 8, 37, 8, 30, 3, 31, 37, 8, 30, 49, 39]","[0, 1, 1, 1, 1, 1, 0, 0, 1, 0, 1, 1, 1, 1, 1, 1, 1, 0, 1, 0, 1, 1, 1, 1, 1, 0, 1, 1, 1, 1, 1, 1, 1, 1, 1, 1, 0, 1, 0, 1, 1, 1]","[1, 0, 0, 0, 0, 0, 1, 1, 0, 1, 0, 0, 0, 0, 0, 0, 0, 1, 0, 1, 0, 0, 0, 0, 0, 1, 0, 0, 0, 0, 0, 0, 0, 0, 0, 0, 1, 0, 1, 0, 0, 0]"
674,L2_arctic_WAV/HKK_arctic_a0106,"[63, 49, 24, 68, 14, 9, 8, 55, 36, 24, 35, 9, 49, 67, 64, 58, 46, 8, 48, 50, 52, 46, 3, 37, 7, 46, 3, 54, 40, 50, 22, 55, 15, 24, 55, 8, 35, 14, 28, 24, 10, 46, 17, 37]","[63, 49, 24, 68, 40, 9, 8, 55, 36, 24, 35, 9, 49, 46, 8, 48, 50, 52, 46, 3, 37, 7, 46, 3, 8, 54, 8, 50, 46, 55, 15, 24, 55, 8, 35, 40, 28, 24, 10, 46, 17, 37]","[1, 1, 1, 1, 0, 1, 1, 1, 1, 1, 1, 1, 1, 0, 0, 0, 1, 1, 1, 1, 1, 1, 1, 1, 1, 1, 1, 1, 0, 1, 0, 1, 1, 1, 1, 1, 1, 0, 1, 1, 1, 1, 1, 1]","[0, 0, 0, 0, 1, 0, 0, 0, 0, 0, 0, 0, 0, 1, 1, 1, 0, 0, 0, 0, 0, 0, 0, 0, 0, 0, 0, 0, 1, 0, 1, 0, 0, 0, 0, 0, 0, 1, 0, 0, 0, 0, 0, 0]"
675,L2_arctic_WAV/HKK_arctic_a0107,"[24, 54, 29, 6, 14, 55, 30, 49, 28, 31, 58, 55, 14, 67, 15, 56, 22, 64, 10, 28, 29, 6]","[24, 54, 29, 6, 40, 55, 30, 49, 28, 31, 55, 40, 67, 15, 56, 22, 64, 10, 28, 29, 6]","[1, 1, 1, 1, 0, 1, 1, 1, 1, 1, 0, 1, 0, 1, 1, 1, 1, 1, 1, 1, 1, 1]","[0, 0, 0, 0, 1, 0, 0, 0, 0, 0, 1, 0, 1, 0, 0, 0, 0, 0, 0, 0, 0, 0]"
676,L2_arctic_WAV/HKK_arctic_a0108,"[67, 49, 36, 60, 58, 24, 58, 24, 55, 3, 6, 63, 49, 52, 69, 8, 39, 63, 8, 36, 40, 3, 7, 64, 55, 58, 37, 24, 59, 64, 55, 46, 28, 50, 8, 37, 24, 10, 67, 24, 68, 46, 52, 30, 54]","[67, 49, 36, 60, 58, 24, 58, 24, 55, 3, 6, 63, 49, 52, 69, 8, 39, 63, 8, 36, 40, 3, 7, 64, 55, 37, 24, 59, 64, 55, 46, 28, 50, 8, 37, 24, 10, 24, 68, 46, 52, 30, 54]","[1, 1, 1, 1, 1, 1, 1, 1, 1, 1, 1, 1, 1, 1, 1, 1, 1, 1, 1, 1, 1, 1, 1, 1, 1, 0, 1, 1, 1, 1, 1, 1, 1, 1, 1, 1, 1, 1, 0, 1, 1, 1, 1, 1, 1]","[0, 0, 0, 0, 0, 0, 0, 0, 0, 0, 0, 0, 0, 0, 0, 0, 0, 0, 0, 0, 0, 0, 0, 0, 0, 1, 0, 0, 0, 0, 0, 0, 0, 0, 0, 0, 0, 0, 1, 0, 0, 0, 0, 0, 0]"
677,L2_arctic_WAV/HKK_arctic_a0109,"[58, 6, 29, 6, 55, 14, 63, 64, 3, 29, 6, 7, 9, 60, 28, 24, 10, 68, 56, 28, 17, 55, 54, 8, 58, 8, 55, 46, 24, 55, 29, 6]","[58, 6, 29, 6, 55, 14, 58, 64, 3, 29, 6, 7, 9, 60, 28, 24, 10, 68, 56, 28, 17, 55, 54, 24, 58, 52, 55, 46, 24, 55, 29, 6]","[1, 1, 1, 1, 1, 1, 0, 1, 1, 1, 1, 1, 1, 1, 1, 1, 1, 1, 1, 1, 1, 1, 1, 0, 1, 0, 1, 1, 1, 1, 1, 1]","[0, 0, 0, 0, 0, 0, 1, 0, 0, 0, 0, 0, 0, 0, 0, 0, 0, 0, 0, 0, 0, 0, 0, 1, 0, 1, 0, 0, 0, 0, 0, 0]"
678,L2_arctic_WAV/HKK_arctic_a0111,"[24, 55, 46, 3, 52, 58, 67, 49, 69, 57, 55, 58, 67, 7, 64, 55, 58, 63, 60, 60, 3, 30, 56, 28, 3, 6, 67, 8, 10, 59, 50, 49, 35, 24, 30, 58, 50, 8, 55]","[24, 55, 46, 3, 52, 58, 49, 69, 57, 55, 58, 7, 64, 55, 58, 63, 60, 64, 3, 30, 56, 3, 6, 67, 8, 10, 59, 50, 49, 35, 24, 30, 58, 50, 8, 55]","[1, 1, 1, 1, 1, 1, 0, 1, 1, 1, 1, 1, 0, 1, 1, 1, 1, 1, 1, 0, 1, 1, 1, 0, 1, 1, 1, 1, 1, 1, 1, 1, 1, 1, 1, 1, 1, 1, 1]","[0, 0, 0, 0, 0, 0, 1, 0, 0, 0, 0, 0, 1, 0, 0, 0, 0, 0, 0, 1, 0, 0, 0, 1, 0, 0, 0, 0, 0, 0, 0, 0, 0, 0, 0, 0, 0, 0, 0]"
679,L2_arctic_WAV/HKK_arctic_a0112,"[67, 49, 36, 8, 70, 36, 6, 55, 58, 24, 58, 24, 55, 63, 49, 17, 50, 68]","[67, 49, 36, 8, 70, 36, 6, 55, 58, 24, 58, 24, 55, 63, 49, 17, 68]","[1, 1, 1, 1, 1, 1, 1, 1, 1, 1, 1, 1, 1, 1, 1, 1, 0, 1]","[0, 0, 0, 0, 0, 0, 0, 0, 0, 0, 0, 0, 0, 0, 0, 0, 1, 0]"
680,L2_arctic_WAV/HKK_arctic_a0113,"[56, 46, 8, 48, 14, 70, 29, 6, 48, 24, 28, 3, 63, 64, 3, 30, 24, 10, 59, 14, 8, 48, 8, 68, 8, 10, 63, 49, 24, 55, 58, 49, 8, 55, 70]","[56, 46, 8, 48, 14, 70, 29, 6, 48, 24, 28, 3, 63, 64, 3, 30, 24, 10, 59, 14, 8, 48, 8, 68, 8, 10, 63, 49, 24, 55, 58, 49, 8, 55, 46]","[1, 1, 1, 1, 1, 1, 1, 1, 1, 1, 1, 1, 1, 1, 1, 1, 1, 1, 1, 1, 1, 1, 1, 1, 1, 1, 1, 1, 1, 1, 1, 1, 1, 1, 0]","[0, 0, 0, 0, 0, 0, 0, 0, 0, 0, 0, 0, 0, 0, 0, 0, 0, 0, 0, 0, 0, 0, 0, 0, 0, 0, 0, 0, 0, 0, 0, 0, 0, 0, 1]"
681,L2_arctic_WAV/HKK_arctic_a0115,"[67, 49, 67, 64, 58, 55, 14, 24, 28, 46, 28, 29, 6, 70, 54, 50, 7, 63, 8, 54, 49, 30, 24, 10, 70, 36, 24, 35, 36, 7, 7, 15, 70, 58, 24, 55, 67, 24, 68]","[67, 49, 64, 58, 55, 40, 24, 28, 46, 28, 29, 6, 46, 54, 7, 63, 8, 54, 49, 30, 24, 10, 70, 36, 24, 35, 36, 7, 7, 15, 70, 58, 24, 55, 67, 24, 68]","[1, 1, 0, 1, 1, 1, 0, 1, 1, 1, 1, 1, 1, 0, 1, 0, 1, 1, 1, 1, 1, 1, 1, 1, 1, 1, 1, 1, 1, 1, 1, 1, 1, 1, 1, 1, 1, 1, 1]","[0, 0, 1, 0, 0, 0, 1, 0, 0, 0, 0, 0, 0, 1, 0, 1, 0, 0, 0, 0, 0, 0, 0, 0, 0, 0, 0, 0, 0, 0, 0, 0, 0, 0, 0, 0, 0, 0, 0]"
682,L2_arctic_WAV/HKK_arctic_a0116,"[36, 8, 70, 24, 3, 63, 8, 50, 17, 55, 58, 24, 39, 6, 8, 39, 63, 14, 70, 67, 6, 36, 7, 46, 3, 50, 56, 39, 24, 10, 3, 6, 36, 7, 28, 67, 24, 70, 50, 6, 24, 55]","[36, 8, 70, 24, 63, 8, 50, 17, 55, 58, 24, 39, 29, 6, 8, 39, 63, 14, 70, 67, 6, 36, 7, 46, 3, 50, 56, 39, 24, 10, 3, 6, 36, 7, 28, 67, 24, 46, 50, 6, 24, 55]","[1, 1, 1, 1, 0, 1, 1, 1, 1, 1, 1, 1, 1, 1, 1, 1, 1, 1, 1, 1, 1, 1, 1, 1, 1, 1, 1, 1, 1, 1, 1, 1, 1, 1, 1, 1, 1, 0, 1, 1, 1, 1]","[0, 0, 0, 0, 1, 0, 0, 0, 0, 0, 0, 0, 0, 0, 0, 0, 0, 0, 0, 0, 0, 0, 0, 0, 0, 0, 0, 0, 0, 0, 0, 0, 0, 0, 0, 0, 0, 1, 0, 0, 0, 0]"
683,L2_arctic_WAV/HKK_arctic_a0117,"[9, 49, 64, 58, 24, 58, 36, 24, 63, 69, 52, 55, 29, 8, 36, 8, 55, 46, 24, 68, 48, 8, 22, 49, 24, 55, 67, 7, 54, 60, 46, 8, 55, 58, 39, 57, 46]","[9, 49, 64, 58, 24, 58, 36, 24, 69, 52, 55, 29, 8, 36, 8, 55, 46, 24, 68, 48, 8, 22, 49, 24, 55, 67, 7, 54, 60, 46, 8, 55, 58, 39, 57, 46]","[1, 1, 1, 1, 1, 1, 1, 1, 0, 1, 1, 1, 1, 1, 1, 1, 1, 1, 1, 1, 1, 1, 1, 1, 1, 1, 1, 1, 1, 1, 1, 1, 1, 1, 1, 1, 1]","[0, 0, 0, 0, 0, 0, 0, 0, 1, 0, 0, 0, 0, 0, 0, 0, 0, 0, 0, 0, 0, 0, 0, 0, 0, 0, 0, 0, 0, 0, 0, 0, 0, 0, 0, 0, 0]"
684,L2_arctic_WAV/HKK_arctic_a0120,"[68, 56, 50, 56, 3, 54, 31, 3, 54, 49, 30, 70, 30, 56, 28, 63, 64, 3, 8, 39, 8, 35, 56, 55, 49, 70, 58, 52, 37, 29, 8, 3, 17, 55, 3]","[68, 56, 50, 56, 3, 54, 31, 3, 54, 49, 30, 46, 30, 56, 63, 64, 3, 8, 39, 35, 56, 55, 49, 70, 58, 52, 37, 29, 8, 3, 17, 55, 3]","[1, 1, 1, 1, 1, 1, 1, 1, 1, 1, 1, 0, 1, 1, 0, 1, 1, 1, 1, 1, 0, 1, 1, 1, 1, 1, 1, 1, 1, 1, 1, 1, 1, 1, 1]","[0, 0, 0, 0, 0, 0, 0, 0, 0, 0, 0, 1, 0, 0, 1, 0, 0, 0, 0, 0, 1, 0, 0, 0, 0, 0, 0, 0, 0, 0, 0, 0, 0, 0, 0]"
685,L2_arctic_WAV/HKK_arctic_a0121,"[63, 60, 60, 3, 58, 24, 55, 7, 64, 3, 63, 8, 54, 24, 54, 22, 64, 55, 58, 50, 52, 46, 3, 24, 58, 54, 50, 7, 3, 6, 15, 7, 70]","[58, 60, 60, 3, 3, 24, 55, 7, 64, 3, 63, 8, 54, 24, 54, 46, 64, 55, 50, 52, 46, 3, 24, 58, 54, 7, 3, 6, 15, 7, 46]","[0, 1, 1, 1, 0, 1, 1, 1, 1, 1, 1, 1, 1, 1, 1, 0, 1, 1, 0, 1, 1, 1, 1, 1, 1, 1, 0, 1, 1, 1, 1, 1, 0]","[1, 0, 0, 0, 1, 0, 0, 0, 0, 0, 0, 0, 0, 0, 0, 1, 0, 0, 1, 0, 0, 0, 0, 0, 0, 0, 1, 0, 0, 0, 0, 0, 1]"
686,L2_arctic_WAV/HKK_arctic_a0122,"[3, 6, 29, 24, 50, 70, 8, 59, 14, 56, 59, 60, 39, 8, 48, 46, 24, 39, 8, 30, 24, 70, 60, 9, 8, 55, 54, 50, 7, 63, 24, 46]","[3, 6, 29, 24, 50, 46, 8, 59, 40, 56, 59, 60, 39, 8, 54, 46, 24, 39, 8, 30, 56, 69, 60, 9, 8, 55, 54, 7, 58, 24, 46]","[1, 1, 1, 1, 1, 0, 1, 1, 0, 1, 1, 1, 1, 1, 0, 1, 1, 1, 1, 1, 0, 0, 1, 1, 1, 1, 1, 0, 1, 0, 1, 1]","[0, 0, 0, 0, 0, 1, 0, 0, 1, 0, 0, 0, 0, 0, 1, 0, 0, 0, 0, 0, 1, 1, 0, 0, 0, 0, 0, 1, 0, 1, 0, 0]"
687,L2_arctic_WAV/HKK_arctic_a0123,"[9, 49, 67, 64, 58, 58, 56, 58, 54, 50, 8, 68, 28, 14, 30, 58, 64, 55, 58, 46, 3, 17, 50, 39, 60, 9, 8, 55]","[9, 49, 67, 64, 58, 58, 56, 58, 54, 50, 8, 68, 28, 40, 30, 58, 64, 55, 58, 46, 3, 17, 50, 39, 60, 9, 8, 55]","[1, 1, 1, 1, 1, 1, 1, 1, 1, 1, 1, 1, 1, 0, 1, 1, 1, 1, 1, 1, 1, 1, 1, 1, 1, 1, 1, 1]","[0, 0, 0, 0, 0, 0, 0, 0, 0, 0, 0, 0, 0, 1, 0, 0, 0, 0, 0, 0, 0, 0, 0, 0, 0, 0, 0, 0]"
688,L2_arctic_WAV/HKK_arctic_a0125,"[67, 49, 36, 8, 70, 58, 24, 3, 7, 68, 8, 55, 58, 55, 15, 3, 6, 68, 60, 55, 3, 60, 55, 8, 68, 40, 50, 46, 7, 3, 8, 55, 67, 14, 30, 58, 8, 48, 17, 55, 67, 24, 68, 46, 52, 30, 54]","[67, 49, 36, 8, 70, 58, 24, 3, 7, 68, 8, 55, 55, 15, 3, 6, 68, 60, 55, 3, 60, 55, 8, 68, 40, 50, 46, 7, 3, 8, 55, 67, 40, 50, 58, 8, 48, 17, 55, 24, 68, 46, 52, 30, 54]","[1, 1, 1, 1, 1, 1, 1, 1, 1, 1, 1, 1, 0, 1, 1, 1, 1, 1, 1, 1, 1, 1, 1, 1, 1, 1, 1, 1, 1, 1, 1, 1, 1, 0, 0, 1, 1, 1, 1, 1, 0, 1, 1, 1, 1, 1, 1]","[0, 0, 0, 0, 0, 0, 0, 0, 0, 0, 0, 0, 1, 0, 0, 0, 0, 0, 0, 0, 0, 0, 0, 0, 0, 0, 0, 0, 0, 0, 0, 0, 0, 1, 1, 0, 0, 0, 0, 0, 1, 0, 0, 0, 0, 0, 0]"
689,L2_arctic_WAV/HKK_arctic_a0126,"[49, 35, 58, 60, 9, 49, 37, 49, 28, 60, 68, 8, 68, 40, 50, 39, 56, 3, 8, 30, 48, 17, 50, 3, 8, 39, 67, 24, 68]","[49, 35, 58, 60, 9, 49, 37, 49, 28, 60, 68, 8, 68, 40, 50, 39, 56, 3, 8, 50, 48, 17, 50, 3, 8, 39, 24, 68]","[1, 1, 1, 1, 1, 1, 1, 1, 1, 1, 1, 1, 1, 1, 1, 1, 1, 1, 1, 0, 1, 1, 1, 1, 1, 1, 0, 1, 1]","[0, 0, 0, 0, 0, 0, 0, 0, 0, 0, 0, 0, 0, 0, 0, 0, 0, 0, 0, 1, 0, 0, 0, 0, 0, 0, 1, 0, 0]"
690,L2_arctic_WAV/HKK_arctic_a0127,"[24, 3, 36, 8, 70, 8, 3, 52, 68, 3, 60, 9, 8, 55, 37, 8, 3, 67, 49, 50, 49, 70, 24, 46, 3, 24, 58, 24, 3]","[24, 3, 36, 8, 46, 8, 3, 52, 68, 48, 60, 9, 8, 55, 37, 8, 3, 67, 49, 50, 49, 70, 24, 46, 3, 24, 58, 24, 3]","[1, 1, 1, 1, 0, 1, 1, 1, 1, 0, 1, 1, 1, 1, 1, 1, 1, 1, 1, 1, 1, 1, 1, 1, 1, 1, 1, 1, 1]","[0, 0, 0, 0, 1, 0, 0, 0, 0, 1, 0, 0, 0, 0, 0, 0, 0, 0, 0, 0, 0, 0, 0, 0, 0, 0, 0, 0, 0]"
691,L2_arctic_WAV/HKK_arctic_a0128,"[63, 24, 46, 36, 8, 55, 67, 14, 48, 36, 8, 70, 58, 24, 46, 3, 50, 57, 58, 64, 70, 28, 36, 24, 28, 30, 49, 64, 70, 24, 3, 36, 8, 70, 37, 40, 50, 55]","[63, 24, 46, 36, 8, 55, 67, 17, 36, 8, 70, 58, 24, 46, 3, 50, 57, 58, 64, 70, 28, 36, 24, 28, 30, 49, 64, 70, 24, 3, 36, 8, 70, 37, 40, 55]","[1, 1, 1, 1, 1, 1, 1, 0, 0, 1, 1, 1, 1, 1, 1, 1, 1, 1, 1, 1, 1, 1, 1, 1, 1, 1, 1, 1, 1, 1, 1, 1, 1, 1, 1, 1, 0, 1]","[0, 0, 0, 0, 0, 0, 0, 1, 1, 0, 0, 0, 0, 0, 0, 0, 0, 0, 0, 0, 0, 0, 0, 0, 0, 0, 0, 0, 0, 0, 0, 0, 0, 0, 0, 0, 1, 0]"
692,L2_arctic_WAV/HKK_arctic_a0129,"[67, 7, 54, 60, 46, 36, 8, 70, 8, 59, 60, 55, 46, 3, 67, 24, 70, 37, 50, 52, 46, 3]","[67, 7, 54, 60, 46, 36, 8, 70, 8, 59, 60, 55, 46, 3, 24, 70, 37, 50, 52, 46, 3]","[1, 1, 1, 1, 1, 1, 1, 1, 1, 1, 1, 1, 1, 1, 0, 1, 1, 1, 1, 1, 1, 1]","[0, 0, 0, 0, 0, 0, 0, 0, 0, 0, 0, 0, 0, 0, 1, 0, 0, 0, 0, 0, 0, 0]"
693,L2_arctic_WAV/HKK_arctic_a0130,"[9, 49, 36, 8, 70, 67, 24, 70, 55, 15, 54, 7, 52, 39, 7]","[9, 49, 36, 8, 70, 24, 70, 55, 15, 54, 7, 52, 39, 7]","[1, 1, 1, 1, 1, 0, 1, 1, 1, 1, 1, 1, 1, 1, 1]","[0, 0, 0, 0, 0, 1, 0, 0, 0, 0, 0, 0, 0, 0, 0]"
694,L2_arctic_WAV/HKK_arctic_a0131,"[48, 50, 17, 39, 8, 58, 8, 55, 46, 67, 64, 58, 58, 24, 30, 24, 39, 7, 58, 67, 24, 68, 22, 50, 6, 63, 8, 68, 60, 30, 46, 3, 50, 8, 68]","[48, 50, 17, 39, 8, 58, 8, 55, 46, 67, 64, 58, 58, 24, 30, 24, 39, 7, 58, 67, 24, 68, 22, 50, 6, 58, 8, 68, 60, 30, 46, 3, 40, 68]","[1, 1, 1, 1, 1, 1, 1, 1, 1, 1, 1, 1, 1, 1, 1, 1, 1, 1, 1, 1, 1, 1, 1, 1, 1, 0, 1, 1, 1, 1, 1, 1, 0, 0, 1]","[0, 0, 0, 0, 0, 0, 0, 0, 0, 0, 0, 0, 0, 0, 0, 0, 0, 0, 0, 0, 0, 0, 0, 0, 0, 1, 0, 0, 0, 0, 0, 0, 1, 1, 0]"
695,L2_arctic_WAV/HKK_arctic_a0134,"[67, 49, 14, 37, 60, 58, 63, 8, 48, 50, 52, 9, 7, 8, 39, 67, 7, 67, 64, 55, 58]","[67, 49, 40, 37, 60, 58, 63, 8, 48, 50, 52, 9, 7, 8, 39, 67, 7, 67, 64, 55, 58, 46]","[1, 1, 0, 1, 1, 1, 1, 1, 1, 1, 1, 1, 1, 1, 1, 1, 1, 1, 1, 1, 1]","[0, 0, 1, 0, 0, 0, 0, 0, 0, 0, 0, 0, 0, 0, 0, 0, 0, 0, 0, 0, 0]"
696,L2_arctic_WAV/HKK_arctic_a0136,"[8, 37, 15, 3, 24, 68, 52, 39, 50, 49, 36, 52, 50, 36, 7, 63, 8, 52, 39, 8, 58, 8, 55, 46, 8, 70, 8, 39, 30, 8, 59, 26, 7, 49, 64, 55, 58, 8, 39, 60, 69]","[8, 37, 15, 3, 24, 68, 52, 39, 50, 49, 36, 52, 50, 36, 7, 63, 8, 52, 39, 8, 58, 8, 55, 46, 24, 46, 8, 39, 8, 30, 8, 59, 9, 7, 49, 64, 55, 8, 39, 60, 69]","[1, 1, 1, 1, 1, 1, 1, 1, 1, 1, 1, 1, 1, 1, 1, 1, 1, 1, 1, 1, 1, 1, 1, 1, 0, 0, 1, 1, 1, 1, 1, 0, 1, 1, 1, 1, 0, 1, 1, 1, 1]","[0, 0, 0, 0, 0, 0, 0, 0, 0, 0, 0, 0, 0, 0, 0, 0, 0, 0, 0, 0, 0, 0, 0, 0, 1, 1, 0, 0, 0, 0, 0, 1, 0, 0, 0, 0, 1, 0, 0, 0, 0]"
697,L2_arctic_WAV/HKK_arctic_a0137,"[63, 52, 55, 67, 49, 46, 3, 52, 48, 3, 37, 64, 28, 36, 24, 63, 8, 30, 14, 28, 50, 56, 8, 39, 48, 30, 52, 26, 7]","[63, 52, 55, 67, 49, 46, 3, 52, 37, 64, 36, 24, 63, 8, 30, 14, 28, 50, 56, 8, 39, 48, 30, 52, 69, 7]","[1, 1, 1, 1, 1, 1, 1, 1, 0, 0, 1, 1, 0, 1, 1, 1, 1, 1, 1, 1, 1, 1, 1, 1, 1, 1, 1, 0, 1]","[0, 0, 0, 0, 0, 0, 0, 0, 1, 1, 0, 0, 1, 0, 0, 0, 0, 0, 0, 0, 0, 0, 0, 0, 0, 0, 0, 1, 0]"
698,L2_arctic_WAV/HKK_arctic_a0139,"[67, 49, 3, 14, 30, 58, 67, 24, 68, 46, 52, 30, 54, 63, 64, 3, 64, 70, 67, 49, 36, 17, 9, 3, 67, 24, 68, 46, 52, 30, 54, 64, 55, 58, 59, 50, 6, 68, 58, 67, 24, 70, 58, 24, 9, 52, 39, 8, 30, 58, 28, 30, 14, 63, 70]","[67, 49, 3, 14, 30, 58, 24, 68, 46, 52, 30, 54, 63, 64, 3, 64, 70, 49, 36, 17, 9, 3, 24, 68, 46, 52, 30, 54, 64, 55, 58, 59, 50, 6, 68, 58, 24, 46, 58, 24, 9, 52, 39, 8, 30, 58, 28, 30, 14, 22]","[1, 1, 1, 1, 1, 1, 0, 1, 1, 1, 1, 1, 1, 1, 1, 1, 1, 1, 0, 1, 1, 1, 1, 1, 0, 1, 1, 1, 1, 1, 1, 1, 1, 1, 1, 1, 1, 1, 1, 0, 1, 0, 1, 1, 1, 1, 1, 1, 1, 1, 1, 1, 1, 0, 0]","[0, 0, 0, 0, 0, 0, 1, 0, 0, 0, 0, 0, 0, 0, 0, 0, 0, 0, 1, 0, 0, 0, 0, 0, 1, 0, 0, 0, 0, 0, 0, 0, 0, 0, 0, 0, 0, 0, 0, 1, 0, 1, 0, 0, 0, 0, 0, 0, 0, 0, 0, 0, 0, 1, 1]"
699,L2_arctic_WAV/HKK_arctic_a0143,"[17, 56, 67, 64, 58, 54, 40, 50, 59, 17, 3, 8, 55, 67, 49, 24, 28, 46, 28, 30, 60, 68, 58]","[17, 56, 67, 64, 58, 54, 40, 50, 59, 17, 3, 8, 55, 67, 49, 24, 28, 46, 28, 30, 60, 68, 58]","[1, 1, 1, 1, 1, 1, 1, 1, 1, 1, 1, 1, 1, 1, 1, 1, 1, 1, 1, 1, 1, 1, 1]","[0, 0, 0, 0, 0, 0, 0, 0, 0, 0, 0, 0, 0, 0, 0, 0, 0, 0, 0, 0, 0, 0, 0]"
700,L2_arctic_WAV/HKK_arctic_a0144,"[37, 8, 3, 63, 52, 50, 36, 8, 70, 46, 8, 68, 22, 24, 10, 49, 39, 24, 55, 68, 40, 50, 46, 3, 17, 50, 3, 30, 24, 10, 63, 64, 55, 63, 24, 46, 50, 49, 70, 52, 68, 37, 30, 8, 55, 46]","[37, 8, 58, 52, 50, 36, 8, 70, 46, 8, 68, 22, 24, 10, 49, 39, 24, 68, 68, 40, 50, 46, 3, 17, 50, 3, 30, 24, 10, 58, 64, 55, 58, 24, 46, 50, 49, 70, 52, 68, 37, 30, 8, 55, 46]","[1, 1, 0, 0, 1, 1, 1, 1, 1, 1, 1, 1, 1, 1, 1, 1, 1, 1, 0, 1, 1, 1, 1, 1, 1, 1, 1, 1, 1, 1, 0, 1, 1, 0, 1, 1, 1, 1, 1, 1, 1, 1, 1, 1, 1, 1]","[0, 0, 1, 1, 0, 0, 0, 0, 0, 0, 0, 0, 0, 0, 0, 0, 0, 0, 1, 0, 0, 0, 0, 0, 0, 0, 0, 0, 0, 0, 1, 0, 0, 1, 0, 0, 0, 0, 0, 0, 0, 0, 0, 0, 0, 0]"
701,L2_arctic_WAV/HKK_arctic_a0145,"[56, 67, 64, 39, 3, 8, 37, 49, 28, 52, 50, 54, 8, 30, 8, 39, 63, 8, 68, 52, 70, 63, 60, 3, 24, 50, 39, 52, 50, 49, 49, 70, 8, 30, 49]","[56, 67, 64, 39, 3, 8, 37, 49, 28, 52, 54, 8, 30, 8, 39, 63, 8, 68, 52, 70, 63, 52, 50, 3, 24, 50, 39, 52, 50, 49, 49, 70, 8, 30, 49]","[1, 1, 1, 1, 1, 1, 1, 1, 1, 1, 0, 1, 1, 1, 1, 1, 1, 1, 1, 1, 1, 1, 0, 1, 1, 1, 1, 1, 1, 1, 1, 1, 1, 1, 1]","[0, 0, 0, 0, 0, 0, 0, 0, 0, 0, 1, 0, 0, 0, 0, 0, 0, 0, 0, 0, 0, 0, 1, 0, 0, 0, 0, 0, 0, 0, 0, 0, 0, 0, 0]"
702,L2_arctic_WAV/HKK_arctic_a0148,"[55, 15, 63, 49, 70, 22, 24, 10, 70, 67, 64, 58, 37, 24, 55, 46, 3, 50, 8, 28, 58, 52, 58, 36, 24, 22, 24, 55, 67, 24, 68]","[55, 15, 63, 49, 70, 3, 24, 10, 70, 67, 64, 58, 8, 37, 24, 55, 46, 3, 50, 8, 58, 52, 58, 36, 24, 58, 24, 55, 67, 24, 68]","[1, 1, 1, 1, 1, 0, 1, 1, 1, 1, 1, 1, 1, 1, 1, 1, 1, 1, 1, 0, 1, 1, 1, 1, 1, 0, 1, 1, 1, 1, 1]","[0, 0, 0, 0, 0, 1, 0, 0, 0, 0, 0, 0, 0, 0, 0, 0, 0, 0, 0, 1, 0, 0, 0, 0, 0, 1, 0, 0, 0, 0, 0]"
703,L2_arctic_WAV/HKK_arctic_a0168,"[30, 14, 37, 31, 9, 67, 36, 24, 48, 3, 67, 24, 68, 24, 55, 63, 8, 54, 60, 46, 64, 55, 58, 30, 52, 54, 3, 55, 14, 46, 3, 24, 10]","[8, 30, 14, 37, 31, 9, 67, 36, 24, 48, 3, 67, 24, 68, 24, 55, 63, 8, 54, 60, 46, 64, 55, 30, 52, 54, 55, 14, 46, 3, 49, 10]","[1, 1, 1, 1, 1, 1, 1, 1, 1, 1, 1, 1, 1, 1, 1, 1, 1, 1, 1, 1, 1, 1, 0, 1, 1, 1, 0, 1, 1, 1, 1, 0, 1]","[0, 0, 0, 0, 0, 0, 0, 0, 0, 0, 0, 0, 0, 0, 0, 0, 0, 0, 0, 0, 0, 0, 1, 0, 0, 0, 1, 0, 0, 0, 0, 1, 0]"
704,L2_arctic_WAV/HKK_arctic_a0178,"[52, 39, 50, 49, 37, 14, 55, 24, 55, 67, 7, 60, 69, 24, 58, 37, 17, 58, 49, 46, 49, 68, 58, 37, 50, 14, 28, 8, 55, 7, 58, 24, 46, 30, 14, 28, 60, 3, 24, 58]","[52, 61, 50, 49, 37, 40, 55, 24, 55, 7, 60, 69, 24, 58, 37, 17, 58, 49, 46, 49, 68, 58, 37, 50, 14, 28, 52, 55, 7, 58, 24, 46, 30, 14, 28, 60, 3, 24, 58]","[1, 0, 1, 1, 1, 0, 1, 1, 1, 0, 1, 1, 1, 1, 1, 1, 1, 1, 1, 1, 1, 1, 1, 1, 1, 1, 1, 0, 1, 1, 1, 1, 1, 1, 1, 1, 1, 1, 1, 1]","[0, 1, 0, 0, 0, 1, 0, 0, 0, 1, 0, 0, 0, 0, 0, 0, 0, 0, 0, 0, 0, 0, 0, 0, 0, 0, 0, 1, 0, 0, 0, 0, 0, 0, 0, 0, 0, 0, 0, 0]"
705,L2_arctic_WAV/HKK_arctic_a0209,"[24, 3, 36, 40, 70, 55, 17, 3, 8, 30, 17, 50, 69, 30, 60, 28, 64, 55, 58, 40, 30, 68, 14, 46, 3, 50, 15, 55, 58]","[24, 3, 36, 40, 46, 55, 17, 50, 8, 30, 17, 50, 61, 30, 60, 64, 55, 40, 61, 68, 40, 46, 3, 50, 15, 55, 58]","[1, 1, 1, 1, 0, 1, 1, 0, 1, 1, 1, 1, 0, 1, 1, 0, 1, 1, 0, 1, 0, 1, 0, 1, 1, 1, 1, 1, 1]","[0, 0, 0, 0, 1, 0, 0, 1, 0, 0, 0, 0, 1, 0, 0, 1, 0, 0, 1, 0, 1, 0, 1, 0, 0, 0, 0, 0, 0]"
706,L2_arctic_WAV/HKK_arctic_a0233,"[56, 55, 52, 39, 7, 8, 30, 15, 36, 8, 3, 28, 64, 55, 3, 37, 49, 35, 60, 55, 69, 58, 3, 6, 8, 55, 57, 68, 49]","[56, 55, 52, 39, 7, 8, 30, 15, 36, 8, 3, 28, 64, 55, 37, 49, 35, 60, 55, 69, 24, 3, 6, 8, 55, 57, 68, 49]","[1, 1, 1, 1, 1, 1, 1, 1, 1, 1, 1, 1, 1, 1, 0, 1, 1, 1, 1, 1, 1, 0, 1, 1, 1, 1, 1, 1, 1]","[0, 0, 0, 0, 0, 0, 0, 0, 0, 0, 0, 0, 0, 0, 1, 0, 0, 0, 0, 0, 0, 1, 0, 0, 0, 0, 0, 0, 0]"
707,L2_arctic_WAV/HKK_arctic_a0258,"[46, 14, 28, 3, 24, 55, 46, 49, 36, 17, 3, 7, 63, 60, 40, 54, 46, 52, 3, 63, 8, 67, 49, 3, 50, 60, 70]","[46, 40, 28, 24, 55, 46, 49, 36, 17, 3, 7, 63, 60, 40, 54, 46, 52, 3, 63, 8, 67, 24, 3, 50, 60, 46]","[1, 0, 1, 0, 1, 1, 1, 1, 1, 1, 1, 1, 1, 1, 1, 1, 1, 1, 1, 1, 1, 1, 0, 1, 1, 1, 0]","[0, 1, 0, 1, 0, 0, 0, 0, 0, 0, 0, 0, 0, 0, 0, 0, 0, 0, 0, 0, 0, 0, 1, 0, 0, 0, 1]"
708,L2_arctic_WAV/HKK_arctic_a0260,"[55, 14, 37, 17, 58, 49, 55, 29, 6, 67, 24, 70, 67, 24, 46, 3, 7, 49, 63, 60, 8, 39, 63, 8, 67, 31, 55, 3, 8, 30, 49, 46, 3, 8, 39, 40, 30]","[55, 14, 37, 17, 58, 49, 55, 29, 6, 67, 24, 70, 46, 3, 7, 49, 63, 60, 8, 39, 63, 8, 69, 31, 55, 3, 8, 30, 49, 46, 3, 8, 39, 40, 50]","[1, 1, 1, 1, 1, 1, 1, 1, 1, 1, 1, 1, 0, 0, 1, 1, 1, 1, 1, 1, 1, 1, 1, 1, 0, 1, 1, 1, 1, 1, 1, 1, 1, 1, 1, 1, 0]","[0, 0, 0, 0, 0, 0, 0, 0, 0, 0, 0, 0, 1, 1, 0, 0, 0, 0, 0, 0, 0, 0, 0, 0, 1, 0, 0, 0, 0, 0, 0, 0, 0, 0, 0, 0, 1]"
709,L2_arctic_WAV/HKK_arctic_a0271,"[55, 15, 48, 30, 49, 70, 59, 24, 39, 60, 48, 30, 60, 55, 46, 3, 60, 3, 68, 8, 55, 3, 8, 39, 36, 8, 3, 8, 28, 7, 58]","[55, 15, 48, 30, 49, 70, 59, 24, 39, 68, 24, 8, 48, 30, 60, 55, 46, 3, 60, 3, 68, 8, 55, 3, 8, 39, 36, 8, 3, 8, 28, 7, 58]","[1, 1, 1, 1, 1, 1, 1, 1, 1, 0, 1, 1, 1, 1, 1, 1, 1, 1, 1, 1, 1, 1, 1, 1, 1, 1, 1, 1, 1, 1, 1]","[0, 0, 0, 0, 0, 0, 0, 0, 0, 1, 0, 0, 0, 0, 0, 0, 0, 0, 0, 0, 0, 0, 0, 0, 0, 0, 0, 0, 0, 0, 0]"
710,L2_arctic_WAV/HKK_arctic_a0272,"[29, 6, 28, 8, 55, 3, 60, 28, 8, 39, 60, 28, 60, 9, 8, 55, 17, 55, 48, 60]","[29, 6, 28, 8, 55, 3, 60, 28, 8, 39, 60, 28, 60, 9, 8, 55, 17, 68, 48, 60]","[1, 1, 1, 1, 1, 1, 1, 1, 1, 1, 1, 1, 1, 1, 1, 1, 1, 0, 1, 1]","[0, 0, 0, 0, 0, 0, 0, 0, 0, 0, 0, 0, 0, 0, 0, 0, 0, 1, 0, 0]"
711,L2_arctic_WAV/HKK_arctic_a0303,"[37, 8, 3, 63, 60, 68, 60, 28, 63, 8, 68, 24, 46, 3, 60, 28, 8, 39, 24, 59, 55, 40, 50, 24, 10, 63, 52, 50, 14, 55, 58, 6, 64, 30, 8, 3, 49]","[37, 8, 63, 60, 68, 60, 63, 8, 68, 24, 46, 3, 60, 28, 8, 39, 24, 59, 55, 40, 50, 24, 10, 63, 52, 50, 40, 55, 58, 29, 6, 17, 30, 8, 3, 49]","[1, 1, 0, 1, 1, 1, 1, 0, 1, 1, 1, 1, 1, 1, 1, 1, 1, 1, 1, 1, 1, 1, 1, 1, 1, 1, 1, 1, 0, 1, 1, 1, 0, 1, 1, 1, 1]","[0, 0, 1, 0, 0, 0, 0, 1, 0, 0, 0, 0, 0, 0, 0, 0, 0, 0, 0, 0, 0, 0, 0, 0, 0, 0, 0, 0, 1, 0, 0, 0, 1, 0, 0, 0, 0]"
712,L2_arctic_WAV/HKK_arctic_a0345,"[9, 49, 36, 8, 70, 3, 50, 56, 24, 10, 3, 8, 48, 64, 46, 63, 8, 60, 48, 50, 8, 55, 46, 3, 50, 24, 10, 7, 15, 55, 58, 67, 24, 68]","[9, 49, 36, 8, 46, 3, 50, 56, 24, 10, 3, 8, 48, 64, 46, 3, 24, 52, 30, 48, 50, 17, 55, 46, 3, 50, 24, 10, 7, 15, 55, 58, 67, 24, 68]","[1, 1, 1, 1, 0, 1, 1, 1, 1, 1, 1, 1, 1, 1, 1, 0, 0, 0, 1, 1, 0, 1, 1, 1, 1, 1, 1, 1, 1, 1, 1, 1, 1, 1]","[0, 0, 0, 0, 1, 0, 0, 0, 0, 0, 0, 0, 0, 0, 0, 1, 1, 1, 0, 0, 1, 0, 0, 0, 0, 0, 0, 0, 0, 0, 0, 0, 0, 0]"
713,L2_arctic_WAV/HKK_arctic_a0364,"[36, 49, 67, 64, 39, 48, 30, 52, 55, 49, 8, 39, 28, 64, 48, 24, 3, 8, 30, 15, 7, 46, 52, 30, 39, 70, 8, 55, 58, 29, 52, 3, 36, 49, 36, 17, 55, 3, 68, 40, 50]","[36, 49, 64, 39, 8, 48, 30, 52, 55, 49, 8, 39, 28, 64, 48, 24, 3, 8, 50, 15, 7, 46, 52, 30, 39, 46, 8, 55, 29, 52, 3, 29, 6, 36, 17, 55, 68, 40, 50]","[1, 1, 0, 1, 1, 1, 1, 1, 1, 1, 1, 1, 1, 1, 1, 1, 1, 1, 0, 1, 1, 1, 1, 1, 1, 0, 1, 1, 0, 1, 1, 1, 0, 0, 1, 1, 1, 0, 1, 1, 1]","[0, 0, 1, 0, 0, 0, 0, 0, 0, 0, 0, 0, 0, 0, 0, 0, 0, 0, 1, 0, 0, 0, 0, 0, 0, 1, 0, 0, 1, 0, 0, 0, 1, 1, 0, 0, 0, 1, 0, 0, 0]"
714,L2_arctic_WAV/HKK_arctic_a0365,"[63, 49, 70, 50, 6, 68, 7, 70, 68, 60, 49, 39, 24, 55, 7, 24, 69, 8, 55, 60, 3, 36, 24, 63, 8, 46]","[63, 49, 46, 50, 6, 68, 7, 70, 68, 60, 49, 39, 24, 55, 7, 24, 26, 8, 55, 60, 3, 36, 24, 63, 8, 46]","[1, 1, 0, 1, 1, 1, 1, 1, 1, 1, 1, 1, 1, 1, 1, 1, 0, 1, 1, 1, 1, 1, 1, 1, 1, 1]","[0, 0, 1, 0, 0, 0, 0, 0, 0, 0, 0, 0, 0, 0, 0, 0, 1, 0, 0, 0, 0, 0, 0, 0, 0, 0]"
715,L2_arctic_WAV/HKK_arctic_a0369,"[24, 55, 48, 17, 50, 3, 55, 7, 9, 24, 48, 36, 24, 63, 58, 60, 30, 56, 3, 63, 8, 48, 52, 50, 50, 60, 58, 24, 58, 63, 8, 46, 64, 55, 67, 14, 70, 60, 24, 55, 3, 7, 7, 37, 8, 55]","[24, 55, 48, 17, 50, 3, 55, 7, 9, 24, 48, 36, 24, 63, 8, 58, 60, 50, 56, 63, 8, 48, 52, 50, 50, 60, 58, 24, 58, 63, 8, 46, 64, 55, 67, 40, 46, 52, 24, 55, 3, 7, 7, 37, 8, 55]","[1, 1, 1, 1, 1, 1, 1, 1, 1, 1, 1, 1, 1, 1, 1, 1, 0, 1, 0, 1, 1, 1, 1, 1, 1, 1, 1, 1, 1, 1, 1, 1, 1, 1, 1, 0, 0, 0, 1, 1, 1, 1, 1, 1, 1, 1]","[0, 0, 0, 0, 0, 0, 0, 0, 0, 0, 0, 0, 0, 0, 0, 0, 1, 0, 1, 0, 0, 0, 0, 0, 0, 0, 0, 0, 0, 0, 0, 0, 0, 0, 0, 1, 1, 1, 0, 0, 0, 0, 0, 0, 0, 0]"
716,L2_arctic_WAV/HKK_arctic_a0375,"[63, 8, 37, 31, 35, 7, 70, 64, 55, 58, 68, 49, 3, 28, 8, 3, 7, 70, 50, 24, 54, 29, 6, 70, 58, 3, 24, 67, 64, 55, 58, 8, 30, 68, 49, 3, 58, 52, 46, 3, 24, 55, 58, 54, 50, 7, 8, 55, 54, 52, 50, 50, 52, 46, 3, 50, 17, 55, 3, 46]","[63, 8, 37, 31, 35, 7, 46, 64, 55, 68, 49, 28, 8, 3, 7, 70, 50, 24, 54, 29, 6, 46, 3, 24, 67, 64, 55, 58, 8, 50, 68, 24, 3, 58, 64, 46, 3, 24, 55, 58, 54, 7, 8, 55, 54, 52, 50, 50, 52, 46, 3, 50, 17, 55, 3, 46]","[1, 1, 1, 1, 1, 1, 0, 1, 1, 0, 1, 1, 0, 1, 1, 1, 1, 1, 1, 1, 1, 1, 1, 0, 0, 1, 1, 1, 1, 1, 1, 1, 0, 1, 0, 1, 1, 0, 1, 1, 1, 1, 1, 1, 0, 1, 1, 1, 1, 1, 1, 1, 1, 1, 1, 1, 1, 1, 1, 1]","[0, 0, 0, 0, 0, 0, 1, 0, 0, 1, 0, 0, 1, 0, 0, 0, 0, 0, 0, 0, 0, 0, 0, 1, 1, 0, 0, 0, 0, 0, 0, 0, 1, 0, 1, 0, 0, 1, 0, 0, 0, 0, 0, 0, 1, 0, 0, 0, 0, 0, 0, 0, 0, 0, 0, 0, 0, 0, 0, 0]"
717,L2_arctic_WAV/HKK_arctic_a0378,"[63, 64, 3, 46, 67, 36, 56, 24, 3, 46, 37, 15, 55, 58, 7, 49, 70, 17, 50, 40, 30, 59, 15, 69, 58, 64, 55, 58, 69, 64, 59, 58]","[63, 64, 46, 36, 56, 24, 3, 46, 8, 37, 15, 55, 58, 7, 49, 70, 17, 50, 40, 50, 59, 15, 69, 8, 58, 64, 55, 58, 69, 64, 59, 8, 58]","[1, 1, 0, 1, 0, 1, 1, 1, 1, 1, 1, 1, 1, 1, 1, 1, 1, 1, 1, 1, 0, 1, 1, 1, 1, 1, 1, 1, 1, 1, 1, 1]","[0, 0, 1, 0, 1, 0, 0, 0, 0, 0, 0, 0, 0, 0, 0, 0, 0, 0, 0, 0, 1, 0, 0, 0, 0, 0, 0, 0, 0, 0, 0, 0]"
718,L2_arctic_WAV/HKK_arctic_a0379,"[67, 15, 14, 30, 58, 17, 50, 29, 6, 58, 64, 58, 49]","[67, 15, 40, 30, 58, 17, 29, 6, 58, 52, 58, 49]","[1, 1, 0, 1, 1, 1, 0, 1, 1, 1, 0, 1, 1]","[0, 0, 1, 0, 0, 0, 1, 0, 0, 0, 1, 0, 0]"
719,L2_arctic_WAV/HKK_arctic_a0384,"[63, 8, 54, 17, 50, 68, 7, 36, 7, 28, 46, 63, 8, 46, 57, 30, 64, 55, 58, 48, 50, 8, 58, 6, 46, 24, 70, 59, 50, 60, 55]","[63, 8, 54, 17, 68, 7, 36, 7, 28, 46, 63, 8, 46, 57, 30, 64, 55, 58, 48, 50, 8, 58, 29, 6, 46, 24, 70, 59, 50, 60, 55]","[1, 1, 1, 1, 0, 1, 1, 1, 1, 1, 1, 1, 1, 1, 1, 1, 1, 1, 1, 1, 1, 1, 1, 1, 1, 1, 1, 1, 1, 1, 1]","[0, 0, 0, 0, 1, 0, 0, 0, 0, 0, 0, 0, 0, 0, 0, 0, 0, 0, 0, 0, 0, 0, 0, 0, 0, 0, 0, 0, 0, 0, 0]"
720,L2_arctic_WAV/HKK_arctic_a0416,"[63, 49, 64, 58, 24, 58, 36, 60, 3, 67, 64, 58, 8, 39, 8, 30, 17, 46, 8, 3, 49, 8, 39, 54, 24, 54, 3, 49, 55, 68, 56, 8, 30, 70, 48, 7, 15, 50]","[63, 49, 64, 58, 24, 58, 36, 60, 3, 67, 64, 58, 8, 39, 8, 30, 17, 46, 8, 3, 49, 8, 39, 8, 54, 24, 54, 3, 49, 55, 68, 56, 8, 30, 46, 48, 7, 15, 50]","[1, 1, 1, 1, 1, 1, 1, 1, 1, 1, 1, 1, 1, 1, 1, 1, 1, 1, 1, 1, 1, 1, 1, 1, 1, 1, 1, 1, 1, 1, 1, 1, 1, 0, 1, 1, 1, 1]","[0, 0, 0, 0, 0, 0, 0, 0, 0, 0, 0, 0, 0, 0, 0, 0, 0, 0, 0, 0, 0, 0, 0, 0, 0, 0, 0, 0, 0, 0, 0, 0, 0, 1, 0, 0, 0, 0]"
721,L2_arctic_WAV/HKK_arctic_a0442,"[29, 6, 30, 24, 39, 17, 55, 8, 55, 24, 55, 28, 8, 68, 36, 24, 35, 29, 31, 50, 54, 17, 63, 7, 7, 55, 58]","[29, 6, 30, 49, 39, 17, 55, 8, 55, 24, 55, 28, 8, 68, 36, 24, 35, 29, 31, 54, 17, 58, 7, 8, 55, 3]","[1, 1, 1, 0, 1, 1, 1, 1, 1, 1, 1, 1, 1, 1, 1, 1, 1, 1, 1, 0, 1, 1, 0, 1, 0, 1, 0]","[0, 0, 0, 1, 0, 0, 0, 0, 0, 0, 0, 0, 0, 0, 0, 0, 0, 0, 0, 1, 0, 0, 1, 0, 1, 0, 1]"
722,L2_arctic_WAV/HKK_arctic_a0475,"[67, 24, 70, 15, 3, 46, 3, 50, 52, 35, 58, 17, 50, 68, 58, 50, 17, 48, 3, 3, 24, 67, 24, 70, 46, 56, 58, 64, 55, 58, 67, 49, 48, 40, 70, 58]","[67, 24, 70, 15, 46, 3, 50, 52, 35, 24, 58, 17, 68, 58, 50, 17, 3, 24, 67, 24, 70, 46, 56, 58, 64, 55, 67, 49, 48, 14, 46, 3]","[1, 1, 1, 1, 0, 1, 1, 1, 1, 1, 1, 1, 0, 1, 1, 1, 1, 0, 0, 1, 1, 1, 1, 1, 1, 1, 1, 1, 1, 0, 1, 1, 1, 0, 0, 0]","[0, 0, 0, 0, 1, 0, 0, 0, 0, 0, 0, 0, 1, 0, 0, 0, 0, 1, 1, 0, 0, 0, 0, 0, 0, 0, 0, 0, 0, 1, 0, 0, 0, 1, 1, 1]"
723,L2_arctic_WAV/HKK_arctic_a0495,"[67, 49, 37, 40, 50, 55, 14, 59, 50, 8, 69, 24, 70, 64, 55, 58, 67, 64, 58, 54, 29, 6, 52, 55, 8, 68, 49, 70]","[67, 49, 37, 40, 50, 55, 40, 59, 50, 8, 69, 24, 58, 46, 64, 55, 67, 64, 58, 55, 54, 29, 6, 52, 55, 8, 68, 49, 70]","[1, 1, 1, 1, 1, 1, 0, 1, 1, 1, 1, 1, 0, 1, 1, 0, 1, 1, 1, 1, 1, 1, 1, 1, 1, 1, 1, 1]","[0, 0, 0, 0, 0, 0, 1, 0, 0, 0, 0, 0, 1, 0, 0, 1, 0, 0, 0, 0, 0, 0, 0, 0, 0, 0, 0, 0]"
724,L2_arctic_WAV/HKK_arctic_a0542,"[36, 24, 63, 15, 3, 8, 58, 15, 3, 46, 8, 68, 8, 39, 63, 52, 68, 67, 64, 39, 58, 24, 55, 7, 52, 55, 59, 60, 69, 68, 8, 55, 3, 46]","[36, 24, 58, 15, 3, 8, 58, 15, 3, 46, 8, 68, 8, 39, 63, 52, 68, 67, 64, 39, 58, 24, 55, 7, 52, 55, 59, 60, 69, 68, 8, 55, 3, 46]","[1, 1, 0, 1, 1, 1, 1, 1, 1, 1, 1, 1, 1, 1, 1, 1, 1, 1, 1, 1, 1, 1, 1, 1, 1, 1, 1, 1, 1, 1, 1, 1, 1, 1]","[0, 0, 1, 0, 0, 0, 0, 0, 0, 0, 0, 0, 0, 0, 0, 0, 0, 0, 0, 0, 0, 0, 0, 0, 0, 0, 0, 0, 0, 0, 0, 0, 0, 0]"
725,L2_arctic_WAV/HKK_arctic_b0019,"[67, 24, 70, 46, 30, 24, 68, 67, 64, 55, 70, 59, 50, 24, 48, 3, 63, 49, 52, 69, 24, 70, 8, 39, 63, 8, 3, 60, 37, 8, 30]","[67, 24, 70, 46, 30, 24, 68, 67, 64, 55, 70, 59, 50, 24, 48, 63, 49, 64, 35, 24, 46, 8, 61, 58, 8, 3, 60, 37, 8, 30]","[1, 1, 1, 1, 1, 1, 1, 1, 1, 1, 1, 1, 1, 1, 1, 0, 1, 1, 0, 0, 1, 0, 1, 0, 0, 1, 1, 1, 1, 1, 1]","[0, 0, 0, 0, 0, 0, 0, 0, 0, 0, 0, 0, 0, 0, 0, 1, 0, 0, 1, 1, 0, 1, 0, 1, 1, 0, 0, 0, 0, 0, 0]"
726,L2_arctic_WAV/HKK_arctic_b0022,"[24, 54, 56, 36, 8, 70, 15, 3, 8, 39, 63, 8, 59, 60, 68, 24, 3, 36, 31, 58, 37, 49, 49, 70, 8, 30, 49, 68, 60, 58]","[24, 54, 56, 36, 8, 70, 15, 3, 8, 39, 63, 8, 59, 60, 68, 24, 3, 36, 31, 58, 37, 49, 49, 70, 8, 30, 49, 68, 60, 58]","[1, 1, 1, 1, 1, 1, 1, 1, 1, 1, 1, 1, 1, 1, 1, 1, 1, 1, 1, 1, 1, 1, 1, 1, 1, 1, 1, 1, 1, 1]","[0, 0, 0, 0, 0, 0, 0, 0, 0, 0, 0, 0, 0, 0, 0, 0, 0, 0, 0, 0, 0, 0, 0, 0, 0, 0, 0, 0, 0, 0]"
727,L2_arctic_WAV/HKK_arctic_b0047,"[46, 8, 48, 14, 70, 29, 6, 46, 40, 68, 49, 64, 3, 36, 7, 28, 22, 50, 6, 63, 8, 36, 24, 55, 58, 14]","[46, 8, 48, 40, 70, 29, 6, 46, 40, 68, 49, 64, 3, 36, 7, 28, 22, 50, 6, 58, 8, 36, 24, 55, 58, 40]","[1, 1, 1, 0, 1, 1, 1, 1, 1, 1, 1, 1, 1, 1, 1, 1, 1, 1, 1, 0, 1, 1, 1, 1, 1, 0]","[0, 0, 0, 1, 0, 0, 0, 0, 0, 0, 0, 0, 0, 0, 0, 0, 0, 0, 0, 1, 0, 0, 0, 0, 0, 1]"
728,L2_arctic_WAV/HKK_arctic_b0068,"[14, 55, 30, 49, 63, 8, 35, 64, 55, 46, 46, 15, 55, 58, 67, 64, 58, 30, 52, 58, 67, 24, 68, 3, 6, 8, 37, 70, 7, 39, 63, 52, 68]","[40, 55, 30, 49, 63, 8, 35, 64, 55, 46, 46, 15, 55, 67, 64, 58, 30, 52, 3, 67, 24, 68, 3, 6, 8, 37, 69, 7, 39, 63, 52, 68]","[0, 1, 1, 1, 1, 1, 1, 1, 1, 1, 1, 1, 1, 0, 1, 1, 1, 1, 1, 0, 1, 1, 1, 1, 1, 1, 1, 0, 1, 1, 1, 1, 1]","[1, 0, 0, 0, 0, 0, 0, 0, 0, 0, 0, 0, 0, 1, 0, 0, 0, 0, 0, 1, 0, 0, 0, 0, 0, 0, 0, 1, 0, 0, 0, 0, 0]"
729,L2_arctic_WAV/HKK_arctic_b0106,"[54, 40, 50, 8, 54, 31, 30, 68, 24, 55, 8, 3, 63, 8, 3, 6, 68, 52, 55, 46, 3, 52, 50, 58, 24, 55, 3, 6, 49, 35, 8, 63, 7, 70, 54, 60, 46]","[54, 8, 50, 8, 54, 31, 50, 68, 24, 55, 24, 63, 8, 3, 6, 68, 52, 55, 46, 3, 52, 50, 58, 24, 55, 3, 6, 49, 35, 8, 58, 7, 70, 54, 60, 46]","[1, 0, 1, 1, 1, 1, 0, 1, 1, 1, 0, 0, 1, 1, 1, 1, 1, 1, 1, 1, 1, 1, 1, 1, 1, 1, 1, 1, 1, 1, 1, 0, 1, 1, 1, 1, 1]","[0, 1, 0, 0, 0, 0, 1, 0, 0, 0, 1, 1, 0, 0, 0, 0, 0, 0, 0, 0, 0, 0, 0, 0, 0, 0, 0, 0, 0, 0, 0, 1, 0, 0, 0, 0, 0]"
730,L2_arctic_WAV/HKK_arctic_b0143,"[24, 3, 3, 31, 28, 67, 24, 68, 67, 64, 54, 8, 55, 15, 50, 3, 8, 50, 49, 35, 63, 49, 52, 69, 8, 39, 24, 3]","[24, 3, 31, 28, 67, 24, 68, 67, 64, 54, 8, 55, 15, 50, 3, 8, 50, 24, 35, 58, 49, 52, 35, 8, 39, 24, 3]","[1, 0, 1, 1, 1, 1, 1, 1, 1, 1, 1, 1, 1, 1, 1, 1, 1, 1, 0, 1, 0, 1, 1, 0, 1, 1, 1, 1]","[0, 1, 0, 0, 0, 0, 0, 0, 0, 0, 0, 0, 0, 0, 0, 0, 0, 0, 1, 0, 1, 0, 0, 1, 0, 0, 0, 0]"
731,L2_arctic_WAV/HKK_arctic_b0192,"[15, 3, 46, 56, 58, 7, 70, 17, 50, 8, 30, 15, 58, 54, 56, 39, 68, 24, 55, 8, 3, 46, 48, 49, 35, 24, 70, 63, 8, 46, 24, 28, 68, 64, 55, 7, 69, 58]","[15, 46, 56, 58, 7, 70, 17, 50, 8, 30, 17, 58, 54, 56, 39, 68, 24, 55, 8, 3, 46, 48, 24, 35, 24, 46, 52, 8, 46, 24, 28, 68, 64, 55, 7, 69, 8, 58]","[1, 0, 1, 1, 1, 1, 1, 1, 1, 1, 1, 0, 1, 1, 1, 1, 1, 1, 1, 1, 1, 1, 1, 0, 1, 1, 0, 0, 1, 1, 1, 1, 1, 1, 1, 1, 1, 1]","[0, 1, 0, 0, 0, 0, 0, 0, 0, 0, 0, 1, 0, 0, 0, 0, 0, 0, 0, 0, 0, 0, 0, 1, 0, 0, 1, 1, 0, 0, 0, 0, 0, 0, 0, 0, 0, 0]"
732,L2_arctic_WAV/HKK_arctic_b0197,"[63, 8, 48, 30, 64, 55, 3, 7, 70, 7, 40, 50, 52, 58, 49, 28, 8, 55, 46, 24, 58, 7, 24, 10, 63, 8, 68, 64, 3, 7]","[63, 8, 48, 30, 64, 55, 3, 7, 70, 7, 40, 30, 52, 58, 49, 28, 8, 55, 46, 24, 58, 7, 24, 10, 63, 8, 68, 64, 63, 7]","[1, 1, 1, 1, 1, 1, 1, 1, 1, 1, 1, 0, 1, 1, 1, 1, 1, 1, 1, 1, 1, 1, 1, 1, 1, 1, 1, 1, 0, 1]","[0, 0, 0, 0, 0, 0, 0, 0, 0, 0, 0, 1, 0, 0, 0, 0, 0, 0, 0, 0, 0, 0, 0, 0, 0, 0, 0, 0, 1, 0]"
733,L2_arctic_WAV/HKK_arctic_b0201,"[56, 40, 30, 46, 14, 8, 55, 58, 7, 46, 3, 64, 55, 58, 63, 64, 3, 46, 24, 68, 8, 30, 7, 37, 50, 64, 55, 35, 40, 50, 59, 8, 55, 8, 70, 60, 9, 8, 55, 70, 67, 64, 39, 68, 60, 58, 63, 52, 50, 8, 48, 24, 50, 8, 55, 46, 24, 55, 29, 31, 50, 8, 48]","[56, 40, 61, 46, 40, 8, 55, 58, 7, 46, 3, 64, 55, 63, 64, 46, 24, 68, 8, 30, 7, 50, 64, 55, 35, 40, 50, 59, 8, 55, 56, 69, 60, 9, 8, 55, 70, 67, 64, 39, 68, 60, 63, 52, 8, 48, 24, 50, 8, 55, 46, 24, 55, 29, 31, 50, 8]","[1, 1, 0, 1, 0, 1, 1, 1, 1, 1, 1, 1, 1, 0, 1, 1, 0, 1, 1, 1, 1, 1, 1, 0, 1, 1, 1, 1, 1, 1, 1, 1, 1, 0, 0, 1, 1, 1, 1, 1, 1, 1, 1, 1, 1, 0, 1, 1, 0, 1, 1, 1, 1, 1, 1, 1, 1, 1, 1, 1, 1, 1, 0]","[0, 0, 1, 0, 1, 0, 0, 0, 0, 0, 0, 0, 0, 1, 0, 0, 1, 0, 0, 0, 0, 0, 0, 1, 0, 0, 0, 0, 0, 0, 0, 0, 0, 1, 1, 0, 0, 0, 0, 0, 0, 0, 0, 0, 0, 1, 0, 0, 1, 0, 0, 0, 0, 0, 0, 0, 0, 0, 0, 0, 0, 0, 1]"
734,L2_arctic_WAV/HKK_arctic_b0215,"[24, 3, 24, 70, 8, 59, 31, 58, 48, 50, 17, 48, 7, 3, 49, 64, 55, 58, 36, 7, 22, 68, 40, 50, 63, 8, 55, 63, 64, 3]","[24, 3, 24, 70, 8, 59, 31, 48, 50, 17, 48, 7, 3, 49, 64, 55, 36, 7, 46, 68, 40, 50, 63, 8, 55, 63, 64]","[1, 1, 1, 1, 1, 1, 1, 0, 1, 1, 1, 1, 1, 1, 1, 1, 1, 0, 1, 1, 0, 1, 1, 1, 1, 1, 1, 1, 1, 0]","[0, 0, 0, 0, 0, 0, 0, 1, 0, 0, 0, 0, 0, 0, 0, 0, 0, 1, 0, 0, 1, 0, 0, 0, 0, 0, 0, 0, 0, 1]"
735,L2_arctic_WAV/HKK_arctic_b0225,"[63, 8, 48, 50, 52, 70, 8, 58, 52, 55, 3, 8, 39, 63, 49, 29, 6, 55, 56, 3, 24, 58, 46, 3, 60, 3, 46, 36, 8, 70, 67, 24, 70, 54, 50, 52, 55, 58]","[63, 8, 48, 50, 52, 70, 8, 58, 52, 55, 3, 8, 39, 63, 49, 29, 6, 55, 56, 3, 24, 46, 3, 60, 3, 46, 36, 8, 70, 67, 24, 70, 54, 50, 52, 55, 58, 46]","[1, 1, 1, 1, 1, 1, 1, 1, 1, 1, 1, 1, 1, 1, 1, 1, 1, 1, 1, 1, 1, 0, 1, 1, 1, 1, 1, 1, 1, 1, 1, 1, 1, 1, 1, 1, 1, 1]","[0, 0, 0, 0, 0, 0, 0, 0, 0, 0, 0, 0, 0, 0, 0, 0, 0, 0, 0, 0, 0, 1, 0, 0, 0, 0, 0, 0, 0, 0, 0, 0, 0, 0, 0, 0, 0, 0]"
736,L2_arctic_WAV/HKK_arctic_b0238,"[63, 8, 39, 52, 50, 49, 22, 40, 3, 8, 39, 63, 49, 52, 54, 7, 3, 3, 6, 46, 36, 24, 68, 14, 39, 7, 36, 8, 70, 55, 40, 26, 49, 60, 3, 24, 10]","[63, 8, 39, 52, 66, 24, 22, 40, 50, 8, 39, 63, 49, 52, 54, 7, 3, 6, 46, 36, 24, 68, 40, 39, 7, 36, 8, 46, 55, 14, 70, 49, 60, 3, 24, 10]","[1, 1, 1, 1, 0, 0, 1, 1, 0, 1, 1, 1, 1, 1, 1, 1, 0, 1, 1, 1, 1, 1, 1, 0, 1, 1, 1, 1, 0, 1, 0, 0, 1, 1, 1, 1, 1]","[0, 0, 0, 0, 1, 1, 0, 0, 1, 0, 0, 0, 0, 0, 0, 0, 1, 0, 0, 0, 0, 0, 0, 1, 0, 0, 0, 0, 1, 0, 1, 1, 0, 0, 0, 0, 0]"
737,L2_arctic_WAV/HKK_arctic_b0266,"[64, 55, 58, 55, 15, 48, 31, 3, 29, 7, 46, 52, 30, 54, 24, 55, 68, 56, 48, 30, 60, 46, 54, 40, 50, 8, 68, 14, 68, 8, 55, 3]","[64, 55, 55, 15, 48, 31, 3, 29, 7, 46, 52, 30, 54, 24, 55, 68, 56, 48, 30, 60, 46, 54, 40, 66, 8, 68, 40, 68, 8, 55, 3]","[1, 1, 0, 1, 1, 1, 1, 1, 1, 1, 1, 1, 1, 1, 1, 1, 1, 1, 1, 1, 1, 1, 1, 1, 0, 1, 1, 0, 1, 1, 1, 1]","[0, 0, 1, 0, 0, 0, 0, 0, 0, 0, 0, 0, 0, 0, 0, 0, 0, 0, 0, 0, 0, 0, 0, 0, 1, 0, 0, 1, 0, 0, 0, 0]"
738,L2_arctic_WAV/HKK_arctic_b0304,"[67, 24, 70, 48, 50, 49, 39, 49, 8, 46, 36, 56, 39, 70, 67, 64, 58, 55, 52, 39, 7, 30, 24, 39, 58, 30, 40, 10, 24, 55, 8, 54, 3, 8, 37, 52, 50, 67, 24, 68, 35, 24, 30, 58, 50, 8, 55]","[67, 24, 46, 48, 50, 49, 39, 49, 8, 46, 36, 56, 39, 46, 67, 64, 58, 67, 64, 58, 55, 52, 39, 7, 30, 24, 39, 30, 40, 10, 24, 55, 8, 3, 8, 37, 49, 50, 67, 24, 68, 35, 24, 30, 58, 50, 8, 55]","[1, 1, 0, 1, 1, 1, 1, 1, 1, 1, 1, 1, 1, 0, 1, 1, 1, 1, 1, 1, 1, 1, 1, 1, 0, 1, 1, 1, 1, 1, 1, 0, 1, 1, 1, 0, 1, 1, 1, 1, 1, 1, 1, 1, 1, 1, 1]","[0, 0, 1, 0, 0, 0, 0, 0, 0, 0, 0, 0, 0, 1, 0, 0, 0, 0, 0, 0, 0, 0, 0, 0, 1, 0, 0, 0, 0, 0, 0, 1, 0, 0, 0, 1, 0, 0, 0, 0, 0, 0, 0, 0, 0, 0, 0]"
739,L2_arctic_WAV/HKK_arctic_b0315,"[64, 55, 58, 63, 24, 46, 36, 40, 70, 63, 52, 50, 46, 14, 30, 28, 17, 55, 39, 7, 46, 60, 9, 8, 55, 22, 50, 6, 15, 3, 63, 8, 68, 49, 30]","[64, 55, 58, 58, 24, 46, 36, 40, 70, 58, 52, 50, 46, 40, 50, 28, 17, 55, 39, 7, 46, 60, 9, 8, 55, 22, 50, 6, 8, 63, 8, 68, 49, 30]","[1, 1, 1, 0, 1, 1, 1, 1, 1, 0, 1, 1, 1, 0, 0, 1, 1, 1, 1, 1, 1, 1, 1, 1, 1, 1, 1, 1, 0, 0, 1, 1, 1, 1, 1]","[0, 0, 0, 1, 0, 0, 0, 0, 0, 1, 0, 0, 0, 1, 1, 0, 0, 0, 0, 0, 0, 0, 0, 0, 0, 0, 0, 0, 1, 1, 0, 0, 0, 0, 0]"
740,L2_arctic_WAV/HKK_arctic_b0320,"[63, 8, 50, 8, 59, 50, 52, 3, 24, 55, 67, 24, 70, 39, 57, 46, 36, 40, 70, 48, 50, 14, 39, 17, 28, 8, 3, 24, 39, 8, 39, 8, 46, 52, 28, 8, 55, 37, 7, 46, 3, 8, 39, 30, 64, 54, 3, 7]","[63, 8, 30, 24, 59, 50, 52, 3, 24, 55, 67, 24, 46, 39, 57, 46, 36, 40, 70, 48, 50, 14, 39, 40, 28, 8, 3, 24, 39, 8, 39, 8, 46, 52, 28, 8, 55, 37, 7, 46, 3, 8, 39, 8, 30, 64, 54, 3, 7]","[1, 1, 0, 0, 1, 1, 1, 1, 1, 1, 1, 1, 0, 1, 1, 1, 1, 1, 1, 1, 1, 1, 1, 0, 1, 1, 1, 1, 1, 1, 1, 1, 1, 1, 1, 1, 1, 1, 1, 1, 1, 1, 1, 1, 1, 1, 1, 1]","[0, 0, 1, 1, 0, 0, 0, 0, 0, 0, 0, 0, 1, 0, 0, 0, 0, 0, 0, 0, 0, 0, 0, 1, 0, 0, 0, 0, 0, 0, 0, 0, 0, 0, 0, 0, 0, 0, 0, 0, 0, 0, 0, 0, 0, 0, 0, 0]"
741,L2_arctic_WAV/HKK_arctic_b0342,"[49, 35, 24, 68, 48, 50, 6, 39, 68, 8, 55, 3, 68, 60, 28, 46, 63, 8, 39, 64, 30, 29, 6, 8, 39, 52, 39, 50, 49, 22, 24, 10, 52, 30, 46, 48, 8, 68, 48, 8, 48]","[49, 35, 24, 68, 54, 50, 6, 39, 68, 8, 55, 3, 68, 60, 28, 46, 63, 8, 39, 64, 30, 29, 6, 8, 39, 64, 39, 50, 49, 3, 24, 10, 52, 30, 46, 48, 8, 68, 48, 8, 54]","[1, 1, 1, 1, 0, 1, 1, 1, 1, 1, 1, 1, 1, 1, 1, 1, 1, 1, 1, 1, 1, 1, 1, 1, 1, 0, 1, 1, 1, 0, 1, 1, 1, 1, 1, 1, 1, 1, 1, 1, 0]","[0, 0, 0, 0, 1, 0, 0, 0, 0, 0, 0, 0, 0, 0, 0, 0, 0, 0, 0, 0, 0, 0, 0, 0, 0, 1, 0, 0, 0, 1, 0, 0, 0, 0, 0, 0, 0, 0, 0, 0, 1]"
742,L2_arctic_WAV/HKK_arctic_b0355,"[63, 52, 50, 36, 8, 70, 48, 50, 17, 48, 7, 58, 24, 39, 24, 26, 8, 55, 8, 39, 30, 60, 37, 7, 24, 55, 63, 8, 36, 7, 28, 63, 60, 24, 55, 58, 24, 39, 24, 69, 6, 8, 30, 49, 48, 7, 54, 40, 50, 68, 58]","[63, 52, 50, 36, 8, 70, 48, 50, 17, 54, 7, 58, 24, 39, 24, 26, 8, 55, 8, 37, 8, 30, 60, 39, 7, 24, 55, 63, 8, 36, 7, 28, 63, 60, 24, 55, 58, 24, 39, 24, 26, 6, 8, 30, 49, 48, 7, 54, 40, 68, 58]","[1, 1, 1, 1, 1, 1, 1, 1, 1, 0, 1, 1, 1, 1, 1, 1, 1, 1, 1, 0, 1, 1, 0, 1, 1, 1, 1, 1, 1, 1, 1, 1, 1, 1, 1, 1, 1, 1, 1, 0, 1, 1, 1, 1, 1, 1, 1, 1, 0, 1, 1]","[0, 0, 0, 0, 0, 0, 0, 0, 0, 1, 0, 0, 0, 0, 0, 0, 0, 0, 0, 1, 0, 0, 1, 0, 0, 0, 0, 0, 0, 0, 0, 0, 0, 0, 0, 0, 0, 0, 0, 1, 0, 0, 0, 0, 0, 0, 0, 0, 1, 0, 0]"
743,L2_arctic_WAV/HKK_arctic_b0386,"[68, 56, 56, 58, 49, 8, 36, 8, 70, 63, 64, 3, 67, 49, 36, 31, 58, 67, 64, 39, 68, 40, 50, 24, 55, 54, 30, 6, 8, 55, 46, 14, 39, 7, 63, 8, 55, 60, 3, 24, 39, 70]","[68, 56, 56, 58, 49, 8, 36, 8, 70, 58, 64, 3, 67, 49, 36, 31, 58, 67, 64, 39, 68, 40, 50, 24, 55, 54, 30, 6, 8, 55, 46, 40, 39, 7, 58, 8, 55, 60, 3, 24, 39, 70]","[1, 1, 1, 1, 1, 1, 1, 1, 1, 0, 1, 1, 1, 1, 1, 1, 1, 1, 1, 1, 1, 1, 1, 1, 1, 1, 1, 1, 1, 1, 1, 0, 1, 1, 0, 1, 1, 1, 1, 1, 1, 1]","[0, 0, 0, 0, 0, 0, 0, 0, 0, 1, 0, 0, 0, 0, 0, 0, 0, 0, 0, 0, 0, 0, 0, 0, 0, 0, 0, 0, 0, 0, 0, 1, 0, 0, 1, 0, 0, 0, 0, 0, 0, 0]"
744,L2_arctic_WAV/HKK_arctic_b0425,"[63, 52, 50, 36, 7, 40, 50, 24, 55, 69, 59, 50, 49, 55, 59, 14, 30, 58, 59, 50, 49, 55, 64, 55, 58, 8, 28, 17, 48, 7, 59, 50, 49, 55]","[63, 52, 50, 36, 7, 40, 50, 24, 55, 69, 59, 50, 49, 55, 59, 40, 30, 59, 50, 49, 55, 64, 55, 8, 28, 17, 48, 7, 59, 50, 49, 55]","[1, 1, 1, 1, 1, 1, 1, 1, 1, 1, 1, 1, 1, 1, 1, 0, 1, 0, 1, 1, 1, 1, 1, 1, 0, 1, 1, 1, 1, 1, 1, 1, 1, 1]","[0, 0, 0, 0, 0, 0, 0, 0, 0, 0, 0, 0, 0, 0, 0, 1, 0, 1, 0, 0, 0, 0, 0, 0, 1, 0, 0, 0, 0, 0, 0, 0, 0, 0]"
745,L2_arctic_WAV/HKK_arctic_b0469,"[39, 52, 50, 49, 54, 29, 6, 48, 49, 48, 8, 30, 55, 29, 6, 8, 39, 63, 49, 24, 59, 70, 24, 46, 3, 8, 55, 46, 8, 39, 63, 24, 46, 30, 40]","[39, 52, 66, 49, 54, 29, 6, 54, 49, 54, 8, 30, 55, 29, 6, 8, 39, 63, 49, 24, 59, 70, 24, 46, 3, 8, 55, 46, 8, 39, 63, 24, 46, 30, 14]","[1, 1, 0, 1, 1, 1, 1, 0, 1, 0, 1, 1, 1, 1, 1, 1, 1, 1, 1, 1, 1, 1, 1, 1, 1, 1, 1, 1, 1, 1, 1, 1, 1, 1, 0]","[0, 0, 1, 0, 0, 0, 0, 1, 0, 1, 0, 0, 0, 0, 0, 0, 0, 0, 0, 0, 0, 0, 0, 0, 0, 0, 0, 0, 0, 0, 0, 0, 0, 0, 1]"
746,L2_arctic_WAV/HKK_arctic_b0503,"[63, 8, 46, 52, 55, 3, 46, 8, 39, 46, 3, 50, 60, 55, 69, 39, 52, 69, 8, 3, 60, 9, 8, 55, 37, 30, 6, 40, 54, 63, 8, 3, 50, 17, 48, 24, 28, 30, 64, 55, 58]","[63, 8, 46, 52, 55, 3, 46, 8, 39, 46, 3, 50, 60, 55, 69, 39, 52, 69, 8, 3, 60, 9, 8, 55, 37, 30, 6, 40, 54, 63, 8, 3, 50, 17, 54, 24, 28, 30, 64, 55, 58, 46]","[1, 1, 1, 1, 1, 1, 1, 1, 1, 1, 1, 1, 1, 1, 1, 1, 1, 1, 1, 1, 1, 1, 1, 1, 1, 1, 1, 1, 1, 1, 1, 1, 1, 1, 0, 1, 1, 1, 1, 1, 1]","[0, 0, 0, 0, 0, 0, 0, 0, 0, 0, 0, 0, 0, 0, 0, 0, 0, 0, 0, 0, 0, 0, 0, 0, 0, 0, 0, 0, 0, 0, 0, 0, 0, 0, 1, 0, 0, 0, 0, 0, 0]"
747,L2_arctic_WAV/HKK_arctic_b0518,"[37, 8, 3, 63, 52, 50, 36, 8, 70, 40, 30, 46, 14, 3, 40, 28, 8, 39, 36, 24, 35, 28, 50, 64, 54, 3, 24, 55, 63, 8, 39, 24, 30, 24, 69]","[37, 8, 63, 52, 61, 36, 8, 70, 40, 50, 46, 40, 3, 40, 28, 8, 39, 36, 24, 35, 28, 50, 64, 54, 3, 24, 55, 63, 8, 39, 24, 30, 24, 69]","[1, 1, 0, 1, 1, 0, 1, 1, 1, 1, 0, 1, 0, 1, 1, 1, 1, 1, 1, 1, 1, 1, 1, 1, 1, 1, 1, 1, 1, 1, 1, 1, 1, 1, 1]","[0, 0, 1, 0, 0, 1, 0, 0, 0, 0, 1, 0, 1, 0, 0, 0, 0, 0, 0, 0, 0, 0, 0, 0, 0, 0, 0, 0, 0, 0, 0, 0, 0, 0, 0]"
748,L2_arctic_WAV/HKK_arctic_b0530,"[67, 49, 67, 64, 58, 8, 37, 24, 59, 35, 24, 68, 48, 64, 55, 70, 49, 63, 64, 3, 36, 8, 70, 8, 36, 24, 55, 7]","[67, 49, 67, 64, 58, 8, 37, 24, 9, 24, 68, 48, 64, 55, 69, 49, 58, 64, 36, 8, 70, 8, 36, 24, 55, 7]","[1, 1, 1, 1, 1, 1, 1, 1, 0, 0, 1, 1, 1, 1, 1, 0, 1, 0, 1, 0, 1, 1, 1, 1, 1, 1, 1, 1]","[0, 0, 0, 0, 0, 0, 0, 0, 1, 1, 0, 0, 0, 0, 0, 1, 0, 1, 0, 1, 0, 0, 0, 0, 0, 0, 0, 0]"
749,L2_arctic_WAV/LXC_arctic_a0003,"[54, 50, 7, 63, 8, 3, 36, 52, 55, 3, 49, 24, 22, 3, 56, 68, 63, 64, 3, 49, 39, 55, 24, 10, 63, 8, 3, 6, 68, 52, 55, 9, 31, 28, 67, 64, 55, 70]","[54, 50, 7, 63, 8, 3, 36, 17, 55, 3, 49, 24, 46, 3, 56, 68, 58, 64, 3, 49, 39, 8, 55, 24, 10, 30, 8, 3, 6, 68, 52, 55, 9, 40, 28, 67, 52, 55, 46]","[1, 1, 1, 1, 1, 1, 1, 0, 1, 1, 1, 1, 0, 1, 1, 1, 0, 1, 1, 1, 1, 1, 1, 1, 0, 1, 1, 1, 1, 1, 1, 1, 0, 1, 1, 0, 1, 0]","[0, 0, 0, 0, 0, 0, 0, 1, 0, 0, 0, 0, 1, 0, 0, 0, 1, 0, 0, 0, 0, 0, 0, 0, 1, 0, 0, 0, 0, 0, 0, 0, 1, 0, 0, 1, 0, 1]"
750,L2_arctic_WAV/LXC_arctic_a0005,"[36, 24, 30, 36, 49, 52, 39, 7, 54, 7, 59, 52, 3, 24, 3]","[36, 24, 36, 36, 49, 64, 39, 8, 54, 7, 59, 52, 3, 49, 3]","[1, 1, 0, 1, 1, 0, 1, 0, 1, 1, 1, 1, 1, 0, 1]","[0, 0, 1, 0, 0, 1, 0, 1, 0, 0, 0, 0, 0, 1, 0]"
751,L2_arctic_WAV/LXC_arctic_a0006,"[59, 17, 58, 37, 30, 52, 46, 8, 68, 56, 67, 14, 48, 56, 30, 59, 14, 40, 55, 46, 49, 24, 10, 63, 52, 68, 54, 7, 52, 39, 7]","[59, 17, 58, 37, 30, 52, 46, 68, 56, 67, 14, 48, 56, 36, 24, 36, 59, 14, 40, 55, 46, 49, 24, 10, 63, 52, 68, 54, 8, 64, 39, 8]","[1, 1, 1, 1, 1, 1, 1, 0, 1, 1, 1, 1, 1, 1, 0, 1, 1, 1, 1, 1, 1, 1, 1, 1, 1, 1, 1, 0, 0, 1, 0]","[0, 0, 0, 0, 0, 0, 0, 1, 0, 0, 0, 0, 0, 0, 1, 0, 0, 0, 0, 0, 0, 0, 0, 0, 0, 0, 0, 1, 1, 0, 1]"
752,L2_arctic_WAV/LXC_arctic_a0007,"[64, 55, 58, 29, 6, 40, 30, 36, 49, 70, 36, 17, 55, 3, 3, 8, 46, 49, 24, 3, 24, 55, 63, 8, 46, 31, 48, 7, 30, 8, 3, 24, 39, 58, 24, 59, 50, 49]","[64, 55, 58, 29, 6, 40, 30, 36, 49, 70, 36, 17, 55, 3, 3, 8, 46, 49, 24, 3, 24, 10, 55, 8, 46, 31, 48, 8, 30, 56, 3, 24, 48, 58, 24, 59, 50, 49]","[1, 1, 1, 1, 1, 1, 1, 1, 1, 1, 1, 1, 1, 1, 1, 1, 1, 1, 1, 1, 1, 1, 0, 1, 1, 1, 1, 0, 1, 0, 1, 1, 0, 1, 1, 1, 1, 1]","[0, 0, 0, 0, 0, 0, 0, 0, 0, 0, 0, 0, 0, 0, 0, 0, 0, 0, 0, 0, 0, 1, 1, 0, 0, 0, 0, 1, 0, 1, 0, 0, 1, 0, 0, 0, 0, 0]"
753,L2_arctic_WAV/LXC_arctic_a0008,"[59, 64, 58, 29, 31, 50, 30, 52, 3, 7, 28, 60, 68, 69, 8, 46, 3, 24, 55, 3, 56, 68]","[59, 64, 58, 29, 31, 30, 64, 3, 7, 28, 60, 68, 69, 8, 46, 24, 10, 3, 56, 68]","[1, 1, 1, 1, 1, 0, 1, 0, 1, 1, 1, 1, 1, 1, 1, 1, 0, 1, 0, 1, 1, 1]","[0, 0, 0, 0, 0, 1, 0, 1, 0, 0, 0, 0, 0, 0, 0, 0, 1, 0, 1, 0, 0, 0]"
754,L2_arctic_WAV/LXC_arctic_a0010,"[56, 68, 48, 30, 60, 24, 10, 8, 46, 24, 10, 59, 8, 30, 67, 64, 55, 58, 24, 55, 36, 8, 3, 30, 31, 28, 46, 30, 56, 28, 8, 30, 6, 70, 24, 10, 59, 60, 68]","[56, 68, 48, 30, 60, 24, 10, 8, 46, 24, 10, 59, 14, 67, 64, 55, 24, 10, 36, 8, 3, 30, 31, 28, 30, 17, 46, 8, 30, 6, 46, 24, 10, 59, 60, 10]","[1, 1, 1, 1, 1, 1, 1, 1, 1, 1, 1, 1, 0, 0, 1, 1, 1, 0, 1, 0, 1, 1, 1, 1, 1, 1, 0, 1, 0, 0, 1, 1, 1, 0, 1, 1, 1, 1, 0]","[0, 0, 0, 0, 0, 0, 0, 0, 0, 0, 0, 0, 1, 1, 0, 0, 0, 1, 0, 1, 0, 0, 0, 0, 0, 0, 1, 0, 1, 1, 0, 0, 0, 1, 0, 0, 0, 0, 1]"
755,L2_arctic_WAV/LXC_arctic_a0011,"[24, 54, 56, 52, 39, 7, 55, 49, 58, 24, 58, 8, 54, 56, 3, 7, 24, 55, 68, 56, 30, 56, 54, 56, 55, 49, 58, 36, 8, 55, 55, 15]","[24, 54, 56, 64, 36, 8, 55, 49, 58, 24, 58, 8, 54, 56, 3, 8, 24, 10, 68, 56, 30, 56, 54, 56, 55, 49, 58, 36, 8, 55, 55, 15]","[1, 1, 1, 0, 0, 0, 1, 1, 1, 1, 1, 1, 1, 1, 1, 0, 1, 0, 1, 1, 1, 1, 1, 1, 1, 1, 1, 1, 1, 1, 1, 1]","[0, 0, 0, 1, 1, 1, 0, 0, 0, 0, 0, 0, 0, 0, 0, 1, 0, 1, 0, 0, 0, 0, 0, 0, 0, 0, 0, 0, 0, 0, 0, 0]"
756,L2_arctic_WAV/LXC_arctic_a0013,"[67, 49, 36, 8, 70, 8, 67, 52, 58, 9, 40, 50, 3, 7, 63, 64, 55, 67, 24, 70, 28, 8, 68, 48, 64, 55, 29, 8, 55, 8, 39, 40, 30, 68, 14, 46, 3, 58, 52, 30, 8, 28, 8, 3, 54, 8, 70, 49, 28]","[67, 49, 36, 8, 46, 8, 62, 64, 58, 9, 40, 3, 8, 30, 64, 55, 67, 49, 46, 28, 8, 68, 48, 64, 55, 29, 8, 55, 8, 39, 40, 68, 14, 46, 3, 58, 52, 30, 8, 28, 8, 3, 54, 49, 46, 49, 28]","[1, 1, 1, 1, 0, 1, 0, 0, 1, 1, 1, 0, 1, 0, 0, 1, 1, 1, 0, 0, 1, 1, 1, 1, 1, 1, 1, 1, 1, 1, 1, 1, 0, 1, 1, 1, 1, 1, 1, 1, 1, 1, 1, 1, 1, 0, 0, 1, 1]","[0, 0, 0, 0, 1, 0, 1, 1, 0, 0, 0, 1, 0, 1, 1, 0, 0, 0, 1, 1, 0, 0, 0, 0, 0, 0, 0, 0, 0, 0, 0, 0, 1, 0, 0, 0, 0, 0, 0, 0, 0, 0, 0, 0, 0, 1, 1, 0, 0]"
757,L2_arctic_WAV/LXC_arctic_a0018,"[63, 52, 50, 36, 8, 70, 8, 35, 60, 55, 69, 55, 15]","[63, 52, 8, 36, 8, 46, 8, 35, 60, 55, 35, 55, 15]","[1, 1, 0, 1, 1, 0, 1, 1, 1, 1, 0, 1, 1]","[0, 0, 1, 0, 0, 1, 0, 0, 0, 0, 1, 0, 0]"
758,L2_arctic_WAV/LXC_arctic_a0019,"[56, 54, 17, 30, 14, 58, 63, 8, 30, 56, 55, 8, 39, 63, 8, 48, 50, 8, 48, 14, 70, 58, 50, 60, 30, 50, 14, 58, 30, 31, 28, 24, 10, 54, 40, 50, 35, 64, 55, 46, 24, 70]","[56, 54, 17, 30, 14, 58, 63, 8, 30, 8, 30, 56, 55, 8, 39, 30, 8, 48, 50, 40, 48, 50, 14, 46, 3, 50, 60, 36, 50, 14, 58, 30, 31, 28, 24, 10, 54, 40, 35, 64, 55, 46, 24, 46]","[1, 1, 1, 1, 1, 1, 1, 1, 1, 1, 1, 1, 1, 0, 1, 1, 1, 0, 1, 1, 0, 0, 1, 1, 0, 1, 1, 1, 1, 1, 1, 1, 1, 1, 1, 0, 1, 1, 1, 1, 1, 0]","[0, 0, 0, 0, 0, 0, 0, 0, 0, 0, 0, 0, 0, 1, 0, 0, 0, 1, 0, 0, 1, 1, 0, 0, 1, 0, 0, 0, 0, 0, 0, 0, 0, 0, 0, 1, 0, 0, 0, 0, 0, 1]"
759,L2_arctic_WAV/LXC_arctic_a0020,"[28, 30, 8, 37, 70, 8, 55, 58, 37, 40, 30, 70, 64, 55, 58, 46, 24, 3, 49, 70, 59, 50, 6, 3, 8, 37, 49, 14, 55, 30, 49, 68, 52, 68, 7, 49, 70]","[28, 30, 8, 48, 46, 8, 55, 8, 37, 40, 46, 64, 55, 8, 46, 49, 3, 49, 46, 59, 50, 6, 3, 8, 37, 49, 40, 10, 30, 49, 68, 64, 68, 7, 49, 46]","[1, 1, 1, 0, 0, 1, 1, 0, 1, 1, 0, 0, 1, 1, 0, 1, 0, 1, 1, 0, 1, 1, 1, 1, 1, 1, 1, 0, 0, 1, 1, 1, 0, 1, 1, 1, 0]","[0, 0, 0, 1, 1, 0, 0, 1, 0, 0, 1, 1, 0, 0, 1, 0, 1, 0, 0, 1, 0, 0, 0, 0, 0, 0, 0, 1, 1, 0, 0, 0, 1, 0, 0, 0, 1]"
760,L2_arctic_WAV/LXC_arctic_a0021,"[24, 3, 54, 52, 50, 30, 49, 28, 30, 8, 37, 58, 68, 49, 24, 55, 3, 6, 50, 52, 28, 8, 59, 55, 56, 70, 24, 10, 24, 3]","[24, 3, 54, 52, 30, 49, 28, 30, 8, 37, 58, 68, 49, 24, 55, 3, 6, 50, 52, 28, 8, 59, 55, 56, 46, 24, 10, 49, 3]","[1, 1, 1, 1, 0, 1, 1, 1, 1, 1, 1, 1, 1, 1, 1, 1, 1, 1, 1, 1, 1, 1, 1, 1, 1, 0, 1, 1, 0, 1]","[0, 0, 0, 0, 1, 0, 0, 0, 0, 0, 0, 0, 0, 0, 0, 0, 0, 0, 0, 0, 0, 0, 0, 0, 0, 1, 0, 0, 1, 0]"
761,L2_arctic_WAV/LXC_arctic_a0022,"[67, 17, 50, 58, 30, 49, 36, 7, 15, 50, 48, 30, 64, 55, 70, 68, 60, 58, 48, 8, 37, 30, 24, 28, 37, 49, 54, 40, 50, 36, 49, 36, 7, 68, 52, 3, 37, 56, 48, 15, 7, 54, 8, 30, 17, 48, 8, 70, 24, 9, 8, 55]","[62, 17, 50, 58, 8, 30, 49, 36, 8, 15, 8, 48, 30, 64, 55, 46, 68, 60, 58, 48, 8, 37, 30, 49, 28, 37, 49, 54, 40, 36, 49, 36, 8, 68, 52, 3, 37, 56, 48, 15, 8, 54, 14, 17, 48, 46, 49, 9, 8, 55]","[0, 1, 1, 1, 1, 1, 1, 0, 1, 0, 1, 1, 1, 1, 0, 1, 1, 1, 1, 1, 1, 1, 0, 1, 1, 1, 1, 1, 0, 1, 1, 1, 0, 1, 1, 1, 1, 1, 1, 1, 0, 1, 0, 0, 1, 1, 0, 0, 0, 1, 1, 1]","[1, 0, 0, 0, 0, 0, 0, 1, 0, 1, 0, 0, 0, 0, 1, 0, 0, 0, 0, 0, 0, 0, 1, 0, 0, 0, 0, 0, 1, 0, 0, 0, 1, 0, 0, 0, 0, 0, 0, 0, 1, 0, 1, 1, 0, 0, 1, 1, 1, 0, 0, 0]"
762,L2_arctic_WAV/LXC_arctic_a0023,"[8, 28, 17, 68, 37, 8, 55, 60, 9, 8, 55, 8, 39, 28, 8, 55, 60, 58, 49, 8, 55, 28, 64, 48, 8, 3, 8, 30, 28, 36, 24, 28, 30, 49, 40, 50, 59, 8, 55, 56, 70, 58, 64, 55, 58, 48, 8, 3, 24, 9, 8, 55, 58, 54, 40, 50, 63, 8, 46, 60, 68, 48, 50, 24, 39, 24, 30, 24, 69, 24, 70]","[8, 28, 17, 68, 37, 55, 60, 9, 8, 10, 40, 39, 28, 8, 55, 60, 58, 49, 8, 55, 28, 64, 48, 3, 8, 36, 28, 36, 24, 28, 30, 49, 40, 59, 8, 55, 56, 46, 64, 55, 58, 8, 48, 64, 3, 24, 9, 8, 55, 54, 40, 8, 63, 8, 46, 49, 68, 48, 50, 24, 39, 49, 30, 49, 69, 49, 46]","[1, 1, 1, 1, 1, 0, 1, 1, 1, 1, 0, 0, 1, 1, 1, 1, 1, 1, 1, 1, 1, 1, 1, 1, 0, 1, 1, 0, 1, 1, 1, 1, 1, 1, 1, 0, 1, 1, 1, 1, 0, 0, 1, 1, 1, 1, 0, 1, 1, 1, 1, 1, 0, 1, 1, 0, 1, 1, 1, 0, 1, 1, 1, 1, 1, 0, 1, 0, 1, 0, 0]","[0, 0, 0, 0, 0, 1, 0, 0, 0, 0, 1, 1, 0, 0, 0, 0, 0, 0, 0, 0, 0, 0, 0, 0, 1, 0, 0, 1, 0, 0, 0, 0, 0, 0, 0, 1, 0, 0, 0, 0, 1, 1, 0, 0, 0, 0, 1, 0, 0, 0, 0, 0, 1, 0, 0, 1, 0, 0, 0, 1, 0, 0, 0, 0, 0, 1, 0, 1, 0, 1, 1]"
763,L2_arctic_WAV/LXC_arctic_a0024,"[24, 3, 36, 8, 70, 68, 56, 50, 24, 48, 40, 50, 3, 46, 54, 50, 8, 68, 63, 8, 55, 40, 50, 22, 36, 24, 35, 35, 49, 54, 30, 49, 24, 55, 58, 6, 46, 3, 48, 49, 48, 8, 30, 3, 6, 37, 56]","[24, 3, 36, 8, 46, 68, 56, 50, 24, 48, 40, 3, 46, 54, 50, 8, 68, 63, 8, 55, 40, 50, 46, 36, 49, 35, 35, 49, 54, 30, 49, 49, 55, 58, 6, 46, 3, 48, 49, 48, 8, 36, 3, 6, 37, 56]","[1, 1, 1, 1, 0, 1, 1, 1, 1, 1, 1, 0, 1, 1, 1, 1, 1, 1, 1, 1, 1, 1, 1, 0, 1, 0, 1, 1, 1, 1, 1, 1, 0, 1, 1, 1, 1, 1, 1, 1, 1, 1, 0, 1, 1, 1, 1]","[0, 0, 0, 0, 1, 0, 0, 0, 0, 0, 0, 1, 0, 0, 0, 0, 0, 0, 0, 0, 0, 0, 0, 1, 0, 1, 0, 0, 0, 0, 0, 0, 1, 0, 0, 0, 0, 0, 0, 0, 0, 0, 1, 0, 0, 0, 0]"
764,L2_arctic_WAV/LXC_arctic_a0025,"[56, 36, 8, 70, 8, 37, 15, 3, 3, 8, 58, 6, 63, 24, 46, 36, 52, 55, 28, 6, 30, 7, 69, 8, 69, 68, 8, 55, 3, 48, 50, 49, 39, 60, 30, 58]","[56, 36, 8, 46, 8, 37, 15, 3, 3, 8, 58, 6, 30, 49, 46, 36, 64, 55, 28, 6, 30, 8, 69, 8, 35, 68, 8, 55, 48, 50, 49, 36, 60, 30, 58]","[1, 1, 1, 0, 1, 1, 1, 1, 1, 1, 1, 1, 0, 0, 1, 1, 0, 1, 1, 1, 1, 0, 1, 1, 0, 1, 1, 1, 0, 1, 1, 1, 0, 1, 1, 1]","[0, 0, 0, 1, 0, 0, 0, 0, 0, 0, 0, 0, 1, 1, 0, 0, 1, 0, 0, 0, 0, 1, 0, 0, 1, 0, 0, 0, 1, 0, 0, 0, 1, 0, 0, 0]"
765,L2_arctic_WAV/LXC_arctic_a0026,"[24, 3, 8, 28, 7, 58, 3, 6, 68, 49, 63, 64, 3, 63, 52, 50, 36, 31, 58, 67, 64, 39, 3, 6, 37, 49, 8, 55, 8, 28, 15, 55, 3, 24, 10]","[49, 3, 8, 28, 8, 58, 3, 6, 68, 49, 63, 64, 3, 58, 52, 36, 31, 58, 67, 64, 54, 3, 6, 37, 49, 8, 10, 8, 28, 8, 55, 3, 24, 10]","[0, 1, 1, 1, 0, 1, 1, 1, 1, 1, 1, 1, 1, 0, 1, 0, 1, 1, 1, 1, 1, 0, 1, 1, 1, 1, 1, 0, 1, 1, 0, 1, 1, 1, 1]","[1, 0, 0, 0, 1, 0, 0, 0, 0, 0, 0, 0, 0, 1, 0, 1, 0, 0, 0, 0, 0, 1, 0, 0, 0, 0, 0, 1, 0, 0, 1, 0, 0, 0, 0]"
766,L2_arctic_WAV/LXC_arctic_a0027,"[3, 6, 68, 56, 46, 8, 48, 50, 56, 70, 67, 49, 37, 49, 59, 64, 55, 3, 6, 9, 14, 64, 28, 35, 8, 36, 8, 30, 24, 55, 22, 6, 70, 49, 64, 70, 8, 68, 24, 55, 68, 56, 54, 60, 39, 7]","[3, 6, 68, 56, 46, 8, 48, 50, 56, 46, 67, 49, 37, 49, 59, 64, 55, 3, 6, 9, 14, 64, 28, 35, 8, 36, 8, 24, 55, 46, 6, 46, 49, 64, 46, 8, 68, 24, 10, 68, 56, 54, 60, 36, 8]","[1, 1, 1, 1, 1, 1, 1, 1, 1, 0, 1, 1, 1, 1, 1, 1, 1, 1, 1, 1, 1, 1, 1, 1, 1, 1, 1, 0, 1, 1, 0, 1, 0, 1, 1, 0, 1, 1, 1, 0, 1, 1, 1, 1, 0, 0]","[0, 0, 0, 0, 0, 0, 0, 0, 0, 1, 0, 0, 0, 0, 0, 0, 0, 0, 0, 0, 0, 0, 0, 0, 0, 0, 0, 1, 0, 0, 1, 0, 1, 0, 0, 1, 0, 0, 0, 1, 0, 0, 0, 0, 1, 1]"
767,L2_arctic_WAV/LXC_arctic_a0028,"[50, 17, 37, 7, 49, 37, 50, 56, 37, 7, 49, 54, 50, 40, 58]","[50, 17, 37, 7, 49, 37, 50, 56, 37, 7, 49, 54, 50, 40, 58]","[1, 1, 1, 1, 1, 1, 1, 1, 1, 1, 1, 1, 1, 1, 1]","[0, 0, 0, 0, 0, 0, 0, 0, 0, 0, 0, 0, 0, 0, 0]"
768,L2_arctic_WAV/LXC_arctic_a0029,"[63, 52, 50, 54, 40, 50, 46, 24, 70, 36, 7, 40, 30, 50, 52, 58, 49, 68, 6, 39, 24, 10, 24, 55, 3, 6, 63, 8, 55, 40, 50, 22, 28, 8, 55, 3, 50, 49]","[58, 52, 8, 54, 40, 46, 24, 46, 36, 8, 40, 50, 52, 58, 49, 68, 6, 39, 24, 10, 49, 10, 3, 6, 30, 8, 55, 40, 46, 28, 8, 10, 3, 50, 49]","[0, 1, 0, 1, 1, 0, 1, 1, 0, 1, 0, 1, 0, 1, 1, 1, 1, 1, 1, 1, 1, 1, 0, 0, 1, 1, 0, 1, 1, 1, 0, 0, 1, 1, 0, 1, 1, 1]","[1, 0, 1, 0, 0, 1, 0, 0, 1, 0, 1, 0, 1, 0, 0, 0, 0, 0, 0, 0, 0, 0, 1, 1, 0, 0, 1, 0, 0, 0, 1, 1, 0, 0, 1, 0, 0, 0]"
769,L2_arctic_WAV/LXC_arctic_a0030,"[56, 67, 64, 58, 54, 60, 22, 24, 55, 63, 52, 68]","[56, 67, 64, 58, 54, 60, 46, 24, 10, 30, 52, 68]","[1, 1, 1, 1, 1, 1, 0, 1, 0, 0, 1, 1]","[0, 0, 0, 0, 0, 0, 1, 0, 1, 1, 0, 0]"
770,L2_arctic_WAV/LXC_arctic_a0031,"[63, 60, 36, 7, 22, 50, 49, 67, 8, 55, 58, 50, 8, 58, 29, 17, 50, 58, 70, 8, 48, 17, 50, 3]","[58, 60, 36, 8, 46, 50, 49, 67, 8, 55, 58, 50, 8, 58, 29, 17, 58, 46, 8, 48, 17, 3]","[0, 1, 1, 0, 0, 1, 1, 1, 1, 1, 1, 1, 1, 1, 1, 1, 0, 1, 0, 1, 1, 1, 0, 1]","[1, 0, 0, 1, 1, 0, 0, 0, 0, 0, 0, 0, 0, 0, 0, 0, 1, 0, 1, 0, 0, 0, 1, 0]"
771,L2_arctic_WAV/LXC_arctic_a0032,"[46, 24, 55, 46, 63, 52, 55, 46, 8, 68, 68, 24, 46, 3, 24, 50, 49, 8, 46, 54, 40, 50, 46, 67, 64, 70, 37, 24, 55, 54, 56, 3, 24, 10, 8, 46, 64, 3, 52, 39, 50, 49, 46, 3, 52, 48]","[46, 49, 10, 46, 46, 52, 55, 46, 8, 68, 68, 24, 46, 3, 24, 50, 49, 8, 46, 54, 40, 46, 67, 64, 46, 37, 24, 10, 54, 56, 55, 3, 24, 10, 17, 46, 64, 3, 64, 36, 50, 49, 46, 3, 52, 48]","[1, 0, 0, 1, 0, 1, 1, 1, 1, 1, 1, 1, 1, 1, 1, 1, 1, 1, 1, 1, 1, 0, 1, 1, 1, 0, 1, 1, 0, 1, 1, 1, 1, 1, 0, 1, 1, 1, 0, 0, 1, 1, 1, 1, 1, 1]","[0, 1, 1, 0, 1, 0, 0, 0, 0, 0, 0, 0, 0, 0, 0, 0, 0, 0, 0, 0, 0, 1, 0, 0, 0, 1, 0, 0, 1, 0, 0, 0, 0, 0, 1, 0, 0, 0, 1, 1, 0, 0, 0, 0, 0, 0]"
772,L2_arctic_WAV/LXC_arctic_a0036,"[9, 49, 3, 7, 55, 58, 24, 55, 64, 3, 63, 8, 67, 14, 3, 52, 30]","[9, 49, 3, 8, 55, 24, 10, 64, 3, 8, 30, 8, 67, 14, 3, 52, 36]","[1, 1, 1, 0, 1, 0, 1, 0, 1, 1, 0, 1, 1, 1, 1, 1, 0]","[0, 0, 0, 1, 0, 1, 0, 1, 0, 0, 1, 0, 0, 0, 0, 0, 1]"
773,L2_arctic_WAV/LXC_arctic_a0037,"[56, 36, 8, 70, 63, 8, 14, 55, 30, 49, 36, 8, 55, 67, 6, 50, 24, 68, 60, 55, 58, 46, 24, 3, 24, 10]","[56, 36, 8, 46, 63, 8, 40, 10, 30, 49, 36, 8, 10, 67, 6, 50, 24, 68, 60, 55, 58, 46, 49, 3, 49, 10]","[1, 1, 1, 0, 1, 1, 0, 0, 1, 1, 1, 1, 0, 1, 1, 1, 1, 1, 1, 1, 1, 1, 0, 1, 0, 1]","[0, 0, 0, 1, 0, 0, 1, 1, 0, 0, 0, 0, 1, 0, 0, 0, 0, 0, 0, 0, 0, 0, 1, 0, 1, 0]"
774,L2_arctic_WAV/LXC_arctic_a0038,"[36, 49, 30, 67, 64, 39, 3, 6, 36, 17, 35, 15, 50, 35, 64, 55, 46, 24, 70]","[36, 49, 36, 24, 36, 67, 64, 3, 6, 36, 17, 35, 15, 8, 35, 17, 55, 46, 24, 46]","[1, 1, 0, 1, 1, 0, 1, 1, 1, 1, 1, 1, 0, 1, 0, 1, 1, 1, 0]","[0, 0, 1, 0, 0, 1, 0, 0, 0, 0, 0, 0, 1, 0, 1, 0, 0, 0, 1]"
775,L2_arctic_WAV/LXC_arctic_a0039,"[63, 8, 9, 24, 48, 9, 31, 58, 37, 49, 24, 55, 36, 24, 22, 24, 55, 8, 36, 49, 28, 7, 3, 52, 55, 58, 60, 70]","[30, 8, 9, 49, 48, 9, 31, 58, 37, 49, 49, 10, 36, 49, 46, 49, 10, 8, 36, 49, 28, 40, 3, 52, 55, 58, 60, 46]","[0, 1, 1, 0, 1, 1, 1, 1, 1, 1, 0, 0, 1, 0, 0, 0, 0, 1, 1, 1, 1, 0, 1, 1, 1, 1, 1, 0]","[1, 0, 0, 1, 0, 0, 0, 0, 0, 0, 1, 1, 0, 1, 1, 1, 1, 0, 0, 0, 0, 1, 0, 0, 0, 0, 0, 1]"
776,L2_arctic_WAV/LXC_arctic_a0040,"[56, 46, 8, 48, 14, 70, 29, 6, 36, 8, 55, 58, 7, 36, 56, 9, 49, 24, 70, 28, 8, 68, 24, 10, 8, 48, 67, 49, 50]","[56, 46, 8, 48, 14, 46, 29, 6, 36, 40, 55, 58, 8, 36, 56, 9, 49, 24, 46, 28, 17, 68, 24, 10, 8, 48, 67, 49, 8]","[1, 1, 1, 1, 1, 0, 1, 1, 1, 0, 1, 1, 0, 1, 1, 1, 1, 1, 0, 1, 0, 1, 1, 1, 1, 1, 1, 1, 0]","[0, 0, 0, 0, 0, 1, 0, 0, 0, 1, 0, 0, 1, 0, 0, 0, 0, 0, 1, 0, 1, 0, 0, 0, 0, 0, 0, 0, 1]"
777,L2_arctic_WAV/LXC_arctic_a0041,"[68, 49, 55, 36, 56, 30, 56, 30, 59, 14, 15, 3, 3, 6, 37, 50, 49, 63, 8, 46, 48, 52, 30]","[68, 49, 10, 36, 56, 36, 56, 36, 49, 36, 59, 14, 15, 3, 3, 6, 37, 50, 52, 46, 8, 46, 48, 52, 36]","[1, 1, 0, 1, 1, 0, 1, 0, 1, 1, 1, 1, 1, 1, 1, 1, 0, 0, 1, 1, 1, 1, 0]","[0, 0, 1, 0, 0, 1, 0, 1, 0, 0, 0, 0, 0, 0, 0, 0, 1, 1, 0, 0, 0, 0, 1]"
778,L2_arctic_WAV/LXC_arctic_a0042,"[67, 15, 28, 31, 58, 67, 49, 24, 28, 46, 48, 30, 60, 55, 67, 24, 70, 48, 8, 70, 52, 9, 8, 55, 8, 39, 63, 8, 46, 28, 52, 35]","[67, 15, 28, 31, 58, 67, 49, 49, 46, 48, 30, 60, 55, 67, 49, 46, 48, 8, 46, 52, 9, 8, 55, 8, 54, 30, 8, 46, 28, 52, 35]","[1, 1, 1, 1, 1, 1, 1, 0, 0, 1, 1, 1, 1, 1, 1, 0, 0, 1, 1, 0, 1, 1, 1, 1, 1, 0, 0, 1, 1, 1, 1, 1]","[0, 0, 0, 0, 0, 0, 0, 1, 1, 0, 0, 0, 0, 0, 0, 1, 1, 0, 0, 1, 0, 0, 0, 0, 0, 1, 1, 0, 0, 0, 0, 0]"
779,L2_arctic_WAV/LXC_arctic_a0045,"[67, 49, 68, 6, 39, 58, 8, 36, 60, 64, 70, 28, 36, 56, 8, 3, 30, 49, 64, 70, 67, 49, 67, 64, 58, 28, 8, 68]","[67, 49, 68, 6, 54, 58, 8, 36, 60, 64, 46, 28, 36, 56, 8, 3, 30, 49, 64, 46, 67, 49, 67, 64, 58, 28, 17, 68]","[1, 1, 1, 1, 0, 1, 1, 1, 1, 1, 0, 1, 1, 1, 1, 1, 1, 1, 1, 0, 1, 1, 1, 1, 1, 1, 0, 1]","[0, 0, 0, 0, 1, 0, 0, 0, 0, 0, 1, 0, 0, 0, 0, 0, 0, 0, 0, 1, 0, 0, 0, 0, 0, 0, 1, 0]"
780,L2_arctic_WAV/LXC_arctic_a0046,"[63, 8, 59, 7, 30, 54, 60, 46, 3, 67, 24, 68, 67, 7, 56, 70, 9, 56, 55, 24, 10, 36, 24, 22, 46, 8, 58, 8, 55, 54, 24, 50]","[30, 8, 59, 8, 36, 54, 60, 46, 3, 67, 49, 68, 67, 8, 56, 46, 9, 56, 55, 24, 10, 36, 49, 46, 46, 8, 58, 8, 55, 54, 24, 8]","[0, 1, 1, 0, 0, 1, 1, 1, 1, 1, 0, 1, 1, 0, 1, 0, 1, 1, 1, 1, 1, 1, 0, 0, 1, 1, 1, 1, 1, 1, 1, 0]","[1, 0, 0, 1, 1, 0, 0, 0, 0, 0, 1, 0, 0, 1, 0, 1, 0, 0, 0, 0, 0, 0, 1, 1, 0, 0, 0, 0, 0, 0, 0, 1]"
781,L2_arctic_WAV/LXC_arctic_a0047,"[28, 30, 14, 70, 37, 49, 46, 56, 58, 67, 24, 68, 59, 30, 49, 68, 58, 63, 8, 36, 56, 3, 54, 64, 10, 70, 8, 39, 63, 8, 36, 31, 30, 54, 58, 40, 59]","[28, 30, 14, 46, 37, 49, 46, 56, 58, 67, 49, 68, 59, 30, 49, 68, 58, 58, 8, 36, 56, 3, 54, 64, 55, 46, 8, 39, 30, 8, 36, 40, 54, 58, 40, 59]","[1, 1, 1, 0, 1, 1, 1, 1, 1, 1, 0, 1, 1, 1, 1, 1, 1, 0, 1, 1, 1, 1, 1, 1, 0, 0, 1, 1, 0, 1, 1, 0, 0, 1, 1, 1, 1]","[0, 0, 0, 1, 0, 0, 0, 0, 0, 0, 1, 0, 0, 0, 0, 0, 0, 1, 0, 0, 0, 0, 0, 0, 1, 1, 0, 0, 1, 0, 0, 1, 1, 0, 0, 0, 0]"
782,L2_arctic_WAV/LXC_arctic_a0048,"[67, 49, 30, 31, 28, 3, 64, 3, 63, 8, 67, 64, 10, 28, 7, 35, 49, 54, 68, 40, 50, 28, 30, 14, 46, 30, 49]","[67, 49, 30, 6, 28, 8, 64, 3, 8, 30, 8, 67, 64, 55, 28, 8, 35, 49, 54, 68, 40, 28, 30, 14, 46, 30, 49]","[1, 1, 1, 0, 1, 0, 1, 1, 0, 1, 1, 1, 0, 1, 0, 1, 1, 1, 1, 1, 0, 1, 1, 1, 1, 1, 1]","[0, 0, 0, 1, 0, 1, 0, 0, 1, 0, 0, 0, 1, 0, 1, 0, 0, 0, 0, 0, 1, 0, 0, 0, 0, 0, 0]"
783,L2_arctic_WAV/LXC_arctic_a0051,"[63, 8, 30, 60, 46, 36, 40, 70, 8, 39, 8, 58, 52, 30, 8, 28, 8, 3, 56, 39, 7, 49, 28, 8, 30, 7, 54, 60, 55, 3, 30, 49, 3, 24, 55, 3, 24, 58, 36, 24, 22, 29, 52, 30, 14]","[30, 8, 30, 60, 46, 36, 40, 46, 8, 54, 8, 58, 64, 30, 8, 28, 8, 3, 56, 36, 7, 49, 28, 8, 30, 8, 54, 60, 55, 3, 8, 30, 49, 3, 49, 10, 3, 24, 58, 36, 24, 46, 29, 52, 30, 14]","[0, 1, 1, 1, 1, 1, 1, 0, 1, 0, 1, 1, 0, 1, 1, 1, 1, 1, 1, 0, 1, 1, 1, 1, 1, 0, 1, 1, 1, 1, 1, 1, 1, 0, 0, 1, 1, 1, 1, 1, 0, 1, 1, 1, 1]","[1, 0, 0, 0, 0, 0, 0, 1, 0, 1, 0, 0, 1, 0, 0, 0, 0, 0, 0, 1, 0, 0, 0, 0, 0, 1, 0, 0, 0, 0, 0, 0, 0, 1, 1, 0, 0, 0, 0, 0, 1, 0, 0, 0, 0]"
784,L2_arctic_WAV/LXC_arctic_a0052,"[24, 3, 36, 8, 70, 8, 28, 29, 31, 50, 49, 8, 46, 28, 14, 24, 55, 46, 24, 58, 8, 55, 46]","[24, 3, 8, 36, 8, 46, 8, 28, 29, 31, 50, 49, 8, 46, 28, 14, 24, 10, 46, 49, 58, 8, 55, 46]","[1, 1, 1, 1, 0, 1, 1, 1, 1, 1, 1, 1, 1, 1, 1, 1, 0, 1, 0, 1, 1, 1, 1]","[0, 0, 0, 0, 1, 0, 0, 0, 0, 0, 0, 0, 0, 0, 0, 0, 1, 0, 1, 0, 0, 0, 0]"
785,L2_arctic_WAV/LXC_arctic_a0053,"[46, 8, 58, 8, 55, 30, 49, 67, 24, 70, 54, 24, 10, 59, 7, 70, 28, 30, 14, 70, 58, 3, 56, 3, 30, 49, 14, 39, 7, 63, 8, 67, 64, 10, 28, 7, 35, 49, 54]","[46, 8, 58, 8, 55, 30, 49, 67, 49, 46, 54, 24, 10, 59, 8, 46, 28, 30, 14, 46, 3, 3, 56, 3, 8, 30, 49, 14, 36, 8, 30, 8, 67, 64, 10, 28, 8, 35, 49, 54]","[1, 1, 1, 1, 1, 1, 1, 1, 0, 0, 1, 1, 1, 1, 0, 0, 1, 1, 1, 0, 0, 1, 1, 1, 1, 1, 1, 0, 0, 0, 1, 1, 1, 1, 1, 0, 1, 1, 1]","[0, 0, 0, 0, 0, 0, 0, 0, 1, 1, 0, 0, 0, 0, 1, 1, 0, 0, 0, 1, 1, 0, 0, 0, 0, 0, 0, 1, 1, 1, 0, 0, 0, 0, 0, 1, 0, 0, 0]"
786,L2_arctic_WAV/LXC_arctic_a0054,"[63, 52, 50, 36, 8, 70, 55, 8, 22, 24, 10, 40, 55, 63, 8, 50, 17, 28]","[63, 52, 50, 36, 8, 46, 55, 8, 46, 24, 10, 40, 10, 30, 8, 50, 17, 28]","[1, 1, 1, 1, 1, 0, 1, 1, 0, 1, 1, 1, 0, 0, 1, 1, 1, 1]","[0, 0, 0, 0, 0, 1, 0, 0, 1, 0, 0, 0, 1, 1, 0, 0, 0, 0]"
787,L2_arctic_WAV/LXC_arctic_a0058,"[56, 28, 60, 68, 54, 40, 50, 24, 55, 54, 7, 68, 60, 9, 8, 55, 68, 40, 50, 15, 3, 8, 39, 28, 29, 31, 50, 49, 17, 46, 8, 3, 49, 63, 64, 55, 52, 55, 49, 22, 24, 10, 52, 30, 46]","[56, 28, 60, 68, 54, 40, 8, 24, 10, 54, 8, 68, 60, 9, 8, 55, 68, 40, 8, 15, 3, 8, 54, 28, 29, 31, 50, 49, 8, 46, 8, 3, 49, 30, 64, 55, 52, 55, 49, 46, 24, 10, 52, 36, 46]","[1, 1, 1, 1, 1, 1, 0, 1, 0, 1, 0, 1, 1, 1, 1, 1, 1, 1, 0, 1, 1, 1, 0, 1, 1, 1, 1, 1, 0, 1, 1, 1, 1, 0, 1, 1, 1, 1, 1, 0, 1, 1, 1, 0, 1]","[0, 0, 0, 0, 0, 0, 1, 0, 1, 0, 1, 0, 0, 0, 0, 0, 0, 0, 1, 0, 0, 0, 1, 0, 0, 0, 0, 0, 1, 0, 0, 0, 0, 1, 0, 0, 0, 0, 0, 1, 0, 0, 0, 1, 0]"
788,L2_arctic_WAV/LXC_arctic_a0059,"[67, 24, 70, 24, 68, 64, 28, 29, 6, 30, 24, 3, 8, 48, 24, 50, 8, 55, 46, 36, 8, 70, 59, 40, 55]","[67, 49, 46, 24, 68, 64, 28, 29, 6, 30, 24, 3, 8, 48, 24, 50, 8, 55, 46, 36, 8, 46, 59, 40, 10]","[1, 0, 0, 1, 1, 1, 1, 1, 1, 1, 1, 1, 1, 1, 1, 1, 1, 1, 1, 1, 1, 0, 1, 1, 0]","[0, 1, 1, 0, 0, 0, 0, 0, 0, 0, 0, 0, 0, 0, 0, 0, 0, 0, 0, 0, 0, 1, 0, 0, 1]"
789,L2_arctic_WAV/LXC_arctic_a0060,"[52, 55, 49, 36, 60, 55, 14, 36, 8, 55, 46, 40, 67, 7, 30, 56, 28, 63, 64, 3]","[64, 55, 49, 36, 60, 55, 14, 36, 8, 10, 46, 40, 67, 8, 30, 56, 28, 63, 64, 3]","[0, 1, 1, 1, 1, 1, 1, 1, 1, 0, 1, 1, 1, 0, 1, 1, 1, 1, 1, 1]","[1, 0, 0, 0, 0, 0, 0, 0, 0, 1, 0, 0, 0, 1, 0, 0, 0, 0, 0, 0]"
790,L2_arctic_WAV/LXC_arctic_a0062,"[63, 8, 68, 52, 55, 46, 3, 52, 50, 58, 24, 55, 3, 6, 49, 35, 8, 63, 7, 70, 54, 60, 46]","[58, 8, 68, 52, 55, 46, 3, 52, 8, 58, 49, 10, 3, 6, 49, 35, 8, 30, 8, 46, 54, 60, 46]","[0, 1, 1, 1, 1, 1, 1, 1, 0, 1, 0, 0, 1, 1, 1, 1, 1, 0, 0, 0, 1, 1, 1]","[1, 0, 0, 0, 0, 0, 0, 0, 1, 0, 1, 1, 0, 0, 0, 0, 0, 1, 1, 1, 0, 0, 0]"
791,L2_arctic_WAV/LXC_arctic_a0063,"[29, 52, 46, 24, 3, 36, 8, 70, 8, 68, 64, 55, 67, 6, 64, 46, 28, 3, 8, 46, 3, 50, 60, 55, 69, 7]","[29, 52, 46, 24, 3, 8, 36, 8, 46, 8, 68, 64, 10, 67, 6, 64, 46, 28, 3, 8, 46, 3, 50, 60, 55, 69, 8]","[1, 1, 1, 1, 1, 1, 1, 0, 1, 1, 1, 0, 1, 1, 1, 1, 1, 1, 1, 1, 1, 1, 1, 1, 1, 0]","[0, 0, 0, 0, 0, 0, 0, 1, 0, 0, 0, 1, 0, 0, 0, 0, 0, 0, 0, 0, 0, 0, 0, 0, 0, 1]"
792,L2_arctic_WAV/LXC_arctic_a0064,"[63, 8, 54, 40, 50, 22, 64, 55, 58, 54, 24, 22, 58, 60, 70, 48, 64, 46, 3, 36, 24, 22, 15, 3, 52, 55, 49, 58, 24, 39, 52, 30, 8, 48, 68, 8, 55, 3, 46]","[30, 8, 54, 40, 46, 64, 55, 58, 54, 49, 46, 58, 60, 46, 48, 64, 46, 3, 8, 36, 49, 46, 15, 3, 64, 55, 49, 58, 24, 39, 52, 30, 8, 48, 68, 8, 55, 3, 46]","[0, 1, 1, 1, 0, 0, 1, 1, 1, 1, 0, 0, 1, 1, 0, 1, 1, 1, 1, 1, 0, 0, 1, 1, 0, 1, 1, 1, 1, 1, 1, 1, 1, 1, 1, 1, 1, 1, 1]","[1, 0, 0, 0, 1, 1, 0, 0, 0, 0, 1, 1, 0, 0, 1, 0, 0, 0, 0, 0, 1, 1, 0, 0, 1, 0, 0, 0, 0, 0, 0, 0, 0, 0, 0, 0, 0, 0, 0]"
793,L2_arctic_WAV/LXC_arctic_a0065,"[63, 60, 28, 30, 14, 70, 58, 55, 15, 8, 55, 3, 24, 30, 67, 24, 70, 54, 24, 10, 59, 7, 70, 36, 7, 30, 56, 28, 28, 40, 50, 58, 70, 8, 39, 46, 3, 49, 30]","[58, 60, 28, 30, 14, 46, 3, 55, 15, 8, 55, 3, 24, 36, 67, 24, 46, 54, 24, 10, 59, 8, 46, 36, 8, 30, 64, 28, 28, 40, 3, 46, 8, 54, 46, 3, 49, 36]","[0, 1, 1, 1, 1, 0, 0, 1, 1, 1, 1, 1, 1, 0, 1, 1, 0, 1, 1, 1, 1, 0, 0, 1, 0, 1, 0, 1, 1, 1, 0, 0, 0, 1, 0, 1, 1, 1, 0]","[1, 0, 0, 0, 0, 1, 1, 0, 0, 0, 0, 0, 0, 1, 0, 0, 1, 0, 0, 0, 0, 1, 1, 0, 1, 0, 1, 0, 0, 0, 1, 1, 1, 0, 1, 0, 0, 0, 1]"
794,L2_arctic_WAV/LXC_arctic_a0067,"[9, 31, 50, 30, 49, 56, 36, 8, 30, 24, 28, 46, 28, 29, 6, 70, 29, 6, 9, 49, 28, 50, 56, 58]","[9, 31, 30, 49, 56, 36, 8, 36, 24, 46, 28, 29, 6, 46, 29, 6, 9, 49, 28, 50, 56, 58]","[1, 1, 0, 1, 1, 1, 1, 1, 0, 1, 0, 1, 1, 1, 1, 0, 1, 1, 1, 1, 1, 1, 1, 1]","[0, 0, 1, 0, 0, 0, 0, 0, 1, 0, 1, 0, 0, 0, 0, 1, 0, 0, 0, 0, 0, 0, 0, 0]"
795,L2_arctic_WAV/LXC_arctic_a0071,"[36, 8, 3, 36, 8, 70, 63, 8, 8, 37, 69, 52, 28, 3, 8, 39, 29, 40, 50, 30, 24, 3, 8, 30, 46, 52, 55, 46, 60, 9, 8, 55]","[36, 8, 3, 8, 36, 8, 46, 30, 8, 8, 48, 8, 69, 52, 28, 8, 54, 29, 40, 8, 30, 49, 3, 8, 36, 46, 64, 55, 46, 60, 9, 8, 55]","[1, 1, 1, 1, 1, 0, 0, 1, 1, 0, 1, 1, 1, 0, 1, 0, 1, 1, 0, 1, 0, 1, 1, 0, 1, 0, 1, 1, 1, 1, 1, 1]","[0, 0, 0, 0, 0, 1, 1, 0, 0, 1, 0, 0, 0, 1, 0, 1, 0, 0, 1, 0, 1, 0, 0, 1, 0, 1, 0, 0, 0, 0, 0, 0]"
796,L2_arctic_WAV/LXC_arctic_a0073,"[63, 8, 48, 50, 8, 68, 14, 3, 7, 70, 56, 70, 36, 7, 67, 52, 39, 49, 36, 24, 22, 30, 24, 3, 8, 30, 48, 8, 54, 49, 37, 64, 59, 70, 8, 55, 58, 7, 63, 8, 68]","[30, 8, 48, 50, 14, 68, 14, 3, 8, 46, 56, 46, 36, 8, 67, 64, 39, 49, 36, 49, 46, 30, 49, 3, 8, 36, 48, 17, 54, 49, 37, 64, 59, 46, 17, 55, 58, 8, 30, 8, 68]","[0, 1, 1, 1, 0, 1, 1, 1, 0, 0, 1, 0, 1, 0, 1, 0, 1, 1, 1, 0, 0, 1, 0, 1, 1, 0, 1, 0, 1, 1, 1, 1, 1, 0, 0, 1, 1, 0, 0, 1, 1]","[1, 0, 0, 0, 1, 0, 0, 0, 1, 1, 0, 1, 0, 1, 0, 1, 0, 0, 0, 1, 1, 0, 1, 0, 0, 1, 0, 1, 0, 0, 0, 0, 0, 1, 1, 0, 0, 1, 1, 0, 0]"
797,L2_arctic_WAV/LXC_arctic_a0075,"[63, 52, 50, 67, 64, 70, 37, 24, 55, 8, 35, 60, 55, 69, 9, 49, 24, 55, 3, 7, 8, 48, 3, 24, 58, 67, 24, 68]","[63, 52, 8, 67, 64, 46, 37, 24, 10, 8, 35, 60, 55, 35, 9, 49, 49, 55, 3, 7, 8, 48, 3, 24, 58, 67, 49, 68]","[1, 1, 0, 1, 1, 0, 1, 1, 0, 1, 1, 1, 1, 0, 1, 1, 0, 1, 1, 1, 1, 1, 1, 1, 1, 1, 0, 1]","[0, 0, 1, 0, 0, 1, 0, 0, 1, 0, 0, 0, 0, 1, 0, 0, 1, 0, 0, 0, 0, 0, 0, 0, 0, 0, 1, 0]"
798,L2_arctic_WAV/LXC_arctic_a0076,"[63, 8, 59, 50, 60, 56, 70, 54, 17, 30, 3, 7, 58, 63, 8, 54, 30, 8, 9, 58, 49, 48, 8, 55, 58]","[30, 8, 59, 50, 60, 56, 46, 54, 40, 3, 8, 58, 58, 8, 54, 30, 8, 9, 58, 49, 48, 8, 55, 58]","[0, 1, 1, 1, 1, 1, 0, 1, 0, 0, 1, 0, 1, 0, 1, 1, 1, 1, 1, 1, 1, 1, 1, 1, 1]","[1, 0, 0, 0, 0, 0, 1, 0, 1, 1, 0, 1, 0, 1, 0, 0, 0, 0, 0, 0, 0, 0, 0, 0, 0]"
799,L2_arctic_WAV/LXC_arctic_a0077,"[24, 3, 24, 70, 63, 8, 54, 56, 50, 48, 17, 50, 3, 30, 49, 9, 49, 46, 52, 58]","[49, 3, 49, 46, 46, 8, 54, 56, 8, 48, 17, 3, 8, 30, 49, 9, 49, 46, 52, 58]","[0, 1, 0, 0, 0, 1, 1, 1, 0, 1, 1, 0, 1, 1, 1, 1, 1, 1, 1, 1]","[1, 0, 1, 1, 1, 0, 0, 0, 1, 0, 0, 1, 1, 0, 0, 0, 0, 0, 0, 0]"
800,L2_arctic_WAV/LXC_arctic_a0078,"[63, 52, 55, 64, 3, 46, 8, 48, 7, 67, 49, 3, 50, 56, 58, 3, 6, 54, 64, 63, 8, 68, 67, 7]","[63, 52, 55, 64, 3, 46, 8, 48, 7, 62, 49, 3, 50, 56, 3, 6, 54, 64, 63, 8, 68, 62, 7]","[1, 1, 1, 1, 1, 1, 1, 1, 1, 0, 1, 1, 1, 1, 0, 1, 1, 1, 1, 1, 1, 1, 0, 1]","[0, 0, 0, 0, 0, 0, 0, 0, 0, 1, 0, 0, 0, 0, 1, 0, 0, 0, 0, 0, 0, 0, 1, 0]"
801,L2_arctic_WAV/LXC_arctic_a0079,"[24, 3, 36, 8, 70, 8, 30, 17, 50, 69, 28, 8, 55, 6]","[24, 3, 36, 8, 46, 8, 30, 17, 35, 28, 52, 55, 6]","[1, 1, 1, 1, 0, 1, 1, 1, 0, 0, 1, 0, 1, 1]","[0, 0, 0, 0, 1, 0, 0, 0, 1, 1, 0, 1, 0, 0]"
802,L2_arctic_WAV/LXC_arctic_a0081,"[67, 36, 8, 3, 24, 54, 9, 49, 58, 24, 58, 55, 17, 3, 28, 8, 68, 3, 24, 63, 8, 50, 17, 28]","[36, 8, 3, 24, 54, 9, 49, 58, 24, 58, 8, 55, 28, 8, 68, 3, 8, 8, 50, 17, 28]","[0, 1, 1, 1, 1, 1, 1, 1, 1, 1, 1, 1, 0, 0, 1, 1, 1, 1, 0, 0, 1, 1, 1, 1]","[1, 0, 0, 0, 0, 0, 0, 0, 0, 0, 0, 1, 1, 1, 0, 0, 0, 0, 1, 1, 0, 0, 0, 0]"
803,L2_arctic_WAV/LXC_arctic_a0082,"[67, 24, 70, 54, 60, 46, 36, 8, 70, 46, 3, 50, 49, 68, 24, 10, 36, 24, 22, 37, 30, 8, 58]","[67, 24, 70, 54, 60, 46, 36, 8, 70, 46, 3, 50, 49, 68, 24, 10, 36, 24, 22, 37, 30, 8]","[1, 1, 1, 1, 1, 1, 1, 1, 1, 1, 1, 1, 1, 1, 1, 1, 1, 1, 1, 1, 1, 1, 0]","[0, 0, 0, 0, 0, 0, 0, 0, 0, 0, 0, 0, 0, 0, 0, 0, 0, 0, 0, 0, 0, 0, 1]"
804,L2_arctic_WAV/LXC_arctic_a0085,"[8, 3, 50, 24, 28, 8, 30, 8, 39, 54, 50, 52, 9, 37, 30, 8, 58, 50, 64, 55, 14, 39, 7, 67, 24, 70, 54, 60, 46]","[8, 3, 50, 24, 28, 8, 39, 54, 50, 52, 9, 37, 30, 8, 50, 64, 55, 14, 39, 7, 67, 24, 46, 54, 60, 46]","[1, 1, 1, 1, 1, 0, 0, 1, 1, 1, 1, 1, 1, 1, 1, 1, 0, 1, 1, 1, 1, 1, 1, 1, 1, 0, 1, 1, 1]","[0, 0, 0, 0, 0, 1, 1, 0, 0, 0, 0, 0, 0, 0, 0, 0, 1, 0, 0, 0, 0, 0, 0, 0, 0, 1, 0, 0, 0]"
805,L2_arctic_WAV/LXC_arctic_a0086,"[58, 52, 22, 67, 64, 58, 28, 8, 68, 36, 24, 22, 3, 52, 50, 8, 37, 8, 30, 46, 8, 58, 8, 55, 55, 8, 46]","[58, 52, 46, 67, 64, 58, 28, 8, 68, 36, 24, 46, 3, 52, 50, 8, 37, 8, 30, 46, 8, 58, 8, 55, 55, 24, 46]","[1, 1, 0, 1, 1, 1, 1, 1, 1, 1, 1, 0, 1, 1, 1, 1, 1, 1, 1, 1, 1, 1, 1, 1, 1, 0, 1]","[0, 0, 1, 0, 0, 0, 0, 0, 0, 0, 0, 1, 0, 0, 0, 0, 0, 0, 0, 0, 0, 0, 0, 0, 0, 1, 0]"
806,L2_arctic_WAV/LXC_arctic_a0088,"[67, 49, 68, 60, 58, 9, 31, 50, 63, 64, 3, 63, 8, 68, 64, 59, 8, 70, 49, 55, 36, 8, 70, 30, 14, 58, 24, 58, 64, 55, 58, 50, 49, 70, 6, 68, 58, 67, 24, 70, 48, 64, 58, 8, 30, 24, 10]","[67, 49, 68, 60, 9, 31, 50, 63, 64, 63, 8, 68, 64, 59, 8, 70, 49, 55, 36, 8, 70, 30, 14, 58, 24, 64, 55, 58, 50, 49, 46, 6, 68, 58, 67, 24, 46, 48, 64, 58, 8, 30, 24, 10]","[1, 1, 1, 1, 0, 1, 1, 1, 1, 1, 0, 1, 1, 1, 1, 1, 1, 1, 1, 1, 1, 1, 1, 1, 1, 1, 1, 0, 1, 1, 1, 1, 1, 0, 1, 1, 1, 1, 1, 0, 1, 1, 1, 1, 1, 1, 1]","[0, 0, 0, 0, 1, 0, 0, 0, 0, 0, 1, 0, 0, 0, 0, 0, 0, 0, 0, 0, 0, 0, 0, 0, 0, 0, 0, 1, 0, 0, 0, 0, 0, 1, 0, 0, 0, 0, 0, 1, 0, 0, 0, 0, 0, 0, 0]"
807,L2_arctic_WAV/LXC_arctic_a0089,"[63, 8, 55, 56, 3, 59, 30, 14, 36, 8, 70, 3, 50, 52, 35, 7, 8, 46, 3, 6, 9, 6, 3, 37, 56]","[63, 8, 55, 56, 3, 59, 30, 14, 36, 8, 46, 3, 50, 52, 35, 7, 8, 46, 3, 6, 9, 8, 37, 56]","[1, 1, 1, 1, 1, 1, 1, 1, 1, 1, 0, 1, 1, 1, 1, 1, 1, 1, 1, 1, 1, 0, 0, 1, 1]","[0, 0, 0, 0, 0, 0, 0, 0, 0, 0, 1, 0, 0, 0, 0, 0, 0, 0, 0, 0, 0, 1, 1, 0, 0]"
808,L2_arctic_WAV/LXC_arctic_a0090,"[63, 8, 46, 24, 10, 24, 10, 39, 57, 46, 8, 48, 50, 14, 35, 3, 50, 64, 48, 8, 58, 30, 49]","[63, 8, 46, 24, 10, 24, 10, 36, 57, 46, 8, 48, 50, 17, 35, 58, 50, 64, 48, 24, 58, 30, 49]","[1, 1, 1, 1, 1, 1, 1, 0, 1, 1, 1, 1, 1, 0, 1, 0, 1, 1, 1, 0, 1, 1, 1]","[0, 0, 0, 0, 0, 0, 0, 1, 0, 0, 0, 0, 0, 1, 0, 1, 0, 0, 0, 1, 0, 0, 0]"
809,L2_arctic_WAV/LXC_arctic_a0091,"[67, 24, 70, 37, 30, 8, 58, 59, 50, 6, 67, 17, 3, 36, 24, 22, 50, 60, 69, 64, 3, 63, 8, 22, 40, 3]","[67, 24, 70, 37, 30, 8, 58, 59, 50, 6, 67, 17, 3, 36, 24, 22, 50, 60, 69, 64, 3, 8, 50, 22, 40, 3]","[1, 1, 1, 1, 1, 1, 1, 1, 1, 1, 1, 1, 1, 1, 1, 1, 1, 1, 1, 1, 1, 0, 1, 1, 1, 1]","[0, 0, 0, 0, 0, 0, 0, 0, 0, 0, 0, 0, 0, 0, 0, 0, 0, 0, 0, 0, 0, 1, 1, 0, 0, 0]"
810,L2_arctic_WAV/LXC_arctic_a0092,"[67, 49, 36, 52, 55, 3, 58, 15, 55, 24, 55, 68, 24, 58, 46, 3, 50, 49, 68, 46, 7, 35, 24, 10, 63, 8, 9, 64, 58, 14, 70, 8, 39, 37, 14, 22, 9, 40, 50, 70]","[67, 49, 36, 52, 55, 58, 17, 55, 24, 55, 68, 24, 46, 3, 50, 49, 68, 46, 7, 35, 24, 10, 63, 8, 9, 64, 58, 40, 70, 8, 39, 37, 14, 22, 9, 17, 46]","[1, 1, 1, 1, 1, 0, 1, 0, 1, 1, 1, 1, 1, 0, 1, 1, 1, 1, 1, 1, 1, 1, 1, 1, 1, 1, 1, 1, 1, 0, 1, 1, 1, 1, 1, 1, 1, 0, 0, 0]","[0, 0, 0, 0, 0, 1, 0, 1, 0, 0, 0, 0, 0, 1, 0, 0, 0, 0, 0, 0, 0, 0, 0, 0, 0, 0, 0, 0, 0, 1, 0, 0, 0, 0, 0, 0, 0, 1, 1, 1]"
811,L2_arctic_WAV/LXC_arctic_a0093,"[54, 40, 50, 8, 54, 31, 30, 68, 24, 55, 8, 3, 67, 49, 28, 50, 15, 35, 3, 64, 55, 58, 30, 24, 46, 8, 55, 58]","[54, 40, 8, 54, 31, 30, 68, 24, 55, 24, 3, 67, 49, 28, 50, 17, 35, 3, 64, 55, 8, 30, 24, 46, 8, 55, 58]","[1, 1, 0, 1, 1, 1, 1, 1, 1, 1, 0, 1, 1, 1, 1, 1, 0, 1, 1, 1, 1, 0, 1, 1, 1, 1, 1, 1]","[0, 0, 1, 0, 0, 0, 0, 0, 0, 0, 1, 0, 0, 0, 0, 0, 1, 0, 0, 0, 0, 1, 0, 0, 0, 0, 0, 0]"
812,L2_arctic_WAV/LXC_arctic_a0094,"[67, 49, 67, 64, 58, 37, 52, 50, 30, 49, 52, 55, 3, 7, 58, 63, 24, 46, 36, 52, 55, 67, 49, 46, 40, 63, 8, 59, 30, 14, 8, 39, 8, 54, 56, 7]","[67, 49, 67, 64, 58, 37, 52, 30, 49, 52, 55, 3, 7, 58, 58, 30, 24, 46, 36, 52, 67, 49, 46, 40, 30, 8, 59, 30, 14, 8, 54, 8, 54, 56, 7]","[1, 1, 1, 1, 1, 1, 1, 0, 1, 1, 1, 1, 1, 1, 1, 0, 1, 1, 1, 1, 0, 1, 1, 1, 1, 0, 1, 1, 1, 1, 1, 0, 1, 1, 1, 1]","[0, 0, 0, 0, 0, 0, 0, 1, 0, 0, 0, 0, 0, 0, 0, 1, 0, 0, 0, 0, 1, 0, 0, 0, 0, 1, 0, 0, 0, 0, 0, 1, 0, 0, 0, 0]"
813,L2_arctic_WAV/LXC_arctic_a0095,"[8, 37, 24, 59, 28, 64, 55, 39, 8, 46, 3, 52, 55, 3, 36, 8, 70, 63, 8, 54, 7, 46, 3, 22, 24, 10, 3, 6, 28, 8, 68, 36, 24, 22, 24, 55, 67, 24, 70, 39, 24, 26, 8, 55]","[8, 37, 24, 28, 64, 55, 39, 8, 46, 3, 52, 55, 36, 8, 46, 58, 8, 54, 7, 46, 22, 24, 10, 3, 6, 28, 8, 68, 36, 24, 22, 24, 55, 67, 24, 46, 39, 24, 26, 8, 55]","[1, 1, 1, 0, 1, 1, 1, 1, 1, 1, 1, 1, 1, 0, 1, 1, 0, 0, 1, 1, 1, 1, 0, 1, 1, 1, 1, 1, 1, 1, 1, 1, 1, 1, 1, 1, 1, 1, 0, 1, 1, 1, 1, 1]","[0, 0, 0, 1, 0, 0, 0, 0, 0, 0, 0, 0, 0, 1, 0, 0, 1, 1, 0, 0, 0, 0, 1, 0, 0, 0, 0, 0, 0, 0, 0, 0, 0, 0, 0, 0, 0, 0, 1, 0, 0, 0, 0, 0]"
814,L2_arctic_WAV/LXC_arctic_a0096,"[48, 7, 67, 64, 48, 46, 9, 49, 67, 64, 58, 40, 50, 52, 58, 49, 68, 52, 3, 67, 7, 54, 60, 3, 8, 30, 24, 3, 8, 30, 58, 49, 48, 7, 24, 55, 63, 8, 54, 40, 50, 24, 46, 3]","[48, 7, 67, 64, 48, 46, 9, 49, 67, 64, 58, 40, 50, 52, 58, 49, 68, 52, 3, 67, 8, 54, 60, 3, 8, 30, 24, 3, 8, 58, 49, 48, 7, 24, 55, 63, 8, 54, 40, 50, 24, 46, 3]","[1, 1, 1, 1, 1, 1, 1, 1, 1, 1, 1, 1, 1, 1, 1, 1, 1, 1, 1, 1, 0, 1, 1, 1, 1, 1, 1, 1, 1, 0, 1, 1, 1, 1, 1, 1, 1, 1, 1, 1, 1, 1, 1, 1]","[0, 0, 0, 0, 0, 0, 0, 0, 0, 0, 0, 0, 0, 0, 0, 0, 0, 0, 0, 0, 1, 0, 0, 0, 0, 0, 0, 0, 0, 1, 0, 0, 0, 0, 0, 0, 0, 0, 0, 0, 0, 0, 0, 0]"
815,L2_arctic_WAV/LXC_arctic_a0097,"[63, 52, 55, 29, 6, 28, 64, 55, 7, 60, 55, 69, 29, 7, 46, 52, 30, 54, 28, 8, 68, 54, 7, 3, 8, 37, 30, 49, 8, 68, 8, 10, 63, 49, 70, 50, 14, 37, 70, 24, 55, 63, 8, 37, 14]","[63, 52, 55, 29, 6, 28, 64, 55, 7, 60, 55, 69, 29, 40, 46, 52, 30, 54, 28, 40, 68, 54, 7, 3, 8, 37, 30, 49, 8, 68, 8, 10, 63, 49, 70, 50, 17, 37, 70, 24, 55, 63, 8, 37, 40]","[1, 1, 1, 1, 1, 1, 1, 1, 1, 1, 1, 1, 1, 0, 1, 1, 1, 1, 1, 0, 1, 1, 1, 1, 1, 1, 1, 1, 1, 1, 1, 1, 1, 1, 1, 1, 0, 1, 1, 1, 1, 1, 1, 1, 0]","[0, 0, 0, 0, 0, 0, 0, 0, 0, 0, 0, 0, 0, 1, 0, 0, 0, 0, 0, 1, 0, 0, 0, 0, 0, 0, 0, 0, 0, 0, 0, 0, 0, 0, 0, 0, 1, 0, 0, 0, 0, 0, 0, 0, 1]"
816,L2_arctic_WAV/LXC_arctic_a0098,"[9, 64, 30, 56, 28, 52, 50, 49, 29, 6]","[9, 64, 56, 28, 52, 50, 49, 29, 6]","[1, 1, 0, 1, 1, 1, 1, 1, 1, 1]","[0, 0, 1, 0, 0, 0, 0, 0, 0, 0]"
817,L2_arctic_WAV/LXC_arctic_a0099,"[8, 68, 64, 58, 55, 24, 10, 69, 57, 48, 15, 55, 58, 24, 58, 24, 55, 67, 24, 70, 37, 50, 60, 55]","[8, 68, 64, 55, 58, 24, 10, 69, 57, 48, 17, 55, 58, 24, 58, 24, 55, 67, 24, 46, 37, 50, 60, 55]","[1, 1, 1, 1, 0, 1, 1, 1, 1, 1, 0, 1, 1, 1, 1, 1, 1, 1, 1, 0, 1, 1, 1, 1]","[0, 0, 0, 1, 1, 0, 0, 0, 0, 0, 1, 0, 0, 0, 0, 0, 0, 0, 0, 1, 0, 0, 0, 0]"
818,L2_arctic_WAV/LXC_arctic_a0100,"[29, 6, 68, 8, 46, 3, 46, 30, 49, 48, 67, 49, 7, 69, 58]","[29, 6, 68, 8, 46, 46, 30, 49, 48, 67, 49, 7, 69]","[1, 1, 1, 1, 1, 0, 1, 1, 1, 1, 1, 1, 1, 1, 0]","[0, 0, 0, 0, 0, 1, 0, 0, 0, 0, 0, 0, 0, 0, 1]"
819,L2_arctic_WAV/LXC_arctic_a0101,"[29, 6, 29, 6, 36, 31, 58, 55, 17, 3, 28, 49, 48, 63, 8, 3, 50, 6, 22, 54, 50, 8, 68, 68, 49]","[29, 6, 29, 6, 36, 31, 58, 55, 17, 28, 49, 48, 48, 8, 3, 50, 6, 22, 54, 50, 8, 68, 68, 49]","[1, 1, 1, 1, 1, 1, 1, 1, 1, 0, 1, 1, 1, 0, 1, 1, 1, 1, 1, 1, 1, 1, 1, 1, 1]","[0, 0, 0, 0, 0, 0, 0, 0, 0, 1, 0, 0, 0, 1, 0, 0, 0, 0, 0, 0, 0, 0, 0, 0, 0]"
820,L2_arctic_WAV/LXC_arctic_a0102,"[67, 49, 36, 24, 30, 54, 17, 30, 14, 8, 46, 46, 6, 55]","[67, 49, 36, 24, 30, 54, 40, 30, 8, 8, 46, 46, 6]","[1, 1, 1, 1, 1, 1, 0, 1, 0, 1, 1, 1, 1, 0]","[0, 0, 0, 0, 0, 0, 1, 0, 1, 0, 0, 0, 0, 1]"
821,L2_arctic_WAV/LXC_arctic_a0103,"[37, 8, 3, 63, 52, 50, 28, 60, 68, 55, 14, 48, 50, 17, 68, 8, 46, 54, 50, 8, 68, 63, 8, 37, 14, 8, 39, 63, 8, 28, 8, 55, 6]","[37, 8, 63, 52, 8, 28, 60, 68, 55, 14, 48, 50, 40, 68, 56, 46, 54, 50, 8, 68, 30, 8, 37, 14, 8, 39, 61, 8, 28, 8, 55, 6]","[1, 1, 0, 1, 1, 0, 1, 1, 1, 1, 1, 1, 1, 0, 1, 0, 1, 1, 1, 1, 1, 0, 1, 1, 1, 1, 1, 0, 1, 1, 1, 1, 1]","[0, 0, 1, 0, 0, 1, 0, 0, 0, 0, 0, 0, 0, 1, 0, 1, 0, 0, 0, 0, 0, 1, 0, 0, 0, 0, 0, 1, 0, 0, 0, 0, 0]"
822,L2_arctic_WAV/LXC_arctic_a0104,"[9, 49, 36, 8, 70, 46, 30, 49, 48, 24, 10, 8, 55, 58, 7, 67, 24, 70, 48, 50, 8, 3, 52, 28, 9, 8, 55, 64, 70, 46, 36, 49, 3, 30, 49, 64, 70, 8, 35, 56, 30, 58]","[9, 49, 36, 8, 70, 46, 30, 49, 48, 24, 10, 8, 55, 58, 8, 67, 24, 70, 48, 50, 8, 3, 52, 28, 9, 8, 55, 64, 70, 46, 36, 49, 3, 30, 49, 64, 70, 8, 35, 56, 30]","[1, 1, 1, 1, 1, 1, 1, 1, 1, 1, 1, 1, 1, 1, 0, 1, 1, 1, 1, 1, 1, 1, 1, 1, 1, 1, 1, 1, 1, 1, 1, 1, 1, 1, 1, 1, 1, 1, 1, 1, 1, 0]","[0, 0, 0, 0, 0, 0, 0, 0, 0, 0, 0, 0, 0, 0, 1, 0, 0, 0, 0, 0, 0, 0, 0, 0, 0, 0, 0, 0, 0, 0, 0, 0, 0, 0, 0, 0, 0, 0, 0, 0, 0, 1]"
823,L2_arctic_WAV/LXC_arctic_a0105,"[14, 55, 30, 49, 24, 3, 24, 70, 46, 14, 36, 8, 55, 58, 7, 54, 8, 30, 46, 14, 40, 30, 68, 14, 46, 3, 24, 68, 48, 17, 46, 8, 37, 8, 30, 3, 6, 37, 24, 30, 49, 39]","[14, 55, 30, 49, 24, 3, 24, 70, 46, 14, 36, 40, 55, 58, 7, 54, 8, 46, 40, 40, 68, 40, 46, 3, 24, 68, 48, 17, 46, 8, 37, 8, 30, 3, 6, 37, 24, 30, 49, 39]","[1, 1, 1, 1, 1, 1, 1, 1, 1, 1, 1, 0, 1, 1, 1, 1, 1, 0, 1, 0, 1, 0, 1, 0, 1, 1, 1, 1, 1, 1, 1, 1, 1, 1, 1, 1, 1, 1, 1, 1, 1, 1]","[0, 0, 0, 0, 0, 0, 0, 0, 0, 0, 0, 1, 0, 0, 0, 0, 0, 1, 0, 1, 0, 1, 0, 1, 0, 0, 0, 0, 0, 0, 0, 0, 0, 0, 0, 0, 0, 0, 0, 0, 0, 0]"
824,L2_arctic_WAV/LXC_arctic_a0106,"[63, 8, 24, 68, 14, 9, 8, 55, 36, 24, 35, 9, 49, 67, 64, 58, 46, 8, 48, 50, 52, 46, 3, 37, 7, 46, 3, 54, 40, 50, 22, 55, 15, 24, 55, 8, 35, 14, 28, 24, 10, 46, 17, 37]","[63, 8, 24, 68, 14, 9, 8, 55, 36, 24, 35, 9, 49, 67, 64, 58, 46, 8, 48, 50, 52, 46, 3, 8, 37, 7, 46, 3, 54, 40, 22, 55, 17, 24, 55, 8, 35, 17, 28, 24, 10, 46, 17]","[1, 1, 1, 1, 1, 1, 1, 1, 1, 1, 1, 1, 1, 1, 1, 1, 1, 1, 1, 1, 1, 1, 1, 1, 1, 1, 1, 1, 1, 0, 1, 1, 0, 1, 1, 1, 1, 0, 1, 1, 1, 1, 1, 0]","[0, 0, 0, 0, 0, 0, 0, 0, 0, 0, 0, 0, 0, 0, 0, 0, 0, 0, 0, 0, 0, 0, 0, 0, 0, 0, 0, 0, 0, 1, 0, 0, 1, 0, 0, 0, 0, 1, 0, 0, 0, 0, 0, 1]"
825,L2_arctic_WAV/LXC_arctic_a0107,"[24, 54, 29, 6, 14, 55, 30, 49, 28, 31, 58, 55, 14, 67, 15, 56, 22, 64, 10, 28, 29, 6]","[24, 54, 29, 6, 14, 55, 30, 49, 28, 31, 55, 14, 67, 17, 56, 22, 64, 10, 28, 29, 6]","[1, 1, 1, 1, 1, 1, 1, 1, 1, 1, 0, 1, 1, 1, 0, 1, 1, 1, 1, 1, 1, 1]","[0, 0, 0, 0, 0, 0, 0, 0, 0, 0, 1, 0, 0, 0, 1, 0, 0, 0, 0, 0, 0, 0]"
826,L2_arctic_WAV/LXC_arctic_a0108,"[67, 49, 36, 60, 58, 24, 58, 24, 55, 3, 6, 63, 8, 52, 69, 8, 39, 63, 8, 36, 40, 3, 7, 64, 55, 58, 37, 49, 59, 64, 55, 46, 28, 50, 8, 37, 24, 10, 67, 24, 68, 46, 52, 30, 54]","[67, 49, 36, 60, 58, 24, 58, 24, 55, 3, 6, 63, 8, 52, 69, 8, 39, 63, 8, 36, 40, 3, 8, 64, 55, 58, 37, 49, 59, 64, 55, 46, 28, 50, 8, 37, 24, 10, 67, 24, 68, 46, 52, 30, 54]","[1, 1, 1, 1, 1, 1, 1, 1, 1, 1, 1, 1, 1, 1, 1, 1, 1, 1, 1, 1, 1, 1, 0, 1, 1, 1, 1, 1, 1, 1, 1, 1, 1, 1, 1, 1, 1, 1, 1, 1, 1, 1, 1, 1, 1]","[0, 0, 0, 0, 0, 0, 0, 0, 0, 0, 0, 0, 0, 0, 0, 0, 0, 0, 0, 0, 0, 0, 1, 0, 0, 0, 0, 0, 0, 0, 0, 0, 0, 0, 0, 0, 0, 0, 0, 0, 0, 0, 0, 0, 0]"
827,L2_arctic_WAV/LXC_arctic_a0109,"[58, 6, 29, 6, 55, 14, 63, 8, 3, 29, 6, 17, 50, 9, 60, 28, 24, 10, 68, 56, 28, 17, 55, 54, 8, 58, 8, 55, 46, 24, 55, 29, 6]","[58, 6, 29, 6, 55, 40, 63, 8, 29, 6, 17, 9, 52, 28, 24, 10, 68, 56, 28, 40, 55, 54, 8, 58, 8, 55, 46, 24, 55, 29, 6]","[1, 1, 1, 1, 1, 0, 1, 1, 0, 1, 1, 1, 0, 1, 0, 1, 1, 1, 1, 1, 1, 0, 1, 1, 1, 1, 1, 1, 1, 1, 1, 1, 1]","[0, 0, 0, 0, 0, 1, 0, 0, 1, 0, 0, 0, 1, 0, 1, 0, 0, 0, 0, 0, 0, 1, 0, 0, 0, 0, 0, 0, 0, 0, 0, 0, 0]"
828,L2_arctic_WAV/LXC_arctic_a0111,"[24, 55, 46, 3, 52, 58, 67, 49, 69, 57, 55, 58, 67, 7, 64, 55, 58, 63, 60, 60, 3, 30, 56, 28, 3, 6, 67, 8, 10, 59, 50, 49, 35, 24, 30, 58, 50, 8, 55]","[24, 55, 46, 3, 52, 58, 67, 49, 69, 57, 55, 58, 67, 8, 64, 55, 58, 63, 60, 64, 3, 30, 56, 28, 3, 6, 67, 8, 10, 59, 50, 49, 35, 24, 30, 58, 50, 8]","[1, 1, 1, 1, 1, 1, 1, 1, 1, 1, 1, 1, 1, 0, 1, 1, 1, 1, 1, 0, 1, 1, 1, 1, 1, 1, 1, 1, 1, 1, 1, 1, 1, 1, 1, 1, 1, 1, 0]","[0, 0, 0, 0, 0, 0, 0, 0, 0, 0, 0, 0, 0, 1, 0, 0, 0, 0, 0, 1, 0, 0, 0, 0, 0, 0, 0, 0, 0, 0, 0, 0, 0, 0, 0, 0, 0, 0, 1]"
829,L2_arctic_WAV/LXC_arctic_a0112,"[67, 49, 36, 8, 70, 36, 6, 55, 58, 24, 58, 24, 55, 63, 8, 17, 50, 68]","[67, 49, 36, 8, 70, 36, 6, 55, 58, 24, 58, 24, 55, 63, 8, 17, 68]","[1, 1, 1, 1, 1, 1, 1, 1, 1, 1, 1, 1, 1, 1, 1, 1, 0, 1]","[0, 0, 0, 0, 0, 0, 0, 0, 0, 0, 0, 0, 0, 0, 0, 0, 1, 0]"
830,L2_arctic_WAV/LXC_arctic_a0113,"[56, 46, 8, 48, 14, 70, 29, 6, 48, 24, 28, 3, 63, 64, 3, 30, 24, 10, 59, 14, 8, 48, 8, 68, 8, 10, 63, 8, 24, 55, 58, 49, 8, 55, 70]","[56, 46, 8, 48, 40, 46, 29, 6, 48, 24, 28, 30, 64, 30, 30, 24, 10, 59, 40, 8, 48, 8, 68, 8, 10, 30, 8, 24, 55, 58, 49, 8, 46]","[1, 1, 1, 1, 0, 0, 1, 1, 1, 1, 1, 0, 0, 1, 0, 1, 1, 1, 1, 0, 1, 1, 1, 1, 1, 1, 0, 1, 1, 1, 1, 1, 1, 0, 0]","[0, 0, 0, 0, 1, 1, 0, 0, 0, 0, 0, 1, 1, 0, 1, 0, 0, 0, 0, 1, 0, 0, 0, 0, 0, 0, 1, 0, 0, 0, 0, 0, 0, 1, 1]"
831,L2_arctic_WAV/LXC_arctic_a0115,"[67, 49, 67, 64, 58, 55, 14, 24, 28, 46, 28, 29, 6, 46, 54, 40, 50, 63, 8, 54, 49, 30, 24, 10, 70, 67, 36, 24, 35, 36, 7, 7, 15, 70, 58, 24, 55, 67, 24, 68]","[67, 49, 67, 64, 58, 55, 14, 24, 28, 46, 28, 29, 6, 46, 54, 40, 8, 30, 8, 54, 49, 30, 24, 10, 46, 36, 24, 35, 36, 8, 7, 17, 70, 24, 55, 67, 24, 68]","[1, 1, 1, 1, 1, 1, 1, 1, 1, 1, 1, 1, 1, 1, 1, 1, 0, 0, 1, 1, 1, 1, 1, 1, 0, 0, 1, 1, 1, 1, 0, 1, 0, 1, 0, 1, 1, 1, 1, 1]","[0, 0, 0, 0, 0, 0, 0, 0, 0, 0, 0, 0, 0, 0, 0, 0, 1, 1, 0, 0, 0, 0, 0, 0, 1, 1, 0, 0, 0, 0, 1, 0, 1, 0, 1, 0, 0, 0, 0, 0]"
832,L2_arctic_WAV/LXC_arctic_a0116,"[36, 8, 70, 24, 3, 63, 8, 50, 17, 55, 58, 24, 39, 6, 8, 39, 63, 14, 70, 67, 6, 36, 7, 46, 3, 50, 56, 39, 24, 10, 3, 6, 36, 7, 28, 67, 24, 70, 50, 6, 24, 55]","[36, 8, 70, 24, 3, 3, 8, 50, 17, 55, 58, 24, 39, 6, 46, 8, 39, 63, 40, 70, 67, 6, 36, 8, 46, 3, 50, 56, 39, 24, 10, 3, 6, 36, 8, 28, 67, 24, 70, 30, 6, 24, 55]","[1, 1, 1, 1, 1, 0, 1, 1, 1, 1, 1, 1, 1, 1, 1, 1, 1, 0, 1, 1, 1, 1, 0, 1, 1, 1, 1, 1, 1, 1, 1, 1, 1, 0, 1, 1, 1, 1, 0, 1, 1, 1]","[0, 0, 0, 0, 0, 1, 0, 0, 0, 0, 0, 0, 0, 0, 0, 0, 0, 1, 0, 0, 0, 0, 1, 0, 0, 0, 0, 0, 0, 0, 0, 0, 0, 1, 0, 0, 0, 0, 1, 0, 0, 0]"
833,L2_arctic_WAV/LXC_arctic_a0117,"[9, 49, 64, 58, 24, 58, 36, 24, 22, 69, 52, 55, 29, 6, 36, 56, 55, 46, 24, 68, 48, 8, 22, 49, 24, 55, 67, 7, 54, 60, 46, 64, 55, 58, 39, 57, 46]","[9, 49, 64, 58, 24, 36, 24, 46, 69, 52, 55, 61, 24, 36, 46, 24, 68, 48, 8, 22, 49, 24, 55, 67, 8, 54, 60, 46, 64, 55, 58, 39, 57, 46]","[1, 1, 1, 1, 1, 0, 1, 1, 0, 1, 1, 1, 0, 0, 1, 0, 0, 1, 1, 1, 1, 1, 1, 1, 1, 1, 1, 0, 1, 1, 1, 1, 1, 1, 1, 1, 1]","[0, 0, 0, 0, 0, 1, 0, 0, 1, 0, 0, 0, 1, 1, 0, 1, 1, 0, 0, 0, 0, 0, 0, 0, 0, 0, 0, 1, 0, 0, 0, 0, 0, 0, 0, 0, 0]"
834,L2_arctic_WAV/LXC_arctic_a0120,"[68, 56, 50, 56, 3, 54, 31, 3, 54, 49, 30, 70, 30, 56, 28, 63, 64, 3, 8, 39, 8, 35, 56, 55, 49, 70, 58, 52, 37, 29, 8, 3, 17, 55, 3]","[68, 56, 50, 56, 3, 54, 31, 3, 54, 49, 30, 70, 30, 56, 28, 63, 64, 3, 8, 39, 8, 35, 56, 55, 49, 70, 58, 52, 37, 6, 3, 52, 55, 3]","[1, 1, 1, 1, 1, 1, 1, 1, 1, 1, 1, 1, 1, 1, 1, 1, 1, 1, 1, 1, 1, 1, 1, 1, 1, 1, 1, 1, 1, 0, 0, 1, 0, 1, 1]","[0, 0, 0, 0, 0, 0, 0, 0, 0, 0, 0, 0, 0, 0, 0, 0, 0, 0, 0, 0, 0, 0, 0, 0, 0, 0, 0, 0, 0, 1, 1, 0, 1, 0, 0]"
835,L2_arctic_WAV/LXC_arctic_a0121,"[63, 60, 60, 3, 58, 24, 55, 7, 64, 3, 63, 8, 54, 24, 54, 22, 64, 55, 58, 50, 52, 46, 3, 24, 58, 54, 40, 50, 3, 6, 15, 7, 70]","[63, 60, 64, 3, 58, 24, 55, 8, 64, 3, 63, 7, 54, 24, 54, 46, 64, 55, 58, 50, 52, 46, 3, 24, 58, 54, 40, 8, 3, 6, 15, 7, 46]","[1, 1, 0, 1, 1, 1, 1, 0, 1, 1, 1, 0, 1, 1, 1, 0, 1, 1, 1, 1, 1, 1, 1, 1, 1, 1, 1, 0, 1, 1, 1, 1, 0]","[0, 0, 1, 0, 0, 0, 0, 1, 0, 0, 0, 1, 0, 0, 0, 1, 0, 0, 0, 0, 0, 0, 0, 0, 0, 0, 0, 1, 0, 0, 0, 0, 1]"
836,L2_arctic_WAV/LXC_arctic_a0122,"[3, 6, 29, 24, 50, 70, 8, 59, 14, 56, 59, 60, 39, 8, 48, 46, 24, 39, 8, 30, 24, 70, 60, 9, 8, 55, 54, 50, 7, 63, 24, 46]","[3, 6, 29, 24, 8, 70, 8, 59, 14, 56, 59, 49, 39, 8, 48, 46, 24, 39, 8, 30, 56, 70, 60, 9, 8, 55, 54, 50, 30, 24, 46]","[1, 1, 1, 1, 0, 1, 1, 1, 1, 1, 1, 0, 1, 1, 1, 1, 1, 1, 1, 1, 0, 1, 1, 1, 1, 1, 1, 1, 0, 0, 1, 1]","[0, 0, 0, 0, 1, 0, 0, 0, 0, 0, 0, 1, 0, 0, 0, 0, 0, 0, 0, 0, 1, 0, 0, 0, 0, 0, 0, 0, 1, 1, 0, 0]"
837,L2_arctic_WAV/LXC_arctic_a0123,"[9, 49, 67, 64, 58, 58, 56, 58, 54, 50, 8, 68, 28, 14, 30, 58, 64, 55, 58, 46, 3, 17, 50, 39, 60, 9, 8, 55]","[9, 49, 67, 64, 58, 58, 56, 58, 54, 50, 40, 68, 28, 40, 30, 58, 64, 55, 8, 46, 3, 17, 39, 60, 9, 8, 55]","[1, 1, 1, 1, 1, 1, 1, 1, 1, 1, 0, 1, 1, 0, 1, 1, 1, 1, 0, 1, 1, 1, 0, 1, 1, 1, 1, 1]","[0, 0, 0, 0, 0, 0, 0, 0, 0, 0, 1, 0, 0, 1, 0, 0, 0, 0, 1, 0, 0, 0, 1, 0, 0, 0, 0, 0]"
838,L2_arctic_WAV/LXC_arctic_a0126,"[49, 35, 58, 60, 9, 49, 37, 49, 28, 60, 68, 8, 68, 40, 50, 39, 56, 3, 8, 30, 48, 17, 50, 3, 8, 39, 67, 24, 68]","[49, 35, 58, 60, 9, 49, 37, 49, 28, 60, 68, 8, 68, 40, 39, 56, 3, 8, 30, 48, 17, 3, 8, 54, 62, 49, 68]","[1, 1, 1, 1, 1, 1, 1, 1, 1, 1, 1, 1, 1, 1, 0, 1, 1, 1, 1, 1, 1, 1, 0, 1, 1, 0, 0, 0, 1]","[0, 0, 0, 0, 0, 0, 0, 0, 0, 0, 0, 0, 0, 0, 1, 0, 0, 0, 0, 0, 0, 0, 1, 0, 0, 1, 1, 1, 0]"
839,L2_arctic_WAV/LXC_arctic_a0127,"[24, 3, 36, 8, 70, 8, 3, 52, 68, 3, 60, 9, 8, 55, 37, 8, 3, 67, 49, 50, 49, 70, 24, 46, 3, 24, 58, 24, 3]","[24, 3, 36, 8, 70, 8, 3, 52, 68, 3, 60, 9, 8, 55, 37, 8, 3, 67, 49, 50, 49, 46, 24, 46, 3, 24, 58, 49, 3]","[1, 1, 1, 1, 1, 1, 1, 1, 1, 1, 1, 1, 1, 1, 1, 1, 1, 1, 1, 1, 1, 0, 1, 1, 1, 1, 1, 0, 1]","[0, 0, 0, 0, 0, 0, 0, 0, 0, 0, 0, 0, 0, 0, 0, 0, 0, 0, 0, 0, 0, 1, 0, 0, 0, 0, 0, 1, 0]"
840,L2_arctic_WAV/LXC_arctic_a0128,"[63, 24, 46, 36, 8, 55, 67, 14, 48, 36, 8, 70, 58, 24, 46, 3, 50, 57, 58, 64, 70, 28, 36, 24, 28, 30, 49, 64, 70, 24, 3, 36, 8, 70, 37, 40, 50, 55]","[58, 24, 46, 36, 8, 55, 67, 40, 48, 36, 8, 70, 58, 24, 46, 3, 50, 57, 58, 64, 70, 28, 36, 24, 28, 30, 49, 64, 70, 3, 36, 8, 46, 37, 40, 55]","[0, 1, 1, 1, 1, 1, 1, 0, 1, 1, 1, 1, 1, 1, 1, 1, 1, 1, 1, 1, 1, 1, 1, 1, 1, 1, 1, 1, 1, 0, 1, 1, 1, 0, 1, 1, 0, 1]","[1, 0, 0, 0, 0, 0, 0, 1, 0, 0, 0, 0, 0, 0, 0, 0, 0, 0, 0, 0, 0, 0, 0, 0, 0, 0, 0, 0, 0, 1, 0, 0, 0, 1, 0, 0, 1, 0]"
841,L2_arctic_WAV/LXC_arctic_a0129,"[67, 7, 54, 60, 46, 36, 8, 70, 8, 59, 52, 55, 46, 3, 67, 24, 70, 37, 50, 52, 46, 3]","[67, 8, 54, 60, 46, 36, 8, 70, 8, 59, 52, 55, 46, 3, 67, 24, 70, 37, 50, 52, 46, 3]","[1, 0, 1, 1, 1, 1, 1, 1, 1, 1, 1, 1, 1, 1, 1, 1, 1, 1, 1, 1, 1, 1]","[0, 1, 0, 0, 0, 0, 0, 0, 0, 0, 0, 0, 0, 0, 0, 0, 0, 0, 0, 0, 0, 0]"
842,L2_arctic_WAV/LXC_arctic_a0130,"[9, 49, 36, 8, 70, 67, 24, 70, 55, 15, 54, 7, 52, 39, 7]","[9, 49, 36, 8, 46, 67, 24, 46, 55, 15, 54, 7, 52, 39, 7]","[1, 1, 1, 1, 0, 1, 1, 0, 1, 1, 1, 1, 1, 1, 1]","[0, 0, 0, 0, 1, 0, 0, 1, 0, 0, 0, 0, 0, 0, 0]"
843,L2_arctic_WAV/LXC_arctic_a0131,"[48, 50, 17, 39, 8, 58, 8, 55, 46, 67, 64, 58, 58, 24, 30, 24, 39, 7, 58, 67, 24, 68, 22, 50, 6, 63, 8, 68, 60, 30, 46, 3, 50, 8, 68]","[48, 50, 17, 39, 8, 58, 8, 55, 46, 67, 64, 58, 24, 30, 24, 39, 7, 58, 67, 24, 68, 22, 40, 30, 8, 68, 60, 30, 46, 3, 50, 40, 68]","[1, 1, 1, 1, 1, 1, 1, 1, 1, 1, 1, 0, 1, 1, 1, 1, 1, 1, 1, 1, 1, 1, 1, 0, 0, 0, 1, 1, 1, 1, 1, 1, 1, 0, 1]","[0, 0, 0, 0, 0, 0, 0, 0, 0, 0, 0, 1, 0, 0, 0, 0, 0, 0, 0, 0, 0, 0, 0, 1, 1, 1, 0, 0, 0, 0, 0, 0, 0, 1, 0]"
844,L2_arctic_WAV/LXC_arctic_a0134,"[67, 49, 14, 37, 60, 58, 63, 8, 48, 50, 52, 9, 7, 8, 39, 67, 7, 67, 64, 55, 58]","[67, 49, 8, 37, 60, 58, 58, 8, 48, 50, 52, 9, 8, 8, 39, 67, 8, 67, 64, 55]","[1, 1, 0, 1, 1, 1, 0, 1, 1, 1, 1, 1, 0, 1, 1, 1, 0, 1, 1, 1, 0]","[0, 0, 1, 0, 0, 0, 1, 0, 0, 0, 0, 0, 1, 0, 0, 0, 1, 0, 0, 0, 1]"
845,L2_arctic_WAV/LXC_arctic_a0136,"[8, 37, 15, 3, 67, 24, 68, 52, 39, 50, 49, 36, 52, 50, 36, 7, 63, 8, 52, 39, 8, 58, 8, 55, 46, 8, 70, 8, 39, 30, 8, 59, 26, 7, 49, 64, 55, 58, 8, 39, 60, 69]","[8, 37, 17, 3, 67, 24, 52, 39, 50, 49, 39, 52, 30, 36, 8, 63, 8, 64, 39, 8, 58, 8, 55, 46, 24, 70, 8, 39, 30, 8, 28, 26, 7, 49, 64, 55, 8, 39, 60, 35]","[1, 1, 0, 1, 1, 1, 0, 1, 1, 1, 1, 0, 1, 0, 1, 0, 1, 1, 0, 1, 1, 1, 1, 1, 1, 0, 1, 1, 1, 1, 1, 0, 1, 1, 1, 1, 1, 0, 1, 1, 1, 0]","[0, 0, 1, 0, 0, 0, 1, 0, 0, 0, 0, 1, 0, 1, 0, 1, 0, 0, 1, 0, 0, 0, 0, 0, 0, 1, 0, 0, 0, 0, 0, 1, 0, 0, 0, 0, 0, 1, 0, 0, 0, 1]"
846,L2_arctic_WAV/LXC_arctic_a0137,"[63, 52, 55, 67, 49, 46, 3, 52, 48, 3, 37, 64, 28, 36, 24, 22, 8, 30, 14, 28, 50, 56, 8, 39, 48, 30, 52, 26, 7]","[63, 52, 67, 49, 46, 3, 52, 48, 3, 37, 64, 28, 36, 24, 22, 8, 30, 14, 28, 50, 56, 8, 39, 48, 50, 52, 9, 8]","[1, 1, 0, 1, 1, 1, 1, 1, 1, 1, 1, 1, 1, 1, 1, 1, 1, 1, 1, 1, 1, 1, 1, 1, 1, 0, 1, 0, 0]","[0, 0, 1, 0, 0, 0, 0, 0, 0, 0, 0, 0, 0, 0, 0, 0, 0, 0, 0, 0, 0, 0, 0, 0, 0, 1, 0, 1, 1]"
847,L2_arctic_WAV/LXC_arctic_a0225,"[56, 36, 8, 70, 37, 50, 40, 3, 8, 48, 63, 8, 36, 60, 68, 14, 46, 3, 59, 7, 30, 70, 24, 55, 67, 8, 36, 56, 49, 17, 50, 37, 50, 40, 3, 8, 48]","[56, 36, 8, 46, 37, 50, 40, 3, 17, 48, 58, 8, 36, 60, 68, 14, 46, 3, 59, 7, 46, 24, 10, 67, 8, 36, 56, 17, 37, 50, 40, 3, 17, 48]","[1, 1, 1, 0, 1, 1, 1, 1, 0, 1, 0, 1, 1, 1, 1, 1, 1, 1, 1, 1, 0, 0, 1, 0, 1, 1, 1, 1, 0, 1, 0, 1, 1, 1, 1, 0, 1]","[0, 0, 0, 1, 0, 0, 0, 0, 1, 0, 1, 0, 0, 0, 0, 0, 0, 0, 0, 0, 1, 1, 0, 1, 0, 0, 0, 0, 1, 0, 1, 0, 0, 0, 0, 1, 0]"
848,L2_arctic_WAV/LXC_arctic_a0245,"[15, 3, 8, 39, 67, 24, 70, 60, 3, 49, 55, 67, 8, 55, 58, 50, 8, 58, 67, 49, 30, 60, 58, 8, 46, 56, 58, 46, 24, 28, 46, 3, 49, 55, 67, 8, 55, 58, 50, 8, 58, 49, 35, 29, 24, 50]","[15, 3, 8, 39, 67, 24, 70, 60, 3, 49, 10, 67, 8, 10, 58, 50, 24, 67, 49, 30, 60, 58, 8, 46, 56, 58, 46, 24, 28, 46, 3, 49, 10, 67, 8, 10, 58, 50, 24, 49, 35, 29, 24, 50]","[1, 1, 1, 1, 1, 1, 1, 1, 1, 1, 0, 1, 1, 0, 1, 1, 0, 0, 1, 1, 1, 1, 1, 1, 1, 1, 1, 1, 1, 1, 1, 1, 1, 0, 1, 1, 0, 1, 1, 0, 0, 1, 1, 1, 1, 1]","[0, 0, 0, 0, 0, 0, 0, 0, 0, 0, 1, 0, 0, 1, 0, 0, 1, 1, 0, 0, 0, 0, 0, 0, 0, 0, 0, 0, 0, 0, 0, 0, 0, 1, 0, 0, 1, 0, 0, 1, 1, 0, 0, 0, 0, 0]"
849,L2_arctic_WAV/LXC_arctic_a0335,"[50, 52, 58, 56, 46, 36, 8, 10, 37, 64, 28, 64, 55, 58, 54, 40, 50, 22, 40, 55, 63, 8, 37, 50, 64, 55, 35, 54, 17, 50, 63, 7, 58, 15, 55]","[50, 52, 3, 56, 46, 36, 8, 68, 37, 64, 28, 64, 55, 58, 8, 54, 40, 22, 40, 10, 30, 8, 37, 50, 64, 55, 35, 54, 17, 63, 7, 58, 40, 10]","[1, 1, 0, 1, 1, 1, 1, 0, 1, 1, 1, 1, 1, 1, 1, 1, 0, 1, 1, 0, 0, 1, 1, 1, 1, 1, 1, 1, 1, 0, 1, 1, 1, 0, 0]","[0, 0, 1, 0, 0, 0, 0, 1, 0, 0, 0, 0, 0, 0, 0, 0, 1, 0, 0, 1, 1, 0, 0, 0, 0, 0, 0, 0, 0, 1, 0, 0, 0, 1, 1]"
850,L2_arctic_WAV/LXC_arctic_a0434,"[8, 67, 64, 54, 8, 28, 60, 46, 8, 39, 3, 8, 37, 64, 28, 14, 36, 8, 70, 36, 7, 22, 22, 50, 49, 48, 15, 55, 70]","[8, 67, 17, 54, 8, 28, 60, 46, 8, 39, 8, 3, 8, 37, 64, 28, 14, 36, 8, 46, 36, 8, 22, 22, 50, 49, 48, 40, 55, 46]","[1, 1, 0, 1, 1, 1, 1, 1, 1, 1, 1, 1, 1, 1, 1, 1, 1, 1, 0, 1, 0, 1, 1, 1, 1, 1, 0, 1, 0]","[0, 0, 1, 0, 0, 0, 0, 0, 0, 0, 0, 0, 0, 0, 0, 0, 0, 0, 1, 0, 1, 0, 0, 0, 0, 0, 1, 0, 1]"
851,L2_arctic_WAV/LXC_arctic_a0459,"[63, 52, 50, 70, 3, 6, 68, 8, 35, 8, 39, 63, 8, 46, 28, 6, 30, 37, 57, 24, 55, 68, 49]","[63, 52, 46, 3, 6, 68, 8, 35, 8, 39, 30, 8, 46, 28, 6, 30, 37, 57, 24, 55, 68, 49]","[1, 1, 0, 0, 1, 1, 1, 1, 1, 1, 1, 0, 1, 1, 1, 1, 1, 1, 1, 1, 1, 1, 1]","[0, 0, 1, 1, 0, 0, 0, 0, 0, 0, 0, 1, 0, 0, 0, 0, 0, 0, 0, 0, 0, 0, 0]"
852,L2_arctic_WAV/LXC_arctic_a0515,"[37, 8, 3, 67, 49, 50, 8, 68, 8, 10, 46, 3, 15, 7, 46, 52, 30, 39, 70, 30, 52, 3, 8, 46, 46, 48, 49, 28, 15, 3]","[37, 64, 3, 67, 49, 8, 8, 68, 14, 46, 3, 15, 7, 46, 52, 36, 46, 30, 52, 3, 8, 46, 46, 48, 49, 28, 15, 3]","[1, 0, 1, 1, 1, 0, 1, 1, 0, 0, 1, 1, 1, 1, 1, 1, 0, 0, 0, 1, 1, 1, 1, 1, 1, 1, 1, 1, 1, 1]","[0, 1, 0, 0, 0, 1, 0, 0, 1, 1, 0, 0, 0, 0, 0, 0, 1, 1, 1, 0, 0, 0, 0, 0, 0, 0, 0, 0, 0, 0]"
853,L2_arctic_WAV/LXC_arctic_a0519,"[46, 8, 35, 8, 55, 64, 28, 3, 36, 8, 70, 24, 55, 58, 24, 50, 52, 28, 3, 39, 56, 8, 30, 60, 9, 8, 55, 8, 39, 63, 8, 30, 40, 70, 8, 39, 63, 8, 30, 64, 55, 58]","[46, 8, 35, 8, 55, 64, 28, 3, 36, 8, 70, 24, 10, 58, 24, 50, 52, 28, 3, 39, 56, 30, 8, 3, 60, 9, 8, 55, 8, 39, 30, 8, 30, 40, 46, 8, 39, 30, 8, 30, 64, 55]","[1, 1, 1, 1, 1, 1, 1, 1, 1, 1, 1, 1, 0, 1, 1, 1, 1, 1, 1, 1, 1, 1, 0, 1, 1, 1, 1, 1, 1, 0, 1, 1, 1, 0, 1, 1, 0, 1, 1, 1, 1, 0]","[0, 0, 0, 0, 0, 0, 0, 0, 0, 0, 0, 0, 1, 0, 0, 0, 0, 0, 0, 0, 0, 0, 1, 0, 0, 0, 0, 0, 0, 1, 0, 0, 0, 1, 0, 0, 1, 0, 0, 0, 0, 1]"
854,L2_arctic_WAV/LXC_arctic_a0536,"[67, 49, 36, 31, 58, 58, 24, 46, 3, 50, 57, 40, 30, 22, 24, 10, 70, 63, 64, 3, 17, 50, 54, 24, 28, 46, 3]","[67, 49, 31, 58, 58, 24, 46, 3, 50, 57, 40, 46, 24, 10, 46, 58, 64, 3, 17, 54, 24, 28, 46]","[1, 1, 0, 1, 1, 1, 1, 1, 1, 1, 1, 1, 0, 0, 1, 1, 0, 0, 1, 1, 1, 0, 1, 1, 1, 1, 0]","[0, 0, 1, 0, 0, 0, 0, 0, 0, 0, 0, 0, 1, 1, 0, 0, 1, 1, 0, 0, 0, 1, 0, 0, 0, 0, 1]"
855,L2_arctic_WAV/LXC_arctic_a0549,"[58, 6, 29, 6, 55, 14, 63, 64, 3, 36, 49, 36, 60, 52, 39, 50, 49, 48, 15, 55, 58, 8, 39, 28, 14, 30, 36, 49, 37, 7, 55]","[58, 6, 29, 6, 55, 14, 58, 64, 3, 36, 49, 36, 60, 52, 39, 50, 49, 48, 40, 10, 8, 39, 28, 14, 36, 36, 49, 37, 8, 10]","[1, 1, 1, 1, 1, 1, 0, 1, 1, 1, 1, 1, 1, 1, 1, 1, 1, 1, 0, 0, 0, 1, 1, 1, 1, 0, 1, 1, 1, 0, 0]","[0, 0, 0, 0, 0, 0, 1, 0, 0, 0, 0, 0, 0, 0, 0, 0, 0, 0, 1, 1, 1, 0, 0, 0, 0, 1, 0, 0, 0, 1, 1]"
856,L2_arctic_WAV/LXC_arctic_a0571,"[67, 49, 67, 64, 58, 54, 40, 50, 59, 17, 3, 8, 55, 3, 6, 37, 24, 30, 58, 8, 54, 56, 7, 64, 55, 58, 22, 40, 15, 3]","[67, 49, 67, 64, 58, 54, 40, 50, 59, 17, 3, 8, 55, 3, 6, 37, 24, 36, 58, 8, 54, 56, 8, 64, 55, 58, 8, 46, 40, 15, 3]","[1, 1, 1, 1, 1, 1, 1, 1, 1, 1, 1, 1, 1, 1, 1, 1, 1, 0, 1, 1, 1, 1, 0, 1, 1, 1, 0, 1, 1, 1]","[0, 0, 0, 0, 0, 0, 0, 0, 0, 0, 0, 0, 0, 0, 0, 0, 0, 1, 0, 0, 0, 0, 1, 0, 0, 0, 1, 0, 0, 0]"
857,L2_arctic_WAV/LXC_arctic_a0575,"[63, 52, 50, 36, 7, 8, 55, 3, 52, 55, 49, 68, 24, 9, 8, 55, 70, 64, 55, 58, 67, 49, 36, 8, 70, 63, 8, 68, 64, 55, 3, 6, 55, 14]","[58, 60, 36, 40, 10, 3, 52, 55, 49, 10, 68, 49, 9, 8, 55, 46, 64, 55, 58, 8, 67, 49, 36, 8, 46, 46, 8, 68, 52, 55, 3, 6, 55, 14]","[0, 0, 0, 1, 0, 0, 0, 1, 1, 1, 1, 1, 0, 1, 1, 1, 0, 1, 1, 1, 1, 1, 1, 1, 0, 0, 1, 1, 0, 1, 1, 1, 1, 1]","[1, 1, 1, 0, 1, 1, 1, 0, 0, 0, 0, 0, 1, 0, 0, 0, 1, 0, 0, 0, 0, 0, 0, 0, 1, 1, 0, 0, 1, 0, 0, 0, 0, 0]"
858,L2_arctic_WAV/LXC_arctic_a0576,"[64, 55, 58, 63, 8, 37, 24, 59, 48, 7, 26, 8, 55, 55, 6, 8, 39, 67, 24, 70, 24, 59, 70, 24, 46, 3, 8, 55, 46, 37, 49, 54, 40, 50, 67, 49, 58, 24, 58, 8, 39, 67, 7, 70]","[64, 55, 58, 8, 30, 8, 37, 49, 59, 48, 49, 8, 9, 8, 55, 55, 14, 40, 39, 67, 49, 46, 24, 59, 46, 49, 46, 3, 8, 55, 46, 37, 49, 54, 40, 8, 67, 49, 58, 24, 3, 8, 39, 67, 8, 46]","[1, 1, 1, 0, 1, 1, 0, 1, 1, 0, 0, 1, 1, 1, 0, 0, 1, 1, 0, 0, 1, 1, 0, 0, 1, 1, 1, 1, 1, 1, 1, 1, 1, 0, 1, 1, 1, 1, 0, 1, 1, 1, 0, 0]","[0, 0, 0, 1, 0, 0, 1, 0, 0, 1, 1, 0, 0, 0, 1, 1, 0, 0, 1, 1, 0, 0, 1, 1, 0, 0, 0, 0, 0, 0, 0, 0, 0, 1, 0, 0, 0, 0, 1, 0, 0, 0, 1, 1]"
859,L2_arctic_WAV/LXC_arctic_b0004,"[36, 52, 55, 56, 28, 64, 55, 3, 46, 49, 37, 29, 6, 3, 49, 24, 55, 36, 31, 68, 8, 55, 56, 36, 17, 55, 3, 3, 8, 58, 56]","[36, 8, 55, 56, 28, 64, 55, 3, 46, 49, 37, 29, 6, 3, 49, 10, 24, 10, 36, 31, 68, 64, 55, 56, 36, 17, 55, 3, 3, 8, 58, 56]","[1, 0, 1, 1, 1, 1, 1, 1, 1, 1, 1, 1, 1, 1, 1, 1, 0, 1, 1, 1, 0, 1, 1, 1, 1, 1, 1, 1, 1, 1, 1]","[0, 1, 0, 0, 0, 0, 0, 0, 0, 0, 0, 0, 0, 0, 0, 0, 1, 0, 0, 0, 1, 0, 0, 0, 0, 0, 0, 0, 0, 0, 0]"
860,L2_arctic_WAV/LXC_arctic_b0026,"[29, 6, 67, 64, 39, 8, 46, 14, 9, 49, 60, 3, 8, 58, 36, 24, 63, 46, 8, 68, 8, 39, 63, 49, 70, 68, 52, 55]","[29, 6, 67, 64, 39, 8, 46, 14, 9, 49, 60, 3, 8, 58, 36, 24, 46, 46, 8, 68, 8, 39, 58, 49, 46, 68, 52, 55]","[1, 1, 1, 1, 1, 1, 1, 1, 1, 1, 1, 1, 1, 1, 1, 1, 0, 1, 1, 1, 1, 1, 0, 1, 0, 1, 1, 1]","[0, 0, 0, 0, 0, 0, 0, 0, 0, 0, 0, 0, 0, 0, 0, 0, 1, 0, 0, 0, 0, 0, 1, 0, 1, 0, 0, 0]"
861,L2_arctic_WAV/LXC_arctic_b0048,"[67, 49, 30, 31, 28, 3, 30, 56, 28, 36, 8, 55, 67, 6, 67, 64, 58, 48, 64, 46, 3, 22, 50, 6, 8, 55, 8, 55, 28, 8, 68, 54, 7, 3, 8, 37, 8, 30, 15, 50, 7, 3, 6]","[67, 49, 30, 31, 28, 30, 56, 28, 36, 8, 10, 67, 6, 67, 64, 58, 48, 64, 46, 46, 50, 6, 8, 10, 8, 10, 28, 8, 68, 54, 8, 3, 8, 37, 8, 36, 15, 50, 8, 3, 6]","[1, 1, 1, 1, 1, 0, 1, 1, 1, 1, 1, 0, 1, 1, 1, 1, 1, 1, 1, 1, 0, 0, 1, 1, 1, 0, 1, 0, 1, 1, 1, 1, 0, 1, 1, 1, 1, 0, 1, 1, 0, 1, 1]","[0, 0, 0, 0, 0, 1, 0, 0, 0, 0, 0, 1, 0, 0, 0, 0, 0, 0, 0, 0, 1, 1, 0, 0, 0, 1, 0, 1, 0, 0, 0, 0, 1, 0, 0, 0, 0, 1, 0, 0, 1, 0, 0]"
862,L2_arctic_WAV/LXC_arctic_b0074,"[29, 52, 3, 37, 24, 67, 56, 55, 58, 63, 52, 68, 63, 52, 50, 36, 8, 70, 8, 55, 8, 63, 7, 64, 55, 58, 68, 40, 50, 48, 15, 7, 54, 8, 30, 68, 14, 3, 24, 39]","[29, 52, 3, 37, 24, 67, 64, 55, 58, 52, 68, 58, 52, 36, 8, 46, 8, 55, 8, 58, 8, 64, 55, 58, 8, 68, 40, 48, 15, 8, 54, 8, 50, 68, 14, 3, 24, 39]","[1, 1, 1, 1, 1, 1, 0, 1, 1, 0, 1, 1, 0, 1, 0, 1, 1, 0, 1, 1, 1, 0, 0, 1, 1, 1, 1, 1, 0, 1, 1, 0, 1, 1, 0, 1, 1, 1, 1, 1]","[0, 0, 0, 0, 0, 0, 1, 0, 0, 1, 0, 0, 1, 0, 1, 0, 0, 1, 0, 0, 0, 1, 1, 0, 0, 0, 0, 0, 1, 0, 0, 1, 0, 0, 1, 0, 0, 0, 0, 0]"
863,L2_arctic_WAV/LXC_arctic_b0075,"[24, 55, 63, 64, 3, 28, 60, 46, 67, 49, 28, 31, 58, 55, 17, 3, 68, 24, 46, 63, 52, 68, 24, 54, 67, 49, 29, 6, 70, 58, 28, 17, 9, 8, 55]","[24, 10, 58, 64, 3, 28, 60, 67, 49, 28, 31, 58, 55, 17, 3, 68, 24, 46, 58, 52, 68, 24, 54, 67, 49, 29, 6, 46, 3, 28, 17, 9, 8, 55]","[1, 0, 0, 1, 1, 1, 1, 0, 1, 1, 1, 1, 1, 1, 1, 1, 1, 1, 1, 0, 1, 1, 1, 1, 1, 1, 1, 1, 0, 0, 1, 1, 1, 1, 1]","[0, 1, 1, 0, 0, 0, 0, 1, 0, 0, 0, 0, 0, 0, 0, 0, 0, 0, 0, 1, 0, 0, 0, 0, 0, 0, 0, 0, 1, 1, 0, 0, 0, 0, 0]"
864,L2_arctic_WAV/LXC_arctic_b0140,"[63, 60, 52, 69, 58, 55, 24, 50, 7, 64, 55, 58, 46, 3, 31, 58, 9, 14, 30, 58, 7, 3, 6, 9, 14, 30, 58, 7, 54, 60, 46, 24, 10, 63, 52, 50, 36, 7, 30, 58]","[63, 60, 64, 35, 8, 30, 8, 55, 24, 50, 7, 64, 55, 58, 8, 46, 3, 31, 58, 9, 14, 36, 58, 7, 3, 6, 9, 14, 36, 58, 7, 54, 60, 46, 24, 10, 58, 52, 36, 7, 58]","[1, 1, 0, 0, 0, 1, 1, 1, 1, 1, 1, 1, 1, 1, 1, 1, 1, 1, 0, 1, 1, 1, 1, 1, 1, 0, 1, 1, 1, 1, 1, 1, 1, 0, 1, 0, 1, 1, 0, 1]","[0, 0, 1, 1, 1, 0, 0, 0, 0, 0, 0, 0, 0, 0, 0, 0, 0, 0, 1, 0, 0, 0, 0, 0, 0, 1, 0, 0, 0, 0, 0, 0, 0, 1, 0, 1, 0, 0, 1, 0]"
865,L2_arctic_WAV/LXC_arctic_b0142,"[46, 8, 68, 22, 24, 10, 39, 64, 46, 3, 30, 49, 68, 40, 50, 22, 50, 24, 30, 24, 10, 67, 64, 58, 28, 8, 68, 24, 55, 3, 6, 24, 3, 55, 15]","[46, 8, 68, 46, 49, 10, 36, 17, 46, 3, 30, 24, 68, 40, 46, 50, 24, 8, 30, 24, 10, 67, 64, 3, 28, 8, 68, 49, 10, 3, 6, 49, 3, 55, 15]","[1, 1, 1, 0, 0, 1, 0, 0, 1, 1, 1, 0, 1, 1, 0, 0, 1, 1, 1, 1, 1, 1, 1, 0, 1, 1, 1, 0, 0, 1, 1, 0, 1, 1, 1]","[0, 0, 0, 1, 1, 0, 1, 1, 0, 0, 0, 1, 0, 0, 1, 1, 0, 0, 0, 0, 0, 0, 0, 1, 0, 0, 0, 1, 1, 0, 0, 1, 0, 0, 0]"
866,L2_arctic_WAV/LXC_arctic_b0165,"[67, 49, 48, 31, 30, 58, 64, 55, 58, 63, 8, 30, 40, 59, 28, 50, 64, 9, 3, 58, 15, 55, 3, 6, 37, 50, 60, 28, 67, 24, 70, 37, 64, 28]","[67, 49, 48, 31, 58, 64, 55, 58, 8, 30, 8, 30, 40, 59, 28, 50, 64, 9, 3, 58, 8, 10, 3, 6, 37, 50, 64, 28, 67, 49, 46, 37, 64, 28]","[1, 1, 1, 1, 0, 1, 1, 1, 1, 0, 1, 1, 1, 1, 1, 1, 1, 1, 1, 1, 0, 0, 1, 1, 1, 1, 0, 1, 1, 0, 0, 1, 1, 1]","[0, 0, 0, 0, 1, 0, 0, 0, 0, 1, 0, 0, 0, 0, 0, 0, 0, 0, 0, 0, 1, 1, 0, 0, 0, 0, 1, 0, 0, 1, 1, 0, 0, 0]"
867,L2_arctic_WAV/LXC_arctic_b0185,"[29, 40, 50, 37, 49, 24, 10, 50, 52, 28, 3, 67, 49, 50, 67, 64, 70, 37, 24, 55, 8, 59, 17, 58, 46, 52, 55, 58, 3, 6, 68, 49]","[29, 40, 8, 37, 49, 24, 10, 50, 64, 28, 3, 67, 49, 50, 67, 64, 46, 37, 24, 10, 8, 59, 14, 46, 52, 55, 58, 3, 6, 68, 49]","[1, 1, 0, 1, 1, 1, 1, 1, 0, 1, 1, 1, 1, 1, 1, 1, 0, 1, 1, 0, 1, 1, 0, 0, 1, 1, 1, 1, 1, 1, 1, 1]","[0, 0, 1, 0, 0, 0, 0, 0, 1, 0, 0, 0, 0, 0, 0, 0, 1, 0, 0, 1, 0, 0, 1, 1, 0, 0, 0, 0, 0, 0, 0, 0]"
868,L2_arctic_WAV/LXC_arctic_b0189,"[63, 24, 46, 24, 70, 36, 8, 3, 58, 24, 46, 3, 24, 10, 59, 36, 24, 9, 24, 70, 40, 30, 8, 39, 8, 46, 54, 50, 8, 68, 63, 8, 30, 14, 7, 64, 55, 8, 68, 8, 30, 70]","[30, 24, 46, 24, 46, 36, 8, 3, 58, 24, 46, 3, 24, 10, 59, 36, 24, 9, 3, 40, 30, 8, 39, 17, 46, 54, 50, 8, 68, 58, 8, 30, 15, 7, 64, 55, 8, 68, 8, 46]","[0, 1, 1, 1, 0, 1, 1, 1, 1, 1, 1, 1, 1, 1, 1, 1, 1, 1, 0, 0, 1, 1, 1, 1, 0, 1, 1, 1, 1, 1, 0, 1, 1, 0, 1, 1, 1, 1, 1, 1, 0, 0]","[1, 0, 0, 0, 1, 0, 0, 0, 0, 0, 0, 0, 0, 0, 0, 0, 0, 0, 1, 1, 0, 0, 0, 0, 1, 0, 0, 0, 0, 0, 1, 0, 0, 1, 0, 0, 0, 0, 0, 0, 1, 1]"
869,L2_arctic_WAV/LXC_arctic_b0203,"[8, 68, 8, 55, 22, 24, 55, 40, 46, 3, 50, 60, 30, 29, 8, 36, 31, 58, 54, 24, 55, 24, 9, 68, 49]","[8, 68, 40, 10, 46, 24, 10, 40, 46, 3, 50, 60, 30, 29, 8, 31, 58, 54, 24, 55, 24, 9, 68, 49]","[1, 1, 0, 0, 0, 1, 0, 1, 1, 1, 1, 1, 1, 1, 1, 0, 1, 1, 1, 1, 1, 1, 1, 1, 1]","[0, 0, 1, 1, 1, 0, 1, 0, 0, 0, 0, 0, 0, 0, 0, 1, 0, 0, 0, 0, 0, 0, 0, 0, 0]"
870,L2_arctic_WAV/LXC_arctic_b0251,"[63, 60, 68, 8, 46, 3, 67, 64, 39, 37, 24, 55, 46, 36, 52, 48, 3, 8, 36, 60, 37, 56, 63, 8, 28, 60, 17, 3, 24, 28, 28, 7, 50, 8, 55, 3, 46]","[30, 60, 68, 8, 46, 62, 64, 37, 37, 24, 10, 46, 36, 52, 48, 8, 36, 60, 37, 56, 30, 8, 35, 56, 17, 3, 24, 28, 28, 17, 50, 8, 55, 3, 46]","[0, 1, 1, 1, 1, 0, 0, 1, 0, 1, 1, 0, 1, 1, 1, 1, 0, 1, 1, 1, 1, 1, 0, 1, 0, 0, 1, 1, 1, 1, 1, 0, 1, 1, 1, 1, 1]","[1, 0, 0, 0, 0, 1, 1, 0, 1, 0, 0, 1, 0, 0, 0, 0, 1, 0, 0, 0, 0, 0, 1, 0, 1, 1, 0, 0, 0, 0, 0, 1, 0, 0, 0, 0, 0]"
871,L2_arctic_WAV/LXC_arctic_b0282,"[46, 8, 68, 8, 39, 63, 8, 46, 68, 40, 30, 7, 39, 60, 55, 70, 67, 64, 58, 58, 15, 3, 30, 8, 46, 37, 24, 55, 50, 8, 48, 35, 7, 58]","[46, 8, 10, 8, 39, 30, 8, 46, 68, 40, 30, 8, 36, 49, 55, 46, 67, 64, 58, 58, 15, 3, 8, 30, 52, 46, 37, 24, 10, 50, 8, 48, 3, 52, 55, 3]","[1, 1, 0, 1, 1, 0, 1, 1, 1, 1, 1, 0, 0, 0, 1, 0, 1, 1, 1, 1, 1, 1, 1, 0, 1, 1, 1, 0, 1, 1, 1, 0, 0, 0]","[0, 0, 1, 0, 0, 1, 0, 0, 0, 0, 0, 1, 1, 1, 0, 1, 0, 0, 0, 0, 0, 0, 0, 1, 0, 0, 0, 1, 0, 0, 0, 1, 1, 1]"
872,L2_arctic_WAV/LXC_arctic_b0288,"[36, 49, 36, 31, 58, 55, 17, 3, 46, 48, 52, 55, 58, 8, 55, 8, 63, 7, 46, 8, 35, 55, 56, 3]","[36, 49, 31, 58, 8, 55, 17, 46, 48, 52, 55, 55, 8, 8, 46, 8, 35, 55, 56]","[1, 1, 0, 1, 1, 1, 1, 0, 1, 1, 1, 1, 0, 0, 1, 1, 0, 0, 1, 1, 1, 1, 1, 0]","[0, 0, 1, 0, 0, 0, 0, 1, 0, 0, 0, 0, 1, 1, 0, 0, 1, 1, 0, 0, 0, 0, 0, 1]"
873,L2_arctic_WAV/LXC_arctic_b0323,"[28, 50, 24, 28, 8, 3, 46, 37, 24, 59, 64, 55, 3, 6, 35, 7, 48, 64, 55, 58, 68, 40, 50, 59, 49, 46, 64, 55, 58, 58, 8, 28, 46, 54, 30, 6, 14, 39, 7, 67, 52, 58]","[28, 50, 24, 28, 46, 37, 24, 59, 64, 55, 3, 6, 35, 7, 48, 64, 55, 8, 68, 40, 59, 49, 46, 64, 55, 8, 58, 8, 28, 46, 54, 30, 6, 14, 39, 7, 67, 52]","[1, 1, 1, 1, 0, 0, 1, 1, 1, 1, 1, 1, 1, 1, 1, 1, 1, 1, 1, 0, 1, 1, 0, 1, 1, 1, 1, 1, 0, 1, 1, 1, 1, 1, 1, 1, 1, 1, 1, 1, 1, 0]","[0, 0, 0, 0, 1, 1, 0, 0, 0, 0, 0, 0, 0, 0, 0, 0, 0, 0, 0, 1, 0, 0, 1, 0, 0, 0, 0, 0, 1, 0, 0, 0, 0, 0, 0, 0, 0, 0, 0, 0, 0, 1]"
874,L2_arctic_WAV/LXC_arctic_b0358,"[63, 8, 3, 52, 68, 48, 7, 8, 35, 7, 58, 50, 17, 48, 3, 3, 24, 54, 24, 54, 3, 49, 37, 24, 30, 14, 70, 49, 50, 14, 64, 55, 58, 50, 24, 68, 60, 55, 58, 63, 52, 50, 63, 8, 67, 14, 30, 3, 50, 24, 48]","[61, 61, 3, 52, 68, 48, 8, 8, 35, 8, 69, 17, 48, 3, 24, 54, 24, 54, 3, 49, 37, 24, 30, 14, 70, 49, 50, 40, 64, 55, 50, 24, 68, 56, 55, 58, 63, 52, 63, 8, 67, 14, 3, 50, 24]","[0, 0, 1, 1, 1, 1, 0, 1, 1, 0, 0, 0, 1, 1, 0, 1, 1, 1, 1, 1, 1, 1, 1, 1, 1, 1, 1, 1, 1, 0, 1, 1, 0, 1, 1, 1, 0, 1, 1, 1, 1, 0, 1, 1, 1, 1, 0, 1, 1, 1, 0]","[1, 1, 0, 0, 0, 0, 1, 0, 0, 1, 1, 1, 0, 0, 1, 0, 0, 0, 0, 0, 0, 0, 0, 0, 0, 0, 0, 0, 0, 1, 0, 0, 1, 0, 0, 0, 1, 0, 0, 0, 0, 1, 0, 0, 0, 0, 1, 0, 0, 0, 1]"
875,L2_arctic_WAV/LXC_arctic_b0366,"[56, 54, 7, 59, 17, 3, 67, 15, 49, 70, 8, 30, 49, 56, 67, 64, 58, 3, 40, 3, 68, 56, 46, 52, 30, 54, 54, 50, 8, 68, 63, 8, 48, 50, 24, 55, 3, 8, 58, 48, 60, 69]","[56, 54, 8, 59, 17, 3, 67, 17, 49, 70, 8, 30, 49, 8, 67, 64, 3, 40, 3, 68, 56, 46, 52, 36, 54, 54, 61, 8, 68, 63, 8, 48, 50, 24, 55, 3, 8, 48, 60, 69]","[1, 1, 0, 1, 1, 1, 1, 0, 1, 1, 1, 1, 1, 0, 1, 1, 0, 1, 1, 1, 1, 1, 1, 1, 0, 1, 1, 0, 1, 1, 1, 1, 1, 1, 1, 1, 1, 1, 0, 1, 1, 1]","[0, 0, 1, 0, 0, 0, 0, 1, 0, 0, 0, 0, 0, 1, 0, 0, 1, 0, 0, 0, 0, 0, 0, 0, 1, 0, 0, 1, 0, 0, 0, 0, 0, 0, 0, 0, 0, 0, 1, 0, 0, 0]"
876,L2_arctic_WAV/LXC_arctic_b0380,"[67, 49, 67, 64, 58, 48, 49, 30, 58, 40, 54, 67, 24, 70, 9, 7, 3, 64, 55, 58, 36, 8, 70, 36, 56, 30, 58, 30, 49, 36, 60, 39, 24, 10, 24, 3]","[67, 49, 67, 64, 58, 48, 49, 58, 40, 54, 67, 24, 70, 9, 7, 64, 55, 58, 8, 36, 8, 46, 36, 56, 58, 30, 49, 39, 49, 39, 24, 10, 24]","[1, 1, 1, 1, 1, 1, 1, 0, 1, 1, 1, 1, 1, 1, 1, 1, 0, 1, 1, 1, 1, 1, 0, 1, 1, 0, 1, 1, 1, 0, 0, 1, 1, 1, 1, 0]","[0, 0, 0, 0, 0, 0, 0, 1, 0, 0, 0, 0, 0, 0, 0, 0, 1, 0, 0, 0, 0, 0, 1, 0, 0, 1, 0, 0, 0, 1, 1, 0, 0, 0, 0, 1]"
877,L2_arctic_WAV/LXC_arctic_b0385,"[30, 64, 46, 55, 56, 3, 67, 49, 9, 14, 58, 40, 30, 63, 8, 46, 24, 68, 48, 3, 8, 68, 70, 8, 39, 28, 8, 68, 24, 10, 58, 15, 55, 36, 24, 22, 55, 6, 68, 14, 55, 29, 8]","[30, 64, 46, 8, 55, 56, 3, 67, 49, 9, 40, 40, 30, 63, 8, 46, 24, 48, 3, 8, 68, 70, 8, 61, 28, 8, 68, 24, 10, 58, 17, 55, 36, 24, 46, 55, 6, 68, 14, 55, 29, 7]","[1, 1, 1, 1, 1, 1, 1, 1, 1, 0, 0, 1, 1, 1, 1, 1, 1, 0, 1, 1, 1, 1, 1, 1, 0, 1, 1, 1, 1, 1, 1, 0, 1, 1, 1, 0, 1, 1, 1, 1, 1, 1, 0]","[0, 0, 0, 0, 0, 0, 0, 0, 0, 1, 1, 0, 0, 0, 0, 0, 0, 1, 0, 0, 0, 0, 0, 0, 1, 0, 0, 0, 0, 0, 0, 1, 0, 0, 0, 1, 0, 0, 0, 0, 0, 0, 1]"
878,L2_arctic_WAV/LXC_arctic_b0393,"[56, 36, 8, 70, 46, 3, 24, 30, 36, 49, 28, 54, 50, 8, 68, 68, 56, 48, 50, 8, 30, 40, 10, 58, 24, 68, 7, 26, 8, 55]","[56, 36, 8, 46, 46, 3, 24, 30, 36, 24, 54, 50, 8, 68, 68, 56, 48, 50, 40, 30, 40, 10, 58, 24, 68, 7, 9, 8, 55]","[1, 1, 1, 0, 1, 1, 1, 1, 1, 0, 0, 1, 1, 1, 1, 1, 1, 1, 1, 0, 1, 1, 1, 1, 1, 1, 1, 0, 1, 1]","[0, 0, 0, 1, 0, 0, 0, 0, 0, 1, 1, 0, 0, 0, 0, 0, 0, 0, 0, 1, 0, 0, 0, 0, 0, 0, 0, 1, 0, 0]"
879,L2_arctic_WAV/LXC_arctic_b0400,"[67, 15, 28, 31, 58, 56, 64, 55, 46, 7, 63, 8, 28, 36, 52, 46, 35, 8, 55, 40, 55, 63, 8, 46, 48, 7, 8, 39, 63, 8, 68, 14, 68, 8, 55, 3]","[67, 17, 28, 31, 58, 56, 64, 55, 46, 8, 28, 36, 52, 9, 35, 8, 55, 14, 55, 63, 8, 46, 37, 7, 8, 39, 61, 8, 68, 40, 68, 8, 55]","[1, 0, 1, 1, 1, 1, 1, 1, 1, 0, 0, 1, 1, 1, 1, 0, 1, 1, 1, 0, 1, 1, 1, 1, 0, 1, 1, 1, 0, 1, 1, 0, 1, 1, 1, 0]","[0, 1, 0, 0, 0, 0, 0, 0, 0, 1, 1, 0, 0, 0, 0, 1, 0, 0, 0, 1, 0, 0, 0, 0, 1, 0, 0, 0, 1, 0, 0, 1, 0, 0, 0, 1]"
880,L2_arctic_WAV/LXC_arctic_b0402,"[64, 55, 40, 30, 3, 50, 6, 24, 46, 3, 24, 28, 64, 28, 3, 24, 70, 64, 55, 64, 28, 3, 48, 7, 54, 40, 50, 68, 58, 54, 40, 50, 63, 8, 36, 52, 30, 54, 52, 50, 8, 39, 8, 63, 7, 70]","[64, 10, 40, 3, 50, 6, 24, 46, 3, 24, 28, 64, 3, 24, 70, 64, 55, 64, 28, 48, 8, 54, 40, 68, 58, 54, 40, 30, 61, 8, 36, 52, 30, 54, 50, 8, 8, 39, 8, 63, 8, 70]","[1, 0, 1, 0, 1, 1, 1, 1, 1, 1, 1, 1, 1, 0, 1, 1, 1, 1, 1, 1, 1, 0, 1, 0, 1, 1, 0, 1, 1, 1, 1, 0, 0, 1, 1, 1, 1, 1, 0, 1, 1, 1, 1, 1, 0, 1]","[0, 1, 0, 1, 0, 0, 0, 0, 0, 0, 0, 0, 0, 1, 0, 0, 0, 0, 0, 0, 0, 1, 0, 1, 0, 0, 1, 0, 0, 0, 0, 1, 1, 0, 0, 0, 0, 0, 1, 1, 0, 0, 0, 0, 1, 0]"
881,L2_arctic_WAV/LXC_arctic_b0415,"[63, 52, 50, 36, 8, 70, 55, 8, 22, 24, 10, 54, 40, 50, 8, 46, 37, 8, 3, 63, 8, 36, 56, 58, 50, 17, 14, 9, 8, 55]","[63, 52, 8, 36, 8, 46, 55, 8, 46, 24, 10, 54, 40, 8, 46, 37, 8, 3, 3, 50, 15, 36, 56, 50, 17, 14, 9, 8, 55]","[1, 1, 0, 1, 1, 0, 1, 1, 0, 1, 1, 1, 1, 0, 1, 1, 1, 1, 1, 0, 0, 1, 1, 0, 1, 1, 1, 1, 1, 1]","[0, 0, 1, 0, 0, 1, 0, 0, 1, 0, 0, 0, 0, 1, 0, 0, 0, 0, 0, 1, 1, 0, 0, 1, 0, 0, 0, 0, 0, 0]"
882,L2_arctic_WAV/LXC_arctic_b0416,"[56, 7, 14, 70, 14, 37, 49, 58, 49, 8, 55, 3, 30, 49, 64, 55, 58, 36, 52, 55, 3, 58, 15, 55, 63, 8, 37, 49, 35]","[56, 7, 14, 46, 8, 37, 49, 58, 49, 8, 55, 3, 30, 49, 64, 55, 8, 36, 52, 55, 58, 17, 55, 8, 37, 49, 35]","[1, 1, 1, 0, 0, 1, 1, 1, 1, 1, 1, 1, 1, 1, 1, 1, 0, 1, 1, 1, 0, 1, 0, 1, 0, 1, 1, 1, 1]","[0, 0, 0, 1, 1, 0, 0, 0, 0, 0, 0, 0, 0, 0, 0, 0, 1, 0, 0, 0, 1, 0, 1, 0, 1, 0, 0, 0, 0]"
883,L2_arctic_WAV/LXC_arctic_b0418,"[64, 3, 63, 8, 3, 68, 14, 68, 8, 55, 3, 56, 59, 17, 3, 63, 49, 24, 68, 48, 50, 52, 9, 8, 55, 63, 8, 3, 9, 49, 36, 8, 70, 36, 24, 30, 8, 36, 49]","[64, 63, 8, 68, 40, 68, 8, 55, 3, 56, 59, 40, 63, 49, 24, 68, 48, 52, 9, 8, 55, 30, 52, 9, 24, 36, 8, 46, 36, 24, 30, 8, 30, 49]","[1, 0, 1, 1, 0, 1, 0, 1, 1, 1, 1, 1, 1, 0, 0, 1, 1, 1, 1, 1, 0, 1, 1, 1, 1, 0, 0, 0, 1, 0, 1, 1, 0, 1, 1, 1, 1, 0, 1]","[0, 1, 0, 0, 1, 0, 1, 0, 0, 0, 0, 0, 0, 1, 1, 0, 0, 0, 0, 0, 1, 0, 0, 0, 0, 1, 1, 1, 0, 1, 0, 0, 1, 0, 0, 0, 0, 1, 0]"
884,L2_arctic_WAV/LXC_arctic_b0422,"[63, 24, 46, 36, 8, 70, 36, 52, 55, 63, 8, 24, 28, 46, 48, 30, 14, 26, 8, 55, 8, 28, 7, 58]","[63, 24, 46, 36, 8, 46, 36, 52, 55, 30, 8, 24, 28, 46, 48, 30, 57, 9, 8, 55, 8, 28, 7]","[1, 1, 1, 1, 1, 0, 1, 1, 1, 0, 1, 1, 1, 1, 1, 1, 0, 0, 1, 1, 1, 1, 1, 0]","[0, 0, 0, 0, 0, 1, 0, 0, 0, 1, 0, 0, 0, 0, 0, 0, 1, 1, 0, 0, 0, 0, 0, 1]"
885,L2_arctic_WAV/LXC_arctic_b0430,"[63, 60, 36, 7, 37, 64, 37, 30, 24, 10, 64, 55, 58, 35, 64, 3, 7, 24, 10, 40, 30, 3, 8, 59, 52, 63, 7]","[63, 60, 36, 8, 37, 15, 37, 30, 24, 10, 64, 55, 58, 8, 35, 15, 3, 7, 24, 10, 40, 3, 8, 59, 52, 63, 8]","[1, 1, 1, 0, 1, 0, 1, 1, 1, 1, 1, 1, 1, 1, 0, 1, 1, 1, 1, 1, 0, 1, 1, 1, 1, 1, 0]","[0, 0, 0, 1, 0, 1, 0, 0, 0, 0, 0, 0, 0, 0, 1, 0, 0, 0, 0, 0, 1, 0, 0, 0, 0, 0, 1]"
886,L2_arctic_WAV/LXC_arctic_b0456,"[67, 49, 36, 8, 70, 64, 55, 64, 68, 54, 24, 37, 49, 8, 55, 64, 55, 58, 8, 68, 15, 55, 3, 24, 55, 24, 50]","[67, 49, 36, 8, 46, 8, 10, 64, 68, 54, 24, 37, 49, 8, 55, 64, 55, 58, 8, 68, 17, 55, 3, 24, 55, 24, 50]","[1, 1, 1, 1, 0, 0, 0, 1, 1, 1, 1, 1, 1, 1, 1, 1, 1, 1, 1, 1, 0, 1, 1, 1, 1, 1, 1]","[0, 0, 0, 0, 1, 1, 1, 0, 0, 0, 0, 0, 0, 0, 0, 0, 0, 0, 0, 0, 1, 0, 0, 0, 0, 0, 0]"
887,L2_arctic_WAV/LXC_arctic_b0461,"[37, 56, 39, 7, 35, 6, 8, 39, 63, 64, 3, 48, 15, 7, 36, 49, 9, 64, 30, 50, 24, 68, 60, 55, 24, 55, 48, 15, 7]","[37, 56, 39, 8, 35, 6, 46, 8, 39, 63, 64, 48, 15, 8, 36, 49, 9, 64, 50, 50, 24, 68, 60, 24, 55, 48, 15, 7]","[1, 1, 1, 0, 1, 1, 1, 1, 1, 1, 0, 1, 1, 0, 1, 1, 1, 1, 0, 1, 1, 1, 1, 0, 1, 1, 1, 1, 1]","[0, 0, 0, 1, 0, 0, 0, 0, 0, 0, 1, 0, 0, 1, 0, 0, 0, 0, 1, 0, 0, 0, 0, 1, 0, 0, 0, 0, 0]"
888,L2_arctic_WAV/LXC_arctic_b0465,"[37, 8, 3, 46, 8, 35, 58, 56, 39, 7, 69, 8, 55, 46, 8, 39, 8, 48, 24, 55, 29, 8, 55, 36, 31, 58, 28, 17, 55, 46, 3, 8, 3, 6, 3, 55, 14, 68, 52, 55, 24, 46, 3, 6, 46, 8, 46, 56, 8, 3, 49]","[37, 8, 46, 8, 35, 58, 56, 39, 8, 35, 8, 55, 46, 8, 39, 8, 48, 24, 55, 29, 8, 36, 31, 58, 28, 17, 55, 46, 3, 8, 3, 6, 55, 14, 68, 56, 55, 24, 46, 3, 6, 46, 8, 46, 56, 8, 3, 49]","[1, 1, 0, 1, 1, 1, 1, 1, 1, 0, 0, 1, 1, 1, 1, 1, 1, 1, 1, 1, 1, 1, 0, 1, 1, 1, 1, 1, 1, 1, 1, 1, 1, 1, 0, 1, 1, 1, 0, 1, 1, 1, 1, 1, 1, 1, 1, 1, 1, 1, 1]","[0, 0, 1, 0, 0, 0, 0, 0, 0, 1, 1, 0, 0, 0, 0, 0, 0, 0, 0, 0, 0, 0, 1, 0, 0, 0, 0, 0, 0, 0, 0, 0, 0, 0, 1, 0, 0, 0, 1, 0, 0, 0, 0, 0, 0, 0, 0, 0, 0, 0, 0]"
889,L2_arctic_WAV/LXC_arctic_b0476,"[63, 8, 50, 49, 40, 50, 59, 8, 55, 8, 70, 60, 9, 8, 55, 8, 39, 63, 49, 70, 28, 8, 55, 3, 50, 49, 70, 3, 31, 28, 63, 8, 54, 40, 50, 68, 8, 39, 50, 52, 39, 8, 30, 6, 9, 8, 55]","[63, 8, 50, 49, 40, 59, 8, 55, 8, 70, 60, 9, 8, 8, 63, 49, 46, 61, 67, 8, 55, 3, 50, 49, 46, 3, 31, 28, 50, 8, 54, 40, 68, 8, 39, 61, 52, 39, 8, 30, 6, 9, 8]","[1, 1, 1, 1, 1, 0, 1, 1, 1, 1, 1, 1, 1, 1, 0, 1, 0, 1, 1, 0, 0, 1, 1, 1, 1, 1, 0, 1, 1, 1, 0, 1, 1, 1, 0, 1, 1, 1, 0, 1, 1, 1, 1, 1, 1, 1, 0]","[0, 0, 0, 0, 0, 1, 0, 0, 0, 0, 0, 0, 0, 0, 1, 0, 1, 0, 0, 1, 1, 0, 0, 0, 0, 0, 1, 0, 0, 0, 1, 0, 0, 0, 1, 0, 0, 0, 1, 0, 0, 0, 0, 0, 0, 0, 1]"
890,L2_arctic_WAV/LXC_arctic_b0479,"[39, 56, 8, 30, 60, 9, 8, 55, 8, 39, 63, 24, 46, 30, 17, 36, 8, 70, 68, 60, 58, 8, 67, 56, 68, 24, 46, 58, 8, 68, 49, 55, 7, 8, 55, 58, 48, 8, 55, 24, 9, 3, 8, 28, 40, 50, 58, 24, 10, 30, 49]","[39, 56, 30, 8, 3, 60, 9, 8, 55, 8, 39, 30, 24, 46, 30, 17, 36, 8, 46, 68, 60, 58, 8, 67, 56, 68, 24, 46, 58, 24, 68, 7, 8, 55, 58, 8, 48, 8, 55, 24, 9, 3, 8, 28, 40, 58, 24, 10, 30, 49]","[1, 1, 1, 0, 1, 1, 1, 1, 1, 1, 0, 1, 1, 1, 1, 1, 1, 0, 1, 1, 1, 1, 1, 1, 1, 1, 1, 1, 0, 1, 0, 0, 1, 1, 1, 1, 1, 1, 1, 1, 1, 1, 1, 1, 1, 0, 1, 1, 1, 1, 1]","[0, 0, 0, 1, 0, 0, 0, 0, 0, 0, 1, 0, 0, 0, 0, 0, 0, 1, 0, 0, 0, 0, 0, 0, 0, 0, 0, 0, 1, 0, 1, 1, 0, 0, 0, 0, 0, 0, 0, 0, 0, 0, 0, 0, 0, 1, 0, 0, 0, 0, 0]"
891,L2_arctic_WAV/LXC_arctic_b0481,"[63, 8, 3, 64, 46, 28, 36, 49, 46, 52, 3, 15, 7, 46, 52, 30, 39, 70, 36, 8, 70, 22, 50, 49, 54, 14, 30, 58]","[30, 8, 3, 64, 46, 36, 49, 46, 52, 15, 8, 46, 52, 39, 46, 36, 8, 46, 22, 50, 49, 54, 14]","[0, 1, 1, 1, 1, 0, 1, 1, 1, 1, 0, 1, 0, 1, 1, 0, 1, 0, 1, 1, 0, 1, 1, 1, 1, 1, 0, 0]","[1, 0, 0, 0, 0, 1, 0, 0, 0, 0, 1, 0, 1, 0, 0, 1, 0, 1, 0, 0, 1, 0, 0, 0, 0, 0, 1, 1]"
892,L2_arctic_WAV/LXC_arctic_b0483,"[63, 8, 54, 30, 15, 7, 8, 39, 63, 8, 17, 50, 3, 24, 46, 3, 24, 28, 64, 55, 58, 24, 55, 3, 8, 30, 52, 28, 35, 6, 8, 30, 36, 7, 30, 58, 36, 7, 50, 52, 39, 8, 30, 6, 9, 8, 55, 24, 46, 3, 46]","[63, 8, 54, 30, 15, 7, 8, 39, 63, 8, 17, 3, 24, 46, 3, 24, 28, 64, 55, 58, 24, 55, 24, 55, 3, 8, 30, 52, 28, 35, 6, 8, 36, 7, 36, 8, 50, 52, 39, 8, 30, 6, 9, 8, 55, 24, 46, 3, 46]","[1, 1, 1, 1, 1, 1, 1, 1, 1, 1, 1, 0, 1, 1, 1, 1, 1, 1, 1, 1, 1, 1, 1, 1, 1, 1, 1, 1, 1, 1, 1, 0, 1, 1, 0, 0, 1, 0, 1, 1, 1, 1, 1, 1, 1, 1, 1, 1, 1, 1, 1]","[0, 0, 0, 0, 0, 0, 0, 0, 0, 0, 0, 1, 0, 0, 0, 0, 0, 0, 0, 0, 0, 0, 0, 0, 0, 0, 0, 0, 0, 0, 0, 1, 0, 0, 1, 1, 0, 1, 0, 0, 0, 0, 0, 0, 0, 0, 0, 0, 0, 0, 0]"
893,L2_arctic_WAV/LXC_arctic_b0488,"[37, 49, 40, 55, 58, 50, 24, 54, 29, 6, 70, 24, 10, 3, 6, 46, 52, 30, 8, 46, 54, 6, 58, 63, 60, 30, 52, 54, 3, 8, 46, 3, 6, 15, 7, 46, 52, 30, 39, 70]","[37, 49, 40, 55, 50, 24, 39, 24, 30, 70, 24, 10, 3, 6, 46, 52, 30, 8, 46, 54, 6, 30, 52, 30, 52, 54, 3, 8, 46, 3, 6, 15, 8, 46, 52, 39, 46]","[1, 1, 1, 1, 0, 1, 1, 0, 0, 0, 1, 1, 1, 1, 1, 1, 1, 1, 1, 1, 1, 1, 0, 0, 0, 1, 1, 1, 1, 1, 1, 1, 1, 1, 0, 1, 1, 0, 1, 0]","[0, 0, 0, 0, 1, 0, 0, 1, 1, 1, 0, 0, 0, 0, 0, 0, 0, 0, 0, 0, 0, 0, 1, 1, 1, 0, 0, 0, 0, 0, 0, 0, 0, 0, 1, 0, 0, 1, 0, 1]"
894,L2_arctic_WAV/LXC_arctic_b0509,"[67, 49, 67, 64, 58, 54, 31, 30, 54, 24, 30, 58, 67, 24, 70, 58, 29, 6, 3, 49, 64, 55, 58, 48, 60, 58, 48, 50, 17, 48, 7, 30, 49]","[67, 49, 67, 64, 58, 54, 31, 54, 24, 30, 58, 67, 24, 46, 58, 29, 6, 3, 49, 64, 55, 48, 60, 48, 50, 17, 48, 8, 30, 49]","[1, 1, 1, 1, 1, 1, 1, 0, 1, 1, 1, 1, 1, 1, 0, 1, 1, 1, 1, 1, 1, 1, 0, 1, 1, 0, 1, 1, 1, 1, 0, 1, 1]","[0, 0, 0, 0, 0, 0, 0, 1, 0, 0, 0, 0, 0, 0, 1, 0, 0, 0, 0, 0, 0, 0, 1, 0, 0, 1, 0, 0, 0, 0, 1, 0, 0]"
895,L2_arctic_WAV/LXC_arctic_b0527,"[63, 8, 39, 52, 50, 49, 56, 58, 49, 8, 8, 39, 24, 3, 36, 40, 70, 48, 50, 24, 48, 17, 46, 3, 7, 8, 46]","[30, 8, 39, 52, 50, 49, 56, 58, 49, 8, 8, 39, 24, 24, 36, 40, 46, 48, 50, 17, 48, 17, 46, 3, 7, 8, 46]","[0, 1, 1, 1, 1, 1, 1, 1, 1, 1, 1, 1, 1, 0, 1, 1, 0, 1, 1, 0, 1, 1, 1, 1, 1, 1, 1]","[1, 0, 0, 0, 0, 0, 0, 0, 0, 0, 0, 0, 0, 1, 0, 0, 1, 0, 0, 1, 0, 0, 0, 0, 0, 0, 0]"
896,L2_arctic_WAV/LXC_arctic_b0531,"[56, 68, 9, 31, 50, 24, 3, 68, 8, 46, 3, 67, 64, 39, 37, 24, 55, 46, 8, 68, 64, 58, 39, 52, 55, 35, 7]","[56, 68, 9, 31, 50, 24, 68, 8, 46, 67, 64, 37, 24, 10, 46, 8, 68, 64, 58, 39, 52, 55, 35, 7]","[1, 1, 1, 1, 1, 1, 0, 1, 1, 1, 0, 1, 1, 0, 1, 1, 0, 1, 1, 1, 1, 1, 1, 1, 1, 1, 1]","[0, 0, 0, 0, 0, 0, 1, 0, 0, 0, 1, 0, 0, 1, 0, 0, 1, 0, 0, 0, 0, 0, 0, 0, 0, 0, 0]"
897,L2_arctic_WAV/MBMPS_arctic_a0003,"[54, 50, 7, 63, 8, 3, 36, 52, 55, 49, 8, 22, 3, 56, 68, 63, 64, 3, 49, 39, 55, 24, 10, 63, 8, 3, 6, 68, 52, 55, 9, 31, 28, 67, 64, 55, 70]","[54, 50, 7, 63, 8, 3, 36, 52, 55, 49, 8, 22, 3, 56, 68, 63, 64, 3, 49, 39, 55, 24, 10, 58, 8, 3, 6, 68, 52, 55, 9, 31, 28, 67, 64, 55, 46]","[1, 1, 1, 1, 1, 1, 1, 1, 1, 1, 1, 1, 1, 1, 1, 1, 1, 1, 1, 1, 1, 1, 1, 0, 1, 1, 1, 1, 1, 1, 1, 1, 1, 1, 1, 1, 0]","[0, 0, 0, 0, 0, 0, 0, 0, 0, 0, 0, 0, 0, 0, 0, 0, 0, 0, 0, 0, 0, 0, 0, 1, 0, 0, 0, 0, 0, 0, 0, 0, 0, 0, 0, 0, 1]"
898,L2_arctic_WAV/MBMPS_arctic_a0005,"[36, 24, 30, 36, 49, 52, 39, 7, 54, 7, 59, 52, 3, 24, 3]","[36, 24, 30, 36, 49, 52, 39, 7, 54, 7, 59, 52, 3, 24, 3]","[1, 1, 1, 1, 1, 1, 1, 1, 1, 1, 1, 1, 1, 1, 1]","[0, 0, 0, 0, 0, 0, 0, 0, 0, 0, 0, 0, 0, 0, 0]"
899,L2_arctic_WAV/MBMPS_arctic_a0006,"[59, 17, 58, 37, 30, 52, 46, 56, 67, 14, 48, 56, 30, 59, 14, 40, 55, 46, 49, 24, 10, 63, 52, 68, 54, 7, 52, 39, 7]","[59, 17, 58, 37, 30, 52, 46, 56, 62, 14, 48, 56, 30, 59, 14, 40, 55, 46, 49, 24, 10, 63, 52, 68, 54, 7, 52, 39, 7]","[1, 1, 1, 1, 1, 1, 1, 1, 0, 1, 1, 1, 1, 1, 1, 1, 1, 1, 1, 1, 1, 1, 1, 1, 1, 1, 1, 1, 1]","[0, 0, 0, 0, 0, 0, 0, 0, 1, 0, 0, 0, 0, 0, 0, 0, 0, 0, 0, 0, 0, 0, 0, 0, 0, 0, 0, 0, 0]"
900,L2_arctic_WAV/MBMPS_arctic_a0007,"[64, 55, 58, 29, 6, 40, 30, 36, 49, 70, 36, 17, 55, 3, 3, 24, 46, 49, 24, 3, 24, 55, 63, 49, 46, 31, 48, 7, 30, 8, 3, 24, 39, 58, 24, 59, 50, 49]","[64, 55, 58, 29, 6, 40, 30, 36, 49, 70, 36, 17, 55, 3, 3, 24, 46, 49, 24, 3, 49, 55, 63, 49, 46, 31, 48, 7, 30, 8, 3, 24, 39, 58, 49, 59, 50, 49]","[1, 1, 1, 1, 1, 1, 1, 1, 1, 1, 1, 1, 1, 1, 1, 1, 1, 1, 1, 1, 0, 1, 1, 1, 1, 1, 1, 1, 1, 1, 1, 1, 1, 1, 0, 1, 1, 1]","[0, 0, 0, 0, 0, 0, 0, 0, 0, 0, 0, 0, 0, 0, 0, 0, 0, 0, 0, 0, 1, 0, 0, 0, 0, 0, 0, 0, 0, 0, 0, 0, 0, 0, 1, 0, 0, 0]"
901,L2_arctic_WAV/MBMPS_arctic_a0008,"[59, 64, 58, 29, 31, 50, 30, 52, 3, 7, 28, 60, 68, 69, 8, 46, 3, 24, 55, 3, 56, 68]","[59, 17, 58, 29, 31, 50, 30, 52, 3, 7, 28, 60, 68, 35, 8, 46, 3, 24, 55, 3, 56, 68]","[1, 0, 1, 1, 1, 1, 1, 1, 1, 1, 1, 1, 1, 0, 1, 1, 1, 1, 1, 1, 1, 1]","[0, 1, 0, 0, 0, 0, 0, 0, 0, 0, 0, 0, 0, 1, 0, 0, 0, 0, 0, 0, 0, 0]"
902,L2_arctic_WAV/MBMPS_arctic_a0010,"[56, 68, 48, 30, 60, 24, 10, 8, 46, 24, 10, 59, 8, 30, 67, 64, 55, 58, 24, 55, 36, 8, 3, 30, 31, 28, 46, 30, 56, 28, 8, 30, 6, 70, 24, 10, 59, 60, 68]","[17, 68, 48, 30, 60, 24, 10, 8, 46, 24, 10, 59, 8, 30, 67, 64, 55, 24, 55, 36, 8, 3, 30, 6, 28, 46, 30, 56, 28, 17, 30, 6, 46, 24, 10, 59, 60, 68]","[0, 1, 1, 1, 1, 1, 1, 1, 1, 1, 1, 1, 1, 1, 1, 1, 1, 0, 1, 1, 1, 1, 1, 1, 0, 1, 1, 1, 1, 1, 0, 1, 1, 0, 1, 1, 1, 1, 1]","[1, 0, 0, 0, 0, 0, 0, 0, 0, 0, 0, 0, 0, 0, 0, 0, 0, 1, 0, 0, 0, 0, 0, 0, 1, 0, 0, 0, 0, 0, 1, 0, 0, 1, 0, 0, 0, 0, 0]"
903,L2_arctic_WAV/MBMPS_arctic_a0011,"[24, 54, 56, 52, 39, 7, 55, 49, 58, 8, 58, 8, 54, 56, 3, 7, 24, 55, 68, 56, 30, 56, 54, 56, 55, 49, 58, 36, 8, 55, 55, 15]","[24, 54, 56, 52, 39, 7, 55, 49, 58, 8, 58, 8, 54, 56, 3, 7, 24, 55, 68, 56, 30, 56, 54, 56, 55, 49, 58, 8, 36, 8, 55, 55, 15]","[1, 1, 1, 1, 1, 1, 1, 1, 1, 1, 1, 1, 1, 1, 1, 1, 1, 1, 1, 1, 1, 1, 1, 1, 1, 1, 1, 1, 1, 1, 1, 1]","[0, 0, 0, 0, 0, 0, 0, 0, 0, 0, 0, 0, 0, 0, 0, 0, 0, 0, 0, 0, 0, 0, 0, 0, 0, 0, 0, 0, 0, 0, 0, 0]"
904,L2_arctic_WAV/MBMPS_arctic_a0013,"[67, 49, 36, 8, 70, 8, 67, 52, 58, 9, 40, 50, 3, 7, 63, 64, 55, 67, 24, 70, 28, 8, 68, 48, 64, 55, 29, 8, 55, 8, 39, 40, 30, 68, 14, 46, 3, 58, 52, 30, 8, 28, 8, 3, 54, 8, 70, 49, 28]","[67, 49, 36, 8, 46, 8, 67, 52, 58, 9, 40, 50, 3, 7, 63, 64, 55, 67, 24, 46, 28, 8, 68, 48, 64, 55, 29, 8, 55, 8, 54, 40, 30, 68, 14, 46, 3, 58, 52, 30, 8, 28, 8, 3, 54, 8, 46, 24, 28]","[1, 1, 1, 1, 0, 1, 1, 1, 1, 1, 1, 1, 1, 1, 1, 1, 1, 1, 1, 0, 1, 1, 1, 1, 1, 1, 1, 1, 1, 1, 0, 1, 1, 1, 1, 1, 1, 1, 1, 1, 1, 1, 1, 1, 1, 1, 0, 0, 1]","[0, 0, 0, 0, 1, 0, 0, 0, 0, 0, 0, 0, 0, 0, 0, 0, 0, 0, 0, 1, 0, 0, 0, 0, 0, 0, 0, 0, 0, 0, 1, 0, 0, 0, 0, 0, 0, 0, 0, 0, 0, 0, 0, 0, 0, 0, 1, 1, 0]"
905,L2_arctic_WAV/MBMPS_arctic_a0018,"[63, 52, 50, 36, 17, 70, 8, 35, 60, 55, 69, 55, 15]","[63, 52, 50, 36, 17, 46, 8, 35, 60, 55, 69, 55, 15]","[1, 1, 1, 1, 1, 0, 1, 1, 1, 1, 1, 1, 1]","[0, 0, 0, 0, 0, 1, 0, 0, 0, 0, 0, 0, 0]"
906,L2_arctic_WAV/MBMPS_arctic_a0019,"[56, 54, 17, 30, 14, 58, 63, 8, 30, 56, 55, 8, 39, 63, 8, 48, 50, 8, 48, 14, 70, 58, 50, 60, 30, 50, 14, 58, 30, 31, 28, 24, 10, 54, 40, 50, 35, 64, 55, 46, 24, 70]","[56, 54, 17, 30, 14, 63, 8, 30, 56, 55, 8, 39, 63, 8, 48, 50, 8, 48, 14, 46, 58, 50, 60, 30, 50, 14, 58, 30, 31, 28, 24, 55, 54, 40, 50, 35, 64, 55, 46, 24, 70]","[1, 1, 1, 1, 1, 0, 1, 1, 1, 1, 1, 1, 1, 1, 1, 1, 1, 1, 1, 1, 0, 1, 1, 1, 1, 1, 1, 1, 1, 1, 1, 1, 0, 1, 1, 1, 1, 1, 1, 1, 1, 1]","[0, 0, 0, 0, 0, 1, 0, 0, 0, 0, 0, 0, 0, 0, 0, 0, 0, 0, 0, 0, 1, 0, 0, 0, 0, 0, 0, 0, 0, 0, 0, 0, 1, 0, 0, 0, 0, 0, 0, 0, 0, 0]"
907,L2_arctic_WAV/MBMPS_arctic_a0020,"[28, 30, 8, 37, 70, 8, 55, 58, 37, 40, 30, 70, 8, 55, 58, 46, 24, 3, 49, 70, 59, 50, 6, 3, 6, 37, 49, 14, 55, 30, 49, 68, 52, 68, 7, 49, 70]","[28, 30, 17, 37, 46, 8, 55, 58, 37, 40, 30, 46, 8, 55, 58, 46, 49, 3, 49, 46, 59, 50, 6, 3, 6, 37, 49, 14, 55, 30, 49, 68, 52, 68, 7, 49, 46]","[1, 1, 0, 1, 0, 1, 1, 1, 1, 1, 1, 0, 1, 1, 1, 1, 0, 1, 1, 0, 1, 1, 1, 1, 1, 1, 1, 1, 1, 1, 1, 1, 1, 1, 1, 1, 0]","[0, 0, 1, 0, 1, 0, 0, 0, 0, 0, 0, 1, 0, 0, 0, 0, 1, 0, 0, 1, 0, 0, 0, 0, 0, 0, 0, 0, 0, 0, 0, 0, 0, 0, 0, 0, 1]"
908,L2_arctic_WAV/MBMPS_arctic_a0021,"[24, 3, 54, 52, 50, 30, 49, 28, 30, 8, 37, 58, 68, 49, 24, 55, 3, 6, 50, 52, 28, 8, 59, 55, 56, 70, 24, 10, 24, 3]","[24, 3, 54, 52, 50, 30, 49, 28, 30, 8, 68, 58, 68, 49, 49, 55, 3, 6, 50, 24, 28, 8, 59, 55, 56, 70, 24, 10, 24, 3]","[1, 1, 1, 1, 1, 1, 1, 1, 1, 1, 0, 1, 1, 1, 0, 1, 1, 1, 1, 0, 1, 1, 1, 1, 1, 1, 1, 1, 1, 1]","[0, 0, 0, 0, 0, 0, 0, 0, 0, 0, 1, 0, 0, 0, 1, 0, 0, 0, 0, 1, 0, 0, 0, 0, 0, 0, 0, 0, 0, 0]"
909,L2_arctic_WAV/MBMPS_arctic_a0022,"[67, 17, 50, 58, 30, 49, 36, 7, 15, 7, 48, 30, 64, 55, 70, 68, 60, 58, 48, 8, 37, 30, 24, 28, 37, 49, 54, 40, 50, 36, 49, 36, 7, 68, 52, 3, 37, 56, 48, 15, 7, 54, 8, 30, 17, 48, 8, 70, 24, 9, 8, 55]","[67, 17, 50, 58, 30, 49, 36, 7, 15, 7, 48, 30, 8, 55, 46, 68, 60, 58, 48, 8, 37, 30, 24, 28, 37, 49, 54, 40, 50, 36, 49, 36, 7, 68, 52, 3, 37, 56, 48, 15, 7, 54, 8, 30, 14, 48, 8, 46, 24, 9, 8, 55]","[1, 1, 1, 1, 1, 1, 1, 1, 1, 1, 1, 1, 0, 1, 0, 1, 1, 1, 1, 1, 1, 1, 1, 1, 1, 1, 1, 1, 1, 1, 1, 1, 1, 1, 1, 1, 1, 1, 1, 1, 1, 1, 1, 1, 0, 1, 1, 0, 1, 1, 1, 1]","[0, 0, 0, 0, 0, 0, 0, 0, 0, 0, 0, 0, 1, 0, 1, 0, 0, 0, 0, 0, 0, 0, 0, 0, 0, 0, 0, 0, 0, 0, 0, 0, 0, 0, 0, 0, 0, 0, 0, 0, 0, 0, 0, 0, 1, 0, 0, 1, 0, 0, 0, 0]"
910,L2_arctic_WAV/MBMPS_arctic_a0023,"[8, 28, 17, 68, 37, 8, 55, 60, 9, 8, 55, 8, 39, 28, 8, 55, 60, 58, 49, 8, 55, 28, 64, 48, 24, 3, 8, 30, 28, 36, 24, 28, 30, 49, 40, 50, 59, 8, 55, 56, 70, 58, 8, 55, 58, 48, 8, 3, 24, 9, 8, 55, 58, 54, 40, 50, 63, 49, 46, 60, 68, 48, 50, 24, 39, 24, 30, 24, 69, 24, 70]","[17, 28, 14, 68, 37, 8, 55, 60, 9, 8, 55, 8, 54, 28, 8, 55, 60, 58, 49, 8, 55, 28, 64, 48, 24, 3, 8, 30, 28, 36, 24, 28, 30, 49, 40, 50, 59, 8, 55, 56, 70, 58, 8, 55, 58, 48, 8, 3, 24, 9, 29, 8, 55, 58, 54, 40, 50, 63, 49, 46, 60, 68, 48, 50, 24, 39, 24, 30, 24, 69, 24, 70]","[0, 1, 0, 1, 1, 1, 1, 1, 1, 1, 1, 1, 0, 1, 1, 1, 1, 1, 1, 1, 1, 1, 1, 1, 1, 1, 1, 1, 1, 1, 1, 1, 1, 1, 1, 1, 1, 1, 1, 1, 1, 1, 1, 1, 1, 1, 1, 1, 1, 1, 1, 1, 1, 1, 1, 1, 1, 1, 1, 1, 1, 1, 1, 1, 1, 1, 1, 1, 1, 1, 1]","[1, 0, 1, 0, 0, 0, 0, 0, 0, 0, 0, 0, 1, 0, 0, 0, 0, 0, 0, 0, 0, 0, 0, 0, 0, 0, 0, 0, 0, 0, 0, 0, 0, 0, 0, 0, 0, 0, 0, 0, 0, 0, 0, 0, 0, 0, 0, 0, 0, 0, 0, 0, 0, 0, 0, 0, 0, 0, 0, 0, 0, 0, 0, 0, 0, 0, 0, 0, 0, 0, 0]"
911,L2_arctic_WAV/MBMPS_arctic_a0024,"[24, 3, 36, 8, 70, 68, 56, 50, 24, 48, 40, 50, 3, 46, 54, 50, 8, 68, 63, 8, 55, 40, 50, 22, 67, 36, 24, 35, 35, 49, 54, 30, 49, 24, 55, 58, 6, 46, 3, 48, 49, 48, 8, 30, 3, 6, 37, 56]","[24, 58, 36, 8, 46, 68, 56, 50, 24, 48, 40, 50, 58, 54, 50, 8, 68, 63, 8, 55, 40, 50, 58, 67, 36, 24, 35, 35, 49, 54, 30, 49, 24, 55, 58, 6, 46, 3, 48, 49, 48, 8, 30, 3, 6, 37, 56]","[1, 0, 1, 1, 0, 1, 1, 1, 1, 1, 1, 1, 0, 0, 1, 1, 1, 1, 1, 1, 1, 1, 1, 0, 1, 1, 1, 1, 1, 1, 1, 1, 1, 1, 1, 1, 1, 1, 1, 1, 1, 1, 1, 1, 1, 1, 1, 1]","[0, 1, 0, 0, 1, 0, 0, 0, 0, 0, 0, 0, 1, 1, 0, 0, 0, 0, 0, 0, 0, 0, 0, 1, 0, 0, 0, 0, 0, 0, 0, 0, 0, 0, 0, 0, 0, 0, 0, 0, 0, 0, 0, 0, 0, 0, 0, 0]"
912,L2_arctic_WAV/MBMPS_arctic_a0025,"[56, 36, 8, 70, 8, 37, 15, 3, 3, 8, 58, 6, 63, 24, 46, 67, 36, 24, 55, 28, 6, 30, 7, 69, 8, 69, 68, 8, 55, 3, 48, 50, 49, 39, 60, 30, 58]","[56, 36, 8, 46, 8, 37, 15, 3, 3, 8, 58, 6, 58, 24, 46, 67, 36, 24, 55, 28, 14, 30, 7, 69, 8, 35, 68, 8, 55, 3, 48, 50, 49, 39, 60, 30, 58]","[1, 1, 1, 0, 1, 1, 1, 1, 1, 1, 1, 1, 0, 1, 1, 1, 1, 1, 1, 1, 0, 1, 1, 1, 1, 0, 1, 1, 1, 1, 1, 1, 1, 1, 1, 1, 1]","[0, 0, 0, 1, 0, 0, 0, 0, 0, 0, 0, 0, 1, 0, 0, 0, 0, 0, 0, 0, 1, 0, 0, 0, 0, 1, 0, 0, 0, 0, 0, 0, 0, 0, 0, 0, 0]"
913,L2_arctic_WAV/MBMPS_arctic_a0026,"[24, 3, 8, 28, 7, 58, 3, 24, 68, 49, 63, 64, 3, 63, 52, 50, 36, 31, 58, 67, 64, 39, 3, 6, 37, 49, 8, 55, 8, 28, 15, 55, 3, 24, 10]","[24, 3, 8, 28, 29, 7, 58, 3, 24, 68, 49, 63, 64, 3, 63, 52, 50, 36, 31, 58, 67, 64, 39, 3, 6, 37, 49, 8, 55, 8, 28, 15, 55, 3, 24, 10]","[1, 1, 1, 1, 1, 1, 1, 1, 1, 1, 1, 1, 1, 1, 1, 1, 1, 1, 1, 1, 1, 1, 1, 1, 1, 1, 1, 1, 1, 1, 1, 1, 1, 1, 1]","[0, 0, 0, 0, 0, 0, 0, 0, 0, 0, 0, 0, 0, 0, 0, 0, 0, 0, 0, 0, 0, 0, 0, 0, 0, 0, 0, 0, 0, 0, 0, 0, 0, 0, 0]"
914,L2_arctic_WAV/MBMPS_arctic_a0027,"[3, 8, 68, 56, 46, 7, 48, 50, 56, 70, 67, 49, 37, 24, 59, 64, 55, 3, 6, 9, 14, 64, 28, 9, 8, 30, 24, 55, 22, 6, 70, 49, 64, 70, 8, 68, 24, 55, 68, 56, 54, 60, 39, 7]","[3, 8, 68, 56, 46, 7, 48, 50, 56, 70, 67, 49, 37, 24, 59, 64, 55, 3, 6, 9, 14, 64, 28, 9, 8, 30, 24, 55, 22, 6, 46, 49, 64, 70, 8, 68, 24, 55, 68, 56, 54, 60, 65, 7]","[1, 1, 1, 1, 1, 1, 1, 1, 1, 1, 1, 1, 1, 1, 1, 1, 1, 1, 1, 1, 1, 1, 1, 1, 1, 1, 1, 1, 1, 1, 0, 1, 1, 1, 1, 1, 1, 1, 1, 1, 1, 1, 0, 1]","[0, 0, 0, 0, 0, 0, 0, 0, 0, 0, 0, 0, 0, 0, 0, 0, 0, 0, 0, 0, 0, 0, 0, 0, 0, 0, 0, 0, 0, 0, 1, 0, 0, 0, 0, 0, 0, 0, 0, 0, 0, 0, 1, 0]"
915,L2_arctic_WAV/MBMPS_arctic_a0028,"[50, 17, 37, 7, 49, 37, 50, 56, 37, 7, 49, 54, 50, 40, 58]","[50, 17, 37, 7, 49, 37, 50, 56, 37, 7, 49, 54, 50, 15, 58]","[1, 1, 1, 1, 1, 1, 1, 1, 1, 1, 1, 1, 1, 0, 1]","[0, 0, 0, 0, 0, 0, 0, 0, 0, 0, 0, 0, 0, 1, 0]"
916,L2_arctic_WAV/MBMPS_arctic_a0029,"[63, 52, 50, 54, 40, 50, 46, 24, 70, 36, 7, 40, 30, 50, 52, 58, 49, 68, 6, 39, 24, 10, 24, 55, 3, 6, 63, 8, 55, 40, 50, 22, 28, 8, 55, 3, 50, 49]","[63, 52, 50, 54, 40, 50, 46, 24, 70, 36, 7, 40, 50, 52, 58, 49, 68, 6, 39, 24, 10, 24, 55, 3, 6, 63, 8, 55, 40, 50, 3, 28, 14, 55, 3, 50, 49]","[1, 1, 1, 1, 1, 1, 1, 1, 1, 1, 1, 1, 0, 1, 1, 1, 1, 1, 1, 1, 1, 1, 1, 1, 1, 1, 1, 1, 1, 1, 1, 0, 1, 0, 1, 1, 1, 1]","[0, 0, 0, 0, 0, 0, 0, 0, 0, 0, 0, 0, 1, 0, 0, 0, 0, 0, 0, 0, 0, 0, 0, 0, 0, 0, 0, 0, 0, 0, 0, 1, 0, 1, 0, 0, 0, 0]"
917,L2_arctic_WAV/MBMPS_arctic_a0030,"[56, 67, 64, 58, 54, 60, 22, 24, 55, 63, 52, 68]","[56, 67, 64, 58, 54, 60, 58, 24, 55, 58, 52, 68]","[1, 1, 1, 1, 1, 1, 0, 1, 1, 0, 1, 1]","[0, 0, 0, 0, 0, 0, 1, 0, 0, 1, 0, 0]"
918,L2_arctic_WAV/MBMPS_arctic_a0031,"[63, 60, 36, 7, 22, 50, 49, 67, 8, 55, 58, 50, 8, 58, 29, 17, 50, 58, 70, 8, 48, 17, 50, 3]","[63, 60, 36, 7, 22, 66, 49, 67, 17, 55, 58, 50, 8, 58, 29, 17, 50, 58, 46, 8, 48, 17, 50, 58]","[1, 1, 1, 1, 1, 0, 1, 1, 0, 1, 1, 1, 1, 1, 1, 1, 1, 1, 0, 1, 1, 1, 1, 0]","[0, 0, 0, 0, 0, 1, 0, 0, 1, 0, 0, 0, 0, 0, 0, 0, 0, 0, 1, 0, 0, 0, 0, 1]"
919,L2_arctic_WAV/MBMPS_arctic_a0032,"[46, 24, 55, 46, 63, 52, 55, 46, 8, 68, 68, 24, 46, 3, 24, 50, 49, 8, 46, 54, 40, 50, 46, 67, 64, 70, 37, 24, 55, 54, 56, 3, 24, 10, 8, 46, 64, 3, 52, 39, 7, 49, 46, 3, 52, 48]","[46, 24, 55, 46, 63, 52, 55, 36, 8, 55, 68, 49, 46, 3, 24, 50, 49, 8, 46, 54, 40, 50, 46, 67, 64, 70, 37, 24, 55, 54, 56, 25, 24, 10, 17, 46, 64, 3, 52, 39, 7, 49, 46, 3, 52, 48]","[1, 1, 1, 1, 1, 1, 1, 0, 1, 0, 1, 0, 1, 1, 1, 1, 1, 1, 1, 1, 1, 1, 1, 1, 1, 1, 1, 1, 1, 1, 1, 0, 1, 1, 0, 1, 1, 1, 1, 1, 1, 1, 1, 1, 1, 1]","[0, 0, 0, 0, 0, 0, 0, 1, 0, 1, 0, 1, 0, 0, 0, 0, 0, 0, 0, 0, 0, 0, 0, 0, 0, 0, 0, 0, 0, 0, 0, 1, 0, 0, 1, 0, 0, 0, 0, 0, 0, 0, 0, 0, 0, 0]"
920,L2_arctic_WAV/MBMPS_arctic_a0036,"[9, 49, 3, 7, 55, 58, 24, 55, 64, 3, 63, 49, 67, 14, 3, 52, 30]","[9, 49, 3, 7, 55, 58, 49, 55, 64, 3, 58, 49, 67, 14, 3, 52, 30]","[1, 1, 1, 1, 1, 1, 0, 1, 1, 1, 0, 1, 1, 1, 1, 1, 1]","[0, 0, 0, 0, 0, 0, 1, 0, 0, 0, 1, 0, 0, 0, 0, 0, 0]"
921,L2_arctic_WAV/MBMPS_arctic_a0037,"[56, 36, 8, 70, 63, 49, 14, 55, 30, 49, 36, 8, 55, 67, 6, 50, 49, 68, 60, 55, 58, 46, 24, 3, 24, 10]","[56, 36, 8, 46, 22, 49, 14, 55, 30, 49, 36, 8, 55, 67, 6, 50, 49, 68, 60, 55, 58, 46, 49, 3, 24, 10]","[1, 1, 1, 0, 0, 1, 1, 1, 1, 1, 1, 1, 1, 1, 1, 1, 1, 1, 1, 1, 1, 1, 0, 1, 1, 1]","[0, 0, 0, 1, 1, 0, 0, 0, 0, 0, 0, 0, 0, 0, 0, 0, 0, 0, 0, 0, 0, 0, 1, 0, 0, 0]"
922,L2_arctic_WAV/MBMPS_arctic_a0038,"[36, 24, 30, 67, 64, 39, 3, 8, 36, 17, 35, 17, 50, 35, 64, 55, 46, 24, 70]","[36, 24, 30, 67, 64, 39, 3, 8, 36, 17, 35, 17, 50, 35, 17, 55, 46, 24, 46]","[1, 1, 1, 1, 1, 1, 1, 1, 1, 1, 1, 1, 1, 1, 0, 1, 1, 1, 0]","[0, 0, 0, 0, 0, 0, 0, 0, 0, 0, 0, 0, 0, 0, 1, 0, 0, 0, 1]"
923,L2_arctic_WAV/MBMPS_arctic_a0039,"[63, 49, 9, 24, 48, 9, 31, 58, 37, 49, 24, 55, 36, 24, 22, 24, 55, 8, 36, 49, 28, 40, 50, 3, 52, 55, 58, 60, 70]","[63, 49, 9, 49, 48, 9, 31, 58, 37, 49, 24, 55, 36, 24, 63, 49, 55, 17, 36, 49, 28, 40, 50, 3, 52, 55, 58, 60, 46]","[1, 1, 1, 0, 1, 1, 1, 1, 1, 1, 1, 1, 1, 1, 0, 0, 1, 0, 1, 1, 1, 1, 1, 1, 1, 1, 1, 1, 0]","[0, 0, 0, 1, 0, 0, 0, 0, 0, 0, 0, 0, 0, 0, 1, 1, 0, 1, 0, 0, 0, 0, 0, 0, 0, 0, 0, 0, 1]"
924,L2_arctic_WAV/MBMPS_arctic_a0040,"[56, 46, 8, 48, 14, 70, 29, 6, 36, 8, 55, 58, 7, 36, 56, 9, 49, 24, 70, 28, 8, 68, 24, 10, 8, 48, 67, 49, 50]","[56, 46, 6, 48, 14, 46, 29, 6, 36, 8, 55, 58, 7, 36, 56, 9, 49, 49, 46, 28, 17, 68, 24, 10, 17, 48, 67, 49, 50]","[1, 1, 0, 1, 1, 0, 1, 1, 1, 1, 1, 1, 1, 1, 1, 1, 1, 0, 0, 1, 0, 1, 1, 1, 0, 1, 1, 1, 1]","[0, 0, 1, 0, 0, 1, 0, 0, 0, 0, 0, 0, 0, 0, 0, 0, 0, 1, 1, 0, 1, 0, 0, 0, 1, 0, 0, 0, 0]"
925,L2_arctic_WAV/MBMPS_arctic_a0041,"[68, 49, 55, 36, 56, 30, 56, 30, 59, 14, 15, 3, 3, 6, 37, 50, 49, 63, 8, 46, 48, 52, 30]","[68, 49, 55, 36, 56, 30, 17, 30, 59, 14, 15, 3, 3, 6, 37, 50, 49, 63, 64, 55, 46, 48, 52, 30]","[1, 1, 1, 1, 1, 1, 0, 1, 1, 1, 1, 1, 1, 1, 1, 1, 1, 1, 0, 1, 1, 1, 1]","[0, 0, 0, 0, 0, 0, 1, 0, 0, 0, 0, 0, 0, 0, 0, 0, 0, 0, 1, 0, 0, 0, 0]"
926,L2_arctic_WAV/MBMPS_arctic_a0042,"[67, 15, 28, 31, 58, 67, 49, 24, 28, 46, 48, 30, 60, 55, 67, 24, 70, 48, 8, 70, 52, 9, 8, 55, 8, 39, 63, 49, 46, 28, 52, 35]","[62, 15, 28, 31, 58, 67, 49, 24, 28, 46, 48, 30, 60, 55, 67, 49, 46, 48, 14, 46, 52, 9, 8, 55, 8, 39, 58, 49, 46, 28, 52, 35]","[0, 1, 1, 1, 1, 1, 1, 1, 1, 1, 1, 1, 1, 1, 1, 0, 0, 1, 0, 0, 1, 1, 1, 1, 1, 1, 0, 1, 1, 1, 1, 1]","[1, 0, 0, 0, 0, 0, 0, 0, 0, 0, 0, 0, 0, 0, 0, 1, 1, 0, 1, 1, 0, 0, 0, 0, 0, 0, 1, 0, 0, 0, 0, 0]"
927,L2_arctic_WAV/MBMPS_arctic_a0045,"[67, 49, 68, 6, 39, 58, 8, 36, 60, 64, 70, 28, 36, 56, 8, 3, 30, 49, 64, 70, 67, 49, 67, 64, 58, 28, 8, 68]","[67, 49, 68, 6, 39, 58, 8, 36, 60, 64, 70, 28, 36, 49, 28, 30, 49, 64, 70, 67, 49, 67, 64, 58, 28, 17, 68]","[1, 1, 1, 1, 1, 1, 1, 1, 1, 1, 1, 1, 1, 0, 0, 0, 1, 1, 1, 1, 1, 1, 1, 1, 1, 1, 0, 1]","[0, 0, 0, 0, 0, 0, 0, 0, 0, 0, 0, 0, 0, 1, 1, 1, 0, 0, 0, 0, 0, 0, 0, 0, 0, 0, 1, 0]"
928,L2_arctic_WAV/MBMPS_arctic_a0046,"[63, 49, 59, 7, 30, 54, 60, 46, 3, 67, 24, 68, 67, 7, 56, 70, 9, 56, 55, 24, 10, 36, 24, 22, 46, 8, 58, 8, 55, 54, 24, 50]","[58, 49, 59, 7, 30, 54, 60, 46, 67, 49, 68, 67, 7, 56, 70, 9, 56, 55, 24, 55, 36, 24, 58, 46, 8, 58, 8, 30, 54, 24, 50]","[0, 1, 1, 1, 1, 1, 1, 1, 0, 1, 0, 1, 1, 1, 1, 1, 1, 1, 1, 1, 0, 1, 1, 0, 1, 1, 1, 1, 0, 1, 1, 1]","[1, 0, 0, 0, 0, 0, 0, 0, 1, 0, 1, 0, 0, 0, 0, 0, 0, 0, 0, 0, 1, 0, 0, 1, 0, 0, 0, 0, 1, 0, 0, 0]"
929,L2_arctic_WAV/MBMPS_arctic_a0047,"[28, 30, 14, 46, 37, 49, 46, 56, 58, 67, 24, 68, 59, 30, 49, 68, 58, 63, 49, 36, 56, 3, 54, 64, 10, 70, 8, 39, 63, 8, 36, 31, 30, 54, 58, 40, 59]","[28, 30, 14, 46, 37, 49, 46, 56, 58, 67, 49, 68, 59, 30, 49, 68, 58, 63, 49, 36, 56, 58, 54, 64, 10, 46, 8, 39, 63, 8, 36, 8, 30, 54, 58, 40]","[1, 1, 1, 1, 1, 1, 1, 1, 1, 1, 0, 1, 1, 1, 1, 1, 1, 1, 1, 1, 1, 0, 1, 1, 1, 0, 1, 1, 1, 1, 1, 0, 1, 1, 1, 1, 0]","[0, 0, 0, 0, 0, 0, 0, 0, 0, 0, 1, 0, 0, 0, 0, 0, 0, 0, 0, 0, 0, 1, 0, 0, 0, 1, 0, 0, 0, 0, 0, 1, 0, 0, 0, 0, 1]"
930,L2_arctic_WAV/MBMPS_arctic_a0048,"[67, 49, 30, 31, 28, 3, 64, 3, 63, 49, 67, 64, 10, 28, 7, 35, 24, 54, 68, 40, 50, 28, 30, 14, 46, 30, 49]","[67, 49, 30, 6, 28, 3, 64, 3, 58, 49, 62, 64, 55, 28, 7, 35, 49, 54, 68, 40, 50, 28, 30, 14, 70, 30, 49]","[1, 1, 1, 0, 1, 1, 1, 1, 0, 1, 0, 1, 0, 1, 1, 1, 0, 1, 1, 1, 1, 1, 1, 1, 0, 1, 1]","[0, 0, 0, 1, 0, 0, 0, 0, 1, 0, 1, 0, 1, 0, 0, 0, 1, 0, 0, 0, 0, 0, 0, 0, 1, 0, 0]"
931,L2_arctic_WAV/MBMPS_arctic_a0051,"[63, 49, 30, 60, 46, 36, 8, 70, 8, 39, 8, 58, 52, 30, 8, 28, 8, 3, 56, 39, 7, 49, 28, 8, 30, 7, 54, 60, 55, 3, 30, 49, 3, 24, 55, 3, 24, 58, 36, 24, 22, 29, 52, 30, 14]","[63, 49, 30, 60, 46, 36, 8, 46, 8, 39, 8, 58, 52, 30, 8, 28, 8, 58, 56, 39, 7, 49, 28, 40, 30, 7, 54, 60, 55, 3, 30, 49, 3, 56, 55, 58, 36, 24, 58, 29, 52, 30, 14]","[1, 1, 1, 1, 1, 1, 1, 0, 1, 1, 1, 1, 1, 1, 1, 1, 1, 0, 1, 1, 1, 1, 1, 0, 1, 1, 1, 1, 1, 1, 1, 1, 1, 0, 1, 0, 0, 1, 1, 1, 0, 1, 1, 1, 1]","[0, 0, 0, 0, 0, 0, 0, 1, 0, 0, 0, 0, 0, 0, 0, 0, 0, 1, 0, 0, 0, 0, 0, 1, 0, 0, 0, 0, 0, 0, 0, 0, 0, 1, 0, 1, 1, 0, 0, 0, 1, 0, 0, 0, 0]"
932,L2_arctic_WAV/MBMPS_arctic_a0052,"[24, 3, 36, 8, 70, 8, 28, 29, 31, 50, 49, 8, 46, 28, 14, 24, 55, 46, 24, 58, 8, 55, 46]","[24, 25, 36, 8, 46, 8, 28, 29, 31, 50, 46, 28, 14, 24, 55, 46, 24, 58, 8, 55, 46]","[1, 0, 1, 1, 0, 1, 1, 1, 1, 1, 0, 0, 1, 1, 1, 1, 1, 1, 1, 1, 1, 1, 1]","[0, 1, 0, 0, 1, 0, 0, 0, 0, 0, 1, 1, 0, 0, 0, 0, 0, 0, 0, 0, 0, 0, 0]"
933,L2_arctic_WAV/MBMPS_arctic_a0053,"[46, 8, 58, 8, 55, 30, 49, 67, 24, 70, 54, 24, 10, 59, 7, 70, 28, 30, 14, 70, 58, 3, 56, 3, 30, 49, 14, 39, 7, 63, 49, 67, 64, 10, 28, 7, 35, 49, 54]","[46, 8, 58, 8, 55, 30, 49, 67, 24, 46, 54, 24, 10, 59, 7, 70, 28, 30, 14, 46, 3, 56, 58, 30, 49, 14, 39, 7, 63, 49, 62, 64, 55, 58, 28, 7, 35, 49, 54]","[1, 1, 1, 1, 1, 1, 1, 1, 1, 0, 1, 1, 1, 1, 1, 1, 1, 1, 1, 0, 0, 1, 1, 0, 1, 1, 1, 1, 1, 1, 1, 0, 1, 0, 1, 1, 1, 1, 1]","[0, 0, 0, 0, 0, 0, 0, 0, 0, 1, 0, 0, 0, 0, 0, 0, 0, 0, 0, 1, 1, 0, 0, 1, 0, 0, 0, 0, 0, 0, 0, 1, 0, 1, 0, 0, 0, 0, 0]"
934,L2_arctic_WAV/MBMPS_arctic_a0054,"[63, 52, 50, 36, 8, 70, 55, 8, 22, 24, 10, 17, 55, 63, 8, 50, 17, 28]","[63, 52, 50, 36, 8, 46, 55, 8, 22, 24, 10, 17, 55, 63, 8, 50, 17, 28]","[1, 1, 1, 1, 1, 0, 1, 1, 1, 1, 1, 1, 1, 1, 1, 1, 1, 1]","[0, 0, 0, 0, 0, 1, 0, 0, 0, 0, 0, 0, 0, 0, 0, 0, 0, 0]"
935,L2_arctic_WAV/MBMPS_arctic_a0058,"[56, 28, 60, 68, 54, 40, 50, 24, 55, 54, 7, 68, 60, 9, 8, 55, 68, 40, 50, 15, 3, 8, 39, 28, 29, 31, 50, 49, 17, 46, 8, 3, 49, 63, 64, 55, 52, 55, 49, 22, 24, 10, 52, 30, 46]","[56, 28, 60, 68, 54, 50, 50, 24, 55, 54, 7, 68, 60, 9, 8, 55, 68, 40, 50, 15, 3, 8, 39, 28, 31, 50, 49, 17, 46, 8, 3, 49, 63, 64, 55, 52, 55, 49, 22, 24, 10, 52, 30, 46]","[1, 1, 1, 1, 1, 0, 1, 1, 1, 1, 1, 1, 1, 1, 1, 1, 1, 1, 1, 1, 1, 1, 1, 1, 0, 1, 1, 1, 1, 1, 1, 1, 1, 1, 1, 1, 1, 1, 1, 1, 1, 1, 1, 1, 1]","[0, 0, 0, 0, 0, 1, 0, 0, 0, 0, 0, 0, 0, 0, 0, 0, 0, 0, 0, 0, 0, 0, 0, 0, 1, 0, 0, 0, 0, 0, 0, 0, 0, 0, 0, 0, 0, 0, 0, 0, 0, 0, 0, 0, 0]"
936,L2_arctic_WAV/MBMPS_arctic_a0059,"[67, 24, 70, 24, 68, 64, 28, 29, 6, 30, 24, 3, 8, 48, 24, 50, 8, 55, 46, 36, 8, 70, 59, 40, 55]","[67, 24, 46, 24, 55, 68, 64, 28, 29, 6, 30, 24, 3, 17, 48, 24, 50, 8, 55, 46, 36, 8, 46, 59, 40, 55]","[1, 1, 0, 1, 1, 1, 1, 1, 1, 1, 1, 1, 0, 1, 1, 1, 1, 1, 1, 1, 1, 0, 1, 1, 1]","[0, 0, 1, 0, 0, 0, 0, 0, 0, 0, 0, 0, 1, 0, 0, 0, 0, 0, 0, 0, 0, 1, 0, 0, 0]"
937,L2_arctic_WAV/MBMPS_arctic_a0060,"[52, 55, 49, 36, 60, 55, 14, 36, 8, 55, 46, 40, 67, 7, 30, 56, 28, 63, 64, 3]","[52, 55, 49, 36, 60, 55, 14, 36, 8, 55, 46, 14, 62, 7, 30, 56, 28, 63, 64, 3]","[1, 1, 1, 1, 1, 1, 1, 1, 1, 1, 1, 0, 0, 1, 1, 1, 1, 1, 1, 1]","[0, 0, 0, 0, 0, 0, 0, 0, 0, 0, 0, 1, 1, 0, 0, 0, 0, 0, 0, 0]"
938,L2_arctic_WAV/MBMPS_arctic_a0062,"[63, 49, 68, 52, 55, 46, 3, 52, 50, 58, 24, 55, 3, 6, 49, 35, 8, 63, 7, 70, 54, 60, 46]","[63, 49, 68, 52, 55, 46, 3, 52, 50, 58, 49, 55, 3, 6, 49, 35, 8, 63, 7, 70, 54, 60, 46]","[1, 1, 1, 1, 1, 1, 1, 1, 1, 1, 0, 1, 1, 1, 1, 1, 1, 1, 1, 1, 1, 1, 1]","[0, 0, 0, 0, 0, 0, 0, 0, 0, 0, 1, 0, 0, 0, 0, 0, 0, 0, 0, 0, 0, 0, 0]"
939,L2_arctic_WAV/MBMPS_arctic_a0063,"[29, 52, 46, 24, 3, 36, 8, 70, 8, 68, 64, 55, 67, 6, 64, 46, 3, 8, 46, 3, 50, 60, 55, 69, 7]","[29, 52, 46, 24, 58, 36, 8, 46, 8, 68, 52, 55, 67, 6, 64, 46, 8, 46, 3, 50, 60, 55, 69, 7]","[1, 1, 1, 1, 0, 1, 1, 0, 1, 1, 0, 1, 1, 1, 1, 1, 0, 1, 1, 1, 1, 1, 1, 1, 1]","[0, 0, 0, 0, 1, 0, 0, 1, 0, 0, 1, 0, 0, 0, 0, 0, 1, 0, 0, 0, 0, 0, 0, 0, 0]"
940,L2_arctic_WAV/MBMPS_arctic_a0064,"[63, 8, 54, 40, 50, 22, 8, 55, 58, 54, 24, 54, 22, 58, 60, 70, 48, 64, 46, 3, 36, 24, 63, 15, 3, 52, 55, 49, 58, 24, 39, 52, 30, 8, 48, 68, 8, 55, 3, 46]","[63, 8, 54, 40, 50, 58, 8, 55, 58, 54, 49, 54, 22, 58, 60, 46, 48, 64, 46, 3, 36, 24, 58, 15, 3, 52, 55, 49, 58, 24, 39, 52, 30, 8, 48, 68, 8, 55, 3, 46]","[1, 1, 1, 1, 1, 0, 1, 1, 1, 1, 0, 1, 1, 1, 1, 0, 1, 1, 1, 1, 1, 1, 0, 1, 1, 1, 1, 1, 1, 1, 1, 1, 1, 1, 1, 1, 1, 1, 1, 1]","[0, 0, 0, 0, 0, 1, 0, 0, 0, 0, 1, 0, 0, 0, 0, 1, 0, 0, 0, 0, 0, 0, 1, 0, 0, 0, 0, 0, 0, 0, 0, 0, 0, 0, 0, 0, 0, 0, 0, 0]"
941,L2_arctic_WAV/MBMPS_arctic_a0065,"[63, 60, 28, 30, 14, 70, 58, 55, 15, 8, 55, 3, 24, 30, 67, 24, 70, 54, 24, 10, 59, 7, 70, 36, 7, 30, 56, 28, 28, 40, 50, 58, 70, 8, 39, 46, 3, 49, 30]","[58, 60, 28, 30, 14, 46, 55, 15, 8, 55, 3, 8, 30, 67, 24, 46, 54, 24, 10, 59, 7, 70, 36, 7, 30, 56, 28, 28, 40, 50, 58, 70, 8, 39, 46, 3, 49, 30]","[0, 1, 1, 1, 1, 0, 0, 1, 1, 1, 1, 1, 0, 1, 1, 1, 0, 1, 1, 1, 1, 1, 1, 1, 1, 1, 1, 1, 1, 1, 1, 1, 1, 1, 1, 1, 1, 1, 1]","[1, 0, 0, 0, 0, 1, 1, 0, 0, 0, 0, 0, 1, 0, 0, 0, 1, 0, 0, 0, 0, 0, 0, 0, 0, 0, 0, 0, 0, 0, 0, 0, 0, 0, 0, 0, 0, 0, 0]"
942,L2_arctic_WAV/MBMPS_arctic_a0067,"[9, 31, 50, 30, 49, 56, 36, 24, 30, 24, 28, 46, 28, 29, 6, 46, 29, 6, 9, 49, 28, 50, 56, 58]","[9, 31, 66, 30, 49, 56, 36, 24, 30, 24, 28, 46, 28, 29, 6, 46, 29, 6, 9, 49, 28, 50, 56, 58]","[1, 1, 0, 1, 1, 1, 1, 1, 1, 1, 1, 1, 1, 1, 1, 1, 1, 1, 1, 1, 1, 1, 1, 1]","[0, 0, 1, 0, 0, 0, 0, 0, 0, 0, 0, 0, 0, 0, 0, 0, 0, 0, 0, 0, 0, 0, 0, 0]"
943,L2_arctic_WAV/MBMPS_arctic_a0071,"[67, 36, 8, 3, 36, 8, 70, 63, 49, 17, 37, 69, 52, 28, 3, 8, 39, 29, 31, 50, 30, 24, 3, 8, 30, 46, 52, 55, 46, 60, 9, 8, 55]","[67, 36, 8, 25, 36, 8, 46, 63, 49, 17, 37, 69, 52, 28, 3, 8, 39, 29, 31, 50, 30, 49, 3, 8, 30, 46, 52, 55, 46, 60, 9, 8, 55]","[1, 1, 1, 0, 1, 1, 0, 1, 1, 1, 1, 1, 1, 1, 1, 1, 1, 1, 1, 1, 1, 0, 1, 1, 1, 1, 1, 1, 1, 1, 1, 1, 1]","[0, 0, 0, 1, 0, 0, 1, 0, 0, 0, 0, 0, 0, 0, 0, 0, 0, 0, 0, 0, 0, 1, 0, 0, 0, 0, 0, 0, 0, 0, 0, 0, 0]"
944,L2_arctic_WAV/MBMPS_arctic_a0073,"[63, 8, 48, 50, 8, 68, 14, 3, 7, 70, 56, 70, 36, 7, 67, 52, 39, 49, 36, 24, 22, 30, 24, 3, 8, 30, 48, 8, 54, 49, 37, 64, 59, 70, 8, 55, 58, 7, 63, 52, 68]","[63, 8, 48, 50, 8, 68, 14, 3, 7, 46, 56, 70, 36, 7, 67, 60, 39, 49, 36, 24, 22, 30, 49, 3, 8, 30, 48, 31, 54, 49, 37, 64, 28, 46, 8, 55, 58, 7, 63, 52, 68]","[1, 1, 1, 1, 1, 1, 1, 1, 1, 0, 1, 1, 1, 1, 1, 0, 1, 1, 1, 1, 1, 1, 0, 1, 1, 1, 1, 0, 1, 1, 1, 1, 0, 0, 1, 1, 1, 1, 1, 1, 1]","[0, 0, 0, 0, 0, 0, 0, 0, 0, 1, 0, 0, 0, 0, 0, 1, 0, 0, 0, 0, 0, 0, 1, 0, 0, 0, 0, 1, 0, 0, 0, 0, 1, 1, 0, 0, 0, 0, 0, 0, 0]"
945,L2_arctic_WAV/MBMPS_arctic_a0075,"[63, 52, 50, 67, 64, 70, 37, 24, 55, 8, 35, 60, 55, 69, 9, 49, 24, 55, 3, 7, 8, 48, 3, 24, 58, 67, 24, 68]","[63, 52, 50, 67, 64, 70, 37, 24, 55, 8, 35, 60, 55, 69, 9, 49, 49, 55, 3, 7, 8, 48, 3, 24, 58, 67, 49, 68]","[1, 1, 1, 1, 1, 1, 1, 1, 1, 1, 1, 1, 1, 1, 1, 1, 0, 1, 1, 1, 1, 1, 1, 1, 1, 1, 0, 1]","[0, 0, 0, 0, 0, 0, 0, 0, 0, 0, 0, 0, 0, 0, 0, 0, 1, 0, 0, 0, 0, 0, 0, 0, 0, 0, 1, 0]"
946,L2_arctic_WAV/MBMPS_arctic_a0076,"[63, 49, 59, 50, 60, 56, 70, 54, 17, 30, 3, 7, 58, 63, 8, 54, 30, 8, 9, 58, 49, 48, 8, 55, 58]","[58, 60, 59, 50, 60, 56, 46, 54, 17, 30, 3, 7, 24, 58, 58, 8, 54, 30, 8, 26, 58, 49, 48, 8, 55, 52, 58]","[0, 0, 1, 1, 1, 1, 0, 1, 1, 1, 1, 1, 1, 0, 1, 1, 1, 1, 0, 1, 1, 1, 1, 1, 1]","[1, 1, 0, 0, 0, 0, 1, 0, 0, 0, 0, 0, 0, 1, 0, 0, 0, 0, 1, 0, 0, 0, 0, 0, 0]"
947,L2_arctic_WAV/MBMPS_arctic_a0077,"[24, 3, 24, 70, 63, 8, 54, 56, 50, 48, 17, 50, 3, 30, 49, 9, 49, 46, 52, 58]","[49, 3, 49, 70, 63, 8, 54, 56, 50, 48, 17, 50, 58, 30, 49, 9, 49, 46, 52, 58]","[0, 1, 0, 1, 1, 1, 1, 1, 1, 1, 1, 1, 0, 1, 1, 1, 1, 1, 1, 1]","[1, 0, 1, 0, 0, 0, 0, 0, 0, 0, 0, 0, 1, 0, 0, 0, 0, 0, 0, 0]"
948,L2_arctic_WAV/MBMPS_arctic_a0078,"[63, 52, 55, 8, 55, 58, 64, 3, 46, 8, 48, 7, 67, 49, 3, 50, 56, 58, 3, 6, 54, 64, 63, 8, 68, 67, 7]","[58, 52, 55, 8, 55, 64, 3, 46, 17, 48, 7, 67, 49, 3, 50, 56, 58, 3, 6, 54, 64, 63, 8, 68, 67, 7]","[0, 1, 1, 1, 1, 0, 1, 1, 1, 0, 1, 1, 1, 1, 1, 1, 1, 1, 1, 1, 1, 1, 1, 1, 1, 1, 1]","[1, 0, 0, 0, 0, 1, 0, 0, 0, 1, 0, 0, 0, 0, 0, 0, 0, 0, 0, 0, 0, 0, 0, 0, 0, 0, 0]"
949,L2_arctic_WAV/MBMPS_arctic_a0079,"[24, 3, 36, 8, 70, 8, 30, 17, 50, 69, 28, 8, 55, 6]","[24, 58, 36, 8, 70, 8, 30, 17, 50, 69, 28, 8, 55, 6]","[1, 0, 1, 1, 1, 1, 1, 1, 1, 1, 1, 1, 1, 1]","[0, 1, 0, 0, 0, 0, 0, 0, 0, 0, 0, 0, 0, 0]"
950,L2_arctic_WAV/MBMPS_arctic_a0081,"[67, 36, 8, 3, 24, 54, 9, 49, 58, 24, 58, 55, 17, 3, 28, 8, 68, 3, 8, 63, 8, 50, 17, 28]","[67, 36, 8, 3, 24, 54, 9, 49, 58, 49, 58, 55, 17, 58, 28, 14, 68, 3, 8, 63, 8, 50, 17, 28]","[1, 1, 1, 1, 1, 1, 1, 1, 1, 0, 1, 1, 1, 0, 1, 0, 1, 1, 1, 1, 1, 1, 1, 1]","[0, 0, 0, 0, 0, 0, 0, 0, 0, 1, 0, 0, 0, 1, 0, 1, 0, 0, 0, 0, 0, 0, 0, 0]"
951,L2_arctic_WAV/MBMPS_arctic_a0082,"[67, 24, 70, 54, 60, 46, 36, 8, 70, 46, 3, 50, 49, 68, 24, 10, 36, 24, 22, 37, 30, 8, 58]","[67, 24, 70, 54, 60, 46, 36, 8, 70, 46, 3, 50, 49, 68, 24, 10, 36, 24, 58, 37, 30, 40, 58]","[1, 1, 1, 1, 1, 1, 1, 1, 1, 1, 1, 1, 1, 1, 1, 1, 1, 1, 0, 1, 1, 0, 1]","[0, 0, 0, 0, 0, 0, 0, 0, 0, 0, 0, 0, 0, 0, 0, 0, 0, 0, 1, 0, 0, 1, 0]"
952,L2_arctic_WAV/MBMPS_arctic_a0085,"[8, 3, 50, 24, 28, 8, 30, 8, 39, 54, 50, 52, 9, 37, 30, 8, 58, 50, 64, 55, 14, 39, 7, 67, 24, 70, 54, 60, 46]","[17, 3, 50, 24, 28, 8, 30, 8, 39, 54, 50, 52, 9, 37, 30, 40, 58, 50, 64, 55, 14, 39, 7, 67, 24, 46, 54, 60, 46]","[0, 1, 1, 1, 1, 1, 1, 1, 1, 1, 1, 1, 1, 1, 1, 0, 1, 1, 1, 1, 1, 1, 1, 1, 1, 0, 1, 1, 1]","[1, 0, 0, 0, 0, 0, 0, 0, 0, 0, 0, 0, 0, 0, 0, 1, 0, 0, 0, 0, 0, 0, 0, 0, 0, 1, 0, 0, 0]"
953,L2_arctic_WAV/MBMPS_arctic_a0086,"[58, 52, 22, 67, 64, 58, 28, 8, 68, 36, 24, 22, 3, 52, 50, 8, 37, 8, 30, 46, 8, 58, 8, 55, 55, 8, 46]","[58, 52, 58, 67, 64, 58, 28, 17, 68, 36, 24, 22, 3, 52, 50, 8, 37, 8, 30, 46, 17, 58, 8, 55, 55, 8, 46]","[1, 1, 0, 1, 1, 1, 1, 0, 1, 1, 1, 1, 1, 1, 1, 1, 1, 1, 1, 1, 0, 1, 1, 1, 1, 1, 1]","[0, 0, 1, 0, 0, 0, 0, 1, 0, 0, 0, 0, 0, 0, 0, 0, 0, 0, 0, 0, 1, 0, 0, 0, 0, 0, 0]"
954,L2_arctic_WAV/MBMPS_arctic_a0088,"[67, 49, 68, 60, 58, 9, 31, 50, 63, 64, 3, 63, 49, 68, 64, 59, 8, 70, 49, 55, 36, 40, 70, 30, 14, 58, 8, 58, 64, 55, 58, 50, 49, 70, 6, 68, 58, 67, 24, 70, 48, 64, 58, 8, 30, 24, 10]","[67, 49, 68, 60, 3, 9, 31, 50, 63, 64, 3, 63, 49, 68, 64, 59, 8, 46, 49, 55, 36, 40, 46, 30, 14, 58, 8, 58, 64, 55, 58, 50, 49, 46, 6, 68, 58, 67, 49, 46, 48, 64, 58, 8, 30, 24, 10]","[1, 1, 1, 1, 0, 1, 1, 1, 1, 1, 1, 1, 1, 1, 1, 1, 1, 0, 1, 1, 1, 1, 0, 1, 1, 1, 1, 1, 1, 1, 1, 1, 1, 0, 1, 1, 1, 1, 0, 0, 1, 1, 1, 1, 1, 1, 1]","[0, 0, 0, 0, 1, 0, 0, 0, 0, 0, 0, 0, 0, 0, 0, 0, 0, 1, 0, 0, 0, 0, 1, 0, 0, 0, 0, 0, 0, 0, 0, 0, 0, 1, 0, 0, 0, 0, 1, 1, 0, 0, 0, 0, 0, 0, 0]"
955,L2_arctic_WAV/MBMPS_arctic_a0089,"[63, 8, 55, 56, 3, 59, 30, 14, 36, 8, 70, 3, 50, 52, 35, 7, 8, 46, 3, 8, 9, 6, 3, 37, 56]","[63, 8, 55, 56, 3, 59, 30, 14, 36, 8, 46, 3, 50, 52, 35, 7, 46, 3, 8, 9, 6, 58, 37, 56]","[1, 1, 1, 1, 1, 1, 1, 1, 1, 1, 0, 1, 1, 1, 1, 1, 0, 1, 1, 1, 1, 1, 0, 1, 1]","[0, 0, 0, 0, 0, 0, 0, 0, 0, 0, 1, 0, 0, 0, 0, 0, 1, 0, 0, 0, 0, 0, 1, 0, 0]"
956,L2_arctic_WAV/MBMPS_arctic_a0090,"[63, 8, 46, 24, 10, 24, 10, 39, 57, 46, 8, 48, 50, 14, 35, 3, 50, 64, 48, 8, 58, 30, 49]","[63, 8, 46, 24, 10, 24, 10, 39, 57, 46, 8, 48, 50, 14, 35, 3, 50, 64, 48, 8, 58, 30, 49]","[1, 1, 1, 1, 1, 1, 1, 1, 1, 1, 1, 1, 1, 1, 1, 1, 1, 1, 1, 1, 1, 1, 1]","[0, 0, 0, 0, 0, 0, 0, 0, 0, 0, 0, 0, 0, 0, 0, 0, 0, 0, 0, 0, 0, 0, 0]"
957,L2_arctic_WAV/MBMPS_arctic_a0091,"[67, 24, 70, 37, 30, 8, 58, 59, 50, 6, 67, 17, 3, 36, 24, 22, 50, 60, 69, 64, 3, 63, 8, 22, 40, 3]","[67, 24, 70, 37, 30, 40, 58, 59, 50, 6, 67, 17, 3, 36, 24, 58, 50, 60, 35, 64, 3, 63, 24, 22, 40, 3]","[1, 1, 1, 1, 1, 0, 1, 1, 1, 1, 1, 1, 1, 1, 1, 0, 1, 1, 0, 1, 1, 1, 0, 1, 1, 1]","[0, 0, 0, 0, 0, 1, 0, 0, 0, 0, 0, 0, 0, 0, 0, 1, 0, 0, 1, 0, 0, 0, 1, 0, 0, 0]"
958,L2_arctic_WAV/MBMPS_arctic_a0092,"[67, 49, 36, 52, 55, 3, 58, 15, 55, 24, 55, 68, 24, 58, 46, 3, 50, 49, 68, 46, 7, 35, 24, 10, 63, 8, 9, 64, 58, 14, 70, 8, 39, 37, 14, 22, 9, 40, 50, 70]","[67, 49, 36, 52, 55, 58, 15, 55, 49, 55, 68, 24, 55, 46, 3, 50, 49, 68, 46, 7, 35, 24, 55, 63, 8, 9, 64, 58, 14, 46, 8, 39, 37, 14, 63, 9, 40, 50, 46]","[1, 1, 1, 1, 1, 0, 1, 1, 1, 0, 1, 1, 1, 0, 1, 1, 1, 1, 1, 1, 1, 1, 1, 0, 1, 1, 1, 1, 1, 1, 0, 1, 1, 1, 1, 0, 1, 1, 1, 0]","[0, 0, 0, 0, 0, 1, 0, 0, 0, 1, 0, 0, 0, 1, 0, 0, 0, 0, 0, 0, 0, 0, 0, 1, 0, 0, 0, 0, 0, 0, 1, 0, 0, 0, 0, 1, 0, 0, 0, 1]"
959,L2_arctic_WAV/MBMPS_arctic_a0093,"[54, 50, 7, 8, 54, 31, 30, 68, 24, 55, 8, 3, 67, 49, 28, 50, 15, 35, 3, 8, 55, 58, 30, 24, 46, 8, 55, 58]","[54, 50, 7, 8, 54, 31, 30, 68, 24, 55, 8, 3, 67, 49, 28, 50, 14, 35, 3, 8, 55, 58, 30, 24, 46, 8, 55, 58]","[1, 1, 1, 1, 1, 1, 1, 1, 1, 1, 1, 1, 1, 1, 1, 1, 0, 1, 1, 1, 1, 1, 1, 1, 1, 1, 1, 1]","[0, 0, 0, 0, 0, 0, 0, 0, 0, 0, 0, 0, 0, 0, 0, 0, 1, 0, 0, 0, 0, 0, 0, 0, 0, 0, 0, 0]"
960,L2_arctic_WAV/MBMPS_arctic_a0094,"[67, 49, 67, 64, 58, 37, 52, 50, 30, 49, 52, 55, 3, 7, 58, 63, 24, 46, 36, 52, 55, 67, 49, 46, 40, 63, 8, 59, 30, 14, 8, 39, 8, 54, 56, 50]","[67, 49, 67, 64, 58, 37, 52, 50, 30, 49, 52, 55, 3, 7, 24, 58, 24, 46, 36, 52, 55, 67, 49, 46, 14, 63, 8, 59, 30, 14, 8, 54, 8, 54, 56, 50]","[1, 1, 1, 1, 1, 1, 1, 1, 1, 1, 1, 1, 1, 1, 1, 0, 1, 1, 1, 1, 1, 1, 1, 1, 0, 1, 1, 1, 1, 1, 1, 0, 1, 1, 1, 1]","[0, 0, 0, 0, 0, 0, 0, 0, 0, 0, 0, 0, 0, 0, 1, 1, 0, 0, 0, 0, 0, 0, 0, 0, 1, 0, 0, 0, 0, 0, 0, 1, 0, 0, 0, 0]"
961,L2_arctic_WAV/MBMPS_arctic_a0095,"[8, 37, 24, 59, 28, 64, 55, 39, 8, 46, 3, 52, 55, 3, 36, 40, 70, 63, 8, 54, 7, 46, 3, 22, 24, 10, 3, 8, 28, 8, 68, 36, 24, 22, 24, 55, 67, 24, 70, 39, 24, 26, 8, 55]","[17, 37, 24, 59, 28, 64, 55, 39, 8, 46, 3, 52, 55, 3, 36, 40, 46, 58, 8, 54, 7, 46, 3, 22, 24, 10, 3, 8, 28, 14, 68, 36, 24, 58, 49, 55, 67, 24, 70, 39, 24, 9, 8, 55]","[0, 1, 1, 1, 1, 1, 1, 1, 1, 1, 1, 1, 1, 1, 1, 1, 0, 0, 1, 1, 1, 1, 1, 1, 1, 1, 1, 1, 1, 0, 1, 1, 1, 0, 0, 1, 1, 1, 1, 1, 1, 0, 1, 1]","[1, 0, 0, 0, 0, 0, 0, 0, 0, 0, 0, 0, 0, 0, 0, 0, 1, 1, 0, 0, 0, 0, 0, 0, 0, 0, 0, 0, 0, 1, 0, 0, 0, 1, 1, 0, 0, 0, 0, 0, 0, 1, 0, 0]"
962,L2_arctic_WAV/MBMPS_arctic_a0096,"[48, 7, 67, 64, 48, 46, 9, 49, 67, 64, 58, 40, 30, 50, 52, 58, 49, 68, 52, 3, 67, 7, 54, 60, 3, 8, 30, 24, 3, 8, 30, 58, 49, 48, 7, 24, 55, 63, 8, 54, 40, 50, 8, 46, 3]","[48, 7, 67, 64, 48, 46, 9, 49, 67, 64, 58, 40, 50, 52, 58, 49, 68, 52, 58, 67, 7, 54, 60, 3, 8, 30, 49, 3, 8, 30, 58, 49, 48, 7, 24, 55, 63, 8, 54, 40, 50, 8, 46, 3]","[1, 1, 1, 1, 1, 1, 1, 1, 1, 1, 1, 1, 0, 1, 1, 1, 1, 1, 1, 0, 1, 1, 1, 1, 1, 1, 1, 0, 1, 1, 1, 1, 1, 1, 1, 1, 1, 1, 1, 1, 1, 1, 1, 1, 1]","[0, 0, 0, 0, 0, 0, 0, 0, 0, 0, 0, 0, 1, 0, 0, 0, 0, 0, 0, 1, 0, 0, 0, 0, 0, 0, 0, 1, 0, 0, 0, 0, 0, 0, 0, 0, 0, 0, 0, 0, 0, 0, 0, 0, 0]"
963,L2_arctic_WAV/MBMPS_arctic_a0098,"[9, 64, 30, 56, 28, 52, 50, 49, 29, 6]","[9, 8, 30, 56, 28, 17, 50, 49, 29, 6]","[1, 0, 1, 1, 1, 0, 1, 1, 1, 1]","[0, 1, 0, 0, 0, 1, 0, 0, 0, 0]"
964,L2_arctic_WAV/MBMPS_arctic_a0099,"[8, 68, 64, 58, 8, 55, 24, 10, 69, 57, 48, 15, 55, 58, 24, 58, 24, 55, 67, 24, 70, 37, 50, 60, 55]","[17, 68, 64, 58, 8, 55, 24, 10, 69, 57, 48, 15, 55, 58, 24, 58, 24, 55, 67, 49, 46, 37, 50, 60, 55]","[0, 1, 1, 1, 1, 1, 1, 1, 1, 1, 1, 1, 1, 1, 1, 1, 1, 1, 1, 0, 0, 1, 1, 1, 1]","[1, 0, 0, 0, 0, 0, 0, 0, 0, 0, 0, 0, 0, 0, 0, 0, 0, 0, 0, 1, 1, 0, 0, 0, 0]"
965,L2_arctic_WAV/MBMPS_arctic_a0100,"[29, 6, 68, 8, 46, 3, 46, 30, 49, 48, 67, 49, 7, 69, 58]","[29, 6, 68, 8, 46, 3, 8, 46, 30, 49, 48, 67, 49, 7, 69, 58]","[1, 1, 1, 1, 1, 1, 1, 1, 1, 1, 1, 1, 1, 1, 1]","[0, 0, 0, 0, 0, 0, 0, 0, 0, 0, 0, 0, 0, 0, 0]"
966,L2_arctic_WAV/MBMPS_arctic_a0101,"[29, 6, 36, 31, 58, 55, 17, 3, 28, 49, 48, 63, 8, 3, 50, 6, 22, 54, 50, 8, 68, 68, 49]","[29, 6, 36, 31, 58, 55, 17, 3, 28, 49, 48, 63, 8, 3, 50, 6, 58, 54, 50, 8, 68, 68, 49]","[1, 1, 1, 1, 1, 1, 1, 1, 1, 1, 1, 1, 1, 1, 1, 1, 0, 1, 1, 1, 1, 1, 1]","[0, 0, 0, 0, 0, 0, 0, 0, 0, 0, 0, 0, 0, 0, 0, 0, 1, 0, 0, 0, 0, 0, 0]"
967,L2_arctic_WAV/MBMPS_arctic_a0102,"[67, 49, 36, 24, 30, 54, 17, 30, 14, 8, 46, 46, 6, 55]","[67, 49, 36, 24, 30, 54, 17, 30, 14, 8, 46, 46, 6, 55]","[1, 1, 1, 1, 1, 1, 1, 1, 1, 1, 1, 1, 1, 1]","[0, 0, 0, 0, 0, 0, 0, 0, 0, 0, 0, 0, 0, 0]"
968,L2_arctic_WAV/MBMPS_arctic_a0103,"[37, 8, 3, 63, 52, 50, 28, 60, 68, 55, 14, 48, 50, 17, 68, 8, 46, 54, 50, 8, 68, 63, 8, 37, 15, 8, 39, 63, 49, 28, 8, 55, 6]","[37, 17, 3, 63, 52, 50, 28, 60, 68, 55, 14, 48, 50, 17, 68, 8, 46, 54, 50, 8, 68, 58, 8, 37, 15, 8, 54, 63, 49, 28, 64, 55, 6]","[1, 0, 1, 1, 1, 1, 1, 1, 1, 1, 1, 1, 1, 1, 1, 1, 1, 1, 1, 1, 1, 0, 1, 1, 1, 1, 0, 1, 1, 1, 0, 1, 1]","[0, 1, 0, 0, 0, 0, 0, 0, 0, 0, 0, 0, 0, 0, 0, 0, 0, 0, 0, 0, 0, 1, 0, 0, 0, 0, 1, 0, 0, 0, 1, 0, 0]"
969,L2_arctic_WAV/MBMPS_arctic_a0104,"[9, 49, 36, 8, 70, 46, 30, 49, 48, 24, 10, 8, 55, 58, 7, 67, 24, 70, 48, 50, 8, 3, 52, 28, 9, 8, 55, 64, 70, 46, 36, 49, 3, 30, 49, 64, 70, 8, 35, 56, 30, 58]","[9, 24, 36, 8, 70, 46, 30, 49, 48, 24, 55, 17, 55, 58, 7, 67, 24, 46, 48, 50, 8, 3, 52, 28, 9, 8, 55, 64, 70, 46, 36, 49, 3, 30, 49, 64, 46, 8, 35, 56, 30, 58]","[1, 0, 1, 1, 1, 1, 1, 1, 1, 1, 0, 0, 1, 1, 1, 1, 1, 0, 1, 1, 1, 1, 1, 1, 1, 1, 1, 1, 1, 1, 1, 1, 1, 1, 1, 1, 0, 1, 1, 1, 1, 1]","[0, 1, 0, 0, 0, 0, 0, 0, 0, 0, 1, 1, 0, 0, 0, 0, 0, 1, 0, 0, 0, 0, 0, 0, 0, 0, 0, 0, 0, 0, 0, 0, 0, 0, 0, 0, 1, 0, 0, 0, 0, 0]"
970,L2_arctic_WAV/MBMPS_arctic_a0105,"[14, 55, 30, 49, 24, 3, 24, 70, 46, 14, 36, 8, 55, 58, 7, 54, 8, 30, 46, 14, 40, 30, 68, 14, 46, 3, 24, 68, 48, 17, 46, 8, 37, 8, 30, 3, 6, 37, 24, 30, 49, 39]","[14, 55, 30, 49, 49, 3, 49, 70, 46, 14, 36, 8, 55, 58, 7, 54, 8, 30, 46, 14, 40, 30, 68, 14, 46, 3, 24, 68, 48, 17, 46, 8, 37, 8, 30, 3, 6, 37, 24, 30, 49, 39]","[1, 1, 1, 1, 0, 1, 0, 1, 1, 1, 1, 1, 1, 1, 1, 1, 1, 1, 1, 1, 1, 1, 1, 1, 1, 1, 1, 1, 1, 1, 1, 1, 1, 1, 1, 1, 1, 1, 1, 1, 1, 1]","[0, 0, 0, 0, 1, 0, 1, 0, 0, 0, 0, 0, 0, 0, 0, 0, 0, 0, 0, 0, 0, 0, 0, 0, 0, 0, 0, 0, 0, 0, 0, 0, 0, 0, 0, 0, 0, 0, 0, 0, 0, 0]"
971,L2_arctic_WAV/MBMPS_arctic_a0106,"[63, 49, 24, 68, 14, 9, 8, 55, 36, 24, 35, 9, 49, 67, 64, 58, 46, 8, 48, 50, 52, 46, 3, 37, 7, 46, 3, 54, 40, 50, 22, 55, 15, 24, 55, 8, 35, 14, 28, 24, 10, 46, 17, 37]","[58, 49, 24, 68, 14, 9, 8, 55, 36, 24, 35, 9, 49, 67, 64, 58, 46, 6, 48, 50, 52, 46, 3, 37, 7, 46, 3, 54, 40, 50, 55, 15, 49, 55, 8, 35, 14, 28, 24, 10, 46, 17, 37]","[0, 1, 1, 1, 1, 1, 1, 1, 1, 1, 1, 1, 1, 1, 1, 1, 1, 0, 1, 1, 1, 1, 1, 1, 1, 1, 1, 1, 1, 1, 0, 1, 1, 0, 1, 1, 1, 1, 1, 1, 1, 1, 1, 1]","[1, 0, 0, 0, 0, 0, 0, 0, 0, 0, 0, 0, 0, 0, 0, 0, 0, 1, 0, 0, 0, 0, 0, 0, 0, 0, 0, 0, 0, 0, 1, 0, 0, 1, 0, 0, 0, 0, 0, 0, 0, 0, 0, 0]"
972,L2_arctic_WAV/MBMPS_arctic_a0107,"[24, 54, 29, 6, 14, 55, 30, 49, 28, 31, 58, 55, 14, 67, 15, 56, 22, 64, 10, 28, 29, 6]","[24, 54, 29, 6, 14, 55, 30, 49, 28, 31, 58, 55, 55, 14, 62, 15, 56, 22, 64, 10, 28, 29, 6]","[1, 1, 1, 1, 1, 1, 1, 1, 1, 1, 1, 1, 1, 0, 1, 1, 1, 1, 1, 1, 1, 1]","[0, 0, 0, 0, 0, 0, 0, 0, 0, 0, 0, 0, 0, 1, 0, 0, 0, 0, 0, 0, 0, 0]"
973,L2_arctic_WAV/MBMPS_arctic_a0108,"[67, 49, 36, 60, 58, 24, 58, 24, 55, 3, 6, 63, 49, 52, 69, 8, 39, 63, 8, 36, 40, 3, 7, 64, 55, 58, 37, 49, 59, 64, 55, 46, 28, 50, 8, 37, 24, 10, 67, 24, 68, 46, 52, 30, 54]","[67, 49, 36, 60, 58, 24, 58, 49, 55, 3, 6, 63, 49, 52, 35, 8, 39, 63, 8, 36, 40, 3, 7, 64, 55, 58, 37, 49, 59, 17, 55, 46, 28, 50, 17, 37, 24, 10, 67, 24, 68, 46, 52, 30, 54]","[1, 1, 1, 1, 1, 1, 1, 0, 1, 1, 1, 1, 1, 1, 0, 1, 1, 1, 1, 1, 1, 1, 1, 1, 1, 1, 1, 1, 1, 0, 1, 1, 1, 1, 0, 1, 1, 1, 1, 1, 1, 1, 1, 1, 1]","[0, 0, 0, 0, 0, 0, 0, 1, 0, 0, 0, 0, 0, 0, 1, 0, 0, 0, 0, 0, 0, 0, 0, 0, 0, 0, 0, 0, 0, 1, 0, 0, 0, 0, 1, 0, 0, 0, 0, 0, 0, 0, 0, 0, 0]"
974,L2_arctic_WAV/MBMPS_arctic_a0109,"[58, 6, 29, 6, 55, 14, 63, 64, 3, 29, 6, 17, 50, 9, 60, 28, 24, 10, 68, 56, 28, 17, 55, 54, 8, 58, 8, 55, 46, 24, 55, 29, 6]","[58, 6, 29, 6, 55, 14, 58, 64, 3, 29, 6, 17, 50, 9, 60, 28, 24, 55, 68, 56, 28, 17, 55, 54, 8, 58, 8, 55, 46, 24, 55, 29, 6]","[1, 1, 1, 1, 1, 1, 0, 1, 1, 1, 1, 1, 1, 1, 1, 1, 1, 0, 1, 1, 1, 1, 1, 1, 1, 1, 1, 1, 1, 1, 1, 1, 1]","[0, 0, 0, 0, 0, 0, 1, 0, 0, 0, 0, 0, 0, 0, 0, 0, 0, 1, 0, 0, 0, 0, 0, 0, 0, 0, 0, 0, 0, 0, 0, 0, 0]"
975,L2_arctic_WAV/MBMPS_arctic_a0111,"[24, 55, 46, 3, 52, 58, 67, 49, 69, 57, 55, 58, 67, 7, 8, 55, 58, 63, 60, 60, 3, 30, 56, 28, 3, 6, 67, 8, 10, 59, 50, 49, 35, 24, 30, 58, 50, 8, 55]","[24, 55, 46, 3, 52, 58, 67, 49, 69, 57, 55, 67, 7, 8, 55, 58, 63, 60, 60, 3, 30, 56, 28, 3, 6, 67, 17, 10, 59, 50, 49, 35, 24, 30, 58, 50, 8, 55]","[1, 1, 1, 1, 1, 1, 1, 1, 1, 1, 1, 0, 1, 1, 1, 1, 1, 1, 1, 1, 1, 1, 1, 1, 1, 1, 1, 0, 1, 1, 1, 1, 1, 1, 1, 1, 1, 1, 1]","[0, 0, 0, 0, 0, 0, 0, 0, 0, 0, 0, 1, 0, 0, 0, 0, 0, 0, 0, 0, 0, 0, 0, 0, 0, 0, 0, 1, 0, 0, 0, 0, 0, 0, 0, 0, 0, 0, 0]"
976,L2_arctic_WAV/MBMPS_arctic_a0112,"[67, 49, 36, 8, 70, 36, 6, 55, 58, 24, 58, 24, 55, 63, 49, 17, 50, 68]","[67, 49, 36, 8, 70, 36, 6, 55, 58, 24, 58, 24, 55, 58, 49, 17, 50, 68]","[1, 1, 1, 1, 1, 1, 1, 1, 1, 1, 1, 1, 1, 0, 1, 1, 1, 1]","[0, 0, 0, 0, 0, 0, 0, 0, 0, 0, 0, 0, 0, 1, 0, 0, 0, 0]"
977,L2_arctic_WAV/MBMPS_arctic_a0113,"[56, 46, 8, 48, 14, 70, 29, 6, 48, 24, 28, 3, 63, 64, 3, 30, 24, 10, 59, 14, 8, 48, 8, 68, 8, 10, 63, 49, 24, 55, 58, 49, 8, 55, 70]","[56, 46, 6, 48, 14, 46, 29, 6, 48, 49, 28, 63, 64, 3, 30, 24, 10, 59, 14, 17, 48, 17, 68, 14, 10, 58, 49, 24, 55, 58, 49, 8, 55, 70]","[1, 1, 0, 1, 1, 0, 1, 1, 1, 0, 1, 0, 1, 1, 1, 1, 1, 1, 1, 1, 0, 1, 0, 1, 0, 1, 0, 1, 1, 1, 1, 1, 1, 1, 1]","[0, 0, 1, 0, 0, 1, 0, 0, 0, 1, 0, 1, 0, 0, 0, 0, 0, 0, 0, 0, 1, 0, 1, 0, 1, 0, 1, 0, 0, 0, 0, 0, 0, 0, 0]"
978,L2_arctic_WAV/MBMPS_arctic_a0115,"[67, 49, 67, 64, 58, 55, 14, 24, 28, 46, 28, 29, 6, 46, 54, 40, 50, 63, 49, 54, 49, 30, 24, 10, 70, 67, 36, 24, 35, 36, 7, 7, 15, 70, 58, 24, 55, 67, 24, 68]","[62, 49, 62, 64, 58, 55, 14, 24, 28, 46, 28, 29, 6, 70, 54, 40, 50, 63, 49, 54, 49, 30, 24, 10, 46, 67, 36, 24, 35, 36, 7, 7, 15, 46, 58, 24, 55, 67, 49, 68]","[0, 1, 0, 1, 1, 1, 1, 1, 1, 1, 1, 1, 1, 0, 1, 1, 1, 1, 1, 1, 1, 1, 1, 1, 0, 1, 1, 1, 1, 1, 1, 1, 1, 0, 1, 1, 1, 1, 0, 1]","[1, 0, 1, 0, 0, 0, 0, 0, 0, 0, 0, 0, 0, 1, 0, 0, 0, 0, 0, 0, 0, 0, 0, 0, 1, 0, 0, 0, 0, 0, 0, 0, 0, 1, 0, 0, 0, 0, 1, 0]"
979,L2_arctic_WAV/MBMPS_arctic_a0116,"[36, 8, 70, 24, 3, 63, 8, 50, 17, 55, 58, 24, 39, 6, 8, 39, 63, 14, 70, 67, 6, 36, 7, 46, 3, 50, 56, 39, 24, 10, 3, 8, 36, 7, 28, 67, 24, 70, 50, 6, 8, 55]","[36, 8, 46, 24, 3, 58, 8, 50, 17, 55, 58, 24, 39, 6, 8, 39, 58, 14, 70, 67, 6, 36, 52, 50, 46, 3, 50, 56, 39, 24, 10, 3, 8, 36, 7, 28, 67, 24, 46, 50, 6, 55]","[1, 1, 0, 1, 1, 0, 1, 1, 1, 1, 1, 1, 1, 1, 1, 1, 0, 1, 1, 1, 1, 1, 0, 1, 1, 1, 1, 1, 1, 1, 1, 1, 1, 1, 1, 1, 1, 0, 1, 1, 0, 1]","[0, 0, 1, 0, 0, 1, 0, 0, 0, 0, 0, 0, 0, 0, 0, 0, 1, 0, 0, 0, 0, 0, 1, 0, 0, 0, 0, 0, 0, 0, 0, 0, 0, 0, 0, 0, 0, 1, 0, 0, 1, 0]"
980,L2_arctic_WAV/MBMPS_arctic_a0117,"[9, 49, 64, 58, 24, 58, 36, 24, 63, 69, 52, 55, 29, 8, 36, 8, 55, 46, 24, 68, 48, 8, 22, 49, 24, 55, 67, 7, 54, 60, 46, 64, 55, 58, 39, 57, 46]","[9, 49, 64, 58, 24, 58, 36, 24, 58, 69, 24, 55, 29, 8, 55, 46, 49, 68, 48, 8, 22, 49, 24, 55, 67, 7, 54, 60, 46, 64, 55, 58, 39, 57, 46]","[1, 1, 1, 1, 1, 1, 1, 1, 0, 1, 0, 1, 1, 0, 0, 1, 1, 1, 0, 1, 1, 1, 1, 1, 1, 1, 1, 1, 1, 1, 1, 1, 1, 1, 1, 1, 1]","[0, 0, 0, 0, 0, 0, 0, 0, 1, 0, 1, 0, 0, 1, 1, 0, 0, 0, 1, 0, 0, 0, 0, 0, 0, 0, 0, 0, 0, 0, 0, 0, 0, 0, 0, 0, 0]"
981,L2_arctic_WAV/MBMPS_arctic_a0120,"[68, 56, 50, 56, 3, 54, 31, 3, 54, 49, 30, 70, 30, 56, 28, 63, 64, 3, 8, 39, 8, 35, 56, 55, 49, 70, 58, 52, 37, 29, 8, 3, 17, 55, 3]","[68, 56, 50, 56, 58, 54, 31, 58, 54, 49, 30, 70, 30, 56, 28, 63, 64, 58, 8, 39, 8, 35, 56, 55, 49, 46, 58, 52, 37, 29, 8, 3, 52, 55, 3]","[1, 1, 1, 1, 0, 1, 1, 0, 1, 1, 1, 1, 1, 1, 1, 1, 1, 0, 1, 1, 1, 1, 1, 1, 1, 0, 1, 1, 1, 1, 1, 1, 0, 1, 1]","[0, 0, 0, 0, 1, 0, 0, 1, 0, 0, 0, 0, 0, 0, 0, 0, 0, 1, 0, 0, 0, 0, 0, 0, 0, 1, 0, 0, 0, 0, 0, 0, 1, 0, 0]"
982,L2_arctic_WAV/MBMPS_arctic_a0121,"[63, 60, 60, 3, 58, 24, 55, 7, 64, 3, 63, 8, 54, 24, 54, 22, 64, 55, 58, 50, 52, 46, 3, 8, 58, 54, 40, 50, 3, 6, 15, 7, 70]","[63, 60, 60, 58, 58, 49, 55, 7, 64, 3, 58, 8, 54, 24, 54, 3, 64, 55, 58, 50, 52, 46, 3, 8, 58, 54, 40, 50, 3, 6, 15, 7, 70]","[1, 1, 1, 0, 1, 0, 1, 1, 1, 1, 0, 1, 1, 1, 1, 0, 1, 1, 1, 1, 1, 1, 1, 1, 1, 1, 1, 1, 1, 1, 1, 1, 1]","[0, 0, 0, 1, 0, 1, 0, 0, 0, 0, 1, 0, 0, 0, 0, 1, 0, 0, 0, 0, 0, 0, 0, 0, 0, 0, 0, 0, 0, 0, 0, 0, 0]"
983,L2_arctic_WAV/MBMPS_arctic_a0122,"[3, 6, 29, 24, 50, 70, 8, 59, 14, 56, 59, 60, 39, 8, 48, 46, 24, 39, 8, 30, 56, 70, 60, 9, 8, 55, 54, 50, 7, 63, 24, 46]","[3, 6, 29, 24, 50, 46, 8, 59, 14, 56, 59, 60, 39, 17, 48, 46, 24, 39, 8, 30, 24, 46, 60, 9, 8, 55, 54, 50, 7, 58, 24, 46]","[1, 1, 1, 1, 1, 0, 1, 1, 1, 1, 1, 1, 1, 0, 1, 1, 1, 1, 1, 1, 0, 0, 1, 1, 1, 1, 1, 1, 1, 0, 1, 1]","[0, 0, 0, 0, 0, 1, 0, 0, 0, 0, 0, 0, 0, 1, 0, 0, 0, 0, 0, 0, 1, 1, 0, 0, 0, 0, 0, 0, 0, 1, 0, 0]"
984,L2_arctic_WAV/MBMPS_arctic_a0123,"[9, 49, 67, 64, 58, 58, 56, 58, 54, 50, 8, 68, 28, 14, 30, 58, 8, 55, 58, 46, 3, 17, 50, 39, 60, 9, 8, 55]","[9, 49, 67, 64, 58, 58, 56, 58, 54, 50, 8, 68, 28, 14, 30, 58, 8, 55, 58, 46, 3, 17, 50, 39, 60, 9, 8, 55]","[1, 1, 1, 1, 1, 1, 1, 1, 1, 1, 1, 1, 1, 1, 1, 1, 1, 1, 1, 1, 1, 1, 1, 1, 1, 1, 1, 1]","[0, 0, 0, 0, 0, 0, 0, 0, 0, 0, 0, 0, 0, 0, 0, 0, 0, 0, 0, 0, 0, 0, 0, 0, 0, 0, 0, 0]"
985,L2_arctic_WAV/MBMPS_arctic_a0125,"[67, 49, 36, 8, 70, 58, 24, 3, 7, 68, 8, 55, 58, 55, 15, 3, 6, 68, 60, 55, 3, 60, 55, 8, 68, 40, 50, 46, 7, 3, 8, 55, 67, 14, 30, 58, 8, 48, 17, 55, 67, 24, 68, 46, 52, 30, 54]","[67, 49, 36, 8, 46, 58, 24, 3, 7, 68, 8, 55, 55, 15, 3, 6, 68, 17, 55, 3, 60, 55, 17, 68, 40, 50, 46, 7, 3, 8, 55, 67, 14, 30, 58, 17, 48, 8, 55, 67, 24, 68, 46, 52, 30, 54]","[1, 1, 1, 1, 0, 1, 1, 1, 1, 1, 1, 1, 0, 1, 1, 1, 1, 1, 0, 1, 1, 1, 1, 0, 1, 1, 1, 1, 1, 1, 1, 1, 1, 1, 1, 1, 0, 1, 0, 1, 1, 1, 1, 1, 1, 1, 1]","[0, 0, 0, 0, 1, 0, 0, 0, 0, 0, 0, 0, 1, 0, 0, 0, 0, 0, 1, 0, 0, 0, 0, 1, 0, 0, 0, 0, 0, 0, 0, 0, 0, 0, 0, 0, 1, 0, 1, 0, 0, 0, 0, 0, 0, 0, 0]"
986,L2_arctic_WAV/MBMPS_arctic_a0126,"[49, 35, 58, 60, 9, 49, 37, 49, 28, 60, 68, 8, 68, 40, 50, 39, 56, 3, 8, 30, 48, 17, 50, 3, 8, 39, 67, 24, 68]","[49, 35, 58, 60, 9, 49, 37, 49, 28, 17, 68, 8, 68, 40, 50, 39, 56, 3, 8, 30, 48, 17, 50, 3, 8, 39, 67, 24, 68]","[1, 1, 1, 1, 1, 1, 1, 1, 1, 0, 1, 1, 1, 1, 1, 1, 1, 1, 1, 1, 1, 1, 1, 1, 1, 1, 1, 1, 1]","[0, 0, 0, 0, 0, 0, 0, 0, 0, 1, 0, 0, 0, 0, 0, 0, 0, 0, 0, 0, 0, 0, 0, 0, 0, 0, 0, 0, 0]"
987,L2_arctic_WAV/MBMPS_arctic_a0127,"[24, 3, 36, 8, 70, 8, 3, 52, 68, 3, 60, 9, 8, 55, 37, 8, 3, 67, 49, 50, 49, 70, 24, 46, 3, 24, 58, 24, 3]","[24, 58, 36, 8, 46, 8, 3, 52, 68, 3, 60, 9, 8, 55, 37, 8, 3, 67, 49, 50, 49, 46, 24, 46, 3, 24, 58, 24, 3]","[1, 0, 1, 1, 0, 1, 1, 1, 1, 1, 1, 1, 1, 1, 1, 1, 1, 1, 1, 1, 1, 0, 1, 1, 1, 1, 1, 1, 1]","[0, 1, 0, 0, 1, 0, 0, 0, 0, 0, 0, 0, 0, 0, 0, 0, 0, 0, 0, 0, 0, 1, 0, 0, 0, 0, 0, 0, 0]"
988,L2_arctic_WAV/MBMPS_arctic_a0128,"[63, 24, 46, 67, 36, 8, 55, 67, 14, 48, 36, 17, 70, 58, 24, 46, 3, 50, 57, 58, 64, 70, 28, 36, 24, 28, 30, 49, 64, 70, 24, 3, 36, 40, 70, 37, 40, 50, 55]","[63, 24, 46, 67, 36, 8, 55, 67, 14, 48, 36, 17, 70, 58, 24, 46, 3, 50, 57, 58, 24, 64, 46, 28, 36, 24, 28, 30, 49, 64, 46, 24, 3, 36, 40, 70, 37, 31, 50, 55]","[1, 1, 1, 1, 1, 1, 1, 1, 1, 1, 1, 1, 1, 1, 1, 1, 1, 1, 1, 1, 1, 0, 1, 1, 1, 1, 1, 1, 1, 0, 1, 1, 1, 1, 1, 1, 0, 1, 1]","[0, 0, 0, 0, 0, 0, 0, 0, 0, 0, 0, 0, 0, 0, 0, 0, 0, 0, 0, 0, 0, 1, 0, 0, 0, 0, 0, 0, 0, 1, 0, 0, 0, 0, 0, 0, 1, 0, 0]"
989,L2_arctic_WAV/MBMPS_arctic_a0129,"[67, 7, 54, 60, 46, 36, 8, 70, 8, 59, 60, 55, 46, 3, 67, 24, 70, 37, 50, 52, 46, 3]","[67, 7, 54, 60, 46, 36, 8, 46, 8, 59, 60, 55, 46, 3, 67, 24, 46, 37, 50, 52, 46, 3]","[1, 1, 1, 1, 1, 1, 1, 0, 1, 1, 1, 1, 1, 1, 1, 1, 0, 1, 1, 1, 1, 1]","[0, 0, 0, 0, 0, 0, 0, 1, 0, 0, 0, 0, 0, 0, 0, 0, 1, 0, 0, 0, 0, 0]"
990,L2_arctic_WAV/MBMPS_arctic_a0130,"[9, 49, 36, 8, 70, 67, 24, 70, 55, 15, 54, 7, 52, 39, 7]","[9, 49, 36, 8, 46, 67, 49, 46, 55, 15, 54, 7, 52, 39, 7]","[1, 1, 1, 1, 0, 1, 0, 0, 1, 1, 1, 1, 1, 1, 1]","[0, 0, 0, 0, 1, 0, 1, 1, 0, 0, 0, 0, 0, 0, 0]"
991,L2_arctic_WAV/MBMPS_arctic_a0131,"[48, 50, 17, 39, 8, 58, 8, 55, 46, 67, 64, 58, 58, 24, 30, 24, 39, 7, 58, 67, 24, 68, 22, 50, 6, 63, 8, 68, 60, 30, 46, 3, 50, 8, 68]","[48, 50, 17, 39, 8, 58, 8, 55, 46, 67, 64, 46, 58, 24, 30, 49, 39, 7, 58, 67, 49, 68, 22, 50, 6, 63, 8, 68, 60, 30, 46, 3, 50, 8, 68]","[1, 1, 1, 1, 1, 1, 1, 1, 1, 1, 1, 0, 1, 1, 1, 0, 1, 1, 1, 1, 0, 1, 1, 1, 1, 1, 1, 1, 1, 1, 1, 1, 1, 1, 1]","[0, 0, 0, 0, 0, 0, 0, 0, 0, 0, 0, 1, 0, 0, 0, 1, 0, 0, 0, 0, 1, 0, 0, 0, 0, 0, 0, 0, 0, 0, 0, 0, 0, 0, 0]"
992,L2_arctic_WAV/MBMPS_arctic_a0134,"[67, 49, 14, 37, 60, 58, 63, 8, 48, 50, 52, 9, 7, 8, 39, 67, 7, 67, 64, 55, 58]","[67, 49, 14, 37, 60, 58, 58, 8, 48, 50, 52, 9, 7, 8, 39, 67, 7, 67, 64, 55]","[1, 1, 1, 1, 1, 1, 0, 1, 1, 1, 1, 1, 1, 1, 1, 1, 1, 1, 1, 1, 0]","[0, 0, 0, 0, 0, 0, 1, 0, 0, 0, 0, 0, 0, 0, 0, 0, 0, 0, 0, 0, 1]"
993,L2_arctic_WAV/MBMPS_arctic_a0136,"[8, 37, 15, 3, 67, 24, 68, 52, 39, 50, 49, 36, 52, 50, 36, 7, 63, 49, 52, 39, 8, 58, 8, 55, 46, 8, 70, 8, 39, 30, 8, 59, 26, 7, 49, 8, 55, 58, 8, 39, 60, 69]","[8, 37, 15, 3, 62, 24, 68, 52, 39, 50, 49, 36, 52, 50, 36, 7, 63, 49, 52, 39, 49, 58, 8, 55, 46, 8, 70, 8, 39, 30, 8, 59, 63, 7, 49, 8, 55, 58, 8, 39, 60, 35]","[1, 1, 1, 1, 0, 1, 1, 1, 1, 1, 1, 1, 1, 1, 1, 1, 1, 1, 1, 1, 0, 1, 1, 1, 1, 1, 1, 1, 1, 1, 1, 1, 0, 1, 1, 1, 1, 1, 1, 1, 1, 0]","[0, 0, 0, 0, 1, 0, 0, 0, 0, 0, 0, 0, 0, 0, 0, 0, 0, 0, 0, 0, 1, 0, 0, 0, 0, 0, 0, 0, 0, 0, 0, 0, 1, 0, 0, 0, 0, 0, 0, 0, 0, 1]"
994,L2_arctic_WAV/MBMPS_arctic_a0137,"[63, 52, 55, 67, 49, 46, 3, 52, 48, 3, 37, 64, 28, 36, 24, 63, 8, 30, 14, 28, 50, 56, 8, 39, 48, 30, 52, 26, 7]","[58, 52, 55, 67, 49, 46, 3, 52, 48, 3, 37, 64, 59, 36, 24, 58, 8, 30, 14, 28, 50, 56, 8, 39, 48, 50, 52, 9, 7]","[0, 1, 1, 1, 1, 1, 1, 1, 1, 1, 1, 1, 0, 1, 1, 0, 1, 1, 1, 1, 1, 1, 1, 1, 1, 0, 1, 0, 1]","[1, 0, 0, 0, 0, 0, 0, 0, 0, 0, 0, 0, 1, 0, 0, 1, 0, 0, 0, 0, 0, 0, 0, 0, 0, 1, 0, 1, 0]"
995,L2_arctic_WAV/MBMPS_arctic_a0139,"[67, 49, 3, 14, 30, 58, 67, 24, 68, 46, 52, 30, 54, 63, 64, 3, 64, 70, 67, 49, 36, 17, 9, 3, 67, 24, 68, 46, 52, 30, 54, 8, 55, 58, 59, 50, 6, 68, 58, 67, 24, 70, 58, 24, 9, 52, 39, 8, 30, 58, 28, 30, 14, 63, 70]","[67, 49, 3, 14, 30, 67, 49, 68, 46, 52, 30, 54, 64, 70, 67, 49, 36, 17, 9, 3, 67, 49, 68, 46, 52, 30, 54, 8, 55, 58, 59, 50, 6, 68, 58, 67, 49, 70, 58, 24, 46, 9, 52, 39, 8, 30, 58, 28, 30, 14, 63, 70]","[1, 1, 1, 1, 1, 0, 1, 0, 1, 1, 1, 1, 1, 0, 0, 0, 1, 1, 1, 1, 1, 1, 1, 1, 1, 0, 1, 1, 1, 1, 1, 1, 1, 1, 1, 1, 1, 1, 1, 1, 0, 1, 1, 1, 1, 1, 1, 1, 1, 1, 1, 1, 1, 1, 1]","[0, 0, 0, 0, 0, 1, 0, 1, 0, 0, 0, 0, 0, 1, 1, 1, 0, 0, 0, 0, 0, 0, 0, 0, 0, 1, 0, 0, 0, 0, 0, 0, 0, 0, 0, 0, 0, 0, 0, 0, 1, 0, 0, 0, 0, 0, 0, 0, 0, 0, 0, 0, 0, 0, 0]"
996,L2_arctic_WAV/MBMPS_arctic_a0145,"[56, 67, 64, 39, 3, 8, 37, 49, 28, 52, 50, 54, 8, 30, 8, 39, 63, 52, 68, 64, 70, 63, 60, 3, 24, 50, 39, 52, 50, 49, 49, 70, 8, 30, 49]","[56, 67, 64, 39, 3, 8, 37, 49, 28, 7, 54, 8, 30, 8, 39, 58, 52, 68, 64, 70, 63, 60, 3, 49, 50, 39, 52, 50, 49, 49, 46, 8, 30, 49]","[1, 1, 1, 1, 1, 1, 1, 1, 1, 0, 0, 1, 1, 1, 1, 1, 0, 1, 1, 1, 1, 1, 1, 1, 0, 1, 1, 1, 1, 1, 1, 0, 1, 1, 1]","[0, 0, 0, 0, 0, 0, 0, 0, 0, 1, 1, 0, 0, 0, 0, 0, 1, 0, 0, 0, 0, 0, 0, 0, 1, 0, 0, 0, 0, 0, 0, 1, 0, 0, 0]"
997,L2_arctic_WAV/MBMPS_arctic_a0148,"[55, 15, 63, 49, 70, 22, 24, 10, 70, 67, 64, 58, 37, 24, 55, 46, 3, 50, 8, 28, 58, 52, 58, 36, 24, 63, 24, 55, 67, 24, 68]","[55, 15, 63, 49, 46, 22, 24, 10, 70, 67, 64, 58, 37, 24, 10, 46, 3, 8, 28, 58, 58, 52, 58, 36, 24, 58, 49, 55, 67, 24, 68]","[1, 1, 1, 1, 0, 1, 1, 1, 1, 1, 1, 1, 1, 1, 0, 1, 1, 0, 1, 1, 1, 1, 1, 1, 1, 0, 0, 1, 1, 1, 1]","[0, 0, 0, 0, 1, 0, 0, 0, 0, 0, 0, 0, 0, 0, 1, 0, 0, 1, 0, 0, 0, 0, 0, 0, 0, 1, 1, 0, 0, 0, 0]"
998,L2_arctic_WAV/MBMPS_arctic_a0154,"[67, 49, 36, 8, 70, 46, 68, 6, 63, 9, 60, 39, 8, 55, 64, 55, 58, 67, 24, 70, 67, 52, 50, 64, 55, 58, 56, 70, 36, 7, 37, 30, 64, 28]","[67, 49, 36, 8, 46, 46, 68, 6, 58, 9, 60, 39, 8, 55, 64, 55, 58, 67, 49, 46, 62, 52, 50, 64, 55, 58, 56, 70, 36, 7, 37, 30, 17, 28]","[1, 1, 1, 1, 0, 1, 1, 1, 0, 1, 1, 1, 1, 1, 1, 1, 1, 1, 0, 0, 0, 1, 1, 1, 1, 1, 1, 1, 1, 1, 1, 1, 0, 1]","[0, 0, 0, 0, 1, 0, 0, 0, 1, 0, 0, 0, 0, 0, 0, 0, 0, 0, 1, 1, 1, 0, 0, 0, 0, 0, 0, 0, 0, 0, 0, 0, 1, 0]"
999,L2_arctic_WAV/MBMPS_arctic_a0159,"[63, 60, 30, 31, 28, 64, 70, 63, 14, 67, 49, 67, 64, 58, 37, 24, 55, 58, 50, 8, 68, 24, 10, 8, 48, 49, 64, 55, 14, 40, 30, 67, 24, 70, 30, 56, 54]","[63, 60, 30, 6, 28, 64, 70, 58, 14, 62, 49, 62, 64, 58, 37, 49, 55, 58, 50, 17, 68, 24, 10, 17, 48, 49, 64, 55, 14, 40, 30, 67, 24, 46, 30, 56, 54]","[1, 1, 1, 0, 1, 1, 1, 0, 1, 0, 1, 0, 1, 1, 1, 0, 1, 1, 1, 0, 1, 1, 1, 0, 1, 1, 1, 1, 1, 1, 1, 1, 1, 0, 1, 1, 1]","[0, 0, 0, 1, 0, 0, 0, 1, 0, 1, 0, 1, 0, 0, 0, 1, 0, 0, 0, 1, 0, 0, 0, 1, 0, 0, 0, 0, 0, 0, 0, 0, 0, 1, 0, 0, 0]"
1000,L2_arctic_WAV/MBMPS_arctic_a0170,"[63, 52, 50, 36, 8, 70, 55, 8, 55, 8, 39, 63, 8, 69, 57, 8, 39, 68, 49, 3, 24, 10, 24, 55, 67, 24, 70, 54, 60, 46]","[63, 52, 50, 36, 8, 46, 55, 8, 55, 8, 39, 63, 8, 69, 57, 8, 39, 68, 49, 3, 24, 55, 24, 55, 67, 49, 46, 54, 60, 46]","[1, 1, 1, 1, 1, 0, 1, 1, 1, 1, 1, 1, 1, 1, 1, 1, 1, 1, 1, 1, 1, 0, 1, 1, 1, 0, 0, 1, 1, 1]","[0, 0, 0, 0, 0, 1, 0, 0, 0, 0, 0, 0, 0, 0, 0, 0, 0, 0, 0, 0, 0, 1, 0, 0, 0, 1, 1, 0, 0, 0]"
1001,L2_arctic_WAV/MBMPS_arctic_a0176,"[54, 40, 50, 63, 8, 54, 7, 46, 3, 3, 56, 68, 24, 55, 67, 24, 70, 30, 56, 54, 67, 49, 36, 40, 70, 29, 7, 55, 24, 10, 54, 40, 50, 8, 46, 28, 50, 64, 48]","[54, 40, 50, 63, 8, 54, 7, 46, 3, 3, 56, 68, 24, 55, 67, 24, 46, 30, 56, 54, 67, 49, 36, 40, 46, 29, 7, 55, 24, 10, 54, 40, 50, 17, 46, 28, 50, 17, 48]","[1, 1, 1, 1, 1, 1, 1, 1, 1, 1, 1, 1, 1, 1, 1, 1, 0, 1, 1, 1, 1, 1, 1, 1, 0, 1, 1, 1, 1, 1, 1, 1, 1, 0, 1, 1, 1, 0, 1]","[0, 0, 0, 0, 0, 0, 0, 0, 0, 0, 0, 0, 0, 0, 0, 0, 1, 0, 0, 0, 0, 0, 0, 0, 1, 0, 0, 0, 0, 0, 0, 0, 0, 1, 0, 0, 0, 1, 0]"
1002,L2_arctic_WAV/MBMPS_arctic_a0178,"[52, 39, 50, 49, 37, 14, 55, 24, 55, 67, 7, 60, 69, 58, 37, 17, 58, 49, 46, 49, 68, 58, 37, 50, 14, 28, 8, 55, 40, 50, 58, 24, 46, 30, 14, 28, 60, 3, 24, 58]","[52, 39, 50, 49, 37, 14, 55, 49, 55, 62, 7, 60, 35, 37, 17, 58, 49, 46, 49, 68, 58, 37, 50, 14, 28, 8, 55, 40, 50, 58, 49, 46, 30, 14, 28, 60, 3, 24, 58]","[1, 1, 1, 1, 1, 1, 1, 0, 1, 0, 1, 1, 0, 0, 1, 1, 1, 1, 1, 1, 1, 1, 1, 1, 1, 1, 1, 1, 1, 1, 1, 0, 1, 1, 1, 1, 1, 1, 1, 1]","[0, 0, 0, 0, 0, 0, 0, 1, 0, 1, 0, 0, 1, 1, 0, 0, 0, 0, 0, 0, 0, 0, 0, 0, 0, 0, 0, 0, 0, 0, 0, 1, 0, 0, 0, 0, 0, 0, 0, 0]"
1003,L2_arctic_WAV/MBMPS_arctic_a0185,"[63, 8, 28, 36, 52, 46, 35, 8, 55, 70, 68, 60, 67, 64, 39, 28, 8, 68, 39, 60, 59, 30, 49, 24, 55, 67, 24, 70, 68, 56, 55, 58]","[58, 8, 28, 36, 52, 9, 8, 55, 68, 60, 67, 64, 39, 28, 14, 68, 65, 60, 59, 30, 49, 24, 55, 67, 24, 46, 68, 56, 55, 58]","[0, 1, 1, 1, 1, 0, 0, 1, 1, 0, 1, 1, 1, 1, 1, 1, 0, 1, 0, 1, 1, 1, 1, 1, 1, 1, 1, 0, 1, 1, 1, 1]","[1, 0, 0, 0, 0, 1, 1, 0, 0, 1, 0, 0, 0, 0, 0, 0, 1, 0, 1, 0, 0, 0, 0, 0, 0, 0, 0, 1, 0, 0, 0, 0]"
1004,L2_arctic_WAV/MBMPS_arctic_a0191,"[54, 40, 50, 8, 3, 56, 68, 63, 49, 24, 28, 46, 56, 3, 24, 10, 22, 50, 24, 30, 8, 39, 67, 24, 70, 64, 58, 39, 52, 55, 35, 7, 36, 8, 70, 59, 40, 55]","[54, 40, 50, 8, 3, 56, 55, 63, 49, 24, 28, 46, 56, 3, 24, 10, 22, 66, 49, 30, 8, 39, 67, 49, 46, 64, 58, 39, 52, 55, 35, 7, 36, 8, 70, 59, 40, 55]","[1, 1, 1, 1, 1, 1, 0, 1, 1, 1, 1, 1, 1, 1, 1, 1, 1, 0, 0, 1, 1, 1, 1, 0, 0, 1, 1, 1, 1, 1, 1, 1, 1, 1, 1, 1, 1, 1]","[0, 0, 0, 0, 0, 0, 1, 0, 0, 0, 0, 0, 0, 0, 0, 0, 0, 1, 1, 0, 0, 0, 0, 1, 1, 0, 0, 0, 0, 0, 0, 0, 0, 0, 0, 0, 0, 0]"
1005,L2_arctic_WAV/MBMPS_arctic_a0198,"[46, 8, 68, 3, 56, 68, 70, 67, 7, 58, 50, 49, 68, 70, 36, 7, 54, 24, 30, 58, 36, 24, 63, 39, 24, 26, 8, 55, 70]","[46, 14, 68, 3, 56, 68, 46, 67, 7, 58, 50, 49, 68, 46, 36, 7, 54, 49, 30, 58, 36, 24, 58, 39, 24, 9, 8, 55, 46]","[1, 0, 1, 1, 1, 1, 0, 1, 1, 1, 1, 1, 1, 0, 1, 1, 1, 0, 1, 1, 1, 1, 0, 1, 1, 0, 1, 1, 0]","[0, 1, 0, 0, 0, 0, 1, 0, 0, 0, 0, 0, 0, 1, 0, 0, 0, 1, 0, 0, 0, 0, 1, 0, 0, 1, 0, 0, 1]"
1006,L2_arctic_WAV/MBMPS_arctic_a0210,"[24, 3, 46, 58, 56, 64, 68, 8, 3, 7, 36, 8, 70, 55, 17, 3, 68, 40, 50, 63, 64, 55, 3, 6, 67, 8, 55, 58, 50, 24, 58, 29, 17, 50, 58, 70]","[24, 3, 46, 58, 56, 17, 68, 8, 3, 7, 36, 8, 46, 55, 17, 58, 68, 40, 50, 63, 64, 55, 3, 6, 62, 8, 55, 58, 50, 24, 58, 29, 17, 50, 58, 46]","[1, 1, 1, 1, 1, 0, 1, 1, 1, 1, 1, 1, 0, 1, 1, 0, 1, 1, 1, 1, 1, 1, 1, 1, 0, 1, 1, 1, 1, 1, 1, 1, 1, 1, 1, 0]","[0, 0, 0, 0, 0, 1, 0, 0, 0, 0, 0, 0, 1, 0, 0, 1, 0, 0, 0, 0, 0, 0, 0, 0, 1, 0, 0, 0, 0, 0, 0, 0, 0, 0, 0, 1]"
1007,L2_arctic_WAV/MBMPS_arctic_a0212,"[54, 50, 52, 9, 28, 60, 46, 24, 70, 46, 3, 24, 30, 60, 37, 8, 30, 3, 8, 36, 40, 28, 63, 60, 28, 30, 8, 46, 3, 7, 58, 8, 37, 15, 3, 63, 8, 46, 48, 14, 28, 46, 68, 8, 55]","[54, 50, 52, 9, 28, 60, 46, 24, 46, 36, 24, 30, 60, 37, 8, 30, 3, 8, 36, 40, 28, 58, 60, 28, 30, 8, 46, 3, 7, 58, 17, 37, 15, 58, 58, 8, 46, 48, 14, 28, 68, 8, 55]","[1, 1, 1, 1, 1, 1, 1, 1, 0, 1, 0, 1, 1, 1, 1, 1, 1, 1, 1, 1, 1, 1, 0, 1, 1, 1, 1, 1, 1, 1, 1, 0, 1, 1, 0, 0, 1, 1, 1, 1, 1, 0, 1, 1, 1]","[0, 0, 0, 0, 0, 0, 0, 0, 1, 0, 1, 0, 0, 0, 0, 0, 0, 0, 0, 0, 0, 0, 1, 0, 0, 0, 0, 0, 0, 0, 0, 1, 0, 0, 1, 1, 0, 0, 0, 0, 0, 1, 0, 0, 0]"
1008,L2_arctic_WAV/MBMPS_arctic_a0227,"[24, 3, 36, 8, 70, 63, 8, 46, 60, 68, 36, 60, 36, 24, 63, 15, 50, 50, 24, 39, 17, 30, 39, 7, 70, 8, 55, 58, 50, 56, 54, 8, 30, 70]","[24, 58, 36, 8, 70, 70, 8, 46, 60, 68, 36, 60, 36, 24, 58, 15, 50, 50, 24, 39, 17, 30, 39, 7, 46, 8, 55, 58, 50, 56, 54, 8, 30, 46]","[1, 0, 1, 1, 1, 0, 1, 1, 1, 1, 1, 1, 1, 1, 0, 1, 1, 1, 1, 1, 1, 1, 1, 1, 0, 1, 1, 1, 1, 1, 1, 1, 1, 0]","[0, 1, 0, 0, 0, 1, 0, 0, 0, 0, 0, 0, 0, 0, 1, 0, 0, 0, 0, 0, 0, 0, 0, 0, 1, 0, 0, 0, 0, 0, 0, 0, 0, 1]"
1009,L2_arctic_WAV/MBMPS_arctic_a0233,"[56, 55, 52, 39, 7, 8, 30, 15, 36, 8, 3, 28, 64, 55, 3, 37, 49, 35, 60, 55, 69, 58, 3, 6, 8, 55, 57, 68, 49]","[56, 55, 52, 39, 7, 17, 30, 14, 36, 8, 3, 28, 64, 55, 58, 37, 49, 35, 60, 55, 35, 3, 3, 6, 17, 55, 57, 68, 49]","[1, 1, 1, 1, 1, 0, 1, 0, 1, 1, 1, 1, 1, 1, 0, 1, 1, 1, 1, 1, 0, 0, 1, 1, 0, 1, 1, 1, 1]","[0, 0, 0, 0, 0, 1, 0, 1, 0, 0, 0, 0, 0, 0, 1, 0, 0, 0, 0, 0, 1, 1, 0, 0, 1, 0, 0, 0, 0]"
1010,L2_arctic_WAV/MBMPS_arctic_a0254,"[46, 3, 50, 60, 3, 15, 3, 63, 60, 46, 36, 64, 68, 63, 52, 50, 67, 52, 58, 70, 59, 50, 14, 24, 10, 46, 68, 40, 30, 7, 64, 55, 58, 46, 68, 40, 30, 7]","[46, 3, 50, 60, 3, 15, 3, 58, 8, 46, 36, 17, 68, 63, 52, 50, 67, 64, 55, 46, 59, 50, 14, 24, 55, 46, 68, 40, 30, 7, 64, 55, 58, 46, 68, 40, 30, 7]","[1, 1, 1, 1, 1, 1, 1, 0, 0, 1, 1, 0, 1, 1, 1, 1, 1, 0, 0, 0, 1, 1, 1, 1, 0, 1, 1, 1, 1, 1, 1, 1, 1, 1, 1, 1, 1, 1]","[0, 0, 0, 0, 0, 0, 0, 1, 1, 0, 0, 1, 0, 0, 0, 0, 0, 1, 1, 1, 0, 0, 0, 0, 1, 0, 0, 0, 0, 0, 0, 0, 0, 0, 0, 0, 0, 0]"
1011,L2_arctic_WAV/MBMPS_arctic_a0260,"[55, 14, 37, 17, 58, 49, 55, 29, 6, 67, 24, 70, 67, 24, 46, 3, 7, 49, 63, 60, 8, 39, 63, 8, 67, 31, 55, 3, 8, 30, 49, 46, 3, 8, 39, 40, 30]","[55, 14, 37, 17, 58, 49, 55, 29, 6, 67, 49, 46, 46, 3, 40, 50, 49, 58, 60, 8, 39, 63, 8, 63, 31, 55, 3, 8, 30, 49, 46, 3, 8, 39, 40, 30]","[1, 1, 1, 1, 1, 1, 1, 1, 1, 1, 0, 0, 0, 0, 1, 1, 0, 1, 0, 1, 1, 1, 1, 1, 0, 1, 1, 1, 1, 1, 1, 1, 1, 1, 1, 1, 1]","[0, 0, 0, 0, 0, 0, 0, 0, 0, 0, 1, 1, 1, 1, 0, 0, 1, 0, 1, 0, 0, 0, 0, 0, 1, 0, 0, 0, 0, 0, 0, 0, 0, 0, 0, 0, 0]"
1012,L2_arctic_WAV/MBMPS_arctic_a0265,"[63, 8, 58, 24, 46, 28, 8, 39, 50, 49, 46, 49, 68, 58, 3, 24, 67, 64, 39, 37, 24, 55, 68, 60, 58, 40, 55, 63, 8, 46, 48, 7, 8, 39, 63, 8, 68, 14, 68, 8, 55, 3]","[58, 8, 58, 24, 46, 28, 14, 39, 50, 49, 46, 49, 68, 58, 3, 24, 67, 64, 39, 37, 24, 55, 68, 60, 58, 14, 55, 63, 8, 46, 48, 40, 50, 8, 39, 58, 8, 68, 14, 68, 8, 55, 3]","[0, 1, 1, 1, 1, 1, 0, 1, 1, 1, 1, 1, 1, 1, 1, 1, 1, 1, 1, 1, 1, 1, 1, 1, 1, 0, 1, 1, 1, 1, 1, 0, 1, 1, 0, 1, 1, 1, 1, 1, 1, 1]","[1, 0, 0, 0, 0, 0, 1, 0, 0, 0, 0, 0, 0, 0, 0, 0, 0, 0, 0, 0, 0, 0, 0, 0, 0, 1, 0, 0, 0, 0, 0, 1, 0, 0, 1, 0, 0, 0, 0, 0, 0, 0]"
1013,L2_arctic_WAV/MBMPS_arctic_a0269,"[63, 64, 3, 46, 36, 52, 50, 63, 60, 28, 8, 3, 40, 54, 63, 8, 46, 28, 17, 3, 24, 9, 35, 49, 54, 46, 8, 55, 58, 28, 24, 30, 58, 40, 30, 67, 64, 55, 70]","[63, 64, 3, 46, 36, 7, 58, 60, 28, 8, 3, 17, 54, 58, 8, 46, 28, 17, 3, 24, 9, 35, 49, 39, 46, 8, 55, 58, 28, 49, 30, 58, 40, 30, 67, 64, 55, 46]","[1, 1, 1, 1, 1, 0, 0, 0, 1, 1, 1, 1, 0, 1, 0, 1, 1, 1, 1, 1, 1, 1, 1, 1, 0, 1, 1, 1, 1, 1, 0, 1, 1, 1, 1, 1, 1, 1, 0]","[0, 0, 0, 0, 0, 1, 1, 1, 0, 0, 0, 0, 1, 0, 1, 0, 0, 0, 0, 0, 0, 0, 0, 0, 1, 0, 0, 0, 0, 0, 1, 0, 0, 0, 0, 0, 0, 0, 1]"
1014,L2_arctic_WAV/MBMPS_arctic_a0271,"[55, 15, 48, 30, 49, 70, 59, 24, 39, 8, 48, 30, 60, 55, 46, 3, 60, 3, 68, 8, 55, 3, 8, 39, 36, 8, 3, 8, 28, 7, 58]","[55, 15, 48, 30, 49, 46, 59, 49, 39, 8, 37, 30, 60, 55, 46, 3, 60, 68, 8, 55, 3, 8, 39, 36, 17, 58, 14, 28, 29, 7, 58]","[1, 1, 1, 1, 1, 0, 1, 0, 1, 1, 0, 1, 1, 1, 1, 1, 1, 0, 1, 1, 1, 1, 1, 1, 1, 0, 0, 0, 1, 1, 1]","[0, 0, 0, 0, 0, 1, 0, 1, 0, 0, 1, 0, 0, 0, 0, 0, 0, 1, 0, 0, 0, 0, 0, 0, 0, 1, 1, 1, 0, 0, 0]"
1015,L2_arctic_WAV/MBMPS_arctic_a0295,"[8, 55, 58, 3, 36, 52, 55, 3, 49, 68, 52, 55, 28, 31, 58, 67, 14, 30, 58, 24, 3, 36, 24, 22, 46, 48, 24, 50, 70, 8, 55, 58, 64, 50, 14, 70]","[8, 55, 58, 3, 36, 52, 55, 3, 49, 68, 52, 55, 28, 31, 58, 67, 14, 30, 58, 24, 3, 36, 24, 46, 48, 24, 50, 46, 8, 55, 58, 17, 50, 14, 46]","[1, 1, 1, 1, 1, 1, 1, 1, 1, 1, 1, 1, 1, 1, 1, 1, 1, 1, 1, 1, 1, 1, 1, 0, 1, 1, 1, 1, 0, 1, 1, 1, 0, 1, 1, 0]","[0, 0, 0, 0, 0, 0, 0, 0, 0, 0, 0, 0, 0, 0, 0, 0, 0, 0, 0, 0, 0, 0, 0, 1, 0, 0, 0, 0, 1, 0, 0, 0, 1, 0, 0, 1]"
1016,L2_arctic_WAV/MBMPS_arctic_a0298,"[63, 24, 46, 3, 64, 46, 24, 3, 48, 50, 17, 68, 8, 46, 8, 39, 28, 8, 55, 3, 24, 55, 29, 6, 58, 8, 28, 36, 60, 55, 3, 8, 55, 46, 59, 60, 39, 46, 64, 28, 46, 8, 55, 8, 30, 24, 3, 8, 30, 69, 57, 22, 50, 24, 30]","[58, 49, 46, 3, 64, 46, 24, 3, 48, 50, 17, 68, 8, 46, 8, 39, 28, 8, 55, 3, 24, 55, 29, 6, 58, 8, 28, 36, 60, 3, 8, 55, 46, 49, 59, 60, 39, 46, 64, 28, 46, 8, 55, 8, 30, 24, 3, 8, 30, 69, 57, 22, 66, 24, 30]","[0, 0, 1, 1, 1, 1, 1, 1, 1, 1, 1, 1, 1, 1, 1, 1, 1, 1, 1, 1, 1, 1, 1, 1, 1, 1, 1, 1, 1, 0, 1, 1, 1, 1, 1, 1, 1, 1, 1, 1, 1, 1, 1, 1, 1, 1, 1, 1, 1, 1, 1, 1, 0, 1, 1]","[1, 1, 0, 0, 0, 0, 0, 0, 0, 0, 0, 0, 0, 0, 0, 0, 0, 0, 0, 0, 0, 0, 0, 0, 0, 0, 0, 0, 0, 1, 0, 0, 0, 0, 0, 0, 0, 0, 0, 0, 0, 0, 0, 0, 0, 0, 0, 0, 0, 0, 0, 0, 1, 0, 0]"
1017,L2_arctic_WAV/MBMPS_arctic_a0299,"[56, 3, 52, 30, 29, 6, 56, 60, 52, 68, 58, 24, 46, 59, 8, 46, 3, 8, 58, 36, 24, 63, 63, 24, 46, 8, 58, 39, 52, 55, 35, 7, 3, 17, 68, 54, 6, 30, 7, 49, 8, 55, 58, 50, 17, 3]","[56, 3, 52, 30, 29, 6, 56, 60, 52, 68, 58, 24, 46, 59, 17, 46, 3, 8, 58, 36, 24, 58, 58, 49, 46, 17, 58, 39, 52, 55, 35, 7, 3, 14, 68, 54, 6, 30, 7, 49, 8, 55, 50, 17, 3]","[1, 1, 1, 1, 1, 1, 1, 1, 1, 1, 1, 1, 1, 1, 0, 1, 1, 1, 1, 1, 1, 0, 0, 0, 1, 0, 1, 1, 1, 1, 1, 1, 1, 0, 1, 1, 1, 1, 1, 1, 1, 1, 0, 1, 1, 1]","[0, 0, 0, 0, 0, 0, 0, 0, 0, 0, 0, 0, 0, 0, 1, 0, 0, 0, 0, 0, 0, 1, 1, 1, 0, 1, 0, 0, 0, 0, 0, 0, 0, 1, 0, 0, 0, 0, 0, 0, 0, 0, 1, 0, 0, 0]"
1018,L2_arctic_WAV/MBMPS_arctic_a0300,"[54, 50, 8, 68, 68, 56, 7, 30, 49, 8, 46, 3, 50, 52, 28, 8, 30, 52, 28, 9, 8, 55, 68, 56, 46, 30, 49, 48, 36, 8, 70, 8, 48, 24, 50, 49, 8, 58, 8, 39, 3, 52, 50, 7]","[54, 50, 8, 68, 68, 56, 52, 50, 30, 49, 8, 46, 3, 50, 52, 28, 8, 30, 52, 28, 9, 8, 55, 68, 56, 46, 30, 49, 48, 36, 8, 46, 8, 48, 24, 50, 49, 8, 58, 8, 39, 3, 52, 50, 7]","[1, 1, 1, 1, 1, 1, 0, 1, 1, 1, 1, 1, 1, 1, 1, 1, 1, 1, 1, 1, 1, 1, 1, 1, 1, 1, 1, 1, 1, 1, 0, 1, 1, 1, 1, 1, 1, 1, 1, 1, 1, 1, 1, 1]","[0, 0, 0, 0, 0, 0, 1, 0, 0, 0, 0, 0, 0, 0, 0, 0, 0, 0, 0, 0, 0, 0, 0, 0, 0, 0, 0, 0, 0, 0, 1, 0, 0, 0, 0, 0, 0, 0, 0, 0, 0, 0, 0, 0]"
1019,L2_arctic_WAV/MBMPS_arctic_a0303,"[37, 8, 3, 63, 60, 68, 60, 28, 63, 8, 68, 24, 46, 3, 60, 28, 8, 39, 24, 59, 55, 40, 50, 24, 10, 63, 52, 50, 14, 55, 58, 6, 64, 30, 8, 3, 49]","[37, 8, 3, 58, 60, 68, 60, 28, 8, 68, 24, 46, 3, 60, 28, 8, 39, 24, 59, 55, 40, 50, 24, 55, 58, 52, 50, 14, 55, 58, 6, 17, 30, 8, 3, 49]","[1, 1, 1, 0, 1, 1, 1, 1, 0, 1, 1, 1, 1, 1, 1, 1, 1, 1, 1, 1, 1, 1, 1, 1, 0, 0, 1, 1, 1, 1, 1, 1, 0, 1, 1, 1, 1]","[0, 0, 0, 1, 0, 0, 0, 0, 1, 0, 0, 0, 0, 0, 0, 0, 0, 0, 0, 0, 0, 0, 0, 0, 1, 1, 0, 0, 0, 0, 0, 0, 1, 0, 0, 0, 0]"
1020,L2_arctic_WAV/MBMPS_arctic_a0320,"[36, 24, 63, 68, 56, 46, 3, 50, 52, 10, 22, 56, 46, 30, 64, 68, 58, 24, 3, 54, 31, 30, 24, 55, 3, 8, 50, 52, 58, 56, 70, 54, 60, 46]","[36, 24, 63, 68, 56, 46, 3, 50, 52, 55, 46, 56, 46, 30, 17, 68, 58, 24, 55, 54, 6, 30, 49, 55, 3, 8, 50, 52, 58, 56, 46, 54, 60, 46]","[1, 1, 1, 1, 1, 1, 1, 1, 1, 0, 0, 1, 1, 1, 0, 1, 1, 1, 0, 1, 0, 1, 0, 1, 1, 1, 1, 1, 1, 1, 0, 1, 1, 1]","[0, 0, 0, 0, 0, 0, 0, 0, 0, 1, 1, 0, 0, 0, 1, 0, 0, 0, 1, 0, 1, 0, 1, 0, 0, 0, 0, 0, 0, 0, 1, 0, 0, 0]"
1021,L2_arctic_WAV/MBMPS_arctic_a0363,"[24, 3, 24, 70, 55, 17, 3, 8, 55, 8, 3, 52, 68, 48, 3, 3, 6, 46, 68, 64, 9, 63, 8, 68, 17, 50, 28, 24, 3]","[49, 3, 24, 46, 55, 14, 8, 55, 8, 3, 52, 68, 3, 3, 6, 46, 68, 17, 9, 58, 8, 68, 17, 50, 28, 24, 58]","[0, 1, 1, 0, 1, 0, 0, 1, 1, 1, 1, 1, 1, 0, 1, 1, 1, 1, 1, 0, 1, 0, 1, 1, 1, 1, 1, 1, 0]","[1, 0, 0, 1, 0, 1, 1, 0, 0, 0, 0, 0, 0, 1, 0, 0, 0, 0, 0, 1, 0, 1, 0, 0, 0, 0, 0, 0, 1]"
1022,L2_arctic_WAV/MBMPS_arctic_a0369,"[24, 55, 48, 17, 50, 3, 55, 7, 9, 24, 48, 36, 24, 63, 58, 60, 30, 56, 3, 63, 49, 48, 52, 50, 50, 60, 58, 24, 58, 63, 49, 46, 64, 55, 67, 14, 70, 60, 24, 55, 3, 7, 7, 37, 8, 55]","[24, 55, 48, 17, 50, 55, 7, 9, 24, 48, 36, 24, 58, 58, 60, 30, 56, 3, 58, 49, 48, 52, 50, 50, 60, 58, 24, 58, 63, 49, 46, 64, 62, 14, 46, 60, 49, 55, 3, 7, 7, 37, 8, 55]","[1, 1, 1, 1, 1, 0, 1, 1, 1, 1, 1, 1, 1, 0, 1, 1, 1, 1, 1, 0, 1, 1, 1, 1, 1, 1, 1, 1, 1, 1, 1, 1, 1, 0, 0, 1, 0, 1, 0, 1, 1, 1, 1, 1, 1, 1]","[0, 0, 0, 0, 0, 1, 0, 0, 0, 0, 0, 0, 0, 1, 0, 0, 0, 0, 0, 1, 0, 0, 0, 0, 0, 0, 0, 0, 0, 0, 0, 0, 0, 1, 1, 0, 1, 0, 1, 0, 0, 0, 0, 0, 0, 0]"
1023,L2_arctic_WAV/MBMPS_arctic_a0401,"[63, 8, 68, 64, 55, 46, 68, 56, 30, 58, 59, 50, 24, 68, 30, 49, 8, 55, 58, 37, 50, 40, 3, 8, 67, 64, 35, 8, 3, 8, 55, 58, 8, 28, 30, 8, 37]","[58, 8, 68, 17, 55, 46, 68, 56, 30, 58, 28, 50, 24, 68, 30, 49, 8, 55, 37, 50, 14, 58, 8, 67, 64, 35, 8, 3, 8, 55, 58, 8, 28, 30, 17, 37]","[0, 1, 1, 0, 1, 1, 1, 1, 1, 1, 0, 1, 1, 1, 1, 1, 1, 1, 0, 1, 1, 0, 0, 1, 1, 1, 1, 1, 1, 1, 1, 1, 1, 1, 1, 0, 1]","[1, 0, 0, 1, 0, 0, 0, 0, 0, 0, 1, 0, 0, 0, 0, 0, 0, 0, 1, 0, 0, 1, 1, 0, 0, 0, 0, 0, 0, 0, 0, 0, 0, 0, 0, 1, 0]"
1024,L2_arctic_WAV/MBMPS_arctic_a0416,"[63, 49, 64, 58, 8, 58, 36, 60, 3, 67, 64, 58, 8, 39, 8, 30, 17, 46, 8, 3, 49, 8, 39, 54, 24, 54, 3, 49, 55, 68, 56, 30, 70, 48, 7, 15, 7]","[58, 49, 64, 58, 8, 58, 36, 60, 58, 67, 64, 58, 8, 39, 8, 30, 17, 46, 8, 3, 49, 8, 39, 54, 24, 54, 3, 49, 55, 68, 56, 30, 46, 48, 7, 15, 7]","[0, 1, 1, 1, 1, 1, 1, 1, 0, 1, 1, 1, 1, 1, 1, 1, 1, 1, 1, 1, 1, 1, 1, 1, 1, 1, 1, 1, 1, 1, 1, 1, 0, 1, 1, 1, 1]","[1, 0, 0, 0, 0, 0, 0, 0, 1, 0, 0, 0, 0, 0, 0, 0, 0, 0, 0, 0, 0, 0, 0, 0, 0, 0, 0, 0, 0, 0, 0, 0, 1, 0, 0, 0, 0]"
1025,L2_arctic_WAV/MBMPS_arctic_a0441,"[39, 56, 8, 30, 8, 55, 3, 30, 56, 54, 64, 55, 58, 64, 22, 30, 52, 3, 24, 28, 46, 48, 40, 50, 3, 46, 67, 64, 58, 55, 52, 39, 7, 8, 48, 49, 30, 58, 3, 8, 68, 49]","[39, 56, 8, 30, 8, 55, 3, 30, 56, 54, 52, 55, 64, 3, 30, 52, 3, 24, 59, 46, 48, 40, 50, 3, 46, 67, 64, 58, 55, 52, 39, 7, 17, 48, 49, 30, 58, 3, 8, 68, 49]","[1, 1, 1, 1, 1, 1, 1, 1, 1, 1, 0, 1, 0, 1, 0, 1, 1, 1, 1, 0, 1, 1, 1, 1, 1, 1, 1, 1, 1, 1, 1, 1, 1, 0, 1, 1, 1, 1, 1, 1, 1, 1]","[0, 0, 0, 0, 0, 0, 0, 0, 0, 0, 1, 0, 1, 0, 1, 0, 0, 0, 0, 1, 0, 0, 0, 0, 0, 0, 0, 0, 0, 0, 0, 0, 0, 1, 0, 0, 0, 0, 0, 0, 0, 0]"
1026,L2_arctic_WAV/MBMPS_arctic_a0487,"[63, 8, 50, 24, 39, 7, 37, 52, 50, 58, 24, 3, 46, 37, 31, 70, 8, 68, 8, 55, 58, 46, 55, 40, 50, 3, 24, 10, 46, 3, 49, 68, 37, 14, 3, 46, 35, 64, 30, 8, 55, 69, 58, 63, 49, 36, 24, 30, 58, 7, 55, 8, 46]","[56, 50, 24, 39, 7, 37, 17, 66, 55, 49, 3, 46, 37, 17, 46, 17, 68, 8, 55, 46, 55, 40, 50, 3, 24, 10, 46, 3, 49, 68, 37, 14, 3, 46, 35, 17, 30, 8, 55, 35, 58, 52, 36, 24, 30, 58, 7, 55, 8, 46]","[0, 0, 1, 1, 1, 1, 1, 0, 0, 0, 0, 1, 1, 1, 0, 0, 0, 1, 1, 1, 0, 1, 1, 1, 1, 1, 1, 1, 1, 1, 1, 1, 1, 1, 1, 1, 1, 0, 1, 1, 1, 0, 1, 0, 0, 1, 1, 1, 1, 1, 1, 1, 1]","[1, 1, 0, 0, 0, 0, 0, 1, 1, 1, 1, 0, 0, 0, 1, 1, 1, 0, 0, 0, 1, 0, 0, 0, 0, 0, 0, 0, 0, 0, 0, 0, 0, 0, 0, 0, 0, 1, 0, 0, 0, 1, 0, 1, 1, 0, 0, 0, 0, 0, 0, 0, 0]"
1027,L2_arctic_WAV/MBMPS_arctic_a0500,"[67, 6, 63, 8, 58, 52, 39, 8, 30, 59, 60, 39, 24, 3, 3, 6, 29, 6, 3, 6, 37, 49, 69, 8, 69, 64, 55, 58, 69, 31, 50, 49]","[67, 6, 58, 8, 58, 52, 39, 8, 30, 59, 60, 39, 24, 3, 3, 6, 29, 6, 3, 6, 37, 49, 69, 8, 35, 64, 55, 58, 69, 31, 50, 49]","[1, 1, 0, 1, 1, 1, 1, 1, 1, 1, 1, 1, 1, 1, 1, 1, 1, 1, 1, 1, 1, 1, 1, 1, 0, 1, 1, 1, 1, 1, 1, 1]","[0, 0, 1, 0, 0, 0, 0, 0, 0, 0, 0, 0, 0, 0, 0, 0, 0, 0, 0, 0, 0, 0, 0, 0, 1, 0, 0, 0, 0, 0, 0, 0]"
1028,L2_arctic_WAV/MBMPS_arctic_a0548,"[40, 30, 46, 14, 35, 7, 35, 8, 70, 64, 55, 58, 48, 50, 49, 35, 7, 70, 56, 67, 64, 58, 55, 52, 39, 7, 55, 14, 55]","[40, 30, 46, 14, 35, 7, 35, 8, 46, 64, 55, 58, 48, 50, 49, 35, 7, 70, 56, 67, 64, 58, 55, 52, 39, 7, 55, 14, 55]","[1, 1, 1, 1, 1, 1, 1, 1, 0, 1, 1, 1, 1, 1, 1, 1, 1, 1, 1, 1, 1, 1, 1, 1, 1, 1, 1, 1, 1]","[0, 0, 0, 0, 0, 0, 0, 0, 1, 0, 0, 0, 0, 0, 0, 0, 0, 0, 0, 0, 0, 0, 0, 0, 0, 0, 0, 0, 0]"
1029,L2_arctic_WAV/MBMPS_arctic_a0556,"[67, 36, 56, 67, 49, 70, 37, 40, 3, 54, 40, 50, 3, 49, 48, 15, 55, 58, 70, 8, 39, 59, 31, 58, 70, 54, 50, 8, 68, 29, 6, 40, 30, 50, 52, 58, 49]","[67, 36, 56, 67, 49, 70, 37, 50, 40, 58, 54, 40, 50, 3, 49, 48, 15, 55, 70, 8, 39, 59, 31, 58, 70, 54, 50, 8, 68, 29, 6, 40, 30, 50, 52, 58, 49]","[1, 1, 1, 1, 1, 1, 1, 1, 0, 1, 1, 1, 1, 1, 1, 1, 1, 0, 1, 1, 1, 1, 1, 1, 1, 1, 1, 1, 1, 1, 1, 1, 1, 1, 1, 1, 1]","[0, 0, 0, 0, 0, 0, 0, 0, 1, 0, 0, 0, 0, 0, 0, 0, 0, 1, 0, 0, 0, 0, 0, 0, 0, 0, 0, 0, 0, 0, 0, 0, 0, 0, 0, 0, 0]"
1030,L2_arctic_WAV/MBMPS_arctic_b0019,"[67, 24, 70, 46, 30, 24, 68, 67, 64, 55, 58, 70, 59, 50, 24, 48, 3, 63, 49, 52, 69, 24, 70, 8, 39, 63, 8, 3, 60, 37, 8, 30]","[67, 24, 70, 70, 30, 24, 68, 67, 64, 55, 46, 59, 50, 24, 37, 3, 63, 49, 52, 69, 24, 70, 8, 39, 63, 8, 3, 60, 37, 8, 30]","[1, 1, 1, 0, 1, 1, 1, 1, 1, 1, 0, 0, 1, 1, 1, 0, 1, 1, 1, 1, 1, 1, 1, 1, 1, 1, 1, 1, 1, 1, 1, 1]","[0, 0, 0, 1, 0, 0, 0, 0, 0, 0, 1, 1, 0, 0, 0, 1, 0, 0, 0, 0, 0, 0, 0, 0, 0, 0, 0, 0, 0, 0, 0, 0]"
1031,L2_arctic_WAV/MBMPS_arctic_b0042,"[3, 52, 55, 68, 24, 55, 8, 3, 46, 67, 64, 58, 55, 17, 3, 24, 30, 64, 48, 46, 3, 46, 24, 55, 46, 67, 49, 67, 64, 58, 58, 50, 17, 48, 3, 63, 49, 67, 64, 10, 28, 7, 35, 49, 54]","[3, 52, 55, 68, 24, 55, 8, 3, 46, 67, 64, 58, 55, 17, 3, 24, 30, 17, 48, 46, 3, 46, 24, 55, 46, 67, 49, 62, 64, 58, 58, 50, 40, 48, 3, 58, 60, 62, 64, 55, 58, 28, 7, 35, 49, 54]","[1, 1, 1, 1, 1, 1, 1, 1, 1, 1, 1, 1, 1, 1, 1, 1, 1, 0, 1, 1, 1, 1, 1, 1, 1, 1, 1, 0, 1, 1, 1, 1, 0, 1, 1, 0, 0, 0, 1, 0, 1, 1, 1, 1, 1]","[0, 0, 0, 0, 0, 0, 0, 0, 0, 0, 0, 0, 0, 0, 0, 0, 0, 1, 0, 0, 0, 0, 0, 0, 0, 0, 0, 1, 0, 0, 0, 0, 1, 0, 0, 1, 1, 1, 0, 1, 0, 0, 0, 0, 0]"
1032,L2_arctic_WAV/MBMPS_arctic_b0070,"[63, 52, 50, 36, 8, 70, 55, 14, 35, 64, 55, 46, 3, 8, 54, 56, 50, 36, 24, 63, 15, 3, 67, 24, 3, 24, 10, 67, 24, 68]","[58, 52, 50, 36, 8, 46, 55, 14, 35, 64, 55, 46, 3, 8, 54, 56, 50, 36, 24, 58, 15, 3, 67, 49, 3, 24, 55, 67, 24, 68]","[0, 1, 1, 1, 1, 0, 1, 1, 1, 1, 1, 1, 1, 1, 1, 1, 1, 1, 1, 0, 1, 1, 1, 0, 1, 1, 0, 1, 1, 1]","[1, 0, 0, 0, 0, 1, 0, 0, 0, 0, 0, 0, 0, 0, 0, 0, 0, 0, 0, 1, 0, 0, 0, 1, 0, 0, 1, 0, 0, 0]"
1033,L2_arctic_WAV/MBMPS_arctic_b0150,"[64, 55, 58, 67, 49, 36, 8, 70, 54, 24, 30, 58, 36, 24, 63, 60, 46, 3, 50, 60, 55, 69, 64, 55, 58, 54, 40, 50, 37, 14, 58, 24, 10, 54, 24, 50]","[64, 55, 67, 49, 36, 8, 46, 54, 49, 30, 36, 24, 58, 60, 46, 3, 50, 60, 55, 35, 64, 55, 58, 54, 40, 50, 37, 14, 58, 24, 55, 54, 24, 50]","[1, 1, 0, 1, 1, 1, 1, 0, 1, 0, 1, 0, 1, 1, 0, 1, 1, 1, 1, 1, 1, 0, 1, 1, 1, 1, 1, 1, 1, 1, 1, 1, 0, 1, 1, 1]","[0, 0, 1, 0, 0, 0, 0, 1, 0, 1, 0, 1, 0, 0, 1, 0, 0, 0, 0, 0, 0, 1, 0, 0, 0, 0, 0, 0, 0, 0, 0, 0, 1, 0, 0, 0]"
1034,L2_arctic_WAV/MBMPS_arctic_b0187,"[67, 7, 8, 35, 49, 39, 68, 8, 55, 3, 46, 36, 24, 63, 28, 14, 28, 14, 55, 8, 3, 46, 36, 7, 8, 50, 52, 39, 8, 30, 60, 9, 8, 55]","[67, 7, 8, 35, 49, 39, 68, 8, 55, 3, 46, 36, 24, 58, 28, 14, 28, 14, 55, 8, 3, 46, 36, 52, 50, 8, 50, 52, 39, 8, 30, 60, 9, 8, 55]","[1, 1, 1, 1, 1, 1, 1, 1, 1, 1, 1, 1, 1, 0, 1, 1, 1, 1, 1, 1, 1, 1, 1, 0, 1, 1, 1, 1, 1, 1, 1, 1, 1, 1]","[0, 0, 0, 0, 0, 0, 0, 0, 0, 0, 0, 0, 0, 1, 0, 0, 0, 0, 0, 0, 0, 0, 0, 1, 0, 0, 0, 0, 0, 0, 0, 0, 0, 0]"
1035,L2_arctic_WAV/MBMPS_arctic_b0269,"[67, 36, 56, 55, 17, 3, 30, 56, 28, 52, 55, 49, 50, 60, 30, 50, 14, 58, 46, 3, 60, 9, 8, 55, 40, 50, 54, 52, 50, 49, 58, 49, 48, 14]","[67, 36, 56, 55, 17, 3, 30, 56, 28, 52, 55, 49, 50, 60, 30, 50, 14, 58, 46, 3, 60, 9, 8, 55, 40, 50, 54, 52, 50, 49, 58, 49, 48, 14, 3]","[1, 1, 1, 1, 1, 1, 1, 1, 1, 1, 1, 1, 1, 1, 1, 1, 1, 1, 1, 1, 1, 1, 1, 1, 1, 1, 1, 1, 1, 1, 1, 1, 1, 1]","[0, 0, 0, 0, 0, 0, 0, 0, 0, 0, 0, 0, 0, 0, 0, 0, 0, 0, 0, 0, 0, 0, 0, 0, 0, 0, 0, 0, 0, 0, 0, 0, 0, 0]"
1036,L2_arctic_WAV/MBMPS_arctic_b0298,"[67, 24, 70, 67, 64, 55, 58, 9, 17, 3, 15, 3, 8, 55, 58, 28, 30, 8, 35, 3, 28, 50, 31, 28, 8, 58, 30, 52, 59, 37, 56, 63, 8, 55, 52, 28]","[67, 24, 46, 62, 64, 55, 9, 17, 58, 15, 3, 8, 55, 58, 28, 30, 8, 55, 35, 3, 28, 50, 31, 28, 58, 30, 52, 58, 37, 56, 58, 8, 55, 52, 28]","[1, 1, 0, 0, 1, 1, 0, 1, 1, 0, 1, 1, 1, 1, 1, 1, 1, 1, 1, 1, 1, 1, 1, 1, 0, 1, 1, 1, 0, 1, 1, 0, 1, 1, 1, 1]","[0, 0, 1, 1, 0, 0, 1, 0, 0, 1, 0, 0, 0, 0, 0, 0, 0, 0, 0, 0, 0, 0, 0, 0, 1, 0, 0, 0, 1, 0, 0, 1, 0, 0, 0, 0]"
1037,L2_arctic_WAV/MBMPS_arctic_b0304,"[67, 24, 70, 48, 50, 49, 39, 49, 8, 46, 36, 56, 39, 70, 67, 64, 58, 55, 52, 39, 7, 30, 24, 39, 58, 30, 40, 10, 49, 55, 8, 54, 3, 6, 37, 52, 50, 67, 24, 68, 35, 24, 30, 58, 50, 8, 55]","[67, 24, 70, 48, 50, 49, 39, 49, 8, 46, 36, 56, 39, 70, 67, 64, 58, 55, 52, 39, 7, 30, 49, 39, 58, 30, 40, 10, 49, 55, 17, 54, 3, 6, 37, 52, 50, 67, 49, 68, 35, 24, 30, 58, 50, 8, 55]","[1, 1, 1, 1, 1, 1, 1, 1, 1, 1, 1, 1, 1, 1, 1, 1, 1, 1, 1, 1, 1, 1, 0, 1, 1, 1, 1, 1, 1, 1, 0, 1, 1, 1, 1, 1, 1, 1, 0, 1, 1, 1, 1, 1, 1, 1, 1]","[0, 0, 0, 0, 0, 0, 0, 0, 0, 0, 0, 0, 0, 0, 0, 0, 0, 0, 0, 0, 0, 0, 1, 0, 0, 0, 0, 0, 0, 0, 1, 0, 0, 0, 0, 0, 0, 0, 1, 0, 0, 0, 0, 0, 0, 0, 0]"
1038,L2_arctic_WAV/MBMPS_arctic_b0434,"[63, 8, 46, 3, 6, 7, 58, 67, 64, 70, 69, 8, 46, 3, 3, 52, 55, 58, 7, 58, 68, 49, 8, 50, 24, 46, 48, 52, 28, 3, 54, 8, 30, 37, 24, 3, 8, 39, 64, 58, 39, 56, 46]","[58, 8, 46, 3, 6, 7, 58, 67, 64, 70, 69, 8, 46, 3, 3, 52, 55, 63, 7, 58, 68, 49, 8, 50, 24, 46, 48, 52, 28, 3, 54, 8, 30, 37, 49, 3, 8, 39, 64, 58, 39, 56, 46]","[0, 1, 1, 1, 1, 1, 1, 1, 1, 1, 1, 1, 1, 1, 1, 1, 1, 0, 1, 1, 1, 1, 1, 1, 1, 1, 1, 1, 1, 1, 1, 1, 1, 1, 0, 1, 1, 1, 1, 1, 1, 1, 1]","[1, 0, 0, 0, 0, 0, 0, 0, 0, 0, 0, 0, 0, 0, 0, 0, 0, 1, 0, 0, 0, 0, 0, 0, 0, 0, 0, 0, 0, 0, 0, 0, 0, 0, 1, 0, 0, 0, 0, 0, 0, 0, 0]"
1039,L2_arctic_WAV/MBMPS_arctic_b0461,"[37, 56, 39, 7, 35, 6, 8, 39, 63, 64, 3, 48, 15, 7, 36, 49, 9, 64, 30, 50, 49, 68, 60, 55, 24, 55, 48, 15, 7]","[37, 56, 39, 49, 50, 35, 6, 8, 39, 63, 64, 3, 48, 15, 7, 36, 49, 9, 40, 30, 50, 49, 68, 60, 55, 24, 55, 48, 15, 7]","[1, 1, 1, 0, 1, 1, 1, 1, 1, 1, 1, 1, 1, 1, 1, 1, 1, 0, 1, 1, 1, 1, 1, 1, 1, 1, 1, 1, 1]","[0, 0, 0, 1, 0, 0, 0, 0, 0, 0, 0, 0, 0, 0, 0, 0, 0, 1, 0, 0, 0, 0, 0, 0, 0, 0, 0, 0, 0]"
1040,L2_arctic_WAV/MBMPS_arctic_b0494,"[55, 52, 39, 7, 46, 14, 46, 3, 50, 60, 55, 69, 8, 48, 50, 17, 54, 8, 3, 28, 60, 68, 8, 48, 3, 6, 69, 7, 6, 46, 8, 30, 8, 68]","[55, 52, 39, 7, 46, 14, 46, 3, 50, 60, 55, 35, 17, 48, 50, 17, 54, 8, 3, 28, 60, 68, 17, 48, 3, 6, 69, 7, 6, 46, 8, 30, 52, 68]","[1, 1, 1, 1, 1, 1, 1, 1, 1, 1, 1, 0, 0, 1, 1, 1, 1, 1, 1, 1, 1, 1, 0, 1, 1, 1, 1, 1, 1, 1, 1, 1, 0, 1]","[0, 0, 0, 0, 0, 0, 0, 0, 0, 0, 0, 1, 1, 0, 0, 0, 0, 0, 0, 0, 0, 0, 1, 0, 0, 0, 0, 0, 0, 0, 0, 0, 1, 0]"
1041,L2_arctic_WAV/MBMPS_arctic_b0538,"[64, 3, 63, 8, 37, 52, 46, 3, 63, 60, 36, 7, 55, 52, 46, 8, 46, 52, 50, 49, 64, 28, 46, 52, 46, 7, 49, 70]","[64, 3, 58, 8, 37, 52, 46, 3, 58, 60, 36, 7, 55, 52, 46, 8, 46, 52, 50, 49, 64, 28, 46, 52, 46, 14, 50, 49, 70]","[1, 1, 0, 1, 1, 1, 1, 1, 0, 1, 1, 1, 1, 1, 1, 1, 1, 1, 1, 1, 1, 1, 1, 1, 1, 0, 1, 1]","[0, 0, 1, 0, 0, 0, 0, 0, 1, 0, 0, 0, 0, 0, 0, 0, 0, 0, 0, 0, 0, 0, 0, 0, 0, 1, 0, 0]"
1042,L2_arctic_WAV/PNV_arctic_a0003,"[54, 40, 50, 63, 8, 3, 36, 52, 55, 3, 49, 8, 22, 3, 56, 68, 63, 64, 3, 49, 39, 55, 24, 10, 63, 8, 3, 6, 68, 52, 55, 9, 31, 28, 67, 64, 55, 70]","[54, 40, 63, 8, 3, 36, 52, 55, 3, 49, 8, 22, 3, 56, 68, 58, 64, 3, 49, 39, 24, 55, 24, 10, 58, 8, 3, 6, 68, 52, 55, 9, 31, 28, 67, 64, 55, 46]","[1, 1, 0, 1, 1, 1, 1, 1, 1, 1, 1, 1, 1, 1, 1, 1, 0, 1, 1, 1, 1, 1, 1, 1, 0, 1, 1, 1, 1, 1, 1, 1, 1, 1, 1, 1, 1, 0]","[0, 0, 1, 0, 0, 0, 0, 0, 0, 0, 0, 0, 0, 0, 0, 0, 1, 0, 0, 0, 0, 0, 0, 0, 1, 0, 0, 0, 0, 0, 0, 0, 0, 0, 0, 0, 0, 1]"
1043,L2_arctic_WAV/PNV_arctic_a0005,"[36, 24, 30, 36, 49, 52, 39, 7, 54, 40, 50, 59, 52, 3, 24, 3]","[36, 24, 36, 36, 49, 64, 39, 8, 54, 40, 59, 52, 3, 24, 3]","[1, 1, 0, 1, 1, 0, 1, 0, 1, 1, 0, 1, 1, 1, 1, 1]","[0, 0, 1, 0, 0, 1, 0, 1, 0, 0, 1, 0, 0, 0, 0, 0]"
1044,L2_arctic_WAV/PNV_arctic_a0006,"[59, 17, 58, 37, 30, 52, 46, 8, 68, 56, 67, 14, 48, 56, 30, 59, 14, 17, 55, 46, 49, 24, 10, 63, 8, 68, 54, 7, 52, 39, 7]","[59, 40, 3, 37, 30, 52, 46, 8, 68, 56, 67, 14, 48, 56, 36, 59, 14, 17, 55, 46, 49, 24, 10, 63, 8, 68, 54, 7, 52, 39, 8]","[1, 0, 0, 1, 1, 1, 1, 1, 1, 1, 1, 1, 1, 1, 0, 1, 1, 1, 1, 1, 1, 1, 1, 1, 1, 1, 1, 1, 1, 1, 0]","[0, 1, 1, 0, 0, 0, 0, 0, 0, 0, 0, 0, 0, 0, 1, 0, 0, 0, 0, 0, 0, 0, 0, 0, 0, 0, 0, 0, 0, 0, 1]"
1045,L2_arctic_WAV/PNV_arctic_a0007,"[64, 55, 58, 29, 6, 40, 30, 36, 60, 70, 36, 17, 55, 3, 3, 24, 46, 49, 24, 3, 24, 55, 63, 8, 46, 31, 48, 7, 30, 8, 3, 24, 39, 58, 24, 59, 50, 49]","[64, 55, 58, 29, 6, 40, 36, 60, 70, 36, 17, 55, 3, 3, 24, 46, 49, 24, 3, 24, 55, 63, 8, 46, 31, 48, 8, 30, 8, 3, 24, 39, 58, 24, 59, 50, 49]","[1, 1, 1, 1, 1, 1, 0, 1, 1, 1, 1, 1, 1, 1, 1, 1, 1, 1, 1, 1, 1, 1, 1, 1, 1, 1, 1, 0, 1, 1, 1, 1, 1, 1, 1, 1, 1, 1]","[0, 0, 0, 0, 0, 0, 1, 0, 0, 0, 0, 0, 0, 0, 0, 0, 0, 0, 0, 0, 0, 0, 0, 0, 0, 0, 0, 1, 0, 0, 0, 0, 0, 0, 0, 0, 0, 0]"
1046,L2_arctic_WAV/PNV_arctic_a0008,"[59, 64, 58, 29, 31, 50, 30, 52, 3, 7, 28, 60, 68, 69, 8, 46, 3, 24, 55, 3, 56, 68]","[59, 64, 58, 29, 31, 8, 30, 52, 3, 8, 28, 60, 68, 69, 8, 46, 3, 24, 55, 3, 56, 68]","[1, 1, 1, 1, 1, 0, 1, 1, 1, 0, 1, 1, 1, 1, 1, 1, 1, 1, 1, 1, 1, 1]","[0, 0, 0, 0, 0, 1, 0, 0, 0, 1, 0, 0, 0, 0, 0, 0, 0, 0, 0, 0, 0, 0]"
1047,L2_arctic_WAV/PNV_arctic_a0010,"[56, 68, 48, 30, 60, 24, 10, 8, 46, 24, 10, 59, 8, 30, 67, 64, 55, 58, 24, 55, 36, 8, 3, 30, 31, 28, 46, 30, 56, 28, 8, 30, 6, 70, 24, 10, 59, 60, 68]","[20, 68, 48, 30, 60, 24, 10, 8, 46, 24, 10, 59, 34, 67, 64, 55, 3, 24, 55, 36, 8, 3, 30, 31, 46, 30, 56, 8, 30, 6, 70, 24, 10, 59, 64, 68]","[0, 1, 1, 1, 1, 1, 1, 1, 1, 1, 1, 1, 0, 0, 1, 1, 1, 0, 1, 1, 1, 1, 1, 1, 1, 0, 1, 1, 1, 0, 1, 1, 1, 1, 1, 1, 1, 0, 1]","[1, 0, 0, 0, 0, 0, 0, 0, 0, 0, 0, 0, 1, 1, 0, 0, 0, 1, 0, 0, 0, 0, 0, 0, 0, 1, 0, 0, 0, 1, 0, 0, 0, 0, 0, 0, 0, 1, 0]"
1048,L2_arctic_WAV/PNV_arctic_a0011,"[24, 54, 56, 52, 39, 7, 55, 49, 58, 24, 58, 8, 54, 56, 3, 7, 24, 55, 68, 56, 30, 56, 54, 56, 55, 49, 58, 36, 8, 55, 55, 15]","[24, 39, 56, 64, 39, 8, 55, 49, 58, 24, 58, 8, 54, 56, 3, 8, 24, 55, 68, 56, 30, 56, 54, 56, 55, 49, 3, 36, 8, 55, 55, 15]","[1, 0, 1, 0, 1, 0, 1, 1, 1, 1, 1, 1, 1, 1, 1, 0, 1, 1, 1, 1, 1, 1, 1, 1, 1, 1, 0, 1, 1, 1, 1, 1]","[0, 1, 0, 1, 0, 1, 0, 0, 0, 0, 0, 0, 0, 0, 0, 1, 0, 0, 0, 0, 0, 0, 0, 0, 0, 0, 1, 0, 0, 0, 0, 0]"
1049,L2_arctic_WAV/PNV_arctic_a0013,"[67, 49, 36, 8, 70, 8, 67, 52, 58, 9, 40, 50, 3, 7, 63, 8, 55, 67, 24, 70, 28, 8, 68, 48, 64, 55, 29, 8, 55, 8, 39, 40, 30, 68, 14, 46, 3, 58, 52, 30, 8, 28, 8, 3, 54, 8, 70, 49, 28]","[67, 49, 36, 8, 70, 8, 67, 64, 3, 9, 40, 3, 8, 58, 8, 55, 67, 24, 70, 28, 8, 68, 48, 64, 55, 29, 8, 55, 40, 54, 40, 68, 14, 46, 3, 58, 52, 30, 24, 28, 8, 3, 54, 24, 46, 49, 28]","[1, 1, 1, 1, 1, 1, 1, 0, 0, 1, 1, 0, 1, 0, 0, 1, 1, 1, 1, 1, 1, 1, 1, 1, 1, 1, 1, 1, 1, 0, 0, 1, 0, 1, 1, 1, 1, 1, 1, 1, 0, 1, 1, 1, 1, 0, 0, 1, 1]","[0, 0, 0, 0, 0, 0, 0, 1, 1, 0, 0, 1, 0, 1, 1, 0, 0, 0, 0, 0, 0, 0, 0, 0, 0, 0, 0, 0, 0, 1, 1, 0, 1, 0, 0, 0, 0, 0, 0, 0, 1, 0, 0, 0, 0, 1, 1, 0, 0]"
1050,L2_arctic_WAV/PNV_arctic_a0018,"[63, 52, 50, 36, 8, 70, 8, 35, 60, 55, 69, 55, 15]","[58, 52, 8, 36, 8, 70, 8, 35, 60, 55, 26, 55, 42]","[0, 1, 0, 1, 1, 1, 1, 1, 1, 1, 0, 1, 0]","[1, 0, 1, 0, 0, 0, 0, 0, 0, 0, 1, 0, 1]"
1051,L2_arctic_WAV/PNV_arctic_a0019,"[56, 54, 17, 30, 14, 58, 63, 8, 30, 56, 55, 8, 39, 63, 8, 48, 50, 8, 48, 14, 70, 58, 50, 60, 30, 50, 14, 58, 30, 31, 28, 24, 10, 54, 40, 50, 35, 64, 55, 46, 24, 70]","[56, 54, 17, 30, 14, 63, 8, 30, 56, 58, 40, 37, 63, 8, 37, 50, 8, 48, 14, 46, 58, 50, 64, 36, 50, 14, 3, 30, 6, 28, 24, 10, 54, 40, 13, 20, 55, 46, 24, 46]","[1, 1, 1, 1, 1, 0, 1, 1, 1, 1, 0, 0, 0, 1, 1, 0, 1, 1, 1, 1, 0, 1, 1, 0, 0, 1, 1, 0, 1, 0, 1, 1, 1, 1, 1, 0, 0, 0, 1, 1, 1, 0]","[0, 0, 0, 0, 0, 1, 0, 0, 0, 0, 1, 1, 1, 0, 0, 1, 0, 0, 0, 0, 1, 0, 0, 1, 1, 0, 0, 1, 0, 1, 0, 0, 0, 0, 0, 1, 1, 1, 0, 0, 0, 1]"
1052,L2_arctic_WAV/PNV_arctic_a0020,"[28, 30, 8, 37, 70, 64, 55, 58, 37, 40, 30, 70, 64, 55, 58, 46, 24, 3, 49, 70, 59, 50, 6, 3, 24, 37, 49, 14, 55, 30, 49, 68, 52, 68, 7, 49, 70]","[28, 30, 8, 48, 46, 64, 55, 58, 37, 40, 55, 46, 64, 55, 58, 46, 49, 3, 49, 70, 59, 50, 6, 3, 24, 37, 49, 14, 30, 49, 68, 52, 68, 7, 49, 46]","[1, 1, 1, 0, 0, 1, 1, 1, 1, 1, 0, 0, 1, 1, 1, 1, 0, 1, 1, 1, 1, 1, 1, 1, 1, 1, 1, 1, 0, 1, 1, 1, 1, 1, 1, 1, 0]","[0, 0, 0, 1, 1, 0, 0, 0, 0, 0, 1, 1, 0, 0, 0, 0, 1, 0, 0, 0, 0, 0, 0, 0, 0, 0, 0, 0, 1, 0, 0, 0, 0, 0, 0, 0, 1]"
1053,L2_arctic_WAV/PNV_arctic_a0021,"[24, 3, 54, 52, 50, 30, 49, 28, 30, 8, 37, 58, 68, 49, 24, 55, 3, 6, 50, 52, 28, 8, 59, 55, 56, 70, 24, 10, 24, 3]","[24, 3, 54, 52, 30, 49, 28, 30, 8, 48, 3, 68, 49, 24, 55, 3, 6, 50, 52, 28, 8, 55, 56, 70, 24, 55, 24, 3]","[1, 1, 1, 1, 0, 1, 1, 1, 1, 1, 0, 0, 1, 1, 1, 1, 1, 1, 1, 1, 1, 1, 0, 1, 1, 1, 1, 0, 1, 1]","[0, 0, 0, 0, 1, 0, 0, 0, 0, 0, 1, 1, 0, 0, 0, 0, 0, 0, 0, 0, 0, 0, 1, 0, 0, 0, 0, 1, 0, 0]"
1054,L2_arctic_WAV/PNV_arctic_a0022,"[67, 17, 50, 58, 30, 49, 36, 7, 15, 50, 48, 30, 64, 55, 70, 68, 60, 58, 48, 8, 37, 30, 24, 28, 37, 8, 54, 40, 50, 36, 49, 36, 7, 68, 52, 3, 37, 56, 48, 15, 7, 54, 8, 30, 17, 48, 8, 70, 24, 9, 8, 55]","[67, 17, 30, 49, 36, 7, 15, 8, 37, 30, 64, 55, 70, 68, 60, 58, 48, 8, 37, 30, 24, 28, 37, 49, 54, 40, 36, 49, 36, 8, 68, 52, 3, 37, 56, 48, 15, 8, 54, 8, 55, 17, 48, 8, 70, 49, 9, 8, 55]","[1, 1, 0, 0, 1, 1, 1, 1, 1, 0, 0, 1, 1, 1, 1, 1, 1, 1, 1, 1, 1, 1, 1, 1, 1, 0, 1, 1, 0, 1, 1, 1, 0, 1, 1, 1, 1, 1, 1, 1, 0, 1, 1, 0, 1, 1, 1, 1, 0, 1, 1, 1]","[0, 0, 1, 1, 0, 0, 0, 0, 0, 1, 1, 0, 0, 0, 0, 0, 0, 0, 0, 0, 0, 0, 0, 0, 0, 1, 0, 0, 1, 0, 0, 0, 1, 0, 0, 0, 0, 0, 0, 0, 1, 0, 0, 1, 0, 0, 0, 0, 1, 0, 0, 0]"
1055,L2_arctic_WAV/PNV_arctic_a0023,"[8, 28, 17, 68, 37, 8, 55, 60, 9, 8, 55, 8, 39, 28, 8, 55, 60, 58, 49, 8, 55, 28, 64, 48, 24, 3, 8, 30, 28, 36, 24, 28, 30, 49, 40, 50, 59, 8, 55, 56, 70, 58, 64, 55, 58, 48, 8, 3, 24, 9, 8, 55, 58, 54, 40, 50, 63, 8, 46, 60, 68, 48, 50, 24, 39, 30, 24, 69, 24, 70]","[8, 28, 17, 68, 37, 8, 55, 60, 9, 8, 55, 8, 48, 28, 8, 55, 64, 58, 49, 8, 55, 28, 64, 48, 24, 3, 34, 28, 36, 24, 28, 30, 49, 40, 59, 8, 55, 56, 70, 58, 64, 55, 58, 37, 8, 3, 49, 9, 8, 55, 54, 40, 58, 8, 46, 32, 68, 37, 50, 24, 39, 30, 24, 69, 24, 46]","[1, 1, 1, 1, 1, 1, 1, 1, 1, 1, 1, 1, 0, 1, 1, 1, 0, 1, 1, 1, 1, 1, 1, 1, 1, 1, 0, 0, 1, 1, 1, 1, 1, 1, 1, 0, 1, 1, 1, 1, 1, 1, 1, 1, 1, 0, 1, 1, 0, 1, 1, 1, 0, 1, 1, 0, 0, 1, 1, 0, 1, 0, 1, 1, 1, 1, 1, 1, 1, 0]","[0, 0, 0, 0, 0, 0, 0, 0, 0, 0, 0, 0, 1, 0, 0, 0, 1, 0, 0, 0, 0, 0, 0, 0, 0, 0, 1, 1, 0, 0, 0, 0, 0, 0, 0, 1, 0, 0, 0, 0, 0, 0, 0, 0, 0, 1, 0, 0, 1, 0, 0, 0, 1, 0, 0, 1, 1, 0, 0, 1, 0, 1, 0, 0, 0, 0, 0, 0, 0, 1]"
1056,L2_arctic_WAV/PNV_arctic_a0024,"[24, 3, 36, 8, 70, 68, 56, 50, 49, 48, 40, 50, 3, 46, 54, 50, 8, 68, 63, 8, 55, 40, 50, 22, 36, 24, 35, 35, 49, 54, 30, 49, 24, 55, 58, 6, 46, 3, 48, 49, 48, 8, 30, 3, 6, 37, 56]","[24, 3, 36, 8, 70, 68, 56, 50, 49, 48, 40, 50, 46, 54, 50, 40, 68, 63, 8, 55, 40, 22, 36, 24, 35, 35, 49, 54, 30, 49, 24, 55, 58, 49, 6, 46, 48, 49, 48, 34, 3, 6, 37, 56]","[1, 1, 1, 1, 1, 1, 1, 1, 1, 1, 1, 1, 0, 1, 1, 1, 0, 1, 1, 1, 1, 1, 0, 1, 1, 1, 1, 1, 1, 1, 1, 1, 1, 1, 1, 1, 1, 0, 1, 1, 1, 0, 0, 1, 1, 1, 1]","[0, 0, 0, 0, 0, 0, 0, 0, 0, 0, 0, 0, 1, 0, 0, 0, 1, 0, 0, 0, 0, 0, 1, 0, 0, 0, 0, 0, 0, 0, 0, 0, 0, 0, 0, 0, 0, 1, 0, 0, 0, 1, 1, 0, 0, 0, 0]"
1057,L2_arctic_WAV/PNV_arctic_a0025,"[56, 36, 8, 70, 8, 37, 15, 3, 3, 24, 58, 6, 63, 24, 46, 67, 36, 24, 55, 28, 6, 30, 7, 69, 8, 69, 68, 8, 55, 3, 48, 50, 49, 39, 60, 30, 58]","[56, 36, 8, 70, 8, 37, 15, 3, 3, 24, 58, 6, 63, 24, 46, 67, 36, 24, 55, 28, 6, 30, 8, 69, 8, 69, 68, 8, 55, 3, 50, 49, 39, 60, 36, 3]","[1, 1, 1, 1, 1, 1, 1, 1, 1, 1, 1, 1, 1, 1, 1, 1, 1, 1, 1, 1, 1, 1, 0, 1, 1, 1, 1, 1, 1, 1, 0, 1, 1, 1, 1, 0, 0]","[0, 0, 0, 0, 0, 0, 0, 0, 0, 0, 0, 0, 0, 0, 0, 0, 0, 0, 0, 0, 0, 0, 1, 0, 0, 0, 0, 0, 0, 0, 1, 0, 0, 0, 0, 1, 1]"
1058,L2_arctic_WAV/PNV_arctic_a0026,"[24, 3, 8, 28, 7, 58, 3, 6, 68, 49, 63, 64, 3, 63, 52, 50, 36, 31, 58, 67, 64, 39, 3, 6, 37, 49, 8, 55, 8, 28, 15, 55, 3, 24, 10]","[24, 3, 8, 28, 8, 58, 3, 6, 68, 49, 63, 64, 3, 63, 52, 8, 36, 6, 3, 67, 64, 39, 3, 6, 37, 49, 8, 55, 8, 28, 15, 3, 24, 10]","[1, 1, 1, 1, 0, 1, 1, 1, 1, 1, 1, 1, 1, 1, 1, 0, 1, 0, 0, 1, 1, 1, 1, 1, 1, 1, 1, 1, 1, 1, 1, 0, 1, 1, 1]","[0, 0, 0, 0, 1, 0, 0, 0, 0, 0, 0, 0, 0, 0, 0, 1, 0, 1, 1, 0, 0, 0, 0, 0, 0, 0, 0, 0, 0, 0, 0, 1, 0, 0, 0]"
1059,L2_arctic_WAV/PNV_arctic_a0027,"[3, 6, 68, 56, 46, 7, 48, 50, 56, 70, 67, 49, 37, 8, 59, 64, 55, 3, 8, 9, 14, 64, 28, 9, 8, 30, 24, 55, 22, 6, 70, 49, 64, 70, 8, 68, 24, 55, 68, 56, 54, 60, 39, 7]","[3, 6, 68, 56, 46, 8, 48, 50, 56, 70, 67, 49, 37, 49, 59, 64, 55, 3, 8, 9, 14, 64, 28, 9, 8, 36, 24, 55, 22, 6, 70, 49, 60, 70, 8, 68, 24, 55, 68, 56, 54, 60, 39, 8]","[1, 1, 1, 1, 1, 0, 1, 1, 1, 1, 1, 1, 1, 0, 1, 1, 1, 1, 1, 1, 1, 1, 1, 1, 1, 0, 1, 1, 1, 1, 1, 1, 0, 1, 1, 1, 1, 1, 1, 1, 1, 1, 1, 0]","[0, 0, 0, 0, 0, 1, 0, 0, 0, 0, 0, 0, 0, 1, 0, 0, 0, 0, 0, 0, 0, 0, 0, 0, 0, 1, 0, 0, 0, 0, 0, 0, 1, 0, 0, 0, 0, 0, 0, 0, 0, 0, 0, 1]"
1060,L2_arctic_WAV/PNV_arctic_a0028,"[50, 17, 37, 7, 49, 37, 50, 56, 37, 7, 49, 54, 50, 40, 58]","[50, 17, 37, 7, 49, 37, 50, 56, 37, 7, 49, 54, 50, 16, 3]","[1, 1, 1, 1, 1, 1, 1, 1, 1, 1, 1, 1, 1, 0, 0]","[0, 0, 0, 0, 0, 0, 0, 0, 0, 0, 0, 0, 0, 1, 1]"
1061,L2_arctic_WAV/PNV_arctic_a0029,"[63, 52, 50, 54, 40, 50, 46, 24, 70, 36, 7, 40, 50, 52, 58, 49, 68, 6, 39, 24, 10, 24, 55, 3, 6, 63, 8, 55, 40, 50, 22, 28, 8, 55, 3, 50, 49]","[63, 52, 8, 54, 40, 46, 24, 70, 36, 8, 40, 50, 52, 58, 49, 68, 6, 39, 24, 10, 24, 55, 3, 6, 58, 8, 55, 40, 22, 28, 8, 55, 3, 50, 49]","[1, 1, 0, 1, 1, 0, 1, 1, 1, 1, 0, 1, 1, 1, 1, 1, 1, 1, 1, 1, 1, 1, 1, 1, 1, 0, 1, 1, 1, 0, 1, 1, 1, 1, 1, 1, 1]","[0, 0, 1, 0, 0, 1, 0, 0, 0, 0, 1, 0, 0, 0, 0, 0, 0, 0, 0, 0, 0, 0, 0, 0, 0, 1, 0, 0, 0, 1, 0, 0, 0, 0, 0, 0, 0]"
1062,L2_arctic_WAV/PNV_arctic_a0030,"[56, 67, 64, 58, 54, 60, 22, 24, 55, 63, 8, 68]","[56, 67, 64, 3, 54, 60, 22, 24, 55, 63, 8, 68]","[1, 1, 1, 0, 1, 1, 1, 1, 1, 1, 1, 1]","[0, 0, 0, 1, 0, 0, 0, 0, 0, 0, 0, 0]"
1063,L2_arctic_WAV/PNV_arctic_a0031,"[63, 60, 36, 7, 22, 50, 49, 67, 8, 55, 58, 50, 8, 58, 29, 17, 50, 58, 70, 8, 48, 17, 50, 3]","[58, 60, 36, 8, 22, 50, 49, 67, 8, 55, 58, 50, 8, 58, 29, 17, 50, 70, 8, 48, 20, 50, 3]","[0, 1, 1, 0, 1, 1, 1, 1, 1, 1, 1, 1, 1, 1, 1, 1, 1, 0, 1, 1, 1, 0, 1, 1]","[1, 0, 0, 1, 0, 0, 0, 0, 0, 0, 0, 0, 0, 0, 0, 0, 0, 1, 0, 0, 0, 1, 0, 0]"
1064,L2_arctic_WAV/PNV_arctic_a0032,"[46, 24, 55, 46, 63, 52, 55, 46, 8, 68, 68, 24, 46, 3, 24, 50, 49, 8, 46, 54, 40, 50, 46, 67, 64, 70, 37, 24, 55, 54, 56, 3, 24, 10, 8, 46, 64, 3, 52, 39, 50, 49, 46, 3, 52, 48]","[46, 24, 55, 70, 63, 52, 55, 46, 8, 68, 68, 24, 46, 3, 24, 50, 49, 8, 46, 54, 16, 50, 46, 67, 64, 70, 37, 24, 55, 54, 56, 3, 24, 10, 8, 46, 64, 3, 64, 39, 50, 49, 46, 3, 52, 48]","[1, 1, 1, 0, 1, 1, 1, 1, 1, 1, 1, 1, 1, 1, 1, 1, 1, 1, 1, 1, 0, 1, 1, 1, 1, 1, 1, 1, 1, 1, 1, 1, 1, 1, 1, 1, 1, 1, 0, 1, 1, 1, 1, 1, 1, 1]","[0, 0, 0, 1, 0, 0, 0, 0, 0, 0, 0, 0, 0, 0, 0, 0, 0, 0, 0, 0, 1, 0, 0, 0, 0, 0, 0, 0, 0, 0, 0, 0, 0, 0, 0, 0, 0, 0, 1, 0, 0, 0, 0, 0, 0, 0]"
1065,L2_arctic_WAV/PNV_arctic_a0036,"[9, 49, 3, 7, 55, 58, 24, 55, 64, 3, 63, 8, 67, 14, 3, 52, 30]","[9, 49, 3, 8, 55, 58, 24, 55, 64, 3, 58, 8, 67, 14, 3, 52, 36]","[1, 1, 1, 0, 1, 1, 1, 1, 1, 1, 0, 1, 1, 1, 1, 1, 0]","[0, 0, 0, 1, 0, 0, 0, 0, 0, 0, 1, 0, 0, 0, 0, 0, 1]"
1066,L2_arctic_WAV/PNV_arctic_a0037,"[56, 36, 8, 70, 63, 49, 14, 55, 30, 49, 36, 8, 55, 67, 6, 50, 49, 68, 60, 55, 58, 46, 24, 3, 24, 10]","[56, 36, 8, 70, 70, 49, 14, 55, 30, 49, 36, 8, 55, 67, 6, 50, 49, 68, 64, 55, 58, 46, 24, 3, 24, 10]","[1, 1, 1, 1, 0, 1, 1, 1, 1, 1, 1, 1, 1, 1, 1, 1, 1, 1, 0, 1, 1, 1, 1, 1, 1, 1]","[0, 0, 0, 0, 1, 0, 0, 0, 0, 0, 0, 0, 0, 0, 0, 0, 0, 0, 1, 0, 0, 0, 0, 0, 0, 0]"
1067,L2_arctic_WAV/PNV_arctic_a0038,"[36, 24, 30, 67, 64, 39, 3, 6, 36, 17, 35, 15, 50, 35, 64, 55, 46, 24, 70]","[36, 24, 8, 67, 64, 36, 39, 3, 6, 36, 17, 9, 15, 8, 13, 64, 55, 46, 24, 46]","[1, 1, 0, 1, 1, 1, 1, 1, 1, 1, 0, 1, 0, 0, 1, 1, 1, 1, 0]","[0, 0, 1, 0, 0, 0, 0, 0, 0, 0, 1, 0, 1, 1, 0, 0, 0, 0, 1]"
1068,L2_arctic_WAV/PNV_arctic_a0039,"[63, 8, 9, 24, 48, 9, 31, 58, 37, 49, 24, 55, 36, 24, 22, 24, 55, 8, 36, 49, 28, 40, 50, 3, 52, 55, 58, 60, 70]","[58, 8, 9, 49, 48, 9, 31, 58, 37, 49, 49, 55, 36, 24, 22, 24, 55, 8, 36, 49, 28, 40, 3, 52, 55, 58, 60, 46]","[0, 1, 1, 0, 1, 1, 1, 1, 1, 1, 0, 1, 1, 1, 1, 1, 1, 1, 1, 1, 1, 1, 0, 1, 1, 1, 1, 1, 0]","[1, 0, 0, 1, 0, 0, 0, 0, 0, 0, 1, 0, 0, 0, 0, 0, 0, 0, 0, 0, 0, 0, 1, 0, 0, 0, 0, 0, 1]"
1069,L2_arctic_WAV/PNV_arctic_a0040,"[56, 46, 8, 48, 14, 70, 29, 6, 36, 8, 55, 58, 7, 36, 56, 9, 49, 24, 70, 28, 8, 68, 24, 10, 8, 48, 67, 49, 50]","[56, 46, 8, 48, 14, 70, 29, 6, 36, 8, 55, 58, 8, 36, 56, 9, 49, 24, 70, 28, 17, 68, 24, 10, 8, 48, 67, 49, 8]","[1, 1, 1, 1, 1, 1, 1, 1, 1, 1, 1, 1, 0, 1, 1, 1, 1, 1, 1, 1, 0, 1, 1, 1, 1, 1, 1, 1, 0]","[0, 0, 0, 0, 0, 0, 0, 0, 0, 0, 0, 0, 1, 0, 0, 0, 0, 0, 0, 0, 1, 0, 0, 0, 0, 0, 0, 0, 1]"
1070,L2_arctic_WAV/PNV_arctic_a0041,"[68, 49, 55, 36, 56, 30, 56, 30, 59, 14, 15, 3, 3, 6, 37, 50, 49, 63, 8, 46, 48, 52, 30]","[68, 49, 55, 36, 56, 20, 36, 59, 14, 15, 3, 3, 6, 37, 50, 49, 22, 8, 46, 48, 64, 36]","[1, 1, 1, 1, 1, 0, 0, 0, 1, 1, 1, 1, 1, 1, 1, 1, 1, 0, 1, 1, 1, 0, 0]","[0, 0, 0, 0, 0, 1, 1, 1, 0, 0, 0, 0, 0, 0, 0, 0, 0, 1, 0, 0, 0, 1, 1]"
1071,L2_arctic_WAV/PNV_arctic_a0042,"[67, 15, 28, 31, 58, 67, 49, 24, 28, 46, 48, 30, 60, 55, 67, 24, 70, 48, 8, 70, 52, 9, 8, 55, 8, 39, 63, 8, 46, 28, 52, 35]","[67, 15, 28, 31, 3, 67, 49, 24, 46, 48, 30, 60, 55, 67, 24, 70, 48, 34, 70, 52, 9, 8, 55, 40, 39, 63, 8, 46, 28, 52, 35]","[1, 1, 1, 1, 0, 1, 1, 1, 0, 1, 1, 1, 1, 1, 1, 1, 1, 1, 0, 1, 1, 1, 1, 1, 0, 1, 1, 1, 1, 1, 1, 1]","[0, 0, 0, 0, 1, 0, 0, 0, 1, 0, 0, 0, 0, 0, 0, 0, 0, 0, 1, 0, 0, 0, 0, 0, 1, 0, 0, 0, 0, 0, 0, 0]"
1072,L2_arctic_WAV/PNV_arctic_a0045,"[67, 49, 68, 6, 39, 58, 8, 36, 60, 64, 70, 28, 36, 56, 8, 3, 30, 49, 64, 70, 67, 49, 67, 64, 58, 28, 8, 68]","[67, 49, 68, 6, 58, 8, 36, 60, 64, 46, 28, 36, 56, 8, 3, 30, 49, 64, 46, 67, 49, 67, 64, 3, 28, 8, 68]","[1, 1, 1, 1, 0, 1, 1, 1, 1, 1, 0, 1, 1, 1, 1, 1, 1, 1, 1, 0, 1, 1, 1, 1, 0, 1, 1, 1]","[0, 0, 0, 0, 1, 0, 0, 0, 0, 0, 1, 0, 0, 0, 0, 0, 0, 0, 0, 1, 0, 0, 0, 0, 1, 0, 0, 0]"
1073,L2_arctic_WAV/PNV_arctic_a0046,"[63, 8, 59, 7, 30, 54, 60, 46, 3, 24, 68, 67, 7, 56, 70, 9, 56, 55, 24, 10, 36, 24, 22, 46, 8, 58, 8, 55, 54, 24, 50]","[63, 8, 59, 7, 30, 54, 60, 46, 3, 24, 68, 67, 8, 56, 26, 9, 56, 55, 24, 10, 36, 24, 22, 46, 8, 58, 8, 55, 54, 24, 8]","[1, 1, 1, 1, 1, 1, 1, 1, 1, 1, 1, 1, 0, 1, 0, 1, 1, 1, 1, 1, 1, 1, 1, 1, 1, 1, 1, 1, 1, 1, 0]","[0, 0, 0, 0, 0, 0, 0, 0, 0, 0, 0, 0, 1, 0, 1, 0, 0, 0, 0, 0, 0, 0, 0, 0, 0, 0, 0, 0, 0, 0, 1]"
1074,L2_arctic_WAV/PNV_arctic_a0047,"[28, 30, 14, 46, 37, 8, 46, 56, 58, 67, 24, 68, 59, 30, 49, 68, 58, 63, 8, 36, 56, 3, 54, 64, 10, 70, 8, 39, 63, 8, 36, 31, 30, 54, 58, 40, 59]","[28, 30, 14, 70, 37, 49, 46, 56, 3, 67, 49, 68, 28, 30, 49, 68, 58, 58, 8, 36, 56, 3, 54, 64, 55, 46, 8, 37, 63, 8, 36, 6, 54, 58, 40, 59]","[1, 1, 1, 0, 1, 0, 1, 1, 0, 1, 0, 1, 0, 1, 1, 1, 1, 0, 1, 1, 1, 1, 1, 1, 0, 0, 1, 0, 1, 1, 1, 0, 0, 1, 1, 1, 1]","[0, 0, 0, 1, 0, 1, 0, 0, 1, 0, 1, 0, 1, 0, 0, 0, 0, 1, 0, 0, 0, 0, 0, 0, 1, 1, 0, 1, 0, 0, 0, 1, 1, 0, 0, 0, 0]"
1075,L2_arctic_WAV/PNV_arctic_a0048,"[67, 49, 30, 31, 28, 3, 64, 3, 63, 8, 67, 64, 10, 28, 7, 35, 24, 54, 68, 40, 50, 28, 30, 14, 46, 30, 49]","[67, 49, 30, 31, 28, 3, 64, 3, 58, 8, 67, 64, 55, 28, 8, 35, 24, 54, 68, 40, 8, 28, 30, 14, 46, 30, 49]","[1, 1, 1, 1, 1, 1, 1, 1, 0, 1, 1, 1, 0, 1, 0, 1, 1, 1, 1, 1, 0, 1, 1, 1, 1, 1, 1]","[0, 0, 0, 0, 0, 0, 0, 0, 1, 0, 0, 0, 1, 0, 1, 0, 0, 0, 0, 0, 1, 0, 0, 0, 0, 0, 0]"
1076,L2_arctic_WAV/PNV_arctic_a0051,"[63, 49, 30, 60, 46, 36, 8, 70, 8, 39, 8, 58, 52, 30, 8, 28, 8, 3, 56, 39, 7, 50, 49, 28, 8, 30, 7, 54, 60, 55, 3, 30, 49, 3, 24, 55, 3, 24, 58, 36, 24, 22, 29, 52, 30, 14]","[58, 49, 30, 60, 70, 36, 8, 70, 40, 39, 8, 58, 52, 30, 24, 28, 8, 3, 56, 39, 8, 30, 49, 28, 8, 30, 8, 54, 64, 55, 3, 30, 49, 3, 24, 55, 3, 24, 58, 36, 24, 22, 29, 52, 30, 14]","[0, 1, 1, 1, 0, 1, 1, 1, 0, 1, 1, 1, 1, 1, 0, 1, 1, 1, 1, 1, 0, 0, 1, 1, 1, 1, 0, 1, 0, 1, 1, 1, 1, 1, 1, 1, 1, 1, 1, 1, 1, 1, 1, 1, 1, 1]","[1, 0, 0, 0, 1, 0, 0, 0, 1, 0, 0, 0, 0, 0, 1, 0, 0, 0, 0, 0, 1, 1, 0, 0, 0, 0, 1, 0, 1, 0, 0, 0, 0, 0, 0, 0, 0, 0, 0, 0, 0, 0, 0, 0, 0, 0]"
1077,L2_arctic_WAV/PNV_arctic_a0052,"[24, 3, 36, 8, 70, 8, 28, 29, 31, 50, 49, 8, 46, 28, 14, 24, 55, 46, 24, 58, 8, 55, 46]","[24, 3, 36, 8, 70, 8, 28, 29, 31, 50, 49, 8, 46, 28, 14, 49, 55, 46, 49, 58, 8, 55, 46]","[1, 1, 1, 1, 1, 1, 1, 1, 1, 1, 1, 1, 1, 1, 1, 0, 1, 1, 0, 1, 1, 1, 1]","[0, 0, 0, 0, 0, 0, 0, 0, 0, 0, 0, 0, 0, 0, 0, 1, 0, 0, 1, 0, 0, 0, 0]"
1078,L2_arctic_WAV/PNV_arctic_a0053,"[46, 8, 58, 8, 55, 30, 49, 67, 24, 70, 54, 24, 10, 59, 7, 70, 28, 30, 14, 70, 58, 3, 56, 3, 30, 49, 14, 39, 7, 63, 8, 67, 64, 10, 28, 7, 35, 24, 54]","[46, 8, 58, 8, 30, 49, 67, 24, 70, 54, 24, 10, 59, 8, 70, 28, 30, 14, 70, 58, 3, 56, 30, 49, 14, 39, 8, 58, 8, 67, 64, 10, 28, 7, 35, 24, 54]","[1, 1, 1, 1, 0, 1, 1, 1, 1, 1, 1, 1, 1, 1, 0, 1, 1, 1, 1, 1, 1, 1, 1, 0, 1, 1, 1, 1, 0, 0, 1, 1, 1, 1, 1, 1, 1, 1, 1]","[0, 0, 0, 0, 1, 0, 0, 0, 0, 0, 0, 0, 0, 0, 1, 0, 0, 0, 0, 0, 0, 0, 0, 1, 0, 0, 0, 0, 1, 1, 0, 0, 0, 0, 0, 0, 0, 0, 0]"
1079,L2_arctic_WAV/PNV_arctic_a0054,"[63, 52, 50, 36, 8, 70, 55, 8, 22, 24, 10, 17, 55, 63, 8, 50, 17, 28]","[58, 52, 50, 36, 8, 70, 55, 40, 22, 24, 10, 17, 55, 58, 8, 50, 17, 28]","[0, 1, 1, 1, 1, 1, 1, 0, 1, 1, 1, 1, 1, 0, 1, 1, 1, 1]","[1, 0, 0, 0, 0, 0, 0, 1, 0, 0, 0, 0, 0, 1, 0, 0, 0, 0]"
1080,L2_arctic_WAV/PNV_arctic_a0058,"[56, 28, 60, 68, 54, 40, 50, 24, 55, 54, 7, 68, 60, 9, 8, 55, 68, 40, 50, 15, 3, 8, 39, 28, 29, 31, 50, 49, 17, 46, 8, 3, 49, 63, 8, 55, 52, 55, 49, 22, 24, 10, 52, 30, 46]","[56, 28, 60, 68, 54, 40, 24, 55, 54, 40, 68, 60, 9, 8, 55, 68, 40, 8, 15, 3, 8, 48, 28, 29, 31, 50, 49, 17, 46, 8, 3, 49, 58, 8, 55, 52, 55, 49, 22, 24, 10, 52, 36, 46]","[1, 1, 1, 1, 1, 1, 0, 1, 1, 1, 0, 1, 1, 1, 1, 1, 1, 1, 0, 1, 1, 1, 0, 1, 1, 1, 1, 1, 1, 1, 1, 1, 1, 0, 1, 1, 1, 1, 1, 1, 1, 1, 1, 0, 1]","[0, 0, 0, 0, 0, 0, 1, 0, 0, 0, 1, 0, 0, 0, 0, 0, 0, 0, 1, 0, 0, 0, 1, 0, 0, 0, 0, 0, 0, 0, 0, 0, 0, 1, 0, 0, 0, 0, 0, 0, 0, 0, 0, 1, 0]"
1081,L2_arctic_WAV/PNV_arctic_a0059,"[67, 24, 70, 24, 68, 64, 28, 29, 6, 30, 24, 3, 8, 48, 24, 50, 8, 55, 46, 36, 8, 70, 59, 40, 55]","[67, 24, 70, 24, 68, 64, 28, 29, 6, 30, 60, 3, 8, 48, 24, 50, 8, 55, 70, 36, 8, 70, 59, 40, 55]","[1, 1, 1, 1, 1, 1, 1, 1, 1, 1, 0, 1, 1, 1, 1, 1, 1, 1, 0, 1, 1, 1, 1, 1, 1]","[0, 0, 0, 0, 0, 0, 0, 0, 0, 0, 1, 0, 0, 0, 0, 0, 0, 0, 1, 0, 0, 0, 0, 0, 0]"
1082,L2_arctic_WAV/PNV_arctic_a0060,"[52, 55, 49, 36, 60, 55, 14, 36, 8, 55, 46, 40, 67, 7, 30, 56, 28, 63, 64, 3]","[52, 55, 49, 36, 60, 55, 14, 36, 8, 55, 46, 40, 67, 8, 30, 56, 63, 64, 3]","[1, 1, 1, 1, 1, 1, 1, 1, 1, 1, 1, 1, 1, 0, 1, 1, 0, 1, 1, 1]","[0, 0, 0, 0, 0, 0, 0, 0, 0, 0, 0, 0, 0, 1, 0, 0, 1, 0, 0, 0]"
1083,L2_arctic_WAV/PNV_arctic_a0062,"[63, 8, 68, 52, 55, 46, 3, 52, 50, 58, 24, 55, 3, 6, 49, 35, 8, 63, 7, 70, 54, 60, 46]","[58, 8, 68, 64, 55, 46, 3, 52, 8, 58, 24, 55, 3, 6, 24, 35, 8, 58, 8, 46, 54, 60, 46]","[0, 1, 1, 0, 1, 1, 1, 1, 0, 1, 1, 1, 1, 1, 0, 1, 1, 0, 0, 0, 1, 1, 1]","[1, 0, 0, 1, 0, 0, 0, 0, 1, 0, 0, 0, 0, 0, 1, 0, 0, 1, 1, 1, 0, 0, 0]"
1084,L2_arctic_WAV/PNV_arctic_a0063,"[29, 52, 46, 24, 3, 36, 8, 70, 8, 68, 64, 55, 67, 6, 64, 46, 3, 8, 46, 3, 50, 60, 55, 69, 7]","[29, 52, 46, 24, 3, 36, 8, 70, 8, 68, 64, 55, 67, 6, 64, 46, 3, 8, 46, 3, 50, 60, 55, 69, 8]","[1, 1, 1, 1, 1, 1, 1, 1, 1, 1, 1, 1, 1, 1, 1, 1, 1, 1, 1, 1, 1, 1, 1, 1, 0]","[0, 0, 0, 0, 0, 0, 0, 0, 0, 0, 0, 0, 0, 0, 0, 0, 0, 0, 0, 0, 0, 0, 0, 0, 1]"
1085,L2_arctic_WAV/PNV_arctic_a0064,"[63, 8, 54, 40, 50, 22, 64, 55, 58, 54, 24, 22, 58, 60, 70, 48, 64, 46, 3, 36, 24, 22, 15, 3, 52, 55, 49, 58, 24, 39, 52, 30, 8, 48, 68, 8, 55, 3, 46]","[58, 8, 54, 40, 22, 64, 55, 58, 54, 24, 22, 58, 60, 70, 48, 20, 46, 3, 36, 24, 22, 15, 3, 52, 55, 49, 58, 24, 39, 52, 30, 8, 48, 68, 8, 55, 3, 46]","[0, 1, 1, 1, 0, 1, 1, 1, 1, 1, 1, 1, 1, 1, 1, 1, 0, 1, 1, 1, 1, 1, 1, 1, 1, 1, 1, 1, 1, 1, 1, 1, 1, 1, 1, 1, 1, 1, 1]","[1, 0, 0, 0, 1, 0, 0, 0, 0, 0, 0, 0, 0, 0, 0, 0, 1, 0, 0, 0, 0, 0, 0, 0, 0, 0, 0, 0, 0, 0, 0, 0, 0, 0, 0, 0, 0, 0, 0]"
1086,L2_arctic_WAV/PNV_arctic_a0065,"[63, 60, 28, 30, 14, 70, 58, 55, 15, 8, 55, 3, 24, 30, 67, 24, 70, 54, 24, 10, 59, 7, 70, 36, 7, 30, 56, 28, 28, 40, 50, 58, 70, 8, 39, 46, 3, 49, 30]","[58, 60, 28, 30, 14, 70, 58, 55, 15, 8, 55, 3, 24, 36, 67, 24, 70, 54, 24, 10, 59, 8, 70, 36, 8, 30, 56, 28, 28, 16, 50, 70, 8, 39, 46, 3, 49, 36]","[0, 1, 1, 1, 1, 1, 1, 1, 1, 1, 1, 1, 1, 0, 1, 1, 1, 1, 1, 1, 1, 0, 1, 1, 0, 1, 1, 1, 1, 0, 1, 0, 1, 1, 1, 1, 1, 1, 0]","[1, 0, 0, 0, 0, 0, 0, 0, 0, 0, 0, 0, 0, 1, 0, 0, 0, 0, 0, 0, 0, 1, 0, 0, 1, 0, 0, 0, 0, 1, 0, 1, 0, 0, 0, 0, 0, 0, 1]"
1087,L2_arctic_WAV/PNV_arctic_a0067,"[9, 31, 50, 30, 49, 56, 36, 24, 30, 24, 28, 46, 28, 29, 6, 70, 29, 6, 9, 49, 28, 50, 56, 58]","[9, 31, 30, 49, 56, 36, 24, 36, 24, 46, 28, 29, 6, 70, 29, 6, 9, 49, 28, 50, 56, 3]","[1, 1, 0, 1, 1, 1, 1, 1, 0, 1, 0, 1, 1, 1, 1, 1, 1, 1, 1, 1, 1, 1, 1, 0]","[0, 0, 1, 0, 0, 0, 0, 0, 1, 0, 1, 0, 0, 0, 0, 0, 0, 0, 0, 0, 0, 0, 0, 1]"
1088,L2_arctic_WAV/PNV_arctic_a0071,"[36, 8, 3, 36, 8, 70, 63, 8, 17, 37, 69, 52, 28, 3, 8, 39, 29, 31, 50, 30, 24, 3, 8, 30, 46, 52, 55, 46, 60, 9, 8, 55]","[36, 8, 3, 36, 8, 70, 70, 8, 17, 37, 69, 52, 28, 8, 39, 29, 31, 8, 30, 49, 3, 34, 36, 46, 52, 55, 46, 60, 9, 8, 55]","[1, 1, 1, 1, 1, 1, 0, 1, 1, 1, 1, 1, 1, 0, 1, 1, 1, 1, 0, 1, 0, 1, 0, 0, 1, 1, 1, 1, 1, 1, 1, 1]","[0, 0, 0, 0, 0, 0, 1, 0, 0, 0, 0, 0, 0, 1, 0, 0, 0, 0, 1, 0, 1, 0, 1, 1, 0, 0, 0, 0, 0, 0, 0, 0]"
1089,L2_arctic_WAV/PNV_arctic_a0073,"[63, 8, 48, 50, 8, 68, 14, 3, 7, 70, 56, 70, 36, 7, 67, 52, 39, 49, 36, 24, 22, 30, 24, 3, 8, 30, 48, 8, 54, 49, 37, 64, 59, 70, 8, 55, 58, 7, 63, 52, 68]","[58, 8, 37, 50, 8, 68, 14, 3, 8, 70, 56, 70, 36, 8, 67, 64, 39, 49, 36, 24, 22, 30, 24, 3, 34, 48, 8, 54, 49, 37, 64, 59, 46, 8, 55, 58, 8, 63, 52, 68]","[0, 1, 0, 1, 1, 1, 1, 1, 0, 1, 1, 1, 1, 0, 1, 0, 1, 1, 1, 1, 1, 1, 1, 1, 0, 0, 1, 1, 1, 1, 1, 1, 1, 0, 1, 1, 1, 0, 1, 1, 1]","[1, 0, 1, 0, 0, 0, 0, 0, 1, 0, 0, 0, 0, 1, 0, 1, 0, 0, 0, 0, 0, 0, 0, 0, 1, 1, 0, 0, 0, 0, 0, 0, 0, 1, 0, 0, 0, 1, 0, 0, 0]"
1090,L2_arctic_WAV/PNV_arctic_a0075,"[63, 52, 50, 67, 64, 70, 37, 24, 55, 8, 35, 60, 55, 69, 9, 49, 24, 55, 3, 7, 8, 48, 3, 24, 58, 67, 24, 68]","[63, 52, 8, 67, 64, 29, 70, 37, 24, 55, 8, 35, 60, 55, 69, 9, 49, 24, 55, 3, 7, 8, 48, 3, 24, 58, 67, 24, 68]","[1, 1, 0, 1, 1, 1, 1, 1, 1, 1, 1, 1, 1, 1, 1, 1, 1, 1, 1, 1, 1, 1, 1, 1, 1, 1, 1, 1]","[0, 0, 1, 0, 0, 0, 0, 0, 0, 0, 0, 0, 0, 0, 0, 0, 0, 0, 0, 0, 0, 0, 0, 0, 0, 0, 0, 0]"
1091,L2_arctic_WAV/PNV_arctic_a0076,"[63, 8, 59, 50, 60, 56, 70, 54, 17, 30, 3, 7, 58, 63, 8, 54, 30, 8, 9, 58, 49, 48, 8, 55, 58]","[58, 8, 59, 50, 60, 56, 70, 54, 40, 55, 3, 7, 58, 58, 8, 54, 30, 8, 9, 58, 49, 48, 8, 55, 3]","[0, 1, 1, 1, 1, 1, 1, 1, 0, 0, 1, 1, 1, 0, 1, 1, 1, 1, 1, 1, 1, 1, 1, 1, 0]","[1, 0, 0, 0, 0, 0, 0, 0, 1, 1, 0, 0, 0, 1, 0, 0, 0, 0, 0, 0, 0, 0, 0, 0, 1]"
1092,L2_arctic_WAV/PNV_arctic_a0077,"[24, 3, 24, 70, 63, 8, 54, 56, 7, 48, 17, 50, 3, 30, 49, 9, 49, 46, 52, 58]","[24, 3, 49, 70, 63, 8, 54, 56, 7, 48, 17, 3, 30, 49, 9, 49, 46, 52, 3]","[1, 1, 0, 1, 1, 1, 1, 1, 1, 1, 1, 0, 1, 1, 1, 1, 1, 1, 1, 0]","[0, 0, 1, 0, 0, 0, 0, 0, 0, 0, 0, 1, 0, 0, 0, 0, 0, 0, 0, 1]"
1093,L2_arctic_WAV/PNV_arctic_a0078,"[63, 52, 55, 64, 55, 58, 64, 3, 46, 8, 48, 7, 67, 49, 3, 50, 56, 58, 3, 6, 54, 64, 63, 8, 68, 67, 7]","[63, 52, 55, 64, 55, 58, 64, 3, 46, 8, 48, 7, 67, 49, 3, 50, 56, 58, 3, 6, 54, 64, 63, 8, 68, 67, 8]","[1, 1, 1, 1, 1, 1, 1, 1, 1, 1, 1, 1, 1, 1, 1, 1, 1, 1, 1, 1, 1, 1, 1, 1, 1, 1, 0]","[0, 0, 0, 0, 0, 0, 0, 0, 0, 0, 0, 0, 0, 0, 0, 0, 0, 0, 0, 0, 0, 0, 0, 0, 0, 0, 1]"
1094,L2_arctic_WAV/PNV_arctic_a0079,"[24, 3, 36, 17, 70, 8, 30, 17, 50, 69, 28, 8, 55, 6]","[24, 3, 36, 17, 70, 8, 30, 17, 26, 28, 8, 55, 6]","[1, 1, 1, 1, 1, 1, 1, 1, 0, 0, 1, 1, 1, 1]","[0, 0, 0, 0, 0, 0, 0, 0, 1, 1, 0, 0, 0, 0]"
1095,L2_arctic_WAV/PNV_arctic_a0081,"[36, 8, 3, 24, 54, 9, 49, 58, 24, 58, 55, 17, 3, 28, 8, 68, 3, 6, 63, 8, 50, 17, 28]","[36, 8, 3, 24, 54, 9, 49, 58, 49, 3, 55, 17, 3, 28, 8, 68, 3, 6, 58, 8, 50, 17, 28]","[1, 1, 1, 1, 1, 1, 1, 1, 0, 0, 1, 1, 1, 1, 1, 1, 1, 1, 0, 1, 1, 1, 1]","[0, 0, 0, 0, 0, 0, 0, 0, 1, 1, 0, 0, 0, 0, 0, 0, 0, 0, 1, 0, 0, 0, 0]"
1096,L2_arctic_WAV/PNV_arctic_a0082,"[67, 24, 70, 54, 60, 46, 36, 8, 70, 46, 3, 50, 49, 68, 24, 10, 36, 24, 22, 37, 30, 8, 58]","[67, 49, 46, 54, 60, 46, 36, 8, 70, 46, 3, 50, 49, 68, 24, 10, 36, 24, 3, 37, 30, 8, 3]","[1, 0, 0, 1, 1, 1, 1, 1, 1, 1, 1, 1, 1, 1, 1, 1, 1, 1, 0, 1, 1, 1, 0]","[0, 1, 1, 0, 0, 0, 0, 0, 0, 0, 0, 0, 0, 0, 0, 0, 0, 0, 1, 0, 0, 0, 1]"
1097,L2_arctic_WAV/PNV_arctic_a0085,"[8, 3, 50, 24, 28, 8, 30, 8, 39, 54, 50, 52, 9, 37, 30, 8, 58, 50, 64, 55, 14, 39, 7, 67, 24, 70, 54, 60, 46]","[8, 3, 50, 24, 28, 34, 40, 39, 54, 50, 52, 26, 48, 30, 8, 3, 50, 64, 55, 40, 36, 8, 67, 24, 70, 54, 60, 46]","[1, 1, 1, 1, 1, 0, 0, 0, 1, 1, 1, 1, 0, 0, 1, 1, 0, 1, 1, 1, 0, 0, 0, 1, 1, 1, 1, 1, 1]","[0, 0, 0, 0, 0, 1, 1, 1, 0, 0, 0, 0, 1, 1, 0, 0, 1, 0, 0, 0, 1, 1, 1, 0, 0, 0, 0, 0, 0]"
1098,L2_arctic_WAV/PNV_arctic_a0086,"[58, 52, 22, 67, 64, 58, 28, 8, 68, 36, 24, 22, 3, 52, 50, 8, 37, 8, 30, 46, 8, 58, 8, 55, 55, 8, 46]","[58, 52, 22, 67, 64, 3, 28, 8, 68, 36, 24, 22, 3, 52, 50, 8, 37, 8, 36, 46, 8, 3, 8, 55, 55, 8, 46]","[1, 1, 1, 1, 1, 0, 1, 1, 1, 1, 1, 1, 1, 1, 1, 1, 1, 1, 0, 1, 1, 0, 1, 1, 1, 1, 1]","[0, 0, 0, 0, 0, 1, 0, 0, 0, 0, 0, 0, 0, 0, 0, 0, 0, 0, 1, 0, 0, 1, 0, 0, 0, 0, 0]"
1099,L2_arctic_WAV/PNV_arctic_a0088,"[67, 49, 68, 60, 58, 9, 31, 50, 63, 64, 3, 63, 8, 68, 64, 59, 8, 70, 49, 55, 36, 8, 70, 30, 14, 58, 24, 58, 64, 55, 58, 50, 49, 70, 6, 68, 58, 67, 24, 70, 48, 64, 58, 30, 24, 10]","[67, 49, 68, 52, 3, 9, 31, 63, 20, 3, 63, 8, 68, 64, 59, 8, 70, 49, 55, 36, 8, 70, 30, 14, 58, 24, 58, 64, 55, 58, 50, 49, 70, 6, 68, 67, 24, 70, 48, 64, 3, 30, 24, 10]","[1, 1, 1, 0, 0, 1, 1, 0, 1, 0, 1, 1, 1, 1, 1, 1, 1, 1, 1, 1, 1, 1, 1, 1, 1, 1, 1, 1, 1, 1, 1, 1, 1, 1, 1, 1, 0, 1, 1, 1, 1, 1, 0, 1, 1, 1]","[0, 0, 0, 1, 1, 0, 0, 1, 0, 1, 0, 0, 0, 0, 0, 0, 0, 0, 0, 0, 0, 0, 0, 0, 0, 0, 0, 0, 0, 0, 0, 0, 0, 0, 0, 0, 1, 0, 0, 0, 0, 0, 1, 0, 0, 0]"
1100,L2_arctic_WAV/PNV_arctic_a0089,"[63, 8, 55, 56, 3, 59, 30, 14, 36, 8, 70, 3, 50, 52, 35, 7, 50, 8, 46, 3, 6, 9, 6, 3, 37, 56]","[58, 8, 55, 56, 3, 28, 30, 14, 36, 8, 70, 35, 50, 52, 35, 49, 50, 8, 46, 3, 6, 9, 6, 3, 37, 56]","[0, 1, 1, 1, 1, 0, 1, 1, 1, 1, 1, 0, 1, 1, 1, 0, 1, 1, 1, 1, 1, 1, 1, 1, 1, 1]","[1, 0, 0, 0, 0, 1, 0, 0, 0, 0, 0, 1, 0, 0, 0, 1, 0, 0, 0, 0, 0, 0, 0, 0, 0, 0]"
1101,L2_arctic_WAV/PNV_arctic_a0090,"[63, 8, 46, 24, 10, 24, 10, 39, 57, 46, 8, 48, 50, 14, 35, 3, 50, 64, 48, 8, 58, 30, 49]","[58, 8, 46, 24, 10, 24, 10, 39, 57, 46, 8, 37, 50, 14, 3, 50, 64, 48, 8, 58, 30, 49]","[0, 1, 1, 1, 1, 1, 1, 1, 1, 1, 1, 0, 1, 1, 0, 1, 1, 1, 1, 1, 1, 1, 1]","[1, 0, 0, 0, 0, 0, 0, 0, 0, 0, 0, 1, 0, 0, 1, 0, 0, 0, 0, 0, 0, 0, 0]"
1102,L2_arctic_WAV/PNV_arctic_a0091,"[67, 24, 70, 37, 30, 8, 58, 59, 50, 6, 67, 17, 3, 36, 24, 22, 50, 60, 69, 64, 3, 63, 8, 22, 40, 3]","[67, 24, 70, 37, 30, 8, 3, 59, 50, 6, 67, 40, 3, 36, 24, 3, 50, 60, 26, 64, 3, 63, 8, 22, 40, 25]","[1, 1, 1, 1, 1, 1, 0, 1, 1, 1, 1, 0, 1, 1, 1, 0, 1, 1, 0, 1, 1, 1, 1, 1, 1, 0]","[0, 0, 0, 0, 0, 0, 1, 0, 0, 0, 0, 1, 0, 0, 0, 1, 0, 0, 1, 0, 0, 0, 0, 0, 0, 1]"
1103,L2_arctic_WAV/PNV_arctic_a0092,"[67, 49, 36, 52, 55, 3, 58, 15, 55, 24, 55, 68, 24, 58, 46, 3, 50, 49, 68, 46, 7, 35, 24, 10, 63, 8, 9, 64, 58, 14, 70, 8, 39, 37, 14, 22, 9, 40, 50, 70]","[67, 49, 36, 52, 55, 3, 58, 15, 24, 55, 68, 24, 3, 46, 3, 50, 49, 68, 46, 8, 35, 24, 10, 63, 8, 9, 20, 58, 14, 70, 40, 48, 37, 14, 22, 9, 40, 50, 46]","[1, 1, 1, 1, 1, 1, 1, 1, 0, 1, 1, 1, 1, 0, 1, 1, 1, 1, 1, 1, 0, 1, 1, 1, 1, 1, 1, 0, 1, 1, 1, 0, 0, 1, 1, 1, 1, 1, 1, 0]","[0, 0, 0, 0, 0, 0, 0, 0, 1, 0, 0, 0, 0, 1, 0, 0, 0, 0, 0, 0, 1, 0, 0, 0, 0, 0, 0, 1, 0, 0, 0, 1, 1, 0, 0, 0, 0, 0, 0, 1]"
1104,L2_arctic_WAV/PNV_arctic_a0093,"[54, 40, 50, 8, 54, 31, 30, 68, 24, 55, 8, 3, 67, 49, 28, 50, 15, 35, 3, 64, 55, 58, 30, 24, 46, 8, 55, 58]","[54, 40, 8, 54, 31, 68, 24, 55, 8, 3, 67, 49, 70, 28, 50, 15, 3, 64, 55, 58, 30, 24, 46, 8, 55, 3]","[1, 1, 0, 1, 1, 1, 0, 1, 1, 1, 1, 1, 1, 1, 1, 1, 1, 0, 1, 1, 1, 1, 1, 1, 1, 1, 1, 0]","[0, 0, 1, 0, 0, 0, 1, 0, 0, 0, 0, 0, 0, 0, 0, 0, 0, 1, 0, 0, 0, 0, 0, 0, 0, 0, 0, 1]"
1105,L2_arctic_WAV/PNV_arctic_a0094,"[67, 49, 67, 64, 58, 37, 52, 50, 30, 49, 52, 55, 3, 7, 58, 63, 24, 46, 67, 36, 24, 55, 67, 49, 46, 40, 63, 8, 59, 30, 14, 8, 39, 8, 54, 56, 50]","[67, 49, 67, 64, 3, 37, 52, 30, 49, 64, 55, 3, 8, 58, 63, 24, 46, 67, 36, 24, 55, 67, 49, 46, 40, 58, 8, 28, 30, 14, 40, 37, 8, 54, 56, 8]","[1, 1, 1, 1, 0, 1, 1, 0, 1, 1, 0, 1, 1, 0, 1, 1, 1, 1, 1, 1, 1, 1, 1, 1, 1, 1, 0, 1, 0, 1, 1, 0, 0, 1, 1, 1, 0]","[0, 0, 0, 0, 1, 0, 0, 1, 0, 0, 1, 0, 0, 1, 0, 0, 0, 0, 0, 0, 0, 0, 0, 0, 0, 0, 1, 0, 1, 0, 0, 1, 1, 0, 0, 0, 1]"
1106,L2_arctic_WAV/PNV_arctic_a0095,"[8, 37, 24, 59, 28, 64, 55, 39, 8, 46, 3, 52, 55, 3, 36, 8, 70, 63, 8, 54, 7, 46, 3, 22, 24, 10, 3, 6, 28, 8, 68, 36, 24, 22, 24, 55, 67, 24, 70, 39, 24, 26, 8, 55]","[8, 37, 24, 28, 28, 64, 55, 39, 8, 46, 3, 52, 55, 3, 36, 8, 70, 63, 8, 54, 8, 46, 3, 58, 24, 10, 3, 6, 28, 8, 68, 36, 24, 22, 24, 55, 67, 24, 70, 39, 49, 26, 8, 55]","[1, 1, 1, 0, 1, 1, 1, 1, 1, 1, 1, 1, 1, 1, 1, 1, 1, 1, 1, 1, 0, 1, 1, 0, 1, 1, 1, 1, 1, 1, 1, 1, 1, 1, 1, 1, 1, 1, 1, 1, 0, 1, 1, 1]","[0, 0, 0, 1, 0, 0, 0, 0, 0, 0, 0, 0, 0, 0, 0, 0, 0, 0, 0, 0, 1, 0, 0, 1, 0, 0, 0, 0, 0, 0, 0, 0, 0, 0, 0, 0, 0, 0, 0, 0, 1, 0, 0, 0]"
1107,L2_arctic_WAV/PNV_arctic_a0096,"[48, 7, 67, 64, 48, 46, 9, 49, 67, 64, 58, 40, 50, 52, 58, 49, 68, 52, 3, 67, 7, 54, 60, 3, 8, 30, 24, 3, 8, 30, 58, 49, 48, 7, 24, 55, 63, 8, 54, 40, 50, 8, 46, 3]","[48, 8, 67, 20, 48, 46, 9, 49, 67, 64, 58, 40, 50, 52, 58, 49, 68, 52, 3, 67, 8, 54, 60, 3, 8, 30, 24, 3, 8, 30, 58, 49, 48, 8, 24, 55, 63, 8, 54, 40, 50, 8, 46, 3]","[1, 0, 1, 0, 1, 1, 1, 1, 1, 1, 1, 1, 1, 1, 1, 1, 1, 1, 1, 1, 0, 1, 1, 1, 1, 1, 1, 1, 1, 1, 1, 1, 1, 0, 1, 1, 1, 1, 1, 1, 1, 1, 1, 1]","[0, 1, 0, 1, 0, 0, 0, 0, 0, 0, 0, 0, 0, 0, 0, 0, 0, 0, 0, 0, 1, 0, 0, 0, 0, 0, 0, 0, 0, 0, 0, 0, 0, 1, 0, 0, 0, 0, 0, 0, 0, 0, 0, 0]"
1108,L2_arctic_WAV/PNV_arctic_a0097,"[63, 52, 55, 29, 6, 28, 64, 55, 7, 60, 55, 69, 29, 6, 50, 46, 52, 30, 54, 28, 8, 68, 54, 7, 3, 8, 37, 30, 49, 8, 68, 8, 10, 63, 49, 70, 50, 14, 37, 70, 24, 55, 63, 8, 37, 14]","[63, 52, 55, 69, 6, 28, 64, 55, 7, 60, 55, 26, 29, 6, 8, 46, 52, 36, 54, 28, 8, 68, 54, 7, 3, 8, 37, 30, 49, 8, 68, 40, 10, 58, 49, 70, 50, 14, 48, 46, 24, 55, 63, 8, 37, 14]","[1, 1, 1, 0, 1, 1, 1, 1, 1, 1, 1, 0, 1, 1, 0, 1, 1, 0, 1, 1, 1, 1, 1, 1, 1, 1, 1, 1, 1, 1, 1, 0, 1, 0, 1, 1, 1, 1, 0, 0, 1, 1, 1, 1, 1, 1]","[0, 0, 0, 1, 0, 0, 0, 0, 0, 0, 0, 1, 0, 0, 1, 0, 0, 1, 0, 0, 0, 0, 0, 0, 0, 0, 0, 0, 0, 0, 0, 1, 0, 1, 0, 0, 0, 0, 1, 1, 0, 0, 0, 0, 0, 0]"
1109,L2_arctic_WAV/PNV_arctic_a0098,"[9, 64, 30, 56, 28, 52, 50, 49, 29, 6]","[9, 64, 36, 56, 28, 52, 50, 49, 29, 6]","[1, 1, 0, 1, 1, 1, 1, 1, 1, 1]","[0, 0, 1, 0, 0, 0, 0, 0, 0, 0]"
1110,L2_arctic_WAV/PNV_arctic_a0099,"[8, 68, 64, 58, 8, 55, 24, 10, 69, 57, 48, 15, 55, 58, 24, 58, 24, 55, 67, 24, 70, 37, 50, 60, 55]","[8, 68, 64, 3, 8, 55, 24, 10, 69, 57, 48, 15, 58, 24, 58, 24, 55, 67, 24, 70, 37, 50, 64, 55]","[1, 1, 1, 0, 1, 1, 1, 1, 1, 1, 1, 1, 0, 1, 1, 1, 1, 1, 1, 1, 1, 1, 1, 0, 1]","[0, 0, 0, 1, 0, 0, 0, 0, 0, 0, 0, 0, 1, 0, 0, 0, 0, 0, 0, 0, 0, 0, 0, 1, 0]"
1111,L2_arctic_WAV/PNV_arctic_a0100,"[29, 6, 68, 8, 46, 3, 46, 30, 49, 48, 67, 49, 7, 69, 58]","[29, 6, 68, 8, 46, 46, 30, 49, 48, 67, 49, 8, 26, 3]","[1, 1, 1, 1, 1, 0, 1, 1, 1, 1, 1, 1, 0, 0, 0]","[0, 0, 0, 0, 0, 1, 0, 0, 0, 0, 0, 0, 1, 1, 1]"
1112,L2_arctic_WAV/PNV_arctic_a0101,"[29, 6, 29, 6, 36, 31, 58, 55, 17, 3, 28, 49, 48, 63, 8, 3, 50, 6, 22, 54, 50, 8, 68, 68, 49]","[29, 6, 29, 6, 36, 31, 58, 55, 17, 3, 28, 49, 48, 58, 8, 3, 50, 6, 22, 54, 50, 40, 68, 68, 49]","[1, 1, 1, 1, 1, 1, 1, 1, 1, 1, 1, 1, 1, 0, 1, 1, 1, 1, 1, 1, 1, 0, 1, 1, 1]","[0, 0, 0, 0, 0, 0, 0, 0, 0, 0, 0, 0, 0, 1, 0, 0, 0, 0, 0, 0, 0, 1, 0, 0, 0]"
1113,L2_arctic_WAV/PNV_arctic_a0102,"[67, 49, 36, 24, 30, 54, 17, 30, 14, 8, 46, 46, 6, 55]","[67, 49, 36, 24, 36, 54, 17, 30, 14, 8, 46, 46, 6, 55]","[1, 1, 1, 1, 0, 1, 1, 1, 1, 1, 1, 1, 1, 1]","[0, 0, 0, 0, 1, 0, 0, 0, 0, 0, 0, 0, 0, 0]"
1114,L2_arctic_WAV/PNV_arctic_a0103,"[37, 8, 3, 63, 52, 50, 28, 60, 68, 55, 14, 48, 50, 17, 68, 8, 46, 54, 50, 8, 68, 63, 8, 37, 14, 8, 39, 63, 8, 28, 8, 55, 6]","[37, 8, 3, 63, 52, 8, 28, 60, 68, 55, 14, 37, 50, 17, 68, 8, 70, 54, 50, 8, 68, 63, 8, 37, 14, 40, 54, 58, 8, 28, 8, 55, 6]","[1, 1, 1, 1, 1, 0, 1, 1, 1, 1, 1, 0, 1, 1, 1, 1, 0, 1, 1, 1, 1, 1, 1, 1, 1, 0, 0, 0, 1, 1, 1, 1, 1]","[0, 0, 0, 0, 0, 1, 0, 0, 0, 0, 0, 1, 0, 0, 0, 0, 1, 0, 0, 0, 0, 0, 0, 0, 0, 1, 1, 1, 0, 0, 0, 0, 0]"
1115,L2_arctic_WAV/PNV_arctic_a0104,"[9, 49, 36, 8, 70, 46, 30, 49, 48, 24, 10, 8, 55, 58, 7, 67, 24, 70, 48, 50, 8, 3, 52, 28, 9, 8, 55, 64, 70, 46, 36, 49, 3, 30, 49, 52, 70, 8, 35, 56, 30, 58]","[9, 49, 36, 8, 70, 46, 30, 49, 37, 24, 10, 8, 55, 58, 8, 67, 24, 70, 48, 50, 34, 3, 52, 28, 9, 8, 55, 64, 70, 46, 36, 49, 3, 30, 49, 52, 46, 8, 35, 56, 3]","[1, 1, 1, 1, 1, 1, 1, 1, 0, 1, 1, 1, 1, 1, 0, 1, 1, 1, 1, 1, 0, 1, 1, 1, 1, 1, 1, 1, 1, 1, 1, 1, 1, 1, 1, 1, 0, 1, 1, 1, 0, 0]","[0, 0, 0, 0, 0, 0, 0, 0, 1, 0, 0, 0, 0, 0, 1, 0, 0, 0, 0, 0, 1, 0, 0, 0, 0, 0, 0, 0, 0, 0, 0, 0, 0, 0, 0, 0, 1, 0, 0, 0, 1, 1]"
1116,L2_arctic_WAV/PNV_arctic_a0105,"[14, 55, 30, 49, 24, 3, 24, 70, 46, 14, 36, 8, 55, 58, 7, 54, 8, 30, 46, 14, 40, 30, 68, 14, 46, 3, 24, 68, 48, 17, 46, 8, 37, 8, 30, 3, 8, 37, 24, 30, 49, 39]","[14, 30, 49, 24, 3, 49, 70, 46, 14, 36, 40, 55, 58, 8, 54, 6, 46, 14, 40, 68, 14, 46, 3, 24, 68, 48, 17, 46, 8, 37, 8, 3, 8, 37, 24, 30, 49, 54]","[1, 0, 1, 1, 1, 1, 0, 1, 1, 1, 1, 0, 1, 1, 0, 1, 0, 0, 1, 1, 1, 0, 1, 1, 1, 1, 1, 1, 1, 1, 1, 1, 1, 1, 0, 1, 1, 1, 1, 1, 1, 0]","[0, 1, 0, 0, 0, 0, 1, 0, 0, 0, 0, 1, 0, 0, 1, 0, 1, 1, 0, 0, 0, 1, 0, 0, 0, 0, 0, 0, 0, 0, 0, 0, 0, 0, 1, 0, 0, 0, 0, 0, 0, 1]"
1117,L2_arctic_WAV/PNV_arctic_a0106,"[63, 49, 24, 68, 14, 9, 8, 55, 36, 24, 35, 9, 49, 67, 64, 58, 46, 8, 48, 50, 52, 46, 3, 37, 7, 46, 3, 54, 40, 50, 22, 55, 15, 24, 55, 8, 35, 14, 28, 24, 10, 46, 17, 37]","[63, 49, 24, 68, 14, 9, 8, 55, 36, 24, 35, 9, 49, 67, 52, 46, 8, 48, 50, 52, 46, 3, 37, 8, 46, 3, 54, 40, 22, 55, 15, 24, 55, 8, 35, 40, 28, 24, 55, 46, 40]","[1, 1, 1, 1, 1, 1, 1, 1, 1, 1, 1, 1, 1, 1, 0, 0, 1, 1, 1, 1, 1, 1, 1, 1, 0, 1, 1, 1, 1, 0, 1, 1, 1, 1, 1, 1, 1, 0, 1, 1, 0, 1, 0, 0]","[0, 0, 0, 0, 0, 0, 0, 0, 0, 0, 0, 0, 0, 0, 1, 1, 0, 0, 0, 0, 0, 0, 0, 0, 1, 0, 0, 0, 0, 1, 0, 0, 0, 0, 0, 0, 0, 1, 0, 0, 1, 0, 1, 1]"
1118,L2_arctic_WAV/PNV_arctic_a0107,"[24, 54, 29, 6, 14, 55, 30, 49, 28, 31, 58, 55, 14, 67, 15, 56, 22, 64, 10, 28, 29, 6]","[24, 54, 29, 6, 14, 30, 49, 28, 31, 55, 14, 67, 15, 56, 22, 64, 10, 28, 29, 6]","[1, 1, 1, 1, 1, 0, 1, 1, 1, 1, 0, 1, 1, 1, 1, 1, 1, 1, 1, 1, 1, 1]","[0, 0, 0, 0, 0, 1, 0, 0, 0, 0, 1, 0, 0, 0, 0, 0, 0, 0, 0, 0, 0, 0]"
1119,L2_arctic_WAV/PNV_arctic_a0108,"[67, 49, 36, 60, 58, 24, 58, 24, 55, 3, 6, 63, 8, 52, 69, 8, 39, 63, 8, 36, 40, 3, 7, 64, 55, 58, 37, 49, 59, 64, 55, 46, 28, 50, 8, 37, 24, 10, 67, 24, 68, 46, 52, 30, 54]","[67, 49, 36, 60, 58, 24, 3, 24, 55, 3, 6, 63, 8, 52, 26, 8, 39, 58, 8, 36, 40, 3, 8, 64, 55, 37, 49, 59, 64, 55, 9, 50, 8, 37, 24, 67, 24, 68, 46, 52, 36, 54]","[1, 1, 1, 1, 1, 1, 0, 1, 1, 1, 1, 1, 1, 1, 0, 1, 1, 0, 1, 1, 1, 1, 0, 1, 1, 0, 1, 1, 1, 1, 1, 0, 0, 1, 1, 1, 1, 0, 1, 1, 1, 1, 1, 0, 1]","[0, 0, 0, 0, 0, 0, 1, 0, 0, 0, 0, 0, 0, 0, 1, 0, 0, 1, 0, 0, 0, 0, 1, 0, 0, 1, 0, 0, 0, 0, 0, 1, 1, 0, 0, 0, 0, 1, 0, 0, 0, 0, 0, 1, 0]"
1120,L2_arctic_WAV/PNV_arctic_a0109,"[58, 6, 29, 6, 55, 14, 63, 64, 3, 29, 6, 17, 50, 9, 60, 28, 24, 10, 68, 56, 28, 17, 55, 54, 8, 58, 8, 55, 46, 24, 55, 29, 6]","[58, 6, 29, 31, 55, 14, 63, 52, 3, 29, 6, 17, 9, 52, 28, 24, 55, 68, 56, 28, 17, 54, 8, 58, 8, 55, 70, 24, 55, 29, 6]","[1, 1, 1, 0, 1, 1, 1, 0, 1, 1, 1, 1, 0, 1, 0, 1, 1, 0, 1, 1, 1, 1, 0, 1, 1, 1, 1, 1, 0, 1, 1, 1, 1]","[0, 0, 0, 1, 0, 0, 0, 1, 0, 0, 0, 0, 1, 0, 1, 0, 0, 1, 0, 0, 0, 0, 1, 0, 0, 0, 0, 0, 1, 0, 0, 0, 0]"
1121,L2_arctic_WAV/PNV_arctic_a0111,"[24, 55, 46, 3, 52, 58, 67, 49, 69, 57, 55, 58, 67, 7, 64, 55, 58, 63, 60, 60, 3, 30, 56, 28, 3, 6, 67, 8, 10, 59, 50, 49, 35, 24, 30, 58, 50, 8, 55]","[24, 55, 46, 3, 52, 67, 49, 69, 57, 55, 58, 8, 64, 55, 63, 60, 60, 3, 30, 56, 3, 6, 67, 8, 59, 50, 49, 35, 24, 36, 26, 50, 8, 55]","[1, 1, 1, 1, 1, 0, 1, 1, 1, 1, 1, 1, 0, 0, 1, 1, 0, 1, 1, 1, 1, 1, 1, 0, 1, 1, 1, 1, 0, 1, 1, 1, 1, 1, 0, 0, 1, 1, 1]","[0, 0, 0, 0, 0, 1, 0, 0, 0, 0, 0, 0, 1, 1, 0, 0, 1, 0, 0, 0, 0, 0, 0, 1, 0, 0, 0, 0, 1, 0, 0, 0, 0, 0, 1, 1, 0, 0, 0]"
1122,L2_arctic_WAV/PNV_arctic_a0112,"[67, 49, 36, 8, 70, 36, 6, 55, 58, 24, 58, 24, 55, 63, 49, 17, 50, 68]","[67, 49, 36, 8, 70, 36, 6, 55, 58, 24, 3, 24, 55, 29, 49, 64, 68]","[1, 1, 1, 1, 1, 1, 1, 1, 1, 1, 0, 1, 1, 0, 1, 0, 0, 1]","[0, 0, 0, 0, 0, 0, 0, 0, 0, 0, 1, 0, 0, 1, 0, 1, 1, 0]"
1123,L2_arctic_WAV/PNV_arctic_a0113,"[56, 46, 8, 48, 14, 70, 29, 6, 48, 24, 28, 3, 63, 64, 3, 30, 24, 10, 59, 14, 8, 48, 8, 68, 8, 10, 63, 49, 24, 55, 58, 49, 8, 55, 70]","[56, 46, 8, 48, 14, 70, 29, 6, 48, 24, 28, 3, 63, 52, 3, 30, 24, 10, 59, 14, 8, 48, 8, 68, 40, 10, 58, 49, 24, 55, 58, 49, 8, 55, 46]","[1, 1, 1, 1, 1, 1, 1, 1, 1, 1, 1, 1, 1, 0, 1, 1, 1, 1, 1, 1, 1, 1, 1, 1, 0, 1, 0, 1, 1, 1, 1, 1, 1, 1, 0]","[0, 0, 0, 0, 0, 0, 0, 0, 0, 0, 0, 0, 0, 1, 0, 0, 0, 0, 0, 0, 0, 0, 0, 0, 1, 0, 1, 0, 0, 0, 0, 0, 0, 0, 1]"
1124,L2_arctic_WAV/PNV_arctic_a0115,"[67, 49, 67, 64, 58, 55, 14, 24, 28, 46, 28, 29, 6, 70, 54, 40, 50, 63, 8, 54, 49, 30, 24, 10, 70, 67, 36, 24, 35, 36, 7, 7, 15, 70, 58, 24, 55, 67, 24, 68]","[67, 49, 67, 52, 58, 55, 14, 24, 46, 28, 29, 6, 70, 54, 40, 8, 63, 8, 54, 49, 31, 30, 24, 70, 67, 36, 24, 35, 36, 8, 7, 15, 70, 58, 24, 55, 67, 24, 68]","[1, 1, 1, 0, 1, 1, 1, 1, 0, 1, 1, 1, 1, 1, 1, 1, 0, 1, 1, 1, 1, 1, 1, 0, 1, 1, 1, 1, 1, 1, 0, 1, 1, 1, 1, 1, 1, 1, 1, 1]","[0, 0, 0, 1, 0, 0, 0, 0, 1, 0, 0, 0, 0, 0, 0, 0, 1, 0, 0, 0, 0, 0, 0, 1, 0, 0, 0, 0, 0, 0, 1, 0, 0, 0, 0, 0, 0, 0, 0, 0]"
1125,L2_arctic_WAV/PNV_arctic_a0116,"[36, 8, 70, 24, 3, 63, 8, 50, 17, 55, 58, 24, 39, 6, 8, 39, 63, 14, 70, 67, 6, 36, 7, 46, 3, 50, 56, 39, 24, 10, 3, 6, 36, 7, 28, 67, 24, 70, 50, 6, 8, 55]","[36, 8, 70, 24, 58, 8, 50, 64, 55, 58, 24, 39, 6, 17, 39, 63, 14, 70, 67, 6, 36, 43, 3, 9, 50, 56, 39, 24, 10, 3, 6, 36, 31, 28, 67, 24, 46, 50, 6, 55]","[1, 1, 1, 1, 0, 0, 1, 1, 0, 1, 1, 1, 1, 1, 0, 1, 1, 1, 1, 1, 1, 1, 0, 0, 1, 1, 1, 1, 1, 1, 1, 1, 1, 0, 1, 1, 1, 0, 1, 1, 0, 1]","[0, 0, 0, 0, 1, 1, 0, 0, 1, 0, 0, 0, 0, 0, 1, 0, 0, 0, 0, 0, 0, 0, 1, 1, 1, 0, 0, 0, 0, 0, 0, 0, 0, 1, 0, 0, 0, 1, 0, 0, 1, 0]"
1126,L2_arctic_WAV/PNV_arctic_a0117,"[9, 49, 64, 58, 24, 58, 36, 24, 22, 69, 52, 55, 29, 8, 36, 8, 55, 46, 24, 68, 48, 8, 22, 49, 24, 55, 67, 7, 54, 60, 46, 64, 55, 58, 39, 57, 46]","[9, 49, 64, 3, 24, 58, 36, 24, 69, 52, 55, 29, 8, 36, 8, 55, 46, 24, 68, 37, 8, 22, 49, 24, 55, 8, 54, 60, 46, 55, 39, 57, 46]","[1, 1, 1, 0, 1, 1, 1, 1, 0, 1, 1, 1, 1, 1, 1, 1, 1, 1, 1, 1, 0, 1, 1, 1, 1, 1, 0, 0, 1, 1, 1, 0, 1, 0, 1, 1, 1]","[0, 0, 0, 1, 0, 0, 0, 0, 1, 0, 0, 0, 0, 0, 0, 0, 0, 0, 0, 0, 1, 0, 0, 0, 0, 0, 1, 1, 0, 0, 0, 1, 0, 1, 0, 0, 0]"
1127,L2_arctic_WAV/PNV_arctic_a0120,"[68, 56, 50, 56, 3, 54, 31, 3, 54, 49, 30, 70, 30, 56, 28, 63, 64, 3, 8, 39, 8, 35, 56, 55, 49, 70, 58, 52, 37, 29, 8, 3, 17, 55, 3]","[68, 56, 50, 56, 3, 54, 6, 3, 54, 49, 36, 70, 30, 56, 63, 64, 3, 8, 39, 8, 35, 60, 55, 49, 70, 58, 52, 37, 6, 3, 52, 55, 3]","[1, 1, 1, 1, 1, 1, 0, 1, 1, 1, 0, 1, 1, 1, 0, 1, 1, 1, 1, 1, 1, 1, 0, 1, 1, 1, 1, 1, 1, 0, 0, 1, 0, 1, 1]","[0, 0, 0, 0, 0, 0, 1, 0, 0, 0, 1, 0, 0, 0, 1, 0, 0, 0, 0, 0, 0, 0, 1, 0, 0, 0, 0, 0, 0, 1, 1, 0, 1, 0, 0]"
1128,L2_arctic_WAV/PNV_arctic_a0121,"[63, 60, 60, 3, 58, 24, 55, 7, 64, 3, 63, 8, 54, 24, 54, 22, 64, 55, 58, 50, 52, 46, 3, 24, 58, 54, 40, 50, 3, 6, 15, 7, 70]","[58, 60, 60, 3, 58, 24, 55, 31, 52, 58, 8, 54, 24, 54, 22, 64, 58, 50, 52, 46, 3, 24, 58, 54, 40, 3, 6, 15, 8, 70]","[0, 1, 1, 1, 1, 1, 1, 0, 0, 0, 0, 1, 1, 1, 1, 1, 1, 0, 1, 1, 1, 1, 1, 1, 1, 1, 1, 0, 1, 1, 1, 0, 1]","[1, 0, 0, 0, 0, 0, 0, 1, 1, 1, 1, 0, 0, 0, 0, 0, 0, 1, 0, 0, 0, 0, 0, 0, 0, 0, 0, 1, 0, 0, 0, 1, 0]"
1129,L2_arctic_WAV/PNV_arctic_a0122,"[3, 6, 29, 49, 50, 70, 8, 59, 14, 56, 59, 60, 39, 8, 48, 46, 24, 39, 8, 30, 24, 70, 60, 9, 8, 55, 54, 40, 50, 63, 24, 46]","[3, 6, 29, 49, 24, 70, 8, 59, 14, 56, 59, 64, 39, 8, 48, 46, 24, 39, 8, 30, 56, 70, 60, 9, 8, 55, 54, 8, 63, 24, 46]","[1, 1, 1, 1, 0, 1, 1, 1, 1, 1, 1, 0, 1, 1, 1, 1, 1, 1, 1, 1, 0, 1, 1, 1, 1, 1, 1, 0, 0, 1, 1, 1]","[0, 0, 0, 0, 1, 0, 0, 0, 0, 0, 0, 1, 0, 0, 0, 0, 0, 0, 0, 0, 1, 0, 0, 0, 0, 0, 0, 1, 1, 0, 0, 0]"
1130,L2_arctic_WAV/PNV_arctic_a0123,"[9, 49, 67, 64, 58, 58, 56, 58, 54, 50, 8, 68, 28, 14, 30, 58, 64, 55, 58, 46, 3, 17, 50, 39, 60, 9, 8, 55]","[9, 49, 67, 52, 58, 58, 56, 58, 54, 50, 8, 68, 28, 14, 58, 52, 55, 46, 3, 17, 39, 60, 9, 8, 55]","[1, 1, 1, 0, 1, 1, 1, 1, 1, 1, 1, 1, 1, 1, 0, 1, 0, 1, 0, 1, 1, 1, 0, 1, 1, 1, 1, 1]","[0, 0, 0, 1, 0, 0, 0, 0, 0, 0, 0, 0, 0, 0, 1, 0, 1, 0, 1, 0, 0, 0, 1, 0, 0, 0, 0, 0]"
1131,L2_arctic_WAV/PNV_arctic_a0125,"[67, 49, 36, 8, 70, 58, 24, 3, 7, 68, 8, 55, 58, 55, 15, 3, 6, 68, 60, 55, 3, 60, 55, 8, 68, 40, 50, 46, 7, 3, 8, 55, 67, 14, 30, 58, 8, 48, 17, 55, 67, 24, 68, 46, 52, 30, 54]","[67, 49, 36, 8, 70, 63, 49, 3, 8, 68, 8, 55, 58, 15, 3, 6, 68, 52, 55, 3, 52, 55, 8, 68, 40, 8, 46, 8, 3, 8, 55, 67, 14, 55, 58, 8, 48, 40, 67, 24, 68, 46, 52, 36, 54]","[1, 1, 1, 1, 1, 0, 0, 1, 0, 1, 1, 1, 1, 0, 1, 1, 1, 1, 0, 1, 1, 0, 1, 1, 1, 1, 0, 1, 0, 1, 1, 1, 1, 1, 0, 1, 1, 1, 0, 0, 1, 1, 1, 1, 1, 0, 1]","[0, 0, 0, 0, 0, 1, 1, 0, 1, 0, 0, 0, 0, 1, 0, 0, 0, 0, 1, 0, 0, 1, 0, 0, 0, 0, 1, 0, 1, 0, 0, 0, 0, 0, 1, 0, 0, 0, 1, 1, 0, 0, 0, 0, 0, 1, 0]"
1132,L2_arctic_WAV/PNV_arctic_a0126,"[49, 35, 58, 60, 9, 49, 37, 49, 28, 60, 68, 8, 68, 40, 50, 39, 56, 3, 8, 30, 48, 17, 50, 3, 8, 39, 67, 24, 68]","[49, 9, 58, 60, 9, 49, 37, 49, 28, 60, 68, 8, 68, 40, 39, 56, 3, 8, 48, 17, 50, 3, 8, 39, 67, 24, 68]","[1, 0, 1, 1, 1, 1, 1, 1, 1, 1, 1, 1, 1, 1, 0, 1, 1, 1, 1, 0, 1, 1, 1, 1, 1, 1, 1, 1, 1]","[0, 1, 0, 0, 0, 0, 0, 0, 0, 0, 0, 0, 0, 0, 1, 0, 0, 0, 0, 1, 0, 0, 0, 0, 0, 0, 0, 0, 0]"
1133,L2_arctic_WAV/PNV_arctic_a0127,"[24, 3, 36, 8, 70, 8, 3, 52, 68, 3, 60, 9, 8, 55, 37, 8, 3, 67, 49, 50, 49, 70, 24, 46, 3, 24, 58, 24, 3]","[24, 36, 8, 70, 8, 3, 52, 68, 3, 60, 9, 8, 55, 37, 8, 3, 67, 49, 50, 49, 46, 24, 46, 3, 24, 58, 24, 3]","[1, 0, 1, 1, 1, 1, 1, 1, 1, 1, 1, 1, 1, 1, 1, 1, 1, 1, 1, 1, 1, 0, 1, 1, 1, 1, 1, 1, 1]","[0, 1, 0, 0, 0, 0, 0, 0, 0, 0, 0, 0, 0, 0, 0, 0, 0, 0, 0, 0, 0, 1, 0, 0, 0, 0, 0, 0, 0]"
1134,L2_arctic_WAV/PNV_arctic_a0128,"[63, 24, 46, 36, 8, 55, 67, 14, 48, 36, 8, 70, 58, 24, 46, 3, 50, 57, 58, 52, 70, 28, 36, 24, 28, 30, 49, 64, 70, 24, 3, 36, 8, 70, 37, 40, 50, 55]","[58, 8, 36, 8, 55, 67, 14, 48, 36, 8, 70, 63, 24, 46, 3, 50, 57, 58, 52, 70, 28, 36, 24, 28, 30, 49, 64, 70, 24, 70, 36, 8, 70, 37, 40, 55]","[0, 0, 0, 1, 1, 1, 1, 1, 1, 1, 1, 1, 0, 1, 1, 1, 1, 1, 1, 1, 1, 1, 1, 1, 1, 1, 1, 1, 1, 1, 0, 1, 1, 1, 1, 1, 0, 1]","[1, 1, 1, 0, 0, 0, 0, 0, 0, 0, 0, 0, 1, 0, 0, 0, 0, 0, 0, 0, 0, 0, 0, 0, 0, 0, 0, 0, 0, 0, 1, 0, 0, 0, 0, 0, 1, 0]"
1135,L2_arctic_WAV/PNV_arctic_a0129,"[67, 7, 54, 60, 46, 36, 8, 70, 8, 59, 60, 55, 46, 3, 67, 24, 70, 37, 50, 52, 46, 3]","[67, 8, 54, 60, 70, 36, 8, 70, 8, 59, 60, 55, 70, 67, 24, 70, 37, 50, 52, 46, 3]","[1, 0, 1, 1, 0, 1, 1, 1, 1, 1, 1, 1, 0, 0, 1, 1, 1, 1, 1, 1, 1, 1]","[0, 1, 0, 0, 1, 0, 0, 0, 0, 0, 0, 0, 1, 1, 0, 0, 0, 0, 0, 0, 0, 0]"
1136,L2_arctic_WAV/PNV_arctic_a0130,"[9, 49, 36, 8, 70, 67, 24, 70, 55, 15, 54, 7, 52, 39, 7]","[9, 49, 36, 8, 70, 67, 24, 46, 55, 15, 54, 7, 52, 39, 8]","[1, 1, 1, 1, 1, 1, 1, 0, 1, 1, 1, 1, 1, 1, 0]","[0, 0, 0, 0, 0, 0, 0, 1, 0, 0, 0, 0, 0, 0, 1]"
1137,L2_arctic_WAV/PNV_arctic_a0131,"[48, 50, 17, 39, 8, 58, 8, 55, 46, 67, 64, 58, 58, 24, 30, 24, 39, 7, 58, 67, 24, 68, 22, 50, 6, 63, 8, 68, 60, 30, 46, 3, 50, 8, 68]","[37, 50, 17, 39, 8, 58, 8, 55, 70, 67, 52, 3, 58, 24, 30, 49, 39, 8, 58, 67, 24, 68, 54, 50, 6, 58, 8, 68, 64, 36, 46, 3, 50, 8, 68]","[0, 1, 1, 1, 1, 1, 1, 1, 0, 1, 0, 0, 1, 1, 1, 0, 1, 0, 1, 1, 1, 1, 0, 1, 1, 0, 1, 1, 0, 0, 1, 1, 1, 1, 1]","[1, 0, 0, 0, 0, 0, 0, 0, 1, 0, 1, 1, 0, 0, 0, 1, 0, 1, 0, 0, 0, 0, 1, 0, 0, 1, 0, 0, 1, 1, 0, 0, 0, 0, 0]"
1138,L2_arctic_WAV/PNV_arctic_a0134,"[67, 49, 14, 37, 60, 58, 63, 8, 48, 50, 52, 9, 7, 8, 39, 67, 7, 67, 64, 55, 58]","[67, 49, 17, 37, 60, 58, 58, 8, 37, 50, 52, 9, 8, 8, 39, 67, 8, 67, 52, 55]","[1, 1, 0, 1, 1, 1, 0, 1, 0, 1, 1, 1, 0, 1, 1, 1, 0, 1, 0, 1, 0]","[0, 0, 1, 0, 0, 0, 1, 0, 1, 0, 0, 0, 1, 0, 0, 0, 1, 0, 1, 0, 1]"
1139,L2_arctic_WAV/PNV_arctic_a0136,"[8, 37, 15, 3, 67, 24, 68, 52, 39, 50, 49, 36, 52, 50, 36, 7, 63, 8, 52, 39, 8, 58, 8, 55, 46, 8, 70, 8, 39, 30, 8, 59, 26, 7, 49, 64, 55, 58, 8, 39, 60, 69]","[8, 37, 14, 39, 24, 68, 52, 39, 50, 49, 36, 52, 8, 36, 31, 58, 8, 52, 39, 8, 58, 8, 55, 46, 8, 70, 8, 39, 30, 8, 59, 46, 7, 49, 64, 58, 8, 39, 60, 26]","[1, 1, 0, 0, 0, 1, 1, 1, 1, 1, 1, 1, 1, 0, 1, 0, 0, 1, 1, 1, 1, 1, 1, 1, 1, 1, 1, 1, 1, 1, 1, 1, 0, 1, 1, 1, 0, 1, 1, 1, 1, 0]","[0, 0, 1, 1, 1, 0, 0, 0, 0, 0, 0, 0, 0, 1, 0, 1, 1, 0, 0, 0, 0, 0, 0, 0, 0, 0, 0, 0, 0, 0, 0, 0, 1, 0, 0, 0, 1, 0, 0, 0, 0, 1]"
1140,L2_arctic_WAV/PNV_arctic_a0137,"[63, 52, 55, 67, 49, 46, 3, 52, 48, 3, 37, 64, 28, 36, 24, 22, 8, 30, 14, 28, 50, 56, 8, 39, 48, 30, 52, 26, 7]","[63, 52, 55, 49, 46, 3, 52, 48, 3, 37, 51, 28, 36, 24, 22, 8, 30, 14, 28, 50, 56, 58, 8, 37, 30, 52, 26, 8]","[1, 1, 1, 0, 1, 1, 1, 1, 1, 1, 1, 0, 1, 1, 1, 1, 1, 1, 1, 1, 1, 1, 1, 0, 0, 1, 1, 1, 0]","[0, 0, 0, 1, 0, 0, 0, 0, 0, 0, 0, 1, 0, 0, 0, 0, 0, 0, 0, 0, 0, 0, 1, 1, 1, 0, 0, 0, 1]"
1141,L2_arctic_WAV/PNV_arctic_a0139,"[67, 49, 3, 14, 30, 58, 67, 24, 68, 46, 52, 30, 54, 63, 64, 3, 64, 70, 67, 49, 36, 17, 9, 3, 67, 24, 68, 46, 52, 30, 54, 64, 55, 58, 59, 50, 6, 68, 58, 67, 24, 70, 58, 24, 9, 52, 39, 8, 30, 58, 28, 30, 14, 70]","[67, 49, 3, 14, 55, 58, 67, 24, 68, 46, 52, 39, 63, 64, 3, 64, 70, 67, 49, 36, 17, 9, 67, 24, 68, 46, 52, 8, 39, 52, 55, 28, 50, 31, 68, 58, 67, 24, 70, 58, 24, 9, 52, 39, 8, 58, 28, 30, 14, 70]","[1, 1, 1, 1, 0, 1, 1, 1, 1, 1, 1, 0, 0, 1, 1, 1, 1, 1, 1, 1, 1, 1, 1, 0, 1, 1, 1, 1, 1, 0, 0, 0, 1, 0, 0, 1, 0, 1, 1, 1, 1, 1, 1, 1, 1, 1, 1, 1, 0, 1, 1, 1, 1, 1]","[0, 0, 0, 0, 1, 0, 0, 0, 0, 0, 0, 1, 1, 0, 0, 0, 0, 0, 0, 0, 0, 0, 0, 1, 0, 0, 0, 0, 0, 1, 1, 1, 0, 1, 1, 0, 1, 0, 0, 0, 0, 0, 0, 0, 0, 0, 0, 0, 1, 0, 0, 0, 0, 0]"
1142,L2_arctic_WAV/PNV_arctic_a0168,"[8, 30, 14, 37, 31, 9, 36, 24, 48, 3, 67, 24, 68, 24, 55, 63, 8, 54, 60, 46, 64, 55, 58, 30, 52, 54, 3, 55, 14, 46, 3, 24, 10]","[8, 30, 14, 37, 31, 9, 36, 24, 48, 3, 67, 24, 68, 24, 55, 58, 8, 54, 60, 70, 52, 30, 52, 54, 55, 14, 46, 22, 24, 10]","[1, 1, 1, 1, 1, 1, 1, 1, 1, 1, 1, 1, 1, 1, 1, 0, 1, 1, 1, 0, 0, 0, 0, 1, 1, 1, 0, 1, 1, 1, 0, 1, 1]","[0, 0, 0, 0, 0, 0, 0, 0, 0, 0, 0, 0, 0, 0, 0, 1, 0, 0, 0, 1, 1, 1, 1, 0, 0, 0, 1, 0, 0, 0, 1, 0, 0]"
1143,L2_arctic_WAV/PNV_arctic_a0178,"[52, 39, 50, 49, 37, 14, 55, 24, 55, 67, 7, 60, 69, 58, 37, 17, 58, 49, 46, 49, 68, 58, 37, 50, 14, 28, 8, 55, 40, 50, 58, 24, 46, 30, 14, 28, 60, 3, 24, 58]","[52, 39, 50, 49, 37, 14, 55, 58, 24, 55, 67, 8, 60, 26, 37, 8, 58, 49, 46, 49, 37, 50, 40, 28, 8, 55, 40, 58, 24, 46, 30, 14, 28, 60, 3, 24, 58]","[1, 1, 1, 1, 1, 1, 1, 1, 1, 1, 0, 1, 0, 0, 1, 0, 1, 1, 1, 1, 0, 0, 1, 1, 0, 1, 1, 1, 1, 0, 1, 1, 1, 1, 1, 1, 1, 1, 1, 1]","[0, 0, 0, 0, 0, 0, 0, 0, 0, 0, 1, 0, 1, 1, 0, 1, 0, 0, 0, 0, 1, 1, 0, 0, 1, 0, 0, 0, 0, 1, 0, 0, 0, 0, 0, 0, 0, 0, 0, 0]"
1144,L2_arctic_WAV/PNV_arctic_a0209,"[24, 3, 36, 8, 70, 55, 17, 3, 8, 30, 17, 50, 69, 30, 60, 28, 64, 55, 58, 40, 30, 68, 14, 46, 3, 50, 15, 55, 58]","[24, 36, 8, 70, 55, 17, 3, 8, 30, 17, 26, 30, 60, 28, 64, 55, 40, 68, 14, 46, 50, 15, 58]","[1, 0, 1, 1, 1, 1, 1, 1, 1, 1, 1, 0, 0, 1, 1, 1, 1, 1, 0, 1, 0, 1, 1, 1, 0, 1, 1, 0, 1]","[0, 1, 0, 0, 0, 0, 0, 0, 0, 0, 0, 1, 1, 0, 0, 0, 0, 0, 1, 0, 1, 0, 0, 0, 1, 0, 0, 1, 0]"
1145,L2_arctic_WAV/PNV_arctic_a0225,"[56, 36, 8, 70, 37, 50, 40, 3, 8, 48, 63, 8, 36, 60, 68, 14, 46, 59, 7, 30, 70, 24, 55, 67, 8, 36, 56, 49, 17, 50, 37, 50, 40, 3, 8, 48]","[56, 36, 8, 70, 37, 50, 40, 3, 8, 48, 63, 8, 36, 60, 68, 14, 46, 59, 7, 70, 24, 55, 8, 67, 8, 36, 56, 49, 17, 37, 50, 40, 3, 8, 48]","[1, 1, 1, 1, 1, 1, 1, 1, 1, 1, 1, 1, 1, 1, 1, 1, 1, 1, 1, 0, 1, 1, 1, 1, 1, 1, 1, 1, 1, 0, 1, 1, 1, 1, 1, 1]","[0, 0, 0, 0, 0, 0, 0, 0, 0, 0, 0, 0, 0, 0, 0, 0, 0, 0, 0, 1, 0, 0, 0, 0, 0, 0, 0, 0, 0, 1, 0, 0, 0, 0, 0, 0]"
1146,L2_arctic_WAV/PNV_arctic_a0260,"[55, 14, 37, 8, 58, 49, 55, 6, 67, 24, 70, 67, 24, 46, 3, 7, 49, 63, 60, 8, 39, 63, 8, 67, 31, 55, 3, 8, 30, 49, 46, 3, 8, 39, 40, 30]","[55, 14, 37, 8, 58, 49, 55, 6, 67, 24, 70, 67, 24, 46, 7, 49, 63, 60, 17, 54, 63, 8, 67, 31, 55, 3, 8, 30, 24, 46, 3, 8, 39, 40]","[1, 1, 1, 1, 1, 1, 1, 1, 1, 1, 1, 1, 1, 1, 0, 1, 1, 1, 1, 0, 0, 1, 1, 1, 1, 1, 1, 1, 1, 0, 1, 1, 1, 1, 1, 0]","[0, 0, 0, 0, 0, 0, 0, 0, 0, 0, 0, 0, 0, 0, 1, 0, 0, 0, 0, 1, 1, 0, 0, 0, 0, 0, 0, 0, 0, 1, 0, 0, 0, 0, 0, 1]"
1147,L2_arctic_WAV/PNV_arctic_a0271,"[55, 15, 48, 30, 49, 70, 59, 24, 39, 8, 48, 30, 60, 55, 46, 3, 60, 3, 68, 8, 55, 3, 8, 39, 36, 8, 3, 8, 28, 7, 58]","[55, 15, 48, 30, 49, 70, 59, 24, 39, 8, 48, 30, 52, 55, 46, 3, 60, 3, 68, 8, 55, 8, 37, 36, 17, 3, 8, 28, 7, 58]","[1, 1, 1, 1, 1, 1, 1, 1, 1, 1, 1, 1, 0, 1, 1, 1, 1, 1, 1, 1, 1, 0, 1, 0, 1, 0, 1, 1, 1, 1, 1]","[0, 0, 0, 0, 0, 0, 0, 0, 0, 0, 0, 0, 1, 0, 0, 0, 0, 0, 0, 0, 0, 1, 0, 1, 0, 1, 0, 0, 0, 0, 0]"
1148,L2_arctic_WAV/PNV_arctic_a0364,"[36, 49, 67, 64, 39, 48, 30, 52, 55, 3, 49, 8, 39, 28, 64, 48, 24, 3, 8, 30, 15, 7, 46, 52, 30, 39, 70, 64, 55, 58, 29, 52, 3, 36, 49, 36, 17, 55, 3, 68, 40, 50]","[36, 49, 67, 8, 48, 30, 52, 55, 3, 49, 8, 28, 64, 37, 24, 3, 8, 15, 8, 46, 52, 36, 39, 70, 52, 55, 29, 52, 3, 36, 36, 17, 55, 3, 68, 40]","[1, 1, 1, 0, 0, 1, 1, 1, 1, 1, 1, 1, 0, 1, 1, 0, 1, 1, 1, 0, 1, 0, 1, 1, 0, 1, 1, 0, 1, 0, 1, 1, 1, 1, 0, 1, 1, 1, 1, 1, 1, 0]","[0, 0, 0, 1, 1, 0, 0, 0, 0, 0, 0, 0, 1, 0, 0, 1, 0, 0, 0, 1, 0, 1, 0, 0, 1, 0, 0, 1, 0, 1, 0, 0, 0, 0, 1, 0, 0, 0, 0, 0, 0, 1]"
1149,L2_arctic_WAV/PNV_arctic_a0375,"[63, 8, 37, 31, 35, 7, 70, 64, 55, 58, 68, 49, 3, 28, 8, 3, 7, 70, 50, 24, 54, 29, 6, 70, 58, 3, 6, 67, 64, 55, 58, 8, 30, 68, 49, 3, 58, 52, 46, 3, 24, 55, 58, 54, 40, 50, 8, 55, 54, 52, 50, 50, 52, 46, 3, 50, 17, 55, 3, 46]","[58, 8, 37, 8, 35, 8, 70, 52, 55, 68, 49, 3, 28, 8, 3, 30, 8, 70, 50, 24, 54, 29, 6, 70, 58, 3, 6, 67, 60, 55, 58, 8, 68, 49, 3, 58, 52, 46, 3, 24, 55, 58, 54, 40, 8, 55, 54, 52, 50, 50, 52, 9, 50, 17, 55, 3, 46]","[0, 1, 1, 0, 1, 0, 1, 0, 1, 0, 1, 1, 1, 1, 1, 1, 0, 1, 1, 1, 1, 1, 1, 1, 1, 1, 1, 1, 0, 1, 1, 1, 0, 1, 1, 1, 1, 1, 1, 1, 1, 1, 1, 1, 1, 0, 1, 1, 1, 1, 1, 1, 1, 0, 0, 1, 1, 1, 1, 1]","[1, 0, 0, 1, 0, 1, 0, 1, 0, 1, 0, 0, 0, 0, 0, 0, 1, 0, 0, 0, 0, 0, 0, 0, 0, 0, 0, 0, 1, 0, 0, 0, 1, 0, 0, 0, 0, 0, 0, 0, 0, 0, 0, 0, 0, 1, 0, 0, 0, 0, 0, 0, 0, 1, 1, 0, 0, 0, 0, 0]"
1150,L2_arctic_WAV/PNV_arctic_a0378,"[63, 64, 3, 46, 36, 56, 24, 3, 46, 37, 15, 55, 58, 7, 49, 70, 17, 50, 40, 30, 59, 15, 69, 58, 64, 55, 58, 69, 64, 59, 58]","[63, 64, 46, 36, 56, 24, 46, 37, 15, 58, 7, 49, 70, 17, 40, 55, 59, 14, 26, 58, 52, 55, 69, 17, 58]","[1, 1, 0, 1, 1, 1, 1, 0, 1, 1, 1, 0, 1, 1, 1, 1, 1, 0, 1, 0, 1, 0, 0, 1, 0, 1, 0, 1, 0, 0, 1]","[0, 0, 1, 0, 0, 0, 0, 1, 0, 0, 0, 1, 0, 0, 0, 0, 0, 1, 0, 1, 0, 1, 1, 0, 1, 0, 1, 0, 1, 1, 0]"
1151,L2_arctic_WAV/PNV_arctic_a0434,"[8, 67, 64, 54, 8, 28, 60, 46, 8, 39, 3, 8, 37, 64, 28, 14, 36, 8, 70, 36, 7, 22, 22, 50, 49, 48, 15, 55, 70]","[8, 67, 64, 54, 8, 28, 60, 70, 8, 39, 3, 14, 37, 17, 28, 14, 36, 8, 70, 36, 8, 22, 54, 50, 49, 48, 15, 70]","[1, 1, 1, 1, 1, 1, 1, 0, 1, 1, 1, 0, 1, 0, 1, 1, 1, 1, 1, 1, 0, 1, 0, 1, 1, 1, 1, 0, 1]","[0, 0, 0, 0, 0, 0, 0, 1, 0, 0, 0, 1, 0, 1, 0, 0, 0, 0, 0, 0, 1, 0, 1, 0, 0, 0, 0, 1, 0]"
1152,L2_arctic_WAV/PNV_arctic_a0459,"[63, 52, 50, 70, 3, 6, 68, 8, 35, 8, 39, 63, 8, 46, 28, 6, 30, 37, 57, 24, 55, 68, 49]","[63, 52, 70, 3, 6, 68, 8, 9, 40, 39, 63, 8, 46, 28, 6, 37, 57, 24, 55, 68, 49]","[1, 1, 0, 1, 1, 1, 1, 1, 0, 0, 1, 1, 1, 1, 1, 1, 0, 1, 1, 1, 1, 1, 1]","[0, 0, 1, 0, 0, 0, 0, 0, 1, 1, 0, 0, 0, 0, 0, 0, 1, 0, 0, 0, 0, 0, 0]"
1153,L2_arctic_WAV/PNV_arctic_a0475,"[67, 24, 70, 15, 3, 46, 3, 50, 52, 35, 3, 17, 50, 68, 58, 50, 17, 48, 3, 3, 6, 67, 24, 70, 46, 56, 58, 64, 55, 58, 67, 49, 48, 40, 70, 58]","[67, 24, 70, 15, 46, 3, 50, 52, 3, 17, 68, 58, 50, 17, 48, 3, 3, 6, 67, 24, 70, 46, 56, 58, 64, 55, 58, 67, 49, 48, 40, 50, 46, 58]","[1, 1, 1, 1, 0, 1, 1, 1, 1, 0, 1, 1, 0, 1, 1, 1, 1, 1, 1, 1, 1, 1, 1, 1, 1, 1, 1, 1, 1, 1, 1, 1, 1, 1, 0, 1]","[0, 0, 0, 0, 1, 0, 0, 0, 0, 1, 0, 0, 1, 0, 0, 0, 0, 0, 0, 0, 0, 0, 0, 0, 0, 0, 0, 0, 0, 0, 0, 0, 0, 0, 1, 0]"
1154,L2_arctic_WAV/PNV_arctic_a0515,"[37, 8, 3, 67, 49, 50, 8, 68, 8, 10, 46, 3, 17, 50, 46, 52, 30, 39, 70, 30, 52, 3, 8, 46, 46, 48, 49, 28, 15, 3]","[37, 8, 3, 67, 49, 8, 68, 8, 55, 46, 15, 8, 46, 52, 36, 39, 70, 30, 52, 3, 8, 46, 46, 48, 24, 28, 15, 3]","[1, 1, 1, 1, 1, 0, 1, 1, 1, 0, 1, 0, 0, 0, 1, 1, 0, 1, 1, 1, 1, 1, 1, 1, 1, 1, 0, 1, 1, 1]","[0, 0, 0, 0, 0, 1, 0, 0, 0, 1, 0, 1, 1, 1, 0, 0, 1, 0, 0, 0, 0, 0, 0, 0, 0, 0, 1, 0, 0, 0]"
1155,L2_arctic_WAV/PNV_arctic_a0519,"[46, 8, 35, 64, 55, 64, 28, 3, 36, 40, 70, 24, 55, 58, 24, 50, 52, 28, 3, 39, 56, 8, 30, 60, 9, 8, 55, 8, 39, 63, 8, 30, 40, 70, 8, 39, 63, 8, 30, 64, 55, 58]","[46, 8, 35, 64, 55, 17, 3, 36, 40, 70, 24, 55, 58, 49, 50, 52, 3, 39, 56, 14, 30, 60, 9, 8, 55, 8, 37, 8, 30, 40, 70, 8, 37, 30, 8, 30, 52, 55, 58]","[1, 1, 1, 1, 1, 0, 0, 1, 1, 1, 1, 1, 1, 1, 0, 1, 1, 0, 1, 1, 1, 0, 1, 1, 1, 1, 1, 1, 0, 0, 1, 1, 1, 1, 1, 0, 0, 1, 1, 0, 1, 1]","[0, 0, 0, 0, 0, 1, 1, 0, 0, 0, 0, 0, 0, 0, 1, 0, 0, 1, 0, 0, 0, 1, 0, 0, 0, 0, 0, 0, 1, 1, 0, 0, 0, 0, 0, 1, 1, 0, 0, 1, 0, 0]"
1156,L2_arctic_WAV/PNV_arctic_a0542,"[36, 24, 63, 15, 3, 8, 58, 15, 3, 46, 8, 68, 8, 39, 63, 8, 68, 67, 64, 39, 58, 24, 55, 7, 52, 55, 59, 60, 69, 68, 8, 55, 3, 46]","[36, 24, 58, 15, 8, 58, 15, 3, 46, 8, 68, 8, 39, 63, 8, 68, 67, 52, 39, 58, 24, 55, 8, 52, 55, 59, 60, 9, 68, 8, 55, 3, 46]","[1, 1, 0, 1, 0, 1, 1, 1, 1, 1, 1, 1, 1, 1, 1, 1, 1, 1, 0, 1, 1, 1, 1, 0, 1, 1, 1, 1, 0, 1, 1, 1, 1, 1]","[0, 0, 1, 0, 1, 0, 0, 0, 0, 0, 0, 0, 0, 0, 0, 0, 0, 0, 1, 0, 0, 0, 0, 1, 0, 0, 0, 0, 1, 0, 0, 0, 0, 0]"
1157,L2_arctic_WAV/PNV_arctic_b0019,"[67, 24, 70, 46, 30, 24, 68, 67, 64, 55, 58, 70, 59, 50, 24, 48, 3, 63, 49, 52, 69, 24, 70, 8, 39, 63, 8, 3, 60, 37, 8, 30]","[67, 24, 70, 46, 30, 24, 68, 67, 64, 55, 70, 59, 50, 24, 48, 3, 63, 49, 52, 69, 24, 70, 8, 39, 63, 8, 3, 60, 37, 8]","[1, 1, 1, 1, 1, 1, 1, 1, 1, 1, 0, 1, 1, 1, 1, 1, 1, 1, 1, 1, 1, 1, 1, 1, 1, 1, 1, 1, 1, 1, 1, 0]","[0, 0, 0, 0, 0, 0, 0, 0, 0, 0, 1, 0, 0, 0, 0, 0, 0, 0, 0, 0, 0, 0, 0, 0, 0, 0, 0, 0, 0, 0, 0, 1]"
1158,L2_arctic_WAV/PNV_arctic_b0048,"[67, 49, 30, 31, 28, 3, 30, 56, 28, 36, 8, 55, 67, 6, 67, 64, 58, 48, 64, 46, 3, 22, 50, 6, 8, 55, 8, 55, 28, 8, 68, 54, 7, 3, 8, 37, 8, 30, 15, 7, 40, 50, 3, 6]","[67, 24, 30, 31, 28, 3, 30, 56, 36, 8, 55, 67, 6, 67, 52, 48, 17, 46, 3, 54, 50, 6, 8, 55, 8, 55, 28, 8, 68, 54, 8, 3, 8, 37, 8, 15, 8, 40, 3, 6]","[1, 0, 1, 1, 1, 1, 1, 1, 0, 1, 1, 1, 1, 1, 1, 0, 0, 1, 0, 1, 1, 0, 1, 1, 1, 1, 1, 1, 1, 1, 1, 1, 0, 1, 1, 1, 1, 0, 1, 0, 1, 0, 1, 1]","[0, 1, 0, 0, 0, 0, 0, 0, 1, 0, 0, 0, 0, 0, 0, 1, 1, 0, 1, 0, 0, 1, 0, 0, 0, 0, 0, 0, 0, 0, 0, 0, 1, 0, 0, 0, 0, 1, 0, 1, 0, 1, 0, 0]"
1159,L2_arctic_WAV/PNV_arctic_b0074,"[29, 52, 3, 37, 24, 67, 56, 55, 58, 63, 52, 68, 63, 52, 50, 36, 8, 70, 8, 55, 8, 63, 7, 64, 55, 58, 68, 40, 50, 48, 15, 7, 54, 8, 30, 68, 14, 3, 24, 39]","[29, 52, 3, 37, 24, 67, 56, 63, 52, 68, 63, 52, 36, 8, 70, 8, 55, 8, 63, 8, 52, 55, 68, 40, 48, 15, 8, 54, 8, 68, 14, 3, 24, 54]","[1, 1, 1, 1, 1, 1, 1, 0, 0, 1, 1, 1, 1, 1, 0, 1, 1, 1, 1, 1, 1, 1, 0, 0, 1, 0, 1, 1, 0, 1, 1, 0, 1, 1, 0, 1, 1, 1, 1, 0]","[0, 0, 0, 0, 0, 0, 0, 1, 1, 0, 0, 0, 0, 0, 1, 0, 0, 0, 0, 0, 0, 0, 1, 1, 0, 1, 0, 0, 1, 0, 0, 1, 0, 0, 1, 0, 0, 0, 0, 1]"
1160,L2_arctic_WAV/PNV_arctic_b0075,"[24, 55, 63, 64, 3, 28, 60, 46, 67, 49, 28, 31, 58, 55, 17, 3, 68, 24, 46, 63, 8, 68, 24, 54, 67, 49, 29, 6, 70, 58, 28, 40, 9, 8, 55]","[24, 55, 63, 64, 3, 28, 60, 70, 67, 49, 28, 31, 58, 55, 17, 3, 68, 24, 46, 63, 8, 68, 24, 54, 67, 49, 29, 6, 70, 28, 40, 9, 8, 55]","[1, 1, 1, 1, 1, 1, 1, 0, 1, 1, 1, 1, 1, 1, 1, 1, 1, 1, 1, 1, 1, 1, 1, 1, 1, 1, 1, 1, 1, 0, 1, 1, 1, 1, 1]","[0, 0, 0, 0, 0, 0, 0, 1, 0, 0, 0, 0, 0, 0, 0, 0, 0, 0, 0, 0, 0, 0, 0, 0, 0, 0, 0, 0, 0, 1, 0, 0, 0, 0, 0]"
1161,L2_arctic_WAV/PNV_arctic_b0106,"[54, 40, 50, 8, 54, 31, 30, 68, 24, 55, 8, 3, 63, 8, 3, 6, 68, 52, 55, 46, 3, 52, 50, 58, 24, 55, 3, 6, 49, 35, 8, 63, 7, 70, 54, 60, 46]","[54, 40, 8, 54, 31, 68, 24, 55, 8, 3, 63, 8, 3, 6, 68, 52, 55, 46, 3, 52, 8, 58, 24, 55, 3, 6, 24, 35, 8, 58, 8, 70, 54, 60, 46]","[1, 1, 0, 1, 1, 1, 0, 1, 1, 1, 1, 1, 1, 1, 1, 1, 1, 1, 1, 1, 1, 1, 0, 1, 1, 1, 1, 1, 0, 1, 1, 0, 0, 1, 1, 1, 1]","[0, 0, 1, 0, 0, 0, 1, 0, 0, 0, 0, 0, 0, 0, 0, 0, 0, 0, 0, 0, 0, 0, 1, 0, 0, 0, 0, 0, 1, 0, 0, 1, 1, 0, 0, 0, 0]"
1162,L2_arctic_WAV/PNV_arctic_b0140,"[63, 60, 52, 69, 58, 55, 24, 50, 7, 64, 55, 58, 46, 3, 31, 58, 9, 14, 30, 58, 7, 3, 8, 9, 14, 30, 58, 7, 54, 60, 46, 24, 10, 63, 52, 50, 36, 7, 30, 58]","[58, 60, 52, 9, 58, 55, 24, 50, 7, 64, 46, 3, 6, 9, 15, 58, 8, 3, 8, 9, 15, 58, 8, 54, 60, 46, 24, 55, 58, 8, 36, 7, 58]","[0, 1, 1, 0, 1, 1, 1, 1, 1, 1, 0, 0, 1, 1, 0, 0, 1, 0, 0, 1, 0, 1, 1, 1, 0, 0, 1, 0, 1, 1, 1, 1, 0, 0, 0, 0, 1, 1, 0, 1]","[1, 0, 0, 1, 0, 0, 0, 0, 0, 0, 1, 1, 0, 0, 1, 1, 0, 1, 1, 0, 1, 0, 0, 0, 1, 1, 0, 1, 0, 0, 0, 0, 1, 1, 1, 1, 0, 0, 1, 0]"
1163,L2_arctic_WAV/PNV_arctic_b0165,"[67, 49, 48, 31, 30, 58, 64, 55, 58, 63, 8, 30, 40, 59, 28, 50, 64, 9, 3, 58, 15, 55, 3, 6, 37, 50, 60, 28, 67, 24, 70, 37, 64, 28]","[67, 49, 48, 31, 55, 58, 64, 55, 30, 8, 30, 40, 28, 28, 50, 64, 46, 58, 15, 3, 6, 37, 50, 52, 28, 67, 24, 70, 37, 64, 28]","[1, 1, 1, 1, 0, 1, 1, 1, 0, 0, 1, 1, 1, 0, 1, 1, 1, 0, 0, 1, 1, 0, 1, 1, 1, 1, 0, 1, 1, 1, 1, 1, 1, 1]","[0, 0, 0, 0, 1, 0, 0, 0, 1, 1, 0, 0, 0, 1, 0, 0, 0, 1, 1, 0, 0, 1, 0, 0, 0, 0, 1, 0, 0, 0, 0, 0, 0, 0]"
1164,L2_arctic_WAV/PNV_arctic_b0189,"[63, 64, 3, 24, 70, 36, 8, 3, 58, 24, 46, 3, 24, 10, 59, 36, 24, 9, 24, 70, 40, 30, 8, 39, 8, 46, 54, 50, 8, 68, 63, 8, 30, 14, 7, 64, 55, 8, 68, 8, 30, 70]","[63, 64, 3, 49, 70, 36, 17, 3, 58, 24, 46, 3, 24, 10, 59, 36, 24, 9, 24, 70, 40, 30, 8, 39, 8, 70, 54, 50, 8, 68, 30, 8, 30, 14, 8, 8, 60, 55, 49, 68, 8, 36, 70]","[1, 1, 1, 0, 1, 1, 0, 1, 1, 1, 1, 1, 1, 1, 1, 1, 1, 1, 1, 1, 1, 1, 1, 1, 1, 0, 1, 1, 1, 1, 0, 1, 1, 1, 0, 0, 1, 0, 1, 1, 0, 1]","[0, 0, 0, 1, 0, 0, 1, 0, 0, 0, 0, 0, 0, 0, 0, 0, 0, 0, 0, 0, 0, 0, 0, 0, 0, 1, 0, 0, 0, 0, 1, 0, 0, 0, 1, 1, 0, 1, 0, 0, 1, 0]"
1165,L2_arctic_WAV/PNV_arctic_b0192,"[15, 3, 46, 56, 58, 7, 70, 17, 50, 8, 30, 15, 58, 54, 56, 39, 68, 24, 55, 8, 3, 46, 48, 49, 35, 24, 70, 63, 8, 46, 24, 28, 68, 64, 55, 7, 69, 58]","[15, 46, 56, 58, 8, 70, 17, 8, 30, 15, 58, 54, 56, 68, 24, 55, 8, 46, 48, 24, 35, 24, 70, 63, 8, 46, 24, 28, 68, 52, 55, 31, 26, 58]","[1, 0, 1, 1, 1, 0, 1, 1, 0, 1, 1, 1, 1, 1, 1, 0, 1, 1, 1, 1, 0, 1, 1, 0, 1, 1, 1, 1, 1, 1, 1, 1, 1, 0, 1, 0, 0, 1]","[0, 1, 0, 0, 0, 1, 0, 0, 1, 0, 0, 0, 0, 0, 0, 1, 0, 0, 0, 0, 1, 0, 0, 1, 0, 0, 0, 0, 0, 0, 0, 0, 0, 1, 0, 1, 1, 0]"
1166,L2_arctic_WAV/PNV_arctic_b0201,"[56, 40, 30, 46, 14, 8, 55, 58, 7, 46, 3, 64, 55, 58, 63, 64, 3, 46, 24, 68, 8, 30, 7, 37, 50, 64, 55, 35, 40, 50, 59, 8, 55, 8, 70, 60, 9, 8, 55, 70, 67, 64, 39, 68, 60, 58, 63, 52, 50, 8, 48, 24, 50, 8, 55, 46, 24, 55, 29, 31, 50, 8, 48]","[56, 40, 46, 14, 8, 55, 58, 8, 46, 3, 52, 55, 58, 52, 3, 46, 49, 68, 8, 30, 8, 37, 50, 52, 55, 63, 40, 59, 8, 55, 56, 70, 60, 9, 8, 55, 70, 67, 64, 37, 68, 60, 58, 52, 8, 48, 24, 50, 8, 55, 70, 24, 55, 29, 31, 50, 8, 48]","[1, 1, 0, 1, 1, 1, 1, 1, 0, 1, 1, 0, 1, 1, 0, 0, 1, 1, 0, 1, 1, 1, 0, 1, 1, 0, 1, 0, 1, 0, 1, 1, 1, 0, 1, 1, 1, 1, 1, 1, 1, 1, 0, 1, 1, 1, 0, 1, 0, 1, 1, 1, 1, 1, 1, 0, 1, 1, 1, 1, 1, 1, 1]","[0, 0, 1, 0, 0, 0, 0, 0, 1, 0, 0, 1, 0, 0, 1, 1, 0, 0, 1, 0, 0, 0, 1, 0, 0, 1, 0, 1, 0, 1, 0, 0, 0, 1, 0, 0, 0, 0, 0, 0, 0, 0, 1, 0, 0, 0, 1, 0, 1, 0, 0, 0, 0, 0, 0, 1, 0, 0, 0, 0, 0, 0, 0]"
1167,L2_arctic_WAV/PNV_arctic_b0251,"[63, 60, 68, 8, 46, 3, 67, 8, 39, 37, 24, 55, 46, 36, 52, 48, 3, 8, 36, 60, 37, 56, 63, 8, 28, 60, 17, 3, 24, 28, 28, 7, 8, 55, 3, 46]","[58, 60, 68, 8, 46, 3, 67, 8, 39, 37, 24, 55, 46, 36, 52, 48, 3, 8, 36, 60, 37, 56, 58, 8, 28, 60, 17, 3, 24, 28, 28, 7, 8, 55, 3, 46]","[0, 1, 1, 1, 1, 1, 1, 1, 1, 1, 1, 1, 1, 1, 1, 1, 1, 1, 1, 1, 1, 1, 0, 1, 1, 1, 1, 1, 1, 1, 1, 1, 1, 1, 1, 1]","[1, 0, 0, 0, 0, 0, 0, 0, 0, 0, 0, 0, 0, 0, 0, 0, 0, 0, 0, 0, 0, 0, 1, 0, 0, 0, 0, 0, 0, 0, 0, 0, 0, 0, 0, 0]"
1168,L2_arctic_WAV/PNV_arctic_b0288,"[36, 49, 36, 31, 58, 55, 17, 3, 46, 48, 52, 55, 58, 8, 55, 8, 63, 7, 46, 8, 35, 55, 56, 3]","[36, 49, 36, 31, 3, 55, 17, 3, 46, 48, 52, 55, 8, 55, 8, 63, 8, 46, 8, 35, 55, 56, 3]","[1, 1, 1, 1, 0, 1, 1, 1, 1, 1, 1, 1, 0, 1, 1, 1, 1, 0, 1, 1, 1, 1, 1, 1]","[0, 0, 0, 0, 1, 0, 0, 0, 0, 0, 0, 0, 1, 0, 0, 0, 0, 1, 0, 0, 0, 0, 0, 0]"
1169,L2_arctic_WAV/PNV_arctic_b0304,"[67, 24, 70, 48, 50, 49, 39, 49, 8, 46, 36, 56, 39, 70, 67, 64, 58, 55, 52, 39, 7, 30, 24, 39, 58, 30, 40, 10, 24, 55, 8, 54, 3, 6, 37, 52, 50, 67, 24, 68, 35, 24, 30, 58, 50, 8, 55]","[67, 24, 70, 37, 50, 49, 39, 8, 46, 36, 56, 39, 70, 67, 52, 3, 55, 52, 39, 8, 30, 49, 58, 30, 40, 24, 55, 8, 54, 3, 6, 37, 52, 67, 24, 68, 35, 24, 36, 58, 50, 8, 55]","[1, 1, 1, 0, 1, 1, 1, 0, 1, 1, 1, 1, 1, 1, 1, 0, 0, 1, 1, 1, 0, 1, 0, 0, 1, 1, 1, 0, 1, 1, 1, 1, 1, 1, 1, 1, 0, 1, 1, 1, 1, 1, 0, 1, 1, 1, 1]","[0, 0, 0, 1, 0, 0, 0, 1, 0, 0, 0, 0, 0, 0, 0, 1, 1, 0, 0, 0, 1, 0, 1, 1, 0, 0, 0, 1, 0, 0, 0, 0, 0, 0, 0, 0, 1, 0, 0, 0, 0, 0, 1, 0, 0, 0, 0]"
1170,L2_arctic_WAV/PNV_arctic_b0315,"[64, 55, 58, 63, 24, 46, 36, 8, 70, 63, 52, 50, 46, 14, 30, 28, 17, 55, 39, 7, 46, 60, 9, 8, 55, 22, 50, 6, 15, 3, 63, 8, 68, 49, 30]","[64, 63, 24, 46, 36, 8, 70, 63, 52, 8, 46, 14, 28, 17, 54, 46, 39, 8, 46, 60, 9, 8, 55, 54, 50, 6, 15, 58, 8, 68, 49, 36]","[1, 0, 0, 1, 1, 1, 1, 1, 1, 1, 1, 0, 1, 1, 0, 1, 1, 0, 1, 0, 1, 1, 1, 1, 1, 0, 1, 1, 1, 0, 0, 1, 1, 1, 0]","[0, 1, 1, 0, 0, 0, 0, 0, 0, 0, 0, 1, 0, 0, 1, 0, 0, 1, 0, 1, 0, 0, 0, 0, 0, 1, 0, 0, 0, 1, 1, 0, 0, 0, 1]"
1171,L2_arctic_WAV/PNV_arctic_b0320,"[63, 8, 50, 24, 59, 50, 52, 3, 24, 55, 67, 24, 70, 39, 57, 46, 36, 17, 70, 48, 50, 14, 39, 17, 28, 8, 3, 24, 39, 8, 39, 8, 46, 52, 28, 8, 55, 58, 37, 7, 46, 3, 8, 39, 30, 64, 54, 3, 7]","[63, 8, 66, 24, 28, 50, 52, 3, 24, 55, 67, 24, 70, 39, 57, 70, 36, 17, 70, 39, 50, 14, 39, 17, 28, 8, 3, 24, 39, 8, 39, 8, 46, 52, 28, 8, 55, 37, 8, 46, 3, 8, 48, 30, 64, 54, 3, 8]","[1, 1, 0, 1, 0, 1, 1, 1, 1, 1, 1, 1, 1, 1, 1, 0, 1, 1, 1, 0, 1, 1, 1, 1, 1, 1, 1, 1, 1, 1, 1, 1, 1, 1, 1, 1, 1, 0, 1, 0, 1, 1, 1, 0, 1, 1, 1, 1, 0]","[0, 0, 1, 0, 1, 0, 0, 0, 0, 0, 0, 0, 0, 0, 0, 1, 0, 0, 0, 1, 0, 0, 0, 0, 0, 0, 0, 0, 0, 0, 0, 0, 0, 0, 0, 0, 0, 1, 0, 1, 0, 0, 0, 1, 0, 0, 0, 0, 1]"
1172,L2_arctic_WAV/PNV_arctic_b0323,"[28, 50, 24, 28, 8, 3, 46, 37, 24, 59, 64, 55, 3, 24, 35, 7, 48, 64, 55, 58, 68, 40, 50, 59, 49, 46, 64, 55, 58, 58, 8, 28, 46, 54, 30, 6, 14, 39, 7, 67, 52, 58]","[28, 50, 24, 28, 8, 3, 46, 37, 24, 59, 64, 55, 3, 24, 35, 49, 48, 64, 55, 68, 40, 59, 49, 46, 52, 55, 58, 58, 8, 28, 46, 54, 30, 6, 14, 39, 8, 67, 52, 58]","[1, 1, 1, 1, 1, 1, 1, 1, 1, 1, 1, 1, 1, 1, 1, 0, 1, 1, 1, 0, 1, 1, 0, 1, 1, 1, 0, 1, 1, 1, 1, 1, 1, 1, 1, 1, 1, 1, 0, 1, 1, 1]","[0, 0, 0, 0, 0, 0, 0, 0, 0, 0, 0, 0, 0, 0, 0, 1, 0, 0, 0, 1, 0, 0, 1, 0, 0, 0, 1, 0, 0, 0, 0, 0, 0, 0, 0, 0, 0, 0, 1, 0, 0, 0]"
1173,L2_arctic_WAV/PNV_arctic_b0342,"[49, 35, 24, 68, 48, 50, 6, 39, 68, 8, 55, 3, 68, 60, 28, 46, 63, 8, 39, 64, 30, 29, 6, 8, 39, 52, 39, 50, 49, 22, 24, 10, 52, 30, 46, 48, 8, 68, 48, 8, 48]","[24, 35, 24, 68, 37, 50, 6, 39, 68, 8, 55, 68, 60, 46, 63, 8, 39, 52, 30, 29, 6, 8, 39, 52, 8, 39, 50, 49, 22, 24, 10, 52, 36, 46, 48, 8, 68, 8, 48]","[0, 1, 1, 1, 0, 1, 1, 1, 1, 1, 1, 0, 1, 1, 0, 1, 1, 1, 1, 0, 1, 1, 1, 1, 1, 1, 1, 1, 1, 1, 1, 1, 1, 0, 1, 1, 1, 1, 0, 1, 1]","[1, 0, 0, 0, 1, 0, 0, 0, 0, 0, 0, 1, 0, 0, 1, 0, 0, 0, 0, 1, 0, 0, 0, 0, 0, 0, 0, 0, 0, 0, 0, 0, 0, 1, 0, 0, 0, 0, 1, 0, 0]"
1174,L2_arctic_WAV/PNV_arctic_b0355,"[63, 52, 50, 36, 8, 70, 48, 50, 17, 48, 7, 58, 24, 39, 24, 26, 8, 55, 8, 39, 30, 60, 37, 7, 24, 55, 63, 8, 36, 7, 28, 63, 60, 24, 55, 58, 24, 39, 24, 69, 6, 8, 30, 49, 48, 7, 54, 40, 50, 68, 58]","[63, 52, 36, 8, 70, 37, 50, 17, 37, 8, 58, 24, 39, 49, 26, 8, 55, 8, 37, 30, 60, 37, 8, 24, 55, 58, 8, 36, 31, 28, 58, 60, 24, 55, 58, 49, 39, 49, 69, 6, 8, 30, 49, 48, 8, 54, 40, 68, 58]","[1, 1, 0, 1, 1, 1, 0, 1, 1, 0, 0, 1, 1, 1, 0, 1, 1, 1, 1, 0, 1, 1, 1, 0, 1, 1, 0, 1, 1, 0, 1, 0, 1, 1, 1, 1, 0, 1, 0, 1, 1, 1, 1, 1, 1, 0, 1, 1, 0, 1, 1]","[0, 0, 1, 0, 0, 0, 1, 0, 0, 1, 1, 0, 0, 0, 1, 0, 0, 0, 0, 1, 0, 0, 0, 1, 0, 0, 1, 0, 0, 1, 0, 1, 0, 0, 0, 0, 1, 0, 1, 0, 0, 0, 0, 0, 0, 1, 0, 0, 1, 0, 0]"
1175,L2_arctic_WAV/PNV_arctic_b0358,"[63, 8, 3, 52, 68, 48, 7, 8, 35, 7, 58, 50, 17, 48, 3, 3, 8, 54, 24, 54, 3, 49, 37, 49, 30, 14, 70, 24, 50, 14, 64, 55, 58, 50, 49, 68, 60, 55, 58, 63, 52, 50, 63, 8, 67, 14, 30, 3, 50, 24, 48]","[63, 8, 3, 52, 68, 8, 35, 8, 58, 50, 17, 48, 3, 3, 8, 54, 24, 54, 3, 49, 37, 49, 30, 14, 70, 24, 50, 14, 64, 50, 49, 68, 52, 55, 3, 63, 52, 8, 58, 8, 67, 14, 3, 50, 24, 48]","[1, 1, 1, 1, 1, 0, 0, 1, 1, 0, 1, 1, 1, 1, 1, 1, 1, 1, 1, 1, 1, 1, 1, 1, 1, 1, 1, 1, 1, 1, 1, 0, 0, 1, 1, 1, 0, 1, 0, 1, 1, 0, 0, 1, 1, 1, 0, 1, 1, 1, 1]","[0, 0, 0, 0, 0, 1, 1, 0, 0, 1, 0, 0, 0, 0, 0, 0, 0, 0, 0, 0, 0, 0, 0, 0, 0, 0, 0, 0, 0, 0, 0, 1, 1, 0, 0, 0, 1, 0, 1, 0, 0, 1, 1, 0, 0, 0, 1, 0, 0, 0, 0]"
1176,L2_arctic_WAV/PNV_arctic_b0380,"[67, 49, 67, 64, 58, 48, 49, 30, 58, 40, 54, 67, 24, 70, 9, 7, 3, 64, 55, 58, 36, 17, 70, 36, 56, 30, 58, 30, 49, 36, 60, 39, 24, 10, 24, 3]","[67, 49, 67, 52, 3, 48, 49, 36, 58, 40, 39, 67, 24, 46, 9, 31, 3, 52, 55, 36, 17, 70, 36, 56, 58, 30, 49, 36, 60, 39, 24, 55, 24, 3]","[1, 1, 1, 0, 0, 1, 1, 0, 1, 1, 0, 1, 1, 0, 1, 0, 1, 0, 1, 0, 1, 1, 1, 1, 1, 0, 1, 1, 1, 1, 1, 1, 1, 0, 1, 1]","[0, 0, 0, 1, 1, 0, 0, 1, 0, 0, 1, 0, 0, 1, 0, 1, 0, 1, 0, 1, 0, 0, 0, 0, 0, 1, 0, 0, 0, 0, 0, 0, 0, 1, 0, 0]"
1177,L2_arctic_WAV/PNV_arctic_b0386,"[68, 56, 56, 58, 49, 8, 36, 8, 70, 63, 64, 3, 67, 49, 36, 31, 58, 67, 64, 39, 68, 40, 50, 24, 55, 54, 30, 6, 8, 55, 46, 14, 39, 7, 63, 8, 55, 60, 3, 24, 39, 70]","[68, 17, 56, 58, 49, 8, 36, 8, 70, 63, 64, 3, 67, 49, 36, 31, 58, 67, 64, 39, 68, 40, 24, 55, 54, 30, 6, 8, 55, 70, 14, 39, 8, 63, 8, 55, 60, 3, 24, 39, 70]","[1, 0, 1, 1, 1, 1, 1, 1, 1, 1, 1, 1, 1, 1, 1, 1, 1, 1, 1, 1, 1, 1, 0, 1, 1, 1, 1, 1, 1, 1, 0, 1, 1, 0, 1, 1, 1, 1, 1, 1, 1, 1]","[0, 1, 0, 0, 0, 0, 0, 0, 0, 0, 0, 0, 0, 0, 0, 0, 0, 0, 0, 0, 0, 0, 1, 0, 0, 0, 0, 0, 0, 0, 1, 0, 0, 1, 0, 0, 0, 0, 0, 0, 0, 0]"
1178,L2_arctic_WAV/PNV_arctic_b0393,"[56, 36, 8, 70, 46, 3, 24, 30, 36, 49, 28, 54, 50, 8, 68, 68, 56, 48, 50, 8, 30, 40, 10, 58, 24, 68, 7, 26, 8, 55]","[56, 36, 8, 70, 46, 3, 24, 36, 36, 49, 28, 54, 50, 8, 68, 68, 56, 37, 50, 8, 30, 40, 10, 58, 24, 68, 8, 26, 8, 55]","[1, 1, 1, 1, 1, 1, 1, 0, 1, 1, 1, 1, 1, 1, 1, 1, 1, 0, 1, 1, 1, 1, 1, 1, 1, 1, 0, 1, 1, 1]","[0, 0, 0, 0, 0, 0, 0, 1, 0, 0, 0, 0, 0, 0, 0, 0, 0, 1, 0, 0, 0, 0, 0, 0, 0, 0, 1, 0, 0, 0]"
1179,L2_arctic_WAV/PNV_arctic_b0415,"[63, 52, 50, 36, 8, 70, 55, 8, 22, 24, 10, 54, 40, 50, 8, 46, 37, 8, 3, 63, 8, 36, 56, 58, 50, 17, 14, 9, 8, 55]","[52, 36, 8, 70, 55, 8, 22, 24, 10, 54, 40, 50, 8, 70, 37, 8, 3, 58, 8, 36, 56, 58, 50, 17, 14, 9, 8, 55]","[0, 1, 0, 1, 1, 1, 1, 1, 1, 1, 1, 1, 1, 1, 1, 0, 1, 1, 1, 0, 1, 1, 1, 1, 1, 1, 1, 1, 1, 1]","[1, 0, 1, 0, 0, 0, 0, 0, 0, 0, 0, 0, 0, 0, 0, 1, 0, 0, 0, 1, 0, 0, 0, 0, 0, 0, 0, 0, 0, 0]"
1180,L2_arctic_WAV/PNV_arctic_b0416,"[56, 7, 14, 70, 14, 37, 49, 58, 49, 8, 55, 3, 30, 49, 64, 55, 58, 36, 52, 55, 3, 58, 15, 55, 63, 8, 37, 49, 35]","[56, 7, 14, 46, 40, 37, 49, 58, 49, 8, 55, 3, 30, 49, 52, 58, 36, 52, 55, 3, 58, 15, 58, 8, 37, 49, 35]","[1, 1, 1, 0, 0, 1, 1, 1, 1, 1, 1, 1, 1, 1, 0, 0, 1, 1, 1, 1, 1, 1, 1, 0, 0, 1, 1, 1, 1]","[0, 0, 0, 1, 1, 0, 0, 0, 0, 0, 0, 0, 0, 0, 1, 1, 0, 0, 0, 0, 0, 0, 0, 1, 1, 0, 0, 0, 0]"
1181,L2_arctic_WAV/PNV_arctic_b0422,"[63, 24, 46, 36, 8, 70, 36, 52, 55, 63, 49, 24, 28, 46, 48, 30, 14, 26, 8, 55, 8, 28, 7, 58]","[63, 24, 46, 36, 8, 70, 36, 52, 55, 58, 49, 24, 46, 48, 30, 14, 26, 8, 55, 8, 28, 7, 58]","[1, 1, 1, 1, 1, 1, 1, 1, 1, 0, 1, 1, 0, 1, 1, 1, 1, 1, 1, 1, 1, 1, 1, 1]","[0, 0, 0, 0, 0, 0, 0, 0, 0, 1, 0, 0, 1, 0, 0, 0, 0, 0, 0, 0, 0, 0, 0, 0]"
1182,L2_arctic_WAV/PNV_arctic_b0425,"[63, 52, 50, 36, 7, 40, 50, 24, 55, 69, 59, 50, 49, 55, 59, 14, 30, 58, 59, 50, 49, 55, 64, 55, 58, 8, 28, 17, 48, 7, 59, 50, 49, 55]","[63, 52, 36, 31, 40, 50, 24, 55, 69, 59, 50, 49, 55, 27, 14, 58, 59, 50, 49, 55, 58, 64, 55, 8, 28, 8, 48, 8, 59, 50, 49, 55]","[1, 1, 0, 1, 0, 1, 1, 1, 1, 1, 1, 1, 1, 1, 0, 1, 0, 1, 1, 1, 1, 1, 1, 1, 0, 1, 1, 0, 1, 0, 1, 1, 1, 1]","[0, 0, 1, 0, 1, 0, 0, 0, 0, 0, 0, 0, 0, 0, 1, 0, 1, 0, 0, 0, 0, 0, 0, 0, 1, 0, 0, 1, 0, 1, 0, 0, 0, 0]"
1183,L2_arctic_WAV/PNV_arctic_b0465,"[37, 8, 3, 46, 8, 35, 58, 56, 39, 7, 69, 8, 55, 46, 8, 39, 8, 48, 24, 55, 29, 8, 55, 36, 31, 58, 28, 17, 55, 46, 3, 8, 3, 6, 3, 55, 14, 68, 52, 55, 24, 46, 3, 8, 46, 8, 46, 56, 8, 3, 49]","[37, 8, 3, 46, 8, 35, 58, 56, 39, 31, 26, 8, 55, 70, 17, 39, 40, 48, 24, 29, 8, 55, 36, 31, 3, 28, 17, 55, 46, 8, 3, 6, 3, 55, 14, 68, 49, 55, 64, 26, 3, 8, 46, 31, 46, 56, 8, 3, 49]","[1, 1, 1, 1, 1, 1, 1, 1, 1, 0, 0, 1, 1, 0, 0, 1, 0, 1, 1, 0, 1, 1, 1, 1, 1, 0, 1, 1, 1, 1, 0, 1, 1, 1, 1, 1, 1, 1, 0, 1, 0, 0, 1, 1, 1, 0, 1, 1, 1, 1, 1]","[0, 0, 0, 0, 0, 0, 0, 0, 0, 1, 1, 0, 0, 1, 1, 0, 1, 0, 0, 1, 0, 0, 0, 0, 0, 1, 0, 0, 0, 0, 1, 0, 0, 0, 0, 0, 0, 0, 1, 0, 1, 1, 0, 0, 0, 1, 0, 0, 0, 0, 0]"
1184,L2_arctic_WAV/PNV_arctic_b0469,"[39, 52, 50, 49, 54, 29, 6, 48, 49, 48, 8, 30, 55, 6, 8, 39, 63, 49, 52, 59, 70, 24, 46, 3, 8, 55, 46, 8, 39, 63, 24, 46, 30, 40]","[39, 52, 50, 49, 54, 29, 6, 48, 49, 48, 8, 55, 6, 58, 49, 52, 46, 24, 46, 3, 8, 55, 70, 8, 39, 63, 24, 46, 30, 40]","[1, 1, 1, 1, 1, 1, 1, 1, 1, 1, 1, 0, 1, 1, 0, 0, 0, 1, 1, 0, 0, 1, 1, 1, 1, 1, 0, 1, 1, 1, 1, 1, 1, 1]","[0, 0, 0, 0, 0, 0, 0, 0, 0, 0, 0, 1, 0, 0, 1, 1, 1, 0, 0, 1, 1, 0, 0, 0, 0, 0, 1, 0, 0, 0, 0, 0, 0, 0]"
1185,L2_arctic_WAV/PNV_arctic_b0481,"[63, 8, 3, 64, 46, 28, 36, 49, 46, 52, 3, 15, 7, 46, 52, 30, 39, 70, 36, 40, 70, 22, 50, 49, 54, 14, 30, 58]","[63, 8, 3, 64, 46, 28, 36, 49, 46, 52, 3, 15, 8, 46, 52, 36, 70, 36, 8, 22, 54, 50, 49, 54, 14, 58]","[1, 1, 1, 1, 1, 1, 1, 1, 1, 1, 1, 1, 0, 1, 1, 0, 0, 1, 1, 0, 0, 1, 1, 1, 1, 1, 0, 1]","[0, 0, 0, 0, 0, 0, 0, 0, 0, 0, 0, 0, 1, 0, 0, 1, 1, 0, 0, 1, 1, 1, 0, 0, 0, 0, 1, 0]"
1186,L2_arctic_WAV/PNV_arctic_b0488,"[37, 49, 40, 55, 58, 50, 24, 54, 29, 6, 70, 24, 10, 3, 24, 46, 52, 30, 8, 46, 54, 6, 58, 63, 60, 30, 52, 54, 3, 8, 46, 3, 6, 15, 7, 46, 52, 30, 39, 70]","[37, 49, 40, 50, 49, 54, 29, 6, 70, 24, 3, 24, 46, 52, 36, 8, 46, 54, 6, 58, 58, 60, 30, 64, 54, 8, 46, 3, 6, 15, 8, 46, 52, 39, 70]","[1, 1, 1, 0, 0, 1, 0, 1, 1, 1, 1, 1, 0, 1, 1, 1, 1, 0, 1, 1, 1, 1, 1, 0, 1, 1, 0, 1, 0, 1, 1, 1, 1, 1, 0, 1, 1, 0, 1, 1]","[0, 0, 0, 1, 1, 0, 1, 0, 0, 0, 0, 0, 1, 0, 0, 0, 0, 1, 0, 0, 0, 0, 0, 1, 0, 0, 1, 0, 1, 0, 0, 0, 0, 0, 1, 0, 0, 1, 0, 0]"
1187,L2_arctic_WAV/PNV_arctic_b0503,"[63, 8, 46, 52, 55, 3, 46, 8, 39, 46, 3, 50, 60, 55, 69, 39, 52, 69, 8, 3, 60, 9, 8, 55, 37, 30, 6, 40, 54, 63, 8, 3, 50, 17, 48, 24, 28, 30, 64, 55, 58]","[58, 8, 46, 52, 55, 70, 8, 39, 46, 3, 50, 60, 26, 39, 52, 69, 8, 3, 60, 9, 8, 55, 37, 30, 6, 8, 54, 63, 8, 35, 17, 48, 24, 28, 30, 52, 55, 58]","[0, 1, 1, 1, 1, 0, 0, 1, 1, 1, 1, 1, 1, 0, 0, 1, 1, 1, 1, 1, 1, 1, 1, 1, 1, 1, 1, 0, 1, 1, 1, 0, 0, 1, 1, 1, 1, 1, 0, 1, 1]","[1, 0, 0, 0, 0, 1, 1, 0, 0, 0, 0, 0, 0, 1, 1, 0, 0, 0, 0, 0, 0, 0, 0, 0, 0, 0, 0, 1, 0, 0, 0, 1, 1, 0, 0, 0, 0, 0, 1, 0, 0]"
1188,L2_arctic_WAV/PNV_arctic_b0509,"[67, 49, 67, 64, 58, 54, 31, 30, 54, 24, 30, 58, 67, 24, 70, 58, 6, 3, 49, 64, 55, 58, 48, 60, 58, 48, 50, 17, 48, 7, 30, 49]","[67, 49, 67, 52, 58, 54, 31, 54, 24, 36, 58, 67, 24, 70, 58, 6, 3, 49, 52, 55, 48, 60, 58, 37, 50, 17, 37, 8, 30, 49]","[1, 1, 1, 0, 1, 1, 1, 0, 1, 1, 0, 1, 1, 1, 1, 1, 1, 1, 1, 0, 1, 0, 1, 1, 1, 0, 1, 1, 0, 0, 1, 1]","[0, 0, 0, 1, 0, 0, 0, 1, 0, 0, 1, 0, 0, 0, 0, 0, 0, 0, 0, 1, 0, 1, 0, 0, 0, 1, 0, 0, 1, 1, 0, 0]"
1189,L2_arctic_WAV/PNV_arctic_b0518,"[37, 8, 3, 63, 52, 50, 36, 8, 70, 40, 30, 46, 14, 3, 40, 28, 8, 39, 36, 24, 35, 28, 50, 64, 54, 3, 24, 55, 63, 8, 39, 24, 30, 8, 69]","[37, 8, 3, 63, 52, 36, 8, 70, 40, 55, 46, 14, 3, 40, 28, 8, 36, 24, 35, 28, 50, 64, 54, 3, 24, 55, 58, 8, 39, 24, 30, 8, 26]","[1, 1, 1, 1, 1, 0, 1, 1, 1, 1, 0, 1, 1, 1, 1, 1, 1, 0, 1, 1, 1, 1, 1, 1, 1, 1, 1, 1, 0, 1, 1, 1, 1, 1, 0]","[0, 0, 0, 0, 0, 1, 0, 0, 0, 0, 1, 0, 0, 0, 0, 0, 0, 1, 0, 0, 0, 0, 0, 0, 0, 0, 0, 0, 1, 0, 0, 0, 0, 0, 1]"
1190,L2_arctic_WAV/PNV_arctic_b0527,"[63, 8, 39, 52, 50, 49, 56, 58, 49, 8, 8, 39, 24, 3, 36, 17, 70, 48, 50, 24, 48, 17, 46, 3, 7, 8, 46]","[63, 8, 39, 52, 50, 49, 56, 58, 49, 8, 17, 39, 24, 3, 36, 17, 70, 48, 50, 24, 48, 17, 46, 3, 7, 8, 46]","[1, 1, 1, 1, 1, 1, 1, 1, 1, 1, 0, 1, 1, 1, 1, 1, 1, 1, 1, 1, 1, 1, 1, 1, 1, 1, 1]","[0, 0, 0, 0, 0, 0, 0, 0, 0, 0, 1, 0, 0, 0, 0, 0, 0, 0, 0, 0, 0, 0, 0, 0, 0, 0, 0]"
1191,L2_arctic_WAV/PNV_arctic_b0534,"[56, 30, 3, 52, 30, 29, 6, 63, 8, 30, 56, 37, 50, 52, 50, 49, 8, 55, 46, 52, 58, 36, 24, 22, 8, 37, 50, 56, 3, 8, 55, 24, 10, 54, 60, 46]","[17, 30, 3, 52, 36, 29, 6, 58, 8, 30, 56, 37, 50, 52, 50, 49, 8, 55, 46, 52, 58, 36, 24, 22, 8, 37, 50, 56, 3, 8, 55, 24, 10, 54, 60, 46]","[0, 1, 1, 1, 0, 1, 1, 0, 1, 1, 1, 1, 1, 1, 1, 1, 1, 1, 1, 1, 1, 1, 1, 1, 1, 1, 1, 1, 1, 1, 1, 1, 1, 1, 1, 1]","[1, 0, 0, 0, 1, 0, 0, 1, 0, 0, 0, 0, 0, 0, 0, 0, 0, 0, 0, 0, 0, 0, 0, 0, 0, 0, 0, 0, 0, 0, 0, 0, 0, 0, 0, 0]"
1192,L2_arctic_WAV/RRBI_arctic_a0003,"[54, 50, 7, 63, 8, 3, 36, 52, 55, 3, 49, 8, 22, 3, 56, 68, 63, 64, 3, 49, 39, 55, 24, 10, 63, 8, 3, 6, 68, 52, 55, 9, 31, 28, 67, 64, 55, 58, 70]","[54, 50, 63, 8, 3, 36, 52, 55, 3, 49, 22, 3, 56, 68, 58, 64, 3, 49, 39, 55, 24, 10, 58, 8, 3, 6, 68, 52, 55, 9, 31, 28, 67, 64, 55, 58, 46]","[1, 1, 0, 1, 1, 1, 1, 1, 1, 1, 1, 0, 1, 1, 1, 1, 0, 1, 1, 1, 1, 1, 1, 1, 0, 1, 1, 1, 1, 1, 1, 1, 1, 1, 1, 1, 1, 1, 0]","[0, 0, 1, 0, 0, 0, 0, 0, 0, 0, 0, 1, 0, 0, 0, 0, 1, 0, 0, 0, 0, 0, 0, 0, 1, 0, 0, 0, 0, 0, 0, 0, 0, 0, 0, 0, 0, 0, 1]"
1193,L2_arctic_WAV/RRBI_arctic_a0005,"[36, 24, 30, 36, 49, 52, 39, 7, 54, 40, 50, 59, 52, 3, 24, 3]","[39, 24, 30, 39, 49, 52, 39, 8, 54, 40, 50, 59, 52, 3, 24, 3]","[0, 1, 1, 0, 1, 1, 1, 0, 1, 1, 1, 1, 1, 1, 1, 1]","[1, 0, 0, 1, 0, 0, 0, 1, 0, 0, 0, 0, 0, 0, 0, 0]"
1194,L2_arctic_WAV/RRBI_arctic_a0006,"[59, 17, 58, 37, 30, 52, 46, 56, 67, 14, 48, 56, 30, 59, 14, 40, 55, 46, 49, 24, 10, 63, 52, 68, 54, 7, 52, 39, 7]","[59, 40, 58, 37, 30, 52, 70, 63, 52, 68, 56, 67, 40, 48, 56, 36, 24, 30, 59, 14, 40, 55, 46, 49, 24, 10, 63, 52, 68, 54, 7, 52, 39, 8]","[1, 0, 1, 1, 1, 1, 0, 1, 1, 0, 1, 1, 1, 1, 1, 1, 1, 1, 1, 1, 1, 1, 1, 1, 1, 1, 1, 1, 0]","[0, 1, 0, 0, 0, 0, 1, 0, 0, 1, 0, 0, 0, 0, 0, 0, 0, 0, 0, 0, 0, 0, 0, 0, 0, 0, 0, 0, 1]"
1195,L2_arctic_WAV/RRBI_arctic_a0007,"[64, 55, 58, 29, 6, 40, 30, 36, 49, 70, 36, 40, 55, 3, 6, 46, 49, 24, 3, 24, 55, 63, 8, 46, 31, 48, 7, 30, 8, 3, 24, 39, 58, 24, 59, 50, 49]","[64, 55, 29, 6, 40, 30, 36, 49, 46, 36, 40, 55, 3, 6, 46, 49, 24, 3, 24, 55, 58, 8, 46, 31, 48, 52, 30, 64, 3, 24, 39, 58, 24, 59, 50, 49]","[1, 1, 0, 1, 1, 1, 1, 1, 1, 0, 1, 1, 1, 1, 1, 1, 1, 1, 1, 1, 1, 0, 1, 1, 1, 1, 0, 1, 0, 1, 1, 1, 1, 1, 1, 1, 1]","[0, 0, 1, 0, 0, 0, 0, 0, 0, 1, 0, 0, 0, 0, 0, 0, 0, 0, 0, 0, 0, 1, 0, 0, 0, 0, 1, 0, 1, 0, 0, 0, 0, 0, 0, 0, 0]"
1196,L2_arctic_WAV/RRBI_arctic_a0008,"[59, 64, 58, 29, 31, 50, 30, 52, 3, 7, 28, 60, 68, 69, 8, 46, 3, 24, 55, 3, 56, 68]","[59, 30, 64, 58, 29, 31, 50, 30, 52, 3, 7, 28, 52, 68, 69, 8, 46, 3, 24, 55, 3, 56, 68]","[1, 1, 1, 1, 1, 1, 1, 1, 1, 1, 1, 0, 1, 1, 1, 1, 1, 1, 1, 1, 1, 1]","[0, 0, 0, 0, 0, 0, 0, 0, 0, 0, 0, 1, 0, 0, 0, 0, 0, 0, 0, 0, 0, 0]"
1197,L2_arctic_WAV/RRBI_arctic_a0010,"[56, 68, 48, 30, 60, 24, 10, 8, 46, 24, 10, 59, 8, 30, 67, 64, 55, 58, 24, 55, 36, 8, 3, 30, 31, 28, 46, 30, 56, 28, 8, 30, 6, 70, 24, 10, 59, 60, 68]","[56, 68, 48, 30, 52, 24, 10, 8, 46, 24, 10, 59, 8, 30, 67, 64, 55, 58, 24, 55, 36, 8, 3, 30, 31, 28, 46, 30, 56, 28, 8, 30, 6, 70, 24, 10, 59, 60, 68]","[1, 1, 1, 1, 0, 1, 1, 1, 1, 1, 1, 1, 1, 1, 1, 1, 1, 1, 1, 1, 1, 1, 1, 1, 1, 1, 1, 1, 1, 1, 1, 1, 1, 1, 1, 1, 1, 1, 1]","[0, 0, 0, 0, 1, 0, 0, 0, 0, 0, 0, 0, 0, 0, 0, 0, 0, 0, 0, 0, 0, 0, 0, 0, 0, 0, 0, 0, 0, 0, 0, 0, 0, 0, 0, 0, 0, 0, 0]"
1198,L2_arctic_WAV/RRBI_arctic_a0011,"[24, 54, 56, 52, 39, 7, 55, 49, 58, 24, 58, 8, 54, 56, 3, 7, 24, 55, 68, 56, 30, 56, 54, 56, 55, 49, 58, 36, 8, 55, 55, 15]","[24, 54, 56, 52, 39, 8, 55, 49, 58, 24, 58, 8, 54, 56, 3, 7, 24, 55, 68, 56, 30, 56, 54, 56, 55, 49, 58, 36, 8, 55, 55, 15]","[1, 1, 1, 1, 1, 0, 1, 1, 1, 1, 1, 1, 1, 1, 1, 1, 1, 1, 1, 1, 1, 1, 1, 1, 1, 1, 1, 1, 1, 1, 1, 1]","[0, 0, 0, 0, 0, 1, 0, 0, 0, 0, 0, 0, 0, 0, 0, 0, 0, 0, 0, 0, 0, 0, 0, 0, 0, 0, 0, 0, 0, 0, 0, 0]"
1199,L2_arctic_WAV/RRBI_arctic_a0013,"[67, 49, 36, 8, 70, 8, 67, 52, 58, 9, 40, 50, 3, 7, 63, 64, 55, 67, 24, 70, 28, 8, 68, 48, 64, 55, 29, 8, 55, 8, 39, 40, 30, 68, 14, 46, 3, 58, 52, 30, 8, 28, 8, 3, 54, 8, 70, 49, 28]","[67, 49, 36, 8, 70, 8, 67, 52, 58, 9, 31, 31, 3, 7, 63, 64, 55, 67, 24, 46, 28, 8, 68, 48, 64, 55, 29, 8, 55, 8, 54, 40, 30, 68, 40, 46, 3, 58, 52, 30, 8, 28, 8, 3, 54, 8, 70, 49, 28]","[1, 1, 1, 1, 1, 1, 1, 1, 1, 1, 0, 0, 1, 1, 1, 1, 1, 1, 1, 0, 1, 1, 1, 1, 1, 1, 1, 1, 1, 1, 0, 1, 1, 1, 0, 1, 1, 1, 1, 1, 1, 1, 1, 1, 1, 1, 1, 1, 1]","[0, 0, 0, 0, 0, 0, 0, 0, 0, 0, 1, 1, 0, 0, 0, 0, 0, 0, 0, 1, 0, 0, 0, 0, 0, 0, 0, 0, 0, 0, 1, 0, 0, 0, 1, 0, 0, 0, 0, 0, 0, 0, 0, 0, 0, 0, 0, 0, 0]"
1200,L2_arctic_WAV/RRBI_arctic_a0018,"[63, 52, 50, 36, 8, 70, 8, 35, 60, 55, 69, 55, 15]","[58, 52, 50, 36, 8, 70, 8, 35, 60, 55, 69, 55, 15]","[0, 1, 1, 1, 1, 1, 1, 1, 1, 1, 1, 1, 1]","[1, 0, 0, 0, 0, 0, 0, 0, 0, 0, 0, 0, 0]"
1201,L2_arctic_WAV/RRBI_arctic_a0019,"[56, 54, 17, 30, 14, 58, 63, 8, 30, 56, 55, 8, 39, 63, 8, 48, 50, 8, 48, 14, 70, 58, 50, 60, 30, 50, 14, 58, 30, 31, 28, 24, 10, 54, 40, 50, 35, 64, 55, 46, 8, 70]","[56, 54, 40, 30, 14, 58, 63, 8, 30, 56, 55, 8, 39, 63, 8, 48, 50, 8, 48, 40, 70, 58, 50, 60, 30, 50, 14, 58, 30, 31, 28, 24, 10, 54, 40, 35, 17, 55, 46, 8, 70]","[1, 1, 0, 1, 1, 1, 1, 1, 1, 1, 1, 1, 1, 1, 1, 1, 1, 1, 1, 0, 1, 1, 1, 1, 1, 1, 1, 1, 1, 1, 1, 1, 1, 1, 1, 0, 1, 0, 1, 1, 1, 1]","[0, 0, 1, 0, 0, 0, 0, 0, 0, 0, 0, 0, 0, 0, 0, 0, 0, 0, 0, 1, 0, 0, 0, 0, 0, 0, 0, 0, 0, 0, 0, 0, 0, 0, 0, 1, 0, 1, 0, 0, 0, 0]"
1202,L2_arctic_WAV/RRBI_arctic_a0020,"[28, 30, 8, 37, 70, 8, 55, 58, 37, 40, 30, 70, 64, 55, 58, 46, 24, 3, 49, 70, 59, 50, 6, 3, 6, 37, 49, 14, 55, 30, 49, 68, 52, 68, 7, 49, 70]","[28, 30, 8, 48, 46, 8, 55, 37, 40, 30, 46, 64, 55, 58, 46, 24, 3, 49, 70, 59, 50, 6, 3, 6, 37, 49, 40, 55, 30, 49, 68, 52, 68, 7, 49, 46]","[1, 1, 1, 0, 0, 1, 1, 0, 1, 1, 1, 0, 1, 1, 1, 1, 1, 1, 1, 1, 1, 1, 1, 1, 1, 1, 1, 0, 1, 1, 1, 1, 1, 1, 1, 1, 0]","[0, 0, 0, 1, 1, 0, 0, 1, 0, 0, 0, 1, 0, 0, 0, 0, 0, 0, 0, 0, 0, 0, 0, 0, 0, 0, 0, 1, 0, 0, 0, 0, 0, 0, 0, 0, 1]"
1203,L2_arctic_WAV/RRBI_arctic_a0021,"[24, 3, 54, 52, 50, 30, 49, 28, 30, 8, 37, 58, 68, 49, 24, 55, 3, 6, 50, 52, 28, 8, 59, 55, 56, 70, 24, 10, 24, 3]","[24, 3, 54, 52, 50, 30, 49, 28, 30, 8, 37, 58, 68, 49, 24, 55, 3, 6, 50, 52, 28, 8, 59, 55, 56, 70, 24, 10, 24, 3]","[1, 1, 1, 1, 1, 1, 1, 1, 1, 1, 1, 1, 1, 1, 1, 1, 1, 1, 1, 1, 1, 1, 1, 1, 1, 1, 1, 1, 1, 1]","[0, 0, 0, 0, 0, 0, 0, 0, 0, 0, 0, 0, 0, 0, 0, 0, 0, 0, 0, 0, 0, 0, 0, 0, 0, 0, 0, 0, 0, 0]"
1204,L2_arctic_WAV/RRBI_arctic_a0022,"[67, 17, 50, 58, 30, 49, 36, 7, 7, 15, 7, 48, 30, 64, 55, 70, 68, 60, 58, 48, 8, 37, 30, 24, 28, 37, 24, 54, 40, 50, 36, 49, 36, 7, 7, 68, 52, 3, 37, 56, 48, 15, 7, 54, 8, 30, 17, 48, 8, 70, 24, 9, 8, 55]","[67, 17, 50, 58, 30, 49, 36, 52, 50, 15, 50, 48, 30, 17, 55, 46, 68, 52, 58, 48, 8, 37, 30, 24, 28, 37, 24, 54, 40, 50, 36, 49, 36, 52, 50, 68, 52, 3, 37, 56, 48, 15, 7, 54, 8, 30, 17, 48, 8, 70, 24, 9, 8, 55]","[1, 1, 1, 1, 1, 1, 1, 0, 0, 1, 0, 1, 1, 0, 1, 0, 1, 0, 1, 1, 1, 1, 1, 1, 1, 1, 1, 1, 1, 1, 1, 1, 1, 0, 0, 1, 1, 1, 1, 1, 1, 1, 1, 1, 1, 1, 1, 1, 1, 1, 1, 1, 1, 1]","[0, 0, 0, 0, 0, 0, 0, 1, 1, 0, 1, 0, 0, 1, 0, 1, 0, 1, 0, 0, 0, 0, 0, 0, 0, 0, 0, 0, 0, 0, 0, 0, 0, 1, 1, 0, 0, 0, 0, 0, 0, 0, 0, 0, 0, 0, 0, 0, 0, 0, 0, 0, 0, 0]"
1205,L2_arctic_WAV/RRBI_arctic_a0023,"[8, 28, 17, 68, 37, 8, 55, 60, 9, 8, 55, 8, 39, 28, 8, 55, 60, 58, 49, 8, 55, 28, 64, 48, 8, 3, 8, 30, 28, 36, 24, 28, 30, 49, 40, 50, 59, 8, 55, 56, 70, 58, 64, 55, 58, 48, 8, 3, 24, 9, 8, 55, 58, 54, 40, 50, 63, 8, 46, 60, 68, 48, 50, 24, 39, 24, 30, 24, 69, 24, 70]","[8, 28, 40, 68, 37, 8, 55, 60, 9, 8, 55, 8, 54, 28, 8, 55, 52, 58, 49, 8, 55, 28, 64, 48, 8, 3, 8, 30, 28, 36, 24, 28, 30, 49, 40, 50, 59, 8, 55, 56, 70, 58, 64, 55, 58, 48, 8, 3, 24, 9, 8, 55, 58, 54, 40, 50, 63, 8, 46, 52, 68, 48, 50, 24, 39, 24, 30, 24, 69, 24, 70]","[1, 1, 0, 1, 1, 1, 1, 1, 1, 1, 1, 1, 0, 1, 1, 1, 0, 1, 1, 1, 1, 1, 1, 1, 1, 1, 1, 1, 1, 1, 1, 1, 1, 1, 1, 1, 1, 1, 1, 1, 1, 1, 1, 1, 1, 1, 1, 1, 1, 1, 1, 1, 1, 1, 1, 1, 1, 1, 1, 0, 1, 1, 1, 1, 1, 1, 1, 1, 1, 1, 1]","[0, 0, 1, 0, 0, 0, 0, 0, 0, 0, 0, 0, 1, 0, 0, 0, 1, 0, 0, 0, 0, 0, 0, 0, 0, 0, 0, 0, 0, 0, 0, 0, 0, 0, 0, 0, 0, 0, 0, 0, 0, 0, 0, 0, 0, 0, 0, 0, 0, 0, 0, 0, 0, 0, 0, 0, 0, 0, 0, 1, 0, 0, 0, 0, 0, 0, 0, 0, 0, 0, 0]"
1206,L2_arctic_WAV/RRBI_arctic_a0024,"[24, 3, 36, 8, 70, 68, 56, 50, 49, 48, 40, 50, 3, 46, 54, 50, 8, 68, 63, 8, 55, 40, 50, 22, 36, 24, 35, 35, 49, 54, 30, 49, 24, 55, 58, 6, 46, 3, 48, 49, 48, 8, 30, 3, 6, 37, 56]","[24, 3, 36, 8, 70, 68, 56, 50, 49, 48, 40, 50, 3, 46, 54, 50, 8, 68, 63, 8, 55, 40, 50, 3, 36, 24, 35, 35, 49, 54, 30, 49, 24, 55, 58, 29, 6, 46, 3, 48, 49, 48, 8, 30, 3, 6, 37, 56]","[1, 1, 1, 1, 1, 1, 1, 1, 1, 1, 1, 1, 1, 1, 1, 1, 1, 1, 1, 1, 1, 1, 1, 0, 1, 1, 1, 1, 1, 1, 1, 1, 1, 1, 1, 1, 1, 1, 1, 1, 1, 1, 1, 1, 1, 1, 1]","[0, 0, 0, 0, 0, 0, 0, 0, 0, 0, 0, 0, 0, 0, 0, 0, 0, 0, 0, 0, 0, 0, 0, 1, 0, 0, 0, 0, 0, 0, 0, 0, 0, 0, 0, 0, 0, 0, 0, 0, 0, 0, 0, 0, 0, 0, 0]"
1207,L2_arctic_WAV/RRBI_arctic_a0025,"[56, 36, 8, 70, 8, 37, 15, 3, 3, 6, 58, 6, 63, 24, 46, 36, 24, 55, 28, 6, 30, 7, 69, 8, 69, 68, 8, 55, 3, 48, 50, 24, 39, 60, 30, 58]","[56, 36, 8, 46, 8, 37, 15, 3, 3, 6, 58, 6, 58, 24, 46, 36, 24, 55, 28, 6, 30, 7, 69, 8, 69, 68, 8, 55, 3, 48, 50, 24, 39, 60, 30, 58]","[1, 1, 1, 0, 1, 1, 1, 1, 1, 1, 1, 1, 0, 1, 1, 1, 1, 1, 1, 1, 1, 1, 1, 1, 1, 1, 1, 1, 1, 1, 1, 1, 1, 1, 1, 1]","[0, 0, 0, 1, 0, 0, 0, 0, 0, 0, 0, 0, 1, 0, 0, 0, 0, 0, 0, 0, 0, 0, 0, 0, 0, 0, 0, 0, 0, 0, 0, 0, 0, 0, 0, 0]"
1208,L2_arctic_WAV/RRBI_arctic_a0026,"[24, 3, 8, 28, 7, 58, 3, 6, 68, 49, 63, 64, 3, 63, 52, 50, 36, 31, 58, 67, 64, 39, 3, 6, 37, 49, 8, 55, 8, 28, 15, 55, 3, 24, 10]","[24, 3, 8, 28, 7, 58, 3, 6, 68, 49, 58, 64, 3, 58, 52, 50, 36, 31, 58, 67, 64, 61, 3, 6, 37, 49, 8, 55, 8, 28, 15, 55, 3, 24, 10]","[1, 1, 1, 1, 1, 1, 1, 1, 1, 1, 0, 1, 1, 0, 1, 1, 1, 1, 1, 1, 1, 0, 1, 1, 1, 1, 1, 1, 1, 1, 1, 1, 1, 1, 1]","[0, 0, 0, 0, 0, 0, 0, 0, 0, 0, 1, 0, 0, 1, 0, 0, 0, 0, 0, 0, 0, 1, 0, 0, 0, 0, 0, 0, 0, 0, 0, 0, 0, 0, 0]"
1209,L2_arctic_WAV/RRBI_arctic_a0027,"[3, 6, 68, 56, 46, 8, 48, 50, 56, 70, 67, 49, 37, 24, 59, 64, 55, 3, 8, 9, 14, 64, 28, 9, 8, 30, 24, 55, 22, 6, 70, 49, 64, 70, 8, 68, 24, 55, 68, 56, 54, 60, 39, 7]","[3, 6, 68, 56, 46, 8, 48, 50, 56, 46, 67, 49, 37, 24, 59, 64, 55, 3, 31, 9, 40, 64, 28, 35, 8, 30, 24, 55, 3, 6, 70, 49, 64, 70, 8, 68, 24, 55, 68, 56, 54, 60, 39, 8]","[1, 1, 1, 1, 1, 1, 1, 1, 1, 0, 1, 1, 1, 1, 1, 1, 1, 1, 0, 1, 0, 1, 1, 0, 1, 1, 1, 1, 0, 1, 1, 1, 1, 1, 1, 1, 1, 1, 1, 1, 1, 1, 1, 0]","[0, 0, 0, 0, 0, 0, 0, 0, 0, 1, 0, 0, 0, 0, 0, 0, 0, 0, 1, 0, 1, 0, 0, 1, 0, 0, 0, 0, 1, 0, 0, 0, 0, 0, 0, 0, 0, 0, 0, 0, 0, 0, 0, 1]"
1210,L2_arctic_WAV/RRBI_arctic_a0028,"[50, 17, 37, 7, 49, 37, 50, 56, 37, 7, 49, 54, 50, 40, 58]","[50, 17, 37, 7, 49, 37, 50, 56, 37, 7, 49, 54, 50, 40, 58]","[1, 1, 1, 1, 1, 1, 1, 1, 1, 1, 1, 1, 1, 1, 1]","[0, 0, 0, 0, 0, 0, 0, 0, 0, 0, 0, 0, 0, 0, 0]"
1211,L2_arctic_WAV/RRBI_arctic_a0029,"[63, 52, 50, 54, 40, 50, 46, 24, 70, 36, 7, 7, 40, 50, 52, 58, 49, 68, 6, 39, 24, 10, 24, 55, 3, 8, 63, 8, 55, 40, 50, 22, 28, 8, 55, 3, 50, 49]","[63, 52, 50, 54, 40, 46, 24, 70, 36, 52, 50, 40, 50, 52, 58, 49, 68, 6, 39, 24, 10, 24, 55, 3, 8, 63, 8, 55, 40, 50, 22, 28, 8, 55, 3, 50, 49]","[1, 1, 1, 1, 1, 0, 1, 1, 1, 1, 0, 0, 1, 1, 1, 1, 1, 1, 1, 1, 1, 1, 1, 1, 1, 1, 1, 1, 1, 1, 1, 1, 1, 1, 1, 1, 1, 1]","[0, 0, 0, 0, 0, 1, 0, 0, 0, 0, 1, 1, 0, 0, 0, 0, 0, 0, 0, 0, 0, 0, 0, 0, 0, 0, 0, 0, 0, 0, 0, 0, 0, 0, 0, 0, 0, 0]"
1212,L2_arctic_WAV/RRBI_arctic_a0030,"[56, 67, 64, 58, 54, 60, 22, 24, 55, 63, 52, 68]","[17, 67, 64, 58, 54, 52, 22, 24, 55, 63, 52, 68]","[0, 1, 1, 1, 1, 0, 1, 1, 1, 1, 1, 1]","[1, 0, 0, 0, 0, 1, 0, 0, 0, 0, 0, 0]"
1213,L2_arctic_WAV/RRBI_arctic_a0031,"[63, 60, 50, 36, 7, 7, 22, 50, 49, 67, 8, 55, 58, 7, 58, 29, 17, 50, 58, 70, 8, 48, 17, 50, 3]","[58, 52, 36, 52, 50, 3, 50, 49, 67, 8, 55, 58, 7, 58, 29, 17, 50, 58, 70, 8, 48, 17, 3]","[0, 0, 0, 1, 0, 0, 0, 1, 1, 1, 1, 1, 1, 1, 1, 1, 1, 1, 1, 1, 1, 1, 1, 0, 1]","[1, 1, 1, 0, 1, 1, 1, 0, 0, 0, 0, 0, 0, 0, 0, 0, 0, 0, 0, 0, 0, 0, 0, 1, 0]"
1214,L2_arctic_WAV/RRBI_arctic_a0032,"[46, 24, 55, 46, 63, 52, 55, 46, 8, 68, 68, 24, 46, 3, 24, 50, 49, 8, 46, 54, 40, 50, 46, 67, 64, 70, 37, 24, 55, 54, 56, 3, 24, 10, 8, 46, 64, 3, 52, 39, 50, 49, 46, 3, 52, 48]","[46, 24, 55, 46, 58, 52, 55, 46, 8, 68, 68, 24, 46, 3, 24, 50, 49, 8, 46, 54, 40, 50, 46, 67, 64, 70, 37, 24, 55, 54, 56, 3, 24, 10, 8, 46, 64, 3, 52, 39, 50, 49, 46, 3, 52, 48]","[1, 1, 1, 1, 0, 1, 1, 1, 1, 1, 1, 1, 1, 1, 1, 1, 1, 1, 1, 1, 1, 1, 1, 1, 1, 1, 1, 1, 1, 1, 1, 1, 1, 1, 1, 1, 1, 1, 1, 1, 1, 1, 1, 1, 1, 1]","[0, 0, 0, 0, 1, 0, 0, 0, 0, 0, 0, 0, 0, 0, 0, 0, 0, 0, 0, 0, 0, 0, 0, 0, 0, 0, 0, 0, 0, 0, 0, 0, 0, 0, 0, 0, 0, 0, 0, 0, 0, 0, 0, 0, 0, 0]"
1215,L2_arctic_WAV/RRBI_arctic_a0036,"[9, 49, 3, 7, 55, 58, 24, 55, 64, 3, 63, 8, 67, 14, 3, 52, 30]","[9, 61, 3, 8, 55, 58, 24, 55, 64, 63, 8, 67, 40, 3, 52, 30]","[1, 0, 1, 0, 1, 1, 1, 1, 1, 0, 1, 1, 1, 0, 1, 1, 1]","[0, 1, 0, 1, 0, 0, 0, 0, 0, 1, 0, 0, 0, 1, 0, 0, 0]"
1216,L2_arctic_WAV/RRBI_arctic_a0037,"[56, 36, 17, 70, 63, 8, 14, 55, 30, 49, 36, 8, 55, 67, 6, 50, 49, 68, 60, 55, 58, 46, 24, 3, 24, 10]","[56, 36, 17, 70, 63, 8, 14, 55, 30, 49, 39, 8, 55, 67, 6, 50, 49, 68, 60, 55, 58, 46, 24, 3, 24, 10]","[1, 1, 1, 1, 1, 1, 1, 1, 1, 1, 0, 1, 1, 1, 1, 1, 1, 1, 1, 1, 1, 1, 1, 1, 1, 1]","[0, 0, 0, 0, 0, 0, 0, 0, 0, 0, 1, 0, 0, 0, 0, 0, 0, 0, 0, 0, 0, 0, 0, 0, 0, 0]"
1217,L2_arctic_WAV/RRBI_arctic_a0038,"[36, 49, 36, 24, 30, 67, 64, 39, 3, 8, 36, 17, 35, 15, 50, 35, 64, 55, 46, 24, 70]","[36, 49, 36, 24, 30, 67, 64, 39, 3, 8, 36, 17, 35, 15, 50, 35, 64, 55, 46, 24, 70]","[1, 1, 1, 1, 1, 1, 1, 1, 1, 1, 1, 1, 1, 1, 1, 1, 1, 1, 1, 1, 1]","[0, 0, 0, 0, 0, 0, 0, 0, 0, 0, 0, 0, 0, 0, 0, 0, 0, 0, 0, 0, 0]"
1218,L2_arctic_WAV/RRBI_arctic_a0039,"[63, 8, 9, 24, 48, 9, 31, 58, 37, 49, 24, 55, 36, 24, 22, 24, 55, 8, 36, 49, 28, 40, 50, 3, 52, 55, 58, 60, 70]","[63, 8, 9, 24, 48, 9, 31, 58, 37, 49, 24, 55, 36, 24, 22, 24, 55, 8, 39, 49, 28, 40, 50, 3, 52, 55, 58, 60, 70]","[1, 1, 1, 1, 1, 1, 1, 1, 1, 1, 1, 1, 1, 1, 1, 1, 1, 1, 0, 1, 1, 1, 1, 1, 1, 1, 1, 1, 1]","[0, 0, 0, 0, 0, 0, 0, 0, 0, 0, 0, 0, 0, 0, 0, 0, 0, 0, 1, 0, 0, 0, 0, 0, 0, 0, 0, 0, 0]"
1219,L2_arctic_WAV/RRBI_arctic_a0040,"[56, 46, 8, 48, 14, 70, 29, 6, 36, 8, 55, 58, 7, 36, 56, 9, 49, 24, 70, 28, 8, 68, 24, 10, 8, 48, 67, 49, 50]","[56, 46, 8, 48, 40, 46, 29, 6, 36, 8, 55, 58, 8, 36, 56, 9, 49, 24, 46, 28, 8, 68, 24, 10, 8, 48, 67, 49, 8]","[1, 1, 1, 1, 0, 0, 1, 1, 1, 1, 1, 1, 0, 1, 1, 1, 1, 1, 0, 1, 1, 1, 1, 1, 1, 1, 1, 1, 0]","[0, 0, 0, 0, 1, 1, 0, 0, 0, 0, 0, 0, 1, 0, 0, 0, 0, 0, 1, 0, 0, 0, 0, 0, 0, 0, 0, 0, 1]"
1220,L2_arctic_WAV/RRBI_arctic_a0041,"[68, 49, 55, 36, 56, 30, 56, 30, 59, 14, 15, 3, 6, 37, 50, 49, 63, 8, 46, 48, 52, 30]","[68, 49, 55, 36, 56, 30, 56, 30, 59, 40, 15, 3, 6, 37, 50, 49, 3, 8, 46, 48, 52, 30]","[1, 1, 1, 1, 1, 1, 1, 1, 1, 0, 1, 1, 1, 1, 1, 1, 0, 1, 1, 1, 1, 1]","[0, 0, 0, 0, 0, 0, 0, 0, 0, 1, 0, 0, 0, 0, 0, 0, 1, 0, 0, 0, 0, 0]"
1221,L2_arctic_WAV/RRBI_arctic_a0042,"[67, 15, 28, 31, 58, 67, 49, 24, 28, 46, 48, 30, 60, 55, 67, 24, 70, 48, 8, 70, 52, 9, 8, 55, 8, 39, 63, 8, 46, 28, 52, 35]","[67, 15, 28, 31, 58, 8, 67, 49, 24, 28, 46, 48, 30, 60, 55, 67, 24, 70, 48, 8, 61, 52, 9, 8, 55, 8, 39, 63, 8, 46, 28, 52, 35]","[1, 1, 1, 1, 1, 1, 1, 1, 1, 1, 1, 1, 1, 1, 1, 1, 1, 1, 1, 0, 1, 1, 1, 1, 1, 1, 1, 1, 1, 1, 1, 1]","[0, 0, 0, 0, 0, 0, 0, 0, 0, 0, 0, 0, 0, 0, 0, 0, 0, 0, 0, 1, 0, 0, 0, 0, 0, 0, 0, 0, 0, 0, 0, 0]"
1222,L2_arctic_WAV/RRBI_arctic_a0045,"[67, 49, 68, 6, 39, 58, 8, 36, 60, 64, 70, 28, 36, 56, 8, 3, 30, 49, 64, 70, 67, 49, 67, 64, 58, 28, 8, 68]","[67, 49, 68, 6, 61, 58, 8, 36, 52, 64, 46, 28, 36, 56, 3, 30, 49, 64, 70, 67, 49, 67, 64, 58, 28, 8, 68]","[1, 1, 1, 1, 0, 1, 1, 1, 0, 1, 0, 1, 1, 1, 0, 1, 1, 1, 1, 1, 1, 1, 1, 1, 1, 1, 1, 1]","[0, 0, 0, 0, 1, 0, 0, 0, 1, 0, 1, 0, 0, 0, 1, 0, 0, 0, 0, 0, 0, 0, 0, 0, 0, 0, 0, 0]"
1223,L2_arctic_WAV/RRBI_arctic_a0046,"[63, 8, 59, 7, 30, 54, 60, 46, 3, 24, 68, 67, 7, 56, 70, 9, 56, 55, 24, 10, 36, 24, 22, 46, 8, 58, 8, 55, 54, 24, 50]","[63, 8, 59, 52, 30, 54, 52, 46, 3, 24, 68, 67, 7, 56, 9, 56, 55, 24, 10, 36, 24, 22, 46, 8, 58, 8, 55, 54, 24, 8]","[1, 1, 1, 0, 1, 1, 0, 1, 1, 1, 1, 1, 1, 1, 0, 1, 1, 1, 1, 1, 1, 1, 1, 1, 1, 1, 1, 1, 1, 1, 0]","[0, 0, 0, 1, 0, 0, 1, 0, 0, 0, 0, 0, 0, 0, 1, 0, 0, 0, 0, 0, 0, 0, 0, 0, 0, 0, 0, 0, 0, 0, 1]"
1224,L2_arctic_WAV/RRBI_arctic_a0047,"[28, 30, 14, 70, 37, 24, 46, 56, 58, 67, 24, 68, 59, 30, 49, 68, 58, 63, 8, 36, 56, 3, 54, 64, 10, 70, 8, 39, 63, 8, 36, 31, 30, 54, 58, 40, 59]","[28, 30, 40, 70, 37, 24, 46, 56, 58, 67, 24, 68, 59, 30, 49, 68, 63, 8, 39, 56, 3, 54, 64, 10, 70, 8, 39, 63, 8, 39, 31, 30, 54, 58, 40, 59]","[1, 1, 0, 1, 1, 1, 1, 1, 1, 1, 1, 1, 1, 1, 1, 1, 0, 1, 1, 0, 1, 1, 1, 1, 1, 1, 1, 1, 1, 1, 0, 1, 1, 1, 1, 1, 1]","[0, 0, 1, 0, 0, 0, 0, 0, 0, 0, 0, 0, 0, 0, 0, 0, 1, 0, 0, 1, 0, 0, 0, 0, 0, 0, 0, 0, 0, 0, 1, 0, 0, 0, 0, 0, 0]"
1225,L2_arctic_WAV/RRBI_arctic_a0048,"[67, 49, 30, 31, 28, 3, 64, 3, 63, 8, 67, 64, 10, 28, 7, 35, 24, 54, 68, 40, 50, 28, 30, 14, 46, 30, 49]","[67, 49, 30, 31, 28, 3, 64, 3, 63, 8, 67, 64, 10, 28, 8, 35, 24, 54, 68, 40, 50, 28, 30, 14, 70, 30, 49]","[1, 1, 1, 1, 1, 1, 1, 1, 1, 1, 1, 1, 1, 1, 0, 1, 1, 1, 1, 1, 1, 1, 1, 1, 0, 1, 1]","[0, 0, 0, 0, 0, 0, 0, 0, 0, 0, 0, 0, 0, 0, 1, 0, 0, 0, 0, 0, 0, 0, 0, 0, 1, 0, 0]"
1226,L2_arctic_WAV/RRBI_arctic_a0051,"[63, 8, 30, 60, 46, 36, 8, 70, 8, 39, 8, 58, 52, 30, 8, 28, 8, 3, 56, 39, 7, 49, 28, 8, 30, 7, 54, 60, 55, 3, 30, 49, 3, 24, 55, 3, 24, 58, 36, 24, 63, 29, 52, 30, 14]","[63, 8, 30, 60, 46, 36, 8, 70, 8, 39, 8, 58, 52, 30, 8, 28, 8, 3, 56, 39, 30, 49, 28, 8, 30, 7, 54, 24, 55, 3, 30, 49, 3, 24, 55, 3, 24, 58, 36, 24, 63, 29, 52, 30, 14]","[1, 1, 1, 1, 1, 1, 1, 1, 1, 1, 1, 1, 1, 1, 1, 1, 1, 1, 1, 1, 0, 1, 1, 1, 1, 1, 1, 0, 1, 1, 1, 1, 1, 1, 1, 1, 1, 1, 1, 1, 1, 1, 1, 1, 1]","[0, 0, 0, 0, 0, 0, 0, 0, 0, 0, 0, 0, 0, 0, 0, 0, 0, 0, 0, 0, 1, 0, 0, 0, 0, 0, 0, 1, 0, 0, 0, 0, 0, 0, 0, 0, 0, 0, 0, 0, 0, 0, 0, 0, 0]"
1227,L2_arctic_WAV/RRBI_arctic_a0052,"[24, 3, 36, 8, 70, 8, 28, 29, 31, 50, 49, 8, 46, 28, 14, 24, 55, 46, 24, 58, 8, 55, 46]","[24, 3, 36, 8, 70, 8, 28, 29, 31, 30, 49, 8, 46, 28, 31, 24, 55, 46, 24, 58, 8, 55, 46]","[1, 1, 1, 1, 1, 1, 1, 1, 1, 0, 1, 1, 1, 1, 0, 1, 1, 1, 1, 1, 1, 1, 1]","[0, 0, 0, 0, 0, 0, 0, 0, 0, 1, 0, 0, 0, 0, 1, 0, 0, 0, 0, 0, 0, 0, 0]"
1228,L2_arctic_WAV/RRBI_arctic_a0053,"[46, 8, 58, 8, 55, 30, 49, 67, 24, 70, 54, 24, 10, 59, 7, 70, 28, 30, 14, 70, 58, 3, 56, 3, 30, 49, 14, 39, 7, 63, 8, 67, 64, 10, 28, 7, 35, 24, 54]","[46, 8, 58, 8, 55, 30, 49, 67, 24, 70, 54, 24, 10, 59, 7, 46, 28, 30, 14, 46, 58, 56, 58, 30, 49, 14, 39, 7, 63, 8, 67, 64, 10, 28, 7, 35, 24, 54]","[1, 1, 1, 1, 1, 1, 1, 1, 1, 1, 1, 1, 1, 1, 1, 0, 1, 1, 1, 0, 1, 0, 1, 0, 1, 1, 1, 1, 1, 1, 1, 1, 1, 1, 1, 1, 1, 1, 1]","[0, 0, 0, 0, 0, 0, 0, 0, 0, 0, 0, 0, 0, 0, 0, 1, 0, 0, 0, 1, 0, 1, 0, 1, 0, 0, 0, 0, 0, 0, 0, 0, 0, 0, 0, 0, 0, 0, 0]"
1229,L2_arctic_WAV/RRBI_arctic_a0054,"[63, 52, 50, 36, 8, 70, 55, 8, 22, 24, 10, 17, 55, 63, 8, 50, 17, 28]","[63, 52, 30, 36, 8, 70, 55, 8, 22, 24, 10, 17, 55, 58, 8, 30, 17, 28]","[1, 1, 0, 1, 1, 1, 1, 1, 1, 1, 1, 1, 1, 0, 1, 0, 1, 1]","[0, 0, 1, 0, 0, 0, 0, 0, 0, 0, 0, 0, 0, 1, 0, 1, 0, 0]"
1230,L2_arctic_WAV/RRBI_arctic_a0058,"[56, 28, 60, 68, 54, 40, 50, 24, 55, 54, 40, 50, 68, 60, 9, 8, 55, 68, 40, 50, 15, 3, 8, 39, 28, 29, 31, 50, 49, 17, 46, 8, 3, 49, 63, 64, 55, 52, 55, 49, 22, 24, 10, 52, 30, 46]","[56, 59, 60, 68, 54, 40, 50, 24, 55, 54, 40, 50, 68, 60, 9, 8, 55, 68, 40, 30, 15, 3, 8, 39, 28, 29, 31, 30, 49, 17, 46, 8, 3, 49, 63, 64, 55, 52, 55, 49, 22, 24, 10, 52, 30, 46]","[1, 0, 1, 1, 1, 1, 1, 1, 1, 1, 1, 1, 1, 1, 1, 1, 1, 1, 1, 0, 1, 1, 1, 1, 1, 1, 1, 0, 1, 1, 1, 1, 1, 1, 1, 1, 1, 1, 1, 1, 1, 1, 1, 1, 1, 1]","[0, 1, 0, 0, 0, 0, 0, 0, 0, 0, 0, 0, 0, 0, 0, 0, 0, 0, 0, 1, 0, 0, 0, 0, 0, 0, 0, 1, 0, 0, 0, 0, 0, 0, 0, 0, 0, 0, 0, 0, 0, 0, 0, 0, 0, 0]"
1231,L2_arctic_WAV/RRBI_arctic_a0059,"[67, 24, 70, 24, 68, 64, 28, 29, 6, 30, 24, 3, 8, 48, 24, 50, 8, 55, 46, 36, 17, 70, 59, 40, 55]","[67, 24, 70, 24, 68, 64, 28, 29, 6, 30, 52, 3, 8, 48, 24, 30, 8, 55, 46, 36, 17, 46, 59, 40, 55]","[1, 1, 1, 1, 1, 1, 1, 1, 1, 1, 0, 1, 1, 1, 1, 0, 1, 1, 1, 1, 1, 0, 1, 1, 1]","[0, 0, 0, 0, 0, 0, 0, 0, 0, 0, 1, 0, 0, 0, 0, 1, 0, 0, 0, 0, 0, 1, 0, 0, 0]"
1232,L2_arctic_WAV/RRBI_arctic_a0060,"[52, 55, 49, 36, 60, 55, 14, 36, 8, 55, 46, 40, 67, 7, 30, 56, 28, 63, 64, 3]","[52, 55, 49, 39, 52, 55, 14, 36, 8, 55, 46, 40, 67, 7, 30, 56, 28, 58, 64, 3]","[1, 1, 1, 0, 0, 1, 1, 1, 1, 1, 1, 1, 1, 1, 1, 1, 1, 0, 1, 1]","[0, 0, 0, 1, 1, 0, 0, 0, 0, 0, 0, 0, 0, 0, 0, 0, 0, 1, 0, 0]"
1233,L2_arctic_WAV/RRBI_arctic_a0062,"[63, 8, 68, 52, 55, 46, 3, 52, 50, 58, 24, 55, 3, 6, 49, 35, 8, 63, 7, 70, 54, 60, 46]","[63, 8, 68, 52, 55, 46, 3, 52, 50, 58, 24, 55, 3, 6, 49, 35, 8, 63, 7, 46, 54, 52, 46]","[1, 1, 1, 1, 1, 1, 1, 1, 1, 1, 1, 1, 1, 1, 1, 1, 1, 1, 1, 0, 1, 0, 1]","[0, 0, 0, 0, 0, 0, 0, 0, 0, 0, 0, 0, 0, 0, 0, 0, 0, 0, 0, 1, 0, 1, 0]"
1234,L2_arctic_WAV/RRBI_arctic_a0063,"[29, 52, 46, 24, 3, 36, 8, 70, 8, 68, 64, 55, 67, 6, 64, 46, 3, 8, 46, 3, 50, 60, 55, 69, 7]","[29, 52, 46, 24, 3, 36, 8, 70, 8, 68, 8, 55, 67, 6, 8, 46, 3, 8, 46, 3, 50, 60, 55, 69, 7]","[1, 1, 1, 1, 1, 1, 1, 1, 1, 1, 0, 1, 1, 1, 0, 1, 1, 1, 1, 1, 1, 1, 1, 1, 1]","[0, 0, 0, 0, 0, 0, 0, 0, 0, 0, 1, 0, 0, 0, 1, 0, 0, 0, 0, 0, 0, 0, 0, 0, 0]"
1235,L2_arctic_WAV/RRBI_arctic_a0064,"[63, 8, 54, 40, 50, 22, 64, 55, 58, 54, 24, 54, 22, 58, 60, 70, 48, 64, 46, 3, 36, 24, 22, 15, 3, 52, 55, 49, 58, 24, 39, 52, 30, 8, 48, 68, 8, 55, 3, 46]","[63, 8, 54, 40, 30, 22, 64, 55, 58, 54, 24, 54, 22, 58, 52, 70, 48, 8, 46, 3, 39, 24, 22, 15, 3, 52, 55, 49, 58, 24, 39, 52, 30, 8, 48, 68, 8, 55, 3, 46]","[1, 1, 1, 1, 0, 1, 1, 1, 1, 1, 1, 1, 1, 1, 0, 1, 1, 0, 1, 1, 0, 1, 1, 1, 1, 1, 1, 1, 1, 1, 1, 1, 1, 1, 1, 1, 1, 1, 1, 1]","[0, 0, 0, 0, 1, 0, 0, 0, 0, 0, 0, 0, 0, 0, 1, 0, 0, 1, 0, 0, 1, 0, 0, 0, 0, 0, 0, 0, 0, 0, 0, 0, 0, 0, 0, 0, 0, 0, 0, 0]"
1236,L2_arctic_WAV/RRBI_arctic_a0065,"[63, 60, 28, 30, 14, 70, 58, 55, 15, 8, 55, 3, 24, 30, 67, 24, 70, 54, 24, 10, 59, 7, 70, 36, 7, 30, 56, 28, 28, 40, 50, 58, 70, 8, 39, 46, 3, 49, 30]","[63, 60, 28, 30, 14, 70, 58, 55, 15, 8, 55, 3, 24, 30, 67, 24, 70, 54, 24, 10, 59, 7, 70, 39, 52, 30, 56, 28, 59, 40, 50, 58, 70, 8, 39, 46, 3, 49, 30]","[1, 1, 1, 1, 1, 1, 1, 1, 1, 1, 1, 1, 1, 1, 1, 1, 1, 1, 1, 1, 1, 1, 1, 0, 0, 1, 1, 1, 0, 1, 1, 1, 1, 1, 1, 1, 1, 1, 1]","[0, 0, 0, 0, 0, 0, 0, 0, 0, 0, 0, 0, 0, 0, 0, 0, 0, 0, 0, 0, 0, 0, 0, 1, 1, 0, 0, 0, 1, 0, 0, 0, 0, 0, 0, 0, 0, 0, 0]"
1237,L2_arctic_WAV/RRBI_arctic_a0067,"[9, 31, 50, 30, 49, 56, 36, 24, 30, 24, 28, 46, 28, 29, 6, 70, 29, 6, 9, 49, 28, 50, 56, 58]","[9, 31, 50, 30, 49, 56, 36, 24, 30, 24, 28, 46, 28, 29, 6, 70, 29, 6, 9, 49, 28, 30, 56, 58]","[1, 1, 1, 1, 1, 1, 1, 1, 1, 1, 1, 1, 1, 1, 1, 1, 1, 1, 1, 1, 1, 0, 1, 1]","[0, 0, 0, 0, 0, 0, 0, 0, 0, 0, 0, 0, 0, 0, 0, 0, 0, 0, 0, 0, 0, 1, 0, 0]"
1238,L2_arctic_WAV/RRBI_arctic_a0071,"[67, 36, 8, 3, 36, 17, 70, 63, 8, 17, 37, 69, 52, 28, 3, 8, 39, 29, 31, 50, 30, 24, 3, 8, 30, 46, 52, 55, 46, 60, 9, 8, 55]","[67, 36, 8, 3, 36, 17, 70, 70, 8, 40, 37, 69, 52, 28, 3, 8, 39, 29, 7, 50, 30, 24, 3, 8, 30, 46, 52, 55, 46, 60, 9, 8, 55]","[1, 1, 1, 1, 1, 1, 1, 0, 1, 0, 1, 1, 1, 1, 1, 1, 1, 1, 0, 1, 1, 1, 1, 1, 1, 1, 1, 1, 1, 1, 1, 1, 1]","[0, 0, 0, 0, 0, 0, 0, 1, 0, 1, 0, 0, 0, 0, 0, 0, 0, 0, 1, 0, 0, 0, 0, 0, 0, 0, 0, 0, 0, 0, 0, 0, 0]"
1239,L2_arctic_WAV/RRBI_arctic_a0073,"[63, 8, 48, 50, 8, 68, 14, 3, 7, 70, 56, 70, 36, 7, 67, 52, 39, 49, 36, 24, 22, 30, 24, 3, 8, 30, 48, 8, 54, 49, 37, 64, 59, 70, 8, 55, 58, 7, 63, 52, 68]","[63, 8, 48, 50, 8, 68, 14, 3, 7, 46, 56, 70, 39, 7, 67, 52, 39, 49, 36, 24, 58, 30, 24, 3, 8, 30, 37, 8, 54, 49, 37, 64, 59, 70, 8, 55, 58, 7, 63, 52, 68]","[1, 1, 1, 1, 1, 1, 1, 1, 1, 0, 1, 1, 0, 1, 1, 1, 1, 1, 1, 1, 0, 1, 1, 1, 1, 1, 0, 1, 1, 1, 1, 1, 1, 1, 1, 1, 1, 1, 1, 1, 1]","[0, 0, 0, 0, 0, 0, 0, 0, 0, 1, 0, 0, 1, 0, 0, 0, 0, 0, 0, 0, 1, 0, 0, 0, 0, 0, 1, 0, 0, 0, 0, 0, 0, 0, 0, 0, 0, 0, 0, 0, 0]"
1240,L2_arctic_WAV/RRBI_arctic_a0075,"[63, 52, 50, 67, 64, 70, 37, 24, 55, 8, 35, 60, 55, 69, 9, 49, 24, 55, 3, 7, 8, 48, 3, 24, 58, 67, 24, 68]","[63, 52, 30, 67, 64, 70, 37, 49, 55, 8, 35, 24, 55, 69, 9, 49, 24, 55, 3, 30, 8, 48, 3, 24, 58, 67, 24, 68]","[1, 1, 0, 1, 1, 1, 1, 0, 1, 1, 1, 0, 1, 1, 1, 1, 1, 1, 1, 0, 1, 1, 1, 1, 1, 1, 1, 1]","[0, 0, 1, 0, 0, 0, 0, 1, 0, 0, 0, 1, 0, 0, 0, 0, 0, 0, 0, 1, 0, 0, 0, 0, 0, 0, 0, 0]"
1241,L2_arctic_WAV/RRBI_arctic_a0076,"[63, 8, 59, 50, 60, 56, 70, 54, 17, 30, 3, 7, 58, 63, 8, 54, 30, 8, 9, 58, 49, 48, 8, 55, 58]","[63, 8, 59, 30, 60, 56, 46, 54, 64, 30, 3, 7, 58, 63, 8, 54, 30, 8, 9, 58, 49, 48, 8, 55, 58]","[1, 1, 1, 0, 1, 1, 0, 1, 0, 1, 1, 1, 1, 1, 1, 1, 1, 1, 1, 1, 1, 1, 1, 1, 1]","[0, 0, 0, 1, 0, 0, 1, 0, 1, 0, 0, 0, 0, 0, 0, 0, 0, 0, 0, 0, 0, 0, 0, 0, 0]"
1242,L2_arctic_WAV/RRBI_arctic_a0077,"[24, 3, 24, 70, 63, 8, 54, 56, 7, 48, 17, 50, 3, 30, 49, 9, 49, 46, 52, 58]","[24, 3, 24, 70, 63, 8, 54, 56, 7, 48, 17, 50, 3, 30, 49, 9, 49, 46, 52, 58]","[1, 1, 1, 1, 1, 1, 1, 1, 1, 1, 1, 1, 1, 1, 1, 1, 1, 1, 1, 1]","[0, 0, 0, 0, 0, 0, 0, 0, 0, 0, 0, 0, 0, 0, 0, 0, 0, 0, 0, 0]"
1243,L2_arctic_WAV/RRBI_arctic_a0078,"[63, 52, 55, 64, 55, 58, 64, 3, 46, 8, 48, 7, 67, 49, 3, 50, 56, 58, 3, 6, 54, 64, 63, 8, 68, 67, 7]","[63, 52, 55, 64, 55, 58, 64, 3, 46, 8, 48, 7, 67, 49, 3, 50, 56, 58, 3, 6, 54, 64, 63, 8, 68, 67, 7]","[1, 1, 1, 1, 1, 1, 1, 1, 1, 1, 1, 1, 1, 1, 1, 1, 1, 1, 1, 1, 1, 1, 1, 1, 1, 1, 1]","[0, 0, 0, 0, 0, 0, 0, 0, 0, 0, 0, 0, 0, 0, 0, 0, 0, 0, 0, 0, 0, 0, 0, 0, 0, 0, 0]"
1244,L2_arctic_WAV/RRBI_arctic_a0079,"[24, 3, 36, 8, 70, 8, 30, 17, 50, 69, 28, 8, 55, 6]","[24, 3, 36, 8, 70, 8, 30, 17, 50, 69, 28, 8, 55, 6]","[1, 1, 1, 1, 1, 1, 1, 1, 1, 1, 1, 1, 1, 1]","[0, 0, 0, 0, 0, 0, 0, 0, 0, 0, 0, 0, 0, 0]"
1245,L2_arctic_WAV/RRBI_arctic_a0081,"[67, 36, 8, 3, 24, 54, 9, 49, 58, 24, 58, 55, 17, 3, 28, 8, 68, 3, 8, 63, 8, 50, 17, 28]","[67, 36, 8, 3, 24, 54, 9, 49, 58, 24, 58, 55, 17, 3, 28, 8, 68, 3, 8, 63, 8, 30, 17, 28]","[1, 1, 1, 1, 1, 1, 1, 1, 1, 1, 1, 1, 1, 1, 1, 1, 1, 1, 1, 1, 1, 0, 1, 1]","[0, 0, 0, 0, 0, 0, 0, 0, 0, 0, 0, 0, 0, 0, 0, 0, 0, 0, 0, 0, 0, 1, 0, 0]"
1246,L2_arctic_WAV/RRBI_arctic_a0082,"[67, 24, 70, 54, 60, 46, 36, 17, 70, 46, 3, 50, 49, 68, 24, 10, 36, 24, 63, 37, 30, 8, 58]","[67, 24, 70, 54, 24, 46, 36, 17, 46, 46, 3, 50, 49, 68, 24, 10, 36, 24, 63, 37, 30, 8, 58]","[1, 1, 1, 1, 0, 1, 1, 1, 0, 1, 1, 1, 1, 1, 1, 1, 1, 1, 1, 1, 1, 1, 1]","[0, 0, 0, 0, 1, 0, 0, 0, 1, 0, 0, 0, 0, 0, 0, 0, 0, 0, 0, 0, 0, 0, 0]"
1247,L2_arctic_WAV/RRBI_arctic_a0085,"[8, 3, 50, 24, 28, 8, 30, 8, 39, 54, 50, 52, 9, 37, 30, 8, 58, 50, 64, 55, 14, 39, 7, 67, 24, 70, 54, 60, 46]","[8, 3, 50, 24, 28, 8, 30, 8, 39, 54, 50, 52, 9, 37, 30, 7, 58, 30, 64, 55, 14, 39, 7, 67, 24, 70, 54, 60, 46]","[1, 1, 1, 1, 1, 1, 1, 1, 1, 1, 1, 1, 1, 1, 1, 0, 1, 0, 1, 1, 1, 1, 1, 1, 1, 1, 1, 1, 1]","[0, 0, 0, 0, 0, 0, 0, 0, 0, 0, 0, 0, 0, 0, 0, 1, 0, 1, 0, 0, 0, 0, 0, 0, 0, 0, 0, 0, 0]"
1248,L2_arctic_WAV/RRBI_arctic_a0086,"[58, 52, 22, 67, 64, 58, 28, 8, 68, 36, 24, 22, 3, 52, 50, 8, 37, 8, 30, 46, 8, 58, 8, 55, 55, 8, 46]","[58, 52, 22, 67, 64, 46, 28, 8, 68, 36, 24, 22, 3, 52, 50, 8, 37, 8, 30, 46, 8, 58, 8, 55, 55, 8, 46]","[1, 1, 1, 1, 1, 0, 1, 1, 1, 1, 1, 1, 1, 1, 1, 1, 1, 1, 1, 1, 1, 1, 1, 1, 1, 1, 1]","[0, 0, 0, 0, 0, 1, 0, 0, 0, 0, 0, 0, 0, 0, 0, 0, 0, 0, 0, 0, 0, 0, 0, 0, 0, 0, 0]"
1249,L2_arctic_WAV/RRBI_arctic_a0088,"[67, 49, 68, 60, 58, 9, 31, 50, 63, 64, 3, 63, 8, 68, 64, 59, 8, 70, 49, 55, 36, 8, 70, 30, 14, 58, 24, 58, 64, 55, 58, 50, 24, 70, 6, 68, 58, 67, 24, 70, 48, 64, 58, 30, 24, 10]","[67, 49, 68, 60, 58, 9, 31, 50, 63, 64, 3, 63, 8, 68, 64, 59, 8, 70, 49, 55, 36, 8, 70, 30, 40, 58, 24, 58, 64, 55, 58, 50, 24, 70, 6, 68, 58, 67, 24, 70, 48, 64, 58, 30, 24, 10]","[1, 1, 1, 1, 1, 1, 1, 1, 1, 1, 1, 1, 1, 1, 1, 1, 1, 1, 1, 1, 1, 1, 1, 1, 0, 1, 1, 1, 1, 1, 1, 1, 1, 1, 1, 1, 1, 1, 1, 1, 1, 1, 1, 1, 1, 1]","[0, 0, 0, 0, 0, 0, 0, 0, 0, 0, 0, 0, 0, 0, 0, 0, 0, 0, 0, 0, 0, 0, 0, 0, 1, 0, 0, 0, 0, 0, 0, 0, 0, 0, 0, 0, 0, 0, 0, 0, 0, 0, 0, 0, 0, 0]"
1250,L2_arctic_WAV/RRBI_arctic_a0089,"[63, 8, 55, 56, 3, 59, 30, 14, 36, 40, 70, 3, 50, 52, 35, 7, 8, 46, 3, 6, 9, 6, 3, 37, 56]","[63, 8, 55, 56, 3, 59, 30, 14, 36, 40, 46, 3, 50, 52, 35, 30, 8, 46, 3, 6, 9, 6, 3, 37, 56]","[1, 1, 1, 1, 1, 1, 1, 1, 1, 1, 0, 1, 1, 1, 1, 0, 1, 1, 1, 1, 1, 1, 1, 1, 1]","[0, 0, 0, 0, 0, 0, 0, 0, 0, 0, 1, 0, 0, 0, 0, 1, 0, 0, 0, 0, 0, 0, 0, 0, 0]"
1251,L2_arctic_WAV/RRBI_arctic_a0090,"[63, 8, 46, 24, 10, 24, 10, 39, 57, 46, 8, 48, 50, 14, 35, 3, 50, 64, 48, 8, 58, 30, 49]","[63, 8, 46, 24, 10, 24, 10, 39, 56, 46, 8, 48, 30, 14, 35, 3, 50, 64, 48, 8, 58, 30, 49]","[1, 1, 1, 1, 1, 1, 1, 1, 0, 1, 1, 1, 0, 1, 1, 1, 1, 1, 1, 1, 1, 1, 1]","[0, 0, 0, 0, 0, 0, 0, 0, 1, 0, 0, 0, 1, 0, 0, 0, 0, 0, 0, 0, 0, 0, 0]"
1252,L2_arctic_WAV/RRBI_arctic_a0091,"[67, 24, 70, 37, 30, 8, 58, 59, 50, 6, 67, 17, 3, 36, 24, 22, 50, 60, 69, 64, 3, 63, 8, 22, 40, 3]","[67, 24, 70, 37, 30, 8, 58, 59, 6, 67, 17, 3, 36, 24, 22, 50, 60, 69, 64, 3, 63, 8, 22, 40, 3]","[1, 1, 1, 1, 1, 1, 1, 1, 0, 1, 1, 1, 1, 1, 1, 1, 1, 1, 1, 1, 1, 1, 1, 1, 1, 1]","[0, 0, 0, 0, 0, 0, 0, 0, 1, 0, 0, 0, 0, 0, 0, 0, 0, 0, 0, 0, 0, 0, 0, 0, 0, 0]"
1253,L2_arctic_WAV/RRBI_arctic_a0092,"[67, 49, 36, 52, 55, 3, 58, 15, 55, 24, 55, 68, 24, 58, 46, 3, 50, 49, 68, 46, 7, 35, 24, 10, 63, 8, 9, 64, 58, 14, 70, 8, 39, 37, 14, 22, 9, 40, 50, 70]","[67, 49, 36, 52, 55, 3, 58, 15, 55, 24, 55, 68, 24, 58, 46, 3, 50, 49, 68, 46, 7, 35, 24, 10, 63, 8, 9, 64, 58, 14, 70, 8, 39, 37, 31, 22, 9, 40, 50, 46]","[1, 1, 1, 1, 1, 1, 1, 1, 1, 1, 1, 1, 1, 1, 1, 1, 1, 1, 1, 1, 1, 1, 1, 1, 1, 1, 1, 1, 1, 1, 1, 1, 1, 1, 0, 1, 1, 1, 1, 0]","[0, 0, 0, 0, 0, 0, 0, 0, 0, 0, 0, 0, 0, 0, 0, 0, 0, 0, 0, 0, 0, 0, 0, 0, 0, 0, 0, 0, 0, 0, 0, 0, 0, 0, 1, 0, 0, 0, 0, 1]"
1254,L2_arctic_WAV/RRBI_arctic_a0093,"[54, 40, 50, 8, 54, 31, 30, 68, 24, 55, 8, 3, 67, 49, 28, 50, 15, 35, 3, 64, 55, 58, 30, 24, 46, 8, 55, 58]","[54, 40, 50, 8, 54, 31, 30, 68, 24, 55, 8, 3, 67, 49, 28, 30, 15, 35, 3, 64, 55, 58, 30, 24, 46, 8, 55, 58]","[1, 1, 1, 1, 1, 1, 1, 1, 1, 1, 1, 1, 1, 1, 1, 0, 1, 1, 1, 1, 1, 1, 1, 1, 1, 1, 1, 1]","[0, 0, 0, 0, 0, 0, 0, 0, 0, 0, 0, 0, 0, 0, 0, 1, 0, 0, 0, 0, 0, 0, 0, 0, 0, 0, 0, 0]"
1255,L2_arctic_WAV/RRBI_arctic_a0094,"[67, 49, 67, 64, 58, 37, 52, 50, 30, 49, 52, 55, 3, 7, 58, 63, 24, 46, 36, 52, 55, 67, 49, 46, 40, 63, 8, 59, 30, 14, 8, 39, 8, 54, 56, 7]","[67, 49, 67, 64, 58, 37, 52, 50, 30, 49, 52, 55, 3, 7, 58, 63, 24, 46, 36, 52, 55, 67, 49, 46, 40, 63, 8, 59, 30, 14, 8, 39, 8, 54, 56, 7]","[1, 1, 1, 1, 1, 1, 1, 1, 1, 1, 1, 1, 1, 1, 1, 1, 1, 1, 1, 1, 1, 1, 1, 1, 1, 1, 1, 1, 1, 1, 1, 1, 1, 1, 1, 1]","[0, 0, 0, 0, 0, 0, 0, 0, 0, 0, 0, 0, 0, 0, 0, 0, 0, 0, 0, 0, 0, 0, 0, 0, 0, 0, 0, 0, 0, 0, 0, 0, 0, 0, 0, 0]"
1256,L2_arctic_WAV/RRBI_arctic_a0095,"[8, 37, 24, 59, 28, 64, 55, 39, 8, 46, 3, 52, 55, 3, 36, 8, 70, 63, 8, 54, 7, 46, 3, 22, 24, 10, 3, 6, 28, 8, 68, 36, 24, 22, 24, 55, 67, 24, 70, 39, 24, 26, 8, 55]","[8, 37, 24, 59, 59, 64, 55, 39, 8, 46, 58, 52, 55, 3, 36, 8, 70, 63, 8, 54, 7, 46, 3, 22, 24, 10, 3, 6, 28, 8, 68, 36, 24, 22, 24, 55, 67, 24, 70, 39, 24, 26, 8, 55]","[1, 1, 1, 1, 0, 1, 1, 1, 1, 1, 0, 1, 1, 1, 1, 1, 1, 1, 1, 1, 1, 1, 1, 1, 1, 1, 1, 1, 1, 1, 1, 1, 1, 1, 1, 1, 1, 1, 1, 1, 1, 1, 1, 1]","[0, 0, 0, 0, 1, 0, 0, 0, 0, 0, 1, 0, 0, 0, 0, 0, 0, 0, 0, 0, 0, 0, 0, 0, 0, 0, 0, 0, 0, 0, 0, 0, 0, 0, 0, 0, 0, 0, 0, 0, 0, 0, 0, 0]"
1257,L2_arctic_WAV/RRBI_arctic_a0097,"[63, 52, 55, 29, 6, 28, 8, 55, 7, 60, 55, 69, 29, 31, 50, 46, 52, 30, 54, 28, 8, 68, 54, 7, 3, 8, 37, 30, 49, 8, 68, 8, 10, 63, 49, 70, 50, 14, 37, 70, 24, 55, 63, 8, 37, 14]","[63, 52, 55, 29, 6, 28, 8, 55, 30, 60, 55, 69, 29, 31, 50, 46, 52, 30, 54, 28, 8, 68, 54, 7, 3, 8, 37, 30, 49, 8, 68, 8, 10, 63, 49, 70, 30, 40, 37, 70, 24, 55, 63, 8, 37, 14]","[1, 1, 1, 1, 1, 1, 1, 1, 0, 1, 1, 1, 1, 1, 1, 1, 1, 1, 1, 1, 1, 1, 1, 1, 1, 1, 1, 1, 1, 1, 1, 1, 1, 1, 1, 1, 0, 0, 1, 1, 1, 1, 1, 1, 1, 1]","[0, 0, 0, 0, 0, 0, 0, 0, 1, 0, 0, 0, 0, 0, 0, 0, 0, 0, 0, 0, 0, 0, 0, 0, 0, 0, 0, 0, 0, 0, 0, 0, 0, 0, 0, 0, 1, 1, 0, 0, 0, 0, 0, 0, 0, 0]"
1258,L2_arctic_WAV/RRBI_arctic_a0098,"[9, 64, 30, 56, 28, 64, 50, 49, 29, 6]","[9, 64, 30, 56, 28, 64, 50, 49, 29, 6]","[1, 1, 1, 1, 1, 1, 1, 1, 1, 1]","[0, 0, 0, 0, 0, 0, 0, 0, 0, 0]"
1259,L2_arctic_WAV/RRBI_arctic_a0099,"[8, 68, 64, 58, 55, 24, 10, 69, 57, 48, 15, 55, 58, 24, 58, 24, 55, 67, 24, 70, 37, 50, 60, 55]","[8, 68, 64, 50, 58, 55, 24, 10, 69, 57, 37, 40, 55, 58, 24, 50, 58, 24, 55, 67, 7, 37, 50, 60, 55]","[1, 1, 1, 1, 1, 1, 1, 1, 1, 0, 0, 1, 1, 1, 1, 1, 1, 1, 0, 0, 1, 1, 1, 1]","[0, 0, 0, 0, 0, 0, 0, 0, 0, 1, 1, 0, 0, 0, 0, 0, 0, 0, 1, 1, 0, 0, 0, 0]"
1260,L2_arctic_WAV/RRBI_arctic_a0100,"[29, 6, 68, 8, 46, 3, 46, 30, 49, 48, 67, 49, 7, 50, 69, 58]","[29, 6, 68, 8, 46, 46, 30, 49, 48, 67, 49, 8, 69, 58]","[1, 1, 1, 1, 1, 0, 1, 1, 1, 1, 1, 1, 0, 0, 1, 1]","[0, 0, 0, 0, 0, 1, 0, 0, 0, 0, 0, 0, 1, 1, 0, 0]"
1261,L2_arctic_WAV/RRBI_arctic_a0101,"[29, 6, 29, 6, 36, 31, 58, 55, 17, 3, 28, 49, 48, 63, 8, 3, 50, 6, 22, 54, 50, 8, 68, 68, 49]","[29, 6, 29, 6, 36, 31, 58, 55, 40, 3, 59, 49, 48, 58, 8, 3, 50, 6, 3, 54, 50, 8, 68, 68, 49]","[1, 1, 1, 1, 1, 1, 1, 1, 0, 1, 0, 1, 1, 0, 1, 1, 1, 1, 0, 1, 1, 1, 1, 1, 1]","[0, 0, 0, 0, 0, 0, 0, 0, 1, 0, 1, 0, 0, 1, 0, 0, 0, 0, 1, 0, 0, 0, 0, 0, 0]"
1262,L2_arctic_WAV/RRBI_arctic_a0102,"[67, 49, 36, 24, 30, 54, 17, 30, 14, 8, 46, 46, 6, 55]","[67, 49, 39, 24, 30, 54, 40, 30, 14, 8, 46, 46, 6, 55]","[1, 1, 0, 1, 1, 1, 0, 1, 1, 1, 1, 1, 1, 1]","[0, 0, 1, 0, 0, 0, 1, 0, 0, 0, 0, 0, 0, 0]"
1263,L2_arctic_WAV/RRBI_arctic_a0103,"[37, 8, 3, 63, 52, 50, 28, 60, 68, 55, 14, 48, 50, 17, 68, 8, 46, 54, 50, 8, 68, 63, 8, 37, 14, 8, 39, 63, 8, 28, 8, 55, 6]","[37, 8, 50, 3, 58, 52, 50, 28, 60, 68, 55, 14, 48, 50, 40, 68, 8, 46, 54, 50, 8, 68, 58, 8, 37, 14, 8, 39, 58, 8, 28, 64, 55, 57]","[1, 1, 1, 0, 1, 1, 1, 1, 1, 1, 1, 1, 1, 0, 1, 1, 1, 1, 1, 1, 1, 0, 1, 1, 1, 1, 1, 0, 1, 1, 0, 1, 0]","[0, 0, 0, 1, 0, 0, 0, 0, 0, 0, 0, 0, 0, 1, 0, 0, 0, 0, 0, 0, 0, 1, 0, 0, 0, 0, 0, 1, 0, 0, 1, 0, 1]"
1264,L2_arctic_WAV/RRBI_arctic_a0104,"[9, 49, 36, 8, 70, 46, 30, 49, 48, 24, 10, 8, 55, 58, 7, 67, 24, 70, 48, 8, 3, 52, 28, 9, 8, 55, 64, 70, 46, 36, 49, 3, 30, 49, 64, 70, 8, 35, 56, 30, 58]","[9, 49, 36, 8, 70, 46, 30, 49, 48, 24, 10, 8, 55, 58, 8, 67, 24, 70, 48, 14, 50, 3, 52, 28, 9, 8, 55, 64, 70, 46, 39, 49, 3, 30, 49, 64, 70, 8, 35, 56, 30, 58]","[1, 1, 1, 1, 1, 1, 1, 1, 1, 1, 1, 1, 1, 1, 0, 1, 1, 1, 1, 0, 1, 1, 1, 1, 1, 1, 1, 1, 1, 0, 1, 1, 1, 1, 1, 1, 1, 1, 1, 1, 1]","[0, 0, 0, 0, 0, 0, 0, 0, 0, 0, 0, 0, 0, 0, 1, 0, 0, 0, 0, 1, 0, 0, 0, 0, 0, 0, 0, 0, 0, 1, 0, 0, 0, 0, 0, 0, 0, 0, 0, 0, 0]"
1265,L2_arctic_WAV/RRBI_arctic_a0105,"[14, 55, 30, 49, 24, 3, 24, 70, 46, 14, 36, 8, 55, 58, 7, 54, 8, 30, 46, 14, 40, 30, 68, 14, 46, 3, 24, 68, 48, 17, 46, 8, 37, 8, 30, 3, 8, 37, 24, 30, 49, 39]","[14, 55, 30, 49, 24, 3, 24, 70, 46, 14, 39, 8, 55, 58, 7, 54, 31, 30, 46, 14, 40, 30, 68, 14, 46, 3, 24, 68, 37, 17, 46, 8, 37, 8, 30, 3, 8, 37, 24, 30, 49, 39]","[1, 1, 1, 1, 1, 1, 1, 1, 1, 1, 0, 1, 1, 1, 1, 1, 0, 1, 1, 1, 1, 1, 1, 1, 1, 1, 1, 1, 0, 1, 1, 1, 1, 1, 1, 1, 1, 1, 1, 1, 1, 1]","[0, 0, 0, 0, 0, 0, 0, 0, 0, 0, 1, 0, 0, 0, 0, 0, 1, 0, 0, 0, 0, 0, 0, 0, 0, 0, 0, 0, 1, 0, 0, 0, 0, 0, 0, 0, 0, 0, 0, 0, 0, 0]"
1266,L2_arctic_WAV/RRBI_arctic_a0106,"[63, 8, 24, 68, 14, 9, 8, 55, 36, 24, 35, 9, 49, 67, 64, 58, 46, 8, 48, 50, 52, 46, 3, 37, 7, 46, 3, 54, 40, 50, 22, 55, 15, 24, 55, 8, 35, 14, 28, 24, 10, 46, 17, 37]","[58, 8, 24, 68, 14, 9, 8, 55, 39, 24, 35, 9, 49, 67, 64, 50, 58, 46, 8, 37, 50, 52, 46, 3, 37, 50, 7, 46, 3, 54, 40, 50, 3, 55, 15, 24, 55, 8, 35, 40, 28, 24, 10, 46, 40, 37]","[0, 1, 1, 1, 1, 1, 1, 1, 0, 1, 1, 1, 1, 1, 1, 1, 1, 1, 0, 1, 1, 1, 1, 1, 1, 1, 1, 1, 1, 1, 0, 1, 1, 1, 1, 1, 1, 0, 1, 1, 1, 1, 0, 1]","[1, 0, 0, 0, 0, 0, 0, 0, 1, 0, 0, 0, 0, 0, 0, 0, 0, 0, 1, 0, 0, 0, 0, 0, 0, 0, 0, 0, 0, 0, 1, 0, 0, 0, 0, 0, 0, 1, 0, 0, 0, 0, 1, 0]"
1267,L2_arctic_WAV/RRBI_arctic_a0107,"[24, 54, 29, 6, 14, 55, 30, 49, 28, 31, 58, 55, 14, 67, 15, 56, 22, 64, 10, 28, 29, 6]","[24, 54, 29, 6, 14, 55, 30, 49, 28, 31, 58, 55, 14, 67, 15, 56, 22, 64, 10, 28, 29, 6]","[1, 1, 1, 1, 1, 1, 1, 1, 1, 1, 1, 1, 1, 1, 1, 1, 1, 1, 1, 1, 1, 1]","[0, 0, 0, 0, 0, 0, 0, 0, 0, 0, 0, 0, 0, 0, 0, 0, 0, 0, 0, 0, 0, 0]"
1268,L2_arctic_WAV/RRBI_arctic_a0108,"[67, 49, 36, 60, 58, 24, 58, 24, 55, 3, 6, 63, 8, 52, 69, 8, 39, 63, 8, 36, 40, 3, 7, 64, 55, 58, 37, 24, 59, 64, 55, 46, 28, 50, 8, 37, 24, 10, 67, 24, 68, 46, 52, 30, 54]","[67, 49, 39, 60, 58, 24, 50, 58, 24, 55, 58, 6, 58, 8, 52, 69, 8, 39, 58, 8, 36, 40, 3, 7, 50, 64, 55, 58, 37, 24, 59, 64, 55, 46, 28, 50, 8, 37, 24, 10, 67, 24, 68, 46, 52, 30, 54]","[1, 1, 0, 1, 1, 1, 1, 1, 1, 0, 1, 0, 1, 1, 1, 1, 1, 0, 1, 1, 1, 1, 1, 1, 1, 1, 1, 1, 1, 1, 1, 1, 1, 1, 1, 1, 1, 1, 1, 1, 1, 1, 1, 1, 1]","[0, 0, 1, 0, 0, 0, 0, 0, 0, 1, 0, 1, 0, 0, 0, 0, 0, 1, 0, 0, 0, 0, 0, 0, 0, 0, 0, 0, 0, 0, 0, 0, 0, 0, 0, 0, 0, 0, 0, 0, 0, 0, 0, 0, 0]"
1269,L2_arctic_WAV/RRBI_arctic_a0109,"[58, 6, 29, 6, 55, 14, 63, 64, 3, 29, 6, 7, 9, 60, 28, 24, 10, 68, 56, 28, 17, 55, 54, 8, 58, 8, 55, 46, 24, 55, 29, 6]","[58, 6, 29, 6, 55, 14, 58, 64, 50, 3, 29, 6, 7, 9, 60, 28, 24, 10, 68, 56, 28, 40, 55, 54, 8, 58, 8, 55, 46, 24, 55, 29, 6]","[1, 1, 1, 1, 1, 1, 0, 1, 1, 1, 1, 1, 1, 1, 1, 1, 1, 1, 1, 1, 0, 1, 1, 1, 1, 1, 1, 1, 1, 1, 1, 1]","[0, 0, 0, 0, 0, 0, 1, 0, 0, 0, 0, 0, 0, 0, 0, 0, 0, 0, 0, 0, 1, 0, 0, 0, 0, 0, 0, 0, 0, 0, 0, 0]"
1270,L2_arctic_WAV/RRBI_arctic_a0111,"[24, 55, 46, 3, 52, 58, 67, 49, 69, 57, 55, 58, 67, 7, 8, 55, 58, 63, 60, 60, 3, 30, 56, 28, 3, 6, 67, 8, 10, 59, 50, 49, 35, 24, 30, 58, 50, 8, 55]","[24, 55, 46, 3, 52, 50, 58, 67, 49, 69, 57, 50, 55, 58, 67, 7, 8, 55, 58, 58, 60, 60, 3, 30, 56, 28, 3, 6, 67, 8, 10, 59, 50, 49, 35, 24, 30, 58, 50, 8, 55]","[1, 1, 1, 1, 1, 1, 1, 1, 1, 1, 1, 1, 1, 1, 1, 1, 1, 0, 1, 1, 1, 1, 1, 1, 1, 1, 1, 1, 1, 1, 1, 1, 1, 1, 1, 1, 1, 1, 1]","[0, 0, 0, 0, 0, 0, 0, 0, 0, 0, 0, 0, 0, 0, 0, 0, 0, 1, 0, 0, 0, 0, 0, 0, 0, 0, 0, 0, 0, 0, 0, 0, 0, 0, 0, 0, 0, 0, 0]"
1271,L2_arctic_WAV/RRBI_arctic_a0112,"[67, 49, 36, 8, 70, 36, 6, 55, 58, 24, 58, 24, 55, 63, 8, 17, 50, 68]","[67, 49, 39, 8, 70, 36, 6, 55, 58, 24, 50, 58, 24, 55, 58, 8, 17, 68]","[1, 1, 0, 1, 1, 1, 1, 1, 1, 1, 1, 1, 1, 0, 1, 1, 0, 1]","[0, 0, 1, 0, 0, 0, 0, 0, 0, 0, 0, 0, 0, 1, 0, 0, 1, 0]"
1272,L2_arctic_WAV/RRBI_arctic_a0113,"[56, 46, 8, 48, 14, 70, 29, 6, 48, 24, 28, 3, 63, 64, 3, 30, 24, 10, 59, 14, 8, 48, 8, 68, 8, 10, 63, 8, 24, 55, 58, 49, 8, 55, 70]","[56, 46, 8, 37, 14, 70, 29, 6, 37, 24, 50, 28, 3, 58, 64, 3, 30, 24, 10, 59, 14, 8, 48, 8, 68, 40, 10, 58, 8, 24, 55, 58, 49, 8, 55, 70]","[1, 1, 1, 0, 1, 1, 1, 1, 0, 1, 1, 1, 0, 1, 1, 1, 1, 1, 1, 1, 1, 1, 1, 1, 0, 1, 0, 1, 1, 1, 1, 1, 1, 1, 1]","[0, 0, 0, 1, 0, 0, 0, 0, 1, 0, 0, 0, 1, 0, 0, 0, 0, 0, 0, 0, 0, 0, 0, 0, 1, 0, 1, 0, 0, 0, 0, 0, 0, 0, 0]"
1273,L2_arctic_WAV/RRBI_arctic_a0115,"[67, 49, 67, 64, 58, 55, 14, 24, 28, 46, 28, 29, 6, 70, 54, 40, 50, 63, 8, 54, 49, 30, 24, 10, 70, 36, 24, 35, 36, 7, 7, 15, 70, 58, 24, 55, 67, 24, 68]","[67, 49, 67, 64, 58, 55, 14, 24, 46, 28, 29, 6, 70, 54, 40, 50, 58, 8, 54, 49, 30, 24, 10, 70, 36, 24, 35, 39, 7, 7, 14, 70, 58, 24, 55, 67, 24, 68]","[1, 1, 1, 1, 1, 1, 1, 1, 0, 1, 1, 1, 1, 1, 1, 1, 1, 0, 1, 1, 1, 1, 1, 1, 1, 1, 1, 1, 0, 1, 1, 0, 1, 1, 1, 1, 1, 1, 1]","[0, 0, 0, 0, 0, 0, 0, 0, 1, 0, 0, 0, 0, 0, 0, 0, 0, 1, 0, 0, 0, 0, 0, 0, 0, 0, 0, 0, 1, 0, 0, 1, 0, 0, 0, 0, 0, 0, 0]"
1274,L2_arctic_WAV/RRBI_arctic_a0116,"[36, 8, 70, 24, 3, 63, 8, 50, 17, 55, 58, 24, 39, 6, 8, 39, 63, 14, 70, 67, 6, 36, 7, 46, 3, 50, 56, 39, 24, 10, 3, 8, 36, 7, 50, 28, 67, 24, 70, 50, 6, 24, 55]","[36, 8, 70, 24, 3, 58, 8, 50, 50, 52, 55, 58, 24, 39, 6, 46, 8, 39, 58, 14, 70, 67, 6, 36, 7, 46, 3, 50, 56, 28, 24, 10, 3, 31, 39, 8, 28, 67, 24, 46, 50, 6, 24, 55]","[1, 1, 1, 1, 1, 0, 1, 1, 0, 1, 1, 1, 1, 1, 1, 1, 0, 1, 1, 1, 1, 1, 1, 1, 1, 1, 1, 0, 1, 1, 1, 0, 0, 0, 0, 1, 1, 1, 0, 1, 1, 1, 1]","[0, 0, 0, 0, 0, 1, 0, 0, 1, 0, 0, 0, 0, 0, 0, 0, 1, 0, 0, 0, 0, 0, 0, 0, 0, 0, 0, 1, 0, 0, 0, 1, 1, 1, 1, 0, 0, 0, 1, 0, 0, 0, 0]"
1275,L2_arctic_WAV/RRBI_arctic_a0117,"[9, 49, 64, 58, 24, 58, 36, 24, 63, 69, 52, 55, 29, 8, 36, 8, 55, 46, 24, 68, 48, 8, 22, 49, 24, 55, 67, 7, 54, 60, 46, 64, 55, 58, 39, 57, 46]","[9, 49, 64, 58, 24, 50, 58, 39, 24, 63, 69, 52, 55, 29, 8, 36, 8, 55, 46, 24, 68, 48, 8, 58, 49, 24, 55, 67, 7, 50, 54, 60, 46, 64, 55, 58, 36, 57, 46]","[1, 1, 1, 1, 1, 1, 0, 1, 1, 1, 1, 1, 1, 1, 1, 1, 1, 1, 1, 1, 1, 1, 0, 1, 1, 1, 1, 1, 1, 1, 1, 1, 1, 1, 0, 1, 1]","[0, 0, 0, 0, 0, 0, 1, 0, 0, 0, 0, 0, 0, 0, 0, 0, 0, 0, 0, 0, 0, 0, 1, 0, 0, 0, 0, 0, 0, 0, 0, 0, 0, 0, 1, 0, 0]"
1276,L2_arctic_WAV/RRBI_arctic_a0120,"[68, 56, 50, 56, 3, 54, 31, 3, 54, 49, 30, 70, 30, 56, 28, 63, 64, 3, 8, 39, 8, 35, 56, 55, 49, 70, 58, 52, 37, 29, 8, 3, 17, 55, 3]","[68, 56, 50, 56, 50, 3, 54, 6, 3, 54, 49, 30, 46, 30, 56, 28, 58, 64, 3, 40, 39, 8, 35, 56, 55, 49, 70, 58, 52, 37, 29, 8, 3, 8, 50, 55, 3]","[1, 1, 1, 1, 1, 1, 0, 1, 1, 1, 1, 0, 1, 1, 1, 0, 1, 1, 0, 1, 1, 1, 1, 1, 1, 1, 1, 1, 1, 1, 1, 1, 0, 1, 1]","[0, 0, 0, 0, 0, 0, 1, 0, 0, 0, 0, 1, 0, 0, 0, 1, 0, 0, 1, 0, 0, 0, 0, 0, 0, 0, 0, 0, 0, 0, 0, 0, 1, 0, 0]"
1277,L2_arctic_WAV/RRBI_arctic_a0121,"[63, 60, 60, 3, 58, 24, 55, 7, 64, 3, 63, 8, 54, 24, 54, 22, 8, 55, 58, 50, 52, 46, 3, 8, 58, 54, 40, 50, 3, 6, 15, 7, 70]","[58, 60, 60, 50, 3, 58, 24, 55, 7, 64, 50, 3, 58, 8, 54, 8, 54, 3, 8, 55, 58, 50, 52, 46, 3, 8, 50, 58, 54, 40, 50, 58, 6, 15, 7, 46]","[0, 1, 1, 1, 1, 1, 1, 1, 1, 1, 0, 1, 1, 0, 1, 0, 1, 1, 1, 1, 1, 1, 1, 1, 1, 1, 1, 1, 0, 1, 1, 1, 0]","[1, 0, 0, 0, 0, 0, 0, 0, 0, 0, 1, 0, 0, 1, 0, 1, 0, 0, 0, 0, 0, 0, 0, 0, 0, 0, 0, 0, 1, 0, 0, 0, 1]"
1278,L2_arctic_WAV/RRBI_arctic_a0122,"[3, 6, 29, 7, 70, 8, 59, 14, 56, 59, 60, 39, 8, 48, 46, 24, 39, 8, 30, 24, 70, 60, 9, 8, 55, 54, 40, 50, 63, 24, 46]","[3, 6, 29, 7, 70, 8, 59, 14, 56, 59, 60, 39, 8, 48, 46, 24, 39, 8, 30, 24, 60, 9, 8, 55, 54, 40, 50, 58, 24, 46]","[1, 1, 1, 1, 1, 1, 1, 1, 1, 1, 1, 1, 1, 1, 1, 1, 1, 1, 1, 1, 0, 1, 1, 1, 1, 1, 1, 1, 0, 1, 1]","[0, 0, 0, 0, 0, 0, 0, 0, 0, 0, 0, 0, 0, 0, 0, 0, 0, 0, 0, 0, 1, 0, 0, 0, 0, 0, 0, 0, 1, 0, 0]"
1279,L2_arctic_WAV/RRBI_arctic_a0123,"[9, 49, 67, 64, 58, 58, 56, 58, 54, 50, 8, 68, 28, 14, 30, 58, 64, 55, 58, 46, 3, 17, 50, 39, 60, 9, 8, 55]","[9, 49, 67, 64, 50, 58, 58, 56, 50, 58, 54, 50, 8, 68, 28, 14, 30, 58, 64, 55, 58, 46, 3, 17, 39, 60, 9, 8, 55]","[1, 1, 1, 1, 1, 1, 1, 1, 1, 1, 1, 1, 1, 1, 1, 1, 1, 1, 1, 1, 1, 1, 0, 1, 1, 1, 1, 1]","[0, 0, 0, 0, 0, 0, 0, 0, 0, 0, 0, 0, 0, 0, 0, 0, 0, 0, 0, 0, 0, 0, 1, 0, 0, 0, 0, 0]"
1280,L2_arctic_WAV/RRBI_arctic_a0125,"[67, 49, 36, 8, 70, 58, 24, 3, 7, 68, 8, 55, 58, 55, 15, 3, 6, 68, 60, 55, 3, 60, 55, 8, 68, 40, 50, 46, 7, 3, 8, 55, 67, 14, 30, 58, 8, 48, 17, 55, 67, 24, 68, 46, 52, 30, 54]","[67, 49, 36, 8, 70, 58, 24, 3, 7, 68, 56, 50, 55, 58, 55, 15, 58, 6, 68, 60, 55, 58, 60, 55, 8, 68, 40, 50, 46, 7, 50, 3, 8, 55, 67, 14, 30, 58, 8, 48, 17, 55, 67, 24, 68, 46, 52, 30, 54]","[1, 1, 1, 1, 1, 1, 1, 1, 1, 1, 0, 1, 1, 1, 1, 0, 1, 1, 1, 1, 0, 1, 1, 1, 1, 1, 1, 1, 1, 1, 1, 1, 1, 1, 1, 1, 1, 1, 1, 1, 1, 1, 1, 1, 1, 1, 1]","[0, 0, 0, 0, 0, 0, 0, 0, 0, 0, 1, 0, 0, 0, 0, 1, 0, 0, 0, 0, 1, 0, 0, 0, 0, 0, 0, 0, 0, 0, 0, 0, 0, 0, 0, 0, 0, 0, 0, 0, 0, 0, 0, 0, 0, 0, 0]"
1281,L2_arctic_WAV/RRBI_arctic_a0126,"[49, 35, 58, 60, 9, 49, 37, 24, 28, 60, 68, 8, 68, 40, 50, 39, 56, 3, 8, 30, 48, 17, 50, 3, 8, 39, 67, 24, 68]","[49, 35, 58, 60, 9, 49, 37, 24, 28, 60, 68, 8, 68, 40, 50, 36, 56, 3, 8, 30, 37, 17, 50, 3, 8, 39, 67, 24, 68]","[1, 1, 1, 1, 1, 1, 1, 1, 1, 1, 1, 1, 1, 1, 1, 0, 1, 1, 1, 1, 0, 1, 1, 1, 1, 1, 1, 1, 1]","[0, 0, 0, 0, 0, 0, 0, 0, 0, 0, 0, 0, 0, 0, 0, 1, 0, 0, 0, 0, 1, 0, 0, 0, 0, 0, 0, 0, 0]"
1282,L2_arctic_WAV/RRBI_arctic_a0127,"[24, 3, 36, 40, 70, 8, 3, 52, 68, 3, 60, 9, 8, 55, 37, 8, 3, 67, 49, 50, 24, 70, 24, 46, 3, 24, 58, 24, 3]","[24, 50, 3, 36, 40, 70, 8, 58, 52, 68, 58, 60, 9, 8, 55, 37, 8, 50, 3, 67, 49, 50, 24, 70, 24, 46, 3, 24, 50, 58, 24, 3]","[1, 1, 1, 1, 1, 1, 0, 1, 1, 0, 1, 1, 1, 1, 1, 1, 1, 1, 1, 1, 1, 1, 1, 1, 1, 1, 1, 1, 1]","[0, 0, 0, 0, 0, 0, 1, 0, 0, 1, 0, 0, 0, 0, 0, 0, 0, 0, 0, 0, 0, 0, 0, 0, 0, 0, 0, 0, 0]"
1283,L2_arctic_WAV/RRBI_arctic_a0128,"[63, 24, 46, 36, 8, 55, 67, 14, 48, 36, 8, 70, 58, 24, 46, 3, 50, 57, 58, 64, 70, 28, 36, 24, 28, 30, 49, 64, 70, 24, 3, 36, 8, 70, 37, 40, 50, 55]","[58, 24, 46, 39, 8, 55, 67, 14, 54, 39, 8, 70, 58, 24, 46, 3, 50, 57, 50, 58, 64, 70, 59, 36, 24, 28, 30, 49, 64, 70, 24, 3, 39, 8, 70, 37, 40, 55]","[0, 1, 1, 0, 1, 1, 1, 1, 0, 0, 1, 1, 1, 1, 1, 1, 1, 1, 1, 1, 1, 0, 1, 1, 1, 1, 1, 1, 1, 1, 1, 0, 1, 1, 1, 1, 0, 1]","[1, 0, 0, 1, 0, 0, 0, 0, 1, 1, 0, 0, 0, 0, 0, 0, 0, 0, 0, 0, 0, 1, 0, 0, 0, 0, 0, 0, 0, 0, 0, 1, 0, 0, 0, 0, 1, 0]"
1284,L2_arctic_WAV/RRBI_arctic_a0129,"[67, 7, 50, 54, 60, 46, 36, 40, 70, 8, 59, 52, 55, 46, 3, 67, 24, 70, 37, 50, 52, 46, 3]","[67, 7, 50, 54, 60, 46, 36, 40, 70, 8, 59, 52, 55, 46, 3, 67, 24, 70, 37, 50, 52, 46, 3]","[1, 1, 1, 1, 1, 1, 1, 1, 1, 1, 1, 1, 1, 1, 1, 1, 1, 1, 1, 1, 1, 1, 1]","[0, 0, 0, 0, 0, 0, 0, 0, 0, 0, 0, 0, 0, 0, 0, 0, 0, 0, 0, 0, 0, 0, 0]"
1285,L2_arctic_WAV/RRBI_arctic_a0130,"[9, 49, 36, 17, 70, 67, 24, 70, 55, 15, 54, 7, 52, 39, 7]","[9, 49, 36, 17, 70, 67, 24, 70, 55, 15, 54, 7, 52, 39, 7]","[1, 1, 1, 1, 1, 1, 1, 1, 1, 1, 1, 1, 1, 1, 1]","[0, 0, 0, 0, 0, 0, 0, 0, 0, 0, 0, 0, 0, 0, 0]"
1286,L2_arctic_WAV/RRBI_arctic_a0131,"[48, 50, 17, 39, 8, 58, 8, 55, 46, 67, 64, 58, 58, 24, 30, 24, 39, 7, 50, 58, 67, 24, 68, 22, 50, 6, 63, 8, 68, 60, 30, 46, 3, 50, 8, 68]","[48, 50, 14, 39, 24, 58, 8, 55, 46, 67, 64, 50, 58, 58, 24, 30, 24, 39, 7, 58, 67, 24, 68, 58, 50, 6, 58, 8, 68, 60, 30, 46, 3, 50, 40, 68]","[1, 1, 0, 1, 0, 1, 1, 1, 1, 1, 1, 1, 1, 1, 1, 1, 1, 1, 0, 1, 1, 1, 1, 0, 1, 1, 0, 1, 1, 1, 1, 1, 1, 1, 0, 1]","[0, 0, 1, 0, 1, 0, 0, 0, 0, 0, 0, 0, 0, 0, 0, 0, 0, 0, 1, 0, 0, 0, 0, 1, 0, 0, 1, 0, 0, 0, 0, 0, 0, 0, 1, 0]"
1287,L2_arctic_WAV/RRBI_arctic_a0134,"[67, 49, 14, 37, 60, 58, 63, 8, 48, 50, 52, 9, 7, 8, 39, 67, 7, 67, 64, 55, 58]","[67, 49, 14, 37, 60, 50, 58, 58, 8, 48, 50, 52, 9, 7, 40, 54, 67, 7, 67, 64, 55, 58]","[1, 1, 1, 1, 1, 1, 0, 1, 1, 1, 1, 1, 1, 0, 0, 1, 1, 1, 1, 1, 1]","[0, 0, 0, 0, 0, 0, 1, 0, 0, 0, 0, 0, 0, 1, 1, 0, 0, 0, 0, 0, 0]"
1288,L2_arctic_WAV/RRBI_arctic_a0136,"[8, 37, 15, 3, 67, 24, 68, 52, 39, 50, 49, 36, 52, 50, 36, 7, 50, 63, 8, 52, 39, 8, 58, 8, 55, 46, 8, 70, 8, 39, 30, 8, 59, 26, 7, 49, 64, 55, 58, 8, 39, 60, 69]","[8, 37, 40, 3, 67, 24, 68, 52, 39, 50, 49, 39, 52, 50, 36, 52, 50, 58, 8, 52, 39, 24, 58, 8, 55, 46, 8, 46, 40, 39, 30, 8, 59, 26, 7, 49, 64, 55, 58, 8, 39, 60, 69]","[1, 1, 0, 1, 1, 1, 1, 1, 1, 1, 1, 0, 1, 1, 1, 0, 1, 0, 1, 1, 1, 0, 1, 1, 1, 1, 1, 0, 0, 1, 1, 1, 1, 1, 1, 1, 1, 1, 1, 1, 1, 1, 1]","[0, 0, 1, 0, 0, 0, 0, 0, 0, 0, 0, 1, 0, 0, 0, 1, 0, 1, 0, 0, 0, 1, 0, 0, 0, 0, 0, 1, 1, 0, 0, 0, 0, 0, 0, 0, 0, 0, 0, 0, 0, 0, 0]"
1289,L2_arctic_WAV/RRBI_arctic_a0137,"[63, 52, 55, 67, 49, 46, 3, 52, 48, 3, 37, 64, 28, 36, 24, 22, 8, 30, 14, 28, 50, 56, 8, 39, 48, 30, 52, 26, 7, 50]","[58, 52, 55, 67, 49, 46, 3, 52, 48, 3, 37, 64, 3, 36, 24, 22, 8, 30, 14, 28, 50, 56, 40, 39, 48, 30, 52, 26, 7]","[0, 1, 1, 1, 1, 1, 1, 1, 1, 1, 1, 1, 0, 1, 1, 1, 1, 1, 1, 1, 1, 1, 0, 1, 1, 1, 1, 1, 1, 0]","[1, 0, 0, 0, 0, 0, 0, 0, 0, 0, 0, 0, 1, 0, 0, 0, 0, 0, 0, 0, 0, 0, 1, 0, 0, 0, 0, 0, 0, 1]"
1290,L2_arctic_WAV/RRBI_arctic_a0139,"[67, 49, 3, 14, 30, 58, 67, 24, 68, 46, 52, 30, 54, 63, 64, 3, 64, 70, 67, 49, 36, 17, 9, 3, 67, 24, 68, 46, 52, 30, 54, 64, 55, 58, 59, 50, 6, 68, 58, 67, 24, 70, 58, 24, 9, 52, 39, 8, 30, 58, 28, 30, 14, 63, 70]","[67, 49, 58, 14, 30, 58, 67, 24, 68, 46, 52, 30, 54, 58, 64, 50, 3, 64, 70, 67, 49, 36, 17, 9, 3, 67, 24, 68, 46, 52, 30, 54, 64, 55, 58, 59, 50, 6, 68, 58, 67, 24, 70, 58, 24, 46, 67, 52, 39, 30, 58, 28, 30, 14, 3, 46]","[1, 1, 0, 1, 1, 1, 1, 1, 1, 1, 1, 1, 1, 0, 1, 1, 1, 1, 1, 1, 1, 1, 1, 1, 1, 1, 1, 1, 1, 1, 1, 1, 1, 1, 1, 1, 1, 1, 1, 1, 1, 1, 1, 1, 0, 1, 1, 0, 1, 1, 1, 1, 1, 0, 0]","[0, 0, 1, 0, 0, 0, 0, 0, 0, 0, 0, 0, 0, 1, 0, 0, 0, 0, 0, 0, 0, 0, 0, 0, 0, 0, 0, 0, 0, 0, 0, 0, 0, 0, 0, 0, 0, 0, 0, 0, 0, 0, 0, 0, 1, 0, 0, 1, 0, 0, 0, 0, 0, 1, 1]"
1291,L2_arctic_WAV/RRBI_arctic_a0144,"[37, 8, 3, 63, 52, 50, 36, 8, 70, 46, 8, 68, 22, 24, 10, 49, 39, 24, 55, 68, 40, 50, 46, 3, 17, 50, 3, 30, 24, 10, 63, 64, 55, 67, 24, 70, 50, 24, 70, 52, 68, 37, 30, 8, 55, 46]","[37, 8, 63, 52, 50, 36, 8, 46, 46, 8, 68, 3, 24, 10, 49, 39, 24, 55, 68, 40, 46, 3, 17, 3, 30, 24, 10, 63, 64, 55, 67, 24, 70, 50, 24, 46, 52, 68, 37, 30, 8, 55, 46]","[1, 1, 0, 1, 1, 1, 1, 1, 0, 1, 1, 1, 0, 1, 1, 1, 1, 1, 1, 1, 1, 0, 1, 1, 1, 0, 1, 1, 1, 1, 1, 1, 1, 1, 1, 1, 1, 1, 0, 1, 1, 1, 1, 1, 1, 1]","[0, 0, 1, 0, 0, 0, 0, 0, 1, 0, 0, 0, 1, 0, 0, 0, 0, 0, 0, 0, 0, 1, 0, 0, 0, 1, 0, 0, 0, 0, 0, 0, 0, 0, 0, 0, 0, 0, 1, 0, 0, 0, 0, 0, 0, 0]"
1292,L2_arctic_WAV/RRBI_arctic_a0159,"[63, 60, 30, 31, 28, 64, 70, 63, 14, 67, 49, 67, 64, 58, 37, 24, 55, 58, 50, 8, 68, 24, 10, 8, 48, 49, 64, 55, 8, 40, 30, 67, 24, 70, 30, 56, 54]","[63, 52, 30, 31, 28, 64, 70, 63, 40, 67, 49, 67, 64, 58, 37, 24, 55, 58, 50, 8, 68, 48, 24, 10, 8, 48, 49, 17, 55, 8, 40, 30, 67, 24, 70, 30, 56, 54]","[1, 0, 1, 1, 1, 1, 1, 1, 0, 1, 1, 1, 1, 1, 1, 1, 1, 1, 1, 1, 1, 1, 1, 1, 1, 1, 0, 1, 1, 1, 1, 1, 1, 1, 1, 1, 1]","[0, 1, 0, 0, 0, 0, 0, 0, 1, 0, 0, 0, 0, 0, 0, 0, 0, 0, 0, 0, 0, 0, 0, 0, 0, 0, 1, 0, 0, 0, 0, 0, 0, 0, 0, 0, 0]"
1293,L2_arctic_WAV/RRBI_arctic_a0168,"[8, 30, 14, 37, 31, 9, 67, 36, 24, 48, 3, 67, 24, 68, 24, 55, 63, 8, 54, 60, 46, 64, 55, 58, 30, 52, 54, 3, 55, 14, 46, 3, 24, 10]","[8, 30, 40, 37, 31, 9, 36, 24, 48, 3, 67, 24, 68, 24, 55, 63, 8, 54, 52, 46, 64, 55, 30, 52, 54, 3, 55, 40, 46, 3, 24, 10]","[1, 1, 0, 1, 1, 1, 0, 1, 1, 1, 1, 1, 1, 1, 1, 1, 1, 1, 1, 0, 1, 1, 1, 0, 1, 1, 1, 1, 1, 0, 1, 1, 1, 1]","[0, 0, 1, 0, 0, 0, 1, 0, 0, 0, 0, 0, 0, 0, 0, 0, 0, 0, 0, 1, 0, 0, 0, 1, 0, 0, 0, 0, 0, 1, 0, 0, 0, 0]"
1294,L2_arctic_WAV/RRBI_arctic_a0178,"[52, 39, 50, 49, 37, 14, 55, 24, 55, 67, 7, 60, 69, 58, 37, 17, 58, 49, 46, 49, 68, 58, 37, 50, 14, 28, 8, 55, 40, 50, 58, 24, 46, 30, 14, 28, 60, 3, 24, 58]","[52, 39, 50, 49, 37, 40, 55, 24, 55, 67, 7, 52, 26, 58, 37, 40, 58, 49, 46, 49, 68, 58, 37, 50, 40, 28, 8, 55, 40, 50, 58, 24, 46, 30, 40, 28, 60, 3, 24, 58]","[1, 1, 1, 1, 1, 0, 1, 1, 1, 1, 1, 0, 0, 1, 1, 0, 1, 1, 1, 1, 1, 1, 1, 1, 0, 1, 1, 1, 1, 1, 1, 1, 1, 1, 0, 1, 1, 1, 1, 1]","[0, 0, 0, 0, 0, 1, 0, 0, 0, 0, 0, 1, 1, 0, 0, 1, 0, 0, 0, 0, 0, 0, 0, 0, 1, 0, 0, 0, 0, 0, 0, 0, 0, 0, 1, 0, 0, 0, 0, 0]"
1295,L2_arctic_WAV/RRBI_arctic_a0188,"[3, 6, 69, 56, 59, 64, 55, 3, 24, 28, 15, 30, 70, 36, 7, 3, 24, 50, 24, 10, 64, 3, 63, 8, 28, 17, 50, 28, 8, 46]","[3, 6, 69, 56, 69, 64, 55, 3, 24, 28, 15, 30, 46, 36, 52, 50, 3, 24, 50, 24, 10, 64, 3, 63, 8, 28, 17, 50, 28, 8, 46]","[1, 1, 1, 1, 0, 1, 1, 1, 1, 1, 1, 1, 0, 1, 0, 1, 1, 1, 1, 1, 1, 1, 1, 1, 1, 1, 1, 1, 1, 1]","[0, 0, 0, 0, 1, 0, 0, 0, 0, 0, 0, 0, 1, 0, 1, 0, 0, 0, 0, 0, 0, 0, 0, 0, 0, 0, 0, 0, 0, 0]"
1296,L2_arctic_WAV/RRBI_arctic_a0191,"[54, 50, 7, 8, 3, 56, 68, 63, 8, 24, 28, 46, 56, 3, 24, 10, 22, 50, 24, 30, 8, 39, 67, 24, 70, 64, 58, 39, 52, 55, 35, 7, 36, 40, 70, 59, 40, 55]","[54, 7, 8, 3, 17, 68, 63, 8, 52, 28, 46, 56, 3, 24, 10, 3, 50, 24, 30, 8, 54, 67, 24, 70, 64, 58, 39, 52, 55, 35, 8, 36, 40, 70, 59, 40, 55]","[1, 0, 1, 1, 1, 0, 1, 1, 1, 0, 1, 1, 1, 1, 1, 1, 0, 1, 1, 1, 1, 0, 1, 1, 1, 1, 1, 1, 1, 1, 1, 0, 1, 1, 1, 1, 1, 1]","[0, 1, 0, 0, 0, 1, 0, 0, 0, 1, 0, 0, 0, 0, 0, 0, 1, 0, 0, 0, 0, 1, 0, 0, 0, 0, 0, 0, 0, 0, 0, 1, 0, 0, 0, 0, 0, 0]"
1297,L2_arctic_WAV/RRBI_arctic_a0199,"[63, 8, 46, 67, 64, 58, 63, 8, 50, 17, 36, 24, 30, 58, 7, 55, 8, 46, 48, 50, 49, 48, 52, 50, 58, 67, 24, 68, 54, 40, 50, 63, 24, 46, 58, 60]","[58, 8, 70, 67, 64, 58, 63, 8, 50, 17, 36, 56, 30, 58, 8, 55, 8, 46, 48, 50, 49, 48, 52, 58, 67, 24, 68, 54, 40, 63, 24, 46, 58, 52]","[0, 1, 0, 1, 1, 1, 1, 1, 1, 1, 1, 0, 1, 1, 0, 1, 1, 1, 1, 1, 1, 1, 1, 0, 1, 1, 1, 1, 1, 1, 0, 1, 1, 1, 1, 0]","[1, 0, 1, 0, 0, 0, 0, 0, 0, 0, 0, 1, 0, 0, 1, 0, 0, 0, 0, 0, 0, 0, 0, 1, 0, 0, 0, 0, 0, 0, 1, 0, 0, 0, 0, 1]"
1298,L2_arctic_WAV/RRBI_arctic_a0208,"[29, 6, 22, 67, 64, 58, 28, 8, 68, 37, 64, 28, 3, 6, 67, 7, 54, 50, 49, 58, 54, 50, 8, 68, 63, 49, 29, 14, 28, 8, 39, 8, 48, 50, 52, 9, 8, 55]","[29, 6, 3, 67, 64, 58, 28, 8, 68, 37, 64, 3, 6, 67, 7, 54, 50, 49, 58, 54, 50, 8, 68, 63, 8, 29, 40, 28, 8, 54, 8, 48, 50, 52, 9, 8, 55]","[1, 1, 0, 1, 1, 1, 1, 1, 1, 1, 1, 0, 1, 1, 1, 1, 1, 1, 1, 1, 1, 1, 1, 1, 1, 0, 1, 0, 1, 1, 0, 1, 1, 1, 1, 1, 1, 1]","[0, 0, 1, 0, 0, 0, 0, 0, 0, 0, 0, 1, 0, 0, 0, 0, 0, 0, 0, 0, 0, 0, 0, 0, 0, 1, 0, 1, 0, 0, 1, 0, 0, 0, 0, 0, 0, 0]"
1299,L2_arctic_WAV/RRBI_arctic_a0214,"[37, 24, 46, 56, 58, 70, 67, 49, 36, 8, 70, 48, 60, 58, 36, 8, 55, 28, 60, 46, 8, 39, 3, 8, 37, 64, 28, 14, 48, 7, 67, 52, 58]","[37, 24, 46, 56, 58, 70, 67, 49, 36, 8, 70, 48, 52, 58, 36, 8, 55, 28, 52, 46, 8, 54, 3, 8, 37, 17, 28, 14, 48, 7, 67, 52, 58]","[1, 1, 1, 1, 1, 1, 1, 1, 1, 1, 1, 1, 0, 1, 1, 1, 1, 1, 0, 1, 1, 0, 1, 1, 1, 0, 1, 1, 1, 1, 1, 1, 1]","[0, 0, 0, 0, 0, 0, 0, 0, 0, 0, 0, 0, 1, 0, 0, 0, 0, 0, 1, 0, 0, 1, 0, 0, 0, 1, 0, 0, 0, 0, 0, 0, 0]"
1300,L2_arctic_WAV/RRBI_arctic_a0246,"[29, 6, 67, 64, 39, 67, 7, 58, 40, 30, 36, 60, 70, 67, 15, 67, 49, 36, 40, 70, 63, 8, 30, 8, 39, 7, 8, 39, 63, 8, 48, 50, 24, 55, 46, 52, 46, 55, 60, 14, 68, 49]","[29, 6, 67, 64, 39, 67, 7, 58, 40, 30, 36, 52, 70, 67, 15, 67, 49, 36, 40, 70, 63, 8, 30, 8, 39, 7, 8, 39, 63, 8, 48, 50, 24, 55, 46, 52, 70, 55, 56, 40, 68, 49]","[1, 1, 1, 1, 1, 1, 1, 1, 1, 1, 1, 0, 1, 1, 1, 1, 1, 1, 1, 1, 1, 1, 1, 1, 1, 1, 1, 1, 1, 1, 1, 1, 1, 1, 1, 1, 0, 1, 0, 0, 1, 1]","[0, 0, 0, 0, 0, 0, 0, 0, 0, 0, 0, 1, 0, 0, 0, 0, 0, 0, 0, 0, 0, 0, 0, 0, 0, 0, 0, 0, 0, 0, 0, 0, 0, 0, 0, 0, 1, 0, 1, 1, 0, 0]"
1301,L2_arctic_WAV/RRBI_arctic_a0255,"[29, 6, 36, 14, 55, 3, 58, 56, 8, 39, 68, 64, 30, 55, 6, 3, 50, 24, 9, 8, 55, 37, 49, 9, 31, 50, 8, 39, 63, 64, 3]","[29, 6, 36, 14, 55, 58, 56, 8, 54, 68, 17, 30, 55, 6, 3, 50, 24, 9, 8, 55, 37, 49, 9, 40, 50, 8, 39, 63, 64, 3]","[1, 1, 1, 1, 1, 0, 1, 1, 1, 0, 1, 0, 1, 1, 1, 1, 1, 1, 1, 1, 1, 1, 1, 1, 0, 1, 1, 1, 1, 1, 1]","[0, 0, 0, 0, 0, 1, 0, 0, 0, 1, 0, 1, 0, 0, 0, 0, 0, 0, 0, 0, 0, 0, 0, 0, 1, 0, 0, 0, 0, 0, 0]"
1302,L2_arctic_WAV/RRBI_arctic_a0266,"[63, 60, 67, 64, 55, 58, 8, 30, 58, 3, 6, 68, 52, 55, 40, 30, 50, 52, 58, 49, 37, 14, 22, 59, 50, 8, 37, 22, 49, 39, 70]","[63, 52, 67, 64, 55, 58, 8, 30, 3, 6, 68, 52, 55, 40, 30, 50, 52, 58, 49, 37, 40, 3, 59, 50, 8, 3, 49, 39, 46]","[1, 0, 1, 1, 1, 1, 1, 1, 0, 1, 1, 1, 1, 1, 1, 1, 1, 1, 1, 1, 1, 0, 0, 1, 1, 1, 0, 0, 1, 1, 0]","[0, 1, 0, 0, 0, 0, 0, 0, 1, 0, 0, 0, 0, 0, 0, 0, 0, 0, 0, 0, 0, 1, 1, 0, 0, 0, 1, 1, 0, 0, 1]"
1303,L2_arctic_WAV/RRBI_arctic_a0269,"[63, 64, 3, 46, 36, 52, 50, 63, 60, 28, 8, 3, 40, 54, 63, 8, 46, 28, 17, 3, 24, 9, 35, 49, 54, 46, 64, 55, 58, 28, 24, 30, 58, 40, 30, 67, 64, 55, 58, 70]","[58, 64, 3, 46, 36, 52, 50, 63, 52, 28, 8, 3, 40, 54, 63, 8, 46, 28, 40, 3, 24, 9, 35, 52, 54, 46, 64, 55, 58, 28, 24, 30, 58, 40, 30, 67, 64, 55, 58, 70]","[0, 1, 1, 1, 1, 1, 1, 1, 0, 1, 1, 1, 1, 1, 1, 1, 1, 1, 0, 1, 1, 1, 1, 0, 1, 1, 1, 1, 1, 1, 1, 1, 1, 1, 1, 1, 1, 1, 1, 1]","[1, 0, 0, 0, 0, 0, 0, 0, 1, 0, 0, 0, 0, 0, 0, 0, 0, 0, 1, 0, 0, 0, 0, 1, 0, 0, 0, 0, 0, 0, 0, 0, 0, 0, 0, 0, 0, 0, 0, 0]"
1304,L2_arctic_WAV/RRBI_arctic_a0272,"[29, 6, 28, 8, 55, 3, 60, 28, 8, 39, 60, 28, 60, 9, 8, 55, 17, 55, 48, 60]","[29, 6, 28, 8, 55, 3, 52, 28, 8, 39, 52, 28, 52, 9, 8, 55, 17, 55, 48, 52]","[1, 1, 1, 1, 1, 1, 0, 1, 1, 1, 0, 1, 0, 1, 1, 1, 1, 1, 1, 0]","[0, 0, 0, 0, 0, 0, 1, 0, 0, 0, 1, 0, 1, 0, 0, 0, 0, 0, 0, 1]"
1305,L2_arctic_WAV/RRBI_arctic_a0282,"[24, 54, 29, 6, 68, 49, 55, 3, 6, 24, 55, 46, 24, 55, 29, 6, 60, 3, 37, 50, 52, 55, 3, 36, 31, 58, 37, 24, 59, 64, 55, 67, 17, 3, 30, 49]","[24, 54, 29, 6, 68, 49, 55, 3, 6, 24, 55, 46, 24, 55, 29, 6, 52, 3, 37, 50, 52, 55, 3, 36, 31, 58, 37, 24, 59, 64, 55, 67, 40, 3, 30, 49]","[1, 1, 1, 1, 1, 1, 1, 1, 1, 1, 1, 1, 1, 1, 1, 1, 0, 1, 1, 1, 1, 1, 1, 1, 1, 1, 1, 1, 1, 1, 1, 1, 0, 1, 1, 1]","[0, 0, 0, 0, 0, 0, 0, 0, 0, 0, 0, 0, 0, 0, 0, 0, 1, 0, 0, 0, 0, 0, 0, 0, 0, 0, 0, 0, 0, 0, 0, 0, 1, 0, 0, 0]"
1306,L2_arctic_WAV/RRBI_arctic_a0292,"[67, 49, 50, 24, 55, 63, 8, 68, 24, 58, 68, 40, 50, 55, 24, 10, 63, 8, 54, 7, 46, 3, 28, 64, 26, 8, 30, 3, 49, 8, 28, 7, 58]","[67, 49, 8, 24, 55, 63, 8, 68, 24, 58, 68, 40, 55, 24, 10, 63, 8, 54, 8, 46, 3, 28, 64, 26, 8, 17, 30, 3, 49, 8, 28, 7, 58]","[1, 1, 0, 1, 1, 1, 1, 1, 1, 1, 1, 1, 0, 1, 1, 1, 1, 1, 1, 0, 1, 1, 1, 1, 1, 1, 1, 1, 1, 1, 1, 1, 1]","[0, 0, 1, 0, 0, 0, 0, 0, 0, 0, 0, 0, 1, 0, 0, 0, 0, 0, 0, 1, 0, 0, 0, 0, 0, 0, 0, 0, 0, 0, 0, 0, 0]"
1307,L2_arctic_WAV/RRBI_arctic_a0301,"[37, 8, 3, 40, 30, 68, 56, 58, 50, 49, 68, 70, 39, 56, 8, 30, 60, 3, 24, 58, 63, 24, 46, 30, 40]","[37, 8, 3, 40, 30, 68, 56, 58, 50, 49, 68, 46, 39, 56, 8, 30, 52, 3, 24, 58, 58, 24, 46, 30, 40]","[1, 1, 1, 1, 1, 1, 1, 1, 1, 1, 1, 0, 1, 1, 1, 1, 0, 1, 1, 1, 0, 1, 1, 1, 1]","[0, 0, 0, 0, 0, 0, 0, 0, 0, 0, 0, 1, 0, 0, 0, 0, 1, 0, 0, 0, 1, 0, 0, 0, 0]"
1308,L2_arctic_WAV/RRBI_arctic_a0303,"[37, 8, 3, 63, 60, 68, 60, 28, 63, 8, 68, 24, 46, 3, 60, 28, 8, 39, 24, 59, 55, 40, 50, 24, 10, 63, 52, 50, 14, 55, 58, 6, 64, 30, 8, 3, 49]","[37, 8, 63, 52, 68, 52, 28, 63, 8, 68, 24, 46, 3, 52, 28, 8, 39, 24, 59, 55, 40, 50, 24, 10, 63, 52, 50, 40, 55, 58, 6, 64, 30, 8, 3, 49]","[1, 1, 0, 1, 0, 1, 0, 1, 1, 1, 1, 1, 1, 1, 0, 1, 1, 1, 1, 1, 1, 1, 1, 1, 1, 1, 1, 1, 0, 1, 1, 1, 1, 1, 1, 1, 1]","[0, 0, 1, 0, 1, 0, 1, 0, 0, 0, 0, 0, 0, 0, 1, 0, 0, 0, 0, 0, 0, 0, 0, 0, 0, 0, 0, 0, 1, 0, 0, 0, 0, 0, 0, 0, 0]"
1309,L2_arctic_WAV/RRBI_arctic_a0365,"[63, 49, 70, 50, 6, 68, 7, 70, 68, 60, 49, 39, 24, 55, 7, 24, 69, 8, 55, 60, 3, 36, 24, 22, 8, 46]","[58, 49, 70, 50, 6, 68, 8, 70, 68, 52, 49, 39, 24, 55, 7, 24, 69, 8, 55, 52, 3, 36, 24, 22, 8, 46]","[0, 1, 1, 1, 1, 1, 0, 1, 1, 0, 1, 1, 1, 1, 1, 1, 1, 1, 1, 0, 1, 1, 1, 1, 1, 1]","[1, 0, 0, 0, 0, 0, 1, 0, 0, 1, 0, 0, 0, 0, 0, 0, 0, 0, 0, 1, 0, 0, 0, 0, 0, 0]"
1310,L2_arctic_WAV/RRBI_arctic_a0384,"[63, 8, 54, 17, 50, 68, 7, 36, 7, 28, 46, 63, 8, 46, 57, 30, 64, 55, 58, 48, 50, 8, 58, 6, 46, 8, 70, 59, 50, 60, 55]","[63, 8, 54, 17, 68, 8, 36, 8, 28, 46, 63, 8, 46, 57, 30, 64, 55, 48, 50, 8, 58, 6, 46, 8, 70, 59, 50, 52, 55]","[1, 1, 1, 1, 0, 1, 0, 1, 0, 1, 1, 1, 1, 1, 1, 1, 1, 1, 0, 1, 1, 1, 1, 1, 1, 1, 1, 1, 1, 0, 1]","[0, 0, 0, 0, 1, 0, 1, 0, 1, 0, 0, 0, 0, 0, 0, 0, 0, 0, 1, 0, 0, 0, 0, 0, 0, 0, 0, 0, 0, 1, 0]"
1311,L2_arctic_WAV/RRBI_arctic_a0405,"[24, 3, 46, 49, 68, 58, 63, 8, 40, 50, 58, 60, 55, 58, 40, 50, 58, 7, 8, 39, 22, 24, 10, 70, 63, 8, 3, 58, 40, 59, 70, 9, 31, 58, 36, 7, 28]","[24, 3, 46, 49, 68, 58, 8, 40, 50, 58, 60, 55, 58, 40, 50, 58, 7, 8, 39, 3, 24, 10, 70, 70, 8, 3, 58, 40, 59, 70, 9, 31, 58, 36, 8, 28]","[1, 1, 1, 1, 1, 1, 0, 1, 1, 1, 1, 1, 1, 1, 1, 1, 1, 1, 1, 1, 0, 1, 1, 1, 0, 1, 1, 1, 1, 1, 1, 1, 1, 1, 1, 0, 1]","[0, 0, 0, 0, 0, 0, 1, 0, 0, 0, 0, 0, 0, 0, 0, 0, 0, 0, 0, 0, 1, 0, 0, 0, 1, 0, 0, 0, 0, 0, 0, 0, 0, 0, 0, 1, 0]"
1312,L2_arctic_WAV/RRBI_arctic_a0410,"[46, 14, 36, 49, 67, 64, 39, 3, 6, 54, 24, 3, 63, 8, 37, 14, 3, 22, 50, 6, 15, 3, 36, 24, 22, 57, 30, 30, 64, 68, 48, 46, 52, 70, 36, 52, 30]","[46, 40, 36, 49, 67, 64, 39, 3, 6, 54, 24, 3, 63, 8, 37, 40, 3, 3, 50, 6, 15, 3, 36, 24, 3, 57, 30, 30, 64, 68, 48, 46, 52, 70, 36, 52, 30]","[1, 0, 1, 1, 1, 1, 1, 1, 1, 1, 1, 1, 1, 1, 1, 0, 1, 0, 1, 1, 1, 1, 1, 1, 0, 1, 1, 1, 1, 1, 1, 1, 1, 1, 1, 1, 1]","[0, 1, 0, 0, 0, 0, 0, 0, 0, 0, 0, 0, 0, 0, 0, 1, 0, 1, 0, 0, 0, 0, 0, 0, 1, 0, 0, 0, 0, 0, 0, 0, 0, 0, 0, 0, 0]"
1313,L2_arctic_WAV/RRBI_arctic_a0411,"[24, 3, 36, 8, 30, 37, 50, 60, 28, 15, 7, 67, 17, 50, 3, 46, 64, 55, 58, 17, 50, 37, 64, 28, 46, 3, 6, 67, 57, 46, 3, 64, 10, 28, 7, 37, 56, 67, 64, 55, 58]","[24, 3, 36, 8, 30, 37, 50, 52, 28, 15, 7, 67, 17, 50, 3, 46, 64, 55, 15, 50, 37, 64, 28, 46, 3, 6, 67, 57, 46, 3, 64, 10, 59, 7, 37, 17, 67, 64, 55, 58]","[1, 1, 1, 1, 1, 1, 1, 0, 1, 1, 1, 1, 1, 1, 1, 1, 1, 1, 0, 0, 1, 1, 1, 1, 1, 1, 1, 1, 1, 1, 1, 1, 1, 0, 1, 1, 0, 1, 1, 1, 1]","[0, 0, 0, 0, 0, 0, 0, 1, 0, 0, 0, 0, 0, 0, 0, 0, 0, 0, 1, 1, 0, 0, 0, 0, 0, 0, 0, 0, 0, 0, 0, 0, 0, 1, 0, 0, 1, 0, 0, 0, 0]"
1314,L2_arctic_WAV/RRBI_arctic_a0416,"[63, 8, 64, 58, 24, 58, 36, 60, 3, 67, 64, 58, 8, 39, 8, 30, 17, 46, 8, 3, 49, 8, 39, 54, 24, 54, 3, 49, 55, 68, 56, 30, 70, 48, 7, 15, 7]","[58, 8, 64, 58, 24, 58, 36, 52, 3, 67, 64, 58, 8, 39, 8, 30, 17, 46, 8, 3, 49, 8, 54, 54, 24, 54, 3, 49, 55, 68, 56, 30, 70, 48, 7, 15, 8]","[0, 1, 1, 1, 1, 1, 1, 0, 1, 1, 1, 1, 1, 1, 1, 1, 1, 1, 1, 1, 1, 1, 0, 1, 1, 1, 1, 1, 1, 1, 1, 1, 1, 1, 1, 1, 0]","[1, 0, 0, 0, 0, 0, 0, 1, 0, 0, 0, 0, 0, 0, 0, 0, 0, 0, 0, 0, 0, 0, 1, 0, 0, 0, 0, 0, 0, 0, 0, 0, 0, 0, 0, 0, 1]"
1315,L2_arctic_WAV/RRBI_arctic_a0424,"[17, 37, 39, 49, 8, 46, 30, 49, 24, 3, 36, 8, 70, 8, 58, 24, 70, 49, 70, 63, 8, 3, 28, 31, 58, 37, 49, 28, 17, 55, 3, 50, 64, 28, 3, 8, 58, 37, 56, 28, 17, 55, 3, 64, 28, 3]","[40, 37, 49, 8, 46, 30, 49, 24, 3, 36, 8, 70, 8, 58, 24, 70, 49, 70, 63, 8, 3, 28, 31, 58, 37, 49, 28, 40, 55, 3, 50, 64, 28, 3, 8, 58, 37, 56, 28, 40, 55, 3, 64, 28, 3]","[0, 1, 0, 1, 1, 1, 1, 1, 1, 1, 1, 1, 1, 1, 1, 1, 1, 1, 1, 1, 1, 1, 1, 1, 1, 1, 1, 1, 0, 1, 1, 1, 1, 1, 1, 1, 1, 1, 1, 1, 0, 1, 1, 1, 1, 1]","[1, 0, 1, 0, 0, 0, 0, 0, 0, 0, 0, 0, 0, 0, 0, 0, 0, 0, 0, 0, 0, 0, 0, 0, 0, 0, 0, 0, 1, 0, 0, 0, 0, 0, 0, 0, 0, 0, 0, 0, 1, 0, 0, 0, 0, 0]"
1316,L2_arctic_WAV/RRBI_arctic_b0002,"[29, 6, 59, 17, 3, 15, 3, 37, 56, 54, 56, 3, 24, 10, 64, 55, 58, 56, 22, 50, 6, 8, 48, 50, 24, 3, 49, 59, 7, 30]","[29, 6, 59, 40, 3, 15, 37, 56, 54, 56, 3, 24, 10, 64, 55, 58, 56, 3, 50, 6, 8, 48, 50, 24, 3, 49, 59, 8, 30]","[1, 1, 1, 0, 1, 1, 0, 1, 1, 1, 1, 1, 1, 1, 1, 1, 1, 1, 0, 1, 1, 1, 1, 1, 1, 1, 1, 1, 0, 1]","[0, 0, 0, 1, 0, 0, 1, 0, 0, 0, 0, 0, 0, 0, 0, 0, 0, 0, 1, 0, 0, 0, 0, 0, 0, 0, 0, 0, 1, 0]"
1317,L2_arctic_WAV/RRBI_arctic_b0017,"[52, 39, 50, 49, 22, 24, 10, 36, 8, 70, 36, 7, 28, 24, 10, 46, 68, 6, 63, 30, 49, 37, 52, 3, 7, 63, 8, 55, 56, 67, 64, 58, 24, 28, 46, 48, 52, 28, 3, 24, 58]","[52, 39, 50, 49, 3, 24, 10, 36, 8, 70, 36, 8, 28, 24, 10, 46, 68, 6, 3, 30, 49, 37, 52, 3, 7, 63, 8, 55, 56, 67, 64, 58, 52, 28, 46, 48, 52, 28, 3, 24, 58]","[1, 1, 1, 1, 0, 1, 1, 1, 1, 1, 1, 0, 1, 1, 1, 1, 1, 1, 0, 1, 1, 1, 1, 1, 1, 1, 1, 1, 1, 1, 1, 1, 0, 1, 1, 1, 1, 1, 1, 1, 1]","[0, 0, 0, 0, 1, 0, 0, 0, 0, 0, 0, 1, 0, 0, 0, 0, 0, 0, 1, 0, 0, 0, 0, 0, 0, 0, 0, 0, 0, 0, 0, 0, 1, 0, 0, 0, 0, 0, 0, 0, 0]"
1318,L2_arctic_WAV/RRBI_arctic_b0038,"[24, 55, 67, 7, 67, 60, 46, 3, 3, 6, 59, 52, 3, 8, 36, 60, 9, 49, 67, 64, 58, 54, 40, 50, 59, 17, 3, 8, 55, 63, 49, 70, 22, 24, 10, 70]","[24, 55, 67, 8, 67, 52, 46, 3, 3, 6, 59, 52, 3, 8, 39, 52, 9, 49, 67, 64, 58, 54, 40, 59, 17, 3, 8, 55, 63, 49, 70, 3, 24, 10, 28, 46]","[1, 1, 1, 0, 1, 0, 1, 1, 1, 1, 1, 1, 1, 1, 0, 0, 1, 1, 1, 1, 1, 1, 1, 0, 1, 1, 1, 1, 1, 1, 1, 1, 0, 1, 1, 0]","[0, 0, 0, 1, 0, 1, 0, 0, 0, 0, 0, 0, 0, 0, 1, 1, 0, 0, 0, 0, 0, 0, 0, 1, 0, 0, 0, 0, 0, 0, 0, 0, 1, 0, 0, 1]"
1319,L2_arctic_WAV/RRBI_arctic_b0047,"[46, 8, 48, 14, 70, 29, 6, 46, 40, 68, 49, 64, 3, 36, 7, 28, 22, 50, 6, 63, 8, 36, 24, 55, 58, 14]","[46, 8, 48, 14, 70, 29, 6, 46, 40, 68, 49, 64, 3, 39, 8, 28, 3, 50, 6, 63, 8, 36, 24, 55, 58, 14]","[1, 1, 1, 1, 1, 1, 1, 1, 1, 1, 1, 1, 1, 0, 0, 1, 0, 1, 1, 1, 1, 1, 1, 1, 1, 1]","[0, 0, 0, 0, 0, 0, 0, 0, 0, 0, 0, 0, 0, 1, 1, 0, 1, 0, 0, 0, 0, 0, 0, 0, 0, 0]"
1320,L2_arctic_WAV/RRBI_arctic_b0057,"[63, 60, 67, 64, 39, 36, 8, 55, 48, 17, 48, 29, 8, 30, 7, 46, 52, 55, 3, 8, 68, 8, 55, 3, 22, 50, 6, 63, 8, 55, 6, 70, 48, 60, 48, 7, 70]","[63, 52, 67, 64, 36, 36, 8, 55, 48, 40, 48, 29, 8, 30, 8, 46, 52, 55, 3, 8, 68, 8, 55, 22, 50, 6, 63, 8, 55, 6, 70, 48, 52, 48, 8, 46]","[1, 0, 1, 1, 0, 1, 1, 1, 1, 0, 1, 1, 1, 1, 0, 1, 1, 1, 1, 1, 1, 1, 1, 0, 1, 1, 1, 1, 1, 1, 1, 1, 1, 0, 1, 0, 0]","[0, 1, 0, 0, 1, 0, 0, 0, 0, 1, 0, 0, 0, 0, 1, 0, 0, 0, 0, 0, 0, 0, 0, 1, 0, 0, 0, 0, 0, 0, 0, 0, 0, 1, 0, 1, 1]"
1321,L2_arctic_WAV/RRBI_arctic_b0061,"[46, 8, 68, 22, 24, 10, 8, 37, 15, 3, 24, 3, 46, 49, 68, 58, 3, 6, 54, 64, 46, 8, 55, 60, 3, 67, 24, 68, 3, 8, 35, 64, 30, 8, 55, 69, 67, 24, 70, 48, 50, 52, 70, 8, 55, 46]","[46, 8, 68, 58, 24, 10, 8, 39, 15, 3, 24, 46, 49, 68, 3, 6, 54, 64, 46, 8, 55, 52, 3, 67, 24, 68, 3, 8, 35, 64, 30, 8, 55, 35, 67, 24, 70, 48, 50, 52, 70, 8, 55, 46]","[1, 1, 1, 0, 1, 1, 1, 0, 1, 1, 1, 0, 1, 1, 1, 0, 1, 1, 1, 1, 1, 1, 1, 0, 1, 1, 1, 1, 1, 1, 1, 1, 1, 1, 1, 0, 1, 1, 1, 1, 1, 1, 1, 1, 1, 1]","[0, 0, 0, 1, 0, 0, 0, 1, 0, 0, 0, 1, 0, 0, 0, 1, 0, 0, 0, 0, 0, 0, 0, 1, 0, 0, 0, 0, 0, 0, 0, 0, 0, 0, 0, 1, 0, 0, 0, 0, 0, 0, 0, 0, 0, 0]"
1322,L2_arctic_WAV/RRBI_arctic_b0073,"[36, 24, 63, 63, 49, 70, 17, 50, 59, 29, 8, 68, 8, 55, 3, 46, 67, 49, 28, 8, 55, 39, 24, 55, 46, 3, 67, 24, 68, 46, 52, 30, 54, 63, 64, 3, 67, 49, 9, 31, 58, 59, 14, 40, 55, 8, 30, 14, 55]","[36, 24, 58, 49, 70, 17, 50, 59, 29, 8, 68, 8, 55, 3, 46, 67, 49, 28, 8, 55, 39, 24, 55, 46, 3, 67, 24, 68, 46, 52, 30, 54, 63, 64, 3, 67, 49, 9, 31, 58, 59, 40, 40, 55, 8, 30, 40, 55]","[1, 1, 0, 0, 1, 1, 1, 1, 1, 1, 1, 1, 1, 1, 1, 1, 1, 1, 1, 1, 1, 1, 1, 1, 1, 1, 1, 1, 1, 1, 1, 1, 1, 1, 1, 1, 1, 1, 1, 1, 1, 1, 0, 1, 1, 1, 1, 0, 1]","[0, 0, 1, 1, 0, 0, 0, 0, 0, 0, 0, 0, 0, 0, 0, 0, 0, 0, 0, 0, 0, 0, 0, 0, 0, 0, 0, 0, 0, 0, 0, 0, 0, 0, 0, 0, 0, 0, 0, 0, 0, 0, 1, 0, 0, 0, 0, 1, 0]"
1323,L2_arctic_WAV/RRBI_arctic_b0081,"[29, 6, 36, 7, 59, 14, 24, 10, 3, 6, 30, 49, 39, 64, 54, 3, 7, 29, 6, 46, 40, 40, 55, 68, 49, 40, 55, 63, 8, 50, 17, 28]","[29, 6, 36, 7, 59, 40, 24, 10, 3, 6, 30, 49, 39, 17, 54, 3, 8, 29, 6, 46, 40, 40, 55, 68, 49, 40, 55, 63, 8, 50, 40, 28]","[1, 1, 1, 1, 1, 0, 1, 1, 1, 1, 1, 1, 1, 0, 1, 1, 0, 1, 1, 1, 1, 1, 1, 1, 1, 1, 1, 1, 1, 1, 0, 1]","[0, 0, 0, 0, 0, 1, 0, 0, 0, 0, 0, 0, 0, 1, 0, 0, 1, 0, 0, 0, 0, 0, 0, 0, 0, 0, 0, 0, 0, 0, 1, 0]"
1324,L2_arctic_WAV/RRBI_arctic_b0089,"[67, 7, 37, 29, 6, 3, 8, 54, 8, 30, 67, 52, 50, 36, 8, 70, 58, 8, 55, 8, 48, 24, 55, 9, 56, 55, 24, 10, 28, 57, 30, 70]","[67, 7, 37, 29, 6, 3, 8, 54, 8, 30, 67, 52, 50, 36, 8, 70, 58, 8, 55, 8, 48, 24, 55, 9, 56, 55, 24, 10, 28, 57, 30, 46]","[1, 1, 1, 1, 1, 1, 1, 1, 1, 1, 1, 1, 1, 1, 1, 1, 1, 1, 1, 1, 1, 1, 1, 1, 1, 1, 1, 1, 1, 1, 1, 0]","[0, 0, 0, 0, 0, 0, 0, 0, 0, 0, 0, 0, 0, 0, 0, 0, 0, 0, 0, 0, 0, 0, 0, 0, 0, 0, 0, 0, 0, 0, 0, 1]"
1325,L2_arctic_WAV/RRBI_arctic_b0104,"[9, 6, 3, 24, 10, 48, 60, 55, 70, 48, 64, 46, 3, 30, 56, 28, 54, 30, 64, 9, 24, 70, 8, 39, 24, 30, 52, 28, 3, 50, 24, 46, 8, 3, 49, 22, 50, 6, 67, 24, 70, 37, 17, 58, 49]","[9, 6, 3, 24, 10, 48, 60, 55, 70, 48, 17, 46, 3, 30, 56, 28, 54, 30, 64, 9, 24, 70, 8, 54, 24, 30, 52, 28, 3, 50, 24, 46, 8, 3, 49, 3, 50, 6, 67, 24, 70, 37, 40, 58, 49]","[1, 1, 1, 1, 1, 1, 1, 1, 1, 1, 0, 1, 1, 1, 1, 1, 1, 1, 1, 1, 1, 1, 1, 0, 1, 1, 1, 1, 1, 1, 1, 1, 1, 1, 1, 0, 1, 1, 1, 1, 1, 1, 0, 1, 1]","[0, 0, 0, 0, 0, 0, 0, 0, 0, 0, 1, 0, 0, 0, 0, 0, 0, 0, 0, 0, 0, 0, 0, 1, 0, 0, 0, 0, 0, 0, 0, 0, 0, 0, 0, 1, 0, 0, 0, 0, 0, 0, 1, 0, 0]"
1326,L2_arctic_WAV/RRBI_arctic_b0118,"[36, 49, 46, 40, 29, 31, 50, 30, 56, 3, 8, 55, 58, 22, 40, 3, 29, 6, 36, 31, 58, 8, 55, 3, 68, 56, 55, 58, 8, 28, 40, 30]","[36, 8, 46, 40, 29, 31, 50, 30, 56, 3, 8, 55, 3, 40, 3, 29, 6, 36, 31, 58, 8, 55, 3, 68, 56, 55, 58, 8, 28, 40, 30]","[1, 0, 1, 1, 1, 1, 1, 1, 1, 1, 1, 1, 0, 0, 1, 1, 1, 1, 1, 1, 1, 1, 1, 1, 1, 1, 1, 1, 1, 1, 1, 1]","[0, 1, 0, 0, 0, 0, 0, 0, 0, 0, 0, 0, 1, 1, 0, 0, 0, 0, 0, 0, 0, 0, 0, 0, 0, 0, 0, 0, 0, 0, 0, 0]"
1327,L2_arctic_WAV/RRBI_arctic_b0136,"[46, 36, 24, 54, 3, 30, 49, 67, 24, 70, 56, 70, 68, 52, 26, 7, 58, 63, 8, 46, 24, 35, 6, 60, 9, 8, 55]","[46, 36, 24, 54, 3, 30, 49, 67, 24, 70, 56, 46, 68, 52, 26, 7, 63, 8, 46, 24, 35, 6, 52, 9, 8, 55]","[1, 1, 1, 1, 1, 1, 1, 1, 1, 1, 1, 0, 1, 1, 1, 1, 0, 1, 1, 1, 1, 1, 1, 0, 1, 1, 1]","[0, 0, 0, 0, 0, 0, 0, 0, 0, 0, 0, 1, 0, 0, 0, 0, 1, 0, 0, 0, 0, 0, 0, 1, 0, 0, 0]"
1328,L2_arctic_WAV/RRBI_arctic_b0141,"[24, 3, 36, 8, 70, 37, 49, 3, 24, 10, 64, 55, 58, 36, 60, 3, 24, 10, 24, 55, 63, 8, 64, 68, 37, 31, 9, 8, 39, 63, 14, 70, 37, 30, 64, 28, 48, 24, 3, 46]","[24, 3, 36, 8, 70, 37, 49, 3, 24, 10, 64, 55, 39, 52, 3, 24, 10, 24, 55, 63, 8, 64, 68, 37, 31, 9, 40, 54, 58, 40, 70, 37, 30, 64, 28, 48, 24, 3, 46]","[1, 1, 1, 1, 1, 1, 1, 1, 1, 1, 1, 1, 0, 0, 0, 1, 1, 1, 1, 1, 1, 1, 1, 1, 1, 1, 1, 0, 0, 0, 0, 1, 1, 1, 1, 1, 1, 1, 1, 1]","[0, 0, 0, 0, 0, 0, 0, 0, 0, 0, 0, 0, 1, 1, 1, 0, 0, 0, 0, 0, 0, 0, 0, 0, 0, 0, 0, 1, 1, 1, 1, 0, 0, 0, 0, 0, 0, 0, 0, 0]"
1329,L2_arctic_WAV/RRBI_arctic_b0158,"[9, 49, 14, 37, 60, 58, 9, 50, 24, 10, 28, 24, 10, 37, 64, 28, 36, 24, 63, 63, 8, 37, 60, 37, 49, 24, 55, 67, 7, 17, 50, 68, 70]","[9, 49, 40, 37, 52, 58, 9, 50, 24, 10, 28, 24, 10, 37, 64, 39, 24, 63, 63, 8, 37, 52, 37, 49, 24, 55, 67, 7, 17, 68, 46]","[1, 1, 0, 1, 0, 1, 1, 1, 1, 1, 1, 1, 1, 1, 1, 0, 0, 1, 1, 1, 1, 1, 0, 1, 1, 1, 1, 1, 1, 1, 0, 1, 0]","[0, 0, 1, 0, 1, 0, 0, 0, 0, 0, 0, 0, 0, 0, 0, 1, 1, 0, 0, 0, 0, 0, 1, 0, 0, 0, 0, 0, 0, 0, 1, 0, 1]"
1330,L2_arctic_WAV/RRBI_arctic_b0160,"[24, 3, 36, 8, 70, 14, 39, 7, 36, 52, 55, 67, 49, 68, 60, 58, 67, 24, 70, 36, 60, 22, 50, 6, 63, 8, 50, 24, 10, 8, 39, 46, 48, 52, 28, 3, 60, 3, 7, 70]","[24, 3, 36, 8, 70, 14, 36, 7, 39, 52, 55, 67, 49, 68, 52, 58, 67, 24, 70, 39, 52, 3, 50, 6, 58, 8, 50, 24, 10, 59, 8, 39, 46, 48, 52, 28, 3, 52, 3, 8, 46]","[1, 1, 1, 1, 1, 1, 0, 1, 0, 1, 1, 1, 1, 1, 0, 1, 1, 1, 1, 0, 0, 0, 1, 1, 0, 1, 1, 1, 1, 1, 1, 1, 1, 1, 1, 1, 0, 1, 0, 0]","[0, 0, 0, 0, 0, 0, 1, 0, 1, 0, 0, 0, 0, 0, 1, 0, 0, 0, 0, 1, 1, 1, 0, 0, 1, 0, 0, 0, 0, 0, 0, 0, 0, 0, 0, 0, 1, 0, 1, 1]"
1331,L2_arctic_WAV/RRBI_arctic_b0171,"[67, 49, 35, 60, 55, 69, 58, 67, 24, 70, 46, 49, 3, 54, 40, 50, 8, 46, 3, 49, 68, 7, 50, 49, 28, 30, 56, 55, 24, 10, 35, 52, 50]","[67, 49, 35, 60, 55, 35, 58, 67, 24, 70, 46, 49, 3, 54, 40, 50, 8, 46, 3, 49, 68, 7, 50, 49, 28, 30, 56, 55, 24, 10, 35, 52, 50]","[1, 1, 1, 1, 1, 0, 1, 1, 1, 1, 1, 1, 1, 1, 1, 1, 1, 1, 1, 1, 1, 1, 1, 1, 1, 1, 1, 1, 1, 1, 1, 1, 1]","[0, 0, 0, 0, 0, 1, 0, 0, 0, 0, 0, 0, 0, 0, 0, 0, 0, 0, 0, 0, 0, 0, 0, 0, 0, 0, 0, 0, 0, 0, 0, 0, 0]"
1332,L2_arctic_WAV/RRBI_arctic_b0197,"[63, 8, 48, 30, 64, 55, 3, 7, 70, 17, 50, 40, 30, 50, 52, 58, 49, 28, 8, 55, 46, 24, 58, 7, 24, 10, 63, 8, 68, 64, 3, 7]","[63, 8, 48, 30, 17, 55, 3, 8, 70, 17, 61, 40, 30, 50, 52, 58, 49, 28, 8, 55, 46, 24, 58, 7, 24, 10, 63, 8, 68, 64, 3, 8]","[1, 1, 1, 1, 0, 1, 1, 0, 1, 1, 0, 1, 1, 1, 1, 1, 1, 1, 1, 1, 1, 1, 1, 1, 1, 1, 1, 1, 1, 1, 1, 0]","[0, 0, 0, 0, 1, 0, 0, 1, 0, 0, 1, 0, 0, 0, 0, 0, 0, 0, 0, 0, 0, 0, 0, 0, 0, 0, 0, 0, 0, 0, 0, 1]"
1333,L2_arctic_WAV/RRBI_arctic_b0215,"[24, 3, 24, 70, 8, 59, 31, 58, 48, 50, 17, 48, 7, 3, 49, 64, 55, 58, 36, 7, 22, 68, 40, 50, 63, 8, 55, 63, 64, 3]","[24, 58, 24, 70, 8, 59, 31, 58, 48, 50, 40, 48, 8, 3, 49, 64, 55, 36, 7, 68, 40, 50, 63, 8, 55, 63, 64, 3]","[1, 0, 1, 1, 1, 1, 1, 1, 1, 1, 0, 1, 0, 1, 1, 1, 1, 0, 1, 1, 0, 1, 1, 1, 1, 1, 1, 1, 1, 1]","[0, 1, 0, 0, 0, 0, 0, 0, 0, 0, 1, 0, 1, 0, 0, 0, 0, 1, 0, 0, 1, 0, 0, 0, 0, 0, 0, 0, 0, 0]"
1334,L2_arctic_WAV/RRBI_arctic_b0315,"[64, 55, 58, 63, 24, 46, 36, 40, 70, 63, 52, 50, 46, 14, 30, 28, 17, 55, 39, 7, 46, 60, 9, 8, 55, 22, 50, 6, 15, 3, 63, 8, 68, 49, 30]","[64, 55, 58, 24, 46, 36, 40, 70, 63, 52, 50, 46, 40, 30, 28, 17, 55, 39, 8, 26, 52, 9, 8, 55, 22, 50, 6, 15, 58, 8, 68, 49, 30]","[1, 1, 1, 0, 1, 1, 1, 1, 1, 1, 1, 1, 1, 0, 1, 1, 1, 1, 1, 0, 0, 0, 1, 1, 1, 1, 1, 1, 1, 0, 0, 1, 1, 1, 1]","[0, 0, 0, 1, 0, 0, 0, 0, 0, 0, 0, 0, 0, 1, 0, 0, 0, 0, 0, 1, 1, 1, 0, 0, 0, 0, 0, 0, 0, 1, 1, 0, 0, 0, 0]"
1335,L2_arctic_WAV/RRBI_arctic_b0317,"[67, 49, 58, 24, 58, 55, 17, 3, 37, 24, 30, 49, 39, 24, 55, 63, 8, 37, 7, 55, 24, 10, 8, 39, 58, 60, 30, 56, 3, 54, 50, 7, 46, 8, 35, 8, 30, 8, 59, 26, 7, 49]","[67, 49, 58, 24, 58, 55, 17, 3, 37, 24, 30, 49, 39, 24, 55, 63, 8, 37, 8, 55, 24, 10, 8, 54, 58, 52, 30, 56, 3, 54, 8, 46, 8, 35, 8, 30, 8, 59, 26, 7, 49]","[1, 1, 1, 1, 1, 1, 1, 1, 1, 1, 1, 1, 1, 1, 1, 1, 1, 1, 0, 1, 1, 1, 1, 0, 1, 0, 1, 1, 1, 1, 0, 0, 1, 1, 1, 1, 1, 1, 1, 1, 1, 1]","[0, 0, 0, 0, 0, 0, 0, 0, 0, 0, 0, 0, 0, 0, 0, 0, 0, 0, 1, 0, 0, 0, 0, 1, 0, 1, 0, 0, 0, 0, 1, 1, 0, 0, 0, 0, 0, 0, 0, 0, 0, 0]"
1336,L2_arctic_WAV/RRBI_arctic_b0321,"[24, 55, 46, 3, 52, 58, 67, 49, 7, 56, 39, 58, 40, 55, 63, 8, 55, 56, 3, 8, 39, 63, 8, 46, 52, 28, 8, 55, 58, 58, 60]","[24, 55, 46, 3, 52, 58, 67, 49, 7, 56, 39, 58, 40, 55, 63, 8, 55, 56, 3, 8, 54, 63, 8, 46, 52, 28, 8, 55, 58, 52]","[1, 1, 1, 1, 1, 1, 1, 1, 1, 1, 1, 1, 1, 1, 1, 1, 1, 1, 1, 1, 0, 1, 1, 1, 1, 1, 1, 1, 0, 1, 0]","[0, 0, 0, 0, 0, 0, 0, 0, 0, 0, 0, 0, 0, 0, 0, 0, 0, 0, 0, 0, 1, 0, 0, 0, 0, 0, 0, 0, 1, 0, 1]"
1337,L2_arctic_WAV/RRBI_arctic_b0371,"[29, 49, 30, 58, 29, 40, 50, 46, 52, 30, 54, 3, 8, 63, 8, 36, 40, 3, 7, 70, 63, 8, 3, 17, 50, 50, 24, 48, 24, 10, 64, 55, 58, 3, 52, 50, 24, 10, 64, 3, 29, 6]","[29, 49, 30, 58, 29, 40, 46, 52, 30, 54, 3, 8, 63, 8, 36, 40, 3, 8, 70, 63, 8, 3, 17, 50, 50, 24, 48, 24, 10, 64, 55, 3, 52, 50, 24, 10, 64, 3, 29, 6]","[1, 1, 1, 1, 1, 1, 0, 1, 1, 1, 1, 1, 1, 1, 1, 1, 1, 1, 0, 1, 1, 1, 1, 1, 1, 1, 1, 1, 1, 1, 1, 1, 0, 1, 1, 1, 1, 1, 1, 1, 1, 1]","[0, 0, 0, 0, 0, 0, 1, 0, 0, 0, 0, 0, 0, 0, 0, 0, 0, 0, 1, 0, 0, 0, 0, 0, 0, 0, 0, 0, 0, 0, 0, 0, 1, 0, 0, 0, 0, 0, 0, 0, 0, 0]"
1338,L2_arctic_WAV/RRBI_arctic_b0396,"[63, 8, 48, 60, 55, 54, 50, 8, 68, 68, 56, 67, 7, 3, 55, 49, 36, 40, 70, 64, 59, 8, 55, 56, 70, 24, 10]","[63, 8, 48, 60, 55, 54, 50, 8, 68, 68, 56, 67, 7, 3, 55, 49, 39, 40, 70, 52, 59, 8, 55, 56, 70, 24, 10]","[1, 1, 1, 1, 1, 1, 1, 1, 1, 1, 1, 1, 1, 1, 1, 1, 0, 1, 1, 0, 1, 1, 1, 1, 1, 1, 1]","[0, 0, 0, 0, 0, 0, 0, 0, 0, 0, 0, 0, 0, 0, 0, 0, 1, 0, 0, 1, 0, 0, 0, 0, 0, 0, 0]"
1339,L2_arctic_WAV/RRBI_arctic_b0411,"[67, 49, 59, 60, 39, 55, 14, 50, 49, 70, 8, 55, 37, 8, 3, 67, 24, 70, 68, 14, 3, 24, 39, 36, 40, 70, 17, 37, 39, 49, 8, 46, 24, 55, 8, 54]","[67, 49, 59, 52, 39, 55, 40, 50, 49, 70, 8, 55, 37, 8, 3, 67, 24, 70, 68, 40, 3, 24, 39, 36, 40, 70, 40, 37, 49, 8, 46, 24, 55, 8, 54]","[1, 1, 1, 0, 1, 1, 0, 1, 1, 1, 1, 1, 1, 1, 1, 1, 1, 1, 1, 0, 1, 1, 1, 1, 1, 1, 0, 1, 0, 1, 1, 1, 1, 1, 1, 1]","[0, 0, 0, 1, 0, 0, 1, 0, 0, 0, 0, 0, 0, 0, 0, 0, 0, 0, 0, 1, 0, 0, 0, 0, 0, 0, 1, 0, 1, 0, 0, 0, 0, 0, 0, 0]"
1340,L2_arctic_WAV/RRBI_arctic_b0433,"[36, 49, 7, 28, 31, 28, 24, 10, 17, 55, 63, 8, 28, 14, 30, 46, 3, 14, 39, 64, 55, 58, 40, 55, 63, 8, 57, 30, 37, 7, 55, 7, 70]","[39, 49, 7, 28, 31, 28, 24, 10, 17, 55, 63, 8, 28, 40, 30, 46, 3, 40, 39, 64, 55, 58, 40, 55, 63, 8, 57, 30, 37, 8, 55, 8, 46]","[0, 1, 1, 1, 1, 1, 1, 1, 1, 1, 1, 1, 1, 0, 1, 1, 1, 0, 1, 1, 1, 1, 1, 1, 1, 1, 1, 1, 1, 0, 1, 0, 0]","[1, 0, 0, 0, 0, 0, 0, 0, 0, 0, 0, 0, 0, 1, 0, 0, 0, 1, 0, 0, 0, 0, 0, 0, 0, 0, 0, 0, 0, 1, 0, 1, 1]"
1341,L2_arctic_WAV/SKA_arctic_a0003,"[54, 40, 50, 63, 8, 3, 36, 52, 55, 3, 49, 24, 22, 3, 56, 68, 63, 8, 3, 49, 39, 55, 24, 10, 63, 8, 3, 6, 68, 52, 55, 9, 31, 28, 67, 64, 55, 58, 70]","[54, 40, 50, 63, 8, 3, 36, 52, 55, 3, 49, 55, 22, 3, 56, 68, 63, 52, 3, 49, 39, 55, 24, 10, 63, 8, 3, 6, 68, 52, 55, 9, 31, 28, 67, 64, 55, 58, 70]","[1, 1, 1, 1, 1, 1, 1, 1, 1, 1, 1, 0, 1, 1, 1, 1, 1, 0, 1, 1, 1, 1, 1, 1, 1, 1, 1, 1, 1, 1, 1, 1, 1, 1, 1, 1, 1, 1, 1]","[0, 0, 0, 0, 0, 0, 0, 0, 0, 0, 0, 1, 0, 0, 0, 0, 0, 1, 0, 0, 0, 0, 0, 0, 0, 0, 0, 0, 0, 0, 0, 0, 0, 0, 0, 0, 0, 0, 0]"
1342,L2_arctic_WAV/SKA_arctic_a0005,"[36, 24, 30, 36, 49, 52, 39, 7, 54, 40, 50, 59, 52, 3, 24, 3]","[36, 52, 30, 36, 49, 52, 39, 7, 54, 40, 50, 59, 52, 3, 24]","[1, 0, 1, 1, 1, 1, 1, 1, 1, 1, 1, 1, 1, 1, 1, 0]","[0, 1, 0, 0, 0, 0, 0, 0, 0, 0, 0, 0, 0, 0, 0, 1]"
1343,L2_arctic_WAV/SKA_arctic_a0006,"[59, 17, 58, 37, 30, 52, 46, 8, 68, 56, 67, 14, 48, 56, 36, 24, 30, 59, 14, 17, 55, 46, 49, 24, 10, 63, 52, 68, 54, 7, 52, 39, 7]","[59, 17, 58, 37, 8, 30, 52, 46, 8, 68, 56, 67, 40, 37, 56, 36, 24, 30, 59, 40, 17, 55, 46, 49, 24, 10, 59, 63, 52, 68, 54, 7, 52, 39, 7]","[1, 1, 1, 1, 1, 1, 1, 1, 1, 1, 1, 0, 0, 1, 1, 1, 1, 1, 0, 1, 1, 1, 1, 1, 1, 1, 1, 1, 1, 1, 1, 1, 1]","[0, 0, 0, 0, 0, 0, 0, 0, 0, 0, 0, 1, 1, 0, 0, 0, 0, 0, 1, 0, 0, 0, 0, 0, 0, 0, 0, 0, 0, 0, 0, 0, 0]"
1344,L2_arctic_WAV/SKA_arctic_a0007,"[64, 55, 58, 29, 6, 40, 30, 36, 49, 70, 36, 17, 55, 3, 3, 8, 46, 49, 24, 3, 24, 55, 63, 8, 46, 31, 48, 7, 30, 8, 3, 24, 39, 58, 24, 59, 50, 49]","[64, 55, 58, 29, 6, 40, 30, 36, 49, 70, 36, 17, 55, 3, 3, 8, 46, 49, 24, 3, 24, 55, 63, 8, 46, 31, 37, 7, 30, 60, 3, 24, 39, 58, 24, 59, 66, 49]","[1, 1, 1, 1, 1, 1, 1, 1, 1, 1, 1, 1, 1, 1, 1, 1, 1, 1, 1, 1, 1, 1, 1, 1, 1, 1, 0, 1, 1, 0, 1, 1, 1, 1, 1, 1, 0, 1]","[0, 0, 0, 0, 0, 0, 0, 0, 0, 0, 0, 0, 0, 0, 0, 0, 0, 0, 0, 0, 0, 0, 0, 0, 0, 0, 1, 0, 0, 1, 0, 0, 0, 0, 0, 0, 1, 0]"
1345,L2_arctic_WAV/SKA_arctic_a0008,"[59, 64, 58, 29, 31, 50, 30, 52, 3, 7, 28, 60, 68, 69, 8, 46, 3, 24, 55, 3, 56, 68]","[59, 64, 58, 29, 31, 30, 52, 3, 8, 50, 28, 52, 68, 26, 8, 46, 3, 24, 55, 3, 56, 68]","[1, 1, 1, 1, 1, 0, 1, 1, 1, 0, 1, 0, 1, 0, 1, 1, 1, 1, 1, 1, 1, 1]","[0, 0, 0, 0, 0, 1, 0, 0, 0, 1, 0, 1, 0, 1, 0, 0, 0, 0, 0, 0, 0, 0]"
1346,L2_arctic_WAV/SKA_arctic_a0010,"[56, 68, 48, 30, 60, 24, 10, 8, 46, 24, 10, 59, 8, 30, 67, 64, 55, 58, 24, 55, 36, 8, 3, 30, 31, 28, 46, 30, 56, 28, 8, 30, 6, 70, 24, 10, 59, 60, 68]","[56, 68, 37, 30, 60, 24, 10, 8, 46, 24, 10, 59, 8, 30, 67, 64, 55, 58, 24, 55, 36, 8, 3, 30, 31, 28, 46, 30, 56, 28, 8, 30, 6, 70, 24, 10, 59, 59, 52, 68]","[1, 1, 0, 1, 1, 1, 1, 1, 1, 1, 1, 1, 1, 1, 1, 1, 1, 1, 1, 1, 1, 1, 1, 1, 1, 1, 1, 1, 1, 1, 1, 1, 1, 1, 1, 1, 1, 0, 1]","[0, 0, 1, 0, 0, 0, 0, 0, 0, 0, 0, 0, 0, 0, 0, 0, 0, 0, 0, 0, 0, 0, 0, 0, 0, 0, 0, 0, 0, 0, 0, 0, 0, 0, 0, 0, 0, 1, 0]"
1347,L2_arctic_WAV/SKA_arctic_a0011,"[24, 54, 56, 52, 39, 7, 55, 49, 58, 24, 58, 8, 54, 56, 3, 7, 24, 55, 68, 56, 30, 56, 54, 56, 55, 49, 58, 36, 8, 55, 55, 15]","[24, 54, 56, 24, 39, 7, 55, 49, 58, 24, 58, 8, 54, 56, 3, 7, 24, 55, 68, 56, 30, 56, 54, 56, 55, 49, 58, 36, 8, 55, 55, 15]","[1, 1, 1, 0, 1, 1, 1, 1, 1, 1, 1, 1, 1, 1, 1, 1, 1, 1, 1, 1, 1, 1, 1, 1, 1, 1, 1, 1, 1, 1, 1, 1]","[0, 0, 0, 1, 0, 0, 0, 0, 0, 0, 0, 0, 0, 0, 0, 0, 0, 0, 0, 0, 0, 0, 0, 0, 0, 0, 0, 0, 0, 0, 0, 0]"
1348,L2_arctic_WAV/SKA_arctic_a0013,"[67, 49, 36, 8, 70, 8, 67, 52, 58, 9, 40, 50, 3, 7, 63, 64, 55, 67, 24, 70, 28, 8, 68, 48, 64, 55, 29, 8, 55, 8, 39, 40, 30, 68, 14, 46, 3, 58, 52, 30, 8, 28, 8, 3, 54, 8, 70, 49, 28]","[67, 49, 36, 8, 70, 8, 67, 52, 58, 35, 40, 50, 3, 7, 63, 64, 55, 67, 24, 70, 28, 8, 68, 37, 64, 55, 29, 8, 55, 8, 39, 17, 30, 68, 14, 46, 3, 58, 52, 30, 8, 28, 8, 3, 54, 8, 70, 49, 28]","[1, 1, 1, 1, 1, 1, 1, 1, 1, 0, 1, 1, 1, 1, 1, 1, 1, 1, 1, 1, 1, 1, 1, 0, 1, 1, 1, 1, 1, 1, 1, 0, 1, 1, 1, 1, 1, 1, 1, 1, 1, 1, 1, 1, 1, 1, 1, 1, 1]","[0, 0, 0, 0, 0, 0, 0, 0, 0, 1, 0, 0, 0, 0, 0, 0, 0, 0, 0, 0, 0, 0, 0, 1, 0, 0, 0, 0, 0, 0, 0, 1, 0, 0, 0, 0, 0, 0, 0, 0, 0, 0, 0, 0, 0, 0, 0, 0, 0]"
1349,L2_arctic_WAV/SKA_arctic_a0018,"[63, 52, 50, 36, 40, 70, 8, 35, 60, 55, 69, 55, 15]","[63, 52, 50, 36, 40, 70, 8, 35, 52, 55, 69, 8, 55, 15]","[1, 1, 1, 1, 1, 1, 1, 1, 0, 1, 1, 1, 1]","[0, 0, 0, 0, 0, 0, 0, 0, 1, 0, 0, 0, 0]"
1350,L2_arctic_WAV/SKA_arctic_a0019,"[56, 54, 17, 30, 14, 58, 63, 8, 30, 56, 55, 8, 39, 63, 8, 48, 50, 8, 48, 14, 70, 58, 50, 60, 30, 50, 14, 58, 30, 31, 28, 24, 10, 54, 40, 50, 35, 64, 55, 46, 24, 70]","[56, 54, 17, 30, 40, 58, 63, 8, 30, 60, 55, 8, 39, 63, 8, 37, 66, 8, 37, 40, 70, 8, 30, 66, 60, 30, 40, 58, 30, 31, 28, 24, 10, 59, 54, 40, 50, 35, 64, 55, 46, 24, 46]","[1, 1, 1, 1, 0, 1, 1, 1, 1, 0, 1, 1, 1, 1, 1, 0, 0, 1, 0, 0, 1, 0, 0, 1, 1, 0, 0, 1, 1, 1, 1, 1, 1, 1, 1, 1, 1, 1, 1, 1, 1, 0]","[0, 0, 0, 0, 1, 0, 0, 0, 0, 1, 0, 0, 0, 0, 0, 1, 1, 0, 1, 1, 0, 1, 1, 0, 0, 1, 1, 0, 0, 0, 0, 0, 0, 0, 0, 0, 0, 0, 0, 0, 0, 1]"
1351,L2_arctic_WAV/SKA_arctic_a0020,"[28, 30, 8, 37, 70, 64, 55, 58, 37, 40, 30, 70, 64, 55, 58, 46, 24, 3, 49, 70, 59, 50, 6, 3, 6, 37, 49, 14, 55, 30, 49, 68, 52, 68, 7, 49, 70]","[28, 30, 8, 37, 70, 64, 55, 58, 37, 40, 30, 70, 64, 55, 58, 46, 24, 3, 49, 70, 59, 66, 6, 3, 6, 37, 49, 40, 55, 30, 49, 68, 52, 68, 7, 49, 70]","[1, 1, 1, 1, 1, 1, 1, 1, 1, 1, 1, 1, 1, 1, 1, 1, 1, 1, 1, 1, 1, 0, 1, 1, 1, 1, 1, 0, 1, 1, 1, 1, 1, 1, 1, 1, 1]","[0, 0, 0, 0, 0, 0, 0, 0, 0, 0, 0, 0, 0, 0, 0, 0, 0, 0, 0, 0, 0, 1, 0, 0, 0, 0, 0, 1, 0, 0, 0, 0, 0, 0, 0, 0, 0]"
1352,L2_arctic_WAV/SKA_arctic_a0021,"[24, 3, 54, 52, 50, 30, 49, 28, 30, 8, 37, 58, 68, 49, 24, 55, 3, 6, 50, 52, 28, 8, 59, 55, 56, 70, 24, 10, 24, 3]","[24, 3, 54, 50, 49, 30, 49, 28, 30, 8, 37, 58, 8, 68, 49, 24, 55, 3, 6, 66, 52, 28, 8, 59, 55, 56, 70, 24, 10, 59, 24, 3]","[1, 1, 1, 0, 1, 1, 1, 1, 1, 1, 1, 1, 1, 1, 1, 1, 1, 1, 0, 1, 1, 1, 1, 1, 1, 1, 1, 1, 1, 1]","[0, 0, 0, 1, 1, 0, 0, 0, 0, 0, 0, 0, 0, 0, 0, 0, 0, 0, 1, 0, 0, 0, 0, 0, 0, 0, 0, 0, 0, 0]"
1353,L2_arctic_WAV/SKA_arctic_a0022,"[67, 17, 50, 58, 30, 49, 36, 7, 15, 7, 48, 30, 64, 55, 70, 68, 60, 58, 48, 8, 37, 30, 24, 28, 37, 49, 54, 40, 50, 36, 49, 36, 7, 68, 52, 3, 37, 56, 48, 15, 7, 54, 8, 30, 17, 48, 8, 70, 24, 9, 8, 55]","[67, 17, 50, 58, 30, 49, 36, 52, 50, 15, 7, 37, 30, 64, 55, 70, 68, 52, 58, 48, 8, 37, 30, 24, 28, 37, 49, 54, 40, 50, 36, 49, 36, 52, 50, 68, 52, 3, 37, 56, 37, 15, 7, 54, 8, 30, 40, 37, 8, 70, 24, 9, 8, 55]","[1, 1, 1, 1, 1, 1, 1, 0, 1, 1, 0, 1, 1, 1, 1, 1, 0, 1, 1, 1, 1, 1, 1, 1, 1, 1, 1, 1, 1, 1, 1, 1, 0, 1, 1, 1, 1, 1, 0, 1, 1, 1, 1, 1, 0, 0, 1, 1, 1, 1, 1, 1]","[0, 0, 0, 0, 0, 0, 0, 1, 0, 0, 1, 0, 0, 0, 0, 0, 1, 0, 0, 0, 0, 0, 0, 0, 0, 0, 0, 0, 0, 0, 0, 0, 1, 0, 0, 0, 0, 0, 1, 0, 0, 0, 0, 0, 1, 1, 0, 0, 0, 0, 0, 0]"
1354,L2_arctic_WAV/SKA_arctic_a0023,"[8, 28, 17, 68, 37, 8, 55, 60, 9, 8, 55, 8, 39, 28, 8, 55, 60, 58, 49, 8, 55, 28, 64, 48, 24, 3, 8, 30, 28, 36, 24, 28, 30, 49, 40, 50, 59, 8, 55, 56, 70, 58, 64, 55, 58, 48, 8, 3, 24, 9, 8, 55, 58, 54, 40, 50, 63, 8, 46, 60, 68, 48, 50, 24, 39, 30, 24, 69, 24, 70]","[8, 28, 17, 68, 37, 8, 55, 60, 9, 8, 55, 8, 39, 28, 52, 55, 69, 69, 8, 55, 28, 64, 37, 24, 3, 8, 30, 28, 36, 24, 28, 30, 49, 40, 66, 59, 8, 55, 56, 70, 58, 64, 55, 58, 8, 37, 8, 3, 24, 9, 8, 55, 58, 54, 40, 50, 63, 8, 46, 60, 68, 37, 30, 24, 39, 24, 69, 24, 70]","[1, 1, 1, 1, 1, 1, 1, 1, 1, 1, 1, 1, 1, 1, 0, 1, 0, 0, 0, 1, 1, 1, 1, 0, 1, 1, 1, 1, 1, 1, 1, 1, 1, 1, 1, 0, 1, 1, 1, 1, 1, 1, 1, 1, 1, 0, 1, 1, 1, 1, 1, 1, 1, 1, 1, 1, 1, 1, 1, 1, 1, 0, 0, 1, 1, 0, 1, 1, 1, 1]","[0, 0, 0, 0, 0, 0, 0, 0, 0, 0, 0, 0, 0, 0, 1, 0, 1, 1, 1, 0, 0, 0, 0, 1, 0, 0, 0, 0, 0, 0, 0, 0, 0, 0, 0, 1, 0, 0, 0, 0, 0, 0, 0, 0, 0, 1, 0, 0, 0, 0, 0, 0, 0, 0, 0, 0, 0, 0, 0, 0, 0, 1, 1, 0, 0, 1, 0, 0, 0, 0]"
1355,L2_arctic_WAV/SKA_arctic_a0024,"[24, 3, 36, 40, 70, 68, 56, 50, 49, 48, 40, 50, 3, 46, 54, 50, 8, 68, 63, 8, 55, 40, 50, 22, 67, 36, 24, 35, 35, 49, 54, 30, 49, 24, 55, 58, 6, 46, 3, 48, 49, 48, 8, 30, 3, 8, 37, 56]","[24, 3, 36, 40, 70, 68, 56, 50, 49, 37, 40, 50, 58, 70, 54, 66, 8, 68, 63, 8, 55, 40, 66, 22, 67, 36, 24, 35, 35, 49, 54, 30, 49, 24, 55, 58, 6, 70, 58, 37, 49, 37, 8, 30, 3, 8, 37, 56]","[1, 1, 1, 1, 1, 1, 1, 1, 1, 0, 1, 1, 0, 0, 1, 0, 1, 1, 1, 1, 1, 1, 0, 1, 1, 1, 1, 1, 1, 1, 1, 1, 1, 1, 1, 1, 1, 0, 0, 0, 1, 0, 1, 1, 1, 1, 1, 1]","[0, 0, 0, 0, 0, 0, 0, 0, 0, 1, 0, 0, 1, 1, 0, 1, 0, 0, 0, 0, 0, 0, 1, 0, 0, 0, 0, 0, 0, 0, 0, 0, 0, 0, 0, 0, 0, 1, 1, 1, 0, 1, 0, 0, 0, 0, 0, 0]"
1356,L2_arctic_WAV/SKA_arctic_a0025,"[56, 36, 8, 70, 8, 37, 15, 3, 3, 8, 58, 6, 63, 24, 46, 36, 24, 55, 28, 6, 30, 7, 69, 8, 69, 68, 8, 55, 3, 48, 50, 49, 39, 60, 30, 58]","[56, 36, 8, 70, 8, 37, 15, 3, 8, 58, 6, 63, 24, 46, 36, 24, 55, 28, 8, 30, 7, 26, 8, 69, 68, 8, 55, 3, 37, 66, 49, 39, 52, 30, 58]","[1, 1, 1, 1, 1, 1, 1, 0, 1, 1, 1, 1, 1, 1, 1, 1, 1, 1, 1, 0, 1, 1, 0, 1, 1, 1, 1, 1, 1, 0, 0, 1, 1, 0, 1, 1]","[0, 0, 0, 0, 0, 0, 0, 1, 0, 0, 0, 0, 0, 0, 0, 0, 0, 0, 0, 1, 0, 0, 1, 0, 0, 0, 0, 0, 0, 1, 1, 0, 0, 1, 0, 0]"
1357,L2_arctic_WAV/SKA_arctic_a0026,"[24, 3, 8, 28, 7, 58, 3, 6, 68, 49, 63, 64, 3, 63, 52, 50, 36, 31, 58, 67, 64, 39, 3, 6, 37, 49, 64, 55, 8, 28, 15, 55, 3, 24, 10]","[24, 3, 40, 28, 52, 50, 58, 3, 6, 68, 49, 63, 64, 63, 52, 66, 36, 31, 58, 67, 64, 39, 3, 6, 37, 49, 64, 55, 8, 28, 15, 55, 3, 24, 10, 59]","[1, 1, 0, 1, 0, 1, 1, 1, 1, 1, 1, 1, 0, 1, 1, 0, 1, 1, 1, 1, 1, 1, 1, 1, 1, 1, 1, 1, 1, 1, 1, 1, 1, 1, 1]","[0, 0, 1, 0, 1, 0, 0, 0, 0, 0, 0, 0, 1, 0, 0, 1, 0, 0, 0, 0, 0, 0, 0, 0, 0, 0, 0, 0, 0, 0, 0, 0, 0, 0, 0]"
1358,L2_arctic_WAV/SKA_arctic_a0027,"[3, 6, 68, 56, 46, 8, 48, 50, 56, 70, 67, 49, 37, 49, 59, 64, 55, 3, 24, 9, 14, 64, 28, 35, 8, 36, 8, 30, 24, 55, 22, 6, 70, 49, 64, 70, 8, 68, 24, 55, 68, 56, 54, 60, 39, 7]","[3, 6, 68, 56, 46, 8, 48, 50, 56, 70, 67, 49, 37, 49, 59, 64, 55, 3, 24, 9, 40, 64, 28, 35, 8, 36, 8, 30, 24, 55, 22, 29, 6, 70, 64, 46, 8, 68, 24, 55, 68, 56, 54, 52, 39, 7]","[1, 1, 1, 1, 1, 1, 1, 1, 1, 1, 1, 1, 1, 1, 1, 1, 1, 1, 1, 1, 0, 1, 1, 1, 1, 1, 1, 1, 1, 1, 1, 1, 1, 0, 1, 0, 1, 1, 1, 1, 1, 1, 1, 0, 1, 1]","[0, 0, 0, 0, 0, 0, 0, 0, 0, 0, 0, 0, 0, 0, 0, 0, 0, 0, 0, 0, 1, 0, 0, 0, 0, 0, 0, 0, 0, 0, 0, 0, 0, 1, 0, 1, 0, 0, 0, 0, 0, 0, 0, 1, 0, 0]"
1359,L2_arctic_WAV/SKA_arctic_a0028,"[50, 17, 37, 7, 49, 37, 50, 56, 37, 7, 49, 54, 50, 40, 58]","[50, 17, 37, 7, 49, 37, 50, 52, 37, 7, 49, 54, 50, 40, 58]","[1, 1, 1, 1, 1, 1, 1, 0, 1, 1, 1, 1, 1, 1, 1]","[0, 0, 0, 0, 0, 0, 0, 1, 0, 0, 0, 0, 0, 0, 0]"
1360,L2_arctic_WAV/SKA_arctic_a0029,"[63, 52, 50, 54, 40, 50, 46, 24, 70, 36, 7, 40, 50, 52, 58, 49, 68, 6, 39, 24, 10, 24, 55, 3, 6, 63, 8, 55, 40, 50, 22, 28, 8, 55, 3, 50, 49]","[63, 52, 50, 54, 40, 50, 46, 24, 70, 36, 52, 30, 40, 30, 66, 52, 58, 49, 68, 6, 39, 24, 10, 24, 55, 3, 6, 63, 8, 55, 40, 50, 22, 28, 8, 55, 3, 50, 49]","[1, 1, 1, 1, 1, 1, 1, 1, 1, 1, 0, 1, 0, 1, 1, 1, 1, 1, 1, 1, 1, 1, 1, 1, 1, 1, 1, 1, 1, 1, 1, 1, 1, 1, 1, 1, 1]","[0, 0, 0, 0, 0, 0, 0, 0, 0, 0, 1, 0, 1, 0, 0, 0, 0, 0, 0, 0, 0, 0, 0, 0, 0, 0, 0, 0, 0, 0, 0, 0, 0, 0, 0, 0, 0]"
1361,L2_arctic_WAV/SKA_arctic_a0030,"[56, 67, 64, 58, 54, 60, 22, 24, 55, 63, 52, 68]","[56, 67, 64, 58, 54, 60, 22, 24, 55, 63, 52, 68]","[1, 1, 1, 1, 1, 1, 1, 1, 1, 1, 1, 1]","[0, 0, 0, 0, 0, 0, 0, 0, 0, 0, 0, 0]"
1362,L2_arctic_WAV/SKA_arctic_a0031,"[63, 60, 36, 7, 22, 50, 49, 67, 8, 55, 58, 50, 24, 58, 29, 17, 50, 58, 70, 8, 48, 17, 50, 3]","[63, 60, 36, 7, 22, 50, 49, 67, 8, 55, 58, 66, 24, 58, 29, 17, 50, 58, 8, 70, 58, 8, 37, 17, 66, 3]","[1, 1, 1, 1, 1, 1, 1, 1, 1, 1, 1, 0, 1, 1, 1, 1, 1, 1, 1, 1, 0, 1, 0, 1]","[0, 0, 0, 0, 0, 0, 0, 0, 0, 0, 0, 1, 0, 0, 0, 0, 0, 0, 0, 0, 1, 0, 1, 0]"
1363,L2_arctic_WAV/SKA_arctic_a0032,"[46, 24, 55, 46, 63, 52, 55, 46, 8, 68, 68, 24, 46, 3, 24, 50, 49, 8, 46, 54, 40, 50, 46, 67, 64, 70, 37, 24, 55, 54, 56, 3, 24, 10, 8, 46, 64, 3, 52, 39, 50, 49, 46, 3, 52, 48]","[46, 24, 55, 46, 63, 52, 55, 46, 8, 68, 68, 24, 46, 3, 24, 50, 49, 8, 50, 46, 54, 40, 50, 46, 67, 64, 70, 37, 24, 55, 54, 56, 3, 24, 10, 59, 8, 46, 64, 3, 52, 39, 50, 49, 46, 3, 52, 48]","[1, 1, 1, 1, 1, 1, 1, 1, 1, 1, 1, 1, 1, 1, 1, 1, 1, 1, 1, 1, 1, 1, 1, 1, 1, 1, 1, 1, 1, 1, 1, 1, 1, 1, 1, 1, 1, 1, 1, 1, 1, 1, 1, 1, 1, 1]","[0, 0, 0, 0, 0, 0, 0, 0, 0, 0, 0, 0, 0, 0, 0, 0, 0, 0, 0, 0, 0, 0, 0, 0, 0, 0, 0, 0, 0, 0, 0, 0, 0, 0, 0, 0, 0, 0, 0, 0, 0, 0, 0, 0, 0, 0]"
1364,L2_arctic_WAV/SKA_arctic_a0036,"[9, 49, 3, 7, 55, 58, 24, 55, 64, 3, 63, 8, 67, 14, 3, 52, 30]","[9, 49, 3, 7, 55, 52, 58, 24, 55, 64, 63, 8, 67, 40, 3, 52, 30]","[1, 1, 1, 1, 1, 1, 1, 1, 1, 0, 1, 1, 1, 0, 1, 1, 1]","[0, 0, 0, 0, 0, 0, 0, 0, 0, 1, 0, 0, 0, 1, 0, 0, 0]"
1365,L2_arctic_WAV/SKA_arctic_a0037,"[56, 36, 40, 70, 63, 8, 14, 55, 30, 49, 36, 8, 55, 67, 6, 50, 49, 68, 60, 55, 58, 46, 24, 3, 24, 10]","[56, 40, 30, 36, 52, 70, 63, 8, 40, 55, 30, 49, 36, 8, 55, 67, 6, 66, 49, 68, 56, 55, 58, 52, 46, 24, 3, 24, 10, 59]","[1, 1, 0, 1, 1, 1, 0, 1, 1, 1, 1, 1, 1, 1, 1, 0, 1, 1, 0, 1, 1, 1, 1, 1, 1, 1]","[0, 0, 1, 0, 0, 0, 1, 0, 0, 0, 0, 0, 0, 0, 0, 1, 0, 0, 1, 0, 0, 0, 0, 0, 0, 0]"
1366,L2_arctic_WAV/SKA_arctic_a0038,"[36, 24, 30, 67, 64, 39, 3, 6, 36, 40, 35, 15, 7, 35, 64, 55, 46, 24, 70]","[36, 24, 30, 67, 64, 39, 3, 6, 36, 40, 35, 15, 7, 35, 17, 55, 46, 24, 46]","[1, 1, 1, 1, 1, 1, 1, 1, 1, 1, 1, 1, 1, 1, 0, 1, 1, 1, 0]","[0, 0, 0, 0, 0, 0, 0, 0, 0, 0, 0, 0, 0, 0, 1, 0, 0, 0, 1]"
1367,L2_arctic_WAV/SKA_arctic_a0039,"[63, 8, 9, 24, 48, 9, 31, 58, 37, 49, 24, 55, 36, 24, 63, 24, 55, 8, 36, 49, 28, 40, 50, 3, 52, 55, 58, 60, 70]","[63, 8, 9, 24, 48, 9, 31, 58, 37, 49, 24, 55, 36, 24, 63, 24, 55, 8, 36, 49, 28, 40, 66, 3, 52, 55, 58, 60, 70]","[1, 1, 1, 1, 1, 1, 1, 1, 1, 1, 1, 1, 1, 1, 1, 1, 1, 1, 1, 1, 1, 1, 0, 1, 1, 1, 1, 1, 1]","[0, 0, 0, 0, 0, 0, 0, 0, 0, 0, 0, 0, 0, 0, 0, 0, 0, 0, 0, 0, 0, 0, 1, 0, 0, 0, 0, 0, 0]"
1368,L2_arctic_WAV/SKA_arctic_a0040,"[56, 46, 8, 48, 14, 70, 29, 6, 36, 8, 55, 58, 7, 36, 56, 9, 49, 24, 70, 28, 8, 68, 24, 10, 8, 48, 67, 49, 50]","[56, 46, 8, 37, 40, 70, 29, 6, 36, 8, 55, 58, 7, 36, 56, 9, 49, 24, 70, 28, 8, 68, 24, 10, 59, 8, 48, 67, 49, 50]","[1, 1, 1, 0, 0, 1, 1, 1, 1, 1, 1, 1, 1, 1, 1, 1, 1, 1, 1, 1, 1, 1, 1, 1, 1, 1, 1, 1, 1]","[0, 0, 0, 1, 1, 0, 0, 0, 0, 0, 0, 0, 0, 0, 0, 0, 0, 0, 0, 0, 0, 0, 0, 0, 0, 0, 0, 0, 0]"
1369,L2_arctic_WAV/SKA_arctic_a0041,"[68, 49, 55, 36, 56, 30, 56, 30, 59, 14, 15, 3, 3, 6, 37, 50, 49, 63, 8, 46, 48, 52, 30]","[68, 49, 55, 36, 56, 30, 56, 30, 59, 40, 15, 3, 6, 37, 50, 49, 22, 8, 46, 48, 52, 30]","[1, 1, 1, 1, 1, 1, 1, 1, 1, 0, 1, 0, 1, 1, 1, 1, 1, 0, 1, 1, 1, 1, 1]","[0, 0, 0, 0, 0, 0, 0, 0, 0, 1, 0, 1, 0, 0, 0, 0, 0, 1, 0, 0, 0, 0, 0]"
1370,L2_arctic_WAV/SKA_arctic_a0042,"[67, 15, 28, 31, 58, 67, 49, 24, 28, 46, 48, 30, 60, 55, 67, 24, 70, 48, 8, 70, 52, 9, 8, 55, 8, 39, 63, 8, 46, 28, 52, 35]","[67, 15, 28, 31, 58, 67, 49, 24, 28, 46, 8, 37, 30, 52, 55, 67, 24, 70, 37, 40, 70, 52, 9, 8, 55, 40, 39, 63, 8, 46, 3, 52, 35]","[1, 1, 1, 1, 1, 1, 1, 1, 1, 1, 0, 1, 0, 1, 1, 1, 1, 0, 0, 1, 1, 1, 1, 1, 0, 1, 1, 1, 1, 0, 1, 1]","[0, 0, 0, 0, 0, 0, 0, 0, 0, 0, 1, 0, 1, 0, 0, 0, 0, 1, 1, 0, 0, 0, 0, 0, 1, 0, 0, 0, 0, 1, 0, 0]"
1371,L2_arctic_WAV/SKA_arctic_a0045,"[67, 49, 68, 6, 39, 58, 8, 36, 60, 64, 70, 28, 36, 56, 8, 3, 30, 49, 64, 70, 67, 49, 67, 64, 58, 28, 8, 68]","[67, 49, 68, 6, 39, 58, 8, 36, 60, 64, 70, 28, 36, 56, 8, 3, 30, 49, 64, 70, 67, 49, 67, 64, 58, 28, 8, 68]","[1, 1, 1, 1, 1, 1, 1, 1, 1, 1, 1, 1, 1, 1, 1, 1, 1, 1, 1, 1, 1, 1, 1, 1, 1, 1, 1, 1]","[0, 0, 0, 0, 0, 0, 0, 0, 0, 0, 0, 0, 0, 0, 0, 0, 0, 0, 0, 0, 0, 0, 0, 0, 0, 0, 0, 0]"
1372,L2_arctic_WAV/SKA_arctic_a0046,"[63, 8, 59, 7, 30, 54, 60, 46, 3, 67, 24, 68, 67, 7, 56, 70, 9, 56, 55, 24, 10, 36, 24, 22, 46, 8, 58, 8, 55, 54, 24, 50]","[63, 8, 59, 7, 30, 54, 60, 70, 58, 67, 24, 68, 67, 7, 56, 70, 9, 56, 55, 24, 10, 59, 36, 24, 22, 9, 46, 8, 58, 8, 55, 54, 24, 66]","[1, 1, 1, 1, 1, 1, 1, 0, 0, 1, 1, 1, 1, 1, 1, 1, 1, 1, 1, 1, 1, 1, 1, 1, 1, 1, 1, 1, 1, 1, 1, 0]","[0, 0, 0, 0, 0, 0, 0, 1, 1, 0, 0, 0, 0, 0, 0, 0, 0, 0, 0, 0, 0, 0, 0, 0, 0, 0, 0, 0, 0, 0, 0, 1]"
1373,L2_arctic_WAV/SKA_arctic_a0047,"[28, 30, 14, 70, 37, 49, 46, 56, 58, 67, 24, 68, 59, 30, 49, 68, 58, 63, 8, 36, 56, 3, 54, 64, 10, 70, 8, 39, 63, 8, 36, 31, 30, 54, 58, 40, 59]","[28, 30, 40, 70, 37, 49, 46, 56, 58, 67, 24, 68, 59, 30, 52, 68, 58, 63, 8, 36, 56, 3, 54, 64, 10, 70, 8, 39, 63, 8, 36, 31, 30, 54, 52, 58, 40, 59]","[1, 1, 0, 1, 1, 1, 1, 1, 1, 1, 1, 1, 1, 1, 0, 1, 1, 1, 1, 1, 1, 1, 1, 1, 1, 1, 1, 1, 1, 1, 1, 1, 1, 1, 1, 1, 1]","[0, 0, 1, 0, 0, 0, 0, 0, 0, 0, 0, 0, 0, 0, 1, 0, 0, 0, 0, 0, 0, 0, 0, 0, 0, 0, 0, 0, 0, 0, 0, 0, 0, 0, 0, 0, 0]"
1374,L2_arctic_WAV/SKA_arctic_a0048,"[67, 49, 30, 31, 28, 3, 64, 3, 63, 8, 67, 64, 10, 28, 7, 35, 49, 54, 68, 40, 50, 28, 30, 14, 46, 30, 49]","[67, 49, 30, 31, 59, 58, 64, 63, 8, 67, 64, 10, 28, 7, 35, 49, 54, 68, 40, 66, 28, 30, 40, 70, 30, 49]","[1, 1, 1, 1, 0, 0, 1, 0, 1, 1, 1, 1, 1, 1, 1, 1, 1, 1, 1, 1, 0, 1, 1, 0, 0, 1, 1]","[0, 0, 0, 0, 1, 1, 0, 1, 0, 0, 0, 0, 0, 0, 0, 0, 0, 0, 0, 0, 1, 0, 0, 1, 1, 0, 0]"
1375,L2_arctic_WAV/SKA_arctic_a0051,"[63, 8, 30, 60, 46, 36, 40, 70, 8, 39, 8, 58, 52, 30, 8, 28, 8, 3, 56, 39, 7, 49, 28, 8, 30, 7, 54, 60, 55, 3, 30, 49, 3, 24, 55, 3, 24, 58, 36, 24, 22, 29, 52, 30, 14]","[63, 8, 30, 60, 46, 36, 40, 70, 8, 39, 8, 58, 52, 30, 8, 28, 8, 3, 56, 39, 66, 49, 28, 8, 30, 7, 54, 52, 3, 30, 49, 52, 55, 3, 60, 55, 58, 24, 58, 36, 24, 22, 29, 52, 30, 14]","[1, 1, 1, 1, 1, 1, 1, 1, 1, 1, 1, 1, 1, 1, 1, 1, 1, 1, 1, 1, 0, 1, 1, 1, 1, 1, 1, 0, 0, 1, 1, 1, 1, 0, 1, 0, 1, 1, 1, 1, 1, 1, 1, 1, 1]","[0, 0, 0, 0, 0, 0, 0, 0, 0, 0, 0, 0, 0, 0, 0, 0, 0, 0, 0, 0, 1, 0, 0, 0, 0, 0, 0, 1, 1, 0, 0, 0, 0, 1, 0, 1, 0, 0, 0, 0, 0, 0, 0, 0, 0]"
1376,L2_arctic_WAV/SKA_arctic_a0052,"[24, 3, 36, 8, 70, 8, 28, 29, 31, 50, 49, 8, 46, 28, 14, 24, 55, 46, 24, 58, 8, 55, 46]","[24, 3, 36, 8, 70, 8, 28, 29, 8, 66, 49, 8, 46, 28, 40, 55, 46, 24, 58, 8, 55, 46]","[1, 1, 1, 1, 1, 1, 1, 1, 0, 0, 1, 1, 1, 1, 0, 0, 1, 1, 1, 1, 1, 1, 1]","[0, 0, 0, 0, 0, 0, 0, 0, 1, 1, 0, 0, 0, 0, 1, 1, 0, 0, 0, 0, 0, 0, 0]"
1377,L2_arctic_WAV/SKA_arctic_a0053,"[46, 8, 58, 8, 55, 30, 49, 67, 24, 70, 54, 24, 10, 59, 7, 70, 28, 30, 14, 70, 58, 3, 56, 3, 30, 49, 14, 39, 7, 63, 8, 67, 64, 10, 28, 7, 35, 49, 54]","[46, 8, 58, 8, 55, 30, 49, 67, 24, 70, 54, 24, 10, 59, 7, 70, 28, 30, 40, 70, 8, 3, 56, 3, 30, 49, 40, 39, 7, 63, 8, 67, 64, 10, 59, 7, 35, 49, 54]","[1, 1, 1, 1, 1, 1, 1, 1, 1, 1, 1, 1, 1, 1, 1, 1, 1, 1, 0, 1, 0, 1, 1, 1, 1, 1, 0, 1, 1, 1, 1, 1, 1, 1, 0, 1, 1, 1, 1]","[0, 0, 0, 0, 0, 0, 0, 0, 0, 0, 0, 0, 0, 0, 0, 0, 0, 0, 1, 0, 1, 0, 0, 0, 0, 0, 1, 0, 0, 0, 0, 0, 0, 0, 1, 0, 0, 0, 0]"
1378,L2_arctic_WAV/SKA_arctic_a0054,"[63, 52, 50, 36, 40, 70, 55, 8, 22, 24, 10, 40, 55, 63, 8, 50, 17, 28]","[63, 52, 66, 36, 40, 70, 55, 8, 22, 24, 10, 59, 40, 55, 63, 8, 66, 17, 28]","[1, 1, 0, 1, 1, 1, 1, 1, 1, 1, 1, 1, 1, 1, 1, 0, 1, 1]","[0, 0, 1, 0, 0, 0, 0, 0, 0, 0, 0, 0, 0, 0, 0, 1, 0, 0]"
1379,L2_arctic_WAV/SKA_arctic_a0058,"[56, 28, 60, 68, 54, 40, 50, 24, 55, 54, 40, 50, 68, 60, 9, 8, 55, 68, 40, 50, 15, 3, 8, 39, 28, 29, 31, 50, 49, 17, 46, 8, 3, 49, 63, 64, 55, 52, 55, 49, 22, 24, 10, 52, 30, 46]","[56, 28, 52, 68, 54, 40, 50, 24, 55, 54, 40, 50, 68, 60, 9, 8, 55, 68, 40, 66, 15, 3, 8, 39, 28, 29, 31, 50, 49, 17, 70, 8, 3, 49, 63, 64, 55, 52, 55, 49, 22, 24, 10, 59, 52, 30, 46]","[1, 1, 0, 1, 1, 1, 1, 1, 1, 1, 1, 1, 1, 1, 1, 1, 1, 1, 1, 0, 1, 1, 1, 1, 1, 1, 1, 1, 1, 1, 0, 1, 1, 1, 1, 1, 1, 1, 1, 1, 1, 1, 1, 1, 1, 1]","[0, 0, 1, 0, 0, 0, 0, 0, 0, 0, 0, 0, 0, 0, 0, 0, 0, 0, 0, 1, 0, 0, 0, 0, 0, 0, 0, 0, 0, 0, 1, 0, 0, 0, 0, 0, 0, 0, 0, 0, 0, 0, 0, 0, 0, 0]"
1380,L2_arctic_WAV/SKA_arctic_a0059,"[67, 24, 70, 24, 68, 64, 28, 29, 6, 30, 24, 3, 8, 48, 24, 50, 8, 55, 46, 36, 40, 70, 59, 40, 55]","[67, 24, 70, 24, 68, 24, 28, 6, 30, 60, 3, 8, 48, 24, 50, 8, 55, 46, 36, 40, 70, 59, 40, 55]","[1, 1, 1, 1, 1, 0, 1, 0, 1, 1, 0, 1, 1, 1, 1, 1, 1, 1, 1, 1, 1, 1, 1, 1, 1]","[0, 0, 0, 0, 0, 1, 0, 1, 0, 0, 1, 0, 0, 0, 0, 0, 0, 0, 0, 0, 0, 0, 0, 0, 0]"
1381,L2_arctic_WAV/SKA_arctic_a0060,"[52, 55, 49, 36, 60, 55, 14, 36, 8, 55, 46, 40, 67, 7, 30, 56, 28, 63, 64, 3]","[52, 55, 49, 36, 60, 55, 40, 36, 8, 55, 46, 40, 67, 7, 30, 56, 63, 64, 3]","[1, 1, 1, 1, 1, 1, 0, 1, 1, 1, 1, 1, 1, 1, 1, 1, 0, 1, 1, 1]","[0, 0, 0, 0, 0, 0, 1, 0, 0, 0, 0, 0, 0, 0, 0, 0, 1, 0, 0, 0]"
1382,L2_arctic_WAV/SKA_arctic_a0062,"[63, 8, 68, 52, 55, 46, 3, 52, 50, 58, 24, 55, 3, 6, 49, 35, 8, 63, 7, 70, 54, 60, 46]","[63, 8, 68, 52, 55, 46, 3, 17, 50, 3, 8, 58, 24, 55, 3, 6, 49, 35, 8, 63, 7, 70, 54, 60, 46]","[1, 1, 1, 1, 1, 1, 1, 0, 1, 1, 1, 1, 1, 1, 1, 1, 1, 1, 1, 1, 1, 1, 1]","[0, 0, 0, 0, 0, 0, 0, 1, 0, 0, 0, 0, 0, 0, 0, 0, 0, 0, 0, 0, 0, 0, 0]"
1383,L2_arctic_WAV/SKA_arctic_a0063,"[29, 52, 46, 24, 3, 36, 8, 70, 8, 68, 64, 55, 67, 6, 64, 46, 28, 3, 8, 46, 3, 50, 60, 55, 69, 7]","[29, 52, 46, 24, 3, 36, 8, 70, 8, 68, 64, 55, 67, 6, 17, 46, 28, 52, 58, 8, 46, 3, 66, 52, 55, 69, 7]","[1, 1, 1, 1, 1, 1, 1, 1, 1, 1, 1, 1, 1, 1, 0, 1, 1, 0, 1, 1, 1, 0, 0, 1, 1, 1]","[0, 0, 0, 0, 0, 0, 0, 0, 0, 0, 0, 0, 0, 0, 1, 0, 0, 1, 0, 0, 0, 1, 1, 0, 0, 0]"
1384,L2_arctic_WAV/SKA_arctic_a0064,"[63, 8, 54, 40, 50, 22, 64, 55, 58, 54, 24, 22, 58, 60, 70, 48, 64, 46, 3, 36, 24, 63, 15, 3, 52, 55, 49, 58, 24, 39, 52, 30, 8, 48, 68, 8, 55, 3, 46]","[63, 8, 54, 40, 50, 22, 64, 55, 58, 54, 24, 22, 58, 60, 70, 48, 64, 70, 58, 36, 24, 63, 15, 3, 52, 55, 49, 58, 24, 39, 52, 30, 8, 48, 68, 8, 55, 3, 46]","[1, 1, 1, 1, 1, 1, 1, 1, 1, 1, 1, 1, 1, 1, 1, 1, 1, 0, 0, 1, 1, 1, 1, 1, 1, 1, 1, 1, 1, 1, 1, 1, 1, 1, 1, 1, 1, 1, 1]","[0, 0, 0, 0, 0, 0, 0, 0, 0, 0, 0, 0, 0, 0, 0, 0, 0, 1, 1, 0, 0, 0, 0, 0, 0, 0, 0, 0, 0, 0, 0, 0, 0, 0, 0, 0, 0, 0, 0]"
1385,L2_arctic_WAV/SKA_arctic_a0065,"[63, 60, 28, 30, 14, 70, 58, 55, 15, 8, 55, 3, 24, 30, 67, 24, 70, 54, 24, 10, 59, 7, 70, 36, 7, 30, 56, 28, 28, 40, 50, 58, 70, 8, 39, 46, 3, 49, 30]","[63, 60, 28, 30, 40, 70, 55, 15, 8, 55, 3, 24, 30, 67, 24, 70, 54, 24, 10, 59, 7, 70, 36, 7, 30, 56, 28, 40, 50, 58, 8, 70, 8, 39, 46, 3, 49, 30]","[1, 1, 1, 1, 0, 1, 0, 1, 1, 1, 1, 1, 1, 1, 1, 1, 1, 1, 1, 1, 1, 1, 1, 1, 1, 1, 1, 0, 1, 1, 1, 1, 1, 1, 1, 1, 1, 1, 1]","[0, 0, 0, 0, 1, 0, 1, 0, 0, 0, 0, 0, 0, 0, 0, 0, 0, 0, 0, 0, 0, 0, 0, 0, 0, 0, 0, 1, 0, 0, 0, 0, 0, 0, 0, 0, 0, 0, 0]"
1386,L2_arctic_WAV/SKA_arctic_a0067,"[9, 31, 50, 30, 49, 56, 36, 24, 30, 24, 28, 46, 28, 29, 6, 70, 29, 6, 9, 49, 28, 50, 56, 58]","[9, 31, 50, 30, 49, 56, 36, 24, 30, 24, 28, 46, 28, 29, 6, 70, 29, 6, 9, 49, 28, 50, 56, 58]","[1, 1, 1, 1, 1, 1, 1, 1, 1, 1, 1, 1, 1, 1, 1, 1, 1, 1, 1, 1, 1, 1, 1, 1]","[0, 0, 0, 0, 0, 0, 0, 0, 0, 0, 0, 0, 0, 0, 0, 0, 0, 0, 0, 0, 0, 0, 0, 0]"
1387,L2_arctic_WAV/SKA_arctic_a0071,"[67, 36, 8, 3, 36, 8, 70, 63, 8, 17, 37, 69, 52, 28, 3, 8, 39, 29, 31, 50, 30, 24, 3, 8, 30, 46, 52, 55, 46, 60, 9, 8, 55]","[67, 36, 8, 3, 36, 8, 70, 63, 8, 17, 37, 69, 52, 28, 3, 8, 39, 29, 31, 50, 30, 24, 3, 8, 30, 46, 52, 55, 46, 60, 9, 8, 55]","[1, 1, 1, 1, 1, 1, 1, 1, 1, 1, 1, 1, 1, 1, 1, 1, 1, 1, 1, 1, 1, 1, 1, 1, 1, 1, 1, 1, 1, 1, 1, 1, 1]","[0, 0, 0, 0, 0, 0, 0, 0, 0, 0, 0, 0, 0, 0, 0, 0, 0, 0, 0, 0, 0, 0, 0, 0, 0, 0, 0, 0, 0, 0, 0, 0, 0]"
1388,L2_arctic_WAV/SKA_arctic_a0073,"[63, 8, 48, 50, 8, 68, 14, 3, 7, 70, 56, 70, 36, 7, 67, 52, 39, 49, 36, 24, 22, 30, 24, 3, 8, 30, 48, 8, 54, 49, 37, 64, 59, 70, 8, 55, 58, 7, 63, 52, 68]","[63, 8, 37, 66, 40, 68, 40, 3, 7, 46, 56, 70, 36, 7, 67, 52, 39, 49, 36, 24, 22, 30, 24, 3, 8, 30, 37, 8, 54, 49, 37, 64, 59, 70, 8, 55, 58, 7, 70, 52, 68]","[1, 1, 0, 0, 0, 1, 0, 1, 1, 0, 1, 1, 1, 1, 1, 1, 1, 1, 1, 1, 1, 1, 1, 1, 1, 1, 0, 1, 1, 1, 1, 1, 1, 1, 1, 1, 1, 1, 0, 1, 1]","[0, 0, 1, 1, 1, 0, 1, 0, 0, 1, 0, 0, 0, 0, 0, 0, 0, 0, 0, 0, 0, 0, 0, 0, 0, 0, 1, 0, 0, 0, 0, 0, 0, 0, 0, 0, 0, 0, 1, 0, 0]"
1389,L2_arctic_WAV/SKA_arctic_a0075,"[63, 52, 50, 67, 64, 70, 37, 24, 55, 8, 35, 60, 55, 69, 9, 49, 24, 55, 3, 7, 8, 48, 3, 24, 58, 67, 24, 68]","[63, 52, 50, 67, 64, 70, 37, 24, 55, 8, 35, 52, 55, 69, 9, 49, 24, 55, 3, 7, 8, 48, 3, 24, 58, 67, 24, 68]","[1, 1, 1, 1, 1, 1, 1, 1, 1, 1, 1, 0, 1, 1, 1, 1, 1, 1, 1, 1, 1, 1, 1, 1, 1, 1, 1, 1]","[0, 0, 0, 0, 0, 0, 0, 0, 0, 0, 0, 1, 0, 0, 0, 0, 0, 0, 0, 0, 0, 0, 0, 0, 0, 0, 0, 0]"
1390,L2_arctic_WAV/SKA_arctic_a0076,"[63, 8, 59, 50, 60, 56, 70, 54, 17, 30, 3, 7, 58, 63, 8, 54, 30, 8, 9, 58, 49, 48, 8, 55, 58]","[63, 8, 59, 66, 60, 56, 70, 54, 17, 30, 3, 7, 58, 63, 8, 54, 30, 64, 9, 58, 49, 48, 8, 55, 58]","[1, 1, 1, 0, 1, 1, 1, 1, 1, 1, 1, 1, 1, 1, 1, 1, 1, 0, 1, 1, 1, 1, 1, 1, 1]","[0, 0, 0, 1, 0, 0, 0, 0, 0, 0, 0, 0, 0, 0, 0, 0, 0, 1, 0, 0, 0, 0, 0, 0, 0]"
1391,L2_arctic_WAV/SKA_arctic_a0077,"[24, 3, 24, 70, 63, 8, 54, 56, 7, 48, 17, 50, 3, 30, 49, 9, 49, 46, 52, 58]","[24, 3, 24, 70, 63, 8, 54, 56, 7, 48, 17, 66, 3, 30, 49, 9, 49, 46, 52, 58]","[1, 1, 1, 1, 1, 1, 1, 1, 1, 1, 1, 0, 1, 1, 1, 1, 1, 1, 1, 1]","[0, 0, 0, 0, 0, 0, 0, 0, 0, 0, 0, 1, 0, 0, 0, 0, 0, 0, 0, 0]"
1392,L2_arctic_WAV/SKA_arctic_a0078,"[63, 52, 55, 64, 55, 58, 64, 3, 46, 8, 48, 7, 67, 49, 3, 50, 56, 58, 3, 8, 54, 64, 63, 8, 68, 67, 8, 50]","[70, 52, 55, 64, 55, 58, 64, 3, 46, 8, 37, 8, 67, 49, 3, 50, 56, 58, 3, 8, 54, 8, 70, 8, 68, 67, 52, 50]","[0, 1, 1, 1, 1, 1, 1, 1, 1, 1, 0, 0, 1, 1, 1, 1, 1, 1, 1, 1, 1, 0, 0, 1, 1, 1, 0, 1]","[1, 0, 0, 0, 0, 0, 0, 0, 0, 0, 1, 1, 0, 0, 0, 0, 0, 0, 0, 0, 0, 1, 1, 0, 0, 0, 1, 0]"
1393,L2_arctic_WAV/SKA_arctic_a0079,"[24, 3, 36, 8, 70, 8, 30, 17, 50, 69, 28, 8, 55, 6]","[24, 3, 36, 8, 70, 8, 30, 17, 26, 28, 40, 55, 8]","[1, 1, 1, 1, 1, 1, 1, 1, 0, 0, 1, 0, 1, 0]","[0, 0, 0, 0, 0, 0, 0, 0, 1, 1, 0, 1, 0, 1]"
1394,L2_arctic_WAV/SKA_arctic_a0081,"[67, 36, 8, 3, 24, 54, 9, 49, 58, 24, 58, 55, 17, 3, 28, 8, 68, 3, 6, 63, 8, 50, 17, 28]","[67, 36, 17, 3, 24, 54, 9, 49, 58, 24, 58, 55, 40, 3, 28, 8, 68, 3, 6, 70, 8, 66, 17, 28]","[1, 1, 0, 1, 1, 1, 1, 1, 1, 1, 1, 1, 0, 1, 1, 1, 1, 1, 1, 0, 1, 0, 1, 1]","[0, 0, 1, 0, 0, 0, 0, 0, 0, 0, 0, 0, 1, 0, 0, 0, 0, 0, 0, 1, 0, 1, 0, 0]"
1395,L2_arctic_WAV/SKA_arctic_a0082,"[67, 24, 70, 54, 60, 46, 36, 40, 70, 46, 3, 50, 49, 68, 24, 10, 36, 24, 22, 37, 30, 8, 58]","[67, 24, 70, 54, 60, 46, 36, 14, 70, 8, 46, 3, 66, 49, 68, 24, 10, 36, 24, 70, 37, 30, 17, 58]","[1, 1, 1, 1, 1, 1, 1, 0, 1, 1, 1, 0, 1, 1, 1, 1, 1, 1, 0, 1, 1, 0, 1]","[0, 0, 0, 0, 0, 0, 0, 1, 0, 0, 0, 1, 0, 0, 0, 0, 0, 0, 1, 0, 0, 1, 0]"
1396,L2_arctic_WAV/SKA_arctic_a0085,"[8, 3, 50, 24, 28, 8, 30, 8, 39, 54, 50, 52, 9, 37, 30, 8, 58, 50, 64, 55, 14, 39, 8, 50, 67, 24, 70, 54, 60, 46]","[8, 3, 66, 24, 28, 8, 30, 8, 39, 54, 50, 60, 9, 37, 30, 8, 58, 50, 17, 55, 14, 39, 8, 66, 67, 24, 70, 54, 60, 46]","[1, 1, 0, 1, 1, 1, 1, 1, 1, 1, 1, 0, 1, 1, 1, 1, 1, 1, 0, 1, 1, 1, 1, 0, 1, 1, 1, 1, 1, 1]","[0, 0, 1, 0, 0, 0, 0, 0, 0, 0, 0, 1, 0, 0, 0, 0, 0, 0, 1, 0, 0, 0, 0, 1, 0, 0, 0, 0, 0, 0]"
1397,L2_arctic_WAV/SKA_arctic_a0086,"[58, 52, 22, 67, 64, 58, 28, 8, 68, 36, 24, 22, 3, 52, 50, 8, 37, 8, 30, 46, 8, 58, 8, 55, 55, 8, 46]","[58, 24, 46, 67, 64, 58, 28, 8, 68, 36, 24, 46, 3, 8, 66, 8, 37, 8, 30, 46, 17, 58, 8, 55, 55, 8, 46]","[1, 0, 0, 1, 1, 1, 1, 1, 1, 1, 1, 0, 1, 0, 0, 1, 1, 1, 1, 1, 0, 1, 1, 1, 1, 1, 1]","[0, 1, 1, 0, 0, 0, 0, 0, 0, 0, 0, 1, 0, 1, 1, 0, 0, 0, 0, 0, 1, 0, 0, 0, 0, 0, 0]"
1398,L2_arctic_WAV/SKA_arctic_a0088,"[67, 49, 68, 60, 58, 9, 31, 50, 63, 64, 3, 63, 8, 68, 64, 59, 8, 70, 49, 55, 36, 40, 70, 30, 14, 58, 24, 58, 64, 55, 58, 50, 49, 70, 6, 68, 58, 67, 24, 70, 48, 64, 58, 8, 30, 24, 10]","[67, 49, 68, 60, 58, 9, 31, 61, 63, 64, 3, 63, 8, 68, 64, 59, 8, 70, 49, 55, 36, 40, 70, 30, 14, 58, 24, 58, 64, 55, 58, 66, 49, 46, 6, 68, 58, 67, 52, 70, 37, 17, 58, 8, 30, 24, 10, 59]","[1, 1, 1, 1, 1, 1, 1, 0, 1, 1, 1, 1, 1, 1, 1, 1, 1, 1, 1, 1, 1, 1, 1, 1, 1, 1, 1, 1, 1, 1, 1, 0, 1, 0, 1, 1, 1, 1, 0, 1, 0, 0, 1, 1, 1, 1, 1]","[0, 0, 0, 0, 0, 0, 0, 1, 0, 0, 0, 0, 0, 0, 0, 0, 0, 0, 0, 0, 0, 0, 0, 0, 0, 0, 0, 0, 0, 0, 0, 1, 0, 1, 0, 0, 0, 0, 1, 0, 1, 1, 0, 0, 0, 0, 0]"
1399,L2_arctic_WAV/SKA_arctic_a0089,"[63, 8, 55, 56, 3, 59, 30, 14, 36, 8, 70, 3, 50, 52, 35, 8, 50, 8, 46, 3, 6, 9, 6, 3, 37, 56]","[70, 8, 55, 56, 3, 59, 30, 14, 36, 8, 70, 3, 66, 52, 35, 8, 66, 8, 46, 3, 6, 9, 31, 3, 37, 56]","[0, 1, 1, 1, 1, 1, 1, 1, 1, 1, 1, 1, 0, 1, 1, 1, 0, 1, 1, 1, 1, 1, 0, 1, 1, 1]","[1, 0, 0, 0, 0, 0, 0, 0, 0, 0, 0, 0, 1, 0, 0, 0, 1, 0, 0, 0, 0, 0, 1, 0, 0, 0]"
1400,L2_arctic_WAV/SKA_arctic_a0090,"[63, 8, 46, 24, 10, 24, 10, 39, 57, 46, 8, 48, 50, 14, 35, 3, 50, 64, 48, 8, 58, 30, 49]","[46, 8, 46, 24, 10, 24, 10, 59, 8, 39, 57, 46, 8, 48, 66, 14, 26, 3, 66, 17, 37, 8, 58, 30, 49]","[0, 1, 1, 1, 1, 1, 1, 1, 1, 1, 1, 1, 0, 1, 0, 1, 0, 0, 0, 1, 1, 1, 1]","[1, 0, 0, 0, 0, 0, 0, 0, 0, 0, 0, 0, 1, 0, 1, 0, 1, 1, 1, 0, 0, 0, 0]"
1401,L2_arctic_WAV/SKA_arctic_a0091,"[67, 24, 70, 37, 30, 8, 58, 59, 50, 6, 67, 17, 3, 36, 24, 22, 50, 60, 69, 64, 3, 63, 8, 22, 40, 3]","[67, 24, 70, 37, 30, 17, 58, 59, 66, 14, 67, 40, 3, 36, 24, 70, 66, 60, 69, 64, 3, 63, 8, 46, 14, 3]","[1, 1, 1, 1, 1, 0, 1, 1, 0, 0, 1, 0, 1, 1, 1, 0, 0, 1, 1, 1, 1, 1, 1, 0, 0, 1]","[0, 0, 0, 0, 0, 1, 0, 0, 1, 1, 0, 1, 0, 0, 0, 1, 1, 0, 0, 0, 0, 0, 0, 1, 1, 0]"
1402,L2_arctic_WAV/SKA_arctic_a0092,"[67, 49, 36, 52, 55, 3, 58, 15, 55, 24, 55, 68, 24, 58, 46, 3, 50, 49, 68, 46, 8, 50, 35, 24, 10, 63, 8, 9, 64, 58, 14, 70, 8, 39, 37, 14, 22, 9, 40, 50, 70]","[67, 49, 36, 52, 55, 3, 8, 58, 15, 55, 24, 55, 68, 24, 58, 24, 46, 3, 50, 49, 68, 46, 52, 35, 24, 10, 59, 70, 8, 9, 64, 58, 14, 70, 40, 39, 37, 14, 46, 9, 40, 50, 46]","[1, 1, 1, 1, 1, 1, 1, 1, 1, 1, 1, 1, 1, 1, 1, 1, 1, 1, 1, 1, 0, 0, 1, 1, 1, 0, 1, 1, 1, 1, 1, 1, 0, 1, 1, 1, 0, 1, 1, 1, 0]","[0, 0, 0, 0, 0, 0, 0, 0, 0, 0, 0, 0, 0, 0, 0, 0, 0, 0, 0, 0, 1, 1, 0, 0, 0, 1, 0, 0, 0, 0, 0, 0, 1, 0, 0, 0, 1, 0, 0, 0, 1]"
1403,L2_arctic_WAV/SKA_arctic_a0093,"[54, 40, 50, 8, 54, 31, 30, 68, 24, 55, 8, 3, 67, 49, 28, 50, 15, 35, 3, 64, 55, 58, 30, 24, 46, 8, 55, 58]","[54, 40, 66, 8, 54, 31, 30, 68, 24, 55, 8, 3, 67, 49, 28, 50, 15, 26, 3, 64, 55, 58, 8, 30, 52, 46, 8, 55, 58]","[1, 1, 0, 1, 1, 1, 1, 1, 1, 1, 1, 1, 1, 1, 1, 1, 1, 0, 1, 1, 1, 1, 1, 0, 1, 1, 1, 1]","[0, 0, 1, 0, 0, 0, 0, 0, 0, 0, 0, 0, 0, 0, 0, 0, 0, 1, 0, 0, 0, 0, 0, 1, 0, 0, 0, 0]"
1404,L2_arctic_WAV/SKA_arctic_a0094,"[67, 49, 67, 64, 58, 37, 52, 50, 30, 49, 52, 55, 3, 7, 58, 63, 24, 46, 36, 52, 55, 67, 49, 46, 40, 63, 8, 59, 30, 14, 8, 39, 8, 54, 56, 50]","[67, 49, 67, 64, 58, 37, 8, 50, 30, 49, 52, 55, 3, 8, 58, 8, 63, 24, 46, 36, 52, 55, 67, 49, 46, 40, 70, 8, 59, 30, 14, 8, 39, 8, 54, 56, 61]","[1, 1, 1, 1, 1, 1, 0, 1, 1, 1, 1, 1, 1, 0, 1, 1, 1, 1, 1, 1, 1, 1, 1, 1, 1, 0, 1, 1, 1, 1, 1, 1, 1, 1, 1, 0]","[0, 0, 0, 0, 0, 0, 1, 0, 0, 0, 0, 0, 0, 1, 0, 0, 0, 0, 0, 0, 0, 0, 0, 0, 0, 1, 0, 0, 0, 0, 0, 0, 0, 0, 0, 1]"
1405,L2_arctic_WAV/SKA_arctic_a0095,"[8, 37, 24, 59, 28, 64, 55, 39, 8, 46, 3, 52, 55, 3, 36, 40, 70, 63, 8, 54, 7, 46, 3, 22, 24, 10, 3, 8, 28, 8, 68, 36, 24, 63, 24, 55, 67, 24, 70, 39, 24, 26, 8, 55]","[8, 37, 24, 59, 28, 64, 55, 39, 8, 46, 3, 52, 55, 3, 8, 36, 40, 70, 46, 8, 54, 7, 46, 3, 8, 22, 24, 10, 59, 8, 3, 8, 28, 8, 68, 36, 24, 70, 24, 55, 67, 24, 70, 39, 24, 9, 8, 55]","[1, 1, 1, 1, 1, 1, 1, 1, 1, 1, 1, 1, 1, 1, 1, 1, 1, 0, 1, 1, 1, 1, 1, 1, 1, 1, 1, 1, 1, 1, 1, 1, 1, 0, 1, 1, 1, 1, 1, 1, 1, 0, 1, 1]","[0, 0, 0, 0, 0, 0, 0, 0, 0, 0, 0, 0, 0, 0, 0, 0, 0, 1, 0, 0, 0, 0, 0, 0, 0, 0, 0, 0, 0, 0, 0, 0, 0, 1, 0, 0, 0, 0, 0, 0, 0, 1, 0, 0]"
1406,L2_arctic_WAV/SKA_arctic_a0096,"[48, 8, 67, 64, 48, 46, 9, 49, 67, 64, 58, 40, 50, 52, 58, 49, 68, 52, 3, 67, 8, 50, 54, 60, 3, 8, 30, 24, 3, 8, 30, 58, 49, 48, 7, 24, 55, 63, 8, 54, 40, 50, 8, 46, 3]","[37, 8, 66, 67, 64, 48, 46, 24, 9, 49, 67, 64, 58, 40, 66, 52, 58, 49, 68, 52, 3, 67, 52, 66, 54, 60, 3, 8, 30, 24, 3, 8, 30, 58, 49, 37, 7, 24, 55, 70, 8, 54, 40, 50, 8, 46, 3]","[0, 1, 1, 1, 1, 1, 1, 1, 1, 1, 1, 1, 0, 1, 1, 1, 1, 1, 1, 1, 0, 0, 1, 1, 1, 1, 1, 1, 1, 1, 1, 1, 1, 0, 1, 1, 1, 0, 1, 1, 1, 1, 1, 1, 1]","[1, 0, 0, 0, 0, 0, 0, 0, 0, 0, 0, 0, 1, 0, 0, 0, 0, 0, 0, 0, 1, 1, 0, 0, 0, 0, 0, 0, 0, 0, 0, 0, 0, 1, 0, 0, 0, 1, 0, 0, 0, 0, 0, 0, 0]"
1407,L2_arctic_WAV/SKA_arctic_a0097,"[63, 52, 55, 29, 6, 28, 64, 55, 7, 60, 55, 69, 29, 7, 46, 52, 30, 54, 28, 8, 68, 54, 8, 50, 3, 8, 37, 30, 49, 8, 68, 8, 10, 63, 49, 70, 50, 14, 37, 70, 24, 55, 63, 8, 37, 14]","[63, 52, 55, 29, 6, 28, 64, 55, 7, 60, 55, 26, 24, 29, 7, 46, 52, 30, 54, 28, 40, 68, 54, 40, 50, 3, 8, 37, 30, 49, 8, 68, 8, 55, 59, 8, 70, 49, 70, 66, 14, 37, 46, 24, 55, 63, 8, 37, 14]","[1, 1, 1, 1, 1, 1, 1, 1, 1, 1, 1, 0, 1, 1, 1, 1, 1, 1, 1, 0, 1, 1, 0, 1, 1, 1, 1, 1, 1, 1, 1, 1, 0, 0, 1, 1, 0, 1, 1, 0, 1, 1, 1, 1, 1, 1]","[0, 0, 0, 0, 0, 0, 0, 0, 0, 0, 0, 1, 0, 0, 0, 0, 0, 0, 0, 1, 0, 0, 1, 0, 0, 0, 0, 0, 0, 0, 0, 0, 1, 1, 0, 0, 1, 0, 0, 1, 0, 0, 0, 0, 0, 0]"
1408,L2_arctic_WAV/SKA_arctic_a0098,"[9, 64, 30, 56, 28, 64, 50, 49, 29, 6]","[9, 64, 30, 56, 28, 64, 66, 49, 29, 6]","[1, 1, 1, 1, 1, 1, 0, 1, 1, 1]","[0, 0, 0, 0, 0, 0, 1, 0, 0, 0]"
1409,L2_arctic_WAV/SKA_arctic_a0099,"[8, 68, 64, 58, 8, 55, 24, 10, 69, 57, 48, 15, 55, 58, 24, 58, 24, 55, 67, 24, 70, 37, 50, 60, 55]","[8, 68, 64, 58, 8, 55, 24, 10, 59, 69, 57, 37, 15, 55, 58, 24, 58, 24, 55, 67, 24, 70, 37, 66, 60, 55]","[1, 1, 1, 1, 1, 1, 1, 1, 1, 1, 0, 1, 1, 1, 1, 1, 1, 1, 1, 1, 1, 1, 0, 1, 1]","[0, 0, 0, 0, 0, 0, 0, 0, 0, 0, 1, 0, 0, 0, 0, 0, 0, 0, 0, 0, 0, 0, 1, 0, 0]"
1410,L2_arctic_WAV/SKA_arctic_a0100,"[29, 6, 68, 8, 46, 3, 46, 30, 49, 48, 67, 49, 7, 69, 58]","[29, 6, 68, 8, 46, 8, 46, 30, 49, 48, 67, 49, 7, 26, 58]","[1, 1, 1, 1, 1, 0, 1, 1, 1, 1, 1, 1, 1, 0, 1]","[0, 0, 0, 0, 0, 1, 0, 0, 0, 0, 0, 0, 0, 1, 0]"
1411,L2_arctic_WAV/SKA_arctic_a0101,"[29, 6, 29, 6, 36, 31, 58, 55, 17, 3, 28, 49, 48, 63, 8, 3, 50, 6, 22, 54, 50, 8, 68, 68, 49]","[29, 6, 29, 6, 36, 31, 58, 55, 40, 3, 28, 49, 48, 63, 8, 3, 66, 6, 46, 54, 66, 40, 68, 68, 49]","[1, 1, 1, 1, 1, 1, 1, 1, 0, 1, 1, 1, 1, 1, 1, 1, 0, 1, 0, 1, 0, 0, 1, 1, 1]","[0, 0, 0, 0, 0, 0, 0, 0, 1, 0, 0, 0, 0, 0, 0, 0, 1, 0, 1, 0, 1, 1, 0, 0, 0]"
1412,L2_arctic_WAV/SKA_arctic_a0102,"[67, 49, 36, 24, 30, 54, 17, 30, 14, 8, 46, 46, 6, 55]","[67, 49, 36, 24, 30, 54, 52, 30, 14, 8, 46, 46, 6, 55]","[1, 1, 1, 1, 1, 1, 0, 1, 1, 1, 1, 1, 1, 1]","[0, 0, 0, 0, 0, 0, 1, 0, 0, 0, 0, 0, 0, 0]"
1413,L2_arctic_WAV/SKA_arctic_a0103,"[37, 8, 3, 63, 52, 50, 28, 60, 68, 55, 14, 48, 50, 17, 68, 8, 46, 54, 50, 8, 68, 63, 8, 37, 14, 8, 39, 63, 8, 28, 8, 55, 6]","[37, 17, 3, 63, 52, 61, 28, 60, 68, 55, 14, 48, 66, 17, 68, 8, 46, 54, 66, 8, 68, 70, 8, 37, 14, 8, 39, 63, 8, 28, 64, 55, 6]","[1, 0, 1, 1, 1, 0, 1, 1, 1, 1, 1, 1, 0, 1, 1, 1, 1, 1, 0, 1, 1, 0, 1, 1, 1, 1, 1, 1, 1, 1, 0, 1, 1]","[0, 1, 0, 0, 0, 1, 0, 0, 0, 0, 0, 0, 1, 0, 0, 0, 0, 0, 1, 0, 0, 1, 0, 0, 0, 0, 0, 0, 0, 0, 1, 0, 0]"
1414,L2_arctic_WAV/SKA_arctic_a0104,"[9, 49, 36, 40, 70, 46, 30, 49, 48, 24, 10, 8, 55, 58, 7, 50, 67, 24, 70, 48, 50, 8, 3, 52, 28, 9, 8, 55, 64, 70, 46, 36, 49, 3, 30, 49, 64, 70, 8, 35, 56, 30, 58]","[9, 49, 36, 40, 70, 8, 46, 30, 49, 37, 24, 10, 17, 55, 58, 52, 50, 67, 24, 70, 48, 66, 14, 3, 52, 28, 9, 8, 55, 64, 70, 8, 46, 36, 49, 3, 30, 49, 64, 70, 8, 35, 56, 30, 58]","[1, 1, 1, 1, 1, 1, 1, 1, 0, 1, 1, 0, 1, 1, 0, 1, 1, 1, 1, 1, 0, 0, 1, 1, 1, 1, 1, 1, 1, 1, 1, 1, 1, 1, 1, 1, 1, 1, 1, 1, 1, 1, 1]","[0, 0, 0, 0, 0, 0, 0, 0, 1, 0, 0, 1, 0, 0, 1, 0, 0, 0, 0, 0, 1, 1, 0, 0, 0, 0, 0, 0, 0, 0, 0, 0, 0, 0, 0, 0, 0, 0, 0, 0, 0, 0, 0]"
1415,L2_arctic_WAV/SKA_arctic_a0105,"[14, 55, 30, 49, 24, 3, 24, 70, 46, 14, 36, 8, 55, 58, 7, 50, 54, 8, 30, 46, 14, 40, 30, 68, 14, 46, 3, 24, 68, 48, 17, 46, 8, 37, 8, 30, 3, 8, 37, 24, 30, 49, 39]","[40, 55, 30, 49, 3, 24, 46, 46, 14, 36, 8, 55, 58, 7, 66, 54, 8, 30, 46, 14, 40, 30, 68, 14, 46, 3, 24, 68, 37, 17, 46, 8, 37, 8, 30, 3, 8, 37, 24, 30, 49, 54]","[0, 1, 1, 1, 0, 1, 1, 0, 1, 1, 1, 1, 1, 1, 1, 0, 1, 1, 1, 1, 1, 1, 1, 1, 1, 1, 1, 1, 1, 0, 1, 1, 1, 1, 1, 1, 1, 1, 1, 1, 1, 1, 0]","[1, 0, 0, 0, 1, 0, 0, 1, 0, 0, 0, 0, 0, 0, 0, 1, 0, 0, 0, 0, 0, 0, 0, 0, 0, 0, 0, 0, 0, 1, 0, 0, 0, 0, 0, 0, 0, 0, 0, 0, 0, 0, 1]"
1416,L2_arctic_WAV/SKA_arctic_a0106,"[63, 8, 24, 68, 14, 9, 8, 55, 36, 24, 35, 9, 49, 67, 64, 58, 46, 8, 48, 50, 52, 46, 3, 37, 7, 46, 3, 54, 40, 50, 22, 55, 15, 24, 55, 8, 35, 14, 28, 24, 10, 46, 17, 37]","[70, 8, 24, 68, 14, 9, 8, 55, 36, 24, 35, 8, 9, 49, 67, 64, 58, 46, 8, 48, 50, 24, 46, 3, 37, 50, 52, 46, 3, 54, 40, 50, 46, 55, 15, 24, 55, 8, 35, 14, 28, 24, 10, 59, 46, 40, 37]","[0, 1, 1, 1, 1, 1, 1, 1, 1, 1, 1, 1, 1, 1, 1, 1, 1, 1, 1, 1, 0, 1, 1, 1, 0, 1, 1, 1, 1, 1, 0, 1, 1, 1, 1, 1, 1, 1, 1, 1, 1, 1, 0, 1]","[1, 0, 0, 0, 0, 0, 0, 0, 0, 0, 0, 0, 0, 0, 0, 0, 0, 0, 0, 0, 1, 0, 0, 0, 1, 0, 0, 0, 0, 0, 1, 0, 0, 0, 0, 0, 0, 0, 0, 0, 0, 0, 1, 0]"
1417,L2_arctic_WAV/SKA_arctic_a0107,"[24, 54, 29, 6, 14, 55, 30, 49, 28, 31, 58, 55, 14, 67, 15, 56, 22, 64, 10, 28, 29, 6]","[24, 54, 29, 6, 14, 55, 30, 49, 28, 31, 58, 55, 14, 67, 15, 56, 22, 64, 10, 28, 29, 6]","[1, 1, 1, 1, 1, 1, 1, 1, 1, 1, 1, 1, 1, 1, 1, 1, 1, 1, 1, 1, 1, 1]","[0, 0, 0, 0, 0, 0, 0, 0, 0, 0, 0, 0, 0, 0, 0, 0, 0, 0, 0, 0, 0, 0]"
1418,L2_arctic_WAV/SKA_arctic_a0108,"[67, 49, 36, 60, 58, 24, 58, 24, 55, 3, 6, 63, 8, 52, 69, 8, 39, 63, 8, 36, 40, 3, 8, 50, 64, 55, 58, 37, 49, 59, 64, 55, 46, 28, 50, 8, 37, 24, 10, 67, 24, 68, 46, 52, 30, 54]","[67, 49, 36, 60, 58, 24, 58, 24, 55, 3, 6, 70, 8, 52, 35, 8, 39, 63, 8, 36, 40, 3, 8, 55, 64, 55, 58, 24, 37, 49, 59, 64, 55, 24, 46, 28, 61, 8, 37, 24, 10, 59, 67, 24, 68, 46, 52, 30, 54]","[1, 1, 1, 1, 1, 1, 1, 1, 1, 1, 1, 0, 1, 1, 0, 1, 1, 1, 1, 1, 1, 1, 1, 0, 1, 1, 1, 1, 1, 1, 1, 1, 1, 1, 0, 1, 1, 1, 1, 1, 1, 1, 1, 1, 1, 1]","[0, 0, 0, 0, 0, 0, 0, 0, 0, 0, 0, 1, 0, 0, 1, 0, 0, 0, 0, 0, 0, 0, 0, 1, 0, 0, 0, 0, 0, 0, 0, 0, 0, 0, 1, 0, 0, 0, 0, 0, 0, 0, 0, 0, 0, 0]"
1419,L2_arctic_WAV/SKA_arctic_a0109,"[58, 6, 29, 6, 55, 14, 63, 64, 3, 29, 6, 17, 50, 9, 60, 28, 24, 10, 68, 56, 28, 17, 55, 54, 8, 58, 8, 55, 46, 24, 55, 29, 6]","[58, 6, 29, 6, 55, 14, 70, 64, 3, 29, 6, 17, 9, 60, 28, 24, 10, 59, 68, 56, 28, 17, 55, 54, 8, 58, 8, 55, 46, 24, 55, 29, 6]","[1, 1, 1, 1, 1, 1, 0, 1, 1, 1, 1, 1, 0, 1, 1, 1, 1, 1, 1, 1, 1, 1, 1, 1, 1, 1, 1, 1, 1, 1, 1, 1, 1]","[0, 0, 0, 0, 0, 0, 1, 0, 0, 0, 0, 0, 1, 0, 0, 0, 0, 0, 0, 0, 0, 0, 0, 0, 0, 0, 0, 0, 0, 0, 0, 0, 0]"
1420,L2_arctic_WAV/SKA_arctic_a0111,"[24, 55, 46, 3, 52, 58, 67, 49, 69, 57, 55, 58, 67, 8, 50, 64, 55, 58, 63, 60, 60, 3, 30, 56, 28, 3, 6, 67, 8, 10, 59, 50, 49, 35, 24, 30, 58, 50, 8, 55]","[24, 55, 24, 46, 3, 49, 58, 67, 49, 26, 57, 55, 58, 8, 67, 52, 50, 64, 55, 58, 70, 60, 60, 3, 30, 56, 28, 3, 6, 67, 64, 10, 59, 66, 49, 35, 52, 30, 58, 50, 8, 55]","[1, 1, 1, 1, 0, 1, 1, 1, 0, 1, 1, 1, 1, 0, 1, 1, 1, 1, 0, 1, 1, 1, 1, 1, 1, 1, 1, 1, 0, 1, 1, 0, 1, 1, 0, 1, 1, 1, 1, 1]","[0, 0, 0, 0, 1, 0, 0, 0, 1, 0, 0, 0, 0, 1, 0, 0, 0, 0, 1, 0, 0, 0, 0, 0, 0, 0, 0, 0, 1, 0, 0, 1, 0, 0, 1, 0, 0, 0, 0, 0]"
1421,L2_arctic_WAV/SKA_arctic_a0112,"[67, 49, 36, 40, 70, 36, 6, 55, 58, 8, 58, 24, 55, 63, 8, 17, 50, 68]","[67, 49, 36, 40, 70, 36, 17, 55, 58, 8, 58, 24, 55, 63, 8, 17, 50, 68]","[1, 1, 1, 1, 1, 1, 0, 1, 1, 1, 1, 1, 1, 1, 1, 1, 1, 1]","[0, 0, 0, 0, 0, 0, 1, 0, 0, 0, 0, 0, 0, 0, 0, 0, 0, 0]"
1422,L2_arctic_WAV/SKA_arctic_a0113,"[56, 46, 8, 48, 14, 70, 29, 6, 48, 24, 28, 3, 63, 64, 3, 30, 24, 10, 59, 14, 8, 48, 8, 68, 8, 10, 63, 8, 24, 55, 58, 49, 8, 55, 70]","[56, 46, 8, 37, 14, 70, 29, 6, 37, 24, 28, 3, 63, 64, 3, 30, 24, 10, 59, 14, 8, 48, 8, 68, 8, 10, 59, 70, 8, 52, 55, 69, 49, 8, 55, 46]","[1, 1, 1, 0, 1, 1, 1, 1, 0, 1, 1, 1, 1, 1, 1, 1, 1, 1, 1, 1, 1, 1, 1, 1, 1, 1, 0, 1, 0, 1, 0, 1, 1, 1, 0]","[0, 0, 0, 1, 0, 0, 0, 0, 1, 0, 0, 0, 0, 0, 0, 0, 0, 0, 0, 0, 0, 0, 0, 0, 0, 0, 1, 0, 1, 0, 1, 0, 0, 0, 1]"
1423,L2_arctic_WAV/SKA_arctic_a0115,"[67, 49, 67, 64, 58, 55, 14, 28, 46, 28, 29, 6, 70, 54, 40, 50, 63, 8, 54, 49, 30, 24, 10, 70, 36, 24, 35, 36, 8, 50, 7, 15, 70, 58, 24, 55, 67, 24, 68]","[67, 49, 67, 64, 58, 55, 14, 28, 46, 24, 28, 29, 6, 46, 54, 40, 50, 70, 8, 54, 49, 30, 24, 10, 59, 24, 46, 36, 24, 35, 36, 52, 66, 7, 14, 70, 58, 24, 55, 67, 52, 68]","[1, 1, 1, 1, 1, 1, 1, 1, 1, 1, 1, 1, 0, 1, 1, 1, 0, 1, 1, 1, 1, 1, 1, 0, 1, 1, 1, 1, 0, 0, 1, 0, 1, 1, 1, 1, 1, 0, 1]","[0, 0, 0, 0, 0, 0, 0, 0, 0, 0, 0, 0, 1, 0, 0, 0, 1, 0, 0, 0, 0, 0, 0, 1, 0, 0, 0, 0, 1, 1, 0, 1, 0, 0, 0, 0, 0, 1, 0]"
1424,L2_arctic_WAV/SKA_arctic_a0116,"[36, 40, 70, 24, 3, 63, 8, 50, 17, 55, 58, 24, 39, 6, 8, 39, 63, 14, 70, 67, 6, 36, 8, 50, 46, 3, 50, 56, 39, 24, 10, 3, 6, 36, 7, 28, 67, 24, 70, 50, 6, 8, 55]","[36, 40, 70, 24, 3, 63, 8, 66, 17, 55, 58, 24, 39, 6, 8, 39, 46, 14, 46, 67, 6, 36, 52, 66, 24, 46, 3, 17, 50, 39, 24, 10, 3, 6, 36, 7, 28, 67, 24, 70, 66, 6, 8, 55]","[1, 1, 1, 1, 1, 1, 1, 0, 1, 1, 1, 1, 1, 1, 1, 1, 0, 1, 0, 1, 1, 1, 0, 0, 1, 1, 1, 0, 1, 1, 1, 1, 1, 1, 1, 1, 1, 1, 1, 0, 1, 1, 1]","[0, 0, 0, 0, 0, 0, 0, 1, 0, 0, 0, 0, 0, 0, 0, 0, 1, 0, 1, 0, 0, 0, 1, 1, 0, 0, 1, 1, 0, 0, 0, 0, 0, 0, 0, 0, 0, 0, 0, 1, 0, 0, 0]"
1425,L2_arctic_WAV/SKA_arctic_a0117,"[9, 49, 64, 58, 8, 58, 36, 24, 63, 69, 52, 55, 29, 8, 36, 8, 55, 46, 24, 68, 48, 8, 22, 49, 24, 55, 67, 7, 54, 60, 46, 64, 55, 58, 39, 57, 46]","[9, 49, 64, 58, 8, 58, 36, 24, 70, 26, 52, 55, 29, 8, 36, 8, 55, 46, 52, 68, 48, 8, 22, 49, 24, 55, 67, 7, 54, 60, 46, 64, 55, 58, 39, 57, 46]","[1, 1, 1, 1, 1, 1, 1, 1, 0, 0, 1, 1, 1, 1, 1, 1, 1, 1, 0, 1, 1, 1, 1, 1, 1, 1, 1, 1, 1, 1, 1, 1, 1, 1, 1, 1, 1]","[0, 0, 0, 0, 0, 0, 0, 0, 1, 1, 0, 0, 0, 0, 0, 0, 0, 0, 1, 0, 0, 0, 0, 0, 0, 0, 0, 0, 0, 0, 0, 0, 0, 0, 0, 0, 0]"
1426,L2_arctic_WAV/SKA_arctic_a0120,"[68, 56, 50, 56, 3, 54, 31, 3, 54, 49, 30, 70, 30, 56, 28, 63, 64, 3, 8, 39, 8, 35, 56, 55, 49, 70, 58, 52, 37, 29, 8, 3, 17, 55, 3]","[68, 56, 50, 56, 3, 54, 6, 3, 54, 49, 30, 46, 30, 56, 28, 70, 64, 3, 8, 39, 8, 35, 56, 55, 49, 70, 58, 49, 37, 8, 3, 17, 55, 3]","[1, 1, 1, 1, 1, 1, 0, 1, 1, 1, 1, 0, 1, 1, 1, 0, 1, 1, 1, 1, 1, 1, 1, 1, 1, 1, 1, 0, 1, 0, 1, 1, 1, 1, 1]","[0, 0, 0, 0, 0, 0, 1, 0, 0, 0, 0, 1, 0, 0, 0, 1, 0, 0, 0, 0, 0, 0, 0, 0, 0, 0, 0, 1, 0, 1, 0, 0, 0, 0, 0]"
1427,L2_arctic_WAV/SKA_arctic_a0121,"[63, 60, 60, 3, 58, 24, 55, 7, 64, 3, 63, 8, 54, 24, 22, 64, 55, 58, 50, 52, 46, 3, 8, 58, 54, 50, 7, 3, 6, 15, 7, 70]","[58, 60, 60, 3, 58, 24, 55, 7, 64, 3, 70, 8, 54, 52, 46, 64, 55, 58, 50, 52, 46, 3, 8, 58, 54, 50, 7, 3, 6, 15, 7, 46]","[0, 1, 1, 1, 1, 1, 1, 1, 1, 1, 0, 1, 1, 0, 0, 1, 1, 1, 1, 1, 1, 1, 1, 1, 1, 1, 1, 1, 1, 1, 1, 0]","[1, 0, 0, 0, 0, 0, 0, 0, 0, 0, 1, 0, 0, 1, 1, 0, 0, 0, 0, 0, 0, 0, 0, 0, 0, 0, 0, 0, 0, 0, 0, 1]"
1428,L2_arctic_WAV/SKA_arctic_a0122,"[3, 6, 29, 24, 50, 70, 8, 59, 14, 56, 59, 60, 39, 8, 48, 46, 24, 39, 8, 30, 24, 70, 60, 9, 8, 55, 54, 40, 50, 63, 24, 46]","[3, 6, 29, 24, 70, 17, 59, 14, 56, 59, 60, 39, 8, 48, 46, 24, 39, 8, 30, 24, 70, 60, 9, 8, 55, 54, 40, 50, 46, 24, 46]","[1, 1, 1, 1, 0, 1, 0, 1, 1, 1, 1, 1, 1, 1, 1, 1, 1, 1, 1, 1, 1, 1, 1, 1, 1, 1, 1, 1, 1, 0, 1, 1]","[0, 0, 0, 0, 1, 0, 1, 0, 0, 0, 0, 0, 0, 0, 0, 0, 0, 0, 0, 0, 0, 0, 0, 0, 0, 0, 0, 0, 0, 1, 0, 0]"
1429,L2_arctic_WAV/SKA_arctic_a0123,"[9, 49, 67, 64, 58, 58, 56, 58, 54, 50, 8, 68, 28, 14, 30, 58, 64, 55, 58, 46, 3, 17, 50, 39, 60, 9, 8, 55]","[9, 49, 67, 64, 58, 58, 56, 58, 54, 50, 8, 68, 28, 14, 30, 58, 64, 55, 58, 8, 46, 3, 17, 66, 39, 60, 9, 8, 55]","[1, 1, 1, 1, 1, 1, 1, 1, 1, 1, 1, 1, 1, 1, 1, 1, 1, 1, 1, 1, 1, 1, 0, 1, 1, 1, 1, 1]","[0, 0, 0, 0, 0, 0, 0, 0, 0, 0, 0, 0, 0, 0, 0, 0, 0, 0, 0, 0, 0, 0, 1, 0, 0, 0, 0, 0]"
1430,L2_arctic_WAV/SKA_arctic_a0125,"[67, 49, 36, 8, 70, 58, 24, 3, 8, 50, 68, 8, 55, 58, 55, 15, 3, 6, 68, 60, 55, 3, 60, 55, 8, 68, 40, 50, 46, 8, 50, 3, 8, 55, 67, 14, 30, 58, 8, 48, 17, 55, 67, 24, 68, 46, 52, 30, 54]","[67, 49, 36, 8, 70, 58, 24, 3, 8, 66, 68, 8, 55, 58, 8, 55, 15, 3, 6, 68, 60, 55, 3, 60, 55, 8, 68, 40, 50, 46, 8, 50, 3, 8, 55, 67, 14, 30, 58, 17, 37, 17, 55, 67, 24, 68, 46, 52, 30, 54]","[1, 1, 1, 1, 1, 1, 1, 1, 1, 0, 1, 1, 1, 1, 1, 1, 1, 1, 1, 1, 1, 1, 1, 1, 1, 1, 1, 1, 1, 1, 1, 1, 1, 1, 1, 1, 1, 1, 0, 0, 1, 1, 1, 1, 1, 1, 1, 1, 1]","[0, 0, 0, 0, 0, 0, 0, 0, 0, 1, 0, 0, 0, 0, 0, 0, 0, 0, 0, 0, 0, 0, 0, 0, 0, 0, 0, 0, 0, 0, 0, 0, 0, 0, 0, 0, 0, 0, 1, 1, 0, 0, 0, 0, 0, 0, 0, 0, 0]"
1431,L2_arctic_WAV/SKA_arctic_a0126,"[49, 35, 58, 60, 9, 49, 37, 49, 28, 60, 68, 8, 68, 40, 50, 39, 56, 3, 8, 30, 48, 17, 50, 3, 8, 39, 67, 24, 68]","[49, 35, 8, 58, 60, 9, 49, 37, 49, 28, 60, 68, 8, 68, 40, 66, 39, 56, 3, 8, 30, 37, 17, 50, 3, 8, 54, 67, 24, 68]","[1, 1, 1, 1, 1, 1, 1, 1, 1, 1, 1, 1, 1, 1, 0, 1, 1, 1, 1, 1, 0, 1, 1, 1, 1, 0, 1, 1, 1]","[0, 0, 0, 0, 0, 0, 0, 0, 0, 0, 0, 0, 0, 0, 1, 0, 0, 0, 0, 0, 1, 0, 0, 0, 0, 1, 0, 0, 0]"
1432,L2_arctic_WAV/SKA_arctic_a0127,"[24, 3, 36, 40, 70, 8, 3, 52, 68, 3, 60, 9, 8, 55, 37, 8, 3, 67, 49, 50, 49, 70, 24, 46, 3, 8, 58, 24, 3]","[24, 3, 36, 40, 70, 8, 3, 52, 68, 37, 24, 3, 60, 9, 8, 55, 37, 8, 3, 67, 49, 50, 49, 46, 24, 46, 3, 8, 58, 24, 3]","[1, 1, 1, 1, 1, 1, 1, 1, 1, 1, 1, 1, 1, 1, 1, 1, 1, 1, 1, 1, 1, 0, 1, 1, 1, 1, 1, 1, 1]","[0, 0, 0, 0, 0, 0, 0, 0, 0, 0, 0, 0, 0, 0, 0, 0, 0, 0, 0, 0, 0, 1, 0, 0, 0, 0, 0, 0, 0]"
1433,L2_arctic_WAV/SKA_arctic_a0128,"[63, 24, 46, 36, 8, 55, 67, 14, 48, 36, 40, 70, 58, 24, 46, 3, 50, 57, 58, 64, 70, 28, 36, 24, 28, 30, 49, 64, 70, 24, 3, 36, 40, 70, 37, 40, 50, 55]","[70, 24, 46, 36, 8, 55, 67, 14, 48, 36, 40, 70, 58, 24, 46, 3, 66, 57, 58, 64, 46, 28, 36, 24, 28, 30, 49, 64, 70, 24, 3, 36, 40, 70, 37, 40, 50, 55]","[0, 1, 1, 1, 1, 1, 1, 1, 1, 1, 1, 1, 1, 1, 1, 1, 0, 1, 1, 1, 0, 1, 1, 1, 1, 1, 1, 1, 1, 1, 1, 1, 1, 1, 1, 1, 1, 1]","[1, 0, 0, 0, 0, 0, 0, 0, 0, 0, 0, 0, 0, 0, 0, 0, 1, 0, 0, 0, 1, 0, 0, 0, 0, 0, 0, 0, 0, 0, 0, 0, 0, 0, 0, 0, 0, 0]"
1434,L2_arctic_WAV/SKA_arctic_a0129,"[67, 8, 50, 54, 60, 46, 36, 40, 70, 8, 59, 52, 55, 46, 3, 67, 24, 70, 37, 50, 52, 46, 3]","[67, 52, 66, 54, 60, 46, 36, 40, 70, 8, 59, 52, 55, 8, 46, 3, 67, 24, 70, 37, 66, 52, 46, 3]","[1, 0, 0, 1, 1, 1, 1, 1, 1, 1, 1, 1, 1, 1, 1, 1, 1, 1, 1, 0, 1, 1, 1]","[0, 1, 1, 0, 0, 0, 0, 0, 0, 0, 0, 0, 0, 0, 0, 0, 0, 0, 0, 1, 0, 0, 0]"
1435,L2_arctic_WAV/SKA_arctic_a0130,"[9, 49, 36, 40, 70, 67, 24, 70, 55, 15, 54, 7, 52, 39, 7]","[9, 49, 36, 40, 70, 67, 24, 70, 55, 15, 54, 7, 52, 39, 8, 9]","[1, 1, 1, 1, 1, 1, 1, 1, 1, 1, 1, 1, 1, 1, 0]","[0, 0, 0, 0, 0, 0, 0, 0, 0, 0, 0, 0, 0, 0, 1]"
1436,L2_arctic_WAV/SKA_arctic_a0131,"[48, 50, 17, 39, 8, 58, 8, 55, 46, 67, 64, 58, 58, 24, 30, 24, 39, 7, 58, 67, 24, 68, 22, 50, 6, 63, 8, 68, 60, 30, 46, 3, 50, 8, 68]","[37, 66, 40, 39, 8, 58, 8, 55, 46, 67, 64, 58, 58, 24, 30, 24, 39, 8, 58, 67, 52, 68, 46, 66, 6, 70, 8, 68, 60, 30, 24, 46, 3, 66, 8, 68]","[0, 0, 0, 1, 1, 1, 1, 1, 1, 1, 1, 1, 1, 1, 1, 1, 1, 0, 1, 1, 0, 1, 0, 0, 1, 0, 1, 1, 1, 1, 1, 1, 0, 1, 1]","[1, 1, 1, 0, 0, 0, 0, 0, 0, 0, 0, 0, 0, 0, 0, 0, 0, 1, 0, 0, 1, 0, 1, 1, 0, 1, 0, 0, 0, 0, 0, 0, 1, 0, 0]"
1437,L2_arctic_WAV/SKA_arctic_a0134,"[67, 49, 14, 37, 60, 58, 63, 8, 48, 50, 52, 9, 8, 50, 8, 39, 67, 8, 50, 67, 64, 55, 58]","[67, 49, 14, 37, 60, 58, 46, 8, 48, 66, 52, 9, 52, 66, 8, 39, 67, 52, 66, 67, 17, 55, 3]","[1, 1, 1, 1, 1, 1, 0, 1, 1, 0, 1, 1, 0, 0, 1, 1, 1, 0, 0, 1, 0, 1, 0]","[0, 0, 0, 0, 0, 0, 1, 0, 0, 1, 0, 0, 1, 1, 0, 0, 0, 1, 1, 0, 1, 0, 1]"
1438,L2_arctic_WAV/SKA_arctic_a0136,"[8, 37, 15, 3, 67, 24, 68, 52, 39, 50, 49, 36, 52, 50, 36, 7, 63, 8, 52, 39, 8, 58, 8, 55, 46, 8, 70, 8, 39, 30, 8, 59, 26, 8, 50, 49, 64, 55, 58, 8, 39, 60, 69]","[8, 37, 15, 3, 67, 52, 68, 52, 39, 66, 49, 36, 52, 66, 36, 7, 70, 8, 52, 39, 8, 58, 8, 55, 70, 70, 8, 39, 30, 8, 59, 26, 8, 66, 49, 64, 55, 58, 8, 39, 60, 35]","[1, 1, 1, 1, 1, 0, 1, 1, 1, 0, 1, 1, 1, 0, 1, 1, 0, 1, 1, 1, 1, 1, 1, 1, 0, 0, 1, 1, 1, 1, 1, 1, 1, 1, 0, 1, 1, 1, 1, 1, 1, 1, 0]","[0, 0, 0, 0, 0, 1, 0, 0, 0, 1, 0, 0, 0, 1, 0, 0, 1, 0, 0, 0, 0, 0, 0, 0, 1, 1, 0, 0, 0, 0, 0, 0, 0, 0, 1, 0, 0, 0, 0, 0, 0, 0, 1]"
1439,L2_arctic_WAV/SKA_arctic_a0137,"[63, 52, 55, 67, 49, 46, 3, 52, 48, 3, 37, 64, 28, 36, 24, 63, 8, 30, 14, 28, 50, 56, 8, 39, 48, 30, 52, 26, 8, 50]","[70, 52, 55, 67, 49, 46, 3, 52, 48, 3, 37, 64, 28, 36, 24, 70, 8, 30, 14, 28, 50, 56, 8, 39, 37, 30, 52, 26, 8, 66]","[0, 1, 1, 1, 1, 1, 1, 1, 1, 1, 1, 1, 1, 1, 1, 0, 1, 1, 1, 1, 1, 1, 1, 1, 0, 1, 1, 1, 1, 0]","[1, 0, 0, 0, 0, 0, 0, 0, 0, 0, 0, 0, 0, 0, 0, 1, 0, 0, 0, 0, 0, 0, 0, 0, 1, 0, 0, 0, 0, 1]"
1440,L2_arctic_WAV/SKA_arctic_a0139,"[67, 49, 3, 14, 30, 58, 67, 24, 68, 46, 52, 30, 54, 63, 8, 3, 64, 70, 67, 49, 36, 17, 9, 3, 67, 24, 68, 46, 52, 30, 54, 64, 55, 58, 59, 50, 6, 68, 58, 67, 24, 70, 58, 24, 9, 52, 39, 8, 30, 58, 28, 30, 14, 70]","[67, 49, 3, 14, 30, 58, 67, 24, 68, 46, 52, 30, 54, 24, 70, 8, 3, 64, 70, 67, 49, 36, 40, 26, 58, 8, 67, 24, 68, 46, 52, 30, 54, 64, 55, 58, 8, 59, 66, 40, 68, 58, 67, 24, 70, 58, 24, 26, 52, 39, 8, 30, 8, 58, 8, 28, 30, 14, 63]","[1, 1, 1, 1, 1, 1, 1, 1, 1, 1, 1, 1, 1, 0, 1, 1, 1, 1, 1, 1, 1, 0, 0, 0, 1, 1, 1, 1, 1, 1, 1, 1, 1, 1, 1, 0, 0, 1, 1, 1, 1, 1, 1, 1, 0, 1, 1, 1, 1, 1, 1, 1, 1, 0]","[0, 0, 0, 0, 0, 0, 0, 0, 0, 0, 0, 0, 0, 1, 0, 0, 0, 0, 0, 0, 0, 1, 1, 1, 0, 0, 0, 0, 0, 0, 0, 0, 0, 0, 0, 1, 1, 0, 0, 0, 0, 0, 0, 0, 1, 0, 0, 0, 0, 0, 0, 0, 0, 1]"
1441,L2_arctic_WAV/SKA_arctic_a0159,"[63, 60, 30, 31, 28, 64, 70, 63, 14, 67, 49, 67, 64, 58, 37, 24, 55, 58, 50, 8, 68, 24, 10, 8, 48, 49, 64, 55, 14, 40, 30, 67, 24, 70, 30, 56, 54]","[63, 60, 30, 31, 28, 64, 63, 14, 67, 49, 67, 64, 37, 24, 55, 58, 66, 8, 68, 24, 10, 59, 8, 48, 49, 64, 55, 40, 40, 30, 67, 24, 70, 30, 56, 54]","[1, 1, 1, 1, 1, 1, 0, 1, 1, 1, 1, 1, 1, 0, 1, 1, 1, 1, 0, 1, 1, 1, 1, 1, 1, 1, 1, 1, 0, 1, 1, 1, 1, 1, 1, 1, 1]","[0, 0, 0, 0, 0, 0, 1, 0, 0, 0, 0, 0, 0, 1, 0, 0, 0, 0, 1, 0, 0, 0, 0, 0, 0, 0, 0, 0, 1, 0, 0, 0, 0, 0, 0, 0, 0]"
1442,L2_arctic_WAV/SKA_arctic_a0214,"[37, 49, 46, 56, 58, 70, 67, 49, 36, 40, 70, 48, 60, 58, 67, 36, 8, 55, 28, 60, 46, 8, 39, 3, 8, 37, 64, 28, 14, 48, 7, 67, 52, 58]","[37, 49, 46, 56, 58, 70, 67, 24, 36, 40, 70, 48, 60, 36, 8, 55, 28, 60, 46, 8, 39, 3, 52, 37, 8, 28, 40, 48, 7, 67, 52, 58]","[1, 1, 1, 1, 1, 1, 1, 0, 1, 1, 1, 1, 1, 0, 0, 1, 1, 1, 1, 1, 1, 1, 1, 1, 0, 1, 0, 1, 0, 1, 1, 1, 1, 1]","[0, 0, 0, 0, 0, 0, 0, 1, 0, 0, 0, 0, 0, 1, 1, 0, 0, 0, 0, 0, 0, 0, 0, 0, 1, 0, 1, 0, 1, 0, 0, 0, 0, 0]"
1443,L2_arctic_WAV/SKA_arctic_a0257,"[63, 60, 17, 50, 28, 8, 68, 24, 10, 8, 9, 40, 50, 67, 6, 52, 39, 7, 63, 60, 17, 50]","[63, 52, 17, 50, 28, 52, 68, 24, 10, 8, 9, 40, 66, 67, 6, 52, 39, 7, 63, 52, 17, 66]","[1, 0, 1, 1, 1, 0, 1, 1, 1, 1, 1, 1, 0, 1, 1, 1, 1, 1, 1, 0, 1, 0]","[0, 1, 0, 0, 0, 1, 0, 0, 0, 0, 0, 0, 1, 0, 0, 0, 0, 0, 0, 1, 0, 1]"
1444,L2_arctic_WAV/SKA_arctic_a0300,"[54, 50, 8, 68, 68, 56, 7, 30, 49, 8, 46, 3, 50, 52, 28, 8, 30, 52, 28, 9, 8, 55, 68, 56, 46, 30, 49, 48, 36, 40, 70, 8, 48, 24, 50, 49, 8, 58, 8, 39, 3, 52, 50, 7]","[54, 50, 8, 68, 68, 56, 7, 30, 49, 46, 3, 66, 52, 28, 8, 30, 52, 9, 8, 55, 68, 56, 46, 30, 49, 37, 36, 40, 70, 8, 48, 52, 50, 49, 58, 8, 39, 3, 52, 66, 7]","[1, 1, 1, 1, 1, 1, 1, 1, 1, 0, 1, 1, 0, 1, 1, 1, 1, 1, 0, 1, 1, 1, 1, 1, 1, 1, 1, 0, 1, 1, 1, 1, 1, 0, 1, 1, 0, 1, 1, 1, 1, 1, 0, 1]","[0, 0, 0, 0, 0, 0, 0, 0, 0, 1, 0, 0, 1, 0, 0, 0, 0, 0, 1, 0, 0, 0, 0, 0, 0, 0, 0, 1, 0, 0, 0, 0, 0, 1, 0, 0, 1, 0, 0, 0, 0, 0, 1, 0]"
1445,L2_arctic_WAV/SKA_arctic_a0379,"[67, 15, 14, 30, 58, 17, 50, 29, 6, 58, 64, 58, 49]","[67, 15, 40, 30, 58, 17, 66, 29, 6, 58, 64, 61, 49]","[1, 1, 0, 1, 1, 1, 0, 1, 1, 1, 1, 0, 1]","[0, 0, 1, 0, 0, 0, 1, 0, 0, 0, 0, 1, 0]"
1446,L2_arctic_WAV/SKA_arctic_a0426,"[63, 60, 58, 6, 55, 17, 3, 55, 14, 63, 8, 30, 52, 10, 22, 8, 39, 3, 56, 68, 8, 39, 24, 10, 28, 29, 6, 37, 60, 9, 8, 55]","[58, 49, 58, 40, 55, 40, 3, 55, 40, 8, 58, 8, 30, 52, 10, 46, 8, 39, 3, 56, 68, 8, 39, 29, 31, 28, 24, 37, 52, 9, 8, 55]","[0, 0, 1, 0, 1, 0, 1, 1, 0, 0, 1, 1, 1, 1, 0, 1, 1, 1, 1, 1, 1, 1, 0, 0, 1, 0, 0, 1, 0, 1, 1, 1]","[1, 1, 0, 1, 0, 1, 0, 0, 1, 1, 0, 0, 0, 0, 1, 0, 0, 0, 0, 0, 0, 0, 1, 1, 0, 1, 1, 0, 1, 0, 0, 0]"
1447,L2_arctic_WAV/SKA_arctic_a0441,"[39, 56, 30, 8, 55, 3, 30, 56, 54, 64, 55, 58, 64, 22, 30, 52, 3, 24, 28, 46, 48, 40, 50, 3, 46, 67, 64, 58, 55, 52, 39, 7, 8, 48, 49, 30, 58, 3, 8, 68, 49]","[39, 56, 30, 8, 55, 3, 30, 56, 54, 64, 55, 58, 8, 22, 30, 52, 3, 24, 28, 46, 48, 40, 50, 3, 46, 67, 64, 58, 55, 52, 39, 7, 8, 48, 49, 30, 58, 3, 8, 68, 49]","[1, 1, 1, 1, 1, 1, 1, 1, 1, 1, 1, 1, 0, 1, 1, 1, 1, 1, 1, 1, 1, 1, 1, 1, 1, 1, 1, 1, 1, 1, 1, 1, 1, 1, 1, 1, 1, 1, 1, 1, 1]","[0, 0, 0, 0, 0, 0, 0, 0, 0, 0, 0, 0, 1, 0, 0, 0, 0, 0, 0, 0, 0, 0, 0, 0, 0, 0, 0, 0, 0, 0, 0, 0, 0, 0, 0, 0, 0, 0, 0, 0, 0]"
1448,L2_arctic_WAV/SKA_arctic_a0461,"[17, 36, 49, 36, 7, 39, 52, 50, 49, 28, 30, 14, 46, 3, 8, 59, 52, 63, 7, 24, 55, 63, 64, 3, 68, 14, 68, 8, 55, 3]","[14, 36, 49, 36, 7, 39, 52, 66, 49, 28, 30, 40, 46, 3, 8, 59, 52, 63, 7, 24, 55, 63, 64, 3, 68, 40, 68, 8, 55, 3]","[0, 1, 1, 1, 1, 1, 1, 0, 1, 1, 1, 0, 1, 1, 1, 1, 1, 1, 1, 1, 1, 1, 1, 1, 1, 0, 1, 1, 1, 1]","[1, 0, 0, 0, 0, 0, 0, 1, 0, 0, 0, 1, 0, 0, 0, 0, 0, 0, 0, 0, 0, 0, 0, 0, 0, 1, 0, 0, 0, 0]"
1449,L2_arctic_WAV/SKA_arctic_a0500,"[67, 6, 63, 8, 58, 52, 39, 8, 30, 59, 60, 39, 24, 3, 3, 6, 29, 6, 3, 6, 37, 49, 69, 8, 69, 64, 55, 58, 69, 31, 50, 49]","[67, 6, 63, 8, 58, 49, 39, 8, 30, 59, 52, 39, 24, 3, 6, 29, 6, 3, 6, 37, 49, 26, 8, 69, 64, 55, 26, 31, 50, 49]","[1, 1, 1, 1, 1, 0, 1, 1, 1, 1, 0, 1, 1, 0, 1, 1, 1, 1, 1, 1, 1, 1, 0, 1, 1, 1, 1, 0, 0, 1, 1, 1]","[0, 0, 0, 0, 0, 1, 0, 0, 0, 0, 1, 0, 0, 1, 0, 0, 0, 0, 0, 0, 0, 0, 1, 0, 0, 0, 0, 1, 1, 0, 0, 0]"
1450,L2_arctic_WAV/SKA_arctic_a0501,"[29, 31, 50, 69, 14, 28, 24, 10, 68, 49, 46, 7, 63, 8, 8, 63, 7, 68, 64, 55, 24, 69, 58, 3, 8, 17, 50, 3, 24, 28, 29, 8, 30, 60, 3]","[29, 31, 50, 26, 40, 28, 24, 10, 68, 49, 46, 7, 70, 8, 8, 70, 7, 68, 64, 55, 24, 26, 58, 3, 8, 17, 66, 3, 24, 28, 29, 8, 30, 52, 3]","[1, 1, 1, 0, 0, 1, 1, 1, 1, 1, 1, 1, 0, 1, 1, 0, 1, 1, 1, 1, 1, 0, 1, 1, 1, 1, 0, 1, 1, 1, 1, 1, 1, 0, 1]","[0, 0, 0, 1, 1, 0, 0, 0, 0, 0, 0, 0, 1, 0, 0, 1, 0, 0, 0, 0, 0, 1, 0, 0, 0, 0, 1, 0, 0, 0, 0, 0, 0, 1, 0]"
1451,L2_arctic_WAV/SKA_arctic_a0529,"[64, 70, 56, 46, 60, 67, 49, 67, 64, 58, 3, 64, 48, 3, 63, 8, 68, 52, 46, 24, 69, 39, 52, 50, 49, 50, 64, 48, 8, 58, 30, 49]","[64, 70, 56, 46, 60, 67, 49, 67, 64, 3, 64, 48, 58, 63, 8, 68, 52, 46, 24, 69, 39, 52, 50, 49, 50, 64, 37, 8, 58, 30, 49]","[1, 1, 1, 1, 1, 1, 1, 1, 1, 0, 1, 1, 1, 0, 1, 1, 1, 1, 1, 1, 1, 1, 1, 1, 1, 1, 1, 0, 1, 1, 1, 1]","[0, 0, 0, 0, 0, 0, 0, 0, 0, 1, 0, 0, 0, 1, 0, 0, 0, 0, 0, 0, 0, 0, 0, 0, 0, 0, 0, 1, 0, 0, 0, 0]"
1452,L2_arctic_WAV/SKA_arctic_a0548,"[40, 30, 46, 14, 35, 7, 35, 24, 70, 64, 55, 58, 48, 50, 49, 35, 7, 70, 56, 67, 64, 58, 55, 52, 39, 7, 55, 14, 55]","[40, 30, 46, 40, 35, 7, 26, 24, 70, 64, 55, 58, 37, 49, 35, 7, 70, 56, 67, 64, 58, 55, 52, 39, 7, 55, 14]","[1, 1, 1, 0, 1, 1, 0, 1, 1, 1, 1, 1, 0, 0, 1, 1, 1, 1, 1, 1, 1, 1, 1, 1, 1, 1, 1, 1, 0]","[0, 0, 0, 1, 0, 0, 1, 0, 0, 0, 0, 0, 1, 1, 0, 0, 0, 0, 0, 0, 0, 0, 0, 0, 0, 0, 0, 0, 1]"
1453,L2_arctic_WAV/SKA_arctic_b0016,"[67, 49, 35, 8, 28, 8, 30, 58, 64, 70, 67, 49, 48, 31, 30, 58, 15, 3, 67, 24, 70, 48, 56, 48, 64, 55, 58, 37, 49, 59, 64, 55, 54, 24, 30, 24, 10, 24, 3]","[67, 49, 35, 8, 28, 8, 30, 58, 64, 70, 67, 49, 48, 31, 30, 58, 15, 3, 67, 24, 70, 48, 56, 64, 55, 58, 37, 49, 59, 24, 55, 54, 24, 30, 24, 10, 59, 64, 3]","[1, 1, 1, 1, 1, 1, 1, 1, 1, 1, 1, 1, 1, 1, 1, 1, 1, 1, 1, 1, 1, 1, 1, 0, 1, 1, 1, 1, 1, 1, 0, 1, 1, 1, 1, 1, 1, 0, 1]","[0, 0, 0, 0, 0, 0, 0, 0, 0, 0, 0, 0, 0, 0, 0, 0, 0, 0, 0, 0, 0, 0, 0, 1, 0, 0, 0, 0, 0, 0, 1, 0, 0, 0, 0, 0, 0, 1, 0]"
1454,L2_arctic_WAV/SKA_arctic_b0068,"[14, 55, 30, 49, 63, 8, 35, 64, 55, 46, 46, 15, 55, 58, 67, 64, 58, 30, 52, 58, 67, 24, 68, 3, 6, 8, 37, 70, 7, 39, 63, 52, 68]","[40, 55, 30, 49, 63, 8, 35, 64, 55, 46, 46, 15, 55, 58, 67, 64, 58, 30, 52, 3, 67, 24, 68, 3, 6, 8, 37, 70, 7, 39, 63, 52, 68]","[0, 1, 1, 1, 1, 1, 1, 1, 1, 1, 1, 1, 1, 1, 1, 1, 1, 1, 1, 0, 1, 1, 1, 1, 1, 1, 1, 1, 1, 1, 1, 1, 1]","[1, 0, 0, 0, 0, 0, 0, 0, 0, 0, 0, 0, 0, 0, 0, 0, 0, 0, 0, 1, 0, 0, 0, 0, 0, 0, 0, 0, 0, 0, 0, 0, 0]"
1455,L2_arctic_WAV/SKA_arctic_b0083,"[24, 55, 24, 3, 63, 52, 50, 36, 40, 70, 46, 8, 68, 22, 24, 10, 63, 64, 3, 36, 40, 70, 40, 30, 68, 14, 46, 3, 3, 50, 64, 69, 8, 58, 49]","[24, 55, 24, 3, 63, 52, 50, 36, 40, 46, 46, 8, 68, 22, 24, 10, 63, 64, 3, 36, 40, 70, 17, 30, 68, 40, 46, 3, 3, 66, 64, 26, 8, 58, 49]","[1, 1, 1, 1, 1, 1, 1, 1, 1, 0, 1, 1, 1, 1, 1, 1, 1, 1, 1, 1, 1, 1, 0, 1, 1, 0, 1, 1, 1, 0, 1, 0, 1, 1, 1]","[0, 0, 0, 0, 0, 0, 0, 0, 0, 1, 0, 0, 0, 0, 0, 0, 0, 0, 0, 0, 0, 0, 1, 0, 0, 1, 0, 0, 0, 1, 0, 1, 0, 0, 0]"
1456,L2_arctic_WAV/SKA_arctic_b0103,"[67, 49, 30, 24, 54, 3, 8, 58, 67, 24, 70, 56, 70, 64, 55, 58, 8, 46, 3, 50, 60, 55, 69, 28, 50, 56, 37, 7, 46, 3, 54, 50, 8, 68, 67, 24, 70, 30, 24, 48, 46]","[67, 49, 30, 24, 54, 3, 8, 58, 67, 24, 70, 56, 70, 64, 55, 58, 8, 46, 3, 66, 52, 55, 69, 28, 50, 17, 48, 50, 17, 46, 3, 54, 66, 8, 68, 67, 24, 70, 30, 24, 48, 46]","[1, 1, 1, 1, 1, 1, 1, 1, 1, 1, 1, 1, 1, 1, 1, 1, 1, 1, 1, 0, 0, 1, 1, 1, 1, 0, 0, 0, 1, 1, 1, 0, 1, 1, 1, 1, 1, 1, 1, 1, 1]","[0, 0, 0, 0, 0, 0, 0, 0, 0, 0, 0, 0, 0, 0, 0, 0, 0, 0, 0, 1, 1, 0, 0, 0, 0, 1, 1, 1, 0, 0, 0, 1, 0, 0, 0, 0, 0, 0, 0, 0, 0]"
1457,L2_arctic_WAV/SKA_arctic_b0106,"[54, 50, 7, 8, 54, 31, 30, 68, 24, 55, 8, 3, 63, 8, 3, 6, 68, 52, 55, 46, 3, 52, 50, 58, 24, 55, 3, 8, 49, 35, 8, 63, 7, 70, 54, 60, 46]","[54, 40, 50, 8, 54, 31, 30, 68, 24, 55, 8, 63, 8, 3, 6, 68, 52, 55, 46, 3, 52, 50, 58, 24, 55, 3, 8, 49, 35, 8, 63, 7, 70, 54, 60, 46]","[1, 1, 0, 1, 1, 1, 1, 1, 1, 1, 1, 0, 1, 1, 1, 1, 1, 1, 1, 1, 1, 1, 1, 1, 1, 1, 1, 1, 1, 1, 1, 1, 1, 1, 1, 1, 1]","[0, 1, 1, 0, 0, 0, 0, 0, 0, 0, 0, 1, 0, 0, 0, 0, 0, 0, 0, 0, 0, 0, 0, 0, 0, 0, 0, 0, 0, 0, 0, 0, 0, 0, 0, 0, 0]"
1458,L2_arctic_WAV/SKA_arctic_b0126,"[37, 30, 8, 58, 36, 8, 70, 6, 70, 24, 10, 46, 30, 14, 30, 49, 54, 50, 8, 68, 63, 8, 36, 6, 55, 58, 24, 58, 68, 64, 55, 70, 50, 56, 3, 37, 50, 52, 46, 3]","[37, 30, 8, 58, 36, 8, 70, 6, 70, 24, 10, 59, 8, 46, 30, 40, 30, 49, 54, 50, 8, 68, 63, 8, 36, 6, 58, 24, 58, 68, 64, 55, 70, 66, 56, 37, 50, 52, 46, 3]","[1, 1, 1, 1, 1, 1, 1, 1, 1, 1, 1, 1, 1, 0, 1, 1, 1, 1, 1, 1, 1, 1, 1, 1, 0, 1, 1, 1, 1, 1, 1, 1, 0, 1, 0, 1, 1, 1, 1, 1]","[0, 0, 0, 0, 0, 0, 0, 0, 0, 0, 0, 0, 0, 1, 0, 0, 0, 0, 0, 0, 0, 0, 0, 0, 1, 0, 0, 0, 0, 0, 0, 0, 1, 0, 1, 0, 0, 0, 0, 0]"
1459,L2_arctic_WAV/SKA_arctic_b0146,"[64, 54, 3, 7, 40, 30, 24, 3, 36, 40, 70, 46, 24, 68, 48, 30, 49, 8, 68, 24, 46, 3, 60, 28, 24, 55, 69, 8, 69, 68, 8, 55, 3]","[64, 54, 3, 7, 40, 30, 24, 3, 36, 40, 70, 46, 24, 68, 37, 30, 49, 8, 68, 24, 46, 3, 60, 28, 24, 55, 26, 8, 69, 68, 8, 55, 3]","[1, 1, 1, 1, 1, 1, 1, 1, 1, 1, 1, 1, 1, 1, 0, 1, 1, 1, 1, 1, 1, 1, 1, 1, 1, 1, 0, 1, 1, 1, 1, 1, 1]","[0, 0, 0, 0, 0, 0, 0, 0, 0, 0, 0, 0, 0, 0, 1, 0, 0, 0, 0, 0, 0, 0, 0, 0, 0, 0, 1, 0, 0, 0, 0, 0, 0]"
1460,L2_arctic_WAV/SKA_arctic_b0150,"[64, 55, 58, 67, 49, 36, 40, 70, 54, 24, 30, 58, 36, 24, 63, 8, 46, 3, 50, 60, 55, 69, 64, 55, 58, 54, 40, 50, 37, 14, 58, 24, 10, 54, 24, 50]","[64, 55, 58, 67, 49, 36, 40, 70, 54, 24, 30, 58, 36, 24, 63, 8, 46, 3, 50, 52, 55, 26, 64, 55, 58, 54, 40, 66, 37, 24, 58, 24, 10, 59, 54, 24, 50]","[1, 1, 1, 1, 1, 1, 1, 1, 1, 1, 1, 1, 1, 1, 1, 1, 1, 1, 1, 0, 1, 0, 1, 1, 1, 1, 1, 0, 1, 0, 1, 1, 1, 1, 1, 1]","[0, 0, 0, 0, 0, 0, 0, 0, 0, 0, 0, 0, 0, 0, 0, 0, 0, 0, 0, 1, 0, 1, 0, 0, 0, 0, 0, 1, 0, 1, 0, 0, 0, 0, 0, 0]"
1461,L2_arctic_WAV/SKA_arctic_b0158,"[9, 49, 14, 37, 60, 58, 9, 50, 24, 10, 28, 24, 10, 37, 64, 28, 36, 24, 63, 63, 8, 37, 60, 37, 49, 24, 55, 67, 7, 17, 50, 68, 70]","[9, 49, 14, 37, 60, 58, 9, 50, 24, 10, 28, 24, 30, 37, 64, 28, 36, 24, 63, 63, 8, 37, 52, 37, 49, 24, 55, 67, 7, 67, 17, 50, 68, 70]","[1, 1, 1, 1, 1, 1, 1, 1, 1, 1, 1, 1, 0, 1, 1, 1, 1, 1, 1, 1, 1, 1, 0, 1, 1, 1, 1, 1, 1, 1, 1, 1, 1]","[0, 0, 0, 0, 0, 0, 0, 0, 0, 0, 0, 0, 1, 0, 0, 0, 0, 0, 0, 0, 0, 0, 1, 0, 0, 0, 0, 0, 0, 0, 0, 0, 0]"
1462,L2_arctic_WAV/SKA_arctic_b0307,"[36, 49, 59, 17, 3, 54, 29, 6, 39, 52, 69, 3, 8, 37, 8, 30, 70, 64, 55, 58, 54, 50, 6, 3, 46, 64, 55, 58, 37, 49, 28, 60, 68, 54, 24, 9, 49, 3, 7, 70]","[36, 49, 59, 40, 3, 54, 29, 6, 39, 52, 26, 3, 8, 37, 8, 30, 70, 64, 55, 58, 54, 50, 6, 3, 46, 64, 55, 58, 37, 49, 28, 52, 68, 54, 24, 9, 49, 3, 7, 70]","[1, 1, 1, 0, 1, 1, 1, 1, 1, 1, 0, 1, 1, 1, 1, 1, 1, 1, 1, 1, 1, 1, 1, 1, 1, 1, 1, 1, 1, 1, 1, 0, 1, 1, 1, 1, 1, 1, 1, 1]","[0, 0, 0, 1, 0, 0, 0, 0, 0, 0, 1, 0, 0, 0, 0, 0, 0, 0, 0, 0, 0, 0, 0, 0, 0, 0, 0, 0, 0, 0, 0, 1, 0, 0, 0, 0, 0, 0, 0, 0]"
1463,L2_arctic_WAV/SKA_arctic_b0310,"[8, 30, 24, 3, 8, 30, 3, 50, 49, 3, 68, 8, 55, 3, 68, 8, 46, 17, 26, 36, 24, 22, 46, 8, 68, 67, 52, 30, 48, 54, 50, 8, 68, 63, 8, 58, 40, 28, 3, 7]","[8, 30, 24, 3, 8, 30, 3, 66, 49, 3, 68, 8, 55, 3, 68, 8, 46, 17, 26, 36, 24, 46, 46, 8, 68, 67, 52, 30, 48, 54, 66, 8, 68, 63, 8, 58, 40, 28, 3, 7]","[1, 1, 1, 1, 1, 1, 1, 0, 1, 1, 1, 1, 1, 1, 1, 1, 1, 1, 1, 1, 1, 0, 1, 1, 1, 1, 1, 1, 1, 1, 0, 1, 1, 1, 1, 1, 1, 1, 1, 1]","[0, 0, 0, 0, 0, 0, 0, 1, 0, 0, 0, 0, 0, 0, 0, 0, 0, 0, 0, 0, 0, 1, 0, 0, 0, 0, 0, 0, 0, 0, 1, 0, 0, 0, 0, 0, 0, 0, 0, 0]"
1464,L2_arctic_WAV/SKA_arctic_b0324,"[55, 17, 3, 3, 24, 30, 63, 8, 3, 36, 52, 55, 3, 49, 8, 22, 8, 39, 68, 60, 58, 24, 58, 63, 8, 50, 24, 39, 7, 37, 50, 60, 28]","[55, 17, 6, 3, 24, 30, 63, 8, 3, 36, 52, 55, 3, 49, 46, 8, 54, 68, 60, 58, 24, 58, 63, 8, 66, 56, 39, 7, 37, 50, 60, 28]","[1, 1, 0, 1, 1, 1, 1, 1, 1, 1, 1, 1, 1, 1, 0, 0, 1, 0, 1, 1, 1, 1, 1, 1, 1, 0, 0, 1, 1, 1, 1, 1, 1]","[0, 0, 1, 0, 0, 0, 0, 0, 0, 0, 0, 0, 0, 0, 1, 1, 0, 1, 0, 0, 0, 0, 0, 0, 0, 1, 1, 0, 0, 0, 0, 0, 0]"
1465,L2_arctic_WAV/SKA_arctic_b0340,"[63, 49, 70, 28, 36, 24, 28, 30, 24, 3, 8, 30, 69, 57, 70, 8, 39, 67, 7, 70, 36, 7, 46, 40, 50, 46, 8, 70, 8, 39, 69, 57, 3, 6, 67, 24, 68]","[63, 49, 46, 28, 36, 24, 28, 30, 24, 3, 8, 30, 26, 57, 70, 8, 39, 67, 7, 70, 36, 7, 46, 40, 66, 46, 8, 39, 26, 57, 3, 6, 67, 24, 68]","[1, 1, 0, 1, 1, 1, 1, 1, 1, 1, 1, 1, 0, 1, 1, 1, 1, 1, 1, 1, 1, 1, 1, 1, 0, 1, 0, 0, 1, 1, 0, 1, 1, 1, 1, 1, 1]","[0, 0, 1, 0, 0, 0, 0, 0, 0, 0, 0, 0, 1, 0, 0, 0, 0, 0, 0, 0, 0, 0, 0, 0, 1, 0, 1, 1, 0, 0, 1, 0, 0, 0, 0, 0, 0]"
1466,L2_arctic_WAV/SKA_arctic_b0348,"[36, 31, 58, 29, 6, 37, 49, 46, 64, 3, 8, 46, 54, 56, 58, 36, 24, 63, 63, 64, 3, 36, 8, 55, 67, 8, 55, 58, 50, 8, 58, 22, 48, 17, 50, 3, 8, 39, 68, 49]","[36, 31, 58, 69, 6, 37, 49, 46, 64, 3, 8, 46, 54, 56, 58, 36, 24, 70, 63, 64, 3, 36, 8, 55, 67, 8, 55, 58, 66, 8, 58, 46, 37, 17, 50, 3, 8, 39, 68, 49]","[1, 1, 1, 0, 1, 1, 1, 1, 1, 1, 1, 1, 1, 1, 1, 1, 1, 0, 1, 1, 1, 1, 1, 1, 1, 1, 1, 1, 0, 1, 1, 0, 0, 1, 1, 1, 1, 1, 1, 1]","[0, 0, 0, 1, 0, 0, 0, 0, 0, 0, 0, 0, 0, 0, 0, 0, 0, 1, 0, 0, 0, 0, 0, 0, 0, 0, 0, 0, 1, 0, 0, 1, 1, 0, 0, 0, 0, 0, 0, 0]"
1467,L2_arctic_WAV/SKA_arctic_b0367,"[52, 55, 49, 64, 39, 50, 8, 69, 29, 8, 10, 54, 52, 30, 14, 28, 64, 55, 3, 49, 35, 67, 24, 68, 46, 52, 30, 54, 24, 55, 8, 36, 49, 28]","[52, 55, 49, 64, 39, 66, 8, 69, 29, 8, 10, 54, 30, 40, 28, 64, 55, 3, 49, 35, 67, 24, 68, 46, 52, 30, 54, 24, 55, 8, 36, 49, 28]","[1, 1, 1, 1, 1, 0, 1, 1, 1, 1, 1, 1, 0, 1, 0, 1, 1, 1, 1, 1, 1, 1, 1, 1, 1, 1, 1, 1, 1, 1, 1, 1, 1, 1]","[0, 0, 0, 0, 0, 1, 0, 0, 0, 0, 0, 0, 1, 0, 1, 0, 0, 0, 0, 0, 0, 0, 0, 0, 0, 0, 0, 0, 0, 0, 0, 0, 0, 0]"
1468,L2_arctic_WAV/SKA_arctic_b0413,"[67, 49, 68, 60, 58, 24, 70, 56, 7, 3, 24, 24, 46, 28, 60, 48, 48, 60, 55, 40, 50, 3, 6, 52, 55, 69, 57, 48, 30, 52, 26, 7]","[67, 49, 68, 60, 58, 24, 46, 56, 7, 3, 31, 46, 28, 52, 48, 48, 52, 55, 40, 50, 3, 6, 52, 55, 26, 57, 48, 30, 52, 26, 7]","[1, 1, 1, 1, 1, 1, 0, 1, 1, 1, 0, 0, 1, 1, 0, 1, 1, 0, 1, 1, 1, 1, 1, 1, 1, 0, 1, 1, 1, 1, 1, 1]","[0, 0, 0, 0, 0, 0, 1, 0, 0, 0, 1, 1, 0, 0, 1, 0, 0, 1, 0, 0, 0, 0, 0, 0, 0, 1, 0, 0, 0, 0, 0, 0]"
1469,L2_arctic_WAV/SKA_arctic_b0424,"[24, 3, 24, 70, 8, 39, 52, 50, 49, 3, 52, 55, 8, 37, 8, 30, 67, 56, 48, 17, 22, 8, 46, 8, 46, 8, 55, 58, 36, 24, 30, 37, 52, 50, 30, 31, 28, 24, 10, 24, 55, 3, 8]","[24, 3, 24, 70, 8, 39, 52, 66, 49, 3, 52, 55, 8, 37, 8, 30, 67, 56, 37, 40, 46, 8, 70, 8, 46, 8, 55, 58, 36, 24, 30, 37, 49, 50, 30, 31, 28, 24, 10, 59, 24, 55, 3, 8]","[1, 1, 1, 1, 1, 1, 1, 0, 1, 1, 1, 1, 1, 1, 1, 1, 1, 1, 0, 0, 0, 1, 0, 1, 1, 1, 1, 1, 1, 1, 1, 1, 0, 1, 1, 1, 1, 1, 1, 1, 1, 1, 1]","[0, 0, 0, 0, 0, 0, 0, 1, 0, 0, 0, 0, 0, 0, 0, 0, 0, 0, 1, 1, 1, 0, 1, 0, 0, 0, 0, 0, 0, 0, 0, 0, 1, 0, 0, 0, 0, 0, 0, 0, 0, 0, 0]"
1470,L2_arctic_WAV/SKA_arctic_b0425,"[63, 52, 50, 36, 7, 40, 50, 8, 55, 69, 59, 50, 49, 55, 59, 14, 30, 58, 59, 50, 49, 55, 64, 55, 58, 8, 28, 17, 48, 7, 59, 50, 49, 55]","[58, 52, 66, 36, 7, 40, 50, 8, 55, 26, 59, 50, 49, 55, 59, 40, 30, 58, 59, 66, 49, 55, 64, 55, 58, 8, 28, 8, 37, 7, 59, 66, 49, 55]","[0, 1, 0, 1, 1, 1, 1, 1, 1, 0, 1, 1, 1, 1, 1, 0, 1, 1, 1, 0, 1, 1, 1, 1, 1, 1, 1, 0, 0, 1, 1, 0, 1, 1]","[1, 0, 1, 0, 0, 0, 0, 0, 0, 1, 0, 0, 0, 0, 0, 1, 0, 0, 0, 1, 0, 0, 0, 0, 0, 0, 0, 1, 1, 0, 0, 1, 0, 0]"
1471,L2_arctic_WAV/SKA_arctic_b0428,"[63, 8, 67, 24, 46, 3, 7, 49, 8, 39, 15, 7, 36, 52, 46, 3, 36, 7, 58, 54, 52, 50, 49, 10, 50, 60, 46, 24, 70, 50, 24, 3, 8, 55, 24, 55, 24, 3]","[70, 8, 67, 24, 46, 3, 66, 49, 8, 39, 15, 7, 36, 52, 46, 3, 36, 7, 58, 54, 52, 50, 49, 10, 59, 66, 52, 46, 24, 70, 50, 24, 58, 8, 55, 24, 55, 24, 3]","[0, 1, 1, 1, 1, 1, 0, 1, 1, 1, 1, 1, 1, 1, 1, 1, 1, 1, 1, 1, 1, 1, 1, 1, 0, 0, 1, 1, 1, 1, 1, 0, 1, 1, 1, 1, 1, 1]","[1, 0, 0, 0, 0, 0, 1, 0, 0, 0, 0, 0, 0, 0, 0, 0, 0, 0, 0, 0, 0, 0, 0, 0, 1, 1, 0, 0, 0, 0, 0, 1, 0, 0, 0, 0, 0, 0]"
1472,L2_arctic_WAV/SKA_arctic_b0432,"[67, 49, 24, 70, 8, 28, 64, 55, 8, 58, 24, 3, 50, 56, 70, 24, 10, 54, 50, 8, 68, 63, 8, 46, 7, 54, 28, 30, 64, 46, 3, 8, 15, 50, 28, 30, 64, 46]","[67, 49, 24, 70, 8, 28, 64, 55, 8, 58, 24, 3, 66, 52, 70, 24, 10, 59, 54, 50, 8, 68, 70, 8, 46, 7, 54, 28, 30, 17, 46, 3, 31, 8, 17, 66, 28, 30, 17, 46]","[1, 1, 1, 1, 1, 1, 1, 1, 1, 1, 1, 1, 0, 0, 1, 1, 1, 1, 1, 1, 1, 0, 1, 1, 1, 1, 1, 1, 0, 1, 1, 1, 0, 0, 1, 1, 0, 1]","[0, 0, 0, 0, 0, 0, 0, 0, 0, 0, 0, 0, 1, 1, 0, 0, 0, 0, 0, 0, 0, 1, 0, 0, 0, 0, 0, 0, 1, 0, 0, 0, 1, 1, 0, 0, 1, 0]"
1473,L2_arctic_WAV/SKA_arctic_b0433,"[36, 49, 17, 50, 28, 31, 28, 24, 10, 40, 55, 63, 8, 28, 14, 30, 46, 3, 14, 39, 64, 55, 58, 40, 55, 63, 8, 57, 30, 37, 7, 55, 7, 70]","[36, 49, 17, 50, 28, 31, 28, 24, 10, 40, 55, 70, 8, 28, 40, 30, 46, 3, 40, 39, 64, 55, 58, 40, 55, 63, 8, 57, 61, 37, 7, 55, 7, 46]","[1, 1, 1, 1, 1, 1, 1, 1, 1, 1, 1, 0, 1, 1, 0, 1, 1, 1, 0, 1, 1, 1, 1, 1, 1, 1, 1, 1, 0, 1, 1, 1, 1, 0]","[0, 0, 0, 0, 0, 0, 0, 0, 0, 0, 0, 1, 0, 0, 1, 0, 0, 0, 1, 0, 0, 0, 0, 0, 0, 0, 0, 0, 1, 0, 0, 0, 0, 1]"
1474,L2_arctic_WAV/SKA_arctic_b0434,"[63, 8, 46, 3, 6, 7, 58, 67, 64, 70, 69, 8, 46, 3, 3, 52, 55, 58, 7, 58, 68, 49, 8, 50, 24, 46, 48, 52, 28, 3, 54, 8, 30, 37, 24, 3, 8, 39, 8, 58, 39, 56, 46]","[70, 8, 46, 3, 29, 6, 7, 58, 67, 64, 70, 69, 8, 46, 3, 3, 52, 55, 58, 7, 55, 7, 58, 68, 49, 8, 50, 52, 46, 48, 52, 28, 3, 39, 8, 30, 37, 24, 3, 8, 39, 8, 58, 39, 56, 46]","[0, 1, 1, 1, 1, 1, 1, 1, 1, 1, 1, 1, 1, 1, 1, 1, 1, 1, 1, 1, 1, 1, 1, 1, 0, 1, 1, 1, 1, 1, 0, 1, 1, 1, 1, 1, 1, 1, 1, 1, 1, 1, 1]","[1, 0, 0, 0, 0, 0, 0, 0, 0, 0, 0, 0, 0, 0, 0, 0, 0, 0, 0, 0, 0, 0, 0, 0, 1, 0, 0, 0, 0, 0, 1, 0, 0, 0, 0, 0, 0, 0, 0, 0, 0, 0, 0]"
1475,L2_arctic_WAV/SKA_arctic_b0438,"[63, 60, 50, 64, 55, 63, 8, 28, 8, 55, 6, 24, 55, 64, 55, 58, 28, 30, 56, 68, 58, 63, 8, 67, 56, 7, 22, 37, 64, 10, 28]","[70, 49, 50, 17, 55, 63, 8, 28, 52, 55, 6, 24, 55, 64, 55, 58, 28, 30, 56, 68, 8, 58, 63, 8, 67, 56, 7, 46, 37, 64, 10, 28]","[0, 0, 1, 0, 1, 1, 1, 1, 0, 1, 1, 1, 1, 1, 1, 1, 1, 1, 1, 1, 1, 1, 1, 1, 1, 1, 0, 1, 1, 1, 1]","[1, 1, 0, 1, 0, 0, 0, 0, 1, 0, 0, 0, 0, 0, 0, 0, 0, 0, 0, 0, 0, 0, 0, 0, 0, 0, 1, 0, 0, 0, 0]"
1476,L2_arctic_WAV/SKA_arctic_b0444,"[67, 49, 58, 24, 58, 55, 17, 3, 55, 14, 67, 36, 8, 3, 36, 52, 55, 3, 40, 55, 24, 55, 63, 8, 68, 56, 55, 58, 70, 8, 39, 67, 24, 70, 46, 6, 48, 24, 50, 49, 7, 70]","[67, 49, 58, 24, 58, 55, 40, 55, 40, 67, 36, 8, 3, 36, 52, 55, 3, 40, 55, 24, 55, 63, 8, 68, 56, 55, 58, 8, 46, 8, 54, 67, 24, 70, 52, 46, 48, 52, 50, 49, 7, 46]","[1, 1, 1, 1, 1, 1, 0, 0, 1, 0, 1, 1, 1, 1, 1, 1, 1, 1, 1, 1, 1, 1, 1, 1, 1, 1, 1, 1, 0, 1, 0, 1, 1, 1, 1, 0, 1, 0, 1, 1, 1, 0]","[0, 0, 0, 0, 0, 0, 1, 1, 0, 1, 0, 0, 0, 0, 0, 0, 0, 0, 0, 0, 0, 0, 0, 0, 0, 0, 0, 0, 1, 0, 1, 0, 0, 0, 1, 1, 0, 1, 0, 0, 0, 1]"
1477,L2_arctic_WAV/SKA_arctic_b0452,"[63, 60, 46, 40, 49, 35, 8, 63, 7, 54, 40, 50, 63, 8, 54, 7, 46, 3, 3, 56, 68, 24, 55, 37, 17, 46, 3, 8, 55]","[63, 60, 46, 40, 49, 35, 8, 63, 7, 54, 40, 50, 70, 8, 54, 7, 46, 3, 56, 68, 24, 55, 37, 8, 46, 3, 8, 55]","[1, 1, 1, 1, 1, 1, 1, 1, 1, 1, 1, 1, 0, 1, 1, 1, 1, 0, 1, 1, 1, 1, 1, 1, 0, 1, 1, 1, 1]","[0, 0, 0, 0, 0, 0, 0, 0, 0, 0, 0, 0, 1, 0, 0, 0, 0, 1, 0, 0, 0, 0, 0, 0, 1, 0, 0, 0, 0]"
1478,L2_arctic_WAV/SKA_arctic_b0455,"[67, 24, 70, 50, 49, 36, 40, 50, 58, 9, 31, 58, 67, 64, 39, 37, 24, 55, 48, 49, 46, 8, 55, 58, 50, 49, 48, 14, 70]","[67, 24, 70, 24, 50, 49, 36, 40, 50, 58, 9, 31, 58, 67, 64, 39, 37, 24, 55, 48, 49, 46, 8, 55, 58, 66, 49, 48, 40, 46]","[1, 1, 1, 1, 1, 1, 1, 1, 1, 1, 1, 1, 1, 1, 1, 1, 1, 1, 1, 1, 1, 1, 1, 1, 0, 1, 1, 0, 0]","[0, 0, 0, 0, 0, 0, 0, 0, 0, 0, 0, 0, 0, 0, 0, 0, 0, 0, 0, 0, 0, 0, 0, 0, 1, 0, 0, 1, 1]"
1479,L2_arctic_WAV/SKA_arctic_b0461,"[37, 56, 39, 7, 35, 6, 8, 39, 63, 8, 3, 48, 15, 7, 36, 49, 9, 64, 30, 50, 49, 68, 60, 55, 24, 55, 48, 15, 7]","[37, 56, 39, 7, 35, 31, 8, 30, 40, 39, 70, 8, 3, 48, 15, 7, 36, 49, 9, 64, 30, 50, 49, 68, 52, 55, 24, 55, 48, 15, 7]","[1, 1, 1, 1, 1, 0, 1, 1, 0, 1, 1, 1, 1, 1, 1, 1, 1, 1, 1, 1, 1, 1, 0, 1, 1, 1, 1, 1, 1]","[0, 0, 0, 0, 0, 1, 0, 0, 1, 0, 0, 0, 0, 0, 0, 0, 0, 0, 0, 0, 0, 0, 1, 0, 0, 0, 0, 0, 0]"
1480,L2_arctic_WAV/SKA_arctic_b0469,"[39, 52, 50, 49, 54, 29, 6, 48, 49, 48, 8, 30, 55, 6, 8, 39, 63, 8, 52, 59, 70, 24, 46, 3, 8, 55, 46, 8, 39, 63, 24, 46, 30, 40]","[39, 52, 50, 49, 54, 29, 6, 48, 49, 48, 8, 30, 55, 40, 8, 39, 70, 52, 52, 59, 70, 24, 46, 3, 8, 55, 46, 8, 39, 58, 24, 46, 30, 14]","[1, 1, 1, 1, 1, 1, 1, 1, 1, 1, 1, 1, 1, 0, 1, 1, 0, 0, 1, 1, 1, 1, 1, 1, 1, 1, 1, 1, 1, 0, 1, 1, 1, 0]","[0, 0, 0, 0, 0, 0, 0, 0, 0, 0, 0, 0, 0, 1, 0, 0, 1, 1, 0, 0, 0, 0, 0, 0, 0, 0, 0, 0, 0, 1, 0, 0, 0, 1]"
1481,L2_arctic_WAV/SKA_arctic_b0490,"[67, 36, 8, 3, 8, 55, 24, 28, 46, 56, 3, 24, 58, 36, 24, 46, 48, 7, 24, 10, 64, 55, 58, 28, 8, 55, 54, 7, 24, 10, 3, 31, 28, 48, 30, 60, 46]","[36, 8, 3, 8, 55, 24, 28, 46, 56, 3, 24, 10, 36, 24, 46, 48, 7, 24, 10, 64, 55, 58, 8, 28, 40, 55, 54, 52, 24, 10, 3, 31, 48, 30, 60, 46]","[0, 1, 1, 1, 1, 1, 1, 1, 1, 1, 1, 1, 0, 1, 1, 1, 1, 1, 1, 1, 1, 1, 1, 1, 0, 1, 1, 0, 1, 1, 1, 1, 0, 1, 1, 1, 1]","[1, 0, 0, 0, 0, 0, 0, 0, 0, 0, 0, 0, 1, 0, 0, 0, 0, 0, 0, 0, 0, 0, 0, 0, 1, 0, 0, 1, 0, 0, 0, 0, 1, 0, 0, 0, 0]"
1482,L2_arctic_WAV/SKA_arctic_b0492,"[63, 8, 46, 67, 49, 3, 7, 55, 58, 63, 8, 3, 52, 55, 8, 3, 46, 64, 55, 58, 69, 17, 50, 59, 8, 55, 8, 39, 46, 56, 28, 17, 30, 8, 69, 49, 37, 64, 28, 40, 55, 68, 49]","[70, 8, 46, 67, 49, 3, 7, 55, 52, 70, 8, 3, 52, 55, 8, 3, 46, 64, 55, 69, 17, 50, 59, 8, 55, 8, 54, 46, 56, 28, 17, 30, 8, 26, 49, 37, 64, 28, 40, 55, 68, 49]","[0, 1, 1, 1, 1, 1, 1, 1, 0, 0, 1, 1, 1, 1, 1, 1, 1, 1, 1, 0, 1, 1, 1, 1, 1, 1, 1, 0, 1, 1, 1, 1, 1, 1, 0, 1, 1, 1, 1, 1, 1, 1, 1]","[1, 0, 0, 0, 0, 0, 0, 0, 1, 1, 0, 0, 0, 0, 0, 0, 0, 0, 0, 1, 0, 0, 0, 0, 0, 0, 0, 1, 0, 0, 0, 0, 0, 0, 1, 0, 0, 0, 0, 0, 0, 0, 0]"
1483,L2_arctic_WAV/SKA_arctic_b0494,"[55, 52, 39, 7, 46, 14, 46, 3, 50, 60, 55, 69, 8, 48, 50, 17, 54, 8, 3, 28, 60, 68, 8, 48, 3, 6, 69, 7, 6, 46, 8, 30, 8, 68]","[55, 52, 39, 7, 46, 40, 46, 3, 66, 52, 55, 26, 8, 37, 50, 40, 54, 8, 3, 28, 52, 68, 8, 48, 3, 6, 26, 8, 66, 31, 46, 30, 8, 68]","[1, 1, 1, 1, 1, 0, 1, 1, 0, 0, 1, 0, 1, 0, 1, 0, 1, 1, 1, 1, 0, 1, 1, 1, 1, 1, 0, 0, 0, 1, 0, 1, 1, 1]","[0, 0, 0, 0, 0, 1, 0, 0, 1, 1, 0, 1, 0, 1, 0, 1, 0, 0, 0, 0, 1, 0, 0, 0, 0, 0, 1, 1, 1, 1, 1, 0, 0, 0]"
1484,L2_arctic_WAV/SKA_arctic_b0495,"[36, 49, 67, 6, 67, 64, 39, 52, 55, 58, 29, 31, 50, 58, 46, 14, 68, 8, 35, 9, 31, 50, 30, 49, 28, 64, 55, 52, 55, 58, 29, 31, 50, 8, 30, 24, 3, 8, 30, 68, 40, 50]","[36, 49, 67, 6, 67, 64, 39, 52, 55, 58, 29, 31, 66, 58, 46, 40, 68, 8, 35, 9, 31, 66, 30, 49, 28, 64, 55, 52, 55, 58, 29, 31, 66, 8, 30, 24, 3, 8, 30, 68, 40, 50]","[1, 1, 1, 1, 1, 1, 1, 1, 1, 1, 1, 1, 0, 1, 1, 0, 1, 1, 1, 1, 1, 0, 1, 1, 1, 1, 1, 1, 1, 1, 1, 1, 0, 1, 1, 1, 1, 1, 1, 1, 1, 1]","[0, 0, 0, 0, 0, 0, 0, 0, 0, 0, 0, 0, 1, 0, 0, 1, 0, 0, 0, 0, 0, 1, 0, 0, 0, 0, 0, 0, 0, 0, 0, 0, 1, 0, 0, 0, 0, 0, 0, 0, 0, 0]"
1485,L2_arctic_WAV/SKA_arctic_b0503,"[63, 8, 46, 52, 55, 3, 46, 8, 39, 46, 3, 50, 60, 55, 69, 39, 52, 69, 8, 3, 60, 9, 8, 55, 37, 30, 6, 40, 54, 63, 8, 3, 50, 17, 48, 24, 28, 30, 64, 55, 58]","[70, 8, 46, 52, 55, 3, 46, 8, 39, 46, 3, 50, 52, 55, 26, 39, 52, 26, 8, 3, 52, 9, 8, 55, 37, 30, 40, 40, 54, 70, 8, 3, 66, 40, 37, 24, 28, 30, 64, 55, 58]","[0, 1, 1, 1, 1, 1, 1, 1, 1, 1, 1, 1, 0, 1, 0, 1, 1, 0, 1, 1, 0, 1, 1, 1, 1, 1, 0, 1, 1, 0, 1, 1, 0, 0, 0, 1, 1, 1, 1, 1, 1]","[1, 0, 0, 0, 0, 0, 0, 0, 0, 0, 0, 0, 1, 0, 1, 0, 0, 1, 0, 0, 1, 0, 0, 0, 0, 0, 1, 0, 0, 1, 0, 0, 1, 1, 1, 0, 0, 0, 0, 0, 0]"
1486,L2_arctic_WAV/SKA_arctic_b0504,"[63, 8, 30, 56, 54, 63, 52, 50, 36, 40, 70, 67, 52, 30, 22, 54, 8, 30, 8, 55, 58, 64, 22, 30, 52, 3, 24, 28, 37, 8, 3, 3, 6, 69, 6, 39, 8, 55, 8, 30]","[63, 8, 30, 56, 54, 63, 52, 66, 36, 40, 70, 67, 52, 30, 22, 54, 8, 30, 8, 55, 58, 64, 22, 30, 52, 3, 24, 28, 37, 8, 3, 3, 6, 26, 6, 39, 8, 55, 8, 30]","[1, 1, 1, 1, 1, 1, 1, 0, 1, 1, 1, 1, 1, 1, 1, 1, 1, 1, 1, 1, 1, 1, 1, 1, 1, 1, 1, 1, 1, 1, 1, 1, 1, 0, 1, 1, 1, 1, 1, 1]","[0, 0, 0, 0, 0, 0, 0, 1, 0, 0, 0, 0, 0, 0, 0, 0, 0, 0, 0, 0, 0, 0, 0, 0, 0, 0, 0, 0, 0, 0, 0, 0, 0, 1, 0, 0, 0, 0, 0, 0]"
1487,L2_arctic_WAV/SKA_arctic_b0506,"[24, 3, 36, 31, 58, 67, 52, 30, 48, 3, 24, 3, 56, 58, 68, 49, 8, 30, 40, 10, 8, 55, 3, 24, 30, 56, 59, 17, 3, 46, 3, 52, 58, 49, 52, 68, 48, 30, 57, 68, 8, 55, 3]","[24, 3, 36, 31, 58, 67, 52, 30, 37, 24, 3, 6, 3, 56, 58, 68, 49, 8, 30, 40, 10, 59, 8, 55, 3, 24, 30, 56, 59, 40, 3, 46, 3, 52, 61, 49, 17, 68, 37, 30, 57, 68, 52, 55, 3]","[1, 1, 1, 1, 1, 1, 1, 1, 0, 1, 0, 1, 1, 1, 1, 1, 1, 1, 1, 1, 1, 1, 1, 1, 1, 1, 1, 0, 1, 1, 1, 1, 0, 1, 0, 1, 0, 1, 1, 1, 0, 1, 1]","[0, 0, 0, 0, 0, 0, 0, 0, 1, 0, 1, 0, 0, 0, 0, 0, 0, 0, 0, 0, 0, 0, 0, 0, 0, 0, 0, 1, 0, 0, 0, 0, 1, 0, 1, 0, 1, 0, 0, 0, 1, 0, 0]"
1488,L2_arctic_WAV/SKA_arctic_b0518,"[37, 8, 3, 63, 52, 50, 36, 40, 70, 40, 30, 46, 14, 3, 40, 28, 8, 39, 36, 24, 35, 28, 50, 64, 54, 3, 24, 55, 63, 8, 39, 24, 30, 24, 69]","[37, 8, 58, 63, 52, 66, 36, 40, 70, 40, 30, 46, 40, 3, 40, 28, 8, 54, 36, 24, 35, 28, 50, 64, 54, 3, 24, 55, 63, 8, 39, 8, 30, 24, 35]","[1, 1, 0, 1, 1, 0, 1, 1, 1, 1, 1, 1, 0, 1, 1, 1, 1, 0, 1, 1, 1, 1, 1, 1, 1, 1, 1, 1, 1, 1, 1, 0, 1, 1, 0]","[0, 0, 1, 0, 0, 1, 0, 0, 0, 0, 0, 0, 1, 0, 0, 0, 0, 1, 0, 0, 0, 0, 0, 0, 0, 0, 0, 0, 0, 0, 0, 1, 0, 0, 1]"
1489,L2_arctic_WAV/SKA_arctic_b0534,"[56, 30, 3, 52, 30, 29, 6, 63, 8, 30, 56, 37, 50, 52, 50, 49, 8, 55, 46, 52, 58, 36, 24, 63, 8, 37, 50, 56, 3, 55, 24, 10, 54, 60, 46]","[56, 30, 3, 24, 30, 29, 6, 70, 8, 30, 56, 37, 66, 49, 8, 55, 46, 52, 58, 36, 24, 70, 8, 37, 66, 56, 3, 55, 24, 10, 59, 54, 52, 46]","[1, 1, 1, 0, 1, 1, 1, 0, 1, 1, 1, 1, 0, 0, 0, 1, 1, 1, 1, 1, 1, 1, 1, 0, 1, 1, 0, 1, 1, 1, 1, 1, 1, 0, 1]","[0, 0, 0, 1, 0, 0, 0, 1, 0, 0, 0, 0, 1, 1, 1, 0, 0, 0, 0, 0, 0, 0, 0, 1, 0, 0, 1, 0, 0, 0, 0, 0, 0, 1, 0]"
1490,L2_arctic_WAV/SKA_arctic_b0538,"[64, 3, 63, 8, 37, 52, 46, 3, 63, 60, 36, 7, 55, 52, 46, 8, 46, 52, 50, 49, 64, 28, 46, 52, 46, 7, 49, 70]","[64, 3, 70, 8, 37, 52, 46, 70, 52, 36, 7, 55, 52, 46, 8, 46, 52, 50, 49, 64, 28, 46, 52, 46, 7, 49, 46]","[1, 1, 0, 1, 1, 1, 1, 0, 0, 0, 1, 1, 1, 1, 1, 1, 1, 1, 1, 1, 1, 1, 1, 1, 1, 1, 1, 0]","[0, 0, 1, 0, 0, 0, 0, 1, 1, 1, 0, 0, 0, 0, 0, 0, 0, 0, 0, 0, 0, 0, 0, 0, 0, 0, 0, 1]"
1491,L2_arctic_WAV/TLV_arctic_a0003,"[54, 40, 50, 63, 8, 3, 36, 52, 55, 3, 49, 8, 22, 3, 56, 68, 63, 64, 3, 49, 39, 55, 24, 10, 63, 8, 3, 6, 68, 52, 55, 9, 31, 28, 67, 64, 55, 58, 70]","[54, 40, 50, 58, 8, 3, 36, 52, 55, 58, 49, 46, 3, 56, 68, 58, 64, 3, 49, 39, 8, 55, 24, 10, 58, 8, 3, 6, 68, 52, 55, 46, 31, 28, 67, 64, 55, 58, 46]","[1, 1, 1, 0, 1, 1, 1, 1, 1, 0, 1, 0, 0, 1, 1, 1, 0, 1, 1, 1, 1, 1, 1, 1, 0, 1, 1, 1, 1, 1, 1, 0, 1, 1, 1, 1, 1, 1, 0]","[0, 0, 0, 1, 0, 0, 0, 0, 0, 1, 0, 1, 1, 0, 0, 0, 1, 0, 0, 0, 0, 0, 0, 0, 1, 0, 0, 0, 0, 0, 0, 1, 0, 0, 0, 0, 0, 0, 1]"
1492,L2_arctic_WAV/TLV_arctic_a0005,"[36, 24, 30, 36, 49, 52, 39, 7, 54, 40, 50, 59, 52, 3, 24, 3]","[36, 49, 36, 36, 49, 52, 39, 7, 54, 34, 59, 52, 3, 24, 3]","[1, 0, 0, 1, 1, 1, 1, 1, 1, 0, 0, 1, 1, 1, 1, 1]","[0, 1, 1, 0, 0, 0, 0, 0, 0, 1, 1, 0, 0, 0, 0, 0]"
1493,L2_arctic_WAV/TLV_arctic_a0006,"[59, 17, 58, 37, 30, 52, 46, 8, 68, 56, 67, 14, 48, 56, 36, 24, 30, 59, 14, 40, 55, 46, 49, 24, 10, 63, 8, 68, 54, 7, 52, 39, 7]","[59, 40, 3, 37, 30, 52, 3, 58, 8, 68, 56, 67, 14, 48, 56, 36, 24, 36, 59, 14, 40, 55, 46, 49, 24, 10, 58, 8, 68, 54, 7, 52, 39, 7]","[1, 0, 0, 1, 1, 1, 0, 1, 1, 1, 1, 1, 1, 1, 1, 1, 0, 1, 1, 1, 1, 1, 1, 1, 1, 0, 1, 1, 1, 1, 1, 1, 1]","[0, 1, 1, 0, 0, 0, 1, 0, 0, 0, 0, 0, 0, 0, 0, 0, 1, 0, 0, 0, 0, 0, 0, 0, 0, 1, 0, 0, 0, 0, 0, 0, 0]"
1494,L2_arctic_WAV/TLV_arctic_a0007,"[64, 55, 58, 29, 6, 40, 30, 36, 60, 70, 36, 40, 55, 3, 3, 24, 46, 49, 24, 3, 24, 55, 63, 8, 46, 31, 48, 7, 30, 8, 3, 24, 39, 58, 24, 59, 50, 49]","[64, 55, 58, 29, 6, 40, 10, 36, 60, 46, 36, 40, 55, 3, 3, 24, 46, 49, 49, 3, 24, 55, 58, 8, 46, 31, 33, 7, 30, 60, 3, 24, 48, 58, 49, 59, 50, 49]","[1, 1, 1, 1, 1, 1, 0, 1, 1, 0, 1, 1, 1, 1, 1, 1, 1, 1, 0, 1, 1, 1, 0, 1, 1, 1, 0, 1, 1, 0, 1, 1, 0, 1, 0, 1, 1, 1]","[0, 0, 0, 0, 0, 0, 1, 0, 0, 1, 0, 0, 0, 0, 0, 0, 0, 0, 1, 0, 0, 0, 1, 0, 0, 0, 1, 0, 0, 1, 0, 0, 1, 0, 1, 0, 0, 0]"
1495,L2_arctic_WAV/TLV_arctic_a0008,"[59, 64, 58, 29, 31, 50, 30, 52, 3, 7, 28, 60, 68, 69, 8, 46, 3, 24, 55, 3, 56, 68]","[59, 64, 3, 29, 31, 30, 52, 3, 8, 28, 60, 68, 69, 8, 3, 24, 55, 3, 56, 68]","[1, 1, 0, 1, 1, 0, 1, 1, 1, 0, 1, 1, 1, 1, 1, 0, 1, 1, 1, 1, 1, 1]","[0, 0, 1, 0, 0, 1, 0, 0, 0, 1, 0, 0, 0, 0, 0, 1, 0, 0, 0, 0, 0, 0]"
1496,L2_arctic_WAV/TLV_arctic_a0010,"[56, 68, 48, 30, 60, 24, 10, 8, 46, 24, 10, 59, 8, 30, 67, 64, 55, 58, 24, 55, 36, 8, 3, 30, 31, 28, 46, 30, 56, 28, 8, 30, 6, 70, 24, 10, 59, 60, 68]","[20, 68, 37, 30, 60, 24, 10, 8, 46, 24, 10, 59, 34, 67, 64, 55, 58, 49, 55, 36, 8, 3, 30, 31, 28, 46, 30, 56, 8, 30, 6, 70, 24, 10, 10, 11, 68]","[0, 1, 0, 1, 1, 1, 1, 1, 1, 1, 1, 1, 0, 0, 1, 1, 1, 1, 0, 1, 1, 1, 1, 1, 1, 1, 1, 1, 1, 0, 1, 1, 1, 1, 1, 1, 0, 0, 1]","[1, 0, 1, 0, 0, 0, 0, 0, 0, 0, 0, 0, 1, 1, 0, 0, 0, 0, 1, 0, 0, 0, 0, 0, 0, 0, 0, 0, 0, 1, 0, 0, 0, 0, 0, 0, 1, 1, 0]"
1497,L2_arctic_WAV/TLV_arctic_a0011,"[24, 54, 56, 52, 39, 7, 55, 49, 58, 8, 58, 8, 54, 56, 3, 7, 24, 55, 68, 56, 30, 56, 54, 56, 55, 49, 58, 36, 8, 55, 55, 15]","[49, 48, 56, 52, 36, 7, 55, 49, 3, 8, 54, 56, 3, 7, 24, 55, 68, 56, 30, 56, 54, 56, 55, 49, 35, 36, 8, 55, 55, 15]","[0, 0, 1, 1, 0, 1, 1, 1, 0, 0, 0, 1, 1, 1, 1, 1, 1, 1, 1, 1, 1, 1, 1, 1, 1, 1, 0, 1, 1, 1, 1, 1]","[1, 1, 0, 0, 1, 0, 0, 0, 1, 1, 1, 0, 0, 0, 0, 0, 0, 0, 0, 0, 0, 0, 0, 0, 0, 0, 1, 0, 0, 0, 0, 0]"
1498,L2_arctic_WAV/TLV_arctic_a0013,"[67, 49, 36, 40, 70, 8, 67, 52, 58, 9, 40, 50, 3, 7, 63, 64, 55, 67, 24, 70, 28, 8, 68, 48, 64, 55, 29, 8, 55, 8, 39, 40, 30, 68, 14, 46, 3, 58, 52, 30, 8, 28, 8, 3, 54, 8, 70, 49, 28]","[67, 49, 36, 40, 8, 67, 64, 3, 46, 40, 3, 8, 58, 64, 55, 67, 24, 70, 28, 8, 68, 48, 11, 55, 29, 8, 55, 40, 54, 40, 68, 14, 3, 58, 11, 30, 24, 28, 60, 3, 54, 24, 70, 24, 28]","[1, 1, 1, 1, 0, 1, 1, 0, 0, 0, 1, 0, 1, 0, 0, 1, 1, 1, 1, 1, 1, 1, 1, 1, 0, 1, 1, 1, 1, 0, 0, 1, 0, 1, 1, 0, 1, 1, 0, 1, 0, 1, 0, 1, 1, 0, 1, 0, 1]","[0, 0, 0, 0, 1, 0, 0, 1, 1, 1, 0, 1, 0, 1, 1, 0, 0, 0, 0, 0, 0, 0, 0, 0, 1, 0, 0, 0, 0, 1, 1, 0, 1, 0, 0, 1, 0, 0, 1, 0, 1, 0, 1, 0, 0, 1, 0, 1, 0]"
1499,L2_arctic_WAV/TLV_arctic_a0018,"[63, 52, 50, 36, 17, 70, 8, 35, 60, 55, 69, 55, 15]","[58, 52, 36, 7, 8, 35, 60, 55, 46, 55, 15]","[0, 1, 0, 1, 0, 0, 1, 1, 1, 1, 0, 1, 1]","[1, 0, 1, 0, 1, 1, 0, 0, 0, 0, 1, 0, 0]"
1500,L2_arctic_WAV/TLV_arctic_a0019,"[56, 54, 17, 30, 14, 58, 63, 8, 30, 56, 55, 8, 39, 63, 8, 48, 50, 8, 48, 14, 70, 58, 50, 60, 30, 50, 14, 58, 30, 31, 28, 24, 10, 54, 40, 50, 35, 64, 55, 46, 8, 70]","[56, 54, 14, 30, 14, 3, 58, 8, 30, 56, 48, 50, 8, 48, 14, 46, 3, 50, 60, 36, 50, 14, 3, 30, 31, 28, 24, 10, 54, 40, 35, 64, 55, 46]","[1, 1, 0, 1, 1, 1, 0, 1, 1, 1, 0, 0, 0, 0, 0, 1, 1, 1, 1, 1, 0, 0, 1, 1, 0, 1, 1, 0, 1, 1, 1, 1, 1, 1, 1, 0, 1, 1, 1, 1, 0, 0]","[0, 0, 1, 0, 0, 1, 1, 0, 0, 0, 1, 1, 1, 1, 1, 0, 0, 0, 0, 0, 1, 1, 0, 0, 1, 0, 0, 1, 0, 0, 0, 0, 0, 0, 0, 1, 0, 0, 0, 0, 1, 1]"
1501,L2_arctic_WAV/TLV_arctic_a0020,"[28, 30, 8, 37, 70, 64, 55, 58, 37, 40, 30, 70, 64, 55, 58, 46, 24, 3, 49, 70, 59, 50, 6, 3, 24, 37, 49, 14, 55, 30, 49, 68, 52, 68, 7, 49, 70]","[59, 30, 8, 48, 46, 64, 55, 58, 37, 40, 10, 46, 64, 55, 58, 46, 49, 3, 49, 46, 28, 50, 6, 3, 24, 37, 49, 40, 10, 30, 49, 68, 52, 68, 7, 49, 46]","[0, 1, 1, 0, 0, 1, 1, 1, 1, 1, 0, 0, 1, 1, 1, 1, 0, 1, 1, 0, 0, 1, 1, 1, 1, 1, 1, 0, 0, 1, 1, 1, 1, 1, 1, 1, 0]","[1, 0, 0, 1, 1, 0, 0, 0, 0, 0, 1, 1, 0, 0, 0, 0, 1, 0, 0, 1, 1, 0, 0, 0, 0, 0, 0, 1, 1, 0, 0, 0, 0, 0, 0, 0, 1]"
1502,L2_arctic_WAV/TLV_arctic_a0021,"[24, 3, 54, 52, 50, 30, 49, 28, 30, 8, 37, 58, 68, 49, 24, 55, 3, 6, 50, 52, 28, 8, 59, 55, 56, 70, 24, 10, 24, 3]","[49, 46, 54, 52, 30, 49, 28, 30, 8, 37, 58, 8, 68, 49, 24, 55, 3, 6, 50, 52, 28, 8, 59, 55, 56, 70, 24, 10, 24, 22]","[0, 0, 1, 1, 0, 1, 1, 1, 1, 1, 1, 1, 1, 1, 1, 1, 1, 1, 1, 1, 1, 1, 1, 1, 1, 1, 1, 1, 1, 0]","[1, 1, 0, 0, 1, 0, 0, 0, 0, 0, 0, 0, 0, 0, 0, 0, 0, 0, 0, 0, 0, 0, 0, 0, 0, 0, 0, 0, 0, 1]"
1503,L2_arctic_WAV/TLV_arctic_a0022,"[67, 17, 50, 58, 30, 49, 36, 7, 15, 50, 48, 30, 64, 55, 70, 68, 60, 58, 48, 8, 37, 30, 24, 28, 37, 8, 54, 40, 50, 36, 49, 36, 7, 68, 52, 3, 37, 56, 48, 15, 7, 54, 8, 30, 17, 48, 8, 70, 24, 9, 8, 55]","[67, 17, 50, 3, 30, 49, 36, 40, 15, 37, 30, 64, 55, 46, 68, 11, 46, 48, 8, 37, 30, 24, 28, 37, 49, 54, 40, 36, 49, 68, 52, 3, 37, 56, 48, 15, 7, 54, 8, 30, 17, 48, 8, 70, 24, 9, 8, 55]","[1, 1, 1, 0, 1, 1, 1, 0, 1, 0, 0, 1, 1, 1, 0, 1, 0, 0, 1, 1, 1, 1, 1, 1, 1, 0, 1, 1, 0, 1, 1, 0, 0, 1, 1, 1, 1, 1, 1, 1, 1, 1, 1, 1, 1, 1, 1, 1, 1, 1, 1, 1]","[0, 0, 0, 1, 0, 0, 0, 1, 0, 1, 1, 0, 0, 0, 1, 0, 1, 1, 0, 0, 0, 0, 0, 0, 0, 1, 0, 0, 1, 0, 0, 1, 1, 0, 0, 0, 0, 0, 0, 0, 0, 0, 0, 0, 0, 0, 0, 0, 0, 0, 0, 0]"
1504,L2_arctic_WAV/TLV_arctic_a0023,"[8, 28, 17, 68, 37, 8, 55, 60, 9, 8, 55, 8, 39, 28, 8, 55, 60, 58, 49, 8, 55, 28, 64, 48, 24, 3, 8, 30, 28, 36, 24, 28, 30, 49, 40, 50, 59, 8, 55, 56, 70, 58, 64, 55, 58, 48, 8, 3, 24, 9, 8, 55, 58, 54, 40, 50, 63, 8, 46, 60, 68, 48, 50, 24, 39, 24, 30, 8, 69, 8, 70]","[8, 28, 17, 68, 37, 56, 55, 60, 9, 8, 55, 40, 48, 28, 8, 55, 60, 58, 49, 8, 55, 28, 64, 48, 24, 3, 34, 28, 36, 24, 28, 30, 49, 40, 59, 8, 55, 56, 3, 64, 55, 37, 64, 3, 24, 9, 8, 55, 58, 54, 40, 58, 8, 46, 60, 68, 48, 50, 24, 39, 24, 30, 8, 35]","[1, 1, 1, 1, 1, 0, 1, 1, 1, 1, 1, 0, 0, 1, 1, 1, 1, 1, 1, 1, 1, 1, 1, 1, 1, 1, 0, 0, 1, 1, 1, 1, 1, 1, 1, 0, 1, 1, 1, 1, 0, 0, 1, 1, 0, 0, 0, 1, 1, 1, 1, 1, 1, 1, 1, 0, 0, 1, 1, 1, 1, 1, 1, 1, 1, 1, 1, 0, 0, 1, 0]","[0, 0, 0, 0, 0, 1, 0, 0, 0, 0, 0, 1, 1, 0, 0, 0, 0, 0, 0, 0, 0, 0, 0, 0, 0, 0, 1, 1, 0, 0, 0, 0, 0, 0, 0, 1, 0, 0, 0, 0, 1, 1, 0, 0, 1, 1, 1, 0, 0, 0, 0, 0, 0, 0, 0, 1, 1, 0, 0, 0, 0, 0, 0, 0, 0, 0, 0, 1, 1, 0, 1]"
1505,L2_arctic_WAV/TLV_arctic_a0024,"[24, 3, 36, 40, 70, 68, 56, 50, 49, 48, 40, 50, 3, 46, 54, 50, 8, 68, 63, 8, 55, 40, 50, 22, 36, 24, 35, 35, 49, 54, 30, 49, 24, 55, 58, 6, 46, 3, 48, 49, 48, 8, 30, 3, 6, 37, 56]","[49, 46, 36, 40, 68, 56, 50, 49, 48, 40, 50, 28, 46, 54, 40, 68, 58, 8, 55, 40, 22, 36, 24, 22, 35, 49, 54, 30, 56, 24, 55, 58, 6, 46, 3, 48, 49, 48, 8, 36, 3, 6, 37, 56]","[0, 0, 1, 1, 0, 1, 1, 1, 1, 1, 1, 1, 0, 1, 1, 0, 0, 1, 0, 1, 1, 1, 0, 1, 1, 1, 0, 1, 1, 1, 1, 0, 1, 1, 1, 1, 1, 1, 1, 1, 1, 1, 0, 1, 1, 1, 1]","[1, 1, 0, 0, 1, 0, 0, 0, 0, 0, 0, 0, 1, 0, 0, 1, 1, 0, 1, 0, 0, 0, 1, 0, 0, 0, 1, 0, 0, 0, 0, 1, 0, 0, 0, 0, 0, 0, 0, 0, 0, 0, 1, 0, 0, 0, 0]"
1506,L2_arctic_WAV/TLV_arctic_a0025,"[56, 36, 40, 70, 8, 37, 15, 3, 3, 24, 58, 6, 63, 24, 46, 36, 24, 55, 28, 6, 30, 7, 69, 8, 69, 68, 8, 55, 3, 48, 50, 49, 39, 60, 30, 58]","[56, 36, 8, 8, 37, 15, 3, 3, 24, 58, 6, 58, 24, 46, 36, 24, 55, 28, 6, 30, 7, 69, 8, 46, 68, 8, 55, 50, 49, 39, 60, 36, 58]","[1, 1, 0, 0, 1, 1, 1, 1, 1, 1, 1, 1, 0, 1, 1, 1, 1, 1, 1, 1, 1, 1, 1, 1, 0, 1, 1, 1, 0, 0, 1, 1, 1, 1, 0, 1]","[0, 0, 1, 1, 0, 0, 0, 0, 0, 0, 0, 0, 1, 0, 0, 0, 0, 0, 0, 0, 0, 0, 0, 0, 1, 0, 0, 0, 1, 1, 0, 0, 0, 0, 1, 0]"
1507,L2_arctic_WAV/TLV_arctic_a0026,"[24, 3, 8, 28, 7, 58, 3, 6, 68, 49, 63, 64, 3, 63, 52, 50, 36, 31, 58, 67, 64, 39, 3, 24, 37, 49, 8, 55, 8, 28, 15, 55, 3, 24, 10]","[24, 46, 8, 28, 40, 7, 55, 3, 3, 6, 68, 49, 58, 64, 46, 58, 52, 36, 31, 22, 67, 64, 48, 3, 24, 37, 49, 8, 55, 8, 28, 15, 3, 24, 10]","[1, 0, 1, 1, 1, 0, 1, 1, 1, 1, 0, 1, 0, 0, 1, 0, 1, 1, 0, 1, 1, 0, 1, 1, 1, 1, 1, 1, 1, 1, 1, 0, 1, 1, 1]","[0, 1, 0, 0, 0, 1, 0, 0, 0, 0, 1, 0, 1, 1, 0, 1, 0, 0, 1, 0, 0, 1, 0, 0, 0, 0, 0, 0, 0, 0, 0, 1, 0, 0, 0]"
1508,L2_arctic_WAV/TLV_arctic_a0027,"[3, 6, 68, 56, 46, 7, 48, 50, 56, 70, 67, 49, 37, 49, 59, 64, 55, 3, 6, 9, 14, 64, 28, 35, 8, 36, 8, 30, 24, 55, 22, 6, 70, 49, 64, 70, 8, 68, 24, 55, 68, 56, 54, 60, 39, 7]","[3, 6, 68, 56, 46, 8, 37, 50, 56, 67, 49, 37, 49, 59, 49, 55, 3, 6, 9, 14, 64, 28, 35, 8, 36, 6, 8, 24, 55, 3, 6, 46, 49, 64, 70, 8, 68, 24, 55, 68, 56, 54, 60, 39, 7]","[1, 1, 1, 1, 1, 0, 0, 1, 1, 0, 1, 1, 1, 1, 1, 0, 1, 1, 1, 1, 1, 1, 1, 1, 1, 1, 1, 0, 1, 1, 0, 1, 0, 1, 1, 1, 1, 1, 1, 1, 1, 1, 1, 1, 1, 1]","[0, 0, 0, 0, 0, 1, 1, 0, 0, 1, 0, 0, 0, 0, 0, 1, 0, 0, 0, 0, 0, 0, 0, 0, 0, 0, 1, 1, 0, 0, 1, 0, 1, 0, 0, 0, 0, 0, 0, 0, 0, 0, 0, 0, 0, 0]"
1509,L2_arctic_WAV/TLV_arctic_a0028,"[50, 17, 37, 7, 49, 37, 50, 56, 37, 7, 49, 54, 50, 40, 58]","[50, 40, 37, 7, 49, 37, 50, 56, 37, 7, 49, 54, 50, 40, 3]","[1, 0, 1, 1, 1, 1, 1, 1, 1, 1, 1, 1, 1, 1, 0]","[0, 1, 0, 0, 0, 0, 0, 0, 0, 0, 0, 0, 0, 0, 1]"
1510,L2_arctic_WAV/TLV_arctic_a0029,"[63, 52, 50, 54, 40, 50, 46, 24, 70, 36, 7, 40, 50, 52, 58, 49, 68, 6, 39, 24, 10, 24, 55, 3, 6, 63, 8, 55, 40, 50, 22, 28, 8, 55, 3, 50, 49]","[63, 52, 50, 54, 40, 50, 46, 36, 8, 40, 50, 52, 58, 49, 68, 6, 36, 24, 10, 49, 55, 3, 6, 58, 8, 55, 40, 22, 28, 8, 55, 3, 50, 49]","[1, 1, 1, 1, 1, 1, 1, 0, 0, 1, 0, 1, 1, 1, 1, 1, 1, 1, 0, 1, 1, 0, 1, 1, 1, 0, 1, 1, 1, 0, 1, 1, 1, 1, 1, 1, 1]","[0, 0, 0, 0, 0, 0, 0, 1, 1, 0, 1, 0, 0, 0, 0, 0, 0, 0, 1, 0, 0, 1, 0, 0, 0, 1, 0, 0, 0, 1, 0, 0, 0, 0, 0, 0, 0]"
1511,L2_arctic_WAV/TLV_arctic_a0030,"[56, 67, 64, 58, 54, 60, 22, 24, 55, 63, 52, 68]","[56, 67, 64, 58, 54, 60, 22, 24, 55, 58, 52, 68]","[1, 1, 1, 1, 1, 1, 1, 1, 1, 0, 1, 1]","[0, 0, 0, 0, 0, 0, 0, 0, 0, 1, 0, 0]"
1512,L2_arctic_WAV/TLV_arctic_a0031,"[63, 60, 36, 7, 22, 50, 49, 67, 8, 55, 58, 50, 8, 58, 29, 17, 50, 58, 70, 8, 48, 17, 50, 3]","[58, 60, 36, 7, 3, 50, 49, 67, 8, 55, 50, 8, 58, 29, 17, 50, 3, 46, 8, 48, 17, 50]","[0, 1, 1, 1, 0, 1, 1, 1, 1, 1, 0, 1, 1, 1, 1, 1, 1, 0, 0, 1, 1, 1, 1, 0]","[1, 0, 0, 0, 1, 0, 0, 0, 0, 0, 1, 0, 0, 0, 0, 0, 0, 1, 1, 0, 0, 0, 0, 1]"
1513,L2_arctic_WAV/TLV_arctic_a0032,"[46, 24, 55, 46, 63, 52, 55, 46, 8, 68, 68, 24, 46, 3, 24, 50, 49, 8, 46, 54, 40, 50, 46, 67, 64, 70, 37, 24, 55, 54, 56, 3, 24, 10, 8, 46, 64, 3, 52, 39, 50, 49, 46, 3, 52, 48]","[46, 24, 55, 58, 52, 55, 46, 8, 68, 68, 24, 3, 24, 50, 49, 8, 46, 54, 40, 50, 3, 67, 64, 70, 37, 24, 55, 54, 56, 3, 24, 10, 7, 46, 64, 3, 52, 39, 50, 49, 46, 3, 52, 48]","[1, 1, 1, 0, 0, 1, 1, 1, 1, 1, 1, 1, 0, 1, 1, 1, 1, 1, 1, 1, 1, 1, 0, 1, 1, 1, 1, 1, 1, 1, 1, 1, 1, 1, 0, 1, 1, 1, 1, 1, 1, 1, 1, 1, 1, 1]","[0, 0, 0, 1, 1, 0, 0, 0, 0, 0, 0, 0, 1, 0, 0, 0, 0, 0, 0, 0, 0, 0, 1, 0, 0, 0, 0, 0, 0, 0, 0, 0, 0, 0, 1, 0, 0, 0, 0, 0, 0, 0, 0, 0, 0, 0]"
1514,L2_arctic_WAV/TLV_arctic_a0036,"[9, 49, 3, 7, 55, 58, 24, 55, 64, 3, 63, 49, 67, 14, 3, 52, 30]","[46, 49, 3, 7, 55, 3, 49, 55, 64, 3, 58, 49, 67, 14, 3, 52, 36]","[0, 1, 1, 1, 1, 0, 0, 1, 1, 1, 0, 1, 1, 1, 1, 1, 0]","[1, 0, 0, 0, 0, 1, 1, 0, 0, 0, 1, 0, 0, 0, 0, 0, 1]"
1515,L2_arctic_WAV/TLV_arctic_a0037,"[56, 36, 17, 70, 63, 49, 14, 55, 30, 49, 36, 8, 55, 67, 6, 50, 49, 68, 60, 55, 58, 46, 24, 3, 24, 10]","[56, 36, 7, 58, 49, 40, 10, 30, 49, 36, 8, 55, 67, 6, 50, 49, 68, 60, 55, 58, 46, 24, 3, 24, 10]","[1, 1, 0, 0, 0, 1, 0, 0, 1, 1, 1, 1, 1, 1, 1, 1, 1, 1, 1, 1, 1, 1, 1, 1, 1, 1]","[0, 0, 1, 1, 1, 0, 1, 1, 0, 0, 0, 0, 0, 0, 0, 0, 0, 0, 0, 0, 0, 0, 0, 0, 0, 0]"
1516,L2_arctic_WAV/TLV_arctic_a0038,"[36, 49, 30, 67, 64, 39, 3, 6, 36, 17, 35, 15, 50, 35, 64, 55, 46, 8, 70]","[36, 49, 67, 64, 48, 3, 6, 36, 17, 35, 15, 35, 64, 55, 46]","[1, 1, 0, 1, 1, 0, 1, 1, 1, 1, 1, 1, 0, 1, 1, 1, 1, 0, 0]","[0, 0, 1, 0, 0, 1, 0, 0, 0, 0, 0, 0, 1, 0, 0, 0, 0, 1, 1]"
1517,L2_arctic_WAV/TLV_arctic_a0039,"[63, 8, 9, 24, 48, 9, 31, 58, 37, 49, 24, 55, 36, 24, 22, 24, 55, 8, 36, 49, 28, 40, 50, 3, 52, 55, 58, 60, 70]","[58, 8, 9, 49, 48, 9, 31, 58, 37, 49, 24, 55, 36, 24, 22, 24, 55, 8, 36, 49, 28, 40, 8, 3, 52, 55, 58, 60, 46]","[0, 1, 1, 0, 1, 1, 1, 1, 1, 1, 1, 1, 1, 1, 1, 1, 1, 1, 1, 1, 1, 1, 0, 1, 1, 1, 1, 1, 0]","[1, 0, 0, 1, 0, 0, 0, 0, 0, 0, 0, 0, 0, 0, 0, 0, 0, 0, 0, 0, 0, 0, 1, 0, 0, 0, 0, 0, 1]"
1518,L2_arctic_WAV/TLV_arctic_a0040,"[56, 46, 8, 48, 14, 70, 29, 6, 36, 8, 55, 58, 7, 36, 56, 9, 49, 24, 70, 28, 8, 68, 24, 10, 8, 48, 67, 49, 50]","[56, 46, 8, 48, 14, 3, 6, 29, 6, 36, 8, 55, 58, 8, 36, 56, 46, 49, 24, 28, 8, 68, 24, 10, 8, 48, 67, 49, 50]","[1, 1, 1, 1, 1, 0, 1, 1, 1, 1, 1, 1, 0, 1, 1, 0, 1, 1, 0, 1, 1, 1, 1, 1, 1, 1, 1, 1, 1]","[0, 0, 0, 0, 0, 1, 0, 0, 0, 0, 0, 0, 1, 0, 0, 1, 0, 0, 1, 0, 0, 0, 0, 0, 0, 0, 0, 0, 0]"
1519,L2_arctic_WAV/TLV_arctic_a0041,"[68, 49, 55, 36, 56, 30, 56, 30, 59, 14, 15, 3, 3, 8, 37, 50, 49, 63, 8, 46, 48, 52, 30]","[68, 49, 55, 36, 56, 20, 36, 59, 14, 15, 3, 8, 37, 50, 52, 22, 8, 46, 48, 52, 36]","[1, 1, 1, 1, 1, 0, 0, 0, 1, 1, 1, 0, 1, 1, 1, 1, 0, 0, 1, 1, 1, 1, 0]","[0, 0, 0, 0, 0, 1, 1, 1, 0, 0, 0, 1, 0, 0, 0, 0, 1, 1, 0, 0, 0, 0, 1]"
1520,L2_arctic_WAV/TLV_arctic_a0042,"[67, 15, 28, 31, 58, 67, 49, 24, 28, 46, 48, 30, 60, 55, 67, 24, 70, 48, 8, 70, 52, 9, 8, 55, 8, 39, 63, 8, 46, 28, 52, 35]","[67, 15, 28, 31, 3, 67, 49, 24, 46, 48, 30, 60, 55, 67, 24, 70, 48, 14, 46, 52, 9, 8, 55, 40, 48, 58, 8, 28, 52, 46]","[1, 1, 1, 1, 0, 1, 1, 1, 0, 1, 1, 1, 1, 1, 1, 1, 1, 1, 0, 0, 1, 1, 1, 1, 0, 0, 0, 1, 0, 1, 1, 0]","[0, 0, 0, 0, 1, 0, 0, 0, 1, 0, 0, 0, 0, 0, 0, 0, 0, 0, 1, 1, 0, 0, 0, 0, 1, 1, 1, 0, 1, 0, 0, 1]"
1521,L2_arctic_WAV/TLV_arctic_a0045,"[67, 49, 68, 6, 39, 58, 8, 36, 60, 64, 70, 28, 36, 56, 8, 3, 30, 49, 64, 70, 67, 49, 67, 64, 58, 28, 8, 68]","[67, 49, 68, 6, 3, 8, 36, 60, 64, 28, 36, 56, 8, 3, 30, 49, 64, 3, 67, 49, 67, 64, 46, 28, 17, 68]","[1, 1, 1, 1, 0, 0, 1, 1, 1, 1, 0, 1, 1, 1, 1, 1, 1, 1, 1, 0, 1, 1, 1, 1, 0, 1, 0, 1]","[0, 0, 0, 0, 1, 1, 0, 0, 0, 0, 1, 0, 0, 0, 0, 0, 0, 0, 0, 1, 0, 0, 0, 0, 1, 0, 1, 0]"
1522,L2_arctic_WAV/TLV_arctic_a0046,"[63, 8, 59, 7, 30, 54, 60, 46, 3, 67, 24, 68, 67, 7, 56, 70, 9, 56, 55, 24, 10, 36, 24, 22, 46, 8, 58, 8, 55, 54, 24, 50]","[58, 8, 59, 7, 54, 60, 46, 67, 49, 68, 67, 7, 56, 70, 46, 56, 55, 24, 10, 36, 24, 3, 46, 8, 58, 8, 55, 54, 24, 50]","[0, 1, 1, 1, 0, 1, 1, 1, 0, 1, 0, 1, 1, 1, 1, 1, 0, 1, 1, 1, 1, 1, 1, 0, 1, 1, 1, 1, 1, 1, 1, 1]","[1, 0, 0, 0, 1, 0, 0, 0, 1, 0, 1, 0, 0, 0, 0, 0, 1, 0, 0, 0, 0, 0, 0, 1, 0, 0, 0, 0, 0, 0, 0, 0]"
1523,L2_arctic_WAV/TLV_arctic_a0047,"[28, 30, 14, 46, 37, 49, 46, 56, 58, 67, 24, 68, 59, 30, 49, 68, 58, 63, 8, 36, 56, 3, 54, 64, 10, 70, 8, 39, 63, 8, 36, 31, 30, 54, 58, 40, 59]","[59, 30, 14, 46, 37, 49, 46, 56, 67, 49, 68, 59, 30, 49, 55, 58, 58, 8, 36, 56, 54, 64, 10, 46, 40, 37, 58, 8, 36, 31, 54, 58, 40, 28]","[0, 1, 1, 1, 1, 1, 1, 1, 0, 1, 0, 1, 1, 1, 1, 0, 1, 0, 1, 1, 1, 0, 1, 1, 1, 0, 0, 0, 0, 1, 1, 1, 0, 1, 1, 1, 0]","[1, 0, 0, 0, 0, 0, 0, 0, 1, 0, 1, 0, 0, 0, 0, 1, 0, 1, 0, 0, 0, 1, 0, 0, 0, 1, 1, 1, 1, 0, 0, 0, 1, 0, 0, 0, 1]"
1524,L2_arctic_WAV/TLV_arctic_a0048,"[67, 49, 30, 31, 28, 3, 64, 3, 63, 49, 67, 64, 10, 28, 7, 35, 24, 54, 68, 40, 50, 28, 30, 14, 46, 30, 49]","[67, 49, 30, 31, 28, 64, 3, 58, 32, 67, 64, 10, 28, 7, 35, 24, 54, 68, 40, 50, 46, 59, 30, 14, 46, 30, 49]","[1, 1, 1, 1, 1, 0, 1, 1, 0, 0, 1, 1, 1, 1, 1, 1, 1, 1, 1, 1, 1, 0, 1, 1, 1, 1, 1]","[0, 0, 0, 0, 0, 1, 0, 0, 1, 1, 0, 0, 0, 0, 0, 0, 0, 0, 0, 0, 0, 1, 0, 0, 0, 0, 0]"
1525,L2_arctic_WAV/TLV_arctic_a0051,"[63, 8, 30, 60, 46, 36, 17, 70, 8, 39, 8, 58, 52, 30, 8, 28, 8, 3, 56, 39, 7, 49, 28, 8, 30, 7, 54, 60, 55, 3, 30, 49, 3, 24, 55, 3, 24, 58, 36, 24, 22, 29, 52, 30, 14]","[58, 8, 30, 60, 46, 36, 7, 8, 58, 52, 30, 24, 28, 60, 3, 56, 36, 7, 49, 28, 8, 30, 7, 54, 64, 55, 46, 30, 49, 3, 24, 55, 3, 36, 24, 22, 29, 52, 30, 14]","[0, 1, 1, 1, 1, 1, 0, 0, 0, 0, 1, 1, 1, 1, 0, 1, 0, 1, 1, 0, 1, 1, 1, 1, 1, 1, 1, 0, 1, 0, 1, 1, 1, 1, 1, 1, 0, 0, 1, 1, 1, 1, 1, 1, 1]","[1, 0, 0, 0, 0, 0, 1, 1, 1, 1, 0, 0, 0, 0, 1, 0, 1, 0, 0, 1, 0, 0, 0, 0, 0, 0, 0, 1, 0, 1, 0, 0, 0, 0, 0, 0, 1, 1, 0, 0, 0, 0, 0, 0, 0]"
1526,L2_arctic_WAV/TLV_arctic_a0052,"[24, 3, 36, 8, 70, 60, 28, 29, 31, 50, 49, 8, 46, 28, 14, 24, 55, 46, 24, 58, 8, 55, 46]","[24, 46, 36, 8, 28, 29, 31, 50, 49, 8, 46, 28, 14, 24, 55, 46, 49, 58, 8, 55, 46]","[1, 0, 1, 1, 0, 0, 1, 1, 1, 1, 1, 1, 1, 1, 1, 1, 1, 1, 0, 1, 1, 1, 1]","[0, 1, 0, 0, 1, 1, 0, 0, 0, 0, 0, 0, 0, 0, 0, 0, 0, 0, 1, 0, 0, 0, 0]"
1527,L2_arctic_WAV/TLV_arctic_a0053,"[46, 8, 58, 8, 55, 30, 49, 67, 24, 70, 54, 24, 10, 59, 7, 70, 28, 30, 14, 70, 58, 3, 56, 3, 30, 49, 14, 39, 7, 63, 8, 67, 64, 10, 28, 7, 35, 24, 54]","[9, 8, 58, 8, 55, 30, 49, 67, 24, 70, 54, 24, 10, 59, 7, 70, 59, 30, 14, 3, 56, 30, 49, 14, 39, 8, 58, 8, 67, 64, 10, 28, 8, 35, 24, 48]","[0, 1, 1, 1, 1, 1, 1, 1, 1, 1, 1, 1, 1, 1, 1, 1, 0, 1, 1, 0, 0, 1, 1, 0, 1, 1, 1, 1, 0, 0, 1, 1, 1, 1, 1, 0, 1, 1, 0]","[1, 0, 0, 0, 0, 0, 0, 0, 0, 0, 0, 0, 0, 0, 0, 0, 1, 0, 0, 1, 1, 0, 0, 1, 0, 0, 0, 0, 1, 1, 0, 0, 0, 0, 0, 1, 0, 0, 1]"
1528,L2_arctic_WAV/TLV_arctic_a0054,"[63, 52, 50, 36, 40, 70, 55, 8, 22, 24, 10, 17, 55, 63, 8, 50, 17, 28]","[58, 52, 36, 40, 55, 40, 22, 24, 10, 17, 55, 58, 8, 50, 17, 28]","[0, 1, 0, 1, 1, 0, 1, 0, 1, 1, 1, 1, 1, 0, 1, 1, 1, 1]","[1, 0, 1, 0, 0, 1, 0, 1, 0, 0, 0, 0, 0, 1, 0, 0, 0, 0]"
1529,L2_arctic_WAV/TLV_arctic_a0058,"[56, 28, 60, 68, 54, 40, 50, 24, 55, 54, 40, 50, 68, 60, 9, 8, 55, 68, 40, 50, 15, 3, 8, 39, 28, 29, 31, 50, 49, 17, 46, 8, 3, 49, 63, 64, 55, 52, 55, 49, 22, 24, 10, 52, 30, 46]","[56, 28, 60, 68, 54, 40, 24, 55, 54, 40, 68, 60, 9, 8, 55, 68, 40, 15, 40, 48, 28, 29, 31, 50, 49, 17, 46, 8, 3, 49, 58, 64, 55, 52, 55, 49, 22, 24, 10, 52, 36, 46]","[1, 1, 1, 1, 1, 1, 0, 1, 1, 1, 1, 0, 1, 1, 1, 1, 1, 1, 1, 0, 1, 0, 0, 0, 1, 1, 1, 1, 1, 1, 1, 1, 1, 1, 0, 1, 1, 1, 1, 1, 1, 1, 1, 1, 0, 1]","[0, 0, 0, 0, 0, 0, 1, 0, 0, 0, 0, 1, 0, 0, 0, 0, 0, 0, 0, 1, 0, 1, 1, 1, 0, 0, 0, 0, 0, 0, 0, 0, 0, 0, 1, 0, 0, 0, 0, 0, 0, 0, 0, 0, 1, 0]"
1530,L2_arctic_WAV/TLV_arctic_a0059,"[67, 24, 70, 24, 68, 64, 28, 29, 6, 30, 24, 3, 8, 48, 24, 50, 8, 55, 46, 36, 40, 70, 59, 40, 55]","[67, 49, 46, 24, 68, 60, 28, 29, 6, 30, 60, 3, 8, 48, 24, 50, 8, 55, 36, 8, 59, 40, 55]","[1, 0, 0, 1, 1, 0, 1, 1, 1, 1, 0, 1, 1, 1, 1, 1, 1, 1, 0, 1, 0, 0, 1, 1, 1]","[0, 1, 1, 0, 0, 1, 0, 0, 0, 0, 1, 0, 0, 0, 0, 0, 0, 0, 1, 0, 1, 1, 0, 0, 0]"
1531,L2_arctic_WAV/TLV_arctic_a0060,"[52, 55, 49, 36, 60, 55, 14, 36, 8, 55, 46, 40, 67, 7, 30, 56, 28, 63, 64, 3]","[52, 55, 49, 36, 60, 55, 14, 36, 8, 55, 46, 40, 67, 7, 30, 56, 58, 64, 3]","[1, 1, 1, 1, 1, 1, 1, 1, 1, 1, 1, 1, 1, 1, 1, 1, 0, 0, 1, 1]","[0, 0, 0, 0, 0, 0, 0, 0, 0, 0, 0, 0, 0, 0, 0, 0, 1, 1, 0, 0]"
1532,L2_arctic_WAV/TLV_arctic_a0062,"[63, 8, 68, 52, 55, 46, 3, 52, 50, 58, 24, 55, 3, 6, 49, 35, 8, 63, 7, 70, 54, 60, 46]","[58, 8, 68, 52, 55, 46, 3, 52, 50, 58, 24, 55, 3, 6, 49, 46, 17, 63, 8, 54, 60, 46]","[0, 1, 1, 1, 1, 1, 1, 1, 1, 1, 1, 1, 1, 1, 1, 0, 0, 1, 0, 0, 1, 1, 1]","[1, 0, 0, 0, 0, 0, 0, 0, 0, 0, 0, 0, 0, 0, 0, 1, 1, 0, 1, 1, 0, 0, 0]"
1533,L2_arctic_WAV/TLV_arctic_a0063,"[29, 52, 46, 24, 3, 36, 40, 70, 8, 68, 64, 55, 67, 6, 64, 46, 3, 8, 46, 3, 50, 60, 55, 69, 7]","[29, 52, 3, 24, 46, 36, 8, 8, 68, 64, 55, 67, 6, 20, 46, 3, 8, 3, 50, 60, 55, 69, 7]","[1, 1, 0, 1, 0, 1, 0, 0, 1, 1, 1, 1, 1, 1, 0, 1, 1, 1, 0, 1, 1, 1, 1, 1, 1]","[0, 0, 1, 0, 1, 0, 1, 1, 0, 0, 0, 0, 0, 0, 1, 0, 0, 0, 1, 0, 0, 0, 0, 0, 0]"
1534,L2_arctic_WAV/TLV_arctic_a0064,"[63, 8, 54, 40, 50, 22, 64, 55, 58, 54, 24, 54, 22, 58, 60, 70, 48, 64, 46, 3, 36, 24, 22, 15, 3, 52, 55, 49, 58, 24, 39, 52, 30, 8, 48, 68, 8, 55, 3, 46]","[58, 8, 54, 40, 22, 64, 55, 58, 54, 24, 54, 22, 58, 60, 70, 48, 20, 46, 36, 24, 22, 15, 3, 52, 55, 49, 58, 24, 39, 11, 30, 8, 48, 68, 8, 55, 3, 46]","[0, 1, 1, 1, 0, 1, 1, 1, 1, 1, 1, 1, 1, 1, 1, 1, 1, 0, 1, 0, 1, 1, 1, 1, 1, 1, 1, 1, 1, 1, 1, 0, 1, 1, 1, 1, 1, 1, 1, 1]","[1, 0, 0, 0, 1, 0, 0, 0, 0, 0, 0, 0, 0, 0, 0, 0, 0, 1, 0, 1, 0, 0, 0, 0, 0, 0, 0, 0, 0, 0, 0, 1, 0, 0, 0, 0, 0, 0, 0, 0]"
1535,L2_arctic_WAV/TLV_arctic_a0065,"[63, 60, 28, 30, 14, 70, 58, 55, 15, 8, 55, 3, 24, 30, 67, 24, 70, 54, 24, 10, 59, 7, 70, 36, 7, 30, 56, 28, 28, 40, 50, 58, 70, 8, 39, 46, 3, 49, 30]","[58, 60, 28, 30, 14, 3, 46, 55, 15, 8, 55, 3, 24, 36, 67, 24, 70, 54, 24, 10, 59, 7, 46, 36, 8, 30, 56, 28, 28, 16, 50, 46, 15, 48, 46, 3, 49, 36]","[0, 1, 1, 1, 1, 0, 0, 1, 1, 1, 1, 1, 1, 0, 1, 1, 1, 1, 1, 1, 1, 1, 0, 1, 0, 1, 1, 1, 1, 0, 1, 0, 0, 0, 0, 1, 1, 1, 0]","[1, 0, 0, 0, 0, 1, 1, 0, 0, 0, 0, 0, 0, 1, 0, 0, 0, 0, 0, 0, 0, 0, 1, 0, 1, 0, 0, 0, 0, 1, 0, 1, 1, 1, 1, 0, 0, 0, 1]"
1536,L2_arctic_WAV/TLV_arctic_a0067,"[9, 31, 50, 30, 49, 56, 36, 24, 30, 24, 28, 46, 28, 29, 6, 70, 29, 6, 9, 49, 28, 50, 56, 58]","[9, 31, 30, 49, 56, 36, 24, 36, 24, 46, 28, 29, 6, 29, 6, 46, 49, 28, 50, 56, 3]","[1, 1, 0, 1, 1, 1, 1, 1, 0, 1, 0, 1, 1, 1, 1, 0, 1, 1, 0, 1, 1, 1, 1, 0]","[0, 0, 1, 0, 0, 0, 0, 0, 1, 0, 1, 0, 0, 0, 0, 1, 0, 0, 1, 0, 0, 0, 0, 1]"
1537,L2_arctic_WAV/TLV_arctic_a0071,"[36, 8, 3, 36, 40, 70, 63, 49, 17, 37, 69, 52, 28, 3, 8, 39, 29, 40, 50, 30, 24, 3, 8, 30, 46, 52, 55, 46, 60, 9, 8, 55]","[36, 8, 3, 36, 7, 58, 49, 17, 37, 69, 52, 28, 46, 40, 48, 29, 40, 30, 24, 3, 34, 9, 52, 55, 9, 60, 9, 8, 55]","[1, 1, 1, 1, 0, 0, 0, 1, 1, 1, 1, 1, 1, 0, 0, 0, 1, 1, 0, 1, 1, 1, 0, 0, 0, 1, 1, 0, 1, 1, 1, 1]","[0, 0, 0, 0, 1, 1, 1, 0, 0, 0, 0, 0, 0, 1, 1, 1, 0, 0, 1, 0, 0, 0, 1, 1, 1, 0, 0, 1, 0, 0, 0, 0]"
1538,L2_arctic_WAV/TLV_arctic_a0073,"[63, 8, 48, 50, 8, 68, 14, 3, 7, 70, 56, 70, 36, 7, 67, 52, 39, 49, 36, 24, 63, 30, 24, 3, 8, 30, 48, 8, 54, 49, 37, 64, 59, 70, 8, 55, 58, 7, 63, 8, 68]","[58, 8, 50, 8, 68, 14, 3, 8, 46, 56, 36, 8, 67, 52, 39, 49, 36, 24, 58, 30, 24, 3, 34, 37, 8, 54, 49, 37, 64, 28, 46, 8, 55, 58, 8, 58, 8, 68]","[0, 1, 0, 1, 1, 1, 1, 1, 0, 0, 1, 0, 1, 0, 1, 1, 1, 1, 1, 1, 0, 1, 1, 1, 0, 0, 0, 1, 1, 1, 1, 1, 0, 0, 1, 1, 1, 0, 0, 1, 1]","[1, 0, 1, 0, 0, 0, 0, 0, 1, 1, 0, 1, 0, 1, 0, 0, 0, 0, 0, 0, 1, 0, 0, 0, 1, 1, 1, 0, 0, 0, 0, 0, 1, 1, 0, 0, 0, 1, 1, 0, 0]"
1539,L2_arctic_WAV/TLV_arctic_a0075,"[63, 52, 50, 67, 64, 70, 37, 24, 55, 8, 35, 60, 55, 69, 9, 49, 24, 55, 3, 7, 8, 48, 3, 24, 58, 67, 24, 68]","[58, 52, 67, 64, 37, 49, 55, 8, 35, 60, 10, 46, 46, 49, 24, 55, 3, 7, 8, 48, 3, 67, 24, 68]","[0, 1, 0, 1, 1, 0, 1, 0, 1, 1, 1, 1, 0, 0, 0, 1, 1, 1, 1, 1, 1, 1, 1, 0, 0, 1, 1, 1]","[1, 0, 1, 0, 0, 1, 0, 1, 0, 0, 0, 0, 1, 1, 1, 0, 0, 0, 0, 0, 0, 0, 0, 1, 1, 0, 0, 0]"
1540,L2_arctic_WAV/TLV_arctic_a0076,"[63, 8, 59, 50, 60, 56, 70, 54, 17, 30, 3, 7, 58, 63, 8, 54, 30, 8, 9, 58, 49, 48, 8, 55, 58]","[58, 8, 28, 50, 60, 56, 46, 54, 17, 55, 3, 7, 58, 8, 54, 30, 8, 46, 58, 49, 48, 8, 55, 8]","[0, 1, 0, 1, 1, 1, 0, 1, 1, 0, 1, 1, 1, 0, 1, 1, 1, 1, 0, 1, 1, 1, 1, 1, 0]","[1, 0, 1, 0, 0, 0, 1, 0, 0, 1, 0, 0, 0, 1, 0, 0, 0, 0, 1, 0, 0, 0, 0, 0, 1]"
1541,L2_arctic_WAV/TLV_arctic_a0077,"[24, 3, 24, 70, 63, 8, 54, 56, 50, 48, 17, 50, 3, 30, 49, 9, 49, 46, 52, 58]","[24, 46, 24, 3, 58, 8, 54, 56, 48, 17, 50, 3, 30, 49, 46, 49, 46, 52, 3]","[1, 0, 1, 0, 0, 1, 1, 1, 0, 1, 1, 1, 1, 1, 1, 0, 1, 1, 1, 0]","[0, 1, 0, 1, 1, 0, 0, 0, 1, 0, 0, 0, 0, 0, 0, 1, 0, 0, 0, 1]"
1542,L2_arctic_WAV/TLV_arctic_a0078,"[63, 52, 55, 64, 55, 58, 64, 3, 46, 8, 48, 7, 67, 49, 3, 50, 56, 58, 3, 6, 54, 64, 63, 8, 68, 67, 7]","[58, 52, 55, 64, 55, 64, 46, 46, 8, 48, 7, 67, 49, 3, 50, 56, 58, 3, 6, 54, 64, 3, 8, 68, 67, 7]","[0, 1, 1, 1, 1, 0, 1, 0, 1, 1, 1, 1, 1, 1, 1, 1, 1, 1, 1, 1, 1, 1, 0, 1, 1, 1, 1]","[1, 0, 0, 0, 0, 1, 0, 1, 0, 0, 0, 0, 0, 0, 0, 0, 0, 0, 0, 0, 0, 0, 1, 0, 0, 0, 0]"
1543,L2_arctic_WAV/TLV_arctic_a0079,"[24, 3, 36, 40, 70, 8, 30, 17, 50, 69, 28, 8, 55, 6]","[24, 46, 36, 8, 8, 30, 17, 46, 28, 20, 55, 6]","[1, 0, 1, 0, 0, 1, 1, 1, 0, 0, 1, 0, 1, 1]","[0, 1, 0, 1, 1, 0, 0, 0, 1, 1, 0, 1, 0, 0]"
1544,L2_arctic_WAV/TLV_arctic_a0081,"[36, 8, 3, 24, 54, 9, 49, 58, 24, 58, 55, 17, 3, 28, 8, 68, 3, 6, 63, 8, 50, 17, 28]","[36, 8, 3, 49, 54, 46, 49, 58, 24, 58, 55, 17, 3, 28, 8, 68, 3, 6, 58, 8, 50, 17, 28]","[1, 1, 1, 0, 1, 0, 1, 1, 1, 1, 1, 1, 1, 1, 1, 1, 1, 1, 0, 1, 1, 1, 1]","[0, 0, 0, 1, 0, 1, 0, 0, 0, 0, 0, 0, 0, 0, 0, 0, 0, 0, 1, 0, 0, 0, 0]"
1545,L2_arctic_WAV/TLV_arctic_a0082,"[67, 24, 70, 54, 60, 46, 36, 8, 70, 46, 3, 50, 49, 68, 24, 10, 36, 24, 22, 37, 30, 8, 58]","[67, 49, 46, 54, 60, 46, 36, 8, 3, 50, 49, 68, 24, 10, 36, 24, 3, 37, 30, 8, 3]","[1, 0, 0, 1, 1, 1, 1, 1, 0, 0, 1, 1, 1, 1, 1, 1, 1, 1, 0, 1, 1, 1, 0]","[0, 1, 1, 0, 0, 0, 0, 0, 1, 1, 0, 0, 0, 0, 0, 0, 0, 0, 1, 0, 0, 0, 1]"
1546,L2_arctic_WAV/TLV_arctic_a0085,"[8, 3, 50, 24, 28, 8, 30, 8, 39, 54, 50, 52, 9, 37, 30, 8, 58, 50, 64, 55, 14, 39, 7, 67, 24, 70, 54, 60, 46]","[8, 3, 50, 24, 28, 34, 40, 48, 54, 50, 52, 9, 37, 30, 8, 58, 50, 64, 55, 40, 39, 8, 67, 24, 46, 54, 60, 46]","[1, 1, 1, 1, 1, 0, 0, 0, 0, 1, 1, 1, 1, 1, 1, 1, 1, 1, 1, 1, 0, 1, 0, 1, 1, 0, 1, 1, 1]","[0, 0, 0, 0, 0, 1, 1, 1, 1, 0, 0, 0, 0, 0, 0, 0, 0, 0, 0, 0, 1, 0, 1, 0, 0, 1, 0, 0, 0]"
1547,L2_arctic_WAV/TLV_arctic_a0086,"[58, 52, 22, 67, 64, 58, 28, 8, 68, 36, 24, 22, 3, 52, 50, 8, 37, 8, 30, 46, 8, 58, 8, 55, 55, 8, 46]","[58, 52, 22, 67, 64, 58, 28, 17, 68, 36, 24, 3, 3, 52, 50, 8, 37, 34, 46, 8, 58, 8, 55, 55, 8, 3]","[1, 1, 1, 1, 1, 1, 1, 0, 1, 1, 1, 0, 1, 1, 1, 1, 1, 0, 0, 1, 1, 1, 1, 1, 1, 1, 0]","[0, 0, 0, 0, 0, 0, 0, 1, 0, 0, 0, 1, 0, 0, 0, 0, 0, 1, 1, 0, 0, 0, 0, 0, 0, 0, 1]"
1548,L2_arctic_WAV/TLV_arctic_a0088,"[67, 49, 68, 60, 58, 9, 31, 50, 63, 64, 3, 63, 8, 68, 64, 59, 8, 70, 49, 55, 36, 40, 70, 30, 14, 58, 8, 58, 64, 55, 58, 50, 49, 70, 6, 68, 58, 67, 24, 70, 48, 64, 58, 8, 30, 24, 10]","[67, 49, 68, 32, 58, 9, 31, 58, 20, 3, 58, 8, 68, 64, 59, 8, 70, 49, 55, 36, 40, 30, 14, 58, 64, 55, 50, 49, 70, 6, 68, 61, 67, 24, 70, 48, 64, 58, 8, 30, 24, 10]","[1, 1, 1, 0, 1, 1, 1, 0, 0, 0, 1, 0, 1, 1, 1, 1, 1, 1, 1, 1, 1, 1, 0, 1, 1, 0, 0, 1, 1, 1, 0, 1, 1, 1, 1, 1, 0, 1, 1, 1, 1, 1, 1, 1, 1, 1, 1]","[0, 0, 0, 1, 0, 0, 0, 1, 1, 1, 0, 1, 0, 0, 0, 0, 0, 0, 0, 0, 0, 0, 1, 0, 0, 1, 1, 0, 0, 0, 1, 0, 0, 0, 0, 0, 1, 0, 0, 0, 0, 0, 0, 0, 0, 0, 0]"
1549,L2_arctic_WAV/TLV_arctic_a0089,"[63, 8, 55, 56, 3, 59, 30, 14, 36, 40, 70, 3, 50, 52, 35, 7, 8, 46, 3, 6, 9, 6, 3, 37, 56]","[58, 8, 55, 56, 59, 30, 14, 36, 40, 3, 50, 52, 35, 7, 8, 46, 3, 6, 9, 31, 3, 37, 56]","[0, 1, 1, 1, 0, 1, 1, 1, 1, 1, 0, 1, 1, 1, 1, 1, 1, 1, 1, 1, 1, 0, 1, 1, 1]","[1, 0, 0, 0, 1, 0, 0, 0, 0, 0, 1, 0, 0, 0, 0, 0, 0, 0, 0, 0, 0, 1, 0, 0, 0]"
1550,L2_arctic_WAV/TLV_arctic_a0090,"[63, 8, 46, 24, 10, 24, 10, 39, 57, 46, 8, 48, 50, 14, 35, 3, 50, 64, 48, 8, 58, 30, 49]","[58, 8, 46, 24, 10, 24, 10, 39, 57, 8, 48, 50, 14, 35, 50, 64, 48, 8, 58, 30, 49]","[0, 1, 1, 1, 1, 1, 1, 1, 1, 0, 1, 1, 1, 1, 1, 0, 1, 1, 1, 1, 1, 1, 1]","[1, 0, 0, 0, 0, 0, 0, 0, 0, 1, 0, 0, 0, 0, 0, 1, 0, 0, 0, 0, 0, 0, 0]"
1551,L2_arctic_WAV/TLV_arctic_a0091,"[67, 24, 70, 37, 30, 8, 58, 59, 50, 6, 67, 17, 3, 36, 24, 22, 50, 60, 69, 64, 3, 63, 8, 22, 40, 3]","[67, 24, 18, 37, 30, 8, 58, 28, 50, 6, 67, 17, 36, 24, 22, 59, 50, 60, 9, 64, 3, 58, 8, 3, 40, 54]","[1, 1, 0, 1, 1, 1, 1, 0, 1, 1, 1, 1, 0, 1, 1, 1, 1, 1, 0, 1, 1, 0, 1, 0, 1, 0]","[0, 0, 1, 0, 0, 0, 0, 1, 0, 0, 0, 0, 1, 0, 0, 0, 0, 0, 1, 0, 0, 1, 0, 1, 0, 1]"
1552,L2_arctic_WAV/TLV_arctic_a0092,"[67, 49, 36, 52, 55, 3, 58, 15, 55, 24, 55, 68, 24, 58, 46, 3, 50, 49, 68, 46, 7, 35, 24, 10, 63, 8, 9, 64, 58, 14, 70, 8, 39, 37, 14, 22, 9, 40, 50, 70]","[67, 49, 36, 52, 55, 3, 58, 15, 49, 55, 68, 24, 58, 25, 50, 49, 68, 9, 7, 35, 24, 10, 58, 8, 46, 64, 58, 14, 46, 8, 39, 37, 14, 22, 9, 40, 50, 70]","[1, 1, 1, 1, 1, 1, 1, 1, 0, 0, 1, 1, 1, 1, 0, 0, 1, 1, 1, 0, 1, 1, 1, 1, 0, 1, 0, 1, 1, 1, 0, 1, 1, 1, 1, 1, 1, 1, 1, 1]","[0, 0, 0, 0, 0, 0, 0, 0, 1, 1, 0, 0, 0, 0, 1, 1, 0, 0, 0, 1, 0, 0, 0, 0, 1, 0, 1, 0, 0, 0, 1, 0, 0, 0, 0, 0, 0, 0, 0, 0]"
1553,L2_arctic_WAV/TLV_arctic_a0093,"[54, 40, 50, 8, 54, 31, 30, 68, 24, 55, 8, 3, 67, 49, 28, 50, 15, 35, 3, 64, 55, 58, 30, 24, 46, 8, 55, 58]","[54, 40, 8, 54, 6, 68, 24, 55, 8, 3, 67, 49, 59, 50, 40, 35, 64, 55, 58, 30, 24, 46, 8, 55, 58]","[1, 1, 0, 1, 1, 0, 0, 1, 1, 1, 1, 1, 1, 1, 0, 1, 0, 1, 0, 1, 1, 1, 1, 1, 1, 1, 1, 1]","[0, 0, 1, 0, 0, 1, 1, 0, 0, 0, 0, 0, 0, 0, 1, 0, 1, 0, 1, 0, 0, 0, 0, 0, 0, 0, 0, 0]"
1554,L2_arctic_WAV/TLV_arctic_a0094,"[67, 49, 67, 64, 58, 37, 52, 50, 30, 49, 52, 55, 3, 7, 58, 63, 24, 46, 36, 24, 55, 67, 49, 46, 40, 63, 8, 59, 30, 14, 8, 39, 8, 54, 56, 50]","[67, 49, 67, 64, 46, 37, 52, 30, 49, 52, 55, 3, 7, 58, 24, 46, 36, 24, 55, 67, 49, 46, 40, 58, 8, 59, 30, 14, 40, 48, 8, 54, 56]","[1, 1, 1, 1, 0, 1, 1, 0, 1, 1, 1, 1, 1, 1, 1, 0, 1, 1, 1, 1, 1, 1, 1, 1, 1, 0, 1, 1, 1, 1, 0, 0, 1, 1, 1, 0]","[0, 0, 0, 0, 1, 0, 0, 1, 0, 0, 0, 0, 0, 0, 0, 1, 0, 0, 0, 0, 0, 0, 0, 0, 0, 1, 0, 0, 0, 0, 1, 1, 0, 0, 0, 1]"
1555,L2_arctic_WAV/TLV_arctic_a0095,"[8, 37, 24, 59, 28, 64, 55, 39, 8, 46, 3, 52, 55, 3, 36, 40, 70, 63, 8, 54, 7, 46, 3, 22, 24, 10, 3, 6, 28, 8, 68, 36, 24, 22, 24, 55, 67, 24, 70, 39, 24, 26, 8, 55]","[8, 37, 24, 28, 28, 64, 55, 39, 8, 3, 3, 52, 55, 36, 8, 58, 8, 54, 7, 22, 24, 10, 3, 6, 28, 20, 68, 36, 24, 22, 24, 55, 67, 24, 3, 39, 49, 9, 8, 55]","[1, 1, 1, 0, 1, 1, 1, 1, 1, 0, 1, 1, 1, 0, 1, 0, 0, 0, 1, 1, 1, 0, 0, 1, 1, 1, 1, 1, 1, 0, 1, 1, 1, 1, 1, 1, 1, 1, 0, 1, 0, 0, 1, 1]","[0, 0, 0, 1, 0, 0, 0, 0, 0, 1, 0, 0, 0, 1, 0, 1, 1, 1, 0, 0, 0, 1, 1, 0, 0, 0, 0, 0, 0, 1, 0, 0, 0, 0, 0, 0, 0, 0, 1, 0, 1, 1, 0, 0]"
1556,L2_arctic_WAV/TLV_arctic_a0096,"[48, 7, 67, 64, 48, 46, 9, 49, 67, 64, 58, 40, 30, 50, 52, 58, 49, 68, 52, 3, 67, 7, 54, 60, 3, 8, 30, 24, 3, 8, 30, 58, 49, 48, 7, 24, 55, 63, 8, 54, 40, 50, 8, 46, 3]","[48, 8, 67, 17, 48, 46, 46, 49, 67, 64, 58, 40, 30, 50, 52, 58, 49, 68, 52, 22, 67, 8, 54, 60, 22, 8, 3, 30, 24, 3, 8, 36, 58, 49, 48, 7, 24, 55, 58, 8, 54, 40, 50, 8, 46, 3]","[1, 0, 1, 0, 1, 1, 0, 1, 1, 1, 1, 1, 1, 1, 1, 1, 1, 1, 1, 0, 1, 0, 1, 1, 0, 1, 1, 1, 1, 1, 0, 1, 1, 1, 1, 1, 1, 0, 1, 1, 1, 1, 1, 1, 1]","[0, 1, 0, 1, 0, 0, 1, 0, 0, 0, 0, 0, 0, 0, 0, 0, 0, 0, 0, 1, 0, 1, 0, 0, 1, 0, 0, 0, 0, 0, 1, 0, 0, 0, 0, 0, 0, 1, 0, 0, 0, 0, 0, 0, 0]"
1557,L2_arctic_WAV/TLV_arctic_a0097,"[63, 52, 55, 29, 6, 28, 64, 55, 7, 60, 55, 69, 29, 7, 46, 52, 30, 54, 28, 8, 68, 54, 7, 3, 8, 37, 30, 49, 8, 68, 8, 10, 63, 49, 70, 50, 14, 37, 70, 24, 55, 63, 8, 37, 14]","[58, 52, 55, 29, 6, 28, 64, 55, 7, 60, 55, 69, 29, 7, 46, 52, 36, 28, 8, 68, 54, 8, 3, 37, 30, 49, 8, 68, 40, 10, 58, 14, 50, 14, 54, 46, 24, 55, 58, 8, 37, 14]","[0, 1, 1, 1, 1, 1, 1, 1, 1, 1, 1, 1, 1, 1, 1, 1, 0, 0, 1, 1, 1, 1, 0, 1, 0, 1, 1, 1, 1, 1, 0, 1, 0, 0, 0, 1, 1, 0, 0, 1, 1, 0, 1, 1, 1]","[1, 0, 0, 0, 0, 0, 0, 0, 0, 0, 0, 0, 0, 0, 0, 0, 1, 1, 0, 0, 0, 0, 1, 0, 1, 0, 0, 0, 0, 0, 1, 0, 1, 1, 1, 0, 0, 1, 1, 0, 0, 1, 0, 0, 0]"
1558,L2_arctic_WAV/TLV_arctic_a0098,"[9, 64, 30, 56, 28, 52, 50, 49, 29, 6]","[46, 64, 36, 56, 28, 52, 50, 49, 29, 6]","[0, 1, 0, 1, 1, 1, 1, 1, 1, 1]","[1, 0, 1, 0, 0, 0, 0, 0, 0, 0]"
1559,L2_arctic_WAV/TLV_arctic_a0099,"[8, 68, 64, 58, 8, 55, 24, 10, 69, 57, 48, 15, 55, 58, 24, 58, 24, 55, 67, 24, 70, 37, 50, 60, 55]","[8, 68, 64, 3, 8, 55, 24, 10, 69, 57, 48, 15, 58, 24, 55, 67, 24, 3, 37, 50, 60, 55]","[1, 1, 1, 0, 1, 1, 1, 1, 1, 1, 1, 1, 0, 0, 0, 1, 1, 1, 1, 1, 0, 1, 1, 1, 1]","[0, 0, 0, 1, 0, 0, 0, 0, 0, 0, 0, 0, 1, 1, 1, 0, 0, 0, 0, 0, 1, 0, 0, 0, 0]"
1560,L2_arctic_WAV/TLV_arctic_a0100,"[29, 6, 68, 8, 46, 3, 46, 30, 49, 48, 67, 49, 7, 69, 58]","[29, 6, 68, 8, 46, 3, 46, 30, 49, 48, 67, 49, 8, 28]","[1, 1, 1, 1, 1, 1, 1, 1, 1, 1, 1, 1, 0, 0, 0]","[0, 0, 0, 0, 0, 0, 0, 0, 0, 0, 0, 0, 1, 1, 1]"
1561,L2_arctic_WAV/TLV_arctic_a0101,"[29, 6, 29, 6, 36, 31, 58, 55, 17, 3, 28, 49, 48, 63, 8, 3, 50, 6, 22, 54, 50, 8, 68, 68, 49]","[29, 6, 29, 6, 36, 31, 58, 55, 17, 3, 28, 49, 48, 58, 8, 3, 50, 6, 46, 54, 50, 8, 68, 68, 49]","[1, 1, 1, 1, 1, 1, 1, 1, 1, 1, 1, 1, 1, 0, 1, 1, 1, 1, 0, 1, 1, 1, 1, 1, 1]","[0, 0, 0, 0, 0, 0, 0, 0, 0, 0, 0, 0, 0, 1, 0, 0, 0, 0, 1, 0, 0, 0, 0, 0, 0]"
1562,L2_arctic_WAV/TLV_arctic_a0102,"[67, 49, 36, 24, 30, 54, 17, 30, 14, 8, 46, 46, 6, 55]","[67, 49, 36, 24, 36, 54, 40, 30, 14, 8, 46, 46, 6, 55]","[1, 1, 1, 1, 0, 1, 0, 1, 1, 1, 1, 1, 1, 1]","[0, 0, 0, 0, 1, 0, 1, 0, 0, 0, 0, 0, 0, 0]"
1563,L2_arctic_WAV/TLV_arctic_a0103,"[37, 8, 3, 63, 52, 50, 28, 60, 68, 55, 14, 48, 50, 17, 68, 8, 46, 54, 50, 8, 68, 63, 8, 37, 14, 8, 39, 63, 8, 28, 8, 55, 6]","[37, 8, 22, 58, 52, 28, 60, 68, 55, 14, 48, 50, 34, 68, 8, 46, 54, 50, 40, 68, 58, 8, 37, 14, 40, 58, 8, 28, 8, 55, 6]","[1, 1, 0, 0, 1, 0, 1, 1, 1, 1, 1, 1, 1, 0, 1, 1, 1, 1, 1, 0, 1, 0, 1, 1, 1, 0, 0, 0, 1, 1, 1, 1, 1]","[0, 0, 1, 1, 0, 1, 0, 0, 0, 0, 0, 0, 0, 1, 0, 0, 0, 0, 0, 1, 0, 1, 0, 0, 0, 1, 1, 1, 0, 0, 0, 0, 0]"
1564,L2_arctic_WAV/TLV_arctic_a0104,"[9, 49, 36, 8, 70, 46, 30, 49, 48, 24, 10, 8, 55, 58, 7, 67, 24, 70, 48, 50, 8, 3, 52, 28, 9, 8, 55, 64, 70, 46, 36, 49, 3, 30, 49, 64, 70, 8, 35, 56, 30, 58]","[9, 49, 36, 8, 70, 46, 30, 49, 48, 24, 10, 8, 55, 58, 7, 67, 24, 46, 48, 50, 8, 3, 52, 28, 9, 8, 55, 64, 70, 46, 36, 49, 46, 30, 49, 64, 3, 8, 35, 56]","[1, 1, 1, 1, 1, 1, 1, 1, 1, 1, 1, 1, 1, 1, 1, 1, 1, 0, 1, 1, 1, 1, 1, 1, 1, 1, 1, 1, 1, 1, 1, 1, 0, 1, 1, 1, 0, 1, 1, 1, 0, 0]","[0, 0, 0, 0, 0, 0, 0, 0, 0, 0, 0, 0, 0, 0, 0, 0, 0, 1, 0, 0, 0, 0, 0, 0, 0, 0, 0, 0, 0, 0, 0, 0, 1, 0, 0, 0, 1, 0, 0, 0, 1, 1]"
1565,L2_arctic_WAV/TLV_arctic_a0105,"[14, 55, 30, 49, 24, 3, 24, 70, 46, 14, 36, 8, 55, 58, 7, 54, 8, 30, 46, 14, 40, 30, 68, 14, 46, 3, 24, 68, 48, 17, 46, 8, 37, 8, 30, 3, 24, 37, 24, 30, 49, 39]","[40, 55, 30, 49, 24, 46, 49, 70, 46, 14, 36, 8, 55, 58, 8, 54, 8, 10, 46, 14, 40, 55, 46, 68, 14, 3, 24, 68, 48, 40, 46, 8, 37, 34, 3, 24, 37, 49, 30, 49, 39]","[0, 1, 1, 1, 1, 0, 0, 1, 1, 1, 1, 1, 1, 1, 0, 1, 1, 0, 1, 1, 1, 0, 1, 1, 0, 1, 1, 1, 1, 0, 1, 1, 1, 0, 0, 1, 1, 1, 0, 1, 1, 1]","[1, 0, 0, 0, 0, 1, 1, 0, 0, 0, 0, 0, 0, 0, 1, 0, 0, 1, 0, 0, 0, 1, 0, 0, 1, 0, 0, 0, 0, 1, 0, 0, 0, 1, 1, 0, 0, 0, 1, 0, 0, 0]"
1566,L2_arctic_WAV/TLV_arctic_a0106,"[63, 49, 24, 68, 14, 9, 8, 55, 36, 24, 35, 9, 49, 67, 64, 58, 46, 8, 48, 50, 52, 46, 3, 37, 7, 46, 3, 54, 40, 50, 22, 55, 15, 24, 55, 8, 35, 14, 28, 24, 10, 46, 17, 37]","[58, 49, 24, 68, 14, 9, 8, 55, 36, 24, 35, 46, 49, 67, 64, 46, 46, 8, 48, 50, 52, 46, 3, 37, 8, 46, 54, 40, 54, 55, 15, 24, 55, 8, 46, 14, 28, 24, 10, 9, 17, 37]","[0, 1, 1, 1, 1, 1, 1, 1, 1, 1, 1, 0, 1, 1, 1, 0, 1, 1, 1, 1, 1, 1, 1, 1, 0, 1, 0, 1, 1, 0, 0, 1, 1, 1, 1, 1, 0, 1, 1, 1, 1, 0, 1, 1]","[1, 0, 0, 0, 0, 0, 0, 0, 0, 0, 0, 1, 0, 0, 0, 1, 0, 0, 0, 0, 0, 0, 0, 0, 1, 0, 1, 0, 0, 1, 1, 0, 0, 0, 0, 0, 1, 0, 0, 0, 0, 1, 0, 0]"
1567,L2_arctic_WAV/TLV_arctic_a0107,"[24, 54, 29, 6, 14, 55, 30, 49, 28, 31, 58, 55, 14, 67, 15, 56, 22, 64, 10, 28, 29, 6]","[24, 29, 6, 14, 30, 49, 28, 31, 3, 55, 14, 67, 15, 56, 22, 64, 10, 28, 29, 6]","[1, 0, 1, 1, 1, 0, 1, 1, 1, 1, 0, 1, 1, 1, 1, 1, 1, 1, 1, 1, 1, 1]","[0, 1, 0, 0, 0, 1, 0, 0, 0, 0, 1, 0, 0, 0, 0, 0, 0, 0, 0, 0, 0, 0]"
1568,L2_arctic_WAV/TLV_arctic_a0108,"[67, 49, 36, 60, 58, 24, 58, 24, 55, 3, 6, 63, 49, 52, 69, 8, 39, 63, 8, 36, 40, 3, 7, 64, 55, 58, 37, 49, 59, 64, 55, 46, 28, 50, 8, 37, 24, 10, 67, 24, 68, 46, 52, 30, 54]","[67, 49, 36, 60, 58, 24, 55, 35, 6, 58, 49, 60, 35, 8, 37, 58, 8, 36, 40, 7, 64, 55, 58, 37, 49, 59, 64, 55, 46, 28, 50, 8, 37, 24, 10, 67, 24, 68, 46, 52, 36]","[1, 1, 1, 1, 0, 0, 1, 1, 1, 0, 1, 0, 1, 0, 0, 1, 0, 0, 1, 1, 1, 0, 1, 1, 1, 1, 1, 1, 1, 1, 1, 1, 1, 1, 1, 1, 1, 1, 1, 1, 1, 1, 1, 0, 0]","[0, 0, 0, 0, 1, 1, 0, 0, 0, 1, 0, 1, 0, 1, 1, 0, 1, 1, 0, 0, 0, 1, 0, 0, 0, 0, 0, 0, 0, 0, 0, 0, 0, 0, 0, 0, 0, 0, 0, 0, 0, 0, 0, 1, 1]"
1569,L2_arctic_WAV/TLV_arctic_a0109,"[58, 6, 29, 6, 55, 14, 63, 64, 3, 29, 6, 17, 50, 9, 60, 28, 24, 10, 68, 56, 28, 17, 55, 54, 8, 58, 8, 55, 46, 24, 55, 29, 6]","[58, 6, 29, 6, 55, 14, 58, 64, 3, 29, 6, 17, 46, 52, 28, 24, 55, 68, 56, 28, 17, 55, 54, 49, 58, 8, 55, 24, 55, 29, 6]","[1, 1, 1, 1, 1, 1, 0, 1, 1, 1, 1, 1, 0, 0, 0, 1, 1, 0, 1, 1, 1, 1, 1, 1, 0, 1, 1, 1, 0, 1, 1, 1, 1]","[0, 0, 0, 0, 0, 0, 1, 0, 0, 0, 0, 0, 1, 1, 1, 0, 0, 1, 0, 0, 0, 0, 0, 0, 1, 0, 0, 0, 1, 0, 0, 0, 0]"
1570,L2_arctic_WAV/TLV_arctic_a0111,"[24, 55, 46, 3, 52, 58, 67, 49, 69, 57, 55, 58, 67, 7, 64, 55, 58, 63, 60, 60, 3, 30, 56, 28, 3, 6, 67, 8, 10, 59, 50, 49, 35, 24, 30, 58, 50, 8, 55]","[24, 46, 3, 52, 58, 67, 49, 69, 17, 55, 58, 67, 7, 64, 55, 58, 58, 60, 60, 3, 30, 56, 35, 6, 67, 8, 10, 59, 50, 49, 35, 24, 36, 50, 8, 55]","[1, 0, 1, 1, 1, 1, 1, 1, 1, 0, 1, 1, 1, 1, 1, 1, 1, 0, 1, 1, 1, 1, 1, 0, 0, 1, 1, 1, 1, 1, 1, 1, 1, 1, 0, 0, 1, 1, 1]","[0, 1, 0, 0, 0, 0, 0, 0, 0, 1, 0, 0, 0, 0, 0, 0, 0, 1, 0, 0, 0, 0, 0, 1, 1, 0, 0, 0, 0, 0, 0, 0, 0, 0, 1, 1, 0, 0, 0]"
1571,L2_arctic_WAV/TLV_arctic_a0112,"[67, 49, 36, 40, 70, 36, 6, 55, 58, 8, 58, 24, 55, 63, 49, 17, 50, 68]","[67, 49, 36, 40, 36, 6, 55, 3, 24, 55, 58, 49, 64, 68]","[1, 1, 1, 1, 0, 1, 1, 1, 0, 0, 0, 1, 1, 0, 1, 0, 0, 1]","[0, 0, 0, 0, 1, 0, 0, 0, 1, 1, 1, 0, 0, 1, 0, 1, 1, 0]"
1572,L2_arctic_WAV/TLV_arctic_a0113,"[56, 46, 8, 48, 14, 70, 29, 6, 48, 24, 28, 3, 63, 64, 3, 30, 24, 10, 59, 14, 8, 48, 8, 68, 8, 10, 63, 49, 24, 55, 58, 49, 8, 55, 70]","[56, 46, 8, 48, 14, 29, 6, 48, 24, 28, 8, 30, 24, 10, 59, 14, 8, 54, 8, 68, 8, 10, 58, 49, 24, 55, 58, 49, 8, 55, 46]","[1, 1, 1, 1, 1, 0, 1, 1, 1, 1, 1, 0, 0, 0, 0, 1, 1, 1, 1, 1, 1, 0, 1, 1, 1, 1, 0, 1, 1, 1, 1, 1, 1, 1, 0]","[0, 0, 0, 0, 0, 1, 0, 0, 0, 0, 0, 1, 1, 1, 1, 0, 0, 0, 0, 0, 0, 1, 0, 0, 0, 0, 1, 0, 0, 0, 0, 0, 0, 0, 1]"
1573,L2_arctic_WAV/TLV_arctic_a0115,"[67, 49, 67, 64, 58, 55, 14, 24, 28, 46, 28, 29, 6, 46, 54, 40, 50, 63, 8, 54, 49, 30, 24, 10, 70, 67, 36, 24, 35, 36, 7, 7, 15, 70, 58, 24, 55, 67, 24, 68]","[67, 49, 67, 64, 46, 55, 14, 24, 46, 28, 29, 6, 54, 40, 54, 29, 6, 30, 24, 10, 46, 67, 36, 24, 35, 36, 7, 7, 15, 46, 24, 55, 67, 24, 68]","[1, 1, 1, 1, 0, 1, 1, 1, 0, 1, 1, 1, 1, 0, 1, 1, 0, 0, 0, 1, 0, 1, 1, 1, 0, 1, 1, 1, 1, 1, 1, 1, 1, 0, 0, 1, 1, 1, 1, 1]","[0, 0, 0, 0, 1, 0, 0, 0, 1, 0, 0, 0, 0, 1, 0, 0, 1, 1, 1, 1, 1, 0, 0, 0, 1, 0, 0, 0, 0, 0, 0, 0, 0, 1, 1, 0, 0, 0, 0, 0]"
1574,L2_arctic_WAV/TLV_arctic_a0116,"[36, 8, 70, 24, 3, 63, 8, 50, 17, 55, 58, 24, 39, 6, 8, 39, 63, 14, 70, 67, 6, 36, 7, 46, 3, 50, 56, 39, 24, 10, 3, 6, 36, 7, 28, 67, 24, 70, 50, 6, 24, 55]","[36, 8, 70, 24, 3, 63, 8, 50, 17, 55, 58, 24, 39, 6, 46, 8, 37, 63, 14, 67, 6, 36, 31, 3, 50, 56, 39, 24, 10, 3, 6, 36, 31, 28, 67, 24, 22, 50, 6, 24, 55]","[1, 1, 1, 1, 1, 1, 1, 1, 1, 1, 1, 1, 1, 1, 1, 0, 1, 1, 0, 1, 1, 1, 0, 0, 1, 1, 1, 1, 1, 1, 1, 1, 1, 0, 1, 1, 1, 0, 1, 1, 1, 1]","[0, 0, 0, 0, 0, 0, 0, 0, 0, 0, 0, 0, 0, 0, 0, 1, 0, 0, 1, 0, 0, 0, 1, 1, 0, 0, 0, 0, 0, 0, 0, 0, 0, 1, 0, 0, 0, 1, 0, 0, 0, 0]"
1575,L2_arctic_WAV/TLV_arctic_a0117,"[9, 49, 64, 58, 8, 58, 36, 24, 22, 69, 52, 55, 29, 8, 36, 8, 55, 46, 24, 68, 48, 8, 22, 49, 24, 55, 67, 7, 54, 60, 46, 64, 55, 58, 39, 57, 46]","[46, 49, 52, 3, 36, 24, 58, 69, 52, 55, 49, 46, 24, 68, 48, 8, 22, 49, 24, 55, 67, 31, 54, 60, 46, 64, 55, 39, 57, 70]","[0, 1, 0, 0, 0, 0, 1, 1, 0, 1, 1, 1, 0, 0, 0, 0, 0, 1, 1, 1, 1, 1, 1, 1, 1, 1, 1, 0, 1, 1, 1, 1, 1, 0, 1, 1, 0]","[1, 0, 1, 1, 1, 1, 0, 0, 1, 0, 0, 0, 1, 1, 1, 1, 1, 0, 0, 0, 0, 0, 0, 0, 0, 0, 0, 1, 0, 0, 0, 0, 0, 1, 0, 0, 1]"
1576,L2_arctic_WAV/TLV_arctic_a0120,"[68, 56, 50, 56, 3, 54, 31, 3, 54, 49, 30, 70, 30, 56, 28, 63, 64, 3, 8, 39, 8, 35, 56, 55, 49, 70, 58, 52, 37, 29, 8, 3, 17, 55, 3]","[68, 56, 50, 56, 54, 31, 46, 54, 49, 30, 30, 56, 46, 58, 64, 3, 8, 37, 35, 56, 55, 49, 58, 52, 37, 6, 3, 17, 55]","[1, 1, 1, 1, 0, 1, 1, 0, 1, 1, 1, 0, 1, 1, 0, 0, 1, 1, 1, 0, 0, 1, 1, 1, 1, 0, 1, 1, 1, 0, 0, 1, 1, 1, 0]","[0, 0, 0, 0, 1, 0, 0, 1, 0, 0, 0, 1, 0, 0, 1, 1, 0, 0, 0, 1, 1, 0, 0, 0, 0, 1, 0, 0, 0, 1, 1, 0, 0, 0, 1]"
1577,L2_arctic_WAV/TLV_arctic_a0121,"[63, 60, 60, 3, 58, 24, 55, 7, 64, 3, 63, 8, 54, 24, 54, 22, 64, 55, 58, 50, 52, 46, 3, 8, 58, 54, 40, 50, 3, 6, 15, 7, 70]","[58, 60, 60, 3, 58, 49, 55, 7, 64, 58, 63, 8, 54, 49, 54, 22, 64, 55, 58, 50, 52, 46, 3, 54, 40, 50, 3, 6, 15, 7, 46]","[0, 1, 1, 1, 1, 0, 1, 1, 1, 0, 1, 1, 1, 0, 1, 1, 1, 1, 1, 1, 1, 1, 1, 0, 0, 1, 1, 1, 1, 1, 1, 1, 0]","[1, 0, 0, 0, 0, 1, 0, 0, 0, 1, 0, 0, 0, 1, 0, 0, 0, 0, 0, 0, 0, 0, 0, 1, 1, 0, 0, 0, 0, 0, 0, 0, 1]"
1578,L2_arctic_WAV/TLV_arctic_a0122,"[3, 6, 29, 24, 50, 70, 8, 59, 14, 56, 59, 60, 39, 8, 48, 46, 24, 39, 8, 30, 24, 70, 60, 9, 8, 55, 54, 40, 50, 63, 24, 46]","[3, 6, 29, 24, 46, 8, 59, 14, 56, 59, 60, 48, 8, 48, 46, 24, 39, 8, 30, 24, 70, 60, 9, 8, 55, 54, 40, 50, 58, 24, 46]","[1, 1, 1, 1, 0, 0, 1, 1, 1, 1, 1, 1, 0, 1, 1, 1, 1, 1, 1, 1, 1, 1, 1, 1, 1, 1, 1, 1, 1, 0, 1, 1]","[0, 0, 0, 0, 1, 1, 0, 0, 0, 0, 0, 0, 1, 0, 0, 0, 0, 0, 0, 0, 0, 0, 0, 0, 0, 0, 0, 0, 0, 1, 0, 0]"
1579,L2_arctic_WAV/TLV_arctic_a0123,"[9, 49, 67, 64, 58, 58, 56, 58, 54, 50, 8, 68, 28, 14, 30, 58, 8, 55, 58, 46, 3, 17, 50, 39, 60, 9, 8, 55]","[46, 49, 67, 64, 58, 58, 56, 58, 54, 8, 68, 28, 14, 55, 8, 55, 46, 3, 17, 39, 60, 9, 8, 55]","[0, 1, 1, 1, 1, 1, 1, 1, 1, 0, 1, 1, 1, 1, 0, 0, 1, 1, 0, 1, 1, 1, 0, 1, 1, 1, 1, 1]","[1, 0, 0, 0, 0, 0, 0, 0, 0, 1, 0, 0, 0, 0, 1, 1, 0, 0, 1, 0, 0, 0, 1, 0, 0, 0, 0, 0]"
1580,L2_arctic_WAV/TLV_arctic_a0125,"[67, 49, 36, 40, 70, 58, 24, 3, 7, 68, 8, 55, 58, 55, 15, 3, 6, 68, 60, 55, 3, 60, 55, 8, 68, 40, 50, 46, 7, 3, 8, 55, 67, 14, 30, 58, 8, 48, 17, 55, 67, 24, 68, 46, 52, 30, 54]","[67, 49, 36, 40, 58, 58, 52, 3, 8, 68, 49, 55, 55, 15, 3, 6, 68, 60, 55, 3, 60, 55, 68, 40, 8, 46, 31, 3, 8, 55, 67, 14, 55, 8, 48, 8, 55, 67, 24, 68, 46, 52, 30]","[1, 1, 1, 1, 0, 1, 0, 1, 0, 1, 0, 1, 0, 1, 1, 1, 1, 1, 1, 1, 1, 1, 1, 0, 1, 1, 0, 1, 0, 1, 1, 1, 1, 1, 0, 0, 1, 1, 0, 1, 1, 1, 1, 1, 1, 1, 0]","[0, 0, 0, 0, 1, 0, 1, 0, 1, 0, 1, 0, 1, 0, 0, 0, 0, 0, 0, 0, 0, 0, 0, 1, 0, 0, 1, 0, 1, 0, 0, 0, 0, 0, 1, 1, 0, 0, 1, 0, 0, 0, 0, 0, 0, 0, 1]"
1581,L2_arctic_WAV/TLV_arctic_a0126,"[49, 35, 58, 60, 9, 49, 37, 49, 28, 60, 68, 8, 68, 40, 50, 39, 56, 3, 8, 30, 48, 17, 50, 3, 8, 39, 67, 24, 68]","[49, 9, 58, 60, 46, 49, 37, 49, 28, 60, 68, 68, 40, 39, 56, 3, 40, 48, 17, 50, 8, 48, 67, 49, 68]","[1, 0, 1, 1, 0, 1, 1, 1, 1, 1, 1, 0, 1, 1, 0, 1, 1, 1, 0, 0, 1, 1, 1, 0, 1, 0, 1, 0, 1]","[0, 1, 0, 0, 1, 0, 0, 0, 0, 0, 0, 1, 0, 0, 1, 0, 0, 0, 1, 1, 0, 0, 0, 1, 0, 1, 0, 1, 0]"
1582,L2_arctic_WAV/TLV_arctic_a0127,"[24, 3, 36, 8, 70, 8, 3, 52, 68, 3, 60, 9, 8, 55, 37, 8, 3, 67, 49, 50, 49, 70, 24, 46, 3, 8, 58, 24, 3]","[24, 46, 36, 8, 70, 3, 52, 68, 3, 60, 9, 8, 55, 37, 8, 3, 67, 49, 50, 49, 46, 24, 3, 24]","[1, 0, 1, 1, 1, 0, 1, 1, 1, 1, 1, 1, 1, 1, 1, 1, 1, 1, 1, 1, 1, 0, 1, 0, 1, 0, 0, 1, 0]","[0, 1, 0, 0, 0, 1, 0, 0, 0, 0, 0, 0, 0, 0, 0, 0, 0, 0, 0, 0, 0, 1, 0, 1, 0, 1, 1, 0, 1]"
1583,L2_arctic_WAV/TLV_arctic_a0128,"[63, 24, 46, 36, 8, 55, 67, 14, 48, 36, 8, 70, 58, 24, 46, 3, 50, 57, 58, 64, 70, 28, 36, 24, 28, 30, 49, 64, 70, 24, 3, 36, 40, 70, 37, 40, 50, 55]","[58, 24, 46, 36, 8, 55, 67, 14, 54, 36, 8, 58, 24, 35, 57, 58, 64, 70, 28, 36, 24, 28, 30, 49, 64, 70, 24, 3, 36, 40, 37, 40, 50, 55]","[0, 1, 1, 1, 1, 1, 1, 1, 0, 1, 1, 0, 1, 1, 0, 0, 0, 1, 1, 1, 1, 1, 1, 1, 1, 1, 1, 1, 1, 1, 1, 1, 1, 0, 1, 1, 1, 1]","[1, 0, 0, 0, 0, 0, 0, 0, 1, 0, 0, 1, 0, 0, 1, 1, 1, 0, 0, 0, 0, 0, 0, 0, 0, 0, 0, 0, 0, 0, 0, 0, 0, 1, 0, 0, 0, 0]"
1584,L2_arctic_WAV/TLV_arctic_a0129,"[67, 7, 54, 60, 46, 36, 40, 70, 8, 59, 52, 55, 46, 3, 67, 24, 70, 37, 50, 52, 46, 3]","[67, 31, 54, 60, 70, 36, 40, 70, 8, 59, 52, 55, 67, 24, 70, 37, 50, 52, 3]","[1, 0, 1, 1, 0, 1, 1, 1, 1, 1, 1, 1, 0, 0, 1, 1, 1, 1, 1, 1, 0, 1]","[0, 1, 0, 0, 1, 0, 0, 0, 0, 0, 0, 0, 1, 1, 0, 0, 0, 0, 0, 0, 1, 0]"
1585,L2_arctic_WAV/TLV_arctic_a0130,"[9, 49, 36, 40, 70, 67, 24, 70, 55, 15, 54, 7, 52, 39, 7]","[46, 49, 36, 40, 67, 24, 55, 15, 54, 7, 52, 39, 7]","[0, 1, 1, 1, 0, 1, 1, 0, 1, 1, 1, 1, 1, 1, 1]","[1, 0, 0, 0, 1, 0, 0, 1, 0, 0, 0, 0, 0, 0, 0]"
1586,L2_arctic_WAV/TLV_arctic_a0131,"[48, 50, 17, 39, 8, 58, 8, 55, 46, 67, 64, 58, 58, 24, 30, 24, 39, 7, 58, 67, 24, 68, 22, 50, 6, 63, 8, 68, 60, 30, 46, 3, 50, 8, 68]","[39, 50, 14, 39, 8, 58, 8, 55, 58, 67, 64, 46, 58, 24, 30, 49, 39, 7, 67, 49, 68, 3, 50, 6, 58, 8, 68, 49, 46, 3, 50, 8, 68]","[0, 1, 0, 1, 1, 1, 1, 1, 0, 1, 1, 0, 1, 1, 1, 0, 1, 1, 0, 1, 0, 1, 0, 1, 1, 0, 1, 1, 0, 0, 1, 1, 1, 1, 1]","[1, 0, 1, 0, 0, 0, 0, 0, 1, 0, 0, 1, 0, 0, 0, 1, 0, 0, 1, 0, 1, 0, 1, 0, 0, 1, 0, 0, 1, 1, 0, 0, 0, 0, 0]"
1587,L2_arctic_WAV/TLV_arctic_a0134,"[67, 49, 14, 37, 60, 58, 63, 8, 48, 50, 52, 9, 7, 8, 39, 67, 7, 67, 64, 55, 58]","[67, 49, 14, 37, 60, 58, 58, 8, 48, 50, 52, 9, 7, 8, 48, 67, 31, 67, 64, 55]","[1, 1, 1, 1, 1, 1, 0, 1, 1, 1, 1, 1, 1, 1, 0, 1, 0, 1, 1, 1, 0]","[0, 0, 0, 0, 0, 0, 1, 0, 0, 0, 0, 0, 0, 0, 1, 0, 1, 0, 0, 0, 1]"
1588,L2_arctic_WAV/TLV_arctic_a0136,"[8, 37, 15, 3, 67, 24, 68, 52, 39, 50, 49, 36, 52, 50, 36, 7, 63, 8, 52, 39, 8, 58, 8, 55, 46, 8, 70, 8, 39, 30, 8, 59, 26, 7, 49, 64, 55, 58, 8, 39, 60, 69]","[8, 37, 15, 67, 49, 68, 52, 39, 50, 49, 36, 52, 50, 36, 44, 58, 24, 52, 39, 8, 58, 8, 55, 8, 37, 30, 8, 46, 7, 49, 64, 55, 8, 39, 60, 35]","[1, 1, 1, 0, 1, 0, 1, 1, 1, 1, 1, 1, 1, 1, 1, 0, 0, 0, 1, 1, 1, 1, 1, 1, 0, 0, 0, 1, 0, 1, 1, 0, 0, 1, 1, 1, 1, 0, 1, 1, 1, 0]","[0, 0, 0, 1, 0, 1, 0, 0, 0, 0, 0, 0, 0, 0, 0, 1, 1, 1, 0, 0, 0, 0, 0, 0, 1, 1, 1, 0, 1, 0, 0, 1, 1, 0, 0, 0, 0, 1, 0, 0, 0, 1]"
1589,L2_arctic_WAV/TLV_arctic_a0137,"[63, 52, 55, 67, 49, 46, 3, 52, 48, 3, 37, 64, 28, 36, 24, 22, 8, 30, 14, 28, 50, 56, 8, 39, 48, 30, 52, 26, 7]","[58, 52, 55, 67, 49, 46, 3, 52, 48, 24, 37, 64, 28, 36, 24, 22, 30, 14, 28, 50, 56, 8, 48, 48, 30, 52, 26, 7]","[0, 1, 1, 1, 1, 1, 1, 1, 1, 0, 1, 1, 1, 1, 1, 1, 0, 1, 1, 1, 1, 1, 1, 0, 1, 1, 1, 1, 1]","[1, 0, 0, 0, 0, 0, 0, 0, 0, 1, 0, 0, 0, 0, 0, 0, 1, 0, 0, 0, 0, 0, 0, 1, 0, 0, 0, 0, 0]"
1590,L2_arctic_WAV/TLV_arctic_a0139,"[67, 49, 3, 14, 30, 58, 67, 24, 68, 46, 52, 30, 54, 63, 64, 3, 64, 70, 67, 49, 36, 17, 9, 3, 67, 24, 68, 46, 52, 30, 54, 64, 55, 58, 59, 50, 6, 68, 58, 67, 24, 70, 58, 24, 9, 52, 39, 8, 30, 58, 28, 30, 14, 63, 70]","[67, 49, 3, 14, 30, 67, 24, 68, 46, 52, 36, 39, 63, 64, 3, 64, 22, 3, 49, 36, 17, 46, 3, 67, 24, 68, 46, 52, 36, 64, 55, 39, 50, 31, 68, 67, 24, 22, 58, 24, 46, 52, 39, 8, 30, 28, 30, 14, 22, 70]","[1, 1, 1, 1, 1, 0, 1, 1, 1, 1, 1, 0, 0, 1, 1, 1, 1, 0, 0, 1, 1, 1, 0, 1, 1, 1, 1, 1, 1, 0, 0, 1, 1, 0, 0, 1, 0, 1, 0, 1, 1, 0, 1, 1, 0, 1, 1, 1, 1, 0, 1, 1, 1, 0, 1]","[0, 0, 0, 0, 0, 1, 0, 0, 0, 0, 0, 1, 1, 0, 0, 0, 0, 1, 1, 0, 0, 0, 1, 0, 0, 0, 0, 0, 0, 1, 1, 0, 0, 1, 1, 0, 1, 0, 1, 0, 0, 1, 0, 0, 1, 0, 0, 0, 0, 1, 0, 0, 0, 1, 0]"
1591,L2_arctic_WAV/TLV_arctic_a0168,"[8, 30, 14, 37, 31, 9, 36, 24, 48, 3, 67, 24, 68, 24, 55, 63, 8, 54, 60, 46, 64, 55, 58, 30, 52, 54, 3, 55, 14, 46, 3, 24, 10]","[8, 30, 14, 37, 31, 46, 36, 24, 48, 67, 49, 68, 58, 8, 54, 60, 70, 64, 55, 58, 30, 52, 54, 55, 14, 46, 25, 24, 10]","[1, 1, 1, 1, 1, 0, 1, 1, 1, 0, 1, 0, 1, 0, 0, 0, 1, 1, 1, 0, 1, 1, 1, 1, 1, 1, 0, 1, 1, 1, 0, 1, 1]","[0, 0, 0, 0, 0, 1, 0, 0, 0, 1, 0, 1, 0, 1, 1, 1, 0, 0, 0, 1, 0, 0, 0, 0, 0, 0, 1, 0, 0, 0, 1, 0, 0]"
1592,L2_arctic_WAV/TLV_arctic_a0178,"[52, 39, 50, 49, 37, 14, 55, 24, 55, 67, 7, 60, 69, 58, 37, 17, 58, 49, 46, 49, 68, 58, 37, 50, 14, 28, 8, 55, 40, 50, 58, 24, 46, 30, 14, 28, 60, 3, 24, 58]","[64, 39, 50, 49, 37, 40, 55, 24, 55, 67, 8, 60, 35, 37, 17, 58, 49, 46, 49, 68, 37, 50, 17, 28, 8, 55, 40, 8, 58, 24, 46, 30, 14, 28, 60, 24, 58]","[0, 1, 1, 1, 1, 0, 1, 1, 1, 1, 0, 1, 0, 0, 1, 1, 1, 1, 1, 1, 1, 0, 1, 1, 0, 1, 1, 1, 1, 0, 1, 1, 1, 1, 1, 1, 1, 0, 1, 1]","[1, 0, 0, 0, 0, 1, 0, 0, 0, 0, 1, 0, 1, 1, 0, 0, 0, 0, 0, 0, 0, 1, 0, 0, 1, 0, 0, 0, 0, 1, 0, 0, 0, 0, 0, 0, 0, 1, 0, 0]"
1593,L2_arctic_WAV/TLV_arctic_a0209,"[24, 3, 36, 40, 70, 55, 17, 3, 8, 30, 17, 50, 69, 30, 60, 28, 64, 55, 58, 40, 30, 68, 14, 46, 3, 50, 15, 55, 58]","[24, 46, 36, 40, 55, 17, 22, 8, 30, 17, 50, 9, 30, 60, 28, 64, 55, 58, 40, 36, 46, 68, 14, 66, 50, 15, 58]","[1, 0, 1, 1, 0, 1, 1, 0, 1, 1, 1, 1, 0, 1, 1, 1, 1, 1, 1, 1, 0, 1, 1, 0, 0, 1, 1, 0, 1]","[0, 1, 0, 0, 1, 0, 0, 1, 0, 0, 0, 0, 1, 0, 0, 0, 0, 0, 0, 0, 1, 0, 0, 1, 1, 0, 0, 1, 0]"
1594,L2_arctic_WAV/TLV_arctic_a0225,"[56, 36, 40, 70, 37, 50, 40, 3, 8, 48, 63, 8, 36, 60, 68, 14, 46, 59, 7, 30, 70, 24, 55, 67, 8, 36, 56, 49, 17, 50, 37, 50, 40, 3, 8, 48]","[56, 36, 40, 37, 50, 40, 46, 8, 54, 30, 14, 36, 60, 68, 14, 46, 59, 7, 24, 55, 67, 8, 36, 56, 17, 37, 50, 40, 25, 8]","[1, 1, 1, 0, 1, 1, 1, 0, 1, 0, 0, 0, 1, 1, 1, 1, 1, 1, 1, 0, 0, 1, 1, 1, 1, 1, 1, 0, 1, 0, 1, 1, 1, 0, 1, 0]","[0, 0, 0, 1, 0, 0, 0, 1, 0, 1, 1, 1, 0, 0, 0, 0, 0, 0, 0, 1, 1, 0, 0, 0, 0, 0, 0, 1, 0, 1, 0, 0, 0, 1, 0, 1]"
1595,L2_arctic_WAV/TLV_arctic_a0260,"[55, 14, 37, 8, 58, 49, 55, 6, 67, 24, 70, 67, 24, 46, 3, 7, 49, 63, 60, 8, 39, 63, 8, 67, 31, 55, 3, 8, 30, 49, 46, 3, 8, 39, 40, 30]","[55, 14, 37, 8, 55, 49, 55, 6, 67, 24, 46, 67, 24, 46, 3, 40, 50, 49, 58, 60, 8, 63, 8, 55, 46, 8, 30, 49, 46, 3, 8, 40]","[1, 1, 1, 1, 0, 1, 1, 1, 1, 1, 0, 1, 1, 1, 1, 0, 1, 0, 1, 1, 0, 1, 1, 0, 0, 1, 0, 1, 1, 1, 1, 1, 1, 0, 1, 0]","[0, 0, 0, 0, 1, 0, 0, 0, 0, 0, 1, 0, 0, 0, 0, 1, 0, 1, 0, 0, 1, 0, 0, 1, 1, 0, 1, 0, 0, 0, 0, 0, 0, 1, 0, 1]"
1596,L2_arctic_WAV/TLV_arctic_a0271,"[55, 15, 48, 30, 49, 70, 59, 24, 39, 8, 48, 30, 60, 55, 46, 3, 60, 3, 68, 8, 55, 3, 8, 39, 36, 8, 3, 8, 28, 7, 58]","[55, 15, 37, 30, 49, 46, 59, 24, 37, 8, 48, 30, 64, 55, 46, 3, 52, 28, 68, 8, 55, 8, 37, 36, 8, 3, 8, 28, 7, 58]","[1, 1, 0, 1, 1, 0, 1, 1, 0, 1, 1, 1, 0, 1, 1, 1, 0, 0, 1, 1, 1, 0, 1, 0, 1, 1, 1, 1, 1, 1, 1]","[0, 0, 1, 0, 0, 1, 0, 0, 1, 0, 0, 0, 1, 0, 0, 0, 1, 1, 0, 0, 0, 1, 0, 1, 0, 0, 0, 0, 0, 0, 0]"
1597,L2_arctic_WAV/TLV_arctic_a0364,"[36, 49, 67, 64, 39, 48, 30, 52, 55, 3, 49, 8, 39, 28, 64, 48, 24, 3, 8, 30, 17, 50, 46, 52, 30, 39, 70, 64, 55, 58, 29, 52, 3, 36, 49, 36, 17, 55, 3, 68, 40, 50]","[36, 49, 67, 52, 54, 37, 30, 52, 55, 3, 49, 8, 37, 28, 64, 48, 24, 3, 8, 17, 31, 46, 52, 39, 46, 64, 55, 58, 29, 52, 3, 36, 49, 36, 17, 55, 3, 68, 40]","[1, 1, 1, 0, 0, 0, 1, 1, 1, 1, 1, 1, 0, 1, 1, 1, 1, 1, 1, 0, 1, 0, 1, 1, 0, 1, 0, 1, 1, 1, 1, 1, 1, 1, 1, 1, 1, 1, 1, 1, 1, 0]","[0, 0, 0, 1, 1, 1, 0, 0, 0, 0, 0, 0, 1, 0, 0, 0, 0, 0, 0, 1, 0, 1, 0, 0, 1, 0, 1, 0, 0, 0, 0, 0, 0, 0, 0, 0, 0, 0, 0, 0, 0, 1]"
1598,L2_arctic_WAV/TLV_arctic_a0375,"[63, 8, 37, 31, 35, 7, 70, 64, 55, 58, 68, 49, 3, 28, 8, 3, 7, 70, 50, 24, 54, 29, 6, 70, 58, 3, 6, 67, 64, 55, 58, 8, 30, 68, 49, 3, 58, 52, 46, 3, 24, 55, 58, 54, 40, 50, 8, 55, 54, 52, 50, 50, 52, 46, 3, 50, 17, 55, 3, 46]","[58, 8, 37, 31, 35, 8, 46, 64, 55, 58, 68, 49, 46, 28, 8, 3, 8, 46, 50, 24, 54, 29, 6, 3, 3, 6, 67, 64, 55, 58, 14, 68, 49, 22, 58, 52, 46, 22, 24, 55, 54, 40, 8, 55, 54, 52, 50, 50, 52, 9, 50, 8, 55, 46]","[0, 1, 1, 1, 1, 0, 0, 1, 1, 1, 1, 1, 0, 1, 1, 1, 0, 0, 1, 1, 1, 1, 1, 0, 0, 1, 1, 1, 1, 1, 1, 0, 0, 1, 1, 0, 1, 1, 1, 0, 1, 1, 0, 1, 1, 0, 1, 1, 1, 1, 1, 1, 1, 0, 0, 1, 0, 1, 0, 1]","[1, 0, 0, 0, 0, 1, 1, 0, 0, 0, 0, 0, 1, 0, 0, 0, 1, 1, 0, 0, 0, 0, 0, 1, 1, 0, 0, 0, 0, 0, 0, 1, 1, 0, 0, 1, 0, 0, 0, 1, 0, 0, 1, 0, 0, 1, 0, 0, 0, 0, 0, 0, 0, 1, 1, 0, 1, 0, 1, 0]"
1599,L2_arctic_WAV/TLV_arctic_a0378,"[63, 64, 3, 46, 36, 56, 24, 3, 46, 37, 15, 55, 58, 7, 49, 70, 17, 50, 40, 30, 59, 15, 69, 58, 64, 55, 58, 69, 64, 59, 58]","[63, 64, 46, 36, 56, 24, 46, 37, 15, 58, 7, 49, 70, 17, 40, 30, 55, 59, 15, 58, 64, 55, 58, 69, 64, 61, 59, 58]","[1, 1, 0, 1, 1, 1, 1, 0, 1, 1, 1, 0, 1, 1, 1, 1, 1, 0, 1, 1, 1, 1, 0, 1, 1, 1, 1, 1, 1, 1, 1]","[0, 0, 1, 0, 0, 0, 0, 1, 0, 0, 0, 1, 0, 0, 0, 0, 0, 1, 0, 0, 0, 0, 1, 0, 0, 0, 0, 0, 0, 0, 0]"
1600,L2_arctic_WAV/TLV_arctic_a0434,"[8, 67, 64, 54, 8, 28, 60, 46, 8, 39, 3, 8, 37, 64, 28, 14, 36, 40, 70, 36, 7, 22, 22, 50, 49, 48, 15, 55, 58, 70]","[8, 67, 64, 48, 8, 28, 60, 46, 8, 3, 14, 37, 64, 28, 14, 36, 57, 29, 6, 22, 3, 50, 49, 48, 15, 55, 46]","[1, 1, 1, 0, 1, 1, 1, 1, 1, 0, 1, 0, 1, 1, 1, 1, 1, 0, 0, 0, 0, 1, 0, 1, 1, 1, 1, 1, 0, 0]","[0, 0, 0, 1, 0, 0, 0, 0, 0, 1, 0, 1, 0, 0, 0, 0, 0, 1, 1, 1, 1, 0, 1, 0, 0, 0, 0, 0, 1, 1]"
1601,L2_arctic_WAV/TLV_arctic_a0459,"[63, 52, 50, 70, 3, 6, 68, 8, 35, 8, 39, 63, 8, 46, 28, 6, 30, 37, 57, 24, 55, 68, 49]","[63, 52, 50, 35, 6, 68, 8, 35, 8, 37, 46, 46, 28, 6, 68, 40, 50, 49, 24, 55, 68, 49]","[1, 1, 1, 0, 0, 1, 1, 1, 1, 1, 0, 0, 0, 1, 1, 1, 0, 0, 0, 1, 1, 1, 1]","[0, 0, 0, 1, 1, 0, 0, 0, 0, 0, 1, 1, 1, 0, 0, 0, 1, 1, 1, 0, 0, 0, 0]"
1602,L2_arctic_WAV/TLV_arctic_a0475,"[67, 24, 70, 15, 3, 46, 3, 50, 52, 35, 3, 17, 50, 68, 58, 50, 17, 48, 3, 3, 6, 67, 24, 70, 46, 56, 58, 64, 55, 58, 67, 49, 48, 40, 70, 58]","[67, 24, 46, 15, 3, 50, 52, 46, 3, 64, 68, 37, 50, 8, 48, 3, 24, 55, 67, 24, 70, 46, 56, 64, 55, 58, 67, 49, 46, 48, 40, 46]","[1, 1, 0, 1, 0, 0, 1, 1, 1, 0, 1, 0, 0, 1, 0, 1, 0, 1, 1, 0, 0, 1, 1, 1, 1, 1, 0, 1, 1, 1, 1, 1, 1, 1, 0, 0]","[0, 0, 1, 0, 1, 1, 0, 0, 0, 1, 0, 1, 1, 0, 1, 0, 1, 0, 0, 1, 1, 0, 0, 0, 0, 0, 1, 0, 0, 0, 0, 0, 0, 0, 1, 1]"
1603,L2_arctic_WAV/TLV_arctic_a0515,"[37, 8, 3, 67, 49, 50, 8, 68, 8, 10, 46, 3, 17, 50, 46, 52, 30, 39, 70, 30, 52, 3, 8, 46, 46, 48, 49, 28, 15, 3]","[37, 8, 3, 67, 49, 50, 8, 68, 8, 10, 46, 15, 46, 52, 39, 70, 30, 52, 3, 8, 46, 46, 48, 49, 28, 15]","[1, 1, 1, 1, 1, 1, 1, 1, 1, 1, 1, 0, 0, 0, 1, 1, 0, 1, 1, 1, 1, 1, 1, 1, 1, 1, 1, 1, 1, 0]","[0, 0, 0, 0, 0, 0, 0, 0, 0, 0, 0, 1, 1, 1, 0, 0, 1, 0, 0, 0, 0, 0, 0, 0, 0, 0, 0, 0, 0, 1]"
1604,L2_arctic_WAV/TLV_arctic_a0519,"[46, 8, 35, 8, 55, 64, 28, 3, 36, 17, 70, 24, 55, 58, 56, 50, 52, 28, 3, 39, 56, 8, 30, 60, 9, 8, 55, 8, 39, 63, 8, 30, 40, 70, 8, 39, 63, 8, 30, 64, 55, 58]","[9, 8, 8, 55, 64, 28, 46, 36, 7, 24, 55, 58, 56, 50, 52, 28, 46, 39, 56, 8, 30, 60, 9, 8, 55, 17, 63, 8, 30, 40, 46, 8, 37, 63, 8, 30, 64, 55]","[0, 1, 0, 1, 1, 1, 1, 0, 1, 0, 0, 1, 1, 1, 1, 1, 1, 1, 0, 1, 1, 1, 1, 1, 1, 1, 1, 0, 0, 1, 1, 1, 1, 0, 1, 0, 1, 1, 1, 1, 1, 0]","[1, 0, 1, 0, 0, 0, 0, 1, 0, 1, 1, 0, 0, 0, 0, 0, 0, 0, 1, 0, 0, 0, 0, 0, 0, 0, 0, 1, 1, 0, 0, 0, 0, 1, 0, 1, 0, 0, 0, 0, 0, 1]"
1605,L2_arctic_WAV/TLV_arctic_a0542,"[36, 24, 63, 15, 3, 8, 58, 15, 3, 46, 8, 68, 8, 39, 63, 8, 68, 67, 64, 39, 58, 24, 55, 7, 52, 55, 59, 60, 69, 68, 8, 55, 3, 46]","[36, 24, 58, 15, 8, 58, 15, 22, 46, 8, 68, 8, 39, 63, 8, 68, 67, 64, 37, 58, 24, 55, 7, 52, 55, 59, 60, 9, 68, 8, 55, 46]","[1, 1, 0, 1, 0, 1, 1, 1, 0, 1, 1, 1, 1, 1, 1, 1, 1, 1, 1, 0, 1, 1, 1, 1, 1, 1, 1, 1, 0, 1, 1, 1, 0, 1]","[0, 0, 1, 0, 1, 0, 0, 0, 1, 0, 0, 0, 0, 0, 0, 0, 0, 0, 0, 1, 0, 0, 0, 0, 0, 0, 0, 0, 1, 0, 0, 0, 1, 0]"
1606,L2_arctic_WAV/TLV_arctic_b0019,"[67, 24, 70, 46, 30, 24, 68, 67, 64, 55, 70, 59, 50, 24, 48, 3, 63, 49, 52, 69, 8, 70, 8, 39, 63, 8, 3, 60, 37, 8, 30]","[67, 24, 70, 46, 38, 24, 68, 67, 64, 55, 70, 59, 50, 24, 48, 58, 49, 60, 26, 8, 37, 3, 3, 60, 37, 8, 36]","[1, 1, 1, 1, 0, 1, 1, 1, 1, 1, 1, 1, 1, 1, 1, 0, 0, 1, 0, 0, 0, 0, 1, 0, 0, 0, 1, 1, 1, 1, 0]","[0, 0, 0, 0, 1, 0, 0, 0, 0, 0, 0, 0, 0, 0, 0, 1, 1, 0, 1, 1, 1, 1, 0, 1, 1, 1, 0, 0, 0, 0, 1]"
1607,L2_arctic_WAV/TLV_arctic_b0048,"[67, 49, 30, 31, 28, 3, 30, 56, 28, 36, 8, 55, 67, 6, 67, 64, 58, 48, 64, 46, 3, 22, 50, 6, 8, 55, 8, 55, 28, 8, 68, 54, 7, 3, 8, 37, 8, 30, 15, 50, 40, 50, 3, 6]","[67, 49, 30, 6, 28, 30, 56, 36, 8, 55, 67, 6, 67, 64, 46, 48, 64, 46, 22, 50, 6, 8, 55, 8, 55, 28, 8, 55, 54, 40, 3, 8, 37, 8, 36, 15, 50, 40, 3, 6]","[1, 1, 1, 0, 1, 0, 1, 1, 0, 1, 1, 1, 1, 1, 1, 1, 0, 1, 1, 1, 0, 1, 1, 1, 1, 1, 1, 1, 1, 1, 0, 1, 0, 1, 1, 1, 1, 0, 1, 1, 1, 0, 1, 1]","[0, 0, 0, 1, 0, 1, 0, 0, 1, 0, 0, 0, 0, 0, 0, 0, 1, 0, 0, 0, 1, 0, 0, 0, 0, 0, 0, 0, 0, 0, 1, 0, 1, 0, 0, 0, 0, 1, 0, 0, 0, 1, 0, 0]"
1608,L2_arctic_WAV/TLV_arctic_b0074,"[29, 52, 3, 37, 24, 67, 56, 55, 58, 63, 52, 68, 63, 52, 50, 36, 17, 70, 8, 55, 8, 63, 7, 64, 55, 58, 68, 40, 50, 48, 15, 7, 54, 8, 30, 68, 14, 3, 24, 39]","[29, 52, 46, 37, 24, 67, 56, 58, 8, 68, 58, 52, 36, 17, 55, 8, 55, 8, 58, 23, 64, 55, 68, 40, 48, 15, 8, 54, 8, 68, 14, 3, 24, 54]","[1, 1, 0, 1, 1, 1, 1, 0, 1, 0, 0, 1, 0, 1, 0, 1, 1, 0, 1, 1, 1, 0, 0, 1, 1, 0, 1, 1, 0, 1, 1, 0, 1, 1, 0, 1, 1, 1, 1, 0]","[0, 0, 1, 0, 0, 0, 0, 1, 0, 1, 1, 0, 1, 0, 1, 0, 0, 1, 0, 0, 0, 1, 1, 0, 0, 1, 0, 0, 1, 0, 0, 1, 0, 0, 1, 0, 0, 0, 0, 1]"
1609,L2_arctic_WAV/TLV_arctic_b0075,"[24, 55, 63, 64, 3, 28, 60, 46, 67, 49, 28, 31, 58, 55, 17, 3, 68, 24, 46, 63, 52, 68, 24, 54, 67, 49, 29, 6, 70, 58, 28, 17, 9, 8, 55]","[24, 55, 63, 64, 46, 28, 60, 67, 49, 28, 31, 58, 55, 17, 46, 68, 24, 58, 52, 68, 24, 48, 67, 49, 29, 6, 3, 28, 17, 46, 8, 55]","[1, 1, 1, 1, 0, 1, 1, 0, 1, 1, 1, 1, 1, 1, 1, 0, 1, 1, 0, 0, 1, 1, 1, 0, 1, 1, 1, 1, 0, 0, 1, 1, 0, 1, 1]","[0, 0, 0, 0, 1, 0, 0, 1, 0, 0, 0, 0, 0, 0, 0, 1, 0, 0, 1, 1, 0, 0, 0, 1, 0, 0, 0, 0, 1, 1, 0, 0, 1, 0, 0]"
1610,L2_arctic_WAV/TLV_arctic_b0106,"[54, 40, 50, 8, 54, 31, 30, 68, 24, 55, 8, 3, 63, 8, 3, 6, 68, 52, 55, 46, 3, 52, 50, 58, 24, 55, 3, 6, 49, 35, 8, 63, 7, 70, 54, 60, 46]","[54, 40, 8, 54, 6, 68, 49, 55, 8, 22, 58, 8, 3, 6, 68, 64, 55, 46, 3, 17, 50, 24, 24, 55, 3, 6, 49, 35, 9, 8, 58, 8, 54, 60, 46]","[1, 1, 0, 1, 1, 0, 0, 1, 0, 1, 1, 0, 0, 1, 1, 1, 1, 0, 1, 1, 1, 0, 1, 0, 1, 1, 1, 1, 1, 1, 1, 0, 0, 0, 1, 1, 1]","[0, 0, 1, 0, 0, 1, 1, 0, 1, 0, 0, 1, 1, 0, 0, 0, 0, 1, 0, 0, 0, 1, 0, 1, 0, 0, 0, 0, 0, 0, 1, 1, 1, 1, 0, 0, 0]"
1611,L2_arctic_WAV/TLV_arctic_b0140,"[63, 60, 52, 69, 58, 55, 24, 50, 7, 64, 55, 58, 46, 3, 31, 58, 9, 14, 30, 58, 7, 3, 8, 9, 14, 30, 58, 7, 54, 60, 46, 24, 10, 63, 52, 50, 36, 7, 30, 58]","[58, 60, 52, 69, 8, 55, 24, 50, 7, 8, 64, 46, 3, 6, 9, 9, 15, 58, 7, 3, 8, 46, 15, 58, 7, 54, 60, 46, 24, 55, 58, 52, 50, 36, 7, 58]","[0, 1, 1, 1, 0, 1, 1, 1, 1, 1, 0, 0, 1, 1, 0, 0, 1, 0, 0, 1, 1, 1, 1, 0, 0, 0, 1, 1, 1, 1, 1, 1, 0, 0, 1, 1, 1, 1, 0, 1]","[1, 0, 0, 0, 1, 0, 0, 0, 0, 1, 1, 1, 0, 0, 1, 1, 0, 1, 1, 0, 0, 0, 0, 1, 1, 1, 0, 0, 0, 0, 0, 0, 1, 1, 0, 0, 0, 0, 1, 0]"
1612,L2_arctic_WAV/TLV_arctic_b0165,"[67, 49, 48, 31, 30, 58, 64, 55, 58, 63, 8, 30, 40, 59, 28, 50, 64, 9, 3, 58, 15, 55, 3, 24, 37, 50, 60, 28, 67, 24, 70, 37, 64, 28]","[67, 49, 48, 31, 30, 55, 64, 55, 58, 8, 30, 40, 28, 50, 64, 46, 58, 15, 3, 24, 58, 8, 37, 50, 52, 28, 67, 24, 70, 37, 64, 28]","[1, 1, 1, 1, 1, 0, 1, 1, 1, 0, 1, 1, 1, 0, 1, 1, 1, 0, 0, 1, 1, 0, 1, 1, 1, 1, 0, 1, 1, 1, 1, 1, 1, 1]","[0, 0, 0, 0, 0, 1, 0, 0, 0, 1, 0, 0, 0, 1, 0, 0, 0, 1, 1, 0, 0, 1, 0, 0, 0, 0, 1, 0, 0, 0, 0, 0, 0, 0]"
1613,L2_arctic_WAV/TLV_arctic_b0189,"[63, 64, 3, 24, 70, 36, 8, 3, 58, 24, 46, 3, 24, 10, 59, 36, 24, 9, 24, 70, 40, 30, 8, 39, 8, 46, 54, 50, 8, 68, 63, 8, 30, 14, 7, 64, 55, 8, 68, 8, 30, 70]","[58, 64, 46, 49, 46, 36, 17, 46, 58, 24, 46, 3, 24, 10, 59, 36, 24, 46, 40, 55, 8, 8, 46, 54, 50, 8, 68, 30, 8, 30, 15, 7, 52, 55, 8, 68, 8, 30, 46]","[0, 1, 0, 0, 0, 1, 0, 0, 1, 1, 1, 1, 1, 1, 1, 1, 0, 0, 1, 0, 1, 0, 1, 0, 1, 1, 1, 1, 1, 1, 0, 1, 1, 0, 1, 0, 1, 1, 1, 1, 1, 0]","[1, 0, 1, 1, 1, 0, 1, 1, 0, 0, 0, 0, 0, 0, 0, 0, 1, 1, 0, 1, 0, 1, 0, 1, 0, 0, 0, 0, 0, 0, 1, 0, 0, 1, 0, 1, 0, 0, 0, 0, 0, 1]"
1614,L2_arctic_WAV/TLV_arctic_b0192,"[15, 3, 46, 56, 58, 7, 70, 17, 50, 8, 30, 15, 58, 54, 56, 39, 68, 24, 55, 8, 3, 46, 48, 49, 35, 24, 70, 63, 49, 46, 24, 28, 68, 64, 55, 7, 69, 58]","[15, 46, 56, 58, 7, 70, 17, 8, 30, 14, 54, 56, 68, 49, 55, 8, 3, 46, 48, 24, 35, 24, 70, 58, 24, 46, 24, 28, 46, 68, 52, 55, 7, 35]","[1, 0, 1, 1, 1, 1, 1, 1, 0, 1, 1, 0, 0, 1, 1, 0, 1, 0, 1, 1, 1, 1, 1, 0, 1, 1, 1, 0, 0, 1, 1, 1, 1, 0, 1, 1, 0, 0]","[0, 1, 0, 0, 0, 0, 0, 0, 1, 0, 0, 1, 1, 0, 0, 1, 0, 1, 0, 0, 0, 0, 0, 1, 0, 0, 0, 1, 1, 0, 0, 0, 0, 1, 0, 0, 1, 1]"
1615,L2_arctic_WAV/TLV_arctic_b0201,"[56, 40, 30, 46, 14, 8, 55, 58, 7, 46, 3, 64, 55, 58, 63, 64, 3, 46, 24, 68, 8, 30, 7, 37, 50, 64, 55, 35, 40, 50, 59, 8, 55, 8, 70, 60, 9, 8, 55, 70, 67, 64, 39, 68, 60, 58, 63, 52, 50, 8, 48, 24, 50, 8, 55, 46, 24, 55, 29, 31, 50, 8, 48]","[17, 40, 36, 46, 14, 8, 55, 58, 8, 46, 3, 64, 55, 58, 64, 46, 46, 24, 68, 8, 30, 8, 37, 50, 52, 55, 35, 40, 59, 8, 55, 56, 70, 60, 9, 8, 55, 67, 64, 68, 60, 28, 46, 58, 52, 50, 8, 46, 48, 24, 50, 8, 55, 24, 55, 29, 31, 50, 8, 48]","[0, 1, 0, 1, 1, 1, 1, 1, 0, 1, 1, 1, 1, 1, 0, 1, 0, 1, 1, 1, 1, 1, 0, 1, 1, 0, 1, 1, 1, 0, 1, 1, 1, 0, 1, 1, 1, 1, 1, 0, 1, 1, 0, 1, 1, 1, 0, 1, 1, 1, 1, 1, 1, 1, 1, 0, 1, 1, 1, 1, 1, 1, 1]","[1, 0, 1, 0, 0, 0, 0, 0, 1, 0, 0, 0, 0, 0, 1, 0, 1, 0, 0, 0, 0, 0, 1, 0, 0, 1, 0, 0, 0, 1, 0, 0, 0, 1, 0, 0, 0, 0, 0, 1, 0, 0, 1, 0, 0, 1, 1, 0, 0, 0, 0, 0, 0, 0, 0, 1, 0, 0, 0, 0, 0, 0, 0]"
1616,L2_arctic_WAV/TLV_arctic_b0251,"[63, 60, 68, 8, 46, 3, 67, 64, 39, 37, 24, 55, 46, 36, 52, 48, 3, 8, 36, 60, 37, 56, 63, 8, 28, 60, 17, 3, 24, 28, 28, 7, 8, 55, 3, 46]","[58, 60, 68, 8, 46, 67, 64, 37, 24, 55, 46, 36, 52, 48, 8, 36, 60, 37, 56, 28, 17, 3, 24, 28, 28, 7, 8, 55, 46]","[0, 1, 1, 1, 1, 0, 1, 1, 0, 1, 1, 1, 1, 1, 1, 1, 0, 1, 1, 1, 1, 1, 0, 0, 1, 0, 1, 1, 1, 1, 1, 1, 1, 1, 0, 1]","[1, 0, 0, 0, 0, 1, 0, 0, 1, 0, 0, 0, 0, 0, 0, 0, 1, 0, 0, 0, 0, 0, 1, 1, 0, 1, 0, 0, 0, 0, 0, 0, 0, 0, 1, 0]"
1617,L2_arctic_WAV/TLV_arctic_b0288,"[36, 49, 36, 31, 58, 55, 17, 3, 46, 48, 52, 55, 58, 8, 55, 8, 63, 7, 46, 8, 35, 55, 56, 3]","[36, 49, 36, 31, 58, 55, 17, 46, 48, 52, 55, 8, 55, 17, 58, 8, 46, 8, 55, 56, 3]","[1, 1, 1, 1, 1, 1, 1, 0, 1, 1, 1, 1, 0, 1, 1, 0, 0, 0, 1, 1, 0, 1, 1, 1]","[0, 0, 0, 0, 0, 0, 0, 1, 0, 0, 0, 0, 1, 0, 0, 1, 1, 1, 0, 0, 1, 0, 0, 0]"
1618,L2_arctic_WAV/TLV_arctic_b0304,"[67, 24, 70, 48, 50, 49, 39, 49, 8, 46, 36, 56, 39, 70, 67, 64, 58, 55, 52, 39, 7, 30, 24, 39, 58, 30, 40, 10, 24, 55, 8, 54, 3, 6, 37, 52, 50, 67, 24, 68, 35, 24, 30, 58, 50, 8, 55]","[67, 24, 46, 48, 50, 49, 65, 49, 8, 46, 36, 56, 46, 67, 64, 46, 55, 52, 39, 8, 30, 56, 39, 30, 40, 10, 24, 55, 8, 54, 35, 6, 37, 52, 50, 67, 49, 68, 35, 24, 36, 50, 8, 55]","[1, 1, 0, 1, 1, 1, 0, 1, 1, 1, 1, 1, 0, 0, 1, 1, 0, 1, 1, 1, 0, 1, 0, 1, 0, 1, 1, 1, 1, 1, 1, 1, 0, 1, 1, 1, 1, 1, 0, 1, 1, 1, 0, 0, 1, 1, 1]","[0, 0, 1, 0, 0, 0, 1, 0, 0, 0, 0, 0, 1, 1, 0, 0, 1, 0, 0, 0, 1, 0, 1, 0, 1, 0, 0, 0, 0, 0, 0, 0, 1, 0, 0, 0, 0, 0, 1, 0, 0, 0, 1, 1, 0, 0, 0]"
1619,L2_arctic_WAV/TLV_arctic_b0315,"[64, 55, 58, 63, 24, 46, 36, 40, 70, 63, 52, 50, 46, 14, 30, 28, 17, 55, 39, 7, 46, 60, 9, 8, 55, 22, 50, 6, 15, 3, 63, 8, 68, 49, 30]","[64, 55, 58, 24, 46, 36, 40, 58, 52, 8, 46, 14, 28, 40, 39, 8, 9, 60, 9, 8, 55, 3, 50, 6, 15, 58, 8, 68, 49, 36]","[1, 1, 1, 0, 1, 1, 1, 1, 0, 0, 1, 0, 1, 1, 0, 1, 0, 0, 1, 0, 0, 1, 1, 1, 1, 0, 1, 1, 1, 0, 0, 1, 1, 1, 0]","[0, 0, 0, 1, 0, 0, 0, 0, 1, 1, 0, 1, 0, 0, 1, 0, 1, 1, 0, 1, 1, 0, 0, 0, 0, 1, 0, 0, 0, 1, 1, 0, 0, 0, 1]"
1620,L2_arctic_WAV/TLV_arctic_b0320,"[63, 8, 50, 24, 59, 50, 52, 3, 24, 55, 67, 24, 70, 39, 57, 46, 36, 40, 70, 48, 50, 14, 39, 17, 28, 8, 3, 24, 39, 8, 39, 8, 46, 52, 28, 8, 55, 37, 7, 46, 3, 8, 39, 30, 64, 54, 3, 7]","[58, 8, 59, 50, 24, 59, 50, 52, 3, 24, 55, 67, 24, 39, 57, 36, 40, 39, 50, 14, 39, 14, 28, 24, 3, 24, 39, 17, 39, 22, 8, 46, 52, 28, 8, 55, 37, 7, 46, 3, 8, 37, 30, 64, 54, 3, 7, 46]","[0, 1, 1, 1, 1, 1, 1, 1, 1, 1, 1, 1, 0, 1, 1, 0, 1, 1, 0, 0, 1, 1, 1, 0, 1, 0, 1, 1, 1, 0, 1, 1, 1, 1, 1, 1, 1, 1, 1, 1, 1, 1, 0, 1, 1, 1, 1, 1]","[1, 0, 0, 0, 0, 0, 0, 0, 0, 0, 0, 0, 1, 0, 0, 1, 0, 0, 1, 1, 0, 0, 0, 1, 0, 1, 0, 0, 0, 1, 0, 0, 0, 0, 0, 0, 0, 0, 0, 0, 0, 0, 1, 0, 0, 0, 0, 0]"
1621,L2_arctic_WAV/TLV_arctic_b0323,"[28, 50, 24, 28, 8, 3, 46, 37, 49, 59, 64, 55, 3, 24, 35, 7, 48, 64, 55, 58, 68, 40, 50, 59, 49, 46, 64, 55, 58, 58, 8, 28, 46, 54, 30, 6, 14, 39, 7, 67, 52, 58]","[59, 50, 24, 28, 8, 3, 37, 49, 59, 24, 55, 3, 24, 35, 7, 48, 64, 55, 68, 40, 50, 59, 49, 70, 64, 55, 58, 58, 8, 28, 54, 30, 14, 14, 39, 8, 67, 64, 58]","[0, 1, 1, 1, 1, 1, 0, 1, 1, 1, 0, 1, 1, 1, 1, 1, 1, 1, 1, 0, 1, 1, 1, 1, 1, 0, 1, 1, 1, 1, 1, 1, 0, 1, 1, 0, 1, 1, 0, 1, 0, 1]","[1, 0, 0, 0, 0, 0, 1, 0, 0, 0, 1, 0, 0, 0, 0, 0, 0, 0, 0, 1, 0, 0, 0, 0, 0, 1, 0, 0, 0, 0, 0, 0, 1, 0, 0, 1, 0, 0, 1, 0, 1, 0]"
1622,L2_arctic_WAV/TLV_arctic_b0342,"[49, 35, 24, 68, 48, 50, 6, 39, 68, 8, 55, 3, 68, 60, 28, 46, 63, 8, 39, 64, 30, 29, 6, 8, 39, 52, 39, 50, 49, 22, 24, 10, 52, 30, 46, 48, 8, 68, 48, 8, 48]","[49, 9, 24, 68, 48, 50, 6, 68, 8, 55, 68, 52, 28, 58, 8, 39, 64, 30, 6, 8, 52, 39, 50, 49, 22, 24, 10, 52, 30, 46, 48, 8, 68, 8, 48]","[1, 0, 1, 1, 1, 1, 1, 0, 1, 1, 1, 0, 1, 0, 1, 0, 0, 1, 1, 1, 1, 0, 1, 1, 0, 1, 1, 1, 1, 1, 1, 1, 1, 1, 1, 1, 1, 1, 0, 1, 1]","[0, 1, 0, 0, 0, 0, 0, 1, 0, 0, 0, 1, 0, 1, 0, 1, 1, 0, 0, 0, 0, 1, 0, 0, 1, 0, 0, 0, 0, 0, 0, 0, 0, 0, 0, 0, 0, 0, 1, 0, 0]"
1623,L2_arctic_WAV/TLV_arctic_b0355,"[63, 52, 50, 36, 40, 70, 48, 50, 17, 48, 7, 58, 24, 39, 24, 26, 8, 55, 8, 39, 30, 60, 37, 7, 24, 55, 63, 8, 36, 7, 28, 63, 60, 24, 55, 58, 24, 39, 24, 69, 6, 8, 30, 49, 48, 7, 54, 40, 50, 68, 58]","[58, 52, 50, 36, 40, 37, 50, 40, 48, 7, 58, 49, 39, 24, 9, 8, 55, 8, 37, 30, 60, 37, 7, 24, 55, 58, 8, 36, 8, 28, 58, 60, 24, 55, 39, 24, 58, 24, 8, 30, 49, 48, 8, 54, 40, 68, 58]","[0, 1, 1, 1, 1, 0, 0, 1, 0, 1, 1, 1, 0, 1, 1, 0, 1, 1, 1, 0, 1, 1, 1, 1, 1, 1, 0, 1, 1, 0, 1, 0, 1, 1, 1, 0, 0, 1, 1, 0, 0, 1, 1, 1, 1, 0, 1, 1, 0, 1, 1]","[1, 0, 0, 0, 0, 1, 1, 0, 1, 0, 0, 0, 1, 0, 0, 1, 0, 0, 0, 1, 0, 0, 0, 0, 0, 0, 1, 0, 0, 1, 0, 1, 0, 0, 0, 1, 1, 0, 0, 1, 1, 0, 0, 0, 0, 1, 0, 0, 1, 0, 0]"
1624,L2_arctic_WAV/TLV_arctic_b0358,"[63, 8, 3, 52, 68, 48, 7, 8, 35, 7, 58, 50, 17, 48, 3, 3, 6, 54, 24, 54, 3, 49, 37, 49, 30, 14, 70, 49, 50, 14, 64, 55, 58, 50, 24, 68, 60, 55, 58, 63, 52, 50, 63, 8, 67, 14, 30, 3, 50, 24, 48]","[63, 8, 35, 52, 68, 37, 8, 35, 7, 50, 17, 48, 3, 6, 54, 24, 54, 3, 49, 37, 49, 30, 14, 69, 52, 50, 14, 52, 55, 50, 24, 68, 60, 55, 58, 58, 52, 67, 14, 55, 3, 50, 24]","[1, 1, 0, 1, 1, 0, 0, 1, 1, 1, 0, 1, 1, 1, 0, 1, 1, 1, 1, 1, 1, 1, 1, 1, 1, 1, 0, 0, 1, 1, 0, 1, 0, 1, 1, 1, 1, 1, 1, 0, 1, 0, 0, 0, 1, 1, 0, 1, 1, 1, 0]","[0, 0, 1, 0, 0, 1, 1, 0, 0, 0, 1, 0, 0, 0, 1, 0, 0, 0, 0, 0, 0, 0, 0, 0, 0, 0, 1, 1, 0, 0, 1, 0, 1, 0, 0, 0, 0, 0, 0, 1, 0, 1, 1, 1, 0, 0, 1, 0, 0, 0, 1]"
1625,L2_arctic_WAV/TLV_arctic_b0380,"[67, 49, 67, 64, 58, 48, 49, 30, 58, 40, 54, 67, 24, 70, 9, 7, 3, 64, 55, 58, 36, 40, 70, 36, 56, 30, 58, 30, 49, 36, 60, 39, 24, 10, 24, 3]","[67, 49, 67, 64, 46, 48, 49, 50, 40, 37, 67, 24, 46, 9, 7, 3, 64, 55, 36, 40, 36, 56, 3, 30, 49, 36, 60, 39, 24, 55, 24, 3]","[1, 1, 1, 1, 0, 1, 1, 0, 0, 1, 0, 1, 1, 0, 1, 1, 1, 1, 1, 0, 1, 1, 0, 1, 1, 0, 0, 1, 1, 1, 1, 1, 1, 0, 1, 1]","[0, 0, 0, 0, 1, 0, 0, 1, 1, 0, 1, 0, 0, 1, 0, 0, 0, 0, 0, 1, 0, 0, 1, 0, 0, 1, 1, 0, 0, 0, 0, 0, 0, 1, 0, 0]"
1626,L2_arctic_WAV/TLV_arctic_b0386,"[68, 56, 56, 58, 49, 8, 36, 17, 70, 63, 64, 3, 67, 49, 36, 31, 58, 67, 64, 39, 68, 40, 50, 24, 55, 54, 30, 6, 8, 55, 46, 14, 39, 7, 63, 8, 55, 60, 3, 24, 39, 70]","[68, 56, 56, 58, 49, 8, 36, 7, 58, 64, 22, 49, 36, 31, 63, 67, 64, 68, 40, 24, 55, 54, 30, 6, 8, 55, 17, 39, 7, 55, 60, 3, 24, 39, 46]","[1, 1, 1, 1, 1, 1, 1, 0, 0, 0, 1, 0, 0, 1, 1, 1, 0, 1, 1, 0, 1, 1, 0, 1, 1, 1, 1, 1, 1, 1, 0, 0, 1, 1, 0, 0, 1, 1, 1, 1, 1, 0]","[0, 0, 0, 0, 0, 0, 0, 1, 1, 1, 0, 1, 1, 0, 0, 0, 1, 0, 0, 1, 0, 0, 1, 0, 0, 0, 0, 0, 0, 0, 1, 1, 0, 0, 1, 1, 0, 0, 0, 0, 0, 1]"
1627,L2_arctic_WAV/TLV_arctic_b0393,"[56, 36, 8, 70, 46, 3, 24, 30, 36, 49, 28, 54, 50, 8, 68, 68, 56, 48, 50, 8, 30, 40, 10, 58, 24, 68, 7, 26, 8, 55]","[56, 36, 8, 70, 46, 3, 24, 36, 36, 49, 28, 46, 54, 50, 8, 68, 68, 56, 54, 50, 8, 30, 40, 10, 46, 49, 68, 7, 46, 8, 55]","[1, 1, 1, 1, 1, 1, 1, 0, 1, 1, 1, 1, 1, 1, 1, 1, 1, 0, 1, 1, 1, 1, 1, 0, 0, 1, 1, 0, 1, 1]","[0, 0, 0, 0, 0, 0, 0, 1, 0, 0, 0, 0, 0, 0, 0, 0, 0, 1, 0, 0, 0, 0, 0, 1, 1, 0, 0, 1, 0, 0]"
1628,L2_arctic_WAV/TLV_arctic_b0415,"[63, 52, 50, 36, 40, 70, 55, 8, 22, 24, 10, 54, 40, 50, 8, 46, 37, 8, 3, 63, 8, 36, 56, 58, 50, 17, 14, 9, 8, 55]","[58, 52, 50, 36, 40, 55, 40, 22, 24, 10, 54, 40, 7, 37, 8, 3, 3, 8, 36, 56, 28, 50, 17, 40, 9, 8, 55]","[0, 1, 1, 1, 1, 0, 1, 0, 1, 1, 1, 1, 1, 0, 0, 0, 1, 1, 1, 0, 1, 1, 1, 0, 1, 1, 0, 1, 1, 1]","[1, 0, 0, 0, 0, 1, 0, 1, 0, 0, 0, 0, 0, 1, 1, 1, 0, 0, 0, 1, 0, 0, 0, 1, 0, 0, 1, 0, 0, 0]"
1629,L2_arctic_WAV/TLV_arctic_b0416,"[56, 7, 14, 70, 14, 37, 49, 58, 49, 8, 55, 3, 30, 49, 64, 55, 58, 36, 52, 55, 3, 58, 15, 55, 63, 8, 37, 49, 35]","[56, 7, 14, 70, 14, 37, 49, 58, 49, 8, 55, 30, 49, 64, 55, 36, 52, 55, 58, 15, 55, 58, 8, 37, 49, 35]","[1, 1, 1, 1, 1, 1, 1, 1, 1, 1, 1, 0, 1, 1, 1, 1, 0, 1, 1, 1, 0, 1, 1, 1, 0, 1, 1, 1, 1]","[0, 0, 0, 0, 0, 0, 0, 0, 0, 0, 0, 1, 0, 0, 0, 0, 1, 0, 0, 0, 1, 0, 0, 0, 1, 0, 0, 0, 0]"
1630,L2_arctic_WAV/TLV_arctic_b0422,"[63, 24, 46, 36, 40, 70, 36, 52, 55, 63, 49, 24, 28, 46, 48, 30, 14, 26, 8, 55, 8, 28, 7, 58]","[63, 24, 46, 36, 14, 36, 52, 55, 24, 46, 54, 30, 14, 9, 8, 55, 8, 28, 7, 58]","[1, 1, 1, 1, 0, 0, 1, 1, 1, 0, 0, 1, 0, 1, 0, 1, 1, 0, 1, 1, 1, 1, 1, 1]","[0, 0, 0, 0, 1, 1, 0, 0, 0, 1, 1, 0, 1, 0, 1, 0, 0, 1, 0, 0, 0, 0, 0, 0]"
1631,L2_arctic_WAV/TLV_arctic_b0425,"[63, 52, 50, 36, 7, 40, 50, 8, 55, 69, 59, 50, 49, 55, 59, 14, 30, 58, 59, 50, 49, 55, 64, 55, 58, 8, 28, 17, 48, 7, 59, 50, 49, 55]","[58, 52, 36, 31, 40, 50, 8, 55, 59, 50, 49, 55, 26, 59, 14, 55, 59, 50, 49, 55, 26, 64, 55, 8, 28, 8, 48, 16, 59, 50, 49, 55]","[0, 1, 0, 1, 0, 1, 1, 1, 1, 0, 1, 1, 1, 1, 1, 1, 0, 0, 1, 1, 1, 1, 1, 1, 0, 1, 1, 0, 1, 0, 1, 1, 1, 1]","[1, 0, 1, 0, 1, 0, 0, 0, 0, 1, 0, 0, 0, 0, 0, 0, 1, 1, 0, 0, 0, 0, 0, 0, 1, 0, 0, 1, 0, 1, 0, 0, 0, 0]"
1632,L2_arctic_WAV/TLV_arctic_b0465,"[37, 8, 3, 46, 8, 35, 58, 56, 39, 7, 69, 8, 55, 46, 8, 39, 8, 48, 24, 55, 29, 8, 55, 36, 31, 58, 28, 17, 55, 46, 3, 8, 3, 6, 3, 55, 14, 68, 52, 55, 24, 46, 3, 24, 46, 8, 46, 56, 8, 3, 49]","[37, 8, 9, 8, 58, 56, 39, 7, 26, 8, 55, 8, 37, 8, 48, 49, 29, 8, 55, 36, 31, 58, 28, 8, 55, 3, 8, 46, 3, 6, 46, 55, 14, 68, 8, 55, 24, 55, 3, 24, 46, 8, 46, 56, 8, 3, 49]","[1, 1, 0, 0, 1, 0, 1, 1, 1, 1, 0, 1, 1, 0, 1, 0, 1, 1, 0, 0, 1, 1, 1, 1, 1, 1, 1, 0, 1, 0, 1, 1, 1, 1, 0, 1, 1, 1, 0, 1, 1, 0, 1, 1, 1, 1, 1, 1, 1, 1, 1]","[0, 0, 1, 1, 0, 1, 0, 0, 0, 0, 1, 0, 0, 1, 0, 1, 0, 0, 1, 1, 0, 0, 0, 0, 0, 0, 0, 1, 0, 1, 0, 0, 0, 0, 1, 0, 0, 0, 1, 0, 0, 1, 0, 0, 0, 0, 0, 0, 0, 0, 0]"
1633,L2_arctic_WAV/TLV_arctic_b0469,"[39, 52, 50, 49, 54, 29, 6, 48, 49, 48, 8, 30, 55, 6, 8, 39, 63, 49, 24, 59, 70, 24, 46, 3, 8, 55, 46, 8, 39, 63, 24, 46, 30, 17]","[39, 52, 50, 49, 54, 29, 6, 48, 49, 48, 8, 36, 55, 6, 58, 8, 37, 58, 49, 24, 46, 24, 28, 3, 8, 55, 8, 58, 24, 38, 17, 50]","[1, 1, 1, 1, 1, 1, 1, 1, 1, 1, 1, 0, 1, 1, 1, 0, 0, 1, 1, 0, 0, 1, 0, 1, 1, 1, 0, 1, 0, 0, 1, 0, 0, 1]","[0, 0, 0, 0, 0, 0, 0, 0, 0, 0, 0, 1, 0, 0, 0, 1, 1, 0, 0, 1, 1, 0, 1, 0, 0, 0, 1, 0, 1, 1, 0, 1, 1, 1]"
1634,L2_arctic_WAV/TLV_arctic_b0481,"[63, 8, 3, 64, 46, 28, 36, 49, 46, 52, 3, 15, 7, 46, 52, 30, 39, 70, 36, 40, 70, 22, 50, 49, 54, 14, 30, 58]","[58, 8, 3, 64, 46, 36, 49, 46, 52, 3, 17, 46, 52, 36, 36, 40, 58, 8, 22, 50, 49, 9, 54, 14]","[0, 1, 1, 1, 1, 0, 1, 1, 1, 1, 1, 0, 0, 1, 1, 0, 0, 0, 1, 1, 0, 1, 1, 1, 1, 1, 0, 0]","[1, 0, 0, 0, 0, 1, 0, 0, 0, 0, 0, 1, 1, 0, 0, 1, 1, 1, 0, 0, 1, 0, 0, 0, 0, 0, 1, 1]"
1635,L2_arctic_WAV/TLV_arctic_b0488,"[37, 49, 40, 55, 58, 50, 24, 54, 29, 6, 70, 24, 10, 3, 6, 46, 52, 30, 8, 46, 54, 6, 58, 63, 60, 30, 52, 54, 3, 8, 46, 3, 6, 17, 50, 46, 52, 30, 39, 70]","[37, 49, 40, 55, 58, 50, 24, 54, 29, 6, 46, 24, 10, 3, 6, 46, 52, 36, 8, 3, 54, 6, 58, 58, 60, 30, 52, 54, 8, 46, 3, 6, 17, 46, 52, 39, 46]","[1, 1, 1, 1, 1, 1, 1, 1, 1, 1, 0, 1, 1, 1, 1, 1, 1, 0, 1, 0, 1, 1, 1, 0, 1, 1, 1, 1, 0, 1, 1, 1, 1, 1, 0, 1, 1, 0, 1, 0]","[0, 0, 0, 0, 0, 0, 0, 0, 0, 0, 1, 0, 0, 0, 0, 0, 0, 1, 0, 1, 0, 0, 0, 1, 0, 0, 0, 0, 1, 0, 0, 0, 0, 0, 1, 0, 0, 1, 0, 1]"
1636,L2_arctic_WAV/TLV_arctic_b0503,"[63, 8, 46, 52, 55, 3, 46, 8, 39, 46, 3, 50, 60, 55, 69, 39, 52, 69, 8, 3, 60, 9, 8, 55, 37, 30, 6, 40, 54, 63, 8, 3, 50, 17, 48, 24, 28, 30, 64, 55, 58]","[63, 8, 46, 24, 55, 46, 8, 39, 35, 60, 55, 69, 8, 39, 52, 26, 8, 46, 3, 60, 9, 8, 55, 37, 30, 6, 8, 48, 63, 8, 3, 50, 40, 54, 24, 3, 30, 64, 55]","[1, 1, 1, 0, 1, 0, 1, 1, 1, 0, 0, 0, 1, 1, 1, 1, 1, 0, 1, 1, 1, 1, 1, 1, 1, 1, 1, 0, 0, 1, 1, 1, 1, 0, 0, 1, 0, 1, 1, 1, 0]","[0, 0, 0, 1, 0, 1, 0, 0, 0, 1, 1, 1, 0, 0, 0, 0, 0, 1, 0, 0, 0, 0, 0, 0, 0, 0, 0, 1, 1, 0, 0, 0, 0, 1, 1, 0, 1, 0, 0, 0, 1]"
1637,L2_arctic_WAV/TLV_arctic_b0509,"[67, 49, 67, 64, 58, 54, 31, 30, 54, 24, 30, 58, 67, 24, 70, 58, 6, 3, 49, 64, 55, 58, 48, 60, 58, 48, 50, 17, 48, 7, 30, 49]","[67, 49, 67, 64, 46, 54, 31, 54, 24, 36, 58, 67, 24, 3, 58, 6, 3, 49, 64, 55, 58, 48, 60, 28, 54, 50, 8, 48, 30, 49]","[1, 1, 1, 1, 0, 1, 1, 0, 1, 1, 0, 1, 1, 1, 0, 1, 1, 1, 1, 1, 1, 1, 1, 1, 0, 0, 1, 0, 1, 0, 1, 1]","[0, 0, 0, 0, 1, 0, 0, 1, 0, 0, 1, 0, 0, 0, 1, 0, 0, 0, 0, 0, 0, 0, 0, 0, 1, 1, 0, 1, 0, 1, 0, 0]"
1638,L2_arctic_WAV/TLV_arctic_b0518,"[37, 8, 3, 63, 52, 50, 36, 40, 70, 40, 30, 46, 14, 3, 40, 28, 8, 39, 36, 24, 35, 28, 50, 64, 54, 3, 24, 55, 63, 8, 39, 24, 30, 24, 69]","[37, 8, 46, 63, 52, 50, 36, 40, 40, 46, 14, 3, 40, 28, 46, 8, 37, 36, 24, 9, 28, 50, 64, 54, 3, 49, 55, 58, 8, 39, 24, 30, 24, 9]","[1, 1, 0, 1, 1, 1, 1, 1, 0, 1, 0, 1, 1, 1, 1, 1, 1, 0, 1, 1, 0, 1, 1, 1, 1, 1, 0, 1, 0, 1, 1, 1, 1, 1, 0]","[0, 0, 1, 0, 0, 0, 0, 0, 1, 0, 1, 0, 0, 0, 0, 0, 0, 1, 0, 0, 1, 0, 0, 0, 0, 0, 1, 0, 1, 0, 0, 0, 0, 0, 1]"
1639,L2_arctic_WAV/TLV_arctic_b0527,"[63, 8, 39, 52, 50, 49, 56, 58, 49, 8, 8, 39, 24, 3, 36, 40, 70, 48, 50, 24, 48, 17, 46, 3, 7, 8, 46]","[63, 8, 39, 52, 50, 49, 52, 58, 49, 8, 8, 39, 24, 3, 36, 40, 48, 50, 24, 48, 17, 3, 7, 8, 46]","[1, 1, 1, 1, 1, 1, 0, 1, 1, 1, 1, 1, 1, 1, 1, 1, 0, 1, 1, 1, 1, 1, 0, 1, 1, 1, 1]","[0, 0, 0, 0, 0, 0, 1, 0, 0, 0, 0, 0, 0, 0, 0, 0, 1, 0, 0, 0, 0, 0, 1, 0, 0, 0, 0]"
1640,L2_arctic_WAV/TLV_arctic_b0534,"[56, 30, 3, 52, 30, 29, 6, 63, 8, 30, 56, 37, 50, 52, 50, 49, 8, 55, 46, 52, 58, 36, 24, 22, 8, 37, 50, 56, 3, 8, 55, 24, 10, 54, 60, 46]","[15, 3, 52, 29, 6, 58, 8, 30, 56, 37, 8, 50, 49, 8, 55, 46, 52, 46, 36, 24, 22, 8, 37, 50, 56, 3, 8, 55, 24, 28, 54, 60]","[0, 0, 1, 1, 0, 1, 1, 0, 1, 1, 1, 1, 0, 0, 1, 1, 1, 1, 1, 1, 0, 1, 1, 1, 1, 1, 1, 1, 1, 1, 1, 1, 0, 1, 1, 0]","[1, 1, 0, 0, 1, 0, 0, 1, 0, 0, 0, 0, 1, 1, 0, 0, 0, 0, 0, 0, 1, 0, 0, 0, 0, 0, 0, 0, 0, 0, 0, 0, 1, 0, 0, 1]"
1641,L2_arctic_WAV/TXHC_arctic_a0003,"[54, 7, 63, 8, 3, 36, 52, 55, 3, 49, 24, 22, 3, 56, 68, 63, 64, 3, 49, 39, 55, 24, 10, 63, 8, 3, 6, 68, 52, 55, 9, 31, 28, 67, 64, 55, 58, 70]","[54, 7, 63, 8, 3, 36, 52, 55, 3, 49, 24, 22, 3, 56, 68, 58, 64, 3, 49, 37, 8, 55, 49, 10, 58, 8, 3, 6, 68, 52, 55, 9, 6, 28, 67, 64, 55, 58, 46]","[1, 1, 1, 1, 1, 1, 1, 1, 1, 1, 1, 1, 1, 1, 1, 0, 1, 1, 1, 0, 1, 0, 1, 0, 1, 1, 1, 1, 1, 1, 1, 0, 1, 1, 1, 1, 1, 0]","[0, 0, 0, 0, 0, 0, 0, 0, 0, 0, 0, 0, 0, 0, 0, 1, 0, 0, 0, 1, 0, 1, 0, 1, 0, 0, 0, 0, 0, 0, 0, 1, 0, 0, 0, 0, 0, 1]"
1642,L2_arctic_WAV/TXHC_arctic_a0005,"[36, 24, 30, 36, 49, 52, 39, 7, 54, 7, 59, 52, 3, 24, 3]","[36, 24, 36, 36, 49, 64, 36, 7, 54, 7, 59, 64, 3, 24, 3]","[1, 1, 0, 1, 1, 0, 0, 1, 1, 1, 1, 0, 1, 1, 1]","[0, 0, 1, 0, 0, 1, 1, 0, 0, 0, 0, 1, 0, 0, 0]"
1643,L2_arctic_WAV/TXHC_arctic_a0006,"[59, 17, 58, 37, 30, 52, 46, 56, 67, 14, 48, 56, 30, 59, 14, 17, 55, 46, 49, 24, 10, 63, 52, 68, 54, 7, 52, 39, 7]","[59, 17, 58, 37, 64, 46, 56, 67, 14, 48, 56, 36, 8, 30, 59, 14, 17, 10, 46, 49, 24, 10, 63, 52, 55, 54, 7, 64, 39, 7]","[1, 1, 1, 1, 0, 0, 1, 1, 1, 1, 1, 1, 1, 1, 1, 1, 0, 1, 1, 1, 1, 1, 1, 0, 1, 1, 0, 1, 1]","[0, 0, 0, 0, 1, 1, 0, 0, 0, 0, 0, 0, 0, 0, 0, 0, 1, 0, 0, 0, 0, 0, 0, 1, 0, 0, 1, 0, 0]"
1644,L2_arctic_WAV/TXHC_arctic_a0007,"[64, 55, 58, 29, 6, 40, 30, 36, 49, 70, 36, 17, 55, 3, 3, 8, 46, 49, 24, 3, 24, 55, 63, 8, 46, 31, 48, 7, 30, 8, 3, 24, 39, 58, 24, 59, 50, 49]","[64, 55, 58, 29, 6, 40, 30, 36, 49, 70, 36, 17, 55, 3, 3, 8, 46, 49, 24, 3, 24, 55, 63, 8, 46, 31, 48, 7, 30, 8, 3, 24, 39, 58, 24, 59, 50, 49]","[1, 1, 1, 1, 1, 1, 1, 1, 1, 1, 1, 1, 1, 1, 1, 1, 1, 1, 1, 1, 1, 1, 1, 1, 1, 1, 1, 1, 1, 1, 1, 1, 1, 1, 1, 1, 1, 1]","[0, 0, 0, 0, 0, 0, 0, 0, 0, 0, 0, 0, 0, 0, 0, 0, 0, 0, 0, 0, 0, 0, 0, 0, 0, 0, 0, 0, 0, 0, 0, 0, 0, 0, 0, 0, 0, 0]"
1645,L2_arctic_WAV/TXHC_arctic_a0008,"[59, 64, 58, 29, 40, 50, 30, 52, 3, 7, 28, 60, 68, 69, 8, 46, 3, 24, 55, 3, 56, 68]","[59, 64, 58, 29, 40, 50, 30, 64, 3, 7, 28, 60, 68, 69, 8, 46, 3, 49, 55, 3, 56, 68]","[1, 1, 1, 1, 1, 1, 1, 0, 1, 1, 1, 1, 1, 1, 1, 1, 1, 0, 1, 1, 1, 1]","[0, 0, 0, 0, 0, 0, 0, 1, 0, 0, 0, 0, 0, 0, 0, 0, 0, 1, 0, 0, 0, 0]"
1646,L2_arctic_WAV/TXHC_arctic_a0010,"[8, 68, 48, 30, 60, 24, 10, 8, 46, 24, 10, 59, 8, 30, 67, 64, 55, 58, 24, 55, 36, 8, 3, 30, 31, 28, 46, 30, 56, 28, 8, 30, 6, 70, 24, 10, 59, 60, 68]","[8, 68, 48, 30, 60, 24, 10, 8, 46, 24, 10, 59, 8, 36, 67, 64, 55, 58, 49, 55, 36, 8, 3, 30, 31, 28, 46, 30, 56, 28, 8, 30, 6, 70, 24, 10, 59, 60, 68]","[1, 1, 1, 1, 1, 1, 1, 1, 1, 1, 1, 1, 1, 0, 1, 1, 1, 1, 0, 1, 1, 1, 1, 1, 1, 1, 1, 1, 1, 1, 1, 1, 1, 1, 1, 1, 1, 1, 1]","[0, 0, 0, 0, 0, 0, 0, 0, 0, 0, 0, 0, 0, 1, 0, 0, 0, 0, 1, 0, 0, 0, 0, 0, 0, 0, 0, 0, 0, 0, 0, 0, 0, 0, 0, 0, 0, 0, 0]"
1647,L2_arctic_WAV/TXHC_arctic_a0011,"[24, 54, 56, 52, 39, 7, 55, 49, 58, 24, 58, 8, 54, 56, 3, 7, 24, 55, 68, 56, 30, 56, 54, 56, 55, 49, 58, 36, 8, 55, 55, 15]","[24, 54, 56, 52, 39, 7, 55, 49, 58, 24, 58, 8, 54, 56, 3, 7, 49, 10, 68, 56, 30, 56, 54, 56, 55, 49, 58, 36, 8, 55, 55, 20]","[1, 1, 1, 1, 1, 1, 1, 1, 1, 1, 1, 1, 1, 1, 1, 1, 0, 0, 1, 1, 1, 1, 1, 1, 1, 1, 1, 1, 1, 1, 1, 0]","[0, 0, 0, 0, 0, 0, 0, 0, 0, 0, 0, 0, 0, 0, 0, 0, 1, 1, 0, 0, 0, 0, 0, 0, 0, 0, 0, 0, 0, 0, 0, 1]"
1648,L2_arctic_WAV/TXHC_arctic_a0013,"[67, 49, 36, 8, 70, 8, 67, 52, 58, 9, 40, 50, 3, 7, 63, 8, 55, 67, 24, 70, 28, 8, 68, 48, 64, 55, 29, 8, 55, 8, 39, 40, 30, 68, 14, 46, 3, 58, 52, 30, 8, 28, 8, 3, 54, 8, 70, 49, 28]","[67, 49, 36, 8, 46, 8, 67, 64, 58, 9, 40, 3, 7, 63, 8, 10, 67, 24, 46, 28, 8, 68, 48, 64, 55, 29, 8, 55, 8, 39, 40, 68, 14, 46, 3, 58, 64, 30, 8, 28, 8, 3, 8, 54, 8, 70, 49, 28]","[1, 1, 1, 1, 0, 1, 1, 0, 1, 1, 1, 0, 1, 1, 1, 1, 0, 1, 1, 0, 1, 1, 1, 1, 1, 1, 1, 1, 1, 1, 1, 1, 0, 1, 1, 1, 1, 1, 0, 1, 1, 1, 1, 1, 1, 1, 1, 1, 1]","[0, 0, 0, 0, 1, 0, 0, 1, 0, 0, 0, 1, 0, 0, 0, 0, 1, 0, 0, 1, 0, 0, 0, 0, 0, 0, 0, 0, 0, 0, 0, 0, 1, 0, 0, 0, 0, 0, 1, 0, 0, 0, 0, 0, 0, 0, 0, 0, 0]"
1649,L2_arctic_WAV/TXHC_arctic_a0018,"[63, 52, 50, 36, 8, 70, 8, 35, 60, 55, 69, 55, 15]","[58, 52, 50, 36, 8, 46, 8, 35, 60, 55, 61, 55, 15]","[0, 1, 1, 1, 1, 0, 1, 1, 1, 1, 0, 1, 1]","[1, 0, 0, 0, 0, 1, 0, 0, 0, 0, 1, 0, 0]"
1650,L2_arctic_WAV/TXHC_arctic_a0019,"[56, 54, 17, 30, 14, 58, 63, 8, 30, 56, 55, 8, 39, 63, 8, 48, 50, 8, 48, 14, 70, 58, 50, 60, 30, 50, 14, 58, 30, 31, 28, 24, 10, 54, 40, 50, 35, 64, 55, 46, 24, 70]","[56, 54, 40, 30, 14, 58, 63, 8, 30, 56, 55, 8, 39, 63, 8, 48, 50, 8, 48, 14, 70, 58, 50, 60, 30, 66, 14, 58, 30, 31, 28, 24, 10, 54, 40, 50, 35, 64, 55, 46, 24, 46]","[1, 1, 0, 1, 1, 1, 1, 1, 1, 1, 1, 1, 1, 1, 1, 1, 1, 1, 1, 1, 1, 1, 1, 1, 1, 0, 1, 1, 1, 1, 1, 1, 1, 1, 1, 1, 1, 1, 1, 1, 1, 0]","[0, 0, 1, 0, 0, 0, 0, 0, 0, 0, 0, 0, 0, 0, 0, 0, 0, 0, 0, 0, 0, 0, 0, 0, 0, 1, 0, 0, 0, 0, 0, 0, 0, 0, 0, 0, 0, 0, 0, 0, 0, 1]"
1651,L2_arctic_WAV/TXHC_arctic_a0020,"[28, 30, 8, 37, 70, 8, 55, 58, 37, 40, 30, 70, 8, 55, 58, 46, 24, 3, 49, 70, 59, 50, 6, 3, 8, 37, 49, 14, 55, 30, 49, 68, 52, 68, 7, 50, 49, 70]","[28, 30, 8, 37, 70, 8, 55, 58, 37, 40, 70, 8, 55, 58, 46, 49, 3, 49, 46, 59, 50, 6, 3, 8, 37, 49, 14, 10, 30, 49, 68, 64, 68, 7, 36, 49, 46]","[1, 1, 1, 1, 1, 1, 1, 1, 1, 1, 0, 1, 1, 1, 1, 1, 0, 1, 1, 0, 1, 1, 1, 1, 1, 1, 1, 1, 0, 1, 1, 1, 0, 1, 1, 0, 1, 0]","[0, 0, 0, 0, 0, 0, 0, 0, 0, 0, 1, 0, 0, 0, 0, 0, 1, 0, 0, 1, 0, 0, 0, 0, 0, 0, 0, 0, 1, 0, 0, 0, 1, 0, 0, 1, 0, 1]"
1652,L2_arctic_WAV/TXHC_arctic_a0021,"[24, 3, 54, 52, 50, 30, 49, 28, 30, 8, 37, 58, 68, 49, 24, 55, 3, 6, 50, 52, 28, 8, 59, 55, 56, 70, 24, 10, 24, 3]","[24, 3, 54, 52, 30, 49, 28, 30, 8, 37, 58, 68, 49, 49, 55, 3, 6, 50, 52, 28, 8, 59, 55, 56, 70, 24, 10, 24, 3]","[1, 1, 1, 1, 0, 1, 1, 1, 1, 1, 1, 1, 1, 1, 0, 1, 1, 1, 1, 1, 1, 1, 1, 1, 1, 1, 1, 1, 1, 1]","[0, 0, 0, 0, 1, 0, 0, 0, 0, 0, 0, 0, 0, 0, 1, 0, 0, 0, 0, 0, 0, 0, 0, 0, 0, 0, 0, 0, 0, 0]"
1653,L2_arctic_WAV/TXHC_arctic_a0022,"[67, 17, 50, 58, 30, 49, 36, 7, 17, 50, 48, 30, 64, 55, 70, 68, 60, 58, 48, 8, 37, 30, 24, 28, 37, 49, 54, 40, 50, 36, 49, 36, 7, 68, 52, 3, 37, 56, 48, 15, 7, 54, 8, 30, 17, 48, 8, 70, 24, 9, 8, 55]","[67, 17, 50, 58, 8, 30, 49, 36, 7, 17, 50, 48, 30, 64, 55, 46, 68, 60, 58, 48, 20, 37, 30, 24, 28, 37, 49, 54, 40, 50, 36, 49, 36, 8, 68, 52, 3, 37, 56, 48, 15, 7, 54, 31, 17, 48, 8, 70, 24, 9, 8, 55]","[1, 1, 1, 1, 1, 1, 1, 1, 1, 1, 1, 1, 1, 1, 0, 1, 1, 1, 1, 0, 1, 1, 1, 1, 1, 1, 1, 1, 1, 1, 1, 1, 0, 1, 1, 1, 1, 1, 1, 1, 1, 1, 0, 0, 1, 1, 1, 1, 1, 1, 1, 1]","[0, 0, 0, 0, 0, 0, 0, 0, 0, 0, 0, 0, 0, 0, 1, 0, 0, 0, 0, 1, 0, 0, 0, 0, 0, 0, 0, 0, 0, 0, 0, 0, 1, 0, 0, 0, 0, 0, 0, 0, 0, 0, 1, 1, 0, 0, 0, 0, 0, 0, 0, 0]"
1654,L2_arctic_WAV/TXHC_arctic_a0023,"[8, 28, 17, 68, 37, 8, 55, 60, 9, 8, 55, 8, 39, 28, 8, 55, 60, 58, 49, 8, 55, 28, 64, 48, 8, 3, 8, 30, 28, 36, 24, 28, 30, 49, 40, 50, 59, 8, 55, 56, 70, 58, 64, 55, 58, 48, 8, 3, 24, 9, 8, 55, 58, 54, 40, 50, 63, 8, 46, 60, 68, 48, 50, 24, 39, 24, 30, 24, 69, 24, 70]","[8, 28, 17, 68, 37, 8, 55, 60, 9, 8, 55, 8, 39, 28, 8, 55, 60, 58, 49, 10, 28, 64, 48, 8, 3, 8, 36, 28, 36, 24, 28, 30, 49, 40, 59, 8, 55, 56, 46, 58, 64, 55, 58, 48, 8, 3, 24, 9, 8, 55, 58, 8, 54, 40, 58, 8, 46, 60, 68, 48, 50, 24, 39, 24, 30, 24, 69, 24, 46]","[1, 1, 1, 1, 1, 1, 1, 1, 1, 1, 1, 1, 1, 1, 1, 1, 1, 1, 1, 0, 0, 1, 1, 1, 1, 1, 1, 0, 1, 1, 1, 1, 1, 1, 1, 0, 1, 1, 1, 1, 0, 1, 1, 1, 1, 1, 1, 1, 1, 1, 1, 1, 1, 1, 1, 0, 0, 1, 1, 1, 1, 1, 1, 1, 1, 1, 1, 1, 1, 1, 0]","[0, 0, 0, 0, 0, 0, 0, 0, 0, 0, 0, 0, 0, 0, 0, 0, 0, 0, 0, 1, 1, 0, 0, 0, 0, 0, 0, 1, 0, 0, 0, 0, 0, 0, 0, 1, 0, 0, 0, 0, 1, 0, 0, 0, 0, 0, 0, 0, 0, 0, 0, 0, 0, 0, 0, 1, 1, 0, 0, 0, 0, 0, 0, 0, 0, 0, 0, 0, 0, 0, 1]"
1655,L2_arctic_WAV/TXHC_arctic_a0024,"[24, 3, 36, 40, 70, 68, 56, 50, 49, 48, 40, 50, 3, 46, 54, 50, 8, 68, 63, 8, 55, 40, 50, 22, 36, 24, 35, 35, 49, 54, 30, 49, 24, 55, 58, 6, 46, 3, 48, 49, 48, 8, 30, 3, 6, 37, 56]","[24, 3, 36, 40, 46, 68, 56, 50, 49, 48, 40, 50, 3, 46, 54, 50, 8, 55, 63, 8, 55, 40, 50, 22, 36, 49, 35, 35, 49, 54, 8, 30, 49, 24, 55, 58, 6, 46, 3, 48, 49, 48, 8, 36, 3, 6, 37, 56]","[1, 1, 1, 1, 0, 1, 1, 1, 1, 1, 1, 1, 1, 1, 1, 1, 1, 0, 1, 1, 1, 1, 1, 1, 1, 0, 1, 1, 1, 1, 1, 1, 1, 1, 1, 1, 1, 1, 1, 1, 1, 1, 0, 1, 1, 1, 1]","[0, 0, 0, 0, 1, 0, 0, 0, 0, 0, 0, 0, 0, 0, 0, 0, 0, 1, 0, 0, 0, 0, 0, 0, 0, 1, 0, 0, 0, 0, 0, 0, 0, 0, 0, 0, 0, 0, 0, 0, 0, 0, 1, 0, 0, 0, 0]"
1656,L2_arctic_WAV/TXHC_arctic_a0025,"[56, 36, 8, 70, 8, 37, 15, 3, 3, 8, 58, 6, 63, 24, 46, 67, 36, 52, 55, 28, 6, 30, 7, 69, 8, 69, 68, 8, 55, 3, 48, 50, 24, 39, 60, 30, 58]","[56, 36, 8, 70, 8, 37, 15, 3, 3, 8, 58, 6, 63, 24, 46, 67, 36, 52, 55, 28, 6, 30, 7, 69, 20, 69, 68, 8, 55, 58, 8, 48, 50, 24, 39, 49, 36, 58]","[1, 1, 1, 1, 1, 1, 1, 1, 1, 1, 1, 1, 1, 1, 1, 1, 1, 1, 1, 1, 1, 1, 1, 1, 0, 1, 1, 1, 1, 0, 1, 1, 1, 1, 0, 0, 1]","[0, 0, 0, 0, 0, 0, 0, 0, 0, 0, 0, 0, 0, 0, 0, 0, 0, 0, 0, 0, 0, 0, 0, 0, 1, 0, 0, 0, 0, 1, 0, 0, 0, 0, 1, 1, 0]"
1657,L2_arctic_WAV/TXHC_arctic_a0026,"[24, 3, 8, 28, 7, 58, 3, 8, 68, 49, 63, 64, 3, 63, 52, 50, 36, 31, 58, 67, 64, 39, 3, 8, 37, 49, 64, 55, 8, 28, 15, 55, 3, 24, 10]","[24, 3, 8, 28, 7, 58, 3, 8, 68, 49, 58, 20, 3, 58, 52, 50, 36, 31, 58, 67, 64, 39, 3, 8, 37, 49, 64, 55, 8, 28, 15, 10, 3, 24, 10]","[1, 1, 1, 1, 1, 1, 1, 1, 1, 1, 0, 0, 1, 0, 1, 1, 1, 1, 1, 1, 1, 1, 1, 1, 1, 1, 1, 1, 1, 1, 1, 0, 1, 1, 1]","[0, 0, 0, 0, 0, 0, 0, 0, 0, 0, 1, 1, 0, 1, 0, 0, 0, 0, 0, 0, 0, 0, 0, 0, 0, 0, 0, 0, 0, 0, 0, 1, 0, 0, 0]"
1658,L2_arctic_WAV/TXHC_arctic_a0027,"[3, 6, 68, 56, 46, 8, 48, 50, 56, 70, 67, 49, 37, 49, 59, 64, 55, 3, 8, 9, 14, 64, 28, 9, 8, 30, 24, 55, 22, 6, 70, 49, 64, 70, 8, 68, 24, 55, 68, 56, 54, 60, 39, 7]","[3, 6, 68, 56, 46, 8, 48, 50, 56, 46, 67, 49, 37, 49, 59, 64, 55, 3, 8, 9, 14, 64, 28, 9, 8, 30, 24, 55, 46, 6, 70, 49, 64, 46, 8, 49, 10, 68, 56, 54, 60, 39, 7]","[1, 1, 1, 1, 1, 1, 1, 1, 1, 0, 1, 1, 1, 1, 1, 1, 1, 1, 1, 1, 1, 1, 1, 1, 1, 1, 1, 1, 0, 1, 1, 1, 1, 0, 1, 0, 0, 0, 1, 1, 1, 1, 1, 1]","[0, 0, 0, 0, 0, 0, 0, 0, 0, 1, 0, 0, 0, 0, 0, 0, 0, 0, 0, 0, 0, 0, 0, 0, 0, 0, 0, 0, 1, 0, 0, 0, 0, 1, 0, 1, 1, 1, 0, 0, 0, 0, 0, 0]"
1659,L2_arctic_WAV/TXHC_arctic_a0028,"[50, 17, 37, 7, 49, 37, 50, 56, 37, 7, 49, 54, 50, 40, 58]","[50, 17, 37, 7, 49, 37, 50, 40, 37, 7, 49, 54, 50, 40, 58]","[1, 1, 1, 1, 1, 1, 1, 0, 1, 1, 1, 1, 1, 1, 1]","[0, 0, 0, 0, 0, 0, 0, 1, 0, 0, 0, 0, 0, 0, 0]"
1660,L2_arctic_WAV/TXHC_arctic_a0029,"[63, 52, 50, 54, 40, 50, 46, 24, 70, 36, 7, 40, 50, 52, 58, 49, 68, 6, 39, 24, 10, 24, 55, 3, 6, 63, 8, 55, 40, 50, 22, 28, 8, 55, 3, 50, 49]","[58, 52, 8, 54, 40, 46, 24, 46, 36, 7, 40, 50, 52, 58, 49, 68, 6, 39, 24, 10, 49, 10, 3, 6, 63, 8, 55, 40, 50, 22, 28, 17, 10, 3, 50, 49]","[0, 1, 0, 1, 1, 0, 1, 1, 0, 1, 1, 1, 1, 1, 1, 1, 1, 1, 1, 1, 1, 0, 0, 1, 1, 1, 1, 1, 1, 1, 1, 1, 0, 0, 1, 1, 1]","[1, 0, 1, 0, 0, 1, 0, 0, 1, 0, 0, 0, 0, 0, 0, 0, 0, 0, 0, 0, 0, 1, 1, 0, 0, 0, 0, 0, 0, 0, 0, 0, 1, 1, 0, 0, 0]"
1661,L2_arctic_WAV/TXHC_arctic_a0030,"[56, 67, 64, 58, 54, 60, 22, 24, 55, 63, 52, 68]","[56, 67, 64, 58, 8, 54, 60, 46, 49, 10, 63, 52, 68]","[1, 1, 1, 1, 1, 1, 0, 0, 0, 1, 1, 1]","[0, 0, 0, 0, 0, 0, 1, 1, 1, 0, 0, 0]"
1662,L2_arctic_WAV/TXHC_arctic_a0031,"[63, 60, 36, 7, 22, 50, 49, 67, 8, 55, 58, 50, 8, 58, 29, 17, 50, 58, 70, 8, 48, 17, 50, 3]","[58, 60, 36, 7, 46, 50, 49, 67, 20, 10, 58, 50, 8, 58, 29, 17, 50, 58, 46, 8, 48, 17, 50, 3]","[0, 1, 1, 1, 0, 1, 1, 1, 0, 0, 1, 1, 1, 1, 1, 1, 1, 1, 0, 1, 1, 1, 1, 1]","[1, 0, 0, 0, 1, 0, 0, 0, 1, 1, 0, 0, 0, 0, 0, 0, 0, 0, 1, 0, 0, 0, 0, 0]"
1663,L2_arctic_WAV/TXHC_arctic_a0032,"[46, 24, 55, 46, 63, 52, 55, 46, 8, 68, 68, 24, 46, 3, 24, 50, 49, 8, 46, 54, 40, 50, 46, 67, 8, 70, 37, 24, 55, 54, 56, 3, 24, 10, 8, 46, 64, 3, 52, 39, 7, 49, 46, 3, 52, 48]","[46, 49, 55, 46, 46, 52, 55, 46, 8, 68, 68, 49, 46, 3, 24, 50, 49, 54, 40, 46, 24, 46, 67, 8, 46, 37, 49, 10, 54, 56, 3, 24, 10, 20, 46, 64, 3, 64, 39, 49, 46, 3, 52, 48]","[1, 0, 1, 1, 0, 1, 1, 1, 1, 1, 1, 0, 1, 1, 1, 1, 1, 0, 0, 1, 1, 0, 1, 1, 1, 0, 1, 0, 0, 1, 1, 1, 1, 1, 0, 1, 1, 1, 0, 1, 0, 1, 1, 1, 1, 1]","[0, 1, 0, 0, 1, 0, 0, 0, 0, 0, 0, 1, 0, 0, 0, 0, 0, 1, 1, 0, 0, 1, 0, 0, 0, 1, 0, 1, 1, 0, 0, 0, 0, 0, 1, 0, 0, 0, 1, 0, 1, 0, 0, 0, 0, 0]"
1664,L2_arctic_WAV/TXHC_arctic_a0036,"[9, 49, 3, 7, 55, 58, 24, 55, 64, 3, 63, 8, 67, 14, 3, 52, 30]","[9, 49, 3, 7, 55, 58, 8, 49, 10, 64, 3, 8, 58, 8, 67, 14, 3, 64, 36]","[1, 1, 1, 1, 1, 1, 0, 0, 1, 1, 0, 1, 1, 1, 1, 0, 0]","[0, 0, 0, 0, 0, 0, 1, 1, 0, 0, 1, 0, 0, 0, 0, 1, 1]"
1665,L2_arctic_WAV/TXHC_arctic_a0037,"[56, 36, 8, 70, 63, 8, 14, 55, 30, 49, 36, 8, 55, 67, 6, 50, 49, 68, 60, 55, 58, 46, 24, 3, 24, 10]","[56, 36, 8, 46, 58, 8, 14, 10, 30, 49, 36, 20, 55, 67, 6, 50, 49, 68, 60, 55, 46, 49, 3, 49, 10]","[1, 1, 1, 0, 0, 1, 1, 0, 1, 1, 1, 0, 1, 1, 1, 1, 1, 1, 1, 1, 0, 1, 0, 1, 0, 1]","[0, 0, 0, 1, 1, 0, 0, 1, 0, 0, 0, 1, 0, 0, 0, 0, 0, 0, 0, 0, 1, 0, 1, 0, 1, 0]"
1666,L2_arctic_WAV/TXHC_arctic_a0038,"[36, 24, 30, 67, 64, 39, 3, 6, 36, 40, 35, 15, 50, 35, 64, 55, 46, 24, 70]","[36, 24, 36, 67, 64, 37, 3, 6, 36, 34, 35, 15, 50, 35, 64, 55, 46, 24, 46]","[1, 1, 0, 1, 1, 0, 1, 1, 1, 0, 1, 1, 1, 1, 1, 1, 1, 1, 0]","[0, 0, 1, 0, 0, 1, 0, 0, 0, 1, 0, 0, 0, 0, 0, 0, 0, 0, 1]"
1667,L2_arctic_WAV/TXHC_arctic_a0039,"[63, 8, 9, 24, 48, 9, 31, 58, 37, 49, 24, 55, 36, 24, 63, 24, 55, 8, 36, 49, 28, 40, 50, 3, 52, 55, 58, 60, 70]","[58, 8, 9, 24, 48, 9, 31, 58, 8, 37, 49, 24, 55, 36, 49, 58, 49, 10, 8, 36, 49, 28, 40, 50, 3, 52, 55, 58, 60, 46]","[0, 1, 1, 1, 1, 1, 1, 1, 1, 1, 1, 1, 1, 0, 0, 0, 0, 1, 1, 1, 1, 1, 1, 1, 1, 1, 1, 1, 0]","[1, 0, 0, 0, 0, 0, 0, 0, 0, 0, 0, 0, 0, 1, 1, 1, 1, 0, 0, 0, 0, 0, 0, 0, 0, 0, 0, 0, 1]"
1668,L2_arctic_WAV/TXHC_arctic_a0040,"[56, 46, 8, 48, 14, 70, 29, 6, 36, 8, 55, 58, 7, 36, 56, 9, 49, 24, 70, 28, 8, 68, 24, 10, 8, 48, 67, 49, 50]","[56, 46, 8, 48, 14, 46, 29, 6, 36, 8, 55, 58, 7, 36, 56, 9, 49, 49, 46, 28, 8, 68, 24, 10, 20, 48, 67, 49, 50]","[1, 1, 1, 1, 1, 0, 1, 1, 1, 1, 1, 1, 1, 1, 1, 1, 1, 0, 0, 1, 1, 1, 1, 1, 0, 1, 1, 1, 1]","[0, 0, 0, 0, 0, 1, 0, 0, 0, 0, 0, 0, 0, 0, 0, 0, 0, 1, 1, 0, 0, 0, 0, 0, 1, 0, 0, 0, 0]"
1669,L2_arctic_WAV/TXHC_arctic_a0041,"[68, 49, 55, 36, 56, 30, 56, 30, 59, 14, 15, 3, 3, 6, 37, 50, 49, 63, 8, 46, 48, 52, 30]","[68, 49, 10, 36, 56, 30, 56, 36, 59, 14, 15, 3, 3, 6, 37, 50, 49, 46, 8, 46, 48, 64, 36]","[1, 1, 0, 1, 1, 1, 1, 0, 1, 1, 1, 1, 1, 1, 1, 1, 1, 0, 1, 1, 1, 0, 0]","[0, 0, 1, 0, 0, 0, 0, 1, 0, 0, 0, 0, 0, 0, 0, 0, 0, 1, 0, 0, 0, 1, 1]"
1670,L2_arctic_WAV/TXHC_arctic_a0042,"[67, 15, 28, 31, 58, 67, 49, 24, 28, 46, 48, 30, 60, 55, 67, 24, 70, 48, 8, 70, 52, 9, 8, 55, 8, 39, 63, 8, 46, 28, 52, 35]","[67, 15, 28, 31, 58, 8, 67, 49, 49, 28, 46, 48, 30, 60, 55, 67, 24, 46, 48, 7, 70, 52, 9, 8, 55, 8, 39, 63, 8, 46, 28, 52, 35]","[1, 1, 1, 1, 1, 1, 1, 0, 1, 1, 1, 1, 1, 1, 1, 1, 0, 1, 0, 1, 1, 1, 1, 1, 1, 1, 1, 1, 1, 1, 1, 1]","[0, 0, 0, 0, 0, 0, 0, 1, 0, 0, 0, 0, 0, 0, 0, 0, 1, 0, 1, 0, 0, 0, 0, 0, 0, 0, 0, 0, 0, 0, 0, 0]"
1671,L2_arctic_WAV/TXHC_arctic_a0045,"[67, 49, 68, 6, 39, 58, 8, 36, 60, 64, 70, 28, 36, 56, 8, 3, 30, 49, 64, 70, 67, 49, 67, 64, 58, 28, 8, 68]","[67, 49, 68, 6, 39, 58, 8, 36, 60, 64, 46, 28, 36, 24, 28, 30, 49, 64, 46, 67, 49, 67, 64, 58, 8, 28, 8, 68]","[1, 1, 1, 1, 1, 1, 1, 1, 1, 1, 0, 1, 1, 0, 0, 0, 1, 1, 1, 0, 1, 1, 1, 1, 1, 1, 1, 1]","[0, 0, 0, 0, 0, 0, 0, 0, 0, 0, 1, 0, 0, 1, 1, 1, 0, 0, 0, 1, 0, 0, 0, 0, 0, 0, 0, 0]"
1672,L2_arctic_WAV/TXHC_arctic_a0046,"[63, 8, 59, 7, 30, 54, 60, 46, 3, 67, 24, 68, 67, 7, 56, 70, 9, 56, 55, 24, 10, 36, 24, 22, 46, 8, 58, 8, 55, 54, 24, 50]","[58, 8, 59, 7, 36, 54, 60, 46, 3, 67, 24, 68, 67, 7, 56, 46, 9, 56, 55, 24, 10, 36, 24, 46, 46, 20, 58, 8, 55, 54, 24, 50]","[0, 1, 1, 1, 0, 1, 1, 1, 1, 1, 1, 1, 1, 1, 1, 0, 1, 1, 1, 1, 1, 1, 1, 0, 1, 0, 1, 1, 1, 1, 1, 1]","[1, 0, 0, 0, 1, 0, 0, 0, 0, 0, 0, 0, 0, 0, 0, 1, 0, 0, 0, 0, 0, 0, 0, 1, 0, 1, 0, 0, 0, 0, 0, 0]"
1673,L2_arctic_WAV/TXHC_arctic_a0047,"[28, 30, 14, 46, 37, 49, 46, 56, 58, 67, 24, 68, 59, 30, 49, 68, 58, 63, 8, 36, 56, 3, 54, 64, 10, 70, 8, 39, 63, 8, 36, 31, 30, 54, 58, 40, 59]","[28, 30, 14, 46, 37, 49, 67, 56, 58, 67, 24, 55, 59, 30, 49, 68, 58, 8, 58, 8, 36, 56, 3, 54, 64, 55, 46, 8, 39, 58, 8, 36, 31, 54, 58, 40, 59]","[1, 1, 1, 1, 1, 1, 0, 1, 1, 1, 1, 0, 1, 1, 1, 1, 1, 0, 1, 1, 1, 1, 1, 1, 0, 0, 1, 1, 0, 1, 1, 1, 0, 1, 1, 1, 1]","[0, 0, 0, 0, 0, 0, 1, 0, 0, 0, 0, 1, 0, 0, 0, 0, 0, 1, 0, 0, 0, 0, 0, 0, 1, 1, 0, 0, 1, 0, 0, 0, 1, 0, 0, 0, 0]"
1674,L2_arctic_WAV/TXHC_arctic_a0048,"[67, 49, 30, 31, 28, 3, 64, 3, 63, 8, 67, 64, 10, 28, 7, 35, 24, 54, 68, 40, 50, 28, 30, 14, 46, 30, 49]","[67, 49, 30, 31, 28, 3, 64, 3, 8, 58, 8, 67, 64, 10, 28, 7, 35, 24, 54, 68, 40, 50, 28, 30, 14, 46, 30, 24]","[1, 1, 1, 1, 1, 1, 1, 1, 0, 1, 1, 1, 1, 1, 1, 1, 1, 1, 1, 1, 1, 1, 1, 1, 1, 1, 0]","[0, 0, 0, 0, 0, 0, 0, 0, 1, 0, 0, 0, 0, 0, 0, 0, 0, 0, 0, 0, 0, 0, 0, 0, 0, 0, 1]"
1675,L2_arctic_WAV/TXHC_arctic_a0051,"[63, 8, 30, 60, 46, 36, 8, 70, 8, 39, 8, 58, 52, 30, 8, 28, 8, 3, 56, 39, 7, 49, 28, 40, 30, 7, 54, 60, 55, 3, 30, 49, 3, 24, 55, 3, 24, 58, 36, 24, 22, 29, 52, 30, 14]","[58, 8, 30, 60, 46, 36, 8, 46, 40, 39, 8, 58, 64, 30, 8, 28, 8, 3, 56, 39, 7, 49, 28, 20, 30, 7, 54, 52, 55, 3, 8, 30, 24, 49, 55, 3, 24, 58, 36, 24, 46, 29, 52, 30, 14]","[0, 1, 1, 1, 1, 1, 1, 0, 0, 1, 1, 1, 0, 1, 1, 1, 1, 1, 1, 1, 1, 1, 1, 0, 1, 1, 1, 0, 1, 1, 1, 1, 0, 0, 1, 1, 1, 1, 1, 1, 0, 1, 1, 1, 1]","[1, 0, 0, 0, 0, 0, 0, 1, 1, 0, 0, 0, 1, 0, 0, 0, 0, 0, 0, 0, 0, 0, 0, 1, 0, 0, 0, 1, 0, 0, 1, 1, 1, 1, 0, 0, 0, 0, 0, 0, 1, 0, 0, 0, 0]"
1676,L2_arctic_WAV/TXHC_arctic_a0052,"[24, 3, 36, 8, 70, 8, 28, 29, 31, 50, 49, 8, 46, 28, 14, 24, 55, 46, 24, 58, 8, 55, 46]","[24, 3, 36, 8, 46, 8, 28, 29, 31, 36, 49, 8, 46, 28, 14, 49, 55, 46, 24, 58, 8, 55, 46]","[1, 1, 1, 1, 0, 1, 1, 1, 1, 0, 1, 1, 1, 1, 1, 0, 1, 1, 1, 1, 1, 1, 1]","[0, 0, 0, 0, 1, 0, 0, 0, 0, 1, 0, 0, 0, 0, 0, 1, 0, 0, 0, 0, 0, 0, 0]"
1677,L2_arctic_WAV/TXHC_arctic_a0053,"[46, 8, 58, 8, 55, 30, 49, 67, 24, 70, 54, 24, 10, 59, 7, 70, 28, 30, 14, 70, 58, 3, 56, 3, 30, 49, 14, 39, 7, 63, 8, 67, 64, 10, 28, 7, 35, 24, 54]","[46, 20, 58, 8, 55, 30, 49, 67, 49, 46, 54, 24, 10, 59, 7, 70, 28, 30, 14, 46, 3, 3, 56, 3, 8, 30, 49, 14, 39, 7, 70, 8, 67, 64, 10, 28, 7, 35, 24, 54]","[1, 0, 1, 1, 1, 1, 1, 1, 0, 0, 1, 1, 1, 1, 1, 1, 1, 1, 1, 0, 0, 1, 1, 1, 1, 1, 1, 1, 1, 0, 1, 1, 1, 1, 1, 1, 1, 1, 1]","[0, 1, 0, 0, 0, 0, 0, 0, 1, 1, 0, 0, 0, 0, 0, 0, 0, 0, 0, 1, 1, 0, 0, 0, 0, 0, 0, 0, 0, 1, 0, 0, 0, 0, 0, 0, 0, 0, 0]"
1678,L2_arctic_WAV/TXHC_arctic_a0054,"[63, 52, 50, 36, 8, 70, 55, 8, 22, 24, 10, 17, 55, 63, 8, 50, 17, 28]","[58, 52, 50, 36, 7, 46, 55, 8, 46, 24, 10, 17, 55, 63, 8, 66, 17, 28]","[0, 1, 1, 1, 0, 0, 1, 1, 0, 1, 1, 1, 1, 1, 1, 0, 1, 1]","[1, 0, 0, 0, 1, 1, 0, 0, 1, 0, 0, 0, 0, 0, 0, 1, 0, 0]"
1679,L2_arctic_WAV/TXHC_arctic_a0058,"[56, 28, 60, 68, 54, 50, 7, 24, 55, 54, 7, 68, 60, 9, 8, 55, 68, 40, 50, 15, 3, 8, 39, 28, 29, 31, 50, 49, 17, 46, 8, 3, 49, 63, 8, 55, 52, 55, 49, 22, 24, 10, 52, 30, 46]","[56, 28, 60, 68, 54, 50, 7, 49, 55, 54, 7, 68, 60, 9, 8, 55, 68, 40, 15, 30, 8, 39, 28, 29, 31, 50, 49, 17, 46, 8, 3, 49, 63, 8, 55, 52, 55, 49, 46, 24, 10, 64, 36, 46]","[1, 1, 1, 1, 1, 1, 1, 0, 1, 1, 1, 1, 1, 1, 1, 1, 1, 1, 0, 1, 0, 1, 1, 1, 1, 1, 1, 1, 1, 1, 1, 1, 1, 1, 1, 1, 1, 1, 1, 0, 1, 1, 0, 0, 1]","[0, 0, 0, 0, 0, 0, 0, 1, 0, 0, 0, 0, 0, 0, 0, 0, 0, 0, 1, 0, 1, 0, 0, 0, 0, 0, 0, 0, 0, 0, 0, 0, 0, 0, 0, 0, 0, 0, 0, 1, 0, 0, 1, 1, 0]"
1680,L2_arctic_WAV/TXHC_arctic_a0059,"[67, 24, 70, 24, 68, 64, 28, 29, 6, 30, 24, 3, 8, 48, 24, 50, 8, 55, 46, 36, 40, 70, 59, 40, 55]","[67, 49, 46, 49, 68, 64, 28, 29, 6, 30, 24, 3, 8, 48, 24, 50, 8, 55, 46, 36, 40, 46, 59, 40, 10]","[1, 0, 0, 0, 1, 1, 1, 1, 1, 1, 1, 1, 1, 1, 1, 1, 1, 1, 1, 1, 1, 0, 1, 1, 0]","[0, 1, 1, 1, 0, 0, 0, 0, 0, 0, 0, 0, 0, 0, 0, 0, 0, 0, 0, 0, 0, 1, 0, 0, 1]"
1681,L2_arctic_WAV/TXHC_arctic_a0060,"[52, 55, 49, 36, 60, 55, 14, 36, 8, 55, 46, 40, 67, 7, 30, 56, 28, 63, 64, 3]","[52, 55, 36, 60, 55, 14, 36, 8, 55, 46, 40, 67, 7, 30, 56, 28, 58, 20, 3]","[1, 1, 0, 1, 1, 1, 1, 1, 1, 1, 1, 1, 1, 1, 1, 1, 1, 0, 0, 1]","[0, 0, 1, 0, 0, 0, 0, 0, 0, 0, 0, 0, 0, 0, 0, 0, 0, 1, 1, 0]"
1682,L2_arctic_WAV/TXHC_arctic_a0062,"[63, 8, 68, 52, 55, 46, 3, 52, 50, 58, 24, 55, 3, 6, 49, 35, 8, 63, 7, 70, 54, 60, 46]","[58, 8, 68, 64, 55, 46, 3, 52, 50, 58, 49, 10, 3, 6, 49, 35, 20, 63, 7, 46, 54, 60, 46]","[0, 1, 1, 0, 1, 1, 1, 1, 1, 1, 0, 0, 1, 1, 1, 1, 0, 1, 1, 0, 1, 1, 1]","[1, 0, 0, 1, 0, 0, 0, 0, 0, 0, 1, 1, 0, 0, 0, 0, 1, 0, 0, 1, 0, 0, 0]"
1683,L2_arctic_WAV/TXHC_arctic_a0063,"[29, 52, 46, 24, 3, 36, 40, 70, 8, 68, 64, 55, 67, 6, 64, 46, 3, 8, 46, 3, 50, 60, 55, 69, 7]","[29, 52, 46, 24, 3, 36, 40, 46, 8, 68, 64, 55, 67, 6, 20, 46, 3, 8, 46, 3, 50, 60, 55, 69, 7]","[1, 1, 1, 1, 1, 1, 1, 0, 1, 1, 1, 1, 1, 1, 0, 1, 1, 1, 1, 1, 1, 1, 1, 1, 1]","[0, 0, 0, 0, 0, 0, 0, 1, 0, 0, 0, 0, 0, 0, 1, 0, 0, 0, 0, 0, 0, 0, 0, 0, 0]"
1684,L2_arctic_WAV/TXHC_arctic_a0064,"[63, 8, 54, 40, 50, 22, 8, 55, 58, 54, 24, 54, 22, 58, 60, 70, 48, 64, 46, 3, 36, 24, 22, 15, 3, 52, 55, 49, 58, 24, 39, 52, 30, 8, 48, 68, 8, 55, 3, 46]","[58, 8, 54, 40, 50, 22, 8, 55, 58, 8, 54, 24, 54, 22, 58, 60, 46, 48, 20, 46, 3, 8, 36, 49, 46, 15, 30, 52, 55, 49, 58, 24, 36, 64, 30, 8, 48, 68, 8, 55, 3, 46]","[0, 1, 1, 1, 1, 1, 1, 1, 1, 1, 1, 1, 1, 1, 1, 0, 1, 0, 1, 1, 1, 0, 0, 1, 0, 1, 1, 1, 1, 1, 0, 0, 1, 1, 1, 1, 1, 1, 1, 1]","[1, 0, 0, 0, 0, 0, 0, 0, 0, 0, 0, 0, 0, 0, 0, 1, 0, 1, 0, 0, 0, 1, 1, 0, 1, 0, 0, 0, 0, 0, 1, 1, 0, 0, 0, 0, 0, 0, 0, 0]"
1685,L2_arctic_WAV/TXHC_arctic_a0065,"[63, 60, 28, 30, 14, 70, 58, 55, 15, 8, 55, 3, 24, 30, 67, 24, 70, 54, 24, 10, 59, 7, 70, 36, 7, 30, 56, 28, 28, 40, 50, 58, 70, 8, 39, 46, 3, 49, 30]","[58, 60, 28, 30, 14, 46, 58, 55, 15, 8, 55, 3, 24, 36, 67, 49, 46, 54, 49, 10, 59, 7, 46, 36, 8, 70, 30, 56, 28, 28, 40, 50, 58, 8, 39, 46, 3, 49, 36]","[0, 1, 1, 1, 1, 0, 1, 1, 1, 1, 1, 1, 1, 0, 1, 0, 0, 1, 0, 1, 1, 1, 0, 1, 0, 1, 1, 1, 1, 1, 1, 1, 0, 1, 1, 1, 1, 1, 0]","[1, 0, 0, 0, 0, 1, 0, 0, 0, 0, 0, 0, 0, 1, 0, 1, 1, 0, 1, 0, 0, 0, 1, 0, 1, 0, 0, 0, 0, 0, 0, 0, 1, 0, 0, 0, 0, 0, 1]"
1686,L2_arctic_WAV/TXHC_arctic_a0067,"[9, 31, 50, 30, 49, 56, 36, 8, 30, 24, 28, 46, 28, 29, 6, 46, 29, 6, 9, 49, 28, 50, 56, 58]","[9, 31, 30, 49, 56, 36, 49, 61, 24, 28, 46, 28, 29, 6, 70, 29, 6, 9, 49, 28, 50, 56, 58]","[1, 1, 0, 1, 1, 1, 1, 0, 0, 1, 1, 1, 1, 1, 1, 0, 1, 1, 1, 1, 1, 1, 1, 1]","[0, 0, 1, 0, 0, 0, 0, 1, 1, 0, 0, 0, 0, 0, 0, 1, 0, 0, 0, 0, 0, 0, 0, 0]"
1687,L2_arctic_WAV/TXHC_arctic_a0071,"[67, 36, 8, 3, 36, 8, 70, 63, 8, 17, 37, 69, 52, 28, 3, 8, 39, 29, 40, 50, 30, 24, 3, 8, 30, 46, 52, 55, 46, 60, 9, 8, 55]","[67, 36, 8, 3, 8, 36, 8, 70, 63, 8, 17, 37, 8, 69, 52, 28, 3, 8, 39, 29, 40, 50, 30, 24, 3, 8, 36, 46, 52, 55, 46, 60, 9, 8, 55]","[1, 1, 1, 1, 1, 1, 1, 1, 1, 1, 1, 1, 1, 1, 1, 1, 1, 1, 1, 1, 1, 1, 1, 1, 0, 1, 1, 1, 1, 1, 1, 1, 1]","[0, 0, 0, 0, 0, 0, 0, 0, 0, 0, 0, 0, 0, 0, 0, 0, 0, 0, 0, 0, 0, 0, 0, 0, 1, 0, 0, 0, 0, 0, 0, 0, 0]"
1688,L2_arctic_WAV/TXHC_arctic_a0073,"[63, 8, 48, 50, 8, 68, 14, 3, 7, 70, 56, 70, 36, 7, 67, 52, 39, 49, 36, 24, 22, 30, 24, 3, 8, 30, 48, 8, 54, 49, 37, 64, 59, 70, 8, 55, 58, 7, 63, 52, 68]","[58, 8, 48, 50, 8, 68, 14, 3, 7, 46, 56, 70, 36, 7, 67, 64, 39, 49, 36, 49, 46, 30, 24, 3, 8, 36, 48, 8, 54, 49, 37, 64, 59, 46, 40, 55, 58, 7, 70, 52, 68]","[0, 1, 1, 1, 1, 1, 1, 1, 1, 0, 1, 1, 1, 1, 1, 0, 1, 1, 1, 0, 0, 1, 1, 1, 1, 0, 1, 1, 1, 1, 1, 1, 1, 0, 0, 1, 1, 1, 0, 1, 1]","[1, 0, 0, 0, 0, 0, 0, 0, 0, 1, 0, 0, 0, 0, 0, 1, 0, 0, 0, 1, 1, 0, 0, 0, 0, 1, 0, 0, 0, 0, 0, 0, 0, 1, 1, 0, 0, 0, 1, 0, 0]"
1689,L2_arctic_WAV/TXHC_arctic_a0075,"[63, 52, 50, 67, 64, 70, 37, 24, 55, 8, 35, 60, 55, 69, 9, 49, 24, 55, 3, 7, 8, 48, 3, 24, 58, 67, 24, 68]","[58, 52, 50, 67, 64, 46, 8, 37, 49, 10, 8, 35, 60, 55, 69, 8, 9, 49, 49, 55, 3, 7, 20, 48, 3, 24, 58, 67, 24, 68]","[0, 1, 1, 1, 1, 0, 1, 0, 0, 1, 1, 1, 1, 1, 1, 1, 0, 1, 1, 1, 0, 1, 1, 1, 1, 1, 1, 1]","[1, 0, 0, 0, 0, 1, 0, 1, 1, 0, 0, 0, 0, 0, 0, 0, 1, 0, 0, 0, 1, 0, 0, 0, 0, 0, 0, 0]"
1690,L2_arctic_WAV/TXHC_arctic_a0076,"[63, 8, 59, 50, 60, 56, 70, 54, 17, 30, 3, 7, 58, 63, 8, 54, 30, 8, 9, 58, 49, 48, 8, 55, 58]","[58, 8, 59, 50, 60, 56, 46, 54, 17, 30, 3, 7, 58, 58, 8, 54, 30, 20, 9, 58, 49, 48, 8, 55, 3]","[0, 1, 1, 1, 1, 1, 0, 1, 1, 1, 1, 1, 1, 0, 1, 1, 1, 0, 1, 1, 1, 1, 1, 1, 0]","[1, 0, 0, 0, 0, 0, 1, 0, 0, 0, 0, 0, 0, 1, 0, 0, 0, 1, 0, 0, 0, 0, 0, 0, 1]"
1691,L2_arctic_WAV/TXHC_arctic_a0077,"[24, 3, 24, 70, 63, 8, 54, 56, 7, 48, 17, 50, 3, 30, 49, 9, 49, 46, 52, 58]","[24, 3, 24, 46, 8, 54, 56, 7, 48, 17, 3, 30, 49, 9, 49, 46, 52]","[1, 1, 1, 0, 0, 1, 1, 1, 1, 1, 1, 0, 1, 1, 1, 1, 1, 1, 1, 0]","[0, 0, 0, 1, 1, 0, 0, 0, 0, 0, 0, 1, 0, 0, 0, 0, 0, 0, 0, 1]"
1692,L2_arctic_WAV/TXHC_arctic_a0078,"[63, 52, 55, 8, 55, 58, 64, 3, 46, 8, 48, 7, 67, 49, 3, 50, 56, 58, 3, 8, 54, 64, 63, 8, 68, 67, 7]","[63, 52, 55, 64, 22, 46, 8, 48, 7, 67, 49, 3, 50, 56, 58, 3, 8, 54, 64, 63, 8, 68, 67, 7]","[1, 1, 0, 0, 1, 0, 1, 0, 1, 1, 1, 1, 1, 1, 1, 1, 1, 1, 1, 1, 1, 1, 1, 1, 1, 1, 1]","[0, 0, 1, 1, 0, 1, 0, 1, 0, 0, 0, 0, 0, 0, 0, 0, 0, 0, 0, 0, 0, 0, 0, 0, 0, 0, 0]"
1693,L2_arctic_WAV/TXHC_arctic_a0079,"[24, 3, 36, 8, 70, 8, 30, 17, 50, 69, 28, 8, 55, 6]","[24, 30, 36, 8, 46, 8, 30, 17, 69, 28, 8, 55, 6]","[1, 0, 1, 1, 0, 1, 1, 1, 0, 1, 1, 1, 1, 1]","[0, 1, 0, 0, 1, 0, 0, 0, 1, 0, 0, 0, 0, 0]"
1694,L2_arctic_WAV/TXHC_arctic_a0081,"[67, 36, 8, 3, 24, 54, 9, 49, 58, 24, 58, 55, 17, 3, 28, 8, 68, 3, 8, 63, 8, 50, 17, 28]","[36, 8, 3, 24, 39, 9, 49, 58, 24, 55, 17, 3, 28, 8, 68, 3, 8, 63, 8, 50, 17, 28]","[0, 1, 1, 1, 1, 0, 1, 1, 1, 1, 0, 1, 1, 1, 1, 1, 1, 1, 1, 1, 1, 1, 1, 1]","[1, 0, 0, 0, 0, 1, 0, 0, 0, 0, 1, 0, 0, 0, 0, 0, 0, 0, 0, 0, 0, 0, 0, 0]"
1695,L2_arctic_WAV/TXHC_arctic_a0082,"[67, 24, 70, 54, 60, 46, 36, 8, 70, 46, 3, 50, 49, 68, 24, 10, 36, 24, 22, 37, 30, 8, 58]","[67, 24, 46, 54, 60, 46, 36, 8, 70, 46, 3, 50, 49, 68, 24, 10, 36, 24, 22, 37, 30, 8, 58]","[1, 1, 0, 1, 1, 1, 1, 1, 1, 1, 1, 1, 1, 1, 1, 1, 1, 1, 1, 1, 1, 1, 1]","[0, 0, 1, 0, 0, 0, 0, 0, 0, 0, 0, 0, 0, 0, 0, 0, 0, 0, 0, 0, 0, 0, 0]"
1696,L2_arctic_WAV/TXHC_arctic_a0085,"[8, 3, 50, 24, 28, 8, 30, 8, 39, 54, 50, 52, 9, 37, 30, 8, 58, 50, 64, 55, 14, 39, 7, 67, 24, 70, 54, 60, 46]","[8, 3, 24, 28, 8, 30, 8, 54, 54, 50, 52, 9, 37, 30, 8, 58, 50, 64, 55, 14, 39, 7, 24, 70, 54, 60, 46]","[1, 1, 0, 1, 1, 1, 1, 1, 0, 1, 1, 1, 1, 1, 1, 1, 1, 1, 1, 1, 1, 1, 1, 0, 1, 1, 1, 1, 1]","[0, 0, 1, 0, 0, 0, 0, 0, 1, 0, 0, 0, 0, 0, 0, 0, 0, 0, 0, 0, 0, 0, 0, 1, 0, 0, 0, 0, 0]"
1697,L2_arctic_WAV/TXHC_arctic_a0086,"[58, 52, 22, 67, 64, 58, 28, 8, 68, 36, 24, 22, 3, 52, 50, 8, 37, 8, 30, 46, 8, 58, 8, 55, 55, 8, 46]","[58, 52, 46, 67, 64, 22, 28, 8, 68, 36, 24, 22, 3, 52, 50, 8, 37, 8, 30, 46, 8, 58, 8, 55, 55, 8, 46]","[1, 1, 0, 1, 1, 0, 1, 1, 1, 1, 1, 1, 1, 1, 1, 1, 1, 1, 1, 1, 1, 1, 1, 1, 1, 1, 1]","[0, 0, 1, 0, 0, 1, 0, 0, 0, 0, 0, 0, 0, 0, 0, 0, 0, 0, 0, 0, 0, 0, 0, 0, 0, 0, 0]"
1698,L2_arctic_WAV/TXHC_arctic_a0088,"[67, 49, 68, 60, 58, 9, 31, 50, 63, 64, 3, 63, 8, 68, 64, 59, 8, 70, 49, 55, 36, 8, 70, 30, 14, 58, 24, 58, 64, 55, 58, 50, 49, 70, 6, 68, 58, 67, 24, 70, 48, 64, 58, 8, 30, 24, 10]","[67, 49, 68, 24, 58, 8, 9, 31, 50, 63, 64, 70, 8, 68, 64, 59, 8, 70, 49, 55, 36, 8, 46, 30, 14, 58, 24, 64, 55, 58, 61, 50, 49, 61, 6, 68, 58, 67, 24, 46, 48, 64, 58, 8, 30, 24, 10]","[1, 1, 1, 0, 1, 1, 1, 1, 1, 1, 0, 0, 1, 1, 1, 1, 1, 1, 1, 1, 1, 1, 0, 1, 1, 1, 1, 0, 1, 1, 1, 1, 1, 0, 1, 1, 1, 1, 1, 0, 1, 1, 1, 1, 1, 1, 1]","[0, 0, 0, 1, 0, 0, 0, 0, 0, 0, 1, 1, 0, 0, 0, 0, 0, 0, 0, 0, 0, 0, 1, 0, 0, 0, 0, 1, 0, 0, 0, 0, 0, 1, 0, 0, 0, 0, 0, 1, 0, 0, 0, 0, 0, 0, 0]"
1699,L2_arctic_WAV/TXHC_arctic_a0089,"[63, 8, 55, 56, 3, 59, 30, 14, 36, 8, 70, 3, 50, 52, 35, 7, 8, 46, 3, 6, 9, 6, 3, 37, 56]","[63, 8, 55, 56, 59, 30, 14, 36, 8, 46, 3, 50, 64, 35, 7, 8, 46, 3, 6, 9, 31, 3, 37, 56]","[1, 1, 1, 1, 0, 1, 1, 1, 1, 1, 0, 1, 1, 0, 1, 1, 1, 1, 1, 1, 1, 0, 1, 1, 1]","[0, 0, 0, 0, 1, 0, 0, 0, 0, 0, 1, 0, 0, 1, 0, 0, 0, 0, 0, 0, 0, 1, 0, 0, 0]"
1700,L2_arctic_WAV/TXHC_arctic_a0090,"[63, 8, 46, 24, 10, 24, 10, 39, 57, 46, 8, 48, 50, 14, 35, 3, 50, 64, 48, 8, 58, 30, 49]","[63, 8, 46, 24, 10, 24, 10, 36, 57, 46, 8, 48, 50, 40, 35, 3, 50, 64, 48, 8, 58, 30, 49]","[1, 1, 1, 1, 1, 1, 1, 0, 1, 1, 1, 1, 1, 0, 1, 1, 1, 1, 1, 1, 1, 1, 1]","[0, 0, 0, 0, 0, 0, 0, 1, 0, 0, 0, 0, 0, 1, 0, 0, 0, 0, 0, 0, 0, 0, 0]"
1701,L2_arctic_WAV/TXHC_arctic_a0091,"[67, 24, 70, 37, 30, 8, 58, 59, 50, 6, 67, 17, 3, 36, 24, 22, 50, 60, 69, 64, 3, 63, 8, 22, 40, 3]","[67, 24, 70, 37, 30, 8, 58, 59, 50, 6, 67, 17, 3, 36, 24, 61, 50, 60, 69, 64, 63, 8, 22, 40, 3]","[1, 1, 1, 1, 1, 1, 1, 1, 1, 1, 1, 1, 1, 1, 1, 0, 1, 1, 1, 1, 0, 1, 1, 1, 1, 1]","[0, 0, 0, 0, 0, 0, 0, 0, 0, 0, 0, 0, 0, 0, 0, 1, 0, 0, 0, 0, 1, 0, 0, 0, 0, 0]"
1702,L2_arctic_WAV/TXHC_arctic_a0092,"[67, 49, 36, 52, 55, 3, 58, 15, 55, 24, 55, 68, 24, 58, 46, 3, 50, 49, 68, 46, 7, 35, 24, 10, 63, 8, 9, 64, 58, 14, 70, 8, 39, 37, 14, 22, 9, 40, 50, 70]","[67, 49, 36, 52, 55, 58, 15, 55, 24, 55, 68, 24, 61, 46, 3, 50, 49, 68, 46, 7, 35, 24, 10, 63, 8, 9, 64, 58, 14, 70, 8, 37, 14, 46, 9, 31, 40, 50, 46]","[1, 1, 1, 1, 1, 0, 1, 1, 1, 1, 1, 1, 1, 0, 1, 1, 1, 1, 1, 1, 1, 1, 1, 1, 1, 1, 1, 1, 1, 1, 1, 1, 0, 1, 1, 0, 1, 1, 1, 0]","[0, 0, 0, 0, 0, 1, 0, 0, 0, 0, 0, 0, 0, 1, 0, 0, 0, 0, 0, 0, 0, 0, 0, 0, 0, 0, 0, 0, 0, 0, 0, 0, 1, 0, 0, 1, 0, 0, 0, 1]"
1703,L2_arctic_WAV/TXHC_arctic_a0093,"[54, 40, 50, 8, 54, 31, 30, 68, 24, 55, 8, 3, 67, 49, 28, 50, 15, 35, 3, 64, 55, 58, 30, 24, 46, 8, 55, 58]","[54, 40, 50, 54, 31, 30, 68, 24, 55, 8, 3, 67, 49, 28, 50, 17, 35, 3, 64, 55, 58, 30, 52, 46, 8, 55, 58]","[1, 1, 1, 0, 1, 1, 1, 1, 1, 1, 1, 1, 1, 1, 1, 1, 0, 1, 1, 1, 1, 1, 1, 0, 1, 1, 1, 1]","[0, 0, 0, 1, 0, 0, 0, 0, 0, 0, 0, 0, 0, 0, 0, 0, 1, 0, 0, 0, 0, 0, 0, 1, 0, 0, 0, 0]"
1704,L2_arctic_WAV/TXHC_arctic_a0094,"[67, 49, 67, 64, 58, 37, 52, 50, 30, 49, 52, 55, 3, 7, 58, 63, 24, 46, 67, 36, 52, 55, 67, 49, 46, 40, 63, 8, 59, 30, 14, 8, 39, 8, 54, 56, 7]","[67, 49, 67, 64, 58, 37, 52, 50, 30, 49, 24, 55, 3, 7, 61, 63, 24, 46, 36, 52, 55, 67, 49, 46, 40, 63, 8, 59, 30, 40, 8, 39, 8, 54, 56, 7]","[1, 1, 1, 1, 1, 1, 1, 1, 1, 1, 0, 1, 1, 1, 0, 1, 1, 1, 0, 1, 1, 1, 1, 1, 1, 1, 1, 1, 1, 1, 0, 1, 1, 1, 1, 1, 1]","[0, 0, 0, 0, 0, 0, 0, 0, 0, 0, 1, 0, 0, 0, 1, 0, 0, 0, 1, 0, 0, 0, 0, 0, 0, 0, 0, 0, 0, 0, 1, 0, 0, 0, 0, 0, 0]"
1705,L2_arctic_WAV/TXHC_arctic_a0095,"[8, 37, 24, 59, 28, 64, 55, 39, 8, 46, 3, 52, 55, 3, 36, 8, 70, 63, 8, 54, 7, 46, 3, 22, 24, 10, 3, 6, 28, 8, 68, 36, 24, 63, 24, 55, 67, 24, 70, 39, 24, 26, 8, 55]","[8, 37, 24, 59, 8, 28, 64, 55, 39, 8, 46, 3, 52, 55, 3, 36, 8, 46, 63, 8, 54, 7, 46, 22, 24, 10, 3, 6, 28, 8, 68, 36, 24, 63, 24, 10, 67, 24, 70, 39, 24, 26, 8, 55]","[1, 1, 1, 1, 1, 1, 1, 1, 1, 1, 1, 1, 1, 1, 1, 1, 0, 1, 1, 1, 1, 1, 0, 1, 1, 1, 1, 1, 1, 1, 1, 1, 1, 1, 1, 0, 1, 1, 1, 1, 1, 1, 1, 1]","[0, 0, 0, 0, 0, 0, 0, 0, 0, 0, 0, 0, 0, 0, 0, 0, 1, 0, 0, 0, 0, 0, 1, 0, 0, 0, 0, 0, 0, 0, 0, 0, 0, 0, 0, 1, 0, 0, 0, 0, 0, 0, 0, 0]"
1706,L2_arctic_WAV/TXHC_arctic_a0096,"[48, 7, 67, 64, 48, 46, 9, 49, 67, 64, 58, 40, 30, 50, 52, 58, 49, 68, 52, 3, 67, 7, 54, 60, 3, 8, 30, 24, 3, 8, 30, 58, 49, 48, 7, 24, 55, 63, 8, 54, 40, 50, 8, 46, 3]","[48, 7, 67, 64, 48, 46, 9, 49, 67, 64, 58, 8, 40, 30, 50, 52, 58, 49, 68, 52, 3, 67, 7, 54, 60, 3, 8, 30, 24, 3, 8, 58, 49, 48, 7, 24, 55, 8, 54, 40, 50, 8, 46, 3]","[1, 1, 1, 1, 1, 1, 1, 1, 1, 1, 1, 1, 1, 1, 1, 1, 1, 1, 1, 1, 1, 1, 1, 1, 1, 1, 1, 1, 1, 1, 0, 1, 1, 1, 1, 1, 1, 0, 1, 1, 1, 1, 1, 1, 1]","[0, 0, 0, 0, 0, 0, 0, 0, 0, 0, 0, 0, 0, 0, 0, 0, 0, 0, 0, 0, 0, 0, 0, 0, 0, 0, 0, 0, 0, 0, 1, 0, 0, 0, 0, 0, 0, 1, 0, 0, 0, 0, 0, 0, 0]"
1707,L2_arctic_WAV/TXHC_arctic_a0097,"[63, 52, 55, 29, 6, 28, 64, 55, 7, 60, 55, 69, 29, 7, 46, 52, 30, 54, 28, 8, 68, 54, 7, 3, 8, 37, 30, 49, 8, 68, 8, 10, 63, 49, 70, 50, 14, 37, 70, 24, 55, 63, 8, 37, 14]","[63, 52, 61, 29, 6, 28, 64, 55, 7, 52, 55, 69, 29, 8, 46, 52, 30, 54, 28, 8, 68, 54, 8, 3, 8, 37, 30, 49, 8, 68, 8, 10, 63, 61, 46, 45, 14, 37, 70, 24, 55, 8, 37, 15]","[1, 1, 0, 1, 1, 1, 1, 1, 1, 0, 1, 1, 1, 0, 1, 1, 1, 1, 1, 1, 1, 1, 0, 1, 1, 1, 1, 1, 1, 1, 1, 1, 1, 0, 0, 0, 1, 1, 1, 1, 1, 0, 1, 1, 0]","[0, 0, 1, 0, 0, 0, 0, 0, 0, 1, 0, 0, 0, 1, 0, 0, 0, 0, 0, 0, 0, 0, 1, 0, 0, 0, 0, 0, 0, 0, 0, 0, 0, 1, 1, 1, 0, 0, 0, 0, 0, 1, 0, 0, 1]"
1708,L2_arctic_WAV/TXHC_arctic_a0098,"[9, 64, 30, 56, 28, 52, 50, 49, 29, 6]","[9, 40, 56, 28, 52, 50, 49, 29, 6]","[1, 0, 0, 1, 1, 1, 1, 1, 1, 1]","[0, 1, 1, 0, 0, 0, 0, 0, 0, 0]"
1709,L2_arctic_WAV/TXHC_arctic_a0099,"[8, 68, 64, 58, 8, 55, 24, 10, 69, 57, 48, 15, 55, 58, 24, 58, 24, 55, 67, 24, 70, 37, 50, 60, 55]","[8, 68, 64, 58, 8, 55, 24, 10, 69, 57, 48, 17, 55, 58, 24, 58, 24, 67, 24, 46, 24, 55, 67, 24, 46, 37, 50, 60, 55]","[1, 1, 1, 1, 1, 1, 1, 1, 1, 1, 1, 0, 1, 1, 1, 1, 1, 1, 1, 1, 0, 1, 1, 1, 1]","[0, 0, 0, 0, 0, 0, 0, 0, 0, 0, 0, 1, 0, 0, 0, 0, 0, 0, 0, 0, 1, 0, 0, 0, 0]"
1710,L2_arctic_WAV/TXHC_arctic_a0100,"[29, 6, 68, 8, 46, 3, 46, 30, 49, 48, 67, 49, 7, 69, 58]","[29, 6, 68, 8, 46, 46, 30, 49, 53, 67, 49, 7, 9, 3]","[1, 1, 1, 1, 1, 0, 1, 1, 1, 0, 1, 1, 1, 0, 0]","[0, 0, 0, 0, 0, 1, 0, 0, 0, 1, 0, 0, 0, 1, 1]"
1711,L2_arctic_WAV/TXHC_arctic_a0101,"[29, 6, 29, 6, 36, 31, 58, 55, 17, 3, 28, 49, 48, 63, 8, 3, 50, 6, 22, 54, 50, 8, 68, 68, 49]","[29, 6, 29, 6, 36, 31, 55, 17, 3, 28, 49, 48, 63, 8, 3, 50, 6, 22, 54, 50, 8, 68, 68, 49]","[1, 1, 1, 1, 1, 1, 0, 1, 1, 1, 1, 1, 1, 1, 1, 1, 1, 1, 1, 1, 1, 1, 1, 1, 1]","[0, 0, 0, 0, 0, 0, 1, 0, 0, 0, 0, 0, 0, 0, 0, 0, 0, 0, 0, 0, 0, 0, 0, 0, 0]"
1712,L2_arctic_WAV/TXHC_arctic_a0102,"[67, 49, 36, 8, 30, 54, 17, 30, 14, 8, 46, 46, 6, 55]","[67, 49, 36, 8, 30, 54, 40, 30, 40, 8, 46, 46, 21, 55]","[1, 1, 1, 1, 1, 1, 0, 1, 0, 1, 1, 1, 0, 1]","[0, 0, 0, 0, 0, 0, 1, 0, 1, 0, 0, 0, 1, 0]"
1713,L2_arctic_WAV/TXHC_arctic_a0103,"[37, 8, 3, 63, 52, 50, 28, 60, 68, 55, 14, 48, 50, 17, 68, 8, 46, 54, 50, 8, 68, 63, 8, 37, 14, 8, 39, 63, 8, 28, 8, 55, 6]","[37, 8, 63, 52, 50, 28, 52, 68, 55, 40, 48, 36, 17, 68, 8, 46, 54, 50, 8, 55, 63, 8, 37, 40, 8, 39, 63, 8, 28, 8, 55, 6]","[1, 1, 0, 1, 1, 1, 1, 0, 1, 1, 0, 1, 0, 1, 1, 1, 1, 1, 1, 1, 0, 1, 1, 1, 0, 1, 1, 1, 1, 1, 1, 1, 1]","[0, 0, 1, 0, 0, 0, 0, 1, 0, 0, 1, 0, 1, 0, 0, 0, 0, 0, 0, 0, 1, 0, 0, 0, 1, 0, 0, 0, 0, 0, 0, 0, 0]"
1714,L2_arctic_WAV/TXHC_arctic_a0104,"[9, 49, 36, 8, 70, 46, 30, 49, 48, 24, 10, 8, 55, 58, 7, 67, 24, 70, 48, 7, 3, 52, 28, 9, 8, 55, 64, 70, 46, 36, 49, 3, 30, 49, 64, 70, 8, 35, 56, 30, 58]","[9, 49, 36, 8, 70, 46, 30, 49, 48, 24, 10, 8, 55, 58, 7, 67, 24, 70, 48, 8, 3, 52, 28, 9, 8, 55, 64, 70, 46, 36, 49, 3, 30, 49, 64, 70, 8, 35, 17, 31, 58]","[1, 1, 1, 1, 1, 1, 1, 1, 1, 1, 1, 1, 1, 1, 1, 1, 1, 1, 1, 0, 1, 1, 1, 1, 1, 1, 1, 1, 1, 1, 1, 1, 1, 1, 1, 1, 1, 1, 0, 0, 1]","[0, 0, 0, 0, 0, 0, 0, 0, 0, 0, 0, 0, 0, 0, 0, 0, 0, 0, 0, 1, 0, 0, 0, 0, 0, 0, 0, 0, 0, 0, 0, 0, 0, 0, 0, 0, 0, 0, 1, 1, 0]"
1715,L2_arctic_WAV/TXHC_arctic_a0105,"[14, 55, 30, 49, 24, 3, 24, 70, 46, 14, 36, 8, 55, 58, 7, 54, 8, 30, 46, 14, 40, 30, 68, 14, 46, 3, 24, 68, 48, 17, 46, 8, 37, 8, 30, 3, 6, 37, 24, 30, 49, 39]","[14, 10, 30, 49, 24, 3, 24, 70, 46, 14, 36, 8, 55, 58, 7, 54, 8, 30, 46, 14, 40, 68, 40, 46, 3, 24, 68, 48, 17, 46, 8, 37, 8, 3, 6, 48, 24, 30, 49, 39]","[1, 0, 1, 1, 1, 1, 1, 1, 1, 1, 1, 1, 1, 1, 1, 1, 1, 1, 1, 1, 1, 0, 1, 0, 1, 1, 1, 1, 1, 1, 1, 1, 1, 1, 0, 1, 1, 0, 1, 1, 1, 1]","[0, 1, 0, 0, 0, 0, 0, 0, 0, 0, 0, 0, 0, 0, 0, 0, 0, 0, 0, 0, 0, 1, 0, 1, 0, 0, 0, 0, 0, 0, 0, 0, 0, 0, 1, 0, 0, 1, 0, 0, 0, 0]"
1716,L2_arctic_WAV/TXHC_arctic_a0106,"[63, 8, 24, 68, 14, 9, 8, 55, 36, 24, 35, 9, 49, 67, 64, 58, 46, 8, 48, 50, 52, 46, 3, 37, 7, 46, 3, 54, 40, 50, 22, 55, 15, 24, 55, 8, 35, 14, 28, 24, 10, 46, 17, 37]","[63, 8, 24, 68, 14, 9, 8, 55, 36, 24, 35, 9, 49, 67, 64, 58, 46, 8, 48, 50, 56, 46, 58, 37, 7, 46, 3, 54, 40, 50, 46, 55, 15, 24, 55, 8, 35, 14, 28, 24, 10, 46, 17]","[1, 1, 1, 1, 1, 1, 1, 1, 1, 1, 1, 1, 1, 1, 1, 1, 1, 1, 1, 1, 0, 1, 0, 1, 1, 1, 1, 1, 1, 1, 0, 1, 1, 1, 1, 1, 1, 1, 1, 1, 1, 1, 1, 0]","[0, 0, 0, 0, 0, 0, 0, 0, 0, 0, 0, 0, 0, 0, 0, 0, 0, 0, 0, 0, 1, 0, 1, 0, 0, 0, 0, 0, 0, 0, 1, 0, 0, 0, 0, 0, 0, 0, 0, 0, 0, 0, 0, 1]"
1717,L2_arctic_WAV/TXHC_arctic_a0107,"[24, 54, 29, 6, 14, 55, 30, 49, 28, 31, 58, 55, 14, 67, 15, 56, 22, 64, 10, 28, 29, 6]","[24, 54, 61, 40, 55, 30, 49, 29, 6, 28, 31, 55, 40, 67, 17, 56, 46, 64, 10, 28, 29, 6]","[1, 1, 0, 0, 0, 1, 1, 1, 1, 1, 0, 1, 0, 1, 0, 1, 0, 1, 1, 1, 1, 1]","[0, 0, 1, 1, 1, 0, 0, 0, 0, 0, 1, 0, 1, 0, 1, 0, 1, 0, 0, 0, 0, 0]"
1718,L2_arctic_WAV/TXHC_arctic_a0108,"[67, 49, 36, 60, 58, 24, 58, 24, 55, 3, 8, 63, 8, 52, 69, 8, 39, 63, 8, 36, 40, 3, 7, 64, 55, 58, 37, 49, 59, 64, 55, 46, 28, 50, 8, 37, 24, 10, 67, 24, 68, 46, 52, 30, 54]","[67, 49, 36, 60, 58, 24, 58, 24, 55, 3, 8, 63, 8, 52, 35, 8, 39, 63, 8, 36, 40, 3, 7, 64, 55, 37, 49, 59, 64, 55, 46, 28, 50, 8, 37, 24, 10, 67, 24, 68, 46, 52, 30, 54]","[1, 1, 1, 1, 1, 1, 1, 1, 1, 1, 1, 1, 1, 1, 0, 1, 1, 1, 1, 1, 1, 1, 1, 1, 1, 0, 1, 1, 1, 1, 1, 1, 1, 1, 1, 1, 1, 1, 1, 1, 1, 1, 1, 1, 1]","[0, 0, 0, 0, 0, 0, 0, 0, 0, 0, 0, 0, 0, 0, 1, 0, 0, 0, 0, 0, 0, 0, 0, 0, 0, 1, 0, 0, 0, 0, 0, 0, 0, 0, 0, 0, 0, 0, 0, 0, 0, 0, 0, 0, 0]"
1719,L2_arctic_WAV/TXHC_arctic_a0109,"[58, 6, 29, 6, 55, 14, 63, 64, 3, 29, 6, 17, 50, 9, 60, 28, 24, 10, 68, 56, 28, 17, 55, 54, 8, 58, 8, 55, 46, 24, 55, 29, 6]","[58, 6, 29, 6, 55, 40, 63, 64, 3, 8, 29, 6, 17, 9, 60, 28, 24, 10, 68, 56, 28, 17, 55, 54, 8, 58, 8, 55, 46, 24, 55, 29, 6]","[1, 1, 1, 1, 1, 0, 1, 1, 1, 1, 1, 1, 0, 1, 1, 1, 1, 1, 1, 1, 1, 1, 1, 1, 1, 1, 1, 1, 1, 1, 1, 1, 1]","[0, 0, 0, 0, 0, 1, 0, 0, 0, 0, 0, 0, 1, 0, 0, 0, 0, 0, 0, 0, 0, 0, 0, 0, 0, 0, 0, 0, 0, 0, 0, 0, 0]"
1720,L2_arctic_WAV/TXHC_arctic_a0111,"[24, 55, 46, 3, 52, 58, 67, 49, 69, 57, 55, 58, 67, 7, 64, 55, 58, 63, 60, 60, 3, 30, 56, 28, 3, 6, 67, 8, 10, 59, 50, 49, 35, 24, 30, 58, 50, 8, 55]","[24, 55, 46, 3, 52, 58, 67, 49, 69, 57, 55, 8, 67, 7, 64, 55, 8, 58, 60, 60, 3, 30, 56, 28, 3, 6, 67, 8, 10, 59, 50, 49, 35, 24, 30, 58, 50, 8, 55]","[1, 1, 1, 1, 1, 1, 1, 1, 1, 1, 1, 0, 1, 1, 1, 1, 1, 0, 1, 1, 1, 1, 1, 1, 1, 1, 1, 1, 1, 1, 1, 1, 1, 1, 1, 1, 1, 1, 1]","[0, 0, 0, 0, 0, 0, 0, 0, 0, 0, 0, 1, 0, 0, 0, 0, 1, 1, 0, 0, 0, 0, 0, 0, 0, 0, 0, 0, 0, 0, 0, 0, 0, 0, 0, 0, 0, 0, 0]"
1721,L2_arctic_WAV/TXHC_arctic_a0112,"[67, 49, 36, 8, 70, 36, 6, 55, 58, 24, 58, 24, 55, 63, 8, 17, 50, 68]","[67, 49, 36, 8, 70, 36, 6, 55, 58, 24, 58, 24, 55, 8, 17, 50, 68]","[1, 1, 1, 1, 1, 1, 1, 1, 1, 1, 1, 1, 1, 0, 1, 1, 1, 1]","[0, 0, 0, 0, 0, 0, 0, 0, 0, 0, 0, 0, 0, 1, 0, 0, 0, 0]"
1722,L2_arctic_WAV/TXHC_arctic_a0113,"[56, 46, 8, 48, 14, 70, 29, 6, 48, 24, 28, 3, 63, 64, 3, 30, 24, 10, 59, 14, 8, 48, 8, 68, 8, 10, 63, 8, 24, 55, 58, 49, 8, 55, 70]","[56, 46, 8, 37, 14, 70, 29, 6, 48, 24, 28, 63, 64, 3, 30, 24, 10, 59, 40, 8, 8, 68, 8, 10, 63, 8, 24, 55, 58, 49, 8, 55, 70]","[1, 1, 1, 0, 1, 1, 1, 1, 1, 1, 1, 0, 1, 1, 1, 1, 1, 1, 1, 0, 1, 0, 1, 1, 1, 1, 1, 1, 1, 1, 1, 1, 1, 1, 1]","[0, 0, 0, 1, 0, 0, 0, 0, 0, 0, 0, 1, 0, 0, 0, 0, 0, 0, 0, 1, 0, 1, 0, 0, 0, 0, 0, 0, 0, 0, 0, 0, 0, 0, 0]"
1723,L2_arctic_WAV/TXHC_arctic_a0115,"[67, 49, 67, 64, 58, 55, 14, 24, 28, 46, 28, 29, 6, 70, 54, 40, 50, 63, 8, 54, 49, 30, 24, 10, 70, 36, 24, 35, 36, 7, 7, 15, 70, 58, 24, 55, 67, 24, 68]","[67, 49, 29, 64, 58, 55, 14, 24, 28, 46, 28, 29, 6, 70, 54, 40, 54, 49, 30, 24, 10, 70, 36, 24, 35, 36, 7, 7, 15, 70, 24, 55, 67, 24, 68]","[1, 1, 0, 1, 1, 1, 1, 1, 1, 1, 1, 1, 1, 1, 1, 1, 0, 0, 0, 1, 1, 1, 1, 1, 1, 1, 1, 1, 1, 1, 1, 1, 1, 0, 1, 1, 1, 1, 1]","[0, 0, 1, 0, 0, 0, 0, 0, 0, 0, 0, 0, 0, 0, 0, 0, 1, 1, 1, 0, 0, 0, 0, 0, 0, 0, 0, 0, 0, 0, 0, 0, 0, 1, 0, 0, 0, 0, 0]"
1724,L2_arctic_WAV/TXHC_arctic_a0116,"[36, 8, 70, 24, 3, 63, 8, 50, 17, 55, 58, 24, 39, 6, 8, 39, 63, 14, 70, 67, 6, 36, 7, 46, 3, 50, 56, 39, 24, 10, 3, 6, 36, 7, 28, 67, 24, 70, 50, 6, 8, 55]","[36, 8, 70, 24, 3, 70, 8, 50, 17, 55, 58, 24, 39, 6, 46, 8, 39, 63, 14, 70, 67, 6, 36, 7, 46, 3, 50, 56, 39, 24, 10, 3, 6, 36, 7, 28, 67, 24, 46, 50, 6, 8, 55]","[1, 1, 1, 1, 1, 0, 1, 1, 1, 1, 1, 1, 1, 1, 1, 1, 1, 1, 1, 1, 1, 1, 1, 1, 1, 1, 1, 1, 1, 1, 1, 1, 1, 1, 1, 1, 1, 0, 1, 1, 1, 1]","[0, 0, 0, 0, 0, 1, 0, 0, 0, 0, 0, 0, 0, 0, 0, 0, 0, 0, 0, 0, 0, 0, 0, 0, 0, 0, 0, 0, 0, 0, 0, 0, 0, 0, 0, 0, 0, 1, 0, 0, 0, 0]"
1725,L2_arctic_WAV/TXHC_arctic_a0117,"[9, 49, 64, 58, 24, 58, 36, 24, 22, 69, 52, 55, 29, 8, 36, 8, 55, 46, 24, 68, 48, 8, 22, 49, 24, 55, 67, 7, 54, 60, 46, 8, 55, 58, 39, 57, 46]","[9, 49, 64, 58, 24, 58, 36, 24, 22, 35, 52, 55, 29, 8, 50, 8, 55, 46, 24, 68, 48, 8, 46, 49, 24, 55, 67, 7, 54, 60, 46, 8, 55, 36, 57, 46]","[1, 1, 1, 1, 1, 1, 1, 1, 1, 0, 1, 1, 1, 1, 0, 1, 1, 1, 1, 1, 1, 1, 0, 1, 1, 1, 1, 1, 1, 1, 1, 1, 1, 0, 0, 1, 1]","[0, 0, 0, 0, 0, 0, 0, 0, 0, 1, 0, 0, 0, 0, 1, 0, 0, 0, 0, 0, 0, 0, 1, 0, 0, 0, 0, 0, 0, 0, 0, 0, 0, 1, 1, 0, 0]"
1726,L2_arctic_WAV/TXHC_arctic_a0120,"[68, 56, 50, 56, 3, 54, 31, 3, 54, 49, 30, 70, 30, 56, 28, 63, 64, 3, 8, 39, 8, 35, 56, 55, 49, 70, 58, 52, 37, 29, 8, 3, 17, 55, 3]","[68, 56, 50, 56, 3, 54, 6, 3, 54, 49, 30, 46, 30, 56, 28, 63, 64, 30, 8, 39, 8, 35, 56, 55, 49, 70, 58, 52, 37, 29, 8, 3, 17, 55, 3]","[1, 1, 1, 1, 1, 1, 0, 1, 1, 1, 1, 0, 1, 1, 1, 1, 1, 0, 1, 1, 1, 1, 1, 1, 1, 1, 1, 1, 1, 1, 1, 1, 1, 1, 1]","[0, 0, 0, 0, 0, 0, 1, 0, 0, 0, 0, 1, 0, 0, 0, 0, 0, 1, 0, 0, 0, 0, 0, 0, 0, 0, 0, 0, 0, 0, 0, 0, 0, 0, 0]"
1727,L2_arctic_WAV/TXHC_arctic_a0121,"[63, 60, 60, 3, 58, 24, 55, 7, 64, 3, 63, 8, 54, 24, 54, 22, 64, 55, 58, 50, 52, 46, 3, 24, 58, 54, 40, 50, 3, 6, 15, 7, 70]","[63, 52, 60, 58, 24, 55, 7, 64, 3, 8, 63, 8, 54, 24, 54, 22, 64, 55, 50, 52, 46, 3, 24, 58, 54, 40, 8, 3, 6, 15, 7, 70]","[1, 0, 1, 0, 1, 1, 1, 1, 1, 1, 1, 1, 1, 1, 1, 1, 1, 1, 0, 1, 1, 1, 1, 1, 1, 1, 1, 0, 1, 1, 1, 1, 1]","[0, 1, 0, 1, 0, 0, 0, 0, 0, 0, 0, 0, 0, 0, 0, 0, 0, 0, 1, 0, 0, 0, 0, 0, 0, 0, 0, 1, 0, 0, 0, 0, 0]"
1728,L2_arctic_WAV/TXHC_arctic_a0122,"[3, 6, 29, 24, 50, 70, 8, 59, 14, 56, 59, 60, 39, 8, 48, 46, 24, 39, 8, 30, 24, 70, 60, 9, 8, 55, 54, 50, 7, 63, 24, 46]","[3, 6, 29, 24, 50, 70, 8, 59, 40, 56, 59, 60, 39, 8, 61, 46, 24, 39, 8, 30, 56, 70, 60, 9, 8, 55, 54, 8, 63, 24, 46]","[1, 1, 1, 1, 1, 1, 1, 1, 0, 1, 1, 1, 1, 1, 0, 1, 1, 1, 1, 1, 0, 1, 1, 1, 1, 1, 1, 0, 0, 1, 1, 1]","[0, 0, 0, 0, 0, 0, 0, 0, 1, 0, 0, 0, 0, 0, 1, 0, 0, 0, 0, 0, 1, 0, 0, 0, 0, 0, 0, 1, 1, 0, 0, 0]"
1729,L2_arctic_WAV/TXHC_arctic_a0123,"[9, 49, 67, 64, 58, 58, 56, 58, 54, 7, 68, 28, 14, 30, 58, 8, 55, 58, 46, 3, 17, 50, 39, 60, 9, 8, 55]","[9, 49, 29, 64, 58, 58, 56, 58, 8, 54, 7, 68, 28, 14, 58, 8, 55, 46, 3, 17, 50, 39, 60, 9, 8, 55]","[1, 1, 0, 1, 1, 1, 1, 1, 1, 1, 1, 1, 1, 0, 1, 1, 1, 0, 1, 1, 1, 1, 1, 1, 1, 1, 1]","[0, 0, 1, 0, 0, 0, 0, 0, 0, 0, 0, 0, 0, 1, 0, 0, 0, 1, 0, 0, 0, 0, 0, 0, 0, 0, 0]"
1730,L2_arctic_WAV/TXHC_arctic_a0125,"[67, 49, 36, 8, 70, 58, 24, 3, 7, 68, 8, 55, 58, 55, 15, 3, 8, 68, 60, 55, 3, 60, 55, 8, 68, 40, 50, 46, 7, 3, 8, 55, 67, 14, 30, 58, 8, 48, 17, 55, 67, 24, 68, 46, 52, 30, 54]","[67, 49, 36, 8, 70, 8, 58, 24, 3, 7, 68, 8, 55, 55, 15, 3, 8, 68, 60, 55, 3, 52, 55, 8, 68, 40, 50, 46, 7, 3, 8, 55, 67, 14, 30, 50, 8, 48, 17, 10, 67, 24, 68, 46, 52, 30, 54]","[1, 1, 1, 1, 1, 1, 1, 1, 1, 1, 1, 1, 0, 1, 1, 1, 1, 1, 1, 1, 1, 0, 1, 1, 1, 1, 1, 1, 1, 1, 1, 1, 1, 1, 1, 0, 1, 1, 1, 0, 1, 1, 1, 1, 1, 1, 1]","[0, 0, 0, 0, 0, 0, 0, 0, 0, 0, 0, 0, 1, 0, 0, 0, 0, 0, 0, 0, 0, 1, 0, 0, 0, 0, 0, 0, 0, 0, 0, 0, 0, 0, 0, 1, 0, 0, 0, 1, 0, 0, 0, 0, 0, 0, 0]"
1731,L2_arctic_WAV/TXHC_arctic_a0126,"[49, 35, 58, 60, 9, 49, 37, 24, 28, 60, 68, 8, 68, 40, 50, 39, 56, 3, 8, 30, 48, 17, 50, 3, 8, 39, 67, 24, 68]","[49, 9, 3, 60, 9, 49, 37, 24, 28, 52, 68, 8, 68, 40, 50, 39, 56, 3, 8, 48, 17, 50, 3, 8, 39, 67, 24, 68]","[1, 0, 0, 1, 1, 1, 1, 1, 1, 0, 1, 1, 1, 1, 1, 1, 1, 1, 1, 0, 1, 1, 1, 1, 1, 1, 1, 1, 1]","[0, 1, 1, 0, 0, 0, 0, 0, 0, 1, 0, 0, 0, 0, 0, 0, 0, 0, 0, 1, 0, 0, 0, 0, 0, 0, 0, 0, 0]"
1732,L2_arctic_WAV/TXHC_arctic_a0127,"[24, 3, 36, 8, 70, 8, 3, 52, 68, 3, 60, 9, 8, 55, 37, 8, 3, 67, 49, 50, 49, 70, 24, 46, 3, 8, 58, 24, 3]","[24, 3, 36, 8, 70, 8, 3, 52, 68, 48, 3, 60, 9, 8, 55, 37, 8, 3, 8, 67, 49, 50, 49, 70, 24, 46, 61, 8, 58, 24, 3]","[1, 1, 1, 1, 1, 1, 1, 1, 1, 1, 1, 1, 1, 1, 1, 1, 1, 1, 1, 1, 1, 1, 1, 1, 0, 1, 1, 1, 1]","[0, 0, 0, 0, 0, 0, 0, 0, 0, 0, 0, 0, 0, 0, 0, 0, 0, 0, 0, 0, 0, 0, 0, 0, 1, 0, 0, 0, 0]"
1733,L2_arctic_WAV/TXHC_arctic_a0128,"[63, 24, 46, 36, 8, 55, 67, 14, 48, 36, 8, 70, 58, 24, 46, 3, 50, 57, 58, 64, 70, 28, 36, 24, 28, 30, 49, 64, 70, 24, 3, 36, 40, 70, 37, 40, 50, 55]","[67, 24, 46, 36, 8, 55, 67, 14, 48, 36, 8, 46, 58, 24, 46, 3, 50, 57, 58, 64, 70, 28, 36, 24, 28, 30, 49, 64, 46, 24, 3, 36, 40, 70, 37, 61, 50, 55]","[0, 1, 1, 1, 1, 1, 1, 1, 1, 1, 1, 0, 1, 1, 1, 1, 1, 1, 1, 1, 1, 1, 1, 1, 1, 1, 1, 1, 0, 1, 1, 1, 1, 1, 1, 0, 1, 1]","[1, 0, 0, 0, 0, 0, 0, 0, 0, 0, 0, 1, 0, 0, 0, 0, 0, 0, 0, 0, 0, 0, 0, 0, 0, 0, 0, 0, 1, 0, 0, 0, 0, 0, 0, 1, 0, 0]"
1734,L2_arctic_WAV/TXHC_arctic_a0129,"[67, 7, 54, 60, 46, 36, 8, 70, 8, 59, 60, 55, 46, 3, 67, 24, 70, 37, 50, 52, 46, 3]","[67, 7, 54, 60, 46, 36, 8, 70, 8, 59, 52, 55, 46, 3, 67, 24, 46, 37, 50, 52, 46, 3]","[1, 1, 1, 1, 1, 1, 1, 1, 1, 1, 0, 1, 1, 1, 1, 1, 0, 1, 1, 1, 1, 1]","[0, 0, 0, 0, 0, 0, 0, 0, 0, 0, 1, 0, 0, 0, 0, 0, 1, 0, 0, 0, 0, 0]"
1735,L2_arctic_WAV/TXHC_arctic_a0130,"[9, 49, 36, 8, 70, 67, 24, 70, 55, 15, 54, 7, 52, 39, 7]","[9, 49, 36, 8, 46, 24, 55, 67, 24, 70, 55, 15, 54, 40, 52, 39, 7]","[1, 1, 1, 1, 0, 1, 1, 1, 1, 1, 1, 0, 1, 1, 1]","[0, 0, 0, 0, 1, 0, 0, 0, 0, 0, 0, 1, 0, 0, 0]"
1736,L2_arctic_WAV/TXHC_arctic_a0131,"[48, 50, 17, 39, 8, 58, 8, 55, 46, 67, 64, 58, 58, 24, 30, 24, 39, 7, 58, 67, 24, 68, 22, 50, 6, 63, 8, 68, 60, 30, 46, 3, 50, 8, 68]","[48, 50, 17, 39, 8, 58, 8, 55, 46, 67, 64, 58, 58, 24, 30, 24, 39, 7, 58, 67, 24, 68, 46, 50, 6, 63, 8, 68, 52, 30, 46, 3, 50, 40, 68]","[1, 1, 1, 1, 1, 1, 1, 1, 1, 1, 1, 1, 1, 1, 1, 1, 1, 1, 1, 1, 1, 1, 0, 1, 1, 1, 1, 1, 0, 1, 1, 1, 1, 0, 1]","[0, 0, 0, 0, 0, 0, 0, 0, 0, 0, 0, 0, 0, 0, 0, 0, 0, 0, 0, 0, 0, 0, 1, 0, 0, 0, 0, 0, 1, 0, 0, 0, 0, 1, 0]"
1737,L2_arctic_WAV/TXHC_arctic_a0134,"[67, 49, 14, 37, 60, 58, 63, 8, 48, 50, 52, 9, 7, 8, 39, 67, 7, 67, 64, 55, 58]","[67, 49, 40, 37, 60, 58, 8, 63, 8, 48, 50, 52, 9, 7, 8, 39, 67, 7, 67, 64, 55, 58]","[1, 1, 0, 1, 1, 1, 1, 1, 1, 1, 1, 1, 1, 1, 1, 1, 1, 1, 1, 1, 1]","[0, 0, 1, 0, 0, 0, 0, 0, 0, 0, 0, 0, 0, 0, 0, 0, 0, 0, 0, 0, 0]"
1738,L2_arctic_WAV/TXHC_arctic_a0136,"[8, 37, 15, 3, 67, 24, 68, 52, 39, 50, 49, 36, 52, 50, 36, 7, 63, 8, 52, 39, 8, 58, 8, 55, 46, 8, 70, 8, 39, 30, 8, 59, 26, 7, 49, 64, 55, 58, 8, 39, 60, 69]","[8, 37, 17, 3, 67, 24, 55, 52, 36, 50, 49, 39, 52, 50, 36, 8, 70, 8, 64, 39, 8, 58, 8, 55, 46, 8, 46, 8, 39, 30, 8, 28, 9, 7, 49, 64, 55, 8, 39, 60, 35]","[1, 1, 0, 1, 1, 1, 0, 1, 0, 1, 1, 0, 1, 1, 1, 0, 0, 1, 0, 1, 1, 1, 1, 1, 1, 1, 0, 1, 1, 1, 1, 0, 0, 1, 1, 1, 1, 0, 1, 1, 1, 0]","[0, 0, 1, 0, 0, 0, 1, 0, 1, 0, 0, 1, 0, 0, 0, 1, 1, 0, 1, 0, 0, 0, 0, 0, 0, 0, 1, 0, 0, 0, 0, 1, 1, 0, 0, 0, 0, 1, 0, 0, 0, 1]"
1739,L2_arctic_WAV/TXHC_arctic_a0137,"[63, 52, 55, 67, 49, 46, 3, 52, 48, 3, 37, 64, 28, 36, 24, 22, 8, 30, 14, 28, 50, 56, 8, 39, 48, 30, 52, 26, 7]","[63, 52, 55, 67, 49, 46, 3, 52, 48, 58, 8, 37, 64, 28, 36, 24, 22, 8, 30, 14, 28, 50, 17, 8, 39, 48, 30, 52, 26, 7]","[1, 1, 1, 1, 1, 1, 1, 1, 1, 0, 1, 1, 1, 1, 1, 1, 1, 1, 1, 1, 1, 0, 1, 1, 1, 1, 1, 1, 1]","[0, 0, 0, 0, 0, 0, 0, 0, 0, 1, 0, 0, 0, 0, 0, 0, 0, 0, 0, 0, 0, 1, 0, 0, 0, 0, 0, 0, 0]"
1740,L2_arctic_WAV/TXHC_arctic_a0139,"[67, 49, 3, 14, 30, 58, 67, 24, 68, 46, 52, 30, 54, 63, 64, 3, 64, 70, 67, 49, 36, 17, 9, 3, 67, 24, 68, 46, 52, 30, 54, 8, 55, 58, 59, 50, 6, 68, 58, 67, 24, 70, 58, 24, 9, 52, 39, 8, 30, 58, 28, 30, 14, 63, 70]","[67, 49, 3, 40, 30, 58, 24, 68, 46, 52, 30, 54, 63, 64, 64, 70, 67, 49, 36, 8, 9, 3, 24, 68, 46, 52, 30, 54, 8, 55, 8, 59, 50, 6, 68, 30, 24, 70, 58, 24, 9, 8, 39, 8, 30, 58, 8, 28, 30, 14, 61, 8, 46]","[1, 1, 1, 0, 1, 1, 0, 1, 1, 1, 1, 1, 1, 1, 1, 0, 1, 1, 1, 1, 1, 0, 1, 1, 0, 1, 1, 1, 1, 1, 1, 1, 1, 0, 1, 1, 1, 1, 0, 0, 1, 1, 1, 1, 1, 0, 1, 1, 1, 1, 1, 1, 1, 0, 0]","[0, 0, 0, 1, 0, 0, 1, 0, 0, 0, 0, 0, 0, 0, 0, 1, 0, 0, 0, 0, 0, 1, 0, 0, 1, 0, 0, 0, 0, 0, 0, 0, 0, 1, 0, 0, 0, 0, 1, 1, 0, 0, 0, 0, 0, 1, 0, 0, 0, 0, 0, 0, 0, 1, 1]"
1741,L2_arctic_WAV/TXHC_arctic_a0225,"[56, 36, 8, 70, 37, 50, 40, 3, 8, 48, 63, 8, 36, 60, 68, 14, 46, 3, 59, 7, 30, 70, 24, 55, 67, 8, 36, 56, 49, 17, 50, 37, 50, 40, 3, 8, 48]","[56, 36, 8, 70, 8, 37, 50, 40, 58, 8, 48, 36, 70, 8, 36, 60, 68, 14, 46, 3, 59, 7, 8, 46, 24, 55, 67, 8, 36, 56, 49, 17, 8, 37, 50, 40, 58, 8, 48]","[1, 1, 1, 1, 1, 1, 1, 0, 1, 1, 0, 1, 1, 1, 1, 1, 1, 1, 1, 1, 0, 0, 1, 1, 1, 1, 1, 1, 1, 1, 0, 1, 1, 1, 0, 1, 1]","[0, 0, 0, 0, 0, 0, 0, 1, 0, 0, 1, 0, 0, 0, 0, 0, 0, 0, 0, 0, 1, 1, 0, 0, 0, 0, 0, 0, 0, 0, 1, 0, 0, 0, 1, 0, 0]"
1742,L2_arctic_WAV/TXHC_arctic_a0245,"[15, 3, 8, 39, 67, 24, 70, 60, 3, 49, 55, 67, 8, 55, 63, 50, 24, 58, 67, 49, 30, 60, 58, 8, 46, 56, 58, 46, 24, 28, 46, 3, 49, 55, 67, 8, 55, 63, 50, 24, 58, 49, 35, 29, 24, 50]","[15, 30, 8, 39, 24, 46, 60, 3, 49, 55, 67, 8, 55, 63, 50, 58, 49, 30, 60, 58, 8, 46, 56, 58, 46, 24, 28, 46, 3, 49, 55, 67, 8, 55, 63, 50, 58, 49, 35, 29, 24, 50]","[1, 0, 1, 1, 0, 1, 0, 1, 1, 1, 1, 1, 1, 1, 1, 1, 0, 1, 0, 1, 1, 1, 1, 1, 1, 1, 1, 1, 1, 1, 1, 1, 1, 1, 1, 1, 1, 1, 1, 0, 1, 1, 1, 1, 1, 1]","[0, 1, 0, 0, 1, 0, 1, 0, 0, 0, 0, 0, 0, 0, 0, 0, 1, 0, 1, 0, 0, 0, 0, 0, 0, 0, 0, 0, 0, 0, 0, 0, 0, 0, 0, 0, 0, 0, 0, 1, 0, 0, 0, 0, 0, 0]"
1743,L2_arctic_WAV/TXHC_arctic_a0335,"[50, 52, 58, 56, 46, 36, 8, 10, 37, 64, 28, 8, 55, 58, 54, 40, 50, 22, 17, 55, 63, 8, 37, 50, 64, 55, 35, 54, 17, 50, 63, 7, 58, 15, 55]","[50, 52, 58, 56, 46, 36, 8, 68, 37, 64, 28, 8, 55, 8, 54, 40, 50, 46, 17, 55, 63, 8, 37, 50, 64, 55, 35, 54, 17, 63, 7, 3, 15, 55]","[1, 1, 1, 1, 1, 1, 1, 0, 1, 1, 1, 1, 1, 0, 1, 1, 1, 0, 1, 1, 1, 1, 1, 1, 1, 1, 1, 1, 1, 0, 1, 1, 0, 1, 1]","[0, 0, 0, 0, 0, 0, 0, 1, 0, 0, 0, 0, 0, 1, 0, 0, 0, 1, 0, 0, 0, 0, 0, 0, 0, 0, 0, 0, 0, 1, 0, 0, 1, 0, 0]"
1744,L2_arctic_WAV/TXHC_arctic_a0434,"[8, 67, 64, 54, 8, 28, 60, 46, 8, 39, 3, 8, 37, 64, 28, 14, 36, 8, 70, 36, 7, 22, 22, 50, 49, 48, 15, 55, 58, 70]","[8, 67, 54, 64, 54, 8, 28, 60, 70, 8, 39, 3, 8, 37, 64, 28, 14, 36, 8, 70, 36, 7, 46, 9, 50, 49, 48, 15, 55, 58, 70]","[1, 1, 1, 1, 1, 1, 1, 0, 1, 1, 1, 1, 1, 1, 1, 1, 1, 1, 1, 1, 1, 0, 0, 1, 1, 1, 1, 1, 1, 1]","[0, 0, 0, 0, 0, 0, 0, 1, 0, 0, 0, 0, 0, 0, 0, 0, 0, 0, 0, 0, 0, 1, 1, 0, 0, 0, 0, 0, 0, 0]"
1745,L2_arctic_WAV/TXHC_arctic_a0459,"[63, 52, 50, 70, 3, 6, 68, 8, 35, 8, 39, 63, 8, 46, 28, 6, 30, 37, 57, 24, 55, 68, 49]","[63, 52, 50, 46, 3, 6, 68, 17, 35, 8, 39, 63, 8, 46, 28, 6, 37, 57, 24, 55, 68, 49]","[1, 1, 1, 0, 1, 1, 1, 0, 1, 1, 1, 1, 1, 1, 1, 1, 0, 1, 1, 1, 1, 1, 1]","[0, 0, 0, 1, 0, 0, 0, 1, 0, 0, 0, 0, 0, 0, 0, 0, 1, 0, 0, 0, 0, 0, 0]"
1746,L2_arctic_WAV/TXHC_arctic_a0515,"[37, 8, 3, 67, 49, 50, 8, 68, 8, 10, 46, 3, 15, 7, 46, 52, 30, 39, 70, 30, 52, 3, 8, 46, 46, 48, 49, 28, 15, 3]","[37, 8, 3, 67, 49, 50, 8, 68, 8, 46, 3, 15, 7, 46, 52, 39, 46, 30, 52, 30, 8, 46, 46, 48, 49, 28, 15, 3]","[1, 1, 1, 1, 1, 1, 1, 1, 1, 0, 1, 1, 1, 1, 1, 1, 0, 1, 0, 1, 1, 0, 1, 1, 1, 1, 1, 1, 1, 1]","[0, 0, 0, 0, 0, 0, 0, 0, 0, 1, 0, 0, 0, 0, 0, 0, 1, 0, 1, 0, 0, 1, 0, 0, 0, 0, 0, 0, 0, 0]"
1747,L2_arctic_WAV/TXHC_arctic_a0519,"[46, 8, 35, 64, 55, 64, 28, 3, 36, 8, 70, 24, 55, 58, 56, 50, 52, 28, 3, 39, 56, 8, 30, 60, 9, 8, 55, 8, 39, 63, 8, 30, 40, 70, 8, 39, 63, 8, 30, 64, 55, 58]","[46, 8, 35, 64, 55, 64, 28, 3, 36, 8, 46, 24, 55, 58, 56, 50, 52, 28, 3, 8, 39, 56, 8, 30, 60, 9, 8, 55, 8, 39, 63, 8, 30, 40, 46, 8, 39, 63, 8, 30, 17, 55, 58]","[1, 1, 1, 1, 1, 1, 1, 1, 1, 1, 0, 1, 1, 1, 1, 1, 1, 1, 1, 1, 1, 1, 1, 1, 1, 1, 1, 1, 1, 1, 1, 1, 1, 0, 1, 1, 1, 1, 1, 0, 1, 1]","[0, 0, 0, 0, 0, 0, 0, 0, 0, 0, 1, 0, 0, 0, 0, 0, 0, 0, 0, 0, 0, 0, 0, 0, 0, 0, 0, 0, 0, 0, 0, 0, 0, 1, 0, 0, 0, 0, 0, 1, 0, 0]"
1748,L2_arctic_WAV/TXHC_arctic_a0536,"[67, 49, 36, 31, 58, 58, 24, 46, 3, 50, 57, 40, 30, 22, 24, 10, 70, 63, 64, 3, 17, 50, 54, 24, 28, 46, 3]","[67, 49, 36, 58, 58, 24, 9, 50, 57, 40, 30, 46, 24, 10, 70, 70, 64, 3, 17, 54, 24, 28, 46, 3]","[1, 1, 1, 0, 1, 1, 1, 0, 0, 1, 1, 1, 1, 0, 1, 1, 1, 0, 1, 1, 1, 0, 1, 1, 1, 1, 1]","[0, 0, 0, 1, 0, 0, 0, 1, 1, 0, 0, 0, 0, 1, 0, 0, 0, 1, 0, 0, 0, 1, 0, 0, 0, 0, 0]"
1749,L2_arctic_WAV/TXHC_arctic_a0549,"[58, 6, 29, 6, 55, 14, 63, 64, 3, 36, 49, 36, 60, 52, 39, 50, 49, 48, 15, 55, 58, 8, 39, 28, 14, 30, 36, 49, 37, 7, 55]","[58, 6, 29, 6, 55, 14, 70, 64, 3, 8, 36, 49, 36, 60, 52, 39, 49, 48, 15, 55, 58, 8, 39, 8, 28, 14, 36, 49, 37, 7, 55]","[1, 1, 1, 1, 1, 1, 0, 1, 1, 1, 1, 1, 1, 1, 1, 0, 1, 1, 1, 1, 1, 1, 1, 1, 1, 0, 1, 1, 1, 1, 1]","[0, 0, 0, 0, 0, 0, 1, 0, 0, 0, 0, 0, 0, 0, 0, 1, 0, 0, 0, 0, 0, 0, 0, 0, 0, 1, 0, 0, 0, 0, 0]"
1750,L2_arctic_WAV/TXHC_arctic_a0571,"[67, 49, 67, 64, 58, 54, 40, 50, 59, 17, 3, 8, 55, 3, 8, 37, 24, 30, 58, 8, 54, 56, 7, 8, 55, 58, 22, 40, 15, 3]","[67, 49, 67, 64, 58, 54, 8, 59, 17, 3, 8, 55, 3, 8, 37, 24, 36, 58, 8, 54, 56, 7, 8, 55, 8, 46, 40, 15, 3]","[1, 1, 1, 1, 1, 1, 0, 0, 1, 1, 1, 1, 1, 1, 1, 1, 1, 0, 1, 1, 1, 1, 1, 1, 1, 0, 0, 1, 1, 1]","[0, 0, 0, 0, 0, 0, 1, 1, 0, 0, 0, 0, 0, 0, 0, 0, 0, 1, 0, 0, 0, 0, 0, 0, 0, 1, 1, 0, 0, 0]"
1751,L2_arctic_WAV/TXHC_arctic_a0575,"[63, 52, 50, 36, 7, 8, 55, 3, 52, 55, 49, 68, 24, 9, 8, 55, 70, 64, 55, 58, 67, 49, 36, 8, 70, 63, 8, 68, 64, 55, 3, 8, 55, 14]","[58, 52, 50, 36, 7, 8, 55, 3, 52, 55, 49, 68, 49, 9, 8, 55, 70, 64, 55, 58, 67, 49, 36, 8, 46, 8, 68, 64, 55, 3, 8, 55, 14]","[0, 1, 1, 1, 1, 1, 1, 1, 1, 1, 1, 1, 0, 1, 1, 1, 1, 1, 1, 1, 1, 1, 1, 1, 0, 0, 1, 1, 1, 1, 1, 1, 1, 1]","[1, 0, 0, 0, 0, 0, 0, 0, 0, 0, 0, 0, 1, 0, 0, 0, 0, 0, 0, 0, 0, 0, 0, 0, 1, 1, 0, 0, 0, 0, 0, 0, 0, 0]"
1752,L2_arctic_WAV/TXHC_arctic_a0576,"[64, 55, 58, 63, 8, 37, 24, 59, 48, 7, 26, 8, 55, 55, 6, 8, 39, 67, 24, 70, 24, 59, 70, 24, 46, 3, 8, 55, 46, 37, 49, 54, 40, 50, 67, 49, 58, 24, 58, 8, 39, 67, 7, 70]","[64, 55, 58, 70, 8, 37, 49, 59, 48, 7, 26, 8, 55, 55, 6, 8, 39, 67, 24, 46, 24, 59, 70, 24, 46, 3, 8, 55, 46, 37, 49, 54, 40, 50, 67, 24, 58, 24, 58, 8, 39, 67, 7, 46]","[1, 1, 1, 0, 1, 1, 0, 1, 1, 1, 1, 1, 1, 1, 1, 1, 1, 1, 1, 0, 1, 1, 1, 1, 1, 1, 1, 1, 1, 1, 1, 1, 1, 1, 1, 0, 1, 1, 1, 1, 1, 1, 1, 0]","[0, 0, 0, 1, 0, 0, 1, 0, 0, 0, 0, 0, 0, 0, 0, 0, 0, 0, 0, 1, 0, 0, 0, 0, 0, 0, 0, 0, 0, 0, 0, 0, 0, 0, 0, 1, 0, 0, 0, 0, 0, 0, 0, 1]"
1753,L2_arctic_WAV/TXHC_arctic_b0004,"[67, 36, 24, 55, 56, 28, 64, 55, 3, 46, 49, 37, 29, 6, 3, 49, 24, 55, 36, 31, 68, 8, 55, 56, 36, 17, 55, 3, 3, 8, 58, 56]","[67, 36, 24, 55, 56, 28, 64, 55, 3, 46, 49, 37, 29, 6, 3, 49, 10, 36, 6, 68, 8, 55, 56, 36, 17, 55, 3, 3, 8, 58, 56]","[1, 1, 1, 1, 1, 1, 1, 1, 1, 1, 1, 1, 1, 1, 1, 1, 0, 0, 1, 0, 1, 1, 1, 1, 1, 1, 1, 1, 1, 1, 1, 1]","[0, 0, 0, 0, 0, 0, 0, 0, 0, 0, 0, 0, 0, 0, 0, 0, 1, 1, 0, 1, 0, 0, 0, 0, 0, 0, 0, 0, 0, 0, 0, 0]"
1754,L2_arctic_WAV/TXHC_arctic_b0026,"[29, 6, 67, 64, 39, 8, 46, 14, 46, 49, 60, 3, 8, 58, 36, 24, 22, 46, 8, 68, 8, 39, 63, 49, 70, 68, 52, 55]","[29, 6, 67, 64, 39, 8, 46, 14, 46, 49, 60, 3, 8, 58, 36, 24, 46, 46, 8, 68, 8, 39, 70, 49, 70, 68, 64]","[1, 1, 1, 1, 1, 1, 1, 1, 1, 1, 1, 1, 1, 1, 1, 1, 0, 1, 1, 1, 1, 1, 0, 1, 1, 1, 0, 0]","[0, 0, 0, 0, 0, 0, 0, 0, 0, 0, 0, 0, 0, 0, 0, 0, 1, 0, 0, 0, 0, 0, 1, 0, 0, 0, 1, 1]"
1755,L2_arctic_WAV/TXHC_arctic_b0048,"[67, 49, 30, 31, 28, 3, 30, 56, 28, 36, 8, 55, 67, 6, 67, 64, 58, 48, 64, 46, 3, 22, 50, 6, 64, 55, 8, 55, 28, 8, 68, 54, 7, 3, 8, 37, 8, 30, 15, 50, 40, 50, 3, 6]","[67, 49, 30, 31, 28, 3, 70, 30, 56, 28, 36, 8, 55, 67, 6, 67, 64, 58, 48, 17, 46, 3, 46, 50, 6, 64, 55, 8, 55, 28, 8, 68, 54, 7, 3, 8, 37, 8, 14, 15, 50, 17, 50, 3, 6]","[1, 1, 1, 1, 1, 1, 1, 1, 1, 1, 1, 1, 1, 1, 1, 1, 1, 1, 0, 1, 1, 0, 1, 1, 1, 1, 1, 1, 1, 1, 1, 1, 1, 1, 1, 1, 1, 0, 1, 1, 0, 1, 1, 1]","[0, 0, 0, 0, 0, 0, 0, 0, 0, 0, 0, 0, 0, 0, 0, 0, 0, 0, 1, 0, 0, 1, 0, 0, 0, 0, 0, 0, 0, 0, 0, 0, 0, 0, 0, 0, 0, 1, 0, 0, 1, 0, 0, 0]"
1756,L2_arctic_WAV/TXHC_arctic_b0074,"[29, 52, 3, 37, 24, 67, 56, 55, 58, 63, 52, 68, 63, 52, 50, 36, 8, 70, 8, 55, 8, 63, 7, 64, 55, 58, 68, 40, 50, 48, 15, 7, 54, 8, 30, 68, 14, 3, 24, 39]","[29, 52, 3, 37, 24, 67, 56, 55, 58, 58, 52, 68, 58, 52, 50, 36, 8, 46, 8, 55, 8, 63, 7, 64, 55, 58, 8, 68, 40, 48, 15, 39, 7, 54, 8, 68, 14, 3, 49]","[1, 1, 1, 1, 1, 1, 1, 1, 1, 0, 1, 1, 0, 1, 1, 1, 1, 0, 1, 1, 1, 1, 1, 1, 1, 1, 1, 1, 0, 1, 1, 1, 1, 1, 0, 1, 1, 1, 0, 0]","[0, 0, 0, 0, 0, 0, 0, 0, 0, 1, 0, 0, 1, 0, 0, 0, 0, 1, 0, 0, 0, 0, 0, 0, 0, 0, 0, 0, 1, 0, 0, 0, 0, 0, 1, 0, 0, 0, 1, 1]"
1757,L2_arctic_WAV/TXHC_arctic_b0075,"[24, 55, 63, 64, 3, 28, 60, 46, 67, 49, 28, 31, 58, 55, 17, 3, 68, 24, 46, 63, 52, 68, 24, 54, 67, 49, 29, 6, 70, 58, 28, 40, 9, 8, 55]","[24, 55, 70, 64, 3, 28, 60, 46, 67, 49, 28, 31, 58, 55, 17, 3, 68, 49, 46, 70, 52, 55, 24, 54, 67, 49, 29, 6, 46, 58, 28, 40, 9, 8, 55]","[1, 1, 0, 1, 1, 1, 1, 1, 1, 1, 1, 1, 1, 1, 1, 1, 1, 0, 1, 0, 1, 0, 1, 1, 1, 1, 1, 1, 0, 1, 1, 1, 1, 1, 1]","[0, 0, 1, 0, 0, 0, 0, 0, 0, 0, 0, 0, 0, 0, 0, 0, 0, 1, 0, 1, 0, 1, 0, 0, 0, 0, 0, 0, 1, 0, 0, 0, 0, 0, 0]"
1758,L2_arctic_WAV/TXHC_arctic_b0140,"[63, 60, 52, 69, 58, 55, 24, 50, 7, 64, 55, 58, 46, 3, 31, 58, 9, 14, 30, 58, 7, 3, 8, 9, 14, 30, 58, 7, 54, 60, 46, 24, 10, 63, 52, 50, 36, 7, 30, 58]","[70, 60, 64, 69, 58, 55, 24, 50, 7, 64, 55, 58, 8, 46, 3, 31, 58, 9, 14, 58, 7, 3, 8, 9, 14, 58, 7, 54, 60, 46, 24, 10, 58, 52, 50, 36, 17, 30, 58]","[0, 1, 0, 1, 1, 1, 1, 1, 1, 1, 1, 1, 1, 1, 1, 1, 1, 1, 0, 1, 1, 1, 1, 1, 1, 0, 1, 1, 1, 1, 1, 1, 1, 0, 1, 1, 1, 0, 1, 1]","[1, 0, 1, 0, 0, 0, 0, 0, 0, 0, 0, 0, 0, 0, 0, 0, 0, 0, 1, 0, 0, 0, 0, 0, 0, 1, 0, 0, 0, 0, 0, 0, 0, 1, 0, 0, 0, 1, 0, 0]"
1759,L2_arctic_WAV/TXHC_arctic_b0142,"[46, 8, 68, 22, 24, 10, 39, 64, 46, 3, 30, 49, 68, 40, 50, 22, 50, 24, 30, 24, 10, 67, 64, 58, 28, 8, 68, 24, 55, 3, 6, 24, 3, 55, 15]","[46, 8, 68, 46, 24, 10, 39, 64, 46, 3, 30, 49, 68, 40, 8, 46, 50, 8, 30, 24, 10, 67, 64, 58, 28, 8, 68, 24, 55, 3, 6, 24, 3, 55, 15]","[1, 1, 1, 0, 1, 1, 1, 1, 1, 1, 1, 1, 1, 1, 0, 0, 1, 0, 1, 1, 1, 1, 1, 1, 1, 1, 1, 1, 1, 1, 1, 1, 1, 1, 1]","[0, 0, 0, 1, 0, 0, 0, 0, 0, 0, 0, 0, 0, 0, 1, 1, 0, 1, 0, 0, 0, 0, 0, 0, 0, 0, 0, 0, 0, 0, 0, 0, 0, 0, 0]"
1760,L2_arctic_WAV/TXHC_arctic_b0165,"[67, 49, 48, 31, 30, 58, 8, 55, 58, 63, 8, 30, 40, 59, 28, 50, 64, 9, 3, 58, 15, 55, 3, 8, 37, 50, 60, 28, 67, 24, 70, 37, 64, 28]","[67, 49, 48, 14, 58, 8, 55, 63, 8, 30, 40, 59, 8, 28, 50, 64, 9, 3, 8, 58, 15, 55, 3, 8, 37, 50, 24, 59, 67, 24, 70, 37, 64, 28]","[1, 1, 1, 0, 0, 1, 1, 1, 0, 1, 1, 1, 1, 1, 1, 1, 1, 1, 1, 1, 1, 1, 1, 1, 1, 1, 0, 0, 1, 1, 1, 1, 1, 1]","[0, 0, 0, 1, 1, 0, 0, 0, 1, 0, 0, 0, 0, 0, 0, 0, 0, 0, 0, 0, 0, 0, 0, 0, 0, 0, 1, 1, 0, 0, 0, 0, 0, 0]"
1761,L2_arctic_WAV/TXHC_arctic_b0185,"[29, 40, 50, 37, 49, 24, 10, 50, 52, 28, 3, 67, 49, 50, 67, 64, 70, 37, 24, 55, 8, 59, 17, 58, 46, 52, 55, 58, 3, 8, 68, 49]","[29, 40, 50, 37, 24, 10, 50, 52, 28, 3, 67, 49, 50, 67, 64, 46, 37, 24, 10, 8, 59, 17, 58, 46, 52, 55, 58, 3, 8, 68, 49]","[1, 1, 1, 1, 0, 1, 1, 1, 1, 1, 1, 1, 1, 1, 1, 1, 0, 1, 1, 0, 1, 1, 1, 1, 1, 1, 1, 1, 1, 1, 1, 1]","[0, 0, 0, 0, 1, 0, 0, 0, 0, 0, 0, 0, 0, 0, 0, 0, 1, 0, 0, 1, 0, 0, 0, 0, 0, 0, 0, 0, 0, 0, 0, 0]"
1762,L2_arctic_WAV/TXHC_arctic_b0203,"[8, 68, 8, 55, 22, 24, 55, 40, 46, 3, 50, 60, 30, 29, 8, 36, 31, 58, 54, 24, 55, 24, 9, 68, 49]","[8, 68, 8, 55, 46, 24, 10, 40, 46, 3, 50, 60, 30, 29, 8, 36, 31, 58, 54, 24, 55, 24, 9, 68, 49]","[1, 1, 1, 1, 0, 1, 0, 1, 1, 1, 1, 1, 1, 1, 1, 1, 1, 1, 1, 1, 1, 1, 1, 1, 1]","[0, 0, 0, 0, 1, 0, 1, 0, 0, 0, 0, 0, 0, 0, 0, 0, 0, 0, 0, 0, 0, 0, 0, 0, 0]"
1763,L2_arctic_WAV/TXHC_arctic_b0251,"[63, 60, 68, 8, 46, 3, 67, 64, 39, 37, 24, 55, 46, 36, 52, 48, 3, 8, 36, 60, 37, 56, 63, 8, 28, 60, 17, 3, 24, 28, 28, 7, 8, 55, 3, 46]","[55, 60, 68, 8, 46, 3, 67, 64, 39, 8, 37, 49, 10, 46, 36, 52, 48, 3, 8, 36, 60, 37, 56, 63, 8, 28, 60, 17, 3, 24, 59, 8, 28, 7, 8, 55, 3, 46]","[0, 1, 1, 1, 1, 1, 1, 1, 1, 1, 0, 0, 1, 1, 1, 1, 1, 1, 1, 1, 1, 1, 1, 1, 1, 1, 1, 1, 1, 0, 1, 1, 1, 1, 1, 1]","[1, 0, 0, 0, 0, 0, 0, 0, 0, 0, 1, 1, 0, 0, 0, 0, 0, 0, 0, 0, 0, 0, 0, 0, 0, 0, 0, 0, 0, 1, 0, 0, 0, 0, 0, 0]"
1764,L2_arctic_WAV/TXHC_arctic_b0282,"[46, 8, 68, 8, 39, 63, 8, 46, 68, 40, 30, 7, 39, 60, 55, 70, 67, 64, 58, 58, 15, 3, 30, 8, 46, 37, 8, 55, 50, 8, 48, 35, 7, 58]","[46, 8, 68, 8, 39, 70, 8, 46, 68, 40, 30, 7, 39, 60, 70, 67, 64, 58, 58, 15, 3, 30, 8, 46, 37, 8, 55, 50, 64, 48, 35, 7]","[1, 1, 1, 1, 1, 0, 1, 1, 1, 1, 1, 1, 1, 1, 0, 1, 1, 1, 1, 1, 1, 1, 1, 1, 1, 1, 1, 1, 1, 0, 1, 1, 1, 0]","[0, 0, 0, 0, 0, 1, 0, 0, 0, 0, 0, 0, 0, 0, 1, 0, 0, 0, 0, 0, 0, 0, 0, 0, 0, 0, 0, 0, 0, 1, 0, 0, 0, 1]"
1765,L2_arctic_WAV/TXHC_arctic_b0288,"[36, 49, 36, 31, 58, 55, 17, 3, 46, 48, 52, 55, 58, 8, 55, 8, 63, 7, 46, 8, 35, 55, 56, 3]","[36, 49, 36, 58, 55, 17, 3, 46, 48, 52, 55, 58, 8, 55, 8, 58, 7, 46, 8, 35, 55, 56, 3]","[1, 1, 1, 0, 1, 1, 1, 1, 1, 1, 1, 1, 1, 1, 1, 1, 0, 1, 1, 1, 1, 1, 1, 1]","[0, 0, 0, 1, 0, 0, 0, 0, 0, 0, 0, 0, 0, 0, 0, 0, 1, 0, 0, 0, 0, 0, 0, 0]"
1766,L2_arctic_WAV/TXHC_arctic_b0323,"[28, 50, 24, 28, 8, 3, 46, 37, 24, 59, 64, 55, 3, 24, 35, 7, 48, 64, 55, 58, 68, 40, 50, 59, 49, 46, 8, 55, 58, 58, 8, 28, 46, 54, 30, 6, 14, 39, 7, 67, 52, 58]","[28, 66, 24, 28, 8, 46, 37, 24, 59, 52, 55, 3, 24, 35, 7, 48, 64, 55, 58, 8, 68, 40, 59, 49, 70, 8, 55, 58, 58, 8, 28, 46, 54, 30, 6, 14, 7, 67, 52, 58]","[1, 0, 1, 1, 1, 0, 1, 1, 1, 1, 0, 1, 1, 1, 1, 1, 1, 1, 1, 1, 1, 1, 0, 1, 1, 0, 1, 1, 1, 1, 1, 1, 1, 1, 1, 1, 1, 0, 1, 1, 1, 1]","[0, 1, 0, 0, 0, 1, 0, 0, 0, 0, 1, 0, 0, 0, 0, 0, 0, 0, 0, 0, 0, 0, 1, 0, 0, 1, 0, 0, 0, 0, 0, 0, 0, 0, 0, 0, 0, 1, 0, 0, 0, 0]"
1767,L2_arctic_WAV/TXHC_arctic_b0358,"[63, 8, 3, 52, 68, 48, 7, 8, 35, 7, 58, 50, 17, 48, 3, 3, 8, 54, 24, 54, 3, 49, 37, 24, 30, 14, 70, 49, 50, 14, 8, 55, 58, 50, 24, 68, 60, 55, 58, 63, 52, 50, 63, 8, 67, 14, 30, 3, 50, 24, 48]","[8, 3, 52, 68, 48, 7, 8, 35, 7, 26, 50, 17, 48, 3, 3, 8, 54, 24, 54, 3, 49, 37, 24, 30, 14, 70, 49, 50, 14, 8, 55, 58, 50, 24, 68, 60, 55, 58, 58, 52, 50, 8, 67, 14, 3, 50, 24, 48]","[0, 1, 1, 1, 1, 1, 1, 1, 1, 1, 0, 1, 1, 1, 1, 1, 1, 1, 1, 1, 1, 1, 1, 1, 1, 1, 1, 1, 1, 1, 1, 1, 1, 1, 1, 1, 1, 1, 1, 0, 1, 1, 0, 1, 1, 1, 0, 1, 1, 1, 1]","[1, 0, 0, 0, 0, 0, 0, 0, 0, 0, 1, 0, 0, 0, 0, 0, 0, 0, 0, 0, 0, 0, 0, 0, 0, 0, 0, 0, 0, 0, 0, 0, 0, 0, 0, 0, 0, 0, 0, 1, 0, 0, 1, 0, 0, 0, 1, 0, 0, 0, 0]"
1768,L2_arctic_WAV/TXHC_arctic_b0366,"[56, 54, 40, 50, 59, 17, 3, 67, 15, 49, 70, 8, 30, 49, 56, 67, 64, 58, 3, 40, 3, 68, 56, 46, 52, 30, 54, 54, 50, 8, 68, 63, 8, 48, 50, 24, 55, 3, 24, 58, 48, 60, 69]","[56, 54, 40, 50, 59, 17, 3, 67, 14, 49, 70, 8, 30, 49, 8, 64, 58, 3, 40, 3, 68, 56, 46, 52, 54, 54, 50, 8, 68, 63, 8, 48, 50, 24, 55, 3, 24, 58, 48, 60, 35]","[1, 1, 1, 1, 1, 1, 1, 1, 0, 1, 1, 1, 1, 1, 0, 0, 1, 1, 1, 1, 1, 1, 1, 1, 1, 0, 1, 1, 1, 1, 1, 1, 1, 1, 1, 1, 1, 1, 1, 1, 1, 1, 0]","[0, 0, 0, 0, 0, 0, 0, 0, 1, 0, 0, 0, 0, 0, 1, 1, 0, 0, 0, 0, 0, 0, 0, 0, 0, 1, 0, 0, 0, 0, 0, 0, 0, 0, 0, 0, 0, 0, 0, 0, 0, 0, 1]"
1769,L2_arctic_WAV/TXHC_arctic_b0380,"[67, 49, 67, 64, 58, 48, 49, 30, 58, 40, 54, 67, 24, 70, 9, 7, 3, 64, 55, 58, 36, 8, 70, 36, 56, 30, 58, 30, 49, 36, 60, 39, 24, 10, 24, 3]","[67, 49, 67, 64, 58, 48, 49, 30, 58, 40, 39, 24, 70, 9, 7, 3, 64, 55, 58, 36, 8, 70, 36, 17, 30, 58, 30, 49, 36, 60, 39, 24, 10, 24, 3]","[1, 1, 1, 1, 1, 1, 1, 1, 1, 1, 0, 0, 1, 1, 1, 1, 1, 1, 1, 1, 1, 1, 1, 1, 0, 1, 1, 1, 1, 1, 1, 1, 1, 1, 1, 1]","[0, 0, 0, 0, 0, 0, 0, 0, 0, 0, 1, 1, 0, 0, 0, 0, 0, 0, 0, 0, 0, 0, 0, 0, 1, 0, 0, 0, 0, 0, 0, 0, 0, 0, 0, 0]"
1770,L2_arctic_WAV/TXHC_arctic_b0385,"[30, 64, 46, 55, 56, 3, 67, 49, 9, 14, 58, 40, 30, 63, 8, 46, 24, 68, 48, 3, 8, 68, 70, 8, 39, 28, 8, 68, 24, 10, 58, 15, 55, 36, 24, 22, 55, 6, 68, 14, 55, 29, 8]","[30, 64, 46, 55, 56, 3, 49, 9, 14, 58, 40, 63, 8, 46, 24, 68, 48, 3, 8, 68, 70, 8, 39, 28, 8, 68, 24, 10, 58, 15, 55, 36, 24, 46, 55, 6, 68, 14, 55, 24, 8]","[1, 1, 1, 1, 1, 1, 0, 1, 1, 1, 1, 1, 0, 1, 1, 1, 1, 1, 1, 1, 1, 1, 1, 1, 1, 1, 1, 1, 1, 1, 1, 1, 1, 1, 1, 0, 1, 1, 1, 1, 1, 0, 1]","[0, 0, 0, 0, 0, 0, 1, 0, 0, 0, 0, 0, 1, 0, 0, 0, 0, 0, 0, 0, 0, 0, 0, 0, 0, 0, 0, 0, 0, 0, 0, 0, 0, 0, 0, 1, 0, 0, 0, 0, 0, 1, 0]"
1771,L2_arctic_WAV/TXHC_arctic_b0393,"[56, 36, 8, 70, 46, 3, 24, 30, 36, 49, 28, 54, 50, 8, 68, 68, 56, 48, 50, 8, 30, 40, 10, 58, 24, 68, 7, 26, 8, 55]","[56, 36, 8, 70, 46, 3, 24, 36, 36, 49, 28, 54, 50, 8, 68, 68, 56, 48, 50, 8, 30, 40, 10, 58, 24, 68, 7, 26, 8, 55]","[1, 1, 1, 1, 1, 1, 1, 0, 1, 1, 1, 1, 1, 1, 1, 1, 1, 1, 1, 1, 1, 1, 1, 1, 1, 1, 1, 1, 1, 1]","[0, 0, 0, 0, 0, 0, 0, 1, 0, 0, 0, 0, 0, 0, 0, 0, 0, 0, 0, 0, 0, 0, 0, 0, 0, 0, 0, 0, 0, 0]"
1772,L2_arctic_WAV/TXHC_arctic_b0400,"[67, 15, 28, 31, 58, 56, 64, 55, 46, 7, 63, 8, 28, 36, 52, 9, 8, 55, 17, 55, 63, 8, 46, 48, 7, 8, 39, 63, 8, 68, 14, 68, 8, 55, 3]","[67, 15, 28, 31, 58, 17, 20, 55, 46, 7, 70, 8, 28, 36, 52, 9, 8, 55, 17, 55, 63, 8, 46, 48, 7, 8, 39, 63, 8, 68, 14, 68, 8, 55, 3]","[1, 1, 1, 1, 1, 0, 0, 1, 1, 1, 0, 1, 1, 1, 1, 1, 1, 1, 1, 1, 1, 1, 1, 1, 1, 1, 1, 1, 1, 1, 1, 1, 1, 1, 1]","[0, 0, 0, 0, 0, 1, 1, 0, 0, 0, 1, 0, 0, 0, 0, 0, 0, 0, 0, 0, 0, 0, 0, 0, 0, 0, 0, 0, 0, 0, 0, 0, 0, 0, 0]"
1773,L2_arctic_WAV/TXHC_arctic_b0402,"[8, 55, 40, 30, 3, 50, 6, 24, 46, 3, 24, 28, 64, 28, 3, 24, 70, 64, 55, 64, 28, 3, 48, 7, 54, 40, 50, 68, 58, 54, 40, 50, 63, 8, 36, 52, 30, 54, 52, 50, 8, 39, 8, 63, 7, 70]","[8, 55, 40, 30, 3, 50, 6, 50, 24, 46, 3, 24, 28, 64, 28, 3, 24, 46, 64, 55, 64, 28, 3, 48, 7, 54, 40, 50, 68, 58, 54, 40, 50, 63, 8, 36, 52, 36, 54, 52, 50, 8, 8, 63, 7, 70]","[1, 1, 1, 1, 1, 1, 1, 1, 1, 1, 1, 1, 1, 1, 1, 1, 0, 1, 1, 1, 1, 1, 1, 1, 1, 1, 1, 1, 1, 1, 1, 1, 1, 1, 1, 1, 0, 1, 1, 1, 1, 0, 1, 1, 1, 1]","[0, 0, 0, 0, 0, 0, 0, 0, 0, 0, 0, 0, 0, 0, 0, 0, 1, 0, 0, 0, 0, 0, 0, 0, 0, 0, 0, 0, 0, 0, 0, 0, 0, 0, 0, 0, 1, 0, 0, 0, 0, 1, 0, 0, 0, 0]"
1774,L2_arctic_WAV/TXHC_arctic_b0415,"[63, 52, 50, 36, 8, 70, 55, 8, 22, 24, 10, 54, 40, 50, 8, 46, 37, 8, 3, 63, 8, 36, 56, 58, 50, 17, 14, 9, 8, 55]","[58, 52, 50, 36, 8, 70, 55, 8, 22, 24, 10, 54, 40, 8, 46, 37, 8, 3, 58, 8, 36, 56, 3, 50, 17, 14, 9, 8, 55]","[0, 1, 1, 1, 1, 1, 1, 1, 1, 1, 1, 1, 1, 0, 1, 1, 1, 1, 1, 0, 1, 1, 1, 0, 1, 1, 1, 1, 1, 1]","[1, 0, 0, 0, 0, 0, 0, 0, 0, 0, 0, 0, 0, 1, 0, 0, 0, 0, 0, 1, 0, 0, 0, 1, 0, 0, 0, 0, 0, 0]"
1775,L2_arctic_WAV/TXHC_arctic_b0416,"[56, 7, 14, 70, 14, 37, 49, 58, 49, 8, 55, 3, 30, 49, 64, 55, 58, 36, 52, 55, 3, 58, 15, 55, 63, 8, 37, 49, 35]","[56, 7, 14, 70, 8, 37, 49, 58, 49, 8, 55, 3, 30, 56, 64, 55, 58, 36, 52, 55, 3, 58, 15, 55, 63, 8, 37, 49, 35]","[1, 1, 1, 1, 0, 1, 1, 1, 1, 1, 1, 1, 1, 0, 1, 1, 1, 1, 1, 1, 1, 1, 1, 1, 1, 1, 1, 1, 1]","[0, 0, 0, 0, 1, 0, 0, 0, 0, 0, 0, 0, 0, 1, 0, 0, 0, 0, 0, 0, 0, 0, 0, 0, 0, 0, 0, 0, 0]"
1776,L2_arctic_WAV/TXHC_arctic_b0418,"[64, 3, 63, 64, 3, 68, 14, 68, 8, 55, 3, 56, 59, 17, 3, 63, 49, 24, 68, 48, 50, 52, 9, 8, 55, 63, 64, 3, 9, 49, 36, 40, 70, 36, 24, 30, 8, 36, 49]","[64, 3, 58, 64, 3, 68, 14, 68, 8, 55, 3, 56, 59, 17, 3, 63, 49, 24, 68, 48, 50, 52, 9, 8, 55, 58, 64, 3, 9, 49, 36, 40, 70, 39, 24, 30, 8, 36, 49]","[1, 1, 0, 1, 1, 1, 1, 1, 1, 1, 1, 1, 1, 1, 1, 1, 1, 1, 1, 1, 1, 1, 1, 1, 1, 0, 1, 1, 1, 1, 1, 1, 1, 0, 1, 1, 1, 1, 1]","[0, 0, 1, 0, 0, 0, 0, 0, 0, 0, 0, 0, 0, 0, 0, 0, 0, 0, 0, 0, 0, 0, 0, 0, 0, 1, 0, 0, 0, 0, 0, 0, 0, 1, 0, 0, 0, 0, 0]"
1777,L2_arctic_WAV/TXHC_arctic_b0422,"[63, 24, 46, 36, 40, 70, 36, 52, 55, 63, 8, 24, 28, 46, 48, 30, 14, 26, 8, 55, 8, 28, 7, 58]","[70, 24, 46, 36, 40, 70, 41, 52, 55, 63, 8, 24, 28, 46, 48, 30, 14, 26, 8, 55, 8, 28, 7]","[0, 1, 1, 1, 1, 1, 0, 1, 1, 1, 1, 1, 1, 1, 1, 1, 1, 1, 1, 1, 1, 1, 1, 0]","[1, 0, 0, 0, 0, 0, 1, 0, 0, 0, 0, 0, 0, 0, 0, 0, 0, 0, 0, 0, 0, 0, 0, 1]"
1778,L2_arctic_WAV/TXHC_arctic_b0430,"[63, 60, 36, 7, 37, 64, 37, 30, 24, 10, 8, 55, 58, 35, 64, 3, 7, 24, 10, 40, 30, 3, 8, 59, 52, 63, 7]","[63, 60, 36, 7, 37, 64, 37, 30, 24, 10, 8, 55, 58, 8, 35, 64, 3, 7, 24, 10, 40, 30, 3, 8, 59, 52, 19, 7]","[1, 1, 1, 1, 1, 1, 1, 1, 1, 1, 1, 1, 1, 1, 1, 1, 1, 1, 1, 1, 1, 1, 1, 1, 1, 0, 1]","[0, 0, 0, 0, 0, 0, 0, 0, 0, 0, 0, 0, 0, 0, 0, 0, 0, 0, 0, 0, 0, 0, 0, 0, 0, 1, 0]"
1779,L2_arctic_WAV/TXHC_arctic_b0456,"[67, 49, 36, 8, 70, 64, 55, 64, 68, 54, 24, 37, 49, 8, 55, 64, 55, 58, 8, 68, 15, 55, 3, 24, 55, 24, 50]","[49, 36, 8, 70, 64, 55, 64, 68, 54, 49, 37, 49, 8, 55, 64, 55, 58, 8, 68, 15, 55, 3, 24, 55, 24, 50]","[0, 1, 1, 1, 1, 1, 1, 1, 1, 1, 0, 1, 1, 1, 1, 1, 1, 1, 1, 1, 1, 1, 1, 1, 1, 1, 1]","[1, 0, 0, 0, 0, 0, 0, 0, 0, 0, 1, 0, 0, 0, 0, 0, 0, 0, 0, 0, 0, 0, 0, 0, 0, 0, 0]"
1780,L2_arctic_WAV/TXHC_arctic_b0461,"[37, 56, 39, 7, 35, 6, 8, 39, 63, 64, 3, 48, 15, 7, 36, 49, 9, 64, 30, 50, 49, 68, 60, 55, 24, 55, 48, 15, 7]","[37, 56, 39, 7, 35, 6, 8, 39, 63, 64, 3, 48, 15, 7, 36, 49, 9, 8, 30, 50, 49, 68, 60, 55, 24, 55, 48, 15, 7]","[1, 1, 1, 1, 1, 1, 1, 1, 1, 1, 1, 1, 1, 1, 1, 1, 1, 0, 1, 1, 1, 1, 1, 1, 1, 1, 1, 1, 1]","[0, 0, 0, 0, 0, 0, 0, 0, 0, 0, 0, 0, 0, 0, 0, 0, 0, 1, 0, 0, 0, 0, 0, 0, 0, 0, 0, 0, 0]"
1781,L2_arctic_WAV/TXHC_arctic_b0465,"[37, 8, 3, 46, 8, 35, 58, 56, 39, 7, 69, 8, 55, 46, 8, 39, 8, 48, 24, 55, 29, 8, 55, 36, 31, 58, 28, 17, 55, 46, 3, 8, 3, 6, 3, 55, 14, 68, 52, 55, 8, 46, 3, 6, 46, 8, 46, 56, 8, 3, 49]","[37, 8, 3, 46, 8, 35, 58, 56, 39, 7, 69, 8, 55, 46, 8, 39, 8, 48, 24, 55, 29, 8, 55, 36, 31, 58, 28, 17, 55, 46, 3, 8, 3, 6, 3, 55, 14, 68, 52, 55, 8, 46, 3, 6, 46, 8, 46, 56, 8, 3, 49]","[1, 1, 1, 1, 1, 1, 1, 1, 1, 1, 1, 1, 1, 1, 1, 1, 1, 1, 1, 1, 1, 1, 1, 1, 1, 1, 1, 1, 1, 1, 1, 1, 1, 1, 1, 1, 1, 1, 1, 1, 1, 1, 1, 1, 1, 1, 1, 1, 1, 1, 1]","[0, 0, 0, 0, 0, 0, 0, 0, 0, 0, 0, 0, 0, 0, 0, 0, 0, 0, 0, 0, 0, 0, 0, 0, 0, 0, 0, 0, 0, 0, 0, 0, 0, 0, 0, 0, 0, 0, 0, 0, 0, 0, 0, 0, 0, 0, 0, 0, 0, 0, 0]"
1782,L2_arctic_WAV/TXHC_arctic_b0476,"[63, 8, 50, 49, 40, 50, 59, 8, 55, 8, 70, 60, 9, 8, 55, 8, 39, 63, 49, 70, 28, 8, 55, 3, 50, 49, 70, 3, 31, 28, 63, 8, 54, 40, 50, 68, 8, 39, 50, 52, 39, 8, 30, 6, 9, 8, 55]","[70, 8, 50, 49, 40, 50, 59, 8, 55, 8, 70, 60, 9, 8, 55, 8, 39, 70, 49, 46, 28, 8, 10, 3, 50, 49, 70, 3, 6, 28, 70, 8, 54, 40, 50, 68, 8, 39, 50, 52, 39, 14, 30, 6, 9, 8, 55]","[0, 1, 1, 1, 1, 1, 1, 1, 1, 1, 1, 1, 1, 1, 1, 1, 1, 0, 1, 0, 1, 1, 0, 1, 1, 1, 1, 1, 0, 1, 0, 1, 1, 1, 1, 1, 1, 1, 1, 1, 1, 0, 1, 1, 1, 1, 1]","[1, 0, 0, 0, 0, 0, 0, 0, 0, 0, 0, 0, 0, 0, 0, 0, 0, 1, 0, 1, 0, 0, 1, 0, 0, 0, 0, 0, 1, 0, 1, 0, 0, 0, 0, 0, 0, 0, 0, 0, 0, 1, 0, 0, 0, 0, 0]"
1783,L2_arctic_WAV/TXHC_arctic_b0479,"[39, 56, 8, 30, 60, 9, 8, 55, 8, 39, 63, 24, 46, 30, 40, 36, 8, 70, 68, 60, 58, 8, 67, 56, 68, 24, 46, 58, 8, 68, 49, 55, 7, 64, 55, 58, 48, 8, 55, 24, 9, 3, 8, 28, 40, 50, 58, 24, 10, 30, 49]","[39, 56, 8, 30, 60, 9, 8, 55, 8, 39, 63, 24, 46, 30, 40, 36, 8, 70, 68, 60, 58, 8, 67, 56, 68, 24, 46, 58, 49, 68, 49, 55, 7, 64, 55, 58, 48, 8, 55, 24, 9, 3, 8, 28, 40, 50, 58, 24, 10, 30, 49]","[1, 1, 1, 1, 1, 1, 1, 1, 1, 1, 1, 1, 1, 1, 1, 1, 1, 1, 1, 1, 1, 1, 1, 1, 1, 1, 1, 1, 0, 1, 1, 1, 1, 1, 1, 1, 1, 1, 1, 1, 1, 1, 1, 1, 1, 1, 1, 1, 1, 1, 1]","[0, 0, 0, 0, 0, 0, 0, 0, 0, 0, 0, 0, 0, 0, 0, 0, 0, 0, 0, 0, 0, 0, 0, 0, 0, 0, 0, 0, 1, 0, 0, 0, 0, 0, 0, 0, 0, 0, 0, 0, 0, 0, 0, 0, 0, 0, 0, 0, 0, 0, 0]"
1784,L2_arctic_WAV/TXHC_arctic_b0481,"[63, 8, 3, 64, 46, 28, 36, 49, 46, 52, 3, 17, 50, 46, 52, 30, 39, 70, 36, 17, 70, 22, 50, 49, 54, 14, 30, 58]","[63, 8, 3, 64, 46, 28, 36, 49, 46, 52, 3, 17, 39, 46, 52, 36, 39, 70, 36, 7, 70, 46, 50, 49, 54, 14, 58]","[1, 1, 1, 1, 1, 1, 1, 1, 1, 1, 1, 1, 0, 1, 1, 0, 1, 1, 1, 0, 1, 0, 1, 1, 1, 1, 0, 1]","[0, 0, 0, 0, 0, 0, 0, 0, 0, 0, 0, 0, 1, 0, 0, 1, 0, 0, 0, 1, 0, 1, 0, 0, 0, 0, 1, 0]"
1785,L2_arctic_WAV/TXHC_arctic_b0483,"[63, 8, 54, 30, 15, 7, 8, 39, 63, 8, 17, 50, 3, 24, 46, 3, 24, 28, 64, 55, 58, 24, 55, 3, 8, 30, 52, 28, 35, 6, 8, 30, 36, 7, 30, 58, 36, 7, 50, 52, 39, 8, 30, 6, 9, 8, 55, 24, 46, 3, 46]","[58, 8, 54, 30, 15, 7, 8, 39, 63, 8, 17, 50, 3, 24, 46, 3, 24, 28, 64, 55, 49, 55, 3, 8, 30, 52, 28, 35, 6, 8, 30, 36, 40, 30, 58, 36, 7, 50, 52, 39, 8, 30, 6, 9, 8, 55, 24, 46, 3, 46]","[0, 1, 1, 1, 1, 1, 1, 1, 1, 1, 1, 1, 1, 1, 1, 1, 1, 1, 1, 1, 0, 0, 1, 1, 1, 1, 1, 1, 1, 1, 1, 1, 1, 0, 1, 1, 1, 1, 1, 1, 1, 1, 1, 1, 1, 1, 1, 1, 1, 1, 1]","[1, 0, 0, 0, 0, 0, 0, 0, 0, 0, 0, 0, 0, 0, 0, 0, 0, 0, 0, 0, 1, 1, 0, 0, 0, 0, 0, 0, 0, 0, 0, 0, 0, 1, 0, 0, 0, 0, 0, 0, 0, 0, 0, 0, 0, 0, 0, 0, 0, 0, 0]"
1786,L2_arctic_WAV/TXHC_arctic_b0488,"[37, 49, 40, 55, 58, 50, 24, 54, 29, 6, 70, 24, 10, 3, 6, 46, 52, 30, 8, 46, 54, 6, 58, 63, 60, 30, 52, 54, 3, 8, 46, 3, 6, 17, 50, 46, 52, 30, 39, 70]","[37, 49, 40, 55, 58, 50, 24, 54, 29, 6, 63, 24, 10, 3, 6, 46, 52, 38, 8, 46, 54, 6, 63, 60, 30, 64, 54, 3, 8, 46, 3, 6, 17, 50, 46, 52, 36, 39, 70]","[1, 1, 1, 1, 1, 1, 1, 1, 1, 1, 0, 1, 1, 1, 1, 1, 1, 0, 1, 1, 1, 1, 0, 1, 1, 1, 0, 1, 1, 1, 1, 1, 1, 1, 1, 1, 1, 0, 1, 1]","[0, 0, 0, 0, 0, 0, 0, 0, 0, 0, 1, 0, 0, 0, 0, 0, 0, 1, 0, 0, 0, 0, 1, 0, 0, 0, 1, 0, 0, 0, 0, 0, 0, 0, 0, 0, 0, 1, 0, 0]"
1787,L2_arctic_WAV/TXHC_arctic_b0509,"[67, 49, 67, 64, 58, 54, 31, 30, 54, 24, 30, 58, 67, 24, 70, 58, 6, 3, 49, 8, 55, 58, 48, 60, 58, 48, 50, 17, 48, 7, 30, 49]","[67, 49, 67, 64, 58, 8, 54, 31, 54, 24, 36, 58, 67, 24, 70, 58, 6, 30, 49, 8, 55, 8, 48, 60, 58, 48, 50, 17, 48, 8, 30, 49]","[1, 1, 1, 1, 1, 1, 1, 0, 1, 1, 0, 1, 1, 1, 1, 1, 1, 0, 1, 1, 1, 0, 1, 1, 1, 1, 1, 1, 1, 0, 1, 1]","[0, 0, 0, 0, 0, 0, 0, 1, 0, 0, 1, 0, 0, 0, 0, 0, 0, 1, 0, 0, 0, 1, 0, 0, 0, 0, 0, 0, 0, 1, 0, 0]"
1788,L2_arctic_WAV/TXHC_arctic_b0527,"[63, 8, 39, 52, 50, 49, 56, 58, 49, 8, 8, 39, 24, 3, 36, 8, 70, 48, 50, 24, 48, 46, 3, 7, 8, 46]","[58, 8, 65, 52, 50, 49, 56, 58, 49, 7, 8, 39, 24, 3, 36, 8, 70, 48, 50, 24, 48, 50, 46, 50, 7, 8, 26]","[0, 1, 0, 1, 1, 1, 1, 1, 1, 0, 1, 1, 1, 1, 1, 1, 1, 1, 1, 1, 1, 1, 0, 1, 1, 0]","[1, 0, 1, 0, 0, 0, 0, 0, 0, 1, 0, 0, 0, 0, 0, 0, 0, 0, 0, 0, 0, 0, 1, 0, 0, 1]"
1789,L2_arctic_WAV/TXHC_arctic_b0531,"[56, 64, 68, 9, 31, 50, 24, 3, 68, 8, 46, 3, 67, 64, 39, 37, 24, 55, 46, 8, 68, 8, 58, 39, 52, 55, 35, 7]","[56, 64, 68, 9, 31, 50, 24, 3, 68, 8, 46, 3, 67, 64, 39, 37, 24, 4, 46, 8, 68, 8, 12, 39, 56, 55, 35, 7]","[1, 1, 1, 1, 1, 1, 1, 1, 1, 1, 1, 1, 1, 1, 1, 1, 1, 0, 1, 1, 1, 1, 0, 1, 0, 1, 1, 1]","[0, 0, 0, 0, 0, 0, 0, 0, 0, 0, 0, 0, 0, 0, 0, 0, 0, 1, 0, 0, 0, 0, 1, 0, 1, 0, 0, 0]"
1790,L2_arctic_WAV/ASI_arctic_a0410,"[46, 14, 36, 49, 67, 64, 39, 3, 8, 54, 24, 3, 63, 8, 37, 14, 3, 22, 50, 6, 15, 3, 36, 24, 22, 57, 30, 30, 64, 68, 48, 46, 64, 70, 36, 52, 30]","[46, 14, 36, 49, 67, 64, 39, 3, 8, 54, 24, 25, 58, 8, 37, 14, 3, 3, 50, 6, 15, 3, 36, 24, 58, 57, 30, 30, 64, 68, 46, 64, 70, 36, 52, 30]","[1, 1, 1, 1, 1, 1, 1, 1, 1, 1, 1, 0, 0, 1, 1, 1, 1, 0, 1, 1, 1, 1, 1, 1, 0, 1, 1, 1, 1, 1, 0, 1, 1, 1, 1, 1, 1]","[0, 0, 0, 0, 0, 0, 0, 0, 0, 0, 0, 1, 1, 0, 0, 0, 0, 1, 0, 0, 0, 0, 0, 0, 1, 0, 0, 0, 0, 0, 1, 0, 0, 0, 0, 0, 0]"
1791,L2_arctic_WAV/LXC_arctic_a0125,"[67, 49, 36, 8, 70, 58, 24, 3, 7, 68, 8, 55, 58, 55, 15, 3, 6, 68, 60, 55, 3, 60, 55, 8, 68, 40, 50, 46, 7, 3, 8, 55, 67, 14, 30, 58, 8, 48, 17, 55, 67, 24, 68, 46, 52, 30, 54]","[67, 49, 36, 8, 70, 58, 24, 3, 8, 68, 8, 55, 55, 15, 3, 6, 68, 60, 55, 3, 60, 55, 8, 68, 40, 46, 7, 3, 8, 55, 67, 40, 30, 8, 48, 17, 55, 67, 24, 68, 46, 52, 30, 54]","[1, 1, 1, 1, 1, 1, 1, 1, 0, 1, 1, 1, 0, 1, 1, 1, 1, 1, 1, 1, 1, 1, 1, 1, 1, 1, 0, 1, 1, 1, 1, 1, 1, 0, 1, 0, 1, 1, 1, 1, 1, 1, 1, 1, 1, 1, 1]","[0, 0, 0, 0, 0, 0, 0, 0, 1, 0, 0, 0, 1, 0, 0, 0, 0, 0, 0, 0, 0, 0, 0, 0, 0, 0, 1, 0, 0, 0, 0, 0, 0, 1, 0, 1, 0, 0, 0, 0, 0, 0, 0, 0, 0, 0, 0]"
1792,L2_arctic_WAV/LXC_arctic_a0139,"[67, 49, 3, 14, 30, 58, 67, 24, 68, 46, 52, 30, 54, 63, 8, 3, 64, 70, 67, 49, 36, 17, 9, 3, 67, 24, 68, 46, 52, 30, 54, 64, 55, 58, 59, 50, 6, 68, 58, 67, 24, 70, 58, 24, 9, 52, 39, 8, 30, 58, 28, 30, 14, 70]","[67, 49, 3, 14, 58, 67, 24, 68, 46, 52, 30, 54, 63, 30, 52, 64, 46, 67, 49, 36, 17, 9, 3, 67, 24, 68, 46, 52, 30, 54, 64, 55, 8, 59, 50, 6, 68, 58, 67, 24, 46, 58, 24, 9, 52, 30, 8, 54, 58, 28, 30, 14, 46]","[1, 1, 1, 1, 0, 1, 1, 1, 1, 1, 1, 1, 1, 1, 0, 0, 1, 0, 1, 1, 1, 1, 1, 1, 1, 1, 1, 1, 1, 1, 1, 1, 1, 0, 1, 1, 1, 1, 1, 1, 1, 0, 1, 1, 1, 1, 0, 1, 0, 1, 1, 1, 1, 0]","[0, 0, 0, 0, 1, 0, 0, 0, 0, 0, 0, 0, 0, 0, 1, 1, 0, 1, 0, 0, 0, 0, 0, 0, 0, 0, 0, 0, 0, 0, 0, 0, 0, 1, 0, 0, 0, 0, 0, 0, 0, 1, 0, 0, 0, 0, 1, 0, 1, 0, 0, 0, 0, 1]"
1793,L2_arctic_WAV/MBMPS_arctic_a0097,"[63, 52, 55, 29, 6, 28, 64, 55, 7, 60, 55, 69, 29, 7, 46, 52, 30, 54, 28, 8, 68, 54, 7, 3, 8, 37, 30, 49, 8, 68, 8, 10, 63, 49, 70, 50, 14, 37, 70, 24, 55, 63, 8, 37, 15]","[63, 52, 55, 29, 6, 28, 64, 55, 7, 60, 55, 35, 29, 7, 46, 52, 30, 54, 28, 40, 68, 54, 8, 3, 8, 37, 30, 49, 17, 68, 14, 10, 63, 49, 70, 50, 14, 53, 46, 49, 55, 63, 8, 37, 40]","[1, 1, 1, 1, 1, 1, 1, 1, 1, 1, 1, 0, 1, 1, 1, 1, 1, 1, 1, 0, 1, 1, 0, 1, 1, 1, 1, 1, 0, 1, 0, 1, 1, 1, 1, 1, 1, 0, 0, 0, 1, 1, 1, 1, 0]","[0, 0, 0, 0, 0, 0, 0, 0, 0, 0, 0, 1, 0, 0, 0, 0, 0, 0, 0, 1, 0, 0, 1, 0, 0, 0, 0, 0, 1, 0, 1, 0, 0, 0, 0, 0, 0, 1, 1, 1, 0, 0, 0, 0, 1]"
1794,L2_arctic_WAV/MBMPS_arctic_b0279,"[67, 49, 59, 60, 39, 67, 36, 8, 55, 30, 64, 46, 46, 55, 17, 50, 30, 8, 55, 58, 46, 30, 24, 58, 54, 50, 8, 68, 39, 29, 6, 8, 68, 8, 10, 63, 8, 3, 50, 49, 70]","[67, 49, 59, 60, 39, 67, 36, 8, 55, 30, 64, 46, 46, 55, 17, 50, 30, 8, 55, 58, 46, 30, 49, 58, 54, 50, 8, 68, 39, 29, 6, 17, 68, 8, 10, 63, 8, 3, 50, 49, 46]","[1, 1, 1, 1, 1, 1, 1, 1, 1, 1, 1, 1, 1, 1, 1, 1, 1, 1, 1, 1, 1, 1, 0, 1, 1, 1, 1, 1, 1, 1, 1, 0, 1, 1, 1, 1, 1, 1, 1, 1, 0]","[0, 0, 0, 0, 0, 0, 0, 0, 0, 0, 0, 0, 0, 0, 0, 0, 0, 0, 0, 0, 0, 0, 1, 0, 0, 0, 0, 0, 0, 0, 0, 1, 0, 0, 0, 0, 0, 0, 0, 0, 1]"
1795,L2_arctic_WAV/MBMPS_arctic_b0413,"[67, 49, 68, 60, 58, 24, 70, 56, 7, 3, 24, 24, 46, 28, 60, 48, 48, 60, 55, 40, 50, 3, 6, 24, 55, 69, 57, 48, 30, 52, 26, 7]","[67, 49, 68, 56, 58, 24, 46, 56, 7, 3, 24, 46, 28, 60, 48, 48, 60, 55, 40, 50, 3, 6, 24, 55, 69, 57, 48, 30, 52, 9, 7]","[1, 1, 1, 0, 1, 1, 0, 1, 1, 1, 0, 1, 1, 1, 1, 1, 1, 1, 1, 1, 1, 1, 1, 1, 1, 1, 1, 1, 1, 1, 0, 1]","[0, 0, 0, 1, 0, 0, 1, 0, 0, 0, 1, 0, 0, 0, 0, 0, 0, 0, 0, 0, 0, 0, 0, 0, 0, 0, 0, 0, 0, 0, 1, 0]"
1796,L2_arctic_WAV/MBMPS_arctic_b0503,"[63, 8, 46, 52, 55, 3, 46, 8, 39, 46, 3, 50, 60, 55, 69, 39, 52, 69, 8, 3, 60, 9, 8, 55, 37, 30, 6, 40, 54, 63, 8, 3, 50, 17, 48, 24, 28, 30, 64, 55, 58]","[58, 8, 46, 52, 55, 3, 46, 8, 39, 46, 3, 50, 60, 55, 35, 39, 52, 69, 8, 3, 60, 9, 8, 55, 37, 30, 6, 40, 54, 63, 8, 3, 50, 17, 48, 24, 28, 30, 64, 55, 58]","[0, 1, 1, 1, 1, 1, 1, 1, 1, 1, 1, 1, 1, 1, 0, 1, 1, 1, 1, 1, 1, 1, 1, 1, 1, 1, 1, 1, 1, 1, 1, 1, 1, 1, 1, 1, 1, 1, 1, 1, 1]","[1, 0, 0, 0, 0, 0, 0, 0, 0, 0, 0, 0, 0, 0, 1, 0, 0, 0, 0, 0, 0, 0, 0, 0, 0, 0, 0, 0, 0, 0, 0, 0, 0, 0, 0, 0, 0, 0, 0, 0, 0]"
1797,L2_arctic_WAV/MBMPS_arctic_b0534,"[56, 30, 3, 52, 30, 29, 6, 63, 8, 30, 56, 37, 50, 52, 50, 49, 8, 55, 46, 52, 58, 36, 24, 63, 8, 37, 50, 56, 3, 55, 24, 10, 54, 60, 46]","[17, 30, 3, 60, 30, 29, 6, 58, 8, 30, 56, 37, 50, 52, 66, 49, 8, 55, 46, 52, 58, 36, 24, 58, 8, 37, 50, 56, 55, 24, 55, 54, 60, 46]","[0, 1, 1, 0, 1, 1, 1, 0, 1, 1, 1, 1, 1, 1, 0, 1, 1, 1, 1, 1, 1, 1, 1, 0, 1, 1, 1, 1, 0, 1, 1, 0, 1, 1, 1]","[1, 0, 0, 1, 0, 0, 0, 1, 0, 0, 0, 0, 0, 0, 1, 0, 0, 0, 0, 0, 0, 0, 0, 1, 0, 0, 0, 0, 1, 0, 0, 1, 0, 0, 0]"
1798,L2_arctic_WAV/RRBI_arctic_a0096,"[48, 7, 67, 64, 48, 46, 9, 49, 67, 64, 58, 40, 30, 50, 52, 58, 49, 68, 52, 3, 67, 7, 54, 60, 3, 8, 30, 24, 3, 8, 30, 58, 49, 48, 7, 24, 55, 63, 8, 54, 40, 50, 8, 46, 3]","[48, 7, 67, 64, 48, 46, 9, 49, 67, 64, 58, 40, 30, 30, 52, 58, 49, 68, 52, 3, 67, 7, 54, 24, 3, 8, 30, 24, 3, 8, 30, 58, 49, 48, 7, 24, 55, 63, 8, 54, 40, 30, 8, 46, 3]","[1, 1, 1, 1, 1, 1, 1, 1, 1, 1, 1, 1, 1, 0, 1, 1, 1, 1, 1, 1, 1, 1, 1, 0, 1, 1, 1, 1, 1, 1, 1, 1, 1, 1, 1, 1, 1, 1, 1, 1, 1, 0, 1, 1, 1]","[0, 0, 0, 0, 0, 0, 0, 0, 0, 0, 0, 0, 0, 1, 0, 0, 0, 0, 0, 0, 0, 0, 0, 1, 0, 0, 0, 0, 0, 0, 0, 0, 0, 0, 0, 0, 0, 0, 0, 0, 0, 1, 0, 0, 0]"
1799,L2_arctic_WAV/TXHC_arctic_b0189,"[63, 64, 3, 24, 70, 36, 8, 3, 58, 24, 46, 3, 24, 10, 59, 36, 24, 9, 24, 70, 40, 30, 8, 39, 8, 46, 54, 50, 8, 68, 63, 8, 30, 14, 7, 64, 55, 8, 68, 8, 30, 70]","[63, 64, 3, 49, 70, 36, 8, 3, 58, 24, 28, 46, 3, 24, 10, 59, 36, 24, 9, 24, 70, 40, 8, 39, 8, 46, 54, 50, 8, 68, 63, 8, 30, 14, 7, 64, 55, 8, 68, 8, 70]","[1, 1, 1, 0, 1, 1, 1, 1, 1, 1, 1, 1, 1, 1, 1, 1, 1, 1, 1, 1, 1, 0, 1, 1, 1, 1, 1, 1, 1, 1, 1, 1, 1, 1, 1, 1, 1, 1, 1, 1, 0, 1]","[0, 0, 0, 1, 0, 0, 0, 0, 0, 0, 0, 0, 0, 0, 0, 0, 0, 0, 0, 0, 0, 1, 0, 0, 0, 0, 0, 0, 0, 0, 0, 0, 0, 0, 0, 0, 0, 0, 0, 0, 1, 0]"
