Path,Canonical,Transcript,Error_GT
L2_arctic_WAV/ABA_arctic_a0003,"[22, 8, 33, 4, 12, 36, 39, 5, 30, 36, 25, 6, 10, 36, 14, 6, 29, 4, 41, 36, 25, 38, 30, 6, 7, 4, 12, 36, 37, 29, 5, 30, 9, 11, 27, 24, 41, 30, 17, 40]","[22, 8, 33, 4, 12, 36, 39, 5, 30, 36, 25, 6, 10, 36, 14, 6, 29, 4, 41, 36, 25, 38, 30, 6, 7, 27, 4, 12, 36, 37, 29, 5, 30, 9, 11, 27, 24, 41, 30, 34, 34]","[0, 0, 0, 0, 0, 0, 0, 0, 0, 0, 0, 0, 0, 0, 0, 0, 0, 0, 0, 0, 0, 0, 0, 0, 0, 0, 0, 0, 0, 0, 0, 0, 0, 0, 0, 0, 0, 0, 1, 1]"
L2_arctic_WAV/ABA_arctic_a0005,"[39, 6, 28, 39, 25, 5, 38, 1, 22, 8, 33, 23, 5, 36, 6, 36]","[39, 6, 28, 39, 25, 5, 38, 2, 22, 8, 33, 23, 5, 36, 5, 36]","[0, 0, 0, 0, 0, 0, 0, 1, 0, 0, 0, 0, 0, 0, 1, 0]"
L2_arctic_WAV/ABA_arctic_a0006,"[23, 3, 17, 16, 28, 5, 34, 2, 29, 14, 6, 24, 31, 11, 32, 14, 6, 28, 23, 31, 11, 8, 30, 34, 25, 6, 7, 4, 5, 29, 22, 1, 5, 38, 1]","[23, 3, 17, 16, 28, 5, 34, 4, 2, 29, 14, 6, 24, 31, 11, 32, 14, 6, 28, 23, 31, 11, 8, 30, 34, 25, 6, 7, 4, 5, 29, 22, 1, 5, 38, 2]","[0, 0, 0, 0, 0, 0, 0, 0, 0, 0, 0, 0, 0, 0, 0, 0, 0, 0, 0, 0, 0, 0, 0, 0, 0, 0, 0, 0, 0, 0, 0, 0, 0, 0, 1]"
L2_arctic_WAV/ABA_arctic_a0007,"[41, 30, 17, 26, 37, 8, 28, 39, 25, 40, 39, 8, 30, 36, 36, 37, 34, 25, 6, 36, 6, 30, 4, 2, 34, 11, 32, 1, 28, 2, 36, 6, 38, 17, 6, 23, 33, 25]","[41, 30, 17, 26, 37, 8, 28, 39, 25, 40, 39, 8, 30, 36, 36, 37, 34, 25, 5, 36, 5, 30, 4, 2, 34, 11, 16, 1, 28, 2, 36, 6, 38, 17, 6, 23, 33, 25]","[0, 0, 0, 0, 0, 0, 0, 0, 0, 0, 0, 0, 0, 0, 0, 0, 0, 0, 1, 0, 1, 0, 0, 0, 0, 0, 1, 0, 0, 0, 0, 0, 0, 0, 0, 0, 0, 0]"
L2_arctic_WAV/ABA_arctic_a0008,"[23, 41, 17, 26, 11, 33, 28, 5, 36, 1, 27, 19, 6, 29, 18, 12, 34, 36, 6, 30, 36, 14, 6, 29]","[23, 41, 17, 26, 11, 33, 28, 5, 36, 33, 27, 19, 6, 29, 18, 12, 34, 36, 6, 30, 36, 14, 6, 29]","[0, 0, 0, 0, 0, 0, 0, 0, 0, 1, 0, 0, 0, 0, 0, 0, 0, 0, 0, 0, 0, 0, 0, 0]"
L2_arctic_WAV/ABA_arctic_a0010,"[14, 6, 29, 32, 28, 19, 6, 6, 7, 2, 34, 6, 7, 23, 2, 28, 24, 41, 30, 17, 6, 30, 39, 12, 36, 28, 11, 27, 34, 28, 14, 6, 27, 2, 28, 37, 40, 6, 7, 23, 19, 6, 29]","[14, 6, 29, 32, 28, 19, 6, 6, 7, 2, 34, 6, 7, 23, 2, 28, 24, 41, 30, 17, 6, 30, 39, 12, 36, 28, 11, 27, 34, 28, 14, 6, 27, 2, 28, 37, 40, 6, 7, 23, 19, 6, 29]","[0, 0, 0, 0, 0, 0, 0, 0, 0, 0, 0, 0, 0, 0, 0, 0, 0, 0, 0, 0, 0, 0, 0, 0, 0, 0, 0, 0, 0, 0, 0, 0, 0, 0, 0, 0, 0, 0, 0, 0, 0, 0, 0]"
L2_arctic_WAV/ABA_arctic_a0011,"[6, 22, 14, 6, 5, 38, 1, 30, 25, 17, 6, 17, 2, 22, 14, 6, 36, 1, 6, 30, 29, 14, 6, 28, 14, 6, 22, 14, 6, 30, 25, 17, 39, 12, 30, 30, 14, 11]","[6, 22, 14, 6, 5, 38, 2, 30, 25, 17, 6, 17, 2, 22, 14, 6, 36, 1, 6, 30, 29, 14, 6, 28, 14, 6, 22, 14, 6, 30, 25, 17, 39, 12, 30, 30, 14, 11]","[0, 0, 0, 0, 0, 0, 1, 0, 0, 0, 0, 0, 0, 0, 0, 0, 0, 0, 0, 0, 0, 0, 0, 0, 0, 0, 0, 0, 0, 0, 0, 0, 0, 0, 0, 0, 0, 0]"
L2_arctic_WAV/ABA_arctic_a0013,"[24, 25, 39, 8, 40, 2, 24, 5, 17, 9, 8, 33, 36, 1, 4, 41, 30, 24, 6, 40, 27, 2, 29, 32, 41, 30, 26, 2, 30, 12, 38, 8, 28, 29, 31, 11, 34, 36, 17, 5, 28, 2, 27, 2, 36, 22, 2, 40, 25, 27]","[24, 25, 39, 8, 40, 2, 24, 5, 17, 9, 8, 33, 36, 1, 4, 41, 30, 24, 6, 40, 27, 2, 29, 16, 41, 30, 26, 2, 30, 12, 38, 8, 28, 29, 31, 11, 34, 36, 17, 5, 28, 2, 27, 19, 6, 36, 22, 2, 40, 25, 27]","[0, 0, 0, 0, 0, 0, 0, 0, 0, 0, 0, 0, 0, 0, 0, 0, 0, 0, 0, 0, 0, 0, 0, 1, 0, 0, 0, 0, 0, 0, 0, 0, 0, 0, 0, 0, 0, 0, 0, 0, 0, 0, 0, 1, 0, 0, 0, 0, 0, 0]"
L2_arctic_WAV/ABA_arctic_a0018,"[4, 5, 33, 39, 3, 40, 2, 35, 19, 6, 30, 18, 30, 14, 11]","[40, 5, 33, 39, 3, 40, 2, 35, 19, 6, 30, 18, 30, 14, 11]","[1, 0, 0, 0, 0, 0, 0, 0, 0, 0, 0, 0, 0, 0, 0]"
L2_arctic_WAV/ABA_arctic_a0019,"[14, 6, 22, 3, 28, 31, 11, 17, 4, 2, 28, 14, 6, 30, 12, 38, 4, 12, 32, 33, 2, 32, 31, 11, 40, 17, 33, 19, 6, 28, 33, 31, 11, 17, 28, 11, 27, 6, 7, 22, 8, 33, 35, 41, 30, 34, 6, 40]","[14, 6, 22, 3, 28, 31, 11, 17, 4, 2, 28, 14, 6, 30, 12, 38, 4, 12, 32, 33, 2, 32, 31, 11, 40, 17, 33, 19, 6, 28, 33, 31, 11, 17, 28, 11, 27, 6, 7, 22, 8, 33, 35, 41, 30, 34, 6, 40]","[0, 0, 0, 0, 0, 0, 0, 0, 0, 0, 0, 0, 0, 0, 0, 0, 0, 0, 0, 0, 0, 0, 0, 0, 0, 0, 0, 0, 0, 0, 0, 0, 0, 0, 0, 0, 0, 0, 0, 0, 0, 0, 0, 0, 0, 0, 0, 0]"
L2_arctic_WAV/ABA_arctic_a0020,"[27, 28, 12, 16, 40, 2, 30, 17, 16, 8, 28, 40, 2, 30, 17, 34, 6, 36, 25, 40, 23, 33, 37, 36, 37, 16, 25, 31, 11, 30, 28, 25, 29, 5, 29, 1, 25, 40]","[27, 28, 12, 16, 40, 2, 30, 17, 16, 8, 28, 40, 2, 30, 17, 34, 6, 36, 25, 40, 23, 33, 8, 36, 37, 16, 25, 31, 11, 30, 28, 25, 29, 5, 29, 33, 25, 40]","[0, 0, 0, 0, 0, 0, 0, 0, 0, 0, 0, 0, 0, 0, 0, 0, 0, 0, 0, 0, 0, 0, 1, 0, 0, 0, 0, 0, 0, 0, 0, 0, 0, 0, 0, 1, 0, 0]"
L2_arctic_WAV/ABA_arctic_a0021,"[6, 36, 22, 5, 33, 28, 25, 27, 28, 12, 16, 17, 29, 25, 6, 30, 36, 37, 33, 5, 27, 2, 23, 30, 14, 6, 40, 6, 7, 6, 36]","[6, 36, 22, 5, 33, 28, 25, 27, 28, 12, 16, 17, 29, 25, 6, 30, 36, 37, 21, 5, 27, 2, 23, 30, 14, 6, 40, 6, 7, 27, 6, 36]","[0, 0, 0, 0, 0, 0, 0, 0, 0, 0, 0, 0, 0, 0, 0, 0, 0, 0, 1, 0, 0, 0, 0, 0, 0, 0, 0, 0, 0, 0, 0]"
L2_arctic_WAV/ABA_arctic_a0022,"[24, 3, 33, 17, 28, 25, 39, 1, 14, 11, 33, 32, 28, 41, 30, 40, 29, 19, 6, 17, 32, 12, 16, 28, 6, 27, 16, 25, 22, 8, 33, 39, 25, 39, 1, 29, 5, 36, 16, 14, 6, 32, 14, 11, 1, 22, 2, 28, 3, 32, 2, 40, 6, 9, 2, 30]","[24, 3, 21, 17, 28, 25, 39, 5, 33, 14, 11, 33, 32, 28, 41, 30, 40, 29, 19, 6, 17, 32, 12, 16, 28, 6, 27, 16, 25, 22, 8, 33, 39, 25, 39, 5, 33, 29, 5, 36, 16, 14, 6, 32, 14, 11, 1, 22, 2, 28, 3, 32, 2, 40, 6, 9, 2, 30]","[0, 0, 1, 0, 0, 0, 0, 1, 0, 0, 0, 0, 0, 0, 0, 0, 0, 0, 0, 0, 0, 0, 0, 0, 0, 0, 0, 0, 0, 0, 0, 0, 0, 0, 1, 0, 0, 0, 0, 0, 0, 0, 0, 0, 0, 0, 0, 0, 0, 0, 0, 0, 0, 0, 0, 0]"
L2_arctic_WAV/ABA_arctic_a0023,"[2, 27, 3, 29, 16, 2, 30, 19, 6, 9, 2, 30, 12, 38, 27, 2, 30, 19, 6, 17, 25, 2, 30, 27, 41, 32, 6, 36, 2, 28, 27, 39, 6, 27, 28, 25, 8, 33, 23, 2, 30, 14, 6, 40, 17, 2, 30, 17, 32, 2, 36, 6, 9, 2, 30, 17, 22, 8, 33, 4, 2, 34, 19, 6, 29, 32, 33, 6, 38, 28, 6, 18, 6, 40]","[2, 27, 3, 29, 16, 2, 30, 19, 6, 9, 2, 30, 12, 38, 27, 2, 30, 19, 6, 17, 25, 2, 30, 27, 41, 32, 6, 36, 2, 28, 27, 39, 6, 27, 28, 25, 8, 33, 23, 2, 30, 14, 6, 40, 17, 2, 30, 17, 32, 2, 36, 6, 9, 2, 30, 17, 22, 8, 33, 4, 2, 34, 19, 6, 29, 32, 33, 6, 38, 28, 6, 18, 6, 40]","[0, 0, 0, 0, 0, 0, 0, 0, 0, 0, 0, 0, 0, 0, 0, 0, 0, 0, 0, 0, 0, 0, 0, 0, 0, 0, 0, 0, 0, 0, 0, 0, 0, 0, 0, 0, 0, 0, 0, 0, 0, 0, 0, 0, 0, 0, 0, 0, 0, 0, 0, 0, 0, 0, 0, 0, 0, 0, 0, 0, 0, 0, 0, 0, 0, 0, 0, 0, 0, 0, 0, 0, 0, 0]"
L2_arctic_WAV/ABA_arctic_a0024,"[6, 36, 39, 8, 40, 29, 14, 6, 33, 6, 32, 8, 33, 36, 34, 22, 33, 12, 29, 4, 12, 30, 8, 33, 10, 24, 39, 6, 35, 35, 25, 22, 28, 25, 6, 30, 17, 37, 34, 36, 32, 25, 32, 2, 28, 36, 37, 16, 14, 6]","[6, 36, 39, 8, 40, 29, 14, 6, 33, 6, 32, 8, 33, 36, 34, 22, 33, 12, 29, 4, 12, 30, 8, 33, 10, 24, 39, 6, 35, 35, 25, 22, 28, 25, 6, 30, 17, 37, 34, 36, 32, 25, 32, 2, 28, 36, 37, 16, 14, 6]","[0, 0, 0, 0, 0, 0, 0, 0, 0, 0, 0, 0, 0, 0, 0, 0, 0, 0, 0, 0, 0, 0, 0, 0, 0, 0, 0, 0, 0, 0, 0, 0, 0, 0, 0, 0, 0, 0, 0, 0, 0, 0, 0, 0, 0, 0, 0, 0, 0, 0]"
L2_arctic_WAV/ABA_arctic_a0025,"[14, 6, 39, 8, 40, 2, 16, 14, 11, 36, 36, 37, 17, 37, 4, 6, 34, 39, 5, 30, 27, 37, 28, 20, 18, 12, 18, 29, 2, 30, 36, 32, 33, 25, 38, 19, 6, 28, 17]","[14, 6, 39, 8, 40, 2, 16, 14, 11, 36, 36, 37, 17, 37, 4, 6, 34, 39, 5, 30, 27, 37, 28, 20, 18, 12, 18, 29, 2, 30, 36, 16, 33, 25, 38, 19, 6, 28, 17]","[0, 0, 0, 0, 0, 0, 0, 0, 0, 0, 0, 0, 0, 0, 0, 0, 0, 0, 0, 0, 0, 0, 0, 0, 0, 0, 0, 0, 0, 0, 0, 1, 0, 0, 0, 0, 0, 0, 0]"
L2_arctic_WAV/ABA_arctic_a0026,"[6, 36, 2, 27, 1, 17, 36, 37, 29, 25, 4, 41, 36, 4, 5, 33, 39, 11, 17, 24, 41, 38, 36, 37, 16, 25, 41, 30, 2, 27, 14, 11, 30, 36, 6, 7]","[6, 36, 31, 11, 27, 1, 17, 36, 37, 29, 25, 4, 41, 36, 4, 5, 33, 39, 11, 17, 24, 41, 38, 36, 37, 16, 25, 41, 30, 2, 27, 14, 11, 30, 36, 6, 7]","[0, 0, 1, 0, 0, 0, 0, 0, 0, 0, 0, 0, 0, 0, 0, 0, 0, 0, 0, 0, 0, 0, 0, 0, 0, 0, 0, 0, 0, 0, 0, 0, 0, 0, 0, 0]"
L2_arctic_WAV/ABA_arctic_a0027,"[36, 37, 29, 14, 6, 34, 1, 32, 33, 14, 6, 40, 24, 25, 16, 25, 23, 41, 30, 36, 37, 9, 31, 11, 41, 27, 9, 2, 28, 6, 30, 10, 37, 40, 25, 41, 40, 2, 29, 6, 30, 29, 14, 6, 22, 19, 6, 38, 1]","[36, 37, 29, 14, 6, 34, 1, 32, 33, 14, 6, 40, 24, 25, 16, 25, 23, 41, 30, 36, 37, 9, 31, 11, 41, 27, 9, 2, 28, 6, 30, 34, 37, 34, 25, 41, 40, 2, 29, 6, 30, 29, 14, 6, 22, 19, 6, 38, 2]","[0, 0, 0, 0, 0, 0, 0, 0, 0, 0, 0, 0, 0, 0, 0, 0, 0, 0, 0, 0, 0, 0, 0, 0, 0, 0, 0, 0, 0, 0, 0, 1, 0, 1, 0, 0, 0, 0, 0, 0, 0, 0, 0, 0, 0, 0, 0, 0, 1]"
L2_arctic_WAV/ABA_arctic_a0028,"[33, 3, 16, 1, 25, 16, 33, 14, 6, 16, 1, 25, 22, 33, 8, 17]","[33, 3, 16, 1, 25, 32, 33, 14, 6, 16, 1, 25, 22, 37, 36]","[0, 0, 0, 0, 0, 1, 0, 0, 0, 0, 0, 0, 0, 1, 1, 1]"
L2_arctic_WAV/ABA_arctic_a0029,"[4, 5, 33, 22, 8, 33, 34, 6, 40, 39, 1, 8, 33, 5, 17, 25, 29, 37, 38, 6, 7, 6, 30, 36, 37, 4, 12, 30, 8, 33, 10, 27, 12, 30, 36, 33, 25]","[4, 6, 5, 33, 22, 8, 34, 6, 40, 39, 5, 33, 8, 33, 5, 17, 25, 29, 37, 38, 6, 7, 27, 6, 30, 36, 37, 4, 12, 30, 8, 33, 10, 27, 12, 30, 36, 33, 25]","[0, 0, 0, 0, 0, 1, 0, 0, 0, 0, 1, 0, 0, 0, 0, 0, 0, 0, 0, 0, 0, 0, 0, 0, 0, 0, 0, 0, 0, 0, 0, 0, 0, 0, 0, 0, 0]"
L2_arctic_WAV/ABA_arctic_a0030,"[14, 6, 24, 41, 17, 22, 19, 6, 10, 6, 30, 4, 5, 29]","[14, 6, 24, 41, 17, 22, 19, 6, 10, 6, 30, 4, 5, 29]","[0, 0, 0, 0, 0, 0, 0, 0, 0, 0, 0, 0, 0, 0]"
L2_arctic_WAV/ABA_arctic_a0031,"[4, 19, 6, 39, 1, 10, 33, 25, 24, 12, 30, 17, 33, 6, 17, 26, 3, 33, 17, 40, 2, 32, 3, 33, 36]","[4, 19, 6, 39, 25, 1, 10, 21, 25, 24, 12, 30, 17, 33, 6, 17, 26, 3, 21, 17, 40, 2, 32, 3, 33, 36]","[0, 0, 0, 0, 0, 0, 1, 0, 0, 0, 0, 0, 0, 0, 0, 0, 0, 1, 0, 0, 0, 0, 0, 0, 0]"
L2_arctic_WAV/ABA_arctic_a0032,"[34, 6, 30, 34, 4, 5, 30, 34, 12, 29, 29, 6, 34, 36, 6, 33, 25, 2, 34, 22, 8, 33, 34, 24, 41, 40, 16, 6, 30, 22, 14, 6, 36, 6, 7, 12, 34, 41, 36, 5, 38, 33, 25, 34, 36, 5, 32]","[34, 6, 30, 34, 4, 5, 30, 34, 12, 29, 29, 14, 6, 34, 36, 33, 5, 34, 22, 8, 33, 34, 24, 41, 40, 16, 6, 30, 22, 14, 6, 36, 6, 7, 27, 12, 34, 41, 36, 5, 38, 33, 25, 34, 36, 5, 32]","[0, 0, 0, 0, 0, 0, 0, 0, 0, 0, 0, 0, 0, 0, 1, 0, 1, 1, 0, 0, 0, 0, 0, 0, 0, 0, 0, 0, 0, 0, 0, 0, 0, 0, 0, 0, 0, 0, 0, 0, 0, 0, 0, 0, 0, 0, 0]"
L2_arctic_WAV/ABA_arctic_a0036,"[9, 25, 36, 1, 30, 17, 6, 30, 41, 36, 4, 12, 24, 31, 11, 36, 5, 28]","[9, 25, 36, 1, 30, 17, 6, 30, 41, 36, 4, 12, 24, 31, 11, 36, 5, 28]","[0, 0, 0, 0, 0, 0, 0, 0, 0, 0, 0, 0, 0, 0, 0, 0, 0, 0]"
L2_arctic_WAV/ABA_arctic_a0037,"[14, 6, 39, 12, 40, 4, 12, 31, 11, 30, 28, 25, 39, 12, 30, 24, 37, 33, 25, 29, 19, 6, 30, 17, 34, 6, 36, 6, 7]","[14, 6, 39, 12, 40, 40, 12, 31, 11, 30, 28, 25, 39, 12, 30, 24, 37, 33, 25, 29, 19, 6, 30, 17, 34, 6, 36, 6, 7, 27]","[0, 0, 0, 0, 0, 1, 0, 0, 0, 0, 0, 0, 0, 0, 0, 0, 0, 0, 0, 0, 0, 0, 0, 0, 0, 0, 0, 0, 0]"
L2_arctic_WAV/ABA_arctic_a0038,"[39, 25, 39, 6, 28, 24, 41, 38, 36, 2, 39, 8, 35, 14, 11, 33, 35, 41, 30, 34, 6, 40]","[39, 25, 39, 6, 28, 24, 41, 38, 36, 2, 39, 8, 35, 14, 11, 33, 35, 41, 30, 34, 6, 40]","[0, 0, 0, 0, 0, 0, 0, 0, 0, 0, 0, 0, 0, 0, 0, 0, 0, 0, 0, 0, 0, 0]"
L2_arctic_WAV/ABA_arctic_a0039,"[4, 2, 9, 6, 32, 9, 11, 17, 16, 25, 6, 30, 39, 6, 10, 6, 30, 2, 39, 25, 27, 8, 33, 36, 5, 30, 17, 19, 6, 40]","[4, 2, 9, 6, 32, 9, 11, 17, 16, 25, 6, 30, 39, 6, 10, 6, 30, 2, 39, 25, 27, 8, 33, 36, 6, 30, 17, 19, 6, 40]","[0, 0, 0, 0, 0, 0, 0, 0, 0, 0, 0, 0, 0, 0, 0, 0, 0, 0, 0, 0, 0, 0, 0, 0, 1, 0, 0, 0, 0, 0]"
L2_arctic_WAV/ABA_arctic_a0040,"[14, 6, 34, 2, 32, 31, 11, 40, 26, 37, 39, 12, 30, 17, 1, 24, 39, 14, 6, 9, 25, 6, 40, 27, 12, 29, 6, 7, 12, 32, 24, 25, 33]","[14, 6, 34, 2, 16, 31, 11, 40, 26, 37, 39, 12, 30, 17, 1, 24, 39, 14, 6, 9, 25, 6, 40, 27, 12, 29, 6, 7, 12, 32, 24, 25, 33]","[0, 0, 0, 0, 1, 0, 0, 0, 0, 0, 0, 0, 0, 0, 0, 0, 0, 0, 0, 0, 0, 0, 0, 0, 0, 0, 0, 0, 0, 0, 0, 0, 0]"
L2_arctic_WAV/ABA_arctic_a0041,"[29, 25, 30, 39, 14, 6, 28, 14, 6, 28, 23, 31, 11, 14, 11, 36, 36, 37, 16, 33, 25, 4, 2, 34, 32, 5, 28]","[29, 25, 30, 39, 14, 6, 28, 14, 6, 28, 23, 31, 11, 14, 11, 36, 36, 37, 32, 33, 25, 4, 2, 34, 32, 5, 28]","[0, 0, 0, 0, 0, 0, 0, 0, 0, 0, 0, 0, 0, 0, 0, 0, 0, 0, 1, 0, 0, 0, 0, 0, 0, 0, 0]"
L2_arctic_WAV/ABA_arctic_a0042,"[24, 14, 11, 27, 11, 17, 24, 25, 6, 27, 34, 32, 28, 19, 6, 30, 24, 6, 40, 32, 2, 40, 5, 9, 2, 30, 12, 38, 4, 2, 34, 27, 5, 35]","[24, 14, 11, 27, 11, 17, 24, 25, 6, 27, 34, 16, 28, 19, 6, 30, 24, 6, 40, 32, 2, 40, 5, 9, 2, 30, 12, 38, 4, 2, 34, 27, 5, 35]","[0, 0, 0, 0, 0, 0, 0, 0, 0, 0, 0, 1, 0, 0, 0, 0, 0, 0, 0, 0, 0, 0, 0, 0, 0, 0, 0, 0, 0, 0, 0, 0, 0, 0]"
L2_arctic_WAV/ABA_arctic_a0045,"[24, 25, 29, 37, 38, 17, 2, 39, 19, 6, 41, 40, 27, 39, 14, 6, 2, 36, 28, 25, 41, 40, 24, 25, 24, 41, 17, 27, 12, 29]","[24, 25, 29, 37, 38, 17, 2, 39, 19, 6, 41, 40, 27, 39, 14, 6, 2, 36, 28, 25, 41, 40, 24, 25, 24, 41, 17, 27, 12, 29]","[0, 0, 0, 0, 0, 0, 0, 0, 0, 0, 0, 0, 0, 0, 0, 0, 0, 0, 0, 0, 0, 0, 0, 0, 0, 0, 0, 0, 0, 0]"
L2_arctic_WAV/ABA_arctic_a0046,"[4, 2, 23, 1, 28, 22, 19, 6, 34, 36, 24, 6, 29, 24, 1, 14, 6, 40, 9, 14, 6, 30, 6, 7, 39, 6, 4, 34, 12, 17, 2, 30, 22, 6, 33]","[4, 2, 23, 1, 28, 22, 19, 6, 34, 36, 24, 6, 29, 24, 33, 14, 6, 40, 9, 14, 6, 30, 6, 7, 27, 39, 6, 4, 34, 12, 17, 2, 30, 22, 6, 33]","[0, 0, 0, 0, 0, 0, 0, 0, 0, 0, 0, 0, 0, 0, 1, 0, 0, 0, 0, 0, 0, 0, 0, 0, 0, 0, 0, 0, 0, 0, 0, 0, 0, 0, 0]"
L2_arctic_WAV/ABA_arctic_a0047,"[27, 28, 31, 11, 34, 16, 6, 34, 14, 6, 17, 24, 6, 29, 23, 28, 25, 29, 17, 4, 12, 39, 14, 6, 36, 22, 41, 7, 40, 12, 38, 4, 12, 39, 11, 28, 22, 17, 8, 23]","[27, 28, 31, 11, 40, 16, 6, 34, 14, 6, 17, 24, 6, 29, 23, 28, 25, 29, 17, 4, 12, 39, 14, 6, 36, 22, 41, 7, 40, 12, 38, 4, 12, 39, 8, 28, 22, 17, 31, 11, 23]","[0, 0, 0, 0, 1, 0, 0, 0, 0, 0, 0, 0, 0, 0, 0, 0, 0, 0, 0, 0, 0, 0, 0, 0, 0, 0, 0, 0, 0, 0, 0, 0, 0, 0, 1, 0, 0, 0, 1, 0]"
L2_arctic_WAV/ABA_arctic_a0048,"[24, 25, 28, 11, 27, 36, 41, 36, 4, 2, 24, 41, 7, 27, 1, 35, 25, 22, 29, 8, 33, 27, 28, 31, 11, 34, 28, 25]","[24, 25, 28, 11, 27, 36, 41, 36, 4, 2, 24, 41, 7, 17, 27, 1, 9, 25, 22, 29, 8, 33, 23, 28, 31, 11, 40, 28, 25]","[0, 0, 0, 0, 0, 0, 0, 0, 0, 0, 0, 0, 0, 0, 0, 1, 0, 0, 0, 0, 0, 1, 0, 0, 0, 1, 0, 0]"
L2_arctic_WAV/ABA_arctic_a0051,"[4, 2, 28, 19, 6, 34, 39, 8, 40, 12, 38, 2, 17, 5, 28, 2, 27, 2, 36, 14, 6, 38, 1, 25, 27, 12, 28, 1, 22, 19, 6, 30, 36, 28, 25, 36, 6, 30, 36, 6, 17, 39, 6, 4, 26, 5, 28, 31, 11]","[4, 2, 28, 19, 6, 34, 39, 8, 40, 12, 38, 2, 17, 5, 28, 2, 27, 2, 36, 6, 38, 8, 33, 25, 27, 12, 28, 1, 22, 19, 6, 30, 36, 28, 25, 36, 6, 30, 36, 6, 17, 39, 6, 4, 26, 19, 6, 28, 31, 11]","[0, 0, 0, 0, 0, 0, 0, 0, 0, 0, 0, 0, 0, 0, 0, 0, 0, 0, 0, 1, 0, 0, 1, 0, 0, 0, 0, 0, 0, 0, 0, 0, 0, 0, 0, 0, 0, 0, 0, 0, 0, 0, 0, 0, 0, 1, 0, 0, 0]"
L2_arctic_WAV/ABA_arctic_a0052,"[6, 36, 39, 8, 40, 2, 27, 26, 11, 33, 25, 2, 34, 27, 31, 11, 6, 30, 34, 6, 17, 2, 30, 34]","[6, 36, 39, 8, 40, 2, 27, 26, 11, 33, 25, 2, 34, 27, 31, 11, 6, 30, 34, 6, 17, 2, 30, 34]","[0, 0, 0, 0, 0, 0, 0, 0, 0, 0, 0, 0, 0, 0, 0, 0, 0, 0, 0, 0, 0, 0, 0, 0]"
L2_arctic_WAV/ABA_arctic_a0053,"[34, 12, 17, 2, 30, 28, 25, 24, 6, 40, 22, 6, 7, 23, 1, 40, 27, 28, 31, 11, 40, 17, 36, 14, 6, 36, 28, 25, 31, 11, 38, 1, 4, 2, 24, 41, 7, 27, 1, 35, 25, 22]","[34, 12, 17, 2, 30, 28, 25, 24, 6, 40, 22, 6, 7, 23, 1, 40, 27, 28, 31, 11, 40, 17, 36, 14, 6, 36, 28, 25, 31, 11, 38, 1, 21, 4, 2, 24, 41, 30, 36, 27, 1, 35, 25, 22]","[0, 0, 0, 0, 0, 0, 0, 0, 0, 0, 0, 0, 0, 0, 0, 0, 0, 0, 0, 0, 0, 0, 0, 0, 0, 0, 0, 0, 0, 0, 0, 0, 0, 0, 0, 0, 1, 0, 0, 0, 0, 0]"
L2_arctic_WAV/ABA_arctic_a0054,"[4, 5, 33, 39, 8, 40, 30, 12, 10, 6, 7, 8, 30, 4, 12, 33, 3, 27]","[4, 5, 33, 39, 8, 40, 30, 12, 34, 6, 7, 27, 8, 30, 4, 12, 33, 31, 11, 27]","[0, 0, 0, 0, 0, 0, 0, 0, 1, 0, 0, 0, 0, 0, 0, 0, 1, 0]"
L2_arctic_WAV/ABA_arctic_a0058,"[14, 6, 27, 19, 6, 29, 22, 8, 33, 6, 30, 22, 1, 29, 19, 6, 9, 2, 30, 29, 8, 33, 14, 11, 36, 12, 38, 27, 26, 11, 33, 25, 3, 34, 2, 36, 25, 4, 41, 30, 5, 30, 25, 10, 6, 7, 5, 28, 34]","[14, 6, 27, 19, 6, 29, 22, 8, 6, 30, 22, 1, 29, 19, 6, 9, 2, 30, 29, 8, 33, 14, 11, 36, 12, 38, 27, 26, 11, 21, 25, 5, 34, 2, 36, 25, 4, 41, 30, 5, 30, 25, 10, 6, 7, 23, 5, 28, 34]","[0, 0, 0, 0, 0, 0, 0, 0, 1, 0, 0, 0, 0, 0, 0, 0, 0, 0, 0, 0, 0, 0, 0, 0, 0, 0, 0, 0, 0, 0, 1, 0, 1, 0, 0, 0, 0, 0, 0, 0, 0, 0, 0, 0, 0, 0, 0, 0, 0]"
L2_arctic_WAV/ABA_arctic_a0059,"[24, 6, 40, 6, 29, 41, 27, 26, 37, 28, 6, 36, 2, 32, 6, 33, 2, 30, 34, 39, 8, 40, 23, 8, 30]","[24, 6, 40, 6, 29, 41, 27, 26, 37, 28, 19, 6, 36, 2, 16, 6, 33, 2, 30, 34, 39, 8, 40, 23, 8, 30]","[0, 0, 0, 0, 0, 0, 0, 0, 0, 0, 0, 0, 0, 1, 0, 0, 0, 0, 0, 0, 0, 0, 0, 0, 0]"
L2_arctic_WAV/ABA_arctic_a0060,"[5, 30, 25, 39, 19, 6, 30, 31, 11, 39, 12, 30, 34, 8, 24, 1, 28, 14, 6, 27, 4, 41, 36]","[5, 30, 25, 39, 19, 6, 30, 31, 11, 39, 12, 30, 34, 8, 24, 5, 33, 28, 14, 6, 27, 4, 41, 36]","[0, 0, 0, 0, 0, 0, 0, 0, 0, 0, 0, 0, 0, 0, 0, 1, 0, 0, 0, 0, 0, 0, 0]"
L2_arctic_WAV/ABA_arctic_a0062,"[4, 2, 29, 5, 30, 34, 36, 5, 33, 17, 6, 30, 36, 37, 25, 35, 12, 4, 1, 40, 22, 19, 6, 34]","[4, 2, 29, 5, 30, 34, 21, 5, 33, 17, 6, 30, 36, 37, 25, 35, 12, 4, 21, 40, 22, 19, 6, 34]","[0, 0, 0, 0, 0, 0, 1, 0, 0, 0, 0, 0, 0, 0, 0, 0, 0, 0, 1, 0, 0, 0, 0, 0]"
L2_arctic_WAV/ABA_arctic_a0063,"[26, 5, 34, 6, 36, 39, 8, 40, 2, 29, 41, 30, 24, 37, 41, 34, 27, 36, 2, 34, 36, 33, 19, 6, 30, 18, 1]","[26, 5, 34, 6, 36, 39, 8, 40, 2, 29, 41, 30, 24, 37, 41, 34, 27, 2, 36, 2, 34, 36, 33, 19, 6, 30, 18, 1]","[0, 0, 0, 0, 0, 0, 0, 0, 0, 0, 0, 0, 0, 0, 0, 0, 0, 0, 0, 0, 0, 0, 0, 0, 0, 0, 0]"
L2_arctic_WAV/ABA_arctic_a0064,"[4, 12, 22, 8, 33, 10, 2, 30, 17, 22, 6, 22, 10, 17, 19, 6, 40, 32, 41, 34, 36, 39, 6, 4, 14, 11, 36, 5, 30, 25, 17, 6, 38, 5, 28, 2, 32, 29, 2, 30, 36, 34]","[4, 12, 22, 8, 33, 10, 2, 30, 17, 22, 6, 22, 10, 17, 19, 6, 40, 16, 41, 34, 36, 39, 6, 4, 14, 11, 36, 5, 30, 25, 17, 6, 38, 5, 28, 2, 32, 29, 2, 30, 36, 34]","[0, 0, 0, 0, 0, 0, 0, 0, 0, 0, 0, 0, 0, 0, 0, 0, 0, 1, 0, 0, 0, 0, 0, 0, 0, 0, 0, 0, 0, 0, 0, 0, 0, 0, 0, 0, 0, 0, 0, 0, 0, 0]"
L2_arctic_WAV/ABA_arctic_a0065,"[4, 19, 6, 27, 28, 31, 11, 40, 17, 30, 14, 11, 2, 30, 36, 6, 28, 24, 6, 40, 22, 6, 7, 23, 1, 40, 39, 1, 28, 14, 6, 27, 27, 8, 33, 17, 40, 12, 38, 34, 36, 25, 28]","[4, 19, 6, 27, 28, 31, 11, 40, 17, 30, 14, 11, 2, 30, 36, 6, 21, 24, 6, 40, 22, 6, 7, 23, 1, 40, 39, 1, 28, 14, 6, 27, 27, 8, 33, 17, 34, 12, 38, 2, 34, 36, 25, 28]","[0, 0, 0, 0, 0, 0, 0, 0, 0, 0, 0, 0, 0, 0, 0, 0, 1, 0, 0, 0, 0, 0, 0, 0, 0, 0, 0, 0, 0, 0, 0, 0, 0, 0, 0, 0, 1, 0, 0, 0, 0, 0, 0]"
L2_arctic_WAV/ABA_arctic_a0067,"[9, 11, 33, 28, 25, 14, 6, 39, 6, 28, 6, 27, 34, 27, 26, 37, 40, 26, 37, 9, 25, 27, 33, 14, 6, 17]","[9, 11, 33, 28, 25, 14, 6, 39, 6, 28, 6, 27, 34, 2, 27, 26, 37, 40, 26, 37, 9, 25, 27, 21, 14, 6, 17]","[0, 0, 0, 0, 0, 0, 0, 0, 0, 0, 0, 0, 0, 0, 0, 0, 0, 0, 0, 0, 0, 0, 1, 0, 0, 0]"
L2_arctic_WAV/ABA_arctic_a0071,"[39, 12, 36, 39, 8, 40, 4, 12, 3, 16, 18, 5, 27, 36, 12, 38, 26, 11, 33, 28, 6, 36, 2, 28, 34, 5, 30, 34, 19, 6, 9, 2, 30]","[39, 12, 36, 39, 8, 40, 4, 12, 3, 16, 13, 5, 27, 36, 12, 38, 26, 11, 21, 28, 6, 36, 2, 21, 34, 5, 30, 34, 19, 6, 9, 2, 30]","[0, 0, 0, 0, 0, 0, 0, 0, 0, 0, 1, 0, 0, 0, 0, 0, 0, 0, 1, 0, 0, 0, 0, 1, 0, 0, 0, 0, 0, 0, 0, 0, 0]"
L2_arctic_WAV/ABA_arctic_a0073,"[4, 12, 32, 33, 2, 29, 31, 11, 36, 1, 40, 14, 6, 40, 39, 1, 24, 5, 38, 25, 39, 6, 4, 28, 6, 36, 2, 28, 32, 12, 22, 25, 16, 41, 23, 40, 12, 30, 17, 1, 4, 5, 29]","[4, 12, 16, 33, 37, 29, 25, 36, 1, 40, 14, 6, 40, 39, 1, 24, 5, 38, 25, 39, 6, 4, 28, 6, 36, 2, 21, 32, 12, 22, 25, 16, 3, 23, 34, 12, 30, 17, 33, 4, 5, 29]","[0, 0, 1, 0, 1, 0, 1, 1, 0, 0, 0, 0, 0, 0, 0, 0, 0, 0, 0, 0, 0, 0, 0, 0, 0, 0, 0, 1, 0, 0, 0, 0, 0, 1, 0, 1, 0, 0, 0, 1, 0, 0, 0]"
L2_arctic_WAV/ABA_arctic_a0075,"[4, 5, 33, 24, 41, 40, 16, 6, 30, 2, 35, 19, 6, 30, 18, 9, 25, 6, 30, 36, 1, 12, 32, 36, 6, 17, 24, 6, 29]","[4, 5, 24, 41, 40, 16, 6, 30, 2, 35, 19, 6, 30, 18, 9, 25, 6, 30, 17, 1, 12, 32, 36, 6, 17, 24, 6, 29]","[0, 0, 1, 0, 0, 0, 0, 0, 0, 0, 0, 0, 0, 0, 0, 0, 0, 0, 0, 1, 0, 0, 0, 0, 0, 0, 0, 0, 0]"
L2_arctic_WAV/ABA_arctic_a0076,"[4, 2, 23, 33, 19, 6, 14, 6, 40, 22, 3, 28, 36, 1, 17, 4, 12, 22, 28, 12, 9, 17, 25, 32, 2, 30, 17]","[4, 2, 23, 33, 19, 6, 14, 6, 40, 22, 5, 28, 36, 1, 17, 4, 12, 22, 28, 12, 9, 17, 25, 16, 2, 30, 17]","[0, 0, 0, 0, 0, 0, 0, 0, 0, 0, 1, 0, 0, 0, 0, 0, 0, 0, 0, 0, 0, 0, 0, 1, 0, 0, 0]"
L2_arctic_WAV/ABA_arctic_a0077,"[6, 36, 6, 40, 4, 2, 22, 14, 6, 33, 32, 3, 33, 36, 28, 25, 9, 25, 34, 5, 17]","[6, 36, 6, 40, 4, 2, 22, 14, 6, 33, 32, 3, 33, 36, 28, 25, 9, 25, 34, 5, 17]","[0, 0, 0, 0, 0, 0, 0, 0, 0, 0, 0, 0, 0, 0, 0, 0, 0, 0, 0, 0, 0]"
L2_arctic_WAV/ABA_arctic_a0078,"[4, 5, 30, 2, 30, 17, 41, 36, 34, 12, 32, 1, 24, 25, 36, 33, 14, 6, 17, 36, 37, 22, 41, 4, 2, 29, 24, 1]","[4, 5, 30, 2, 30, 17, 41, 36, 34, 12, 32, 1, 24, 25, 36, 33, 8, 6, 17, 36, 37, 22, 41, 10, 2, 29, 24, 21]","[0, 0, 0, 0, 0, 0, 0, 0, 0, 0, 0, 0, 0, 0, 0, 0, 1, 0, 0, 0, 0, 0, 0, 1, 0, 0, 0, 1]"
L2_arctic_WAV/ABA_arctic_a0079,"[6, 36, 39, 8, 40, 2, 28, 3, 33, 18, 27, 2, 30, 37]","[6, 36, 39, 8, 40, 2, 28, 3, 33, 13, 27, 41, 30, 37]","[0, 0, 0, 0, 0, 0, 0, 0, 0, 1, 0, 1, 0, 0]"
L2_arctic_WAV/ABA_arctic_a0081,"[39, 12, 36, 6, 22, 9, 25, 17, 6, 17, 30, 3, 36, 27, 12, 29, 36, 37, 4, 12, 33, 3, 27]","[39, 12, 36, 6, 22, 9, 25, 17, 6, 17, 30, 36, 27, 12, 29, 36, 37, 4, 12, 33, 31, 11, 27]","[0, 0, 0, 0, 0, 0, 0, 0, 0, 0, 0, 1, 0, 0, 0, 0, 0, 0, 0, 0, 0, 1, 0]"
L2_arctic_WAV/ABA_arctic_a0082,"[24, 6, 40, 22, 19, 6, 34, 39, 8, 40, 34, 36, 33, 25, 29, 6, 7, 39, 6, 4, 16, 28, 12, 17]","[24, 6, 40, 22, 19, 6, 34, 39, 8, 40, 34, 36, 33, 25, 29, 6, 7, 27, 39, 6, 4, 16, 28, 12, 36]","[0, 0, 0, 0, 0, 0, 0, 0, 0, 0, 0, 0, 0, 0, 0, 0, 0, 0, 0, 0, 0, 0, 0, 1]"
L2_arctic_WAV/ABA_arctic_a0085,"[2, 36, 33, 6, 27, 2, 28, 12, 38, 22, 33, 5, 9, 16, 28, 12, 17, 33, 41, 30, 31, 11, 38, 1, 24, 6, 40, 22, 19, 6, 34]","[2, 36, 33, 6, 27, 2, 21, 12, 38, 22, 33, 5, 9, 16, 28, 12, 17, 2, 33, 41, 30, 31, 11, 38, 1, 24, 6, 40, 22, 19, 6, 34]","[0, 0, 0, 0, 0, 0, 1, 0, 0, 0, 0, 0, 0, 0, 0, 0, 0, 0, 0, 0, 0, 0, 0, 0, 0, 0, 0, 0, 0, 0, 0]"
L2_arctic_WAV/ABA_arctic_a0086,"[17, 5, 10, 24, 41, 17, 27, 12, 29, 39, 6, 10, 36, 5, 33, 2, 16, 2, 28, 34, 12, 17, 2, 30, 30, 2, 34]","[17, 5, 10, 24, 41, 17, 27, 12, 29, 39, 6, 10, 36, 5, 33, 2, 32, 2, 21, 34, 12, 17, 2, 30, 30, 2, 34]","[0, 0, 0, 0, 0, 0, 0, 0, 0, 0, 0, 0, 0, 0, 0, 0, 1, 0, 1, 0, 0, 0, 0, 0, 0, 0, 0]"
L2_arctic_WAV/ABA_arctic_a0088,"[24, 25, 29, 19, 6, 17, 9, 11, 33, 4, 41, 36, 4, 2, 29, 41, 23, 2, 40, 25, 30, 39, 8, 40, 28, 31, 11, 17, 2, 17, 2, 30, 17, 33, 25, 40, 37, 29, 17, 24, 6, 40, 32, 41, 17, 28, 6, 7]","[24, 25, 29, 19, 6, 17, 9, 11, 33, 4, 41, 36, 4, 2, 29, 41, 23, 2, 40, 25, 30, 39, 8, 40, 28, 31, 11, 17, 2, 17, 2, 30, 17, 33, 25, 34, 26, 37, 29, 17, 24, 6, 34, 16, 41, 17, 28, 6, 7, 27]","[0, 0, 0, 0, 0, 0, 0, 0, 0, 0, 0, 0, 0, 0, 0, 0, 0, 0, 0, 0, 0, 0, 0, 0, 0, 0, 0, 0, 0, 0, 0, 0, 0, 0, 0, 1, 0, 0, 0, 0, 0, 1, 1, 0, 0, 0, 0, 0]"
L2_arctic_WAV/ABA_arctic_a0089,"[4, 12, 30, 14, 6, 36, 23, 28, 31, 11, 39, 8, 40, 36, 33, 5, 35, 1, 2, 34, 36, 37, 9, 37, 36, 16, 14, 6]","[4, 12, 30, 14, 6, 36, 23, 28, 37, 39, 8, 40, 36, 33, 5, 35, 33, 2, 34, 36, 37, 9, 11, 36, 16, 14, 6]","[0, 0, 0, 0, 0, 0, 0, 0, 1, 1, 0, 0, 0, 0, 0, 0, 0, 1, 0, 0, 0, 0, 0, 1, 0, 0, 0, 0]"
L2_arctic_WAV/ABA_arctic_a0090,"[4, 2, 34, 6, 7, 6, 7, 38, 8, 6, 34, 2, 32, 33, 31, 11, 35, 36, 33, 41, 32, 2, 17, 28, 25]","[4, 2, 34, 6, 7, 6, 7, 23, 38, 8, 6, 34, 2, 32, 33, 31, 11, 35, 2, 36, 33, 41, 16, 2, 17, 28, 25]","[0, 0, 0, 0, 0, 0, 0, 0, 0, 0, 0, 0, 0, 0, 0, 0, 0, 0, 0, 0, 1, 0, 0, 0, 0]"
L2_arctic_WAV/ABA_arctic_a0091,"[24, 6, 40, 16, 28, 12, 17, 23, 33, 37, 24, 3, 36, 39, 6, 4, 33, 19, 6, 18, 41, 36, 4, 2, 10, 8, 36]","[24, 6, 40, 16, 28, 12, 17, 23, 33, 37, 24, 3, 36, 39, 3, 4, 33, 19, 6, 18, 41, 36, 4, 2, 10, 31, 11, 36]","[0, 0, 0, 0, 0, 0, 0, 0, 0, 0, 0, 0, 0, 0, 1, 0, 0, 0, 0, 0, 0, 0, 0, 0, 0, 1, 0]"
L2_arctic_WAV/ABA_arctic_a0092,"[24, 25, 39, 5, 30, 36, 17, 14, 11, 30, 6, 30, 29, 6, 17, 34, 36, 33, 25, 29, 34, 1, 35, 6, 7, 4, 2, 9, 41, 17, 31, 11, 40, 12, 38, 16, 31, 11, 10, 9, 8, 33, 40]","[24, 25, 39, 5, 30, 36, 2, 17, 14, 11, 2, 30, 6, 30, 29, 6, 17, 2, 34, 36, 33, 25, 29, 34, 1, 9, 6, 7, 27, 4, 2, 9, 41, 17, 31, 11, 40, 12, 38, 32, 31, 11, 10, 9, 8, 34]","[0, 0, 0, 0, 0, 0, 0, 0, 0, 0, 0, 0, 0, 0, 0, 0, 0, 0, 0, 0, 0, 0, 1, 0, 0, 0, 0, 0, 0, 0, 0, 0, 0, 0, 0, 1, 0, 0, 0, 0, 0, 1, 1]"
L2_arctic_WAV/ABA_arctic_a0093,"[22, 8, 33, 2, 22, 11, 28, 29, 6, 30, 2, 36, 24, 25, 27, 33, 14, 11, 35, 36, 2, 30, 17, 28, 6, 34, 2, 30, 17]","[22, 8, 33, 2, 22, 11, 28, 29, 6, 30, 2, 36, 24, 25, 27, 33, 31, 11, 35, 2, 36, 2, 30, 17, 28, 6, 34, 2, 30, 17]","[0, 0, 0, 0, 0, 0, 0, 0, 0, 0, 0, 0, 0, 0, 0, 0, 1, 0, 0, 0, 0, 0, 0, 0, 0, 0, 0, 0, 0]"
L2_arctic_WAV/ABA_arctic_a0094,"[24, 25, 24, 41, 17, 16, 5, 33, 28, 25, 5, 30, 36, 1, 17, 4, 6, 34, 39, 6, 30, 24, 25, 34, 8, 4, 2, 23, 28, 31, 11, 12, 38, 2, 22, 14, 6, 1]","[24, 25, 24, 41, 17, 32, 5, 33, 28, 25, 5, 30, 36, 1, 17, 4, 6, 34, 39, 6, 30, 24, 25, 34, 31, 11, 4, 2, 23, 28, 31, 11, 12, 38, 2, 22, 14, 6, 2]","[0, 0, 0, 0, 0, 1, 0, 0, 0, 0, 0, 0, 0, 0, 0, 0, 0, 0, 0, 0, 0, 0, 0, 0, 1, 0, 0, 0, 0, 0, 0, 0, 0, 0, 0, 0, 0, 1]"
L2_arctic_WAV/ABA_arctic_a0095,"[2, 16, 6, 23, 27, 41, 30, 38, 2, 34, 36, 5, 30, 36, 39, 8, 40, 4, 2, 22, 1, 34, 36, 10, 6, 7, 36, 37, 27, 12, 29, 39, 6, 10, 6, 30, 24, 6, 40, 38, 6, 13, 2, 30]","[2, 16, 6, 23, 27, 41, 30, 38, 2, 34, 36, 5, 30, 36, 39, 8, 40, 4, 2, 22, 1, 34, 36, 10, 6, 7, 27, 36, 37, 27, 12, 29, 39, 6, 10, 6, 30, 24, 6, 40, 38, 6, 13, 2, 30]","[0, 0, 0, 0, 0, 0, 0, 0, 0, 0, 0, 0, 0, 0, 0, 0, 0, 0, 0, 0, 0, 0, 0, 0, 0, 0, 0, 0, 0, 0, 0, 0, 0, 0, 0, 0, 0, 0, 0, 0, 0, 0, 0, 0]"
L2_arctic_WAV/ABA_arctic_a0096,"[32, 1, 24, 41, 32, 34, 9, 25, 24, 41, 17, 8, 28, 33, 5, 17, 25, 29, 5, 36, 24, 1, 22, 19, 6, 36, 2, 28, 6, 36, 2, 28, 17, 25, 32, 1, 6, 30, 4, 2, 22, 8, 33, 2, 34, 36]","[32, 33, 5, 24, 41, 32, 34, 9, 25, 24, 41, 17, 8, 28, 33, 5, 17, 25, 29, 5, 36, 24, 21, 22, 19, 6, 36, 2, 28, 6, 36, 2, 21, 17, 25, 32, 2, 6, 30, 4, 2, 22, 8, 33, 34, 36]","[0, 1, 0, 0, 0, 0, 0, 0, 0, 0, 0, 0, 0, 0, 0, 0, 0, 0, 0, 0, 0, 1, 0, 0, 0, 0, 0, 0, 0, 0, 0, 1, 0, 0, 0, 1, 0, 0, 0, 0, 0, 0, 0, 1, 0, 0]"
L2_arctic_WAV/ABA_arctic_a0097,"[4, 5, 30, 26, 37, 27, 41, 30, 1, 19, 6, 30, 18, 26, 1, 34, 5, 28, 22, 27, 12, 29, 22, 1, 36, 2, 16, 28, 25, 2, 29, 12, 7, 4, 25, 40, 33, 31, 11, 16, 40, 6, 30, 4, 12, 16, 31, 11]","[4, 5, 30, 26, 37, 27, 41, 30, 1, 19, 6, 30, 35, 26, 1, 34, 5, 28, 22, 27, 12, 29, 22, 1, 36, 2, 16, 28, 25, 2, 29, 12, 7, 27, 4, 25, 40, 33, 31, 11, 32, 34, 6, 30, 4, 12, 16, 31, 11]","[0, 0, 0, 0, 0, 0, 0, 0, 0, 0, 0, 0, 1, 0, 0, 0, 0, 0, 0, 0, 0, 0, 0, 0, 0, 0, 0, 0, 0, 0, 0, 0, 0, 0, 0, 0, 0, 0, 0, 1, 1, 0, 0, 0, 0, 0, 0, 0]"
L2_arctic_WAV/ABA_arctic_a0098,"[9, 41, 28, 14, 6, 27, 41, 33, 25, 26, 37]","[9, 41, 28, 14, 6, 27, 41, 33, 25, 26, 37]","[0, 0, 0, 0, 0, 0, 0, 0, 0, 0, 0]"
L2_arctic_WAV/ABA_arctic_a0099,"[2, 29, 41, 17, 2, 30, 6, 7, 18, 8, 6, 32, 14, 11, 30, 17, 6, 17, 6, 30, 24, 6, 40, 16, 33, 19, 6, 30]","[2, 29, 5, 17, 2, 30, 6, 7, 13, 8, 6, 16, 14, 11, 30, 17, 6, 17, 6, 30, 24, 6, 40, 32, 33, 19, 6, 30]","[0, 0, 1, 0, 0, 0, 0, 0, 1, 0, 0, 1, 0, 0, 0, 0, 0, 0, 0, 0, 0, 0, 0, 1, 0, 0, 0, 0]"
L2_arctic_WAV/ABA_arctic_a0100,"[26, 37, 29, 12, 34, 36, 34, 28, 25, 32, 24, 25, 1, 18, 17]","[26, 37, 29, 12, 34, 2, 34, 28, 25, 32, 24, 25, 1, 13, 17]","[0, 0, 0, 0, 0, 1, 0, 0, 0, 0, 0, 0, 0, 1, 0]"
L2_arctic_WAV/ABA_arctic_a0101,"[26, 37, 26, 37, 39, 11, 17, 2, 30, 36, 27, 25, 32, 4, 2, 36, 33, 37, 10, 22, 33, 12, 29, 29, 25]","[26, 37, 26, 37, 39, 11, 17, 2, 30, 36, 2, 27, 25, 32, 4, 2, 17, 33, 37, 10, 22, 33, 31, 11, 29, 29, 25]","[0, 0, 0, 0, 0, 0, 0, 0, 0, 0, 0, 0, 0, 0, 0, 1, 0, 0, 0, 0, 0, 1, 0, 0, 0]"
L2_arctic_WAV/ABA_arctic_a0102,"[24, 25, 39, 6, 28, 22, 3, 28, 31, 11, 12, 34, 34, 37, 30]","[24, 25, 39, 6, 21, 22, 31, 11, 28, 31, 11, 12, 34, 34, 37, 30]","[0, 0, 0, 0, 1, 0, 1, 0, 0, 0, 0, 0, 0, 0, 0]"
L2_arctic_WAV/ABA_arctic_a0103,"[16, 12, 36, 4, 5, 33, 27, 19, 6, 29, 30, 31, 11, 32, 33, 3, 29, 2, 34, 22, 33, 12, 29, 4, 12, 16, 31, 11, 12, 38, 4, 2, 27, 2, 30, 37]","[16, 12, 36, 4, 6, 5, 33, 27, 19, 6, 29, 30, 31, 11, 32, 33, 31, 11, 29, 2, 34, 22, 33, 12, 29, 4, 12, 32, 31, 11, 12, 38, 4, 2, 27, 2, 30, 37]","[0, 0, 0, 0, 0, 0, 0, 0, 0, 0, 0, 0, 0, 0, 0, 1, 0, 0, 0, 0, 0, 0, 0, 0, 0, 1, 0, 0, 0, 0, 0, 0, 0, 0, 0, 0]"
L2_arctic_WAV/ABA_arctic_a0104,"[9, 25, 39, 8, 40, 34, 28, 25, 32, 6, 7, 12, 30, 17, 1, 24, 6, 40, 32, 1, 36, 5, 27, 9, 2, 30, 41, 40, 34, 39, 25, 36, 28, 25, 41, 40, 2, 35, 14, 6, 28, 17]","[9, 25, 39, 8, 40, 34, 28, 25, 16, 6, 7, 27, 12, 30, 17, 1, 24, 6, 40, 32, 1, 36, 5, 27, 9, 2, 30, 41, 40, 34, 39, 25, 36, 28, 25, 41, 40, 2, 35, 14, 6, 28, 17]","[0, 0, 0, 0, 0, 0, 0, 0, 1, 0, 0, 0, 0, 0, 0, 0, 0, 0, 0, 0, 0, 0, 0, 0, 0, 0, 0, 0, 0, 0, 0, 0, 0, 0, 0, 0, 0, 0, 0, 0, 0, 0]"
L2_arctic_WAV/ABA_arctic_a0105,"[31, 11, 30, 28, 25, 6, 36, 6, 40, 34, 31, 11, 39, 12, 30, 17, 1, 22, 2, 28, 34, 31, 11, 8, 28, 29, 31, 11, 34, 36, 6, 29, 32, 3, 34, 2, 16, 2, 28, 36, 37, 16, 6, 28, 25, 38]","[31, 11, 30, 25, 6, 36, 6, 40, 34, 31, 11, 39, 12, 30, 17, 1, 22, 2, 28, 34, 31, 11, 8, 28, 29, 31, 11, 34, 36, 6, 29, 32, 31, 11, 34, 2, 16, 2, 28, 36, 37, 32, 6, 28, 25, 22]","[0, 0, 0, 1, 0, 0, 0, 0, 0, 0, 0, 0, 0, 0, 0, 0, 0, 0, 0, 0, 0, 0, 0, 0, 0, 0, 0, 0, 0, 0, 0, 0, 0, 1, 0, 0, 0, 0, 0, 0, 0, 1, 0, 0, 0, 1]"
L2_arctic_WAV/ABA_arctic_a0106,"[4, 2, 6, 29, 31, 11, 9, 2, 30, 39, 6, 35, 9, 25, 24, 41, 17, 34, 2, 32, 33, 5, 34, 36, 16, 1, 34, 36, 22, 8, 33, 10, 30, 14, 11, 6, 30, 2, 35, 31, 11, 27, 6, 7, 34, 3, 16]","[4, 2, 6, 29, 31, 11, 9, 2, 30, 39, 6, 35, 9, 25, 24, 41, 17, 34, 2, 32, 33, 5, 34, 36, 32, 1, 34, 36, 22, 8, 33, 10, 30, 14, 11, 6, 30, 2, 35, 31, 11, 27, 6, 7, 34, 31, 11, 16]","[0, 0, 0, 0, 0, 0, 0, 0, 0, 0, 0, 0, 0, 0, 0, 0, 0, 0, 0, 0, 0, 0, 0, 0, 1, 0, 0, 0, 0, 0, 0, 0, 0, 0, 0, 0, 0, 0, 0, 0, 0, 0, 0, 0, 0, 1, 0]"
L2_arctic_WAV/ABA_arctic_a0107,"[6, 22, 26, 37, 31, 11, 30, 28, 25, 27, 11, 17, 30, 31, 11, 24, 14, 11, 14, 6, 10, 41, 7, 27, 26, 37]","[6, 22, 26, 37, 31, 11, 30, 25, 27, 11, 17, 30, 31, 11, 24, 14, 11, 14, 6, 10, 41, 7, 27, 26, 37]","[0, 0, 0, 0, 0, 0, 0, 1, 0, 0, 0, 0, 0, 0, 0, 0, 0, 0, 0, 0, 0, 0, 0, 0, 0, 0]"
L2_arctic_WAV/ABA_arctic_a0108,"[24, 25, 39, 19, 6, 17, 6, 17, 6, 30, 36, 37, 4, 2, 5, 18, 12, 38, 4, 2, 39, 8, 36, 1, 2, 30, 17, 16, 6, 23, 41, 30, 34, 27, 33, 12, 16, 6, 7, 24, 6, 29, 34, 5, 28, 22]","[24, 25, 39, 19, 6, 17, 6, 17, 6, 30, 36, 37, 4, 2, 5, 18, 12, 38, 4, 2, 39, 31, 11, 36, 1, 2, 30, 17, 16, 6, 23, 41, 30, 34, 27, 33, 12, 16, 6, 7, 27, 24, 6, 29, 34, 5, 28, 22]","[0, 0, 0, 0, 0, 0, 0, 0, 0, 0, 0, 0, 0, 0, 0, 0, 0, 0, 0, 0, 0, 1, 0, 0, 0, 0, 0, 0, 0, 0, 0, 0, 0, 0, 0, 0, 0, 0, 0, 0, 0, 0, 0, 0, 0, 0]"
L2_arctic_WAV/ABA_arctic_a0109,"[17, 37, 26, 37, 30, 31, 11, 4, 41, 36, 26, 37, 3, 33, 9, 19, 6, 27, 6, 7, 29, 14, 6, 27, 3, 30, 22, 2, 17, 2, 30, 34, 6, 30, 26, 37]","[17, 37, 26, 37, 30, 31, 11, 4, 41, 36, 26, 37, 3, 33, 9, 19, 6, 27, 6, 7, 27, 29, 14, 6, 27, 31, 11, 30, 22, 2, 17, 2, 30, 34, 6, 30, 26, 37]","[0, 0, 0, 0, 0, 0, 0, 0, 0, 0, 0, 0, 0, 0, 0, 0, 0, 0, 0, 0, 0, 0, 0, 0, 1, 0, 0, 0, 0, 0, 0, 0, 0, 0, 0, 0]"
L2_arctic_WAV/ABA_arctic_a0111,"[6, 30, 34, 36, 5, 17, 24, 25, 18, 8, 6, 30, 17, 24, 1, 2, 30, 17, 4, 19, 6, 19, 6, 36, 28, 14, 6, 27, 36, 37, 24, 12, 7, 23, 33, 25, 35, 6, 28, 17, 33, 2, 30]","[6, 34, 36, 5, 17, 24, 25, 13, 8, 6, 30, 17, 24, 21, 2, 30, 17, 4, 19, 6, 19, 6, 36, 28, 14, 6, 27, 36, 37, 24, 12, 30, 23, 33, 25, 35, 5, 28, 17, 33, 2, 30]","[0, 1, 0, 0, 0, 0, 0, 0, 1, 0, 0, 0, 0, 0, 1, 0, 0, 0, 0, 0, 0, 0, 0, 0, 0, 0, 0, 0, 0, 0, 0, 0, 1, 0, 0, 0, 0, 1, 0, 0, 0, 0, 0]"
L2_arctic_WAV/ABA_arctic_a0112,"[24, 25, 39, 3, 40, 39, 37, 30, 17, 2, 17, 6, 30, 4, 12, 3, 33, 29]","[24, 25, 39, 3, 40, 39, 8, 30, 17, 2, 17, 6, 30, 4, 12, 8, 33, 29]","[0, 0, 0, 0, 0, 0, 1, 0, 0, 0, 0, 0, 0, 0, 0, 1, 0, 0]"
L2_arctic_WAV/ABA_arctic_a0113,"[14, 6, 34, 2, 32, 31, 11, 40, 26, 37, 32, 6, 27, 36, 4, 41, 36, 28, 6, 7, 23, 31, 11, 12, 32, 2, 29, 12, 7, 4, 2, 6, 30, 17, 25, 2, 30, 40]","[14, 6, 34, 2, 16, 31, 11, 40, 26, 37, 16, 6, 27, 36, 4, 41, 36, 28, 6, 7, 23, 31, 11, 12, 32, 2, 29, 12, 7, 27, 4, 2, 6, 30, 17, 25, 2, 30, 40]","[0, 0, 0, 0, 1, 0, 0, 0, 0, 0, 1, 0, 0, 0, 0, 0, 0, 0, 0, 0, 0, 0, 0, 0, 0, 0, 0, 0, 0, 0, 0, 0, 0, 0, 0, 0, 0, 0]"
L2_arctic_WAV/ABA_arctic_a0115,"[24, 25, 24, 41, 17, 30, 31, 11, 6, 27, 34, 27, 26, 37, 40, 22, 8, 33, 4, 2, 22, 25, 28, 6, 7, 40, 39, 6, 35, 39, 1, 1, 14, 11, 40, 17, 6, 30, 24, 6, 29]","[24, 25, 24, 41, 17, 30, 31, 11, 6, 27, 34, 6, 27, 26, 37, 40, 22, 8, 33, 4, 2, 22, 25, 28, 6, 7, 40, 39, 6, 35, 39, 21, 1, 31, 11, 40, 17, 6, 30, 24, 6, 29]","[0, 0, 0, 0, 0, 0, 0, 0, 0, 0, 0, 0, 0, 0, 0, 0, 0, 0, 0, 0, 0, 0, 0, 0, 0, 0, 0, 0, 0, 0, 1, 0, 1, 0, 0, 0, 0, 0, 0, 0, 0]"
L2_arctic_WAV/ABA_arctic_a0116,"[39, 3, 40, 6, 36, 4, 12, 33, 3, 30, 17, 6, 38, 37, 12, 38, 4, 31, 11, 40, 24, 37, 39, 1, 34, 36, 33, 14, 6, 38, 6, 7, 36, 2, 39, 1, 27, 24, 6, 40, 33, 37, 2, 30]","[39, 3, 40, 5, 36, 4, 12, 33, 5, 30, 17, 6, 38, 37, 12, 38, 4, 31, 11, 40, 24, 37, 39, 21, 34, 36, 33, 14, 6, 38, 6, 7, 27, 36, 2, 39, 1, 27, 24, 5, 40, 33, 37, 2, 30]","[0, 0, 0, 1, 0, 0, 0, 0, 1, 0, 0, 0, 0, 0, 0, 0, 0, 0, 0, 0, 0, 0, 0, 1, 0, 0, 0, 0, 0, 0, 0, 0, 0, 0, 0, 0, 0, 0, 1, 0, 0, 0, 0, 0]"
L2_arctic_WAV/ABA_arctic_a0117,"[9, 25, 41, 17, 6, 17, 39, 6, 4, 18, 5, 30, 26, 2, 39, 2, 30, 34, 6, 29, 32, 2, 10, 25, 6, 30, 24, 1, 22, 19, 6, 34, 41, 30, 17, 38, 8, 6, 34]","[9, 25, 41, 17, 6, 17, 39, 6, 4, 18, 5, 30, 26, 2, 30, 34, 6, 29, 32, 10, 25, 6, 30, 24, 21, 22, 19, 6, 34, 41, 30, 17, 2, 38, 8, 6, 34]","[0, 0, 0, 0, 0, 0, 0, 0, 0, 0, 0, 0, 0, 1, 1, 0, 0, 0, 0, 0, 0, 1, 0, 0, 0, 0, 0, 1, 0, 0, 0, 0, 0, 0, 0, 0, 0, 0, 0]"
L2_arctic_WAV/ABA_arctic_a0120,"[29, 14, 6, 33, 14, 6, 36, 22, 11, 36, 22, 25, 28, 40, 28, 14, 6, 27, 4, 41, 36, 12, 38, 2, 35, 14, 6, 30, 25, 40, 17, 5, 16, 26, 2, 36, 3, 30, 36]","[29, 14, 6, 33, 14, 6, 36, 22, 31, 11, 36, 22, 25, 21, 40, 28, 14, 6, 27, 4, 41, 36, 12, 38, 2, 35, 14, 6, 30, 25, 40, 17, 5, 16, 26, 2, 36, 3, 30, 36]","[0, 0, 0, 0, 0, 0, 0, 0, 0, 0, 0, 0, 1, 0, 0, 0, 0, 0, 0, 0, 0, 0, 0, 0, 0, 0, 0, 0, 0, 0, 0, 0, 0, 0, 0, 0, 0, 0, 0]"
L2_arctic_WAV/ABA_arctic_a0121,"[4, 19, 6, 19, 6, 36, 17, 6, 30, 1, 41, 36, 4, 2, 22, 6, 22, 10, 2, 30, 17, 33, 5, 34, 36, 6, 17, 22, 8, 33, 36, 37, 14, 11, 33, 40]","[4, 19, 6, 19, 6, 36, 17, 6, 30, 1, 41, 36, 4, 5, 22, 6, 22, 10, 2, 30, 17, 33, 5, 34, 36, 6, 17, 22, 8, 33, 36, 37, 14, 11, 33, 34]","[0, 0, 0, 0, 0, 0, 0, 0, 0, 0, 0, 0, 0, 1, 0, 0, 0, 0, 0, 0, 0, 0, 0, 0, 0, 0, 0, 0, 0, 0, 0, 0, 0, 0, 0, 1]"
L2_arctic_WAV/ABA_arctic_a0122,"[36, 37, 26, 25, 1, 40, 2, 23, 31, 11, 14, 6, 23, 19, 6, 38, 12, 32, 34, 6, 38, 2, 28, 6, 40, 19, 6, 9, 2, 30, 22, 8, 33, 4, 6, 34]","[36, 37, 26, 25, 33, 40, 2, 23, 31, 11, 14, 6, 23, 19, 6, 38, 12, 32, 34, 6, 38, 2, 28, 6, 40, 19, 6, 9, 2, 30, 22, 8, 33, 4, 6, 10]","[0, 0, 0, 0, 1, 0, 0, 0, 0, 0, 0, 0, 0, 0, 0, 0, 0, 0, 0, 0, 0, 0, 0, 0, 0, 0, 0, 0, 0, 0, 0, 0, 0, 0, 0, 1]"
L2_arctic_WAV/ABA_arctic_a0123,"[9, 25, 24, 41, 17, 17, 14, 6, 17, 22, 33, 12, 29, 27, 31, 11, 28, 17, 41, 30, 17, 34, 36, 3, 33, 38, 19, 6, 9, 2, 30]","[9, 25, 24, 41, 17, 17, 14, 6, 17, 22, 33, 12, 29, 27, 31, 11, 28, 17, 41, 30, 17, 34, 36, 3, 33, 38, 19, 6, 9, 2, 30]","[0, 0, 0, 0, 0, 0, 0, 0, 0, 0, 0, 0, 0, 0, 0, 0, 0, 0, 0, 0, 0, 0, 0, 0, 0, 0, 0, 0, 0, 0, 0]"
L2_arctic_WAV/ABA_arctic_a0125,"[24, 25, 39, 3, 40, 17, 6, 36, 1, 29, 2, 30, 17, 30, 14, 11, 36, 37, 29, 19, 6, 30, 36, 19, 6, 30, 2, 29, 8, 33, 34, 1, 36, 2, 30, 24, 31, 11, 28, 17, 2, 32, 3, 30, 24, 6, 29, 34, 5, 28, 22]","[24, 25, 39, 3, 40, 17, 6, 36, 1, 29, 2, 30, 17, 2, 30, 14, 11, 36, 37, 29, 19, 6, 30, 36, 19, 6, 30, 2, 29, 8, 33, 34, 21, 36, 2, 30, 31, 11, 28, 17, 2, 32, 3, 30, 24, 5, 29, 34, 5, 28, 22]","[0, 0, 0, 0, 0, 0, 0, 0, 0, 0, 0, 0, 0, 0, 0, 0, 0, 0, 0, 0, 0, 0, 0, 0, 0, 0, 0, 0, 0, 0, 0, 1, 0, 0, 0, 1, 0, 0, 0, 0, 0, 0, 0, 0, 0, 1, 0, 0, 0, 0, 0]"
L2_arctic_WAV/ABA_arctic_a0126,"[25, 35, 17, 19, 6, 9, 25, 16, 25, 27, 19, 6, 29, 2, 29, 8, 33, 38, 14, 6, 36, 2, 28, 32, 3, 33, 36, 12, 38, 24, 6, 29]","[5, 35, 17, 19, 6, 9, 25, 16, 25, 27, 19, 6, 29, 2, 29, 8, 33, 38, 14, 6, 36, 2, 21, 32, 3, 33, 36, 12, 38, 24, 5, 29]","[1, 0, 0, 0, 0, 0, 0, 0, 0, 0, 0, 0, 0, 0, 0, 0, 0, 0, 0, 0, 0, 0, 1, 0, 0, 0, 0, 0, 0, 0, 1, 0]"
L2_arctic_WAV/ABA_arctic_a0127,"[6, 36, 39, 3, 40, 2, 36, 5, 29, 36, 19, 6, 9, 2, 30, 16, 12, 36, 24, 25, 33, 25, 40, 6, 34, 36, 6, 17, 6, 36]","[6, 36, 39, 3, 40, 2, 36, 5, 29, 16, 2, 36, 19, 6, 9, 2, 30, 16, 12, 36, 24, 25, 33, 25, 34, 6, 34, 36, 6, 17, 5, 36]","[0, 0, 0, 0, 0, 0, 0, 0, 0, 0, 0, 0, 0, 0, 0, 0, 0, 0, 0, 0, 0, 0, 1, 0, 0, 0, 0, 0, 1, 0]"
L2_arctic_WAV/ABA_arctic_a0128,"[4, 6, 34, 39, 12, 30, 24, 31, 11, 32, 39, 8, 40, 17, 6, 34, 36, 33, 8, 6, 17, 41, 40, 27, 39, 6, 27, 28, 25, 41, 40, 6, 36, 39, 8, 40, 16, 8, 33, 30]","[40, 6, 34, 39, 12, 30, 24, 31, 11, 32, 39, 8, 40, 17, 6, 34, 36, 33, 8, 6, 17, 41, 40, 27, 39, 6, 27, 28, 25, 41, 40, 6, 36, 39, 8, 40, 32, 8, 33]","[1, 0, 0, 0, 0, 0, 0, 0, 0, 0, 0, 0, 0, 0, 0, 0, 0, 0, 0, 0, 0, 0, 0, 0, 0, 0, 0, 0, 0, 0, 0, 0, 0, 0, 0, 0, 1, 0, 0, 1]"
L2_arctic_WAV/ABA_arctic_a0129,"[24, 1, 22, 19, 6, 34, 39, 8, 40, 2, 23, 19, 6, 30, 34, 36, 24, 6, 40, 16, 33, 5, 34, 36]","[24, 21, 22, 19, 6, 34, 39, 8, 40, 2, 23, 19, 6, 30, 2, 34, 36, 24, 6, 40, 32, 33, 5, 34, 36]","[0, 1, 0, 0, 0, 0, 0, 0, 0, 0, 0, 0, 0, 0, 0, 0, 0, 0, 0, 1, 0, 0, 0, 0]"
L2_arctic_WAV/ABA_arctic_a0130,"[9, 25, 39, 8, 40, 24, 6, 40, 30, 14, 11, 22, 1, 5, 38, 1]","[9, 25, 39, 8, 40, 24, 6, 40, 30, 14, 11, 22, 1, 5, 38, 2]","[0, 0, 0, 0, 0, 0, 0, 0, 0, 0, 0, 0, 0, 0, 0, 1]"
L2_arctic_WAV/ABA_arctic_a0131,"[32, 33, 3, 38, 2, 17, 2, 30, 34, 24, 41, 17, 17, 6, 28, 6, 38, 1, 17, 24, 6, 29, 10, 33, 37, 4, 12, 29, 19, 6, 28, 34, 36, 33, 2, 29]","[16, 33, 31, 11, 38, 2, 17, 2, 30, 34, 24, 41, 17, 17, 6, 28, 5, 38, 1, 17, 24, 6, 29, 10, 33, 37, 4, 12, 29, 19, 6, 21, 2, 34, 36, 8, 33, 29]","[1, 0, 1, 0, 0, 0, 0, 0, 0, 0, 0, 0, 0, 0, 0, 1, 0, 0, 0, 0, 0, 0, 0, 0, 0, 0, 0, 0, 0, 0, 1, 0, 0, 1, 1, 0]"
L2_arctic_WAV/ABA_arctic_a0134,"[24, 25, 31, 11, 16, 19, 6, 17, 4, 12, 32, 33, 5, 9, 1, 12, 38, 24, 1, 24, 41, 30, 17]","[24, 25, 31, 11, 32, 19, 6, 17, 4, 12, 32, 33, 5, 9, 1, 12, 38, 24, 21, 24, 41, 30, 36]","[0, 0, 0, 0, 1, 0, 0, 0, 0, 0, 0, 0, 0, 0, 0, 0, 0, 0, 1, 0, 0, 0, 1]"
L2_arctic_WAV/ABA_arctic_a0136,"[2, 16, 14, 11, 36, 24, 6, 29, 5, 38, 33, 25, 39, 5, 33, 39, 1, 4, 2, 5, 38, 2, 17, 2, 30, 34, 2, 40, 12, 38, 28, 12, 23, 13, 1, 25, 2, 30, 17, 12, 38, 19, 6, 18]","[2, 16, 14, 11, 36, 24, 5, 29, 5, 38, 33, 25, 39, 5, 33, 39, 21, 4, 2, 5, 38, 2, 17, 2, 30, 34, 12, 38, 28, 12, 23, 9, 1, 25, 2, 30, 17, 12, 38, 5, 35]","[0, 0, 0, 0, 0, 0, 1, 0, 0, 0, 0, 0, 0, 0, 0, 0, 1, 0, 0, 0, 0, 0, 0, 0, 0, 0, 1, 1, 0, 0, 0, 0, 0, 1, 0, 0, 0, 0, 0, 0, 0, 1, 1, 1]"
L2_arctic_WAV/ABA_arctic_a0137,"[4, 5, 30, 24, 25, 34, 36, 5, 32, 36, 16, 41, 27, 39, 6, 4, 2, 28, 31, 11, 27, 33, 14, 6, 12, 38, 32, 28, 5, 13, 1]","[40, 5, 30, 24, 25, 34, 36, 5, 32, 17, 2, 16, 41, 27, 39, 6, 4, 2, 28, 31, 11, 27, 33, 14, 6, 12, 38, 32, 28, 5, 13, 2]","[1, 0, 0, 0, 0, 0, 0, 0, 0, 1, 0, 0, 0, 0, 0, 0, 0, 0, 0, 0, 0, 0, 0, 0, 0, 0, 0, 0, 0, 0, 1]"
L2_arctic_WAV/ABA_arctic_a0139,"[24, 25, 36, 31, 11, 28, 17, 24, 6, 29, 34, 5, 28, 22, 4, 41, 36, 41, 40, 24, 25, 39, 3, 9, 36, 24, 6, 29, 34, 5, 28, 22, 2, 30, 17, 23, 33, 37, 29, 17, 24, 6, 40, 17, 6, 9, 5, 38, 2, 28, 17, 27, 28, 31, 11, 4, 40]","[24, 25, 36, 31, 11, 28, 17, 24, 6, 29, 34, 5, 28, 22, 2, 4, 41, 36, 41, 40, 24, 25, 39, 31, 11, 13, 17, 24, 6, 29, 34, 5, 28, 22, 2, 30, 17, 23, 33, 37, 29, 17, 24, 6, 40, 17, 6, 9, 5, 38, 2, 21, 17, 27, 28, 31, 11, 4, 2, 34]","[0, 0, 0, 0, 0, 0, 0, 0, 0, 0, 0, 0, 0, 0, 0, 0, 0, 0, 0, 0, 0, 0, 1, 1, 1, 0, 0, 0, 0, 0, 0, 0, 0, 0, 0, 0, 0, 0, 0, 0, 0, 0, 0, 0, 0, 0, 0, 0, 0, 1, 0, 0, 0, 0, 0, 0, 1]"
L2_arctic_WAV/ABA_arctic_a0159,"[4, 19, 6, 28, 11, 27, 41, 40, 4, 31, 11, 24, 25, 24, 41, 17, 16, 6, 30, 17, 33, 12, 29, 6, 7, 2, 32, 25, 41, 30, 31, 11, 8, 28, 24, 6, 40, 28, 14, 6, 22]","[40, 19, 6, 28, 11, 27, 41, 40, 34, 31, 11, 24, 25, 24, 41, 17, 16, 6, 30, 17, 33, 12, 29, 6, 7, 27, 2, 32, 25, 41, 30, 31, 11, 8, 28, 24, 6, 40, 28, 14, 6, 22]","[1, 0, 0, 0, 0, 0, 0, 0, 1, 0, 0, 0, 0, 0, 0, 0, 0, 0, 0, 0, 0, 0, 0, 0, 0, 0, 0, 0, 0, 0, 0, 0, 0, 0, 0, 0, 0, 0, 0, 0, 0]"
L2_arctic_WAV/ABA_arctic_a0214,"[16, 6, 34, 14, 6, 17, 40, 24, 25, 39, 8, 40, 32, 19, 6, 17, 39, 12, 30, 27, 19, 6, 34, 12, 38, 36, 2, 16, 41, 27, 31, 11, 32, 1, 24, 5, 17]","[16, 6, 34, 14, 6, 17, 40, 24, 25, 39, 8, 40, 16, 19, 6, 17, 39, 12, 30, 27, 19, 6, 34, 31, 11, 22, 36, 2, 16, 41, 27, 31, 11, 16, 21, 24, 5, 36]","[0, 0, 0, 0, 0, 0, 0, 0, 0, 0, 0, 0, 1, 0, 0, 0, 0, 0, 0, 0, 0, 0, 0, 1, 1, 0, 0, 0, 0, 0, 0, 0, 1, 1, 0, 0, 1]"
L2_arctic_WAV/ABA_arctic_a0257,"[4, 19, 6, 3, 33, 27, 12, 29, 6, 7, 2, 9, 8, 33, 24, 37, 5, 38, 1, 4, 19, 6, 3, 33]","[4, 19, 6, 3, 21, 27, 12, 29, 6, 7, 23, 2, 9, 8, 33, 24, 37, 5, 38, 2, 4, 19, 6, 3, 33]","[0, 0, 0, 0, 1, 0, 0, 0, 0, 0, 0, 0, 0, 0, 0, 0, 0, 0, 1, 0, 0, 0, 0, 0]"
L2_arctic_WAV/ABA_arctic_a0300,"[22, 33, 12, 29, 29, 14, 6, 1, 28, 25, 2, 34, 36, 33, 5, 27, 2, 28, 5, 27, 9, 2, 30, 29, 14, 6, 34, 28, 25, 32, 39, 8, 40, 2, 32, 6, 33, 25, 2, 17, 2, 38, 36, 5, 33, 1]","[22, 21, 12, 29, 29, 14, 6, 1, 28, 2, 34, 36, 33, 25, 27, 2, 28, 5, 27, 9, 2, 30, 29, 14, 6, 34, 28, 25, 32, 39, 8, 40, 2, 32, 1, 33, 25, 2, 17, 2, 38, 36, 5, 33, 1]","[0, 1, 0, 0, 0, 0, 0, 0, 0, 1, 0, 0, 0, 0, 1, 0, 0, 0, 0, 0, 0, 0, 0, 0, 0, 0, 0, 0, 0, 0, 0, 0, 0, 0, 0, 1, 0, 0, 0, 0, 0, 0, 0, 0, 0, 0]"
L2_arctic_WAV/ABA_arctic_a0379,"[24, 14, 11, 31, 11, 28, 17, 3, 33, 26, 37, 17, 41, 17, 25]","[24, 14, 11, 31, 11, 28, 17, 3, 33, 26, 37, 17, 41, 17, 25]","[0, 0, 0, 0, 0, 0, 0, 0, 0, 0, 0, 0, 0, 0, 0]"
L2_arctic_WAV/ABA_arctic_a0426,"[4, 19, 6, 17, 31, 11, 30, 30, 31, 11, 4, 2, 28, 5, 7, 10, 12, 38, 36, 14, 6, 29, 12, 38, 6, 7, 27, 26, 37, 16, 19, 6, 9, 2, 30]","[4, 19, 6, 17, 31, 11, 30, 30, 31, 11, 4, 2, 28, 5, 30, 34, 12, 38, 17, 14, 6, 29, 12, 38, 6, 7, 27, 37, 16, 19, 6, 9, 2, 30]","[0, 0, 0, 0, 0, 0, 0, 0, 0, 0, 0, 0, 0, 0, 1, 1, 0, 0, 1, 0, 0, 0, 0, 0, 0, 0, 0, 1, 0, 0, 0, 0, 0, 0, 0]"
L2_arctic_WAV/ABA_arctic_a0441,"[38, 14, 6, 28, 2, 30, 36, 28, 14, 6, 22, 2, 30, 17, 41, 10, 28, 5, 36, 6, 27, 34, 32, 8, 33, 36, 34, 24, 41, 17, 30, 5, 38, 1, 2, 32, 25, 28, 17, 36, 37, 29, 25]","[38, 14, 6, 28, 2, 30, 36, 28, 14, 6, 22, 2, 30, 17, 41, 10, 2, 28, 5, 36, 6, 27, 34, 32, 8, 33, 36, 34, 24, 41, 17, 30, 5, 38, 1, 2, 16, 25, 21, 17, 36, 37, 29, 25]","[0, 0, 0, 0, 0, 0, 0, 0, 0, 0, 0, 0, 0, 0, 0, 0, 0, 0, 0, 0, 0, 0, 0, 0, 0, 0, 0, 0, 0, 0, 0, 0, 0, 0, 0, 1, 0, 1, 0, 0, 0, 0, 0]"
L2_arctic_WAV/ABA_arctic_a0461,"[3, 39, 25, 39, 1, 38, 5, 33, 25, 27, 28, 31, 11, 34, 36, 2, 23, 5, 4, 1, 6, 30, 4, 41, 36, 29, 31, 11, 29, 2, 30, 36]","[3, 39, 25, 39, 21, 38, 5, 33, 25, 27, 28, 31, 11, 34, 36, 2, 23, 5, 4, 1, 6, 30, 4, 41, 36, 29, 31, 11, 29, 2, 30, 36]","[0, 0, 0, 0, 1, 0, 0, 0, 0, 0, 0, 0, 0, 0, 0, 0, 0, 0, 0, 0, 0, 0, 0, 0, 0, 0, 0, 0, 0, 0, 0, 0]"
L2_arctic_WAV/ABA_arctic_a0500,"[24, 37, 4, 2, 17, 5, 38, 2, 28, 23, 19, 6, 38, 6, 36, 36, 37, 26, 37, 36, 37, 16, 25, 18, 12, 18, 2, 30, 17, 18, 11, 33, 25]","[24, 37, 40, 2, 17, 5, 38, 2, 21, 23, 19, 6, 38, 6, 36, 36, 37, 26, 37, 36, 37, 16, 25, 13, 12, 18, 2, 30, 17, 13, 11, 33, 25]","[0, 0, 1, 0, 0, 0, 0, 0, 1, 0, 0, 0, 0, 0, 0, 0, 0, 0, 0, 0, 0, 0, 0, 1, 0, 0, 0, 0, 0, 1, 0, 0, 0]"
L2_arctic_WAV/ABA_arctic_a0501,"[26, 11, 33, 18, 31, 11, 27, 6, 7, 29, 25, 34, 1, 4, 12, 12, 4, 1, 29, 41, 30, 6, 18, 17, 36, 37, 3, 33, 36, 6, 27, 26, 2, 28, 19, 6, 36]","[26, 11, 33, 13, 31, 11, 27, 6, 7, 23, 2, 29, 25, 34, 21, 4, 12, 12, 40, 21, 29, 41, 30, 6, 13, 17, 36, 37, 3, 33, 36, 6, 27, 26, 2, 28, 5, 36]","[0, 0, 0, 1, 0, 0, 0, 0, 0, 0, 0, 0, 1, 0, 0, 0, 1, 1, 0, 0, 0, 0, 1, 0, 0, 0, 0, 0, 0, 0, 0, 0, 0, 0, 1, 1, 0]"
L2_arctic_WAV/ABA_arctic_a0529,"[41, 40, 14, 6, 34, 19, 6, 24, 25, 24, 41, 17, 36, 41, 32, 36, 4, 2, 29, 5, 34, 6, 18, 38, 5, 33, 25, 33, 41, 32, 2, 17, 28, 25]","[41, 40, 14, 6, 34, 19, 6, 24, 25, 24, 41, 17, 36, 41, 32, 36, 40, 2, 29, 5, 34, 6, 18, 38, 5, 33, 25, 33, 41, 16, 2, 17, 28, 25]","[0, 0, 0, 0, 0, 0, 0, 0, 0, 0, 0, 0, 0, 0, 0, 0, 1, 0, 0, 0, 0, 0, 0, 0, 0, 0, 0, 0, 0, 1, 0, 0, 0, 0]"
L2_arctic_WAV/ABA_arctic_a0548,"[8, 28, 34, 31, 11, 35, 1, 35, 2, 40, 2, 30, 17, 32, 33, 25, 35, 1, 40, 14, 6, 24, 41, 17, 30, 5, 38, 1, 30, 31, 11, 30]","[8, 28, 34, 31, 11, 35, 21, 35, 2, 34, 2, 30, 17, 32, 33, 5, 35, 1, 40, 14, 6, 24, 41, 17, 30, 5, 38, 1, 30, 31, 11, 30]","[0, 0, 0, 0, 0, 0, 1, 0, 0, 1, 0, 0, 0, 0, 0, 1, 0, 0, 0, 0, 0, 0, 0, 0, 0, 0, 0, 0, 0, 0, 0, 0]"
L2_arctic_WAV/ABA_arctic_b0016,"[24, 25, 35, 12, 27, 2, 28, 17, 41, 40, 24, 25, 32, 11, 28, 17, 14, 11, 36, 24, 6, 40, 32, 14, 6, 32, 2, 30, 17, 16, 6, 23, 41, 30, 22, 6, 28, 6, 7, 6, 36]","[24, 25, 35, 12, 27, 2, 28, 17, 41, 40, 24, 25, 32, 11, 28, 17, 14, 11, 36, 24, 6, 40, 22, 14, 6, 32, 2, 30, 17, 16, 6, 23, 41, 30, 22, 6, 28, 6, 7, 23, 6, 36]","[0, 0, 0, 0, 0, 0, 0, 0, 0, 0, 0, 0, 0, 0, 0, 0, 0, 0, 0, 0, 0, 0, 1, 0, 0, 0, 0, 0, 0, 0, 0, 0, 0, 0, 0, 0, 0, 0, 0, 0, 0]"
L2_arctic_WAV/ABA_arctic_b0068,"[31, 11, 30, 28, 25, 4, 12, 35, 41, 30, 34, 34, 14, 11, 30, 17, 24, 41, 17, 28, 5, 17, 24, 6, 29, 36, 37, 2, 16, 40, 1, 38, 4, 5, 29]","[31, 11, 30, 28, 25, 4, 12, 35, 41, 30, 34, 34, 14, 11, 30, 17, 24, 41, 17, 28, 5, 17, 24, 6, 29, 36, 37, 2, 16, 40, 1, 38, 4, 5, 29]","[0, 0, 0, 0, 0, 0, 0, 0, 0, 0, 0, 0, 0, 0, 0, 0, 0, 0, 0, 0, 0, 0, 0, 0, 0, 0, 0, 0, 0, 0, 0, 0, 0, 0, 0]"
L2_arctic_WAV/ABA_arctic_b0083,"[6, 30, 6, 36, 4, 5, 33, 39, 3, 40, 34, 12, 29, 10, 6, 7, 4, 41, 36, 39, 8, 40, 8, 28, 29, 31, 11, 34, 36, 36, 33, 41, 18, 2, 17, 25]","[5, 30, 5, 36, 40, 5, 33, 39, 3, 40, 34, 12, 29, 10, 6, 7, 40, 41, 36, 39, 8, 40, 8, 28, 29, 31, 11, 34, 36, 36, 33, 41, 18, 2, 17, 25]","[1, 0, 1, 0, 1, 0, 0, 0, 0, 0, 0, 0, 0, 0, 0, 0, 1, 0, 0, 0, 0, 0, 0, 0, 0, 0, 0, 0, 0, 0, 0, 0, 0, 0, 0, 0]"
L2_arctic_WAV/ABA_arctic_b0103,"[24, 25, 28, 6, 22, 36, 6, 17, 24, 6, 40, 14, 6, 40, 2, 30, 17, 2, 34, 36, 33, 19, 6, 30, 18, 27, 33, 14, 6, 16, 1, 34, 36, 22, 33, 12, 29, 24, 6, 40, 28, 6, 32, 34]","[24, 25, 28, 6, 22, 36, 6, 17, 24, 6, 40, 14, 6, 40, 2, 30, 17, 2, 34, 36, 33, 19, 6, 30, 18, 27, 33, 14, 6, 32, 33, 5, 34, 36, 22, 33, 12, 29, 24, 6, 40, 28, 6, 32, 34]","[0, 0, 0, 0, 0, 0, 0, 0, 0, 0, 0, 0, 0, 0, 0, 0, 0, 0, 0, 0, 0, 0, 0, 0, 0, 0, 0, 0, 0, 1, 1, 0, 0, 0, 0, 0, 0, 0, 0, 0, 0, 0, 0, 0]"
L2_arctic_WAV/ABA_arctic_b0106,"[22, 8, 33, 2, 22, 11, 28, 29, 6, 30, 2, 36, 4, 12, 36, 37, 29, 5, 30, 34, 36, 5, 33, 17, 6, 30, 36, 37, 25, 35, 12, 4, 1, 40, 22, 19, 6, 34]","[22, 8, 33, 2, 22, 11, 28, 29, 6, 30, 2, 36, 4, 12, 36, 37, 29, 5, 30, 34, 36, 5, 33, 17, 6, 30, 36, 37, 25, 35, 12, 4, 1, 40, 22, 19, 6, 34]","[0, 0, 0, 0, 0, 0, 0, 0, 0, 0, 0, 0, 0, 0, 0, 0, 0, 0, 0, 0, 0, 0, 0, 0, 0, 0, 0, 0, 0, 0, 0, 0, 0, 0, 0, 0, 0, 0]"
L2_arctic_WAV/ABA_arctic_b0126,"[16, 28, 12, 17, 39, 8, 40, 37, 40, 6, 7, 34, 28, 31, 11, 28, 25, 22, 33, 12, 29, 4, 12, 39, 37, 30, 17, 6, 17, 29, 41, 30, 40, 33, 14, 6, 36, 16, 33, 5, 34, 36]","[16, 28, 12, 17, 39, 8, 40, 37, 4, 6, 7, 34, 28, 31, 11, 28, 25, 22, 33, 12, 29, 4, 12, 39, 31, 11, 30, 17, 6, 17, 29, 41, 30, 40, 33, 14, 6, 36, 16, 33, 5, 34, 36]","[0, 0, 0, 0, 0, 0, 0, 0, 1, 0, 0, 0, 0, 0, 0, 0, 0, 0, 0, 0, 0, 0, 0, 0, 1, 0, 0, 0, 0, 0, 0, 0, 0, 0, 0, 0, 0, 0, 0, 0, 0, 0]"
L2_arctic_WAV/ABA_arctic_b0146,"[41, 22, 36, 1, 8, 28, 6, 36, 39, 3, 40, 34, 6, 29, 32, 28, 25, 2, 29, 6, 34, 36, 19, 6, 27, 6, 30, 18, 12, 18, 29, 2, 30, 36]","[41, 22, 36, 1, 8, 28, 6, 36, 39, 3, 40, 34, 6, 29, 32, 2, 28, 25, 2, 29, 6, 34, 36, 19, 6, 27, 6, 30, 13, 8, 13, 29, 2, 30, 36]","[0, 0, 0, 0, 0, 0, 0, 0, 0, 0, 0, 0, 0, 0, 0, 0, 0, 0, 0, 0, 0, 0, 0, 0, 0, 0, 0, 1, 1, 1, 0, 0, 0, 0]"
L2_arctic_WAV/ABA_arctic_b0150,"[2, 30, 17, 24, 25, 39, 3, 40, 22, 6, 28, 17, 39, 6, 4, 2, 34, 36, 33, 19, 6, 30, 18, 2, 30, 17, 22, 8, 33, 16, 31, 11, 17, 6, 7, 22, 6, 33]","[2, 30, 17, 24, 25, 39, 3, 40, 22, 19, 6, 28, 17, 39, 6, 4, 2, 34, 36, 33, 19, 6, 30, 18, 2, 30, 17, 22, 8, 33, 31, 11, 16, 6, 7, 27, 22, 6, 33]","[0, 0, 0, 0, 0, 0, 0, 0, 0, 0, 0, 0, 0, 0, 0, 0, 0, 0, 0, 0, 0, 0, 0, 0, 0, 0, 0, 0, 0, 1, 0, 0, 1, 0, 0, 0, 0, 0]"
L2_arctic_WAV/ABA_arctic_b0158,"[9, 25, 31, 11, 16, 19, 6, 17, 9, 33, 6, 7, 27, 6, 7, 16, 41, 27, 39, 6, 4, 4, 2, 16, 19, 6, 16, 25, 6, 30, 24, 1, 3, 33, 29, 40]","[9, 25, 31, 11, 32, 19, 6, 17, 9, 33, 5, 7, 27, 6, 7, 27, 16, 41, 27, 39, 6, 4, 4, 2, 16, 19, 6, 16, 25, 6, 30, 24, 21, 3, 33, 29, 34]","[0, 0, 0, 0, 1, 0, 0, 0, 0, 0, 1, 0, 0, 0, 0, 0, 0, 0, 0, 0, 0, 0, 0, 0, 0, 0, 0, 0, 0, 0, 0, 1, 0, 0, 0, 1]"
L2_arctic_WAV/ABA_arctic_b0307,"[39, 25, 23, 3, 36, 22, 26, 37, 38, 5, 18, 36, 2, 16, 2, 28, 40, 2, 30, 17, 22, 33, 37, 36, 34, 2, 30, 17, 16, 25, 27, 19, 6, 29, 22, 6, 9, 25, 36, 1, 40]","[39, 25, 23, 3, 36, 22, 26, 37, 38, 5, 18, 36, 2, 16, 2, 28, 40, 2, 30, 17, 22, 33, 37, 36, 34, 2, 30, 17, 16, 25, 27, 19, 6, 29, 22, 6, 9, 25, 36, 1, 34]","[0, 0, 0, 0, 0, 0, 0, 0, 0, 0, 0, 0, 0, 0, 0, 0, 0, 0, 0, 0, 0, 0, 0, 0, 0, 0, 0, 0, 0, 0, 0, 0, 0, 0, 0, 0, 0, 0, 0, 0, 1]"
L2_arctic_WAV/ABA_arctic_b0310,"[2, 28, 6, 36, 2, 28, 36, 33, 25, 36, 29, 2, 30, 36, 29, 2, 34, 3, 13, 39, 6, 10, 34, 12, 29, 24, 5, 28, 32, 22, 33, 12, 29, 4, 2, 17, 8, 27, 36, 1]","[2, 28, 6, 36, 2, 21, 36, 33, 25, 36, 29, 2, 30, 36, 29, 2, 34, 41, 13, 39, 6, 10, 34, 12, 29, 24, 5, 28, 32, 22, 33, 12, 29, 40, 2, 17, 8, 27, 36, 21]","[0, 0, 0, 0, 0, 1, 0, 0, 0, 0, 0, 0, 0, 0, 0, 0, 0, 1, 0, 0, 0, 0, 0, 0, 0, 0, 0, 0, 0, 0, 0, 0, 0, 1, 0, 0, 0, 0, 0, 1]"
L2_arctic_WAV/ABA_arctic_b0324,"[30, 3, 36, 36, 6, 28, 4, 12, 36, 39, 5, 30, 36, 25, 2, 10, 12, 38, 29, 19, 6, 17, 6, 17, 4, 12, 33, 6, 38, 1, 16, 33, 19, 6, 27]","[30, 3, 36, 5, 28, 4, 12, 36, 39, 5, 30, 36, 25, 2, 34, 12, 38, 29, 19, 6, 17, 5, 17, 40, 12, 33, 6, 22, 1, 32, 33, 19, 6, 27]","[0, 0, 1, 0, 1, 0, 0, 0, 0, 0, 0, 0, 0, 0, 0, 1, 0, 0, 0, 0, 0, 0, 1, 0, 1, 0, 0, 0, 1, 0, 1, 0, 0, 0, 0]"
L2_arctic_WAV/ABA_arctic_b0340,"[4, 25, 40, 27, 39, 6, 27, 28, 6, 36, 2, 28, 18, 8, 6, 40, 12, 38, 24, 1, 40, 39, 1, 34, 8, 33, 34, 2, 40, 12, 38, 18, 8, 6, 36, 37, 24, 6, 29]","[4, 6, 34, 27, 39, 6, 27, 28, 6, 36, 2, 21, 18, 8, 6, 34, 12, 38, 24, 21, 40, 39, 1, 34, 8, 33, 34, 2, 40, 12, 38, 13, 8, 6, 36, 37, 24, 5, 29]","[0, 1, 1, 0, 0, 0, 0, 0, 0, 0, 0, 1, 0, 0, 0, 1, 0, 0, 0, 1, 0, 0, 0, 0, 0, 0, 0, 0, 0, 0, 0, 1, 0, 0, 0, 0, 0, 1, 0]"
L2_arctic_WAV/ABA_arctic_b0348,"[39, 11, 17, 26, 37, 16, 25, 34, 41, 36, 2, 34, 22, 14, 6, 17, 39, 6, 4, 4, 41, 36, 39, 12, 30, 24, 12, 30, 17, 33, 2, 17, 10, 32, 3, 33, 36, 12, 38, 29, 25]","[39, 11, 17, 26, 37, 16, 25, 34, 41, 36, 2, 34, 22, 14, 6, 17, 39, 6, 4, 4, 41, 36, 39, 41, 30, 24, 12, 30, 17, 33, 2, 17, 10, 32, 3, 33, 36, 12, 38, 29, 25]","[0, 0, 0, 0, 0, 0, 0, 0, 0, 0, 0, 0, 0, 0, 0, 0, 0, 0, 0, 0, 0, 0, 0, 1, 0, 0, 0, 0, 0, 0, 0, 0, 0, 0, 0, 0, 0, 0, 0, 0, 0]"
L2_arctic_WAV/ABA_arctic_b0367,"[5, 30, 25, 41, 38, 1, 6, 18, 26, 12, 7, 22, 5, 28, 31, 11, 27, 41, 30, 36, 25, 35, 24, 6, 29, 34, 5, 28, 22, 6, 30, 2, 39, 25, 27]","[5, 30, 25, 41, 38, 1, 6, 35, 26, 12, 7, 27, 22, 5, 28, 31, 11, 27, 41, 30, 36, 25, 35, 24, 6, 29, 34, 5, 28, 22, 6, 30, 2, 39, 25, 27]","[0, 0, 0, 0, 0, 0, 0, 1, 0, 0, 0, 0, 0, 0, 0, 0, 0, 0, 0, 0, 0, 0, 0, 0, 0, 0, 0, 0, 0, 0, 0, 0, 0, 0, 0]"
L2_arctic_WAV/ABA_arctic_b0413,"[24, 25, 29, 19, 6, 17, 6, 40, 14, 6, 1, 36, 37, 6, 34, 27, 19, 6, 32, 32, 19, 6, 30, 8, 33, 36, 37, 6, 30, 18, 8, 6, 32, 28, 5, 13, 1]","[24, 25, 29, 19, 6, 17, 6, 40, 14, 6, 1, 36, 37, 6, 34, 27, 19, 6, 16, 19, 6, 30, 8, 33, 36, 37, 6, 30, 13, 8, 6, 32, 28, 5, 13, 1]","[0, 0, 0, 0, 0, 0, 0, 0, 0, 0, 0, 0, 0, 0, 0, 0, 0, 0, 1, 1, 0, 0, 0, 0, 0, 0, 0, 0, 0, 1, 0, 0, 0, 0, 0, 0, 0]"
L2_arctic_WAV/ABA_arctic_b0424,"[6, 36, 6, 40, 2, 38, 5, 33, 25, 36, 5, 30, 2, 16, 2, 28, 24, 14, 6, 32, 3, 10, 2, 34, 2, 34, 2, 30, 17, 39, 6, 28, 16, 5, 33, 28, 11, 27, 6, 7, 6, 30, 36, 37]","[6, 36, 6, 40, 2, 38, 5, 33, 25, 36, 5, 30, 2, 16, 2, 28, 24, 14, 6, 32, 31, 11, 10, 2, 34, 2, 34, 2, 30, 17, 39, 6, 28, 16, 25, 33, 28, 11, 27, 6, 7, 27, 6, 30, 36, 37]","[0, 0, 0, 0, 0, 0, 0, 0, 0, 0, 0, 0, 0, 0, 0, 0, 0, 0, 0, 0, 1, 0, 0, 0, 0, 0, 0, 0, 0, 0, 0, 0, 0, 1, 0, 0, 0, 0, 0, 0, 0, 0, 0, 0]"
L2_arctic_WAV/ABA_arctic_b0425,"[4, 5, 33, 39, 1, 8, 33, 2, 30, 18, 23, 33, 25, 30, 23, 31, 11, 28, 17, 23, 33, 25, 30, 2, 30, 17, 2, 27, 3, 32, 1, 23, 33, 25, 30]","[4, 5, 21, 39, 21, 8, 33, 2, 30, 18, 23, 33, 25, 30, 23, 31, 11, 28, 17, 33, 25, 30, 2, 30, 17, 2, 27, 37, 32, 1, 27, 33, 25, 30]","[0, 0, 1, 0, 1, 0, 0, 0, 0, 0, 0, 0, 0, 0, 0, 0, 0, 0, 0, 1, 0, 0, 0, 0, 0, 0, 0, 0, 1, 0, 0, 1, 0, 0, 0]"
L2_arctic_WAV/ABA_arctic_b0428,"[4, 2, 24, 6, 34, 36, 1, 25, 12, 38, 14, 11, 33, 39, 5, 34, 36, 39, 1, 17, 22, 5, 33, 25, 7, 33, 19, 6, 34, 6, 40, 33, 6, 36, 2, 30, 6, 30, 6, 36]","[4, 2, 24, 5, 34, 36, 33, 25, 12, 38, 14, 11, 33, 39, 5, 34, 36, 39, 1, 17, 22, 5, 21, 25, 7, 23, 33, 19, 6, 34, 6, 40, 33, 6, 36, 2, 30, 5, 30, 5, 36]","[0, 0, 0, 1, 0, 0, 1, 0, 0, 0, 0, 0, 0, 0, 0, 0, 0, 0, 0, 0, 0, 0, 1, 0, 0, 0, 0, 0, 0, 0, 0, 0, 0, 0, 0, 0, 1, 0, 1, 0]"
L2_arctic_WAV/ABA_arctic_b0432,"[24, 25, 6, 40, 19, 6, 27, 41, 30, 2, 17, 6, 36, 33, 14, 6, 40, 6, 7, 22, 33, 12, 29, 4, 2, 34, 1, 22, 27, 28, 41, 34, 36, 37, 14, 11, 33, 27, 28, 41, 34]","[24, 25, 6, 40, 19, 6, 27, 41, 30, 2, 17, 6, 36, 33, 14, 6, 34, 6, 7, 27, 22, 33, 12, 29, 4, 2, 34, 21, 22, 27, 28, 3, 34, 36, 37, 14, 11, 21, 27, 28, 3, 34]","[0, 0, 0, 0, 0, 0, 0, 0, 0, 0, 0, 0, 0, 0, 0, 0, 1, 0, 0, 0, 0, 0, 0, 0, 0, 0, 1, 0, 0, 0, 1, 0, 0, 0, 0, 0, 1, 0, 0, 1, 0]"
L2_arctic_WAV/ABA_arctic_b0433,"[39, 25, 3, 33, 27, 11, 27, 6, 7, 8, 30, 4, 12, 27, 31, 11, 28, 34, 36, 31, 11, 38, 2, 30, 17, 8, 30, 4, 12, 8, 6, 28, 16, 1, 30, 1, 40]","[39, 25, 3, 33, 27, 11, 27, 6, 7, 27, 8, 30, 4, 12, 27, 31, 11, 28, 34, 36, 31, 11, 38, 2, 30, 17, 8, 30, 4, 12, 8, 6, 28, 32, 21, 30, 1, 34]","[0, 0, 0, 0, 0, 0, 0, 0, 0, 0, 0, 0, 0, 0, 0, 0, 0, 0, 0, 0, 0, 0, 0, 0, 0, 0, 0, 0, 0, 0, 0, 0, 1, 1, 0, 0, 1]"
L2_arctic_WAV/ABA_arctic_b0434,"[4, 2, 34, 36, 37, 1, 17, 24, 41, 40, 18, 12, 34, 36, 36, 5, 30, 17, 1, 17, 29, 25, 2, 33, 6, 34, 32, 5, 27, 36, 22, 2, 28, 16, 6, 36, 12, 38, 2, 17, 38, 14, 6, 34]","[4, 2, 34, 36, 25, 1, 17, 24, 41, 40, 13, 12, 34, 36, 36, 5, 30, 17, 1, 17, 29, 25, 2, 21, 6, 34, 32, 5, 27, 36, 22, 2, 28, 16, 6, 36, 8, 38, 41, 17, 38, 14, 6, 34]","[0, 0, 0, 0, 1, 0, 0, 0, 0, 0, 1, 0, 0, 0, 0, 0, 0, 0, 0, 0, 0, 0, 0, 1, 0, 0, 0, 0, 0, 0, 0, 0, 0, 0, 0, 0, 1, 0, 1, 0, 0, 0, 0, 0]"
L2_arctic_WAV/ABA_arctic_b0438,"[4, 19, 6, 33, 41, 30, 4, 2, 27, 2, 30, 37, 6, 30, 2, 30, 17, 27, 28, 14, 6, 29, 17, 4, 12, 24, 14, 6, 1, 10, 16, 41, 7, 27]","[4, 19, 6, 33, 12, 30, 40, 2, 27, 2, 30, 37, 6, 30, 2, 30, 17, 27, 28, 14, 6, 29, 17, 40, 12, 24, 14, 6, 21, 10, 16, 41, 7, 27]","[0, 0, 0, 0, 1, 0, 1, 0, 0, 0, 0, 0, 0, 0, 0, 0, 0, 0, 0, 0, 0, 0, 0, 1, 0, 0, 0, 0, 1, 0, 0, 0, 0, 0]"
L2_arctic_WAV/ABA_arctic_b0444,"[24, 25, 17, 6, 17, 2, 30, 36, 30, 31, 11, 24, 39, 12, 36, 39, 5, 30, 36, 8, 30, 6, 30, 4, 12, 29, 14, 6, 30, 17, 40, 12, 38, 24, 6, 40, 34, 37, 32, 6, 33, 25, 1, 40]","[24, 25, 17, 6, 17, 2, 30, 36, 30, 31, 11, 24, 39, 12, 36, 39, 5, 30, 36, 8, 30, 6, 30, 40, 12, 29, 14, 6, 30, 17, 40, 12, 38, 24, 6, 40, 34, 37, 32, 6, 33, 25, 1, 40]","[0, 0, 0, 0, 0, 0, 0, 0, 0, 0, 0, 0, 0, 0, 0, 0, 0, 0, 0, 0, 0, 0, 0, 1, 0, 0, 0, 0, 0, 0, 0, 0, 0, 0, 0, 0, 0, 0, 0, 0, 0, 0, 0, 0]"
L2_arctic_WAV/ABA_arctic_b0452,"[4, 19, 6, 34, 8, 25, 35, 12, 4, 1, 22, 8, 33, 4, 2, 22, 1, 34, 36, 36, 14, 6, 29, 6, 30, 16, 8, 34, 36, 2, 30]","[4, 19, 6, 34, 31, 11, 6, 35, 12, 4, 1, 22, 8, 33, 4, 2, 22, 1, 34, 36, 36, 14, 6, 29, 6, 30, 32, 8, 34, 36, 2, 30]","[0, 0, 0, 0, 1, 1, 0, 0, 0, 0, 0, 0, 0, 0, 0, 0, 0, 0, 0, 0, 0, 0, 0, 0, 0, 1, 0, 0, 0, 0, 0]"
L2_arctic_WAV/ABA_arctic_b0455,"[24, 6, 40, 33, 6, 39, 8, 33, 17, 9, 11, 17, 24, 41, 38, 16, 6, 30, 32, 25, 34, 2, 30, 17, 33, 25, 32, 31, 11, 40]","[24, 6, 40, 33, 11, 39, 8, 33, 17, 9, 11, 17, 24, 41, 38, 32, 6, 30, 16, 25, 34, 2, 30, 17, 17, 25, 32, 31, 11, 34]","[0, 0, 0, 0, 1, 0, 0, 0, 0, 0, 0, 0, 0, 0, 0, 1, 0, 0, 1, 0, 0, 0, 0, 0, 1, 0, 0, 0, 0, 1]"
L2_arctic_WAV/ABA_arctic_b0461,"[16, 14, 6, 38, 1, 35, 37, 12, 38, 4, 41, 36, 32, 14, 11, 1, 39, 25, 9, 41, 28, 33, 6, 29, 19, 6, 30, 6, 30, 32, 14, 11, 1]","[16, 14, 6, 2, 38, 1, 9, 37, 12, 38, 4, 41, 36, 32, 14, 11, 1, 39, 25, 9, 41, 28, 21, 6, 29, 19, 6, 30, 6, 30, 32, 14, 11, 1]","[0, 0, 0, 0, 0, 1, 0, 0, 0, 0, 0, 0, 0, 0, 0, 0, 0, 0, 0, 0, 0, 1, 0, 0, 0, 0, 0, 0, 0, 0, 0, 0, 0]"
L2_arctic_WAV/ABA_arctic_b0469,"[38, 5, 33, 25, 22, 26, 37, 32, 25, 32, 2, 28, 30, 37, 12, 38, 4, 2, 5, 23, 40, 6, 34, 36, 2, 30, 34, 12, 38, 4, 6, 34, 28, 8]","[38, 5, 33, 25, 22, 26, 37, 32, 25, 16, 2, 21, 30, 26, 37, 12, 38, 4, 2, 5, 23, 40, 6, 34, 36, 2, 30, 34, 12, 38, 4, 6, 34, 28, 8]","[0, 0, 0, 0, 0, 0, 0, 0, 0, 1, 0, 1, 0, 0, 0, 0, 0, 0, 0, 0, 0, 0, 0, 0, 0, 0, 0, 0, 0, 0, 0, 0, 0, 0]"
L2_arctic_WAV/ABA_arctic_b0490,"[24, 39, 12, 36, 2, 30, 6, 27, 34, 14, 6, 36, 6, 17, 24, 39, 6, 34, 32, 1, 6, 7, 2, 30, 17, 27, 2, 30, 22, 1, 6, 7, 36, 11, 27, 32, 28, 19, 6, 34]","[24, 39, 12, 36, 2, 30, 6, 27, 34, 14, 6, 36, 6, 17, 24, 39, 6, 34, 32, 1, 6, 7, 27, 2, 30, 17, 27, 2, 30, 22, 1, 6, 7, 23, 36, 11, 27, 32, 28, 19, 6, 34]","[0, 0, 0, 0, 0, 0, 0, 0, 0, 0, 0, 0, 0, 0, 0, 0, 0, 0, 0, 0, 0, 0, 0, 0, 0, 0, 0, 0, 0, 0, 0, 0, 0, 0, 0, 0, 0, 0, 0, 0]"
L2_arctic_WAV/ABA_arctic_b0492,"[4, 12, 34, 24, 25, 36, 1, 30, 17, 4, 2, 36, 5, 30, 2, 36, 34, 2, 30, 17, 18, 3, 33, 23, 2, 30, 12, 38, 34, 14, 6, 27, 3, 28, 2, 18, 25, 16, 41, 27, 8, 30, 29, 25]","[40, 37, 34, 24, 25, 36, 1, 30, 2, 17, 4, 2, 36, 5, 30, 2, 36, 34, 2, 30, 17, 13, 3, 33, 23, 2, 30, 12, 38, 34, 14, 6, 27, 3, 28, 2, 13, 25, 32, 41, 27, 8, 30, 29, 25]","[1, 1, 0, 0, 0, 0, 0, 0, 0, 0, 0, 0, 0, 0, 0, 0, 0, 0, 0, 0, 1, 0, 0, 0, 0, 0, 0, 0, 0, 0, 0, 0, 0, 0, 0, 1, 0, 1, 0, 0, 0, 0, 0, 0]"
L2_arctic_WAV/ABA_arctic_b0494,"[30, 5, 38, 1, 34, 31, 11, 34, 36, 33, 19, 6, 30, 18, 2, 32, 33, 3, 22, 2, 36, 27, 19, 6, 29, 12, 32, 36, 37, 18, 1, 37, 34, 2, 28, 2, 29]","[30, 5, 38, 1, 34, 31, 11, 34, 36, 33, 19, 6, 30, 18, 2, 32, 33, 31, 11, 22, 2, 36, 27, 19, 6, 29, 12, 32, 36, 37, 13, 37, 34, 28, 2, 29]","[0, 0, 0, 0, 0, 0, 0, 0, 0, 0, 0, 0, 0, 0, 0, 0, 0, 1, 0, 0, 0, 0, 0, 0, 0, 0, 0, 0, 0, 1, 1, 0, 0, 1, 0, 0, 0]"
L2_arctic_WAV/ABA_arctic_b0495,"[39, 25, 24, 37, 24, 41, 38, 6, 30, 17, 11, 33, 17, 34, 31, 11, 29, 12, 35, 9, 11, 33, 28, 25, 27, 41, 30, 6, 30, 17, 11, 33, 2, 28, 6, 36, 2, 28, 29, 8, 33]","[39, 25, 24, 37, 24, 41, 38, 6, 30, 17, 11, 33, 17, 34, 31, 11, 29, 12, 35, 9, 11, 33, 28, 25, 27, 41, 30, 6, 30, 17, 11, 33, 2, 28, 6, 36, 2, 28, 29, 8]","[0, 0, 0, 0, 0, 0, 0, 0, 0, 0, 0, 0, 0, 0, 0, 0, 0, 0, 0, 0, 0, 0, 0, 0, 0, 0, 0, 0, 0, 0, 0, 0, 0, 0, 0, 0, 0, 0, 0, 0, 1]"
L2_arctic_WAV/ABA_arctic_b0503,"[4, 12, 34, 5, 30, 36, 34, 12, 38, 34, 36, 33, 19, 6, 30, 18, 38, 5, 18, 2, 36, 19, 6, 9, 2, 30, 16, 28, 37, 8, 22, 4, 2, 36, 33, 3, 32, 6, 27, 28, 41, 30, 17]","[4, 12, 34, 5, 30, 36, 34, 12, 38, 34, 36, 33, 19, 6, 30, 18, 38, 6, 18, 2, 36, 19, 6, 9, 2, 30, 16, 28, 37, 8, 22, 40, 2, 36, 33, 3, 16, 6, 27, 28, 41, 30, 36]","[0, 0, 0, 0, 0, 0, 0, 0, 0, 0, 0, 0, 0, 0, 0, 0, 0, 1, 0, 0, 0, 0, 0, 0, 0, 0, 0, 0, 0, 0, 0, 1, 0, 0, 0, 0, 1, 0, 0, 0, 0, 0, 1]"
L2_arctic_WAV/ABA_arctic_b0504,"[4, 12, 28, 14, 6, 22, 4, 5, 33, 39, 3, 40, 24, 5, 28, 10, 22, 2, 28, 2, 30, 17, 41, 10, 28, 5, 36, 6, 27, 16, 12, 36, 36, 37, 18, 37, 38, 2, 30, 14, 6, 28]","[4, 12, 28, 14, 6, 22, 4, 5, 33, 39, 3, 40, 24, 5, 21, 10, 22, 2, 28, 2, 30, 17, 41, 10, 2, 28, 5, 36, 6, 27, 16, 12, 36, 36, 37, 13, 37, 38, 2, 30, 14, 6, 28]","[0, 0, 0, 0, 0, 0, 0, 0, 0, 0, 0, 0, 0, 0, 1, 0, 0, 0, 0, 0, 0, 0, 0, 0, 0, 0, 0, 0, 0, 0, 0, 0, 0, 0, 1, 0, 0, 0, 0, 0, 0, 0]"
L2_arctic_WAV/ABA_arctic_b0506,"[6, 36, 39, 11, 17, 24, 5, 28, 32, 36, 37, 36, 14, 6, 17, 29, 25, 2, 28, 8, 7, 2, 30, 36, 6, 28, 14, 6, 23, 3, 36, 34, 36, 5, 17, 25, 6, 29, 32, 28, 8, 6, 29, 2, 30, 36]","[6, 36, 39, 11, 17, 24, 5, 28, 32, 36, 37, 36, 14, 6, 17, 29, 25, 2, 28, 8, 7, 27, 2, 30, 36, 6, 21, 14, 6, 23, 3, 36, 34, 36, 5, 17, 25, 6, 29, 32, 28, 8, 6, 29, 2, 30, 36]","[0, 0, 0, 0, 0, 0, 0, 0, 0, 0, 0, 0, 0, 0, 0, 0, 0, 0, 0, 0, 0, 0, 0, 0, 0, 1, 0, 0, 0, 0, 0, 0, 0, 0, 0, 0, 0, 0, 0, 0, 0, 0, 0, 0, 0, 0]"
L2_arctic_WAV/ABA_arctic_b0518,"[16, 12, 36, 4, 5, 33, 39, 8, 40, 8, 28, 34, 31, 11, 36, 8, 27, 12, 38, 39, 6, 35, 27, 33, 41, 22, 36, 6, 30, 4, 2, 38, 6, 28, 6, 18]","[16, 12, 36, 4, 5, 33, 39, 8, 40, 8, 28, 34, 36, 8, 27, 12, 38, 39, 6, 35, 27, 33, 41, 22, 36, 6, 30, 4, 2, 38, 6, 28, 6, 18]","[0, 0, 0, 0, 0, 0, 0, 0, 0, 0, 0, 0, 1, 1, 0, 0, 0, 0, 0, 0, 0, 0, 0, 0, 0, 0, 0, 0, 0, 0, 0, 0, 0, 0, 0, 0]"
L2_arctic_WAV/ABA_arctic_b0534,"[14, 6, 28, 36, 5, 28, 26, 37, 4, 12, 28, 14, 6, 16, 33, 5, 33, 25, 2, 30, 34, 5, 17, 39, 6, 10, 2, 16, 33, 14, 6, 36, 2, 30, 6, 7, 22, 19, 6, 34]","[14, 6, 28, 36, 6, 21, 26, 37, 40, 12, 28, 14, 6, 32, 33, 5, 33, 25, 2, 30, 34, 5, 17, 39, 6, 40, 2, 32, 33, 14, 6, 36, 2, 30, 6, 7, 27, 22, 19, 6, 34]","[0, 0, 0, 0, 1, 1, 0, 0, 1, 0, 0, 0, 0, 1, 0, 0, 0, 0, 0, 0, 0, 0, 0, 0, 0, 1, 0, 1, 0, 0, 0, 0, 0, 0, 0, 0, 0, 0, 0, 0]"
L2_arctic_WAV/ABA_arctic_b0538,"[41, 36, 4, 12, 16, 5, 34, 36, 4, 19, 6, 39, 1, 30, 5, 34, 2, 34, 5, 33, 25, 41, 27, 34, 5, 34, 1, 25, 40]","[41, 36, 4, 12, 16, 5, 34, 36, 4, 19, 6, 39, 21, 30, 5, 34, 2, 34, 5, 33, 25, 41, 27, 34, 5, 34, 21, 25, 34]","[0, 0, 0, 0, 0, 0, 0, 0, 0, 0, 0, 0, 1, 0, 0, 0, 0, 0, 0, 0, 0, 0, 0, 0, 0, 0, 1, 0, 1]"
L2_arctic_WAV/SKA_arctic_a0003,"[22, 8, 33, 4, 2, 36, 39, 5, 30, 36, 25, 6, 10, 36, 14, 6, 29, 4, 2, 36, 25, 38, 30, 6, 7, 4, 2, 36, 37, 29, 5, 30, 9, 11, 27, 24, 41, 30, 17, 40]","[22, 8, 33, 4, 2, 36, 39, 5, 30, 36, 25, 30, 10, 36, 14, 6, 29, 4, 5, 36, 25, 38, 30, 6, 7, 4, 2, 36, 37, 29, 5, 30, 9, 11, 27, 24, 41, 30, 17, 40]","[0, 0, 0, 0, 0, 0, 0, 0, 0, 0, 0, 1, 0, 0, 0, 0, 0, 0, 1, 0, 0, 0, 0, 0, 0, 0, 0, 0, 0, 0, 0, 0, 0, 0, 0, 0, 0, 0, 0, 0]"
L2_arctic_WAV/SKA_arctic_a0005,"[39, 6, 28, 39, 25, 5, 38, 1, 22, 8, 33, 23, 5, 36, 6, 36]","[39, 5, 28, 39, 25, 5, 38, 1, 22, 8, 33, 23, 5, 36, 6]","[0, 1, 0, 0, 0, 0, 0, 0, 0, 0, 0, 0, 0, 0, 0, 1]"
L2_arctic_WAV/SKA_arctic_a0006,"[23, 3, 17, 16, 28, 5, 34, 2, 29, 14, 6, 24, 31, 11, 32, 14, 6, 39, 6, 28, 23, 31, 11, 3, 30, 34, 25, 6, 7, 4, 5, 29, 22, 1, 5, 38, 1]","[23, 3, 17, 16, 2, 28, 5, 34, 2, 29, 14, 6, 24, 8, 16, 14, 6, 39, 6, 28, 23, 8, 3, 30, 34, 25, 6, 7, 23, 4, 5, 29, 22, 1, 5, 38, 1]","[0, 0, 0, 0, 0, 0, 0, 0, 0, 0, 0, 0, 1, 1, 1, 0, 0, 0, 0, 0, 0, 1, 1, 0, 0, 0, 0, 0, 0, 0, 0, 0, 0, 0, 0, 0, 0]"
L2_arctic_WAV/SKA_arctic_a0007,"[41, 30, 17, 26, 37, 8, 28, 39, 25, 40, 39, 3, 30, 36, 36, 2, 34, 25, 6, 36, 6, 30, 4, 2, 34, 11, 32, 1, 28, 2, 36, 6, 38, 17, 6, 23, 33, 25]","[41, 30, 17, 26, 37, 8, 28, 39, 25, 40, 39, 3, 30, 36, 36, 2, 34, 25, 6, 36, 6, 30, 4, 2, 34, 11, 16, 1, 28, 19, 6, 36, 6, 38, 17, 6, 23, 33, 25]","[0, 0, 0, 0, 0, 0, 0, 0, 0, 0, 0, 0, 0, 0, 0, 0, 0, 0, 0, 0, 0, 0, 0, 0, 0, 0, 1, 0, 0, 1, 0, 0, 0, 0, 0, 0, 0, 0]"
L2_arctic_WAV/SKA_arctic_a0008,"[23, 41, 17, 26, 11, 33, 28, 5, 36, 1, 27, 19, 6, 29, 18, 12, 34, 36, 6, 30, 36, 14, 6, 29]","[23, 41, 17, 26, 11, 28, 5, 36, 2, 33, 27, 5, 29, 13, 12, 34, 36, 6, 30, 36, 14, 6, 29]","[0, 0, 0, 0, 0, 1, 0, 0, 0, 1, 1, 1, 1, 0, 1, 0, 0, 0, 0, 0, 0, 0, 0, 0]"
L2_arctic_WAV/SKA_arctic_a0010,"[14, 6, 29, 32, 28, 19, 6, 6, 7, 2, 34, 6, 7, 23, 2, 28, 24, 41, 30, 17, 6, 30, 39, 12, 36, 28, 11, 27, 34, 28, 14, 6, 27, 2, 28, 37, 40, 6, 7, 23, 19, 6, 29]","[14, 6, 29, 16, 28, 19, 6, 6, 7, 2, 34, 6, 7, 23, 2, 28, 24, 41, 30, 17, 6, 30, 39, 12, 36, 28, 11, 27, 34, 28, 14, 6, 27, 2, 28, 37, 40, 6, 7, 23, 23, 5, 29]","[0, 0, 0, 1, 0, 0, 0, 0, 0, 0, 0, 0, 0, 0, 0, 0, 0, 0, 0, 0, 0, 0, 0, 0, 0, 0, 0, 0, 0, 0, 0, 0, 0, 0, 0, 0, 0, 0, 0, 0, 1, 1, 0]"
L2_arctic_WAV/SKA_arctic_a0011,"[6, 22, 14, 6, 5, 38, 1, 30, 25, 17, 6, 17, 2, 22, 14, 6, 36, 1, 6, 30, 29, 14, 6, 28, 14, 6, 22, 14, 6, 30, 25, 17, 39, 12, 30, 30, 14, 11]","[6, 22, 14, 6, 6, 38, 1, 30, 25, 17, 6, 17, 2, 22, 14, 6, 36, 1, 6, 30, 29, 14, 6, 28, 14, 6, 22, 14, 6, 30, 25, 17, 39, 12, 30, 30, 14, 11]","[0, 0, 0, 0, 1, 0, 0, 0, 0, 0, 0, 0, 0, 0, 0, 0, 0, 0, 0, 0, 0, 0, 0, 0, 0, 0, 0, 0, 0, 0, 0, 0, 0, 0, 0, 0, 0, 0]"
L2_arctic_WAV/SKA_arctic_a0013,"[24, 25, 39, 2, 40, 2, 24, 5, 17, 9, 8, 33, 36, 1, 4, 41, 30, 24, 6, 40, 27, 2, 29, 32, 41, 30, 26, 2, 30, 12, 38, 8, 28, 29, 31, 11, 34, 36, 17, 5, 28, 2, 27, 2, 36, 22, 2, 40, 25, 27]","[24, 25, 39, 2, 40, 2, 24, 5, 17, 35, 8, 33, 36, 1, 4, 41, 30, 24, 6, 40, 27, 2, 29, 16, 41, 30, 26, 2, 30, 12, 38, 3, 28, 29, 31, 11, 34, 36, 17, 5, 28, 2, 27, 2, 36, 22, 2, 40, 25, 27]","[0, 0, 0, 0, 0, 0, 0, 0, 0, 1, 0, 0, 0, 0, 0, 0, 0, 0, 0, 0, 0, 0, 0, 1, 0, 0, 0, 0, 0, 0, 0, 1, 0, 0, 0, 0, 0, 0, 0, 0, 0, 0, 0, 0, 0, 0, 0, 0, 0, 0]"
L2_arctic_WAV/SKA_arctic_a0018,"[4, 5, 33, 39, 8, 40, 2, 35, 19, 6, 30, 18, 30, 14, 11]","[4, 5, 33, 39, 8, 40, 2, 35, 5, 30, 18, 2, 30, 14, 11]","[0, 0, 0, 0, 0, 0, 0, 0, 1, 1, 0, 0, 0, 0, 0]"
L2_arctic_WAV/SKA_arctic_a0019,"[14, 6, 22, 3, 28, 31, 11, 17, 4, 2, 28, 14, 6, 30, 12, 38, 4, 12, 32, 33, 2, 32, 31, 11, 40, 17, 33, 19, 6, 28, 33, 31, 11, 17, 28, 11, 27, 6, 7, 22, 8, 33, 35, 41, 30, 34, 6, 40]","[14, 6, 22, 3, 28, 8, 17, 4, 2, 28, 19, 6, 30, 12, 38, 4, 12, 16, 33, 2, 16, 8, 40, 12, 28, 33, 19, 6, 28, 8, 17, 28, 11, 27, 6, 7, 23, 22, 8, 33, 35, 41, 30, 34, 6, 34]","[0, 0, 0, 0, 0, 1, 1, 0, 0, 0, 0, 1, 0, 0, 0, 0, 0, 0, 1, 0, 0, 1, 1, 1, 1, 1, 0, 0, 0, 0, 1, 1, 1, 0, 0, 0, 0, 0, 0, 0, 0, 0, 0, 0, 0, 0, 0, 1]"
L2_arctic_WAV/SKA_arctic_a0020,"[27, 28, 12, 16, 40, 41, 30, 17, 16, 8, 28, 40, 41, 30, 17, 34, 6, 36, 25, 40, 23, 33, 37, 36, 37, 16, 25, 31, 11, 30, 28, 25, 29, 5, 29, 1, 25, 40]","[27, 28, 12, 16, 40, 41, 30, 17, 16, 8, 28, 40, 41, 30, 17, 34, 6, 36, 25, 40, 23, 33, 37, 36, 37, 16, 25, 8, 30, 28, 25, 29, 5, 29, 1, 25, 40]","[0, 0, 0, 0, 0, 0, 0, 0, 0, 0, 0, 0, 0, 0, 0, 0, 0, 0, 0, 0, 0, 0, 0, 0, 0, 0, 0, 1, 1, 0, 0, 0, 0, 0, 0, 0, 0, 0]"
L2_arctic_WAV/SKA_arctic_a0021,"[6, 36, 22, 5, 33, 28, 25, 27, 28, 12, 16, 17, 29, 25, 6, 30, 36, 37, 33, 5, 27, 2, 23, 30, 14, 6, 40, 6, 7, 6, 36]","[6, 36, 22, 33, 25, 28, 25, 27, 28, 12, 16, 17, 2, 29, 25, 6, 30, 36, 37, 33, 5, 27, 2, 23, 30, 14, 6, 40, 6, 7, 23, 6, 36]","[0, 0, 0, 1, 1, 0, 0, 0, 0, 0, 0, 0, 0, 0, 0, 0, 0, 0, 0, 0, 0, 0, 0, 0, 0, 0, 0, 0, 0, 0, 0]"
L2_arctic_WAV/SKA_arctic_a0022,"[24, 3, 33, 17, 28, 25, 39, 1, 14, 11, 1, 32, 28, 41, 30, 40, 29, 19, 6, 17, 32, 12, 16, 28, 6, 27, 16, 25, 22, 8, 33, 39, 25, 39, 1, 29, 5, 36, 16, 14, 6, 32, 14, 11, 1, 22, 2, 28, 3, 32, 2, 40, 6, 9, 2, 30]","[24, 3, 33, 17, 28, 25, 39, 5, 33, 14, 11, 1, 16, 28, 41, 30, 40, 29, 5, 17, 32, 12, 16, 28, 6, 27, 16, 25, 22, 8, 33, 39, 25, 39, 5, 33, 29, 5, 36, 16, 14, 6, 16, 14, 11, 1, 22, 2, 28, 8, 16, 2, 40, 6, 9, 2, 30]","[0, 0, 0, 0, 0, 0, 0, 1, 0, 0, 0, 1, 0, 0, 0, 0, 0, 1, 1, 0, 0, 0, 0, 0, 0, 0, 0, 0, 0, 0, 0, 0, 0, 0, 1, 0, 0, 0, 0, 0, 0, 1, 0, 0, 0, 0, 0, 0, 1, 1, 0, 0, 0, 0, 0, 0]"
L2_arctic_WAV/SKA_arctic_a0023,"[2, 27, 3, 29, 16, 2, 30, 19, 6, 9, 2, 30, 12, 38, 27, 2, 30, 19, 6, 17, 25, 2, 30, 27, 41, 32, 6, 36, 2, 28, 27, 39, 6, 27, 28, 25, 8, 33, 23, 2, 30, 14, 6, 40, 17, 41, 30, 17, 32, 2, 36, 6, 9, 2, 30, 17, 22, 8, 33, 4, 2, 34, 19, 6, 29, 32, 33, 6, 38, 28, 6, 18, 6, 40]","[2, 27, 3, 29, 16, 2, 30, 19, 6, 9, 2, 30, 12, 38, 27, 5, 30, 18, 18, 2, 30, 27, 41, 16, 6, 36, 2, 28, 27, 39, 6, 27, 28, 25, 8, 33, 23, 2, 30, 14, 6, 40, 17, 41, 30, 17, 2, 16, 2, 36, 6, 9, 2, 30, 17, 22, 8, 33, 4, 2, 34, 19, 6, 29, 16, 28, 6, 38, 6, 18, 6, 40]","[0, 0, 0, 0, 0, 0, 0, 0, 0, 0, 0, 0, 0, 0, 0, 1, 0, 1, 1, 1, 1, 0, 0, 0, 0, 1, 0, 0, 0, 0, 0, 0, 0, 0, 0, 0, 0, 0, 0, 0, 0, 0, 0, 0, 0, 0, 0, 0, 1, 0, 0, 0, 0, 0, 0, 0, 0, 0, 0, 0, 0, 0, 0, 0, 0, 1, 1, 0, 0, 1, 0, 0, 0, 0]"
L2_arctic_WAV/SKA_arctic_a0024,"[6, 36, 39, 8, 40, 29, 14, 6, 33, 25, 32, 8, 33, 36, 34, 22, 33, 12, 29, 4, 2, 30, 8, 33, 10, 24, 39, 6, 35, 35, 25, 22, 28, 25, 6, 30, 17, 37, 34, 36, 32, 25, 32, 2, 28, 36, 2, 16, 14, 6]","[6, 36, 39, 8, 40, 29, 14, 6, 33, 25, 16, 8, 33, 17, 40, 22, 33, 12, 29, 4, 2, 30, 8, 33, 10, 24, 39, 6, 35, 35, 25, 22, 28, 25, 6, 30, 17, 37, 40, 17, 16, 25, 16, 2, 28, 36, 2, 16, 14, 6]","[0, 0, 0, 0, 0, 0, 0, 0, 0, 0, 1, 0, 0, 1, 1, 0, 0, 0, 0, 0, 0, 0, 0, 0, 0, 0, 0, 0, 0, 0, 0, 0, 0, 0, 0, 0, 0, 0, 1, 1, 1, 0, 1, 0, 0, 0, 0, 0, 0, 0]"
L2_arctic_WAV/SKA_arctic_a0025,"[14, 6, 39, 2, 40, 2, 16, 14, 11, 36, 36, 2, 17, 37, 4, 6, 34, 39, 6, 30, 27, 37, 28, 1, 18, 12, 18, 29, 2, 30, 36, 32, 33, 25, 38, 19, 6, 28, 17]","[14, 6, 39, 2, 40, 2, 16, 14, 11, 36, 2, 17, 37, 4, 6, 34, 39, 6, 30, 27, 12, 28, 1, 13, 12, 18, 29, 2, 30, 36, 16, 33, 25, 38, 5, 28, 17]","[0, 0, 0, 0, 0, 0, 0, 0, 0, 1, 0, 0, 0, 0, 0, 0, 0, 0, 0, 0, 0, 1, 0, 0, 1, 0, 0, 0, 0, 0, 0, 1, 0, 0, 0, 1, 1, 0, 0]"
L2_arctic_WAV/SKA_arctic_a0026,"[6, 36, 2, 27, 1, 17, 36, 37, 29, 25, 4, 41, 36, 4, 5, 33, 39, 11, 17, 24, 41, 38, 36, 37, 16, 25, 41, 30, 2, 27, 14, 11, 30, 36, 6, 7]","[6, 36, 8, 27, 5, 33, 17, 36, 37, 29, 25, 4, 41, 4, 5, 33, 39, 11, 17, 24, 41, 38, 36, 37, 16, 25, 41, 30, 2, 27, 14, 11, 30, 36, 6, 7, 23]","[0, 0, 1, 0, 1, 0, 0, 0, 0, 0, 0, 0, 1, 0, 0, 0, 0, 0, 0, 0, 0, 0, 0, 0, 0, 0, 0, 0, 0, 0, 0, 0, 0, 0, 0, 0]"
L2_arctic_WAV/SKA_arctic_a0027,"[36, 37, 29, 14, 6, 34, 2, 32, 33, 14, 6, 40, 24, 25, 16, 25, 23, 41, 30, 36, 6, 9, 31, 11, 41, 27, 35, 2, 39, 2, 28, 6, 30, 10, 37, 40, 25, 41, 40, 2, 29, 6, 30, 29, 14, 6, 22, 19, 6, 38, 1]","[36, 37, 29, 14, 6, 34, 2, 32, 33, 14, 6, 40, 24, 25, 16, 25, 23, 41, 30, 36, 6, 9, 8, 41, 27, 35, 2, 39, 2, 28, 6, 30, 10, 26, 37, 40, 41, 34, 2, 29, 6, 30, 29, 14, 6, 22, 5, 38, 1]","[0, 0, 0, 0, 0, 0, 0, 0, 0, 0, 0, 0, 0, 0, 0, 0, 0, 0, 0, 0, 0, 0, 1, 1, 0, 0, 0, 0, 0, 0, 0, 0, 0, 0, 0, 0, 1, 0, 1, 0, 0, 0, 0, 0, 0, 0, 0, 1, 1, 0, 0]"
L2_arctic_WAV/SKA_arctic_a0028,"[33, 3, 16, 1, 25, 16, 33, 14, 6, 16, 1, 25, 22, 33, 8, 17]","[33, 3, 16, 1, 25, 16, 33, 5, 16, 1, 25, 22, 33, 8, 17]","[0, 0, 0, 0, 0, 0, 0, 1, 1, 0, 0, 0, 0, 0, 0, 0]"
L2_arctic_WAV/SKA_arctic_a0029,"[4, 5, 33, 22, 8, 33, 34, 6, 40, 39, 1, 8, 33, 5, 17, 25, 29, 37, 38, 6, 7, 6, 30, 36, 37, 4, 2, 30, 8, 33, 10, 27, 12, 30, 36, 33, 25]","[4, 5, 33, 22, 8, 33, 34, 6, 40, 39, 5, 28, 8, 28, 33, 5, 17, 25, 29, 37, 38, 6, 7, 6, 30, 36, 37, 4, 2, 30, 8, 33, 10, 27, 12, 30, 36, 33, 25]","[0, 0, 0, 0, 0, 0, 0, 0, 0, 0, 1, 0, 0, 0, 0, 0, 0, 0, 0, 0, 0, 0, 0, 0, 0, 0, 0, 0, 0, 0, 0, 0, 0, 0, 0, 0, 0]"
L2_arctic_WAV/SKA_arctic_a0030,"[14, 6, 24, 41, 17, 22, 19, 6, 10, 6, 30, 4, 5, 29]","[14, 6, 24, 41, 17, 22, 19, 6, 10, 6, 30, 4, 5, 29]","[0, 0, 0, 0, 0, 0, 0, 0, 0, 0, 0, 0, 0, 0]"
L2_arctic_WAV/SKA_arctic_a0031,"[4, 19, 6, 39, 1, 10, 33, 25, 24, 12, 30, 17, 33, 6, 17, 26, 3, 33, 17, 40, 2, 32, 3, 33, 36]","[4, 19, 6, 39, 1, 10, 33, 25, 24, 12, 30, 17, 33, 6, 17, 26, 3, 33, 17, 2, 40, 17, 2, 16, 3, 33, 36]","[0, 0, 0, 0, 0, 0, 0, 0, 0, 0, 0, 0, 0, 0, 0, 0, 0, 0, 0, 0, 0, 1, 0, 0, 0]"
L2_arctic_WAV/SKA_arctic_a0032,"[34, 6, 30, 34, 4, 5, 30, 34, 12, 29, 29, 6, 34, 36, 6, 33, 25, 2, 34, 22, 8, 33, 34, 24, 41, 40, 16, 6, 30, 22, 14, 6, 36, 6, 7, 12, 34, 41, 36, 5, 38, 33, 25, 34, 36, 5, 32]","[34, 6, 30, 34, 4, 5, 30, 34, 12, 29, 29, 6, 34, 36, 6, 33, 25, 2, 33, 34, 22, 8, 33, 34, 24, 41, 40, 16, 6, 30, 22, 14, 6, 36, 6, 7, 23, 12, 34, 41, 36, 5, 38, 33, 25, 34, 36, 5, 32]","[0, 0, 0, 0, 0, 0, 0, 0, 0, 0, 0, 0, 0, 0, 0, 0, 0, 0, 0, 0, 0, 0, 0, 0, 0, 0, 0, 0, 0, 0, 0, 0, 0, 0, 0, 0, 0, 0, 0, 0, 0, 0, 0, 0, 0, 0, 0]"
L2_arctic_WAV/SKA_arctic_a0036,"[9, 25, 36, 1, 30, 17, 6, 30, 41, 36, 4, 12, 24, 31, 11, 36, 5, 28]","[9, 25, 36, 1, 30, 5, 17, 6, 30, 41, 4, 12, 24, 8, 36, 5, 28]","[0, 0, 0, 0, 0, 0, 0, 0, 0, 1, 0, 0, 0, 1, 1, 0, 0, 0]"
L2_arctic_WAV/SKA_arctic_a0037,"[14, 6, 39, 8, 40, 4, 12, 31, 11, 30, 28, 25, 39, 12, 30, 24, 37, 33, 25, 29, 19, 6, 30, 17, 34, 6, 36, 6, 7]","[14, 6, 8, 28, 39, 5, 40, 4, 12, 8, 30, 28, 25, 39, 12, 30, 24, 37, 33, 25, 29, 14, 6, 30, 17, 5, 34, 6, 36, 6, 7, 23]","[0, 0, 0, 1, 0, 0, 0, 1, 1, 0, 0, 0, 0, 0, 0, 0, 0, 0, 0, 0, 1, 0, 0, 0, 0, 0, 0, 0, 0]"
L2_arctic_WAV/SKA_arctic_a0038,"[39, 6, 28, 24, 41, 38, 36, 37, 39, 8, 35, 14, 11, 1, 35, 41, 30, 34, 6, 40]","[39, 6, 28, 24, 41, 38, 36, 37, 39, 8, 35, 14, 11, 1, 35, 3, 30, 34, 6, 34]","[0, 0, 0, 0, 0, 0, 0, 0, 0, 0, 0, 0, 0, 0, 0, 1, 0, 0, 0, 1]"
L2_arctic_WAV/SKA_arctic_a0039,"[4, 2, 9, 6, 32, 9, 11, 17, 16, 25, 6, 30, 39, 6, 4, 6, 30, 2, 39, 25, 27, 8, 33, 36, 5, 30, 17, 19, 6, 40]","[4, 2, 9, 6, 32, 9, 11, 17, 16, 25, 6, 30, 39, 6, 4, 6, 30, 2, 39, 25, 27, 8, 33, 36, 5, 30, 17, 19, 6, 40]","[0, 0, 0, 0, 0, 0, 0, 0, 0, 0, 0, 0, 0, 0, 0, 0, 0, 0, 0, 0, 0, 0, 0, 0, 0, 0, 0, 0, 0, 0]"
L2_arctic_WAV/SKA_arctic_a0040,"[14, 6, 34, 2, 32, 31, 11, 40, 26, 37, 39, 12, 30, 17, 1, 39, 14, 6, 9, 25, 6, 40, 27, 12, 29, 6, 7, 12, 32, 24, 25, 33]","[14, 6, 34, 2, 16, 8, 40, 26, 37, 39, 12, 30, 17, 1, 39, 14, 6, 9, 25, 6, 40, 27, 12, 29, 6, 7, 23, 12, 32, 24, 25, 33]","[0, 0, 0, 0, 1, 1, 1, 0, 0, 0, 0, 0, 0, 0, 0, 0, 0, 0, 0, 0, 0, 0, 0, 0, 0, 0, 0, 0, 0, 0, 0, 0]"
L2_arctic_WAV/SKA_arctic_a0041,"[29, 25, 30, 39, 14, 6, 28, 14, 6, 28, 23, 31, 11, 14, 11, 36, 36, 37, 16, 33, 25, 4, 2, 34, 32, 5, 28]","[29, 25, 30, 39, 14, 6, 28, 14, 6, 28, 23, 8, 14, 11, 36, 37, 16, 33, 25, 10, 2, 34, 32, 5, 28]","[0, 0, 0, 0, 0, 0, 0, 0, 0, 0, 0, 1, 1, 0, 0, 1, 0, 0, 0, 0, 0, 1, 0, 0, 0, 0, 0]"
L2_arctic_WAV/SKA_arctic_a0042,"[24, 14, 11, 27, 11, 17, 24, 25, 6, 27, 34, 32, 28, 19, 6, 30, 24, 6, 40, 32, 2, 40, 5, 9, 2, 30, 12, 38, 4, 2, 34, 27, 5, 35]","[24, 14, 11, 27, 11, 17, 24, 25, 6, 27, 34, 2, 16, 28, 5, 30, 24, 6, 40, 16, 8, 40, 5, 9, 2, 30, 8, 38, 4, 2, 34, 36, 5, 35]","[0, 0, 0, 0, 0, 0, 0, 0, 0, 0, 0, 1, 1, 1, 1, 0, 0, 0, 0, 1, 1, 0, 0, 0, 0, 0, 1, 0, 0, 0, 0, 1, 0, 0]"
L2_arctic_WAV/SKA_arctic_a0045,"[24, 25, 29, 37, 38, 17, 2, 39, 19, 6, 41, 40, 27, 39, 14, 6, 2, 36, 28, 25, 41, 40, 24, 25, 24, 41, 17, 27, 12, 29]","[24, 25, 29, 37, 38, 17, 2, 39, 19, 6, 41, 40, 27, 39, 14, 6, 2, 36, 28, 25, 41, 40, 24, 25, 24, 41, 17, 27, 12, 29]","[0, 0, 0, 0, 0, 0, 0, 0, 0, 0, 0, 0, 0, 0, 0, 0, 0, 0, 0, 0, 0, 0, 0, 0, 0, 0, 0, 0, 0, 0]"
L2_arctic_WAV/SKA_arctic_a0046,"[4, 2, 23, 1, 28, 22, 19, 6, 34, 36, 24, 6, 29, 24, 1, 14, 6, 40, 9, 14, 6, 30, 6, 7, 39, 6, 10, 34, 12, 17, 2, 30, 22, 6, 33]","[4, 2, 23, 1, 28, 22, 19, 6, 40, 17, 24, 6, 29, 24, 1, 14, 6, 40, 9, 14, 6, 30, 6, 7, 23, 39, 6, 10, 9, 34, 12, 17, 2, 30, 22, 6, 33]","[0, 0, 0, 0, 0, 0, 0, 0, 1, 1, 0, 0, 0, 0, 0, 0, 0, 0, 0, 0, 0, 0, 0, 0, 0, 0, 0, 0, 0, 0, 0, 0, 0, 0, 0]"
L2_arctic_WAV/SKA_arctic_a0047,"[27, 28, 31, 11, 40, 16, 25, 34, 14, 6, 17, 24, 6, 29, 23, 28, 25, 29, 17, 4, 12, 39, 14, 6, 36, 22, 41, 7, 40, 12, 38, 4, 12, 39, 11, 28, 22, 17, 8, 23]","[27, 28, 8, 40, 16, 25, 34, 14, 6, 17, 24, 6, 29, 23, 28, 5, 29, 17, 4, 12, 39, 14, 6, 36, 22, 41, 7, 40, 12, 38, 4, 12, 39, 11, 28, 22, 5, 17, 8, 23]","[0, 0, 1, 1, 0, 0, 0, 0, 0, 0, 0, 0, 0, 0, 0, 0, 1, 0, 0, 0, 0, 0, 0, 0, 0, 0, 0, 0, 0, 0, 0, 0, 0, 0, 0, 0, 0, 0, 0, 0]"
L2_arctic_WAV/SKA_arctic_a0048,"[24, 25, 28, 11, 27, 36, 41, 36, 4, 2, 24, 41, 7, 27, 1, 35, 25, 22, 29, 8, 33, 27, 28, 31, 11, 34, 28, 25]","[24, 25, 28, 11, 23, 17, 41, 4, 2, 24, 41, 7, 27, 1, 35, 25, 22, 29, 8, 33, 27, 28, 8, 40, 28, 25]","[0, 0, 0, 0, 1, 1, 0, 1, 0, 0, 0, 0, 0, 0, 0, 0, 0, 0, 0, 0, 0, 0, 0, 1, 1, 1, 0, 0]"
L2_arctic_WAV/SKA_arctic_a0051,"[4, 2, 28, 19, 6, 34, 39, 8, 40, 12, 38, 2, 17, 5, 28, 2, 27, 2, 36, 14, 6, 38, 1, 25, 27, 12, 28, 1, 22, 19, 6, 30, 36, 28, 25, 36, 6, 30, 36, 6, 17, 39, 6, 10, 26, 5, 28, 31, 11]","[4, 2, 28, 19, 6, 34, 39, 8, 40, 12, 38, 2, 17, 5, 28, 2, 27, 2, 36, 14, 6, 38, 33, 25, 27, 12, 28, 1, 22, 5, 36, 28, 25, 5, 30, 36, 19, 6, 30, 17, 6, 17, 39, 6, 10, 26, 5, 28, 31, 11]","[0, 0, 0, 0, 0, 0, 0, 0, 0, 0, 0, 0, 0, 0, 0, 0, 0, 0, 0, 0, 0, 0, 1, 0, 0, 0, 0, 0, 0, 1, 1, 1, 0, 0, 0, 0, 0, 0, 1, 0, 0, 0, 0, 0, 0, 0, 0, 0, 0]"
L2_arctic_WAV/SKA_arctic_a0052,"[6, 36, 39, 2, 40, 2, 27, 26, 11, 33, 25, 2, 34, 27, 31, 11, 6, 30, 34, 6, 17, 2, 30, 34]","[6, 36, 39, 2, 40, 2, 27, 26, 2, 33, 25, 2, 34, 27, 8, 30, 34, 6, 17, 2, 30, 34]","[0, 0, 0, 0, 0, 0, 0, 0, 1, 0, 0, 0, 0, 0, 1, 1, 1, 0, 0, 0, 0, 0, 0, 0]"
L2_arctic_WAV/SKA_arctic_a0053,"[34, 12, 17, 2, 30, 28, 25, 24, 6, 40, 22, 6, 7, 23, 1, 40, 27, 28, 31, 11, 40, 17, 36, 14, 6, 36, 28, 25, 31, 11, 38, 1, 4, 2, 24, 41, 7, 27, 1, 35, 25, 22]","[34, 12, 17, 2, 30, 28, 25, 24, 6, 40, 22, 6, 7, 23, 1, 40, 27, 28, 8, 40, 2, 36, 14, 6, 36, 28, 25, 8, 38, 1, 4, 2, 24, 41, 7, 23, 1, 35, 25, 22]","[0, 0, 0, 0, 0, 0, 0, 0, 0, 0, 0, 0, 0, 0, 0, 0, 0, 0, 1, 1, 0, 1, 0, 0, 0, 0, 0, 0, 1, 1, 0, 0, 0, 0, 0, 0, 0, 1, 0, 0, 0, 0]"
L2_arctic_WAV/SKA_arctic_a0054,"[4, 5, 33, 39, 8, 40, 30, 12, 10, 6, 7, 8, 30, 4, 12, 33, 3, 27]","[4, 5, 33, 39, 8, 40, 30, 12, 10, 6, 7, 23, 8, 30, 4, 12, 33, 3, 27]","[0, 0, 0, 0, 0, 0, 0, 0, 0, 0, 0, 0, 0, 0, 0, 0, 0, 0]"
L2_arctic_WAV/SKA_arctic_a0058,"[14, 6, 27, 19, 6, 29, 22, 8, 33, 6, 30, 22, 8, 33, 29, 19, 6, 9, 2, 30, 29, 8, 33, 14, 11, 36, 12, 38, 27, 26, 11, 33, 25, 3, 34, 2, 36, 25, 4, 41, 30, 5, 30, 25, 10, 6, 7, 5, 28, 34]","[14, 6, 27, 5, 29, 22, 8, 33, 6, 30, 22, 8, 33, 29, 19, 6, 9, 2, 30, 29, 8, 33, 14, 11, 36, 12, 38, 27, 26, 11, 33, 25, 3, 40, 2, 36, 25, 4, 41, 30, 5, 30, 25, 10, 6, 7, 23, 5, 28, 34]","[0, 0, 0, 1, 1, 0, 0, 0, 0, 0, 0, 0, 0, 0, 0, 0, 0, 0, 0, 0, 0, 0, 0, 0, 0, 0, 0, 0, 0, 0, 0, 0, 0, 0, 1, 0, 0, 0, 0, 0, 0, 0, 0, 0, 0, 0, 0, 0, 0, 0]"
L2_arctic_WAV/SKA_arctic_a0059,"[24, 6, 40, 6, 29, 41, 27, 26, 37, 28, 6, 36, 2, 32, 6, 33, 2, 30, 34, 39, 8, 40, 23, 8, 30]","[24, 6, 40, 6, 29, 6, 27, 37, 28, 19, 6, 36, 2, 32, 6, 33, 2, 30, 34, 39, 8, 40, 23, 8, 30]","[0, 0, 0, 0, 0, 1, 0, 1, 0, 0, 0, 0, 0, 0, 0, 0, 0, 0, 0, 0, 0, 0, 0, 0, 0]"
L2_arctic_WAV/SKA_arctic_a0060,"[5, 30, 25, 39, 19, 6, 30, 31, 11, 39, 12, 30, 34, 8, 24, 1, 28, 14, 6, 27, 4, 41, 36]","[5, 30, 25, 39, 19, 6, 30, 8, 39, 12, 30, 34, 8, 24, 1, 28, 14, 6, 4, 41, 36]","[0, 0, 0, 0, 0, 0, 0, 1, 1, 0, 0, 0, 0, 0, 0, 0, 0, 0, 0, 1, 0, 0, 0]"
L2_arctic_WAV/SKA_arctic_a0062,"[4, 2, 29, 5, 30, 34, 36, 5, 33, 17, 6, 30, 36, 37, 25, 35, 12, 4, 1, 40, 22, 19, 6, 34]","[4, 2, 29, 5, 30, 34, 36, 3, 33, 36, 2, 17, 6, 30, 36, 37, 25, 35, 12, 4, 1, 40, 22, 19, 6, 34]","[0, 0, 0, 0, 0, 0, 0, 1, 0, 0, 0, 0, 0, 0, 0, 0, 0, 0, 0, 0, 0, 0, 0, 0]"
L2_arctic_WAV/SKA_arctic_a0063,"[26, 5, 34, 6, 36, 39, 12, 40, 2, 29, 41, 30, 24, 37, 41, 34, 27, 36, 2, 34, 36, 33, 19, 6, 30, 18, 1]","[26, 5, 34, 6, 36, 39, 12, 40, 2, 29, 41, 30, 24, 37, 3, 34, 27, 5, 17, 2, 34, 36, 33, 5, 30, 18, 1]","[0, 0, 0, 0, 0, 0, 0, 0, 0, 0, 0, 0, 0, 0, 1, 0, 0, 1, 0, 0, 0, 0, 1, 1, 0, 0, 0]"
L2_arctic_WAV/SKA_arctic_a0064,"[4, 2, 22, 8, 33, 10, 41, 30, 17, 22, 6, 10, 17, 19, 6, 40, 32, 41, 34, 36, 39, 6, 4, 14, 11, 36, 5, 30, 25, 17, 6, 38, 5, 28, 2, 32, 29, 2, 30, 36, 34]","[4, 2, 22, 8, 33, 10, 41, 30, 17, 22, 6, 10, 17, 19, 6, 40, 32, 41, 40, 17, 39, 6, 4, 14, 11, 36, 5, 30, 25, 17, 6, 38, 5, 28, 2, 32, 29, 2, 30, 36, 34]","[0, 0, 0, 0, 0, 0, 0, 0, 0, 0, 0, 0, 0, 0, 0, 0, 0, 0, 1, 1, 0, 0, 0, 0, 0, 0, 0, 0, 0, 0, 0, 0, 0, 0, 0, 0, 0, 0, 0, 0, 0]"
L2_arctic_WAV/SKA_arctic_a0065,"[4, 19, 6, 27, 28, 31, 11, 40, 17, 30, 14, 11, 2, 30, 36, 6, 28, 24, 6, 40, 22, 6, 7, 23, 1, 40, 39, 1, 28, 14, 6, 27, 27, 8, 33, 17, 40, 12, 38, 34, 36, 25, 28]","[4, 19, 6, 27, 28, 8, 40, 30, 14, 11, 2, 30, 36, 6, 28, 24, 6, 40, 22, 6, 7, 23, 1, 40, 39, 1, 28, 14, 6, 27, 8, 33, 17, 2, 40, 12, 38, 34, 36, 25, 28]","[0, 0, 0, 0, 0, 1, 1, 0, 1, 0, 0, 0, 0, 0, 0, 0, 0, 0, 0, 0, 0, 0, 0, 0, 0, 0, 0, 0, 0, 0, 0, 1, 0, 0, 0, 0, 0, 0, 0, 0, 0, 0, 0]"
L2_arctic_WAV/SKA_arctic_a0067,"[9, 11, 33, 28, 25, 14, 6, 39, 6, 28, 6, 27, 34, 27, 26, 37, 40, 26, 37, 9, 25, 27, 33, 14, 6, 17]","[9, 11, 33, 28, 25, 14, 6, 39, 6, 28, 6, 27, 34, 27, 26, 37, 40, 26, 37, 9, 25, 27, 33, 14, 6, 17]","[0, 0, 0, 0, 0, 0, 0, 0, 0, 0, 0, 0, 0, 0, 0, 0, 0, 0, 0, 0, 0, 0, 0, 0, 0, 0]"
L2_arctic_WAV/SKA_arctic_a0071,"[24, 39, 12, 36, 39, 12, 40, 4, 12, 3, 16, 18, 5, 27, 36, 12, 38, 26, 11, 33, 28, 6, 36, 2, 28, 34, 5, 30, 34, 19, 6, 9, 2, 30]","[24, 39, 12, 36, 39, 12, 40, 4, 12, 3, 16, 18, 5, 27, 36, 12, 38, 26, 11, 33, 28, 6, 36, 2, 28, 34, 5, 30, 34, 19, 6, 9, 2, 30]","[0, 0, 0, 0, 0, 0, 0, 0, 0, 0, 0, 0, 0, 0, 0, 0, 0, 0, 0, 0, 0, 0, 0, 0, 0, 0, 0, 0, 0, 0, 0, 0, 0, 0]"
L2_arctic_WAV/SKA_arctic_a0073,"[4, 12, 32, 33, 2, 29, 31, 11, 36, 1, 40, 14, 6, 40, 39, 1, 24, 5, 38, 25, 39, 6, 10, 28, 6, 36, 2, 28, 32, 12, 22, 25, 16, 41, 23, 40, 12, 30, 17, 1, 4, 5, 29]","[4, 12, 16, 33, 8, 29, 8, 36, 1, 34, 14, 6, 40, 39, 1, 24, 5, 38, 25, 39, 6, 10, 28, 6, 36, 2, 28, 16, 12, 22, 25, 16, 41, 23, 40, 12, 30, 17, 1, 40, 5, 29]","[0, 0, 1, 0, 1, 0, 1, 1, 0, 0, 1, 0, 0, 0, 0, 0, 0, 0, 0, 0, 0, 0, 0, 0, 0, 0, 0, 0, 1, 0, 0, 0, 0, 0, 0, 0, 0, 0, 0, 0, 1, 0, 0]"
L2_arctic_WAV/SKA_arctic_a0075,"[4, 5, 33, 24, 41, 40, 16, 6, 30, 2, 35, 19, 6, 30, 18, 9, 25, 6, 30, 36, 1, 12, 32, 36, 6, 17, 24, 6, 29]","[4, 5, 33, 24, 41, 40, 16, 6, 30, 2, 35, 5, 30, 18, 9, 25, 6, 30, 36, 1, 12, 32, 36, 6, 17, 24, 6, 29]","[0, 0, 0, 0, 0, 0, 0, 0, 0, 0, 0, 1, 1, 0, 0, 0, 0, 0, 0, 0, 0, 0, 0, 0, 0, 0, 0, 0, 0]"
L2_arctic_WAV/SKA_arctic_a0076,"[4, 2, 23, 33, 19, 6, 14, 6, 40, 22, 3, 28, 36, 1, 17, 4, 12, 22, 28, 12, 9, 17, 25, 32, 2, 30, 17]","[4, 2, 23, 33, 19, 6, 14, 6, 40, 22, 3, 28, 36, 1, 17, 4, 12, 22, 28, 41, 9, 17, 25, 32, 2, 30, 17]","[0, 0, 0, 0, 0, 0, 0, 0, 0, 0, 0, 0, 0, 0, 0, 0, 0, 0, 0, 1, 0, 0, 0, 0, 0, 0, 0]"
L2_arctic_WAV/SKA_arctic_a0077,"[6, 36, 6, 40, 4, 12, 22, 14, 6, 1, 32, 3, 33, 36, 28, 25, 9, 25, 34, 5, 17]","[6, 36, 6, 40, 4, 12, 22, 14, 6, 1, 32, 3, 33, 36, 28, 25, 9, 25, 34, 5, 17]","[0, 0, 0, 0, 0, 0, 0, 0, 0, 0, 0, 0, 0, 0, 0, 0, 0, 0, 0, 0, 0]"
L2_arctic_WAV/SKA_arctic_a0078,"[4, 5, 30, 41, 30, 17, 41, 36, 34, 12, 32, 1, 24, 25, 36, 33, 14, 6, 17, 36, 2, 22, 41, 4, 2, 29, 24, 2, 33]","[40, 5, 30, 41, 30, 17, 41, 36, 34, 12, 16, 2, 24, 25, 36, 33, 14, 6, 17, 36, 2, 22, 2, 40, 2, 29, 24, 5, 33]","[1, 0, 0, 0, 0, 0, 0, 0, 0, 0, 1, 1, 0, 0, 0, 0, 0, 0, 0, 0, 0, 0, 1, 1, 0, 0, 0, 1, 0]"
L2_arctic_WAV/SKA_arctic_a0079,"[6, 36, 39, 2, 40, 2, 28, 3, 33, 18, 27, 2, 30, 37]","[6, 36, 39, 2, 40, 2, 28, 3, 13, 27, 8, 30, 2]","[0, 0, 0, 0, 0, 0, 0, 0, 1, 1, 0, 1, 0, 1]"
L2_arctic_WAV/SKA_arctic_a0081,"[24, 39, 12, 36, 6, 22, 9, 25, 17, 6, 17, 30, 3, 36, 27, 12, 29, 36, 37, 4, 12, 33, 3, 27]","[24, 39, 3, 36, 6, 22, 9, 25, 17, 6, 17, 30, 8, 36, 27, 12, 29, 36, 37, 40, 12, 33, 3, 27]","[0, 0, 1, 0, 0, 0, 0, 0, 0, 0, 0, 0, 1, 0, 0, 0, 0, 0, 0, 1, 0, 0, 0, 0]"
L2_arctic_WAV/SKA_arctic_a0082,"[24, 6, 40, 22, 19, 6, 34, 39, 8, 40, 34, 36, 33, 25, 29, 6, 7, 39, 6, 10, 16, 28, 12, 17]","[24, 6, 40, 22, 19, 6, 34, 39, 31, 11, 40, 2, 34, 36, 33, 25, 29, 6, 7, 39, 6, 40, 16, 28, 3, 17]","[0, 0, 0, 0, 0, 0, 0, 0, 1, 0, 0, 0, 0, 0, 0, 0, 0, 0, 0, 1, 0, 0, 1, 0]"
L2_arctic_WAV/SKA_arctic_a0085,"[2, 36, 33, 6, 27, 2, 28, 12, 38, 22, 33, 5, 9, 16, 28, 12, 17, 33, 41, 30, 31, 11, 38, 2, 33, 24, 6, 40, 22, 19, 6, 34]","[2, 36, 33, 6, 27, 2, 28, 12, 38, 22, 33, 19, 6, 9, 16, 28, 12, 17, 33, 3, 30, 31, 11, 38, 2, 33, 24, 6, 40, 22, 19, 6, 34]","[0, 0, 0, 0, 0, 0, 0, 0, 0, 0, 0, 1, 0, 0, 0, 0, 0, 0, 1, 0, 0, 0, 0, 0, 0, 0, 0, 0, 0, 0, 0, 0]"
L2_arctic_WAV/SKA_arctic_a0086,"[17, 5, 10, 24, 41, 17, 27, 12, 29, 39, 6, 10, 36, 5, 33, 2, 16, 2, 28, 34, 12, 17, 2, 30, 30, 2, 34]","[17, 6, 34, 24, 41, 17, 27, 12, 29, 39, 6, 34, 36, 2, 33, 2, 16, 2, 28, 34, 3, 17, 2, 30, 30, 2, 34]","[0, 1, 1, 0, 0, 0, 0, 0, 0, 0, 0, 1, 0, 1, 0, 0, 0, 0, 0, 0, 1, 0, 0, 0, 0, 0, 0]"
L2_arctic_WAV/SKA_arctic_a0088,"[24, 25, 29, 19, 6, 17, 9, 11, 33, 4, 41, 36, 4, 2, 29, 41, 23, 2, 40, 25, 30, 39, 8, 40, 28, 31, 11, 17, 6, 17, 41, 30, 17, 33, 25, 40, 37, 29, 17, 24, 6, 40, 32, 41, 17, 2, 28, 6, 7]","[24, 25, 29, 19, 6, 17, 9, 11, 21, 4, 41, 36, 4, 2, 29, 41, 23, 2, 40, 25, 30, 39, 8, 40, 28, 31, 11, 17, 6, 17, 41, 30, 17, 33, 25, 34, 37, 29, 17, 24, 5, 40, 16, 3, 17, 2, 28, 6, 7, 23]","[0, 0, 0, 0, 0, 0, 0, 0, 1, 0, 0, 0, 0, 0, 0, 0, 0, 0, 0, 0, 0, 0, 0, 0, 0, 0, 0, 0, 0, 0, 0, 0, 0, 0, 0, 1, 0, 0, 0, 0, 1, 0, 1, 1, 0, 0, 0, 0, 0]"
L2_arctic_WAV/SKA_arctic_a0089,"[4, 12, 30, 14, 6, 36, 23, 28, 31, 11, 39, 2, 40, 36, 33, 5, 35, 2, 33, 2, 34, 36, 37, 9, 37, 36, 16, 14, 6]","[40, 12, 30, 14, 6, 36, 23, 28, 31, 11, 39, 2, 40, 36, 33, 5, 35, 2, 33, 2, 34, 36, 37, 9, 11, 36, 16, 14, 6]","[1, 0, 0, 0, 0, 0, 0, 0, 0, 0, 0, 0, 0, 0, 0, 0, 0, 0, 0, 0, 0, 0, 0, 0, 1, 0, 0, 0, 0]"
L2_arctic_WAV/SKA_arctic_a0090,"[4, 2, 34, 6, 7, 6, 7, 38, 8, 6, 34, 2, 32, 33, 31, 11, 35, 36, 33, 41, 32, 2, 17, 28, 25]","[34, 2, 34, 6, 7, 6, 7, 23, 2, 38, 8, 6, 34, 2, 32, 33, 31, 11, 13, 36, 33, 3, 16, 2, 17, 28, 25]","[1, 0, 0, 0, 0, 0, 0, 0, 0, 0, 0, 0, 0, 0, 0, 0, 1, 0, 0, 1, 1, 0, 0, 0, 0]"
L2_arctic_WAV/SKA_arctic_a0091,"[24, 6, 40, 16, 28, 12, 17, 23, 33, 37, 24, 3, 36, 39, 6, 10, 33, 19, 6, 18, 41, 36, 4, 2, 10, 8, 36]","[24, 6, 40, 16, 28, 3, 17, 23, 33, 31, 11, 24, 8, 36, 39, 6, 40, 33, 19, 6, 18, 41, 36, 4, 2, 34, 31, 11, 36]","[0, 0, 0, 0, 0, 1, 0, 0, 0, 1, 0, 1, 0, 0, 0, 1, 0, 0, 0, 0, 0, 0, 0, 0, 1, 1, 0]"
L2_arctic_WAV/SKA_arctic_a0092,"[24, 25, 39, 5, 30, 36, 17, 14, 11, 30, 6, 30, 29, 6, 17, 34, 36, 33, 25, 29, 34, 2, 33, 35, 6, 7, 4, 2, 9, 41, 17, 31, 11, 40, 2, 38, 16, 31, 11, 10, 9, 8, 33, 40]","[24, 25, 39, 5, 30, 36, 2, 17, 14, 11, 30, 6, 30, 29, 6, 17, 6, 34, 36, 33, 25, 29, 34, 5, 35, 6, 7, 23, 40, 2, 9, 41, 17, 31, 11, 40, 8, 38, 16, 31, 11, 34, 9, 8, 33, 34]","[0, 0, 0, 0, 0, 0, 0, 0, 0, 0, 0, 0, 0, 0, 0, 0, 0, 0, 0, 0, 0, 1, 1, 0, 0, 0, 1, 0, 0, 0, 0, 0, 0, 0, 1, 0, 0, 0, 0, 1, 0, 0, 0, 1]"
L2_arctic_WAV/SKA_arctic_a0093,"[22, 8, 33, 2, 22, 11, 28, 29, 6, 30, 2, 36, 24, 25, 27, 33, 14, 11, 35, 36, 41, 30, 17, 28, 6, 34, 2, 30, 17]","[22, 8, 33, 2, 22, 11, 28, 29, 6, 30, 2, 36, 24, 25, 27, 33, 14, 11, 13, 36, 41, 30, 17, 2, 28, 5, 34, 2, 30, 17]","[0, 0, 0, 0, 0, 0, 0, 0, 0, 0, 0, 0, 0, 0, 0, 0, 0, 0, 1, 0, 0, 0, 0, 0, 1, 0, 0, 0, 0]"
L2_arctic_WAV/SKA_arctic_a0094,"[24, 25, 24, 41, 17, 16, 5, 33, 28, 25, 5, 30, 36, 1, 17, 4, 6, 34, 39, 5, 30, 24, 25, 34, 8, 4, 12, 23, 28, 31, 11, 12, 38, 2, 22, 14, 6, 33]","[24, 25, 24, 41, 17, 16, 2, 33, 28, 25, 5, 30, 36, 2, 17, 2, 4, 6, 34, 39, 5, 30, 24, 25, 34, 8, 40, 12, 23, 28, 31, 11, 12, 38, 2, 22, 14, 6, 21]","[0, 0, 0, 0, 0, 0, 1, 0, 0, 0, 0, 0, 0, 1, 0, 0, 0, 0, 0, 0, 0, 0, 0, 0, 0, 1, 0, 0, 0, 0, 0, 0, 0, 0, 0, 0, 0, 1]"
L2_arctic_WAV/SKA_arctic_a0095,"[2, 16, 6, 23, 27, 41, 30, 38, 2, 34, 36, 5, 30, 36, 39, 8, 40, 4, 2, 22, 1, 34, 36, 10, 6, 7, 36, 2, 27, 12, 29, 39, 6, 4, 6, 30, 24, 6, 40, 38, 6, 13, 2, 30]","[2, 16, 6, 23, 27, 41, 30, 38, 2, 34, 36, 5, 30, 36, 2, 39, 8, 40, 34, 2, 22, 1, 34, 36, 2, 10, 6, 7, 23, 2, 36, 2, 27, 12, 29, 39, 6, 40, 6, 30, 24, 6, 40, 38, 6, 9, 2, 30]","[0, 0, 0, 0, 0, 0, 0, 0, 0, 0, 0, 0, 0, 0, 0, 0, 0, 1, 0, 0, 0, 0, 0, 0, 0, 0, 0, 0, 0, 0, 0, 0, 0, 1, 0, 0, 0, 0, 0, 0, 0, 1, 0, 0]"
L2_arctic_WAV/SKA_arctic_a0096,"[32, 2, 24, 41, 32, 34, 9, 25, 24, 41, 17, 8, 33, 5, 17, 25, 29, 5, 36, 24, 2, 33, 22, 19, 6, 36, 2, 28, 6, 36, 2, 28, 17, 25, 32, 1, 6, 30, 4, 2, 22, 8, 33, 2, 34, 36]","[16, 2, 33, 24, 41, 32, 34, 6, 9, 25, 24, 41, 17, 8, 33, 5, 17, 25, 29, 5, 36, 24, 5, 33, 22, 19, 6, 36, 2, 28, 6, 36, 2, 28, 17, 25, 16, 1, 6, 30, 40, 2, 22, 8, 33, 2, 34, 36]","[1, 0, 0, 0, 0, 0, 0, 0, 0, 0, 0, 0, 0, 0, 0, 0, 0, 0, 0, 0, 1, 0, 0, 0, 0, 0, 0, 0, 0, 0, 0, 0, 0, 0, 1, 0, 0, 0, 1, 0, 0, 0, 0, 0, 0, 0]"
L2_arctic_WAV/SKA_arctic_a0097,"[4, 5, 30, 26, 37, 27, 41, 30, 1, 19, 6, 30, 18, 26, 1, 34, 5, 28, 22, 27, 12, 29, 22, 2, 33, 36, 2, 16, 28, 25, 2, 29, 12, 7, 4, 25, 40, 33, 31, 11, 16, 40, 6, 30, 4, 2, 16, 31, 11]","[4, 5, 30, 26, 37, 27, 41, 30, 1, 19, 6, 30, 13, 6, 26, 1, 34, 5, 28, 22, 27, 8, 29, 22, 8, 33, 36, 2, 16, 28, 25, 2, 29, 12, 30, 23, 2, 40, 25, 40, 33, 31, 11, 16, 34, 6, 30, 4, 2, 16, 31, 11]","[0, 0, 0, 0, 0, 0, 0, 0, 0, 0, 0, 0, 1, 0, 0, 0, 0, 0, 0, 0, 1, 0, 0, 1, 0, 0, 0, 0, 0, 0, 0, 0, 0, 1, 1, 0, 0, 0, 0, 0, 0, 1, 0, 0, 0, 0, 0, 0, 0]"
L2_arctic_WAV/SKA_arctic_a0098,"[9, 41, 28, 14, 6, 27, 41, 33, 25, 26, 37]","[9, 41, 28, 14, 6, 27, 41, 33, 25, 26, 37]","[0, 0, 0, 0, 0, 0, 0, 0, 0, 0, 0]"
L2_arctic_WAV/SKA_arctic_a0099,"[2, 29, 41, 17, 2, 30, 6, 7, 18, 8, 6, 32, 14, 11, 30, 17, 6, 17, 6, 30, 24, 6, 40, 16, 33, 19, 6, 30]","[2, 29, 41, 17, 2, 30, 6, 7, 23, 18, 8, 6, 16, 14, 11, 30, 17, 6, 17, 6, 30, 24, 6, 40, 16, 33, 19, 6, 30]","[0, 0, 0, 0, 0, 0, 0, 0, 0, 0, 0, 1, 0, 0, 0, 0, 0, 0, 0, 0, 0, 0, 0, 0, 0, 0, 0, 0]"
L2_arctic_WAV/SKA_arctic_a0100,"[26, 37, 29, 12, 34, 36, 34, 28, 25, 32, 24, 25, 1, 18, 17]","[26, 37, 29, 12, 34, 2, 34, 28, 25, 32, 24, 25, 1, 13, 17]","[0, 0, 0, 0, 0, 1, 0, 0, 0, 0, 0, 0, 0, 1, 0]"
L2_arctic_WAV/SKA_arctic_a0101,"[26, 37, 26, 37, 39, 11, 17, 30, 3, 36, 27, 25, 32, 4, 2, 36, 33, 37, 10, 22, 33, 12, 29, 29, 25]","[26, 37, 26, 37, 39, 11, 17, 30, 8, 36, 27, 25, 32, 4, 2, 36, 33, 37, 34, 22, 33, 8, 29, 29, 25]","[0, 0, 0, 0, 0, 0, 0, 0, 1, 0, 0, 0, 0, 0, 0, 0, 0, 0, 1, 0, 0, 1, 0, 0, 0]"
L2_arctic_WAV/SKA_arctic_a0102,"[24, 25, 39, 6, 28, 22, 3, 28, 31, 11, 12, 34, 34, 37, 30]","[24, 25, 39, 6, 28, 22, 5, 28, 31, 11, 12, 34, 34, 37, 30]","[0, 0, 0, 0, 0, 0, 1, 0, 0, 0, 0, 0, 0, 0, 0]"
L2_arctic_WAV/SKA_arctic_a0103,"[16, 12, 36, 4, 5, 33, 27, 19, 6, 29, 30, 31, 11, 32, 33, 3, 29, 2, 34, 22, 33, 12, 29, 4, 12, 16, 31, 11, 12, 38, 4, 2, 27, 2, 30, 37]","[16, 3, 36, 4, 5, 21, 27, 19, 6, 29, 30, 31, 11, 32, 33, 3, 29, 2, 34, 22, 33, 12, 29, 40, 12, 16, 31, 11, 12, 38, 4, 2, 27, 41, 30, 37]","[0, 1, 0, 0, 0, 1, 0, 0, 0, 0, 0, 0, 0, 0, 0, 0, 0, 0, 0, 0, 0, 0, 0, 1, 0, 0, 0, 0, 0, 0, 0, 0, 0, 1, 0, 0]"
L2_arctic_WAV/SKA_arctic_a0104,"[9, 25, 39, 8, 40, 34, 28, 25, 32, 6, 7, 12, 30, 17, 1, 33, 24, 6, 40, 32, 33, 2, 36, 5, 27, 9, 2, 30, 41, 40, 34, 39, 25, 36, 28, 25, 41, 40, 2, 35, 14, 6, 28, 17]","[9, 25, 39, 8, 40, 2, 34, 28, 25, 16, 6, 7, 3, 30, 17, 5, 33, 24, 6, 40, 32, 33, 31, 11, 36, 5, 27, 9, 2, 30, 41, 40, 2, 34, 39, 25, 36, 28, 25, 41, 40, 2, 35, 14, 6, 28, 17]","[0, 0, 0, 0, 0, 0, 0, 0, 1, 0, 0, 1, 0, 0, 1, 0, 0, 0, 0, 0, 0, 1, 0, 0, 0, 0, 0, 0, 0, 0, 0, 0, 0, 0, 0, 0, 0, 0, 0, 0, 0, 0, 0, 0]"
L2_arctic_WAV/SKA_arctic_a0105,"[31, 11, 30, 28, 25, 6, 36, 6, 40, 34, 31, 11, 39, 12, 30, 17, 1, 33, 22, 2, 28, 34, 31, 11, 8, 28, 29, 31, 11, 34, 36, 6, 29, 32, 3, 34, 2, 16, 2, 28, 36, 2, 16, 6, 28, 25, 38]","[8, 30, 28, 25, 36, 6, 34, 34, 31, 11, 39, 12, 30, 17, 1, 33, 22, 2, 28, 34, 31, 11, 8, 28, 29, 31, 11, 34, 36, 6, 29, 16, 3, 34, 2, 16, 2, 28, 36, 2, 16, 6, 28, 25, 22]","[1, 1, 0, 0, 0, 1, 0, 0, 1, 0, 0, 0, 0, 0, 0, 0, 0, 0, 0, 0, 0, 0, 0, 0, 0, 0, 0, 0, 0, 0, 0, 0, 0, 1, 0, 0, 0, 0, 0, 0, 0, 0, 0, 0, 0, 0, 1]"
L2_arctic_WAV/SKA_arctic_a0106,"[4, 2, 6, 29, 31, 11, 9, 2, 30, 39, 6, 35, 9, 25, 24, 41, 17, 34, 2, 32, 33, 5, 34, 36, 16, 1, 34, 36, 22, 8, 33, 10, 30, 14, 11, 6, 30, 2, 35, 31, 11, 27, 6, 7, 34, 3, 16]","[40, 2, 6, 29, 31, 11, 9, 2, 30, 39, 6, 35, 2, 9, 25, 24, 41, 17, 34, 2, 32, 33, 6, 34, 36, 16, 33, 5, 34, 36, 22, 8, 33, 34, 30, 14, 11, 6, 30, 2, 35, 31, 11, 27, 6, 7, 23, 34, 8, 16]","[1, 0, 0, 0, 0, 0, 0, 0, 0, 0, 0, 0, 0, 0, 0, 0, 0, 0, 0, 0, 0, 1, 0, 0, 0, 1, 0, 0, 0, 0, 0, 1, 0, 0, 0, 0, 0, 0, 0, 0, 0, 0, 0, 0, 0, 1, 0]"
L2_arctic_WAV/SKA_arctic_a0107,"[6, 22, 26, 37, 31, 11, 30, 28, 25, 27, 11, 17, 30, 31, 11, 24, 14, 11, 14, 6, 10, 41, 7, 27, 26, 37]","[6, 22, 26, 37, 31, 11, 30, 28, 25, 27, 11, 17, 30, 31, 11, 24, 14, 11, 14, 6, 10, 41, 7, 27, 26, 37]","[0, 0, 0, 0, 0, 0, 0, 0, 0, 0, 0, 0, 0, 0, 0, 0, 0, 0, 0, 0, 0, 0, 0, 0, 0, 0]"
L2_arctic_WAV/SKA_arctic_a0108,"[24, 25, 39, 19, 6, 17, 6, 17, 6, 30, 36, 37, 4, 2, 5, 18, 12, 38, 4, 12, 39, 8, 36, 2, 33, 41, 30, 17, 16, 25, 23, 41, 30, 34, 27, 33, 12, 16, 6, 7, 24, 6, 29, 34, 5, 28, 22]","[24, 25, 39, 19, 6, 17, 6, 17, 6, 30, 36, 37, 40, 2, 5, 35, 12, 38, 4, 12, 39, 8, 36, 2, 30, 41, 30, 17, 6, 16, 25, 23, 41, 30, 6, 34, 27, 21, 12, 16, 6, 7, 23, 24, 6, 29, 34, 5, 28, 22]","[0, 0, 0, 0, 0, 0, 0, 0, 0, 0, 0, 0, 1, 0, 0, 1, 0, 0, 0, 0, 0, 0, 0, 0, 1, 0, 0, 0, 0, 0, 0, 0, 0, 0, 0, 1, 0, 0, 0, 0, 0, 0, 0, 0, 0, 0, 0]"
L2_arctic_WAV/SKA_arctic_a0109,"[17, 37, 26, 37, 30, 31, 11, 4, 41, 36, 26, 37, 3, 33, 9, 19, 6, 27, 6, 7, 29, 14, 6, 27, 3, 30, 22, 2, 17, 2, 30, 34, 6, 30, 26, 37]","[17, 37, 26, 37, 30, 31, 11, 40, 41, 36, 26, 37, 3, 9, 19, 6, 27, 6, 7, 23, 29, 14, 6, 27, 3, 30, 22, 2, 17, 2, 30, 34, 6, 30, 26, 37]","[0, 0, 0, 0, 0, 0, 0, 1, 0, 0, 0, 0, 0, 1, 0, 0, 0, 0, 0, 0, 0, 0, 0, 0, 0, 0, 0, 0, 0, 0, 0, 0, 0, 0, 0, 0]"
L2_arctic_WAV/SKA_arctic_a0111,"[6, 30, 34, 36, 5, 17, 24, 25, 18, 8, 6, 30, 17, 24, 2, 33, 41, 30, 17, 4, 19, 6, 19, 6, 36, 28, 14, 6, 27, 36, 37, 24, 12, 7, 23, 33, 25, 35, 6, 28, 17, 33, 2, 30]","[6, 30, 6, 34, 36, 25, 17, 24, 25, 13, 8, 6, 30, 17, 2, 24, 5, 33, 41, 30, 17, 40, 19, 6, 19, 6, 36, 28, 14, 6, 27, 36, 37, 24, 41, 7, 23, 33, 25, 35, 5, 28, 17, 33, 2, 30]","[0, 0, 0, 0, 1, 0, 0, 0, 1, 0, 0, 0, 0, 0, 1, 0, 0, 0, 0, 1, 0, 0, 0, 0, 0, 0, 0, 0, 0, 0, 0, 0, 1, 0, 0, 0, 0, 0, 1, 0, 0, 0, 0, 0]"
L2_arctic_WAV/SKA_arctic_a0112,"[24, 25, 39, 8, 40, 39, 37, 30, 17, 2, 17, 6, 30, 4, 12, 3, 33, 29]","[24, 25, 39, 8, 40, 39, 3, 30, 17, 2, 17, 6, 30, 4, 12, 3, 33, 29]","[0, 0, 0, 0, 0, 0, 1, 0, 0, 0, 0, 0, 0, 0, 0, 0, 0, 0]"
L2_arctic_WAV/SKA_arctic_a0113,"[14, 6, 34, 2, 32, 31, 11, 40, 26, 37, 32, 6, 27, 36, 4, 41, 36, 28, 6, 7, 23, 31, 11, 12, 32, 2, 29, 12, 7, 4, 2, 6, 30, 17, 25, 2, 30, 40]","[14, 6, 34, 2, 16, 31, 11, 40, 26, 37, 16, 6, 27, 36, 4, 41, 36, 28, 6, 7, 23, 31, 11, 12, 32, 2, 29, 12, 7, 23, 40, 2, 5, 30, 18, 25, 2, 30, 34]","[0, 0, 0, 0, 1, 0, 0, 0, 0, 0, 1, 0, 0, 0, 0, 0, 0, 0, 0, 0, 0, 0, 0, 0, 0, 0, 0, 0, 0, 1, 0, 1, 0, 1, 0, 0, 0, 1]"
L2_arctic_WAV/SKA_arctic_a0115,"[24, 25, 24, 41, 17, 30, 31, 11, 27, 34, 27, 26, 37, 40, 22, 8, 33, 4, 2, 22, 25, 28, 6, 7, 40, 39, 6, 35, 39, 2, 33, 1, 14, 11, 40, 17, 6, 30, 24, 6, 29]","[24, 25, 24, 41, 17, 30, 31, 11, 27, 34, 6, 27, 26, 37, 34, 22, 8, 33, 40, 2, 22, 25, 28, 6, 7, 23, 6, 34, 39, 6, 35, 39, 5, 33, 1, 31, 11, 40, 17, 6, 30, 24, 5, 29]","[0, 0, 0, 0, 0, 0, 0, 0, 0, 0, 0, 0, 0, 1, 0, 0, 0, 1, 0, 0, 0, 0, 0, 0, 1, 0, 0, 0, 0, 1, 0, 0, 1, 0, 0, 0, 0, 0, 0, 1, 0]"
L2_arctic_WAV/SKA_arctic_a0116,"[39, 8, 40, 6, 36, 4, 12, 33, 3, 30, 17, 6, 38, 37, 12, 38, 4, 31, 11, 40, 24, 37, 39, 2, 33, 34, 36, 33, 14, 6, 38, 6, 7, 36, 37, 39, 1, 27, 24, 6, 40, 33, 37, 2, 30]","[39, 8, 40, 6, 36, 4, 12, 33, 3, 30, 17, 6, 38, 37, 12, 38, 34, 31, 11, 34, 24, 37, 39, 5, 33, 6, 34, 36, 3, 33, 38, 6, 7, 36, 37, 39, 1, 27, 24, 6, 40, 33, 37, 2, 30]","[0, 0, 0, 0, 0, 0, 0, 0, 0, 0, 0, 0, 0, 0, 0, 0, 1, 0, 0, 1, 0, 0, 0, 1, 0, 0, 0, 1, 1, 1, 0, 0, 0, 0, 0, 0, 0, 0, 0, 0, 0, 0, 0, 0, 0]"
L2_arctic_WAV/SKA_arctic_a0117,"[9, 25, 41, 17, 2, 17, 39, 6, 4, 18, 5, 30, 26, 2, 39, 2, 30, 34, 6, 29, 32, 2, 10, 25, 6, 30, 24, 1, 22, 19, 6, 34, 41, 30, 17, 38, 8, 6, 34]","[9, 25, 41, 17, 2, 17, 39, 6, 40, 13, 5, 30, 26, 2, 39, 2, 30, 34, 5, 29, 32, 2, 10, 25, 6, 30, 24, 1, 22, 19, 6, 34, 41, 30, 17, 38, 8, 6, 34]","[0, 0, 0, 0, 0, 0, 0, 0, 1, 1, 0, 0, 0, 0, 0, 0, 0, 0, 1, 0, 0, 0, 0, 0, 0, 0, 0, 0, 0, 0, 0, 0, 0, 0, 0, 0, 0, 0, 0]"
L2_arctic_WAV/SKA_arctic_a0120,"[29, 14, 6, 33, 14, 6, 36, 22, 11, 36, 22, 25, 28, 40, 28, 14, 6, 27, 4, 41, 36, 12, 38, 2, 35, 14, 6, 30, 25, 40, 17, 5, 16, 26, 2, 36, 3, 30, 36]","[29, 14, 6, 33, 14, 6, 36, 22, 37, 36, 22, 25, 28, 34, 28, 14, 6, 27, 40, 41, 36, 12, 38, 2, 35, 14, 6, 30, 25, 40, 17, 25, 16, 2, 36, 3, 30, 36]","[0, 0, 0, 0, 0, 0, 0, 0, 1, 0, 0, 0, 0, 1, 0, 0, 0, 0, 1, 0, 0, 0, 0, 0, 0, 0, 0, 0, 0, 0, 0, 1, 0, 1, 0, 0, 0, 0, 0]"
L2_arctic_WAV/SKA_arctic_a0121,"[4, 19, 6, 19, 6, 36, 17, 6, 30, 1, 41, 36, 4, 2, 22, 6, 10, 41, 30, 17, 33, 5, 34, 36, 2, 17, 22, 33, 1, 36, 37, 14, 11, 1, 40]","[17, 19, 6, 19, 6, 36, 17, 6, 30, 1, 41, 36, 40, 2, 22, 5, 34, 41, 30, 17, 33, 5, 34, 36, 2, 17, 22, 33, 1, 36, 37, 14, 11, 1, 34]","[1, 0, 0, 0, 0, 0, 0, 0, 0, 0, 0, 0, 1, 0, 0, 1, 1, 0, 0, 0, 0, 0, 0, 0, 0, 0, 0, 0, 0, 0, 0, 0, 0, 0, 1]"
L2_arctic_WAV/SKA_arctic_a0122,"[36, 37, 26, 6, 33, 40, 2, 23, 31, 11, 14, 6, 23, 19, 6, 38, 12, 32, 34, 6, 38, 2, 28, 6, 40, 19, 6, 9, 2, 30, 22, 8, 33, 4, 6, 34]","[36, 37, 26, 6, 40, 3, 23, 31, 11, 14, 6, 23, 19, 6, 38, 12, 32, 34, 6, 38, 2, 28, 6, 40, 19, 6, 9, 2, 30, 22, 8, 33, 34, 6, 34]","[0, 0, 0, 0, 1, 0, 1, 0, 0, 0, 0, 0, 0, 0, 0, 0, 0, 0, 0, 0, 0, 0, 0, 0, 0, 0, 0, 0, 0, 0, 0, 0, 0, 1, 0, 0]"
L2_arctic_WAV/SKA_arctic_a0123,"[9, 25, 24, 41, 17, 17, 14, 6, 17, 22, 33, 12, 29, 27, 31, 11, 28, 17, 41, 30, 17, 34, 36, 3, 33, 38, 19, 6, 9, 2, 30]","[9, 25, 24, 41, 17, 17, 14, 6, 17, 22, 33, 12, 29, 27, 31, 11, 28, 17, 41, 30, 17, 2, 34, 36, 3, 33, 38, 19, 6, 9, 2, 30]","[0, 0, 0, 0, 0, 0, 0, 0, 0, 0, 0, 0, 0, 0, 0, 0, 0, 0, 0, 0, 0, 0, 0, 0, 0, 0, 0, 0, 0, 0, 0]"
L2_arctic_WAV/SKA_arctic_a0125,"[24, 25, 39, 12, 40, 17, 6, 36, 2, 33, 29, 2, 30, 17, 30, 14, 11, 36, 37, 29, 19, 6, 30, 36, 19, 6, 30, 2, 29, 8, 33, 34, 2, 33, 36, 2, 30, 24, 31, 11, 28, 17, 2, 32, 3, 30, 24, 6, 29, 34, 5, 28, 22]","[24, 25, 39, 12, 40, 17, 6, 36, 2, 33, 29, 2, 30, 17, 2, 30, 14, 11, 36, 37, 29, 19, 6, 30, 36, 19, 6, 30, 2, 29, 8, 33, 34, 2, 33, 36, 2, 30, 24, 31, 11, 28, 17, 3, 16, 3, 30, 24, 6, 29, 34, 5, 28, 22]","[0, 0, 0, 0, 0, 0, 0, 0, 0, 0, 0, 0, 0, 0, 0, 0, 0, 0, 0, 0, 0, 0, 0, 0, 0, 0, 0, 0, 0, 0, 0, 0, 0, 0, 0, 0, 0, 0, 0, 0, 0, 0, 1, 1, 0, 0, 0, 0, 0, 0, 0, 0, 0]"
L2_arctic_WAV/SKA_arctic_a0126,"[25, 35, 17, 19, 6, 9, 25, 16, 25, 27, 19, 6, 29, 2, 29, 8, 33, 38, 14, 6, 36, 2, 28, 32, 3, 33, 36, 12, 38, 24, 6, 29]","[25, 35, 2, 17, 19, 6, 9, 25, 16, 25, 27, 19, 6, 29, 2, 29, 8, 33, 38, 14, 6, 36, 2, 28, 16, 3, 33, 36, 12, 22, 24, 6, 29]","[0, 0, 0, 0, 0, 0, 0, 0, 0, 0, 0, 0, 0, 0, 0, 0, 0, 0, 0, 0, 0, 0, 0, 1, 0, 0, 0, 0, 1, 0, 0, 0]"
L2_arctic_WAV/SKA_arctic_a0127,"[6, 36, 39, 8, 40, 2, 36, 5, 29, 36, 19, 6, 9, 2, 30, 16, 12, 36, 24, 25, 33, 25, 40, 6, 34, 36, 2, 17, 6, 36]","[6, 36, 39, 8, 40, 2, 36, 5, 29, 16, 6, 36, 19, 6, 9, 2, 30, 16, 12, 36, 24, 25, 33, 25, 34, 6, 34, 36, 2, 17, 6, 36]","[0, 0, 0, 0, 0, 0, 0, 0, 0, 0, 0, 0, 0, 0, 0, 0, 0, 0, 0, 0, 0, 0, 1, 0, 0, 0, 0, 0, 0, 0]"
L2_arctic_WAV/SKA_arctic_a0128,"[4, 6, 34, 39, 12, 30, 24, 31, 11, 32, 39, 8, 40, 17, 6, 34, 36, 33, 8, 6, 17, 41, 40, 27, 39, 6, 27, 28, 25, 41, 40, 6, 36, 39, 8, 40, 16, 8, 33, 30]","[40, 6, 34, 39, 12, 30, 24, 31, 11, 32, 39, 8, 40, 17, 6, 34, 36, 33, 8, 6, 17, 41, 34, 27, 39, 6, 27, 28, 25, 41, 40, 6, 36, 39, 8, 40, 16, 8, 33, 30]","[1, 0, 0, 0, 0, 0, 0, 0, 0, 0, 0, 0, 0, 0, 0, 0, 0, 0, 0, 0, 0, 0, 1, 0, 0, 0, 0, 0, 0, 0, 0, 0, 0, 0, 0, 0, 0, 0, 0, 0]"
L2_arctic_WAV/SKA_arctic_a0129,"[24, 2, 33, 22, 19, 6, 34, 39, 8, 40, 2, 23, 5, 30, 34, 36, 24, 6, 40, 16, 33, 5, 34, 36]","[24, 5, 33, 22, 19, 6, 34, 39, 8, 40, 2, 23, 5, 30, 2, 34, 36, 24, 6, 40, 16, 33, 5, 34, 36]","[0, 1, 0, 0, 0, 0, 0, 0, 0, 0, 0, 0, 0, 0, 0, 0, 0, 0, 0, 0, 0, 0, 0, 0]"
L2_arctic_WAV/SKA_arctic_a0130,"[9, 25, 39, 8, 40, 24, 6, 40, 30, 14, 11, 22, 1, 5, 38, 1]","[9, 25, 39, 8, 40, 24, 6, 40, 30, 14, 11, 22, 1, 5, 38, 2, 9]","[0, 0, 0, 0, 0, 0, 0, 0, 0, 0, 0, 0, 0, 0, 0, 1]"
L2_arctic_WAV/SKA_arctic_a0131,"[32, 33, 3, 38, 2, 17, 2, 30, 34, 24, 41, 17, 17, 6, 28, 6, 38, 1, 17, 24, 6, 29, 10, 33, 37, 4, 12, 29, 19, 6, 28, 34, 36, 33, 2, 29]","[16, 33, 8, 38, 2, 17, 2, 30, 34, 24, 41, 17, 17, 6, 28, 6, 38, 2, 17, 24, 5, 29, 34, 33, 37, 40, 12, 29, 19, 6, 28, 6, 34, 36, 33, 2, 29]","[1, 0, 1, 0, 0, 0, 0, 0, 0, 0, 0, 0, 0, 0, 0, 0, 0, 1, 0, 0, 1, 0, 1, 0, 0, 1, 0, 0, 0, 0, 0, 0, 0, 0, 0, 0]"
L2_arctic_WAV/SKA_arctic_a0134,"[24, 25, 31, 11, 16, 19, 6, 17, 4, 2, 32, 33, 5, 9, 2, 33, 12, 38, 24, 2, 33, 24, 41, 30, 17]","[24, 25, 31, 11, 16, 19, 6, 17, 34, 2, 32, 33, 5, 9, 5, 33, 12, 38, 24, 5, 33, 24, 3, 30, 36]","[0, 0, 0, 0, 0, 0, 0, 0, 1, 0, 0, 0, 0, 0, 1, 0, 0, 0, 0, 1, 0, 0, 1, 0, 1]"
L2_arctic_WAV/SKA_arctic_a0136,"[2, 16, 14, 11, 36, 24, 6, 29, 5, 38, 33, 25, 39, 5, 33, 39, 1, 4, 2, 5, 38, 2, 17, 2, 30, 34, 2, 40, 12, 38, 28, 12, 23, 13, 2, 33, 25, 41, 30, 17, 12, 38, 19, 6, 18]","[2, 16, 14, 11, 36, 24, 5, 29, 5, 38, 33, 25, 39, 5, 33, 39, 1, 40, 2, 5, 38, 2, 17, 2, 30, 40, 40, 12, 38, 28, 12, 23, 13, 2, 33, 25, 41, 30, 17, 12, 38, 19, 6, 35]","[0, 0, 0, 0, 0, 0, 1, 0, 0, 0, 0, 0, 0, 0, 0, 0, 0, 1, 0, 0, 0, 0, 0, 0, 0, 1, 1, 0, 0, 0, 0, 0, 0, 0, 0, 0, 0, 0, 0, 0, 0, 0, 0, 0, 1]"
L2_arctic_WAV/SKA_arctic_a0137,"[4, 5, 30, 24, 25, 34, 36, 5, 32, 36, 16, 41, 27, 39, 6, 4, 2, 28, 31, 11, 27, 33, 14, 6, 12, 38, 32, 28, 5, 13, 2, 33]","[40, 5, 30, 24, 25, 34, 36, 5, 32, 36, 16, 41, 27, 39, 6, 40, 2, 28, 31, 11, 27, 33, 14, 6, 12, 38, 16, 28, 5, 13, 2, 33]","[1, 0, 0, 0, 0, 0, 0, 0, 0, 0, 0, 0, 0, 0, 0, 1, 0, 0, 0, 0, 0, 0, 0, 0, 0, 0, 1, 0, 0, 0, 0, 0]"
L2_arctic_WAV/SKA_arctic_a0139,"[24, 25, 36, 31, 11, 28, 17, 24, 6, 29, 34, 5, 28, 22, 4, 2, 36, 41, 40, 24, 25, 39, 3, 9, 36, 24, 6, 29, 34, 5, 28, 22, 41, 30, 17, 23, 33, 37, 29, 17, 24, 6, 40, 17, 6, 9, 5, 38, 2, 28, 17, 27, 28, 31, 11, 40]","[24, 25, 36, 31, 11, 28, 17, 24, 6, 29, 34, 5, 28, 22, 6, 40, 2, 36, 41, 40, 24, 25, 39, 8, 13, 17, 2, 24, 6, 29, 34, 5, 28, 22, 41, 30, 17, 2, 23, 33, 8, 29, 17, 24, 6, 40, 17, 6, 13, 5, 38, 2, 28, 2, 17, 2, 27, 28, 31, 11, 4]","[0, 0, 0, 0, 0, 0, 0, 0, 0, 0, 0, 0, 0, 0, 1, 0, 0, 0, 0, 0, 0, 0, 1, 1, 1, 0, 0, 0, 0, 0, 0, 0, 0, 0, 0, 0, 0, 1, 0, 0, 0, 0, 0, 0, 0, 1, 0, 0, 0, 0, 0, 0, 0, 0, 0, 1]"
L2_arctic_WAV/SKA_arctic_a0159,"[4, 19, 6, 28, 11, 27, 41, 40, 4, 31, 11, 24, 25, 24, 41, 17, 16, 6, 30, 17, 33, 12, 29, 6, 7, 2, 32, 25, 41, 30, 31, 11, 8, 28, 24, 6, 40, 28, 14, 6, 22]","[4, 19, 6, 28, 11, 27, 41, 4, 31, 11, 24, 25, 24, 41, 16, 6, 30, 17, 33, 12, 29, 6, 7, 23, 2, 32, 25, 41, 30, 8, 8, 28, 24, 6, 40, 28, 14, 6, 22]","[0, 0, 0, 0, 0, 0, 0, 1, 0, 0, 0, 0, 0, 0, 0, 1, 0, 0, 0, 0, 0, 0, 0, 0, 0, 0, 0, 0, 0, 0, 1, 1, 0, 0, 0, 0, 0, 0, 0, 0, 0]"
L2_arctic_WAV/SKA_arctic_a0214,"[16, 25, 34, 14, 6, 17, 40, 24, 25, 39, 8, 40, 32, 19, 6, 17, 24, 39, 12, 30, 27, 19, 6, 34, 12, 38, 36, 2, 16, 41, 27, 31, 11, 32, 1, 24, 5, 17]","[16, 25, 34, 14, 6, 17, 40, 24, 6, 39, 8, 40, 32, 19, 6, 39, 12, 30, 27, 19, 6, 34, 12, 38, 36, 5, 16, 12, 27, 8, 32, 1, 24, 5, 17]","[0, 0, 0, 0, 0, 0, 0, 0, 1, 0, 0, 0, 0, 0, 0, 1, 1, 0, 0, 0, 0, 0, 0, 0, 0, 0, 0, 1, 0, 1, 0, 1, 1, 0, 0, 0, 0, 0]"
L2_arctic_WAV/YBAA_arctic_a0003,"[22, 8, 33, 4, 2, 36, 39, 5, 30, 36, 25, 2, 10, 36, 14, 6, 29, 4, 41, 36, 25, 38, 30, 6, 7, 4, 2, 36, 37, 29, 5, 30, 9, 11, 27, 24, 41, 30, 17, 40]","[22, 8, 4, 2, 36, 39, 5, 30, 36, 25, 2, 10, 36, 14, 6, 29, 4, 5, 36, 25, 38, 30, 6, 7, 4, 2, 36, 37, 29, 5, 30, 9, 11, 27, 24, 41, 30, 17, 40]","[0, 0, 1, 0, 0, 0, 0, 0, 0, 0, 0, 0, 0, 0, 0, 0, 0, 0, 1, 0, 0, 0, 0, 0, 0, 0, 0, 0, 0, 0, 0, 0, 0, 0, 0, 0, 0, 0, 0, 0]"
L2_arctic_WAV/YBAA_arctic_a0005,"[39, 6, 28, 39, 25, 5, 38, 1, 22, 8, 33, 23, 5, 36, 6, 36]","[39, 6, 28, 39, 25, 5, 38, 1, 22, 8, 33, 23, 5, 36, 6, 36]","[0, 0, 0, 0, 0, 0, 0, 0, 0, 0, 0, 0, 0, 0, 0, 0]"
L2_arctic_WAV/YBAA_arctic_a0006,"[23, 3, 17, 16, 28, 5, 34, 5, 29, 14, 6, 24, 31, 11, 32, 14, 6, 28, 23, 31, 11, 3, 30, 34, 25, 6, 7, 4, 5, 29, 22, 1, 33, 5, 38, 1]","[23, 12, 17, 16, 28, 5, 34, 5, 29, 14, 6, 24, 8, 32, 14, 6, 28, 23, 8, 8, 30, 34, 25, 6, 7, 4, 5, 29, 22, 8, 33, 5, 38, 1]","[0, 1, 0, 0, 0, 0, 0, 0, 0, 0, 0, 0, 1, 1, 0, 0, 0, 0, 0, 1, 1, 1, 0, 0, 0, 0, 0, 0, 0, 0, 0, 1, 0, 0, 0, 0]"
L2_arctic_WAV/YBAA_arctic_a0007,"[2, 30, 17, 26, 37, 8, 28, 39, 25, 40, 39, 8, 30, 36, 36, 6, 34, 25, 6, 36, 6, 30, 4, 25, 34, 11, 32, 1, 28, 2, 36, 6, 38, 17, 6, 23, 33, 25]","[2, 30, 17, 26, 37, 8, 28, 39, 25, 40, 39, 8, 30, 36, 36, 6, 34, 25, 6, 36, 6, 30, 4, 25, 34, 11, 32, 1, 28, 19, 6, 36, 6, 38, 17, 6, 23, 33, 25]","[0, 0, 0, 0, 0, 0, 0, 0, 0, 0, 0, 0, 0, 0, 0, 0, 0, 0, 0, 0, 0, 0, 0, 0, 0, 0, 0, 0, 0, 1, 0, 0, 0, 0, 0, 0, 0, 0]"
L2_arctic_WAV/YBAA_arctic_a0008,"[23, 41, 17, 26, 8, 33, 28, 5, 36, 1, 27, 19, 6, 29, 18, 12, 34, 36, 6, 30, 36, 14, 6, 29]","[23, 12, 17, 26, 8, 33, 28, 5, 36, 1, 27, 5, 29, 18, 12, 34, 36, 6, 30, 36, 14, 6, 29]","[0, 1, 0, 0, 0, 0, 0, 0, 0, 0, 0, 1, 1, 0, 0, 0, 0, 0, 0, 0, 0, 0, 0, 0]"
L2_arctic_WAV/YBAA_arctic_a0010,"[14, 6, 29, 32, 28, 19, 6, 6, 7, 2, 34, 6, 7, 23, 2, 28, 24, 41, 30, 17, 6, 30, 39, 12, 36, 28, 11, 27, 34, 28, 14, 6, 27, 2, 28, 37, 40, 6, 7, 23, 19, 6, 29]","[3, 29, 32, 28, 19, 6, 6, 7, 23, 5, 34, 6, 7, 23, 2, 28, 24, 41, 30, 17, 6, 30, 39, 12, 36, 28, 11, 27, 34, 28, 14, 6, 27, 2, 28, 37, 40, 6, 7, 23, 5, 29]","[1, 1, 0, 0, 0, 0, 0, 0, 0, 1, 0, 0, 0, 0, 0, 0, 0, 0, 0, 0, 0, 0, 0, 0, 0, 0, 0, 0, 0, 0, 0, 0, 0, 0, 0, 0, 0, 0, 0, 0, 1, 1, 0]"
L2_arctic_WAV/YBAA_arctic_a0011,"[6, 22, 14, 6, 5, 38, 1, 30, 25, 17, 6, 17, 2, 22, 14, 6, 36, 1, 6, 30, 29, 14, 6, 28, 14, 6, 22, 14, 6, 30, 25, 17, 39, 12, 30, 30, 14, 11]","[6, 22, 14, 6, 5, 38, 1, 30, 25, 17, 6, 17, 2, 22, 14, 6, 36, 1, 6, 30, 29, 14, 6, 28, 14, 6, 22, 14, 6, 30, 25, 17, 39, 12, 30, 30, 14, 11]","[0, 0, 0, 0, 0, 0, 0, 0, 0, 0, 0, 0, 0, 0, 0, 0, 0, 0, 0, 0, 0, 0, 0, 0, 0, 0, 0, 0, 0, 0, 0, 0, 0, 0, 0, 0, 0, 0]"
L2_arctic_WAV/YBAA_arctic_a0013,"[24, 25, 39, 3, 40, 2, 24, 5, 17, 9, 8, 33, 36, 1, 4, 41, 30, 24, 6, 40, 27, 2, 29, 32, 41, 30, 26, 2, 30, 12, 38, 8, 28, 29, 31, 11, 34, 36, 17, 5, 28, 2, 27, 2, 36, 22, 2, 40, 25, 27]","[24, 25, 39, 3, 40, 2, 24, 5, 17, 9, 8, 33, 36, 2, 4, 41, 30, 24, 6, 40, 27, 2, 29, 32, 41, 30, 26, 2, 30, 8, 22, 8, 28, 29, 31, 11, 34, 17, 5, 28, 2, 27, 19, 6, 36, 22, 6, 40, 25, 27]","[0, 0, 0, 0, 0, 0, 0, 0, 0, 0, 0, 0, 0, 1, 0, 0, 0, 0, 0, 0, 0, 0, 0, 0, 0, 0, 0, 0, 0, 1, 1, 0, 0, 0, 0, 0, 0, 1, 0, 0, 0, 0, 0, 1, 0, 0, 1, 0, 0, 0]"
L2_arctic_WAV/YBAA_arctic_a0018,"[4, 5, 33, 39, 8, 40, 2, 35, 19, 6, 30, 18, 30, 14, 11]","[4, 5, 33, 39, 8, 40, 2, 35, 19, 6, 30, 18, 30, 14, 11]","[0, 0, 0, 0, 0, 0, 0, 0, 0, 0, 0, 0, 0, 0, 0]"
L2_arctic_WAV/YBAA_arctic_a0019,"[14, 6, 22, 3, 28, 31, 11, 17, 4, 2, 28, 14, 6, 30, 12, 38, 4, 2, 32, 33, 2, 32, 31, 11, 40, 17, 33, 19, 6, 28, 33, 31, 11, 17, 28, 11, 27, 6, 7, 22, 8, 33, 35, 41, 30, 34, 6, 40]","[14, 6, 22, 8, 28, 8, 17, 4, 2, 28, 14, 6, 30, 12, 38, 4, 2, 32, 33, 2, 32, 8, 40, 17, 33, 5, 28, 33, 8, 17, 28, 11, 27, 6, 7, 22, 8, 33, 35, 41, 30, 34, 6, 40]","[0, 0, 0, 1, 0, 1, 1, 0, 0, 0, 0, 0, 0, 0, 0, 0, 0, 0, 0, 0, 0, 0, 1, 1, 0, 0, 0, 1, 1, 0, 0, 1, 1, 0, 0, 0, 0, 0, 0, 0, 0, 0, 0, 0, 0, 0, 0, 0]"
L2_arctic_WAV/YBAA_arctic_a0020,"[27, 28, 12, 16, 40, 41, 30, 17, 16, 8, 28, 40, 41, 30, 17, 34, 6, 36, 25, 40, 23, 33, 37, 36, 2, 16, 25, 31, 11, 30, 28, 25, 29, 5, 29, 1, 25, 40]","[27, 28, 12, 16, 34, 41, 30, 16, 8, 28, 40, 41, 30, 34, 6, 36, 25, 40, 23, 33, 37, 36, 11, 16, 25, 8, 30, 28, 25, 29, 5, 29, 1, 25, 34]","[0, 0, 0, 0, 1, 0, 0, 1, 0, 0, 0, 0, 0, 0, 1, 0, 0, 0, 0, 0, 0, 0, 0, 0, 1, 0, 0, 1, 1, 0, 0, 0, 0, 0, 0, 0, 0, 1]"
L2_arctic_WAV/YBAA_arctic_a0021,"[6, 36, 22, 5, 33, 28, 25, 27, 28, 12, 16, 17, 29, 25, 6, 30, 36, 37, 33, 5, 27, 2, 23, 30, 14, 6, 40, 6, 7, 6, 36]","[6, 36, 22, 5, 33, 28, 25, 27, 28, 12, 16, 29, 25, 6, 30, 36, 37, 33, 5, 21, 2, 23, 30, 14, 6, 40, 6, 7, 23, 6, 36]","[0, 0, 0, 0, 0, 0, 0, 0, 0, 0, 0, 1, 0, 0, 0, 0, 0, 0, 0, 0, 1, 0, 0, 0, 0, 0, 0, 0, 0, 0, 0]"
L2_arctic_WAV/YBAA_arctic_a0022,"[24, 3, 33, 17, 28, 25, 39, 1, 14, 11, 1, 32, 28, 41, 30, 40, 29, 19, 6, 17, 32, 12, 16, 28, 6, 27, 16, 25, 22, 8, 33, 39, 25, 39, 1, 29, 5, 36, 16, 14, 6, 32, 14, 11, 1, 22, 2, 28, 3, 32, 2, 40, 6, 9, 2, 30]","[24, 3, 17, 28, 25, 39, 1, 14, 11, 1, 32, 28, 41, 30, 40, 29, 19, 6, 17, 32, 12, 32, 28, 6, 16, 25, 22, 8, 33, 39, 25, 39, 1, 29, 5, 36, 16, 14, 6, 32, 14, 11, 1, 22, 2, 28, 3, 32, 8, 40, 6, 9, 2, 30]","[0, 0, 1, 0, 0, 0, 0, 0, 0, 0, 0, 0, 0, 0, 0, 0, 0, 0, 0, 0, 0, 0, 1, 0, 0, 1, 0, 0, 0, 0, 0, 0, 0, 0, 0, 0, 0, 0, 0, 0, 0, 0, 0, 0, 0, 0, 0, 0, 0, 0, 1, 0, 0, 0, 0, 0]"
L2_arctic_WAV/YBAA_arctic_a0023,"[2, 27, 3, 29, 16, 2, 30, 19, 6, 9, 2, 30, 12, 38, 27, 2, 30, 19, 6, 17, 25, 2, 30, 27, 41, 32, 2, 36, 2, 28, 27, 39, 6, 27, 28, 25, 8, 33, 23, 2, 30, 14, 6, 40, 17, 41, 30, 17, 32, 2, 36, 6, 9, 2, 30, 17, 22, 8, 33, 4, 2, 34, 19, 6, 29, 32, 33, 6, 38, 6, 28, 6, 18, 6, 40]","[2, 27, 3, 29, 16, 2, 30, 19, 6, 9, 2, 30, 12, 38, 27, 2, 30, 19, 6, 17, 25, 2, 30, 27, 5, 32, 2, 36, 2, 28, 27, 39, 6, 27, 28, 25, 8, 33, 23, 2, 30, 14, 6, 40, 17, 41, 30, 17, 32, 2, 36, 6, 9, 2, 30, 17, 22, 8, 33, 4, 2, 34, 19, 6, 29, 32, 33, 6, 38, 6, 28, 6, 18, 6, 40]","[0, 0, 0, 0, 0, 0, 0, 0, 0, 0, 0, 0, 0, 0, 0, 0, 0, 0, 0, 0, 0, 0, 0, 0, 1, 0, 0, 0, 0, 0, 0, 0, 0, 0, 0, 0, 0, 0, 0, 0, 0, 0, 0, 0, 0, 0, 0, 0, 0, 0, 0, 0, 0, 0, 0, 0, 0, 0, 0, 0, 0, 0, 0, 0, 0, 0, 0, 0, 0, 0, 0, 0, 0, 0, 0]"
L2_arctic_WAV/YBAA_arctic_a0024,"[6, 36, 39, 3, 40, 29, 14, 6, 33, 6, 32, 8, 33, 36, 34, 22, 33, 12, 29, 4, 2, 30, 8, 33, 10, 39, 6, 35, 35, 25, 22, 28, 25, 6, 30, 17, 37, 34, 36, 32, 25, 32, 2, 28, 36, 37, 16, 14, 6]","[6, 36, 39, 3, 40, 29, 14, 6, 33, 5, 32, 8, 33, 36, 34, 22, 33, 12, 29, 4, 2, 30, 8, 33, 10, 39, 6, 35, 35, 25, 22, 28, 25, 6, 30, 17, 26, 37, 34, 36, 32, 25, 32, 2, 28, 36, 37, 16, 14, 6]","[0, 0, 0, 0, 0, 0, 0, 0, 0, 1, 0, 0, 0, 0, 0, 0, 0, 0, 0, 0, 0, 0, 0, 0, 0, 0, 0, 0, 0, 0, 0, 0, 0, 0, 0, 0, 0, 0, 0, 0, 0, 0, 0, 0, 0, 0, 0, 0, 0]"
L2_arctic_WAV/YBAA_arctic_a0025,"[14, 6, 39, 12, 40, 2, 16, 14, 11, 36, 36, 2, 17, 37, 4, 6, 34, 39, 5, 30, 27, 37, 28, 1, 18, 12, 18, 29, 2, 30, 36, 32, 33, 6, 38, 19, 6, 28, 17]","[14, 6, 39, 12, 40, 2, 16, 14, 11, 36, 36, 2, 17, 37, 4, 6, 34, 39, 21, 30, 27, 37, 28, 1, 18, 12, 18, 29, 2, 30, 36, 32, 33, 6, 38, 19, 6, 28, 17]","[0, 0, 0, 0, 0, 0, 0, 0, 0, 0, 0, 0, 0, 0, 0, 0, 0, 0, 1, 0, 0, 0, 0, 0, 0, 0, 0, 0, 0, 0, 0, 0, 0, 0, 0, 0, 0, 0, 0]"
L2_arctic_WAV/YBAA_arctic_a0026,"[6, 36, 2, 27, 1, 17, 36, 2, 29, 25, 4, 41, 36, 4, 5, 33, 39, 11, 17, 24, 41, 38, 36, 2, 16, 25, 41, 30, 2, 27, 14, 11, 30, 36, 6, 7]","[6, 36, 2, 27, 5, 1, 17, 36, 2, 29, 25, 4, 41, 36, 4, 5, 33, 39, 11, 17, 24, 41, 38, 36, 2, 16, 25, 41, 30, 2, 27, 14, 11, 30, 36, 6, 7]","[0, 0, 0, 0, 0, 0, 0, 0, 0, 0, 0, 0, 0, 0, 0, 0, 0, 0, 0, 0, 0, 0, 0, 0, 0, 0, 0, 0, 0, 0, 0, 0, 0, 0, 0, 0]"
L2_arctic_WAV/YBAA_arctic_a0027,"[36, 37, 29, 14, 6, 34, 1, 32, 33, 14, 6, 40, 24, 25, 16, 6, 23, 41, 30, 36, 2, 9, 31, 11, 41, 27, 35, 2, 39, 2, 28, 6, 30, 10, 37, 40, 25, 41, 40, 2, 29, 6, 30, 29, 14, 6, 22, 19, 6, 38, 1]","[36, 37, 29, 14, 6, 34, 1, 32, 33, 14, 6, 40, 24, 25, 16, 6, 23, 41, 30, 36, 2, 9, 8, 41, 27, 35, 2, 39, 2, 28, 6, 30, 10, 37, 34, 25, 41, 40, 2, 29, 6, 30, 29, 14, 6, 22, 5, 38, 1]","[0, 0, 0, 0, 0, 0, 0, 0, 0, 0, 0, 0, 0, 0, 0, 0, 0, 0, 0, 0, 0, 0, 1, 1, 0, 0, 0, 0, 0, 0, 0, 0, 0, 0, 0, 1, 0, 0, 0, 0, 0, 0, 0, 0, 0, 0, 0, 1, 1, 0, 0]"
L2_arctic_WAV/YBAA_arctic_a0028,"[33, 3, 16, 1, 25, 16, 33, 14, 6, 16, 1, 25, 22, 33, 8, 17]","[33, 8, 16, 1, 25, 16, 33, 14, 6, 16, 5, 1, 25, 22, 33, 8, 17]","[0, 1, 0, 0, 0, 0, 0, 0, 0, 0, 0, 0, 0, 0, 0, 0]"
L2_arctic_WAV/YBAA_arctic_a0029,"[4, 5, 33, 22, 8, 33, 34, 6, 40, 39, 1, 8, 28, 33, 5, 17, 25, 29, 37, 38, 6, 7, 6, 30, 36, 2, 4, 2, 30, 8, 33, 10, 27, 12, 30, 36, 33, 25]","[4, 5, 33, 22, 8, 33, 34, 6, 40, 39, 1, 8, 28, 33, 5, 17, 25, 29, 37, 38, 6, 7, 23, 6, 30, 36, 2, 4, 2, 30, 8, 33, 10, 27, 12, 30, 36, 33, 25]","[0, 0, 0, 0, 0, 0, 0, 0, 0, 0, 0, 0, 0, 0, 0, 0, 0, 0, 0, 0, 0, 0, 0, 0, 0, 0, 0, 0, 0, 0, 0, 0, 0, 0, 0, 0, 0, 0]"
L2_arctic_WAV/YBAA_arctic_a0030,"[14, 6, 24, 41, 17, 22, 19, 6, 10, 6, 30, 4, 5, 29]","[14, 6, 24, 41, 17, 22, 19, 6, 10, 6, 30, 4, 5, 29]","[0, 0, 0, 0, 0, 0, 0, 0, 0, 0, 0, 0, 0, 0]"
L2_arctic_WAV/YBAA_arctic_a0031,"[4, 19, 6, 39, 1, 10, 33, 25, 24, 12, 30, 17, 33, 6, 17, 26, 3, 33, 17, 40, 2, 32, 3, 33, 36]","[4, 19, 6, 39, 1, 10, 33, 25, 24, 12, 30, 17, 33, 6, 17, 26, 3, 33, 17, 40, 2, 32, 3, 33, 36]","[0, 0, 0, 0, 0, 0, 0, 0, 0, 0, 0, 0, 0, 0, 0, 0, 0, 0, 0, 0, 0, 0, 0, 0, 0]"
L2_arctic_WAV/YBAA_arctic_a0032,"[34, 6, 30, 34, 4, 5, 30, 34, 12, 29, 29, 6, 34, 36, 6, 33, 25, 2, 34, 22, 8, 33, 34, 24, 41, 40, 16, 6, 30, 22, 14, 6, 36, 6, 7, 12, 34, 41, 36, 5, 38, 33, 25, 34, 36, 5, 32]","[34, 6, 30, 40, 4, 5, 30, 34, 12, 29, 29, 6, 34, 36, 6, 33, 25, 2, 34, 22, 8, 33, 34, 24, 41, 40, 16, 6, 30, 22, 14, 6, 36, 6, 7, 23, 12, 34, 41, 36, 5, 38, 33, 25, 34, 36, 5, 32]","[0, 0, 0, 1, 0, 0, 0, 0, 0, 0, 0, 0, 0, 0, 0, 0, 0, 0, 0, 0, 0, 0, 0, 0, 0, 0, 0, 0, 0, 0, 0, 0, 0, 0, 0, 0, 0, 0, 0, 0, 0, 0, 0, 0, 0, 0, 0]"
L2_arctic_WAV/YBAA_arctic_a0036,"[9, 25, 36, 1, 30, 17, 6, 30, 41, 36, 4, 2, 24, 31, 11, 36, 5, 28]","[9, 25, 36, 2, 30, 17, 6, 30, 41, 36, 4, 2, 24, 8, 36, 5, 28]","[0, 0, 0, 1, 0, 0, 0, 0, 0, 0, 0, 0, 0, 1, 1, 0, 0, 0]"
L2_arctic_WAV/YBAA_arctic_a0037,"[14, 6, 39, 12, 40, 4, 2, 31, 11, 30, 28, 25, 39, 12, 30, 24, 37, 33, 25, 29, 19, 6, 30, 17, 34, 6, 36, 6, 7]","[14, 6, 39, 12, 40, 4, 2, 8, 30, 28, 25, 39, 12, 30, 24, 37, 33, 25, 29, 5, 30, 17, 34, 6, 36, 6, 7, 23]","[0, 0, 0, 0, 0, 0, 0, 1, 1, 0, 0, 0, 0, 0, 0, 0, 0, 0, 0, 0, 1, 1, 0, 0, 0, 0, 0, 0, 0]"
L2_arctic_WAV/YBAA_arctic_a0038,"[39, 25, 28, 24, 41, 38, 36, 37, 39, 8, 35, 14, 11, 33, 35, 41, 30, 34, 2, 40]","[39, 25, 28, 24, 41, 38, 36, 37, 39, 11, 35, 14, 11, 33, 35, 41, 30, 34, 2, 40]","[0, 0, 0, 0, 0, 0, 0, 0, 0, 1, 0, 0, 0, 0, 0, 0, 0, 0, 0, 0]"
L2_arctic_WAV/YBAA_arctic_a0039,"[4, 2, 9, 6, 32, 9, 11, 17, 16, 25, 6, 30, 39, 6, 4, 6, 30, 2, 39, 25, 27, 8, 33, 36, 5, 30, 17, 19, 6, 40]","[4, 2, 9, 6, 32, 9, 11, 17, 16, 25, 6, 30, 39, 6, 4, 6, 30, 2, 39, 25, 27, 8, 33, 36, 5, 30, 17, 19, 6, 34]","[0, 0, 0, 0, 0, 0, 0, 0, 0, 0, 0, 0, 0, 0, 0, 0, 0, 0, 0, 0, 0, 0, 0, 0, 0, 0, 0, 0, 0, 1]"
L2_arctic_WAV/YBAA_arctic_a0040,"[14, 6, 34, 2, 32, 31, 11, 40, 26, 37, 39, 12, 30, 17, 1, 39, 14, 6, 9, 25, 6, 40, 27, 12, 29, 6, 7, 12, 32, 24, 25, 33]","[14, 6, 34, 2, 16, 8, 40, 26, 37, 39, 12, 30, 17, 1, 39, 14, 6, 9, 25, 6, 40, 27, 12, 29, 6, 7, 23, 12, 32, 24, 25, 33]","[0, 0, 0, 0, 1, 1, 1, 0, 0, 0, 0, 0, 0, 0, 0, 0, 0, 0, 0, 0, 0, 0, 0, 0, 0, 0, 0, 0, 0, 0, 0, 0]"
L2_arctic_WAV/YBAA_arctic_a0041,"[29, 25, 30, 39, 14, 6, 28, 14, 6, 28, 23, 31, 11, 14, 11, 36, 36, 2, 16, 33, 25, 4, 2, 34, 32, 5, 28]","[29, 25, 30, 39, 14, 6, 28, 14, 6, 28, 23, 8, 14, 11, 36, 11, 16, 33, 25, 10, 2, 34, 32, 5, 28]","[0, 0, 0, 0, 0, 0, 0, 0, 0, 0, 0, 1, 1, 0, 0, 1, 0, 1, 0, 0, 0, 1, 0, 0, 0, 0, 0]"
L2_arctic_WAV/YBAA_arctic_a0042,"[24, 14, 11, 27, 11, 17, 24, 25, 6, 27, 34, 32, 28, 19, 6, 30, 24, 6, 40, 32, 2, 40, 5, 9, 2, 30, 12, 38, 4, 2, 34, 27, 5, 35]","[24, 14, 11, 27, 11, 17, 24, 25, 6, 27, 34, 32, 28, 5, 30, 24, 6, 40, 32, 2, 34, 5, 9, 2, 30, 12, 38, 4, 2, 34, 27, 5, 35]","[0, 0, 0, 0, 0, 0, 0, 0, 0, 0, 0, 0, 0, 1, 1, 0, 0, 0, 0, 0, 0, 1, 0, 0, 0, 0, 0, 0, 0, 0, 0, 0, 0, 0]"
L2_arctic_WAV/YBAA_arctic_a0045,"[24, 25, 29, 37, 38, 17, 2, 39, 19, 6, 41, 40, 27, 39, 14, 6, 2, 36, 28, 25, 41, 40, 24, 25, 24, 41, 17, 27, 12, 29]","[24, 25, 29, 37, 38, 17, 2, 39, 19, 6, 41, 40, 27, 39, 14, 6, 2, 36, 28, 25, 41, 40, 24, 25, 24, 41, 17, 27, 12, 29]","[0, 0, 0, 0, 0, 0, 0, 0, 0, 0, 0, 0, 0, 0, 0, 0, 0, 0, 0, 0, 0, 0, 0, 0, 0, 0, 0, 0, 0, 0]"
L2_arctic_WAV/YBAA_arctic_a0046,"[4, 2, 23, 1, 28, 22, 19, 6, 34, 36, 24, 6, 29, 24, 1, 14, 6, 40, 9, 14, 6, 30, 6, 7, 39, 6, 10, 34, 12, 17, 2, 30, 22, 6, 33]","[4, 2, 23, 5, 1, 28, 22, 19, 6, 34, 36, 24, 6, 29, 24, 5, 1, 14, 6, 40, 9, 14, 6, 30, 6, 7, 23, 39, 6, 10, 34, 12, 17, 2, 30, 22, 6, 33]","[0, 0, 0, 0, 0, 0, 0, 0, 0, 0, 0, 0, 0, 0, 0, 0, 0, 0, 0, 0, 0, 0, 0, 0, 0, 0, 0, 0, 0, 0, 0, 0, 0, 0, 0]"
L2_arctic_WAV/YBAA_arctic_a0047,"[27, 28, 31, 11, 40, 16, 6, 34, 14, 6, 17, 24, 6, 29, 23, 28, 25, 29, 17, 4, 2, 39, 14, 6, 36, 22, 41, 7, 40, 12, 38, 4, 25, 39, 11, 28, 22, 17, 8, 23]","[27, 28, 8, 40, 16, 6, 34, 14, 6, 17, 24, 6, 29, 23, 28, 25, 29, 17, 4, 2, 39, 14, 6, 36, 22, 41, 7, 40, 12, 38, 4, 25, 39, 11, 28, 22, 17, 17, 8, 23]","[0, 0, 1, 1, 0, 0, 0, 0, 0, 0, 0, 0, 0, 0, 0, 0, 0, 0, 0, 0, 0, 0, 0, 0, 0, 0, 0, 0, 0, 0, 0, 0, 0, 0, 0, 0, 0, 0, 0, 0]"
L2_arctic_WAV/YBAA_arctic_a0048,"[24, 25, 28, 11, 27, 36, 41, 36, 4, 25, 24, 41, 7, 27, 1, 35, 25, 22, 29, 8, 33, 27, 28, 31, 11, 34, 28, 25]","[24, 25, 28, 11, 27, 36, 41, 17, 4, 5, 24, 41, 7, 17, 27, 1, 35, 25, 22, 29, 8, 33, 27, 28, 8, 40, 28, 25]","[0, 0, 0, 0, 0, 0, 0, 1, 0, 1, 0, 0, 0, 0, 0, 0, 0, 0, 0, 0, 0, 0, 0, 1, 1, 1, 0, 0]"
L2_arctic_WAV/YBAA_arctic_a0051,"[4, 25, 28, 19, 6, 34, 39, 3, 40, 12, 38, 2, 17, 5, 28, 2, 27, 2, 36, 14, 6, 38, 1, 25, 27, 12, 28, 1, 22, 19, 6, 30, 36, 28, 25, 36, 6, 30, 36, 6, 17, 39, 6, 4, 26, 5, 28, 31, 11]","[4, 25, 28, 19, 6, 34, 39, 3, 40, 12, 38, 2, 17, 5, 28, 2, 27, 2, 36, 14, 6, 38, 8, 25, 27, 12, 28, 1, 22, 6, 30, 36, 28, 25, 36, 6, 30, 36, 6, 17, 39, 6, 4, 26, 5, 28, 11]","[0, 0, 0, 0, 0, 0, 0, 0, 0, 0, 0, 0, 0, 0, 0, 0, 0, 0, 0, 0, 0, 0, 1, 0, 0, 0, 0, 0, 0, 1, 0, 0, 0, 0, 0, 0, 0, 0, 0, 0, 0, 0, 0, 0, 0, 0, 0, 1, 0]"
L2_arctic_WAV/YBAA_arctic_a0052,"[6, 36, 39, 3, 40, 2, 27, 26, 11, 33, 25, 2, 34, 27, 31, 11, 6, 30, 34, 6, 17, 2, 30, 34]","[6, 36, 39, 3, 40, 2, 27, 26, 11, 33, 25, 2, 34, 27, 31, 11, 6, 30, 34, 6, 17, 2, 30, 34]","[0, 0, 0, 0, 0, 0, 0, 0, 0, 0, 0, 0, 0, 0, 0, 0, 0, 0, 0, 0, 0, 0, 0, 0]"
L2_arctic_WAV/YBAA_arctic_a0053,"[34, 12, 17, 2, 30, 28, 25, 24, 6, 40, 22, 6, 7, 23, 1, 40, 27, 28, 31, 11, 40, 17, 36, 14, 6, 36, 28, 25, 31, 11, 38, 1, 4, 25, 24, 41, 7, 27, 1, 35, 25, 22]","[34, 12, 17, 2, 30, 28, 25, 24, 6, 40, 22, 6, 7, 23, 1, 34, 27, 28, 37, 34, 36, 14, 6, 36, 28, 25, 31, 11, 38, 1, 4, 25, 24, 41, 17, 27, 1, 35, 25, 22]","[0, 0, 0, 0, 0, 0, 0, 0, 0, 0, 0, 0, 0, 0, 0, 1, 0, 0, 1, 1, 1, 1, 0, 0, 0, 0, 0, 0, 0, 0, 0, 0, 0, 0, 0, 0, 1, 0, 0, 0, 0, 0]"
L2_arctic_WAV/YBAA_arctic_a0054,"[4, 5, 33, 39, 3, 40, 30, 12, 10, 6, 7, 8, 30, 4, 2, 33, 3, 27]","[4, 5, 33, 39, 3, 40, 30, 12, 10, 6, 7, 8, 30, 4, 2, 33, 31, 11, 27]","[0, 0, 0, 0, 0, 0, 0, 0, 0, 0, 0, 0, 0, 0, 0, 0, 1, 0]"
L2_arctic_WAV/YBAA_arctic_a0058,"[14, 6, 27, 19, 6, 29, 22, 8, 33, 6, 30, 22, 1, 29, 19, 6, 9, 2, 30, 29, 8, 33, 14, 11, 36, 2, 38, 27, 26, 11, 33, 25, 3, 34, 2, 36, 25, 4, 41, 30, 5, 30, 25, 10, 6, 7, 5, 28, 34]","[14, 6, 27, 5, 29, 22, 8, 33, 6, 30, 22, 1, 29, 19, 6, 9, 6, 30, 29, 8, 33, 14, 11, 36, 2, 38, 27, 26, 11, 33, 25, 3, 34, 2, 36, 25, 4, 41, 30, 5, 30, 25, 10, 6, 7, 5, 28, 34]","[0, 0, 0, 1, 1, 0, 0, 0, 0, 0, 0, 0, 0, 0, 0, 0, 0, 1, 0, 0, 0, 0, 0, 0, 0, 0, 0, 0, 0, 0, 0, 0, 0, 0, 0, 0, 0, 0, 0, 0, 0, 0, 0, 0, 0, 0, 0, 0, 0]"
L2_arctic_WAV/YBAA_arctic_a0059,"[24, 6, 40, 6, 29, 41, 27, 26, 37, 28, 6, 36, 2, 32, 6, 33, 2, 30, 34, 39, 3, 40, 23, 8, 30]","[24, 6, 40, 6, 29, 6, 27, 26, 37, 28, 6, 36, 2, 32, 6, 33, 2, 30, 34, 39, 3, 40, 23, 8, 30]","[0, 0, 0, 0, 0, 1, 0, 0, 0, 0, 0, 0, 0, 0, 0, 0, 0, 0, 0, 0, 0, 0, 0, 0, 0]"
L2_arctic_WAV/YBAA_arctic_a0060,"[5, 30, 25, 39, 19, 6, 30, 31, 11, 39, 12, 30, 34, 8, 24, 1, 28, 14, 6, 27, 4, 41, 36]","[5, 30, 25, 39, 19, 6, 30, 31, 11, 39, 12, 30, 34, 8, 24, 1, 28, 14, 6, 27, 4, 41, 36]","[0, 0, 0, 0, 0, 0, 0, 0, 0, 0, 0, 0, 0, 0, 0, 0, 0, 0, 0, 0, 0, 0, 0]"
L2_arctic_WAV/YBAA_arctic_a0062,"[4, 25, 29, 5, 30, 34, 36, 5, 33, 17, 6, 30, 36, 37, 25, 35, 12, 4, 1, 40, 22, 19, 6, 34]","[4, 25, 29, 6, 30, 34, 36, 6, 33, 17, 6, 30, 36, 37, 25, 35, 12, 4, 1, 40, 22, 5, 34]","[0, 0, 0, 1, 0, 0, 0, 1, 0, 0, 0, 0, 0, 0, 0, 0, 0, 0, 0, 0, 0, 1, 1, 0]"
L2_arctic_WAV/YBAA_arctic_a0063,"[26, 5, 34, 6, 36, 39, 3, 40, 2, 29, 41, 30, 24, 37, 41, 34, 36, 2, 34, 36, 33, 19, 6, 30, 18, 1]","[26, 5, 34, 6, 36, 39, 3, 40, 2, 29, 41, 30, 24, 37, 3, 34, 36, 2, 34, 36, 33, 19, 6, 30, 18, 1]","[0, 0, 0, 0, 0, 0, 0, 0, 0, 0, 0, 0, 0, 0, 1, 0, 0, 0, 0, 0, 0, 0, 0, 0, 0, 0]"
L2_arctic_WAV/YBAA_arctic_a0064,"[4, 12, 22, 8, 33, 10, 41, 30, 17, 22, 6, 22, 10, 17, 19, 6, 40, 32, 41, 34, 36, 39, 6, 4, 14, 11, 36, 5, 30, 25, 17, 6, 38, 5, 28, 2, 32, 29, 2, 30, 36, 34]","[4, 12, 22, 8, 33, 10, 41, 30, 17, 22, 6, 22, 10, 17, 19, 6, 40, 16, 3, 34, 36, 39, 6, 4, 14, 11, 36, 5, 30, 25, 17, 6, 38, 2, 28, 2, 32, 29, 2, 30, 36, 34]","[0, 0, 0, 0, 0, 0, 0, 0, 0, 0, 0, 0, 0, 0, 0, 0, 0, 1, 1, 0, 0, 0, 0, 0, 0, 0, 0, 0, 0, 0, 0, 0, 0, 1, 0, 0, 0, 0, 0, 0, 0, 0]"
L2_arctic_WAV/YBAA_arctic_a0065,"[4, 19, 6, 27, 28, 31, 11, 40, 17, 30, 14, 11, 2, 30, 36, 6, 28, 24, 6, 40, 22, 6, 7, 23, 1, 40, 39, 1, 28, 14, 6, 27, 27, 8, 33, 17, 40, 12, 38, 34, 36, 25, 28]","[4, 19, 6, 27, 28, 31, 11, 40, 17, 30, 14, 11, 2, 30, 36, 6, 28, 24, 6, 40, 22, 6, 7, 23, 1, 40, 39, 5, 28, 14, 6, 27, 27, 8, 33, 17, 40, 12, 38, 34, 36, 25, 28]","[0, 0, 0, 0, 0, 0, 0, 0, 0, 0, 0, 0, 0, 0, 0, 0, 0, 0, 0, 0, 0, 0, 0, 0, 0, 0, 0, 1, 0, 0, 0, 0, 0, 0, 0, 0, 0, 0, 0, 0, 0, 0, 0]"
L2_arctic_WAV/YBAA_arctic_a0067,"[9, 11, 33, 28, 25, 14, 6, 39, 2, 28, 6, 27, 34, 27, 26, 37, 40, 26, 37, 9, 25, 27, 33, 14, 6, 17]","[9, 11, 28, 25, 14, 6, 39, 2, 28, 6, 27, 34, 27, 26, 37, 40, 26, 37, 9, 25, 27, 33, 14, 6, 17]","[0, 0, 1, 0, 0, 0, 0, 0, 0, 0, 0, 0, 0, 0, 0, 0, 0, 0, 0, 0, 0, 0, 0, 0, 0, 0]"
L2_arctic_WAV/YBAA_arctic_a0071,"[24, 39, 12, 36, 39, 3, 40, 4, 25, 3, 16, 18, 5, 27, 36, 12, 38, 26, 8, 33, 28, 6, 36, 2, 28, 34, 5, 30, 34, 19, 6, 9, 2, 30]","[24, 39, 12, 36, 39, 3, 40, 4, 25, 3, 16, 18, 5, 27, 36, 12, 38, 26, 8, 33, 28, 6, 36, 2, 28, 34, 5, 30, 34, 19, 6, 9, 2, 30]","[0, 0, 0, 0, 0, 0, 0, 0, 0, 0, 0, 0, 0, 0, 0, 0, 0, 0, 0, 0, 0, 0, 0, 0, 0, 0, 0, 0, 0, 0, 0, 0, 0, 0]"
L2_arctic_WAV/YBAA_arctic_a0073,"[4, 12, 32, 33, 2, 29, 31, 11, 36, 1, 40, 14, 6, 40, 39, 1, 24, 5, 38, 25, 39, 6, 4, 28, 6, 36, 2, 28, 32, 12, 22, 25, 16, 41, 23, 40, 12, 30, 17, 1, 4, 5, 29]","[4, 12, 32, 33, 2, 29, 31, 11, 36, 1, 40, 14, 6, 40, 39, 5, 24, 6, 38, 25, 39, 6, 4, 28, 6, 36, 2, 28, 32, 12, 22, 25, 16, 41, 23, 40, 12, 30, 17, 33, 4, 5, 29]","[0, 0, 0, 0, 0, 0, 0, 0, 0, 0, 0, 0, 0, 0, 0, 1, 0, 1, 0, 0, 0, 0, 0, 0, 0, 0, 0, 0, 0, 0, 0, 0, 0, 0, 0, 0, 0, 0, 0, 1, 0, 0, 0]"
L2_arctic_WAV/YBAA_arctic_a0075,"[4, 5, 33, 24, 41, 40, 16, 6, 30, 2, 35, 19, 6, 30, 18, 9, 25, 6, 30, 36, 1, 12, 32, 36, 6, 17, 24, 6, 29]","[4, 5, 33, 24, 41, 40, 16, 6, 30, 2, 35, 6, 30, 18, 9, 25, 6, 30, 36, 1, 12, 32, 36, 6, 17, 24, 6, 29]","[0, 0, 0, 0, 0, 0, 0, 0, 0, 0, 0, 1, 0, 0, 0, 0, 0, 0, 0, 0, 0, 0, 0, 0, 0, 0, 0, 0, 0]"
L2_arctic_WAV/YBAA_arctic_a0076,"[4, 25, 23, 33, 19, 6, 14, 6, 40, 22, 3, 28, 36, 1, 17, 4, 2, 22, 28, 12, 9, 17, 25, 32, 2, 30, 17]","[4, 25, 23, 33, 19, 6, 14, 6, 40, 22, 3, 28, 36, 1, 17, 4, 2, 22, 28, 12, 9, 17, 25, 32, 2, 30, 17]","[0, 0, 0, 0, 0, 0, 0, 0, 0, 0, 0, 0, 0, 0, 0, 0, 0, 0, 0, 0, 0, 0, 0, 0, 0, 0, 0]"
L2_arctic_WAV/YBAA_arctic_a0077,"[6, 36, 6, 40, 4, 2, 22, 14, 6, 1, 32, 3, 33, 36, 28, 25, 9, 25, 34, 5, 17]","[6, 36, 6, 40, 4, 2, 22, 14, 6, 1, 32, 3, 33, 36, 28, 25, 9, 25, 34, 19, 6, 17]","[0, 0, 0, 0, 0, 0, 0, 0, 0, 0, 0, 0, 0, 0, 0, 0, 0, 0, 0, 1, 0]"
L2_arctic_WAV/YBAA_arctic_a0078,"[4, 5, 30, 41, 30, 17, 41, 36, 34, 12, 32, 1, 24, 25, 36, 33, 14, 6, 17, 36, 37, 22, 41, 4, 2, 29, 24, 1]","[4, 5, 30, 41, 30, 17, 41, 36, 34, 32, 1, 24, 25, 36, 33, 14, 6, 17, 36, 37, 22, 41, 4, 2, 29, 24, 6]","[0, 0, 0, 0, 0, 0, 0, 0, 0, 1, 0, 0, 0, 0, 0, 0, 0, 0, 0, 0, 0, 0, 0, 0, 0, 0, 0, 1]"
L2_arctic_WAV/YBAA_arctic_a0079,"[6, 36, 39, 3, 40, 2, 28, 3, 33, 18, 27, 2, 30, 37]","[6, 36, 39, 3, 40, 2, 28, 3, 33, 18, 27, 2, 30, 37]","[0, 0, 0, 0, 0, 0, 0, 0, 0, 0, 0, 0, 0, 0]"
L2_arctic_WAV/YBAA_arctic_a0081,"[24, 39, 12, 36, 6, 22, 9, 25, 17, 6, 17, 30, 3, 36, 27, 12, 29, 36, 2, 4, 2, 33, 3, 27]","[24, 39, 12, 36, 6, 22, 9, 25, 17, 6, 17, 30, 3, 36, 27, 12, 29, 36, 2, 4, 2, 33, 8, 27]","[0, 0, 0, 0, 0, 0, 0, 0, 0, 0, 0, 0, 0, 0, 0, 0, 0, 0, 0, 0, 0, 0, 1, 0]"
L2_arctic_WAV/YBAA_arctic_a0082,"[24, 6, 40, 22, 19, 6, 34, 39, 3, 40, 34, 36, 33, 25, 29, 6, 7, 39, 6, 10, 16, 28, 12, 17]","[24, 6, 40, 22, 6, 34, 39, 3, 40, 34, 36, 33, 25, 29, 6, 7, 39, 6, 10, 16, 28, 12, 17]","[0, 0, 0, 0, 1, 0, 0, 0, 0, 0, 0, 0, 0, 0, 0, 0, 0, 0, 0, 0, 0, 0, 0, 0]"
L2_arctic_WAV/YBAA_arctic_a0085,"[2, 36, 33, 6, 27, 2, 28, 12, 38, 22, 33, 5, 9, 16, 28, 12, 17, 33, 41, 30, 31, 11, 38, 1, 24, 6, 40, 22, 19, 6, 34]","[2, 36, 33, 6, 27, 2, 28, 12, 38, 22, 33, 5, 9, 16, 28, 12, 17, 33, 41, 30, 31, 11, 38, 1, 24, 6, 40, 22, 6, 34]","[0, 0, 0, 0, 0, 0, 0, 0, 0, 0, 0, 0, 0, 0, 0, 0, 0, 0, 0, 0, 0, 0, 0, 0, 0, 0, 0, 0, 1, 0, 0]"
L2_arctic_WAV/YBAA_arctic_a0086,"[17, 5, 10, 24, 41, 17, 27, 12, 29, 39, 6, 10, 36, 5, 33, 2, 16, 2, 28, 34, 12, 17, 2, 30, 30, 2, 34]","[17, 5, 10, 24, 41, 17, 27, 12, 29, 39, 6, 10, 36, 1, 33, 2, 16, 2, 28, 34, 12, 17, 2, 30, 30, 2, 34]","[0, 0, 0, 0, 0, 0, 0, 0, 0, 0, 0, 0, 0, 1, 0, 0, 0, 0, 0, 0, 0, 0, 0, 0, 0, 0, 0]"
L2_arctic_WAV/YBAA_arctic_a0088,"[24, 25, 29, 19, 6, 17, 9, 11, 33, 4, 2, 36, 4, 25, 29, 41, 23, 2, 40, 25, 30, 39, 3, 40, 28, 31, 11, 17, 6, 17, 2, 30, 17, 33, 6, 40, 37, 29, 17, 24, 6, 40, 32, 41, 17, 2, 28, 6, 7]","[24, 25, 29, 19, 6, 17, 35, 11, 33, 4, 2, 36, 4, 25, 29, 6, 23, 2, 40, 25, 30, 39, 3, 40, 28, 31, 11, 17, 6, 17, 2, 30, 17, 33, 6, 40, 37, 29, 17, 24, 6, 40, 32, 41, 17, 2, 28, 6, 7]","[0, 0, 0, 0, 0, 0, 1, 0, 0, 0, 0, 0, 0, 0, 0, 1, 0, 0, 0, 0, 0, 0, 0, 0, 0, 0, 0, 0, 0, 0, 0, 0, 0, 0, 0, 0, 0, 0, 0, 0, 0, 0, 0, 0, 0, 0, 0, 0, 0]"
L2_arctic_WAV/YBAA_arctic_a0089,"[4, 25, 30, 14, 6, 36, 23, 28, 31, 11, 39, 3, 40, 36, 33, 5, 35, 1, 2, 34, 36, 37, 9, 37, 36, 16, 14, 6]","[4, 25, 30, 14, 6, 36, 23, 28, 37, 39, 3, 40, 36, 33, 5, 35, 1, 2, 34, 36, 37, 9, 37, 36, 16, 14, 6]","[0, 0, 0, 0, 0, 0, 0, 0, 1, 1, 0, 0, 0, 0, 0, 0, 0, 0, 0, 0, 0, 0, 0, 0, 0, 0, 0, 0]"
L2_arctic_WAV/YBAA_arctic_a0090,"[4, 25, 34, 6, 7, 6, 7, 38, 8, 6, 34, 2, 32, 33, 31, 11, 35, 36, 33, 41, 32, 2, 17, 28, 25]","[4, 25, 34, 6, 7, 6, 7, 38, 8, 6, 34, 2, 32, 33, 31, 11, 35, 36, 33, 41, 32, 2, 17, 28, 25]","[0, 0, 0, 0, 0, 0, 0, 0, 0, 0, 0, 0, 0, 0, 0, 0, 0, 0, 0, 0, 0, 0, 0, 0, 0]"
L2_arctic_WAV/YBAA_arctic_a0091,"[24, 6, 40, 16, 28, 12, 17, 23, 33, 37, 24, 3, 36, 39, 6, 4, 33, 19, 6, 18, 41, 36, 4, 25, 10, 8, 36]","[24, 6, 40, 16, 28, 12, 17, 23, 33, 37, 24, 3, 36, 39, 6, 4, 33, 19, 6, 18, 41, 36, 4, 25, 10, 8, 36]","[0, 0, 0, 0, 0, 0, 0, 0, 0, 0, 0, 0, 0, 0, 0, 0, 0, 0, 0, 0, 0, 0, 0, 0, 0, 0, 0]"
L2_arctic_WAV/YBAA_arctic_a0092,"[24, 25, 39, 5, 30, 36, 17, 14, 11, 30, 6, 30, 29, 6, 17, 34, 36, 33, 25, 29, 34, 1, 35, 6, 7, 4, 25, 9, 41, 17, 31, 11, 40, 12, 38, 16, 31, 11, 10, 9, 8, 33, 40]","[24, 25, 39, 5, 30, 36, 17, 14, 11, 30, 6, 30, 29, 6, 17, 34, 36, 33, 25, 29, 34, 1, 35, 6, 7, 4, 25, 9, 41, 17, 31, 11, 40, 12, 38, 16, 8, 10, 9, 8, 33, 40]","[0, 0, 0, 0, 0, 0, 0, 0, 0, 0, 0, 0, 0, 0, 0, 0, 0, 0, 0, 0, 0, 0, 0, 0, 0, 0, 0, 0, 0, 0, 0, 0, 0, 0, 0, 0, 1, 1, 0, 0, 0, 0, 0]"
L2_arctic_WAV/YBAA_arctic_a0093,"[22, 8, 33, 2, 22, 11, 28, 29, 6, 30, 2, 36, 24, 25, 27, 33, 14, 11, 35, 36, 2, 30, 17, 28, 6, 34, 2, 30, 17]","[22, 8, 33, 2, 22, 11, 28, 29, 6, 30, 2, 36, 24, 25, 27, 33, 8, 35, 36, 2, 30, 17, 28, 6, 34, 2, 30, 17]","[0, 0, 0, 0, 0, 0, 0, 0, 0, 0, 0, 0, 0, 0, 0, 0, 1, 1, 0, 0, 0, 0, 0, 0, 0, 0, 0, 0, 0]"
L2_arctic_WAV/YBAA_arctic_a0095,"[2, 16, 6, 23, 27, 41, 30, 38, 2, 34, 36, 5, 30, 36, 39, 8, 40, 4, 2, 22, 1, 34, 36, 10, 6, 7, 36, 37, 27, 12, 29, 39, 6, 4, 6, 30, 24, 6, 40, 38, 6, 13, 2, 30]","[2, 16, 6, 23, 27, 41, 30, 38, 2, 34, 36, 5, 30, 36, 39, 8, 40, 4, 2, 22, 6, 34, 36, 10, 6, 7, 36, 37, 27, 12, 29, 39, 6, 4, 6, 30, 24, 6, 40, 38, 6, 13, 2, 30]","[0, 0, 0, 0, 0, 0, 0, 0, 0, 0, 0, 0, 0, 0, 0, 0, 0, 0, 0, 0, 1, 0, 0, 0, 0, 0, 0, 0, 0, 0, 0, 0, 0, 0, 0, 0, 0, 0, 0, 0, 0, 0, 0, 0]"
L2_arctic_WAV/YBAA_arctic_a0096,"[32, 1, 24, 41, 32, 34, 9, 25, 24, 41, 17, 8, 33, 5, 17, 25, 29, 5, 36, 24, 1, 22, 19, 6, 36, 2, 28, 6, 36, 2, 28, 17, 25, 32, 1, 6, 30, 4, 12, 22, 8, 33, 2, 34, 36]","[32, 1, 24, 41, 32, 34, 9, 25, 24, 41, 17, 8, 33, 5, 17, 25, 29, 5, 36, 24, 1, 22, 19, 6, 36, 2, 28, 6, 36, 2, 28, 17, 25, 32, 1, 6, 30, 4, 12, 22, 8, 33, 2, 34, 36]","[0, 0, 0, 0, 0, 0, 0, 0, 0, 0, 0, 0, 0, 0, 0, 0, 0, 0, 0, 0, 0, 0, 0, 0, 0, 0, 0, 0, 0, 0, 0, 0, 0, 0, 0, 0, 0, 0, 0, 0, 0, 0, 0, 0, 0]"
L2_arctic_WAV/YBAA_arctic_a0097,"[4, 5, 30, 26, 37, 27, 41, 30, 1, 19, 6, 30, 18, 26, 8, 33, 34, 5, 28, 22, 27, 12, 29, 22, 1, 36, 2, 16, 28, 25, 2, 29, 12, 7, 4, 25, 40, 33, 31, 11, 16, 40, 6, 30, 4, 25, 16, 31, 11]","[4, 5, 30, 26, 37, 27, 41, 30, 1, 19, 6, 30, 18, 26, 8, 33, 34, 5, 28, 22, 27, 12, 29, 22, 1, 36, 2, 16, 28, 25, 2, 29, 12, 7, 4, 25, 40, 33, 31, 11, 16, 40, 6, 30, 4, 25, 16, 31, 11]","[0, 0, 0, 0, 0, 0, 0, 0, 0, 0, 0, 0, 0, 0, 0, 0, 0, 0, 0, 0, 0, 0, 0, 0, 0, 0, 0, 0, 0, 0, 0, 0, 0, 0, 0, 0, 0, 0, 0, 0, 0, 0, 0, 0, 0, 0, 0, 0, 0]"
L2_arctic_WAV/YBAA_arctic_a0098,"[9, 41, 28, 14, 6, 27, 5, 33, 25, 26, 37]","[9, 41, 28, 14, 6, 27, 5, 33, 25, 26, 37]","[0, 0, 0, 0, 0, 0, 0, 0, 0, 0, 0]"
L2_arctic_WAV/YBAA_arctic_a0099,"[2, 29, 41, 17, 2, 30, 6, 7, 18, 8, 6, 32, 14, 11, 30, 17, 6, 17, 6, 30, 24, 6, 40, 16, 33, 19, 6, 30]","[2, 29, 41, 17, 2, 30, 6, 7, 18, 8, 6, 16, 14, 11, 30, 17, 6, 17, 6, 30, 24, 6, 40, 16, 33, 19, 6, 30]","[0, 0, 0, 0, 0, 0, 0, 0, 0, 0, 0, 1, 0, 0, 0, 0, 0, 0, 0, 0, 0, 0, 0, 0, 0, 0, 0, 0]"
L2_arctic_WAV/YBAA_arctic_a0100,"[26, 37, 29, 12, 34, 36, 34, 28, 25, 32, 24, 25, 1, 18, 17]","[26, 37, 29, 12, 34, 2, 34, 28, 25, 32, 24, 25, 1, 17]","[0, 0, 0, 0, 0, 1, 0, 0, 0, 0, 0, 0, 0, 1, 0]"
L2_arctic_WAV/YBAA_arctic_a0101,"[26, 37, 26, 37, 39, 11, 17, 30, 3, 36, 27, 25, 32, 4, 2, 36, 33, 37, 10, 22, 33, 12, 29, 29, 25]","[26, 37, 26, 37, 39, 11, 17, 30, 8, 36, 27, 25, 32, 4, 2, 36, 33, 37, 36, 22, 33, 8, 29, 29, 25]","[0, 0, 0, 0, 0, 0, 0, 0, 1, 0, 0, 0, 0, 0, 0, 0, 0, 0, 1, 0, 0, 1, 0, 0, 0]"
L2_arctic_WAV/YBAA_arctic_a0102,"[24, 25, 39, 2, 28, 22, 3, 28, 31, 11, 12, 34, 34, 37, 30]","[24, 25, 39, 2, 28, 22, 31, 11, 28, 31, 11, 12, 34, 34, 11, 30]","[0, 0, 0, 0, 0, 0, 1, 0, 0, 0, 0, 0, 0, 1, 0]"
L2_arctic_WAV/YBAA_arctic_a0103,"[16, 12, 36, 4, 5, 33, 27, 19, 6, 29, 30, 31, 11, 32, 33, 3, 29, 2, 34, 22, 33, 12, 29, 4, 2, 16, 31, 11, 12, 38, 4, 25, 27, 2, 30, 37]","[16, 12, 36, 4, 5, 33, 27, 19, 6, 29, 30, 31, 11, 32, 33, 3, 29, 2, 34, 22, 33, 12, 29, 4, 6, 16, 31, 11, 12, 38, 4, 25, 27, 41, 30, 37]","[0, 0, 0, 0, 0, 0, 0, 0, 0, 0, 0, 0, 0, 0, 0, 0, 0, 0, 0, 0, 0, 0, 0, 0, 1, 0, 0, 0, 0, 0, 0, 0, 0, 1, 0, 0]"
L2_arctic_WAV/YBAA_arctic_a0104,"[9, 25, 39, 3, 40, 34, 28, 25, 32, 6, 7, 12, 30, 17, 1, 24, 6, 40, 32, 33, 2, 36, 5, 27, 9, 2, 30, 41, 40, 34, 39, 25, 36, 28, 25, 5, 40, 2, 35, 14, 6, 28, 17]","[9, 25, 39, 3, 40, 34, 28, 25, 16, 6, 7, 12, 30, 17, 1, 24, 6, 40, 32, 33, 31, 11, 36, 5, 27, 9, 2, 30, 41, 40, 34, 39, 25, 36, 28, 25, 5, 40, 2, 35, 14, 6, 28, 17]","[0, 0, 0, 0, 0, 0, 0, 0, 1, 0, 0, 0, 0, 0, 0, 0, 0, 0, 0, 0, 1, 0, 0, 0, 0, 0, 0, 0, 0, 0, 0, 0, 0, 0, 0, 0, 0, 0, 0, 0, 0, 0, 0]"
L2_arctic_WAV/YBAA_arctic_a0105,"[31, 11, 30, 28, 25, 6, 36, 6, 40, 34, 31, 11, 39, 12, 30, 17, 1, 22, 2, 28, 34, 31, 11, 8, 28, 29, 31, 11, 34, 36, 6, 29, 32, 3, 34, 2, 16, 2, 28, 36, 37, 16, 6, 28, 25, 38]","[31, 11, 30, 28, 25, 6, 36, 34, 34, 31, 11, 39, 12, 30, 17, 1, 22, 37, 28, 34, 31, 11, 8, 28, 29, 31, 11, 34, 36, 6, 29, 32, 3, 40, 2, 16, 5, 28, 36, 37, 16, 6, 28, 25, 38]","[0, 0, 0, 0, 0, 0, 0, 1, 1, 0, 0, 0, 0, 0, 0, 0, 0, 0, 1, 0, 0, 0, 0, 0, 0, 0, 0, 0, 0, 0, 0, 0, 0, 0, 1, 0, 0, 1, 0, 0, 0, 0, 0, 0, 0, 0]"
L2_arctic_WAV/YBAA_arctic_a0106,"[4, 25, 6, 29, 31, 11, 9, 2, 30, 39, 6, 35, 9, 25, 24, 41, 17, 34, 2, 32, 33, 5, 34, 36, 16, 1, 34, 36, 22, 8, 33, 10, 30, 14, 11, 6, 30, 2, 35, 31, 11, 27, 6, 7, 34, 3, 16]","[4, 25, 6, 29, 31, 11, 9, 2, 30, 39, 6, 35, 9, 25, 24, 41, 17, 34, 2, 16, 33, 5, 34, 36, 16, 12, 34, 36, 22, 8, 33, 10, 30, 14, 11, 6, 30, 2, 35, 31, 11, 27, 6, 7, 34, 3, 16]","[0, 0, 0, 0, 0, 0, 0, 0, 0, 0, 0, 0, 0, 0, 0, 0, 0, 0, 0, 1, 0, 0, 0, 0, 0, 1, 0, 0, 0, 0, 0, 0, 0, 0, 0, 0, 0, 0, 0, 0, 0, 0, 0, 0, 0, 0, 0]"
L2_arctic_WAV/YBAA_arctic_a0107,"[6, 22, 26, 37, 31, 11, 30, 28, 25, 27, 11, 17, 30, 31, 11, 24, 14, 11, 14, 6, 10, 41, 7, 27, 26, 37]","[6, 22, 26, 37, 31, 11, 30, 28, 25, 27, 11, 17, 30, 31, 11, 24, 14, 11, 14, 6, 10, 41, 7, 27, 26, 37]","[0, 0, 0, 0, 0, 0, 0, 0, 0, 0, 0, 0, 0, 0, 0, 0, 0, 0, 0, 0, 0, 0, 0, 0, 0, 0]"
L2_arctic_WAV/YBAA_arctic_a0108,"[24, 25, 39, 19, 6, 17, 6, 17, 6, 30, 36, 2, 4, 2, 5, 18, 2, 38, 4, 2, 39, 8, 36, 1, 41, 30, 17, 16, 6, 23, 41, 30, 34, 27, 33, 12, 16, 6, 7, 24, 6, 29, 34, 5, 28, 22]","[24, 25, 39, 19, 6, 17, 6, 17, 6, 30, 36, 2, 4, 2, 5, 18, 2, 38, 4, 6, 39, 8, 36, 1, 41, 30, 17, 16, 6, 23, 41, 30, 34, 27, 33, 12, 16, 6, 7, 24, 6, 29, 34, 5, 28, 22]","[0, 0, 0, 0, 0, 0, 0, 0, 0, 0, 0, 0, 0, 0, 0, 0, 0, 0, 0, 1, 0, 0, 0, 0, 0, 0, 0, 0, 0, 0, 0, 0, 0, 0, 0, 0, 0, 0, 0, 0, 0, 0, 0, 0, 0, 0]"
L2_arctic_WAV/YBAA_arctic_a0109,"[17, 37, 26, 37, 30, 31, 11, 4, 41, 36, 26, 37, 3, 33, 9, 19, 6, 27, 6, 7, 29, 14, 6, 27, 3, 30, 22, 2, 17, 2, 30, 34, 6, 30, 26, 37]","[17, 37, 26, 37, 30, 31, 11, 4, 41, 36, 26, 37, 3, 33, 9, 19, 6, 27, 6, 7, 29, 14, 6, 27, 3, 30, 22, 6, 17, 2, 30, 34, 6, 30, 26, 37]","[0, 0, 0, 0, 0, 0, 0, 0, 0, 0, 0, 0, 0, 0, 0, 0, 0, 0, 0, 0, 0, 0, 0, 0, 0, 0, 0, 1, 0, 0, 0, 0, 0, 0, 0, 0]"
L2_arctic_WAV/YBAA_arctic_a0111,"[6, 30, 34, 36, 5, 17, 24, 25, 18, 8, 6, 30, 17, 24, 1, 33, 41, 30, 17, 4, 19, 6, 19, 6, 36, 28, 14, 6, 27, 36, 37, 24, 12, 7, 23, 33, 25, 35, 6, 28, 17, 33, 2, 30]","[6, 30, 34, 36, 5, 17, 24, 25, 18, 8, 6, 30, 17, 24, 5, 33, 41, 30, 17, 4, 19, 6, 19, 6, 36, 28, 14, 6, 27, 36, 37, 24, 12, 7, 23, 33, 25, 35, 6, 28, 17, 33, 2, 30]","[0, 0, 0, 0, 0, 0, 0, 0, 0, 0, 0, 0, 0, 0, 1, 0, 0, 0, 0, 0, 0, 0, 0, 0, 0, 0, 0, 0, 0, 0, 0, 0, 0, 0, 0, 0, 0, 0, 0, 0, 0, 0, 0, 0]"
L2_arctic_WAV/YBAA_arctic_a0112,"[24, 25, 39, 3, 40, 39, 37, 30, 17, 2, 17, 6, 30, 4, 2, 3, 33, 29]","[24, 25, 39, 3, 40, 39, 8, 30, 17, 2, 17, 6, 30, 4, 2, 3, 29]","[0, 0, 0, 0, 0, 0, 1, 0, 0, 0, 0, 0, 0, 0, 0, 0, 1, 0]"
L2_arctic_WAV/YBAA_arctic_a0113,"[14, 6, 34, 2, 32, 31, 11, 40, 26, 37, 32, 6, 27, 36, 4, 41, 36, 28, 6, 7, 23, 31, 11, 12, 32, 2, 29, 12, 7, 4, 25, 6, 30, 17, 25, 2, 30, 40]","[14, 6, 34, 2, 16, 31, 11, 40, 26, 37, 16, 6, 27, 36, 4, 41, 36, 28, 6, 7, 23, 31, 11, 12, 32, 2, 29, 8, 7, 4, 25, 6, 30, 17, 25, 2, 30, 34]","[0, 0, 0, 0, 1, 0, 0, 0, 0, 0, 1, 0, 0, 0, 0, 0, 0, 0, 0, 0, 0, 0, 0, 0, 0, 0, 0, 1, 0, 0, 0, 0, 0, 0, 0, 0, 0, 1]"
L2_arctic_WAV/YBAA_arctic_a0115,"[24, 25, 24, 41, 17, 30, 31, 11, 6, 27, 34, 27, 26, 37, 40, 22, 8, 33, 4, 2, 22, 25, 28, 6, 7, 40, 39, 6, 35, 39, 1, 33, 1, 14, 11, 40, 17, 6, 30, 24, 6, 29]","[24, 25, 24, 41, 17, 30, 31, 11, 6, 27, 34, 25, 27, 26, 37, 40, 22, 8, 33, 4, 2, 22, 25, 28, 6, 7, 40, 39, 6, 35, 39, 1, 33, 1, 31, 11, 40, 17, 6, 30, 24, 6, 29]","[0, 0, 0, 0, 0, 0, 0, 0, 0, 0, 0, 0, 0, 0, 0, 0, 0, 0, 0, 0, 0, 0, 0, 0, 0, 0, 0, 0, 0, 0, 0, 0, 0, 1, 0, 0, 0, 0, 0, 0, 0, 0]"
L2_arctic_WAV/YBAA_arctic_a0116,"[39, 8, 40, 6, 36, 4, 2, 33, 3, 30, 17, 6, 38, 37, 12, 38, 4, 31, 11, 40, 24, 37, 39, 1, 34, 36, 33, 14, 6, 38, 6, 7, 36, 37, 39, 1, 33, 27, 24, 6, 40, 33, 37, 2, 30]","[39, 8, 40, 6, 36, 4, 2, 33, 41, 30, 17, 6, 38, 37, 8, 22, 4, 31, 11, 40, 24, 37, 39, 1, 34, 36, 33, 14, 6, 38, 6, 7, 36, 37, 39, 8, 33, 27, 24, 6, 40, 33, 37, 30]","[0, 0, 0, 0, 0, 0, 0, 0, 1, 0, 0, 0, 0, 0, 1, 1, 0, 0, 0, 0, 0, 0, 0, 0, 0, 0, 0, 0, 0, 0, 0, 0, 0, 0, 0, 1, 0, 0, 0, 0, 0, 0, 0, 1, 0]"
L2_arctic_WAV/YBAA_arctic_a0117,"[9, 25, 41, 17, 2, 17, 39, 6, 4, 18, 5, 30, 26, 2, 39, 2, 30, 34, 6, 29, 32, 2, 10, 25, 6, 30, 24, 1, 33, 22, 19, 6, 34, 41, 30, 17, 38, 8, 6, 34]","[9, 25, 41, 17, 2, 17, 39, 6, 4, 18, 25, 30, 37, 39, 2, 30, 34, 6, 29, 32, 2, 10, 25, 6, 30, 24, 5, 33, 22, 19, 6, 34, 41, 30, 17, 38, 8, 6, 34]","[0, 0, 0, 0, 0, 0, 0, 0, 0, 0, 1, 0, 1, 1, 0, 0, 0, 0, 0, 0, 0, 0, 0, 0, 0, 0, 0, 1, 0, 0, 0, 0, 0, 0, 0, 0, 0, 0, 0, 0]"
L2_arctic_WAV/YBAA_arctic_a0120,"[29, 14, 6, 33, 14, 6, 36, 22, 11, 36, 22, 25, 28, 40, 28, 14, 6, 27, 12, 38, 2, 35, 14, 6, 30, 25, 40, 17, 5, 16, 26, 2, 36, 3, 30, 36]","[29, 14, 6, 33, 14, 6, 36, 22, 11, 36, 22, 25, 28, 40, 28, 14, 6, 27, 8, 22, 2, 35, 14, 6, 30, 25, 40, 17, 5, 16, 37, 36, 3, 30, 36]","[0, 0, 0, 0, 0, 0, 0, 0, 0, 0, 0, 0, 0, 0, 0, 0, 0, 0, 1, 1, 0, 0, 0, 0, 0, 0, 0, 0, 0, 0, 1, 1, 0, 0, 0, 0]"
L2_arctic_WAV/YBAA_arctic_a0121,"[4, 19, 6, 19, 6, 36, 17, 6, 30, 1, 41, 36, 4, 2, 22, 6, 22, 10, 41, 30, 17, 33, 5, 34, 36, 2, 17, 22, 8, 33, 36, 37, 14, 11, 1, 40]","[4, 19, 6, 19, 6, 36, 17, 6, 30, 1, 41, 36, 4, 5, 22, 6, 22, 10, 41, 30, 17, 33, 5, 34, 36, 2, 17, 22, 8, 33, 36, 37, 14, 11, 1, 34]","[0, 0, 0, 0, 0, 0, 0, 0, 0, 0, 0, 0, 0, 1, 0, 0, 0, 0, 0, 0, 0, 0, 0, 0, 0, 0, 0, 0, 0, 0, 0, 0, 0, 0, 0, 1]"
L2_arctic_WAV/YBAA_arctic_a0122,"[36, 37, 26, 1, 40, 2, 23, 31, 11, 14, 6, 23, 19, 6, 38, 12, 32, 34, 6, 38, 2, 28, 6, 40, 19, 6, 9, 2, 30, 22, 8, 33, 4, 6, 34]","[36, 37, 26, 1, 40, 2, 23, 31, 11, 14, 6, 23, 19, 6, 38, 12, 32, 34, 6, 38, 2, 28, 6, 40, 19, 6, 9, 2, 30, 22, 8, 33, 4, 6, 34]","[0, 0, 0, 0, 0, 0, 0, 0, 0, 0, 0, 0, 0, 0, 0, 0, 0, 0, 0, 0, 0, 0, 0, 0, 0, 0, 0, 0, 0, 0, 0, 0, 0, 0, 0]"
L2_arctic_WAV/YBAA_arctic_a0123,"[9, 25, 24, 41, 17, 17, 14, 6, 17, 22, 33, 12, 29, 27, 31, 11, 28, 17, 41, 30, 17, 34, 36, 3, 33, 38, 19, 6, 9, 2, 30]","[9, 25, 24, 41, 17, 17, 14, 6, 17, 22, 33, 12, 29, 27, 31, 11, 28, 17, 41, 30, 17, 34, 36, 3, 33, 38, 19, 6, 9, 2, 30]","[0, 0, 0, 0, 0, 0, 0, 0, 0, 0, 0, 0, 0, 0, 0, 0, 0, 0, 0, 0, 0, 0, 0, 0, 0, 0, 0, 0, 0, 0, 0]"
L2_arctic_WAV/YBAA_arctic_a0125,"[24, 25, 39, 8, 40, 17, 6, 36, 1, 29, 2, 30, 17, 30, 14, 11, 36, 37, 29, 19, 6, 30, 36, 19, 6, 30, 2, 29, 8, 33, 34, 1, 36, 2, 30, 24, 31, 11, 28, 17, 2, 32, 3, 30, 24, 6, 29, 34, 5, 28, 22]","[24, 25, 39, 8, 40, 17, 6, 36, 1, 29, 2, 30, 17, 30, 14, 11, 36, 37, 29, 19, 6, 30, 36, 19, 6, 30, 2, 29, 8, 33, 34, 1, 36, 2, 30, 24, 31, 11, 28, 17, 2, 16, 3, 30, 24, 6, 29, 34, 5, 28, 22]","[0, 0, 0, 0, 0, 0, 0, 0, 0, 0, 0, 0, 0, 0, 0, 0, 0, 0, 0, 0, 0, 0, 0, 0, 0, 0, 0, 0, 0, 0, 0, 0, 0, 0, 0, 0, 0, 0, 0, 0, 0, 1, 0, 0, 0, 0, 0, 0, 0, 0, 0]"
L2_arctic_WAV/YBAA_arctic_a0126,"[25, 35, 17, 19, 6, 9, 25, 16, 25, 27, 19, 6, 29, 2, 29, 8, 33, 38, 14, 6, 36, 2, 28, 32, 3, 33, 36, 2, 38, 24, 6, 29]","[25, 35, 17, 19, 6, 9, 25, 16, 25, 27, 19, 6, 29, 2, 29, 8, 33, 38, 19, 6, 36, 2, 28, 32, 3, 33, 36, 2, 38, 24, 6, 29]","[0, 0, 0, 0, 0, 0, 0, 0, 0, 0, 0, 0, 0, 0, 0, 0, 0, 0, 1, 0, 0, 0, 0, 0, 0, 0, 0, 0, 0, 0, 0, 0]"
L2_arctic_WAV/YBAA_arctic_a0127,"[6, 36, 39, 3, 40, 2, 36, 5, 29, 36, 19, 6, 9, 2, 30, 16, 12, 36, 24, 25, 33, 6, 40, 6, 34, 36, 6, 17, 6, 36]","[6, 36, 39, 3, 40, 2, 36, 5, 29, 36, 19, 6, 9, 2, 30, 16, 12, 36, 24, 25, 33, 6, 40, 6, 34, 36, 6, 17, 5, 36]","[0, 0, 0, 0, 0, 0, 0, 0, 0, 0, 0, 0, 0, 0, 0, 0, 0, 0, 0, 0, 0, 0, 0, 0, 0, 0, 0, 0, 1, 0]"
L2_arctic_WAV/YBAA_arctic_a0128,"[4, 6, 34, 39, 12, 30, 24, 31, 11, 32, 39, 3, 40, 17, 6, 34, 36, 33, 8, 6, 17, 41, 40, 27, 39, 6, 27, 28, 25, 41, 40, 6, 36, 39, 3, 40, 16, 8, 33, 30]","[4, 6, 34, 39, 12, 30, 24, 31, 11, 32, 39, 3, 40, 17, 6, 34, 36, 33, 8, 6, 17, 41, 40, 27, 39, 6, 27, 28, 25, 41, 40, 6, 36, 39, 3, 40, 16, 8, 33, 30]","[0, 0, 0, 0, 0, 0, 0, 0, 0, 0, 0, 0, 0, 0, 0, 0, 0, 0, 0, 0, 0, 0, 0, 0, 0, 0, 0, 0, 0, 0, 0, 0, 0, 0, 0, 0, 0, 0, 0, 0]"
L2_arctic_WAV/YBAA_arctic_a0129,"[24, 1, 33, 22, 19, 6, 34, 39, 8, 40, 2, 23, 5, 30, 34, 36, 24, 6, 40, 16, 33, 5, 34, 36]","[24, 5, 33, 22, 19, 6, 34, 39, 8, 40, 2, 23, 5, 30, 34, 36, 24, 6, 40, 16, 33, 5, 34, 36]","[0, 1, 0, 0, 0, 0, 0, 0, 0, 0, 0, 0, 0, 0, 0, 0, 0, 0, 0, 0, 0, 0, 0, 0]"
L2_arctic_WAV/YBAA_arctic_a0130,"[9, 25, 39, 8, 40, 24, 6, 40, 30, 14, 11, 22, 1, 5, 38, 1]","[9, 25, 39, 8, 40, 24, 6, 40, 30, 14, 11, 22, 1, 5, 38, 1]","[0, 0, 0, 0, 0, 0, 0, 0, 0, 0, 0, 0, 0, 0, 0, 0]"
L2_arctic_WAV/YBAA_arctic_a0131,"[32, 33, 3, 38, 2, 17, 2, 30, 34, 24, 41, 17, 17, 6, 28, 6, 38, 1, 17, 24, 6, 29, 10, 33, 37, 4, 2, 29, 19, 6, 28, 34, 36, 33, 2, 29]","[32, 33, 31, 11, 38, 2, 17, 2, 30, 34, 24, 41, 17, 17, 6, 28, 6, 38, 1, 17, 24, 6, 29, 10, 33, 37, 4, 2, 29, 19, 6, 28, 34, 36, 33, 2, 29]","[0, 0, 1, 0, 0, 0, 0, 0, 0, 0, 0, 0, 0, 0, 0, 0, 0, 0, 0, 0, 0, 0, 0, 0, 0, 0, 0, 0, 0, 0, 0, 0, 0, 0, 0, 0]"
L2_arctic_WAV/YBAA_arctic_a0134,"[24, 25, 31, 11, 16, 19, 6, 17, 4, 2, 32, 33, 5, 9, 1, 33, 12, 38, 24, 1, 33, 24, 41, 30, 17]","[24, 25, 31, 11, 16, 19, 6, 17, 4, 2, 32, 33, 5, 9, 3, 33, 8, 22, 24, 5, 33, 24, 41, 30, 17]","[0, 0, 0, 0, 0, 0, 0, 0, 0, 0, 0, 0, 0, 0, 1, 0, 1, 1, 0, 1, 0, 0, 0, 0, 0]"
L2_arctic_WAV/YBAA_arctic_a0136,"[2, 16, 14, 11, 36, 24, 6, 29, 5, 38, 33, 25, 39, 5, 33, 39, 1, 33, 4, 2, 5, 38, 2, 17, 2, 30, 34, 2, 40, 12, 38, 28, 12, 23, 13, 1, 25, 41, 30, 17, 12, 38, 19, 6, 18]","[2, 16, 14, 11, 36, 24, 6, 29, 5, 38, 33, 25, 39, 5, 33, 39, 5, 33, 4, 2, 5, 38, 2, 17, 2, 30, 34, 2, 40, 8, 22, 28, 12, 23, 13, 1, 25, 41, 30, 17, 12, 38, 19, 6, 18]","[0, 0, 0, 0, 0, 0, 0, 0, 0, 0, 0, 0, 0, 0, 0, 0, 1, 0, 0, 0, 0, 0, 0, 0, 0, 0, 0, 0, 0, 1, 1, 0, 0, 0, 0, 0, 0, 0, 0, 0, 0, 0, 0, 0, 0]"
L2_arctic_WAV/YBAA_arctic_a0137,"[4, 5, 30, 24, 25, 34, 36, 5, 32, 36, 16, 41, 27, 39, 6, 4, 2, 28, 31, 11, 27, 33, 14, 6, 12, 38, 32, 28, 5, 13, 1]","[4, 5, 30, 24, 25, 34, 36, 5, 32, 36, 16, 41, 27, 39, 6, 4, 2, 28, 31, 11, 27, 33, 14, 6, 12, 38, 32, 28, 5, 13, 1]","[0, 0, 0, 0, 0, 0, 0, 0, 0, 0, 0, 0, 0, 0, 0, 0, 0, 0, 0, 0, 0, 0, 0, 0, 0, 0, 0, 0, 0, 0, 0]"
L2_arctic_WAV/YBAA_arctic_a0139,"[24, 25, 36, 31, 11, 28, 17, 24, 6, 29, 34, 5, 28, 22, 4, 41, 36, 24, 25, 39, 3, 9, 36, 24, 6, 29, 34, 5, 28, 22, 2, 30, 17, 23, 33, 37, 29, 17, 24, 6, 40, 17, 6, 9, 5, 38, 2, 28, 17, 27, 28, 31, 11, 4, 40]","[24, 25, 36, 31, 11, 28, 17, 24, 6, 29, 34, 5, 28, 22, 4, 41, 36, 24, 25, 39, 31, 11, 9, 36, 24, 6, 29, 34, 5, 28, 22, 2, 30, 17, 23, 33, 37, 29, 17, 24, 6, 40, 17, 6, 9, 2, 22, 2, 28, 17, 23, 28, 31, 11, 36, 34]","[0, 0, 0, 0, 0, 0, 0, 0, 0, 0, 0, 0, 0, 0, 0, 0, 0, 0, 0, 0, 1, 0, 0, 0, 0, 0, 0, 0, 0, 0, 0, 0, 0, 0, 0, 0, 0, 0, 0, 0, 0, 0, 0, 0, 1, 1, 0, 0, 0, 1, 0, 0, 0, 1, 1]"
L2_arctic_WAV/YBAA_arctic_a0159,"[4, 19, 6, 28, 11, 27, 41, 40, 4, 31, 11, 24, 25, 24, 41, 17, 16, 6, 30, 17, 33, 12, 29, 6, 7, 2, 32, 25, 41, 30, 31, 11, 8, 28, 24, 6, 40, 28, 14, 6, 22]","[4, 19, 6, 28, 11, 27, 41, 40, 4, 31, 11, 24, 25, 24, 41, 17, 16, 6, 30, 17, 33, 12, 29, 6, 7, 23, 2, 32, 25, 41, 30, 31, 11, 8, 28, 24, 6, 40, 28, 14, 6, 22]","[0, 0, 0, 0, 0, 0, 0, 0, 0, 0, 0, 0, 0, 0, 0, 0, 0, 0, 0, 0, 0, 0, 0, 0, 0, 0, 0, 0, 0, 0, 0, 0, 0, 0, 0, 0, 0, 0, 0, 0, 0]"
L2_arctic_WAV/BWC_arctic_a0003,"[22, 8, 33, 4, 2, 36, 39, 5, 30, 36, 25, 6, 10, 36, 14, 6, 29, 4, 41, 36, 25, 38, 30, 6, 7, 4, 2, 36, 37, 29, 5, 30, 9, 11, 27, 24, 41, 30, 40]","[22, 8, 17, 2, 36, 39, 5, 30, 36, 25, 36, 14, 6, 29, 36, 41, 36, 25, 38, 30, 6, 7, 17, 2, 36, 37, 29, 5, 30, 9, 11, 27, 24, 41, 30, 34]","[0, 0, 1, 1, 0, 0, 0, 0, 0, 0, 0, 1, 1, 0, 0, 0, 0, 1, 0, 0, 0, 0, 0, 0, 0, 1, 0, 0, 0, 0, 0, 0, 0, 0, 0, 0, 0, 0, 1]"
L2_arctic_WAV/BWC_arctic_a0005,"[39, 6, 28, 39, 25, 5, 38, 1, 22, 1, 23, 5, 36, 6, 36]","[39, 6, 28, 39, 25, 5, 38, 1, 22, 2, 23, 41, 4, 6, 36]","[0, 0, 0, 0, 0, 0, 0, 0, 0, 1, 0, 1, 1, 0, 0]"
L2_arctic_WAV/BWC_arctic_a0006,"[23, 3, 17, 16, 28, 5, 34, 14, 6, 24, 31, 11, 32, 14, 6, 39, 6, 28, 23, 31, 11, 3, 30, 34, 25, 6, 7, 4, 5, 29, 22, 1, 5, 38, 1]","[23, 8, 16, 28, 5, 34, 17, 5, 29, 14, 6, 24, 31, 11, 32, 14, 6, 39, 6, 23, 31, 11, 3, 7, 34, 25, 6, 7, 17, 5, 29, 22, 39, 5, 38, 1]","[0, 1, 1, 0, 0, 0, 0, 0, 0, 0, 0, 0, 0, 0, 0, 0, 0, 1, 0, 0, 0, 0, 1, 0, 0, 0, 0, 1, 0, 0, 0, 1, 0, 0, 0]"
L2_arctic_WAV/BWC_arctic_a0007,"[41, 30, 17, 26, 37, 8, 28, 39, 25, 40, 39, 8, 30, 36, 36, 37, 34, 25, 6, 36, 6, 30, 4, 2, 34, 11, 32, 1, 28, 2, 36, 6, 38, 17, 6, 23, 33, 25]","[41, 30, 17, 26, 37, 8, 28, 39, 25, 34, 39, 8, 30, 36, 37, 34, 25, 6, 36, 6, 30, 17, 2, 34, 26, 11, 32, 1, 28, 2, 36, 6, 38, 17, 6, 23, 33, 25]","[0, 0, 0, 0, 0, 0, 0, 0, 0, 1, 0, 0, 0, 1, 0, 0, 0, 0, 0, 0, 0, 0, 1, 0, 0, 0, 0, 0, 0, 0, 0, 0, 0, 0, 0, 0, 0, 0]"
L2_arctic_WAV/BWC_arctic_a0008,"[23, 41, 17, 26, 8, 33, 28, 5, 36, 1, 27, 19, 6, 29, 18, 12, 34, 36, 6, 30, 36, 14, 6, 29]","[23, 3, 17, 26, 8, 33, 28, 5, 36, 24, 1, 27, 5, 29, 35, 12, 34, 6, 30, 36, 14, 6, 29]","[0, 1, 0, 0, 0, 0, 0, 0, 0, 0, 0, 1, 1, 0, 1, 0, 0, 1, 0, 0, 0, 0, 0, 0]"
L2_arctic_WAV/BWC_arctic_a0010,"[2, 29, 32, 28, 19, 6, 6, 7, 2, 34, 6, 7, 23, 2, 28, 24, 41, 30, 17, 6, 30, 39, 12, 36, 28, 11, 27, 34, 28, 14, 6, 27, 2, 28, 37, 40, 6, 7, 23, 19, 6, 29]","[2, 29, 32, 28, 19, 6, 6, 7, 2, 34, 6, 7, 23, 2, 24, 41, 30, 6, 30, 39, 12, 28, 11, 27, 34, 28, 14, 6, 27, 2, 28, 8, 34, 6, 7, 23, 5, 29]","[0, 0, 0, 0, 0, 0, 0, 0, 0, 0, 0, 0, 0, 0, 1, 0, 0, 0, 1, 0, 0, 0, 0, 1, 0, 0, 0, 0, 0, 0, 0, 0, 0, 0, 1, 1, 0, 0, 0, 1, 1, 0]"
L2_arctic_WAV/BWC_arctic_a0011,"[6, 22, 14, 6, 5, 38, 1, 30, 25, 17, 6, 17, 2, 22, 14, 6, 36, 1, 6, 30, 29, 14, 6, 28, 14, 6, 22, 14, 6, 30, 25, 17, 39, 12, 30, 30, 14, 11]","[6, 22, 3, 5, 38, 1, 30, 25, 17, 6, 2, 22, 14, 6, 36, 1, 6, 30, 29, 3, 28, 14, 6, 22, 14, 6, 30, 25, 39, 12, 30, 30, 14, 11]","[0, 0, 1, 1, 0, 0, 0, 0, 0, 0, 0, 1, 0, 0, 0, 0, 0, 0, 0, 0, 0, 1, 1, 0, 0, 0, 0, 0, 0, 0, 0, 1, 0, 0, 0, 0, 0, 0]"
L2_arctic_WAV/BWC_arctic_a0013,"[24, 25, 39, 12, 40, 2, 24, 5, 17, 9, 8, 33, 36, 1, 4, 41, 30, 24, 6, 40, 27, 2, 29, 32, 41, 30, 26, 2, 30, 12, 38, 8, 28, 29, 31, 11, 34, 36, 17, 5, 28, 2, 27, 2, 36, 22, 2, 40, 25, 27]","[24, 25, 39, 12, 34, 2, 24, 41, 9, 8, 36, 1, 36, 41, 24, 6, 34, 27, 2, 29, 32, 41, 30, 26, 2, 12, 22, 8, 28, 29, 8, 34, 17, 41, 28, 2, 27, 5, 36, 22, 6, 40, 6, 27]","[0, 0, 0, 0, 1, 0, 0, 1, 1, 0, 0, 1, 0, 0, 1, 0, 1, 0, 0, 1, 0, 0, 0, 0, 0, 0, 0, 0, 1, 0, 1, 0, 0, 0, 1, 1, 0, 1, 0, 1, 0, 0, 0, 1, 0, 0, 1, 0, 1, 0]"
L2_arctic_WAV/BWC_arctic_a0018,"[4, 5, 33, 39, 8, 40, 2, 35, 19, 6, 30, 18, 30, 14, 11]","[17, 5, 39, 8, 34, 2, 35, 5, 30, 35, 30, 14, 11]","[1, 0, 1, 0, 0, 1, 0, 0, 1, 1, 0, 1, 0, 0, 0]"
L2_arctic_WAV/BWC_arctic_a0019,"[14, 6, 22, 3, 28, 31, 11, 17, 4, 2, 28, 14, 6, 30, 12, 38, 4, 12, 32, 33, 2, 32, 31, 11, 40, 17, 33, 19, 6, 28, 33, 31, 11, 17, 28, 11, 27, 6, 7, 22, 8, 33, 35, 41, 30, 34, 2, 40]","[14, 6, 22, 8, 28, 8, 17, 17, 2, 28, 14, 6, 30, 12, 22, 17, 12, 32, 33, 3, 32, 1, 34, 33, 25, 28, 33, 31, 11, 28, 11, 27, 6, 7, 22, 8, 35, 41, 30, 34]","[0, 0, 0, 1, 0, 1, 1, 0, 1, 0, 0, 0, 0, 0, 0, 1, 1, 0, 0, 0, 1, 0, 1, 1, 1, 1, 0, 1, 1, 0, 0, 0, 0, 1, 0, 0, 0, 0, 0, 0, 0, 1, 0, 0, 0, 0, 1, 1]"
L2_arctic_WAV/BWC_arctic_a0020,"[27, 28, 12, 16, 40, 41, 30, 17, 16, 8, 28, 40, 2, 30, 17, 34, 6, 36, 25, 40, 23, 33, 37, 36, 37, 16, 25, 31, 11, 30, 28, 25, 29, 5, 29, 1, 25, 40]","[27, 28, 12, 22, 34, 41, 30, 16, 8, 28, 34, 2, 30, 34, 6, 36, 25, 34, 23, 33, 37, 36, 37, 16, 25, 31, 11, 30, 28, 25, 29, 41, 29, 1, 25, 34]","[0, 0, 0, 1, 1, 0, 0, 1, 0, 0, 0, 1, 0, 0, 1, 0, 0, 0, 0, 1, 0, 0, 0, 0, 0, 0, 0, 0, 0, 0, 0, 0, 0, 1, 0, 0, 0, 1]"
L2_arctic_WAV/BWC_arctic_a0021,"[6, 36, 22, 5, 33, 28, 25, 27, 28, 12, 16, 17, 29, 25, 6, 30, 36, 37, 33, 5, 27, 2, 23, 30, 14, 6, 40, 6, 7, 6, 36]","[6, 36, 22, 5, 33, 28, 25, 33, 6, 27, 28, 12, 16, 17, 29, 25, 6, 30, 36, 37, 33, 5, 27, 2, 23, 30, 14, 6, 40, 6, 7, 6]","[0, 0, 0, 0, 0, 0, 0, 0, 0, 0, 0, 0, 0, 0, 0, 0, 0, 0, 0, 0, 0, 0, 0, 0, 0, 0, 0, 0, 0, 0, 1]"
L2_arctic_WAV/BWC_arctic_a0022,"[24, 3, 33, 17, 28, 25, 39, 1, 14, 11, 33, 32, 28, 41, 30, 40, 29, 19, 6, 17, 32, 12, 16, 28, 6, 27, 16, 6, 22, 8, 33, 39, 25, 39, 1, 29, 5, 36, 16, 14, 6, 32, 14, 11, 1, 22, 2, 28, 3, 32, 2, 40, 6, 9, 2, 30]","[24, 3, 33, 17, 28, 25, 39, 1, 14, 11, 2, 32, 28, 41, 30, 34, 29, 19, 6, 32, 12, 16, 28, 6, 16, 6, 22, 8, 39, 25, 39, 1, 29, 25, 36, 16, 14, 6, 32, 14, 11, 1, 22, 2, 28, 8, 32, 2, 40, 6, 9, 2, 30]","[0, 0, 0, 0, 0, 0, 0, 0, 0, 0, 1, 0, 0, 0, 0, 1, 0, 0, 0, 1, 0, 0, 0, 0, 0, 1, 0, 0, 0, 0, 1, 0, 0, 0, 0, 0, 1, 0, 0, 0, 0, 0, 0, 0, 0, 0, 0, 0, 1, 0, 0, 0, 0, 0, 0, 0]"
L2_arctic_WAV/BWC_arctic_a0023,"[2, 27, 3, 29, 16, 2, 30, 19, 6, 9, 2, 30, 12, 38, 27, 2, 30, 19, 6, 17, 25, 2, 30, 27, 41, 32, 2, 36, 2, 28, 27, 39, 6, 27, 28, 25, 8, 33, 23, 2, 30, 14, 6, 40, 17, 41, 30, 17, 32, 2, 36, 6, 9, 2, 30, 17, 22, 8, 33, 4, 2, 34, 19, 6, 29, 32, 33, 6, 38, 6, 28, 6, 18, 6, 40]","[2, 27, 3, 29, 38, 2, 30, 5, 9, 2, 30, 12, 22, 27, 2, 30, 41, 17, 25, 2, 30, 27, 41, 32, 2, 36, 2, 28, 27, 39, 6, 27, 28, 25, 8, 33, 23, 2, 30, 14, 6, 34, 41, 30, 32, 2, 36, 25, 9, 2, 30, 17, 22, 8, 4, 2, 34, 5, 29, 32, 33, 6, 38, 6, 28, 19, 6, 35]","[0, 0, 0, 0, 1, 0, 0, 1, 1, 0, 0, 0, 0, 1, 0, 0, 0, 1, 1, 0, 0, 0, 0, 0, 0, 0, 0, 0, 0, 0, 0, 0, 0, 0, 0, 0, 0, 0, 0, 0, 0, 0, 0, 1, 1, 0, 0, 1, 0, 0, 0, 1, 0, 0, 0, 0, 0, 0, 1, 0, 0, 0, 1, 1, 0, 0, 0, 0, 0, 0, 0, 1, 1, 0, 1]"
L2_arctic_WAV/BWC_arctic_a0024,"[6, 36, 39, 8, 40, 29, 14, 6, 33, 25, 32, 8, 33, 36, 34, 22, 33, 12, 29, 4, 2, 30, 8, 33, 10, 39, 6, 35, 35, 25, 22, 28, 25, 6, 30, 17, 37, 34, 36, 32, 25, 32, 2, 28, 36, 37, 16, 14, 6]","[6, 39, 8, 34, 29, 14, 6, 33, 25, 32, 8, 33, 36, 34, 22, 33, 12, 29, 4, 2, 30, 8, 12, 10, 39, 6, 35, 35, 25, 22, 28, 25, 6, 30, 17, 26, 37, 34, 36, 32, 25, 32, 2, 28, 36, 37, 16, 14, 6]","[0, 1, 0, 0, 1, 0, 0, 0, 0, 0, 0, 0, 0, 0, 0, 0, 0, 0, 0, 0, 0, 0, 0, 1, 0, 0, 0, 0, 0, 0, 0, 0, 0, 0, 0, 0, 0, 0, 0, 0, 0, 0, 0, 0, 0, 0, 0, 0, 0]"
L2_arctic_WAV/BWC_arctic_a0025,"[14, 6, 39, 12, 40, 2, 16, 14, 11, 36, 36, 37, 17, 37, 4, 6, 34, 39, 5, 30, 27, 37, 28, 1, 18, 12, 18, 29, 2, 30, 36, 32, 33, 25, 38, 19, 6, 28, 17]","[3, 39, 12, 34, 2, 16, 14, 11, 36, 37, 17, 37, 4, 6, 34, 39, 5, 30, 27, 37, 28, 1, 18, 12, 23, 29, 2, 30, 36, 32, 33, 25, 38, 5, 28, 17]","[1, 1, 0, 0, 1, 0, 0, 0, 0, 1, 0, 0, 0, 0, 0, 0, 0, 0, 0, 0, 0, 0, 0, 0, 0, 0, 1, 0, 0, 0, 0, 0, 0, 0, 0, 1, 1, 0, 0]"
L2_arctic_WAV/BWC_arctic_a0026,"[6, 36, 2, 27, 1, 17, 36, 37, 29, 25, 4, 41, 36, 4, 5, 33, 39, 11, 17, 24, 41, 38, 36, 37, 16, 25, 41, 30, 2, 27, 14, 11, 30, 36, 6, 7]","[6, 36, 2, 27, 1, 17, 36, 37, 29, 25, 4, 41, 4, 5, 33, 39, 11, 24, 41, 38, 36, 37, 16, 25, 41, 30, 2, 27, 3, 30, 36, 6, 7]","[0, 0, 0, 0, 0, 0, 0, 0, 0, 0, 0, 0, 1, 0, 0, 0, 0, 0, 1, 0, 0, 0, 0, 0, 0, 0, 0, 0, 0, 0, 1, 1, 0, 0, 0, 0]"
L2_arctic_WAV/BWC_arctic_a0027,"[36, 37, 29, 14, 6, 34, 1, 32, 33, 14, 6, 40, 24, 25, 16, 25, 23, 41, 30, 36, 37, 9, 31, 11, 41, 27, 9, 2, 28, 6, 30, 10, 37, 40, 25, 41, 40, 2, 29, 6, 30, 29, 14, 6, 22, 19, 6, 38, 1]","[36, 37, 29, 14, 6, 34, 2, 32, 33, 14, 6, 34, 24, 25, 16, 25, 23, 41, 30, 36, 37, 9, 8, 41, 27, 35, 2, 6, 30, 10, 37, 40, 25, 41, 40, 2, 29, 6, 30, 29, 14, 6, 22, 19, 6, 39, 1]","[0, 0, 0, 0, 0, 0, 1, 0, 0, 0, 0, 1, 0, 0, 0, 0, 0, 0, 0, 0, 0, 0, 1, 1, 0, 0, 1, 0, 1, 0, 0, 0, 0, 0, 0, 0, 0, 0, 0, 0, 0, 0, 0, 0, 0, 0, 0, 1, 0]"
L2_arctic_WAV/BWC_arctic_a0028,"[33, 3, 16, 1, 25, 16, 33, 14, 6, 16, 1, 25, 22, 33, 8, 17]","[33, 3, 16, 1, 25, 16, 33, 14, 6, 16, 1, 25, 22, 33, 8, 17]","[0, 0, 0, 0, 0, 0, 0, 0, 0, 0, 0, 0, 0, 0, 0, 0]"
L2_arctic_WAV/BWC_arctic_a0029,"[4, 5, 33, 22, 8, 33, 34, 6, 40, 39, 1, 8, 33, 5, 17, 25, 29, 37, 38, 6, 7, 6, 30, 36, 37, 4, 2, 30, 8, 33, 10, 27, 12, 30, 36, 33, 25]","[4, 6, 12, 22, 8, 33, 34, 6, 40, 39, 2, 8, 33, 5, 17, 25, 29, 37, 38, 6, 7, 6, 30, 36, 37, 4, 2, 30, 8, 33, 10, 27, 41, 30, 36, 33, 25]","[0, 1, 1, 0, 0, 0, 0, 0, 0, 0, 1, 0, 0, 0, 0, 0, 0, 0, 0, 0, 0, 0, 0, 0, 0, 0, 0, 0, 0, 0, 0, 0, 1, 0, 0, 0, 0]"
L2_arctic_WAV/BWC_arctic_a0030,"[14, 6, 24, 41, 17, 22, 19, 6, 10, 6, 30, 4, 5, 29]","[3, 24, 41, 17, 22, 19, 6, 10, 6, 30, 4, 5, 29]","[1, 1, 0, 0, 0, 0, 0, 0, 0, 0, 0, 0, 0, 0]"
L2_arctic_WAV/BWC_arctic_a0031,"[4, 19, 6, 39, 1, 10, 33, 25, 24, 12, 30, 17, 1, 17, 26, 3, 33, 17, 40, 2, 32, 3, 33, 36]","[4, 5, 39, 2, 10, 33, 25, 24, 12, 30, 17, 1, 26, 3, 33, 17, 40, 2, 32, 3, 33, 36]","[0, 1, 1, 0, 1, 0, 0, 0, 0, 0, 0, 0, 0, 1, 0, 0, 0, 0, 0, 0, 0, 0, 0, 0]"
L2_arctic_WAV/BWC_arctic_a0032,"[34, 6, 30, 34, 4, 5, 30, 34, 12, 29, 29, 6, 34, 36, 6, 33, 25, 2, 34, 22, 8, 33, 34, 24, 41, 40, 16, 6, 30, 22, 14, 6, 36, 6, 7, 12, 34, 41, 36, 5, 38, 1, 25, 34, 36, 5, 32]","[34, 6, 30, 34, 4, 5, 30, 34, 12, 29, 29, 6, 34, 36, 6, 33, 25, 2, 22, 8, 33, 34, 24, 41, 34, 16, 6, 30, 22, 14, 6, 36, 6, 7, 12, 34, 41, 36, 5, 38, 1, 25, 34, 36, 5]","[0, 0, 0, 0, 0, 0, 0, 0, 0, 0, 0, 0, 0, 0, 0, 0, 0, 0, 1, 0, 0, 0, 0, 0, 0, 1, 0, 0, 0, 0, 0, 0, 0, 0, 0, 0, 0, 0, 0, 0, 0, 0, 0, 0, 0, 0, 1]"
L2_arctic_WAV/BWC_arctic_a0036,"[9, 25, 36, 1, 30, 17, 6, 30, 41, 36, 4, 2, 24, 31, 11, 36, 5, 28]","[9, 25, 36, 1, 30, 17, 25, 30, 5, 30, 41, 4, 2, 24, 8, 36, 5, 28]","[0, 0, 0, 0, 0, 0, 1, 0, 1, 1, 0, 0, 0, 1, 1, 0, 0, 0]"
L2_arctic_WAV/BWC_arctic_a0037,"[14, 6, 39, 8, 40, 4, 2, 31, 11, 30, 28, 25, 39, 12, 30, 24, 37, 33, 25, 29, 19, 6, 30, 17, 34, 6, 36, 6, 7]","[14, 6, 39, 8, 34, 4, 2, 31, 11, 30, 28, 25, 39, 12, 30, 24, 37, 33, 25, 29, 14, 6, 30, 17, 5, 17, 34, 6, 36, 6, 7]","[0, 0, 0, 0, 1, 0, 0, 0, 0, 0, 0, 0, 0, 0, 0, 0, 0, 0, 0, 0, 1, 0, 0, 0, 0, 0, 0, 0, 0]"
L2_arctic_WAV/BWC_arctic_a0038,"[39, 25, 39, 6, 28, 24, 41, 38, 36, 37, 39, 8, 35, 14, 11, 1, 35, 41, 30, 34, 6, 40]","[39, 25, 39, 6, 12, 24, 41, 38, 36, 37, 39, 8, 35, 14, 11, 1, 35, 41, 30, 34, 6, 34]","[0, 0, 0, 0, 1, 0, 0, 0, 0, 0, 0, 0, 0, 0, 0, 0, 0, 0, 0, 0, 0, 1]"
L2_arctic_WAV/BWC_arctic_a0039,"[4, 2, 9, 6, 32, 9, 11, 17, 16, 25, 6, 30, 39, 6, 10, 6, 30, 2, 39, 25, 27, 8, 33, 36, 5, 30, 17, 19, 6, 40]","[4, 2, 9, 25, 32, 9, 11, 16, 25, 6, 30, 39, 6, 10, 6, 2, 39, 25, 27, 8, 33, 36, 5, 30, 17, 19, 6, 34]","[0, 0, 0, 1, 0, 0, 0, 1, 0, 0, 0, 0, 0, 0, 0, 0, 1, 0, 0, 0, 0, 0, 0, 0, 0, 0, 0, 0, 0, 1]"
L2_arctic_WAV/BWC_arctic_a0040,"[14, 6, 34, 2, 32, 31, 11, 40, 26, 37, 39, 12, 30, 17, 1, 39, 14, 6, 9, 25, 6, 40, 27, 12, 29, 6, 7, 12, 32, 24, 25, 33]","[14, 6, 34, 2, 32, 31, 11, 34, 26, 37, 39, 12, 30, 1, 39, 14, 6, 9, 25, 6, 34, 27, 12, 29, 6, 12, 32, 24, 25, 33]","[0, 0, 0, 0, 0, 0, 0, 1, 0, 0, 0, 0, 0, 1, 0, 0, 0, 0, 0, 0, 0, 1, 0, 0, 0, 0, 1, 0, 0, 0, 0, 0]"
L2_arctic_WAV/BWC_arctic_a0041,"[29, 25, 30, 39, 14, 6, 28, 14, 6, 39, 6, 28, 23, 31, 11, 14, 11, 36, 36, 37, 16, 33, 25, 4, 2, 34, 32, 5, 28]","[29, 25, 30, 39, 14, 6, 28, 14, 6, 39, 6, 28, 23, 31, 11, 14, 11, 36, 37, 16, 33, 25, 10, 2, 34, 32, 5, 39]","[0, 0, 0, 0, 0, 0, 0, 0, 0, 0, 0, 0, 0, 0, 0, 0, 0, 1, 0, 0, 0, 0, 0, 1, 0, 0, 0, 0, 1]"
L2_arctic_WAV/BWC_arctic_a0042,"[24, 14, 11, 27, 11, 17, 24, 25, 6, 27, 34, 32, 28, 19, 6, 30, 24, 6, 40, 32, 2, 40, 5, 9, 2, 30, 12, 38, 4, 12, 34, 27, 5, 35]","[24, 14, 11, 39, 11, 17, 9, 25, 6, 27, 34, 32, 28, 19, 6, 24, 6, 34, 32, 2, 9, 5, 9, 2, 30, 12, 38, 4, 12, 34, 27, 19, 6, 35]","[0, 0, 0, 1, 0, 0, 1, 0, 0, 0, 0, 0, 0, 0, 0, 1, 0, 0, 1, 0, 0, 1, 0, 0, 0, 0, 0, 0, 0, 0, 0, 0, 1, 0]"
L2_arctic_WAV/BWC_arctic_a0045,"[24, 25, 29, 37, 38, 17, 2, 39, 19, 6, 41, 40, 27, 39, 14, 6, 2, 36, 28, 25, 41, 40, 24, 25, 24, 41, 17, 27, 12, 29]","[24, 25, 29, 37, 17, 2, 38, 19, 6, 41, 34, 27, 39, 6, 27, 28, 25, 41, 40, 24, 25, 24, 41, 38, 27, 12, 29]","[0, 0, 0, 0, 1, 0, 0, 1, 0, 0, 0, 1, 0, 0, 1, 0, 1, 1, 0, 0, 0, 0, 0, 0, 0, 0, 1, 0, 0, 0]"
L2_arctic_WAV/BWC_arctic_a0046,"[4, 2, 23, 1, 28, 22, 19, 6, 34, 36, 24, 6, 29, 24, 1, 14, 6, 40, 9, 14, 6, 30, 6, 7, 39, 6, 10, 34, 12, 17, 2, 30, 22, 6, 33]","[4, 2, 23, 1, 22, 19, 6, 34, 36, 24, 6, 29, 24, 1, 14, 6, 40, 9, 6, 30, 6, 11, 39, 6, 10, 9, 14, 11, 17, 1, 22, 6, 33]","[0, 0, 0, 0, 1, 0, 0, 0, 0, 0, 0, 0, 0, 0, 0, 0, 0, 0, 0, 1, 0, 0, 0, 1, 0, 0, 0, 1, 1, 1, 1, 1, 0, 0, 0]"
L2_arctic_WAV/BWC_arctic_a0047,"[27, 28, 31, 11, 40, 16, 25, 34, 14, 6, 17, 24, 6, 29, 23, 28, 25, 29, 17, 4, 12, 39, 14, 6, 36, 22, 41, 7, 40, 12, 38, 4, 12, 39, 11, 28, 22, 17, 8, 23]","[27, 28, 31, 11, 34, 16, 25, 34, 14, 6, 17, 24, 6, 29, 23, 28, 25, 29, 17, 4, 12, 39, 14, 6, 36, 22, 39, 3, 7, 23, 12, 22, 4, 12, 39, 11, 22, 17, 8, 23]","[0, 0, 0, 0, 1, 0, 0, 0, 0, 0, 0, 0, 0, 0, 0, 0, 0, 0, 0, 0, 0, 0, 0, 0, 0, 0, 1, 0, 1, 0, 1, 0, 0, 0, 0, 1, 0, 0, 0, 0]"
L2_arctic_WAV/BWC_arctic_a0048,"[24, 25, 28, 11, 27, 36, 41, 36, 4, 12, 24, 41, 7, 27, 1, 35, 6, 22, 29, 8, 33, 27, 28, 31, 11, 34, 28, 25]","[24, 25, 28, 11, 27, 36, 41, 4, 12, 24, 3, 7, 27, 1, 9, 6, 22, 29, 8, 27, 28, 31, 11, 34, 28, 25]","[0, 0, 0, 0, 0, 0, 0, 1, 0, 0, 0, 1, 0, 0, 0, 1, 0, 0, 0, 0, 1, 0, 0, 0, 0, 0, 0, 0]"
L2_arctic_WAV/BWC_arctic_a0051,"[4, 2, 28, 19, 6, 34, 39, 12, 40, 12, 38, 2, 17, 5, 28, 2, 27, 2, 36, 14, 6, 38, 33, 25, 27, 8, 28, 1, 22, 19, 6, 30, 36, 28, 25, 36, 6, 30, 36, 6, 17, 39, 6, 4, 26, 5, 28, 31, 11]","[4, 2, 22, 19, 6, 34, 39, 12, 34, 2, 17, 5, 28, 2, 27, 5, 36, 6, 38, 8, 25, 27, 8, 28, 1, 22, 19, 6, 30, 36, 28, 25, 36, 6, 30, 6, 17, 39, 6, 10, 26, 5, 28, 31, 11]","[0, 0, 1, 0, 0, 0, 0, 1, 1, 0, 1, 0, 0, 0, 0, 0, 0, 1, 0, 1, 0, 0, 1, 0, 0, 0, 0, 0, 0, 0, 0, 0, 0, 0, 0, 0, 0, 0, 1, 0, 0, 0, 0, 1, 0, 0, 0, 0, 0]"
L2_arctic_WAV/BWC_arctic_a0052,"[6, 36, 39, 12, 40, 2, 27, 26, 11, 33, 25, 2, 34, 27, 31, 11, 6, 30, 34, 6, 17, 2, 30, 34]","[6, 39, 12, 34, 2, 27, 26, 11, 33, 25, 2, 34, 27, 8, 6, 30, 34, 6, 17, 5, 30, 34]","[0, 1, 0, 0, 1, 0, 0, 0, 0, 0, 0, 0, 0, 0, 1, 1, 0, 0, 0, 0, 0, 1, 0, 0]"
L2_arctic_WAV/BWC_arctic_a0053,"[34, 12, 17, 2, 30, 28, 25, 24, 6, 40, 22, 6, 7, 23, 1, 40, 27, 28, 31, 11, 40, 17, 36, 14, 6, 36, 28, 25, 31, 11, 38, 1, 4, 2, 24, 41, 7, 27, 1, 35, 6, 22]","[34, 12, 17, 2, 28, 25, 24, 6, 34, 22, 6, 7, 23, 1, 34, 27, 28, 31, 11, 40, 36, 3, 36, 28, 25, 31, 11, 38, 1, 4, 2, 24, 41, 7, 27, 1, 9, 6, 22]","[0, 0, 0, 0, 1, 0, 0, 0, 0, 1, 0, 0, 0, 0, 0, 1, 0, 0, 0, 0, 0, 1, 0, 1, 1, 0, 0, 0, 0, 0, 0, 0, 0, 0, 0, 0, 0, 0, 0, 1, 0, 0]"
L2_arctic_WAV/BWC_arctic_a0054,"[4, 5, 33, 39, 12, 40, 30, 12, 10, 6, 7, 3, 30, 4, 12, 33, 3, 27]","[17, 5, 39, 12, 34, 30, 8, 10, 6, 7, 3, 30, 4, 12, 33, 8, 27]","[1, 0, 1, 0, 0, 1, 0, 1, 0, 0, 0, 0, 0, 0, 0, 0, 1, 0]"
L2_arctic_WAV/BWC_arctic_a0058,"[14, 6, 27, 19, 6, 29, 22, 8, 33, 6, 30, 22, 8, 33, 29, 19, 6, 9, 2, 30, 29, 8, 33, 14, 11, 36, 12, 38, 27, 26, 11, 33, 25, 3, 34, 2, 36, 25, 4, 2, 30, 5, 30, 25, 10, 6, 7, 5, 28, 34]","[14, 6, 27, 5, 29, 22, 8, 6, 30, 22, 8, 29, 19, 6, 9, 2, 30, 29, 8, 33, 14, 11, 36, 12, 22, 27, 26, 11, 33, 25, 3, 34, 2, 36, 25, 17, 2, 30, 5, 30, 25, 10, 6, 7, 5, 28, 34]","[0, 0, 0, 1, 1, 0, 0, 0, 1, 0, 0, 0, 0, 1, 0, 0, 0, 0, 0, 0, 0, 0, 0, 0, 0, 0, 0, 1, 0, 0, 0, 0, 0, 0, 0, 0, 0, 0, 1, 0, 0, 0, 0, 0, 0, 0, 0, 0, 0, 0]"
L2_arctic_WAV/BWC_arctic_a0059,"[24, 6, 40, 6, 29, 41, 27, 26, 37, 28, 6, 36, 2, 32, 6, 33, 2, 30, 34, 39, 8, 40, 23, 8, 30]","[24, 6, 34, 6, 29, 41, 27, 37, 33, 6, 36, 2, 32, 6, 33, 2, 30, 34, 39, 8, 34, 23, 8, 30]","[0, 0, 1, 0, 0, 0, 0, 1, 0, 1, 0, 0, 0, 0, 0, 0, 0, 0, 0, 0, 0, 1, 0, 0, 0]"
L2_arctic_WAV/BWC_arctic_a0060,"[5, 30, 25, 39, 19, 6, 30, 31, 11, 39, 12, 30, 34, 8, 24, 1, 28, 14, 6, 27, 4, 41, 36]","[5, 30, 25, 39, 19, 6, 30, 8, 39, 12, 30, 34, 8, 24, 1, 28, 14, 6, 27, 17, 41, 36]","[0, 0, 0, 0, 0, 0, 0, 1, 1, 0, 0, 0, 0, 0, 0, 0, 0, 0, 0, 0, 1, 0, 0]"
L2_arctic_WAV/BWC_arctic_a0062,"[4, 2, 29, 5, 30, 34, 36, 5, 33, 17, 6, 30, 36, 37, 25, 35, 12, 4, 1, 40, 22, 19, 6, 34]","[17, 2, 29, 5, 30, 34, 36, 3, 33, 5, 6, 30, 36, 37, 25, 9, 12, 4, 1, 34, 22, 19, 6, 34]","[1, 0, 0, 0, 0, 0, 0, 1, 0, 1, 0, 0, 0, 0, 0, 1, 0, 0, 0, 1, 0, 0, 0, 0]"
L2_arctic_WAV/BWC_arctic_a0063,"[26, 5, 34, 6, 36, 39, 8, 40, 2, 29, 41, 30, 24, 37, 41, 34, 27, 36, 2, 34, 36, 33, 19, 6, 30, 18, 1]","[26, 5, 34, 6, 39, 8, 34, 2, 29, 41, 30, 24, 37, 41, 34, 27, 36, 2, 34, 36, 33, 19, 6, 30, 13, 1]","[0, 0, 0, 0, 1, 0, 0, 1, 0, 0, 0, 0, 0, 0, 0, 0, 0, 0, 0, 0, 0, 0, 0, 0, 0, 1, 0]"
L2_arctic_WAV/BWC_arctic_a0064,"[4, 2, 22, 8, 33, 10, 41, 30, 17, 22, 6, 22, 10, 17, 19, 6, 40, 32, 41, 34, 36, 39, 6, 10, 14, 11, 36, 5, 30, 25, 17, 6, 38, 5, 28, 2, 32, 29, 2, 30, 36, 34]","[17, 2, 22, 8, 10, 41, 30, 22, 6, 22, 36, 6, 17, 19, 6, 34, 32, 41, 34, 36, 39, 6, 10, 14, 11, 5, 30, 25, 17, 6, 38, 5, 28, 2, 29, 2, 30, 34]","[1, 0, 0, 0, 1, 0, 0, 0, 1, 0, 0, 0, 1, 0, 0, 0, 1, 0, 0, 0, 0, 0, 0, 0, 0, 0, 1, 0, 0, 0, 0, 0, 0, 0, 0, 0, 1, 0, 0, 0, 1, 0]"
L2_arctic_WAV/BWC_arctic_a0065,"[4, 19, 6, 27, 28, 31, 11, 40, 17, 30, 14, 11, 2, 30, 36, 6, 28, 24, 6, 40, 22, 6, 7, 23, 1, 40, 39, 1, 28, 14, 6, 27, 27, 8, 33, 17, 40, 12, 38, 34, 36, 25, 28]","[17, 19, 6, 27, 28, 31, 11, 40, 30, 14, 11, 5, 30, 36, 6, 28, 24, 6, 34, 22, 6, 7, 23, 1, 34, 39, 1, 28, 25, 4, 2, 28, 27, 8, 33, 17, 12, 22, 34, 36, 6, 28]","[1, 0, 0, 0, 0, 0, 0, 0, 1, 0, 0, 0, 1, 0, 0, 0, 0, 0, 0, 1, 0, 0, 0, 0, 0, 1, 0, 0, 0, 1, 1, 1, 0, 0, 0, 0, 1, 0, 1, 0, 0, 1, 0]"
L2_arctic_WAV/BWC_arctic_a0067,"[9, 11, 33, 28, 25, 14, 6, 39, 6, 28, 6, 27, 34, 27, 26, 37, 34, 26, 37, 9, 25, 27, 33, 14, 6, 17]","[9, 11, 33, 28, 25, 3, 39, 6, 28, 6, 27, 34, 27, 26, 37, 34, 26, 37, 9, 25, 27, 33, 14, 6, 17]","[0, 0, 0, 0, 0, 1, 1, 0, 0, 0, 0, 0, 0, 0, 0, 0, 0, 0, 0, 0, 0, 0, 0, 0, 0, 0]"
L2_arctic_WAV/BWC_arctic_a0071,"[24, 39, 12, 36, 39, 8, 40, 4, 12, 3, 16, 18, 5, 27, 36, 12, 38, 26, 8, 33, 28, 6, 36, 2, 28, 34, 5, 30, 34, 19, 6, 9, 2, 30]","[39, 12, 39, 8, 34, 21, 12, 3, 16, 21, 5, 27, 12, 22, 26, 8, 33, 28, 6, 36, 2, 34, 5, 30, 34, 19, 6, 9, 2, 30]","[1, 0, 0, 1, 0, 0, 1, 1, 0, 0, 0, 1, 0, 0, 1, 0, 1, 0, 0, 0, 0, 0, 0, 0, 1, 0, 0, 0, 0, 0, 0, 0, 0, 0]"
L2_arctic_WAV/BWC_arctic_a0073,"[4, 2, 32, 33, 2, 29, 31, 11, 36, 1, 40, 14, 6, 40, 39, 1, 24, 5, 38, 25, 39, 6, 10, 28, 6, 36, 2, 28, 32, 12, 22, 25, 16, 41, 23, 40, 12, 30, 17, 1, 4, 5, 29]","[17, 2, 32, 8, 29, 2, 36, 1, 34, 14, 6, 34, 39, 2, 24, 5, 38, 25, 39, 6, 10, 28, 6, 36, 2, 28, 32, 12, 22, 16, 41, 23, 40, 41, 30, 1, 4, 5, 29]","[1, 0, 0, 1, 1, 0, 1, 1, 0, 0, 1, 0, 0, 1, 0, 1, 0, 0, 0, 0, 0, 0, 0, 0, 0, 0, 0, 0, 0, 0, 0, 1, 0, 0, 0, 0, 1, 0, 1, 0, 0, 0, 0]"
L2_arctic_WAV/BWC_arctic_a0075,"[4, 5, 33, 24, 41, 40, 16, 6, 30, 2, 35, 19, 6, 30, 18, 9, 25, 6, 30, 36, 1, 12, 32, 36, 6, 17, 24, 6, 29]","[17, 5, 2, 24, 41, 40, 16, 6, 7, 2, 35, 19, 6, 30, 35, 9, 25, 6, 30, 36, 1, 12, 32, 36, 24, 6, 29]","[1, 0, 1, 0, 0, 0, 0, 0, 1, 0, 0, 0, 0, 0, 1, 0, 0, 0, 0, 0, 0, 0, 0, 0, 1, 1, 0, 0, 0]"
L2_arctic_WAV/BWC_arctic_a0076,"[4, 2, 23, 33, 19, 6, 14, 6, 40, 22, 3, 28, 36, 1, 17, 4, 2, 22, 28, 12, 9, 17, 25, 32, 2, 30, 17]","[17, 2, 23, 33, 25, 3, 34, 22, 5, 28, 36, 1, 17, 17, 2, 22, 28, 11, 17, 25, 32, 5, 30, 17]","[1, 0, 0, 0, 1, 1, 1, 1, 1, 0, 1, 0, 0, 0, 0, 1, 0, 0, 0, 1, 1, 0, 0, 0, 1, 0, 0]"
L2_arctic_WAV/BWC_arctic_a0077,"[6, 36, 6, 40, 4, 2, 22, 14, 6, 1, 32, 3, 33, 36, 28, 25, 9, 25, 34, 5, 17]","[6, 36, 6, 34, 4, 2, 22, 14, 6, 1, 32, 3, 33, 36, 25, 9, 25, 34, 5, 17]","[0, 0, 0, 1, 0, 0, 0, 0, 0, 0, 0, 0, 0, 0, 1, 0, 0, 0, 0, 0, 0]"
L2_arctic_WAV/BWC_arctic_a0078,"[4, 5, 30, 2, 30, 17, 41, 36, 34, 12, 32, 1, 24, 25, 36, 33, 14, 6, 17, 36, 37, 22, 41, 4, 2, 29, 24, 1]","[17, 5, 30, 2, 30, 41, 34, 34, 12, 32, 1, 24, 25, 36, 33, 14, 6, 17, 36, 37, 22, 41, 4, 2, 29, 24, 1]","[1, 0, 0, 0, 0, 1, 0, 1, 0, 0, 0, 0, 0, 0, 0, 0, 0, 0, 0, 0, 0, 0, 0, 0, 0, 0, 0, 0]"
L2_arctic_WAV/BWC_arctic_a0079,"[6, 36, 39, 8, 40, 2, 28, 3, 33, 18, 27, 2, 30, 37]","[6, 36, 39, 8, 34, 2, 28, 3, 33, 9, 27, 3, 30, 31, 11]","[0, 0, 0, 0, 1, 0, 0, 0, 0, 1, 0, 1, 0, 1]"
L2_arctic_WAV/BWC_arctic_a0081,"[24, 39, 12, 36, 6, 22, 9, 25, 17, 6, 17, 30, 36, 27, 12, 29, 36, 37, 4, 12, 33, 3, 27]","[24, 39, 12, 36, 25, 22, 9, 25, 17, 25, 17, 5, 7, 27, 12, 29, 36, 37, 33, 3, 27]","[0, 0, 0, 0, 1, 0, 0, 0, 0, 1, 0, 1, 1, 0, 0, 0, 0, 0, 1, 1, 0, 0, 0]"
L2_arctic_WAV/BWC_arctic_a0082,"[24, 6, 40, 22, 19, 6, 34, 39, 12, 40, 34, 36, 33, 25, 29, 6, 7, 39, 6, 10, 16, 28, 12, 17]","[24, 25, 34, 22, 19, 6, 34, 39, 12, 34, 34, 36, 25, 29, 25, 7, 39, 6, 10, 16, 28, 3, 17]","[0, 1, 1, 0, 0, 0, 0, 0, 0, 1, 0, 0, 1, 0, 0, 1, 0, 0, 0, 0, 0, 0, 1, 0]"
L2_arctic_WAV/BWC_arctic_a0085,"[2, 36, 33, 6, 27, 2, 28, 12, 38, 22, 33, 5, 9, 16, 28, 12, 17, 33, 41, 30, 31, 11, 38, 1, 24, 6, 40, 22, 19, 6, 34]","[2, 36, 33, 25, 27, 31, 11, 8, 22, 22, 33, 5, 9, 16, 28, 12, 17, 33, 41, 30, 31, 11, 39, 1, 24, 25, 34, 22, 19, 6, 34]","[0, 0, 0, 1, 0, 1, 1, 1, 1, 0, 0, 0, 0, 0, 0, 0, 0, 0, 0, 0, 0, 0, 1, 0, 0, 1, 1, 0, 0, 0, 0]"
L2_arctic_WAV/BWC_arctic_a0086,"[17, 5, 10, 24, 41, 17, 27, 12, 29, 39, 6, 10, 36, 5, 33, 2, 16, 2, 28, 34, 12, 17, 2, 30, 30, 2, 34]","[17, 41, 10, 24, 41, 27, 27, 12, 29, 39, 6, 10, 36, 5, 33, 2, 16, 2, 34, 12, 17, 2, 30, 30, 2, 34]","[0, 1, 0, 0, 0, 1, 0, 0, 0, 0, 0, 0, 0, 0, 0, 0, 0, 0, 1, 0, 0, 0, 0, 0, 0, 0, 0]"
L2_arctic_WAV/BWC_arctic_a0088,"[24, 25, 29, 19, 6, 17, 9, 11, 33, 4, 41, 36, 4, 2, 29, 41, 23, 2, 40, 25, 30, 39, 8, 40, 28, 31, 11, 17, 6, 17, 2, 30, 17, 33, 25, 40, 37, 29, 17, 24, 6, 40, 32, 41, 17, 2, 28, 6, 7]","[9, 25, 29, 19, 6, 17, 9, 11, 33, 17, 41, 36, 17, 2, 29, 41, 23, 34, 25, 30, 39, 8, 34, 28, 8, 17, 6, 17, 2, 30, 17, 33, 25, 34, 37, 29, 17, 24, 25, 34, 32, 41, 17, 2, 28, 25, 7]","[1, 0, 0, 0, 0, 0, 0, 0, 0, 1, 0, 0, 1, 0, 0, 0, 0, 1, 1, 0, 0, 0, 0, 1, 0, 1, 1, 0, 0, 0, 0, 0, 0, 0, 0, 1, 0, 0, 0, 0, 1, 1, 0, 0, 0, 0, 0, 1, 0]"
L2_arctic_WAV/BWC_arctic_a0089,"[4, 2, 30, 14, 6, 36, 23, 28, 31, 11, 39, 12, 40, 36, 33, 5, 35, 1, 2, 34, 36, 37, 9, 37, 36, 16, 14, 6]","[17, 2, 30, 41, 36, 23, 31, 11, 39, 12, 34, 36, 33, 25, 35, 1, 2, 34, 36, 37, 9, 37, 36, 16, 14, 6]","[1, 0, 0, 1, 1, 0, 0, 1, 0, 0, 0, 0, 1, 0, 0, 1, 0, 0, 0, 0, 0, 0, 0, 0, 0, 0, 0, 0]"
L2_arctic_WAV/BWC_arctic_a0090,"[4, 2, 34, 6, 7, 6, 7, 38, 8, 6, 34, 2, 32, 33, 31, 11, 35, 36, 33, 41, 32, 2, 17, 28, 25]","[17, 2, 34, 6, 7, 25, 7, 39, 8, 6, 34, 2, 32, 33, 31, 11, 35, 36, 33, 41, 32, 2, 17, 28, 25]","[1, 0, 0, 0, 0, 1, 0, 1, 0, 0, 0, 0, 0, 0, 0, 0, 0, 0, 0, 0, 0, 0, 0, 0, 0]"
L2_arctic_WAV/BWC_arctic_a0091,"[24, 6, 40, 16, 28, 12, 17, 23, 33, 37, 24, 3, 36, 39, 6, 10, 33, 19, 6, 18, 41, 36, 4, 2, 10, 8, 36]","[24, 25, 34, 16, 28, 12, 17, 23, 33, 37, 24, 3, 36, 39, 6, 10, 33, 41, 35, 41, 36, 17, 2, 10, 8, 36]","[0, 1, 1, 0, 0, 0, 0, 0, 0, 0, 0, 0, 0, 0, 0, 0, 0, 1, 1, 1, 0, 0, 1, 0, 0, 0, 0]"
L2_arctic_WAV/BWC_arctic_a0092,"[24, 25, 39, 5, 30, 36, 17, 14, 11, 30, 6, 30, 29, 6, 17, 34, 36, 33, 25, 29, 34, 1, 35, 6, 7, 4, 2, 9, 41, 17, 31, 11, 40, 12, 38, 16, 31, 11, 10, 9, 8, 33, 40]","[24, 25, 39, 5, 30, 36, 17, 14, 11, 30, 6, 30, 29, 25, 17, 34, 36, 25, 29, 34, 2, 35, 25, 7, 17, 2, 9, 41, 17, 31, 11, 34, 8, 22, 16, 31, 11, 10, 9, 8, 33, 34]","[0, 0, 0, 0, 0, 0, 0, 0, 0, 0, 0, 0, 0, 1, 0, 0, 0, 1, 0, 0, 0, 1, 0, 1, 0, 1, 0, 0, 0, 0, 0, 0, 1, 1, 1, 0, 0, 0, 0, 0, 0, 0, 1]"
L2_arctic_WAV/BWC_arctic_a0093,"[22, 8, 33, 2, 22, 11, 28, 29, 6, 30, 6, 36, 24, 25, 27, 33, 14, 11, 35, 36, 2, 30, 17, 28, 6, 34, 2, 30, 17]","[22, 8, 2, 22, 11, 29, 25, 30, 25, 36, 24, 25, 27, 33, 14, 11, 35, 36, 2, 30, 17, 28, 6, 34, 2, 30, 17]","[0, 0, 1, 0, 0, 0, 1, 0, 1, 0, 1, 0, 0, 0, 0, 0, 0, 0, 0, 0, 0, 0, 0, 0, 0, 0, 0, 0, 0]"
L2_arctic_WAV/BWC_arctic_a0094,"[24, 25, 24, 41, 17, 16, 5, 33, 28, 25, 5, 30, 36, 1, 17, 4, 6, 34, 39, 5, 30, 24, 25, 34, 8, 4, 12, 23, 28, 31, 11, 12, 38, 2, 22, 14, 6, 33]","[24, 25, 24, 41, 17, 16, 5, 33, 28, 25, 5, 30, 36, 1, 17, 17, 25, 34, 39, 5, 7, 24, 25, 34, 8, 17, 12, 23, 28, 31, 11, 8, 22, 2, 22, 14, 6, 2]","[0, 0, 0, 0, 0, 0, 0, 0, 0, 0, 0, 0, 0, 0, 0, 1, 1, 0, 0, 0, 1, 0, 0, 0, 0, 1, 0, 0, 0, 0, 0, 1, 1, 0, 0, 0, 0, 1]"
L2_arctic_WAV/BWC_arctic_a0095,"[2, 16, 6, 23, 27, 41, 30, 38, 2, 34, 36, 5, 30, 36, 39, 8, 40, 4, 2, 22, 1, 34, 36, 10, 6, 7, 36, 37, 27, 12, 29, 39, 6, 10, 6, 30, 24, 6, 40, 38, 6, 13, 2, 30]","[2, 16, 25, 23, 27, 41, 30, 39, 2, 34, 36, 41, 30, 36, 39, 8, 34, 17, 2, 22, 1, 34, 36, 10, 25, 7, 36, 37, 27, 12, 29, 39, 6, 10, 25, 7, 24, 25, 34, 39, 25, 13, 2, 30]","[0, 0, 1, 0, 0, 0, 0, 1, 0, 0, 0, 1, 0, 0, 0, 0, 1, 1, 0, 0, 0, 0, 0, 0, 1, 0, 0, 0, 0, 0, 0, 0, 0, 0, 1, 1, 0, 1, 1, 1, 1, 0, 0, 0]"
L2_arctic_WAV/BWC_arctic_a0096,"[32, 1, 24, 41, 32, 34, 9, 25, 24, 41, 17, 8, 33, 5, 17, 25, 29, 5, 36, 24, 1, 22, 19, 6, 36, 2, 28, 6, 36, 2, 28, 17, 25, 32, 1, 6, 30, 4, 12, 22, 8, 33, 2, 34, 36]","[32, 1, 24, 41, 36, 34, 9, 25, 24, 41, 17, 8, 33, 41, 17, 25, 29, 25, 36, 24, 1, 22, 19, 6, 34, 2, 28, 25, 36, 2, 17, 25, 32, 1, 6, 30, 17, 12, 22, 8, 33, 2, 34, 36]","[0, 0, 0, 0, 1, 0, 0, 0, 0, 0, 0, 0, 0, 1, 0, 0, 0, 1, 0, 0, 0, 0, 0, 0, 1, 0, 0, 1, 0, 0, 1, 0, 0, 0, 0, 0, 0, 1, 0, 0, 0, 0, 0, 0, 0]"
L2_arctic_WAV/BWC_arctic_a0097,"[4, 5, 30, 26, 37, 27, 41, 30, 1, 19, 6, 30, 18, 26, 1, 34, 5, 28, 22, 27, 12, 29, 22, 1, 36, 2, 16, 28, 25, 2, 29, 12, 7, 4, 25, 40, 33, 31, 11, 16, 40, 6, 30, 4, 2, 16, 31, 11]","[17, 5, 30, 26, 37, 27, 41, 30, 1, 25, 30, 35, 26, 1, 34, 5, 28, 22, 27, 12, 29, 22, 1, 36, 16, 2, 28, 25, 2, 29, 12, 30, 17, 25, 34, 33, 31, 11, 16, 34, 6, 30, 17, 2, 16, 31, 11]","[1, 0, 0, 0, 0, 0, 0, 0, 0, 1, 1, 0, 1, 0, 0, 0, 0, 0, 0, 0, 0, 0, 0, 0, 0, 1, 1, 0, 0, 0, 0, 0, 1, 1, 0, 1, 0, 0, 0, 0, 1, 0, 0, 1, 0, 0, 0, 0]"
L2_arctic_WAV/BWC_arctic_a0098,"[9, 41, 28, 14, 6, 27, 41, 33, 25, 26, 37]","[9, 41, 39, 14, 6, 27, 41, 33, 25, 26, 37]","[0, 0, 1, 0, 0, 0, 0, 0, 0, 0, 0]"
L2_arctic_WAV/BWC_arctic_a0099,"[2, 29, 41, 17, 2, 30, 6, 7, 18, 8, 6, 32, 14, 11, 30, 17, 6, 17, 6, 30, 24, 6, 40, 16, 33, 19, 6, 30]","[2, 29, 41, 30, 17, 2, 30, 25, 7, 18, 8, 6, 32, 3, 30, 17, 6, 17, 6, 7, 24, 25, 34, 16, 33, 25, 30]","[0, 0, 0, 0, 0, 0, 1, 0, 0, 0, 0, 0, 1, 1, 0, 0, 0, 0, 0, 1, 0, 1, 1, 0, 0, 1, 1, 0]"
L2_arctic_WAV/BWC_arctic_a0100,"[26, 37, 29, 12, 34, 36, 34, 28, 25, 32, 24, 25, 1, 18, 17]","[26, 37, 29, 3, 34, 34, 28, 25, 16, 9, 24, 25, 1, 35, 36]","[0, 0, 0, 1, 0, 1, 0, 0, 0, 1, 0, 0, 0, 1, 1]"
L2_arctic_WAV/BWC_arctic_a0101,"[26, 37, 26, 37, 39, 11, 17, 30, 3, 36, 27, 25, 32, 4, 2, 36, 33, 37, 10, 22, 33, 12, 29, 29, 25]","[26, 37, 26, 37, 11, 17, 30, 3, 36, 27, 25, 32, 17, 2, 36, 33, 37, 10, 22, 33, 8, 29, 29, 25]","[0, 0, 0, 0, 1, 0, 0, 0, 0, 0, 0, 0, 0, 1, 0, 0, 0, 0, 0, 0, 0, 1, 0, 0, 0]"
L2_arctic_WAV/BWC_arctic_a0102,"[24, 25, 39, 6, 28, 22, 3, 28, 31, 11, 12, 34, 34, 37, 30]","[24, 25, 39, 6, 39, 22, 3, 28, 31, 11, 3, 34, 34, 11, 30]","[0, 0, 0, 0, 1, 0, 0, 0, 0, 0, 1, 0, 0, 1, 0]"
L2_arctic_WAV/BWC_arctic_a0103,"[16, 12, 36, 4, 5, 33, 27, 19, 6, 29, 30, 31, 11, 32, 33, 3, 29, 2, 34, 22, 33, 12, 29, 4, 2, 16, 31, 11, 12, 38, 4, 2, 27, 2, 30, 37]","[16, 12, 36, 17, 5, 33, 27, 19, 6, 29, 30, 31, 11, 32, 33, 3, 29, 2, 34, 22, 33, 12, 29, 17, 2, 16, 31, 11, 8, 22, 17, 2, 27, 41, 30, 31, 11]","[0, 0, 0, 1, 0, 0, 0, 0, 0, 0, 0, 0, 0, 0, 0, 0, 0, 0, 0, 0, 0, 0, 0, 1, 0, 0, 0, 0, 1, 1, 1, 0, 0, 1, 0, 1]"
L2_arctic_WAV/BWC_arctic_a0104,"[9, 25, 39, 12, 40, 34, 28, 25, 32, 6, 7, 12, 30, 17, 1, 24, 6, 40, 32, 1, 36, 5, 27, 9, 2, 30, 41, 40, 34, 39, 25, 36, 28, 25, 41, 40, 2, 35, 14, 6, 28, 17]","[9, 25, 39, 12, 40, 34, 28, 25, 32, 6, 7, 41, 30, 17, 1, 24, 25, 34, 32, 1, 36, 41, 27, 9, 2, 30, 41, 34, 34, 39, 25, 36, 2, 28, 25, 41, 34, 2, 35, 41, 39, 17]","[0, 0, 0, 0, 0, 0, 0, 0, 0, 0, 0, 1, 0, 0, 0, 0, 1, 1, 0, 0, 0, 1, 0, 0, 0, 0, 0, 1, 0, 0, 0, 0, 0, 0, 0, 1, 0, 0, 1, 1, 1, 0]"
L2_arctic_WAV/BWC_arctic_a0105,"[31, 11, 30, 28, 25, 6, 36, 6, 40, 34, 31, 11, 39, 12, 30, 17, 1, 22, 2, 28, 34, 31, 11, 8, 28, 29, 31, 11, 34, 36, 6, 29, 32, 3, 34, 2, 16, 2, 28, 36, 37, 16, 6, 28, 25, 38]","[31, 11, 7, 28, 25, 6, 36, 6, 40, 34, 31, 11, 39, 8, 7, 17, 1, 22, 2, 34, 31, 11, 8, 29, 31, 11, 34, 6, 29, 32, 3, 34, 2, 16, 2, 39, 36, 37, 16, 6, 28, 25, 32]","[0, 0, 1, 0, 0, 0, 0, 0, 0, 0, 0, 0, 0, 1, 1, 0, 0, 0, 0, 1, 0, 0, 0, 0, 1, 0, 0, 0, 0, 1, 0, 0, 0, 0, 0, 0, 0, 0, 1, 0, 0, 0, 0, 0, 0, 1]"
L2_arctic_WAV/BWC_arctic_a0106,"[4, 2, 25, 29, 31, 11, 9, 2, 30, 39, 6, 35, 9, 25, 24, 41, 17, 34, 2, 32, 33, 5, 34, 36, 16, 1, 34, 36, 22, 8, 33, 10, 30, 14, 11, 6, 30, 2, 35, 31, 11, 27, 6, 7, 34, 3, 16]","[17, 2, 25, 29, 31, 11, 9, 2, 30, 39, 25, 35, 9, 25, 24, 41, 17, 34, 2, 32, 33, 41, 34, 36, 16, 33, 12, 34, 36, 22, 8, 33, 10, 30, 14, 11, 6, 30, 17, 2, 9, 8, 27, 6, 7, 34, 3, 16]","[1, 0, 0, 0, 0, 0, 0, 0, 0, 0, 1, 0, 0, 0, 0, 0, 0, 0, 0, 0, 0, 1, 0, 0, 0, 1, 0, 0, 0, 0, 0, 0, 0, 0, 0, 0, 0, 1, 1, 1, 1, 0, 0, 0, 0, 0, 0]"
L2_arctic_WAV/BWC_arctic_a0107,"[6, 22, 26, 37, 31, 11, 30, 28, 25, 27, 11, 17, 30, 31, 11, 24, 14, 11, 14, 6, 10, 41, 7, 27, 26, 37]","[25, 22, 26, 37, 31, 11, 7, 28, 2, 25, 27, 37, 17, 30, 31, 11, 24, 14, 11, 14, 6, 10, 41, 7, 27, 26, 37]","[1, 0, 0, 0, 0, 0, 1, 0, 0, 0, 1, 0, 0, 0, 0, 0, 0, 0, 0, 0, 0, 0, 0, 0, 0, 0]"
L2_arctic_WAV/BWC_arctic_a0108,"[24, 25, 39, 19, 6, 17, 6, 17, 6, 30, 36, 37, 4, 2, 5, 18, 12, 38, 4, 12, 39, 8, 36, 1, 41, 30, 17, 16, 25, 23, 41, 30, 34, 27, 33, 12, 16, 6, 7, 24, 6, 29, 34, 5, 28, 22]","[24, 25, 39, 41, 17, 6, 17, 6, 30, 36, 37, 17, 2, 41, 18, 8, 22, 17, 12, 39, 8, 36, 1, 41, 30, 17, 16, 25, 23, 41, 30, 34, 27, 33, 12, 16, 6, 7, 24, 25, 29, 34, 5, 39, 22]","[0, 0, 0, 1, 1, 0, 0, 0, 0, 0, 0, 0, 1, 0, 1, 0, 1, 1, 1, 0, 0, 0, 0, 0, 0, 0, 0, 0, 0, 0, 0, 0, 0, 0, 0, 0, 0, 0, 0, 0, 1, 0, 0, 0, 1, 0]"
L2_arctic_WAV/BWC_arctic_a0109,"[17, 37, 26, 37, 30, 31, 11, 4, 41, 36, 26, 37, 3, 33, 9, 19, 6, 27, 6, 7, 29, 14, 6, 27, 3, 30, 22, 2, 17, 2, 30, 34, 6, 30, 26, 37]","[17, 37, 26, 37, 30, 31, 11, 17, 41, 36, 26, 37, 3, 9, 19, 6, 27, 6, 7, 29, 14, 6, 27, 8, 30, 22, 2, 17, 2, 30, 6, 21, 30, 26, 37]","[0, 0, 0, 0, 0, 0, 0, 1, 0, 0, 0, 0, 0, 1, 0, 0, 0, 0, 0, 0, 0, 0, 0, 0, 1, 0, 0, 0, 0, 0, 0, 1, 1, 0, 0, 0]"
L2_arctic_WAV/BWC_arctic_a0111,"[6, 30, 34, 36, 5, 17, 24, 25, 18, 8, 6, 30, 17, 24, 1, 41, 30, 17, 4, 19, 6, 19, 6, 36, 28, 14, 6, 27, 36, 37, 24, 12, 7, 23, 33, 25, 35, 6, 28, 17, 33, 2, 30]","[6, 30, 34, 36, 41, 17, 24, 25, 18, 8, 6, 30, 17, 24, 1, 41, 30, 17, 17, 19, 6, 19, 6, 36, 28, 14, 6, 27, 36, 37, 24, 12, 7, 23, 33, 25, 35, 6, 39, 17, 33, 2, 30]","[0, 0, 0, 0, 1, 0, 0, 0, 0, 0, 0, 0, 0, 0, 0, 0, 0, 0, 1, 0, 0, 0, 0, 0, 0, 0, 0, 0, 0, 0, 0, 0, 0, 0, 0, 0, 0, 0, 1, 0, 0, 0, 0]"
L2_arctic_WAV/BWC_arctic_a0112,"[24, 25, 39, 12, 40, 39, 37, 30, 17, 2, 17, 6, 30, 4, 2, 3, 33, 29]","[24, 25, 39, 12, 34, 39, 8, 30, 17, 1, 17, 6, 30, 17, 2, 3, 33, 29]","[0, 0, 0, 0, 1, 0, 1, 0, 0, 1, 0, 0, 0, 1, 0, 0, 0, 0]"
L2_arctic_WAV/BWC_arctic_a0113,"[14, 6, 34, 2, 32, 31, 11, 40, 26, 37, 32, 6, 27, 36, 4, 41, 36, 28, 6, 7, 23, 31, 11, 12, 32, 2, 29, 12, 7, 4, 2, 6, 30, 17, 25, 2, 30, 40]","[14, 6, 34, 2, 32, 31, 11, 34, 26, 37, 32, 25, 27, 36, 17, 41, 36, 28, 6, 7, 23, 31, 11, 12, 32, 2, 29, 12, 7, 17, 2, 6, 30, 17, 25, 2, 30, 34]","[0, 0, 0, 0, 0, 0, 0, 1, 0, 0, 0, 1, 0, 0, 1, 0, 0, 0, 0, 0, 0, 0, 0, 0, 0, 0, 0, 0, 0, 1, 0, 0, 0, 0, 0, 0, 0, 1]"
L2_arctic_WAV/BWC_arctic_a0115,"[24, 25, 24, 41, 17, 30, 31, 11, 6, 27, 34, 27, 26, 37, 40, 22, 8, 33, 4, 12, 22, 25, 28, 6, 7, 40, 39, 6, 35, 39, 1, 1, 14, 11, 40, 17, 6, 30, 24, 6, 29]","[24, 25, 24, 41, 17, 30, 31, 11, 6, 27, 34, 27, 26, 37, 34, 22, 8, 33, 17, 12, 22, 25, 28, 6, 7, 34, 39, 25, 35, 39, 1, 1, 14, 11, 40, 17, 25, 7, 24, 25, 29]","[0, 0, 0, 0, 0, 0, 0, 0, 0, 0, 0, 0, 0, 0, 1, 0, 0, 0, 1, 0, 0, 0, 0, 0, 0, 1, 0, 1, 0, 0, 0, 0, 0, 0, 0, 0, 1, 1, 0, 1, 0]"
L2_arctic_WAV/BWC_arctic_a0116,"[6, 36, 39, 12, 40, 4, 2, 33, 3, 30, 17, 6, 38, 37, 12, 38, 4, 31, 11, 40, 24, 37, 39, 1, 34, 36, 33, 14, 6, 38, 6, 7, 36, 37, 39, 1, 27, 24, 6, 40, 33, 37, 2, 30]","[25, 36, 39, 12, 34, 17, 2, 33, 41, 30, 17, 6, 39, 37, 8, 22, 17, 31, 11, 34, 24, 37, 39, 1, 34, 36, 33, 25, 38, 25, 7, 36, 37, 39, 1, 27, 24, 25, 34, 33, 37, 2, 30]","[1, 0, 0, 0, 1, 1, 0, 0, 1, 0, 0, 0, 1, 0, 1, 1, 1, 0, 0, 1, 0, 0, 0, 0, 0, 0, 0, 1, 1, 0, 1, 0, 0, 0, 0, 0, 0, 0, 1, 1, 0, 0, 0, 0]"
L2_arctic_WAV/BWC_arctic_a0117,"[9, 25, 41, 17, 6, 17, 39, 6, 10, 18, 5, 30, 26, 2, 39, 2, 30, 34, 6, 29, 32, 2, 10, 25, 6, 30, 24, 1, 22, 19, 6, 34, 2, 30, 17, 38, 8, 6, 34]","[9, 25, 41, 17, 6, 17, 39, 6, 10, 18, 25, 30, 25, 2, 30, 34, 6, 29, 32, 2, 10, 25, 25, 7, 24, 1, 22, 19, 6, 34, 2, 30, 17, 39, 8, 6, 34]","[0, 0, 0, 0, 0, 0, 0, 0, 0, 0, 1, 0, 1, 1, 1, 0, 0, 0, 0, 0, 0, 0, 0, 0, 1, 1, 0, 0, 0, 0, 0, 0, 0, 0, 0, 1, 0, 0, 0]"
L2_arctic_WAV/BWC_arctic_a0120,"[29, 14, 6, 33, 14, 6, 36, 22, 11, 36, 22, 25, 28, 40, 28, 14, 6, 27, 4, 41, 36, 12, 38, 2, 35, 14, 6, 30, 25, 40, 17, 5, 16, 26, 2, 36, 3, 30, 36]","[29, 14, 6, 33, 14, 6, 22, 37, 36, 22, 25, 39, 34, 28, 14, 6, 27, 17, 41, 36, 8, 22, 2, 35, 14, 6, 30, 25, 40, 17, 5, 16, 26, 2, 36, 5, 30, 36]","[0, 0, 0, 0, 0, 0, 1, 0, 1, 0, 0, 0, 1, 1, 0, 0, 0, 0, 1, 0, 0, 1, 1, 0, 0, 0, 0, 0, 0, 0, 0, 0, 0, 0, 0, 0, 1, 0, 0]"
L2_arctic_WAV/BWC_arctic_a0121,"[4, 19, 6, 19, 6, 36, 17, 6, 30, 1, 41, 36, 4, 2, 22, 6, 10, 2, 30, 17, 33, 5, 34, 36, 6, 17, 22, 8, 33, 36, 37, 14, 11, 33, 40]","[17, 19, 6, 19, 6, 36, 17, 6, 30, 1, 41, 36, 17, 2, 22, 6, 10, 2, 30, 17, 33, 41, 34, 36, 6, 17, 22, 8, 33, 36, 37, 14, 11, 33, 34]","[1, 0, 0, 0, 0, 0, 0, 0, 0, 0, 0, 0, 1, 0, 0, 0, 0, 0, 0, 0, 0, 1, 0, 0, 0, 0, 0, 0, 0, 0, 0, 0, 0, 0, 1]"
L2_arctic_WAV/BWC_arctic_a0122,"[36, 37, 26, 6, 33, 40, 2, 23, 31, 11, 14, 6, 23, 19, 6, 38, 12, 32, 34, 6, 38, 2, 28, 6, 40, 19, 6, 9, 2, 30, 22, 8, 33, 4, 6, 34]","[36, 37, 26, 6, 33, 34, 2, 23, 31, 11, 14, 6, 23, 19, 6, 38, 12, 32, 34, 6, 38, 2, 28, 6, 34, 2, 30, 22, 8, 17, 6, 34]","[0, 0, 0, 0, 0, 1, 0, 0, 0, 0, 0, 0, 0, 0, 0, 0, 0, 0, 0, 0, 0, 0, 0, 1, 1, 1, 0, 1, 0, 0, 0, 0, 1, 1, 0, 0]"
L2_arctic_WAV/BWC_arctic_a0123,"[9, 25, 24, 41, 17, 17, 14, 6, 17, 22, 33, 12, 29, 27, 31, 11, 28, 17, 2, 30, 17, 34, 36, 3, 33, 38, 19, 6, 9, 2, 30]","[9, 25, 24, 41, 17, 17, 14, 6, 17, 22, 33, 12, 29, 27, 31, 11, 17, 2, 30, 17, 34, 36, 3, 33, 39, 19, 6, 9, 2, 30]","[0, 0, 0, 0, 0, 0, 0, 0, 0, 0, 0, 0, 0, 0, 0, 0, 1, 0, 0, 0, 0, 0, 0, 0, 0, 1, 0, 0, 0, 0, 0]"
L2_arctic_WAV/BWC_arctic_a0125,"[24, 25, 39, 12, 40, 17, 6, 36, 1, 29, 2, 30, 17, 30, 14, 11, 36, 37, 29, 19, 6, 30, 36, 19, 6, 30, 2, 29, 8, 33, 34, 1, 36, 2, 30, 24, 31, 11, 28, 17, 2, 32, 3, 30, 24, 6, 29, 34, 5, 28, 22]","[24, 25, 39, 12, 40, 17, 6, 36, 1, 29, 25, 30, 30, 14, 11, 36, 37, 29, 19, 6, 30, 36, 19, 6, 7, 2, 29, 8, 34, 1, 36, 2, 30, 24, 31, 11, 39, 17, 2, 32, 3, 30, 24, 6, 29, 34, 5, 39, 22]","[0, 0, 0, 0, 0, 0, 0, 0, 0, 0, 1, 0, 1, 0, 0, 0, 0, 0, 0, 0, 0, 0, 0, 0, 0, 1, 0, 0, 0, 1, 0, 0, 0, 0, 0, 0, 0, 0, 1, 0, 0, 0, 0, 0, 0, 0, 0, 0, 0, 1, 0]"
L2_arctic_WAV/BWC_arctic_a0126,"[25, 35, 17, 19, 6, 9, 25, 16, 25, 27, 19, 6, 29, 2, 29, 8, 33, 38, 14, 6, 36, 2, 28, 32, 3, 33, 36, 12, 38, 24, 6, 29]","[25, 35, 17, 19, 6, 9, 25, 16, 25, 27, 19, 6, 29, 2, 29, 8, 33, 39, 41, 36, 2, 39, 32, 3, 33, 36, 8, 22, 24, 25, 29]","[0, 0, 0, 0, 0, 0, 0, 0, 0, 0, 0, 0, 0, 0, 0, 0, 0, 1, 1, 1, 0, 0, 1, 0, 0, 0, 0, 1, 1, 0, 1, 0]"
L2_arctic_WAV/BWC_arctic_a0127,"[6, 36, 39, 12, 40, 2, 36, 5, 29, 36, 19, 6, 9, 2, 30, 16, 12, 36, 24, 25, 33, 25, 40, 6, 34, 36, 6, 17, 6, 36]","[6, 39, 12, 34, 2, 36, 41, 29, 32, 2, 36, 19, 6, 9, 2, 30, 16, 12, 24, 25, 33, 25, 34, 6, 34, 36, 6, 17, 6, 36]","[0, 1, 0, 0, 1, 0, 0, 1, 0, 0, 0, 0, 0, 0, 0, 0, 0, 1, 0, 0, 0, 0, 1, 0, 0, 0, 0, 0, 0, 0]"
L2_arctic_WAV/BWC_arctic_a0128,"[4, 6, 34, 39, 12, 30, 24, 31, 11, 32, 39, 8, 40, 17, 6, 34, 36, 33, 8, 6, 17, 41, 40, 27, 39, 6, 27, 28, 25, 41, 40, 6, 36, 39, 8, 40, 16, 8, 33, 30]","[17, 6, 34, 39, 3, 30, 24, 31, 11, 32, 39, 8, 34, 17, 25, 34, 36, 33, 8, 6, 17, 41, 34, 27, 39, 6, 27, 28, 25, 41, 34, 6, 39, 8, 34, 16, 8, 33, 30]","[1, 0, 0, 0, 1, 0, 0, 0, 0, 0, 0, 0, 1, 0, 1, 0, 0, 0, 0, 0, 0, 0, 1, 0, 0, 0, 0, 0, 0, 0, 1, 0, 1, 0, 0, 1, 0, 0, 0, 0]"
L2_arctic_WAV/BWC_arctic_a0129,"[24, 1, 22, 19, 6, 34, 39, 8, 40, 2, 23, 5, 30, 34, 36, 24, 6, 40, 16, 33, 5, 34, 36]","[24, 1, 22, 19, 6, 34, 39, 8, 34, 2, 23, 5, 30, 34, 36, 24, 25, 34, 16, 33, 41, 34, 36]","[0, 0, 0, 0, 0, 0, 0, 0, 1, 0, 0, 0, 0, 0, 0, 0, 1, 1, 0, 0, 1, 0, 0]"
L2_arctic_WAV/BWC_arctic_a0130,"[9, 25, 39, 12, 40, 24, 6, 40, 30, 14, 11, 22, 1, 5, 38, 1]","[9, 25, 39, 12, 34, 24, 25, 34, 30, 14, 11, 22, 1, 41, 39, 1]","[0, 0, 0, 0, 1, 0, 1, 1, 0, 0, 0, 0, 0, 1, 1, 0]"
L2_arctic_WAV/BWC_arctic_a0131,"[22, 6, 28, 6, 32, 24, 41, 17, 17, 6, 28, 6, 38, 1, 17, 24, 6, 29, 34, 5, 28, 22, 10, 33, 37, 4, 2, 29, 19, 6, 28, 34, 36, 33, 2, 29]","[21, 21, 21, 21, 21, 24, 41, 17, 17, 6, 28, 6, 39, 1, 17, 24, 6, 29, 34, 5, 39, 22, 10, 33, 37, 17, 2, 29, 19, 6, 39, 34, 36, 2, 33, 29]","[1, 1, 1, 1, 1, 0, 0, 0, 0, 0, 0, 0, 1, 0, 0, 0, 0, 0, 0, 0, 1, 0, 0, 0, 0, 1, 0, 0, 0, 0, 1, 0, 0, 1, 1, 0]"
L2_arctic_WAV/BWC_arctic_a0134,"[24, 25, 31, 11, 16, 19, 6, 17, 4, 12, 32, 33, 5, 9, 1, 12, 38, 24, 1, 24, 41, 30, 17]","[24, 25, 31, 11, 16, 19, 6, 36, 17, 12, 32, 33, 41, 9, 1, 8, 22, 24, 1, 24, 3, 30, 36]","[0, 0, 0, 0, 0, 0, 0, 1, 1, 0, 0, 0, 1, 0, 0, 1, 1, 0, 0, 0, 1, 0, 1]"
L2_arctic_WAV/BWC_arctic_a0136,"[2, 16, 14, 11, 36, 24, 6, 29, 5, 38, 33, 25, 39, 5, 33, 39, 1, 4, 2, 5, 38, 2, 17, 2, 30, 34, 2, 40, 12, 38, 28, 12, 23, 13, 1, 25, 41, 30, 17, 12, 38, 19, 6, 18]","[2, 16, 14, 11, 36, 24, 25, 29, 41, 39, 33, 25, 39, 5, 33, 39, 1, 17, 2, 41, 39, 2, 17, 2, 30, 34, 8, 22, 28, 12, 23, 35, 1, 25, 41, 30, 17, 8, 22, 19, 6, 35]","[0, 0, 0, 0, 0, 0, 1, 0, 1, 1, 0, 0, 0, 0, 0, 0, 0, 1, 0, 1, 1, 0, 0, 0, 0, 0, 1, 1, 1, 1, 0, 0, 0, 1, 0, 0, 0, 0, 0, 1, 1, 0, 0, 1]"
L2_arctic_WAV/BWC_arctic_a0137,"[4, 5, 30, 24, 25, 34, 36, 5, 32, 36, 16, 41, 27, 39, 6, 10, 2, 28, 31, 11, 27, 33, 14, 6, 12, 38, 32, 28, 5, 13, 1]","[17, 5, 30, 24, 25, 34, 36, 5, 32, 36, 6, 36, 16, 41, 27, 39, 6, 10, 2, 28, 31, 11, 27, 33, 14, 6, 8, 22, 32, 28, 41, 13, 1]","[1, 0, 0, 0, 0, 0, 0, 0, 0, 0, 0, 0, 0, 0, 0, 0, 0, 0, 0, 0, 0, 0, 0, 0, 1, 1, 0, 0, 1, 0, 0]"
L2_arctic_WAV/BWC_arctic_a0139,"[24, 25, 36, 31, 11, 28, 17, 24, 6, 29, 34, 5, 28, 22, 4, 41, 36, 41, 40, 24, 25, 39, 3, 9, 36, 24, 6, 29, 34, 5, 28, 22, 2, 30, 17, 23, 33, 37, 29, 17, 24, 6, 40, 17, 6, 9, 5, 38, 2, 28, 17, 27, 28, 31, 11, 4, 40]","[24, 25, 36, 31, 11, 39, 17, 24, 6, 29, 34, 5, 39, 22, 17, 41, 36, 41, 34, 24, 25, 39, 3, 9, 36, 24, 6, 29, 34, 5, 39, 22, 2, 30, 17, 23, 33, 37, 29, 17, 24, 25, 34, 17, 6, 9, 41, 38, 2, 39, 17, 27, 28, 31, 11, 10, 6, 34]","[0, 0, 0, 0, 0, 1, 0, 0, 0, 0, 0, 0, 1, 0, 1, 0, 0, 0, 1, 0, 0, 0, 0, 0, 0, 0, 0, 0, 0, 0, 1, 0, 0, 0, 0, 0, 0, 0, 0, 0, 0, 1, 1, 0, 0, 0, 1, 0, 0, 1, 0, 0, 0, 0, 0, 1, 1]"
L2_arctic_WAV/BWC_arctic_a0225,"[14, 6, 39, 12, 40, 16, 33, 8, 36, 12, 32, 4, 2, 39, 19, 6, 29, 31, 11, 34, 36, 23, 1, 28, 40, 6, 30, 24, 2, 39, 14, 6, 25, 3, 33, 16, 33, 8, 36, 12, 32]","[3, 39, 12, 34, 16, 33, 8, 36, 12, 36, 2, 39, 19, 6, 29, 8, 34, 23, 1, 28, 34, 6, 30, 24, 2, 39, 14, 6, 25, 3, 16, 33, 8, 36, 12, 32]","[1, 1, 0, 0, 1, 0, 0, 0, 0, 0, 1, 1, 0, 0, 0, 0, 0, 1, 1, 0, 1, 0, 0, 0, 1, 0, 0, 0, 0, 0, 0, 0, 0, 0, 1, 0, 0, 0, 0, 0, 0]"
L2_arctic_WAV/BWC_arctic_a0245,"[14, 11, 36, 12, 38, 24, 6, 40, 19, 6, 36, 25, 30, 24, 12, 30, 17, 1, 17, 24, 25, 28, 19, 6, 17, 2, 34, 14, 6, 17, 34, 6, 27, 34, 36, 25, 30, 24, 12, 30, 17, 1, 17, 25, 35, 26, 6, 33]","[14, 11, 36, 12, 22, 24, 6, 34, 19, 6, 36, 25, 24, 12, 30, 17, 1, 17, 24, 25, 28, 14, 6, 17, 2, 34, 14, 6, 17, 34, 6, 27, 34, 36, 25, 24, 12, 30, 17, 1, 25, 35, 26, 6, 33]","[0, 0, 0, 0, 1, 0, 0, 1, 0, 0, 0, 0, 1, 0, 0, 0, 0, 0, 0, 0, 0, 0, 1, 0, 0, 0, 0, 0, 0, 0, 0, 0, 0, 0, 0, 0, 1, 0, 0, 0, 0, 0, 1, 0, 0, 0, 0, 0]"
L2_arctic_WAV/BWC_arctic_a0335,"[33, 5, 17, 14, 6, 34, 39, 12, 7, 16, 41, 27, 41, 30, 17, 22, 8, 33, 10, 3, 30, 4, 2, 16, 33, 41, 30, 35, 22, 3, 33, 4, 1, 17, 14, 11, 30]","[33, 5, 17, 14, 6, 34, 39, 12, 29, 16, 41, 27, 41, 30, 22, 8, 34, 3, 30, 17, 2, 16, 33, 41, 30, 35, 22, 3, 4, 1, 17, 14, 11, 30]","[0, 0, 0, 0, 0, 0, 0, 0, 1, 0, 0, 0, 0, 0, 1, 0, 0, 1, 1, 0, 0, 1, 0, 0, 0, 0, 0, 0, 0, 0, 1, 0, 0, 0, 0, 0, 0]"
L2_arctic_WAV/BWC_arctic_a0434,"[2, 24, 41, 22, 2, 27, 19, 6, 34, 12, 38, 36, 2, 16, 41, 27, 31, 11, 39, 12, 40, 39, 1, 10, 10, 33, 25, 32, 14, 11, 30, 17, 40]","[2, 24, 41, 22, 2, 27, 19, 6, 34, 12, 22, 36, 2, 16, 19, 6, 27, 8, 39, 12, 34, 39, 1, 10, 10, 33, 25, 32, 3, 30, 17, 34]","[0, 0, 0, 0, 0, 0, 0, 0, 0, 0, 1, 0, 0, 0, 1, 1, 1, 1, 0, 0, 1, 0, 0, 0, 0, 0, 0, 0, 1, 1, 0, 0, 1]"
L2_arctic_WAV/BWC_arctic_a0459,"[4, 5, 33, 40, 36, 37, 29, 12, 35, 12, 38, 4, 2, 34, 27, 37, 28, 16, 8, 6, 6, 30, 29, 25]","[17, 5, 33, 34, 36, 37, 29, 12, 35, 12, 22, 17, 2, 34, 27, 37, 28, 16, 8, 6, 6, 29, 29, 25]","[1, 0, 0, 1, 0, 0, 0, 0, 0, 0, 1, 1, 0, 0, 0, 0, 0, 0, 0, 0, 0, 1, 0, 0]"
L2_arctic_WAV/BWC_arctic_a0515,"[16, 12, 36, 24, 25, 33, 2, 29, 12, 7, 34, 36, 3, 33, 34, 5, 28, 38, 40, 28, 5, 36, 12, 34, 34, 32, 25, 27, 14, 11, 36]","[16, 12, 24, 25, 33, 2, 29, 12, 7, 23, 2, 34, 14, 11, 34, 5, 28, 22, 22, 28, 5, 4, 12, 34, 34, 32, 25, 27, 14, 11, 36]","[0, 0, 1, 0, 0, 0, 0, 0, 0, 0, 1, 1, 1, 1, 0, 0, 0, 1, 1, 0, 0, 1, 0, 0, 0, 0, 0, 0, 0, 0, 0]"
L2_arctic_WAV/BWC_arctic_a0519,"[34, 12, 35, 41, 30, 41, 27, 36, 39, 12, 40, 6, 30, 17, 6, 33, 5, 27, 36, 38, 14, 6, 2, 28, 19, 6, 9, 2, 30, 12, 38, 4, 2, 28, 8, 40, 12, 38, 4, 2, 28, 41, 30, 17]","[34, 12, 35, 41, 41, 27, 36, 39, 12, 34, 6, 30, 17, 6, 33, 5, 27, 9, 2, 38, 14, 6, 2, 28, 19, 6, 9, 2, 30, 12, 22, 17, 2, 28, 8, 34, 12, 22, 17, 2, 28, 41, 30, 17]","[0, 0, 0, 0, 1, 0, 0, 0, 0, 0, 1, 0, 0, 0, 0, 0, 0, 0, 1, 0, 0, 0, 0, 0, 0, 0, 0, 0, 0, 0, 1, 1, 0, 0, 0, 1, 0, 1, 1, 0, 0, 0, 0, 0]"
L2_arctic_WAV/BWC_arctic_a0536,"[24, 25, 39, 11, 17, 17, 6, 34, 36, 33, 8, 6, 8, 28, 10, 6, 7, 40, 4, 41, 36, 1, 22, 6, 27, 34, 36]","[24, 25, 39, 11, 17, 17, 6, 34, 36, 33, 8, 6, 8, 10, 6, 7, 34, 10, 41, 36, 1, 22, 6, 24, 34, 36]","[0, 0, 0, 0, 0, 0, 0, 0, 0, 0, 0, 0, 0, 1, 0, 0, 0, 1, 1, 0, 0, 0, 0, 0, 1, 0, 0]"
L2_arctic_WAV/BWC_arctic_a0549,"[17, 37, 26, 37, 30, 31, 11, 4, 41, 36, 39, 25, 39, 19, 6, 5, 38, 33, 25, 32, 14, 11, 30, 17, 12, 38, 27, 31, 11, 28, 39, 25, 16, 1, 30]","[17, 37, 26, 11, 30, 8, 4, 41, 11, 39, 2, 39, 19, 6, 5, 38, 33, 25, 32, 3, 30, 12, 22, 27, 31, 11, 39, 25, 16, 1, 30]","[0, 0, 0, 1, 0, 1, 1, 0, 0, 1, 0, 1, 0, 0, 0, 0, 0, 0, 0, 0, 1, 1, 0, 1, 0, 1, 0, 0, 0, 1, 0, 0, 0, 0, 0]"
L2_arctic_WAV/BWC_arctic_a0571,"[24, 25, 24, 41, 17, 22, 1, 23, 3, 36, 2, 30, 36, 37, 16, 6, 28, 17, 2, 22, 14, 6, 1, 41, 30, 17, 10, 8, 14, 11, 36]","[24, 6, 24, 41, 38, 22, 1, 23, 3, 10, 2, 30, 36, 37, 16, 6, 39, 17, 2, 22, 14, 6, 1, 41, 34, 8, 14, 11, 21]","[0, 1, 0, 0, 1, 0, 0, 0, 0, 1, 0, 0, 0, 0, 0, 0, 1, 0, 0, 0, 0, 0, 0, 0, 1, 1, 1, 0, 0, 0, 1]"
L2_arctic_WAV/BWC_arctic_a0575,"[4, 5, 33, 39, 1, 2, 30, 36, 5, 30, 25, 29, 6, 9, 2, 30, 40, 41, 30, 17, 24, 25, 39, 8, 40, 4, 2, 29, 41, 30, 36, 37, 30, 31, 11]","[17, 5, 28, 39, 2, 30, 36, 5, 30, 25, 29, 6, 9, 2, 30, 34, 41, 30, 24, 25, 39, 8, 34, 2, 29, 41, 30, 36, 37, 30, 31, 11]","[1, 0, 1, 0, 1, 0, 0, 0, 0, 0, 0, 0, 0, 0, 0, 0, 1, 0, 0, 1, 0, 0, 0, 0, 1, 1, 0, 0, 0, 0, 0, 0, 0, 0, 0]"
L2_arctic_WAV/BWC_arctic_a0576,"[2, 30, 17, 4, 2, 16, 6, 23, 32, 1, 13, 2, 30, 30, 26, 37, 12, 38, 24, 6, 40, 6, 23, 40, 6, 34, 36, 2, 30, 34, 16, 25, 22, 8, 33, 24, 25, 17, 6, 17, 12, 38, 24, 1, 40]","[2, 30, 4, 2, 16, 6, 32, 1, 13, 2, 30, 30, 26, 37, 12, 22, 24, 6, 34, 6, 23, 40, 6, 34, 36, 2, 30, 34, 16, 25, 22, 8, 28, 24, 25, 17, 6, 12, 22, 24, 1, 34]","[0, 0, 1, 0, 0, 0, 0, 1, 0, 0, 0, 0, 0, 0, 0, 0, 0, 1, 0, 0, 1, 0, 0, 0, 0, 0, 0, 0, 0, 0, 0, 0, 0, 0, 1, 0, 0, 0, 0, 1, 0, 1, 0, 0, 1]"
L2_arctic_WAV/BWC_arctic_b0004,"[24, 39, 5, 30, 14, 6, 27, 41, 30, 36, 34, 25, 16, 26, 37, 36, 25, 6, 30, 39, 11, 29, 2, 30, 14, 6, 39, 3, 30, 36, 36, 6, 17, 14, 6]","[24, 39, 5, 30, 14, 6, 27, 41, 30, 34, 25, 16, 26, 37, 21, 25, 6, 30, 39, 37, 29, 2, 30, 14, 6, 39, 3, 30, 36, 6, 17, 14, 6]","[0, 0, 0, 0, 0, 0, 0, 0, 0, 1, 0, 0, 0, 0, 0, 1, 0, 0, 0, 0, 1, 0, 0, 0, 0, 0, 0, 0, 0, 1, 0, 0, 0, 0, 0]"
L2_arctic_WAV/BWC_arctic_b0026,"[26, 37, 24, 41, 38, 2, 34, 31, 11, 9, 25, 19, 6, 36, 2, 17, 39, 6, 10, 34, 12, 29, 12, 38, 4, 25, 40, 29, 5, 30]","[26, 37, 24, 41, 38, 2, 34, 31, 11, 9, 25, 19, 6, 36, 2, 17, 39, 6, 10, 34, 12, 29, 12, 38, 17, 6, 34, 29, 5, 30]","[0, 0, 0, 0, 0, 0, 0, 0, 0, 0, 0, 0, 0, 0, 0, 0, 0, 0, 0, 0, 0, 0, 0, 0, 1, 1, 1, 0, 0, 0]"
L2_arctic_WAV/BWC_arctic_b0048,"[24, 25, 28, 11, 27, 36, 28, 14, 6, 27, 24, 39, 12, 30, 24, 37, 24, 41, 17, 32, 41, 34, 36, 10, 33, 37, 2, 30, 2, 30, 27, 12, 29, 22, 1, 36, 2, 16, 2, 28, 14, 11, 33, 8, 33, 36, 37]","[24, 25, 28, 11, 23, 17, 3, 23, 39, 12, 30, 24, 37, 24, 41, 17, 32, 41, 34, 10, 33, 37, 2, 2, 30, 27, 12, 30, 22, 1, 2, 16, 2, 28, 14, 11, 33, 8, 33, 36, 37]","[0, 0, 0, 0, 1, 1, 1, 1, 1, 1, 1, 0, 0, 0, 0, 0, 0, 0, 0, 0, 0, 0, 1, 0, 0, 0, 0, 1, 0, 0, 0, 0, 1, 0, 0, 1, 0, 0, 0, 0, 0, 0, 0, 0, 0, 0, 0]"
L2_arctic_WAV/BWC_arctic_b0074,"[26, 5, 36, 16, 6, 24, 14, 6, 30, 17, 4, 5, 29, 4, 5, 33, 39, 12, 40, 2, 30, 12, 4, 1, 41, 30, 17, 29, 8, 33, 32, 14, 11, 1, 22, 2, 28, 29, 31, 11, 36, 6, 38]","[26, 5, 16, 6, 24, 3, 30, 17, 5, 29, 17, 5, 28, 39, 12, 34, 2, 30, 12, 4, 1, 41, 30, 29, 8, 34, 32, 14, 11, 1, 22, 2, 28, 29, 31, 11, 36, 6]","[0, 0, 1, 0, 0, 0, 1, 1, 0, 0, 1, 0, 0, 1, 0, 1, 0, 0, 1, 0, 0, 0, 0, 0, 0, 0, 1, 0, 0, 1, 0, 0, 0, 0, 0, 0, 0, 0, 0, 0, 0, 0, 1]"
L2_arctic_WAV/BWC_arctic_b0075,"[6, 30, 4, 41, 36, 27, 19, 6, 34, 24, 25, 27, 11, 17, 30, 3, 36, 29, 6, 34, 4, 5, 29, 6, 22, 24, 25, 26, 37, 40, 17, 27, 8, 9, 2, 30]","[6, 30, 4, 41, 27, 5, 34, 24, 25, 39, 11, 30, 3, 29, 6, 34, 4, 5, 29, 6, 22, 24, 25, 26, 37, 40, 27, 31, 11, 9, 2, 30]","[0, 0, 0, 0, 1, 0, 1, 1, 0, 0, 0, 1, 0, 1, 0, 0, 1, 0, 0, 0, 0, 0, 0, 0, 0, 0, 0, 0, 0, 0, 1, 1, 1, 0, 0, 0]"
L2_arctic_WAV/BWC_arctic_b0140,"[4, 19, 6, 5, 18, 17, 30, 6, 33, 1, 41, 30, 17, 34, 36, 11, 17, 9, 31, 11, 28, 17, 1, 36, 37, 9, 31, 11, 28, 17, 1, 22, 19, 6, 34, 6, 7, 4, 5, 33, 39, 1, 28, 17]","[17, 5, 5, 9, 17, 30, 6, 33, 1, 41, 30, 34, 36, 11, 17, 9, 8, 17, 1, 36, 37, 9, 8, 17, 1, 22, 19, 6, 34, 6, 7, 17, 5, 33, 39, 1, 28, 17]","[1, 1, 1, 0, 1, 0, 0, 0, 0, 0, 0, 0, 1, 0, 0, 0, 0, 0, 1, 1, 1, 0, 0, 0, 0, 0, 1, 1, 1, 0, 0, 0, 0, 0, 0, 0, 0, 1, 0, 0, 0, 0, 0, 0]"
L2_arctic_WAV/BWC_arctic_b0142,"[34, 12, 29, 10, 6, 7, 38, 41, 34, 36, 28, 25, 29, 8, 33, 10, 33, 6, 28, 6, 7, 24, 41, 17, 27, 12, 29, 6, 30, 36, 37, 6, 36, 30, 14, 11]","[34, 12, 29, 10, 6, 7, 39, 41, 34, 28, 25, 29, 8, 10, 33, 6, 28, 25, 24, 41, 17, 27, 12, 29, 6, 30, 36, 37, 6, 30, 14, 11]","[0, 0, 0, 0, 0, 0, 1, 0, 0, 1, 0, 0, 0, 0, 1, 0, 0, 0, 0, 1, 1, 0, 0, 0, 0, 0, 0, 0, 0, 0, 0, 0, 1, 0, 0, 0]"
L2_arctic_WAV/BWC_arctic_b0165,"[24, 25, 32, 11, 28, 17, 41, 30, 17, 4, 2, 28, 8, 23, 27, 33, 41, 9, 36, 17, 14, 11, 30, 36, 37, 16, 33, 19, 6, 27, 24, 6, 40, 16, 41, 27]","[24, 25, 32, 11, 28, 17, 41, 30, 17, 2, 28, 5, 27, 33, 41, 9, 36, 17, 3, 30, 36, 37, 16, 33, 5, 27, 24, 6, 34, 16, 41, 27]","[0, 0, 0, 0, 0, 0, 0, 0, 0, 1, 0, 0, 1, 1, 0, 0, 0, 0, 0, 0, 1, 1, 0, 0, 0, 0, 0, 1, 1, 0, 0, 0, 1, 0, 0, 0]"
L2_arctic_WAV/BWC_arctic_b0185,"[26, 8, 33, 16, 25, 6, 7, 33, 5, 27, 36, 24, 25, 33, 24, 41, 40, 16, 6, 30, 2, 23, 3, 17, 34, 5, 30, 17, 36, 37, 29, 25]","[26, 8, 33, 16, 25, 6, 7, 33, 5, 27, 36, 24, 25, 33, 24, 41, 34, 16, 6, 30, 2, 23, 8, 21, 34, 5, 30, 36, 37, 29, 25]","[0, 0, 0, 0, 0, 0, 0, 0, 0, 0, 0, 0, 0, 0, 0, 0, 1, 0, 0, 0, 0, 0, 1, 1, 0, 0, 0, 1, 0, 0, 0, 0]"
L2_arctic_WAV/BWC_arctic_b0189,"[4, 41, 36, 6, 40, 39, 12, 36, 17, 6, 34, 36, 6, 7, 23, 39, 6, 9, 6, 40, 8, 28, 12, 38, 12, 34, 22, 33, 12, 29, 4, 2, 28, 31, 11, 1, 41, 30, 2, 29, 2, 28, 40]","[17, 41, 36, 6, 40, 39, 12, 17, 6, 34, 36, 6, 7, 23, 39, 6, 9, 6, 36, 8, 28, 12, 22, 12, 34, 22, 33, 12, 29, 17, 2, 28, 31, 11, 5, 34, 5, 41, 30, 2, 29, 2, 28, 34]","[1, 0, 0, 0, 0, 0, 0, 1, 0, 0, 0, 0, 0, 0, 0, 0, 0, 0, 0, 1, 0, 0, 0, 1, 0, 0, 0, 0, 0, 0, 1, 0, 0, 0, 0, 1, 0, 0, 0, 0, 0, 0, 1]"
L2_arctic_WAV/BWC_arctic_b0203,"[2, 29, 12, 30, 10, 6, 30, 8, 34, 36, 33, 19, 6, 28, 26, 2, 39, 11, 17, 22, 6, 30, 6, 9, 29, 25]","[2, 29, 12, 30, 10, 6, 14, 11, 34, 36, 33, 5, 28, 6, 2, 39, 11, 22, 6, 30, 6, 9, 29, 25]","[0, 0, 0, 0, 0, 0, 1, 1, 0, 0, 0, 1, 1, 0, 1, 0, 0, 0, 1, 0, 0, 0, 0, 0, 0, 0]"
L2_arctic_WAV/BWC_arctic_b0251,"[4, 19, 6, 29, 12, 34, 36, 24, 41, 38, 16, 6, 30, 34, 39, 5, 32, 36, 2, 39, 19, 6, 16, 14, 6, 4, 2, 27, 19, 6, 3, 36, 6, 27, 27, 1, 2, 30, 36, 34]","[17, 5, 29, 12, 34, 24, 41, 39, 16, 6, 30, 34, 39, 5, 32, 36, 2, 39, 19, 6, 16, 3, 4, 2, 27, 41, 3, 36, 6, 27, 27, 1, 2, 30, 36, 34]","[1, 1, 1, 0, 0, 0, 1, 0, 0, 1, 0, 0, 0, 0, 0, 0, 0, 0, 0, 0, 0, 0, 0, 1, 1, 0, 0, 0, 1, 1, 0, 0, 0, 0, 0, 0, 0, 0, 0, 0]"
L2_arctic_WAV/BWC_arctic_b0282,"[34, 12, 29, 12, 38, 4, 2, 34, 29, 8, 28, 1, 38, 19, 6, 30, 40, 24, 41, 17, 17, 14, 11, 36, 28, 2, 34, 16, 6, 30, 33, 12, 32, 35, 1, 17]","[34, 12, 29, 12, 22, 17, 2, 34, 29, 8, 28, 1, 38, 5, 30, 34, 24, 41, 17, 17, 14, 11, 21, 28, 2, 34, 16, 6, 30, 33, 12, 32, 35, 1]","[0, 0, 0, 0, 1, 1, 0, 0, 0, 0, 0, 0, 0, 1, 1, 0, 1, 0, 0, 0, 0, 0, 0, 1, 0, 0, 0, 0, 0, 0, 0, 0, 0, 0, 0, 1]"
L2_arctic_WAV/BWC_arctic_b0288,"[39, 25, 39, 11, 17, 30, 3, 36, 34, 32, 5, 30, 17, 2, 30, 12, 4, 1, 34, 12, 35, 30, 14, 6, 36]","[39, 25, 39, 11, 30, 3, 34, 32, 5, 30, 17, 41, 30, 12, 4, 1, 34, 12, 35, 30, 3, 36]","[0, 0, 0, 0, 1, 0, 0, 1, 0, 0, 0, 0, 0, 1, 0, 0, 0, 0, 0, 0, 0, 0, 1, 1, 0]"
L2_arctic_WAV/BWC_arctic_b0323,"[27, 33, 6, 27, 2, 36, 34, 16, 6, 23, 41, 30, 36, 37, 35, 1, 32, 2, 30, 17, 29, 8, 33, 23, 25, 34, 41, 30, 17, 17, 12, 27, 34, 22, 28, 37, 31, 11, 38, 1, 24, 5, 17]","[27, 33, 6, 27, 25, 34, 16, 6, 23, 41, 30, 36, 37, 35, 1, 27, 2, 30, 29, 8, 23, 33, 25, 34, 41, 30, 17, 17, 12, 27, 34, 22, 5, 39, 31, 11, 38, 1, 24, 41, 17]","[0, 0, 0, 0, 1, 1, 0, 0, 0, 0, 0, 0, 0, 0, 0, 0, 1, 0, 0, 1, 0, 0, 1, 1, 0, 0, 0, 0, 0, 0, 0, 0, 0, 0, 1, 1, 0, 0, 0, 0, 0, 1, 0]"
L2_arctic_WAV/BWC_arctic_b0358,"[4, 2, 36, 5, 29, 32, 33, 2, 35, 1, 17, 33, 3, 32, 36, 36, 37, 22, 6, 22, 36, 25, 16, 6, 28, 31, 11, 40, 6, 33, 31, 11, 2, 30, 17, 33, 25, 29, 19, 6, 30, 17, 4, 5, 33, 4, 2, 24, 31, 11, 28, 36, 33, 6, 32]","[17, 2, 36, 41, 29, 32, 33, 2, 35, 1, 17, 33, 3, 32, 36, 37, 22, 6, 22, 36, 25, 16, 6, 28, 31, 11, 34, 6, 33, 31, 11, 2, 30, 17, 33, 25, 29, 14, 6, 30, 17, 17, 5, 33, 17, 2, 24, 31, 11, 39, 36, 33, 25, 32]","[1, 0, 0, 1, 0, 0, 0, 0, 0, 0, 0, 0, 0, 0, 1, 0, 0, 0, 0, 0, 0, 0, 0, 0, 0, 0, 0, 1, 0, 0, 0, 0, 0, 0, 0, 0, 0, 0, 1, 0, 0, 0, 1, 0, 0, 1, 0, 0, 0, 0, 1, 0, 0, 1, 0]"
L2_arctic_WAV/BWC_arctic_b0366,"[14, 6, 22, 1, 23, 3, 36, 24, 14, 11, 25, 40, 2, 28, 25, 14, 6, 24, 41, 17, 36, 8, 36, 29, 14, 6, 34, 5, 28, 22, 22, 33, 12, 29, 4, 12, 32, 33, 6, 30, 36, 6, 17, 32, 19, 6, 18]","[14, 6, 22, 2, 23, 3, 36, 24, 14, 11, 25, 40, 2, 28, 25, 14, 6, 24, 41, 17, 36, 8, 36, 29, 14, 6, 34, 5, 39, 22, 22, 33, 12, 29, 17, 12, 32, 33, 6, 30, 36, 6, 17, 32, 19, 6, 35]","[0, 0, 0, 1, 0, 0, 0, 0, 0, 0, 0, 0, 0, 0, 0, 0, 0, 0, 0, 0, 0, 0, 0, 0, 0, 0, 0, 0, 1, 0, 0, 0, 0, 0, 1, 0, 0, 0, 0, 0, 0, 0, 0, 0, 0, 0, 1]"
L2_arctic_WAV/BWC_arctic_b0380,"[24, 25, 24, 41, 17, 32, 25, 28, 17, 8, 22, 24, 6, 40, 9, 1, 36, 2, 30, 17, 39, 8, 40, 39, 14, 6, 28, 17, 28, 25, 39, 19, 6, 38, 6, 7, 6, 36]","[24, 25, 24, 41, 17, 32, 25, 39, 17, 8, 22, 24, 25, 34, 9, 1, 36, 2, 30, 17, 39, 8, 34, 39, 6, 28, 17, 28, 25, 39, 19, 6, 39, 6, 7, 6, 36]","[0, 0, 0, 0, 0, 0, 0, 1, 0, 0, 0, 0, 1, 1, 0, 0, 0, 0, 0, 0, 0, 0, 1, 0, 1, 0, 0, 0, 0, 0, 0, 0, 0, 1, 0, 0, 0, 0]"
L2_arctic_WAV/BWC_arctic_b0385,"[28, 41, 34, 36, 30, 14, 6, 36, 24, 25, 9, 31, 11, 17, 8, 28, 4, 12, 34, 6, 29, 32, 36, 2, 29, 40, 12, 38, 27, 12, 29, 6, 7, 17, 14, 11, 30, 39, 6, 10, 30, 37, 29, 31, 11, 30, 26, 2]","[28, 41, 34, 30, 14, 6, 30, 24, 25, 9, 31, 11, 17, 8, 28, 17, 12, 34, 6, 29, 32, 36, 2, 29, 2, 34, 8, 22, 27, 8, 29, 6, 7, 17, 14, 11, 39, 6, 10, 30, 26, 37, 29, 31, 11, 30, 26, 2]","[0, 0, 0, 1, 0, 0, 0, 1, 0, 0, 0, 0, 0, 0, 0, 0, 1, 0, 0, 0, 0, 0, 0, 0, 0, 1, 1, 1, 0, 1, 0, 0, 0, 0, 0, 0, 1, 0, 0, 0, 0, 0, 0, 0, 0, 0, 0, 0]"
L2_arctic_WAV/BWC_arctic_b0393,"[14, 6, 39, 12, 40, 34, 36, 6, 28, 39, 25, 27, 22, 33, 12, 29, 29, 14, 6, 32, 33, 2, 28, 8, 7, 17, 6, 29, 1, 13, 2, 30]","[14, 6, 39, 12, 34, 34, 36, 6, 39, 39, 25, 27, 22, 33, 12, 29, 29, 14, 6, 32, 2, 28, 8, 7, 17, 6, 29, 1, 13, 2, 30]","[0, 0, 0, 0, 1, 0, 0, 0, 1, 0, 0, 0, 0, 0, 0, 0, 0, 0, 0, 0, 1, 0, 0, 0, 0, 0, 0, 0, 0, 0, 0, 0]"
L2_arctic_WAV/BWC_arctic_b0400,"[24, 14, 11, 27, 11, 17, 14, 6, 41, 30, 34, 1, 4, 2, 27, 39, 5, 34, 35, 2, 30, 3, 30, 4, 2, 34, 32, 1, 33, 12, 38, 4, 12, 29, 31, 11, 29, 2, 30, 36]","[24, 14, 11, 27, 11, 17, 14, 6, 41, 30, 34, 1, 17, 2, 27, 39, 5, 35, 2, 30, 3, 30, 2, 34, 32, 5, 33, 12, 22, 17, 12, 29, 31, 11, 29, 2, 30, 36]","[0, 0, 0, 0, 0, 0, 0, 0, 0, 0, 0, 0, 1, 0, 0, 0, 0, 1, 0, 0, 0, 0, 0, 1, 0, 0, 0, 1, 0, 0, 1, 1, 0, 0, 0, 0, 0, 0, 0, 0]"
L2_arctic_WAV/BWC_arctic_b0402,"[41, 30, 8, 28, 36, 33, 37, 6, 34, 36, 6, 27, 41, 27, 36, 6, 40, 41, 30, 41, 27, 36, 32, 1, 22, 8, 33, 29, 17, 22, 8, 33, 4, 12, 39, 5, 28, 22, 5, 33, 12, 38, 12, 4, 1, 40]","[41, 30, 41, 28, 36, 33, 37, 6, 34, 36, 6, 27, 41, 27, 36, 6, 34, 41, 30, 41, 27, 36, 32, 1, 22, 8, 33, 29, 6, 30, 34, 22, 8, 33, 17, 12, 39, 5, 28, 22, 5, 33, 8, 22, 12, 4, 1, 34]","[0, 0, 1, 0, 0, 0, 0, 0, 0, 0, 0, 0, 0, 0, 0, 0, 1, 0, 0, 0, 0, 0, 0, 0, 0, 0, 0, 0, 1, 0, 0, 0, 1, 0, 0, 0, 0, 0, 0, 0, 1, 1, 0, 0, 0, 1]"
L2_arctic_WAV/BWC_arctic_b0415,"[4, 5, 33, 39, 2, 40, 30, 12, 10, 6, 7, 22, 8, 33, 12, 34, 16, 12, 36, 4, 12, 39, 14, 6, 17, 33, 3, 31, 11, 9, 2, 30]","[17, 5, 33, 39, 2, 34, 30, 12, 10, 6, 7, 22, 8, 12, 34, 16, 12, 36, 17, 12, 39, 14, 6, 17, 33, 3, 31, 11, 9, 2, 30]","[1, 0, 0, 0, 0, 1, 0, 0, 0, 0, 0, 0, 0, 1, 0, 0, 0, 0, 0, 1, 0, 0, 0, 0, 0, 0, 0, 0, 0, 0, 0, 0]"
L2_arctic_WAV/BWC_arctic_b0416,"[14, 6, 1, 31, 11, 40, 31, 11, 16, 25, 17, 25, 2, 30, 36, 28, 25, 41, 30, 17, 39, 5, 30, 36, 17, 14, 11, 30, 4, 2, 16, 25, 35]","[14, 6, 1, 31, 11, 40, 31, 11, 16, 25, 17, 25, 2, 30, 34, 28, 25, 41, 30, 17, 39, 5, 30, 36, 17, 14, 11, 30, 17, 2, 16, 25, 35]","[0, 0, 0, 0, 0, 0, 0, 0, 0, 0, 0, 0, 0, 0, 1, 0, 0, 0, 0, 0, 0, 0, 0, 0, 0, 0, 0, 0, 1, 0, 0, 0, 0]"
L2_arctic_WAV/BWC_arctic_b0418,"[41, 36, 4, 41, 36, 29, 31, 11, 29, 2, 30, 36, 14, 6, 23, 3, 36, 4, 2, 6, 29, 32, 33, 5, 9, 2, 30, 4, 41, 36, 9, 25, 39, 8, 40, 39, 6, 28, 2, 39, 25]","[41, 36, 17, 41, 36, 29, 31, 11, 29, 2, 30, 14, 6, 23, 3, 36, 17, 2, 6, 29, 32, 33, 5, 9, 6, 32, 17, 41, 36, 9, 25, 39, 8, 34, 39, 6, 39, 33, 2, 33, 25]","[0, 0, 1, 0, 0, 0, 0, 0, 0, 0, 0, 1, 0, 0, 0, 0, 0, 1, 0, 0, 0, 0, 0, 0, 0, 1, 1, 1, 0, 0, 0, 0, 0, 0, 1, 0, 0, 1, 0, 1, 0]"
L2_arctic_WAV/BWC_arctic_b0422,"[4, 6, 34, 39, 8, 40, 24, 39, 5, 30, 4, 25, 6, 27, 34, 32, 28, 31, 11, 13, 2, 30, 2, 27, 1, 17]","[17, 6, 34, 39, 8, 34, 24, 39, 5, 30, 17, 25, 6, 27, 34, 32, 31, 11, 9, 2, 30, 2, 27, 1, 17]","[1, 0, 0, 0, 0, 1, 0, 0, 0, 0, 1, 0, 0, 0, 0, 0, 1, 0, 0, 1, 0, 0, 0, 0, 0, 0]"
L2_arctic_WAV/BWC_arctic_b0430,"[4, 19, 6, 39, 1, 16, 41, 16, 28, 6, 7, 41, 30, 17, 35, 41, 36, 1, 6, 7, 8, 28, 36, 2, 23, 5, 4, 1]","[17, 19, 6, 39, 1, 16, 41, 16, 28, 6, 7, 41, 30, 17, 35, 41, 36, 1, 6, 7, 8, 36, 2, 23, 5, 4, 1]","[1, 0, 0, 0, 0, 0, 0, 0, 0, 0, 0, 0, 0, 0, 0, 0, 0, 0, 0, 0, 0, 1, 0, 0, 0, 0, 0, 0]"
L2_arctic_WAV/BWC_arctic_b0456,"[24, 25, 39, 12, 40, 2, 30, 41, 29, 22, 6, 16, 25, 2, 30, 41, 30, 17, 2, 29, 14, 11, 30, 36, 6, 30, 6, 33]","[24, 25, 39, 12, 34, 2, 41, 22, 6, 16, 25, 2, 30, 41, 30, 17, 2, 29, 12, 7, 36, 6, 30, 6, 33]","[0, 0, 0, 0, 1, 0, 1, 0, 1, 0, 0, 0, 0, 0, 0, 0, 0, 0, 0, 0, 1, 1, 1, 0, 0, 0, 0, 0]"
L2_arctic_WAV/BWC_arctic_b0461,"[16, 14, 6, 38, 1, 35, 37, 12, 38, 4, 41, 36, 32, 14, 11, 1, 39, 25, 9, 41, 28, 33, 25, 29, 19, 6, 30, 6, 30, 32, 14, 11, 1]","[16, 14, 6, 39, 1, 35, 37, 8, 22, 17, 41, 36, 32, 14, 11, 1, 39, 25, 9, 41, 28, 33, 25, 29, 19, 6, 30, 6, 30, 32, 14, 11, 1]","[0, 0, 0, 1, 0, 0, 0, 1, 1, 1, 0, 0, 0, 0, 0, 0, 0, 0, 0, 0, 0, 0, 0, 0, 0, 0, 0, 0, 0, 0, 0, 0, 0]"
L2_arctic_WAV/BWC_arctic_b0465,"[16, 12, 36, 34, 12, 35, 17, 14, 6, 38, 1, 18, 2, 30, 34, 12, 38, 2, 32, 6, 30, 26, 2, 30, 39, 11, 17, 27, 3, 30, 34, 36, 2, 36, 37, 36, 30, 31, 11, 29, 5, 30, 2, 34, 36, 2, 34, 2, 34, 14, 6, 2, 36, 25]","[16, 12, 36, 34, 12, 34, 17, 14, 6, 39, 1, 18, 2, 30, 34, 8, 22, 8, 32, 6, 30, 26, 19, 6, 11, 17, 27, 3, 30, 34, 6, 34, 2, 30, 30, 31, 11, 29, 5, 30, 41, 34, 36, 2, 34, 2, 34, 14, 6, 1, 36, 25]","[0, 0, 0, 0, 0, 1, 0, 0, 0, 1, 0, 0, 0, 0, 0, 1, 1, 1, 0, 0, 0, 0, 1, 1, 1, 0, 0, 0, 0, 0, 0, 1, 1, 1, 1, 1, 0, 0, 0, 0, 0, 0, 1, 0, 0, 0, 0, 0, 0, 0, 0, 1, 0, 0]"
L2_arctic_WAV/BWC_arctic_b0476,"[4, 2, 33, 25, 8, 33, 23, 2, 30, 2, 40, 19, 6, 9, 2, 30, 12, 38, 4, 25, 40, 27, 12, 30, 36, 33, 25, 40, 36, 11, 27, 4, 12, 22, 8, 33, 29, 12, 38, 33, 5, 38, 2, 28, 37, 9, 2, 30]","[17, 2, 33, 25, 8, 23, 2, 30, 2, 40, 19, 6, 9, 2, 30, 12, 22, 17, 25, 34, 27, 12, 30, 36, 33, 25, 34, 36, 11, 27, 17, 12, 22, 8, 33, 29, 12, 22, 33, 41, 38, 2, 28, 37, 9, 2, 30]","[1, 0, 0, 0, 0, 1, 0, 0, 0, 0, 0, 0, 0, 0, 0, 0, 0, 1, 1, 0, 1, 0, 0, 0, 0, 0, 0, 1, 0, 0, 0, 1, 0, 0, 0, 0, 0, 0, 1, 0, 1, 0, 0, 0, 0, 0, 0, 0]"
L2_arctic_WAV/BWC_arctic_b0479,"[38, 14, 6, 2, 28, 19, 6, 9, 2, 30, 12, 38, 4, 6, 34, 28, 3, 39, 12, 40, 29, 19, 6, 17, 2, 24, 14, 6, 29, 6, 34, 17, 2, 29, 25, 30, 1, 41, 30, 17, 32, 12, 30, 6, 9, 36, 2, 27, 8, 33, 17, 6, 7, 28, 25]","[38, 14, 6, 2, 28, 19, 6, 9, 2, 30, 8, 22, 17, 6, 34, 28, 3, 39, 12, 34, 29, 19, 6, 17, 2, 24, 14, 6, 29, 6, 34, 17, 2, 29, 25, 30, 1, 41, 30, 17, 32, 12, 30, 6, 9, 36, 2, 27, 8, 33, 17, 6, 7, 28, 25]","[0, 0, 0, 0, 0, 0, 0, 0, 0, 0, 1, 1, 1, 0, 0, 0, 0, 0, 0, 1, 0, 0, 0, 0, 0, 0, 0, 0, 0, 0, 0, 0, 0, 0, 0, 0, 0, 0, 0, 0, 0, 0, 0, 0, 0, 0, 0, 0, 0, 0, 0, 0, 0, 0, 0]"
L2_arctic_WAV/BWC_arctic_b0481,"[4, 2, 36, 41, 34, 27, 39, 25, 34, 5, 36, 14, 11, 1, 34, 5, 28, 38, 40, 39, 8, 40, 10, 33, 25, 22, 31, 11, 28, 17]","[17, 2, 36, 41, 34, 39, 25, 34, 5, 36, 14, 11, 1, 34, 5, 38, 34, 39, 8, 34, 10, 33, 25, 22, 31, 11, 17]","[1, 0, 0, 0, 0, 1, 0, 0, 0, 0, 0, 0, 0, 0, 0, 0, 1, 0, 1, 0, 0, 1, 0, 0, 0, 0, 0, 0, 1, 0]"
L2_arctic_WAV/BWC_arctic_b0483,"[4, 12, 22, 28, 14, 11, 1, 12, 38, 4, 2, 3, 33, 36, 6, 34, 36, 6, 27, 41, 30, 17, 6, 30, 36, 2, 28, 5, 27, 35, 37, 2, 28, 39, 1, 28, 17, 39, 1, 33, 5, 38, 2, 28, 37, 9, 2, 30, 6, 34, 36, 34]","[17, 12, 22, 28, 14, 11, 1, 8, 22, 17, 2, 3, 33, 36, 6, 34, 36, 6, 27, 41, 30, 17, 6, 30, 36, 2, 28, 5, 27, 35, 37, 2, 28, 39, 1, 28, 17, 39, 1, 33, 5, 38, 2, 28, 37, 9, 2, 30, 6, 34, 36]","[1, 0, 0, 0, 0, 0, 0, 1, 1, 1, 0, 0, 0, 0, 0, 0, 0, 0, 0, 0, 0, 0, 0, 0, 0, 0, 0, 0, 0, 0, 0, 0, 0, 0, 0, 0, 0, 0, 0, 0, 0, 0, 0, 0, 0, 0, 0, 0, 0, 0, 0, 1]"
L2_arctic_WAV/BWC_arctic_b0488,"[16, 25, 8, 30, 17, 33, 6, 22, 26, 37, 40, 6, 7, 36, 2, 34, 5, 28, 12, 34, 22, 37, 17, 4, 19, 6, 28, 5, 22, 36, 12, 34, 36, 37, 3, 33, 34, 5, 28, 38, 40]","[16, 25, 8, 30, 33, 6, 22, 26, 37, 40, 6, 7, 36, 2, 34, 5, 39, 12, 34, 22, 37, 17, 17, 19, 6, 28, 5, 22, 36, 12, 34, 36, 37, 3, 34, 5, 28, 22, 34]","[0, 0, 0, 0, 1, 0, 0, 0, 0, 0, 0, 0, 0, 0, 0, 0, 0, 1, 0, 0, 0, 0, 0, 1, 0, 0, 0, 0, 0, 0, 0, 0, 0, 0, 0, 1, 0, 0, 0, 1, 1]"
L2_arctic_WAV/BWC_arctic_b0509,"[24, 25, 24, 41, 17, 22, 11, 28, 22, 6, 28, 17, 24, 6, 40, 17, 37, 36, 25, 41, 30, 17, 32, 19, 6, 17, 32, 33, 3, 32, 1, 28, 25]","[24, 25, 24, 41, 17, 22, 11, 39, 22, 6, 39, 17, 24, 25, 34, 17, 37, 36, 25, 41, 30, 17, 32, 19, 6, 17, 32, 33, 3, 32, 1, 28, 25]","[0, 0, 0, 0, 0, 0, 0, 1, 0, 0, 1, 0, 0, 1, 1, 0, 0, 0, 0, 0, 0, 0, 0, 0, 0, 0, 0, 0, 0, 0, 0, 0, 0]"
L2_arctic_WAV/BWC_arctic_b0527,"[4, 2, 38, 5, 33, 25, 14, 6, 17, 25, 2, 12, 38, 6, 36, 39, 8, 40, 32, 33, 6, 32, 3, 34, 36, 33, 2, 34]","[17, 2, 39, 41, 33, 25, 14, 6, 17, 25, 2, 8, 22, 6, 39, 8, 34, 32, 33, 25, 32, 3, 34, 36, 33, 25, 2, 34]","[1, 0, 1, 1, 0, 0, 0, 0, 0, 0, 0, 1, 1, 0, 1, 0, 0, 1, 0, 0, 1, 0, 0, 0, 0, 0, 0, 0]"
L2_arctic_WAV/BWC_arctic_b0531,"[14, 6, 29, 9, 11, 33, 6, 36, 29, 12, 34, 36, 24, 41, 38, 16, 6, 30, 34, 12, 29, 2, 17, 38, 5, 30, 35, 1]","[41, 29, 9, 11, 6, 29, 3, 34, 36, 24, 41, 16, 16, 6, 30, 34, 12, 29, 2, 17, 39, 41, 30, 35, 1]","[1, 1, 0, 0, 0, 1, 0, 1, 0, 1, 0, 0, 0, 0, 1, 0, 0, 0, 0, 0, 0, 0, 0, 1, 1, 0, 0, 0]"
L2_arctic_WAV/LXC_arctic_a0003,"[22, 33, 1, 4, 2, 36, 39, 5, 30, 36, 25, 6, 10, 36, 14, 6, 29, 4, 41, 36, 25, 38, 30, 6, 7, 4, 2, 36, 37, 29, 5, 30, 9, 11, 27, 24, 41, 30, 40]","[22, 33, 1, 4, 2, 36, 39, 3, 30, 36, 25, 6, 34, 36, 14, 6, 29, 17, 41, 36, 25, 38, 2, 30, 6, 7, 28, 2, 36, 37, 29, 5, 30, 9, 8, 27, 24, 5, 30, 34]","[0, 0, 0, 0, 0, 0, 0, 1, 0, 0, 0, 0, 1, 0, 0, 0, 0, 1, 0, 0, 0, 0, 0, 0, 0, 1, 0, 0, 0, 0, 0, 0, 0, 1, 0, 0, 1, 0, 1]"
L2_arctic_WAV/LXC_arctic_a0005,"[39, 6, 28, 39, 25, 5, 38, 1, 22, 1, 23, 5, 36, 6, 36]","[39, 6, 39, 39, 25, 41, 38, 2, 22, 1, 23, 5, 36, 25, 36]","[0, 0, 1, 0, 0, 1, 0, 1, 0, 0, 0, 0, 0, 1, 0]"
L2_arctic_WAV/LXC_arctic_a0006,"[23, 3, 17, 16, 28, 5, 34, 2, 29, 14, 6, 24, 31, 11, 32, 14, 6, 28, 23, 31, 11, 8, 30, 34, 25, 6, 7, 4, 5, 29, 22, 1, 5, 38, 1]","[23, 3, 17, 16, 28, 5, 34, 29, 14, 6, 24, 31, 11, 32, 14, 6, 39, 6, 39, 23, 31, 11, 8, 30, 34, 25, 6, 7, 4, 5, 29, 22, 2, 41, 38, 2]","[0, 0, 0, 0, 0, 0, 0, 1, 0, 0, 0, 0, 0, 0, 0, 0, 0, 1, 0, 0, 0, 0, 0, 0, 0, 0, 0, 0, 0, 0, 0, 1, 1, 0, 1]"
L2_arctic_WAV/LXC_arctic_a0007,"[41, 30, 17, 26, 37, 8, 28, 39, 25, 40, 39, 3, 30, 36, 36, 2, 34, 25, 6, 36, 6, 30, 4, 2, 34, 11, 32, 1, 28, 2, 36, 6, 38, 17, 6, 23, 33, 25]","[41, 30, 17, 26, 37, 8, 28, 39, 25, 40, 39, 3, 30, 36, 36, 2, 34, 25, 6, 36, 6, 7, 30, 2, 34, 11, 32, 2, 28, 14, 6, 36, 6, 32, 17, 6, 23, 33, 25]","[0, 0, 0, 0, 0, 0, 0, 0, 0, 0, 0, 0, 0, 0, 0, 0, 0, 0, 0, 0, 0, 1, 1, 0, 0, 0, 0, 1, 0, 1, 0, 0, 1, 0, 0, 0, 0, 0]"
L2_arctic_WAV/LXC_arctic_a0008,"[23, 41, 17, 26, 11, 33, 28, 5, 36, 1, 27, 19, 6, 29, 18, 12, 34, 36, 6, 30, 36, 14, 6, 29]","[23, 41, 17, 26, 11, 28, 41, 36, 1, 27, 19, 6, 29, 18, 12, 34, 6, 7, 36, 14, 6, 29]","[0, 0, 0, 0, 0, 1, 0, 1, 0, 0, 0, 0, 0, 0, 0, 0, 0, 1, 0, 1, 0, 0, 0, 0]"
L2_arctic_WAV/LXC_arctic_a0010,"[14, 6, 29, 32, 28, 19, 6, 6, 7, 2, 34, 6, 7, 23, 2, 28, 24, 41, 30, 17, 6, 30, 39, 12, 36, 28, 11, 27, 34, 28, 14, 6, 27, 2, 28, 37, 40, 6, 7, 23, 19, 6, 29]","[14, 6, 29, 32, 28, 19, 6, 6, 7, 2, 34, 6, 7, 23, 31, 11, 24, 41, 30, 6, 7, 39, 12, 36, 28, 11, 27, 28, 3, 34, 2, 28, 37, 34, 6, 7, 23, 19, 6, 7]","[0, 0, 0, 0, 0, 0, 0, 0, 0, 0, 0, 0, 0, 0, 1, 1, 0, 0, 0, 1, 0, 1, 0, 0, 0, 0, 0, 0, 1, 0, 1, 1, 1, 0, 0, 0, 1, 0, 0, 0, 0, 0, 1]"
L2_arctic_WAV/LXC_arctic_a0011,"[6, 22, 14, 6, 5, 38, 1, 30, 25, 17, 6, 17, 2, 22, 14, 6, 36, 1, 6, 30, 29, 14, 6, 28, 14, 6, 22, 14, 6, 30, 25, 17, 39, 12, 30, 30, 14, 11]","[6, 22, 14, 6, 41, 39, 2, 30, 25, 17, 6, 17, 2, 22, 14, 6, 36, 2, 6, 7, 29, 14, 6, 28, 14, 6, 22, 14, 6, 30, 25, 17, 39, 12, 30, 30, 14, 11]","[0, 0, 0, 0, 1, 1, 1, 0, 0, 0, 0, 0, 0, 0, 0, 0, 0, 1, 0, 1, 0, 0, 0, 0, 0, 0, 0, 0, 0, 0, 0, 0, 0, 0, 0, 0, 0, 0]"
L2_arctic_WAV/LXC_arctic_a0013,"[24, 25, 39, 12, 40, 2, 24, 5, 17, 9, 8, 33, 36, 1, 4, 41, 30, 24, 6, 40, 27, 2, 29, 32, 41, 30, 26, 2, 30, 12, 38, 8, 28, 29, 31, 11, 34, 36, 17, 5, 28, 2, 27, 2, 36, 22, 2, 40, 25, 27]","[24, 25, 39, 12, 34, 2, 24, 41, 17, 9, 8, 36, 2, 28, 41, 30, 24, 25, 34, 27, 2, 29, 32, 41, 30, 26, 2, 30, 12, 38, 8, 29, 31, 11, 34, 36, 17, 5, 28, 2, 27, 2, 36, 22, 25, 34, 25, 27]","[0, 0, 0, 0, 1, 0, 0, 1, 0, 0, 0, 1, 0, 1, 1, 0, 0, 0, 1, 1, 0, 0, 0, 0, 0, 0, 0, 0, 0, 0, 0, 0, 1, 0, 0, 0, 0, 0, 0, 0, 0, 0, 0, 0, 0, 0, 1, 1, 0, 0]"
L2_arctic_WAV/LXC_arctic_a0018,"[4, 5, 33, 39, 12, 40, 2, 35, 19, 6, 30, 18, 30, 14, 11]","[4, 5, 2, 39, 12, 34, 2, 35, 19, 6, 30, 35, 30, 14, 11]","[0, 0, 1, 0, 0, 1, 0, 0, 0, 0, 0, 1, 0, 0, 0]"
L2_arctic_WAV/LXC_arctic_a0019,"[14, 6, 22, 3, 28, 31, 11, 17, 4, 2, 28, 14, 6, 30, 12, 38, 4, 12, 32, 33, 2, 32, 31, 11, 40, 17, 33, 19, 6, 28, 33, 31, 11, 17, 28, 11, 27, 6, 7, 22, 8, 33, 35, 41, 30, 34, 6, 40]","[14, 6, 22, 3, 28, 31, 11, 17, 4, 2, 28, 2, 28, 14, 6, 30, 12, 38, 28, 12, 32, 33, 8, 32, 33, 31, 11, 34, 36, 33, 19, 6, 39, 33, 31, 11, 17, 28, 11, 27, 6, 7, 22, 8, 35, 41, 30, 34, 6, 34]","[0, 0, 0, 0, 0, 0, 0, 0, 0, 0, 0, 0, 0, 0, 0, 0, 1, 0, 0, 0, 1, 0, 0, 0, 1, 1, 0, 0, 0, 1, 0, 0, 0, 0, 0, 0, 0, 0, 0, 0, 0, 1, 0, 0, 0, 0, 0, 1]"
L2_arctic_WAV/LXC_arctic_a0020,"[27, 28, 12, 16, 40, 2, 30, 17, 16, 8, 28, 40, 41, 30, 17, 34, 6, 36, 25, 40, 23, 33, 37, 36, 2, 16, 25, 31, 11, 30, 28, 25, 29, 5, 29, 1, 25, 40]","[27, 28, 12, 32, 34, 2, 30, 2, 16, 8, 34, 41, 30, 2, 34, 25, 36, 25, 34, 23, 33, 37, 36, 2, 16, 25, 8, 7, 28, 25, 29, 41, 29, 1, 25, 34]","[0, 0, 0, 1, 1, 0, 0, 1, 0, 0, 1, 1, 0, 0, 1, 0, 1, 0, 0, 1, 0, 0, 0, 0, 0, 0, 0, 1, 1, 1, 0, 0, 0, 1, 0, 0, 0, 1]"
L2_arctic_WAV/LXC_arctic_a0021,"[6, 36, 22, 5, 33, 28, 25, 27, 28, 12, 16, 17, 29, 25, 6, 30, 36, 37, 33, 5, 27, 2, 23, 30, 14, 6, 40, 6, 7, 6, 36]","[6, 36, 22, 5, 28, 25, 27, 28, 12, 16, 17, 29, 25, 6, 30, 36, 37, 33, 5, 27, 2, 23, 30, 14, 6, 34, 6, 7, 25, 36]","[0, 0, 0, 0, 1, 0, 0, 0, 0, 0, 0, 0, 0, 0, 0, 0, 0, 0, 0, 0, 0, 0, 0, 0, 0, 0, 1, 0, 0, 1, 0]"
L2_arctic_WAV/LXC_arctic_a0022,"[24, 3, 33, 17, 28, 25, 39, 1, 14, 11, 33, 32, 28, 41, 30, 40, 29, 19, 6, 17, 32, 12, 16, 28, 6, 27, 16, 25, 22, 8, 33, 39, 25, 39, 1, 29, 5, 36, 16, 14, 6, 32, 14, 11, 1, 22, 2, 28, 3, 32, 2, 40, 6, 9, 2, 30]","[24, 3, 33, 17, 2, 28, 25, 39, 2, 14, 11, 2, 32, 28, 41, 30, 34, 29, 19, 6, 17, 32, 12, 16, 28, 25, 27, 16, 25, 22, 8, 39, 25, 39, 2, 29, 5, 36, 16, 14, 6, 32, 14, 11, 2, 22, 31, 11, 3, 32, 34, 25, 9, 2, 30]","[0, 0, 0, 0, 0, 0, 0, 1, 0, 0, 1, 0, 0, 0, 0, 1, 0, 0, 0, 0, 0, 0, 0, 0, 1, 0, 0, 0, 0, 0, 1, 0, 0, 0, 1, 0, 0, 0, 0, 0, 0, 0, 0, 0, 1, 0, 1, 1, 0, 0, 1, 1, 1, 0, 0, 0]"
L2_arctic_WAV/LXC_arctic_a0023,"[2, 27, 3, 29, 16, 2, 30, 19, 6, 9, 2, 30, 12, 38, 27, 2, 30, 19, 6, 17, 25, 2, 30, 27, 41, 32, 2, 36, 2, 28, 27, 39, 6, 27, 28, 25, 8, 33, 23, 2, 30, 14, 6, 40, 17, 41, 30, 17, 32, 2, 36, 6, 9, 2, 30, 17, 22, 8, 33, 4, 2, 34, 19, 6, 29, 32, 33, 6, 38, 6, 28, 6, 18, 6, 40]","[2, 27, 3, 29, 16, 30, 19, 6, 9, 2, 7, 8, 38, 27, 2, 30, 19, 6, 17, 25, 2, 30, 27, 41, 32, 36, 2, 39, 27, 39, 6, 27, 28, 25, 8, 23, 2, 30, 14, 6, 34, 41, 30, 17, 2, 32, 41, 36, 6, 9, 2, 30, 22, 8, 2, 4, 2, 34, 25, 29, 32, 33, 6, 38, 25, 28, 25, 18, 25, 34]","[0, 0, 0, 0, 0, 1, 0, 0, 0, 0, 0, 1, 1, 0, 0, 0, 0, 0, 0, 0, 0, 0, 0, 0, 0, 0, 1, 0, 0, 1, 0, 0, 0, 0, 0, 0, 0, 1, 0, 0, 0, 0, 0, 1, 1, 0, 0, 0, 0, 1, 0, 0, 0, 0, 0, 1, 0, 0, 1, 0, 0, 0, 1, 1, 0, 0, 0, 0, 0, 1, 0, 1, 0, 1, 1]"
L2_arctic_WAV/LXC_arctic_a0024,"[6, 36, 39, 12, 40, 29, 14, 6, 33, 6, 32, 8, 33, 36, 34, 22, 33, 12, 29, 4, 2, 30, 8, 33, 10, 39, 6, 35, 35, 25, 22, 28, 25, 6, 30, 17, 37, 34, 36, 32, 25, 32, 2, 28, 36, 37, 16, 14, 6]","[6, 36, 39, 12, 34, 29, 14, 6, 33, 6, 32, 8, 36, 34, 22, 33, 12, 29, 4, 2, 30, 8, 33, 34, 39, 25, 35, 35, 25, 22, 28, 25, 25, 30, 17, 37, 34, 36, 32, 25, 32, 2, 39, 36, 37, 16, 14, 6]","[0, 0, 0, 0, 1, 0, 0, 0, 0, 0, 0, 0, 1, 0, 0, 0, 0, 0, 0, 0, 0, 0, 0, 0, 1, 0, 1, 0, 0, 0, 0, 0, 0, 1, 0, 0, 0, 0, 0, 0, 0, 0, 0, 1, 0, 0, 0, 0, 0]"
L2_arctic_WAV/LXC_arctic_a0025,"[14, 6, 39, 12, 40, 2, 16, 14, 11, 36, 36, 2, 17, 37, 4, 6, 34, 39, 5, 30, 27, 37, 28, 1, 18, 12, 18, 29, 2, 30, 36, 32, 33, 25, 38, 19, 6, 28, 17]","[14, 6, 39, 12, 34, 2, 16, 14, 11, 36, 36, 2, 17, 37, 28, 25, 34, 39, 41, 30, 27, 37, 28, 2, 18, 12, 35, 29, 2, 30, 32, 33, 25, 39, 19, 6, 28, 17]","[0, 0, 0, 0, 1, 0, 0, 0, 0, 0, 0, 0, 0, 0, 1, 1, 0, 0, 1, 0, 0, 0, 0, 1, 0, 0, 1, 0, 0, 0, 1, 0, 0, 0, 1, 0, 0, 0, 0]"
L2_arctic_WAV/LXC_arctic_a0026,"[6, 36, 2, 27, 1, 17, 36, 37, 29, 25, 4, 41, 36, 4, 5, 33, 39, 11, 17, 24, 41, 38, 36, 37, 16, 25, 2, 30, 2, 27, 14, 11, 30, 36, 6, 7]","[25, 36, 2, 27, 2, 17, 36, 37, 29, 25, 4, 41, 36, 17, 5, 39, 11, 17, 24, 41, 22, 36, 37, 16, 25, 2, 7, 2, 27, 12, 30, 36, 6, 7]","[1, 0, 0, 0, 1, 0, 0, 0, 0, 0, 0, 0, 0, 1, 0, 1, 0, 0, 0, 0, 0, 1, 0, 0, 0, 0, 0, 1, 0, 0, 1, 1, 0, 0, 0, 0]"
L2_arctic_WAV/LXC_arctic_a0027,"[36, 37, 29, 14, 6, 34, 2, 32, 33, 14, 6, 40, 24, 25, 16, 25, 23, 41, 30, 36, 37, 9, 31, 11, 41, 27, 35, 2, 39, 2, 28, 6, 30, 10, 37, 40, 25, 41, 40, 2, 29, 6, 30, 29, 14, 6, 22, 19, 6, 38, 1]","[36, 37, 29, 14, 6, 34, 2, 32, 33, 14, 6, 34, 24, 25, 16, 25, 23, 41, 30, 36, 37, 9, 31, 11, 41, 27, 35, 2, 39, 2, 6, 30, 34, 37, 34, 25, 41, 34, 2, 29, 6, 7, 29, 14, 6, 22, 19, 6, 39, 2]","[0, 0, 0, 0, 0, 0, 0, 0, 0, 0, 0, 1, 0, 0, 0, 0, 0, 0, 0, 0, 0, 0, 0, 0, 0, 0, 0, 0, 0, 0, 1, 0, 0, 1, 0, 1, 0, 0, 1, 0, 0, 0, 1, 0, 0, 0, 0, 0, 0, 1, 1]"
L2_arctic_WAV/LXC_arctic_a0028,"[33, 3, 16, 1, 25, 16, 33, 14, 6, 16, 1, 25, 22, 33, 8, 17]","[33, 3, 16, 1, 25, 16, 33, 14, 6, 16, 1, 25, 22, 33, 8, 17]","[0, 0, 0, 0, 0, 0, 0, 0, 0, 0, 0, 0, 0, 0, 0, 0]"
L2_arctic_WAV/LXC_arctic_a0029,"[4, 5, 33, 22, 8, 33, 34, 6, 40, 39, 1, 8, 28, 33, 5, 17, 25, 29, 37, 38, 6, 7, 6, 30, 36, 37, 4, 2, 30, 8, 33, 10, 27, 12, 30, 36, 33, 25]","[17, 5, 2, 22, 8, 34, 6, 34, 39, 2, 8, 33, 5, 17, 25, 29, 37, 38, 6, 7, 25, 7, 36, 37, 28, 2, 30, 8, 34, 27, 12, 7, 36, 33, 25]","[1, 0, 1, 0, 0, 1, 0, 0, 1, 0, 1, 0, 1, 0, 0, 0, 0, 0, 0, 0, 0, 0, 1, 1, 0, 0, 1, 0, 0, 0, 1, 1, 0, 0, 1, 0, 0, 0]"
L2_arctic_WAV/LXC_arctic_a0030,"[14, 6, 24, 41, 17, 22, 19, 6, 10, 6, 30, 4, 5, 29]","[14, 6, 24, 41, 17, 22, 19, 6, 34, 6, 7, 28, 5, 29]","[0, 0, 0, 0, 0, 0, 0, 0, 1, 0, 1, 1, 0, 0]"
L2_arctic_WAV/LXC_arctic_a0031,"[4, 19, 6, 39, 1, 10, 33, 25, 24, 12, 30, 17, 33, 2, 17, 26, 3, 33, 17, 40, 2, 32, 3, 33, 36]","[17, 19, 6, 39, 2, 34, 33, 25, 24, 12, 30, 17, 33, 2, 17, 26, 3, 17, 34, 2, 32, 3, 36]","[1, 0, 0, 0, 1, 1, 0, 0, 0, 0, 0, 0, 0, 0, 0, 0, 0, 1, 0, 1, 0, 0, 0, 1, 0]"
L2_arctic_WAV/LXC_arctic_a0032,"[34, 6, 30, 34, 4, 5, 30, 34, 12, 29, 29, 6, 34, 36, 6, 33, 25, 2, 34, 22, 8, 33, 34, 24, 41, 40, 16, 6, 30, 22, 14, 6, 36, 6, 7, 12, 34, 41, 36, 5, 38, 33, 25, 34, 36, 5, 32]","[34, 25, 7, 34, 34, 5, 30, 34, 12, 29, 29, 6, 34, 36, 6, 33, 25, 2, 34, 22, 8, 34, 24, 41, 34, 16, 6, 7, 22, 14, 6, 30, 36, 6, 7, 3, 34, 41, 36, 41, 39, 33, 25, 34, 36, 5, 32]","[0, 1, 1, 0, 1, 0, 0, 0, 0, 0, 0, 0, 0, 0, 0, 0, 0, 0, 0, 0, 0, 1, 0, 0, 0, 1, 0, 0, 1, 0, 0, 0, 0, 0, 0, 1, 0, 0, 0, 1, 1, 0, 0, 0, 0, 0, 0]"
L2_arctic_WAV/LXC_arctic_a0036,"[9, 25, 36, 1, 30, 17, 6, 30, 41, 36, 4, 2, 24, 31, 11, 36, 5, 28]","[9, 25, 36, 2, 30, 6, 7, 41, 36, 2, 28, 2, 24, 31, 11, 36, 5, 39]","[0, 0, 0, 1, 0, 1, 0, 1, 0, 0, 1, 0, 0, 0, 0, 0, 0, 1]"
L2_arctic_WAV/LXC_arctic_a0037,"[14, 6, 39, 12, 40, 4, 2, 31, 11, 30, 28, 25, 39, 12, 30, 24, 37, 33, 6, 29, 19, 6, 30, 17, 34, 6, 36, 6, 7]","[14, 6, 39, 12, 34, 4, 2, 8, 7, 28, 25, 39, 12, 7, 24, 37, 33, 6, 29, 19, 6, 30, 17, 34, 25, 36, 25, 7]","[0, 0, 0, 0, 1, 0, 0, 1, 1, 1, 0, 0, 0, 0, 1, 0, 0, 0, 0, 0, 0, 0, 0, 0, 0, 1, 0, 1, 0]"
L2_arctic_WAV/LXC_arctic_a0038,"[39, 25, 28, 24, 41, 38, 36, 37, 39, 3, 35, 14, 11, 33, 35, 41, 30, 34, 6, 40]","[39, 25, 39, 6, 39, 24, 41, 36, 37, 39, 3, 35, 14, 11, 2, 35, 3, 30, 34, 6, 34]","[0, 0, 1, 0, 0, 1, 0, 0, 0, 0, 0, 0, 0, 1, 0, 1, 0, 0, 0, 1]"
L2_arctic_WAV/LXC_arctic_a0039,"[4, 2, 9, 6, 32, 9, 11, 17, 16, 25, 6, 30, 39, 6, 10, 6, 30, 2, 39, 25, 27, 1, 36, 5, 30, 17, 19, 6, 40]","[28, 2, 9, 25, 32, 9, 11, 17, 16, 25, 25, 7, 39, 25, 34, 25, 7, 2, 39, 25, 27, 8, 36, 5, 30, 17, 19, 6, 34]","[1, 0, 0, 1, 0, 0, 0, 0, 0, 0, 1, 1, 0, 1, 1, 1, 1, 0, 0, 0, 0, 1, 0, 0, 0, 0, 0, 0, 1]"
L2_arctic_WAV/LXC_arctic_a0040,"[14, 6, 34, 2, 32, 31, 11, 40, 26, 37, 39, 12, 30, 17, 1, 39, 14, 6, 9, 25, 6, 40, 27, 12, 29, 6, 7, 12, 32, 24, 25, 33]","[14, 6, 34, 2, 32, 31, 11, 34, 26, 37, 39, 8, 30, 17, 2, 39, 14, 6, 9, 25, 6, 34, 27, 3, 29, 6, 7, 12, 32, 24, 25, 2]","[0, 0, 0, 0, 0, 0, 0, 1, 0, 0, 0, 1, 0, 0, 1, 0, 0, 0, 0, 0, 0, 1, 0, 1, 0, 0, 0, 0, 0, 0, 0, 1]"
L2_arctic_WAV/LXC_arctic_a0041,"[29, 25, 30, 39, 14, 6, 28, 14, 6, 28, 23, 31, 11, 14, 11, 36, 36, 37, 16, 33, 25, 4, 2, 34, 32, 5, 28]","[29, 25, 7, 39, 14, 6, 39, 14, 6, 39, 25, 39, 23, 31, 11, 14, 11, 36, 36, 37, 16, 33, 5, 34, 2, 34, 32, 5, 39]","[0, 0, 1, 0, 0, 0, 1, 0, 0, 1, 0, 0, 0, 0, 0, 0, 0, 0, 0, 0, 1, 1, 0, 0, 0, 0, 1]"
L2_arctic_WAV/LXC_arctic_a0042,"[24, 14, 11, 27, 11, 17, 24, 25, 6, 27, 34, 32, 28, 19, 6, 30, 24, 6, 40, 32, 2, 40, 5, 9, 2, 30, 12, 38, 4, 2, 34, 27, 5, 35]","[24, 14, 11, 27, 11, 17, 24, 25, 25, 34, 32, 28, 19, 6, 30, 24, 25, 34, 32, 2, 34, 5, 9, 2, 30, 12, 22, 28, 2, 34, 27, 5, 35]","[0, 0, 0, 0, 0, 0, 0, 0, 1, 1, 0, 0, 0, 0, 0, 0, 0, 1, 1, 0, 0, 1, 0, 0, 0, 0, 0, 1, 1, 0, 0, 0, 0, 0]"
L2_arctic_WAV/LXC_arctic_a0045,"[24, 25, 29, 37, 38, 17, 2, 39, 19, 6, 41, 40, 27, 39, 14, 6, 2, 36, 28, 25, 41, 40, 24, 25, 24, 41, 17, 27, 12, 29]","[24, 25, 29, 37, 22, 17, 2, 39, 19, 6, 41, 34, 27, 39, 14, 6, 2, 36, 28, 25, 41, 34, 24, 25, 24, 41, 17, 27, 3, 29]","[0, 0, 0, 0, 1, 0, 0, 0, 0, 0, 0, 1, 0, 0, 0, 0, 0, 0, 0, 0, 0, 1, 0, 0, 0, 0, 0, 0, 1, 0]"
L2_arctic_WAV/LXC_arctic_a0046,"[4, 2, 23, 1, 28, 22, 19, 6, 34, 36, 24, 6, 29, 24, 1, 14, 6, 40, 9, 14, 6, 30, 6, 7, 39, 6, 10, 34, 12, 17, 2, 30, 22, 6, 33]","[28, 2, 23, 2, 39, 22, 19, 6, 34, 36, 24, 25, 29, 24, 2, 14, 6, 34, 9, 14, 6, 30, 6, 7, 39, 25, 34, 34, 12, 17, 2, 30, 22, 6, 2]","[1, 0, 0, 1, 1, 0, 0, 0, 0, 0, 0, 1, 0, 0, 1, 0, 0, 1, 0, 0, 0, 0, 0, 0, 0, 1, 1, 0, 0, 0, 0, 0, 0, 0, 1]"
L2_arctic_WAV/LXC_arctic_a0047,"[27, 28, 31, 11, 40, 16, 25, 34, 14, 6, 17, 24, 6, 29, 23, 28, 25, 29, 17, 4, 2, 39, 14, 6, 36, 22, 41, 7, 40, 12, 38, 4, 2, 39, 11, 28, 22, 17, 8, 23]","[27, 28, 31, 11, 34, 16, 25, 34, 14, 6, 17, 24, 25, 29, 23, 28, 25, 29, 17, 17, 2, 39, 14, 6, 36, 22, 41, 30, 34, 12, 38, 28, 2, 39, 8, 22, 17, 8, 23]","[0, 0, 0, 0, 1, 0, 0, 0, 0, 0, 0, 0, 1, 0, 0, 0, 0, 0, 0, 1, 0, 0, 0, 0, 0, 0, 0, 1, 1, 0, 0, 1, 0, 0, 1, 1, 0, 0, 0, 0]"
L2_arctic_WAV/LXC_arctic_a0048,"[24, 25, 28, 11, 27, 36, 41, 36, 4, 2, 24, 41, 7, 27, 1, 35, 25, 22, 29, 8, 33, 27, 28, 31, 11, 34, 28, 25]","[24, 25, 28, 37, 27, 2, 41, 36, 2, 28, 2, 24, 41, 30, 27, 2, 35, 25, 22, 29, 8, 27, 28, 31, 11, 34, 28, 25]","[0, 0, 0, 1, 0, 1, 0, 0, 1, 0, 0, 0, 1, 0, 1, 0, 0, 0, 0, 0, 1, 0, 0, 0, 0, 0, 0, 0]"
L2_arctic_WAV/LXC_arctic_a0051,"[4, 2, 28, 19, 6, 34, 39, 8, 40, 12, 38, 2, 17, 5, 28, 2, 27, 2, 36, 14, 6, 38, 1, 25, 27, 12, 28, 1, 22, 19, 6, 30, 36, 28, 25, 36, 6, 30, 36, 6, 17, 39, 6, 10, 26, 5, 28, 31, 11]","[28, 2, 28, 19, 6, 34, 39, 8, 34, 12, 22, 2, 17, 41, 28, 2, 27, 2, 36, 14, 6, 39, 1, 25, 27, 12, 28, 2, 22, 19, 6, 30, 36, 2, 28, 25, 36, 25, 7, 36, 6, 17, 39, 6, 34, 26, 5, 28, 31, 11]","[1, 0, 0, 0, 0, 0, 0, 0, 1, 0, 1, 0, 0, 1, 0, 0, 0, 0, 0, 0, 0, 1, 0, 0, 0, 0, 0, 1, 0, 0, 0, 0, 0, 0, 0, 0, 1, 1, 0, 0, 0, 0, 0, 1, 0, 0, 0, 0, 0]"
L2_arctic_WAV/LXC_arctic_a0052,"[6, 36, 39, 12, 40, 2, 27, 26, 11, 33, 25, 2, 34, 27, 31, 11, 6, 30, 34, 6, 17, 2, 30, 34]","[6, 36, 2, 39, 12, 34, 2, 27, 26, 11, 33, 25, 2, 34, 27, 31, 11, 6, 7, 34, 25, 17, 2, 30, 34]","[0, 0, 0, 0, 1, 0, 0, 0, 0, 0, 0, 0, 0, 0, 0, 0, 0, 1, 0, 1, 0, 0, 0, 0]"
L2_arctic_WAV/LXC_arctic_a0053,"[34, 12, 17, 2, 30, 28, 25, 24, 6, 40, 22, 6, 7, 23, 1, 40, 27, 28, 31, 11, 40, 17, 36, 14, 6, 36, 28, 25, 31, 11, 38, 1, 4, 2, 24, 41, 7, 27, 1, 35, 25, 22]","[34, 12, 17, 2, 30, 28, 25, 24, 25, 34, 22, 6, 7, 23, 2, 34, 27, 28, 31, 11, 34, 36, 36, 14, 6, 36, 2, 28, 25, 31, 11, 39, 2, 28, 2, 24, 41, 7, 27, 2, 35, 25, 22]","[0, 0, 0, 0, 0, 0, 0, 0, 1, 1, 0, 0, 0, 0, 1, 1, 0, 0, 0, 0, 1, 1, 0, 0, 0, 0, 0, 0, 0, 0, 1, 1, 1, 0, 0, 0, 0, 0, 1, 0, 0, 0]"
L2_arctic_WAV/LXC_arctic_a0054,"[4, 5, 33, 39, 12, 40, 30, 12, 10, 6, 7, 8, 30, 4, 2, 33, 3, 27]","[4, 5, 33, 39, 12, 34, 30, 12, 34, 6, 7, 8, 7, 28, 2, 33, 3, 27]","[0, 0, 0, 0, 0, 1, 0, 0, 1, 0, 0, 0, 1, 1, 0, 0, 0, 0]"
L2_arctic_WAV/LXC_arctic_a0058,"[14, 6, 27, 19, 6, 29, 22, 8, 33, 6, 30, 22, 1, 29, 19, 6, 9, 2, 30, 29, 8, 33, 14, 11, 36, 12, 38, 27, 26, 11, 33, 25, 3, 34, 2, 36, 25, 4, 41, 30, 5, 30, 25, 10, 6, 7, 5, 28, 34]","[14, 6, 27, 19, 6, 29, 22, 8, 2, 6, 7, 22, 2, 29, 19, 6, 9, 2, 30, 29, 8, 2, 14, 11, 36, 12, 22, 27, 26, 11, 33, 25, 2, 34, 2, 36, 25, 28, 41, 30, 5, 30, 25, 34, 6, 7, 5, 39, 34]","[0, 0, 0, 0, 0, 0, 0, 0, 1, 0, 1, 0, 1, 0, 0, 0, 0, 0, 0, 0, 0, 1, 0, 0, 0, 0, 1, 0, 0, 0, 0, 0, 1, 0, 0, 0, 0, 1, 0, 0, 0, 0, 0, 1, 0, 0, 0, 1, 0]"
L2_arctic_WAV/LXC_arctic_a0059,"[24, 6, 40, 6, 29, 41, 27, 26, 37, 28, 6, 36, 2, 32, 6, 33, 2, 30, 34, 39, 2, 40, 23, 8, 30]","[24, 25, 34, 6, 29, 41, 27, 26, 37, 28, 6, 36, 2, 32, 6, 33, 2, 30, 34, 39, 2, 34, 23, 8, 7]","[0, 1, 1, 0, 0, 0, 0, 0, 0, 0, 0, 0, 0, 0, 0, 0, 0, 0, 0, 0, 0, 1, 0, 0, 1]"
L2_arctic_WAV/LXC_arctic_a0060,"[5, 30, 25, 39, 19, 6, 30, 31, 11, 39, 12, 30, 34, 8, 24, 1, 28, 14, 6, 27, 4, 41, 36]","[41, 30, 25, 39, 19, 6, 30, 31, 11, 39, 12, 7, 34, 8, 24, 2, 28, 14, 6, 27, 4, 41, 36]","[1, 0, 0, 0, 0, 0, 0, 0, 0, 0, 0, 1, 0, 0, 0, 1, 0, 0, 0, 0, 0, 0, 0]"
L2_arctic_WAV/LXC_arctic_a0062,"[4, 2, 29, 5, 30, 34, 36, 5, 33, 17, 6, 30, 36, 37, 25, 35, 12, 4, 1, 40, 22, 19, 6, 34]","[17, 2, 29, 5, 30, 34, 36, 5, 2, 17, 25, 7, 36, 37, 25, 35, 12, 28, 2, 34, 22, 19, 6, 34]","[1, 0, 0, 0, 0, 0, 0, 0, 1, 0, 1, 1, 0, 0, 0, 0, 0, 1, 1, 1, 0, 0, 0, 0]"
L2_arctic_WAV/LXC_arctic_a0063,"[26, 5, 34, 6, 36, 39, 2, 40, 2, 29, 41, 30, 24, 37, 41, 34, 27, 36, 2, 34, 36, 33, 19, 6, 30, 18, 1]","[26, 5, 34, 6, 36, 2, 39, 2, 34, 2, 29, 41, 7, 24, 37, 41, 34, 27, 36, 2, 34, 36, 33, 19, 6, 30, 18, 2]","[0, 0, 0, 0, 0, 0, 0, 1, 0, 0, 0, 1, 0, 0, 0, 0, 0, 0, 0, 0, 0, 0, 0, 0, 0, 0, 1]"
L2_arctic_WAV/LXC_arctic_a0064,"[4, 2, 22, 8, 33, 10, 41, 30, 17, 22, 6, 10, 17, 19, 6, 40, 32, 41, 34, 36, 39, 6, 10, 14, 11, 36, 5, 30, 25, 17, 6, 38, 5, 28, 2, 32, 29, 2, 30, 36, 34]","[28, 2, 22, 8, 34, 41, 30, 17, 22, 25, 34, 17, 19, 6, 34, 32, 41, 34, 36, 2, 39, 25, 34, 14, 11, 36, 41, 30, 25, 17, 6, 38, 5, 28, 2, 32, 29, 2, 30, 36, 34]","[1, 0, 0, 0, 1, 1, 0, 0, 0, 0, 1, 1, 0, 0, 0, 1, 0, 0, 0, 0, 0, 1, 1, 0, 0, 0, 1, 0, 0, 0, 0, 0, 0, 0, 0, 0, 0, 0, 0, 0, 0]"
L2_arctic_WAV/LXC_arctic_a0065,"[4, 19, 6, 27, 28, 31, 11, 40, 17, 30, 14, 11, 2, 30, 36, 6, 28, 24, 6, 40, 22, 6, 7, 23, 1, 40, 39, 1, 28, 14, 6, 27, 27, 8, 33, 17, 40, 12, 38, 34, 36, 25, 28]","[17, 19, 6, 27, 28, 31, 11, 34, 36, 30, 14, 11, 2, 30, 36, 6, 39, 24, 6, 34, 22, 6, 7, 23, 2, 34, 39, 2, 28, 41, 27, 27, 8, 36, 34, 12, 22, 34, 36, 25, 39]","[1, 0, 0, 0, 0, 0, 0, 1, 1, 0, 0, 0, 0, 0, 0, 0, 1, 0, 0, 1, 0, 0, 0, 0, 1, 1, 0, 1, 0, 1, 1, 0, 0, 0, 1, 1, 1, 0, 1, 0, 0, 0, 1]"
L2_arctic_WAV/LXC_arctic_a0067,"[9, 11, 33, 28, 25, 14, 6, 39, 2, 28, 6, 27, 34, 27, 26, 37, 40, 26, 37, 9, 25, 27, 33, 14, 6, 17]","[9, 11, 28, 25, 14, 6, 39, 2, 39, 6, 34, 27, 26, 37, 34, 26, 37, 9, 25, 27, 33, 14, 6, 17]","[0, 0, 1, 0, 0, 0, 0, 0, 0, 1, 0, 1, 0, 0, 0, 0, 1, 0, 0, 0, 0, 0, 0, 0, 0, 0]"
L2_arctic_WAV/LXC_arctic_a0071,"[39, 12, 36, 39, 12, 40, 4, 2, 2, 16, 18, 5, 27, 36, 12, 38, 26, 8, 33, 28, 6, 36, 2, 28, 34, 5, 30, 34, 19, 6, 9, 2, 30]","[39, 12, 36, 2, 39, 12, 34, 28, 2, 2, 32, 2, 18, 5, 27, 12, 22, 26, 8, 2, 28, 25, 36, 2, 39, 34, 41, 30, 34, 19, 6, 9, 2, 30]","[0, 0, 0, 0, 0, 1, 1, 0, 0, 1, 0, 0, 0, 1, 0, 1, 0, 0, 1, 0, 1, 0, 0, 1, 0, 1, 0, 0, 0, 0, 0, 0, 0]"
L2_arctic_WAV/LXC_arctic_a0073,"[4, 2, 32, 33, 2, 29, 31, 11, 36, 1, 40, 14, 6, 40, 39, 1, 24, 5, 38, 25, 39, 6, 10, 28, 6, 36, 2, 28, 32, 12, 22, 25, 16, 41, 23, 40, 12, 30, 17, 1, 4, 2, 29]","[28, 2, 32, 33, 31, 11, 29, 31, 11, 36, 2, 34, 14, 6, 34, 39, 2, 24, 41, 38, 25, 39, 25, 34, 28, 25, 36, 2, 39, 32, 3, 22, 25, 16, 41, 23, 34, 3, 30, 17, 2, 28, 2, 29]","[1, 0, 0, 0, 1, 0, 0, 0, 0, 1, 1, 0, 0, 1, 0, 1, 0, 1, 0, 0, 0, 1, 1, 0, 1, 0, 0, 1, 0, 1, 0, 0, 0, 0, 0, 1, 1, 0, 0, 1, 1, 0, 0]"
L2_arctic_WAV/LXC_arctic_a0075,"[4, 5, 33, 24, 41, 40, 16, 6, 30, 2, 35, 19, 6, 30, 18, 9, 25, 6, 30, 36, 1, 12, 32, 36, 6, 17, 24, 6, 29]","[4, 5, 2, 24, 41, 34, 16, 6, 7, 2, 35, 19, 6, 30, 35, 9, 25, 25, 30, 36, 1, 12, 32, 36, 6, 17, 24, 25, 29]","[0, 0, 1, 0, 0, 1, 0, 0, 1, 0, 0, 0, 0, 0, 1, 0, 0, 1, 0, 0, 0, 0, 0, 0, 0, 0, 0, 1, 0]"
L2_arctic_WAV/LXC_arctic_a0076,"[4, 2, 23, 33, 19, 6, 14, 6, 40, 22, 3, 28, 36, 1, 17, 4, 2, 22, 28, 12, 9, 17, 25, 32, 2, 30, 17]","[28, 2, 23, 33, 19, 6, 14, 6, 34, 22, 8, 36, 2, 17, 17, 2, 22, 28, 12, 9, 17, 25, 32, 2, 30, 17]","[1, 0, 0, 0, 0, 0, 0, 0, 1, 0, 1, 1, 0, 1, 0, 1, 0, 0, 0, 0, 0, 0, 0, 0, 0, 0, 0]"
L2_arctic_WAV/LXC_arctic_a0077,"[6, 36, 6, 40, 4, 2, 22, 14, 6, 33, 32, 3, 33, 36, 28, 25, 9, 25, 34, 5, 17]","[25, 36, 25, 34, 34, 2, 22, 14, 6, 2, 32, 3, 36, 2, 28, 25, 9, 25, 34, 5, 17]","[1, 0, 1, 1, 1, 0, 0, 0, 0, 1, 0, 0, 1, 1, 0, 0, 0, 0, 0, 0, 0]"
L2_arctic_WAV/LXC_arctic_a0078,"[4, 5, 30, 41, 36, 34, 12, 32, 1, 24, 25, 36, 33, 14, 6, 17, 36, 37, 22, 41, 4, 2, 29, 24, 1]","[4, 5, 30, 41, 36, 34, 12, 32, 1, 24, 25, 36, 33, 14, 6, 36, 37, 22, 41, 4, 2, 29, 24, 1]","[0, 0, 0, 0, 0, 0, 0, 0, 0, 0, 0, 0, 0, 0, 0, 1, 0, 0, 0, 0, 0, 0, 0, 0, 0]"
L2_arctic_WAV/LXC_arctic_a0079,"[6, 36, 39, 2, 40, 2, 28, 3, 33, 18, 27, 2, 30, 37]","[6, 36, 39, 2, 34, 2, 28, 3, 35, 27, 5, 30, 37]","[0, 0, 0, 0, 1, 0, 0, 0, 1, 1, 0, 1, 0, 0]"
L2_arctic_WAV/LXC_arctic_a0081,"[24, 39, 12, 36, 6, 22, 9, 25, 17, 6, 17, 30, 3, 36, 27, 12, 29, 36, 6, 4, 2, 33, 3, 27]","[39, 12, 36, 6, 22, 9, 25, 17, 6, 17, 2, 30, 27, 12, 29, 36, 2, 2, 33, 3, 27]","[1, 0, 0, 0, 0, 0, 0, 0, 0, 0, 0, 1, 1, 1, 0, 0, 0, 0, 1, 1, 0, 0, 0, 0]"
L2_arctic_WAV/LXC_arctic_a0082,"[24, 6, 40, 22, 19, 6, 34, 39, 12, 40, 34, 36, 33, 25, 29, 6, 7, 39, 6, 10, 16, 28, 12, 17]","[24, 6, 40, 22, 19, 6, 34, 39, 12, 40, 34, 36, 33, 25, 29, 6, 7, 39, 6, 10, 16, 28, 12]","[0, 0, 0, 0, 0, 0, 0, 0, 0, 0, 0, 0, 0, 0, 0, 0, 0, 0, 0, 0, 0, 0, 0, 1]"
L2_arctic_WAV/LXC_arctic_a0085,"[2, 36, 33, 6, 27, 2, 28, 12, 38, 22, 33, 5, 9, 16, 28, 12, 17, 33, 41, 30, 31, 11, 38, 1, 24, 6, 40, 22, 19, 6, 34]","[2, 36, 33, 6, 27, 12, 38, 22, 33, 5, 9, 16, 28, 12, 33, 41, 30, 31, 11, 38, 1, 24, 6, 34, 22, 19, 6, 34]","[0, 0, 0, 0, 0, 1, 1, 0, 0, 0, 0, 0, 0, 0, 0, 0, 1, 0, 0, 0, 0, 0, 0, 0, 0, 0, 1, 0, 0, 0, 0]"
L2_arctic_WAV/LXC_arctic_a0086,"[17, 5, 10, 24, 41, 17, 27, 12, 29, 39, 6, 10, 36, 5, 33, 2, 16, 2, 28, 34, 12, 17, 2, 30, 30, 2, 34]","[17, 5, 34, 24, 41, 17, 27, 12, 29, 39, 6, 34, 36, 5, 33, 2, 16, 2, 28, 34, 12, 17, 2, 30, 30, 6, 34]","[0, 0, 1, 0, 0, 0, 0, 0, 0, 0, 0, 1, 0, 0, 0, 0, 0, 0, 0, 0, 0, 0, 0, 0, 0, 1, 0]"
L2_arctic_WAV/LXC_arctic_a0088,"[24, 25, 29, 19, 6, 17, 9, 11, 33, 4, 41, 36, 4, 2, 29, 41, 23, 2, 40, 25, 30, 39, 12, 40, 28, 31, 11, 17, 6, 17, 41, 30, 17, 33, 25, 40, 37, 29, 17, 24, 6, 40, 32, 41, 17, 2, 28, 6, 7]","[24, 25, 29, 19, 6, 9, 11, 33, 4, 41, 4, 2, 29, 41, 23, 2, 40, 25, 30, 39, 12, 40, 28, 31, 11, 17, 6, 41, 30, 17, 33, 25, 34, 37, 29, 17, 24, 6, 34, 32, 41, 17, 2, 28, 6, 7]","[0, 0, 0, 0, 0, 1, 0, 0, 0, 0, 0, 1, 0, 0, 0, 0, 0, 0, 0, 0, 0, 0, 0, 0, 0, 0, 0, 0, 0, 1, 0, 0, 0, 0, 0, 1, 0, 0, 0, 0, 0, 1, 0, 0, 0, 0, 0, 0, 0]"
L2_arctic_WAV/LXC_arctic_a0089,"[4, 2, 30, 14, 6, 36, 23, 28, 31, 11, 39, 12, 40, 36, 33, 5, 35, 1, 2, 34, 36, 37, 9, 37, 36, 16, 14, 6]","[4, 2, 30, 14, 6, 36, 23, 28, 31, 11, 39, 12, 34, 36, 33, 5, 35, 1, 2, 34, 36, 37, 9, 12, 16, 14, 6]","[0, 0, 0, 0, 0, 0, 0, 0, 0, 0, 0, 0, 1, 0, 0, 0, 0, 0, 0, 0, 0, 0, 0, 1, 1, 0, 0, 0]"
L2_arctic_WAV/LXC_arctic_a0090,"[4, 2, 34, 6, 7, 6, 7, 38, 8, 6, 34, 2, 32, 33, 31, 11, 35, 36, 33, 41, 32, 2, 17, 28, 25]","[4, 2, 34, 6, 7, 6, 7, 39, 8, 6, 34, 2, 32, 33, 3, 35, 17, 33, 41, 32, 6, 17, 28, 25]","[0, 0, 0, 0, 0, 0, 0, 1, 0, 0, 0, 0, 0, 0, 1, 1, 0, 1, 0, 0, 0, 1, 0, 0, 0]"
L2_arctic_WAV/LXC_arctic_a0091,"[24, 6, 40, 16, 28, 12, 17, 23, 33, 37, 24, 3, 36, 39, 6, 10, 33, 19, 6, 18, 41, 36, 4, 2, 10, 8, 36]","[24, 6, 40, 16, 28, 12, 17, 23, 33, 37, 24, 3, 36, 39, 6, 10, 33, 19, 6, 18, 41, 36, 2, 33, 10, 8, 36]","[0, 0, 0, 0, 0, 0, 0, 0, 0, 0, 0, 0, 0, 0, 0, 0, 0, 0, 0, 0, 0, 0, 1, 1, 0, 0, 0]"
L2_arctic_WAV/LXC_arctic_a0092,"[24, 25, 39, 5, 30, 36, 17, 14, 11, 30, 6, 30, 29, 6, 17, 34, 36, 33, 25, 29, 34, 1, 35, 6, 7, 4, 2, 9, 41, 17, 31, 11, 40, 12, 38, 16, 31, 11, 10, 9, 8, 33, 40]","[24, 25, 39, 5, 30, 17, 3, 30, 6, 30, 29, 6, 34, 36, 33, 25, 29, 34, 1, 35, 6, 7, 4, 2, 9, 41, 17, 8, 40, 12, 38, 16, 31, 11, 10, 9, 3, 34]","[0, 0, 0, 0, 0, 1, 0, 1, 1, 0, 0, 0, 0, 0, 1, 0, 0, 0, 0, 0, 0, 0, 0, 0, 0, 0, 0, 0, 0, 0, 1, 1, 0, 0, 0, 0, 0, 0, 0, 0, 1, 1, 1]"
L2_arctic_WAV/LXC_arctic_a0093,"[22, 8, 33, 2, 22, 11, 28, 29, 6, 30, 2, 36, 24, 25, 27, 33, 14, 11, 35, 36, 41, 30, 17, 28, 6, 34, 2, 30, 17]","[22, 8, 2, 22, 11, 28, 29, 6, 30, 6, 36, 24, 25, 27, 33, 3, 35, 36, 41, 30, 2, 28, 6, 34, 2, 30, 17]","[0, 0, 1, 0, 0, 0, 0, 0, 0, 0, 1, 0, 0, 0, 0, 0, 1, 1, 0, 0, 0, 0, 1, 0, 0, 0, 0, 0, 0]"
L2_arctic_WAV/LXC_arctic_a0094,"[24, 25, 24, 41, 17, 16, 5, 33, 28, 25, 5, 30, 36, 1, 17, 4, 6, 34, 39, 5, 30, 24, 25, 34, 8, 4, 2, 23, 28, 31, 11, 12, 38, 2, 22, 14, 6, 1]","[24, 25, 24, 41, 17, 16, 5, 28, 25, 5, 30, 36, 1, 17, 17, 28, 6, 34, 39, 5, 24, 25, 34, 8, 28, 2, 23, 28, 31, 11, 12, 22, 2, 22, 14, 6, 1]","[0, 0, 0, 0, 0, 0, 0, 1, 0, 0, 0, 0, 0, 0, 0, 1, 0, 0, 0, 0, 1, 0, 0, 0, 0, 1, 0, 0, 0, 0, 0, 0, 1, 0, 0, 0, 0, 0]"
L2_arctic_WAV/LXC_arctic_a0095,"[2, 16, 6, 23, 27, 41, 30, 38, 2, 34, 36, 5, 30, 36, 39, 12, 40, 4, 2, 22, 1, 34, 36, 10, 6, 7, 36, 37, 27, 12, 29, 39, 6, 10, 6, 30, 24, 6, 40, 38, 6, 13, 2, 30]","[2, 16, 6, 27, 41, 30, 38, 2, 34, 36, 5, 30, 39, 12, 34, 17, 2, 22, 1, 34, 10, 6, 7, 36, 37, 27, 12, 29, 39, 6, 10, 6, 30, 24, 6, 34, 38, 6, 13, 2, 30]","[0, 0, 0, 1, 0, 0, 0, 0, 0, 0, 0, 0, 0, 1, 0, 0, 1, 1, 0, 0, 0, 0, 1, 0, 0, 0, 0, 0, 0, 0, 0, 0, 0, 0, 0, 0, 0, 0, 1, 0, 0, 0, 0, 0]"
L2_arctic_WAV/LXC_arctic_a0096,"[32, 1, 24, 41, 32, 34, 9, 25, 24, 41, 17, 8, 33, 5, 17, 25, 29, 5, 36, 24, 1, 22, 19, 6, 36, 2, 28, 6, 36, 2, 28, 17, 25, 32, 1, 6, 30, 4, 2, 22, 8, 33, 6, 34, 36]","[32, 1, 24, 41, 32, 34, 9, 25, 24, 41, 17, 8, 33, 5, 17, 25, 29, 5, 36, 24, 2, 22, 19, 6, 36, 2, 28, 6, 36, 2, 17, 25, 32, 1, 6, 30, 4, 2, 22, 8, 33, 6, 34, 36]","[0, 0, 0, 0, 0, 0, 0, 0, 0, 0, 0, 0, 0, 0, 0, 0, 0, 0, 0, 0, 1, 0, 0, 0, 0, 0, 0, 0, 0, 0, 1, 0, 0, 0, 0, 0, 0, 0, 0, 0, 0, 0, 0, 0, 0]"
L2_arctic_WAV/LXC_arctic_a0097,"[4, 5, 30, 26, 37, 27, 41, 30, 1, 19, 6, 30, 18, 26, 1, 34, 5, 28, 22, 27, 12, 29, 22, 1, 36, 2, 16, 28, 25, 2, 29, 12, 7, 4, 25, 40, 33, 31, 11, 16, 40, 6, 30, 4, 12, 16, 31, 11]","[4, 5, 30, 26, 37, 27, 41, 30, 1, 19, 6, 30, 18, 26, 8, 34, 5, 28, 22, 27, 8, 29, 22, 1, 36, 2, 16, 28, 25, 2, 29, 12, 7, 4, 25, 40, 33, 3, 16, 40, 6, 30, 4, 12, 16, 8]","[0, 0, 0, 0, 0, 0, 0, 0, 0, 0, 0, 0, 0, 0, 1, 0, 0, 0, 0, 0, 1, 0, 0, 0, 0, 0, 0, 0, 0, 0, 0, 0, 0, 0, 0, 0, 0, 1, 1, 0, 0, 0, 0, 0, 0, 0, 1, 1]"
L2_arctic_WAV/LXC_arctic_a0098,"[9, 41, 28, 14, 6, 27, 5, 33, 25, 26, 37]","[9, 41, 14, 6, 27, 5, 33, 25, 26, 37]","[0, 0, 1, 0, 0, 0, 0, 0, 0, 0, 0]"
L2_arctic_WAV/LXC_arctic_a0099,"[2, 29, 41, 17, 30, 6, 7, 18, 8, 6, 32, 14, 11, 30, 17, 6, 17, 6, 30, 24, 6, 40, 16, 33, 19, 6, 30]","[2, 29, 41, 30, 17, 6, 7, 18, 8, 6, 32, 3, 30, 17, 6, 17, 6, 30, 24, 6, 34, 16, 33, 19, 6, 30]","[0, 0, 0, 1, 1, 0, 0, 0, 0, 0, 0, 1, 1, 0, 0, 0, 0, 0, 0, 0, 0, 1, 0, 0, 0, 0, 0]"
L2_arctic_WAV/LXC_arctic_a0100,"[26, 37, 29, 12, 34, 36, 34, 28, 25, 32, 24, 25, 1, 18, 17]","[26, 37, 29, 12, 34, 34, 28, 25, 32, 24, 25, 1, 18]","[0, 0, 0, 0, 0, 1, 0, 0, 0, 0, 0, 0, 0, 0, 1]"
L2_arctic_WAV/LXC_arctic_a0101,"[26, 37, 26, 37, 39, 11, 17, 30, 3, 36, 27, 25, 32, 4, 2, 36, 33, 37, 10, 22, 33, 12, 29, 29, 25]","[26, 37, 26, 37, 39, 11, 17, 30, 3, 27, 25, 32, 32, 2, 36, 33, 37, 10, 22, 33, 12, 29, 29, 25]","[0, 0, 0, 0, 0, 0, 0, 0, 0, 1, 0, 0, 0, 1, 0, 0, 0, 0, 0, 0, 0, 0, 0, 0, 0]"
L2_arctic_WAV/LXC_arctic_a0102,"[24, 25, 39, 6, 28, 22, 3, 28, 31, 11, 12, 34, 34, 37, 30]","[24, 25, 39, 6, 28, 22, 8, 28, 12, 12, 34, 34, 37]","[0, 0, 0, 0, 0, 0, 1, 0, 1, 1, 0, 0, 0, 0, 1]"
L2_arctic_WAV/LXC_arctic_a0103,"[16, 12, 36, 4, 5, 33, 27, 19, 6, 29, 30, 31, 11, 32, 33, 3, 29, 2, 34, 22, 33, 12, 29, 4, 2, 16, 31, 11, 12, 38, 4, 2, 27, 2, 30, 37]","[16, 12, 4, 5, 2, 27, 19, 6, 29, 30, 31, 11, 32, 33, 8, 29, 14, 6, 34, 22, 33, 12, 29, 28, 2, 16, 31, 11, 12, 38, 21, 2, 27, 2, 30, 37]","[0, 0, 1, 0, 0, 1, 0, 0, 0, 0, 0, 0, 0, 0, 0, 1, 0, 1, 0, 0, 0, 0, 0, 1, 0, 0, 0, 0, 0, 0, 1, 0, 0, 0, 0, 0]"
L2_arctic_WAV/LXC_arctic_a0104,"[9, 25, 39, 12, 40, 34, 28, 25, 32, 6, 7, 12, 30, 17, 1, 24, 6, 40, 32, 33, 2, 36, 5, 27, 9, 2, 30, 41, 40, 34, 39, 25, 36, 28, 25, 41, 40, 2, 35, 14, 6, 28, 17]","[9, 25, 39, 12, 40, 34, 28, 25, 32, 6, 7, 12, 30, 17, 2, 24, 6, 40, 32, 33, 2, 36, 5, 27, 9, 2, 30, 41, 40, 34, 39, 25, 36, 28, 25, 41, 40, 2, 35, 14, 6, 28]","[0, 0, 0, 0, 0, 0, 0, 0, 0, 0, 0, 0, 0, 0, 1, 0, 0, 0, 0, 0, 0, 0, 0, 0, 0, 0, 0, 0, 0, 0, 0, 0, 0, 0, 0, 0, 0, 0, 0, 0, 0, 0, 1]"
L2_arctic_WAV/LXC_arctic_a0105,"[31, 11, 30, 28, 25, 6, 36, 6, 40, 34, 31, 11, 39, 12, 30, 17, 1, 22, 2, 28, 34, 31, 11, 8, 28, 29, 31, 11, 34, 36, 6, 29, 32, 3, 34, 2, 16, 2, 28, 36, 37, 16, 6, 28, 25, 38]","[31, 11, 30, 28, 25, 6, 36, 6, 40, 34, 31, 11, 39, 8, 30, 17, 1, 22, 2, 34, 8, 8, 29, 8, 34, 36, 6, 29, 32, 3, 34, 2, 16, 2, 28, 36, 37, 16, 6, 28, 25, 38]","[0, 0, 0, 0, 0, 0, 0, 0, 0, 0, 0, 0, 0, 1, 0, 0, 0, 0, 0, 1, 0, 1, 1, 0, 1, 0, 1, 1, 0, 0, 0, 0, 0, 0, 0, 0, 0, 0, 0, 0, 0, 0, 0, 0, 0, 0]"
L2_arctic_WAV/LXC_arctic_a0106,"[4, 2, 6, 29, 31, 11, 9, 2, 30, 39, 6, 35, 9, 25, 24, 41, 17, 34, 2, 32, 33, 5, 34, 36, 16, 1, 34, 36, 22, 8, 33, 10, 30, 14, 11, 6, 30, 2, 35, 31, 11, 27, 6, 7, 34, 3, 16]","[4, 2, 6, 29, 31, 11, 9, 2, 30, 39, 6, 35, 9, 25, 24, 41, 17, 34, 2, 32, 33, 5, 34, 36, 2, 16, 1, 34, 36, 22, 8, 10, 30, 3, 6, 30, 2, 35, 3, 27, 6, 7, 34, 3]","[0, 0, 0, 0, 0, 0, 0, 0, 0, 0, 0, 0, 0, 0, 0, 0, 0, 0, 0, 0, 0, 0, 0, 0, 0, 0, 0, 0, 0, 0, 1, 0, 0, 1, 1, 0, 0, 0, 0, 1, 1, 0, 0, 0, 0, 0, 1]"
L2_arctic_WAV/LXC_arctic_a0107,"[6, 22, 26, 37, 31, 11, 30, 28, 25, 27, 11, 17, 30, 31, 11, 24, 14, 11, 14, 6, 10, 41, 7, 27, 26, 37]","[6, 22, 26, 37, 31, 11, 30, 28, 25, 27, 11, 30, 31, 11, 24, 3, 14, 6, 10, 41, 7, 27, 26, 37]","[0, 0, 0, 0, 0, 0, 0, 0, 0, 0, 0, 1, 0, 0, 0, 0, 1, 1, 0, 0, 0, 0, 0, 0, 0, 0]"
L2_arctic_WAV/LXC_arctic_a0108,"[24, 25, 39, 19, 6, 17, 6, 17, 6, 30, 36, 37, 4, 2, 5, 18, 12, 38, 4, 12, 39, 8, 36, 1, 41, 30, 17, 16, 25, 23, 41, 30, 34, 27, 33, 12, 16, 6, 7, 24, 6, 29, 34, 5, 28, 22]","[24, 25, 39, 19, 6, 17, 6, 17, 6, 30, 36, 37, 4, 2, 5, 18, 12, 38, 4, 12, 39, 8, 36, 2, 41, 30, 17, 16, 25, 23, 41, 30, 34, 27, 33, 12, 16, 6, 7, 24, 6, 29, 34, 5, 28, 22]","[0, 0, 0, 0, 0, 0, 0, 0, 0, 0, 0, 0, 0, 0, 0, 0, 0, 0, 0, 0, 0, 0, 0, 1, 0, 0, 0, 0, 0, 0, 0, 0, 0, 0, 0, 0, 0, 0, 0, 0, 0, 0, 0, 0, 0, 0]"
L2_arctic_WAV/LXC_arctic_a0109,"[17, 37, 26, 37, 30, 31, 11, 4, 2, 36, 26, 37, 3, 33, 9, 19, 6, 27, 6, 7, 29, 14, 6, 27, 3, 30, 22, 2, 17, 2, 30, 34, 6, 30, 26, 37]","[17, 37, 26, 37, 30, 8, 4, 2, 26, 37, 3, 9, 5, 27, 6, 7, 29, 14, 6, 27, 8, 30, 22, 2, 17, 2, 30, 34, 6, 30, 26, 37]","[0, 0, 0, 0, 0, 1, 1, 0, 0, 1, 0, 0, 0, 1, 0, 1, 1, 0, 0, 0, 0, 0, 0, 0, 1, 0, 0, 0, 0, 0, 0, 0, 0, 0, 0, 0]"
L2_arctic_WAV/LXC_arctic_a0111,"[6, 30, 34, 36, 5, 17, 24, 25, 18, 8, 6, 30, 17, 24, 1, 41, 30, 17, 4, 19, 6, 19, 6, 36, 28, 14, 6, 27, 36, 37, 24, 12, 7, 23, 33, 25, 35, 6, 28, 17, 33, 2, 30]","[6, 30, 34, 36, 5, 17, 24, 25, 18, 8, 6, 30, 17, 24, 2, 41, 30, 17, 4, 19, 6, 41, 36, 28, 14, 6, 27, 36, 37, 24, 12, 7, 23, 33, 25, 35, 6, 28, 17, 33, 2]","[0, 0, 0, 0, 0, 0, 0, 0, 0, 0, 0, 0, 0, 0, 1, 0, 0, 0, 0, 0, 0, 1, 1, 0, 0, 0, 0, 0, 0, 0, 0, 0, 0, 0, 0, 0, 0, 0, 0, 0, 0, 0, 1]"
L2_arctic_WAV/LXC_arctic_a0112,"[24, 25, 39, 12, 40, 39, 37, 30, 17, 6, 17, 6, 30, 4, 2, 3, 33, 29]","[24, 25, 39, 12, 40, 39, 37, 30, 17, 6, 17, 6, 30, 4, 2, 3, 29]","[0, 0, 0, 0, 0, 0, 0, 0, 0, 0, 0, 0, 0, 0, 0, 0, 1, 0]"
L2_arctic_WAV/LXC_arctic_a0113,"[14, 6, 34, 2, 32, 31, 11, 40, 26, 37, 32, 6, 27, 36, 4, 41, 36, 28, 6, 7, 23, 31, 11, 12, 32, 2, 29, 12, 7, 4, 2, 6, 30, 17, 25, 2, 30, 40]","[14, 6, 34, 2, 32, 8, 34, 26, 37, 32, 6, 27, 28, 41, 28, 28, 6, 7, 23, 8, 12, 32, 2, 29, 12, 7, 28, 2, 6, 30, 17, 25, 2, 34]","[0, 0, 0, 0, 0, 1, 1, 1, 0, 0, 0, 0, 0, 1, 1, 0, 1, 0, 0, 0, 0, 1, 1, 0, 0, 0, 0, 0, 0, 1, 0, 0, 0, 0, 0, 0, 1, 1]"
L2_arctic_WAV/LXC_arctic_a0115,"[24, 25, 24, 41, 17, 30, 31, 11, 6, 27, 34, 27, 26, 37, 34, 22, 8, 33, 4, 2, 22, 25, 28, 6, 7, 40, 24, 39, 6, 35, 39, 1, 1, 14, 11, 40, 17, 6, 30, 24, 6, 29]","[24, 25, 24, 41, 17, 30, 31, 11, 6, 27, 34, 27, 26, 37, 34, 22, 8, 2, 28, 2, 22, 25, 28, 6, 7, 34, 39, 6, 35, 39, 2, 1, 3, 40, 6, 30, 24, 6, 29]","[0, 0, 0, 0, 0, 0, 0, 0, 0, 0, 0, 0, 0, 0, 0, 0, 0, 1, 1, 0, 0, 0, 0, 0, 0, 1, 1, 0, 0, 0, 0, 1, 0, 1, 1, 0, 1, 0, 0, 0, 0, 0]"
L2_arctic_WAV/LXC_arctic_a0116,"[39, 12, 40, 6, 36, 4, 2, 33, 3, 30, 17, 6, 38, 37, 12, 38, 4, 31, 11, 40, 24, 37, 39, 1, 34, 36, 33, 14, 6, 38, 6, 7, 36, 37, 39, 1, 27, 24, 6, 40, 33, 37, 6, 30]","[39, 12, 40, 6, 36, 36, 2, 33, 3, 30, 17, 6, 38, 37, 34, 12, 38, 4, 8, 40, 24, 37, 39, 2, 34, 36, 33, 14, 6, 38, 6, 7, 36, 37, 39, 2, 27, 24, 6, 40, 28, 37, 6, 30]","[0, 0, 0, 0, 0, 1, 0, 0, 0, 0, 0, 0, 0, 0, 0, 0, 0, 1, 1, 0, 0, 0, 0, 1, 0, 0, 0, 0, 0, 0, 0, 0, 0, 0, 0, 1, 0, 0, 0, 0, 1, 0, 0, 0]"
L2_arctic_WAV/LXC_arctic_a0117,"[9, 25, 41, 17, 6, 17, 39, 6, 10, 18, 5, 30, 26, 37, 39, 14, 6, 30, 34, 6, 29, 32, 2, 10, 25, 6, 30, 24, 1, 22, 19, 6, 34, 41, 30, 17, 38, 8, 6, 34]","[9, 25, 41, 17, 6, 39, 6, 34, 18, 5, 30, 21, 6, 39, 34, 6, 29, 32, 2, 10, 25, 6, 30, 24, 2, 22, 19, 6, 34, 41, 30, 17, 38, 8, 6, 34]","[0, 0, 0, 0, 0, 1, 0, 0, 1, 0, 0, 0, 1, 1, 1, 1, 0, 1, 0, 0, 0, 0, 0, 0, 0, 0, 0, 0, 1, 0, 0, 0, 0, 0, 0, 0, 0, 0, 0, 0]"
L2_arctic_WAV/LXC_arctic_a0120,"[29, 14, 6, 33, 14, 6, 36, 22, 11, 36, 22, 25, 28, 40, 28, 14, 6, 27, 4, 41, 36, 12, 38, 2, 35, 14, 6, 30, 25, 40, 17, 5, 16, 26, 2, 36, 3, 30, 36]","[29, 14, 6, 33, 14, 6, 36, 22, 11, 36, 22, 25, 28, 40, 28, 14, 6, 27, 4, 41, 36, 12, 38, 2, 35, 14, 6, 30, 25, 40, 17, 5, 16, 37, 36, 5, 30, 36]","[0, 0, 0, 0, 0, 0, 0, 0, 0, 0, 0, 0, 0, 0, 0, 0, 0, 0, 0, 0, 0, 0, 0, 0, 0, 0, 0, 0, 0, 0, 0, 0, 0, 1, 1, 0, 1, 0, 0]"
L2_arctic_WAV/LXC_arctic_a0121,"[4, 19, 6, 19, 6, 36, 17, 6, 30, 1, 41, 36, 4, 2, 22, 6, 22, 10, 41, 30, 17, 33, 5, 34, 36, 6, 17, 22, 8, 33, 36, 37, 14, 11, 1, 40]","[4, 19, 6, 41, 36, 17, 6, 30, 2, 41, 36, 4, 1, 22, 6, 22, 34, 41, 30, 17, 33, 5, 34, 36, 6, 17, 22, 8, 2, 36, 37, 14, 11, 1, 34]","[0, 0, 0, 1, 1, 0, 0, 0, 0, 1, 0, 0, 0, 1, 0, 0, 0, 1, 0, 0, 0, 0, 0, 0, 0, 0, 0, 0, 0, 1, 0, 0, 0, 0, 0, 1]"
L2_arctic_WAV/LXC_arctic_a0122,"[36, 37, 26, 6, 33, 40, 2, 23, 31, 11, 14, 6, 23, 19, 6, 38, 12, 32, 34, 6, 38, 2, 28, 6, 40, 19, 6, 9, 2, 30, 22, 33, 1, 4, 6, 34]","[36, 37, 26, 6, 2, 40, 2, 23, 31, 11, 14, 6, 23, 25, 38, 12, 32, 34, 6, 38, 2, 28, 14, 6, 40, 19, 6, 9, 2, 30, 22, 33, 28, 6, 34]","[0, 0, 0, 0, 1, 0, 0, 0, 0, 0, 0, 0, 0, 1, 1, 0, 0, 0, 0, 0, 0, 0, 0, 0, 0, 0, 0, 0, 0, 0, 0, 0, 1, 1, 0, 0]"
L2_arctic_WAV/LXC_arctic_a0123,"[9, 25, 24, 41, 17, 17, 14, 6, 17, 22, 33, 12, 29, 27, 31, 11, 28, 17, 41, 30, 17, 34, 36, 3, 33, 38, 19, 6, 9, 2, 30]","[9, 25, 24, 41, 17, 17, 14, 6, 17, 22, 33, 8, 29, 27, 8, 28, 17, 41, 30, 2, 34, 36, 3, 38, 19, 6, 9, 2, 30]","[0, 0, 0, 0, 0, 0, 0, 0, 0, 0, 0, 1, 0, 0, 1, 1, 0, 0, 0, 0, 1, 0, 0, 0, 1, 0, 0, 0, 0, 0, 0]"
L2_arctic_WAV/LXC_arctic_a0125,"[24, 25, 39, 2, 40, 17, 6, 36, 1, 29, 2, 30, 17, 30, 14, 11, 36, 37, 29, 19, 6, 30, 36, 19, 6, 30, 2, 29, 8, 33, 34, 1, 36, 2, 30, 24, 31, 11, 28, 17, 2, 32, 3, 30, 24, 6, 29, 34, 5, 28, 22]","[24, 25, 39, 2, 40, 17, 6, 36, 2, 29, 2, 30, 30, 14, 11, 36, 37, 29, 19, 6, 30, 36, 19, 6, 30, 2, 29, 8, 34, 1, 36, 2, 30, 24, 8, 28, 2, 32, 3, 30, 24, 6, 29, 34, 5, 28, 22]","[0, 0, 0, 0, 0, 0, 0, 0, 1, 0, 0, 0, 1, 0, 0, 0, 0, 0, 0, 0, 0, 0, 0, 0, 0, 0, 0, 0, 0, 1, 0, 0, 0, 0, 0, 0, 1, 1, 0, 1, 0, 0, 0, 0, 0, 0, 0, 0, 0, 0, 0]"
L2_arctic_WAV/LXC_arctic_a0126,"[25, 35, 17, 19, 6, 9, 25, 16, 25, 27, 19, 6, 29, 2, 29, 8, 33, 38, 14, 6, 36, 2, 28, 32, 3, 33, 36, 12, 38, 24, 6, 29]","[25, 35, 17, 19, 6, 9, 25, 16, 25, 27, 19, 6, 29, 2, 29, 8, 38, 14, 6, 36, 2, 28, 32, 3, 36, 12, 22, 24, 25, 29]","[0, 0, 0, 0, 0, 0, 0, 0, 0, 0, 0, 0, 0, 0, 0, 0, 1, 0, 0, 0, 0, 0, 0, 0, 0, 1, 0, 0, 1, 0, 1, 0]"
L2_arctic_WAV/LXC_arctic_a0127,"[6, 36, 39, 12, 40, 2, 36, 5, 29, 36, 19, 6, 9, 2, 30, 16, 12, 36, 24, 25, 33, 25, 40, 6, 34, 36, 6, 17, 6, 36]","[6, 36, 39, 12, 40, 2, 36, 5, 29, 36, 19, 6, 9, 2, 30, 16, 12, 36, 24, 25, 33, 25, 34, 6, 34, 36, 6, 17, 25, 36]","[0, 0, 0, 0, 0, 0, 0, 0, 0, 0, 0, 0, 0, 0, 0, 0, 0, 0, 0, 0, 0, 0, 1, 0, 0, 0, 0, 0, 1, 0]"
L2_arctic_WAV/LXC_arctic_a0128,"[4, 6, 34, 39, 12, 30, 24, 31, 11, 32, 39, 12, 40, 17, 6, 34, 36, 33, 8, 6, 17, 41, 40, 27, 39, 6, 27, 28, 25, 41, 40, 6, 36, 39, 2, 40, 16, 8, 33, 30]","[17, 6, 34, 39, 12, 30, 24, 8, 32, 39, 12, 40, 17, 6, 34, 36, 33, 8, 6, 17, 41, 40, 27, 39, 6, 27, 28, 25, 41, 40, 36, 39, 2, 34, 16, 8, 30]","[1, 0, 0, 0, 0, 0, 0, 1, 1, 0, 0, 0, 0, 0, 0, 0, 0, 0, 0, 0, 0, 0, 0, 0, 0, 0, 0, 0, 0, 0, 0, 1, 0, 0, 0, 1, 0, 0, 1, 0]"
L2_arctic_WAV/LXC_arctic_a0129,"[24, 1, 22, 19, 6, 34, 39, 12, 40, 2, 23, 5, 30, 34, 36, 24, 6, 40, 16, 33, 5, 34, 36]","[24, 2, 22, 19, 6, 34, 39, 12, 40, 2, 23, 5, 30, 34, 36, 24, 6, 40, 16, 33, 5, 34, 36]","[0, 1, 0, 0, 0, 0, 0, 0, 0, 0, 0, 0, 0, 0, 0, 0, 0, 0, 0, 0, 0, 0, 0]"
L2_arctic_WAV/LXC_arctic_a0130,"[9, 25, 39, 12, 40, 24, 6, 40, 30, 14, 11, 22, 1, 5, 38, 1]","[9, 25, 39, 12, 34, 24, 6, 34, 30, 14, 11, 22, 1, 5, 38, 1]","[0, 0, 0, 0, 1, 0, 0, 1, 0, 0, 0, 0, 0, 0, 0, 0]"
L2_arctic_WAV/LXC_arctic_a0131,"[32, 33, 3, 38, 2, 17, 2, 30, 34, 24, 41, 17, 17, 6, 28, 6, 38, 1, 17, 24, 6, 29, 10, 33, 37, 4, 2, 29, 19, 6, 28, 34, 36, 33, 2, 29]","[32, 33, 3, 38, 2, 17, 2, 30, 34, 24, 41, 17, 6, 28, 6, 38, 1, 17, 24, 6, 29, 10, 8, 28, 2, 29, 19, 6, 28, 34, 36, 33, 8, 29]","[0, 0, 0, 0, 0, 0, 0, 0, 0, 0, 0, 1, 0, 0, 0, 0, 0, 0, 0, 0, 0, 0, 0, 1, 1, 1, 0, 0, 0, 0, 0, 0, 0, 0, 1, 0]"
L2_arctic_WAV/LXC_arctic_a0134,"[24, 25, 31, 11, 16, 19, 6, 17, 4, 2, 32, 33, 5, 9, 1, 12, 38, 24, 1, 24, 41, 30, 17]","[24, 25, 12, 16, 19, 6, 17, 17, 2, 32, 33, 5, 9, 2, 12, 38, 24, 2, 24, 41, 30]","[0, 0, 1, 1, 0, 0, 0, 0, 1, 0, 0, 0, 0, 0, 1, 0, 0, 0, 1, 0, 0, 0, 1]"
L2_arctic_WAV/LXC_arctic_a0136,"[2, 16, 14, 11, 36, 24, 6, 29, 5, 38, 33, 25, 39, 5, 33, 39, 1, 4, 2, 5, 38, 2, 17, 2, 30, 34, 2, 40, 12, 38, 28, 12, 23, 13, 1, 25, 41, 30, 17, 12, 38, 19, 6, 18]","[2, 16, 3, 36, 24, 6, 5, 38, 33, 25, 38, 5, 28, 39, 2, 4, 2, 41, 38, 2, 17, 2, 30, 34, 6, 40, 12, 38, 28, 12, 27, 13, 1, 25, 41, 30, 12, 38, 19, 6, 35]","[0, 0, 1, 1, 0, 0, 0, 1, 0, 0, 0, 0, 1, 0, 1, 0, 1, 0, 0, 1, 0, 0, 0, 0, 0, 0, 1, 0, 0, 0, 0, 0, 1, 0, 0, 0, 0, 0, 1, 0, 0, 0, 0, 1]"
L2_arctic_WAV/LXC_arctic_a0137,"[4, 5, 30, 24, 25, 34, 36, 5, 32, 36, 16, 41, 27, 39, 6, 10, 2, 28, 31, 11, 27, 33, 14, 6, 12, 38, 32, 28, 5, 13, 1]","[4, 5, 24, 25, 34, 36, 5, 32, 36, 16, 41, 27, 39, 6, 10, 2, 28, 31, 11, 27, 33, 14, 6, 12, 38, 32, 33, 5, 9, 2]","[0, 0, 1, 0, 0, 0, 0, 0, 0, 0, 0, 0, 0, 0, 0, 0, 0, 0, 0, 0, 0, 0, 0, 0, 0, 0, 0, 1, 0, 1, 1]"
L2_arctic_WAV/LXC_arctic_a0139,"[24, 25, 36, 31, 11, 28, 17, 24, 6, 29, 34, 5, 28, 22, 4, 2, 36, 41, 40, 24, 25, 39, 3, 9, 36, 24, 6, 29, 34, 5, 28, 22, 41, 30, 17, 23, 33, 37, 29, 17, 24, 6, 40, 17, 6, 9, 5, 38, 2, 28, 17, 27, 28, 31, 11, 40]","[24, 25, 36, 31, 11, 17, 24, 6, 29, 34, 5, 28, 22, 4, 28, 5, 41, 34, 24, 25, 39, 3, 9, 36, 24, 6, 29, 34, 5, 28, 22, 41, 30, 2, 23, 33, 37, 29, 17, 24, 6, 34, 17, 6, 9, 5, 28, 2, 22, 17, 27, 28, 31, 11, 34]","[0, 0, 0, 0, 0, 1, 0, 0, 0, 0, 0, 0, 0, 0, 0, 1, 1, 0, 1, 0, 0, 0, 0, 0, 0, 0, 0, 0, 0, 0, 0, 0, 0, 0, 1, 0, 0, 0, 0, 0, 0, 0, 1, 0, 0, 0, 0, 1, 0, 1, 0, 0, 0, 0, 0, 1]"
L2_arctic_WAV/LXC_arctic_a0225,"[14, 6, 39, 12, 40, 16, 33, 8, 36, 12, 32, 4, 2, 39, 19, 6, 29, 31, 11, 34, 36, 23, 1, 28, 40, 6, 30, 24, 2, 39, 14, 6, 25, 3, 33, 16, 33, 8, 36, 12, 32]","[14, 6, 39, 12, 34, 16, 33, 8, 36, 3, 32, 17, 2, 39, 19, 6, 29, 31, 11, 34, 36, 23, 1, 34, 6, 7, 24, 2, 39, 14, 6, 3, 16, 33, 8, 36, 3, 32]","[0, 0, 0, 0, 1, 0, 0, 0, 0, 1, 0, 1, 0, 0, 0, 0, 0, 0, 0, 0, 0, 0, 0, 1, 1, 0, 1, 0, 0, 0, 0, 0, 1, 0, 1, 0, 0, 0, 0, 1, 0]"
L2_arctic_WAV/LXC_arctic_a0245,"[14, 11, 36, 12, 38, 24, 6, 40, 19, 6, 36, 25, 30, 24, 12, 30, 17, 33, 2, 17, 24, 25, 28, 19, 6, 17, 2, 34, 14, 6, 17, 34, 6, 27, 34, 36, 25, 30, 24, 12, 30, 17, 33, 2, 17, 25, 35, 26, 6, 33]","[14, 11, 36, 12, 38, 24, 6, 40, 19, 6, 36, 25, 7, 24, 12, 7, 17, 33, 6, 24, 25, 28, 19, 6, 17, 2, 34, 14, 6, 17, 34, 6, 27, 34, 36, 25, 7, 24, 12, 7, 17, 33, 6, 25, 35, 26, 6, 33]","[0, 0, 0, 0, 0, 0, 0, 0, 0, 0, 0, 0, 1, 0, 0, 1, 0, 0, 1, 1, 0, 0, 0, 0, 0, 0, 0, 0, 0, 0, 0, 0, 0, 0, 0, 0, 0, 1, 0, 0, 1, 0, 0, 1, 1, 0, 0, 0, 0, 0]"
L2_arctic_WAV/LXC_arctic_a0335,"[33, 5, 17, 14, 6, 34, 39, 12, 7, 16, 41, 27, 41, 30, 17, 22, 8, 33, 10, 8, 30, 4, 2, 16, 33, 41, 30, 35, 22, 3, 33, 4, 1, 17, 14, 11, 30]","[33, 5, 36, 14, 6, 34, 39, 12, 29, 16, 41, 27, 41, 30, 17, 2, 22, 8, 10, 8, 7, 28, 2, 16, 33, 41, 30, 35, 22, 3, 4, 1, 17, 8, 7]","[0, 0, 1, 0, 0, 0, 0, 0, 1, 0, 0, 0, 0, 0, 0, 0, 0, 1, 0, 0, 1, 1, 0, 0, 0, 0, 0, 0, 0, 0, 1, 0, 0, 0, 1, 1, 1]"
L2_arctic_WAV/NCC_arctic_a0003,"[22, 33, 1, 4, 2, 36, 39, 5, 30, 36, 25, 2, 10, 36, 14, 6, 29, 4, 41, 36, 25, 38, 30, 6, 7, 4, 2, 36, 37, 29, 5, 30, 9, 11, 27, 24, 41, 30, 40]","[22, 33, 1, 17, 2, 36, 39, 5, 30, 36, 25, 2, 10, 36, 14, 6, 29, 17, 41, 36, 25, 38, 28, 6, 7, 17, 2, 36, 37, 29, 5, 30, 9, 11, 27, 24, 41, 30, 34]","[0, 0, 0, 1, 0, 0, 0, 0, 0, 0, 0, 0, 0, 0, 0, 0, 0, 1, 0, 0, 0, 0, 1, 0, 0, 1, 0, 0, 0, 0, 0, 0, 0, 0, 0, 0, 0, 0, 1]"
L2_arctic_WAV/NCC_arctic_a0005,"[39, 6, 28, 39, 25, 5, 38, 1, 22, 1, 23, 5, 36, 6, 36]","[39, 6, 39, 39, 25, 5, 38, 1, 22, 1, 23, 5, 36, 6, 36]","[0, 0, 1, 0, 0, 0, 0, 0, 0, 0, 0, 0, 0, 0, 0]"
L2_arctic_WAV/NCC_arctic_a0006,"[23, 3, 17, 16, 28, 5, 34, 2, 29, 14, 6, 24, 31, 11, 32, 14, 6, 28, 23, 31, 11, 3, 30, 34, 25, 6, 7, 4, 5, 29, 22, 1, 5, 38, 1]","[23, 3, 17, 16, 28, 5, 34, 2, 29, 14, 6, 24, 31, 11, 32, 14, 6, 28, 23, 31, 11, 3, 30, 34, 25, 6, 7, 17, 5, 29, 22, 1, 5, 38, 1]","[0, 0, 0, 0, 0, 0, 0, 0, 0, 0, 0, 0, 0, 0, 0, 0, 0, 0, 0, 0, 0, 0, 0, 0, 0, 0, 0, 1, 0, 0, 0, 0, 0, 0, 0]"
L2_arctic_WAV/NCC_arctic_a0007,"[41, 30, 17, 26, 37, 8, 28, 39, 25, 40, 39, 3, 30, 36, 36, 6, 34, 25, 6, 36, 6, 30, 4, 2, 34, 11, 32, 1, 28, 2, 36, 6, 38, 17, 6, 23, 33, 25]","[41, 30, 17, 26, 37, 8, 39, 25, 34, 39, 3, 30, 36, 36, 6, 34, 25, 6, 36, 6, 30, 17, 2, 34, 11, 32, 1, 28, 19, 6, 36, 6, 38, 17, 6, 23, 33, 25]","[0, 0, 0, 0, 0, 0, 1, 0, 0, 1, 0, 0, 0, 0, 0, 0, 0, 0, 0, 0, 0, 0, 1, 0, 0, 0, 0, 0, 0, 1, 0, 0, 0, 0, 0, 0, 0, 0]"
L2_arctic_WAV/NCC_arctic_a0008,"[23, 41, 17, 26, 8, 33, 28, 5, 36, 1, 27, 19, 6, 29, 18, 12, 34, 36, 6, 30, 36, 14, 6, 29]","[23, 41, 17, 26, 8, 33, 28, 5, 36, 1, 27, 19, 6, 29, 18, 12, 34, 36, 6, 7, 36, 14, 6, 29]","[0, 0, 0, 0, 0, 0, 0, 0, 0, 0, 0, 0, 0, 0, 0, 0, 0, 0, 0, 1, 0, 0, 0, 0]"
L2_arctic_WAV/NCC_arctic_a0010,"[14, 6, 29, 32, 28, 19, 6, 6, 7, 2, 34, 6, 7, 23, 2, 28, 24, 41, 30, 17, 6, 30, 39, 12, 36, 28, 11, 27, 34, 28, 14, 6, 27, 2, 28, 37, 40, 6, 7, 23, 19, 6, 29]","[14, 6, 29, 32, 28, 19, 6, 6, 7, 2, 34, 6, 7, 23, 2, 39, 24, 41, 30, 17, 6, 30, 39, 12, 36, 28, 11, 27, 34, 28, 14, 6, 27, 2, 28, 37, 40, 6, 7, 23, 19, 6, 29]","[0, 0, 0, 0, 0, 0, 0, 0, 0, 0, 0, 0, 0, 0, 0, 1, 0, 0, 0, 0, 0, 0, 0, 0, 0, 0, 0, 0, 0, 0, 0, 0, 0, 0, 0, 0, 0, 0, 0, 0, 0, 0, 0]"
L2_arctic_WAV/NCC_arctic_a0011,"[6, 22, 14, 6, 5, 38, 1, 30, 25, 17, 6, 17, 2, 22, 14, 6, 36, 1, 6, 30, 29, 14, 6, 28, 14, 6, 22, 14, 6, 30, 25, 17, 39, 12, 30, 30, 14, 11]","[6, 22, 14, 6, 5, 38, 1, 30, 25, 17, 6, 17, 2, 22, 14, 6, 36, 1, 6, 30, 29, 14, 6, 28, 14, 6, 22, 14, 6, 30, 25, 17, 39, 12, 30, 30, 14, 11]","[0, 0, 0, 0, 0, 0, 0, 0, 0, 0, 0, 0, 0, 0, 0, 0, 0, 0, 0, 0, 0, 0, 0, 0, 0, 0, 0, 0, 0, 0, 0, 0, 0, 0, 0, 0, 0, 0]"
L2_arctic_WAV/NCC_arctic_a0013,"[24, 25, 39, 12, 40, 2, 24, 5, 17, 9, 8, 33, 36, 1, 4, 41, 30, 24, 6, 40, 27, 2, 29, 32, 41, 30, 26, 2, 30, 12, 38, 8, 28, 29, 31, 11, 34, 36, 17, 5, 28, 2, 27, 2, 36, 22, 2, 40, 25, 27]","[24, 25, 39, 12, 40, 2, 24, 5, 17, 9, 8, 33, 36, 1, 4, 41, 30, 24, 6, 40, 27, 2, 29, 32, 41, 30, 26, 2, 30, 8, 38, 8, 28, 29, 31, 11, 34, 36, 17, 5, 28, 2, 27, 19, 6, 36, 22, 2, 40, 6, 27]","[0, 0, 0, 0, 0, 0, 0, 0, 0, 0, 0, 0, 0, 0, 0, 0, 0, 0, 0, 0, 0, 0, 0, 0, 0, 0, 0, 0, 0, 1, 0, 0, 0, 0, 0, 0, 0, 0, 0, 0, 0, 0, 0, 1, 0, 0, 0, 0, 1, 0]"
L2_arctic_WAV/NCC_arctic_a0018,"[4, 5, 33, 39, 12, 40, 2, 35, 19, 6, 30, 18, 30, 14, 11]","[17, 5, 33, 39, 12, 40, 2, 35, 19, 6, 30, 18, 30, 14, 11]","[1, 0, 0, 0, 0, 0, 0, 0, 0, 0, 0, 0, 0, 0, 0]"
L2_arctic_WAV/NCC_arctic_a0019,"[14, 6, 22, 3, 28, 31, 11, 17, 4, 2, 28, 14, 6, 30, 12, 38, 4, 12, 32, 33, 2, 32, 31, 11, 40, 17, 33, 19, 6, 28, 33, 31, 11, 17, 28, 11, 27, 6, 7, 22, 8, 33, 35, 41, 30, 34, 6, 40]","[14, 6, 22, 3, 28, 31, 11, 17, 2, 17, 2, 28, 14, 6, 30, 12, 38, 17, 12, 32, 33, 2, 32, 31, 11, 40, 17, 33, 19, 6, 39, 33, 31, 11, 17, 28, 11, 27, 6, 7, 22, 8, 33, 35, 41, 30, 34, 6, 34]","[0, 0, 0, 0, 0, 0, 0, 0, 1, 0, 0, 0, 0, 0, 0, 0, 1, 0, 0, 0, 0, 0, 0, 0, 0, 0, 0, 0, 0, 1, 0, 0, 0, 0, 0, 0, 0, 0, 0, 0, 0, 0, 0, 0, 0, 0, 0, 1]"
L2_arctic_WAV/NCC_arctic_a0020,"[27, 28, 12, 16, 40, 41, 30, 17, 16, 8, 28, 40, 41, 30, 17, 34, 6, 36, 25, 40, 23, 33, 37, 36, 37, 16, 25, 31, 11, 30, 28, 25, 29, 5, 29, 1, 25, 40]","[27, 28, 41, 16, 34, 41, 30, 17, 16, 8, 34, 41, 30, 17, 34, 6, 28, 25, 34, 23, 33, 37, 36, 37, 16, 25, 31, 11, 7, 28, 25, 29, 5, 29, 1, 25, 40]","[0, 0, 1, 0, 1, 0, 0, 0, 0, 0, 1, 1, 0, 0, 0, 0, 0, 1, 0, 1, 0, 0, 0, 0, 0, 0, 0, 0, 0, 1, 0, 0, 0, 0, 0, 0, 0, 0]"
L2_arctic_WAV/NCC_arctic_a0021,"[6, 36, 22, 5, 33, 28, 25, 27, 28, 12, 16, 17, 29, 25, 6, 30, 36, 37, 33, 5, 27, 2, 23, 30, 14, 6, 40, 6, 7, 6, 36]","[6, 36, 22, 5, 33, 28, 25, 27, 28, 3, 16, 17, 29, 25, 6, 30, 36, 37, 33, 5, 27, 8, 23, 30, 14, 6, 40, 6, 7, 6, 36]","[0, 0, 0, 0, 0, 0, 0, 0, 0, 1, 0, 0, 0, 0, 0, 0, 0, 0, 0, 0, 0, 1, 0, 0, 0, 0, 0, 0, 0, 0, 0]"
L2_arctic_WAV/NCC_arctic_a0022,"[24, 3, 33, 17, 28, 25, 39, 1, 3, 33, 32, 28, 41, 30, 40, 29, 19, 6, 17, 32, 12, 16, 28, 6, 27, 16, 25, 22, 8, 33, 39, 25, 39, 1, 29, 5, 36, 16, 14, 6, 32, 14, 11, 1, 22, 2, 28, 3, 32, 2, 40, 6, 9, 2, 30]","[24, 3, 33, 17, 2, 28, 25, 39, 1, 3, 33, 32, 28, 41, 30, 34, 29, 19, 6, 17, 32, 3, 16, 28, 6, 27, 16, 25, 22, 8, 33, 39, 25, 39, 1, 29, 5, 36, 16, 14, 6, 32, 14, 11, 1, 22, 2, 28, 3, 32, 2, 40, 6, 9, 2, 30]","[0, 0, 0, 0, 0, 0, 0, 0, 0, 0, 0, 0, 0, 0, 1, 0, 0, 0, 0, 0, 1, 0, 0, 0, 0, 0, 0, 0, 0, 0, 0, 0, 0, 0, 0, 0, 0, 0, 0, 0, 0, 0, 0, 0, 0, 0, 0, 0, 0, 0, 0, 0, 0, 0, 0]"
L2_arctic_WAV/NCC_arctic_a0023,"[2, 27, 3, 29, 16, 2, 30, 19, 6, 9, 2, 30, 12, 38, 27, 2, 30, 19, 6, 17, 25, 2, 30, 27, 41, 32, 2, 36, 2, 28, 27, 39, 6, 27, 28, 25, 8, 33, 23, 2, 30, 14, 6, 40, 17, 41, 30, 17, 32, 2, 36, 6, 9, 2, 30, 17, 22, 8, 33, 4, 2, 34, 19, 6, 29, 32, 33, 6, 38, 6, 28, 6, 18, 6, 40]","[2, 27, 3, 29, 16, 2, 30, 19, 6, 9, 2, 30, 12, 38, 27, 2, 28, 19, 6, 17, 25, 2, 30, 27, 41, 32, 2, 36, 2, 39, 27, 39, 6, 27, 28, 25, 8, 33, 23, 2, 30, 14, 6, 34, 36, 41, 30, 17, 32, 2, 36, 6, 9, 2, 30, 17, 22, 8, 33, 17, 2, 34, 6, 29, 32, 33, 6, 38, 6, 28, 6, 18, 6, 34]","[0, 0, 0, 0, 0, 0, 0, 0, 0, 0, 0, 0, 0, 0, 0, 0, 1, 0, 0, 0, 0, 0, 0, 0, 0, 0, 0, 0, 0, 1, 0, 0, 0, 0, 0, 0, 0, 0, 0, 0, 0, 0, 0, 1, 1, 0, 0, 0, 0, 0, 0, 0, 0, 0, 0, 0, 0, 0, 0, 1, 0, 0, 1, 0, 0, 0, 0, 0, 0, 0, 0, 0, 0, 0, 1]"
L2_arctic_WAV/NCC_arctic_a0024,"[6, 36, 39, 12, 40, 29, 14, 6, 33, 6, 32, 8, 33, 36, 34, 22, 33, 12, 29, 4, 2, 30, 8, 33, 10, 39, 6, 35, 35, 25, 22, 28, 25, 6, 30, 17, 37, 34, 36, 32, 25, 32, 2, 28, 36, 37, 16, 14, 6]","[6, 36, 39, 12, 40, 29, 14, 6, 33, 6, 32, 8, 33, 36, 34, 22, 33, 12, 30, 17, 2, 30, 8, 33, 10, 39, 6, 35, 35, 6, 22, 28, 25, 6, 30, 17, 37, 34, 36, 32, 25, 32, 2, 36, 37, 16, 14, 6]","[0, 0, 0, 0, 0, 0, 0, 0, 0, 0, 0, 0, 0, 0, 0, 0, 0, 0, 1, 1, 0, 0, 0, 0, 0, 0, 0, 0, 0, 1, 0, 0, 0, 0, 0, 0, 0, 0, 0, 0, 0, 0, 0, 1, 0, 0, 0, 0, 0]"
L2_arctic_WAV/NCC_arctic_a0025,"[14, 6, 39, 12, 40, 2, 16, 14, 11, 36, 36, 6, 17, 37, 4, 6, 34, 24, 39, 5, 30, 27, 37, 28, 1, 18, 12, 18, 29, 2, 30, 36, 32, 33, 6, 38, 19, 6, 28, 17]","[14, 6, 39, 12, 40, 2, 16, 14, 11, 36, 36, 6, 17, 37, 17, 6, 34, 24, 39, 5, 30, 27, 37, 17, 1, 18, 12, 18, 29, 2, 30, 36, 32, 33, 6, 38, 19, 6, 28, 36]","[0, 0, 0, 0, 0, 0, 0, 0, 0, 0, 0, 0, 0, 0, 1, 0, 0, 0, 0, 0, 0, 0, 0, 1, 0, 0, 0, 0, 0, 0, 0, 0, 0, 0, 0, 0, 0, 0, 0, 1]"
L2_arctic_WAV/NCC_arctic_a0026,"[6, 36, 2, 27, 1, 17, 36, 6, 29, 25, 4, 41, 36, 4, 5, 33, 39, 11, 17, 24, 41, 38, 36, 37, 16, 25, 41, 30, 2, 27, 14, 11, 30, 36, 6, 7]","[6, 36, 2, 27, 1, 17, 36, 6, 29, 25, 17, 41, 36, 4, 5, 33, 11, 17, 24, 41, 38, 36, 37, 16, 25, 41, 30, 2, 27, 8, 30, 36, 6, 7]","[0, 0, 0, 0, 0, 0, 0, 0, 0, 0, 1, 0, 0, 0, 0, 0, 1, 0, 0, 0, 0, 0, 0, 0, 0, 0, 0, 0, 0, 0, 1, 1, 0, 0, 0, 0]"
L2_arctic_WAV/NCC_arctic_a0027,"[36, 37, 29, 14, 6, 34, 2, 32, 33, 14, 6, 40, 24, 25, 16, 25, 23, 41, 30, 36, 37, 9, 31, 11, 41, 27, 9, 2, 28, 6, 30, 10, 37, 40, 25, 41, 40, 2, 29, 6, 30, 29, 14, 6, 22, 19, 6, 38, 1]","[36, 37, 29, 14, 6, 34, 2, 32, 33, 14, 6, 40, 24, 25, 16, 25, 23, 41, 30, 36, 37, 9, 31, 11, 41, 27, 9, 2, 39, 6, 30, 34, 37, 17, 25, 41, 40, 2, 29, 6, 30, 29, 14, 6, 22, 19, 6, 38, 1]","[0, 0, 0, 0, 0, 0, 0, 0, 0, 0, 0, 0, 0, 0, 0, 0, 0, 0, 0, 0, 0, 0, 0, 0, 0, 0, 0, 0, 1, 0, 0, 1, 0, 1, 0, 0, 0, 0, 0, 0, 0, 0, 0, 0, 0, 0, 0, 0, 0]"
L2_arctic_WAV/NCC_arctic_a0028,"[33, 3, 16, 1, 25, 16, 33, 14, 6, 16, 1, 25, 22, 33, 8, 17]","[33, 3, 16, 1, 25, 16, 33, 14, 6, 16, 1, 25, 22, 33, 8, 17]","[0, 0, 0, 0, 0, 0, 0, 0, 0, 0, 0, 0, 0, 0, 0, 0]"
L2_arctic_WAV/NCC_arctic_a0029,"[4, 5, 33, 22, 8, 33, 34, 6, 40, 39, 1, 8, 28, 33, 5, 17, 25, 29, 37, 38, 6, 7, 6, 30, 36, 37, 4, 25, 30, 8, 33, 10, 27, 12, 30, 36, 33, 25]","[17, 5, 33, 22, 8, 33, 34, 6, 34, 39, 1, 8, 28, 33, 5, 17, 25, 29, 37, 38, 6, 7, 6, 30, 36, 37, 17, 25, 30, 8, 33, 36, 27, 3, 30, 36, 33, 25]","[1, 0, 0, 0, 0, 0, 0, 0, 1, 0, 0, 0, 0, 0, 0, 0, 0, 0, 0, 0, 0, 0, 0, 0, 0, 0, 1, 0, 0, 0, 0, 1, 0, 1, 0, 0, 0, 0]"
L2_arctic_WAV/NCC_arctic_a0030,"[14, 6, 24, 41, 17, 22, 19, 6, 10, 6, 30, 4, 2, 29]","[14, 6, 24, 41, 17, 22, 19, 6, 36, 6, 30, 4, 2, 29]","[0, 0, 0, 0, 0, 0, 0, 0, 1, 0, 0, 0, 0, 0]"
L2_arctic_WAV/NCC_arctic_a0031,"[4, 19, 6, 39, 1, 10, 33, 25, 24, 12, 30, 17, 33, 2, 17, 26, 3, 33, 17, 40, 2, 32, 3, 33, 36]","[17, 19, 6, 39, 1, 10, 33, 25, 24, 12, 30, 17, 33, 19, 6, 26, 3, 33, 17, 34, 2, 32, 3, 33, 36]","[1, 0, 0, 0, 0, 0, 0, 0, 0, 0, 0, 0, 0, 1, 1, 0, 0, 0, 0, 1, 0, 0, 0, 0, 0]"
L2_arctic_WAV/NCC_arctic_a0032,"[34, 6, 30, 34, 4, 5, 30, 34, 12, 29, 29, 6, 34, 36, 6, 33, 25, 2, 34, 22, 8, 33, 34, 24, 41, 40, 16, 6, 30, 22, 14, 6, 36, 6, 7, 12, 34, 41, 36, 5, 38, 33, 25, 34, 36, 5, 32]","[34, 25, 30, 34, 17, 5, 7, 34, 12, 29, 29, 6, 34, 36, 6, 33, 25, 2, 34, 22, 8, 33, 34, 24, 41, 40, 16, 25, 30, 22, 14, 6, 36, 6, 7, 12, 34, 41, 36, 5, 38, 33, 25, 34, 36, 5, 32]","[0, 1, 0, 0, 1, 0, 1, 0, 0, 0, 0, 0, 0, 0, 0, 0, 0, 0, 0, 0, 0, 0, 0, 0, 0, 0, 0, 1, 0, 0, 0, 0, 0, 0, 0, 0, 0, 0, 0, 0, 0, 0, 0, 0, 0, 0, 0]"
L2_arctic_WAV/NCC_arctic_a0036,"[9, 25, 36, 1, 30, 17, 6, 30, 41, 36, 4, 2, 24, 31, 11, 36, 5, 28]","[9, 25, 36, 1, 30, 17, 25, 7, 41, 36, 28, 2, 24, 31, 11, 36, 5, 39]","[0, 0, 0, 0, 0, 0, 1, 1, 0, 0, 1, 0, 0, 0, 0, 0, 0, 1]"
L2_arctic_WAV/NCC_arctic_a0037,"[14, 6, 39, 12, 40, 4, 2, 31, 11, 30, 28, 25, 39, 12, 30, 24, 37, 33, 6, 29, 19, 6, 30, 17, 34, 25, 36, 6, 7]","[14, 6, 39, 12, 40, 17, 2, 31, 11, 30, 28, 25, 39, 12, 7, 24, 37, 33, 6, 29, 19, 6, 30, 17, 34, 6, 36, 6, 7]","[0, 0, 0, 0, 0, 1, 0, 0, 0, 0, 0, 0, 0, 0, 1, 0, 0, 0, 0, 0, 0, 0, 0, 0, 0, 1, 0, 0, 0]"
L2_arctic_WAV/NCC_arctic_a0038,"[39, 6, 28, 24, 41, 38, 36, 37, 39, 3, 35, 3, 33, 35, 41, 30, 34, 6, 40]","[39, 6, 39, 24, 41, 38, 36, 37, 39, 2, 35, 3, 33, 35, 41, 30, 34, 6, 34]","[0, 0, 1, 0, 0, 0, 0, 0, 0, 1, 0, 0, 0, 0, 0, 0, 0, 0, 1]"
L2_arctic_WAV/NCC_arctic_a0039,"[4, 2, 9, 6, 32, 9, 11, 17, 16, 25, 6, 30, 39, 6, 10, 6, 30, 2, 39, 25, 27, 8, 33, 36, 5, 30, 17, 19, 6, 40]","[17, 2, 9, 6, 32, 9, 11, 17, 16, 25, 25, 7, 39, 6, 10, 25, 7, 2, 39, 25, 27, 8, 33, 36, 5, 30, 17, 19, 6, 34]","[1, 0, 0, 0, 0, 0, 0, 0, 0, 0, 1, 1, 0, 0, 0, 1, 1, 0, 0, 0, 0, 0, 0, 0, 0, 0, 0, 0, 0, 1]"
L2_arctic_WAV/NCC_arctic_a0040,"[14, 6, 34, 2, 32, 31, 11, 40, 26, 37, 39, 12, 30, 17, 1, 39, 14, 6, 9, 25, 6, 40, 27, 12, 29, 6, 7, 12, 32, 24, 25, 33]","[14, 6, 34, 2, 32, 31, 11, 40, 26, 37, 39, 12, 30, 17, 1, 39, 14, 6, 9, 25, 6, 40, 27, 12, 29, 25, 7, 12, 32, 24, 25, 33]","[0, 0, 0, 0, 0, 0, 0, 0, 0, 0, 0, 0, 0, 0, 0, 0, 0, 0, 0, 0, 0, 0, 0, 0, 0, 1, 0, 0, 0, 0, 0, 0]"
L2_arctic_WAV/NCC_arctic_a0041,"[29, 25, 30, 39, 14, 6, 28, 14, 6, 28, 23, 31, 11, 14, 11, 36, 36, 37, 16, 33, 25, 4, 2, 34, 32, 5, 28]","[29, 25, 7, 39, 14, 6, 39, 14, 6, 39, 23, 31, 11, 14, 11, 36, 36, 37, 16, 33, 5, 4, 2, 34, 32, 5, 39]","[0, 0, 1, 0, 0, 0, 1, 0, 0, 1, 0, 0, 0, 0, 0, 0, 0, 0, 0, 0, 1, 0, 0, 0, 0, 0, 1]"
L2_arctic_WAV/NCC_arctic_a0042,"[24, 14, 11, 27, 11, 17, 24, 25, 6, 27, 34, 32, 28, 19, 6, 30, 24, 6, 40, 32, 2, 40, 5, 9, 2, 30, 12, 38, 4, 2, 34, 27, 5, 35]","[24, 14, 11, 27, 11, 17, 24, 25, 6, 27, 34, 32, 33, 19, 6, 30, 24, 6, 40, 32, 2, 40, 5, 9, 2, 30, 12, 38, 4, 2, 34, 27, 5, 35]","[0, 0, 0, 0, 0, 0, 0, 0, 0, 0, 0, 0, 1, 0, 0, 0, 0, 0, 0, 0, 0, 0, 0, 0, 0, 0, 0, 0, 0, 0, 0, 0, 0, 0]"
L2_arctic_WAV/NCC_arctic_a0045,"[24, 25, 29, 37, 38, 17, 2, 39, 19, 6, 41, 40, 27, 39, 14, 6, 2, 36, 28, 25, 41, 40, 24, 25, 24, 41, 17, 27, 12, 29]","[24, 25, 29, 37, 38, 17, 2, 39, 19, 6, 41, 34, 27, 39, 6, 27, 28, 25, 41, 40, 24, 25, 24, 41, 17, 27, 12, 29]","[0, 0, 0, 0, 0, 0, 0, 0, 0, 0, 0, 1, 0, 0, 1, 0, 1, 1, 0, 0, 0, 0, 0, 0, 0, 0, 0, 0, 0, 0]"
L2_arctic_WAV/NCC_arctic_a0046,"[4, 2, 23, 1, 28, 22, 19, 6, 34, 36, 24, 6, 29, 24, 1, 14, 6, 40, 9, 14, 6, 30, 6, 7, 39, 6, 10, 34, 12, 17, 2, 30, 22, 6, 33]","[17, 2, 23, 1, 28, 22, 5, 34, 36, 24, 6, 29, 24, 1, 14, 6, 40, 9, 6, 30, 6, 7, 39, 6, 34, 34, 12, 17, 2, 30, 22, 6, 33]","[1, 0, 0, 0, 0, 0, 1, 1, 0, 0, 0, 0, 0, 0, 0, 0, 0, 0, 0, 1, 0, 0, 0, 0, 0, 0, 1, 0, 0, 0, 0, 0, 0, 0, 0]"
L2_arctic_WAV/NCC_arctic_a0047,"[27, 28, 31, 11, 34, 16, 25, 34, 14, 6, 17, 24, 6, 29, 23, 28, 25, 29, 17, 4, 12, 39, 14, 6, 36, 22, 41, 7, 40, 12, 38, 4, 2, 39, 11, 28, 22, 17, 8, 23]","[27, 33, 31, 11, 34, 16, 25, 34, 14, 6, 17, 24, 6, 29, 23, 28, 25, 29, 17, 17, 12, 39, 14, 6, 36, 22, 41, 7, 40, 12, 38, 17, 2, 11, 28, 22, 17, 8, 27]","[0, 1, 0, 0, 0, 0, 0, 0, 0, 0, 0, 0, 0, 0, 0, 0, 0, 0, 0, 1, 0, 0, 0, 0, 0, 0, 0, 0, 0, 0, 0, 1, 0, 1, 0, 0, 0, 0, 0, 1]"
L2_arctic_WAV/NCC_arctic_a0048,"[24, 25, 28, 11, 27, 36, 41, 36, 4, 2, 24, 41, 7, 27, 1, 35, 6, 22, 29, 8, 33, 27, 28, 31, 11, 34, 28, 25]","[24, 25, 28, 11, 27, 36, 41, 36, 17, 2, 24, 41, 7, 27, 1, 35, 6, 22, 29, 8, 33, 27, 28, 31, 11, 34, 28, 25]","[0, 0, 0, 0, 0, 0, 0, 0, 1, 0, 0, 0, 0, 0, 0, 0, 0, 0, 0, 0, 0, 0, 0, 0, 0, 0, 0, 0]"
L2_arctic_WAV/NCC_arctic_a0051,"[4, 2, 28, 19, 6, 34, 39, 8, 40, 12, 38, 2, 17, 5, 28, 2, 27, 2, 36, 14, 6, 38, 1, 25, 27, 12, 28, 1, 22, 19, 6, 30, 36, 28, 25, 36, 6, 30, 36, 6, 17, 39, 6, 10, 26, 5, 28, 31, 11]","[17, 2, 28, 41, 34, 39, 8, 40, 12, 38, 2, 17, 5, 28, 2, 27, 19, 6, 36, 14, 6, 38, 1, 25, 27, 12, 28, 1, 22, 19, 6, 30, 36, 15, 28, 25, 36, 25, 7, 36, 39, 6, 34, 26, 5, 28, 31, 11]","[1, 0, 0, 1, 1, 0, 0, 0, 0, 0, 0, 0, 0, 0, 0, 0, 0, 1, 0, 0, 0, 0, 0, 0, 0, 0, 0, 0, 0, 0, 0, 0, 0, 0, 0, 0, 1, 1, 0, 1, 1, 0, 0, 1, 0, 0, 0, 0, 0]"
L2_arctic_WAV/NCC_arctic_a0052,"[6, 36, 39, 12, 40, 2, 27, 26, 11, 33, 25, 2, 34, 27, 31, 11, 6, 30, 34, 6, 17, 2, 30, 34]","[6, 36, 39, 12, 40, 2, 27, 26, 11, 33, 2, 34, 27, 31, 11, 6, 30, 34, 6, 17, 2, 30, 34]","[0, 0, 0, 0, 0, 0, 0, 0, 0, 0, 1, 0, 0, 0, 0, 0, 0, 0, 0, 0, 0, 0, 0, 0]"
L2_arctic_WAV/NCC_arctic_a0053,"[34, 12, 17, 2, 30, 28, 25, 24, 6, 40, 22, 6, 7, 23, 1, 40, 27, 28, 31, 11, 40, 17, 36, 14, 6, 36, 28, 25, 31, 11, 38, 1, 4, 2, 24, 41, 7, 27, 1, 35, 25, 22]","[34, 1, 36, 2, 30, 25, 24, 6, 40, 22, 6, 7, 23, 1, 40, 27, 33, 31, 11, 40, 17, 36, 3, 36, 28, 25, 31, 11, 38, 1, 17, 2, 24, 41, 7, 27, 1, 35, 25, 22]","[0, 1, 1, 0, 0, 1, 0, 0, 0, 0, 0, 0, 0, 0, 0, 0, 0, 1, 0, 0, 0, 0, 0, 1, 1, 0, 0, 0, 0, 0, 0, 0, 1, 0, 0, 0, 0, 0, 0, 0, 0, 0]"
L2_arctic_WAV/NCC_arctic_a0054,"[4, 5, 33, 39, 2, 40, 30, 12, 10, 6, 7, 3, 30, 4, 2, 33, 3, 27]","[17, 5, 33, 39, 2, 40, 30, 12, 36, 6, 7, 3, 30, 17, 2, 33, 31, 11, 27]","[1, 0, 0, 0, 0, 0, 0, 0, 1, 0, 0, 0, 0, 1, 0, 0, 1, 0]"
L2_arctic_WAV/NCC_arctic_a0058,"[14, 6, 27, 19, 6, 29, 22, 8, 33, 6, 30, 22, 1, 29, 19, 6, 9, 2, 30, 29, 8, 33, 14, 11, 36, 12, 38, 27, 26, 11, 33, 25, 3, 34, 2, 36, 25, 4, 41, 30, 5, 30, 25, 10, 6, 7, 5, 28, 34]","[14, 6, 27, 19, 6, 29, 22, 8, 33, 6, 30, 22, 1, 29, 19, 6, 9, 2, 30, 29, 8, 33, 14, 11, 36, 12, 38, 27, 26, 11, 33, 25, 5, 34, 2, 36, 25, 17, 41, 30, 5, 30, 25, 36, 6, 7, 5, 28, 34]","[0, 0, 0, 0, 0, 0, 0, 0, 0, 0, 0, 0, 0, 0, 0, 0, 0, 0, 0, 0, 0, 0, 0, 0, 0, 0, 0, 0, 0, 0, 0, 0, 1, 0, 0, 0, 0, 1, 0, 0, 0, 0, 0, 1, 0, 0, 0, 0, 0]"
L2_arctic_WAV/NCC_arctic_a0059,"[24, 6, 40, 6, 29, 41, 27, 26, 37, 28, 6, 36, 2, 32, 6, 33, 2, 30, 34, 39, 2, 40, 23, 8, 30]","[24, 6, 34, 25, 29, 41, 27, 26, 37, 28, 19, 6, 36, 2, 32, 6, 33, 2, 30, 34, 39, 2, 34, 23, 8, 30]","[0, 0, 1, 1, 0, 0, 0, 0, 0, 0, 0, 0, 0, 0, 0, 0, 0, 0, 0, 0, 0, 1, 0, 0, 0]"
L2_arctic_WAV/NCC_arctic_a0060,"[5, 30, 25, 39, 19, 6, 30, 31, 11, 39, 12, 30, 34, 8, 24, 1, 28, 14, 6, 27, 4, 41, 36]","[5, 30, 25, 39, 19, 6, 30, 31, 11, 39, 12, 30, 34, 8, 24, 1, 28, 14, 6, 27, 17, 41, 36]","[0, 0, 0, 0, 0, 0, 0, 0, 0, 0, 0, 0, 0, 0, 0, 0, 0, 0, 0, 0, 1, 0, 0]"
L2_arctic_WAV/NCC_arctic_a0062,"[4, 2, 29, 5, 30, 34, 36, 5, 33, 17, 6, 30, 36, 37, 25, 35, 12, 4, 1, 40, 22, 19, 6, 34]","[17, 2, 29, 5, 30, 34, 36, 5, 33, 17, 6, 30, 36, 37, 25, 35, 12, 4, 1, 34, 22, 19, 6, 34]","[1, 0, 0, 0, 0, 0, 0, 0, 0, 0, 0, 0, 0, 0, 0, 0, 0, 0, 0, 1, 0, 0, 0, 0]"
L2_arctic_WAV/NCC_arctic_a0063,"[26, 5, 34, 6, 36, 39, 8, 40, 2, 29, 41, 30, 24, 37, 41, 34, 27, 36, 2, 34, 36, 33, 19, 6, 30, 18, 1]","[26, 5, 34, 6, 36, 39, 8, 34, 2, 29, 41, 30, 24, 37, 3, 34, 27, 36, 2, 34, 36, 33, 19, 6, 30, 18, 1]","[0, 0, 0, 0, 0, 0, 0, 1, 0, 0, 0, 0, 0, 0, 1, 0, 0, 0, 0, 0, 0, 0, 0, 0, 0, 0, 0]"
L2_arctic_WAV/NCC_arctic_a0064,"[4, 2, 22, 8, 33, 10, 41, 30, 17, 22, 6, 22, 10, 17, 19, 6, 40, 32, 41, 34, 36, 39, 6, 10, 14, 11, 36, 5, 30, 25, 17, 6, 38, 5, 28, 2, 32, 29, 2, 30, 36, 34]","[17, 2, 22, 8, 33, 10, 41, 30, 17, 22, 6, 22, 17, 19, 6, 32, 3, 34, 36, 39, 6, 36, 14, 11, 36, 5, 30, 25, 17, 6, 38, 5, 28, 2, 32, 29, 2, 30, 36, 34]","[1, 0, 0, 0, 0, 0, 0, 0, 0, 0, 0, 0, 1, 0, 0, 0, 1, 0, 1, 0, 0, 0, 0, 1, 0, 0, 0, 0, 0, 0, 0, 0, 0, 0, 0, 0, 0, 0, 0, 0, 0, 0]"
L2_arctic_WAV/NCC_arctic_a0065,"[4, 19, 6, 27, 28, 31, 11, 40, 17, 30, 14, 11, 2, 30, 36, 6, 28, 24, 6, 40, 22, 6, 7, 23, 1, 40, 39, 1, 28, 14, 6, 27, 27, 8, 33, 17, 40, 12, 38, 34, 36, 25, 28]","[17, 19, 6, 27, 28, 31, 11, 34, 36, 30, 14, 11, 2, 30, 36, 6, 39, 24, 6, 40, 22, 25, 7, 23, 1, 34, 39, 1, 28, 14, 6, 27, 27, 8, 33, 17, 40, 12, 38, 34, 36, 6, 39]","[1, 0, 0, 0, 0, 0, 0, 1, 1, 0, 0, 0, 0, 0, 0, 0, 1, 0, 0, 0, 0, 1, 0, 0, 0, 1, 0, 0, 0, 0, 0, 0, 0, 0, 0, 0, 0, 0, 0, 0, 0, 1, 1]"
L2_arctic_WAV/NCC_arctic_a0067,"[9, 11, 33, 28, 25, 14, 6, 39, 6, 28, 6, 27, 34, 27, 26, 37, 40, 26, 37, 9, 25, 27, 33, 14, 6, 17]","[9, 11, 33, 28, 25, 14, 6, 39, 6, 39, 6, 27, 34, 27, 26, 37, 34, 26, 37, 9, 25, 27, 33, 14, 6, 36]","[0, 0, 0, 0, 0, 0, 0, 0, 0, 1, 0, 0, 0, 0, 0, 0, 1, 0, 0, 0, 0, 0, 0, 0, 0, 1]"
L2_arctic_WAV/NCC_arctic_a0071,"[24, 39, 12, 36, 39, 12, 40, 4, 12, 3, 16, 18, 5, 27, 36, 12, 38, 26, 8, 33, 28, 6, 36, 2, 28, 34, 5, 30, 34, 19, 6, 9, 2, 30]","[24, 39, 12, 36, 39, 12, 40, 17, 12, 3, 16, 18, 5, 27, 36, 12, 38, 26, 8, 33, 28, 25, 36, 2, 39, 34, 5, 30, 34, 19, 6, 9, 2, 30]","[0, 0, 0, 0, 0, 0, 0, 1, 0, 0, 0, 0, 0, 0, 0, 0, 0, 0, 0, 0, 0, 1, 0, 0, 1, 0, 0, 0, 0, 0, 0, 0, 0, 0]"
L2_arctic_WAV/NCC_arctic_a0073,"[4, 2, 32, 33, 2, 29, 31, 11, 36, 1, 40, 14, 6, 40, 39, 1, 24, 5, 38, 25, 39, 6, 4, 28, 6, 36, 2, 28, 32, 12, 22, 25, 16, 41, 23, 40, 12, 30, 17, 1, 4, 5, 29]","[17, 2, 32, 33, 2, 29, 31, 11, 36, 1, 40, 14, 6, 34, 39, 1, 24, 5, 38, 25, 39, 25, 17, 28, 25, 36, 2, 39, 32, 12, 22, 25, 16, 41, 23, 34, 12, 30, 17, 1, 17, 5, 29]","[1, 0, 0, 0, 0, 0, 0, 0, 0, 0, 0, 0, 0, 1, 0, 0, 0, 0, 0, 0, 0, 1, 1, 0, 1, 0, 0, 1, 0, 0, 0, 0, 0, 0, 0, 1, 0, 0, 0, 0, 1, 0, 0]"
L2_arctic_WAV/NCC_arctic_a0075,"[4, 5, 33, 24, 41, 40, 16, 6, 30, 2, 35, 19, 6, 30, 18, 9, 25, 6, 30, 36, 1, 12, 32, 36, 6, 17, 24, 6, 29]","[17, 5, 33, 24, 41, 40, 16, 25, 7, 2, 35, 19, 6, 30, 18, 9, 25, 6, 30, 36, 1, 12, 32, 36, 6, 17, 24, 6, 29]","[1, 0, 0, 0, 0, 0, 0, 1, 1, 0, 0, 0, 0, 0, 0, 0, 0, 0, 0, 0, 0, 0, 0, 0, 0, 0, 0, 0, 0]"
L2_arctic_WAV/NCC_arctic_a0076,"[4, 2, 23, 33, 19, 6, 14, 6, 40, 22, 3, 28, 36, 1, 17, 4, 2, 22, 28, 12, 9, 17, 25, 32, 2, 30, 17]","[17, 2, 23, 33, 19, 6, 14, 6, 34, 22, 41, 39, 36, 1, 17, 17, 2, 22, 28, 12, 9, 17, 25, 32, 2, 30, 17]","[1, 0, 0, 0, 0, 0, 0, 0, 1, 0, 1, 1, 0, 0, 0, 1, 0, 0, 0, 0, 0, 0, 0, 0, 0, 0, 0]"
L2_arctic_WAV/NCC_arctic_a0077,"[6, 36, 6, 40, 4, 2, 22, 14, 6, 1, 32, 3, 33, 36, 28, 25, 9, 25, 34, 5, 17]","[6, 36, 6, 40, 17, 2, 22, 14, 6, 1, 32, 3, 33, 36, 28, 25, 9, 25, 34, 5, 17]","[0, 0, 0, 0, 1, 0, 0, 0, 0, 0, 0, 0, 0, 0, 0, 0, 0, 0, 0, 0, 0]"
L2_arctic_WAV/NCC_arctic_a0078,"[4, 5, 30, 41, 30, 17, 41, 36, 34, 12, 32, 1, 24, 25, 36, 33, 14, 6, 17, 36, 37, 22, 41, 4, 2, 29, 24, 1]","[17, 5, 30, 41, 30, 17, 41, 36, 34, 11, 32, 1, 24, 25, 36, 33, 14, 6, 17, 36, 37, 22, 41, 10, 2, 29, 24, 1]","[1, 0, 0, 0, 0, 0, 0, 0, 0, 1, 0, 0, 0, 0, 0, 0, 0, 0, 0, 0, 0, 0, 0, 1, 0, 0, 0, 0]"
L2_arctic_WAV/NCC_arctic_a0079,"[6, 36, 39, 12, 40, 2, 28, 3, 33, 18, 27, 2, 30, 37]","[6, 36, 39, 12, 40, 2, 28, 3, 33, 18, 27, 41, 30, 37]","[0, 0, 0, 0, 0, 0, 0, 0, 0, 0, 0, 1, 0, 0]"
L2_arctic_WAV/NCC_arctic_a0081,"[24, 39, 12, 36, 6, 22, 9, 25, 17, 6, 17, 30, 3, 36, 27, 12, 29, 36, 37, 4, 2, 33, 3, 27]","[24, 39, 12, 36, 6, 22, 9, 25, 17, 6, 17, 30, 3, 36, 27, 12, 29, 36, 37, 17, 2, 33, 3, 27]","[0, 0, 0, 0, 0, 0, 0, 0, 0, 0, 0, 0, 0, 0, 0, 0, 0, 0, 0, 1, 0, 0, 0, 0]"
L2_arctic_WAV/NCC_arctic_a0082,"[24, 6, 40, 22, 19, 6, 34, 39, 2, 40, 34, 36, 33, 25, 29, 6, 7, 39, 6, 10, 16, 28, 12, 17]","[24, 6, 40, 22, 19, 6, 34, 39, 2, 40, 34, 36, 33, 25, 29, 6, 7, 39, 6, 34, 16, 28, 12, 17]","[0, 0, 0, 0, 0, 0, 0, 0, 0, 0, 0, 0, 0, 0, 0, 0, 0, 0, 0, 1, 0, 0, 0, 0]"
L2_arctic_WAV/NCC_arctic_a0085,"[2, 36, 33, 6, 27, 2, 28, 12, 38, 22, 33, 5, 9, 16, 28, 12, 17, 33, 41, 30, 31, 11, 38, 1, 24, 6, 40, 22, 19, 6, 34]","[2, 36, 33, 6, 27, 2, 39, 12, 38, 22, 28, 41, 9, 16, 28, 12, 17, 33, 41, 7, 31, 11, 38, 1, 24, 6, 40, 22, 19, 6, 34]","[0, 0, 0, 0, 0, 0, 1, 0, 0, 0, 1, 1, 0, 0, 0, 0, 0, 0, 0, 1, 0, 0, 0, 0, 0, 0, 0, 0, 0, 0, 0]"
L2_arctic_WAV/NCC_arctic_a0086,"[17, 5, 10, 24, 41, 17, 27, 12, 29, 39, 6, 10, 36, 5, 33, 2, 16, 2, 28, 34, 12, 17, 2, 30, 30, 2, 34]","[17, 5, 34, 24, 41, 17, 27, 12, 29, 39, 6, 34, 36, 5, 33, 2, 16, 2, 39, 34, 1, 17, 2, 30, 30, 2, 34]","[0, 0, 1, 0, 0, 0, 0, 0, 0, 0, 0, 1, 0, 0, 0, 0, 0, 0, 1, 0, 1, 0, 0, 0, 0, 0, 0]"
L2_arctic_WAV/NCC_arctic_a0088,"[24, 25, 29, 19, 6, 17, 9, 11, 33, 4, 41, 36, 4, 2, 29, 41, 23, 2, 40, 25, 30, 39, 2, 40, 28, 31, 11, 17, 6, 17, 41, 30, 17, 33, 25, 40, 37, 29, 17, 24, 6, 40, 32, 41, 17, 2, 28, 6, 7]","[24, 25, 29, 19, 6, 17, 9, 11, 33, 17, 41, 36, 17, 2, 29, 41, 23, 2, 34, 25, 30, 39, 2, 40, 28, 31, 11, 17, 6, 17, 41, 30, 17, 33, 25, 34, 37, 29, 17, 24, 6, 34, 32, 41, 17, 2, 28, 6, 7]","[0, 0, 0, 0, 0, 0, 0, 0, 0, 1, 0, 0, 1, 0, 0, 0, 0, 0, 1, 0, 0, 0, 0, 0, 0, 0, 0, 0, 0, 0, 0, 0, 0, 0, 0, 1, 0, 0, 0, 0, 0, 1, 0, 0, 0, 0, 0, 0, 0]"
L2_arctic_WAV/NCC_arctic_a0089,"[4, 2, 30, 14, 6, 36, 23, 28, 31, 11, 39, 8, 40, 36, 33, 5, 35, 1, 2, 34, 36, 37, 9, 37, 36, 16, 14, 6]","[17, 2, 30, 3, 36, 23, 28, 31, 11, 39, 8, 34, 36, 33, 5, 35, 1, 2, 34, 36, 37, 9, 37, 36, 16, 14, 6]","[1, 0, 0, 1, 1, 0, 0, 0, 0, 0, 0, 0, 1, 0, 0, 0, 0, 0, 0, 0, 0, 0, 0, 0, 0, 0, 0, 0]"
L2_arctic_WAV/NCC_arctic_a0090,"[4, 2, 34, 6, 7, 6, 7, 38, 8, 6, 34, 2, 32, 33, 31, 11, 35, 36, 33, 41, 32, 2, 17, 28, 25]","[17, 2, 34, 6, 7, 39, 8, 6, 34, 2, 32, 33, 31, 11, 35, 36, 33, 41, 32, 2, 17, 28, 25]","[1, 0, 0, 1, 1, 0, 0, 1, 0, 0, 0, 0, 0, 0, 0, 0, 0, 0, 0, 0, 0, 0, 0, 0, 0]"
L2_arctic_WAV/NCC_arctic_a0091,"[24, 6, 40, 16, 28, 12, 17, 23, 33, 37, 24, 3, 36, 39, 6, 10, 33, 19, 6, 18, 41, 36, 4, 2, 10, 8, 36]","[24, 6, 34, 16, 28, 12, 17, 23, 33, 37, 24, 3, 36, 39, 6, 34, 33, 41, 17, 41, 36, 17, 2, 10, 8, 36]","[0, 0, 1, 0, 0, 0, 0, 0, 0, 0, 0, 0, 0, 0, 0, 1, 0, 1, 1, 1, 0, 0, 1, 0, 0, 0, 0]"
L2_arctic_WAV/NCC_arctic_a0092,"[24, 25, 39, 5, 30, 36, 17, 14, 11, 30, 6, 30, 29, 6, 17, 34, 36, 33, 25, 29, 34, 1, 35, 6, 7, 4, 2, 9, 41, 17, 31, 11, 40, 12, 38, 16, 31, 11, 10, 9, 8, 33, 40]","[24, 25, 39, 5, 30, 36, 17, 14, 11, 30, 6, 30, 29, 6, 17, 34, 36, 33, 25, 29, 34, 1, 35, 6, 7, 17, 2, 9, 41, 28, 31, 11, 34, 12, 38, 16, 31, 11, 10, 9, 8, 33, 34]","[0, 0, 0, 0, 0, 0, 0, 0, 0, 0, 0, 0, 0, 0, 0, 0, 0, 0, 0, 0, 0, 0, 0, 0, 0, 1, 0, 0, 0, 1, 0, 0, 1, 0, 0, 0, 0, 0, 0, 0, 0, 0, 1]"
L2_arctic_WAV/NCC_arctic_a0093,"[22, 8, 33, 2, 22, 11, 28, 29, 6, 30, 2, 36, 24, 25, 27, 33, 14, 11, 35, 36, 41, 30, 17, 28, 6, 34, 2, 30, 17]","[22, 8, 33, 2, 22, 11, 39, 29, 6, 30, 2, 36, 24, 25, 27, 33, 3, 30, 35, 36, 41, 30, 17, 2, 28, 5, 34, 2, 30, 17]","[0, 0, 0, 0, 0, 0, 1, 0, 0, 0, 0, 0, 0, 0, 0, 0, 1, 1, 0, 0, 0, 0, 0, 0, 1, 0, 0, 0, 0]"
L2_arctic_WAV/NCC_arctic_a0094,"[24, 25, 24, 41, 17, 16, 5, 33, 28, 25, 5, 30, 36, 1, 17, 4, 6, 34, 24, 39, 5, 30, 24, 25, 34, 8, 4, 12, 23, 28, 31, 11, 12, 38, 2, 22, 14, 6, 33]","[24, 25, 24, 41, 17, 16, 5, 33, 28, 25, 5, 30, 36, 1, 17, 17, 6, 34, 24, 39, 5, 30, 24, 25, 34, 8, 17, 12, 23, 28, 31, 11, 12, 38, 2, 22, 14, 6, 33]","[0, 0, 0, 0, 0, 0, 0, 0, 0, 0, 0, 0, 0, 0, 0, 1, 0, 0, 0, 0, 0, 0, 0, 0, 0, 0, 1, 0, 0, 0, 0, 0, 0, 0, 0, 0, 0, 0, 0]"
L2_arctic_WAV/NCC_arctic_a0095,"[2, 16, 6, 23, 27, 41, 30, 38, 2, 34, 36, 5, 30, 36, 39, 8, 40, 4, 2, 22, 1, 34, 36, 10, 6, 7, 36, 37, 27, 12, 29, 39, 6, 10, 6, 30, 24, 6, 40, 38, 6, 13, 2, 30]","[2, 16, 6, 23, 27, 41, 30, 38, 2, 34, 36, 5, 30, 36, 39, 8, 40, 17, 2, 22, 1, 34, 36, 10, 6, 7, 36, 37, 27, 12, 29, 39, 6, 36, 25, 7, 24, 6, 40, 38, 6, 13, 2, 30]","[0, 0, 0, 0, 0, 0, 0, 0, 0, 0, 0, 0, 0, 0, 0, 0, 0, 1, 0, 0, 0, 0, 0, 0, 0, 0, 0, 0, 0, 0, 0, 0, 0, 1, 1, 1, 0, 0, 0, 0, 0, 0, 0, 0]"
L2_arctic_WAV/NCC_arctic_a0096,"[32, 1, 24, 41, 32, 34, 9, 25, 24, 41, 17, 8, 28, 33, 5, 17, 25, 29, 5, 36, 24, 1, 22, 19, 6, 36, 2, 28, 6, 36, 2, 28, 17, 25, 32, 1, 6, 30, 4, 2, 22, 8, 33, 2, 34, 36]","[32, 1, 24, 41, 32, 34, 9, 25, 24, 41, 17, 8, 33, 5, 17, 25, 29, 5, 36, 24, 1, 22, 19, 6, 36, 2, 28, 25, 36, 2, 17, 25, 32, 1, 6, 30, 17, 2, 22, 8, 33, 2, 34, 36]","[0, 0, 0, 0, 0, 0, 0, 0, 0, 0, 0, 0, 1, 0, 0, 0, 0, 0, 0, 0, 0, 0, 0, 0, 0, 0, 0, 0, 1, 0, 0, 1, 0, 0, 0, 0, 0, 0, 1, 0, 0, 0, 0, 0, 0, 0]"
L2_arctic_WAV/NCC_arctic_a0097,"[4, 5, 30, 26, 37, 27, 41, 30, 1, 19, 6, 30, 18, 26, 1, 34, 5, 28, 22, 27, 12, 29, 22, 1, 36, 2, 16, 28, 25, 2, 29, 12, 7, 4, 25, 40, 33, 31, 11, 16, 40, 6, 30, 4, 2, 16, 31, 11]","[17, 5, 7, 26, 37, 27, 41, 7, 1, 41, 30, 18, 26, 1, 34, 5, 28, 22, 27, 12, 29, 22, 1, 36, 2, 16, 28, 25, 2, 29, 12, 30, 17, 25, 40, 33, 31, 11, 32, 34, 25, 7, 17, 2, 16, 31, 11]","[1, 0, 1, 0, 0, 0, 0, 1, 0, 1, 1, 0, 0, 0, 0, 0, 0, 0, 0, 0, 0, 0, 0, 0, 0, 0, 0, 0, 0, 0, 0, 0, 1, 1, 0, 0, 0, 0, 0, 1, 1, 1, 1, 1, 0, 0, 0, 0]"
L2_arctic_WAV/NCC_arctic_a0098,"[9, 41, 28, 14, 6, 27, 5, 33, 25, 26, 37]","[9, 41, 14, 6, 27, 5, 33, 25, 26, 37]","[0, 0, 1, 0, 0, 0, 0, 0, 0, 0, 0]"
L2_arctic_WAV/NCC_arctic_a0099,"[2, 29, 41, 17, 2, 30, 6, 7, 18, 8, 6, 32, 14, 11, 30, 17, 6, 17, 6, 30, 24, 6, 40, 16, 33, 19, 6, 30]","[2, 29, 41, 30, 17, 2, 28, 6, 7, 18, 8, 6, 32, 14, 11, 30, 17, 6, 17, 25, 7, 24, 6, 34, 16, 33, 19, 6, 7]","[0, 0, 0, 0, 0, 1, 0, 0, 0, 0, 0, 0, 0, 0, 0, 0, 0, 0, 1, 1, 0, 0, 1, 0, 0, 0, 0, 1]"
L2_arctic_WAV/NCC_arctic_a0100,"[26, 37, 29, 12, 34, 36, 34, 28, 25, 32, 24, 25, 1, 18, 17]","[26, 37, 29, 12, 34, 36, 34, 28, 25, 32, 24, 25, 1, 18, 17]","[0, 0, 0, 0, 0, 0, 0, 0, 0, 0, 0, 0, 0, 0, 0]"
L2_arctic_WAV/NCC_arctic_a0101,"[26, 37, 26, 37, 39, 11, 17, 30, 3, 36, 27, 25, 32, 4, 2, 36, 33, 37, 10, 22, 33, 12, 29, 29, 25]","[26, 37, 26, 37, 11, 17, 30, 3, 36, 27, 25, 32, 17, 2, 36, 33, 37, 34, 22, 33, 12, 29, 29, 25]","[0, 0, 0, 0, 1, 0, 0, 0, 0, 0, 0, 0, 0, 1, 0, 0, 0, 0, 1, 0, 0, 0, 0, 0, 0]"
L2_arctic_WAV/NCC_arctic_a0102,"[24, 25, 39, 6, 28, 22, 3, 28, 31, 11, 12, 34, 34, 37, 30]","[24, 25, 39, 6, 39, 22, 3, 28, 31, 11, 12, 34, 34, 37, 30]","[0, 0, 0, 0, 1, 0, 0, 0, 0, 0, 0, 0, 0, 0, 0]"
L2_arctic_WAV/NCC_arctic_a0103,"[16, 12, 36, 4, 5, 33, 27, 19, 6, 29, 30, 31, 11, 32, 33, 3, 29, 2, 34, 22, 33, 12, 29, 4, 2, 16, 31, 11, 12, 38, 4, 12, 27, 2, 30, 37]","[16, 12, 36, 17, 5, 33, 27, 19, 6, 29, 30, 31, 11, 32, 33, 3, 29, 2, 34, 22, 33, 12, 30, 17, 2, 16, 31, 11, 12, 38, 17, 12, 27, 8, 30, 37]","[0, 0, 0, 1, 0, 0, 0, 0, 0, 0, 0, 0, 0, 0, 0, 0, 0, 0, 0, 0, 0, 0, 1, 1, 0, 0, 0, 0, 0, 0, 1, 0, 0, 1, 0, 0]"
L2_arctic_WAV/NCC_arctic_a0104,"[9, 25, 39, 2, 40, 34, 28, 25, 32, 6, 7, 12, 30, 17, 1, 24, 6, 40, 32, 33, 2, 36, 5, 27, 9, 2, 30, 41, 40, 34, 39, 25, 36, 28, 25, 41, 40, 2, 35, 14, 6, 28, 17]","[9, 25, 39, 2, 40, 2, 34, 28, 25, 32, 6, 7, 12, 7, 17, 1, 24, 6, 34, 32, 33, 2, 36, 5, 27, 9, 2, 30, 41, 40, 34, 39, 6, 36, 28, 25, 41, 34, 2, 35, 41, 39, 36]","[0, 0, 0, 0, 0, 0, 0, 0, 0, 0, 0, 0, 1, 0, 0, 0, 0, 1, 0, 0, 0, 0, 0, 0, 0, 0, 0, 0, 0, 0, 0, 1, 0, 0, 0, 0, 1, 0, 0, 1, 1, 1, 1]"
L2_arctic_WAV/NCC_arctic_a0105,"[31, 11, 30, 28, 25, 6, 36, 6, 40, 34, 31, 11, 39, 12, 30, 17, 1, 22, 2, 28, 34, 31, 11, 8, 28, 29, 31, 11, 34, 36, 6, 29, 32, 3, 34, 2, 16, 2, 28, 36, 2, 16, 6, 28, 25, 38]","[31, 11, 7, 28, 25, 6, 36, 6, 40, 34, 31, 11, 39, 12, 7, 17, 1, 22, 2, 28, 33, 34, 31, 11, 8, 29, 31, 11, 34, 36, 6, 29, 32, 3, 34, 16, 2, 39, 36, 2, 16, 6, 28, 25, 32]","[0, 0, 1, 0, 0, 0, 0, 0, 0, 0, 0, 0, 0, 0, 1, 0, 0, 0, 0, 0, 0, 0, 0, 0, 1, 0, 0, 0, 0, 0, 0, 0, 0, 0, 0, 1, 0, 0, 1, 0, 0, 0, 0, 0, 0, 1]"
L2_arctic_WAV/NCC_arctic_a0106,"[4, 2, 25, 29, 31, 11, 9, 2, 30, 39, 6, 35, 9, 25, 24, 41, 17, 34, 2, 32, 33, 5, 34, 36, 16, 1, 34, 36, 22, 8, 33, 10, 30, 14, 11, 6, 30, 2, 35, 31, 11, 27, 6, 7, 34, 3, 16]","[17, 2, 25, 29, 31, 11, 9, 2, 30, 39, 6, 35, 9, 25, 24, 41, 17, 34, 2, 32, 33, 5, 34, 36, 16, 1, 34, 36, 22, 8, 33, 10, 30, 14, 11, 25, 7, 2, 35, 31, 11, 27, 6, 7, 34, 31, 11, 16]","[1, 0, 0, 0, 0, 0, 0, 0, 0, 0, 0, 0, 0, 0, 0, 0, 0, 0, 0, 0, 0, 0, 0, 0, 0, 0, 0, 0, 0, 0, 0, 0, 0, 0, 0, 1, 1, 0, 0, 0, 0, 0, 0, 0, 0, 1, 0]"
L2_arctic_WAV/NCC_arctic_a0107,"[6, 22, 26, 37, 31, 11, 30, 28, 25, 27, 11, 17, 30, 31, 11, 24, 14, 11, 14, 6, 10, 41, 7, 27, 26, 37]","[6, 22, 26, 37, 31, 11, 7, 28, 25, 27, 11, 17, 30, 31, 11, 24, 14, 11, 14, 6, 10, 41, 7, 27, 26, 37]","[0, 0, 0, 0, 0, 0, 1, 0, 0, 0, 0, 0, 0, 0, 0, 0, 0, 0, 0, 0, 0, 0, 0, 0, 0, 0]"
L2_arctic_WAV/NCC_arctic_a0108,"[24, 25, 39, 19, 6, 17, 6, 17, 6, 30, 36, 2, 4, 25, 5, 18, 12, 38, 4, 25, 39, 8, 36, 1, 41, 30, 17, 16, 25, 23, 41, 30, 34, 27, 33, 12, 16, 6, 7, 24, 6, 29, 34, 5, 28, 22]","[24, 25, 39, 5, 17, 6, 17, 25, 7, 36, 2, 3, 19, 6, 18, 12, 38, 17, 25, 39, 8, 36, 1, 41, 30, 17, 16, 25, 23, 25, 7, 34, 27, 33, 41, 16, 6, 7, 24, 6, 29, 34, 5, 39, 22]","[0, 0, 0, 1, 1, 0, 0, 0, 1, 1, 0, 0, 1, 1, 1, 0, 0, 0, 1, 0, 0, 0, 0, 0, 0, 0, 0, 0, 0, 0, 1, 1, 0, 0, 0, 1, 0, 0, 0, 0, 0, 0, 0, 0, 1, 0]"
L2_arctic_WAV/NCC_arctic_a0109,"[17, 37, 26, 37, 30, 31, 11, 4, 41, 36, 26, 37, 3, 33, 9, 19, 6, 27, 6, 7, 29, 14, 6, 27, 3, 30, 22, 2, 17, 2, 30, 34, 6, 30, 26, 37]","[17, 37, 26, 37, 30, 31, 11, 17, 41, 36, 26, 37, 3, 9, 19, 6, 27, 6, 7, 29, 14, 6, 27, 3, 30, 22, 2, 17, 2, 30, 34, 6, 30, 26, 37]","[0, 0, 0, 0, 0, 0, 0, 1, 0, 0, 0, 0, 0, 1, 0, 0, 0, 0, 0, 0, 0, 0, 0, 0, 0, 0, 0, 0, 0, 0, 0, 0, 0, 0, 0, 0]"
L2_arctic_WAV/NCC_arctic_a0111,"[6, 30, 34, 36, 5, 17, 24, 25, 18, 8, 6, 30, 17, 24, 1, 41, 30, 17, 4, 19, 6, 19, 6, 36, 28, 14, 6, 27, 36, 37, 24, 12, 7, 23, 33, 25, 35, 6, 28, 17, 33, 2, 30]","[6, 30, 34, 36, 41, 17, 24, 25, 18, 8, 6, 30, 17, 24, 1, 41, 30, 17, 4, 19, 6, 19, 6, 36, 28, 14, 6, 27, 36, 37, 24, 12, 7, 23, 33, 25, 35, 6, 28, 17, 33, 2, 30]","[0, 0, 0, 0, 1, 0, 0, 0, 0, 0, 0, 0, 0, 0, 0, 0, 0, 0, 0, 0, 0, 0, 0, 0, 0, 0, 0, 0, 0, 0, 0, 0, 0, 0, 0, 0, 0, 0, 0, 0, 0, 0, 0]"
L2_arctic_WAV/NCC_arctic_a0112,"[24, 25, 39, 12, 40, 39, 37, 30, 17, 6, 17, 6, 30, 4, 12, 3, 33, 29]","[24, 25, 39, 12, 40, 39, 8, 30, 17, 6, 17, 25, 30, 17, 12, 3, 33, 29]","[0, 0, 0, 0, 0, 0, 1, 0, 0, 0, 0, 1, 0, 1, 0, 0, 0, 0]"
L2_arctic_WAV/NCC_arctic_a0113,"[14, 6, 34, 2, 32, 31, 11, 40, 26, 37, 32, 6, 27, 36, 4, 41, 36, 28, 6, 7, 23, 31, 11, 12, 32, 2, 29, 12, 7, 4, 2, 6, 30, 17, 25, 2, 30, 40]","[14, 6, 34, 2, 32, 31, 11, 40, 26, 37, 32, 6, 27, 36, 17, 41, 36, 28, 6, 7, 23, 31, 11, 12, 32, 2, 29, 14, 11, 30, 17, 2, 6, 30, 17, 25, 2, 30, 40]","[0, 0, 0, 0, 0, 0, 0, 0, 0, 0, 0, 0, 0, 0, 1, 0, 0, 0, 0, 0, 0, 0, 0, 0, 0, 0, 0, 1, 1, 1, 0, 0, 0, 0, 0, 0, 0, 0]"
L2_arctic_WAV/NCC_arctic_a0115,"[24, 25, 24, 41, 17, 30, 31, 11, 6, 27, 34, 27, 26, 37, 40, 22, 33, 1, 4, 2, 22, 25, 28, 6, 7, 40, 39, 6, 35, 39, 1, 1, 14, 11, 40, 17, 6, 30, 24, 6, 29]","[24, 25, 24, 41, 17, 30, 31, 11, 6, 27, 34, 27, 26, 37, 40, 22, 33, 1, 17, 2, 22, 25, 28, 6, 7, 40, 39, 6, 35, 39, 1, 1, 14, 11, 34, 36, 25, 7, 24, 6, 29]","[0, 0, 0, 0, 0, 0, 0, 0, 0, 0, 0, 0, 0, 0, 0, 0, 0, 0, 1, 0, 0, 0, 0, 0, 0, 0, 0, 0, 0, 0, 0, 0, 0, 0, 1, 1, 1, 1, 0, 0, 0]"
L2_arctic_WAV/NCC_arctic_a0116,"[39, 12, 40, 6, 36, 4, 2, 33, 3, 30, 17, 6, 38, 37, 12, 38, 4, 31, 11, 40, 24, 37, 39, 1, 34, 36, 33, 14, 6, 38, 6, 7, 36, 37, 39, 1, 27, 24, 6, 40, 33, 37, 6, 30]","[39, 12, 40, 6, 36, 17, 2, 33, 3, 30, 17, 6, 38, 37, 34, 12, 38, 17, 31, 11, 34, 24, 37, 39, 1, 34, 36, 33, 3, 38, 6, 7, 36, 37, 39, 1, 27, 24, 6, 40, 33, 37, 25, 30]","[0, 0, 0, 0, 0, 1, 0, 0, 0, 0, 0, 0, 0, 0, 0, 0, 1, 0, 0, 1, 0, 0, 0, 0, 0, 0, 0, 1, 1, 0, 0, 0, 0, 0, 0, 0, 0, 0, 0, 0, 0, 0, 1, 0]"
L2_arctic_WAV/NCC_arctic_a0117,"[9, 25, 41, 17, 6, 17, 39, 6, 4, 18, 5, 30, 26, 2, 39, 2, 30, 34, 6, 29, 32, 2, 10, 25, 6, 30, 24, 1, 22, 19, 6, 34, 41, 30, 17, 38, 8, 6, 34]","[9, 25, 41, 17, 6, 17, 39, 6, 40, 18, 5, 30, 26, 2, 39, 25, 30, 34, 6, 29, 22, 2, 10, 25, 25, 7, 24, 1, 22, 19, 6, 34, 41, 30, 17, 2, 38, 8, 6, 34]","[0, 0, 0, 0, 0, 0, 0, 0, 1, 0, 0, 0, 0, 0, 0, 1, 0, 0, 0, 0, 1, 0, 0, 0, 1, 1, 0, 0, 0, 0, 0, 0, 0, 0, 0, 0, 0, 0, 0]"
L2_arctic_WAV/NCC_arctic_a0120,"[29, 14, 6, 33, 14, 6, 36, 22, 11, 36, 22, 25, 28, 40, 28, 14, 6, 27, 4, 41, 36, 12, 38, 2, 35, 14, 6, 30, 25, 40, 17, 5, 16, 26, 2, 36, 3, 30, 36]","[29, 14, 6, 33, 41, 36, 22, 11, 36, 22, 25, 39, 34, 28, 14, 6, 27, 17, 41, 36, 12, 38, 2, 35, 14, 6, 30, 25, 40, 17, 5, 16, 26, 2, 36, 3, 7, 36]","[0, 0, 0, 0, 1, 1, 0, 0, 0, 0, 0, 0, 1, 1, 0, 0, 0, 0, 1, 0, 0, 0, 0, 0, 0, 0, 0, 0, 0, 0, 0, 0, 0, 0, 0, 0, 0, 1, 0]"
L2_arctic_WAV/NCC_arctic_a0121,"[4, 19, 6, 19, 6, 36, 17, 6, 30, 1, 41, 36, 4, 2, 22, 6, 22, 10, 41, 30, 17, 33, 5, 34, 36, 6, 17, 22, 8, 33, 36, 37, 14, 11, 1, 40]","[17, 19, 6, 19, 6, 36, 17, 6, 30, 1, 41, 36, 17, 2, 22, 6, 22, 41, 30, 17, 2, 33, 5, 34, 36, 6, 17, 22, 8, 33, 17, 2, 36, 37, 14, 11, 1, 34]","[1, 0, 0, 0, 0, 0, 0, 0, 0, 0, 0, 0, 1, 0, 0, 0, 0, 1, 0, 0, 0, 0, 0, 0, 0, 0, 0, 0, 0, 0, 0, 0, 0, 0, 0, 1]"
L2_arctic_WAV/NCC_arctic_a0122,"[36, 37, 26, 1, 40, 2, 23, 31, 11, 14, 6, 23, 19, 6, 38, 12, 32, 34, 6, 38, 2, 28, 6, 40, 19, 6, 9, 2, 30, 22, 33, 1, 4, 6, 34]","[36, 37, 26, 1, 34, 2, 23, 31, 11, 14, 6, 23, 19, 6, 38, 12, 32, 34, 6, 38, 2, 28, 6, 34, 19, 6, 9, 2, 30, 22, 33, 1, 17, 6, 34]","[0, 0, 0, 0, 1, 0, 0, 0, 0, 0, 0, 0, 0, 0, 0, 0, 0, 0, 0, 0, 0, 0, 0, 1, 0, 0, 0, 0, 0, 0, 0, 0, 1, 0, 0]"
L2_arctic_WAV/NCC_arctic_a0123,"[9, 25, 24, 41, 17, 17, 14, 6, 17, 22, 33, 12, 29, 27, 31, 11, 28, 17, 41, 30, 17, 34, 36, 3, 33, 38, 19, 6, 9, 2, 30]","[9, 25, 24, 5, 17, 17, 3, 17, 22, 33, 8, 7, 27, 31, 11, 39, 17, 41, 30, 17, 2, 34, 36, 3, 33, 38, 19, 6, 9, 2, 30]","[0, 0, 0, 1, 0, 0, 1, 1, 0, 0, 0, 1, 1, 0, 0, 0, 1, 0, 0, 0, 0, 0, 0, 0, 0, 0, 0, 0, 0, 0, 0]"
L2_arctic_WAV/NCC_arctic_a0125,"[24, 25, 39, 2, 40, 17, 6, 36, 1, 29, 2, 30, 17, 30, 14, 11, 36, 6, 29, 19, 6, 30, 36, 19, 6, 30, 2, 29, 8, 33, 34, 1, 36, 2, 30, 24, 31, 11, 28, 17, 2, 32, 3, 30, 24, 6, 29, 34, 5, 28, 22]","[24, 25, 39, 2, 34, 36, 1, 29, 25, 30, 17, 30, 14, 11, 36, 6, 29, 19, 6, 30, 36, 19, 6, 7, 2, 29, 8, 33, 34, 1, 36, 2, 7, 24, 31, 11, 39, 17, 2, 32, 41, 7, 24, 6, 29, 34, 5, 39, 22]","[0, 0, 0, 0, 1, 1, 1, 0, 0, 0, 1, 0, 0, 0, 0, 0, 0, 0, 0, 0, 0, 0, 0, 0, 0, 1, 0, 0, 0, 0, 0, 0, 0, 0, 1, 0, 0, 0, 1, 0, 0, 0, 1, 1, 0, 0, 0, 0, 0, 1, 0]"
L2_arctic_WAV/NCC_arctic_a0126,"[25, 35, 17, 19, 6, 9, 25, 16, 25, 27, 19, 6, 29, 2, 29, 8, 33, 38, 14, 6, 36, 2, 28, 32, 3, 33, 36, 12, 38, 24, 6, 29]","[25, 35, 17, 19, 6, 9, 25, 16, 25, 27, 19, 6, 29, 2, 29, 8, 33, 38, 14, 6, 36, 2, 39, 32, 3, 33, 36, 12, 38, 24, 6, 29]","[0, 0, 0, 0, 0, 0, 0, 0, 0, 0, 0, 0, 0, 0, 0, 0, 0, 0, 0, 0, 0, 0, 1, 0, 0, 0, 0, 0, 0, 0, 0, 0]"
L2_arctic_WAV/NCC_arctic_a0127,"[6, 36, 39, 12, 40, 2, 36, 5, 29, 36, 19, 6, 9, 2, 30, 16, 12, 36, 24, 25, 33, 25, 40, 6, 34, 36, 6, 17, 6, 36]","[6, 36, 39, 12, 34, 2, 36, 5, 29, 36, 19, 6, 9, 2, 30, 16, 12, 36, 24, 25, 33, 25, 40, 6, 34, 36, 6, 17, 6, 36]","[0, 0, 0, 0, 1, 0, 0, 0, 0, 0, 0, 0, 0, 0, 0, 0, 0, 0, 0, 0, 0, 0, 0, 0, 0, 0, 0, 0, 0, 0]"
L2_arctic_WAV/NCC_arctic_a0128,"[4, 6, 34, 39, 12, 30, 24, 31, 11, 32, 39, 8, 40, 17, 6, 34, 36, 33, 8, 6, 17, 41, 40, 27, 39, 6, 27, 28, 25, 5, 40, 6, 36, 39, 8, 40, 16, 8, 33, 30]","[17, 6, 34, 39, 12, 7, 24, 31, 11, 32, 39, 8, 40, 17, 6, 34, 36, 33, 8, 6, 17, 41, 40, 27, 39, 6, 27, 28, 25, 5, 40, 6, 36, 39, 2, 33, 16, 31, 11, 30]","[1, 0, 0, 0, 0, 1, 0, 0, 0, 0, 0, 0, 0, 0, 0, 0, 0, 0, 0, 0, 0, 0, 0, 0, 0, 0, 0, 0, 0, 0, 0, 0, 0, 0, 1, 1, 0, 1, 1, 0]"
L2_arctic_WAV/NCC_arctic_a0129,"[24, 1, 22, 19, 6, 34, 39, 8, 40, 2, 23, 19, 6, 30, 34, 36, 24, 6, 40, 16, 33, 5, 34, 36]","[24, 1, 22, 19, 6, 34, 39, 8, 40, 2, 23, 19, 6, 7, 34, 36, 24, 6, 40, 16, 33, 5, 34, 36]","[0, 0, 0, 0, 0, 0, 0, 0, 0, 0, 0, 0, 0, 1, 0, 0, 0, 0, 0, 0, 0, 0, 0, 0]"
L2_arctic_WAV/NCC_arctic_a0130,"[9, 25, 39, 2, 40, 24, 6, 40, 30, 14, 11, 22, 1, 5, 38, 1]","[9, 25, 39, 2, 34, 24, 6, 34, 30, 14, 11, 22, 1, 5, 38, 1]","[0, 0, 0, 0, 1, 0, 0, 1, 0, 0, 0, 0, 0, 0, 0, 0]"
L2_arctic_WAV/NCC_arctic_a0131,"[32, 33, 3, 38, 2, 17, 2, 30, 34, 24, 41, 17, 17, 6, 28, 6, 38, 1, 17, 24, 6, 29, 10, 33, 37, 4, 25, 29, 19, 6, 28, 34, 36, 33, 2, 29]","[32, 33, 3, 38, 2, 17, 2, 30, 34, 24, 41, 17, 2, 17, 6, 28, 25, 38, 1, 17, 24, 6, 29, 10, 33, 37, 17, 25, 29, 19, 6, 39, 34, 36, 33, 2, 29]","[0, 0, 0, 0, 0, 0, 0, 0, 0, 0, 0, 0, 0, 0, 0, 1, 0, 0, 0, 0, 0, 0, 0, 0, 0, 1, 0, 0, 0, 0, 1, 0, 0, 0, 0, 0]"
L2_arctic_WAV/NCC_arctic_a0134,"[24, 25, 31, 11, 16, 19, 6, 17, 4, 12, 32, 33, 5, 9, 1, 12, 38, 24, 1, 24, 41, 30, 17]","[24, 25, 8, 16, 19, 6, 17, 17, 12, 32, 33, 5, 9, 1, 12, 38, 24, 1, 24, 41, 30, 17]","[0, 0, 1, 1, 0, 0, 0, 0, 1, 0, 0, 0, 0, 0, 0, 0, 0, 0, 0, 0, 0, 0, 0]"
L2_arctic_WAV/NCC_arctic_a0136,"[2, 16, 14, 11, 36, 24, 6, 29, 5, 38, 33, 25, 39, 5, 33, 39, 1, 4, 2, 5, 38, 2, 17, 2, 30, 34, 2, 40, 2, 38, 28, 12, 23, 13, 1, 25, 41, 30, 17, 12, 38, 19, 6, 18]","[2, 16, 14, 11, 36, 24, 25, 7, 5, 38, 33, 25, 39, 5, 33, 39, 1, 17, 2, 5, 38, 2, 17, 2, 30, 34, 25, 34, 2, 38, 28, 12, 23, 9, 1, 25, 41, 30, 17, 12, 38, 28, 19, 6, 35]","[0, 0, 0, 0, 0, 0, 1, 1, 0, 0, 0, 0, 0, 0, 0, 0, 0, 1, 0, 0, 0, 0, 0, 0, 0, 0, 1, 1, 0, 0, 0, 0, 0, 1, 0, 0, 0, 0, 0, 0, 0, 0, 0, 1]"
L2_arctic_WAV/NCC_arctic_a0137,"[4, 5, 30, 24, 25, 34, 36, 5, 32, 36, 16, 41, 27, 39, 6, 4, 2, 28, 31, 11, 27, 33, 14, 6, 12, 38, 32, 28, 5, 13, 1]","[17, 5, 30, 24, 25, 34, 36, 5, 32, 36, 2, 16, 41, 27, 39, 6, 17, 2, 28, 31, 11, 27, 33, 14, 6, 39, 12, 38, 32, 28, 5, 13, 1]","[1, 0, 0, 0, 0, 0, 0, 0, 0, 0, 0, 0, 0, 0, 0, 1, 0, 0, 0, 0, 0, 0, 0, 0, 0, 0, 0, 0, 0, 0, 0]"
L2_arctic_WAV/NCC_arctic_a0139,"[24, 25, 36, 31, 11, 28, 17, 24, 6, 29, 34, 5, 28, 22, 4, 41, 36, 41, 40, 24, 25, 39, 3, 9, 36, 24, 6, 29, 34, 5, 28, 22, 41, 30, 17, 23, 33, 37, 29, 17, 24, 6, 40, 17, 6, 9, 5, 38, 2, 28, 17, 27, 28, 31, 11, 4, 40]","[24, 25, 36, 31, 11, 39, 17, 24, 6, 29, 34, 5, 39, 22, 17, 41, 36, 41, 40, 24, 25, 39, 3, 9, 24, 25, 29, 34, 5, 28, 22, 41, 30, 17, 23, 33, 37, 29, 17, 24, 25, 34, 17, 6, 9, 19, 6, 38, 36, 27, 28, 31, 11, 36, 34]","[0, 0, 0, 0, 0, 1, 0, 0, 0, 0, 0, 0, 1, 0, 1, 0, 0, 0, 0, 0, 0, 0, 0, 0, 1, 0, 1, 0, 0, 0, 0, 0, 0, 0, 0, 0, 0, 0, 0, 0, 0, 1, 1, 0, 0, 0, 1, 1, 1, 1, 1, 0, 0, 0, 0, 1, 1]"
L2_arctic_WAV/ASI_arctic_a0003,"[22, 8, 33, 4, 12, 36, 39, 5, 30, 36, 25, 6, 10, 36, 14, 6, 29, 4, 41, 36, 25, 38, 30, 6, 7, 4, 2, 36, 37, 29, 5, 30, 9, 11, 27, 24, 41, 30, 40]","[22, 8, 33, 17, 12, 36, 39, 5, 30, 36, 25, 6, 36, 36, 14, 6, 29, 17, 41, 36, 25, 38, 30, 6, 7, 17, 2, 36, 37, 29, 5, 30, 9, 11, 27, 24, 3, 30, 34]","[0, 0, 0, 1, 0, 0, 0, 0, 0, 0, 0, 0, 1, 0, 0, 0, 0, 1, 0, 0, 0, 0, 0, 0, 0, 1, 0, 0, 0, 0, 0, 0, 0, 0, 0, 0, 1, 0, 1]"
L2_arctic_WAV/ASI_arctic_a0005,"[39, 6, 28, 39, 25, 5, 38, 1, 22, 8, 33, 23, 5, 36, 6, 36]","[39, 6, 28, 39, 25, 41, 39, 1, 22, 8, 33, 23, 5, 36, 6, 36]","[0, 0, 0, 0, 0, 1, 1, 0, 0, 0, 0, 0, 0, 0, 0, 0]"
L2_arctic_WAV/ASI_arctic_a0006,"[23, 3, 17, 16, 28, 5, 34, 2, 29, 14, 6, 24, 31, 11, 32, 14, 6, 28, 23, 31, 11, 8, 30, 34, 25, 6, 7, 4, 2, 29, 22, 1, 5, 38, 1]","[23, 3, 17, 16, 28, 5, 34, 2, 29, 14, 6, 24, 31, 11, 32, 14, 6, 28, 23, 31, 11, 8, 30, 34, 25, 6, 7, 17, 2, 29, 22, 1, 5, 39, 1]","[0, 0, 0, 0, 0, 0, 0, 0, 0, 0, 0, 0, 0, 0, 0, 0, 0, 0, 0, 0, 0, 0, 0, 0, 0, 0, 0, 1, 0, 0, 0, 0, 0, 1, 0]"
L2_arctic_WAV/ASI_arctic_a0007,"[41, 30, 17, 26, 37, 8, 28, 39, 25, 40, 39, 3, 30, 36, 36, 37, 34, 25, 6, 36, 6, 30, 4, 2, 34, 11, 32, 1, 28, 2, 36, 6, 38, 17, 6, 23, 33, 25]","[41, 30, 17, 26, 37, 8, 28, 39, 25, 40, 39, 3, 30, 36, 36, 37, 34, 25, 6, 36, 6, 30, 17, 2, 34, 11, 32, 1, 28, 19, 6, 36, 6, 38, 17, 6, 23, 33, 25]","[0, 0, 0, 0, 0, 0, 0, 0, 0, 0, 0, 0, 0, 0, 0, 0, 0, 0, 0, 0, 0, 0, 1, 0, 0, 0, 0, 0, 0, 1, 0, 0, 0, 0, 0, 0, 0, 0]"
L2_arctic_WAV/ASI_arctic_a0008,"[23, 41, 17, 26, 11, 33, 28, 5, 36, 1, 27, 19, 6, 29, 18, 12, 34, 36, 6, 30, 36, 14, 6, 29]","[23, 41, 17, 26, 11, 33, 28, 5, 36, 1, 27, 19, 6, 29, 18, 12, 34, 36, 6, 30, 36, 14, 6, 29]","[0, 0, 0, 0, 0, 0, 0, 0, 0, 0, 0, 0, 0, 0, 0, 0, 0, 0, 0, 0, 0, 0, 0, 0]"
L2_arctic_WAV/ASI_arctic_a0010,"[14, 6, 29, 32, 28, 19, 6, 6, 7, 2, 34, 6, 7, 23, 2, 28, 24, 41, 30, 17, 6, 30, 39, 12, 36, 28, 11, 27, 34, 28, 14, 6, 27, 2, 28, 37, 40, 6, 7, 23, 19, 6, 29]","[14, 6, 29, 32, 28, 19, 6, 6, 7, 2, 34, 6, 7, 23, 2, 28, 24, 41, 30, 17, 6, 30, 39, 12, 36, 28, 11, 27, 34, 28, 14, 6, 27, 2, 28, 37, 40, 6, 7, 23, 19, 6, 29]","[0, 0, 0, 0, 0, 0, 0, 0, 0, 0, 0, 0, 0, 0, 0, 0, 0, 0, 0, 0, 0, 0, 0, 0, 0, 0, 0, 0, 0, 0, 0, 0, 0, 0, 0, 0, 0, 0, 0, 0, 0, 0, 0]"
L2_arctic_WAV/ASI_arctic_a0011,"[6, 22, 14, 6, 5, 38, 1, 30, 25, 17, 2, 17, 2, 22, 14, 6, 36, 1, 6, 30, 29, 14, 6, 28, 14, 6, 22, 14, 6, 30, 25, 17, 39, 12, 30, 30, 14, 11]","[6, 22, 14, 6, 41, 39, 1, 30, 25, 17, 2, 17, 2, 22, 14, 6, 36, 1, 6, 30, 29, 14, 6, 28, 14, 6, 22, 14, 6, 30, 25, 17, 39, 12, 30, 30, 14, 11]","[0, 0, 0, 0, 1, 1, 0, 0, 0, 0, 0, 0, 0, 0, 0, 0, 0, 0, 0, 0, 0, 0, 0, 0, 0, 0, 0, 0, 0, 0, 0, 0, 0, 0, 0, 0, 0, 0]"
L2_arctic_WAV/ASI_arctic_a0013,"[24, 25, 39, 12, 40, 2, 24, 5, 17, 9, 8, 33, 36, 1, 4, 41, 30, 24, 6, 40, 27, 2, 29, 32, 41, 30, 26, 2, 30, 12, 38, 8, 28, 29, 31, 11, 34, 36, 17, 5, 28, 2, 27, 2, 36, 22, 2, 40, 25, 27]","[24, 25, 39, 12, 40, 2, 24, 5, 17, 9, 8, 33, 36, 1, 17, 41, 30, 24, 6, 34, 27, 2, 29, 32, 41, 30, 26, 2, 30, 8, 38, 8, 28, 29, 31, 11, 34, 36, 17, 5, 28, 2, 27, 2, 36, 22, 2, 34, 25, 27]","[0, 0, 0, 0, 0, 0, 0, 0, 0, 0, 0, 0, 0, 0, 1, 0, 0, 0, 0, 1, 0, 0, 0, 0, 0, 0, 0, 0, 0, 1, 0, 0, 0, 0, 0, 0, 0, 0, 0, 0, 0, 0, 0, 0, 0, 0, 0, 1, 0, 0]"
L2_arctic_WAV/ASI_arctic_a0018,"[4, 5, 33, 39, 8, 40, 2, 35, 19, 6, 30, 18, 30, 14, 11]","[17, 5, 33, 39, 8, 40, 2, 35, 19, 6, 30, 18, 30, 14, 11]","[1, 0, 0, 0, 0, 0, 0, 0, 0, 0, 0, 0, 0, 0, 0]"
L2_arctic_WAV/ASI_arctic_a0019,"[14, 6, 22, 3, 28, 31, 11, 17, 4, 2, 28, 14, 6, 30, 12, 38, 4, 12, 32, 33, 2, 32, 31, 11, 40, 17, 33, 19, 6, 28, 33, 31, 11, 17, 28, 11, 27, 6, 7, 22, 33, 1, 35, 41, 30, 34, 6, 40]","[14, 6, 22, 3, 28, 31, 11, 17, 17, 2, 28, 14, 6, 30, 12, 38, 17, 12, 32, 33, 2, 32, 31, 11, 34, 17, 33, 19, 6, 33, 31, 11, 17, 28, 11, 27, 6, 7, 22, 33, 1, 35, 41, 30, 34, 6, 40]","[0, 0, 0, 0, 0, 0, 0, 0, 1, 0, 0, 0, 0, 0, 0, 0, 1, 0, 0, 0, 0, 0, 0, 0, 1, 0, 0, 0, 0, 1, 0, 0, 0, 0, 0, 0, 0, 0, 0, 0, 0, 0, 0, 0, 0, 0, 0, 0]"
L2_arctic_WAV/ASI_arctic_a0020,"[27, 28, 12, 16, 40, 41, 30, 17, 16, 8, 28, 40, 41, 30, 17, 34, 6, 36, 25, 40, 23, 33, 37, 39, 36, 37, 16, 25, 31, 11, 30, 28, 25, 29, 5, 29, 1, 25, 40]","[27, 28, 12, 16, 40, 41, 30, 17, 16, 8, 28, 34, 41, 30, 17, 34, 6, 36, 25, 40, 23, 33, 25, 39, 36, 37, 16, 25, 31, 11, 30, 28, 25, 29, 5, 29, 1, 25, 34]","[0, 0, 0, 0, 0, 0, 0, 0, 0, 0, 0, 1, 0, 0, 0, 0, 0, 0, 0, 0, 0, 0, 1, 0, 0, 0, 0, 0, 0, 0, 0, 0, 0, 0, 0, 0, 0, 0, 1]"
L2_arctic_WAV/ASI_arctic_a0021,"[6, 36, 22, 5, 33, 28, 25, 27, 28, 12, 16, 17, 29, 25, 6, 30, 36, 37, 33, 5, 27, 2, 23, 30, 14, 6, 40, 6, 7, 6, 36]","[6, 36, 22, 5, 33, 28, 25, 27, 28, 3, 16, 17, 29, 25, 6, 30, 36, 37, 33, 5, 27, 2, 23, 30, 14, 6, 40, 6, 7, 6, 36]","[0, 0, 0, 0, 0, 0, 0, 0, 0, 1, 0, 0, 0, 0, 0, 0, 0, 0, 0, 0, 0, 0, 0, 0, 0, 0, 0, 0, 0, 0, 0]"
L2_arctic_WAV/ASI_arctic_a0022,"[24, 3, 33, 17, 28, 25, 39, 1, 14, 11, 33, 32, 28, 41, 30, 40, 29, 19, 6, 17, 32, 12, 16, 28, 6, 27, 16, 6, 22, 8, 33, 39, 25, 39, 1, 29, 5, 36, 16, 14, 6, 32, 14, 11, 1, 22, 2, 28, 3, 32, 2, 40, 6, 9, 2, 30]","[24, 3, 33, 17, 28, 25, 39, 1, 14, 11, 32, 28, 41, 30, 34, 29, 19, 6, 17, 32, 12, 16, 28, 6, 27, 16, 6, 22, 8, 33, 39, 25, 39, 1, 29, 5, 36, 16, 14, 6, 32, 14, 11, 1, 22, 2, 28, 3, 32, 2, 40, 6, 9, 2, 30]","[0, 0, 0, 0, 0, 0, 0, 0, 0, 0, 1, 0, 0, 0, 0, 1, 0, 0, 0, 0, 0, 0, 0, 0, 0, 0, 0, 0, 0, 0, 0, 0, 0, 0, 0, 0, 0, 0, 0, 0, 0, 0, 0, 0, 0, 0, 0, 0, 0, 0, 0, 0, 0, 0, 0, 0]"
L2_arctic_WAV/ASI_arctic_a0023,"[2, 27, 3, 29, 16, 2, 30, 19, 6, 9, 2, 30, 12, 38, 27, 2, 30, 19, 6, 17, 25, 2, 30, 27, 41, 32, 2, 36, 2, 28, 27, 39, 6, 27, 28, 25, 8, 33, 23, 2, 30, 14, 6, 40, 17, 41, 30, 17, 32, 2, 36, 6, 9, 2, 30, 17, 22, 8, 33, 4, 2, 34, 19, 6, 29, 32, 33, 6, 38, 6, 28, 6, 18, 6, 40]","[2, 27, 8, 29, 16, 2, 30, 19, 6, 9, 2, 30, 8, 38, 27, 2, 30, 19, 6, 17, 25, 2, 30, 27, 3, 32, 2, 36, 2, 28, 27, 39, 6, 27, 28, 25, 8, 33, 23, 2, 30, 14, 6, 40, 17, 41, 30, 17, 16, 2, 36, 25, 9, 2, 30, 17, 22, 8, 33, 17, 2, 34, 19, 6, 29, 32, 33, 6, 39, 6, 28, 6, 18, 6, 34]","[0, 0, 1, 0, 0, 0, 0, 0, 0, 0, 0, 0, 1, 0, 0, 0, 0, 0, 0, 0, 0, 0, 0, 0, 1, 0, 0, 0, 0, 0, 0, 0, 0, 0, 0, 0, 0, 0, 0, 0, 0, 0, 0, 0, 0, 0, 0, 0, 1, 0, 0, 1, 0, 0, 0, 0, 0, 0, 0, 1, 0, 0, 0, 0, 0, 0, 0, 0, 1, 0, 0, 0, 0, 0, 1]"
L2_arctic_WAV/ASI_arctic_a0024,"[6, 36, 39, 12, 40, 29, 14, 6, 33, 6, 32, 8, 33, 36, 34, 22, 33, 12, 29, 4, 2, 30, 8, 33, 10, 39, 6, 35, 35, 25, 22, 28, 25, 6, 30, 17, 37, 34, 36, 32, 25, 32, 2, 28, 36, 37, 16, 14, 6]","[6, 36, 39, 12, 40, 29, 14, 6, 33, 6, 32, 8, 33, 36, 34, 22, 33, 12, 29, 17, 2, 30, 8, 33, 36, 39, 6, 35, 35, 25, 38, 28, 25, 6, 30, 17, 26, 37, 34, 36, 32, 25, 32, 2, 28, 36, 37, 16, 14, 6]","[0, 0, 0, 0, 0, 0, 0, 0, 0, 0, 0, 0, 0, 0, 0, 0, 0, 0, 0, 1, 0, 0, 0, 0, 1, 0, 0, 0, 0, 0, 1, 0, 0, 0, 0, 0, 0, 0, 0, 0, 0, 0, 0, 0, 0, 0, 0, 0, 0]"
L2_arctic_WAV/ASI_arctic_a0025,"[14, 6, 39, 12, 40, 2, 16, 14, 11, 36, 36, 2, 17, 37, 4, 6, 34, 39, 5, 30, 27, 37, 28, 1, 18, 12, 18, 29, 2, 30, 36, 32, 33, 6, 38, 19, 6, 28, 17]","[14, 6, 39, 12, 40, 2, 16, 8, 36, 36, 2, 17, 37, 17, 6, 34, 39, 5, 30, 27, 37, 28, 1, 18, 12, 13, 29, 2, 30, 36, 32, 33, 6, 39, 19, 6, 28, 17]","[0, 0, 0, 0, 0, 0, 0, 1, 1, 0, 0, 0, 0, 0, 1, 0, 0, 0, 0, 0, 0, 0, 0, 0, 0, 0, 1, 0, 0, 0, 0, 0, 0, 0, 1, 0, 0, 0, 0]"
L2_arctic_WAV/ASI_arctic_a0026,"[6, 36, 2, 27, 1, 17, 36, 37, 29, 25, 4, 41, 36, 4, 5, 33, 39, 11, 17, 24, 41, 38, 36, 37, 16, 25, 41, 30, 2, 27, 14, 11, 30, 36, 6, 7]","[6, 36, 2, 23, 1, 17, 36, 37, 29, 25, 17, 3, 36, 17, 5, 33, 39, 11, 17, 24, 41, 38, 36, 37, 16, 25, 41, 30, 2, 27, 8, 30, 36, 6, 7]","[0, 0, 0, 1, 0, 0, 0, 0, 0, 0, 1, 1, 0, 1, 0, 0, 0, 0, 0, 0, 0, 0, 0, 0, 0, 0, 0, 0, 0, 0, 1, 1, 0, 0, 0, 0]"
L2_arctic_WAV/ASI_arctic_a0027,"[36, 37, 29, 14, 6, 34, 2, 32, 33, 14, 6, 40, 24, 25, 16, 6, 23, 41, 30, 36, 2, 9, 31, 11, 41, 27, 9, 2, 28, 6, 30, 10, 37, 40, 25, 41, 40, 2, 29, 6, 30, 29, 14, 6, 22, 19, 6, 38, 1]","[36, 37, 29, 14, 6, 34, 2, 32, 33, 14, 6, 40, 24, 25, 16, 6, 23, 41, 30, 36, 2, 9, 31, 11, 41, 27, 9, 2, 28, 6, 30, 36, 37, 40, 25, 41, 40, 2, 29, 6, 30, 29, 14, 6, 22, 19, 6, 39, 2]","[0, 0, 0, 0, 0, 0, 0, 0, 0, 0, 0, 0, 0, 0, 0, 0, 0, 0, 0, 0, 0, 0, 0, 0, 0, 0, 0, 0, 0, 0, 0, 1, 0, 0, 0, 0, 0, 0, 0, 0, 0, 0, 0, 0, 0, 0, 0, 1, 1]"
L2_arctic_WAV/ASI_arctic_a0028,"[33, 3, 16, 1, 25, 16, 33, 14, 6, 16, 1, 25, 22, 33, 8, 17]","[33, 8, 16, 1, 25, 16, 33, 14, 6, 16, 1, 25, 22, 33, 8, 17]","[0, 1, 0, 0, 0, 0, 0, 0, 0, 0, 0, 0, 0, 0, 0, 0]"
L2_arctic_WAV/ASI_arctic_a0029,"[4, 5, 33, 22, 8, 33, 34, 6, 40, 39, 1, 8, 28, 33, 5, 17, 25, 29, 37, 38, 6, 7, 6, 30, 36, 37, 4, 2, 30, 8, 33, 10, 27, 12, 30, 36, 33, 25]","[17, 5, 33, 22, 8, 34, 6, 34, 39, 1, 8, 28, 33, 5, 17, 25, 29, 37, 39, 6, 7, 6, 30, 36, 37, 17, 2, 30, 8, 33, 36, 23, 12, 30, 36, 33, 25]","[1, 0, 0, 0, 0, 1, 0, 0, 1, 0, 0, 0, 0, 0, 0, 0, 0, 0, 0, 1, 0, 0, 0, 0, 0, 0, 1, 0, 0, 0, 0, 1, 1, 0, 0, 0, 0, 0]"
L2_arctic_WAV/ASI_arctic_a0030,"[14, 6, 24, 41, 17, 22, 19, 6, 10, 6, 30, 4, 5, 29]","[14, 6, 24, 41, 17, 22, 19, 6, 36, 6, 30, 17, 5, 29]","[0, 0, 0, 0, 0, 0, 0, 0, 1, 0, 0, 1, 0, 0]"
L2_arctic_WAV/ASI_arctic_a0031,"[4, 19, 6, 39, 1, 10, 33, 25, 24, 12, 30, 17, 33, 5, 17, 26, 3, 33, 17, 40, 2, 32, 3, 33, 36]","[17, 19, 6, 39, 2, 36, 33, 25, 24, 3, 30, 17, 33, 5, 17, 26, 3, 17, 34, 2, 32, 3, 36]","[1, 0, 0, 0, 1, 1, 0, 0, 0, 1, 0, 0, 0, 0, 0, 0, 0, 1, 0, 1, 0, 0, 0, 1, 0]"
L2_arctic_WAV/ASI_arctic_a0032,"[34, 6, 30, 34, 4, 5, 30, 34, 12, 29, 29, 6, 34, 36, 6, 33, 25, 2, 34, 22, 8, 33, 34, 24, 41, 40, 16, 6, 30, 22, 14, 6, 36, 6, 7, 12, 34, 41, 36, 5, 38, 33, 25, 34, 36, 5, 32]","[34, 6, 30, 34, 17, 5, 30, 34, 12, 29, 29, 6, 34, 36, 6, 33, 25, 2, 34, 22, 8, 33, 34, 24, 41, 40, 16, 25, 30, 22, 14, 6, 36, 6, 7, 12, 34, 41, 36, 5, 39, 33, 25, 34, 36, 5, 32]","[0, 0, 0, 0, 1, 0, 0, 0, 0, 0, 0, 0, 0, 0, 0, 0, 0, 0, 0, 0, 0, 0, 0, 0, 0, 0, 0, 1, 0, 0, 0, 0, 0, 0, 0, 0, 0, 0, 0, 0, 1, 0, 0, 0, 0, 0, 0]"
L2_arctic_WAV/ASI_arctic_a0036,"[9, 25, 36, 1, 30, 17, 6, 30, 41, 36, 4, 2, 24, 31, 11, 36, 5, 28]","[9, 25, 36, 1, 30, 17, 6, 30, 41, 36, 17, 2, 24, 31, 11, 36, 5, 28]","[0, 0, 0, 0, 0, 0, 0, 0, 0, 0, 1, 0, 0, 0, 0, 0, 0, 0]"
L2_arctic_WAV/ASI_arctic_a0037,"[14, 6, 39, 12, 40, 4, 12, 31, 11, 30, 28, 25, 39, 12, 30, 24, 37, 33, 6, 29, 19, 6, 30, 17, 34, 6, 36, 6, 7]","[14, 6, 39, 12, 40, 17, 12, 31, 11, 30, 28, 25, 39, 3, 30, 24, 37, 33, 6, 29, 19, 6, 30, 17, 34, 25, 36, 6, 7]","[0, 0, 0, 0, 0, 1, 0, 0, 0, 0, 0, 0, 0, 1, 0, 0, 0, 0, 0, 0, 0, 0, 0, 0, 0, 1, 0, 0, 0]"
L2_arctic_WAV/ASI_arctic_a0038,"[39, 6, 28, 24, 41, 38, 36, 37, 39, 3, 35, 3, 33, 35, 41, 30, 34, 6, 40]","[39, 25, 28, 24, 41, 22, 36, 37, 39, 3, 35, 3, 35, 3, 30, 34, 6, 34]","[0, 1, 0, 0, 0, 1, 0, 0, 0, 0, 0, 0, 1, 0, 1, 0, 0, 0, 1]"
L2_arctic_WAV/ASI_arctic_a0039,"[4, 2, 9, 6, 32, 9, 11, 17, 16, 25, 6, 30, 39, 6, 4, 6, 30, 2, 39, 25, 27, 8, 33, 36, 5, 30, 17, 19, 6, 40]","[17, 2, 9, 6, 32, 9, 37, 17, 16, 25, 6, 30, 38, 6, 17, 6, 30, 2, 38, 25, 27, 8, 33, 36, 5, 30, 17, 19, 6, 34]","[1, 0, 0, 0, 0, 0, 1, 0, 0, 0, 0, 0, 1, 0, 1, 0, 0, 0, 1, 0, 0, 0, 0, 0, 0, 0, 0, 0, 0, 1]"
L2_arctic_WAV/ASI_arctic_a0040,"[14, 6, 34, 2, 32, 31, 11, 40, 26, 37, 39, 12, 30, 17, 1, 39, 14, 6, 9, 25, 6, 40, 27, 12, 29, 6, 7, 12, 32, 24, 25, 33]","[14, 6, 34, 2, 16, 31, 11, 40, 26, 37, 39, 12, 30, 17, 1, 39, 14, 6, 9, 25, 25, 34, 23, 12, 29, 6, 7, 12, 32, 24, 25, 2]","[0, 0, 0, 0, 1, 0, 0, 0, 0, 0, 0, 0, 0, 0, 0, 0, 0, 0, 0, 0, 1, 1, 1, 0, 0, 0, 0, 0, 0, 0, 0, 1]"
L2_arctic_WAV/ASI_arctic_a0041,"[29, 25, 30, 39, 14, 6, 28, 14, 6, 28, 23, 31, 11, 14, 11, 36, 36, 37, 16, 33, 25, 4, 2, 34, 32, 5, 28]","[29, 25, 30, 39, 14, 6, 28, 14, 6, 28, 23, 31, 11, 14, 11, 36, 36, 37, 16, 33, 5, 17, 2, 34, 32, 5, 28]","[0, 0, 0, 0, 0, 0, 0, 0, 0, 0, 0, 0, 0, 0, 0, 0, 0, 0, 0, 0, 1, 1, 0, 0, 0, 0, 0]"
L2_arctic_WAV/ASI_arctic_a0042,"[24, 14, 11, 27, 11, 17, 24, 25, 6, 27, 34, 32, 28, 19, 6, 30, 24, 6, 40, 32, 2, 40, 5, 9, 2, 30, 12, 38, 4, 2, 34, 27, 5, 35]","[24, 14, 11, 23, 11, 17, 24, 25, 6, 27, 34, 32, 28, 19, 6, 30, 24, 6, 34, 32, 2, 40, 5, 9, 2, 30, 8, 38, 17, 2, 34, 27, 5, 35]","[0, 0, 0, 1, 0, 0, 0, 0, 0, 0, 0, 0, 0, 0, 0, 0, 0, 0, 1, 0, 0, 0, 0, 0, 0, 0, 1, 0, 1, 0, 0, 0, 0, 0]"
L2_arctic_WAV/ASI_arctic_a0045,"[24, 25, 29, 37, 38, 17, 2, 39, 19, 6, 41, 40, 27, 39, 14, 6, 2, 36, 28, 25, 41, 40, 24, 25, 24, 41, 17, 27, 12, 29]","[24, 25, 29, 37, 39, 17, 2, 39, 19, 6, 41, 34, 27, 39, 14, 6, 2, 36, 28, 25, 41, 40, 24, 25, 24, 41, 17, 23, 12, 29]","[0, 0, 0, 0, 1, 0, 0, 0, 0, 0, 0, 1, 0, 0, 0, 0, 0, 0, 0, 0, 0, 0, 0, 0, 0, 0, 0, 1, 0, 0]"
L2_arctic_WAV/ASI_arctic_a0046,"[4, 2, 23, 1, 28, 22, 19, 6, 34, 36, 24, 6, 29, 24, 1, 14, 6, 40, 9, 14, 6, 30, 6, 7, 39, 6, 10, 34, 12, 17, 2, 30, 22, 6, 33]","[17, 2, 23, 2, 28, 22, 19, 6, 34, 36, 24, 6, 29, 24, 1, 14, 6, 40, 9, 14, 6, 30, 6, 7, 39, 6, 36, 34, 12, 17, 2, 30, 22, 6, 2]","[1, 0, 0, 1, 0, 0, 0, 0, 0, 0, 0, 0, 0, 0, 0, 0, 0, 0, 0, 0, 0, 0, 0, 0, 0, 0, 1, 0, 0, 0, 0, 0, 0, 0, 1]"
L2_arctic_WAV/ASI_arctic_a0047,"[27, 28, 31, 11, 34, 16, 6, 34, 14, 6, 17, 24, 6, 29, 23, 28, 25, 29, 17, 4, 12, 39, 14, 6, 36, 22, 41, 7, 40, 12, 38, 4, 2, 39, 11, 28, 22, 17, 8, 23]","[23, 28, 31, 11, 40, 16, 6, 34, 14, 6, 17, 24, 6, 29, 23, 28, 25, 29, 17, 17, 12, 39, 14, 6, 36, 22, 41, 7, 34, 12, 38, 17, 2, 39, 37, 28, 22, 17, 8, 27]","[1, 0, 0, 0, 1, 0, 0, 0, 0, 0, 0, 0, 0, 0, 0, 0, 0, 0, 0, 1, 0, 0, 0, 0, 0, 0, 0, 0, 1, 0, 0, 1, 0, 0, 1, 0, 0, 0, 0, 1]"
L2_arctic_WAV/ASI_arctic_a0048,"[24, 25, 28, 11, 27, 36, 41, 36, 4, 2, 24, 41, 7, 27, 1, 35, 6, 22, 29, 8, 33, 27, 28, 31, 11, 34, 28, 25]","[24, 25, 28, 37, 27, 36, 41, 36, 17, 2, 24, 41, 7, 27, 1, 35, 6, 22, 29, 8, 33, 27, 28, 31, 11, 34, 28, 25]","[0, 0, 0, 1, 0, 0, 0, 0, 1, 0, 0, 0, 0, 0, 0, 0, 0, 0, 0, 0, 0, 0, 0, 0, 0, 0, 0, 0]"
L2_arctic_WAV/ASI_arctic_a0051,"[4, 2, 28, 19, 6, 34, 39, 3, 40, 12, 38, 2, 17, 5, 28, 2, 27, 2, 36, 14, 6, 38, 1, 25, 27, 12, 28, 1, 22, 19, 6, 30, 36, 28, 25, 36, 6, 30, 36, 6, 17, 39, 6, 4, 26, 5, 28, 31, 11]","[17, 2, 28, 19, 6, 34, 39, 3, 34, 8, 38, 2, 17, 5, 28, 2, 27, 2, 36, 14, 6, 39, 1, 25, 23, 12, 28, 1, 22, 19, 6, 30, 36, 28, 25, 36, 6, 30, 36, 6, 17, 39, 6, 17, 26, 5, 28, 31, 11]","[1, 0, 0, 0, 0, 0, 0, 0, 1, 1, 0, 0, 0, 0, 0, 0, 0, 0, 0, 0, 0, 1, 0, 0, 1, 0, 0, 0, 0, 0, 0, 0, 0, 0, 0, 0, 0, 0, 0, 0, 0, 0, 0, 1, 0, 0, 0, 0, 0]"
L2_arctic_WAV/ASI_arctic_a0052,"[6, 36, 39, 12, 40, 2, 27, 26, 11, 33, 25, 2, 34, 27, 31, 11, 6, 30, 34, 6, 17, 2, 30, 34]","[6, 36, 39, 12, 40, 2, 27, 26, 11, 33, 25, 2, 34, 27, 31, 11, 6, 30, 34, 6, 17, 5, 30, 34]","[0, 0, 0, 0, 0, 0, 0, 0, 0, 0, 0, 0, 0, 0, 0, 0, 0, 0, 0, 0, 0, 1, 0, 0]"
L2_arctic_WAV/ASI_arctic_a0053,"[34, 12, 17, 2, 30, 28, 25, 24, 6, 40, 22, 6, 7, 23, 1, 40, 27, 28, 31, 11, 40, 17, 36, 14, 6, 36, 28, 25, 31, 11, 38, 1, 4, 2, 24, 41, 7, 27, 1, 35, 6, 22]","[34, 3, 17, 2, 30, 28, 25, 24, 25, 34, 22, 25, 7, 23, 1, 34, 27, 28, 31, 11, 34, 36, 36, 14, 6, 36, 28, 25, 31, 11, 39, 2, 17, 2, 24, 41, 7, 27, 1, 35, 6, 22]","[0, 1, 0, 0, 0, 0, 0, 0, 1, 1, 0, 1, 0, 0, 0, 1, 0, 0, 0, 0, 1, 1, 0, 0, 0, 0, 0, 0, 0, 0, 1, 1, 1, 0, 0, 0, 0, 0, 0, 0, 0, 0]"
L2_arctic_WAV/ASI_arctic_a0054,"[4, 5, 33, 39, 3, 40, 30, 12, 10, 6, 7, 8, 30, 4, 2, 33, 3, 27]","[17, 5, 33, 39, 3, 40, 30, 12, 36, 6, 7, 8, 30, 17, 2, 33, 3, 27]","[1, 0, 0, 0, 0, 0, 0, 0, 1, 0, 0, 0, 0, 1, 0, 0, 0, 0]"
L2_arctic_WAV/ASI_arctic_a0058,"[14, 6, 27, 19, 6, 29, 22, 8, 33, 6, 30, 22, 8, 33, 29, 19, 6, 9, 2, 30, 29, 8, 33, 14, 11, 36, 12, 38, 27, 26, 11, 33, 25, 3, 34, 2, 36, 25, 4, 2, 30, 5, 30, 25, 10, 6, 7, 5, 28, 34]","[14, 6, 23, 19, 6, 29, 22, 8, 33, 6, 30, 22, 8, 29, 19, 6, 9, 2, 30, 29, 8, 33, 14, 11, 36, 8, 38, 27, 26, 11, 33, 25, 3, 34, 2, 36, 25, 17, 2, 30, 5, 30, 25, 36, 6, 7, 5, 28, 34]","[0, 0, 1, 0, 0, 0, 0, 0, 0, 0, 0, 0, 0, 1, 0, 0, 0, 0, 0, 0, 0, 0, 0, 0, 0, 0, 1, 0, 0, 0, 0, 0, 0, 0, 0, 0, 0, 0, 1, 0, 0, 0, 0, 0, 1, 0, 0, 0, 0, 0]"
L2_arctic_WAV/ASI_arctic_a0059,"[24, 6, 40, 6, 29, 41, 27, 26, 37, 28, 6, 36, 2, 32, 6, 33, 2, 30, 34, 39, 2, 40, 23, 8, 30]","[24, 25, 40, 6, 29, 41, 27, 26, 37, 28, 6, 36, 2, 16, 6, 33, 2, 30, 34, 39, 2, 40, 23, 8, 30]","[0, 1, 0, 0, 0, 0, 0, 0, 0, 0, 0, 0, 0, 1, 0, 0, 0, 0, 0, 0, 0, 0, 0, 0, 0]"
L2_arctic_WAV/ASI_arctic_a0060,"[5, 30, 25, 39, 19, 6, 30, 31, 11, 39, 12, 30, 34, 8, 24, 1, 28, 14, 6, 27, 4, 41, 36]","[5, 30, 25, 39, 19, 6, 30, 31, 11, 39, 12, 30, 34, 8, 24, 2, 28, 14, 6, 27, 17, 41, 36]","[0, 0, 0, 0, 0, 0, 0, 0, 0, 0, 0, 0, 0, 0, 0, 1, 0, 0, 0, 0, 1, 0, 0]"
L2_arctic_WAV/ASI_arctic_a0062,"[4, 2, 29, 5, 30, 34, 36, 5, 33, 17, 6, 30, 36, 37, 25, 35, 12, 4, 1, 40, 22, 19, 6, 34]","[17, 2, 29, 5, 30, 34, 36, 5, 17, 6, 30, 36, 37, 25, 35, 12, 4, 2, 34, 22, 19, 6, 34]","[1, 0, 0, 0, 0, 0, 0, 0, 1, 0, 0, 0, 0, 0, 0, 0, 0, 0, 1, 1, 0, 0, 0, 0]"
L2_arctic_WAV/ASI_arctic_a0063,"[26, 5, 34, 6, 36, 39, 12, 40, 2, 29, 41, 30, 24, 37, 41, 34, 36, 2, 34, 36, 33, 19, 6, 30, 18, 1]","[26, 5, 34, 6, 36, 39, 12, 40, 2, 29, 41, 30, 24, 37, 3, 34, 36, 2, 34, 36, 33, 19, 6, 30, 18, 2]","[0, 0, 0, 0, 0, 0, 0, 0, 0, 0, 0, 0, 0, 0, 1, 0, 0, 0, 0, 0, 0, 0, 0, 0, 0, 1]"
L2_arctic_WAV/ASI_arctic_a0064,"[4, 2, 22, 8, 33, 10, 2, 30, 17, 22, 6, 10, 17, 19, 6, 40, 32, 41, 34, 36, 39, 6, 4, 14, 11, 36, 5, 30, 25, 17, 6, 38, 5, 28, 2, 32, 29, 2, 30, 36, 34]","[17, 2, 22, 8, 36, 2, 30, 17, 22, 6, 22, 17, 19, 6, 34, 16, 3, 34, 36, 39, 6, 17, 14, 11, 36, 5, 30, 25, 17, 5, 39, 5, 28, 8, 32, 29, 2, 30, 36, 34]","[1, 0, 0, 0, 1, 1, 0, 0, 0, 0, 0, 1, 0, 0, 0, 1, 1, 1, 0, 0, 0, 0, 1, 0, 0, 0, 0, 0, 0, 0, 1, 1, 0, 0, 1, 0, 0, 0, 0, 0, 0]"
L2_arctic_WAV/ASI_arctic_a0065,"[4, 19, 6, 27, 28, 31, 11, 40, 17, 30, 14, 11, 2, 30, 36, 6, 28, 24, 6, 40, 22, 6, 7, 23, 1, 40, 39, 1, 28, 14, 6, 27, 27, 8, 33, 17, 40, 12, 38, 34, 36, 25, 28]","[17, 19, 6, 23, 28, 31, 11, 40, 17, 30, 14, 11, 2, 30, 36, 6, 28, 6, 34, 22, 6, 7, 23, 2, 40, 39, 2, 28, 14, 6, 27, 27, 8, 33, 17, 34, 8, 38, 34, 36, 25, 28]","[1, 0, 0, 1, 0, 0, 0, 0, 0, 0, 0, 0, 0, 0, 0, 0, 0, 1, 0, 1, 0, 0, 0, 0, 1, 0, 0, 1, 0, 0, 0, 0, 0, 0, 0, 0, 1, 1, 0, 0, 0, 0, 0]"
L2_arctic_WAV/ASI_arctic_a0067,"[9, 11, 33, 28, 25, 14, 6, 39, 2, 28, 6, 27, 34, 27, 26, 37, 40, 26, 37, 9, 25, 27, 33, 14, 6, 17]","[9, 31, 11, 33, 28, 25, 14, 6, 39, 25, 28, 6, 27, 34, 27, 26, 37, 40, 26, 37, 9, 25, 27, 33, 14, 6, 17]","[0, 0, 0, 0, 0, 0, 0, 0, 1, 0, 0, 0, 0, 0, 0, 0, 0, 0, 0, 0, 0, 0, 0, 0, 0, 0]"
L2_arctic_WAV/ASI_arctic_a0071,"[39, 12, 36, 39, 12, 40, 4, 12, 3, 16, 18, 5, 27, 36, 12, 38, 26, 11, 33, 28, 6, 36, 2, 28, 34, 5, 30, 34, 19, 6, 9, 2, 30]","[39, 12, 36, 39, 12, 40, 17, 12, 3, 16, 18, 5, 27, 36, 8, 38, 26, 11, 33, 28, 6, 36, 2, 28, 34, 5, 30, 34, 19, 6, 9, 2, 30]","[0, 0, 0, 0, 0, 0, 1, 0, 0, 0, 0, 0, 0, 0, 1, 0, 0, 0, 0, 0, 0, 0, 0, 0, 0, 0, 0, 0, 0, 0, 0, 0, 0]"
L2_arctic_WAV/ASI_arctic_a0073,"[4, 12, 32, 33, 2, 29, 31, 11, 36, 1, 40, 14, 6, 40, 39, 1, 24, 5, 38, 25, 39, 6, 4, 28, 6, 36, 2, 28, 32, 12, 22, 25, 16, 41, 23, 40, 12, 30, 17, 1, 4, 5, 29]","[17, 12, 32, 33, 2, 29, 31, 11, 36, 2, 34, 14, 6, 40, 39, 2, 24, 5, 39, 25, 39, 25, 17, 28, 25, 36, 2, 28, 16, 3, 22, 25, 16, 41, 23, 34, 3, 30, 17, 2, 17, 5, 29]","[1, 0, 0, 0, 0, 0, 0, 0, 0, 1, 1, 0, 0, 0, 0, 1, 0, 0, 1, 0, 0, 1, 1, 0, 1, 0, 0, 0, 1, 1, 0, 0, 0, 0, 0, 1, 1, 0, 0, 1, 1, 0, 0]"
L2_arctic_WAV/ASI_arctic_a0075,"[4, 5, 33, 24, 41, 40, 16, 6, 30, 2, 35, 19, 6, 30, 18, 9, 25, 6, 30, 36, 1, 12, 32, 36, 6, 17, 24, 6, 29]","[17, 5, 33, 24, 3, 40, 16, 25, 30, 2, 35, 19, 6, 30, 18, 9, 25, 6, 30, 36, 1, 12, 32, 36, 6, 17, 24, 6, 29]","[1, 0, 0, 0, 1, 0, 0, 1, 0, 0, 0, 0, 0, 0, 0, 0, 0, 0, 0, 0, 0, 0, 0, 0, 0, 0, 0, 0, 0]"
L2_arctic_WAV/ASI_arctic_a0076,"[4, 2, 23, 33, 19, 6, 14, 6, 40, 22, 3, 28, 36, 1, 17, 4, 2, 22, 28, 12, 9, 17, 25, 32, 2, 30, 17]","[17, 2, 23, 33, 19, 6, 14, 6, 34, 22, 3, 28, 36, 1, 17, 17, 2, 22, 28, 12, 9, 17, 25, 32, 2, 30, 17]","[1, 0, 0, 0, 0, 0, 0, 0, 1, 0, 0, 0, 0, 0, 0, 1, 0, 0, 0, 0, 0, 0, 0, 0, 0, 0, 0]"
L2_arctic_WAV/ASI_arctic_a0077,"[6, 36, 6, 40, 4, 12, 22, 14, 6, 33, 32, 3, 33, 36, 28, 25, 9, 25, 34, 5, 17]","[6, 36, 6, 40, 4, 12, 22, 14, 6, 33, 32, 3, 33, 36, 28, 25, 9, 25, 34, 5, 17]","[0, 0, 0, 0, 0, 0, 0, 0, 0, 0, 0, 0, 0, 0, 0, 0, 0, 0, 0, 0, 0]"
L2_arctic_WAV/ASI_arctic_a0078,"[4, 5, 30, 41, 30, 17, 41, 36, 34, 12, 32, 1, 24, 25, 36, 33, 14, 6, 17, 36, 37, 22, 41, 4, 2, 29, 24, 1]","[4, 5, 30, 41, 17, 12, 34, 12, 32, 1, 24, 25, 36, 33, 14, 6, 36, 37, 22, 41, 4, 2, 29, 24, 2]","[0, 0, 0, 0, 1, 0, 1, 1, 0, 0, 0, 0, 0, 0, 0, 0, 0, 0, 1, 0, 0, 0, 0, 0, 0, 0, 0, 1]"
L2_arctic_WAV/ASI_arctic_a0079,"[6, 36, 39, 2, 40, 2, 28, 3, 33, 18, 27, 2, 30, 37]","[6, 36, 39, 2, 40, 2, 28, 3, 35, 27, 2, 30, 37, 6]","[0, 0, 0, 0, 0, 0, 0, 0, 1, 1, 0, 0, 0, 0]"
L2_arctic_WAV/ASI_arctic_a0081,"[24, 39, 12, 36, 6, 22, 9, 25, 17, 6, 17, 30, 3, 36, 27, 12, 29, 36, 37, 4, 2, 33, 3, 27]","[24, 39, 12, 36, 6, 22, 9, 25, 17, 6, 17, 30, 8, 36, 27, 12, 29, 36, 37, 4, 2, 33, 8, 27]","[0, 0, 0, 0, 0, 0, 0, 0, 0, 0, 0, 0, 1, 0, 0, 0, 0, 0, 0, 0, 0, 0, 1, 0]"
L2_arctic_WAV/ASI_arctic_a0082,"[24, 6, 40, 22, 19, 6, 34, 39, 12, 40, 34, 36, 33, 25, 29, 6, 7, 39, 6, 4, 16, 28, 12, 17]","[24, 6, 34, 22, 5, 34, 39, 12, 34, 34, 36, 33, 25, 29, 6, 7, 39, 6, 4, 16, 28, 12, 17]","[0, 0, 1, 0, 1, 1, 0, 0, 0, 1, 0, 0, 0, 0, 0, 0, 0, 0, 0, 0, 0, 0, 0, 0]"
L2_arctic_WAV/ASI_arctic_a0085,"[2, 36, 33, 6, 27, 2, 28, 12, 38, 22, 33, 5, 9, 16, 28, 12, 17, 33, 41, 30, 31, 11, 38, 1, 24, 6, 40, 22, 19, 6, 34]","[2, 36, 33, 6, 23, 2, 28, 12, 22, 22, 33, 5, 9, 16, 28, 12, 17, 33, 41, 30, 31, 11, 38, 2, 24, 6, 40, 22, 19, 6, 34]","[0, 0, 0, 0, 1, 0, 0, 0, 1, 0, 0, 0, 0, 0, 0, 0, 0, 0, 0, 0, 0, 0, 0, 1, 0, 0, 0, 0, 0, 0, 0]"
L2_arctic_WAV/ASI_arctic_a0086,"[17, 5, 10, 24, 41, 17, 27, 12, 29, 39, 6, 10, 36, 5, 33, 2, 16, 2, 28, 34, 12, 17, 2, 30, 30, 2, 34]","[17, 5, 10, 24, 41, 17, 27, 12, 29, 39, 6, 36, 5, 33, 2, 16, 2, 28, 34, 12, 17, 2, 30, 30, 2, 34]","[0, 0, 0, 0, 0, 0, 0, 0, 0, 0, 0, 1, 0, 0, 0, 0, 0, 0, 0, 0, 0, 0, 0, 0, 0, 0, 0]"
L2_arctic_WAV/ASI_arctic_a0088,"[24, 25, 29, 19, 6, 17, 9, 11, 33, 4, 41, 36, 4, 2, 29, 41, 23, 2, 40, 25, 30, 39, 12, 40, 28, 31, 11, 17, 2, 17, 41, 30, 17, 33, 6, 40, 37, 29, 17, 24, 6, 40, 32, 41, 17, 28, 6, 7]","[24, 25, 29, 5, 21, 9, 11, 4, 41, 4, 2, 29, 41, 23, 2, 40, 25, 30, 39, 12, 40, 28, 8, 17, 2, 17, 41, 30, 33, 6, 40, 26, 37, 29, 17, 24, 6, 40, 32, 41, 17, 28, 6, 7]","[0, 0, 0, 1, 1, 1, 0, 0, 1, 0, 0, 1, 0, 0, 0, 0, 0, 0, 0, 0, 0, 0, 0, 0, 0, 1, 1, 0, 0, 0, 0, 0, 1, 0, 0, 0, 0, 0, 0, 0, 0, 0, 0, 0, 0, 0, 0, 0]"
L2_arctic_WAV/ASI_arctic_a0089,"[4, 2, 30, 14, 6, 36, 23, 28, 31, 11, 39, 12, 40, 36, 33, 5, 35, 1, 2, 34, 36, 37, 9, 37, 36, 16, 14, 6]","[4, 2, 30, 14, 6, 23, 28, 8, 39, 12, 34, 36, 33, 5, 35, 2, 33, 6, 2, 34, 36, 37, 9, 37, 16, 14, 6]","[0, 0, 0, 0, 0, 1, 0, 0, 1, 1, 0, 0, 1, 0, 0, 0, 0, 1, 0, 0, 0, 0, 0, 0, 1, 0, 0, 0]"
L2_arctic_WAV/ASI_arctic_a0090,"[4, 2, 34, 6, 7, 6, 7, 38, 8, 6, 34, 2, 32, 33, 31, 11, 35, 36, 33, 41, 32, 2, 17, 28, 25]","[4, 2, 34, 6, 7, 6, 7, 39, 8, 6, 34, 2, 32, 33, 8, 35, 36, 33, 41, 32, 2, 17, 28, 25]","[0, 0, 0, 0, 0, 0, 0, 1, 0, 0, 0, 0, 0, 0, 1, 1, 0, 0, 0, 0, 0, 0, 0, 0, 0]"
L2_arctic_WAV/ASI_arctic_a0091,"[24, 6, 40, 16, 28, 12, 17, 23, 33, 37, 24, 3, 36, 39, 6, 10, 33, 19, 6, 18, 41, 36, 4, 2, 10, 8, 36]","[24, 6, 40, 16, 28, 12, 17, 27, 33, 37, 24, 8, 36, 39, 6, 10, 33, 5, 35, 41, 4, 2, 36, 8, 36]","[0, 0, 0, 0, 0, 0, 0, 1, 0, 0, 0, 1, 0, 0, 0, 0, 0, 1, 1, 1, 0, 1, 0, 0, 1, 0, 0]"
L2_arctic_WAV/ASI_arctic_a0092,"[24, 25, 39, 5, 30, 36, 17, 14, 11, 30, 6, 30, 29, 6, 17, 34, 36, 33, 25, 29, 34, 1, 35, 6, 7, 4, 2, 9, 41, 17, 31, 11, 40, 12, 38, 16, 31, 11, 10, 9, 8, 33, 40]","[24, 25, 39, 5, 30, 17, 14, 11, 30, 6, 30, 29, 6, 17, 34, 36, 33, 25, 29, 34, 2, 35, 6, 7, 4, 2, 9, 41, 17, 11, 40, 12, 38, 16, 8, 21, 9, 8, 33, 34]","[0, 0, 0, 0, 0, 1, 0, 0, 0, 0, 0, 0, 0, 0, 0, 0, 0, 0, 0, 0, 0, 1, 0, 0, 0, 0, 0, 0, 0, 0, 1, 0, 0, 0, 0, 0, 1, 1, 1, 0, 0, 0, 1]"
L2_arctic_WAV/ASI_arctic_a0093,"[22, 33, 1, 2, 22, 11, 28, 29, 14, 6, 30, 37, 36, 24, 25, 27, 33, 14, 11, 35, 36, 41, 30, 17, 28, 6, 34, 2, 30, 17]","[22, 2, 33, 2, 22, 11, 28, 29, 12, 30, 6, 36, 24, 25, 27, 33, 14, 11, 35, 36, 41, 30, 28, 6, 34, 2, 30, 17]","[0, 1, 1, 0, 0, 0, 0, 0, 1, 1, 0, 1, 0, 0, 0, 0, 0, 0, 0, 0, 0, 0, 0, 1, 0, 0, 0, 0, 0, 0]"
L2_arctic_WAV/ASI_arctic_a0094,"[24, 25, 24, 41, 17, 16, 5, 33, 28, 25, 5, 30, 36, 1, 17, 4, 6, 34, 39, 6, 30, 24, 25, 34, 8, 4, 2, 23, 28, 31, 11, 12, 38, 2, 22, 14, 6, 33]","[24, 25, 41, 16, 5, 33, 28, 25, 5, 30, 17, 1, 21, 4, 6, 34, 39, 6, 30, 24, 25, 34, 8, 4, 2, 23, 28, 8, 12, 22, 2, 22, 14, 6, 33]","[0, 0, 1, 0, 1, 0, 0, 0, 0, 0, 0, 0, 1, 0, 1, 0, 0, 0, 0, 0, 0, 0, 0, 0, 0, 0, 0, 0, 0, 1, 1, 0, 1, 0, 0, 0, 0, 0]"
L2_arctic_WAV/ASI_arctic_a0095,"[2, 16, 6, 23, 27, 41, 30, 38, 2, 34, 36, 5, 30, 36, 39, 8, 40, 4, 12, 22, 1, 34, 36, 10, 6, 7, 36, 37, 27, 12, 29, 39, 6, 4, 6, 30, 24, 6, 40, 38, 6, 13, 2, 30]","[2, 16, 6, 27, 41, 30, 38, 2, 34, 36, 5, 30, 39, 8, 40, 4, 12, 22, 2, 34, 10, 6, 7, 17, 37, 27, 12, 29, 39, 6, 4, 6, 30, 24, 6, 40, 38, 6, 9, 2, 30]","[0, 0, 0, 1, 0, 0, 0, 0, 0, 0, 0, 0, 0, 1, 0, 0, 0, 0, 0, 0, 1, 0, 1, 0, 0, 0, 1, 0, 0, 0, 0, 0, 0, 0, 0, 0, 0, 0, 0, 0, 0, 1, 0, 0]"
L2_arctic_WAV/ASI_arctic_a0096,"[32, 1, 24, 41, 32, 34, 9, 25, 24, 41, 17, 8, 33, 5, 17, 25, 29, 5, 36, 24, 24, 1, 22, 19, 6, 36, 2, 28, 6, 36, 2, 28, 17, 25, 32, 1, 6, 30, 4, 2, 22, 8, 33, 2, 34, 36]","[32, 2, 33, 24, 41, 32, 34, 9, 25, 41, 17, 8, 28, 33, 5, 17, 25, 29, 5, 36, 24, 2, 33, 22, 19, 6, 36, 2, 28, 6, 36, 2, 28, 17, 25, 32, 2, 6, 30, 4, 2, 22, 8, 33, 2, 34, 36]","[0, 1, 0, 0, 0, 0, 0, 0, 1, 0, 0, 0, 0, 0, 0, 0, 0, 0, 0, 0, 1, 1, 0, 0, 0, 0, 0, 0, 0, 0, 0, 0, 0, 0, 0, 1, 0, 0, 0, 0, 0, 0, 0, 0, 0, 0]"
L2_arctic_WAV/ASI_arctic_a0097,"[4, 5, 30, 26, 37, 27, 2, 30, 1, 19, 6, 30, 18, 26, 1, 34, 5, 28, 22, 27, 12, 29, 22, 1, 36, 2, 16, 28, 25, 2, 29, 12, 7, 4, 25, 40, 33, 31, 11, 16, 40, 6, 30, 4, 2, 16, 31, 11]","[17, 5, 30, 26, 37, 27, 2, 30, 2, 19, 6, 30, 13, 26, 2, 34, 5, 28, 22, 27, 12, 29, 22, 1, 17, 5, 16, 28, 25, 2, 29, 12, 7, 4, 25, 34, 33, 8, 16, 40, 6, 30, 4, 2, 16, 31, 11]","[1, 0, 0, 0, 0, 0, 0, 0, 1, 0, 0, 0, 1, 0, 1, 0, 0, 0, 0, 0, 0, 0, 0, 0, 1, 1, 0, 0, 0, 0, 0, 0, 0, 0, 0, 1, 0, 1, 1, 0, 0, 0, 0, 0, 0, 0, 0, 0]"
L2_arctic_WAV/ASI_arctic_a0098,"[9, 41, 28, 14, 6, 27, 41, 33, 25, 26, 37]","[9, 41, 28, 14, 6, 27, 41, 33, 25, 26, 37]","[0, 0, 0, 0, 0, 0, 0, 0, 0, 0, 0]"
L2_arctic_WAV/ASI_arctic_a0099,"[2, 29, 41, 17, 30, 6, 7, 18, 8, 6, 32, 14, 11, 30, 17, 6, 17, 6, 30, 24, 6, 40, 16, 33, 19, 6, 30]","[2, 29, 3, 21, 30, 6, 7, 18, 8, 6, 32, 14, 11, 30, 17, 6, 17, 6, 30, 6, 40, 16, 33, 19, 6, 30]","[0, 0, 1, 1, 0, 0, 0, 0, 0, 0, 0, 0, 0, 0, 0, 0, 0, 0, 0, 1, 0, 0, 0, 0, 0, 0, 0]"
L2_arctic_WAV/ASI_arctic_a0100,"[26, 37, 29, 12, 34, 36, 34, 28, 25, 32, 24, 25, 1, 18, 17]","[26, 37, 29, 12, 34, 34, 28, 25, 32, 24, 25, 2, 35, 36]","[0, 0, 0, 0, 0, 1, 0, 0, 0, 0, 0, 0, 1, 1, 1]"
L2_arctic_WAV/ASI_arctic_a0101,"[26, 37, 26, 37, 39, 11, 17, 30, 3, 36, 27, 25, 32, 4, 2, 36, 33, 37, 10, 22, 33, 12, 29, 29, 25]","[26, 37, 26, 37, 39, 11, 17, 30, 3, 36, 27, 25, 32, 4, 2, 36, 33, 37, 36, 22, 33, 12, 29, 29, 25]","[0, 0, 0, 0, 0, 0, 0, 0, 0, 0, 0, 0, 0, 0, 0, 0, 0, 0, 1, 0, 0, 0, 0, 0, 0]"
L2_arctic_WAV/ASI_arctic_a0102,"[24, 25, 39, 6, 28, 22, 3, 28, 31, 11, 12, 34, 34, 37, 30]","[24, 25, 39, 6, 28, 22, 3, 28, 8, 12, 34, 34, 37, 30]","[0, 0, 0, 0, 0, 0, 0, 0, 1, 1, 0, 0, 0, 0, 0]"
L2_arctic_WAV/ASI_arctic_a0103,"[16, 12, 36, 4, 5, 33, 27, 19, 6, 29, 30, 31, 11, 32, 33, 3, 29, 2, 34, 22, 1, 29, 4, 12, 16, 31, 11, 12, 38, 4, 2, 27, 2, 30, 37]","[16, 12, 17, 5, 33, 27, 5, 29, 30, 8, 32, 33, 3, 29, 2, 34, 22, 33, 2, 29, 17, 12, 16, 8, 12, 38, 4, 2, 27, 5, 30, 11]","[0, 0, 1, 1, 0, 0, 0, 1, 1, 0, 0, 1, 1, 0, 0, 0, 0, 0, 0, 0, 1, 0, 1, 0, 0, 1, 1, 0, 0, 0, 0, 0, 1, 0, 1]"
L2_arctic_WAV/ASI_arctic_a0104,"[9, 25, 39, 12, 40, 34, 28, 25, 32, 6, 7, 12, 30, 17, 1, 24, 6, 40, 32, 1, 36, 5, 27, 9, 2, 30, 41, 40, 34, 39, 25, 36, 28, 25, 41, 40, 2, 35, 14, 6, 28, 17]","[9, 25, 39, 12, 34, 34, 28, 25, 32, 6, 7, 12, 30, 17, 2, 24, 6, 34, 32, 1, 36, 5, 27, 9, 2, 30, 41, 34, 34, 39, 25, 36, 28, 25, 41, 40, 2, 35, 14, 6, 28, 17]","[0, 0, 0, 0, 1, 0, 0, 0, 0, 0, 0, 0, 0, 0, 1, 0, 0, 1, 0, 0, 0, 0, 0, 0, 0, 0, 0, 1, 0, 0, 0, 0, 0, 0, 0, 0, 0, 0, 0, 0, 0, 0]"
L2_arctic_WAV/ASI_arctic_a0105,"[31, 11, 30, 28, 25, 6, 36, 6, 40, 34, 31, 11, 39, 12, 30, 17, 1, 22, 2, 28, 34, 31, 11, 8, 28, 29, 31, 11, 34, 36, 6, 29, 32, 3, 34, 2, 16, 2, 28, 36, 37, 16, 6, 28, 25, 38]","[8, 30, 28, 25, 6, 17, 6, 34, 34, 31, 11, 39, 12, 30, 17, 2, 22, 2, 28, 34, 8, 8, 28, 29, 8, 34, 36, 6, 29, 32, 3, 34, 2, 16, 2, 28, 36, 37, 16, 6, 28, 25, 22]","[1, 1, 0, 0, 0, 0, 1, 0, 1, 0, 0, 0, 0, 0, 0, 0, 1, 0, 0, 0, 0, 1, 1, 0, 0, 0, 1, 1, 0, 0, 0, 0, 0, 0, 0, 0, 0, 0, 0, 0, 0, 0, 0, 0, 0, 1]"
L2_arctic_WAV/ASI_arctic_a0106,"[4, 2, 6, 29, 31, 11, 9, 2, 30, 39, 6, 35, 9, 25, 24, 41, 17, 34, 2, 32, 33, 5, 34, 36, 16, 1, 34, 36, 22, 8, 33, 10, 30, 14, 11, 6, 30, 2, 35, 31, 11, 27, 6, 7, 34, 3, 16]","[4, 2, 6, 29, 8, 9, 2, 30, 39, 6, 35, 9, 25, 24, 41, 34, 2, 32, 33, 5, 34, 36, 16, 2, 34, 36, 22, 8, 33, 10, 30, 14, 11, 6, 30, 2, 35, 8, 27, 6, 7, 34, 8, 16]","[0, 0, 0, 0, 1, 1, 0, 0, 0, 0, 0, 0, 0, 0, 0, 0, 1, 0, 0, 0, 0, 0, 0, 0, 0, 1, 0, 0, 0, 0, 0, 0, 0, 0, 0, 0, 0, 0, 0, 1, 1, 0, 0, 0, 0, 1, 0]"
L2_arctic_WAV/ASI_arctic_a0107,"[6, 22, 26, 37, 31, 11, 30, 28, 25, 27, 11, 17, 30, 31, 11, 24, 14, 11, 14, 6, 10, 41, 7, 27, 26, 37]","[6, 22, 26, 37, 8, 30, 28, 25, 27, 11, 30, 8, 24, 14, 11, 14, 6, 10, 41, 7, 27, 26, 37]","[0, 0, 0, 0, 1, 1, 0, 0, 0, 0, 0, 1, 0, 1, 1, 0, 0, 0, 0, 0, 0, 0, 0, 0, 0, 0]"
L2_arctic_WAV/ASI_arctic_a0108,"[24, 25, 39, 19, 6, 17, 6, 17, 6, 30, 36, 37, 4, 25, 5, 18, 12, 38, 4, 2, 39, 8, 36, 1, 2, 30, 17, 16, 6, 23, 41, 30, 34, 27, 33, 12, 16, 6, 7, 24, 6, 29, 34, 5, 28, 22]","[24, 25, 39, 19, 6, 17, 6, 17, 6, 30, 36, 37, 4, 25, 5, 35, 12, 38, 4, 2, 39, 8, 17, 33, 2, 30, 16, 6, 23, 41, 30, 34, 27, 33, 12, 16, 6, 7, 24, 6, 29, 34, 5, 28, 22]","[0, 0, 0, 0, 0, 0, 0, 0, 0, 0, 0, 0, 0, 0, 0, 1, 0, 0, 0, 0, 0, 0, 1, 1, 0, 0, 1, 0, 0, 0, 0, 0, 0, 0, 0, 0, 0, 0, 0, 0, 0, 0, 0, 0, 0, 0]"
L2_arctic_WAV/ASI_arctic_a0109,"[17, 37, 26, 37, 30, 31, 11, 4, 41, 36, 26, 37, 1, 9, 19, 6, 27, 6, 7, 29, 14, 6, 27, 3, 30, 22, 2, 17, 2, 30, 34, 6, 30, 26, 37]","[17, 37, 26, 37, 30, 8, 17, 41, 36, 26, 37, 2, 9, 5, 27, 6, 7, 29, 12, 27, 3, 30, 22, 2, 17, 2, 30, 34, 6, 30, 26, 37]","[0, 0, 0, 0, 0, 1, 1, 1, 0, 0, 0, 0, 1, 0, 1, 1, 0, 0, 0, 0, 1, 1, 0, 0, 0, 0, 0, 0, 0, 0, 0, 0, 0, 0, 0]"
L2_arctic_WAV/ASI_arctic_a0111,"[6, 30, 34, 36, 5, 17, 24, 25, 18, 8, 6, 30, 17, 24, 1, 41, 30, 17, 4, 19, 6, 19, 6, 36, 28, 14, 6, 27, 36, 37, 24, 12, 7, 23, 33, 25, 35, 6, 28, 17, 33, 2, 30]","[6, 30, 34, 36, 5, 24, 25, 18, 8, 6, 30, 17, 24, 2, 41, 30, 17, 5, 5, 17, 28, 14, 6, 36, 37, 24, 12, 7, 23, 33, 25, 35, 6, 28, 17, 33, 2, 30]","[0, 0, 0, 0, 0, 1, 0, 0, 0, 0, 0, 0, 0, 0, 1, 0, 0, 0, 1, 1, 1, 1, 1, 1, 0, 0, 0, 1, 0, 0, 0, 0, 0, 0, 0, 0, 0, 0, 0, 0, 0, 0, 0]"
L2_arctic_WAV/ASI_arctic_a0112,"[24, 25, 39, 12, 40, 39, 37, 30, 17, 2, 17, 6, 30, 4, 12, 3, 33, 29]","[24, 25, 39, 12, 40, 39, 37, 30, 17, 2, 17, 6, 30, 4, 12, 3, 29]","[0, 0, 0, 0, 0, 0, 0, 0, 0, 0, 0, 0, 0, 0, 0, 0, 1, 0]"
L2_arctic_WAV/ASI_arctic_a0113,"[14, 6, 34, 2, 32, 31, 11, 40, 26, 37, 32, 6, 27, 36, 4, 41, 36, 28, 6, 7, 23, 31, 11, 12, 32, 2, 29, 12, 7, 4, 2, 6, 30, 17, 25, 2, 30, 40]","[14, 6, 34, 2, 32, 8, 40, 26, 37, 32, 6, 23, 17, 41, 36, 28, 6, 7, 23, 8, 12, 32, 2, 29, 12, 7, 4, 2, 6, 30, 17, 25, 2, 30, 34]","[0, 0, 0, 0, 0, 1, 1, 0, 0, 0, 0, 0, 1, 1, 1, 0, 0, 0, 0, 0, 0, 1, 1, 0, 0, 0, 0, 0, 0, 0, 0, 0, 0, 0, 0, 0, 0, 1]"
L2_arctic_WAV/ASI_arctic_a0115,"[24, 25, 24, 41, 17, 30, 31, 11, 6, 27, 34, 27, 26, 37, 40, 22, 8, 33, 4, 2, 22, 25, 28, 6, 7, 40, 39, 6, 35, 39, 1, 1, 14, 11, 40, 17, 6, 30, 24, 6, 29]","[24, 25, 41, 30, 8, 5, 27, 34, 27, 26, 37, 34, 22, 8, 4, 2, 22, 25, 28, 6, 7, 34, 39, 6, 35, 39, 1, 1, 14, 11, 40, 17, 6, 30, 24, 6, 29]","[0, 0, 1, 0, 1, 0, 1, 1, 1, 0, 0, 0, 0, 0, 1, 0, 0, 1, 0, 0, 0, 0, 0, 0, 0, 1, 0, 0, 0, 0, 0, 0, 0, 0, 0, 0, 0, 0, 0, 0, 0]"
L2_arctic_WAV/ASI_arctic_a0116,"[39, 8, 40, 6, 36, 4, 12, 33, 3, 30, 17, 6, 38, 37, 12, 38, 4, 31, 11, 40, 24, 37, 39, 1, 34, 36, 33, 14, 6, 38, 6, 7, 36, 2, 39, 1, 27, 24, 6, 40, 33, 37, 6, 30]","[39, 8, 40, 6, 17, 12, 33, 5, 30, 17, 5, 38, 11, 34, 12, 38, 4, 8, 40, 24, 37, 39, 2, 34, 36, 33, 14, 6, 38, 6, 7, 36, 2, 39, 2, 27, 24, 6, 34, 33, 37, 6, 30]","[0, 0, 0, 0, 1, 1, 0, 0, 1, 0, 0, 1, 0, 1, 0, 0, 0, 1, 1, 0, 0, 0, 0, 1, 0, 0, 0, 0, 0, 0, 0, 0, 0, 0, 0, 1, 0, 0, 0, 1, 0, 0, 0, 0]"
L2_arctic_WAV/ASI_arctic_a0117,"[9, 25, 41, 17, 6, 17, 39, 6, 4, 18, 5, 30, 26, 2, 39, 2, 30, 34, 6, 29, 32, 2, 10, 25, 6, 30, 24, 1, 22, 19, 6, 34, 2, 30, 17, 38, 8, 6, 34]","[9, 25, 41, 17, 6, 17, 39, 6, 18, 5, 30, 26, 2, 39, 2, 30, 34, 6, 29, 32, 2, 36, 25, 6, 30, 2, 22, 5, 34, 2, 30, 39, 8, 6, 34]","[0, 0, 0, 0, 0, 0, 0, 0, 1, 0, 0, 0, 0, 0, 0, 0, 0, 0, 0, 0, 0, 0, 1, 0, 0, 0, 1, 1, 0, 1, 1, 0, 0, 0, 1, 1, 0, 0, 0]"
L2_arctic_WAV/ASI_arctic_a0120,"[29, 14, 6, 33, 14, 6, 36, 22, 11, 36, 22, 25, 28, 40, 28, 14, 6, 27, 4, 41, 36, 12, 38, 2, 35, 14, 6, 30, 25, 40, 17, 5, 16, 26, 2, 36, 3, 30, 36]","[29, 14, 6, 33, 14, 6, 36, 22, 11, 36, 22, 25, 28, 34, 28, 14, 6, 4, 41, 21, 12, 22, 2, 35, 14, 6, 30, 25, 34, 17, 5, 16, 26, 11, 36, 3, 30, 36]","[0, 0, 0, 0, 0, 0, 0, 0, 0, 0, 0, 0, 0, 1, 0, 0, 0, 1, 0, 0, 1, 0, 1, 0, 0, 0, 0, 0, 0, 1, 0, 0, 0, 0, 1, 0, 0, 0, 0]"
L2_arctic_WAV/ASI_arctic_a0121,"[4, 19, 6, 19, 6, 36, 17, 6, 30, 1, 41, 36, 4, 2, 22, 6, 22, 10, 41, 30, 17, 33, 5, 34, 36, 2, 17, 22, 8, 33, 36, 37, 14, 11, 1, 40]","[4, 5, 5, 17, 6, 30, 1, 33, 41, 4, 2, 22, 6, 22, 36, 41, 30, 17, 33, 5, 34, 36, 2, 17, 22, 8, 33, 36, 37, 39, 3, 33, 34]","[0, 1, 1, 1, 1, 1, 0, 0, 0, 0, 1, 1, 0, 0, 0, 0, 0, 1, 0, 0, 0, 0, 0, 0, 0, 0, 0, 0, 0, 0, 0, 0, 1, 1, 1, 1]"
L2_arctic_WAV/ASI_arctic_a0122,"[36, 37, 26, 6, 33, 40, 2, 23, 31, 11, 14, 6, 23, 19, 6, 38, 12, 32, 34, 6, 38, 2, 28, 6, 40, 19, 6, 9, 2, 30, 22, 8, 33, 4, 6, 34]","[36, 37, 26, 6, 33, 40, 2, 23, 8, 14, 6, 23, 5, 38, 12, 32, 34, 6, 38, 2, 28, 14, 6, 40, 19, 6, 9, 2, 30, 22, 8, 33, 4, 6, 34]","[0, 0, 0, 0, 0, 0, 0, 0, 1, 1, 0, 0, 0, 1, 1, 0, 0, 0, 0, 0, 0, 0, 0, 0, 0, 0, 0, 0, 0, 0, 0, 0, 0, 0, 0, 0]"
L2_arctic_WAV/ASI_arctic_a0123,"[9, 25, 24, 41, 17, 17, 14, 6, 17, 22, 33, 12, 29, 27, 31, 11, 28, 17, 41, 30, 17, 34, 36, 3, 33, 38, 19, 6, 9, 2, 30]","[9, 25, 24, 41, 17, 14, 6, 22, 33, 12, 29, 27, 8, 28, 17, 41, 30, 34, 36, 3, 33, 38, 19, 6, 9, 2, 30]","[0, 0, 0, 0, 1, 0, 0, 0, 1, 0, 0, 0, 0, 0, 1, 1, 0, 0, 0, 0, 1, 0, 0, 0, 0, 0, 0, 0, 0, 0, 0]"
L2_arctic_WAV/ASI_arctic_a0125,"[24, 25, 39, 12, 40, 17, 6, 36, 1, 29, 2, 30, 17, 30, 14, 11, 36, 2, 29, 19, 6, 30, 36, 19, 6, 30, 2, 29, 8, 33, 34, 1, 36, 2, 30, 24, 31, 11, 28, 17, 2, 32, 3, 30, 24, 6, 29, 34, 5, 28, 22]","[24, 25, 39, 12, 40, 17, 6, 36, 2, 29, 2, 30, 30, 14, 11, 36, 11, 29, 19, 6, 30, 36, 5, 30, 2, 29, 8, 33, 34, 1, 36, 2, 30, 24, 8, 28, 17, 2, 32, 3, 30, 24, 6, 29, 34, 5, 28, 22]","[0, 0, 0, 0, 0, 0, 0, 0, 1, 0, 0, 0, 1, 0, 0, 0, 0, 1, 0, 0, 0, 0, 0, 1, 1, 0, 0, 0, 0, 0, 0, 0, 0, 0, 0, 0, 1, 1, 0, 0, 0, 0, 0, 0, 0, 0, 0, 0, 0, 0, 0]"
L2_arctic_WAV/ASI_arctic_a0126,"[25, 35, 17, 19, 6, 9, 25, 16, 25, 27, 19, 6, 29, 2, 29, 8, 33, 38, 14, 6, 36, 2, 28, 32, 3, 33, 36, 12, 38, 24, 6, 29]","[25, 35, 17, 5, 9, 25, 16, 25, 27, 5, 29, 2, 29, 8, 33, 38, 14, 6, 36, 2, 28, 32, 3, 33, 36, 12, 22, 24, 6, 29]","[0, 0, 0, 1, 1, 0, 0, 0, 0, 0, 1, 1, 0, 0, 0, 0, 0, 0, 0, 0, 0, 0, 0, 0, 0, 0, 0, 0, 1, 0, 0, 0]"
L2_arctic_WAV/ASI_arctic_a0127,"[6, 36, 39, 12, 40, 2, 36, 5, 29, 36, 19, 6, 9, 2, 30, 16, 12, 36, 24, 25, 33, 6, 40, 6, 34, 36, 6, 17, 6, 36]","[6, 17, 39, 12, 40, 2, 36, 5, 29, 36, 5, 9, 2, 30, 16, 12, 36, 24, 25, 33, 6, 40, 6, 34, 36, 6, 17, 6, 36]","[0, 1, 0, 0, 0, 0, 0, 0, 0, 0, 1, 1, 0, 0, 0, 0, 0, 0, 0, 0, 0, 0, 0, 0, 0, 0, 0, 0, 0, 0]"
L2_arctic_WAV/ASI_arctic_a0128,"[4, 6, 34, 39, 12, 30, 24, 31, 11, 32, 39, 8, 40, 17, 6, 34, 36, 33, 8, 6, 17, 41, 40, 27, 39, 6, 27, 28, 25, 41, 40, 6, 36, 39, 2, 40, 16, 8, 33, 30]","[17, 6, 34, 39, 12, 30, 24, 8, 32, 39, 8, 40, 17, 6, 34, 36, 33, 8, 6, 17, 41, 34, 27, 39, 6, 27, 28, 25, 41, 40, 6, 36, 39, 2, 40, 16, 8, 30]","[1, 0, 0, 0, 0, 0, 0, 1, 1, 0, 0, 0, 0, 0, 0, 0, 0, 0, 0, 0, 0, 0, 1, 0, 0, 0, 0, 0, 0, 0, 0, 0, 0, 0, 0, 0, 0, 0, 1, 0]"
L2_arctic_WAV/ASI_arctic_a0129,"[24, 1, 22, 19, 6, 34, 39, 8, 40, 2, 23, 19, 6, 30, 34, 36, 24, 6, 40, 16, 33, 5, 34, 36]","[24, 1, 33, 22, 5, 34, 39, 8, 34, 2, 23, 5, 30, 34, 36, 24, 6, 40, 16, 33, 5, 34, 36]","[0, 0, 1, 1, 1, 0, 0, 0, 1, 0, 0, 1, 1, 0, 0, 0, 0, 0, 0, 0, 0, 0, 0, 0]"
L2_arctic_WAV/ASI_arctic_a0130,"[9, 25, 39, 3, 40, 24, 6, 40, 30, 14, 11, 22, 1, 5, 38, 1]","[9, 25, 39, 3, 40, 6, 40, 30, 14, 11, 22, 8, 33, 5, 38, 1]","[0, 0, 0, 0, 0, 1, 0, 0, 0, 0, 0, 0, 1, 0, 0, 0]"
L2_arctic_WAV/ASI_arctic_a0131,"[32, 33, 3, 38, 2, 17, 2, 30, 34, 24, 41, 17, 17, 6, 28, 6, 38, 1, 17, 24, 6, 29, 10, 33, 37, 4, 12, 29, 19, 6, 28, 34, 36, 33, 2, 29]","[32, 33, 8, 39, 6, 17, 2, 30, 34, 41, 17, 6, 28, 6, 38, 1, 24, 6, 29, 36, 33, 37, 4, 12, 29, 5, 28, 34, 36, 2, 29]","[0, 0, 1, 1, 1, 0, 0, 0, 0, 1, 0, 1, 0, 0, 0, 0, 0, 0, 1, 0, 0, 0, 1, 0, 0, 0, 0, 0, 1, 1, 0, 0, 0, 1, 0, 0]"
L2_arctic_WAV/ASI_arctic_a0134,"[24, 25, 31, 11, 16, 19, 6, 17, 4, 12, 32, 33, 5, 9, 1, 12, 38, 24, 1, 24, 41, 30, 17]","[24, 25, 8, 16, 19, 6, 17, 4, 12, 32, 33, 5, 9, 1, 12, 22, 2, 33, 24, 41, 30, 17]","[0, 0, 1, 1, 0, 0, 0, 0, 0, 0, 0, 0, 0, 0, 0, 0, 1, 1, 1, 0, 0, 0, 0]"
L2_arctic_WAV/ASI_arctic_a0136,"[2, 16, 14, 11, 36, 24, 6, 29, 5, 38, 33, 25, 39, 5, 33, 39, 1, 4, 2, 5, 38, 2, 17, 2, 30, 34, 2, 40, 12, 38, 28, 12, 23, 13, 1, 25, 41, 30, 17, 12, 38, 19, 6, 18]","[2, 16, 14, 11, 36, 24, 6, 29, 5, 38, 33, 25, 39, 5, 39, 1, 4, 2, 5, 39, 2, 17, 2, 30, 34, 2, 40, 12, 38, 28, 12, 23, 13, 2, 33, 25, 41, 30, 17, 12, 22, 5, 35]","[0, 0, 0, 0, 0, 0, 0, 0, 0, 0, 0, 0, 0, 0, 1, 0, 0, 0, 0, 0, 1, 0, 0, 0, 0, 0, 0, 0, 0, 0, 0, 0, 0, 0, 1, 0, 0, 0, 0, 0, 1, 1, 1, 1]"
L2_arctic_WAV/ASI_arctic_a0137,"[4, 5, 30, 24, 25, 34, 36, 5, 32, 36, 16, 41, 27, 39, 6, 4, 2, 28, 31, 11, 27, 33, 14, 6, 12, 38, 32, 28, 5, 13, 1]","[4, 5, 30, 25, 34, 36, 5, 32, 16, 41, 39, 6, 17, 2, 28, 8, 27, 33, 14, 6, 12, 22, 32, 28, 5, 13, 2]","[0, 0, 0, 1, 0, 0, 0, 0, 0, 1, 0, 0, 1, 0, 0, 1, 0, 0, 1, 1, 0, 0, 0, 0, 0, 1, 0, 0, 0, 0, 1]"
L2_arctic_WAV/ASI_arctic_a0139,"[24, 25, 36, 31, 11, 28, 17, 24, 6, 29, 34, 5, 28, 22, 4, 41, 36, 5, 40, 24, 25, 39, 3, 9, 36, 24, 6, 29, 34, 5, 28, 22, 41, 30, 17, 23, 33, 37, 29, 17, 24, 6, 40, 17, 6, 9, 5, 38, 2, 28, 17, 27, 28, 31, 11, 4, 40]","[24, 25, 36, 8, 28, 17, 6, 29, 34, 5, 28, 22, 17, 41, 36, 24, 25, 39, 3, 9, 36, 24, 6, 29, 34, 5, 28, 22, 41, 30, 23, 33, 37, 29, 17, 24, 6, 34, 17, 6, 34, 24, 5, 38, 2, 28, 17, 27, 28, 31, 11, 4, 34]","[0, 0, 0, 1, 1, 0, 0, 1, 0, 0, 0, 0, 0, 0, 1, 0, 0, 1, 1, 0, 0, 0, 0, 0, 0, 0, 0, 0, 0, 0, 0, 0, 0, 0, 1, 0, 0, 0, 0, 0, 0, 0, 1, 0, 0, 1, 0, 0, 0, 0, 0, 0, 0, 0, 0, 0, 1]"
L2_arctic_WAV/ASI_arctic_a0144,"[16, 12, 36, 4, 5, 33, 39, 12, 40, 34, 12, 29, 10, 6, 7, 25, 38, 6, 30, 29, 8, 33, 34, 36, 3, 33, 36, 28, 6, 7, 4, 41, 30, 4, 6, 34, 33, 6, 40, 5, 29, 16, 28, 2, 30, 34]","[16, 12, 36, 4, 5, 33, 39, 12, 34, 34, 12, 29, 10, 6, 7, 25, 38, 6, 30, 29, 8, 34, 36, 33, 3, 33, 36, 28, 6, 7, 17, 41, 30, 17, 6, 34, 33, 6, 34, 5, 29, 16, 28, 2, 30, 34]","[0, 0, 0, 0, 0, 0, 0, 0, 1, 0, 0, 0, 0, 0, 0, 0, 0, 0, 0, 0, 0, 1, 0, 0, 0, 0, 0, 0, 0, 0, 1, 0, 0, 1, 0, 0, 0, 0, 1, 0, 0, 0, 0, 0, 0, 0]"
L2_arctic_WAV/ASI_arctic_a0159,"[4, 19, 6, 28, 11, 27, 41, 40, 4, 31, 11, 24, 25, 24, 41, 17, 16, 6, 30, 17, 33, 12, 29, 6, 7, 2, 32, 25, 41, 30, 31, 11, 8, 28, 24, 6, 40, 28, 14, 6, 22]","[4, 19, 6, 28, 37, 27, 41, 40, 4, 31, 11, 24, 25, 41, 17, 16, 25, 30, 17, 33, 12, 29, 6, 7, 2, 32, 25, 41, 30, 31, 11, 8, 28, 6, 40, 28, 14, 6, 22]","[0, 0, 0, 0, 1, 0, 0, 0, 0, 0, 0, 0, 0, 1, 0, 0, 0, 1, 0, 0, 0, 0, 0, 0, 0, 0, 0, 0, 0, 0, 0, 0, 0, 0, 1, 0, 0, 0, 0, 0, 0]"
L2_arctic_WAV/ASI_arctic_a0168,"[2, 28, 31, 11, 16, 11, 9, 24, 39, 6, 32, 36, 24, 6, 29, 6, 30, 4, 2, 22, 19, 6, 34, 41, 30, 17, 28, 5, 22, 36, 30, 31, 11, 34, 36, 6, 7]","[2, 28, 31, 11, 16, 11, 9, 24, 39, 6, 32, 36, 24, 6, 29, 6, 30, 17, 2, 22, 19, 6, 34, 41, 30, 17, 28, 5, 22, 36, 30, 31, 11, 34, 36, 6, 7]","[0, 0, 0, 0, 0, 0, 0, 0, 0, 0, 0, 0, 0, 0, 0, 0, 0, 1, 0, 0, 0, 0, 0, 0, 0, 0, 0, 0, 0, 0, 0, 0, 0, 0, 0, 0, 0]"
L2_arctic_WAV/ASI_arctic_a0178,"[5, 38, 1, 25, 16, 31, 11, 30, 6, 30, 24, 1, 19, 6, 18, 17, 16, 3, 17, 25, 34, 25, 29, 17, 16, 33, 31, 11, 27, 2, 30, 8, 33, 17, 6, 34, 28, 31, 11, 27, 19, 6, 36, 6, 17]","[5, 38, 1, 25, 16, 31, 11, 2, 30, 6, 30, 1, 19, 6, 18, 17, 16, 3, 17, 25, 34, 25, 29, 17, 16, 33, 31, 11, 27, 2, 30, 3, 33, 17, 6, 34, 28, 31, 11, 27, 19, 6, 36, 6, 17]","[0, 0, 0, 0, 0, 0, 0, 0, 0, 0, 1, 0, 0, 0, 0, 0, 0, 0, 0, 0, 0, 0, 0, 0, 0, 0, 0, 0, 0, 0, 0, 1, 0, 0, 0, 0, 0, 0, 0, 0, 0, 0, 0, 0, 0]"
L2_arctic_WAV/ASI_arctic_a0188,"[36, 37, 18, 14, 6, 23, 41, 30, 36, 6, 27, 14, 11, 28, 40, 39, 1, 36, 5, 33, 6, 7, 41, 36, 4, 2, 27, 3, 33, 27, 2, 34]","[36, 37, 18, 14, 6, 23, 41, 36, 6, 27, 14, 11, 28, 34, 39, 1, 36, 1, 30, 6, 7, 41, 17, 17, 2, 27, 3, 33, 27, 2, 34]","[0, 0, 0, 0, 0, 0, 0, 1, 0, 0, 0, 0, 0, 0, 1, 0, 0, 0, 1, 1, 0, 0, 0, 1, 1, 0, 0, 0, 0, 0, 0, 0]"
L2_arctic_WAV/ASI_arctic_a0191,"[22, 8, 33, 2, 36, 14, 6, 29, 4, 2, 6, 27, 34, 14, 6, 36, 6, 7, 10, 33, 6, 28, 12, 38, 24, 6, 40, 41, 17, 38, 5, 30, 35, 1, 39, 8, 40, 23, 8, 30]","[22, 8, 33, 2, 36, 14, 6, 29, 4, 2, 6, 27, 34, 14, 6, 36, 6, 7, 10, 33, 6, 28, 12, 22, 24, 6, 40, 41, 17, 38, 5, 30, 35, 1, 39, 8, 40, 23, 8, 30]","[0, 0, 0, 0, 0, 0, 0, 0, 0, 0, 0, 0, 0, 0, 0, 0, 0, 0, 0, 0, 0, 0, 0, 1, 0, 0, 0, 0, 0, 0, 0, 0, 0, 0, 0, 0, 0, 0, 0, 0]"
L2_arctic_WAV/ASI_arctic_a0199,"[4, 12, 34, 24, 41, 17, 4, 12, 33, 3, 39, 6, 28, 17, 1, 30, 2, 34, 32, 33, 25, 32, 5, 33, 17, 24, 6, 29, 22, 8, 33, 4, 6, 34, 17, 19, 6]","[4, 12, 34, 24, 41, 17, 17, 12, 33, 3, 39, 14, 6, 28, 17, 2, 30, 2, 34, 32, 33, 25, 32, 5, 33, 17, 24, 6, 29, 22, 8, 33, 4, 6, 34, 17, 19, 6]","[0, 0, 0, 0, 0, 0, 1, 0, 0, 0, 0, 0, 0, 0, 1, 0, 0, 0, 0, 0, 0, 0, 0, 0, 0, 0, 0, 0, 0, 0, 0, 0, 0, 0, 0, 0, 0]"
L2_arctic_WAV/ASI_arctic_a0208,"[26, 37, 10, 24, 41, 17, 27, 12, 29, 16, 41, 27, 36, 37, 24, 1, 22, 33, 25, 17, 22, 33, 12, 29, 4, 25, 26, 31, 11, 27, 12, 38, 2, 32, 33, 5, 9, 2, 30]","[26, 37, 36, 41, 17, 27, 12, 29, 16, 41, 27, 36, 37, 24, 11, 22, 33, 25, 17, 22, 33, 12, 29, 17, 25, 26, 31, 11, 27, 12, 22, 8, 32, 33, 19, 6, 9, 2, 30]","[0, 0, 1, 1, 0, 0, 0, 0, 0, 0, 0, 0, 0, 0, 0, 1, 0, 0, 0, 0, 0, 0, 0, 0, 1, 0, 0, 0, 0, 0, 0, 1, 1, 0, 0, 1, 0, 0, 0]"
L2_arctic_WAV/ASI_arctic_a0214,"[16, 6, 34, 14, 6, 17, 40, 24, 25, 39, 12, 40, 32, 19, 6, 17, 39, 12, 30, 27, 19, 6, 34, 12, 38, 36, 2, 16, 41, 27, 31, 11, 32, 1, 24, 5, 17]","[16, 6, 34, 14, 6, 17, 40, 24, 25, 39, 12, 40, 32, 19, 6, 17, 39, 12, 30, 27, 25, 34, 12, 38, 36, 2, 16, 41, 27, 31, 11, 32, 11, 33, 24, 5, 17]","[0, 0, 0, 0, 0, 0, 0, 0, 0, 0, 0, 0, 0, 0, 0, 0, 0, 0, 0, 0, 1, 1, 0, 0, 0, 0, 0, 0, 0, 0, 0, 0, 0, 1, 0, 0, 0]"
L2_arctic_WAV/ASI_arctic_a0246,"[26, 37, 24, 41, 38, 24, 1, 17, 8, 28, 39, 25, 40, 24, 14, 11, 24, 25, 39, 8, 40, 4, 2, 28, 12, 38, 1, 12, 38, 32, 33, 6, 30, 34, 5, 34, 30, 19, 6, 31, 11, 29, 25]","[26, 37, 24, 41, 38, 24, 1, 17, 8, 28, 39, 25, 40, 24, 14, 11, 24, 25, 39, 8, 40, 40, 2, 28, 12, 38, 1, 12, 22, 32, 33, 6, 30, 34, 30, 19, 6, 31, 11, 29, 25]","[0, 0, 0, 0, 0, 0, 0, 0, 0, 0, 0, 0, 0, 0, 0, 0, 0, 0, 0, 0, 0, 1, 0, 0, 0, 0, 0, 0, 1, 0, 0, 0, 0, 1, 1, 0, 0, 0, 0, 0, 0, 0, 0]"
L2_arctic_WAV/ASI_arctic_a0255,"[26, 37, 39, 31, 11, 30, 36, 17, 14, 6, 12, 38, 29, 41, 28, 30, 37, 36, 33, 6, 9, 2, 30, 16, 25, 9, 11, 33, 12, 38, 4, 41, 36]","[26, 37, 39, 31, 11, 30, 17, 14, 6, 12, 22, 29, 41, 28, 37, 36, 33, 25, 9, 2, 30, 16, 25, 9, 11, 33, 12, 38, 17, 41, 36]","[0, 0, 0, 0, 0, 0, 1, 0, 0, 0, 0, 1, 0, 0, 0, 1, 0, 0, 0, 1, 0, 0, 0, 0, 0, 0, 0, 0, 0, 0, 1, 0, 0]"
L2_arctic_WAV/ASI_arctic_a0266,"[4, 19, 6, 24, 41, 30, 17, 2, 28, 17, 36, 37, 29, 5, 30, 8, 28, 33, 5, 17, 25, 16, 31, 11, 10, 23, 33, 12, 16, 10, 25, 38, 40]","[17, 19, 6, 24, 41, 30, 17, 2, 28, 36, 37, 29, 5, 30, 8, 28, 33, 5, 17, 25, 16, 31, 11, 36, 23, 33, 12, 16, 10, 25, 38, 34]","[1, 0, 0, 0, 0, 0, 0, 0, 0, 1, 0, 0, 0, 0, 0, 0, 0, 0, 0, 0, 0, 0, 0, 0, 1, 0, 0, 0, 0, 0, 0, 0, 1]"
L2_arctic_WAV/ASI_arctic_a0269,"[4, 41, 36, 34, 39, 5, 33, 4, 19, 6, 27, 12, 36, 8, 22, 4, 2, 34, 27, 3, 36, 6, 9, 35, 25, 22, 34, 2, 30, 17, 27, 6, 28, 17, 8, 28, 24, 41, 30, 40]","[4, 41, 36, 34, 39, 5, 33, 4, 19, 6, 27, 12, 36, 8, 38, 4, 2, 34, 27, 3, 33, 36, 6, 9, 35, 25, 22, 34, 2, 30, 17, 27, 6, 28, 17, 8, 28, 24, 41, 30, 40]","[0, 0, 0, 0, 0, 0, 0, 0, 0, 0, 0, 0, 0, 0, 1, 0, 0, 0, 0, 0, 0, 0, 0, 0, 0, 0, 0, 0, 0, 0, 0, 0, 0, 0, 0, 0, 0, 0, 0, 0]"
L2_arctic_WAV/ASI_arctic_a0272,"[26, 37, 27, 41, 30, 36, 19, 6, 27, 2, 38, 19, 6, 27, 19, 6, 9, 2, 30, 8, 30, 32, 19, 6]","[26, 37, 27, 41, 30, 36, 19, 6, 27, 2, 38, 19, 6, 27, 19, 6, 9, 2, 30, 8, 30, 32, 19, 6]","[0, 0, 0, 0, 0, 0, 0, 0, 0, 0, 0, 0, 0, 0, 0, 0, 0, 0, 0, 0, 0, 0, 0, 0]"
L2_arctic_WAV/ASI_arctic_a0282,"[6, 22, 26, 37, 29, 25, 30, 36, 37, 6, 30, 34, 6, 30, 26, 37, 19, 6, 36, 16, 33, 5, 30, 36, 39, 11, 17, 16, 6, 23, 41, 30, 24, 3, 36, 28, 25]","[6, 22, 26, 37, 29, 25, 30, 36, 37, 6, 30, 34, 6, 30, 26, 37, 19, 6, 36, 16, 33, 5, 30, 36, 39, 11, 17, 16, 6, 23, 41, 30, 24, 3, 36, 28, 25]","[0, 0, 0, 0, 0, 0, 0, 0, 0, 0, 0, 0, 0, 0, 0, 0, 0, 0, 0, 0, 0, 0, 0, 0, 0, 0, 0, 0, 0, 0, 0, 0, 0, 0, 0, 0, 0]"
L2_arctic_WAV/ASI_arctic_a0292,"[24, 25, 33, 6, 30, 4, 2, 29, 6, 17, 29, 8, 33, 30, 6, 7, 4, 12, 22, 1, 34, 36, 27, 41, 13, 2, 28, 36, 25, 2, 27, 1, 17]","[26, 25, 33, 6, 30, 17, 2, 29, 6, 17, 29, 8, 30, 6, 7, 17, 12, 22, 11, 34, 36, 27, 41, 13, 2, 28, 36, 25, 2, 27, 11]","[1, 0, 0, 0, 0, 1, 0, 0, 0, 0, 0, 0, 1, 0, 0, 0, 1, 0, 0, 1, 0, 0, 0, 0, 0, 0, 0, 0, 0, 0, 0, 1, 1]"
L2_arctic_WAV/ASI_arctic_a0301,"[16, 12, 36, 8, 28, 29, 14, 6, 17, 33, 25, 29, 40, 38, 14, 6, 2, 28, 19, 6, 36, 6, 17, 4, 6, 34, 28, 8]","[16, 12, 36, 8, 28, 29, 14, 6, 17, 33, 25, 29, 40, 38, 14, 6, 2, 28, 19, 6, 36, 6, 17, 24, 6, 34, 28, 8]","[0, 0, 0, 0, 0, 0, 0, 0, 0, 0, 0, 0, 0, 0, 0, 0, 0, 0, 0, 0, 0, 0, 0, 1, 0, 0, 0, 0]"
L2_arctic_WAV/ASI_arctic_a0303,"[16, 12, 36, 4, 19, 6, 29, 19, 6, 27, 4, 2, 29, 6, 34, 36, 19, 6, 27, 12, 38, 6, 23, 30, 8, 33, 6, 7, 4, 5, 33, 31, 11, 30, 17, 37, 41, 28, 2, 36, 25]","[16, 12, 17, 4, 19, 6, 29, 19, 6, 23, 4, 2, 29, 6, 34, 36, 19, 6, 27, 12, 22, 6, 23, 30, 8, 33, 6, 7, 17, 5, 33, 31, 11, 30, 17, 37, 41, 28, 2, 36, 25]","[0, 0, 1, 0, 0, 0, 0, 0, 0, 1, 0, 0, 0, 0, 0, 0, 0, 0, 0, 0, 1, 0, 0, 0, 0, 0, 0, 0, 1, 0, 0, 0, 0, 0, 0, 0, 0, 0, 0, 0, 0]"
L2_arctic_WAV/ASI_arctic_a0365,"[4, 25, 40, 33, 37, 29, 1, 40, 29, 19, 6, 25, 38, 6, 30, 1, 6, 18, 2, 30, 19, 6, 36, 39, 6, 10, 12, 34]","[17, 25, 40, 33, 37, 29, 11, 40, 29, 19, 6, 25, 38, 6, 30, 1, 6, 13, 2, 30, 19, 6, 36, 39, 6, 10, 12, 34]","[1, 0, 0, 0, 0, 0, 1, 0, 0, 0, 0, 0, 0, 0, 0, 0, 0, 1, 0, 0, 0, 0, 0, 0, 0, 0, 0, 0]"
L2_arctic_WAV/ASI_arctic_a0384,"[4, 12, 22, 3, 33, 29, 1, 39, 1, 27, 34, 4, 2, 34, 8, 6, 28, 41, 30, 17, 32, 33, 2, 17, 37, 34, 2, 40, 23, 33, 19, 6, 30]","[17, 12, 22, 3, 29, 1, 39, 11, 27, 34, 4, 2, 34, 8, 6, 41, 30, 17, 32, 33, 2, 17, 26, 37, 34, 2, 34, 23, 33, 19, 6, 30]","[1, 0, 0, 0, 1, 0, 0, 0, 1, 0, 0, 0, 0, 0, 0, 0, 1, 0, 0, 0, 0, 0, 0, 0, 0, 0, 0, 1, 0, 0, 0, 0, 0]"
L2_arctic_WAV/ASI_arctic_a0405,"[6, 36, 34, 25, 29, 17, 4, 12, 8, 33, 17, 19, 6, 30, 17, 8, 33, 17, 1, 12, 38, 10, 6, 7, 40, 4, 41, 36, 17, 8, 23, 40, 9, 11, 17, 39, 1, 27]","[6, 36, 34, 25, 29, 17, 17, 12, 8, 33, 17, 19, 6, 30, 17, 8, 33, 17, 1, 12, 38, 36, 6, 7, 40, 4, 41, 36, 17, 8, 23, 40, 9, 11, 17, 39, 11, 27]","[0, 0, 0, 0, 0, 0, 1, 0, 0, 0, 0, 0, 0, 0, 0, 0, 0, 0, 0, 0, 0, 1, 0, 0, 0, 0, 0, 0, 0, 0, 0, 0, 0, 0, 0, 0, 1, 0]"
L2_arctic_WAV/ASI_arctic_a0410,"[34, 31, 11, 39, 25, 24, 41, 38, 36, 2, 22, 6, 36, 4, 2, 16, 31, 11, 36, 10, 33, 37, 14, 11, 36, 39, 6, 10, 8, 6, 28, 28, 41, 29, 32, 34, 41, 40, 39, 5, 28]","[34, 31, 11, 39, 25, 24, 41, 38, 36, 2, 22, 6, 36, 17, 2, 16, 31, 11, 36, 36, 33, 37, 14, 11, 36, 39, 6, 17, 8, 6, 28, 28, 41, 29, 34, 41, 40, 39, 5, 28]","[0, 0, 0, 0, 0, 0, 0, 0, 0, 0, 0, 0, 0, 1, 0, 0, 0, 0, 0, 1, 0, 0, 0, 0, 0, 0, 0, 1, 0, 0, 0, 0, 0, 0, 1, 0, 0, 0, 0, 0, 0]"
L2_arctic_WAV/ASI_arctic_a0411,"[6, 36, 39, 6, 28, 16, 33, 19, 6, 27, 14, 11, 33, 24, 3, 33, 36, 34, 2, 30, 17, 14, 11, 1, 16, 41, 27, 34, 36, 37, 24, 8, 6, 34, 36, 41, 7, 27, 1, 16, 14, 6, 24, 41, 30, 17]","[6, 36, 39, 6, 28, 16, 33, 19, 6, 27, 3, 24, 3, 17, 34, 2, 30, 17, 14, 11, 33, 16, 41, 27, 34, 36, 37, 24, 8, 6, 34, 36, 41, 7, 27, 33, 16, 14, 6, 24, 41, 30, 17]","[0, 0, 0, 0, 0, 0, 0, 0, 0, 0, 1, 1, 1, 0, 0, 1, 1, 0, 0, 0, 0, 0, 0, 1, 0, 0, 0, 0, 0, 0, 0, 0, 0, 0, 0, 0, 0, 0, 1, 0, 0, 0, 0, 0, 0, 0]"
L2_arctic_WAV/ASI_arctic_a0416,"[4, 12, 41, 17, 6, 17, 39, 19, 6, 36, 24, 41, 17, 2, 38, 2, 28, 3, 34, 2, 36, 25, 12, 38, 22, 6, 22, 36, 25, 30, 29, 14, 6, 2, 28, 40, 32, 1, 14, 11, 1]","[17, 12, 41, 17, 6, 17, 39, 19, 6, 36, 24, 41, 17, 2, 38, 2, 28, 3, 34, 6, 36, 25, 12, 38, 22, 6, 22, 36, 25, 30, 29, 14, 6, 28, 40, 32, 1, 3, 33]","[1, 0, 0, 0, 0, 0, 0, 0, 0, 0, 0, 0, 0, 0, 0, 0, 0, 0, 0, 1, 0, 0, 0, 0, 0, 0, 0, 0, 0, 0, 0, 0, 0, 1, 0, 0, 0, 0, 1, 1, 1]"
L2_arctic_WAV/ASI_arctic_a0424,"[3, 16, 38, 25, 2, 34, 28, 25, 6, 36, 39, 3, 40, 2, 17, 6, 40, 25, 40, 4, 41, 36, 27, 11, 17, 16, 25, 27, 3, 30, 36, 33, 41, 27, 36, 2, 17, 16, 14, 6, 27, 3, 30, 36, 41, 27, 36]","[3, 16, 38, 25, 2, 34, 28, 25, 6, 36, 39, 3, 40, 2, 17, 25, 40, 25, 40, 4, 41, 36, 27, 11, 17, 16, 25, 27, 3, 30, 36, 33, 41, 27, 36, 2, 17, 16, 14, 6, 27, 3, 30, 36, 41, 27, 36]","[0, 0, 0, 0, 0, 0, 0, 0, 0, 0, 0, 0, 0, 0, 0, 1, 0, 0, 0, 0, 0, 0, 0, 0, 0, 0, 0, 0, 0, 0, 0, 0, 0, 0, 0, 0, 0, 0, 0, 0, 0, 0, 0, 0, 0, 0, 0]"
L2_arctic_WAV/ASI_arctic_b0002,"[26, 37, 23, 3, 36, 14, 11, 36, 16, 14, 6, 22, 14, 6, 36, 6, 7, 41, 30, 17, 14, 6, 10, 33, 37, 2, 32, 33, 6, 36, 25, 23, 1, 28]","[26, 37, 23, 3, 36, 14, 11, 36, 16, 14, 6, 22, 14, 6, 36, 6, 7, 41, 30, 17, 14, 6, 36, 33, 37, 2, 32, 33, 6, 36, 25, 23, 11, 28]","[0, 0, 0, 0, 0, 0, 0, 0, 0, 0, 0, 0, 0, 0, 0, 0, 0, 0, 0, 0, 0, 0, 1, 0, 0, 0, 0, 0, 0, 0, 0, 0, 1, 0]"
L2_arctic_WAV/ASI_arctic_b0017,"[5, 38, 33, 25, 10, 6, 7, 39, 12, 40, 39, 1, 27, 6, 7, 34, 29, 37, 4, 28, 25, 16, 5, 36, 1, 4, 41, 30, 14, 6, 24, 41, 17, 6, 27, 34, 32, 5, 27, 36, 6, 17]","[5, 38, 33, 25, 36, 6, 7, 39, 12, 40, 39, 11, 27, 6, 7, 34, 29, 37, 17, 28, 25, 16, 5, 36, 2, 17, 41, 30, 14, 6, 24, 41, 17, 6, 27, 34, 32, 5, 27, 36, 6, 17]","[0, 0, 0, 0, 1, 0, 0, 0, 0, 0, 0, 1, 0, 0, 0, 0, 0, 0, 1, 0, 0, 0, 0, 0, 1, 1, 0, 0, 0, 0, 0, 0, 0, 0, 0, 0, 0, 0, 0, 0, 0, 0]"
L2_arctic_WAV/ASI_arctic_b0038,"[6, 30, 24, 1, 24, 19, 6, 34, 36, 36, 37, 23, 5, 36, 2, 39, 19, 6, 9, 25, 24, 41, 17, 22, 8, 33, 23, 3, 36, 2, 30, 4, 25, 40, 10, 6, 7, 40]","[6, 30, 24, 33, 24, 19, 6, 34, 36, 36, 37, 23, 5, 36, 2, 38, 19, 6, 9, 25, 24, 41, 17, 22, 8, 23, 3, 36, 2, 30, 4, 25, 34, 10, 6, 7, 34]","[0, 0, 0, 1, 0, 0, 0, 0, 0, 0, 0, 0, 0, 0, 0, 1, 0, 0, 0, 0, 0, 0, 0, 0, 0, 1, 0, 0, 0, 0, 0, 0, 0, 1, 0, 0, 0, 1]"
L2_arctic_WAV/ASI_arctic_b0047,"[34, 2, 32, 31, 11, 40, 26, 37, 34, 8, 29, 25, 41, 36, 39, 1, 27, 10, 33, 37, 4, 2, 39, 6, 30, 17, 31, 11]","[34, 2, 32, 31, 11, 40, 26, 37, 34, 8, 29, 25, 41, 17, 39, 11, 27, 36, 33, 37, 17, 2, 39, 6, 30, 17, 31, 11]","[0, 0, 0, 0, 0, 0, 0, 0, 0, 0, 0, 0, 0, 1, 0, 1, 0, 1, 0, 0, 1, 0, 0, 0, 0, 0, 0, 0]"
L2_arctic_WAV/ASI_arctic_b0057,"[4, 19, 6, 24, 41, 38, 39, 12, 30, 32, 3, 32, 26, 2, 28, 1, 34, 5, 30, 36, 2, 29, 2, 30, 36, 10, 33, 37, 4, 2, 30, 37, 40, 32, 19, 6, 32, 1, 40]","[4, 19, 6, 41, 38, 39, 12, 30, 32, 3, 32, 2, 28, 11, 34, 5, 30, 36, 6, 29, 2, 30, 36, 36, 33, 37, 4, 2, 30, 26, 37, 34, 32, 19, 6, 32, 33, 40]","[0, 0, 0, 1, 0, 0, 0, 0, 0, 0, 0, 0, 1, 0, 0, 1, 0, 0, 0, 0, 1, 0, 0, 0, 0, 1, 0, 0, 0, 0, 0, 0, 1, 0, 0, 0, 0, 1, 0]"
L2_arctic_WAV/ASI_arctic_b0061,"[34, 12, 29, 10, 6, 7, 2, 16, 14, 11, 36, 6, 36, 34, 25, 29, 17, 36, 37, 22, 41, 34, 2, 30, 19, 6, 36, 24, 6, 29, 36, 37, 35, 41, 28, 2, 30, 18, 24, 6, 40, 32, 33, 5, 40, 2, 30, 34]","[34, 12, 29, 10, 6, 7, 2, 16, 31, 11, 36, 6, 36, 34, 25, 29, 17, 36, 37, 22, 41, 34, 2, 30, 6, 36, 24, 6, 29, 36, 37, 35, 41, 28, 2, 30, 13, 6, 40, 32, 33, 5, 40, 2, 30, 34]","[0, 0, 0, 0, 0, 0, 0, 0, 1, 0, 0, 0, 0, 0, 0, 0, 0, 0, 0, 0, 0, 0, 0, 0, 1, 0, 0, 0, 0, 0, 0, 0, 0, 0, 0, 0, 0, 1, 1, 0, 0, 0, 0, 0, 0, 0, 0, 0]"
L2_arctic_WAV/ASI_arctic_b0073,"[39, 6, 4, 4, 25, 40, 3, 33, 23, 26, 2, 29, 2, 30, 36, 34, 24, 25, 27, 2, 30, 38, 6, 30, 34, 36, 24, 6, 29, 34, 5, 28, 22, 4, 41, 36, 24, 25, 9, 11, 17, 23, 31, 11, 8, 30, 2, 28, 31, 11, 30]","[39, 6, 17, 4, 25, 40, 3, 33, 23, 26, 2, 29, 2, 30, 34, 24, 25, 27, 2, 30, 34, 36, 6, 29, 34, 5, 28, 4, 41, 36, 24, 25, 9, 11, 17, 23, 31, 11, 8, 30, 2, 28, 31, 11, 30]","[0, 0, 1, 0, 0, 0, 0, 0, 0, 0, 0, 0, 0, 0, 1, 0, 0, 0, 0, 0, 1, 1, 1, 0, 0, 0, 1, 0, 0, 0, 0, 0, 1, 0, 0, 0, 0, 0, 0, 0, 0, 0, 0, 0, 0, 0, 0, 0, 0, 0, 0]"
L2_arctic_WAV/ASI_arctic_b0081,"[26, 37, 39, 1, 23, 31, 11, 6, 7, 36, 37, 28, 25, 38, 41, 22, 36, 1, 26, 37, 34, 8, 29, 25, 3, 30, 4, 2, 33, 3, 27]","[26, 37, 1, 23, 39, 6, 7, 36, 37, 28, 25, 39, 3, 22, 36, 33, 26, 37, 34, 8, 29, 25, 3, 30, 4, 2, 33, 8, 27]","[0, 0, 1, 0, 0, 1, 1, 0, 0, 0, 0, 0, 0, 1, 1, 0, 0, 1, 0, 0, 0, 0, 0, 0, 0, 0, 0, 0, 0, 1, 0]"
L2_arctic_WAV/ASI_arctic_b0089,"[24, 1, 16, 26, 37, 36, 2, 22, 2, 28, 24, 5, 33, 39, 3, 40, 17, 12, 30, 12, 32, 6, 30, 9, 14, 6, 30, 6, 7, 27, 8, 6, 28, 40]","[24, 11, 16, 26, 37, 36, 2, 22, 2, 28, 24, 5, 39, 3, 40, 17, 12, 30, 12, 32, 6, 30, 9, 14, 6, 30, 6, 7, 27, 8, 6, 28, 34]","[0, 1, 0, 0, 0, 0, 0, 0, 0, 0, 0, 0, 1, 0, 0, 0, 0, 0, 0, 0, 0, 0, 0, 0, 0, 0, 0, 0, 0, 0, 0, 0, 0, 1]"
L2_arctic_WAV/ASI_arctic_b0104,"[9, 37, 36, 6, 7, 32, 19, 6, 30, 40, 32, 41, 34, 36, 28, 14, 6, 27, 22, 28, 41, 9, 6, 40, 12, 38, 6, 28, 5, 27, 36, 33, 6, 34, 2, 36, 25, 10, 33, 37, 24, 6, 40, 16, 3, 17, 25]","[9, 37, 36, 6, 7, 32, 19, 6, 30, 40, 32, 3, 34, 36, 28, 14, 6, 27, 22, 28, 41, 9, 6, 40, 12, 38, 6, 28, 5, 27, 36, 33, 6, 34, 2, 36, 25, 36, 33, 37, 6, 40, 16, 8, 17, 25]","[0, 0, 0, 0, 0, 0, 0, 0, 0, 0, 0, 1, 0, 0, 0, 0, 0, 0, 0, 0, 0, 0, 0, 0, 0, 0, 0, 0, 0, 0, 0, 0, 0, 0, 0, 0, 0, 1, 0, 0, 1, 0, 0, 0, 1, 0, 0]"
L2_arctic_WAV/ASI_arctic_b0118,"[39, 25, 34, 8, 26, 11, 33, 28, 14, 6, 36, 41, 30, 17, 10, 8, 36, 26, 37, 39, 11, 17, 2, 30, 36, 29, 14, 6, 30, 17, 2, 27, 8, 28]","[39, 25, 34, 8, 26, 11, 28, 14, 6, 36, 41, 30, 17, 36, 8, 36, 26, 37, 39, 11, 17, 2, 30, 29, 14, 6, 30, 17, 2, 27, 8, 28]","[0, 0, 0, 0, 0, 0, 1, 0, 0, 0, 0, 0, 0, 0, 1, 0, 0, 0, 0, 0, 0, 0, 0, 0, 1, 0, 0, 0, 0, 0, 0, 0, 0, 0]"
L2_arctic_WAV/ASI_arctic_b0136,"[34, 39, 6, 22, 36, 28, 25, 24, 6, 40, 14, 6, 40, 29, 5, 13, 1, 17, 4, 2, 34, 6, 35, 37, 19, 6, 9, 2, 30]","[34, 39, 6, 22, 28, 25, 24, 6, 40, 14, 6, 40, 29, 5, 13, 1, 4, 2, 34, 6, 35, 37, 19, 6, 9, 2, 30]","[0, 0, 0, 0, 1, 0, 0, 0, 0, 0, 0, 0, 0, 0, 0, 0, 0, 1, 0, 0, 0, 0, 0, 0, 0, 0, 0, 0, 0]"
L2_arctic_WAV/ASI_arctic_b0141,"[6, 36, 39, 2, 40, 16, 25, 36, 6, 7, 41, 30, 17, 39, 19, 6, 36, 6, 7, 6, 30, 4, 2, 41, 29, 16, 11, 9, 12, 38, 4, 31, 11, 40, 16, 28, 41, 27, 32, 6, 36, 34]","[6, 36, 39, 2, 40, 16, 25, 36, 6, 7, 41, 30, 17, 39, 19, 6, 36, 6, 7, 6, 30, 4, 2, 41, 29, 16, 11, 9, 12, 38, 4, 31, 11, 40, 16, 28, 41, 32, 6, 36, 34]","[0, 0, 0, 0, 0, 0, 0, 0, 0, 0, 0, 0, 0, 0, 0, 0, 0, 0, 0, 0, 0, 0, 0, 0, 0, 0, 0, 0, 0, 0, 0, 0, 0, 0, 0, 0, 0, 1, 0, 0, 0, 0]"
L2_arctic_WAV/ASI_arctic_b0158,"[9, 25, 31, 11, 16, 19, 6, 17, 9, 33, 6, 7, 27, 6, 7, 16, 41, 27, 39, 6, 4, 4, 2, 16, 19, 6, 16, 25, 6, 30, 24, 1, 3, 33, 29, 40]","[9, 25, 31, 11, 16, 19, 6, 17, 9, 33, 6, 7, 23, 6, 7, 16, 41, 27, 39, 6, 4, 4, 2, 16, 19, 6, 16, 25, 6, 30, 33, 3, 29, 34]","[0, 0, 0, 0, 0, 0, 0, 0, 0, 0, 0, 0, 1, 0, 0, 0, 0, 0, 0, 0, 0, 0, 0, 0, 0, 0, 0, 0, 0, 0, 1, 1, 0, 1, 0, 1]"
L2_arctic_WAV/ASI_arctic_b0160,"[6, 36, 39, 2, 40, 31, 11, 38, 1, 39, 5, 30, 24, 25, 29, 19, 6, 17, 24, 6, 40, 39, 19, 6, 10, 33, 37, 4, 2, 33, 6, 7, 12, 38, 34, 32, 5, 27, 36, 19, 6, 36, 1, 40]","[6, 17, 39, 2, 40, 31, 11, 39, 1, 39, 5, 30, 25, 29, 19, 6, 17, 24, 6, 40, 39, 19, 6, 10, 33, 37, 4, 2, 33, 19, 6, 7, 12, 38, 34, 32, 5, 27, 36, 19, 6, 36, 1, 34]","[0, 1, 0, 0, 0, 0, 0, 1, 0, 0, 0, 0, 1, 0, 0, 0, 0, 0, 0, 0, 0, 0, 0, 0, 0, 0, 0, 0, 0, 0, 0, 0, 0, 0, 0, 0, 0, 0, 0, 0, 0, 0, 0, 1]"
L2_arctic_WAV/ASI_arctic_b0171,"[24, 25, 35, 19, 6, 30, 18, 17, 24, 6, 40, 34, 25, 36, 22, 8, 33, 2, 34, 36, 25, 29, 1, 33, 25, 27, 28, 14, 6, 30, 6, 7, 35, 5, 33]","[25, 35, 19, 6, 13, 6, 40, 34, 25, 17, 22, 8, 33, 2, 34, 36, 25, 29, 2, 33, 25, 27, 28, 14, 6, 30, 6, 7, 35, 5, 33]","[1, 0, 0, 0, 0, 1, 1, 1, 1, 0, 0, 0, 0, 1, 0, 0, 0, 0, 0, 0, 0, 0, 1, 0, 0, 0, 0, 0, 0, 0, 0, 0, 0, 0, 0]"
L2_arctic_WAV/ASI_arctic_b0197,"[4, 12, 32, 28, 41, 30, 36, 1, 40, 3, 33, 8, 28, 33, 5, 17, 25, 27, 2, 30, 34, 6, 17, 1, 6, 7, 4, 2, 29, 41, 36, 1]","[17, 12, 32, 28, 3, 30, 36, 2, 40, 3, 33, 8, 28, 33, 5, 17, 25, 27, 3, 30, 34, 6, 17, 1, 6, 7, 4, 2, 29, 14, 6, 36, 1]","[1, 0, 0, 0, 1, 0, 0, 1, 0, 0, 0, 0, 0, 0, 0, 0, 0, 0, 1, 0, 0, 0, 0, 0, 0, 0, 0, 0, 0, 1, 0, 0]"
L2_arctic_WAV/ASI_arctic_b0215,"[6, 36, 6, 40, 2, 32, 33, 6, 36, 25, 23, 11, 17, 32, 33, 3, 32, 1, 36, 25, 2, 30, 17, 39, 1, 10, 29, 8, 33, 4, 2, 30, 4, 41, 36]","[6, 36, 6, 40, 2, 32, 33, 6, 36, 25, 23, 11, 17, 32, 33, 3, 32, 33, 17, 25, 2, 30, 17, 39, 11, 36, 29, 8, 33, 4, 2, 30, 17, 41, 36]","[0, 0, 0, 0, 0, 0, 0, 0, 0, 0, 0, 0, 0, 0, 0, 0, 0, 1, 1, 0, 0, 0, 0, 0, 1, 1, 0, 0, 0, 0, 0, 0, 1, 0, 0]"
L2_arctic_WAV/ASI_arctic_b0315,"[2, 30, 17, 4, 6, 34, 39, 12, 40, 4, 5, 33, 34, 31, 11, 28, 27, 3, 30, 38, 1, 34, 19, 6, 9, 2, 30, 10, 33, 37, 14, 11, 36, 4, 2, 29, 25, 28]","[2, 30, 17, 4, 6, 34, 39, 12, 40, 40, 5, 34, 31, 11, 28, 27, 3, 30, 39, 2, 40, 19, 6, 9, 2, 30, 36, 33, 37, 14, 11, 17, 2, 29, 25, 28]","[0, 0, 0, 0, 0, 0, 0, 0, 0, 1, 0, 1, 0, 0, 0, 0, 0, 0, 0, 1, 1, 1, 0, 0, 0, 0, 0, 1, 0, 0, 0, 0, 1, 1, 0, 0, 0, 0]"
L2_arctic_WAV/ASI_arctic_b0317,"[24, 25, 17, 6, 17, 30, 3, 36, 16, 6, 28, 25, 38, 6, 30, 4, 12, 16, 1, 30, 6, 7, 12, 38, 17, 19, 6, 28, 14, 6, 36, 22, 8, 33, 34, 12, 35, 2, 28, 12, 23, 13, 1, 25]","[24, 25, 17, 6, 17, 30, 3, 36, 16, 6, 28, 25, 6, 30, 4, 12, 16, 11, 30, 6, 7, 12, 38, 17, 19, 6, 28, 14, 6, 36, 22, 8, 33, 34, 12, 35, 2, 28, 12, 23, 13, 33, 25]","[0, 0, 0, 0, 0, 0, 0, 0, 0, 0, 0, 0, 1, 0, 0, 0, 0, 0, 1, 0, 0, 0, 0, 0, 0, 0, 0, 0, 0, 0, 0, 0, 0, 0, 0, 0, 0, 0, 0, 0, 0, 0, 1, 0]"
L2_arctic_WAV/ASI_arctic_b0321,"[6, 30, 34, 36, 5, 17, 24, 25, 1, 14, 6, 38, 17, 8, 30, 4, 2, 30, 14, 6, 36, 12, 38, 4, 2, 34, 5, 27, 2, 30, 17, 19, 6]","[6, 30, 34, 5, 17, 24, 25, 2, 33, 14, 6, 38, 17, 8, 30, 4, 2, 30, 14, 6, 36, 12, 38, 4, 2, 34, 5, 27, 2, 30, 17, 19, 6]","[0, 0, 0, 1, 0, 0, 0, 0, 1, 0, 0, 0, 0, 0, 0, 0, 0, 0, 0, 0, 0, 0, 0, 0, 0, 0, 0, 0, 0, 0, 0, 0, 0]"
L2_arctic_WAV/ASI_arctic_b0371,"[26, 25, 28, 17, 26, 1, 34, 5, 28, 22, 36, 2, 4, 12, 39, 8, 36, 1, 40, 4, 41, 36, 1, 33, 6, 32, 6, 7, 41, 30, 17, 36, 5, 33, 6, 7, 41, 36, 26, 37]","[26, 25, 28, 17, 26, 37, 1, 34, 5, 28, 22, 36, 2, 4, 12, 39, 8, 36, 2, 40, 40, 41, 36, 1, 33, 6, 32, 6, 7, 41, 30, 17, 36, 5, 33, 6, 7, 41, 36, 26, 37]","[0, 0, 0, 0, 0, 0, 0, 0, 0, 0, 0, 0, 0, 0, 0, 0, 0, 1, 0, 1, 0, 0, 0, 0, 0, 0, 0, 0, 0, 0, 0, 0, 0, 0, 0, 0, 0, 0, 0, 0]"
L2_arctic_WAV/ASI_arctic_b0396,"[4, 12, 32, 19, 6, 30, 22, 33, 12, 29, 29, 14, 6, 24, 1, 36, 30, 25, 39, 12, 40, 41, 23, 2, 30, 14, 6, 40, 6, 7]","[4, 12, 32, 33, 19, 6, 30, 22, 33, 12, 29, 29, 14, 6, 24, 11, 36, 30, 25, 39, 12, 40, 41, 23, 2, 30, 14, 6, 40, 6, 7]","[0, 0, 0, 0, 0, 0, 0, 0, 0, 0, 0, 0, 0, 0, 1, 0, 0, 0, 0, 0, 0, 0, 0, 0, 0, 0, 0, 0, 0, 0]"
L2_arctic_WAV/ASI_arctic_b0411,"[24, 25, 23, 19, 6, 38, 30, 31, 11, 33, 25, 40, 2, 30, 16, 12, 36, 24, 6, 40, 29, 31, 11, 36, 6, 38, 39, 8, 40, 3, 16, 38, 25, 2, 34, 6, 30, 12, 22]","[24, 25, 23, 19, 6, 38, 30, 31, 11, 33, 25, 40, 2, 30, 16, 12, 36, 24, 6, 40, 29, 31, 11, 36, 6, 39, 8, 40, 3, 38, 25, 2, 34, 6, 30, 12, 22]","[0, 0, 0, 0, 0, 0, 0, 0, 0, 0, 0, 0, 0, 0, 0, 0, 0, 0, 0, 0, 0, 0, 0, 0, 0, 1, 0, 0, 0, 0, 1, 0, 0, 0, 0, 0, 0, 0, 0]"
L2_arctic_WAV/ASI_arctic_b0433,"[39, 25, 1, 27, 11, 27, 6, 7, 3, 30, 4, 12, 27, 31, 11, 28, 34, 36, 31, 11, 38, 2, 30, 17, 8, 30, 4, 25, 8, 6, 28, 16, 1, 30, 1, 40]","[39, 25, 1, 27, 37, 27, 6, 7, 3, 30, 4, 12, 27, 31, 11, 28, 34, 36, 31, 11, 38, 2, 30, 17, 8, 30, 4, 25, 8, 6, 28, 16, 11, 30, 1, 34]","[0, 0, 0, 0, 1, 0, 0, 0, 0, 0, 0, 0, 0, 0, 0, 0, 0, 0, 0, 0, 0, 0, 0, 0, 0, 0, 0, 0, 0, 0, 0, 0, 1, 0, 0, 1]"
L2_arctic_WAV/RRBI_arctic_a0003,"[22, 33, 1, 4, 2, 36, 39, 5, 30, 36, 25, 2, 10, 36, 14, 6, 29, 4, 41, 36, 25, 38, 30, 6, 7, 4, 2, 36, 37, 29, 5, 30, 9, 11, 27, 24, 41, 30, 17, 40]","[22, 33, 4, 2, 36, 39, 5, 30, 36, 25, 10, 36, 14, 6, 29, 17, 41, 36, 25, 38, 30, 6, 7, 17, 2, 36, 37, 29, 5, 30, 9, 11, 27, 24, 41, 30, 17, 34]","[0, 0, 1, 0, 0, 0, 0, 0, 0, 0, 0, 1, 0, 0, 0, 0, 0, 1, 0, 0, 0, 0, 0, 0, 0, 1, 0, 0, 0, 0, 0, 0, 0, 0, 0, 0, 0, 0, 0, 1]"
L2_arctic_WAV/RRBI_arctic_a0005,"[39, 6, 28, 39, 25, 5, 38, 1, 22, 8, 33, 23, 5, 36, 6, 36]","[38, 6, 28, 38, 25, 5, 38, 12, 22, 8, 33, 23, 5, 36, 6, 36]","[1, 0, 0, 1, 0, 0, 0, 1, 0, 0, 0, 0, 0, 0, 0, 0]"
L2_arctic_WAV/RRBI_arctic_a0006,"[23, 3, 17, 16, 28, 5, 34, 14, 6, 24, 31, 11, 32, 14, 6, 28, 23, 31, 11, 8, 30, 34, 25, 6, 7, 4, 5, 29, 22, 1, 5, 38, 1]","[23, 8, 17, 16, 28, 5, 40, 4, 5, 29, 14, 6, 24, 8, 32, 14, 6, 39, 6, 28, 23, 31, 11, 8, 30, 34, 25, 6, 7, 4, 5, 29, 22, 1, 5, 38, 12]","[0, 1, 0, 0, 0, 0, 1, 0, 0, 0, 1, 1, 0, 0, 0, 0, 0, 0, 0, 0, 0, 0, 0, 0, 0, 0, 0, 0, 0, 0, 0, 0, 1]"
L2_arctic_WAV/RRBI_arctic_a0007,"[41, 30, 17, 26, 37, 8, 28, 39, 25, 40, 39, 8, 30, 36, 37, 34, 25, 6, 36, 6, 30, 4, 2, 34, 11, 32, 1, 28, 2, 36, 6, 38, 17, 6, 23, 33, 25]","[41, 30, 26, 37, 8, 28, 39, 25, 34, 39, 8, 30, 36, 37, 34, 25, 6, 36, 6, 30, 17, 2, 34, 11, 32, 5, 28, 41, 36, 6, 38, 17, 6, 23, 33, 25]","[0, 0, 1, 0, 0, 0, 0, 0, 0, 1, 0, 0, 0, 0, 0, 0, 0, 0, 0, 0, 0, 1, 0, 0, 0, 0, 1, 0, 1, 0, 0, 0, 0, 0, 0, 0, 0]"
L2_arctic_WAV/RRBI_arctic_a0008,"[23, 41, 17, 26, 11, 33, 28, 5, 36, 1, 27, 19, 6, 29, 18, 12, 34, 36, 6, 30, 36, 14, 6, 29]","[23, 28, 41, 17, 26, 11, 33, 28, 5, 36, 1, 27, 5, 29, 18, 12, 34, 36, 6, 30, 36, 14, 6, 29]","[0, 0, 0, 0, 0, 0, 0, 0, 0, 0, 0, 1, 1, 0, 0, 0, 0, 0, 0, 0, 0, 0, 0, 0]"
L2_arctic_WAV/RRBI_arctic_a0010,"[14, 6, 29, 32, 28, 19, 6, 6, 7, 2, 34, 6, 7, 23, 2, 28, 24, 41, 30, 17, 6, 30, 39, 12, 36, 28, 11, 27, 34, 28, 14, 6, 27, 2, 28, 37, 40, 6, 7, 23, 19, 6, 29]","[14, 6, 29, 32, 28, 5, 6, 7, 2, 34, 6, 7, 23, 2, 28, 24, 41, 30, 17, 6, 30, 39, 12, 36, 28, 11, 27, 34, 28, 14, 6, 27, 2, 28, 37, 40, 6, 7, 23, 19, 6, 29]","[0, 0, 0, 0, 0, 1, 1, 0, 0, 0, 0, 0, 0, 0, 0, 0, 0, 0, 0, 0, 0, 0, 0, 0, 0, 0, 0, 0, 0, 0, 0, 0, 0, 0, 0, 0, 0, 0, 0, 0, 0, 0, 0]"
L2_arctic_WAV/RRBI_arctic_a0011,"[6, 22, 14, 6, 5, 38, 1, 30, 25, 17, 6, 17, 2, 22, 14, 6, 36, 1, 6, 30, 29, 14, 6, 28, 14, 6, 22, 14, 6, 30, 25, 17, 39, 12, 30, 30, 14, 11]","[6, 22, 14, 6, 5, 38, 12, 30, 25, 17, 6, 17, 2, 22, 14, 6, 36, 1, 6, 30, 29, 14, 6, 28, 14, 6, 22, 14, 6, 30, 25, 17, 39, 12, 30, 30, 14, 11]","[0, 0, 0, 0, 0, 0, 1, 0, 0, 0, 0, 0, 0, 0, 0, 0, 0, 0, 0, 0, 0, 0, 0, 0, 0, 0, 0, 0, 0, 0, 0, 0, 0, 0, 0, 0, 0, 0]"
L2_arctic_WAV/RRBI_arctic_a0013,"[24, 25, 39, 12, 40, 2, 24, 5, 17, 9, 8, 33, 36, 1, 4, 41, 30, 24, 6, 40, 27, 2, 29, 32, 41, 30, 26, 2, 30, 12, 38, 8, 28, 29, 31, 11, 34, 36, 17, 5, 28, 2, 27, 2, 36, 22, 2, 40, 25, 27]","[24, 25, 39, 12, 40, 2, 24, 5, 17, 9, 11, 11, 36, 1, 4, 41, 30, 24, 6, 34, 27, 2, 29, 32, 41, 30, 26, 2, 30, 12, 22, 8, 28, 29, 8, 34, 36, 17, 5, 28, 2, 27, 2, 36, 22, 2, 40, 25, 27]","[0, 0, 0, 0, 0, 0, 0, 0, 0, 0, 1, 1, 0, 0, 0, 0, 0, 0, 0, 1, 0, 0, 0, 0, 0, 0, 0, 0, 0, 0, 1, 0, 0, 0, 1, 1, 0, 0, 0, 0, 0, 0, 0, 0, 0, 0, 0, 0, 0, 0]"
L2_arctic_WAV/RRBI_arctic_a0018,"[4, 5, 33, 39, 2, 40, 2, 35, 19, 6, 30, 18, 30, 14, 11]","[17, 5, 33, 39, 2, 40, 2, 35, 19, 6, 30, 18, 30, 14, 11]","[1, 0, 0, 0, 0, 0, 0, 0, 0, 0, 0, 0, 0, 0, 0]"
L2_arctic_WAV/RRBI_arctic_a0019,"[14, 6, 22, 3, 28, 31, 11, 17, 4, 2, 28, 14, 6, 30, 12, 38, 4, 2, 32, 33, 2, 32, 31, 11, 40, 17, 33, 19, 6, 28, 33, 31, 11, 17, 28, 11, 27, 6, 7, 22, 8, 33, 35, 41, 30, 34, 2, 40]","[14, 6, 22, 8, 28, 31, 11, 17, 4, 2, 28, 14, 6, 30, 12, 38, 4, 2, 32, 33, 2, 32, 8, 40, 17, 33, 19, 6, 28, 33, 31, 11, 17, 28, 11, 27, 6, 7, 22, 8, 35, 3, 30, 34, 2, 40]","[0, 0, 0, 1, 0, 0, 0, 0, 0, 0, 0, 0, 0, 0, 0, 0, 0, 0, 0, 0, 0, 0, 1, 1, 0, 0, 0, 0, 0, 0, 0, 0, 0, 0, 0, 0, 0, 0, 0, 0, 0, 1, 0, 1, 0, 0, 0, 0]"
L2_arctic_WAV/RRBI_arctic_a0020,"[27, 28, 12, 16, 40, 2, 30, 17, 16, 8, 28, 40, 41, 30, 17, 34, 6, 36, 25, 40, 23, 33, 37, 36, 37, 16, 25, 31, 11, 30, 28, 25, 29, 5, 29, 1, 25, 40]","[27, 28, 12, 32, 34, 2, 30, 16, 8, 28, 34, 41, 30, 17, 34, 6, 36, 25, 40, 23, 33, 37, 36, 37, 16, 25, 8, 30, 28, 25, 29, 5, 29, 1, 25, 34]","[0, 0, 0, 1, 1, 0, 0, 1, 0, 0, 0, 1, 0, 0, 0, 0, 0, 0, 0, 0, 0, 0, 0, 0, 0, 0, 0, 1, 1, 0, 0, 0, 0, 0, 0, 0, 0, 1]"
L2_arctic_WAV/RRBI_arctic_a0021,"[6, 36, 22, 5, 33, 28, 25, 27, 28, 12, 16, 17, 29, 25, 6, 30, 36, 37, 33, 5, 27, 2, 23, 30, 14, 6, 40, 6, 7, 6, 36]","[6, 36, 22, 5, 33, 28, 25, 27, 28, 12, 16, 17, 29, 25, 6, 30, 36, 37, 33, 5, 27, 2, 23, 30, 14, 6, 40, 6, 7, 6, 36]","[0, 0, 0, 0, 0, 0, 0, 0, 0, 0, 0, 0, 0, 0, 0, 0, 0, 0, 0, 0, 0, 0, 0, 0, 0, 0, 0, 0, 0, 0, 0]"
L2_arctic_WAV/RRBI_arctic_a0022,"[24, 3, 33, 17, 28, 25, 39, 1, 1, 14, 11, 1, 32, 28, 41, 30, 40, 29, 19, 6, 17, 32, 12, 16, 28, 6, 27, 16, 6, 22, 8, 33, 39, 25, 39, 1, 1, 29, 5, 36, 16, 14, 6, 32, 14, 11, 1, 22, 2, 28, 3, 32, 2, 40, 6, 9, 2, 30]","[24, 3, 33, 17, 28, 25, 39, 5, 33, 14, 11, 33, 32, 28, 3, 30, 34, 29, 5, 17, 32, 12, 16, 28, 6, 27, 16, 6, 22, 8, 33, 39, 25, 39, 5, 33, 29, 5, 36, 16, 14, 6, 32, 14, 11, 1, 22, 2, 28, 3, 32, 2, 40, 6, 9, 2, 30]","[0, 0, 0, 0, 0, 0, 0, 1, 1, 0, 0, 1, 0, 0, 1, 0, 1, 0, 1, 1, 0, 0, 0, 0, 0, 0, 0, 0, 0, 0, 0, 0, 0, 0, 0, 1, 1, 0, 0, 0, 0, 0, 0, 0, 0, 0, 0, 0, 0, 0, 0, 0, 0, 0, 0, 0, 0, 0]"
L2_arctic_WAV/RRBI_arctic_a0023,"[2, 27, 3, 29, 16, 2, 30, 19, 6, 9, 2, 30, 12, 38, 27, 2, 30, 19, 6, 17, 25, 2, 30, 27, 41, 32, 2, 36, 2, 28, 27, 39, 6, 27, 28, 25, 8, 33, 23, 2, 30, 14, 6, 40, 17, 41, 30, 17, 32, 2, 36, 6, 9, 2, 30, 17, 22, 8, 33, 4, 2, 34, 19, 6, 29, 32, 33, 6, 38, 6, 28, 6, 18, 6, 40]","[2, 27, 8, 29, 16, 2, 30, 19, 6, 9, 2, 30, 12, 22, 27, 2, 30, 5, 17, 25, 2, 30, 27, 41, 32, 2, 36, 2, 28, 27, 39, 6, 27, 28, 25, 8, 33, 23, 2, 30, 14, 6, 40, 17, 41, 30, 17, 32, 2, 36, 6, 9, 2, 30, 17, 22, 8, 33, 4, 2, 34, 5, 29, 32, 33, 6, 38, 6, 28, 6, 18, 6, 40]","[0, 0, 1, 0, 0, 0, 0, 0, 0, 0, 0, 0, 0, 1, 0, 0, 0, 1, 1, 0, 0, 0, 0, 0, 0, 0, 0, 0, 0, 0, 0, 0, 0, 0, 0, 0, 0, 0, 0, 0, 0, 0, 0, 0, 0, 0, 0, 0, 0, 0, 0, 0, 0, 0, 0, 0, 0, 0, 0, 0, 0, 0, 1, 1, 0, 0, 0, 0, 0, 0, 0, 0, 0, 0, 0]"
L2_arctic_WAV/RRBI_arctic_a0024,"[6, 36, 39, 12, 40, 29, 14, 6, 33, 25, 32, 8, 33, 36, 34, 22, 33, 12, 29, 4, 2, 30, 8, 33, 10, 39, 6, 35, 35, 25, 22, 28, 25, 6, 30, 17, 37, 34, 36, 32, 25, 32, 2, 28, 36, 37, 16, 14, 6]","[6, 36, 39, 12, 40, 29, 14, 6, 33, 25, 32, 8, 33, 36, 34, 22, 33, 12, 29, 4, 2, 30, 8, 33, 36, 39, 6, 35, 35, 25, 22, 28, 25, 6, 30, 17, 26, 37, 34, 36, 32, 25, 32, 2, 28, 36, 37, 16, 14, 6]","[0, 0, 0, 0, 0, 0, 0, 0, 0, 0, 0, 0, 0, 0, 0, 0, 0, 0, 0, 0, 0, 0, 0, 0, 1, 0, 0, 0, 0, 0, 0, 0, 0, 0, 0, 0, 0, 0, 0, 0, 0, 0, 0, 0, 0, 0, 0, 0, 0]"
L2_arctic_WAV/RRBI_arctic_a0025,"[14, 6, 39, 12, 40, 2, 16, 14, 11, 36, 36, 37, 17, 37, 4, 6, 34, 39, 6, 30, 27, 37, 28, 1, 18, 12, 18, 29, 2, 30, 36, 32, 33, 6, 38, 19, 6, 28, 17]","[14, 6, 39, 12, 34, 2, 16, 14, 11, 36, 36, 37, 17, 37, 17, 6, 34, 39, 6, 30, 27, 37, 28, 1, 18, 12, 18, 29, 2, 30, 36, 32, 33, 6, 38, 19, 6, 28, 17]","[0, 0, 0, 0, 1, 0, 0, 0, 0, 0, 0, 0, 0, 0, 1, 0, 0, 0, 0, 0, 0, 0, 0, 0, 0, 0, 0, 0, 0, 0, 0, 0, 0, 0, 0, 0, 0, 0, 0]"
L2_arctic_WAV/RRBI_arctic_a0026,"[6, 36, 2, 27, 1, 17, 36, 37, 29, 25, 4, 41, 36, 4, 5, 33, 39, 11, 17, 24, 41, 38, 36, 37, 16, 25, 2, 30, 2, 27, 14, 11, 30, 36, 6, 7]","[6, 36, 2, 27, 1, 17, 36, 37, 29, 25, 17, 41, 36, 17, 5, 33, 39, 11, 17, 24, 41, 21, 36, 37, 16, 25, 2, 30, 2, 27, 14, 11, 30, 36, 6, 7]","[0, 0, 0, 0, 0, 0, 0, 0, 0, 0, 1, 0, 0, 1, 0, 0, 0, 0, 0, 0, 0, 1, 0, 0, 0, 0, 0, 0, 0, 0, 0, 0, 0, 0, 0, 0]"
L2_arctic_WAV/RRBI_arctic_a0027,"[36, 37, 29, 14, 6, 34, 2, 32, 33, 14, 6, 40, 24, 25, 16, 6, 23, 41, 30, 36, 2, 9, 31, 11, 41, 27, 9, 2, 28, 6, 30, 10, 37, 40, 25, 41, 40, 2, 29, 6, 30, 29, 14, 6, 22, 19, 6, 38, 1]","[36, 37, 29, 14, 6, 34, 2, 32, 33, 14, 6, 34, 24, 25, 16, 6, 23, 41, 30, 36, 11, 9, 8, 41, 27, 35, 2, 28, 6, 30, 36, 37, 40, 25, 41, 40, 2, 29, 6, 30, 29, 14, 6, 22, 19, 6, 38, 12]","[0, 0, 0, 0, 0, 0, 0, 0, 0, 0, 0, 1, 0, 0, 0, 0, 0, 0, 0, 0, 1, 0, 1, 1, 0, 0, 1, 0, 0, 0, 0, 1, 0, 0, 0, 0, 0, 0, 0, 0, 0, 0, 0, 0, 0, 0, 0, 0, 1]"
L2_arctic_WAV/RRBI_arctic_a0028,"[33, 3, 16, 1, 25, 16, 33, 14, 6, 16, 1, 25, 22, 33, 8, 17]","[33, 3, 16, 1, 25, 16, 33, 14, 6, 16, 1, 25, 22, 33, 8, 17]","[0, 0, 0, 0, 0, 0, 0, 0, 0, 0, 0, 0, 0, 0, 0, 0]"
L2_arctic_WAV/RRBI_arctic_a0029,"[4, 5, 33, 22, 8, 33, 34, 6, 40, 39, 1, 1, 8, 33, 5, 17, 25, 29, 37, 38, 6, 7, 6, 30, 36, 2, 4, 2, 30, 8, 33, 10, 27, 12, 30, 36, 33, 25]","[4, 5, 33, 22, 8, 34, 6, 40, 39, 5, 33, 8, 33, 5, 17, 25, 29, 37, 38, 6, 7, 6, 30, 36, 2, 4, 2, 30, 8, 33, 10, 27, 12, 30, 36, 33, 25]","[0, 0, 0, 0, 0, 1, 0, 0, 0, 0, 1, 1, 0, 0, 0, 0, 0, 0, 0, 0, 0, 0, 0, 0, 0, 0, 0, 0, 0, 0, 0, 0, 0, 0, 0, 0, 0, 0]"
L2_arctic_WAV/RRBI_arctic_a0030,"[14, 6, 24, 41, 17, 22, 19, 6, 10, 6, 30, 4, 5, 29]","[3, 24, 41, 17, 22, 5, 10, 6, 30, 4, 5, 29]","[1, 1, 0, 0, 0, 0, 1, 1, 0, 0, 0, 0, 0, 0]"
L2_arctic_WAV/RRBI_arctic_a0031,"[4, 19, 6, 33, 39, 1, 1, 10, 33, 25, 24, 12, 30, 17, 1, 17, 26, 3, 33, 17, 40, 2, 32, 3, 33, 36]","[17, 5, 39, 5, 33, 36, 33, 25, 24, 12, 30, 17, 1, 17, 26, 3, 33, 17, 40, 2, 32, 3, 36]","[1, 1, 1, 1, 0, 1, 1, 1, 0, 0, 0, 0, 0, 0, 0, 0, 0, 0, 0, 0, 0, 0, 0, 0, 1, 0]"
L2_arctic_WAV/RRBI_arctic_a0032,"[34, 6, 30, 34, 4, 5, 30, 34, 12, 29, 29, 6, 34, 36, 6, 33, 25, 2, 34, 22, 8, 33, 34, 24, 41, 40, 16, 6, 30, 22, 14, 6, 36, 6, 7, 12, 34, 41, 36, 5, 38, 33, 25, 34, 36, 5, 32]","[34, 6, 30, 34, 17, 5, 30, 34, 12, 29, 29, 6, 34, 36, 6, 33, 25, 2, 34, 22, 8, 33, 34, 24, 41, 40, 16, 6, 30, 22, 14, 6, 36, 6, 7, 12, 34, 41, 36, 5, 38, 33, 25, 34, 36, 5, 32]","[0, 0, 0, 0, 1, 0, 0, 0, 0, 0, 0, 0, 0, 0, 0, 0, 0, 0, 0, 0, 0, 0, 0, 0, 0, 0, 0, 0, 0, 0, 0, 0, 0, 0, 0, 0, 0, 0, 0, 0, 0, 0, 0, 0, 0, 0, 0]"
L2_arctic_WAV/RRBI_arctic_a0036,"[9, 25, 36, 1, 30, 17, 6, 30, 41, 36, 4, 12, 24, 31, 11, 36, 5, 28]","[9, 21, 36, 12, 30, 17, 6, 30, 41, 4, 12, 24, 8, 36, 5, 28]","[0, 1, 0, 1, 0, 0, 0, 0, 0, 1, 0, 0, 0, 1, 1, 0, 0, 0]"
L2_arctic_WAV/RRBI_arctic_a0037,"[14, 6, 39, 3, 40, 4, 2, 31, 11, 30, 28, 25, 39, 12, 30, 24, 37, 33, 25, 29, 19, 6, 30, 17, 34, 6, 36, 6, 7]","[14, 6, 39, 3, 40, 4, 2, 31, 11, 30, 28, 25, 38, 12, 30, 24, 37, 33, 25, 29, 19, 6, 30, 17, 34, 6, 36, 6, 7]","[0, 0, 0, 0, 0, 0, 0, 0, 0, 0, 0, 0, 1, 0, 0, 0, 0, 0, 0, 0, 0, 0, 0, 0, 0, 0, 0, 0, 0]"
L2_arctic_WAV/RRBI_arctic_a0038,"[39, 25, 39, 6, 28, 24, 41, 38, 36, 2, 39, 3, 35, 14, 11, 33, 35, 41, 30, 34, 6, 40]","[39, 25, 39, 6, 28, 24, 41, 38, 36, 2, 39, 3, 35, 14, 11, 33, 35, 41, 30, 34, 6, 40]","[0, 0, 0, 0, 0, 0, 0, 0, 0, 0, 0, 0, 0, 0, 0, 0, 0, 0, 0, 0, 0, 0]"
L2_arctic_WAV/RRBI_arctic_a0039,"[4, 2, 9, 6, 32, 9, 11, 17, 16, 25, 6, 30, 39, 6, 10, 6, 30, 2, 39, 25, 27, 8, 33, 36, 5, 30, 17, 19, 6, 40]","[4, 2, 9, 6, 32, 9, 11, 17, 16, 25, 6, 30, 39, 6, 10, 6, 30, 2, 38, 25, 27, 8, 33, 36, 5, 30, 17, 19, 6, 40]","[0, 0, 0, 0, 0, 0, 0, 0, 0, 0, 0, 0, 0, 0, 0, 0, 0, 0, 1, 0, 0, 0, 0, 0, 0, 0, 0, 0, 0, 0]"
L2_arctic_WAV/RRBI_arctic_a0040,"[14, 6, 34, 2, 32, 31, 11, 40, 26, 37, 39, 12, 30, 17, 1, 39, 14, 6, 9, 25, 6, 40, 27, 12, 29, 6, 7, 12, 32, 24, 25, 33]","[14, 6, 34, 2, 32, 8, 34, 26, 37, 39, 12, 30, 17, 12, 39, 14, 6, 9, 25, 6, 34, 27, 12, 29, 6, 7, 12, 32, 24, 25, 12]","[0, 0, 0, 0, 0, 1, 1, 1, 0, 0, 0, 0, 0, 0, 1, 0, 0, 0, 0, 0, 0, 1, 0, 0, 0, 0, 0, 0, 0, 0, 0, 1]"
L2_arctic_WAV/RRBI_arctic_a0041,"[29, 25, 30, 39, 14, 6, 28, 14, 6, 28, 23, 31, 11, 14, 11, 36, 37, 16, 33, 25, 4, 2, 34, 32, 5, 28]","[29, 25, 30, 39, 14, 6, 28, 14, 6, 28, 23, 8, 14, 11, 36, 37, 16, 33, 25, 36, 2, 34, 32, 5, 28]","[0, 0, 0, 0, 0, 0, 0, 0, 0, 0, 0, 1, 1, 0, 0, 0, 0, 0, 0, 0, 1, 0, 0, 0, 0, 0]"
L2_arctic_WAV/RRBI_arctic_a0042,"[24, 14, 11, 27, 11, 17, 24, 25, 6, 27, 34, 32, 28, 19, 6, 30, 24, 6, 40, 32, 2, 40, 5, 9, 2, 30, 12, 38, 4, 2, 34, 27, 5, 35]","[24, 14, 11, 27, 11, 17, 12, 24, 25, 6, 27, 34, 32, 28, 19, 6, 30, 24, 6, 40, 32, 2, 21, 5, 9, 2, 30, 12, 38, 4, 2, 34, 27, 5, 35]","[0, 0, 0, 0, 0, 0, 0, 0, 0, 0, 0, 0, 0, 0, 0, 0, 0, 0, 0, 0, 0, 1, 0, 0, 0, 0, 0, 0, 0, 0, 0, 0, 0, 0]"
L2_arctic_WAV/RRBI_arctic_a0045,"[24, 25, 29, 37, 38, 17, 2, 39, 19, 6, 41, 40, 27, 39, 14, 6, 2, 36, 28, 25, 41, 40, 24, 25, 24, 41, 17, 27, 12, 29]","[24, 25, 29, 37, 21, 17, 2, 39, 5, 41, 34, 27, 39, 14, 6, 36, 28, 25, 41, 40, 24, 25, 24, 41, 17, 27, 12, 29]","[0, 0, 0, 0, 1, 0, 0, 0, 1, 1, 0, 1, 0, 0, 0, 0, 1, 0, 0, 0, 0, 0, 0, 0, 0, 0, 0, 0, 0, 0]"
L2_arctic_WAV/RRBI_arctic_a0046,"[4, 2, 23, 1, 28, 22, 19, 6, 34, 36, 6, 29, 24, 1, 14, 6, 40, 9, 14, 6, 30, 6, 7, 39, 6, 10, 34, 12, 17, 2, 30, 22, 6, 33]","[4, 2, 23, 5, 28, 22, 5, 34, 36, 6, 29, 24, 1, 14, 6, 9, 14, 6, 30, 6, 7, 39, 6, 10, 34, 12, 17, 2, 30, 22, 6, 12]","[0, 0, 0, 1, 0, 0, 1, 1, 0, 0, 0, 0, 0, 0, 0, 0, 1, 0, 0, 0, 0, 0, 0, 0, 0, 0, 0, 0, 0, 0, 0, 0, 0, 1]"
L2_arctic_WAV/RRBI_arctic_a0047,"[27, 28, 31, 11, 40, 16, 6, 34, 14, 6, 17, 24, 6, 29, 23, 28, 25, 29, 17, 4, 12, 39, 14, 6, 36, 22, 41, 7, 40, 12, 38, 4, 12, 39, 11, 28, 22, 17, 8, 23]","[27, 28, 8, 40, 16, 6, 34, 14, 6, 17, 24, 6, 29, 23, 28, 25, 29, 4, 12, 38, 14, 6, 36, 22, 41, 7, 40, 12, 38, 4, 12, 38, 11, 28, 22, 17, 8, 23]","[0, 0, 1, 1, 0, 0, 0, 0, 0, 0, 0, 0, 0, 0, 0, 0, 0, 0, 1, 0, 0, 1, 0, 0, 0, 0, 0, 0, 0, 0, 0, 0, 0, 1, 0, 0, 0, 0, 0, 0]"
L2_arctic_WAV/RRBI_arctic_a0048,"[24, 25, 28, 11, 27, 36, 41, 36, 4, 2, 24, 41, 7, 27, 1, 35, 6, 22, 29, 8, 33, 27, 28, 31, 11, 34, 28, 25]","[24, 25, 28, 11, 27, 36, 41, 36, 4, 2, 24, 41, 7, 27, 12, 35, 6, 22, 29, 8, 33, 27, 28, 31, 11, 40, 28, 25]","[0, 0, 0, 0, 0, 0, 0, 0, 0, 0, 0, 0, 0, 0, 1, 0, 0, 0, 0, 0, 0, 0, 0, 0, 0, 1, 0, 0]"
L2_arctic_WAV/RRBI_arctic_a0051,"[4, 2, 28, 19, 6, 34, 39, 12, 40, 12, 38, 2, 17, 5, 28, 2, 27, 2, 36, 14, 6, 38, 1, 25, 27, 12, 28, 1, 22, 19, 6, 30, 36, 28, 25, 36, 6, 30, 36, 6, 17, 39, 6, 4, 26, 5, 28, 31, 11]","[4, 2, 28, 19, 6, 34, 39, 12, 40, 12, 38, 2, 17, 5, 28, 2, 27, 2, 36, 14, 6, 38, 28, 25, 27, 12, 28, 1, 22, 6, 30, 36, 28, 25, 36, 6, 30, 36, 6, 17, 39, 6, 4, 26, 5, 28, 31, 11]","[0, 0, 0, 0, 0, 0, 0, 0, 0, 0, 0, 0, 0, 0, 0, 0, 0, 0, 0, 0, 0, 0, 1, 0, 0, 0, 0, 0, 0, 1, 0, 0, 0, 0, 0, 0, 0, 0, 0, 0, 0, 0, 0, 0, 0, 0, 0, 0, 0]"
L2_arctic_WAV/RRBI_arctic_a0052,"[6, 36, 39, 12, 40, 2, 27, 26, 11, 33, 25, 2, 34, 27, 31, 11, 6, 30, 34, 6, 17, 2, 30, 34]","[6, 36, 39, 12, 40, 2, 27, 26, 11, 28, 25, 2, 34, 27, 11, 6, 30, 34, 6, 17, 2, 30, 34]","[0, 0, 0, 0, 0, 0, 0, 0, 0, 1, 0, 0, 0, 0, 1, 0, 0, 0, 0, 0, 0, 0, 0, 0]"
L2_arctic_WAV/RRBI_arctic_a0053,"[34, 12, 17, 2, 30, 28, 25, 24, 6, 40, 22, 6, 7, 23, 1, 40, 27, 28, 31, 11, 40, 17, 36, 14, 6, 36, 28, 25, 31, 11, 38, 1, 4, 2, 24, 41, 7, 27, 1, 35, 6, 22]","[34, 12, 17, 2, 30, 28, 25, 24, 6, 40, 22, 6, 7, 23, 1, 34, 27, 28, 31, 11, 34, 17, 14, 6, 17, 28, 25, 31, 11, 38, 1, 4, 2, 24, 41, 7, 27, 1, 35, 6, 22]","[0, 0, 0, 0, 0, 0, 0, 0, 0, 0, 0, 0, 0, 0, 0, 1, 0, 0, 0, 0, 1, 0, 1, 0, 0, 1, 0, 0, 0, 0, 0, 0, 0, 0, 0, 0, 0, 0, 0, 0, 0, 0]"
L2_arctic_WAV/RRBI_arctic_a0054,"[4, 5, 33, 39, 2, 40, 30, 12, 10, 6, 7, 3, 30, 4, 12, 33, 3, 27]","[4, 5, 28, 39, 2, 40, 30, 12, 10, 6, 7, 3, 30, 17, 12, 28, 3, 27]","[0, 0, 1, 0, 0, 0, 0, 0, 0, 0, 0, 0, 0, 1, 0, 1, 0, 0]"
L2_arctic_WAV/RRBI_arctic_a0058,"[14, 6, 27, 19, 6, 29, 22, 8, 33, 6, 30, 22, 8, 33, 29, 19, 6, 9, 2, 30, 29, 8, 33, 14, 11, 36, 12, 38, 27, 26, 11, 33, 25, 3, 34, 2, 36, 25, 4, 41, 30, 5, 30, 25, 10, 6, 7, 5, 28, 34]","[14, 6, 23, 19, 6, 29, 22, 8, 33, 6, 30, 22, 8, 33, 29, 19, 6, 9, 2, 30, 29, 8, 28, 14, 11, 36, 12, 38, 27, 26, 11, 28, 25, 3, 34, 2, 36, 25, 4, 41, 30, 5, 30, 25, 10, 6, 7, 5, 28, 34]","[0, 0, 1, 0, 0, 0, 0, 0, 0, 0, 0, 0, 0, 0, 0, 0, 0, 0, 0, 0, 0, 0, 1, 0, 0, 0, 0, 0, 0, 0, 0, 1, 0, 0, 0, 0, 0, 0, 0, 0, 0, 0, 0, 0, 0, 0, 0, 0, 0, 0]"
L2_arctic_WAV/RRBI_arctic_a0059,"[24, 6, 40, 6, 29, 41, 27, 26, 37, 28, 6, 36, 2, 32, 6, 33, 2, 30, 34, 39, 3, 40, 23, 8, 30]","[24, 6, 40, 6, 29, 41, 27, 26, 37, 28, 5, 36, 2, 32, 6, 28, 2, 30, 34, 39, 3, 34, 23, 8, 30]","[0, 0, 0, 0, 0, 0, 0, 0, 0, 0, 1, 0, 0, 0, 0, 1, 0, 0, 0, 0, 0, 1, 0, 0, 0]"
L2_arctic_WAV/RRBI_arctic_a0060,"[5, 30, 25, 39, 19, 6, 30, 31, 11, 39, 12, 30, 34, 8, 24, 1, 28, 14, 6, 27, 4, 41, 36]","[5, 30, 25, 38, 5, 30, 31, 11, 39, 12, 30, 34, 8, 24, 1, 28, 14, 6, 27, 17, 41, 36]","[0, 0, 0, 1, 1, 1, 0, 0, 0, 0, 0, 0, 0, 0, 0, 0, 0, 0, 0, 0, 1, 0, 0]"
L2_arctic_WAV/RRBI_arctic_a0062,"[4, 2, 29, 5, 30, 34, 36, 5, 33, 17, 6, 30, 36, 37, 25, 35, 12, 4, 1, 40, 22, 19, 6, 34]","[4, 2, 29, 5, 30, 34, 36, 5, 33, 17, 6, 30, 36, 37, 25, 35, 12, 4, 1, 34, 22, 5, 34]","[0, 0, 0, 0, 0, 0, 0, 0, 0, 0, 0, 0, 0, 0, 0, 0, 0, 0, 0, 1, 0, 1, 1, 0]"
L2_arctic_WAV/RRBI_arctic_a0063,"[26, 5, 34, 6, 36, 39, 12, 40, 2, 29, 41, 30, 24, 37, 41, 34, 36, 2, 34, 36, 33, 19, 6, 30, 18, 1]","[26, 5, 34, 6, 36, 39, 12, 40, 2, 29, 12, 30, 24, 37, 12, 34, 36, 2, 34, 36, 33, 19, 6, 30, 18, 1]","[0, 0, 0, 0, 0, 0, 0, 0, 0, 0, 1, 0, 0, 0, 1, 0, 0, 0, 0, 0, 0, 0, 0, 0, 0, 0]"
L2_arctic_WAV/RRBI_arctic_a0064,"[4, 2, 22, 8, 33, 10, 41, 30, 17, 22, 6, 22, 10, 17, 19, 6, 40, 32, 41, 34, 36, 39, 6, 10, 14, 11, 36, 5, 30, 25, 17, 6, 38, 5, 28, 2, 32, 29, 2, 30, 36, 34]","[4, 2, 22, 8, 28, 10, 41, 30, 17, 22, 6, 22, 10, 17, 5, 40, 32, 12, 34, 36, 38, 6, 10, 14, 11, 36, 5, 30, 25, 17, 6, 38, 5, 28, 2, 32, 29, 2, 30, 36, 34]","[0, 0, 0, 0, 1, 0, 0, 0, 0, 0, 0, 0, 0, 0, 1, 1, 0, 0, 1, 0, 0, 1, 0, 0, 0, 0, 0, 0, 0, 0, 0, 0, 0, 0, 0, 0, 0, 0, 0, 0, 0, 0]"
L2_arctic_WAV/RRBI_arctic_a0065,"[4, 19, 6, 27, 28, 31, 11, 40, 17, 30, 14, 11, 2, 30, 36, 6, 28, 24, 6, 40, 22, 6, 7, 23, 1, 40, 39, 1, 28, 14, 6, 27, 27, 8, 33, 17, 40, 12, 38, 34, 36, 25, 28]","[4, 19, 6, 27, 28, 31, 11, 40, 17, 30, 14, 11, 2, 30, 36, 6, 28, 24, 6, 40, 22, 6, 7, 23, 1, 40, 38, 5, 28, 14, 6, 27, 23, 8, 33, 17, 40, 12, 38, 34, 36, 25, 28]","[0, 0, 0, 0, 0, 0, 0, 0, 0, 0, 0, 0, 0, 0, 0, 0, 0, 0, 0, 0, 0, 0, 0, 0, 0, 0, 1, 1, 0, 0, 0, 0, 1, 0, 0, 0, 0, 0, 0, 0, 0, 0, 0]"
L2_arctic_WAV/RRBI_arctic_a0067,"[9, 11, 33, 28, 25, 14, 6, 39, 6, 28, 6, 27, 34, 27, 26, 37, 40, 26, 37, 9, 25, 27, 33, 14, 6, 17]","[9, 11, 33, 28, 25, 14, 6, 39, 6, 28, 6, 27, 34, 27, 26, 37, 40, 26, 37, 9, 25, 27, 28, 14, 6, 17]","[0, 0, 0, 0, 0, 0, 0, 0, 0, 0, 0, 0, 0, 0, 0, 0, 0, 0, 0, 0, 0, 0, 1, 0, 0, 0]"
L2_arctic_WAV/RRBI_arctic_a0071,"[24, 39, 12, 36, 39, 3, 40, 4, 2, 3, 16, 18, 5, 27, 36, 12, 38, 26, 11, 33, 28, 6, 36, 2, 28, 34, 5, 30, 34, 19, 6, 9, 2, 30]","[24, 39, 12, 36, 39, 3, 40, 40, 2, 8, 16, 18, 5, 27, 36, 12, 38, 26, 1, 33, 28, 6, 36, 2, 28, 34, 5, 30, 34, 19, 6, 9, 2, 30]","[0, 0, 0, 0, 0, 0, 0, 1, 0, 1, 0, 0, 0, 0, 0, 0, 0, 0, 1, 0, 0, 0, 0, 0, 0, 0, 0, 0, 0, 0, 0, 0, 0, 0]"
L2_arctic_WAV/RRBI_arctic_a0073,"[4, 12, 32, 33, 2, 29, 31, 11, 36, 1, 40, 14, 6, 40, 39, 1, 24, 5, 38, 25, 39, 6, 10, 28, 6, 36, 2, 28, 32, 12, 22, 25, 16, 41, 23, 40, 12, 30, 17, 1, 4, 5, 29]","[4, 12, 32, 33, 2, 29, 31, 11, 36, 1, 34, 14, 6, 40, 38, 1, 24, 5, 38, 25, 39, 6, 17, 28, 6, 36, 2, 28, 16, 12, 22, 25, 16, 41, 23, 40, 12, 30, 17, 1, 4, 5, 29]","[0, 0, 0, 0, 0, 0, 0, 0, 0, 0, 1, 0, 0, 0, 1, 0, 0, 0, 0, 0, 0, 0, 1, 0, 0, 0, 0, 0, 1, 0, 0, 0, 0, 0, 0, 0, 0, 0, 0, 0, 0, 0, 0]"
L2_arctic_WAV/RRBI_arctic_a0075,"[4, 5, 33, 24, 41, 40, 16, 6, 30, 2, 35, 19, 6, 30, 18, 9, 25, 6, 30, 36, 1, 12, 32, 36, 6, 17, 24, 6, 29]","[4, 5, 28, 24, 41, 40, 16, 25, 30, 2, 35, 6, 30, 18, 9, 25, 6, 30, 36, 28, 12, 32, 36, 6, 17, 24, 6, 29]","[0, 0, 1, 0, 0, 0, 0, 1, 0, 0, 0, 1, 0, 0, 0, 0, 0, 0, 0, 0, 1, 0, 0, 0, 0, 0, 0, 0, 0]"
L2_arctic_WAV/RRBI_arctic_a0076,"[4, 2, 23, 33, 19, 6, 14, 6, 40, 22, 3, 28, 36, 1, 17, 4, 12, 22, 28, 12, 9, 17, 25, 32, 2, 30, 17]","[4, 2, 23, 28, 19, 6, 14, 6, 34, 22, 41, 28, 36, 1, 17, 4, 12, 22, 28, 12, 9, 17, 25, 32, 2, 30, 17]","[0, 0, 0, 1, 0, 0, 0, 0, 1, 0, 1, 0, 0, 0, 0, 0, 0, 0, 0, 0, 0, 0, 0, 0, 0, 0, 0]"
L2_arctic_WAV/RRBI_arctic_a0077,"[6, 36, 6, 40, 4, 12, 22, 14, 6, 1, 32, 3, 33, 36, 28, 25, 9, 25, 34, 5, 17]","[6, 36, 6, 40, 4, 12, 22, 14, 6, 1, 32, 3, 33, 36, 28, 25, 9, 25, 34, 5, 17]","[0, 0, 0, 0, 0, 0, 0, 0, 0, 0, 0, 0, 0, 0, 0, 0, 0, 0, 0, 0, 0]"
L2_arctic_WAV/RRBI_arctic_a0078,"[4, 5, 30, 41, 30, 17, 41, 36, 34, 12, 32, 1, 24, 25, 36, 33, 14, 6, 17, 36, 37, 22, 41, 4, 2, 29, 24, 1]","[4, 5, 30, 41, 30, 17, 41, 36, 34, 12, 32, 1, 24, 25, 36, 33, 14, 6, 17, 36, 37, 22, 41, 4, 2, 29, 24, 1]","[0, 0, 0, 0, 0, 0, 0, 0, 0, 0, 0, 0, 0, 0, 0, 0, 0, 0, 0, 0, 0, 0, 0, 0, 0, 0, 0, 0]"
L2_arctic_WAV/RRBI_arctic_a0079,"[6, 36, 39, 12, 40, 2, 28, 3, 33, 18, 27, 2, 30, 37]","[6, 36, 39, 12, 40, 2, 28, 3, 33, 18, 27, 2, 30, 37]","[0, 0, 0, 0, 0, 0, 0, 0, 0, 0, 0, 0, 0, 0]"
L2_arctic_WAV/RRBI_arctic_a0081,"[24, 39, 12, 36, 6, 22, 9, 25, 17, 6, 17, 30, 3, 36, 27, 12, 29, 36, 2, 4, 12, 33, 3, 27]","[24, 39, 12, 36, 6, 22, 9, 25, 17, 6, 17, 30, 3, 36, 27, 12, 29, 36, 2, 4, 12, 28, 3, 27]","[0, 0, 0, 0, 0, 0, 0, 0, 0, 0, 0, 0, 0, 0, 0, 0, 0, 0, 0, 0, 0, 1, 0, 0]"
L2_arctic_WAV/RRBI_arctic_a0082,"[24, 6, 40, 22, 19, 6, 34, 39, 3, 40, 34, 36, 33, 25, 29, 6, 7, 39, 6, 4, 16, 28, 12, 17]","[24, 6, 40, 22, 6, 34, 39, 3, 34, 34, 36, 33, 25, 29, 6, 7, 39, 6, 4, 16, 28, 12, 17]","[0, 0, 0, 0, 1, 0, 0, 0, 0, 1, 0, 0, 0, 0, 0, 0, 0, 0, 0, 0, 0, 0, 0, 0]"
L2_arctic_WAV/RRBI_arctic_a0085,"[2, 36, 33, 6, 27, 2, 28, 12, 38, 22, 33, 5, 9, 16, 28, 12, 17, 33, 41, 30, 31, 11, 38, 1, 24, 6, 40, 22, 19, 6, 34]","[2, 36, 33, 6, 27, 2, 28, 12, 38, 22, 33, 5, 9, 16, 28, 1, 17, 28, 41, 30, 31, 11, 38, 1, 24, 6, 40, 22, 19, 6, 34]","[0, 0, 0, 0, 0, 0, 0, 0, 0, 0, 0, 0, 0, 0, 0, 1, 0, 1, 0, 0, 0, 0, 0, 0, 0, 0, 0, 0, 0, 0, 0]"
L2_arctic_WAV/RRBI_arctic_a0086,"[17, 5, 10, 24, 41, 17, 27, 12, 29, 39, 6, 10, 36, 5, 33, 2, 16, 2, 28, 34, 12, 17, 2, 30, 30, 2, 34]","[17, 5, 10, 24, 41, 34, 27, 12, 29, 39, 6, 10, 36, 5, 33, 2, 16, 2, 28, 34, 12, 17, 2, 30, 30, 2, 34]","[0, 0, 0, 0, 0, 1, 0, 0, 0, 0, 0, 0, 0, 0, 0, 0, 0, 0, 0, 0, 0, 0, 0, 0, 0, 0, 0]"
L2_arctic_WAV/RRBI_arctic_a0088,"[24, 25, 29, 19, 6, 17, 9, 11, 33, 4, 41, 36, 4, 2, 29, 41, 23, 2, 40, 25, 30, 39, 12, 40, 28, 31, 11, 17, 6, 17, 41, 30, 17, 33, 6, 40, 37, 29, 17, 24, 6, 40, 32, 41, 17, 28, 6, 7]","[24, 25, 29, 19, 6, 17, 9, 11, 33, 4, 41, 36, 4, 2, 29, 41, 23, 2, 40, 25, 30, 39, 12, 40, 28, 8, 17, 6, 17, 41, 30, 17, 33, 6, 40, 37, 29, 17, 24, 6, 40, 32, 41, 17, 28, 6, 7]","[0, 0, 0, 0, 0, 0, 0, 0, 0, 0, 0, 0, 0, 0, 0, 0, 0, 0, 0, 0, 0, 0, 0, 0, 0, 1, 1, 0, 0, 0, 0, 0, 0, 0, 0, 0, 0, 0, 0, 0, 0, 0, 0, 0, 0, 0, 0, 0]"
L2_arctic_WAV/RRBI_arctic_a0089,"[4, 2, 30, 14, 6, 36, 23, 28, 31, 11, 39, 8, 40, 36, 33, 5, 35, 1, 2, 34, 36, 37, 9, 37, 36, 16, 14, 6]","[4, 2, 30, 14, 6, 36, 23, 28, 31, 11, 39, 8, 34, 36, 33, 5, 35, 28, 2, 34, 36, 37, 9, 37, 36, 16, 14, 6]","[0, 0, 0, 0, 0, 0, 0, 0, 0, 0, 0, 0, 1, 0, 0, 0, 0, 1, 0, 0, 0, 0, 0, 0, 0, 0, 0, 0]"
L2_arctic_WAV/RRBI_arctic_a0090,"[4, 12, 34, 6, 7, 6, 7, 38, 8, 6, 34, 2, 32, 33, 31, 11, 35, 36, 33, 41, 32, 2, 17, 28, 25]","[4, 12, 34, 6, 7, 6, 7, 38, 14, 6, 34, 2, 32, 28, 31, 11, 35, 36, 33, 41, 32, 2, 17, 28, 25]","[0, 0, 0, 0, 0, 0, 0, 0, 1, 0, 0, 0, 0, 1, 0, 0, 0, 0, 0, 0, 0, 0, 0, 0, 0]"
L2_arctic_WAV/RRBI_arctic_a0091,"[24, 6, 40, 16, 28, 12, 17, 23, 33, 37, 24, 3, 36, 39, 6, 10, 33, 19, 6, 18, 41, 36, 4, 12, 10, 8, 36]","[24, 6, 40, 16, 28, 12, 17, 23, 37, 24, 3, 36, 39, 6, 10, 33, 19, 6, 18, 41, 36, 4, 12, 10, 8, 36]","[0, 0, 0, 0, 0, 0, 0, 0, 1, 0, 0, 0, 0, 0, 0, 0, 0, 0, 0, 0, 0, 0, 0, 0, 0, 0, 0]"
L2_arctic_WAV/RRBI_arctic_a0092,"[24, 25, 39, 5, 30, 36, 17, 14, 11, 30, 6, 30, 29, 6, 17, 34, 36, 33, 25, 29, 34, 1, 35, 6, 7, 4, 2, 9, 41, 17, 31, 11, 40, 12, 38, 16, 31, 11, 10, 9, 8, 33, 40]","[24, 25, 39, 5, 30, 36, 17, 14, 11, 30, 6, 30, 29, 6, 17, 34, 36, 33, 25, 29, 34, 1, 35, 6, 7, 4, 2, 9, 41, 17, 31, 11, 40, 12, 38, 16, 11, 10, 9, 8, 33, 34]","[0, 0, 0, 0, 0, 0, 0, 0, 0, 0, 0, 0, 0, 0, 0, 0, 0, 0, 0, 0, 0, 0, 0, 0, 0, 0, 0, 0, 0, 0, 0, 0, 0, 0, 0, 0, 1, 0, 0, 0, 0, 0, 1]"
L2_arctic_WAV/RRBI_arctic_a0093,"[22, 8, 33, 2, 22, 11, 28, 29, 6, 30, 2, 36, 24, 25, 27, 33, 14, 11, 35, 36, 41, 30, 17, 28, 6, 34, 2, 30, 17]","[22, 8, 33, 2, 22, 11, 28, 29, 6, 30, 2, 36, 24, 25, 27, 28, 14, 11, 35, 36, 41, 30, 17, 28, 6, 34, 2, 30, 17]","[0, 0, 0, 0, 0, 0, 0, 0, 0, 0, 0, 0, 0, 0, 0, 1, 0, 0, 0, 0, 0, 0, 0, 0, 0, 0, 0, 0, 0]"
L2_arctic_WAV/RRBI_arctic_a0094,"[24, 25, 24, 41, 17, 16, 5, 33, 28, 25, 5, 30, 36, 1, 17, 4, 6, 34, 39, 5, 30, 24, 25, 34, 8, 4, 2, 23, 28, 31, 11, 12, 38, 2, 22, 14, 6, 1]","[24, 25, 24, 41, 17, 16, 5, 33, 28, 25, 5, 30, 36, 1, 17, 4, 6, 34, 39, 5, 30, 24, 25, 34, 8, 4, 2, 23, 28, 31, 11, 12, 38, 2, 22, 14, 6, 1]","[0, 0, 0, 0, 0, 0, 0, 0, 0, 0, 0, 0, 0, 0, 0, 0, 0, 0, 0, 0, 0, 0, 0, 0, 0, 0, 0, 0, 0, 0, 0, 0, 0, 0, 0, 0, 0, 0]"
L2_arctic_WAV/RRBI_arctic_a0095,"[2, 16, 6, 23, 27, 41, 30, 38, 2, 34, 36, 5, 30, 36, 39, 12, 40, 4, 2, 22, 1, 34, 36, 10, 6, 7, 36, 37, 27, 12, 29, 39, 6, 10, 6, 30, 24, 6, 40, 38, 6, 13, 2, 30]","[2, 16, 6, 23, 23, 41, 30, 38, 2, 34, 17, 5, 30, 36, 39, 12, 40, 4, 2, 22, 1, 34, 36, 10, 6, 7, 36, 37, 27, 12, 29, 39, 6, 10, 6, 30, 24, 6, 40, 38, 6, 13, 2, 30]","[0, 0, 0, 0, 1, 0, 0, 0, 0, 0, 1, 0, 0, 0, 0, 0, 0, 0, 0, 0, 0, 0, 0, 0, 0, 0, 0, 0, 0, 0, 0, 0, 0, 0, 0, 0, 0, 0, 0, 0, 0, 0, 0, 0]"
L2_arctic_WAV/RRBI_arctic_a0096,"[32, 1, 24, 41, 32, 34, 9, 25, 24, 41, 17, 8, 28, 33, 5, 17, 25, 29, 5, 36, 24, 1, 22, 19, 6, 36, 2, 28, 6, 36, 2, 28, 17, 25, 32, 1, 6, 30, 4, 12, 22, 8, 33, 2, 34, 36]","[32, 1, 24, 41, 32, 34, 9, 25, 24, 41, 17, 8, 28, 28, 5, 17, 25, 29, 5, 36, 24, 1, 22, 6, 36, 2, 28, 6, 36, 2, 28, 17, 25, 32, 1, 6, 30, 4, 12, 22, 8, 28, 2, 34, 36]","[0, 0, 0, 0, 0, 0, 0, 0, 0, 0, 0, 0, 0, 1, 0, 0, 0, 0, 0, 0, 0, 0, 0, 1, 0, 0, 0, 0, 0, 0, 0, 0, 0, 0, 0, 0, 0, 0, 0, 0, 0, 0, 1, 0, 0, 0]"
L2_arctic_WAV/RRBI_arctic_a0097,"[4, 5, 30, 26, 37, 27, 2, 30, 1, 19, 6, 30, 18, 26, 11, 33, 34, 5, 28, 22, 27, 12, 29, 22, 1, 36, 2, 16, 28, 25, 2, 29, 12, 7, 4, 25, 40, 33, 31, 11, 16, 40, 6, 30, 4, 2, 16, 31, 11]","[4, 5, 30, 26, 37, 27, 2, 30, 28, 19, 6, 30, 18, 26, 11, 33, 34, 5, 28, 22, 27, 12, 29, 22, 1, 36, 2, 16, 28, 25, 2, 29, 12, 7, 4, 25, 40, 28, 8, 16, 40, 6, 30, 4, 2, 16, 31, 11]","[0, 0, 0, 0, 0, 0, 0, 0, 1, 0, 0, 0, 0, 0, 0, 0, 0, 0, 0, 0, 0, 0, 0, 0, 0, 0, 0, 0, 0, 0, 0, 0, 0, 0, 0, 0, 0, 1, 1, 1, 0, 0, 0, 0, 0, 0, 0, 0, 0]"
L2_arctic_WAV/RRBI_arctic_a0098,"[9, 41, 28, 14, 6, 27, 41, 33, 25, 26, 37]","[9, 41, 28, 14, 6, 27, 41, 33, 25, 26, 37]","[0, 0, 0, 0, 0, 0, 0, 0, 0, 0, 0]"
L2_arctic_WAV/RRBI_arctic_a0099,"[2, 29, 41, 17, 30, 6, 7, 18, 8, 6, 32, 14, 11, 30, 17, 6, 17, 6, 30, 24, 6, 40, 16, 33, 19, 6, 30]","[2, 29, 41, 33, 17, 30, 6, 7, 18, 8, 6, 16, 8, 30, 17, 6, 33, 17, 6, 30, 24, 1, 16, 33, 19, 6, 30]","[0, 0, 0, 0, 0, 0, 0, 0, 0, 0, 1, 1, 1, 0, 0, 0, 0, 0, 0, 0, 1, 1, 0, 0, 0, 0, 0]"
L2_arctic_WAV/RRBI_arctic_a0100,"[26, 37, 29, 12, 34, 36, 34, 28, 25, 32, 24, 25, 1, 33, 18, 17]","[26, 37, 29, 12, 34, 34, 28, 25, 32, 24, 25, 12, 18, 17]","[0, 0, 0, 0, 0, 1, 0, 0, 0, 0, 0, 0, 1, 1, 0, 0]"
L2_arctic_WAV/RRBI_arctic_a0101,"[26, 37, 26, 37, 39, 11, 17, 30, 3, 36, 27, 25, 32, 4, 2, 36, 33, 37, 10, 22, 33, 12, 29, 29, 25]","[26, 37, 26, 37, 39, 11, 17, 30, 8, 36, 23, 25, 32, 17, 2, 36, 33, 37, 36, 22, 33, 12, 29, 29, 25]","[0, 0, 0, 0, 0, 0, 0, 0, 1, 0, 1, 0, 0, 1, 0, 0, 0, 0, 1, 0, 0, 0, 0, 0, 0]"
L2_arctic_WAV/RRBI_arctic_a0102,"[24, 25, 39, 6, 28, 22, 3, 28, 31, 11, 12, 34, 34, 37, 30]","[24, 25, 38, 6, 28, 22, 8, 28, 31, 11, 12, 34, 34, 37, 30]","[0, 0, 1, 0, 0, 0, 1, 0, 0, 0, 0, 0, 0, 0, 0]"
L2_arctic_WAV/RRBI_arctic_a0103,"[16, 12, 36, 4, 5, 33, 27, 19, 6, 29, 30, 31, 11, 32, 33, 3, 29, 2, 34, 22, 33, 12, 29, 4, 12, 16, 31, 11, 12, 38, 4, 2, 27, 2, 30, 37]","[16, 12, 33, 36, 17, 5, 33, 27, 19, 6, 29, 30, 31, 11, 32, 33, 8, 29, 2, 34, 22, 33, 12, 29, 17, 12, 16, 31, 11, 12, 38, 17, 2, 27, 41, 30, 8, 6]","[0, 0, 0, 1, 0, 0, 0, 0, 0, 0, 0, 0, 0, 0, 0, 1, 0, 0, 0, 0, 0, 0, 0, 1, 0, 0, 0, 0, 0, 0, 1, 0, 0, 1, 0, 1]"
L2_arctic_WAV/RRBI_arctic_a0104,"[9, 25, 39, 2, 40, 34, 28, 25, 32, 6, 7, 12, 30, 17, 1, 24, 6, 40, 32, 2, 36, 5, 27, 9, 2, 30, 41, 40, 34, 39, 25, 36, 28, 25, 41, 40, 2, 35, 14, 6, 28, 17]","[9, 25, 39, 2, 40, 34, 28, 25, 32, 6, 7, 12, 30, 17, 2, 24, 6, 40, 32, 31, 11, 33, 36, 5, 27, 9, 2, 30, 41, 40, 34, 38, 25, 36, 28, 25, 41, 40, 2, 35, 14, 6, 28, 17]","[0, 0, 0, 0, 0, 0, 0, 0, 0, 0, 0, 0, 0, 0, 1, 0, 0, 0, 0, 1, 0, 0, 0, 0, 0, 0, 0, 0, 0, 1, 0, 0, 0, 0, 0, 0, 0, 0, 0, 0, 0, 0]"
L2_arctic_WAV/RRBI_arctic_a0105,"[31, 11, 30, 28, 25, 6, 36, 6, 40, 34, 31, 11, 39, 12, 30, 17, 1, 22, 2, 28, 34, 31, 11, 8, 28, 29, 31, 11, 34, 36, 6, 29, 32, 3, 34, 2, 16, 2, 28, 36, 2, 16, 6, 28, 25, 38]","[31, 11, 30, 28, 25, 6, 36, 6, 40, 34, 31, 11, 38, 12, 30, 17, 1, 22, 11, 28, 34, 31, 11, 8, 28, 29, 31, 11, 34, 36, 6, 29, 16, 3, 34, 2, 16, 2, 28, 36, 2, 16, 6, 28, 25, 38]","[0, 0, 0, 0, 0, 0, 0, 0, 0, 0, 0, 0, 1, 0, 0, 0, 0, 0, 1, 0, 0, 0, 0, 0, 0, 0, 0, 0, 0, 0, 0, 0, 1, 0, 0, 0, 0, 0, 0, 0, 0, 0, 0, 0, 0, 0]"
L2_arctic_WAV/RRBI_arctic_a0106,"[4, 2, 6, 29, 31, 11, 9, 2, 30, 39, 6, 35, 9, 25, 24, 41, 17, 34, 2, 32, 33, 5, 34, 36, 16, 1, 34, 36, 22, 8, 33, 10, 30, 14, 11, 6, 30, 2, 35, 31, 11, 27, 6, 7, 34, 3, 16]","[17, 2, 6, 29, 31, 11, 9, 2, 30, 38, 6, 35, 9, 25, 24, 41, 33, 17, 34, 2, 16, 33, 5, 34, 36, 16, 33, 1, 34, 36, 22, 8, 33, 36, 30, 14, 11, 6, 30, 2, 35, 8, 27, 6, 7, 34, 8, 16]","[1, 0, 0, 0, 0, 0, 0, 0, 0, 1, 0, 0, 0, 0, 0, 0, 0, 0, 0, 1, 0, 0, 0, 0, 0, 0, 0, 0, 0, 0, 0, 1, 0, 0, 0, 0, 0, 0, 0, 1, 1, 0, 0, 0, 0, 1, 0]"
L2_arctic_WAV/RRBI_arctic_a0107,"[6, 22, 26, 37, 31, 11, 30, 28, 25, 27, 11, 17, 30, 31, 11, 24, 14, 11, 14, 6, 10, 41, 7, 27, 26, 37]","[6, 22, 26, 37, 31, 11, 30, 28, 25, 27, 11, 17, 30, 31, 11, 24, 14, 11, 14, 6, 10, 41, 7, 27, 26, 37]","[0, 0, 0, 0, 0, 0, 0, 0, 0, 0, 0, 0, 0, 0, 0, 0, 0, 0, 0, 0, 0, 0, 0, 0, 0, 0]"
L2_arctic_WAV/RRBI_arctic_a0108,"[24, 25, 39, 19, 6, 17, 6, 17, 6, 30, 36, 37, 4, 12, 5, 18, 12, 38, 4, 12, 39, 8, 36, 1, 41, 30, 17, 16, 6, 23, 41, 30, 34, 27, 33, 12, 16, 6, 7, 24, 6, 29, 34, 5, 28, 22]","[24, 25, 38, 19, 6, 17, 6, 33, 17, 6, 30, 17, 37, 17, 12, 5, 18, 12, 38, 17, 12, 39, 8, 36, 1, 33, 41, 30, 17, 16, 6, 23, 41, 30, 34, 27, 33, 12, 16, 6, 7, 24, 6, 29, 34, 5, 28, 22]","[0, 0, 1, 0, 0, 0, 0, 0, 0, 0, 1, 0, 1, 0, 0, 0, 0, 0, 1, 0, 0, 0, 0, 0, 0, 0, 0, 0, 0, 0, 0, 0, 0, 0, 0, 0, 0, 0, 0, 0, 0, 0, 0, 0, 0, 0]"
L2_arctic_WAV/RRBI_arctic_a0109,"[17, 37, 26, 37, 30, 31, 11, 4, 41, 36, 26, 37, 1, 9, 19, 6, 27, 6, 7, 29, 14, 6, 27, 3, 30, 22, 2, 17, 2, 30, 34, 6, 30, 26, 37]","[17, 37, 26, 37, 30, 31, 11, 17, 41, 33, 36, 26, 37, 1, 9, 19, 6, 27, 6, 7, 29, 14, 6, 27, 8, 30, 22, 2, 17, 2, 30, 34, 6, 30, 26, 37]","[0, 0, 0, 0, 0, 0, 0, 1, 0, 0, 0, 0, 0, 0, 0, 0, 0, 0, 0, 0, 0, 0, 0, 1, 0, 0, 0, 0, 0, 0, 0, 0, 0, 0, 0]"
L2_arctic_WAV/RRBI_arctic_a0111,"[6, 30, 34, 36, 5, 17, 24, 25, 18, 8, 6, 30, 17, 24, 1, 2, 30, 17, 4, 19, 6, 19, 6, 36, 28, 14, 6, 27, 36, 37, 24, 12, 7, 23, 33, 25, 35, 6, 28, 17, 33, 2, 30]","[6, 30, 34, 36, 5, 33, 17, 24, 25, 18, 8, 6, 33, 30, 17, 24, 1, 2, 30, 17, 17, 19, 6, 19, 6, 36, 28, 14, 6, 27, 36, 37, 24, 12, 7, 23, 33, 25, 35, 6, 28, 17, 33, 2, 30]","[0, 0, 0, 0, 0, 0, 0, 0, 0, 0, 0, 0, 0, 0, 0, 0, 0, 0, 1, 0, 0, 0, 0, 0, 0, 0, 0, 0, 0, 0, 0, 0, 0, 0, 0, 0, 0, 0, 0, 0, 0, 0, 0]"
L2_arctic_WAV/RRBI_arctic_a0112,"[24, 25, 39, 12, 40, 39, 37, 30, 17, 6, 17, 6, 30, 4, 2, 3, 33, 29]","[24, 25, 38, 12, 40, 39, 37, 30, 17, 6, 33, 17, 6, 30, 17, 2, 3, 29]","[0, 0, 1, 0, 0, 0, 0, 0, 0, 0, 0, 0, 0, 1, 0, 0, 1, 0]"
L2_arctic_WAV/RRBI_arctic_a0113,"[14, 6, 34, 2, 32, 31, 11, 40, 26, 37, 32, 6, 27, 36, 4, 41, 36, 28, 6, 7, 23, 31, 11, 12, 32, 2, 29, 12, 7, 4, 2, 6, 30, 17, 25, 2, 30, 40]","[14, 6, 34, 2, 16, 31, 11, 40, 26, 37, 16, 6, 33, 27, 36, 17, 41, 36, 28, 6, 7, 23, 31, 11, 12, 32, 2, 29, 8, 7, 17, 2, 6, 30, 17, 25, 2, 30, 40]","[0, 0, 0, 0, 1, 0, 0, 0, 0, 0, 1, 0, 0, 0, 1, 0, 0, 0, 0, 0, 0, 0, 0, 0, 0, 0, 0, 1, 0, 1, 0, 0, 0, 0, 0, 0, 0, 0]"
L2_arctic_WAV/RRBI_arctic_a0115,"[24, 25, 24, 41, 17, 30, 31, 11, 6, 27, 34, 27, 26, 37, 40, 22, 8, 33, 4, 2, 22, 25, 28, 6, 7, 40, 39, 6, 35, 39, 1, 1, 14, 11, 40, 17, 6, 30, 24, 6, 29]","[24, 25, 24, 41, 17, 30, 31, 11, 6, 34, 27, 26, 37, 40, 22, 8, 33, 17, 2, 22, 25, 28, 6, 7, 40, 39, 6, 35, 38, 1, 1, 31, 11, 40, 17, 6, 30, 24, 6, 29]","[0, 0, 0, 0, 0, 0, 0, 0, 0, 1, 0, 0, 0, 0, 0, 0, 0, 0, 1, 0, 0, 0, 0, 0, 0, 0, 0, 0, 0, 1, 0, 0, 1, 0, 0, 0, 0, 0, 0, 0, 0]"
L2_arctic_WAV/RRBI_arctic_a0116,"[39, 12, 40, 6, 36, 4, 12, 33, 3, 30, 17, 6, 38, 37, 12, 38, 4, 31, 11, 40, 24, 37, 39, 1, 34, 36, 33, 14, 6, 38, 6, 7, 36, 2, 39, 1, 33, 27, 24, 6, 40, 33, 37, 6, 30]","[39, 12, 40, 6, 36, 17, 12, 33, 33, 5, 30, 17, 6, 38, 37, 34, 12, 38, 17, 31, 11, 40, 24, 37, 39, 1, 34, 36, 33, 14, 6, 27, 6, 7, 36, 11, 38, 12, 27, 24, 6, 34, 33, 37, 6, 30]","[0, 0, 0, 0, 0, 1, 0, 0, 1, 0, 0, 0, 0, 0, 0, 0, 1, 0, 0, 0, 0, 0, 0, 0, 0, 0, 0, 0, 0, 1, 0, 0, 0, 1, 1, 1, 1, 0, 0, 0, 1, 0, 0, 0, 0]"
L2_arctic_WAV/RRBI_arctic_a0117,"[9, 25, 41, 17, 6, 17, 39, 6, 4, 18, 5, 30, 26, 2, 39, 2, 30, 34, 6, 29, 32, 2, 10, 25, 6, 30, 24, 1, 22, 19, 6, 34, 41, 30, 17, 38, 8, 6, 34]","[9, 25, 41, 17, 6, 33, 17, 38, 6, 4, 18, 5, 30, 26, 2, 39, 2, 30, 34, 6, 29, 32, 2, 17, 25, 6, 30, 24, 1, 33, 22, 19, 6, 34, 41, 30, 17, 39, 8, 6, 34]","[0, 0, 0, 0, 0, 0, 1, 0, 0, 0, 0, 0, 0, 0, 0, 0, 0, 0, 0, 0, 0, 0, 1, 0, 0, 0, 0, 0, 0, 0, 0, 0, 0, 0, 0, 1, 0, 0, 0]"
L2_arctic_WAV/RRBI_arctic_a0120,"[29, 14, 6, 33, 14, 6, 36, 22, 11, 36, 22, 25, 28, 40, 28, 14, 6, 27, 4, 41, 36, 12, 38, 2, 35, 14, 6, 30, 25, 40, 17, 5, 16, 26, 2, 36, 3, 30, 36]","[29, 14, 6, 33, 14, 6, 33, 36, 22, 37, 36, 22, 25, 28, 34, 28, 14, 6, 27, 17, 41, 36, 8, 38, 2, 35, 14, 6, 30, 25, 40, 17, 5, 16, 26, 2, 36, 2, 33, 30, 36]","[0, 0, 0, 0, 0, 0, 0, 0, 1, 0, 0, 0, 0, 1, 0, 0, 0, 0, 1, 0, 0, 1, 0, 0, 0, 0, 0, 0, 0, 0, 0, 0, 0, 0, 0, 0, 1, 0, 0]"
L2_arctic_WAV/RRBI_arctic_a0121,"[4, 19, 6, 19, 6, 36, 17, 6, 30, 1, 41, 36, 4, 2, 22, 6, 22, 10, 2, 30, 17, 33, 5, 34, 36, 2, 17, 22, 8, 33, 36, 37, 14, 11, 1, 40]","[17, 19, 6, 19, 6, 33, 36, 17, 6, 30, 1, 41, 33, 36, 17, 2, 22, 2, 22, 36, 2, 30, 17, 33, 5, 34, 36, 2, 33, 17, 22, 8, 33, 17, 37, 14, 11, 1, 34]","[1, 0, 0, 0, 0, 0, 0, 0, 0, 0, 0, 0, 1, 0, 0, 1, 0, 1, 0, 0, 0, 0, 0, 0, 0, 0, 0, 0, 0, 0, 1, 0, 0, 0, 0, 1]"
L2_arctic_WAV/RRBI_arctic_a0122,"[36, 37, 26, 1, 40, 2, 23, 31, 11, 14, 6, 23, 19, 6, 38, 12, 32, 34, 6, 38, 2, 28, 6, 40, 19, 6, 9, 2, 30, 22, 8, 33, 4, 6, 34]","[36, 37, 26, 1, 40, 2, 23, 31, 11, 14, 6, 23, 19, 6, 38, 12, 32, 34, 6, 38, 2, 28, 6, 19, 6, 9, 2, 30, 22, 8, 33, 17, 6, 34]","[0, 0, 0, 0, 0, 0, 0, 0, 0, 0, 0, 0, 0, 0, 0, 0, 0, 0, 0, 0, 0, 0, 0, 1, 0, 0, 0, 0, 0, 0, 0, 0, 1, 0, 0]"
L2_arctic_WAV/RRBI_arctic_a0123,"[9, 25, 24, 41, 17, 17, 14, 6, 17, 22, 33, 12, 29, 27, 31, 11, 28, 17, 41, 30, 17, 34, 36, 3, 33, 38, 19, 6, 9, 2, 30]","[9, 25, 24, 41, 33, 17, 17, 14, 6, 33, 17, 22, 33, 12, 29, 27, 31, 11, 28, 17, 41, 30, 17, 34, 36, 3, 38, 19, 6, 9, 2, 30]","[0, 0, 0, 0, 0, 0, 0, 0, 0, 0, 0, 0, 0, 0, 0, 0, 0, 0, 0, 0, 0, 0, 0, 0, 1, 0, 0, 0, 0, 0, 0]"
L2_arctic_WAV/RRBI_arctic_a0125,"[24, 25, 39, 2, 40, 17, 6, 36, 1, 29, 2, 30, 17, 30, 14, 11, 36, 37, 29, 19, 6, 30, 36, 19, 6, 30, 2, 29, 8, 33, 34, 1, 36, 2, 30, 24, 31, 11, 28, 17, 2, 32, 3, 30, 24, 6, 29, 34, 5, 28, 22]","[24, 25, 39, 2, 40, 17, 6, 36, 1, 29, 14, 6, 33, 30, 17, 30, 14, 11, 17, 37, 29, 19, 6, 30, 17, 19, 6, 30, 2, 29, 8, 33, 34, 1, 33, 36, 2, 30, 24, 31, 11, 28, 17, 2, 32, 3, 30, 24, 6, 29, 34, 5, 28, 22]","[0, 0, 0, 0, 0, 0, 0, 0, 0, 0, 1, 0, 0, 0, 0, 0, 1, 0, 0, 0, 0, 0, 1, 0, 0, 0, 0, 0, 0, 0, 0, 0, 0, 0, 0, 0, 0, 0, 0, 0, 0, 0, 0, 0, 0, 0, 0, 0, 0, 0, 0]"
L2_arctic_WAV/RRBI_arctic_a0126,"[25, 35, 17, 19, 6, 9, 25, 16, 6, 27, 19, 6, 29, 2, 29, 8, 33, 38, 14, 6, 36, 2, 28, 32, 3, 33, 36, 12, 38, 24, 6, 29]","[25, 35, 17, 19, 6, 9, 25, 16, 6, 27, 19, 6, 29, 2, 29, 8, 33, 39, 14, 6, 36, 2, 28, 16, 3, 33, 36, 12, 38, 24, 6, 29]","[0, 0, 0, 0, 0, 0, 0, 0, 0, 0, 0, 0, 0, 0, 0, 0, 0, 1, 0, 0, 0, 0, 0, 1, 0, 0, 0, 0, 0, 0, 0, 0]"
L2_arctic_WAV/RRBI_arctic_a0127,"[6, 36, 39, 8, 40, 2, 36, 5, 29, 36, 19, 6, 9, 2, 30, 16, 12, 36, 24, 25, 33, 6, 40, 6, 34, 36, 6, 17, 6, 36]","[6, 33, 36, 39, 8, 40, 2, 17, 5, 29, 17, 19, 6, 9, 2, 30, 16, 12, 33, 36, 24, 25, 33, 6, 40, 6, 34, 36, 6, 33, 17, 6, 36]","[0, 0, 0, 0, 0, 0, 1, 0, 0, 1, 0, 0, 0, 0, 0, 0, 0, 0, 0, 0, 0, 0, 0, 0, 0, 0, 0, 0, 0, 0]"
L2_arctic_WAV/RRBI_arctic_a0128,"[4, 6, 34, 39, 12, 30, 24, 31, 11, 32, 39, 12, 40, 17, 6, 34, 36, 33, 8, 6, 17, 41, 40, 27, 39, 6, 27, 28, 25, 41, 40, 6, 36, 39, 2, 40, 16, 8, 33, 30]","[17, 6, 34, 38, 12, 30, 24, 31, 11, 22, 38, 12, 40, 17, 6, 34, 36, 33, 8, 6, 33, 17, 41, 40, 23, 39, 6, 27, 28, 25, 41, 40, 6, 36, 38, 2, 40, 16, 8, 30]","[1, 0, 0, 1, 0, 0, 0, 0, 0, 1, 1, 0, 0, 0, 0, 0, 0, 0, 0, 0, 0, 0, 0, 1, 0, 0, 0, 0, 0, 0, 0, 0, 0, 1, 0, 0, 0, 0, 1, 0]"
L2_arctic_WAV/RRBI_arctic_a0129,"[24, 1, 33, 22, 19, 6, 34, 39, 8, 40, 2, 23, 5, 30, 34, 36, 24, 6, 40, 16, 33, 5, 34, 36]","[24, 1, 33, 22, 19, 6, 34, 39, 8, 40, 2, 23, 5, 30, 34, 36, 24, 6, 40, 16, 33, 5, 34, 36]","[0, 0, 0, 0, 0, 0, 0, 0, 0, 0, 0, 0, 0, 0, 0, 0, 0, 0, 0, 0, 0, 0, 0, 0]"
L2_arctic_WAV/RRBI_arctic_a0130,"[9, 25, 39, 3, 40, 24, 6, 40, 30, 14, 11, 22, 1, 5, 38, 1]","[9, 25, 39, 3, 40, 24, 6, 40, 30, 14, 11, 22, 1, 5, 38, 1]","[0, 0, 0, 0, 0, 0, 0, 0, 0, 0, 0, 0, 0, 0, 0, 0]"
L2_arctic_WAV/RRBI_arctic_a0131,"[32, 33, 3, 38, 2, 17, 2, 30, 34, 24, 41, 17, 17, 6, 28, 6, 38, 1, 33, 17, 24, 6, 29, 10, 33, 37, 4, 12, 29, 19, 6, 28, 34, 36, 33, 2, 29]","[32, 33, 31, 11, 38, 6, 17, 2, 30, 34, 24, 41, 33, 17, 17, 6, 28, 6, 38, 1, 17, 24, 6, 29, 17, 33, 37, 17, 12, 29, 19, 6, 28, 34, 36, 33, 8, 29]","[0, 0, 1, 0, 1, 0, 0, 0, 0, 0, 0, 0, 0, 0, 0, 0, 0, 0, 1, 0, 0, 0, 0, 1, 0, 0, 1, 0, 0, 0, 0, 0, 0, 0, 0, 1, 0]"
L2_arctic_WAV/RRBI_arctic_a0134,"[24, 25, 31, 11, 16, 19, 6, 17, 4, 2, 32, 33, 5, 9, 1, 12, 38, 24, 1, 24, 41, 30, 17]","[24, 25, 31, 11, 16, 19, 6, 33, 17, 17, 2, 32, 33, 5, 9, 1, 8, 22, 24, 1, 24, 41, 30, 17]","[0, 0, 0, 0, 0, 0, 0, 0, 1, 0, 0, 0, 0, 0, 0, 1, 1, 0, 0, 0, 0, 0, 0]"
L2_arctic_WAV/RRBI_arctic_a0136,"[2, 16, 14, 11, 36, 24, 6, 29, 5, 38, 33, 25, 39, 5, 33, 39, 1, 33, 4, 2, 5, 38, 2, 17, 2, 30, 34, 2, 40, 12, 38, 28, 12, 23, 13, 1, 25, 41, 30, 17, 12, 38, 19, 6, 18]","[2, 16, 8, 36, 24, 6, 29, 5, 38, 33, 25, 38, 5, 33, 39, 5, 33, 17, 2, 5, 38, 6, 17, 2, 30, 34, 2, 34, 8, 38, 28, 12, 23, 13, 1, 25, 41, 30, 17, 12, 38, 19, 6, 18]","[0, 0, 1, 1, 0, 0, 0, 0, 0, 0, 0, 0, 1, 0, 0, 0, 1, 0, 1, 0, 0, 0, 1, 0, 0, 0, 0, 0, 1, 1, 0, 0, 0, 0, 0, 0, 0, 0, 0, 0, 0, 0, 0, 0, 0]"
L2_arctic_WAV/RRBI_arctic_a0137,"[4, 5, 30, 24, 25, 34, 36, 5, 32, 36, 16, 41, 27, 39, 6, 10, 2, 28, 31, 11, 27, 33, 14, 6, 12, 38, 32, 28, 5, 13, 1, 33]","[17, 5, 30, 24, 25, 34, 36, 5, 32, 36, 16, 41, 36, 39, 6, 10, 2, 28, 31, 11, 27, 33, 14, 6, 8, 38, 32, 28, 5, 13, 1]","[1, 0, 0, 0, 0, 0, 0, 0, 0, 0, 0, 0, 1, 0, 0, 0, 0, 0, 0, 0, 0, 0, 0, 0, 1, 0, 0, 0, 0, 0, 0, 1]"
L2_arctic_WAV/RRBI_arctic_a0139,"[24, 25, 36, 31, 11, 28, 17, 24, 6, 29, 34, 5, 28, 22, 4, 41, 36, 41, 40, 24, 25, 39, 3, 9, 36, 24, 6, 29, 34, 5, 28, 22, 41, 30, 17, 23, 33, 37, 29, 17, 24, 6, 40, 17, 6, 9, 5, 38, 2, 28, 17, 27, 28, 31, 11, 4, 40]","[24, 25, 17, 31, 11, 28, 17, 24, 6, 29, 34, 5, 28, 22, 17, 41, 33, 36, 41, 40, 24, 25, 39, 3, 9, 36, 24, 6, 29, 34, 5, 28, 22, 41, 30, 17, 23, 33, 37, 29, 17, 24, 6, 40, 17, 6, 34, 24, 5, 38, 28, 17, 27, 28, 31, 11, 36, 34]","[0, 0, 1, 0, 0, 0, 0, 0, 0, 0, 0, 0, 0, 0, 1, 0, 0, 0, 0, 0, 0, 0, 0, 0, 0, 0, 0, 0, 0, 0, 0, 0, 0, 0, 0, 0, 0, 0, 0, 0, 0, 0, 0, 0, 0, 1, 0, 0, 1, 0, 0, 0, 0, 0, 0, 1, 1]"
L2_arctic_WAV/RRBI_arctic_a0144,"[16, 12, 36, 4, 5, 33, 39, 12, 40, 34, 12, 29, 10, 6, 7, 25, 38, 6, 30, 29, 8, 33, 34, 36, 3, 33, 36, 28, 6, 7, 4, 41, 30, 24, 6, 40, 33, 6, 40, 5, 29, 16, 28, 2, 30, 34]","[16, 12, 4, 5, 33, 39, 12, 34, 34, 12, 29, 36, 6, 7, 25, 38, 6, 30, 29, 8, 34, 36, 3, 36, 28, 6, 7, 4, 41, 30, 24, 6, 40, 33, 6, 34, 5, 29, 16, 28, 2, 30, 34]","[0, 0, 1, 0, 0, 0, 0, 0, 1, 0, 0, 0, 1, 0, 0, 0, 0, 0, 0, 0, 0, 1, 0, 0, 0, 1, 0, 0, 0, 0, 0, 0, 0, 0, 0, 0, 0, 0, 1, 0, 0, 0, 0, 0, 0, 0]"
L2_arctic_WAV/RRBI_arctic_a0159,"[4, 19, 6, 28, 11, 27, 41, 40, 4, 31, 11, 24, 25, 24, 41, 17, 16, 6, 30, 17, 33, 12, 29, 6, 7, 2, 32, 25, 41, 30, 2, 8, 28, 24, 6, 40, 28, 14, 6, 22]","[4, 5, 28, 11, 27, 41, 40, 4, 8, 24, 25, 24, 41, 17, 16, 6, 30, 17, 33, 12, 29, 32, 6, 7, 2, 32, 25, 3, 30, 2, 8, 28, 24, 6, 40, 28, 14, 6, 22]","[0, 1, 1, 0, 0, 0, 0, 0, 0, 1, 1, 0, 0, 0, 0, 0, 0, 0, 0, 0, 0, 0, 0, 0, 0, 0, 0, 0, 1, 0, 0, 0, 0, 0, 0, 0, 0, 0, 0, 0]"
L2_arctic_WAV/RRBI_arctic_a0168,"[2, 28, 31, 11, 16, 11, 9, 24, 39, 6, 32, 36, 24, 6, 29, 6, 30, 4, 2, 22, 19, 6, 34, 41, 30, 17, 28, 5, 22, 36, 30, 31, 11, 34, 36, 6, 7]","[2, 28, 8, 16, 11, 9, 39, 6, 32, 36, 24, 6, 29, 6, 30, 4, 2, 22, 5, 34, 41, 30, 28, 5, 22, 36, 30, 8, 34, 36, 6, 7]","[0, 0, 1, 1, 0, 0, 0, 1, 0, 0, 0, 0, 0, 0, 0, 0, 0, 0, 0, 0, 1, 1, 0, 0, 0, 1, 0, 0, 0, 0, 0, 1, 1, 0, 0, 0, 0]"
L2_arctic_WAV/RRBI_arctic_a0178,"[5, 38, 33, 25, 16, 31, 11, 30, 6, 30, 24, 1, 19, 6, 18, 17, 16, 3, 17, 25, 34, 25, 29, 17, 16, 33, 31, 11, 27, 2, 30, 8, 33, 17, 6, 34, 28, 31, 11, 27, 19, 6, 36, 6, 17]","[5, 38, 33, 25, 16, 8, 30, 6, 30, 24, 1, 5, 13, 17, 16, 8, 17, 25, 34, 25, 29, 17, 16, 33, 8, 27, 2, 30, 8, 33, 17, 6, 34, 28, 8, 27, 19, 6, 36, 6, 17]","[0, 0, 0, 0, 0, 1, 1, 0, 0, 0, 0, 0, 1, 1, 1, 0, 0, 1, 0, 0, 0, 0, 0, 0, 0, 0, 1, 1, 0, 0, 0, 0, 0, 0, 0, 0, 0, 1, 1, 0, 0, 0, 0, 0, 0]"
L2_arctic_WAV/RRBI_arctic_a0188,"[36, 37, 18, 14, 6, 23, 41, 30, 36, 6, 27, 14, 11, 28, 40, 39, 1, 36, 6, 33, 6, 7, 41, 36, 4, 2, 27, 3, 33, 27, 2, 34]","[36, 37, 18, 14, 6, 18, 41, 30, 36, 6, 27, 14, 11, 28, 34, 39, 5, 33, 36, 6, 33, 6, 7, 41, 36, 4, 2, 27, 3, 33, 27, 2, 34]","[0, 0, 0, 0, 0, 1, 0, 0, 0, 0, 0, 0, 0, 0, 1, 0, 1, 0, 0, 0, 0, 0, 0, 0, 0, 0, 0, 0, 0, 0, 0, 0]"
L2_arctic_WAV/RRBI_arctic_a0191,"[22, 33, 1, 2, 36, 14, 6, 29, 4, 2, 6, 27, 34, 14, 6, 36, 6, 7, 10, 33, 6, 28, 12, 38, 24, 6, 40, 41, 17, 38, 5, 30, 35, 1, 39, 8, 40, 23, 8, 30]","[22, 1, 2, 36, 3, 29, 4, 2, 5, 27, 34, 14, 6, 36, 6, 7, 36, 33, 6, 28, 12, 22, 24, 6, 40, 41, 17, 38, 5, 30, 35, 2, 39, 8, 40, 23, 8, 30]","[0, 1, 0, 0, 0, 1, 1, 0, 0, 0, 1, 0, 0, 0, 0, 0, 0, 0, 1, 0, 0, 0, 0, 1, 0, 0, 0, 0, 0, 0, 0, 0, 0, 1, 0, 0, 0, 0, 0, 0]"
L2_arctic_WAV/RRBI_arctic_a0199,"[4, 12, 34, 24, 41, 17, 4, 2, 33, 3, 39, 6, 28, 17, 1, 30, 2, 34, 32, 33, 25, 32, 5, 33, 17, 24, 6, 29, 22, 8, 33, 4, 6, 34, 17, 19, 6]","[17, 12, 40, 24, 41, 17, 4, 2, 33, 3, 39, 14, 6, 28, 17, 2, 30, 2, 34, 32, 33, 25, 32, 5, 17, 24, 6, 29, 22, 8, 4, 6, 34, 17, 5]","[1, 0, 1, 0, 0, 0, 0, 0, 0, 0, 0, 0, 0, 0, 1, 0, 0, 0, 0, 0, 0, 0, 0, 1, 0, 0, 0, 0, 0, 0, 1, 0, 0, 0, 0, 1, 1]"
L2_arctic_WAV/RRBI_arctic_a0208,"[26, 37, 10, 24, 41, 17, 27, 12, 29, 16, 41, 27, 36, 37, 24, 1, 22, 33, 25, 17, 22, 33, 12, 29, 4, 25, 26, 31, 11, 27, 12, 38, 2, 32, 33, 5, 9, 2, 30]","[26, 37, 36, 24, 41, 17, 27, 12, 29, 16, 41, 36, 37, 24, 1, 22, 33, 25, 17, 22, 33, 12, 29, 4, 2, 26, 8, 27, 12, 22, 2, 32, 33, 5, 9, 2, 30]","[0, 0, 1, 0, 0, 0, 0, 0, 0, 0, 0, 1, 0, 0, 0, 0, 0, 0, 0, 0, 0, 0, 0, 0, 0, 1, 0, 1, 1, 0, 0, 1, 0, 0, 0, 0, 0, 0, 0]"
L2_arctic_WAV/RRBI_arctic_a0214,"[16, 6, 34, 14, 6, 17, 40, 24, 25, 39, 2, 40, 32, 19, 6, 17, 39, 12, 30, 27, 19, 6, 34, 12, 38, 36, 2, 16, 41, 27, 31, 11, 32, 1, 24, 5, 17]","[16, 6, 34, 14, 6, 17, 40, 24, 25, 39, 2, 40, 32, 5, 17, 39, 12, 30, 27, 5, 34, 12, 22, 36, 2, 16, 3, 27, 31, 11, 32, 1, 24, 5, 17]","[0, 0, 0, 0, 0, 0, 0, 0, 0, 0, 0, 0, 0, 1, 1, 0, 0, 0, 0, 0, 1, 1, 0, 0, 1, 0, 0, 0, 1, 0, 0, 0, 0, 0, 0, 0, 0]"
L2_arctic_WAV/RRBI_arctic_a0246,"[26, 37, 24, 41, 38, 24, 1, 17, 8, 28, 39, 19, 6, 40, 24, 14, 11, 24, 25, 39, 8, 40, 4, 2, 28, 12, 38, 1, 2, 38, 4, 12, 32, 33, 6, 30, 34, 5, 34, 30, 19, 6, 31, 11, 29, 25]","[26, 37, 24, 41, 38, 24, 1, 17, 8, 28, 39, 5, 40, 24, 14, 11, 24, 25, 39, 8, 40, 4, 2, 28, 12, 38, 1, 2, 38, 4, 12, 32, 33, 6, 30, 34, 5, 40, 30, 14, 6, 8, 29, 25]","[0, 0, 0, 0, 0, 0, 0, 0, 0, 0, 0, 1, 1, 0, 0, 0, 0, 0, 0, 0, 0, 0, 0, 0, 0, 0, 0, 0, 0, 0, 0, 0, 0, 0, 0, 0, 0, 0, 1, 0, 1, 0, 1, 1, 0, 0]"
L2_arctic_WAV/RRBI_arctic_a0255,"[26, 37, 39, 31, 11, 30, 36, 17, 14, 6, 12, 38, 29, 41, 28, 30, 37, 36, 33, 6, 9, 2, 30, 16, 25, 9, 11, 33, 2, 38, 4, 41, 36]","[26, 37, 39, 31, 11, 30, 17, 14, 6, 12, 22, 29, 3, 28, 30, 37, 36, 33, 6, 9, 2, 30, 16, 25, 9, 8, 33, 2, 38, 4, 41, 36]","[0, 0, 0, 0, 0, 0, 1, 0, 0, 0, 0, 1, 0, 1, 0, 0, 0, 0, 0, 0, 0, 0, 0, 0, 0, 0, 1, 0, 0, 0, 0, 0, 0]"
L2_arctic_WAV/RRBI_arctic_a0266,"[4, 19, 6, 24, 41, 30, 17, 2, 28, 17, 36, 37, 29, 5, 30, 8, 28, 33, 5, 17, 25, 16, 31, 11, 10, 23, 33, 12, 16, 10, 25, 38, 40]","[4, 5, 24, 41, 30, 17, 2, 28, 36, 37, 29, 5, 30, 8, 28, 33, 5, 17, 25, 16, 8, 36, 23, 33, 12, 36, 25, 38, 34]","[0, 1, 1, 0, 0, 0, 0, 0, 0, 1, 0, 0, 0, 0, 0, 0, 0, 0, 0, 0, 0, 0, 1, 1, 1, 0, 0, 0, 1, 1, 0, 0, 1]"
L2_arctic_WAV/RRBI_arctic_a0269,"[4, 41, 36, 34, 39, 5, 33, 4, 19, 6, 27, 12, 36, 8, 22, 4, 2, 34, 27, 3, 36, 6, 9, 35, 25, 22, 34, 41, 30, 17, 27, 6, 28, 17, 8, 28, 24, 41, 30, 17, 40]","[17, 41, 36, 34, 39, 5, 33, 4, 5, 27, 12, 36, 8, 22, 4, 2, 34, 27, 8, 36, 6, 9, 35, 5, 22, 34, 41, 30, 17, 27, 6, 28, 17, 8, 28, 24, 41, 30, 17, 40]","[1, 0, 0, 0, 0, 0, 0, 0, 1, 1, 0, 0, 0, 0, 0, 0, 0, 0, 0, 1, 0, 0, 0, 0, 1, 0, 0, 0, 0, 0, 0, 0, 0, 0, 0, 0, 0, 0, 0, 0, 0]"
L2_arctic_WAV/RRBI_arctic_a0272,"[26, 37, 27, 2, 30, 36, 19, 6, 27, 2, 38, 19, 6, 27, 19, 6, 9, 2, 30, 3, 30, 32, 19, 6]","[26, 37, 27, 2, 30, 36, 5, 27, 2, 38, 5, 27, 5, 9, 2, 30, 3, 30, 32, 5]","[0, 0, 0, 0, 0, 0, 1, 1, 0, 0, 0, 1, 1, 0, 1, 1, 0, 0, 0, 0, 0, 0, 1, 1]"
L2_arctic_WAV/RRBI_arctic_a0282,"[6, 22, 26, 37, 29, 25, 30, 36, 37, 6, 30, 34, 6, 30, 26, 37, 19, 6, 36, 16, 33, 5, 30, 36, 39, 11, 17, 16, 6, 23, 41, 30, 24, 3, 36, 28, 25]","[6, 22, 26, 37, 29, 25, 30, 36, 37, 6, 30, 34, 6, 30, 26, 37, 5, 36, 16, 33, 5, 30, 36, 39, 11, 17, 16, 6, 23, 41, 30, 24, 8, 36, 28, 25]","[0, 0, 0, 0, 0, 0, 0, 0, 0, 0, 0, 0, 0, 0, 0, 0, 1, 1, 0, 0, 0, 0, 0, 0, 0, 0, 0, 0, 0, 0, 0, 0, 0, 1, 0, 0, 0]"
L2_arctic_WAV/RRBI_arctic_a0292,"[24, 25, 33, 6, 30, 4, 12, 29, 6, 17, 29, 8, 33, 30, 6, 7, 4, 12, 22, 1, 34, 36, 27, 41, 13, 2, 28, 36, 25, 2, 27, 1, 17]","[24, 25, 2, 6, 30, 4, 12, 29, 6, 17, 29, 8, 30, 6, 7, 4, 12, 22, 2, 34, 36, 27, 41, 13, 2, 3, 28, 36, 25, 2, 27, 1, 17]","[0, 0, 1, 0, 0, 0, 0, 0, 0, 0, 0, 0, 1, 0, 0, 0, 0, 0, 0, 1, 0, 0, 0, 0, 0, 0, 0, 0, 0, 0, 0, 0, 0]"
L2_arctic_WAV/RRBI_arctic_a0301,"[16, 12, 36, 8, 28, 29, 14, 6, 17, 33, 25, 29, 40, 38, 14, 6, 2, 28, 19, 6, 36, 6, 17, 4, 6, 34, 28, 8]","[16, 12, 36, 8, 28, 29, 14, 6, 17, 33, 25, 29, 34, 38, 14, 6, 2, 28, 5, 36, 6, 17, 17, 6, 34, 28, 8]","[0, 0, 0, 0, 0, 0, 0, 0, 0, 0, 0, 0, 1, 0, 0, 0, 0, 0, 1, 1, 0, 0, 0, 1, 0, 0, 0, 0]"
L2_arctic_WAV/RRBI_arctic_a0303,"[16, 12, 36, 4, 19, 6, 29, 19, 6, 27, 4, 2, 29, 6, 34, 36, 19, 6, 27, 12, 38, 6, 23, 30, 8, 33, 6, 7, 4, 5, 33, 31, 11, 30, 17, 37, 41, 28, 2, 36, 25]","[16, 12, 4, 5, 29, 5, 27, 4, 2, 29, 6, 34, 36, 5, 27, 12, 38, 6, 23, 30, 8, 33, 6, 7, 4, 5, 33, 8, 30, 17, 37, 41, 28, 2, 36, 25]","[0, 0, 1, 0, 1, 1, 0, 1, 1, 0, 0, 0, 0, 0, 0, 0, 1, 1, 0, 0, 0, 0, 0, 0, 0, 0, 0, 0, 0, 0, 0, 1, 1, 0, 0, 0, 0, 0, 0, 0, 0]"
L2_arctic_WAV/RRBI_arctic_a0365,"[4, 25, 40, 33, 37, 29, 1, 40, 29, 19, 6, 25, 38, 6, 30, 1, 6, 18, 2, 30, 19, 6, 36, 39, 6, 10, 12, 34]","[17, 25, 40, 33, 37, 29, 2, 40, 29, 5, 25, 38, 6, 30, 1, 6, 18, 2, 30, 5, 36, 39, 6, 10, 12, 34]","[1, 0, 0, 0, 0, 0, 1, 0, 0, 1, 1, 0, 0, 0, 0, 0, 0, 0, 0, 0, 1, 1, 0, 0, 0, 0, 0, 0]"
L2_arctic_WAV/RRBI_arctic_a0384,"[4, 12, 22, 3, 33, 29, 1, 39, 1, 27, 34, 4, 12, 34, 8, 6, 28, 41, 30, 17, 32, 33, 2, 17, 37, 34, 2, 40, 23, 33, 19, 6, 30]","[4, 12, 22, 3, 29, 2, 39, 2, 27, 34, 4, 12, 34, 8, 6, 28, 41, 30, 32, 33, 2, 17, 37, 34, 2, 40, 23, 33, 5, 30]","[0, 0, 0, 0, 1, 0, 1, 0, 1, 0, 0, 0, 0, 0, 0, 0, 0, 0, 0, 1, 0, 0, 0, 0, 0, 0, 0, 0, 0, 0, 1, 1, 0]"
L2_arctic_WAV/RRBI_arctic_a0405,"[6, 36, 34, 25, 29, 17, 4, 12, 8, 33, 17, 19, 6, 30, 17, 8, 33, 17, 1, 12, 38, 10, 6, 7, 40, 4, 2, 36, 17, 8, 23, 40, 9, 11, 17, 39, 1, 27]","[6, 36, 34, 25, 29, 17, 12, 8, 33, 17, 19, 6, 30, 17, 8, 33, 17, 1, 12, 38, 36, 6, 7, 40, 40, 2, 36, 17, 8, 23, 40, 9, 11, 17, 39, 2, 27]","[0, 0, 0, 0, 0, 0, 1, 0, 0, 0, 0, 0, 0, 0, 0, 0, 0, 0, 0, 0, 0, 1, 0, 0, 0, 1, 0, 0, 0, 0, 0, 0, 0, 0, 0, 0, 1, 0]"
L2_arctic_WAV/RRBI_arctic_a0410,"[34, 31, 11, 39, 25, 24, 41, 38, 36, 37, 22, 6, 36, 4, 12, 16, 31, 11, 36, 10, 33, 37, 14, 11, 36, 39, 6, 10, 8, 6, 28, 28, 41, 29, 32, 34, 5, 40, 39, 5, 28]","[34, 8, 39, 25, 24, 41, 38, 36, 37, 22, 6, 36, 4, 12, 16, 8, 36, 36, 33, 37, 14, 11, 36, 39, 6, 36, 8, 6, 28, 28, 41, 29, 32, 34, 5, 40, 39, 5, 28]","[0, 1, 1, 0, 0, 0, 0, 0, 0, 0, 0, 0, 0, 0, 0, 0, 1, 1, 0, 1, 0, 0, 0, 0, 0, 0, 0, 1, 0, 0, 0, 0, 0, 0, 0, 0, 0, 0, 0, 0, 0]"
L2_arctic_WAV/RRBI_arctic_a0411,"[6, 36, 39, 2, 28, 16, 33, 19, 6, 27, 14, 11, 1, 24, 3, 33, 36, 34, 41, 30, 17, 3, 33, 16, 41, 27, 34, 36, 37, 24, 8, 6, 34, 36, 41, 7, 27, 1, 16, 14, 6, 24, 41, 30, 17]","[6, 36, 39, 2, 28, 16, 33, 5, 27, 14, 11, 1, 24, 3, 33, 36, 34, 41, 30, 14, 11, 33, 16, 41, 27, 34, 36, 37, 24, 8, 6, 34, 36, 41, 7, 23, 1, 16, 3, 24, 41, 30, 17]","[0, 0, 0, 0, 0, 0, 0, 1, 1, 0, 0, 0, 0, 0, 0, 0, 0, 0, 0, 0, 1, 1, 0, 0, 0, 0, 0, 0, 0, 0, 0, 0, 0, 0, 0, 0, 1, 0, 0, 1, 1, 0, 0, 0, 0]"
L2_arctic_WAV/RRBI_arctic_a0416,"[4, 12, 41, 17, 6, 17, 39, 19, 6, 36, 24, 41, 17, 2, 38, 2, 28, 3, 34, 2, 36, 25, 12, 38, 22, 6, 22, 36, 25, 30, 29, 14, 6, 28, 40, 32, 1, 14, 11, 1]","[17, 12, 41, 17, 6, 17, 39, 5, 36, 24, 41, 17, 2, 38, 2, 28, 3, 34, 2, 36, 25, 12, 22, 22, 6, 22, 36, 25, 30, 29, 14, 6, 28, 40, 32, 1, 14, 11, 2]","[1, 0, 0, 0, 0, 0, 0, 1, 1, 0, 0, 0, 0, 0, 0, 0, 0, 0, 0, 0, 0, 0, 0, 1, 0, 0, 0, 0, 0, 0, 0, 0, 0, 0, 0, 0, 0, 0, 0, 1]"
L2_arctic_WAV/SVBI_arctic_a0003,"[22, 1, 4, 2, 36, 39, 5, 30, 36, 25, 6, 10, 36, 14, 6, 29, 4, 2, 36, 25, 38, 30, 6, 7, 4, 2, 36, 37, 29, 5, 30, 9, 11, 27, 24, 41, 30, 17, 40]","[22, 1, 4, 2, 36, 39, 5, 30, 36, 25, 6, 10, 36, 14, 6, 29, 17, 2, 36, 25, 38, 30, 6, 7, 27, 17, 2, 17, 37, 29, 5, 30, 9, 11, 27, 24, 41, 30, 17, 34]","[0, 0, 0, 0, 0, 0, 0, 0, 0, 0, 0, 0, 0, 0, 0, 0, 1, 0, 0, 0, 0, 0, 0, 0, 1, 0, 1, 0, 0, 0, 0, 0, 0, 0, 0, 0, 0, 0, 1]"
L2_arctic_WAV/SVBI_arctic_a0005,"[39, 2, 28, 39, 25, 5, 38, 1, 22, 8, 33, 23, 5, 36, 6, 36]","[39, 2, 28, 39, 25, 5, 38, 1, 22, 8, 33, 23, 5, 36, 6, 36]","[0, 0, 0, 0, 0, 0, 0, 0, 0, 0, 0, 0, 0, 0, 0, 0]"
L2_arctic_WAV/SVBI_arctic_a0006,"[23, 3, 17, 16, 28, 5, 34, 14, 6, 24, 31, 11, 32, 14, 6, 28, 23, 31, 11, 8, 30, 34, 25, 6, 7, 4, 5, 29, 22, 1, 5, 38, 1]","[23, 3, 17, 16, 28, 5, 34, 14, 6, 24, 31, 11, 32, 14, 6, 28, 23, 31, 11, 8, 30, 34, 25, 6, 7, 17, 5, 29, 22, 1, 5, 38, 1]","[0, 0, 0, 0, 0, 0, 0, 0, 0, 0, 0, 0, 0, 0, 0, 0, 0, 0, 0, 0, 0, 0, 0, 0, 0, 1, 0, 0, 0, 0, 0, 0, 0]"
L2_arctic_WAV/SVBI_arctic_a0007,"[41, 30, 17, 26, 37, 8, 28, 39, 25, 40, 39, 8, 30, 36, 36, 37, 34, 25, 6, 36, 6, 30, 4, 2, 34, 11, 32, 1, 28, 2, 36, 6, 38, 17, 6, 23, 33, 25]","[41, 30, 17, 26, 37, 8, 28, 39, 25, 34, 39, 8, 30, 36, 36, 37, 34, 25, 6, 36, 6, 30, 17, 2, 34, 11, 32, 1, 28, 2, 36, 6, 38, 17, 6, 23, 33, 25]","[0, 0, 0, 0, 0, 0, 0, 0, 0, 1, 0, 0, 0, 0, 0, 0, 0, 0, 0, 0, 0, 0, 1, 0, 0, 0, 0, 0, 0, 0, 0, 0, 0, 0, 0, 0, 0, 0]"
L2_arctic_WAV/SVBI_arctic_a0008,"[23, 41, 17, 26, 11, 33, 28, 5, 36, 1, 27, 19, 6, 29, 18, 6, 34, 36, 6, 30, 36, 14, 6, 29]","[23, 41, 17, 26, 11, 33, 28, 5, 36, 1, 27, 19, 6, 29, 18, 6, 34, 36, 6, 30, 17, 14, 6, 29]","[0, 0, 0, 0, 0, 0, 0, 0, 0, 0, 0, 0, 0, 0, 0, 0, 0, 0, 0, 0, 1, 0, 0, 0]"
L2_arctic_WAV/SVBI_arctic_a0010,"[2, 29, 32, 28, 19, 6, 6, 7, 2, 34, 6, 7, 23, 2, 28, 24, 41, 30, 17, 6, 30, 39, 12, 36, 28, 11, 27, 34, 28, 14, 6, 27, 2, 28, 37, 40, 6, 7, 23, 19, 6, 29]","[2, 29, 32, 28, 19, 6, 6, 7, 2, 34, 6, 7, 23, 2, 28, 24, 41, 30, 17, 6, 30, 39, 8, 36, 28, 11, 27, 34, 28, 14, 6, 27, 2, 28, 37, 40, 6, 7, 23, 19, 6, 29]","[0, 0, 0, 0, 0, 0, 0, 0, 0, 0, 0, 0, 0, 0, 0, 0, 0, 0, 0, 0, 0, 0, 1, 0, 0, 0, 0, 0, 0, 0, 0, 0, 0, 0, 0, 0, 0, 0, 0, 0, 0, 0]"
L2_arctic_WAV/SVBI_arctic_a0011,"[6, 22, 14, 6, 5, 38, 1, 30, 25, 17, 6, 17, 2, 22, 14, 6, 36, 1, 6, 30, 29, 14, 6, 28, 14, 6, 22, 14, 6, 30, 25, 17, 39, 12, 30, 30, 14, 11]","[6, 22, 14, 6, 5, 38, 1, 30, 25, 17, 6, 17, 2, 22, 14, 6, 36, 1, 6, 30, 29, 14, 6, 28, 14, 6, 22, 14, 6, 30, 25, 17, 39, 12, 30, 30, 14, 11]","[0, 0, 0, 0, 0, 0, 0, 0, 0, 0, 0, 0, 0, 0, 0, 0, 0, 0, 0, 0, 0, 0, 0, 0, 0, 0, 0, 0, 0, 0, 0, 0, 0, 0, 0, 0, 0, 0]"
L2_arctic_WAV/SVBI_arctic_a0013,"[24, 25, 39, 2, 40, 2, 24, 5, 17, 9, 8, 33, 36, 1, 4, 41, 30, 24, 6, 40, 27, 2, 29, 32, 41, 30, 26, 2, 30, 12, 38, 8, 28, 29, 31, 11, 34, 36, 17, 5, 28, 2, 27, 2, 36, 22, 2, 40, 25, 27]","[24, 25, 39, 2, 40, 2, 24, 5, 17, 9, 8, 33, 36, 1, 17, 41, 30, 24, 6, 40, 27, 2, 29, 32, 41, 30, 26, 2, 30, 12, 38, 8, 28, 29, 31, 11, 34, 36, 17, 5, 28, 2, 27, 19, 6, 36, 22, 2, 40, 25, 27]","[0, 0, 0, 0, 0, 0, 0, 0, 0, 0, 0, 0, 0, 0, 1, 0, 0, 0, 0, 0, 0, 0, 0, 0, 0, 0, 0, 0, 0, 0, 0, 0, 0, 0, 0, 0, 0, 0, 0, 0, 0, 0, 0, 1, 0, 0, 0, 0, 0, 0]"
L2_arctic_WAV/SVBI_arctic_a0018,"[4, 5, 33, 39, 2, 40, 2, 35, 19, 6, 30, 18, 30, 14, 11]","[17, 5, 33, 39, 2, 40, 2, 35, 19, 6, 30, 18, 30, 14, 11]","[1, 0, 0, 0, 0, 0, 0, 0, 0, 0, 0, 0, 0, 0, 0]"
L2_arctic_WAV/SVBI_arctic_a0019,"[14, 6, 22, 3, 28, 31, 11, 17, 4, 2, 28, 14, 6, 30, 2, 38, 4, 2, 32, 33, 2, 32, 31, 11, 40, 17, 33, 19, 6, 28, 33, 31, 11, 17, 28, 11, 27, 6, 7, 22, 33, 1, 35, 41, 30, 34, 2, 40]","[14, 6, 22, 3, 28, 31, 11, 17, 17, 2, 28, 14, 6, 30, 2, 38, 17, 2, 32, 33, 2, 32, 31, 11, 40, 17, 33, 19, 6, 28, 33, 31, 11, 17, 28, 11, 27, 6, 7, 22, 33, 1, 35, 41, 30, 34, 2, 34]","[0, 0, 0, 0, 0, 0, 0, 0, 1, 0, 0, 0, 0, 0, 0, 0, 1, 0, 0, 0, 0, 0, 0, 0, 0, 0, 0, 0, 0, 0, 0, 0, 0, 0, 0, 0, 0, 0, 0, 0, 0, 0, 0, 0, 0, 0, 0, 1]"
L2_arctic_WAV/SVBI_arctic_a0020,"[27, 28, 12, 16, 40, 2, 30, 17, 16, 8, 28, 40, 2, 30, 17, 34, 6, 36, 25, 40, 23, 33, 37, 36, 37, 16, 25, 31, 11, 30, 28, 25, 29, 5, 29, 1, 25, 40]","[27, 28, 12, 16, 34, 2, 30, 17, 16, 8, 28, 40, 2, 30, 17, 34, 6, 36, 25, 34, 23, 33, 37, 36, 37, 16, 25, 31, 11, 30, 28, 25, 29, 5, 29, 1, 25, 34]","[0, 0, 0, 0, 1, 0, 0, 0, 0, 0, 0, 0, 0, 0, 0, 0, 0, 0, 0, 1, 0, 0, 0, 0, 0, 0, 0, 0, 0, 0, 0, 0, 0, 0, 0, 0, 0, 1]"
L2_arctic_WAV/SVBI_arctic_a0021,"[6, 36, 22, 5, 33, 28, 25, 27, 28, 12, 16, 17, 29, 25, 6, 30, 36, 37, 33, 5, 27, 2, 23, 30, 14, 6, 40, 6, 7, 6, 36]","[6, 36, 22, 5, 28, 25, 27, 28, 12, 16, 17, 29, 25, 6, 30, 36, 37, 33, 5, 27, 2, 23, 30, 14, 6, 40, 6, 7, 6, 36]","[0, 0, 0, 0, 1, 0, 0, 0, 0, 0, 0, 0, 0, 0, 0, 0, 0, 0, 0, 0, 0, 0, 0, 0, 0, 0, 0, 0, 0, 0, 0]"
L2_arctic_WAV/SVBI_arctic_a0022,"[24, 3, 33, 17, 28, 25, 39, 1, 3, 33, 32, 28, 41, 30, 40, 29, 19, 6, 17, 32, 12, 16, 28, 6, 27, 16, 6, 22, 8, 33, 39, 25, 39, 1, 29, 5, 36, 16, 14, 6, 32, 14, 11, 1, 22, 2, 28, 3, 32, 2, 40, 6, 9, 2, 30]","[24, 3, 33, 17, 28, 25, 39, 1, 3, 33, 32, 28, 41, 30, 34, 29, 19, 6, 17, 16, 12, 16, 28, 6, 27, 16, 6, 22, 8, 33, 39, 25, 39, 1, 29, 5, 36, 16, 14, 6, 16, 14, 11, 1, 22, 2, 28, 3, 32, 2, 40, 6, 9, 2, 30]","[0, 0, 0, 0, 0, 0, 0, 0, 0, 0, 0, 0, 0, 0, 1, 0, 0, 0, 0, 1, 0, 0, 0, 0, 0, 0, 0, 0, 0, 0, 0, 0, 0, 0, 0, 0, 0, 0, 0, 0, 1, 0, 0, 0, 0, 0, 0, 0, 0, 0, 0, 0, 0, 0, 0]"
L2_arctic_WAV/SVBI_arctic_a0023,"[2, 27, 3, 29, 16, 2, 30, 19, 6, 9, 2, 30, 12, 38, 27, 2, 30, 19, 6, 17, 25, 2, 30, 27, 41, 32, 2, 36, 2, 28, 27, 39, 6, 27, 28, 25, 8, 33, 23, 2, 30, 14, 6, 40, 17, 2, 30, 17, 32, 2, 36, 6, 9, 2, 30, 17, 22, 1, 4, 2, 34, 19, 6, 29, 32, 33, 6, 38, 6, 28, 6, 18, 6, 40]","[2, 27, 3, 29, 16, 2, 30, 19, 6, 9, 2, 30, 12, 38, 27, 2, 30, 19, 6, 17, 25, 2, 30, 27, 41, 32, 2, 36, 2, 28, 27, 39, 6, 27, 28, 25, 8, 33, 23, 2, 30, 14, 6, 40, 17, 2, 30, 17, 32, 2, 36, 6, 9, 2, 30, 17, 22, 1, 17, 2, 34, 19, 6, 29, 32, 33, 6, 38, 6, 28, 6, 18, 6, 34]","[0, 0, 0, 0, 0, 0, 0, 0, 0, 0, 0, 0, 0, 0, 0, 0, 0, 0, 0, 0, 0, 0, 0, 0, 0, 0, 0, 0, 0, 0, 0, 0, 0, 0, 0, 0, 0, 0, 0, 0, 0, 0, 0, 0, 0, 0, 0, 0, 0, 0, 0, 0, 0, 0, 0, 0, 0, 0, 1, 0, 0, 0, 0, 0, 0, 0, 0, 0, 0, 0, 0, 0, 0, 1]"
L2_arctic_WAV/SVBI_arctic_a0024,"[6, 36, 39, 2, 40, 29, 14, 6, 33, 25, 32, 8, 33, 36, 34, 22, 1, 29, 4, 12, 30, 8, 33, 10, 39, 6, 35, 35, 25, 22, 28, 25, 6, 30, 17, 37, 34, 36, 32, 25, 32, 2, 28, 36, 37, 16, 14, 6]","[6, 36, 39, 2, 34, 29, 14, 6, 33, 25, 32, 8, 33, 36, 34, 22, 1, 29, 4, 12, 30, 8, 36, 39, 6, 35, 35, 25, 22, 28, 25, 6, 30, 17, 37, 34, 36, 16, 25, 32, 2, 28, 36, 37, 16, 14, 6]","[0, 0, 0, 0, 1, 0, 0, 0, 0, 0, 0, 0, 0, 0, 0, 0, 0, 0, 0, 0, 0, 0, 1, 1, 0, 0, 0, 0, 0, 0, 0, 0, 0, 0, 0, 0, 0, 0, 1, 0, 0, 0, 0, 0, 0, 0, 0, 0]"
L2_arctic_WAV/SVBI_arctic_a0025,"[14, 6, 39, 12, 40, 2, 16, 14, 11, 36, 36, 2, 17, 37, 4, 6, 34, 39, 5, 30, 27, 37, 28, 1, 18, 12, 18, 29, 2, 30, 36, 32, 33, 6, 38, 19, 6, 28, 17]","[14, 6, 39, 12, 34, 2, 16, 14, 11, 36, 36, 2, 17, 37, 4, 6, 34, 39, 5, 30, 27, 37, 28, 1, 18, 12, 18, 29, 2, 30, 36, 32, 33, 6, 38, 19, 6, 28, 17]","[0, 0, 0, 0, 1, 0, 0, 0, 0, 0, 0, 0, 0, 0, 0, 0, 0, 0, 0, 0, 0, 0, 0, 0, 0, 0, 0, 0, 0, 0, 0, 0, 0, 0, 0, 0, 0, 0, 0]"
L2_arctic_WAV/SVBI_arctic_a0026,"[6, 36, 2, 27, 1, 17, 36, 2, 29, 25, 4, 2, 36, 4, 5, 33, 39, 11, 17, 24, 41, 38, 36, 37, 16, 25, 41, 30, 2, 27, 14, 11, 30, 36, 6, 7]","[6, 36, 2, 27, 1, 17, 17, 2, 29, 25, 17, 2, 36, 17, 5, 33, 39, 11, 17, 24, 41, 39, 17, 37, 16, 25, 41, 30, 2, 23, 8, 30, 36, 6, 7]","[0, 0, 0, 0, 0, 0, 1, 0, 0, 0, 1, 0, 0, 1, 0, 0, 0, 0, 0, 0, 0, 1, 1, 0, 0, 0, 0, 0, 0, 1, 1, 1, 0, 0, 0, 0]"
L2_arctic_WAV/SVBI_arctic_a0027,"[36, 37, 29, 14, 6, 34, 2, 32, 33, 14, 6, 40, 24, 25, 16, 6, 23, 41, 30, 36, 37, 9, 31, 11, 41, 27, 9, 2, 28, 6, 30, 10, 37, 40, 25, 41, 40, 2, 29, 6, 30, 29, 14, 6, 22, 19, 6, 38, 1]","[17, 37, 29, 14, 6, 34, 2, 32, 33, 14, 6, 40, 24, 25, 16, 6, 23, 41, 30, 36, 37, 9, 31, 11, 41, 27, 9, 2, 28, 6, 30, 36, 37, 40, 25, 41, 40, 2, 29, 6, 30, 29, 14, 6, 22, 19, 6, 38, 1]","[1, 0, 0, 0, 0, 0, 0, 0, 0, 0, 0, 0, 0, 0, 0, 0, 0, 0, 0, 0, 0, 0, 0, 0, 0, 0, 0, 0, 0, 0, 0, 1, 0, 0, 0, 0, 0, 0, 0, 0, 0, 0, 0, 0, 0, 0, 0, 0, 0]"
L2_arctic_WAV/SVBI_arctic_a0028,"[33, 3, 16, 1, 25, 16, 33, 14, 6, 16, 1, 25, 22, 33, 8, 17]","[33, 3, 16, 1, 25, 16, 33, 14, 6, 16, 1, 25, 22, 33, 8, 17]","[0, 0, 0, 0, 0, 0, 0, 0, 0, 0, 0, 0, 0, 0, 0, 0]"
L2_arctic_WAV/SVBI_arctic_a0029,"[4, 5, 33, 22, 8, 33, 34, 6, 40, 39, 1, 8, 28, 33, 5, 17, 25, 29, 37, 38, 6, 7, 6, 30, 36, 2, 4, 2, 30, 8, 33, 10, 27, 12, 30, 36, 33, 25]","[17, 5, 22, 8, 34, 6, 34, 39, 1, 8, 28, 33, 5, 17, 25, 29, 37, 38, 6, 7, 6, 30, 17, 2, 17, 2, 30, 8, 36, 27, 12, 30, 36, 33, 25]","[1, 0, 1, 0, 0, 1, 0, 0, 1, 0, 0, 0, 0, 0, 0, 0, 0, 0, 0, 0, 0, 0, 0, 0, 1, 0, 1, 0, 0, 0, 1, 1, 0, 0, 0, 0, 0, 0]"
L2_arctic_WAV/SVBI_arctic_a0030,"[14, 6, 24, 41, 17, 22, 19, 6, 10, 6, 30, 4, 5, 29]","[14, 6, 24, 41, 17, 22, 19, 6, 10, 6, 30, 17, 5, 29]","[0, 0, 0, 0, 0, 0, 0, 0, 0, 0, 0, 1, 0, 0]"
L2_arctic_WAV/SVBI_arctic_a0031,"[4, 19, 6, 39, 1, 10, 33, 25, 24, 12, 30, 17, 1, 17, 26, 3, 33, 17, 40, 2, 32, 3, 33, 36]","[17, 19, 6, 39, 1, 36, 33, 25, 24, 12, 30, 17, 1, 17, 26, 3, 17, 34, 2, 32, 3, 36]","[1, 0, 0, 0, 0, 1, 0, 0, 0, 0, 0, 0, 0, 0, 0, 0, 1, 0, 1, 0, 0, 0, 1, 0]"
L2_arctic_WAV/SVBI_arctic_a0032,"[34, 6, 30, 34, 4, 5, 30, 34, 12, 29, 29, 6, 34, 36, 6, 33, 25, 2, 34, 22, 8, 33, 34, 24, 41, 40, 16, 6, 30, 22, 14, 6, 36, 6, 7, 12, 34, 41, 36, 5, 38, 33, 25, 34, 36, 5, 32]","[34, 6, 30, 34, 17, 5, 30, 34, 12, 29, 29, 6, 34, 36, 6, 33, 25, 2, 34, 22, 8, 34, 24, 41, 34, 16, 6, 30, 22, 14, 6, 36, 6, 7, 12, 34, 41, 36, 5, 38, 33, 25, 34, 36, 5, 32]","[0, 0, 0, 0, 1, 0, 0, 0, 0, 0, 0, 0, 0, 0, 0, 0, 0, 0, 0, 0, 0, 1, 0, 0, 0, 1, 0, 0, 0, 0, 0, 0, 0, 0, 0, 0, 0, 0, 0, 0, 0, 0, 0, 0, 0, 0, 0]"
L2_arctic_WAV/SVBI_arctic_a0036,"[9, 25, 36, 1, 30, 17, 6, 30, 41, 36, 4, 12, 24, 31, 11, 36, 5, 28]","[9, 25, 17, 1, 30, 17, 6, 30, 41, 36, 17, 12, 24, 31, 11, 36, 2, 28]","[0, 0, 1, 0, 0, 0, 0, 0, 0, 0, 1, 0, 0, 0, 0, 0, 1, 0]"
L2_arctic_WAV/SVBI_arctic_a0037,"[14, 6, 39, 2, 40, 4, 12, 31, 11, 30, 28, 25, 39, 12, 30, 24, 37, 33, 25, 29, 19, 6, 30, 17, 34, 6, 36, 6, 7]","[14, 6, 39, 2, 40, 4, 12, 31, 11, 30, 28, 25, 39, 12, 30, 24, 37, 33, 25, 29, 19, 6, 30, 17, 34, 6, 36, 6, 7]","[0, 0, 0, 0, 0, 0, 0, 0, 0, 0, 0, 0, 0, 0, 0, 0, 0, 0, 0, 0, 0, 0, 0, 0, 0, 0, 0, 0, 0]"
L2_arctic_WAV/SVBI_arctic_a0038,"[39, 25, 28, 24, 41, 38, 36, 2, 39, 8, 35, 14, 11, 33, 35, 41, 30, 34, 2, 40]","[39, 25, 28, 24, 41, 39, 36, 2, 39, 8, 35, 14, 11, 33, 35, 41, 30, 34, 2, 34]","[0, 0, 0, 0, 0, 1, 0, 0, 0, 0, 0, 0, 0, 0, 0, 0, 0, 0, 0, 1]"
L2_arctic_WAV/SVBI_arctic_a0039,"[4, 2, 9, 6, 32, 9, 11, 17, 16, 25, 6, 30, 39, 6, 10, 6, 30, 19, 6, 39, 25, 27, 8, 33, 36, 5, 30, 17, 19, 6, 40]","[17, 2, 9, 6, 32, 9, 11, 17, 16, 25, 6, 30, 39, 6, 10, 6, 30, 19, 6, 39, 25, 27, 8, 33, 36, 5, 30, 17, 19, 6, 34]","[1, 0, 0, 0, 0, 0, 0, 0, 0, 0, 0, 0, 0, 0, 0, 0, 0, 0, 0, 0, 0, 0, 0, 0, 0, 0, 0, 0, 0, 0, 1]"
L2_arctic_WAV/SVBI_arctic_a0040,"[14, 6, 34, 2, 32, 31, 11, 40, 26, 37, 39, 12, 30, 17, 1, 39, 14, 6, 9, 25, 6, 40, 27, 12, 29, 6, 7, 12, 32, 24, 25, 33]","[14, 6, 34, 2, 32, 31, 11, 34, 26, 37, 39, 12, 30, 17, 1, 39, 14, 6, 9, 25, 6, 34, 27, 12, 29, 6, 7, 12, 32, 24, 25]","[0, 0, 0, 0, 0, 0, 0, 1, 0, 0, 0, 0, 0, 0, 0, 0, 0, 0, 0, 0, 0, 1, 0, 0, 0, 0, 0, 0, 0, 0, 0, 1]"
L2_arctic_WAV/SVBI_arctic_a0041,"[29, 25, 30, 39, 14, 6, 28, 14, 6, 28, 23, 31, 11, 14, 11, 36, 36, 37, 16, 33, 25, 4, 2, 34, 32, 5, 28]","[29, 25, 30, 39, 14, 6, 28, 14, 6, 28, 23, 31, 11, 31, 11, 36, 36, 37, 16, 33, 25, 4, 2, 34, 32, 5, 28]","[0, 0, 0, 0, 0, 0, 0, 0, 0, 0, 0, 0, 0, 1, 0, 0, 0, 0, 0, 0, 0, 0, 0, 0, 0, 0, 0]"
L2_arctic_WAV/SVBI_arctic_a0042,"[24, 14, 11, 27, 11, 17, 24, 25, 6, 27, 34, 32, 28, 19, 6, 30, 24, 6, 40, 32, 2, 40, 5, 9, 2, 30, 2, 38, 4, 2, 34, 27, 5, 35]","[24, 14, 11, 27, 11, 17, 24, 25, 6, 27, 34, 32, 28, 19, 6, 30, 24, 6, 34, 32, 2, 34, 5, 9, 2, 30, 2, 38, 17, 2, 34, 27, 5, 35]","[0, 0, 0, 0, 0, 0, 0, 0, 0, 0, 0, 0, 0, 0, 0, 0, 0, 0, 1, 0, 0, 1, 0, 0, 0, 0, 0, 0, 1, 0, 0, 0, 0, 0]"
L2_arctic_WAV/SVBI_arctic_a0045,"[24, 25, 29, 37, 38, 17, 2, 39, 19, 6, 41, 40, 27, 39, 14, 6, 2, 36, 28, 25, 41, 40, 24, 25, 24, 41, 17, 27, 12, 29]","[24, 25, 29, 37, 37, 17, 2, 39, 19, 6, 41, 34, 27, 39, 14, 6, 2, 36, 28, 25, 41, 34, 24, 25, 24, 41, 17, 27, 12, 29]","[0, 0, 0, 0, 1, 0, 0, 0, 0, 0, 0, 1, 0, 0, 0, 0, 0, 0, 0, 0, 0, 1, 0, 0, 0, 0, 0, 0, 0, 0]"
L2_arctic_WAV/SVBI_arctic_a0046,"[4, 2, 23, 1, 28, 22, 19, 6, 34, 36, 24, 6, 29, 24, 1, 14, 6, 40, 9, 14, 6, 30, 6, 7, 39, 6, 10, 34, 12, 17, 2, 30, 22, 6, 33]","[17, 2, 23, 2, 28, 22, 19, 6, 34, 36, 24, 6, 29, 24, 1, 14, 6, 34, 9, 14, 6, 30, 6, 7, 39, 6, 10, 34, 12, 17, 2, 30, 22, 6, 33]","[1, 0, 0, 1, 0, 0, 0, 0, 0, 0, 0, 0, 0, 0, 0, 0, 0, 1, 0, 0, 0, 0, 0, 0, 0, 0, 0, 0, 0, 0, 0, 0, 0, 0, 0]"
L2_arctic_WAV/SVBI_arctic_a0047,"[27, 28, 31, 11, 34, 16, 6, 34, 14, 6, 17, 24, 6, 29, 23, 28, 25, 29, 17, 4, 2, 39, 14, 6, 36, 22, 41, 7, 40, 12, 38, 4, 12, 39, 11, 28, 22, 17, 8, 23]","[23, 28, 31, 11, 34, 16, 6, 34, 14, 6, 17, 24, 6, 29, 23, 28, 25, 29, 17, 17, 2, 39, 14, 6, 36, 22, 41, 7, 34, 12, 22, 17, 12, 39, 11, 28, 22, 17, 8, 27]","[1, 0, 0, 0, 0, 0, 0, 0, 0, 0, 0, 0, 0, 0, 0, 0, 0, 0, 0, 1, 0, 0, 0, 0, 0, 0, 0, 0, 1, 0, 1, 1, 0, 0, 0, 0, 0, 0, 0, 1]"
L2_arctic_WAV/SVBI_arctic_a0048,"[24, 25, 28, 11, 27, 36, 41, 36, 4, 2, 24, 41, 7, 27, 1, 35, 6, 22, 29, 8, 33, 27, 28, 31, 11, 34, 28, 25]","[24, 25, 28, 11, 27, 36, 41, 36, 17, 2, 24, 41, 30, 27, 1, 35, 6, 22, 29, 8, 33, 27, 28, 31, 11, 34, 28, 25]","[0, 0, 0, 0, 0, 0, 0, 0, 1, 0, 0, 0, 1, 0, 0, 0, 0, 0, 0, 0, 0, 0, 0, 0, 0, 0, 0, 0]"
L2_arctic_WAV/SVBI_arctic_a0051,"[4, 2, 28, 19, 6, 34, 39, 12, 40, 2, 38, 2, 17, 5, 28, 2, 27, 2, 36, 14, 6, 38, 1, 25, 27, 12, 28, 1, 22, 19, 6, 30, 36, 28, 25, 36, 6, 30, 36, 6, 17, 39, 6, 10, 26, 5, 28, 31, 11]","[17, 2, 28, 19, 6, 34, 39, 12, 40, 2, 38, 2, 17, 5, 28, 2, 27, 2, 36, 14, 6, 31, 11, 1, 25, 27, 12, 28, 1, 22, 19, 6, 30, 36, 28, 25, 36, 6, 30, 36, 6, 17, 39, 6, 17, 26, 5, 28, 31, 11]","[1, 0, 0, 0, 0, 0, 0, 0, 0, 0, 0, 0, 0, 0, 0, 0, 0, 0, 0, 0, 0, 1, 0, 0, 0, 0, 0, 0, 0, 0, 0, 0, 0, 0, 0, 0, 0, 0, 0, 0, 0, 0, 0, 1, 0, 0, 0, 0, 0]"
L2_arctic_WAV/SVBI_arctic_a0052,"[6, 36, 39, 2, 40, 2, 27, 26, 11, 33, 25, 2, 34, 27, 31, 11, 6, 30, 34, 6, 17, 2, 30, 34]","[6, 36, 39, 2, 40, 2, 27, 26, 11, 33, 25, 2, 34, 27, 31, 11, 6, 30, 34, 6, 17, 2, 30, 34]","[0, 0, 0, 0, 0, 0, 0, 0, 0, 0, 0, 0, 0, 0, 0, 0, 0, 0, 0, 0, 0, 0, 0, 0]"
L2_arctic_WAV/SVBI_arctic_a0053,"[34, 12, 17, 2, 30, 28, 25, 24, 6, 40, 22, 6, 7, 23, 1, 40, 27, 28, 31, 11, 40, 17, 36, 14, 6, 36, 28, 25, 31, 11, 38, 1, 4, 2, 24, 41, 7, 27, 1, 35, 25, 22]","[34, 12, 17, 2, 30, 28, 25, 24, 25, 34, 22, 6, 7, 2, 34, 27, 28, 31, 11, 40, 17, 36, 14, 6, 36, 28, 25, 31, 11, 2, 17, 2, 24, 41, 7, 27, 2, 35, 25, 22]","[0, 0, 0, 0, 0, 0, 0, 0, 1, 1, 0, 0, 0, 1, 1, 1, 0, 0, 0, 0, 0, 0, 0, 0, 0, 0, 0, 0, 0, 0, 1, 1, 1, 0, 0, 0, 0, 0, 1, 0, 0, 0]"
L2_arctic_WAV/SVBI_arctic_a0054,"[4, 5, 33, 39, 2, 40, 30, 12, 10, 6, 7, 8, 30, 4, 12, 33, 3, 27]","[17, 5, 33, 39, 2, 34, 30, 12, 36, 6, 7, 8, 30, 17, 12, 33, 3, 27]","[1, 0, 0, 0, 0, 1, 0, 0, 1, 0, 0, 0, 0, 1, 0, 0, 0, 0]"
L2_arctic_WAV/SVBI_arctic_a0058,"[14, 6, 27, 19, 6, 29, 22, 33, 1, 6, 30, 22, 1, 29, 19, 6, 9, 2, 30, 29, 8, 33, 14, 11, 36, 12, 38, 27, 26, 11, 33, 25, 3, 34, 2, 36, 25, 4, 41, 30, 5, 30, 25, 10, 6, 7, 5, 28, 34]","[14, 6, 27, 19, 6, 29, 22, 33, 1, 6, 30, 22, 1, 29, 19, 6, 9, 2, 30, 29, 8, 33, 31, 11, 36, 12, 22, 27, 26, 11, 33, 25, 3, 34, 2, 36, 25, 17, 41, 30, 5, 30, 25, 36, 6, 7, 5, 28, 34]","[0, 0, 0, 0, 0, 0, 0, 0, 0, 0, 0, 0, 0, 0, 0, 0, 0, 0, 0, 0, 0, 0, 1, 0, 0, 0, 1, 0, 0, 0, 0, 0, 0, 0, 0, 0, 0, 1, 0, 0, 0, 0, 0, 1, 0, 0, 0, 0, 0]"
L2_arctic_WAV/SVBI_arctic_a0059,"[24, 6, 40, 6, 29, 41, 27, 26, 37, 28, 6, 36, 2, 32, 6, 33, 2, 30, 34, 39, 8, 40, 23, 8, 30]","[24, 6, 34, 6, 29, 41, 27, 26, 37, 28, 6, 36, 2, 32, 6, 33, 2, 30, 34, 39, 8, 34, 23, 8, 30]","[0, 0, 1, 0, 0, 0, 0, 0, 0, 0, 0, 0, 0, 0, 0, 0, 0, 0, 0, 0, 0, 1, 0, 0, 0]"
L2_arctic_WAV/SVBI_arctic_a0060,"[5, 30, 25, 39, 19, 6, 30, 31, 11, 39, 12, 30, 34, 8, 24, 1, 28, 14, 6, 27, 4, 41, 36]","[5, 30, 25, 39, 19, 6, 30, 31, 11, 39, 12, 30, 34, 8, 24, 1, 28, 14, 6, 27, 17, 41, 36]","[0, 0, 0, 0, 0, 0, 0, 0, 0, 0, 0, 0, 0, 0, 0, 0, 0, 0, 0, 0, 1, 0, 0]"
L2_arctic_WAV/SVBI_arctic_a0062,"[4, 2, 29, 5, 30, 34, 36, 5, 33, 17, 6, 30, 36, 2, 25, 35, 12, 4, 1, 40, 22, 19, 6, 34]","[17, 2, 29, 5, 30, 34, 36, 5, 33, 6, 30, 36, 2, 25, 35, 12, 4, 2, 34, 22, 19, 6, 34]","[1, 0, 0, 0, 0, 0, 0, 0, 0, 1, 0, 0, 0, 0, 0, 0, 0, 0, 1, 1, 0, 0, 0, 0]"
L2_arctic_WAV/SVBI_arctic_a0063,"[26, 5, 34, 6, 36, 39, 2, 40, 2, 29, 41, 30, 24, 37, 41, 34, 36, 2, 34, 36, 33, 19, 6, 30, 18, 1]","[26, 5, 34, 6, 36, 39, 2, 40, 2, 29, 41, 30, 24, 37, 41, 34, 36, 2, 34, 36, 33, 19, 6, 30, 18, 1]","[0, 0, 0, 0, 0, 0, 0, 0, 0, 0, 0, 0, 0, 0, 0, 0, 0, 0, 0, 0, 0, 0, 0, 0, 0, 0]"
L2_arctic_WAV/SVBI_arctic_a0064,"[4, 2, 22, 8, 33, 10, 2, 30, 17, 22, 6, 22, 10, 17, 19, 6, 40, 32, 41, 34, 36, 39, 6, 4, 14, 11, 36, 5, 30, 25, 17, 6, 38, 5, 28, 2, 32, 29, 2, 30, 36, 34]","[17, 2, 22, 8, 33, 36, 2, 30, 17, 22, 6, 22, 10, 17, 19, 6, 34, 32, 41, 34, 36, 39, 6, 36, 14, 11, 36, 5, 30, 25, 17, 5, 38, 5, 28, 2, 32, 29, 2, 30, 36, 34]","[1, 0, 0, 0, 0, 1, 0, 0, 0, 0, 0, 0, 0, 0, 0, 0, 1, 0, 0, 0, 0, 0, 0, 1, 0, 0, 0, 0, 0, 0, 0, 1, 0, 0, 0, 0, 0, 0, 0, 0, 0, 0]"
L2_arctic_WAV/SVBI_arctic_a0065,"[4, 19, 6, 27, 28, 31, 11, 40, 17, 30, 14, 11, 2, 30, 36, 6, 28, 24, 6, 40, 22, 6, 7, 23, 1, 40, 39, 1, 28, 14, 6, 27, 27, 8, 33, 17, 40, 12, 38, 34, 36, 25, 28]","[17, 19, 6, 27, 28, 31, 11, 34, 36, 30, 14, 11, 2, 30, 36, 6, 28, 24, 6, 34, 22, 6, 7, 2, 34, 39, 1, 28, 14, 6, 27, 27, 8, 17, 34, 12, 22, 34, 36, 25, 28]","[1, 0, 0, 0, 0, 0, 0, 1, 1, 0, 0, 0, 0, 0, 0, 0, 0, 0, 0, 1, 0, 0, 0, 1, 1, 1, 0, 0, 0, 0, 0, 0, 0, 0, 1, 0, 1, 0, 1, 0, 0, 0, 0]"
L2_arctic_WAV/SVBI_arctic_a0067,"[9, 11, 33, 28, 25, 14, 6, 39, 6, 28, 6, 27, 34, 27, 26, 37, 40, 26, 37, 9, 25, 27, 33, 14, 6, 17]","[9, 2, 28, 25, 14, 6, 6, 28, 6, 27, 34, 27, 26, 37, 40, 26, 37, 9, 25, 27, 33, 14, 6, 17]","[0, 1, 1, 0, 0, 0, 0, 1, 0, 0, 0, 0, 0, 0, 0, 0, 0, 0, 0, 0, 0, 0, 0, 0, 0, 0]"
L2_arctic_WAV/SVBI_arctic_a0071,"[39, 12, 36, 39, 8, 40, 4, 12, 3, 16, 18, 5, 27, 36, 12, 38, 26, 11, 33, 28, 6, 36, 2, 28, 34, 5, 30, 34, 19, 6, 9, 2, 30]","[39, 12, 36, 39, 8, 34, 17, 12, 3, 16, 18, 5, 27, 36, 8, 22, 26, 11, 33, 28, 6, 36, 2, 28, 34, 5, 30, 34, 19, 6, 9, 2, 30]","[0, 0, 0, 0, 0, 1, 1, 0, 0, 0, 0, 0, 0, 0, 1, 1, 0, 0, 0, 0, 0, 0, 0, 0, 0, 0, 0, 0, 0, 0, 0, 0, 0]"
L2_arctic_WAV/SVBI_arctic_a0073,"[4, 2, 32, 33, 2, 29, 31, 11, 36, 1, 40, 14, 6, 40, 39, 1, 24, 5, 38, 25, 39, 6, 10, 28, 6, 36, 2, 28, 32, 12, 22, 25, 16, 41, 23, 40, 12, 30, 17, 1, 4, 2, 29]","[17, 2, 32, 33, 2, 29, 31, 11, 36, 2, 34, 14, 6, 34, 39, 1, 24, 5, 38, 25, 39, 6, 17, 28, 6, 21, 2, 28, 32, 12, 22, 25, 16, 41, 23, 34, 12, 30, 17, 1, 17, 2, 29]","[1, 0, 0, 0, 0, 0, 0, 0, 0, 1, 1, 0, 0, 1, 0, 0, 0, 0, 0, 0, 0, 0, 1, 0, 0, 1, 0, 0, 0, 0, 0, 0, 0, 0, 0, 1, 0, 0, 0, 0, 1, 0, 0]"
L2_arctic_WAV/SVBI_arctic_a0075,"[4, 5, 33, 24, 41, 40, 16, 6, 30, 2, 35, 19, 6, 30, 18, 9, 25, 6, 30, 36, 1, 12, 32, 36, 6, 17, 24, 6, 29]","[17, 5, 33, 24, 41, 40, 16, 6, 30, 2, 35, 19, 6, 30, 36, 9, 25, 6, 30, 36, 1, 12, 32, 36, 6, 17, 24, 6, 29]","[1, 0, 0, 0, 0, 0, 0, 0, 0, 0, 0, 0, 0, 0, 1, 0, 0, 0, 0, 0, 0, 0, 0, 0, 0, 0, 0, 0, 0]"
L2_arctic_WAV/SVBI_arctic_a0076,"[4, 2, 23, 33, 19, 6, 14, 6, 40, 22, 3, 28, 36, 1, 17, 4, 2, 22, 28, 12, 9, 17, 25, 32, 2, 30, 17]","[17, 2, 23, 33, 19, 6, 14, 6, 34, 22, 3, 28, 36, 1, 17, 17, 2, 22, 28, 12, 9, 17, 25, 32, 2, 30, 17]","[1, 0, 0, 0, 0, 0, 0, 0, 1, 0, 0, 0, 0, 0, 0, 1, 0, 0, 0, 0, 0, 0, 0, 0, 0, 0, 0]"
L2_arctic_WAV/SVBI_arctic_a0077,"[6, 36, 6, 40, 4, 2, 22, 14, 6, 1, 32, 3, 33, 36, 28, 25, 9, 25, 34, 5, 17]","[6, 36, 6, 40, 4, 2, 22, 14, 6, 1, 32, 3, 33, 36, 28, 25, 9, 25, 34, 5]","[0, 0, 0, 0, 0, 0, 0, 0, 0, 0, 0, 0, 0, 0, 0, 0, 0, 0, 0, 0, 1]"
L2_arctic_WAV/SVBI_arctic_a0078,"[4, 5, 30, 41, 30, 17, 41, 36, 34, 12, 32, 1, 24, 25, 36, 33, 14, 6, 17, 36, 2, 22, 41, 4, 2, 29, 24, 1]","[4, 5, 30, 41, 30, 41, 36, 34, 12, 32, 1, 24, 25, 36, 33, 14, 6, 36, 2, 22, 41, 10, 2, 29, 24, 1]","[0, 0, 0, 0, 0, 1, 0, 0, 0, 0, 0, 0, 0, 0, 0, 0, 0, 0, 1, 0, 0, 0, 0, 1, 0, 0, 0, 0]"
L2_arctic_WAV/SVBI_arctic_a0079,"[6, 36, 39, 12, 40, 2, 28, 3, 33, 18, 27, 2, 30, 37]","[6, 36, 38, 12, 40, 2, 28, 3, 35, 27, 41, 30, 37]","[0, 0, 1, 0, 0, 0, 0, 0, 1, 1, 0, 1, 0, 0]"
L2_arctic_WAV/SVBI_arctic_a0081,"[24, 39, 12, 36, 6, 22, 9, 25, 17, 6, 17, 30, 3, 36, 27, 12, 29, 36, 2, 4, 12, 33, 3, 27]","[39, 12, 36, 6, 22, 9, 25, 17, 6, 17, 30, 3, 36, 27, 12, 29, 36, 2, 4, 12, 33, 3, 27]","[1, 0, 0, 0, 0, 0, 0, 0, 0, 0, 0, 0, 0, 0, 0, 0, 0, 0, 0, 0, 0, 0, 0, 0]"
L2_arctic_WAV/SVBI_arctic_a0082,"[24, 6, 40, 22, 19, 6, 34, 39, 12, 40, 34, 36, 33, 25, 29, 6, 7, 39, 6, 10, 16, 28, 12, 17]","[24, 6, 34, 22, 5, 34, 39, 12, 34, 34, 36, 33, 25, 29, 6, 7, 39, 6, 10, 16, 28, 12, 17]","[0, 0, 1, 0, 1, 1, 0, 0, 0, 1, 0, 0, 0, 0, 0, 0, 0, 0, 0, 0, 0, 0, 0, 0]"
L2_arctic_WAV/SVBI_arctic_a0085,"[2, 36, 33, 6, 27, 2, 28, 12, 38, 22, 33, 5, 9, 16, 28, 12, 17, 33, 41, 30, 31, 11, 38, 1, 24, 6, 40, 22, 19, 6, 34]","[2, 36, 33, 6, 27, 2, 28, 12, 22, 22, 33, 5, 9, 32, 28, 12, 17, 33, 41, 30, 8, 38, 1, 24, 6, 34, 22, 5, 34]","[0, 0, 0, 0, 0, 0, 0, 0, 1, 0, 0, 0, 0, 1, 0, 0, 0, 0, 0, 0, 1, 1, 0, 0, 0, 0, 1, 0, 1, 1, 0]"
L2_arctic_WAV/SVBI_arctic_a0086,"[17, 5, 10, 24, 41, 17, 27, 12, 29, 39, 6, 10, 36, 5, 33, 2, 16, 2, 28, 34, 12, 17, 2, 30, 30, 2, 34]","[17, 5, 36, 24, 41, 17, 27, 12, 29, 39, 6, 10, 36, 5, 33, 2, 16, 2, 28, 34, 12, 17, 2, 30, 30, 2, 34]","[0, 0, 1, 0, 0, 0, 0, 0, 0, 0, 0, 0, 0, 0, 0, 0, 0, 0, 0, 0, 0, 0, 0, 0, 0, 0, 0]"
L2_arctic_WAV/SVBI_arctic_a0088,"[24, 25, 29, 19, 6, 17, 9, 11, 33, 4, 2, 36, 4, 2, 29, 41, 23, 2, 40, 25, 30, 39, 8, 40, 28, 31, 11, 17, 2, 17, 41, 30, 17, 33, 6, 40, 37, 29, 17, 24, 6, 40, 32, 41, 17, 28, 6, 7]","[24, 25, 29, 5, 17, 9, 11, 33, 4, 2, 4, 2, 29, 41, 23, 2, 40, 25, 30, 39, 8, 34, 28, 8, 17, 2, 17, 41, 30, 33, 6, 40, 26, 37, 29, 17, 24, 6, 34, 32, 41, 17, 28, 6, 7]","[0, 0, 0, 1, 1, 0, 0, 0, 0, 0, 0, 1, 0, 0, 0, 0, 0, 0, 0, 0, 0, 0, 0, 1, 0, 1, 1, 0, 0, 0, 0, 0, 1, 0, 0, 0, 0, 0, 0, 0, 0, 1, 0, 0, 0, 0, 0, 0]"
L2_arctic_WAV/SVBI_arctic_a0089,"[4, 2, 30, 14, 6, 36, 23, 28, 31, 11, 39, 8, 40, 36, 33, 5, 35, 1, 2, 34, 36, 37, 9, 37, 36, 16, 14, 6]","[4, 2, 30, 14, 6, 27, 28, 8, 39, 8, 34, 36, 33, 5, 35, 1, 2, 34, 36, 37, 9, 37, 16, 14, 6]","[0, 0, 0, 0, 0, 1, 1, 0, 1, 1, 0, 0, 1, 0, 0, 0, 0, 0, 0, 0, 0, 0, 0, 0, 1, 0, 0, 0]"
L2_arctic_WAV/SVBI_arctic_a0090,"[4, 2, 34, 6, 7, 6, 7, 38, 8, 6, 34, 2, 32, 33, 31, 11, 35, 36, 33, 41, 32, 2, 17, 28, 25]","[4, 2, 34, 6, 7, 6, 7, 39, 8, 6, 34, 2, 32, 33, 8, 35, 36, 33, 41, 32, 2, 17, 28, 25]","[0, 0, 0, 0, 0, 0, 0, 1, 0, 0, 0, 0, 0, 0, 1, 1, 0, 0, 0, 0, 0, 0, 0, 0, 0]"
L2_arctic_WAV/SVBI_arctic_a0091,"[24, 6, 40, 16, 28, 12, 17, 23, 33, 37, 24, 3, 36, 39, 6, 10, 33, 19, 6, 18, 41, 36, 4, 2, 10, 8, 36]","[24, 6, 34, 16, 28, 12, 17, 23, 33, 37, 24, 3, 39, 6, 10, 33, 5, 13, 41, 4, 2, 36, 8, 36]","[0, 0, 1, 0, 0, 0, 0, 0, 0, 0, 0, 0, 1, 0, 0, 0, 0, 1, 1, 1, 0, 1, 0, 0, 1, 0, 0]"
L2_arctic_WAV/SVBI_arctic_a0092,"[24, 25, 39, 5, 30, 36, 17, 14, 11, 30, 6, 30, 29, 6, 17, 34, 36, 33, 25, 29, 34, 1, 35, 6, 7, 4, 2, 9, 41, 17, 31, 11, 40, 12, 38, 16, 31, 11, 10, 9, 8, 33, 40]","[24, 25, 39, 5, 30, 17, 14, 11, 30, 6, 30, 29, 6, 17, 34, 36, 33, 25, 29, 34, 2, 35, 6, 7, 4, 2, 9, 41, 17, 8, 34, 12, 22, 16, 8, 10, 9, 8, 33, 34]","[0, 0, 0, 0, 0, 1, 0, 0, 0, 0, 0, 0, 0, 0, 0, 0, 0, 0, 0, 0, 0, 1, 0, 0, 0, 0, 0, 0, 0, 0, 1, 1, 1, 0, 1, 0, 1, 1, 0, 0, 0, 0, 1]"
L2_arctic_WAV/SVBI_arctic_a0093,"[22, 1, 2, 22, 11, 28, 29, 6, 30, 2, 36, 24, 25, 27, 33, 14, 11, 35, 36, 2, 30, 17, 28, 6, 34, 2, 30, 17]","[22, 33, 2, 22, 11, 28, 29, 6, 30, 2, 36, 24, 25, 27, 33, 8, 35, 36, 2, 30, 28, 6, 40, 2, 30, 17]","[0, 1, 0, 0, 0, 0, 0, 0, 0, 0, 0, 0, 0, 0, 0, 1, 1, 0, 0, 0, 0, 1, 0, 0, 1, 0, 0, 0]"
L2_arctic_WAV/SVBI_arctic_a0094,"[24, 25, 24, 41, 17, 16, 5, 33, 28, 25, 5, 30, 36, 1, 17, 4, 6, 34, 24, 39, 5, 30, 24, 25, 34, 8, 4, 2, 23, 28, 31, 11, 12, 38, 2, 22, 14, 6, 1]","[24, 25, 24, 41, 16, 5, 33, 28, 25, 5, 30, 36, 1, 4, 6, 34, 24, 39, 5, 30, 24, 25, 34, 8, 4, 2, 23, 28, 8, 12, 22, 2, 22, 14, 6, 1]","[0, 0, 0, 0, 1, 0, 0, 0, 0, 0, 0, 0, 0, 0, 1, 0, 0, 0, 0, 0, 0, 0, 0, 0, 0, 0, 0, 0, 0, 0, 1, 1, 0, 1, 0, 0, 0, 0, 0]"
L2_arctic_WAV/SVBI_arctic_a0095,"[2, 16, 6, 23, 27, 41, 30, 38, 2, 34, 36, 5, 30, 36, 39, 12, 40, 4, 12, 22, 1, 34, 36, 10, 6, 7, 36, 37, 27, 12, 29, 39, 6, 10, 6, 30, 24, 6, 40, 38, 6, 13, 2, 30]","[2, 16, 6, 27, 27, 41, 30, 38, 2, 34, 36, 5, 30, 36, 39, 12, 40, 4, 12, 22, 2, 34, 10, 6, 7, 36, 37, 27, 12, 29, 39, 6, 10, 6, 30, 24, 6, 34, 38, 6, 13, 2, 30]","[0, 0, 0, 1, 0, 0, 0, 0, 0, 0, 0, 0, 0, 0, 0, 0, 0, 0, 0, 0, 1, 0, 1, 0, 0, 0, 0, 0, 0, 0, 0, 0, 0, 0, 0, 0, 0, 0, 1, 0, 0, 0, 0, 0]"
L2_arctic_WAV/SVBI_arctic_a0096,"[32, 1, 24, 41, 32, 34, 9, 25, 24, 41, 17, 8, 28, 33, 5, 17, 25, 29, 5, 36, 24, 1, 22, 19, 6, 36, 19, 6, 28, 6, 36, 2, 28, 17, 25, 32, 1, 6, 30, 4, 2, 22, 8, 33, 2, 34, 36]","[32, 1, 24, 41, 32, 9, 25, 24, 41, 17, 8, 28, 33, 5, 17, 25, 29, 5, 36, 24, 2, 33, 22, 5, 36, 2, 28, 6, 36, 2, 28, 17, 25, 32, 2, 33, 6, 30, 4, 2, 22, 8, 33, 2, 34, 36]","[0, 0, 0, 0, 0, 1, 0, 0, 0, 0, 0, 0, 0, 0, 0, 0, 0, 0, 0, 0, 0, 1, 1, 1, 1, 0, 1, 1, 0, 0, 0, 0, 0, 0, 0, 0, 1, 0, 0, 0, 0, 0, 0, 0, 0, 0, 0]"
L2_arctic_WAV/SVBI_arctic_a0097,"[4, 5, 30, 26, 37, 27, 2, 30, 1, 19, 6, 30, 18, 26, 1, 34, 5, 28, 22, 27, 12, 29, 22, 1, 36, 2, 16, 28, 25, 2, 29, 12, 7, 4, 25, 40, 33, 31, 11, 16, 40, 6, 30, 4, 12, 16, 31, 11]","[17, 5, 30, 26, 37, 27, 2, 30, 2, 33, 19, 6, 30, 18, 26, 2, 34, 5, 28, 22, 27, 12, 29, 22, 2, 36, 2, 16, 28, 25, 2, 29, 12, 7, 4, 25, 34, 33, 8, 32, 34, 6, 30, 4, 12, 16, 31, 11]","[1, 0, 0, 0, 0, 0, 0, 0, 1, 0, 0, 0, 0, 0, 1, 0, 0, 0, 0, 0, 0, 0, 0, 1, 0, 0, 0, 0, 0, 0, 0, 0, 0, 0, 0, 1, 0, 1, 1, 1, 1, 0, 0, 0, 0, 0, 0, 0]"
L2_arctic_WAV/SVBI_arctic_a0098,"[9, 41, 28, 14, 6, 27, 41, 33, 25, 26, 37]","[9, 41, 28, 14, 6, 27, 41, 33, 25, 26, 37]","[0, 0, 0, 0, 0, 0, 0, 0, 0, 0, 0]"
L2_arctic_WAV/SVBI_arctic_a0099,"[2, 29, 41, 17, 2, 30, 6, 7, 18, 8, 6, 32, 14, 11, 30, 17, 6, 17, 6, 30, 24, 6, 40, 16, 33, 19, 6, 30]","[2, 29, 41, 33, 2, 30, 6, 7, 13, 8, 6, 32, 8, 30, 17, 6, 17, 6, 30, 24, 6, 40, 16, 33, 5, 30]","[0, 0, 0, 1, 0, 0, 0, 0, 1, 0, 0, 0, 1, 1, 0, 0, 0, 0, 0, 0, 0, 0, 0, 0, 0, 1, 1, 0]"
L2_arctic_WAV/SVBI_arctic_a0100,"[26, 37, 29, 12, 34, 36, 34, 28, 25, 32, 24, 25, 1, 18, 17]","[26, 37, 29, 12, 34, 34, 28, 25, 32, 24, 25, 2, 13, 17]","[0, 0, 0, 0, 0, 1, 0, 0, 0, 0, 0, 0, 1, 1, 0]"
L2_arctic_WAV/SVBI_arctic_a0101,"[26, 37, 26, 37, 39, 11, 17, 30, 3, 36, 27, 25, 32, 4, 2, 36, 33, 37, 10, 22, 1, 29, 29, 25]","[26, 37, 26, 37, 11, 17, 30, 3, 36, 27, 25, 16, 4, 2, 36, 33, 37, 36, 22, 33, 12, 29, 29, 25]","[0, 0, 0, 0, 1, 0, 0, 0, 0, 0, 0, 0, 1, 0, 0, 0, 0, 0, 1, 0, 1, 0, 0, 0]"
L2_arctic_WAV/SVBI_arctic_a0102,"[24, 25, 39, 6, 28, 22, 3, 28, 31, 11, 12, 34, 34, 37, 30]","[24, 25, 38, 6, 28, 22, 3, 28, 8, 12, 34, 34, 37, 30]","[0, 0, 1, 0, 0, 0, 0, 0, 1, 1, 0, 0, 0, 0, 0]"
L2_arctic_WAV/SVBI_arctic_a0103,"[16, 12, 36, 4, 5, 33, 27, 19, 6, 29, 30, 31, 11, 32, 33, 3, 29, 2, 34, 22, 33, 12, 29, 4, 12, 16, 31, 11, 12, 38, 4, 2, 27, 2, 30, 37]","[16, 12, 36, 4, 5, 33, 27, 5, 29, 30, 8, 32, 33, 3, 29, 2, 34, 22, 33, 12, 29, 4, 12, 16, 8, 12, 22, 4, 2, 27, 41, 30, 37]","[0, 0, 0, 0, 0, 0, 0, 1, 1, 0, 0, 1, 1, 0, 0, 0, 0, 0, 0, 0, 0, 0, 0, 0, 0, 0, 1, 1, 0, 1, 0, 0, 0, 1, 0, 0]"
L2_arctic_WAV/SVBI_arctic_a0104,"[9, 25, 39, 2, 40, 34, 28, 25, 32, 6, 7, 12, 30, 17, 1, 24, 6, 40, 32, 1, 36, 5, 27, 9, 2, 30, 41, 40, 34, 39, 25, 36, 28, 25, 5, 40, 2, 35, 14, 6, 28, 17]","[9, 6, 39, 2, 34, 34, 28, 25, 32, 6, 7, 12, 30, 17, 2, 24, 6, 34, 32, 33, 2, 36, 5, 27, 9, 2, 30, 41, 34, 34, 39, 25, 36, 28, 25, 5, 40, 2, 35, 5, 28, 17]","[0, 1, 0, 0, 1, 0, 0, 0, 0, 0, 0, 0, 0, 0, 1, 0, 0, 1, 0, 1, 0, 0, 0, 0, 0, 0, 0, 1, 0, 0, 0, 0, 0, 0, 0, 0, 0, 0, 1, 1, 0, 0]"
L2_arctic_WAV/SVBI_arctic_a0105,"[31, 11, 30, 28, 25, 6, 36, 6, 40, 34, 31, 11, 39, 12, 30, 17, 1, 22, 2, 28, 34, 31, 11, 8, 28, 29, 31, 11, 34, 36, 6, 29, 32, 3, 34, 2, 16, 2, 28, 36, 37, 16, 6, 28, 25, 38]","[8, 30, 28, 25, 6, 36, 6, 34, 34, 8, 39, 12, 30, 17, 1, 22, 2, 28, 34, 8, 8, 28, 29, 8, 34, 36, 6, 29, 32, 3, 34, 2, 16, 2, 28, 36, 37, 16, 6, 28, 25, 38]","[1, 1, 0, 0, 0, 0, 0, 0, 1, 0, 1, 1, 0, 0, 0, 0, 0, 0, 0, 0, 0, 1, 1, 0, 0, 0, 1, 1, 0, 0, 0, 0, 0, 0, 0, 0, 0, 0, 0, 0, 0, 0, 0, 0, 0, 0]"
L2_arctic_WAV/SVBI_arctic_a0106,"[4, 2, 6, 29, 31, 11, 9, 2, 30, 39, 6, 35, 9, 25, 24, 41, 17, 34, 2, 32, 33, 5, 34, 36, 16, 1, 34, 36, 22, 8, 33, 10, 30, 14, 11, 6, 30, 2, 35, 31, 11, 27, 6, 7, 34, 3, 16]","[17, 2, 6, 29, 8, 9, 2, 30, 39, 6, 35, 9, 25, 24, 41, 17, 34, 2, 32, 33, 5, 34, 36, 16, 2, 34, 36, 22, 8, 33, 21, 30, 14, 11, 6, 30, 2, 35, 8, 27, 6, 7, 27, 34, 3, 16]","[1, 0, 0, 0, 1, 1, 0, 0, 0, 0, 0, 0, 0, 0, 0, 0, 0, 0, 0, 0, 0, 0, 0, 0, 0, 1, 0, 0, 0, 0, 0, 1, 0, 0, 0, 0, 0, 0, 0, 1, 1, 0, 0, 0, 0, 0, 0]"
L2_arctic_WAV/SVBI_arctic_a0107,"[6, 22, 26, 37, 31, 11, 30, 28, 25, 27, 11, 17, 30, 31, 11, 24, 14, 11, 14, 6, 10, 41, 7, 27, 26, 37]","[6, 22, 26, 37, 27, 8, 30, 28, 25, 27, 11, 17, 30, 8, 24, 14, 11, 14, 6, 10, 41, 7, 27, 26, 37]","[0, 0, 0, 0, 1, 1, 0, 0, 0, 0, 0, 0, 0, 1, 1, 0, 0, 0, 0, 0, 0, 0, 0, 0, 0, 0]"
L2_arctic_WAV/SVBI_arctic_a0108,"[24, 25, 39, 19, 6, 17, 6, 17, 6, 30, 36, 37, 4, 2, 5, 18, 2, 38, 4, 12, 39, 8, 36, 1, 41, 30, 17, 16, 6, 23, 41, 30, 34, 27, 33, 12, 16, 6, 7, 24, 6, 29, 34, 5, 28, 22]","[24, 25, 39, 5, 17, 6, 17, 6, 30, 36, 37, 4, 2, 5, 18, 2, 22, 4, 12, 39, 8, 36, 1, 41, 30, 16, 6, 23, 41, 30, 34, 27, 33, 12, 16, 6, 7, 24, 6, 29, 34, 5, 28, 22]","[0, 0, 0, 1, 1, 0, 0, 0, 0, 0, 0, 0, 0, 0, 0, 0, 0, 1, 0, 0, 0, 0, 0, 0, 0, 0, 1, 0, 0, 0, 0, 0, 0, 0, 0, 0, 0, 0, 0, 0, 0, 0, 0, 0, 0, 0]"
L2_arctic_WAV/SVBI_arctic_a0109,"[17, 37, 26, 37, 30, 31, 11, 4, 41, 36, 26, 37, 1, 9, 19, 6, 27, 6, 7, 29, 14, 6, 27, 3, 30, 22, 2, 17, 2, 30, 34, 6, 30, 26, 37]","[17, 37, 26, 37, 30, 8, 4, 41, 36, 26, 37, 2, 33, 9, 5, 27, 6, 7, 29, 14, 6, 27, 3, 30, 22, 2, 17, 2, 30, 34, 6, 30, 26, 37]","[0, 0, 0, 0, 0, 1, 1, 0, 0, 0, 0, 0, 1, 1, 1, 1, 0, 0, 0, 0, 0, 0, 0, 0, 0, 0, 0, 0, 0, 0, 0, 0, 0, 0, 0]"
L2_arctic_WAV/SVBI_arctic_a0111,"[6, 30, 34, 36, 5, 17, 24, 25, 18, 8, 6, 30, 17, 24, 1, 41, 30, 17, 4, 19, 6, 19, 6, 36, 28, 14, 6, 27, 36, 37, 24, 12, 7, 23, 33, 25, 35, 6, 28, 17, 33, 2, 30]","[6, 30, 34, 36, 5, 17, 24, 25, 18, 8, 6, 30, 17, 24, 1, 41, 30, 4, 5, 5, 36, 28, 14, 6, 27, 36, 37, 24, 12, 7, 23, 33, 25, 35, 6, 28, 17, 33, 2, 30]","[0, 0, 0, 0, 0, 0, 0, 0, 0, 0, 0, 0, 0, 0, 0, 0, 0, 1, 0, 1, 1, 1, 1, 0, 0, 0, 0, 0, 0, 0, 0, 0, 0, 0, 0, 0, 0, 0, 0, 0, 0, 0, 0]"
L2_arctic_WAV/SVBI_arctic_a0112,"[24, 25, 39, 2, 40, 39, 37, 30, 17, 2, 17, 6, 30, 4, 12, 3, 33, 29]","[24, 25, 39, 2, 34, 39, 37, 30, 17, 2, 17, 6, 30, 4, 12, 3, 29]","[0, 0, 0, 0, 1, 0, 0, 0, 0, 0, 0, 0, 0, 0, 0, 0, 1, 0]"
L2_arctic_WAV/SVBI_arctic_a0113,"[14, 6, 34, 2, 32, 31, 11, 40, 26, 37, 32, 6, 27, 36, 4, 2, 36, 28, 6, 7, 23, 31, 11, 12, 32, 2, 29, 12, 7, 4, 2, 6, 30, 17, 25, 2, 30, 40]","[3, 34, 2, 32, 8, 34, 26, 37, 32, 6, 23, 4, 2, 36, 28, 6, 7, 23, 8, 12, 32, 2, 29, 12, 7, 4, 2, 6, 30, 17, 25, 2, 30, 34]","[1, 1, 0, 0, 0, 1, 1, 1, 0, 0, 0, 0, 1, 1, 0, 0, 0, 0, 0, 0, 0, 1, 1, 0, 0, 0, 0, 0, 0, 0, 0, 0, 0, 0, 0, 0, 0, 1]"
L2_arctic_WAV/SVBI_arctic_a0115,"[24, 25, 24, 41, 17, 30, 31, 11, 6, 27, 34, 27, 26, 37, 40, 22, 1, 4, 2, 22, 25, 28, 6, 7, 40, 39, 6, 35, 39, 1, 1, 14, 11, 40, 17, 6, 30, 24, 6, 29]","[24, 25, 24, 41, 17, 30, 8, 6, 27, 34, 27, 26, 37, 34, 22, 2, 17, 2, 22, 25, 28, 6, 7, 34, 39, 6, 35, 39, 2, 33, 1, 8, 34, 36, 6, 30, 24, 6, 29]","[0, 0, 0, 0, 0, 0, 1, 1, 0, 0, 0, 0, 0, 0, 1, 0, 1, 1, 0, 0, 0, 0, 0, 0, 1, 0, 0, 0, 0, 1, 1, 1, 1, 1, 1, 0, 0, 0, 0, 0]"
L2_arctic_WAV/SVBI_arctic_a0116,"[39, 12, 40, 6, 36, 4, 12, 33, 3, 30, 17, 6, 38, 37, 12, 38, 4, 31, 11, 40, 24, 37, 39, 1, 34, 36, 33, 14, 6, 38, 6, 7, 36, 37, 39, 1, 27, 24, 6, 40, 33, 37, 6, 30]","[39, 12, 40, 6, 4, 12, 33, 3, 30, 17, 6, 38, 37, 12, 22, 4, 8, 34, 24, 37, 39, 2, 33, 34, 36, 33, 14, 6, 38, 6, 7, 36, 37, 39, 2, 27, 24, 6, 40, 33, 37, 6, 30]","[0, 0, 0, 0, 1, 0, 0, 0, 0, 0, 0, 0, 0, 0, 0, 1, 0, 1, 1, 1, 0, 0, 0, 1, 0, 0, 0, 0, 0, 0, 0, 0, 0, 0, 0, 1, 0, 0, 0, 0, 0, 0, 0, 0]"
L2_arctic_WAV/SVBI_arctic_a0117,"[9, 25, 41, 17, 6, 17, 39, 6, 4, 18, 5, 30, 26, 2, 39, 2, 30, 34, 6, 29, 32, 2, 10, 25, 6, 30, 24, 1, 22, 19, 6, 34, 2, 30, 17, 38, 8, 6, 34]","[9, 25, 41, 17, 6, 17, 39, 6, 4, 18, 5, 30, 26, 2, 2, 30, 34, 6, 29, 32, 2, 10, 25, 6, 30, 24, 1, 22, 5, 34, 2, 30, 39, 8, 6, 34]","[0, 0, 0, 0, 0, 0, 0, 0, 0, 0, 0, 0, 0, 0, 1, 0, 0, 0, 0, 0, 0, 0, 0, 0, 0, 0, 0, 0, 0, 1, 1, 0, 0, 0, 1, 1, 0, 0, 0]"
L2_arctic_WAV/SVBI_arctic_a0120,"[29, 14, 6, 33, 14, 6, 36, 22, 11, 36, 22, 25, 28, 40, 28, 14, 6, 27, 4, 2, 36, 12, 38, 19, 6, 35, 14, 6, 30, 25, 40, 17, 5, 16, 26, 2, 36, 3, 30, 36]","[29, 14, 6, 33, 14, 6, 36, 22, 11, 36, 22, 25, 28, 34, 28, 14, 6, 4, 2, 36, 12, 22, 5, 35, 14, 6, 30, 25, 34, 17, 5, 16, 11, 36, 3, 30, 36]","[0, 0, 0, 0, 0, 0, 0, 0, 0, 0, 0, 0, 0, 1, 0, 0, 0, 1, 0, 0, 0, 0, 1, 1, 1, 0, 0, 0, 0, 0, 1, 0, 0, 0, 1, 1, 0, 0, 0, 0]"
L2_arctic_WAV/SVBI_arctic_a0121,"[4, 19, 6, 19, 6, 36, 17, 6, 30, 1, 41, 36, 4, 2, 22, 6, 22, 10, 41, 30, 17, 33, 5, 34, 36, 2, 17, 22, 8, 33, 36, 37, 14, 11, 1, 40]","[4, 5, 5, 36, 17, 6, 30, 2, 33, 41, 4, 2, 22, 6, 22, 10, 41, 30, 33, 5, 34, 36, 2, 17, 22, 8, 33, 36, 37, 3, 1, 34]","[0, 1, 1, 1, 1, 0, 0, 0, 0, 1, 1, 1, 0, 0, 0, 0, 0, 0, 0, 0, 1, 0, 0, 0, 0, 0, 0, 0, 0, 0, 0, 0, 1, 1, 0, 1]"
L2_arctic_WAV/SVBI_arctic_a0122,"[36, 37, 26, 6, 33, 40, 2, 23, 31, 11, 14, 6, 23, 19, 6, 38, 12, 32, 34, 6, 38, 2, 28, 6, 40, 19, 6, 9, 2, 30, 22, 1, 4, 6, 34]","[36, 37, 26, 6, 33, 34, 2, 23, 8, 14, 6, 23, 5, 38, 12, 32, 34, 6, 38, 2, 28, 6, 40, 19, 6, 9, 2, 30, 22, 2, 33, 4, 6, 34]","[0, 0, 0, 0, 0, 1, 0, 0, 1, 1, 0, 0, 0, 1, 1, 0, 0, 0, 0, 0, 0, 0, 0, 0, 0, 0, 0, 0, 0, 0, 0, 1, 0, 0, 0]"
L2_arctic_WAV/SVBI_arctic_a0123,"[9, 25, 24, 41, 17, 17, 14, 6, 17, 22, 33, 12, 29, 27, 31, 11, 28, 17, 41, 30, 17, 34, 36, 3, 33, 38, 19, 6, 9, 2, 30]","[9, 25, 24, 41, 17, 14, 6, 22, 33, 12, 29, 27, 8, 28, 17, 41, 30, 17, 34, 36, 3, 33, 38, 5, 9, 2, 30]","[0, 0, 0, 0, 1, 0, 0, 0, 1, 0, 0, 0, 0, 0, 1, 1, 0, 0, 0, 0, 0, 0, 0, 0, 0, 0, 1, 1, 0, 0, 0]"
L2_arctic_WAV/SVBI_arctic_a0125,"[24, 25, 39, 2, 40, 17, 6, 36, 1, 29, 2, 30, 17, 30, 14, 11, 36, 37, 29, 19, 6, 30, 36, 19, 6, 30, 19, 6, 29, 8, 33, 34, 1, 36, 2, 30, 24, 31, 11, 28, 17, 2, 32, 3, 30, 24, 6, 29, 34, 5, 28, 22]","[24, 25, 38, 2, 40, 17, 6, 36, 1, 29, 14, 6, 30, 30, 14, 11, 36, 37, 29, 5, 30, 36, 5, 30, 5, 29, 8, 33, 34, 1, 36, 2, 30, 24, 8, 28, 17, 2, 32, 3, 30, 24, 6, 29, 34, 5, 28, 22]","[0, 0, 1, 0, 0, 0, 0, 0, 0, 0, 1, 1, 1, 0, 0, 0, 0, 0, 0, 1, 1, 0, 0, 1, 1, 0, 1, 1, 0, 0, 0, 0, 0, 0, 0, 0, 0, 1, 1, 0, 0, 0, 0, 0, 0, 0, 0, 0, 0, 0, 0, 0]"
L2_arctic_WAV/SVBI_arctic_a0126,"[25, 35, 17, 19, 6, 9, 25, 16, 6, 27, 19, 6, 29, 2, 29, 8, 33, 38, 14, 6, 36, 2, 28, 32, 3, 33, 36, 12, 38, 24, 6, 29]","[25, 35, 36, 5, 9, 25, 16, 6, 27, 5, 29, 2, 29, 8, 33, 39, 14, 6, 36, 2, 28, 32, 3, 33, 36, 12, 22, 24, 6, 29]","[0, 0, 1, 1, 1, 0, 0, 0, 0, 0, 1, 1, 0, 0, 0, 0, 0, 1, 0, 0, 0, 0, 0, 0, 0, 0, 0, 0, 1, 0, 0, 0]"
L2_arctic_WAV/SVBI_arctic_a0127,"[6, 36, 39, 2, 40, 2, 36, 5, 29, 36, 19, 6, 9, 2, 30, 16, 12, 36, 24, 25, 33, 6, 40, 6, 34, 36, 6, 17, 6, 36]","[6, 36, 38, 2, 40, 2, 36, 5, 29, 36, 5, 9, 2, 30, 16, 12, 36, 24, 25, 33, 6, 34, 6, 34, 36, 6, 17, 6, 36]","[0, 0, 1, 0, 0, 0, 0, 0, 0, 0, 1, 1, 0, 0, 0, 0, 0, 0, 0, 0, 0, 0, 1, 0, 0, 0, 0, 0, 0, 0]"
L2_arctic_WAV/SVBI_arctic_a0128,"[4, 6, 34, 39, 12, 30, 24, 31, 11, 32, 39, 8, 40, 17, 6, 34, 36, 33, 8, 6, 17, 41, 40, 27, 39, 6, 27, 28, 25, 41, 40, 6, 36, 39, 2, 40, 16, 8, 33, 30]","[4, 6, 34, 39, 12, 30, 24, 8, 32, 39, 8, 34, 17, 6, 34, 36, 33, 8, 6, 17, 41, 34, 27, 39, 6, 27, 28, 25, 41, 40, 6, 36, 39, 2, 40, 16, 8, 30]","[0, 0, 0, 0, 0, 0, 0, 1, 1, 0, 0, 0, 1, 0, 0, 0, 0, 0, 0, 0, 0, 0, 1, 0, 0, 0, 0, 0, 0, 0, 0, 0, 0, 0, 0, 0, 0, 0, 1, 0]"
L2_arctic_WAV/SVBI_arctic_a0129,"[24, 1, 22, 19, 6, 34, 39, 8, 40, 2, 23, 5, 30, 34, 36, 24, 6, 40, 16, 33, 5, 34, 36]","[24, 1, 33, 22, 5, 34, 39, 8, 34, 2, 23, 5, 30, 34, 24, 6, 40, 16, 33, 5, 34, 36]","[0, 0, 1, 1, 1, 0, 0, 0, 1, 0, 0, 0, 0, 0, 1, 0, 0, 0, 0, 0, 0, 0, 0]"
L2_arctic_WAV/SVBI_arctic_a0130,"[9, 25, 39, 2, 40, 24, 6, 40, 30, 14, 11, 22, 1, 5, 38, 1]","[9, 25, 39, 2, 34, 24, 6, 34, 30, 14, 11, 22, 2, 33, 5, 38, 1]","[0, 0, 0, 0, 1, 0, 0, 1, 0, 0, 0, 0, 1, 0, 0, 0]"
L2_arctic_WAV/SVBI_arctic_a0131,"[32, 33, 3, 38, 2, 17, 2, 30, 34, 24, 41, 17, 17, 6, 28, 6, 38, 1, 17, 24, 6, 29, 10, 33, 37, 4, 2, 29, 19, 6, 28, 34, 36, 33, 2, 29]","[32, 3, 38, 2, 33, 2, 30, 34, 24, 41, 17, 6, 28, 6, 38, 1, 17, 24, 6, 29, 10, 33, 37, 4, 2, 29, 5, 28, 34, 36, 33, 2, 29]","[0, 1, 0, 0, 0, 1, 0, 0, 0, 0, 0, 1, 0, 0, 0, 0, 0, 0, 0, 0, 0, 0, 0, 0, 0, 0, 0, 0, 1, 1, 0, 0, 0, 0, 0, 0]"
L2_arctic_WAV/SVBI_arctic_a0134,"[24, 25, 31, 11, 16, 19, 6, 17, 4, 2, 32, 33, 5, 9, 1, 12, 38, 24, 1, 24, 41, 30, 17]","[24, 25, 8, 16, 5, 4, 2, 32, 33, 5, 13, 2, 33, 12, 22, 24, 2, 33, 24, 41, 30]","[0, 0, 1, 1, 0, 1, 1, 1, 0, 0, 0, 0, 0, 1, 1, 0, 1, 0, 1, 0, 0, 0, 1]"
L2_arctic_WAV/SVBI_arctic_a0136,"[2, 16, 14, 11, 36, 24, 6, 29, 5, 38, 33, 25, 39, 5, 33, 39, 1, 4, 2, 5, 38, 2, 17, 2, 30, 34, 2, 40, 12, 38, 28, 12, 23, 13, 1, 25, 2, 30, 17, 12, 38, 19, 6, 18]","[2, 16, 14, 11, 36, 24, 6, 29, 5, 38, 33, 25, 38, 5, 33, 38, 2, 4, 2, 5, 21, 2, 33, 2, 30, 34, 2, 34, 12, 22, 28, 12, 23, 13, 1, 25, 2, 30, 17, 12, 22, 5, 18]","[0, 0, 0, 0, 0, 0, 0, 0, 0, 0, 0, 0, 1, 0, 0, 1, 1, 0, 0, 0, 1, 0, 1, 0, 0, 0, 0, 1, 0, 1, 0, 0, 0, 0, 0, 0, 0, 0, 0, 0, 1, 1, 1, 0]"
L2_arctic_WAV/SVBI_arctic_a0137,"[4, 5, 30, 24, 25, 34, 36, 5, 32, 36, 16, 41, 27, 39, 6, 10, 2, 28, 31, 11, 27, 33, 14, 6, 2, 38, 32, 28, 5, 13, 1]","[4, 5, 30, 24, 25, 34, 36, 5, 16, 16, 41, 27, 39, 6, 10, 2, 28, 8, 27, 33, 14, 6, 2, 22, 32, 28, 5, 13, 2, 33]","[0, 0, 0, 0, 0, 0, 0, 0, 1, 1, 0, 0, 0, 0, 0, 0, 0, 0, 1, 1, 0, 0, 0, 0, 0, 1, 0, 0, 0, 0, 1]"
L2_arctic_WAV/SVBI_arctic_a0139,"[24, 25, 36, 31, 11, 28, 17, 24, 6, 29, 34, 5, 28, 22, 4, 2, 36, 41, 40, 24, 25, 39, 3, 9, 36, 24, 6, 29, 34, 5, 28, 22, 2, 30, 17, 23, 33, 37, 29, 17, 24, 6, 40, 17, 6, 9, 5, 38, 2, 28, 17, 27, 28, 31, 11, 4, 40]","[24, 25, 36, 8, 28, 33, 6, 29, 34, 5, 28, 22, 4, 2, 36, 41, 34, 24, 25, 39, 3, 9, 36, 24, 6, 29, 34, 5, 28, 22, 2, 30, 23, 33, 37, 29, 17, 24, 6, 40, 17, 6, 9, 24, 5, 38, 2, 28, 27, 28, 8, 10, 34]","[0, 0, 0, 1, 1, 0, 1, 1, 0, 0, 0, 0, 0, 0, 0, 0, 0, 0, 1, 0, 0, 0, 0, 0, 0, 0, 0, 0, 0, 0, 0, 0, 0, 0, 1, 0, 0, 0, 0, 0, 0, 0, 0, 0, 0, 0, 0, 0, 0, 0, 1, 0, 0, 1, 1, 1, 1]"
L2_arctic_WAV/SVBI_arctic_a0144,"[16, 12, 36, 4, 5, 33, 39, 12, 40, 34, 12, 29, 10, 6, 7, 25, 38, 6, 30, 29, 8, 33, 34, 36, 3, 33, 36, 28, 6, 7, 4, 41, 30, 4, 6, 34, 33, 6, 40, 5, 29, 16, 28, 2, 30, 34]","[16, 12, 36, 4, 5, 33, 39, 12, 40, 34, 12, 29, 10, 6, 7, 25, 38, 6, 30, 29, 8, 33, 34, 3, 33, 36, 28, 6, 7, 4, 41, 30, 4, 6, 34, 33, 6, 40, 5, 29, 16, 28, 2, 30, 34]","[0, 0, 0, 0, 0, 0, 0, 0, 0, 0, 0, 0, 0, 0, 0, 0, 0, 0, 0, 0, 0, 0, 0, 1, 0, 0, 0, 0, 0, 0, 0, 0, 0, 0, 0, 0, 0, 0, 0, 0, 0, 0, 0, 0, 0, 0]"
L2_arctic_WAV/SVBI_arctic_a0159,"[4, 19, 6, 28, 11, 27, 41, 40, 4, 31, 11, 24, 25, 24, 41, 17, 16, 6, 30, 17, 33, 12, 29, 6, 7, 19, 6, 32, 25, 41, 30, 2, 8, 28, 24, 6, 40, 28, 14, 6, 22]","[4, 19, 6, 28, 11, 27, 41, 40, 10, 31, 11, 24, 25, 24, 41, 17, 16, 6, 30, 17, 33, 12, 29, 6, 7, 19, 6, 32, 25, 41, 30, 2, 8, 28, 24, 6, 34, 28, 14, 6, 22]","[0, 0, 0, 0, 0, 0, 0, 0, 1, 0, 0, 0, 0, 0, 0, 0, 0, 0, 0, 0, 0, 0, 0, 0, 0, 0, 0, 0, 0, 0, 0, 0, 0, 0, 0, 0, 1, 0, 0, 0, 0]"
L2_arctic_WAV/SVBI_arctic_a0168,"[28, 31, 11, 16, 11, 9, 39, 6, 32, 36, 24, 6, 29, 6, 30, 4, 2, 22, 19, 6, 34, 41, 30, 17, 28, 5, 22, 36, 30, 31, 11, 34, 36, 6, 7]","[28, 31, 11, 16, 11, 9, 39, 2, 32, 36, 24, 6, 29, 6, 30, 4, 2, 22, 5, 34, 41, 30, 17, 28, 5, 22, 30, 31, 11, 34, 36, 6, 7, 27]","[0, 0, 0, 0, 0, 0, 0, 1, 0, 0, 0, 0, 0, 0, 0, 0, 0, 0, 1, 1, 0, 0, 0, 0, 0, 0, 0, 1, 0, 0, 0, 0, 0, 0, 0]"
L2_arctic_WAV/SVBI_arctic_a0178,"[5, 38, 33, 25, 16, 31, 11, 30, 6, 30, 24, 1, 19, 6, 18, 17, 16, 3, 17, 25, 34, 25, 29, 17, 16, 33, 31, 11, 27, 2, 30, 1, 17, 6, 34, 28, 31, 11, 27, 19, 6, 36, 6, 17]","[5, 38, 33, 25, 16, 31, 11, 39, 30, 6, 30, 24, 33, 19, 6, 35, 16, 8, 17, 25, 34, 25, 29, 17, 16, 33, 31, 11, 27, 2, 30, 1, 17, 6, 34, 28, 31, 11, 27, 19, 6, 36, 6, 17]","[0, 0, 0, 0, 0, 0, 0, 0, 0, 0, 0, 1, 0, 0, 1, 1, 0, 1, 0, 0, 0, 0, 0, 0, 0, 0, 0, 0, 0, 0, 0, 0, 0, 0, 0, 0, 0, 0, 0, 0, 0, 0, 0, 0]"
L2_arctic_WAV/SVBI_arctic_a0188,"[36, 37, 18, 14, 6, 23, 41, 30, 36, 6, 27, 14, 11, 28, 40, 39, 1, 36, 5, 33, 6, 7, 41, 36, 4, 2, 27, 3, 33, 27, 2, 34]","[36, 37, 13, 14, 6, 23, 41, 30, 36, 6, 27, 8, 28, 40, 39, 1, 36, 5, 33, 6, 7, 41, 36, 4, 2, 27, 3, 33, 27, 3, 34]","[0, 0, 1, 0, 0, 0, 0, 0, 0, 0, 0, 1, 1, 0, 0, 0, 0, 0, 0, 0, 0, 0, 0, 0, 0, 0, 0, 0, 0, 0, 1, 0]"
L2_arctic_WAV/SVBI_arctic_a0191,"[22, 1, 2, 36, 14, 6, 29, 4, 2, 6, 27, 34, 14, 6, 36, 6, 7, 10, 33, 6, 28, 12, 38, 24, 6, 40, 2, 17, 38, 5, 30, 35, 1, 39, 8, 40, 23, 8, 30]","[22, 33, 2, 36, 14, 6, 29, 4, 2, 6, 27, 40, 14, 6, 36, 6, 7, 10, 33, 6, 28, 12, 22, 24, 6, 40, 2, 17, 38, 5, 30, 35, 1, 39, 8, 40, 23, 8, 30]","[0, 1, 0, 0, 0, 0, 0, 0, 0, 0, 0, 1, 0, 0, 0, 0, 0, 0, 0, 0, 0, 0, 1, 0, 0, 0, 0, 0, 0, 0, 0, 0, 0, 0, 0, 0, 0, 0, 0]"
L2_arctic_WAV/SVBI_arctic_a0199,"[4, 12, 34, 24, 41, 17, 4, 12, 33, 3, 39, 6, 28, 17, 1, 30, 2, 34, 32, 33, 25, 32, 5, 33, 17, 24, 6, 29, 22, 33, 1, 4, 6, 34, 17, 19, 6]","[4, 12, 34, 24, 41, 17, 4, 12, 33, 3, 39, 6, 28, 2, 30, 2, 34, 32, 33, 25, 32, 5, 33, 17, 24, 6, 29, 22, 33, 1, 17, 4, 6, 34, 17, 19, 6]","[0, 0, 0, 0, 0, 0, 0, 0, 0, 0, 0, 0, 0, 1, 1, 0, 0, 0, 0, 0, 0, 0, 0, 0, 0, 0, 0, 0, 0, 0, 0, 0, 0, 0, 0, 0, 0]"
L2_arctic_WAV/SVBI_arctic_a0208,"[26, 37, 10, 24, 41, 17, 27, 12, 29, 16, 41, 27, 36, 37, 24, 1, 22, 33, 25, 17, 22, 33, 12, 29, 4, 2, 26, 31, 11, 27, 12, 38, 2, 32, 33, 5, 9, 2, 30]","[26, 37, 36, 24, 41, 17, 27, 12, 29, 16, 41, 27, 36, 37, 24, 33, 22, 33, 25, 17, 22, 33, 12, 29, 4, 2, 26, 31, 11, 27, 12, 22, 2, 32, 33, 5, 9, 2, 30]","[0, 0, 1, 0, 0, 0, 0, 0, 0, 0, 0, 0, 0, 0, 0, 1, 0, 0, 0, 0, 0, 0, 0, 0, 0, 0, 0, 0, 0, 0, 0, 1, 0, 0, 0, 0, 0, 0, 0]"
L2_arctic_WAV/SVBI_arctic_a0214,"[16, 25, 34, 14, 6, 17, 40, 24, 25, 39, 2, 40, 32, 19, 6, 17, 39, 12, 30, 27, 19, 6, 34, 2, 38, 36, 2, 16, 41, 27, 31, 11, 32, 1, 24, 5, 17]","[16, 25, 34, 14, 6, 17, 40, 24, 25, 39, 2, 34, 32, 19, 6, 17, 39, 12, 30, 27, 5, 34, 2, 38, 36, 31, 11, 16, 41, 27, 31, 11, 32, 1, 24, 5, 17]","[0, 0, 0, 0, 0, 0, 0, 0, 0, 0, 0, 1, 0, 0, 0, 0, 0, 0, 0, 0, 1, 1, 0, 0, 0, 0, 1, 0, 0, 0, 0, 0, 0, 0, 0, 0, 0]"
L2_arctic_WAV/SVBI_arctic_a0246,"[26, 37, 24, 41, 38, 24, 1, 17, 8, 28, 39, 19, 6, 40, 24, 14, 11, 24, 25, 39, 12, 40, 4, 2, 28, 12, 38, 1, 12, 38, 4, 2, 32, 33, 6, 30, 34, 5, 34, 30, 19, 6, 31, 11, 29, 25]","[26, 37, 24, 41, 38, 24, 1, 17, 8, 28, 39, 19, 6, 34, 24, 14, 11, 24, 25, 39, 12, 40, 4, 2, 28, 12, 38, 1, 12, 38, 4, 2, 32, 33, 6, 30, 34, 5, 34, 30, 2, 31, 11, 29, 25]","[0, 0, 0, 0, 0, 0, 0, 0, 0, 0, 0, 0, 0, 1, 0, 0, 0, 0, 0, 0, 0, 0, 0, 0, 0, 0, 0, 0, 0, 0, 0, 0, 0, 0, 0, 0, 0, 0, 0, 0, 1, 1, 0, 0, 0, 0]"
L2_arctic_WAV/SVBI_arctic_a0255,"[26, 37, 39, 31, 11, 30, 36, 17, 14, 6, 2, 38, 29, 41, 28, 30, 37, 36, 33, 6, 9, 2, 30, 16, 25, 9, 11, 33, 12, 38, 4, 41, 36]","[26, 37, 39, 31, 11, 30, 17, 14, 6, 2, 38, 29, 8, 28, 26, 37, 36, 33, 6, 9, 2, 30, 16, 25, 9, 37, 33, 12, 22, 4, 41, 36]","[0, 0, 0, 0, 0, 0, 1, 0, 0, 0, 0, 0, 0, 1, 0, 1, 0, 0, 0, 0, 0, 0, 0, 0, 0, 0, 1, 0, 0, 1, 0, 0, 0]"
L2_arctic_WAV/SVBI_arctic_a0266,"[4, 19, 6, 24, 41, 30, 17, 2, 28, 17, 36, 37, 29, 5, 30, 8, 28, 33, 5, 17, 25, 16, 31, 11, 10, 23, 33, 12, 16, 10, 25, 38, 40]","[4, 19, 6, 24, 41, 30, 17, 2, 28, 36, 37, 29, 5, 30, 8, 28, 33, 17, 25, 16, 31, 11, 36, 23, 33, 12, 16, 10, 25, 38, 34]","[0, 0, 0, 0, 0, 0, 0, 0, 0, 1, 0, 0, 0, 0, 0, 0, 0, 0, 1, 0, 0, 0, 0, 0, 1, 0, 0, 0, 0, 0, 0, 0, 1]"
L2_arctic_WAV/SVBI_arctic_a0269,"[4, 41, 36, 34, 39, 5, 33, 4, 19, 6, 27, 12, 36, 8, 22, 4, 12, 34, 27, 3, 36, 6, 9, 35, 25, 22, 34, 41, 30, 17, 27, 6, 28, 17, 8, 28, 24, 41, 30, 17, 40]","[4, 41, 36, 34, 39, 5, 33, 4, 2, 27, 12, 36, 8, 22, 4, 12, 34, 27, 8, 36, 6, 9, 35, 25, 22, 34, 41, 30, 17, 27, 6, 28, 8, 28, 24, 41, 30, 17, 34]","[0, 0, 0, 0, 0, 0, 0, 0, 1, 1, 0, 0, 0, 0, 0, 0, 0, 0, 0, 1, 0, 0, 0, 0, 0, 0, 0, 0, 0, 0, 0, 0, 0, 1, 0, 0, 0, 0, 0, 0, 1]"
L2_arctic_WAV/SVBI_arctic_a0272,"[26, 37, 27, 2, 30, 36, 19, 6, 27, 2, 38, 19, 6, 27, 19, 6, 9, 2, 30, 3, 30, 32, 19, 6]","[26, 37, 27, 2, 30, 36, 19, 6, 27, 2, 38, 19, 6, 27, 19, 6, 9, 2, 30, 3, 30, 32, 19, 6]","[0, 0, 0, 0, 0, 0, 0, 0, 0, 0, 0, 0, 0, 0, 0, 0, 0, 0, 0, 0, 0, 0, 0, 0]"
L2_arctic_WAV/SVBI_arctic_a0282,"[6, 22, 26, 37, 29, 25, 30, 36, 2, 6, 30, 34, 6, 30, 26, 37, 19, 6, 36, 16, 33, 5, 30, 36, 39, 11, 17, 16, 6, 23, 41, 30, 24, 3, 36, 28, 25]","[6, 22, 26, 37, 29, 25, 30, 36, 2, 6, 30, 34, 6, 30, 26, 37, 19, 6, 16, 33, 5, 30, 36, 39, 11, 17, 16, 6, 23, 41, 30, 24, 3, 36, 28, 25]","[0, 0, 0, 0, 0, 0, 0, 0, 0, 0, 0, 0, 0, 0, 0, 0, 0, 0, 1, 0, 0, 0, 0, 0, 0, 0, 0, 0, 0, 0, 0, 0, 0, 0, 0, 0, 0]"
L2_arctic_WAV/SVBI_arctic_a0292,"[24, 25, 33, 6, 30, 4, 2, 29, 6, 17, 29, 8, 33, 30, 6, 7, 4, 2, 22, 1, 34, 36, 27, 41, 13, 2, 28, 36, 25, 2, 27, 1, 17]","[24, 25, 33, 6, 30, 4, 2, 29, 6, 17, 29, 8, 33, 30, 6, 7, 4, 2, 22, 11, 34, 36, 27, 41, 13, 2, 28, 36, 25, 2, 27, 1, 17]","[0, 0, 0, 0, 0, 0, 0, 0, 0, 0, 0, 0, 0, 0, 0, 0, 0, 0, 0, 1, 0, 0, 0, 0, 0, 0, 0, 0, 0, 0, 0, 0, 0]"
L2_arctic_WAV/SVBI_arctic_a0301,"[16, 12, 36, 8, 28, 29, 14, 6, 17, 33, 25, 29, 40, 38, 14, 6, 2, 28, 19, 6, 36, 6, 17, 4, 6, 34, 28, 8]","[16, 12, 36, 8, 28, 29, 14, 6, 17, 33, 25, 29, 34, 38, 14, 6, 2, 28, 19, 6, 36, 6, 17, 4, 6, 34, 28, 8]","[0, 0, 0, 0, 0, 0, 0, 0, 0, 0, 0, 0, 1, 0, 0, 0, 0, 0, 0, 0, 0, 0, 0, 0, 0, 0, 0, 0]"
L2_arctic_WAV/SVBI_arctic_a0303,"[16, 12, 36, 4, 19, 6, 29, 19, 6, 27, 4, 2, 29, 6, 34, 36, 19, 6, 27, 12, 38, 6, 23, 30, 8, 33, 6, 7, 4, 5, 33, 31, 11, 30, 17, 37, 41, 28, 2, 36, 25]","[16, 12, 36, 4, 19, 6, 29, 19, 6, 4, 2, 29, 6, 34, 36, 19, 6, 27, 12, 22, 6, 23, 30, 8, 33, 6, 7, 4, 5, 33, 31, 11, 30, 17, 37, 41, 28, 36, 25]","[0, 0, 0, 0, 0, 0, 0, 0, 0, 1, 0, 0, 0, 0, 0, 0, 0, 0, 0, 0, 1, 0, 0, 0, 0, 0, 0, 0, 0, 0, 0, 0, 0, 0, 0, 0, 0, 0, 1, 0, 0]"
L2_arctic_WAV/SVBI_arctic_a0365,"[4, 25, 40, 33, 37, 29, 1, 40, 29, 19, 6, 25, 38, 6, 30, 1, 6, 18, 2, 30, 19, 6, 36, 39, 6, 10, 12, 34]","[4, 25, 34, 33, 37, 29, 1, 34, 29, 19, 6, 25, 38, 6, 30, 1, 6, 13, 2, 30, 19, 6, 36, 39, 6, 10, 12, 34]","[0, 0, 1, 0, 0, 0, 0, 1, 0, 0, 0, 0, 0, 0, 0, 0, 0, 1, 0, 0, 0, 0, 0, 0, 0, 0, 0, 0]"
L2_arctic_WAV/SVBI_arctic_a0384,"[4, 2, 22, 3, 33, 29, 1, 39, 1, 27, 34, 4, 2, 34, 8, 6, 28, 41, 30, 17, 32, 33, 2, 17, 37, 34, 2, 40, 23, 33, 19, 6, 30]","[4, 2, 22, 3, 33, 29, 33, 39, 11, 27, 34, 10, 2, 34, 8, 6, 28, 41, 30, 17, 32, 33, 2, 17, 37, 34, 2, 40, 23, 33, 19, 6, 30]","[0, 0, 0, 0, 0, 0, 1, 0, 1, 0, 0, 1, 0, 0, 0, 0, 0, 0, 0, 0, 0, 0, 0, 0, 0, 0, 0, 0, 0, 0, 0, 0, 0]"
L2_arctic_WAV/SVBI_arctic_a0405,"[6, 36, 34, 25, 29, 17, 4, 12, 8, 33, 17, 19, 6, 30, 17, 8, 33, 17, 1, 12, 38, 10, 6, 7, 40, 4, 41, 36, 17, 8, 23, 40, 9, 11, 17, 39, 1, 27]","[6, 36, 34, 25, 29, 4, 12, 8, 33, 17, 19, 6, 30, 17, 3, 33, 17, 1, 12, 22, 10, 6, 7, 27, 34, 4, 41, 36, 17, 8, 23, 40, 9, 11, 17, 39, 11, 27]","[0, 0, 0, 0, 0, 1, 0, 0, 0, 0, 0, 0, 0, 0, 0, 1, 0, 0, 0, 0, 1, 0, 0, 0, 1, 0, 0, 0, 0, 0, 0, 0, 0, 0, 0, 0, 1, 0]"
L2_arctic_WAV/SVBI_arctic_a0410,"[34, 31, 11, 39, 25, 24, 41, 38, 36, 2, 22, 6, 36, 4, 12, 16, 31, 11, 36, 10, 33, 37, 14, 11, 36, 39, 6, 10, 8, 6, 28, 28, 41, 29, 32, 34, 41, 40, 39, 5, 28]","[34, 31, 11, 38, 25, 24, 5, 38, 36, 2, 22, 6, 17, 4, 12, 16, 31, 11, 36, 10, 33, 37, 31, 11, 36, 39, 6, 10, 8, 6, 28, 41, 29, 32, 34, 41, 34, 39, 5, 28]","[0, 0, 0, 1, 0, 0, 1, 0, 0, 0, 0, 0, 1, 0, 0, 0, 0, 0, 0, 0, 0, 0, 1, 0, 0, 0, 0, 0, 0, 0, 1, 0, 0, 0, 0, 0, 0, 1, 0, 0, 0]"
L2_arctic_WAV/SVBI_arctic_a0411,"[6, 36, 39, 6, 28, 16, 33, 19, 6, 27, 3, 33, 24, 3, 33, 36, 34, 41, 30, 17, 3, 33, 16, 41, 27, 34, 36, 37, 24, 8, 6, 34, 36, 41, 7, 27, 1, 16, 14, 6, 24, 41, 30, 17]","[6, 36, 39, 6, 28, 16, 33, 19, 6, 27, 14, 11, 33, 24, 3, 33, 36, 34, 41, 30, 17, 3, 33, 16, 41, 23, 34, 36, 37, 24, 8, 6, 34, 36, 41, 7, 27, 33, 16, 14, 6, 24, 41, 30]","[0, 0, 0, 0, 0, 0, 0, 0, 0, 0, 1, 0, 0, 0, 0, 0, 0, 0, 0, 0, 0, 0, 0, 0, 1, 0, 0, 0, 0, 0, 0, 0, 0, 0, 0, 0, 1, 0, 0, 0, 0, 0, 0, 1]"
L2_arctic_WAV/SVBI_arctic_a0416,"[4, 12, 41, 17, 2, 17, 39, 19, 6, 36, 24, 41, 17, 2, 38, 2, 28, 3, 34, 2, 36, 25, 12, 38, 22, 6, 22, 36, 25, 30, 29, 14, 6, 28, 40, 32, 1, 14, 11, 33]","[4, 12, 41, 17, 2, 17, 39, 19, 6, 36, 24, 41, 17, 2, 38, 2, 28, 3, 34, 2, 36, 25, 12, 38, 22, 6, 22, 36, 25, 30, 29, 14, 6, 28, 40, 32, 33, 14, 11, 33]","[0, 0, 0, 0, 0, 0, 0, 0, 0, 0, 0, 0, 0, 0, 0, 0, 0, 0, 0, 0, 0, 0, 0, 0, 0, 0, 0, 0, 0, 0, 0, 0, 0, 0, 0, 0, 1, 0, 0, 0]"
L2_arctic_WAV/SVBI_arctic_a0424,"[3, 16, 38, 25, 2, 34, 28, 25, 6, 36, 39, 12, 40, 2, 17, 6, 40, 25, 40, 4, 2, 36, 27, 11, 17, 16, 25, 27, 3, 30, 36, 33, 41, 27, 36, 2, 17, 16, 14, 6, 27, 3, 30, 36, 41, 27, 36]","[3, 38, 25, 2, 34, 28, 25, 6, 36, 39, 12, 40, 2, 17, 6, 34, 25, 40, 4, 2, 36, 27, 37, 17, 16, 25, 27, 3, 30, 36, 33, 41, 27, 36, 2, 17, 16, 14, 6, 27, 3, 30, 36, 41, 27, 36]","[0, 1, 0, 0, 0, 0, 0, 0, 0, 0, 0, 0, 0, 0, 0, 0, 1, 0, 0, 0, 0, 0, 0, 1, 0, 0, 0, 0, 0, 0, 0, 0, 0, 0, 0, 0, 0, 0, 0, 0, 0, 0, 0, 0, 0, 0, 0]"
L2_arctic_WAV/HJK_arctic_a0003,"[22, 33, 1, 4, 2, 36, 39, 5, 30, 25, 2, 10, 36, 14, 6, 29, 4, 41, 36, 25, 38, 30, 6, 7, 4, 2, 36, 37, 29, 5, 30, 9, 11, 27, 24, 41, 30, 17, 40]","[22, 33, 1, 17, 2, 36, 39, 5, 30, 25, 2, 10, 36, 14, 6, 29, 17, 41, 36, 25, 38, 30, 6, 7, 17, 2, 36, 37, 29, 5, 30, 9, 11, 27, 24, 41, 30, 17, 34]","[0, 0, 0, 1, 0, 0, 0, 0, 0, 0, 0, 0, 0, 0, 0, 0, 1, 0, 0, 0, 0, 0, 0, 0, 1, 0, 0, 0, 0, 0, 0, 0, 0, 0, 0, 0, 0, 0, 1]"
L2_arctic_WAV/HJK_arctic_a0005,"[39, 6, 28, 39, 25, 5, 38, 1, 22, 1, 23, 5, 36, 6, 36]","[39, 6, 28, 39, 25, 5, 38, 1, 22, 1, 23, 41, 36, 6, 36]","[0, 0, 0, 0, 0, 0, 0, 0, 0, 0, 0, 1, 0, 0, 0]"
L2_arctic_WAV/HJK_arctic_a0006,"[23, 3, 17, 16, 28, 5, 34, 2, 29, 14, 6, 24, 31, 11, 32, 14, 6, 28, 23, 31, 11, 3, 30, 34, 25, 6, 7, 4, 5, 29, 22, 1, 5, 38, 1]","[23, 3, 17, 16, 28, 41, 34, 2, 29, 14, 6, 24, 31, 11, 32, 14, 6, 28, 23, 31, 11, 3, 30, 34, 25, 6, 7, 17, 5, 29, 22, 1, 5, 38, 1]","[0, 0, 0, 0, 0, 1, 0, 0, 0, 0, 0, 0, 0, 0, 0, 0, 0, 0, 0, 0, 0, 0, 0, 0, 0, 0, 0, 1, 0, 0, 0, 0, 0, 0, 0]"
L2_arctic_WAV/HJK_arctic_a0007,"[41, 30, 17, 26, 37, 8, 28, 39, 25, 40, 39, 3, 30, 36, 36, 2, 34, 25, 6, 36, 6, 30, 4, 2, 34, 11, 32, 1, 28, 2, 36, 6, 38, 17, 6, 23, 33, 25]","[41, 30, 17, 26, 37, 8, 28, 39, 25, 40, 39, 3, 30, 36, 36, 2, 34, 25, 6, 36, 6, 30, 17, 2, 34, 11, 32, 1, 28, 2, 36, 6, 38, 17, 6, 23, 33, 25]","[0, 0, 0, 0, 0, 0, 0, 0, 0, 0, 0, 0, 0, 0, 0, 0, 0, 0, 0, 0, 0, 0, 1, 0, 0, 0, 0, 0, 0, 0, 0, 0, 0, 0, 0, 0, 0, 0]"
L2_arctic_WAV/HJK_arctic_a0008,"[23, 41, 17, 26, 11, 33, 28, 5, 36, 1, 27, 19, 6, 29, 18, 6, 34, 36, 6, 30, 36, 14, 6, 29]","[23, 41, 17, 26, 11, 33, 28, 5, 36, 1, 27, 19, 6, 29, 18, 6, 34, 36, 6, 30, 36, 14, 6, 29]","[0, 0, 0, 0, 0, 0, 0, 0, 0, 0, 0, 0, 0, 0, 0, 0, 0, 0, 0, 0, 0, 0, 0, 0]"
L2_arctic_WAV/HJK_arctic_a0010,"[14, 6, 29, 32, 28, 19, 6, 6, 7, 2, 34, 6, 7, 23, 2, 28, 24, 41, 30, 17, 6, 30, 39, 12, 36, 28, 11, 27, 34, 28, 14, 6, 27, 2, 28, 37, 40, 6, 7, 23, 19, 6, 29]","[14, 6, 29, 32, 28, 19, 6, 6, 7, 2, 34, 6, 7, 23, 2, 28, 24, 41, 30, 17, 6, 30, 39, 12, 36, 28, 11, 27, 34, 28, 14, 6, 27, 2, 28, 37, 34, 6, 7, 23, 19, 6, 29]","[0, 0, 0, 0, 0, 0, 0, 0, 0, 0, 0, 0, 0, 0, 0, 0, 0, 0, 0, 0, 0, 0, 0, 0, 0, 0, 0, 0, 0, 0, 0, 0, 0, 0, 0, 0, 1, 0, 0, 0, 0, 0, 0]"
L2_arctic_WAV/HJK_arctic_a0011,"[6, 22, 14, 6, 5, 38, 1, 30, 25, 17, 6, 17, 2, 22, 14, 6, 36, 1, 6, 30, 29, 14, 6, 28, 14, 6, 22, 14, 6, 30, 25, 17, 39, 12, 30, 30, 14, 11]","[6, 22, 14, 6, 5, 38, 1, 30, 25, 17, 6, 17, 2, 22, 14, 6, 36, 1, 6, 30, 29, 14, 6, 28, 14, 6, 22, 14, 6, 30, 25, 17, 39, 12, 30, 30, 14, 11]","[0, 0, 0, 0, 0, 0, 0, 0, 0, 0, 0, 0, 0, 0, 0, 0, 0, 0, 0, 0, 0, 0, 0, 0, 0, 0, 0, 0, 0, 0, 0, 0, 0, 0, 0, 0, 0, 0]"
L2_arctic_WAV/HJK_arctic_a0013,"[24, 25, 39, 12, 40, 19, 6, 24, 5, 17, 9, 8, 33, 36, 1, 4, 41, 30, 24, 6, 40, 27, 2, 29, 32, 41, 30, 26, 2, 30, 2, 38, 8, 28, 29, 31, 11, 34, 36, 17, 5, 28, 2, 27, 2, 36, 22, 2, 40, 25, 27]","[24, 25, 39, 12, 40, 19, 6, 24, 41, 17, 9, 8, 33, 36, 1, 4, 41, 30, 24, 6, 40, 27, 2, 29, 32, 19, 6, 30, 26, 2, 30, 2, 38, 8, 28, 29, 31, 11, 34, 36, 17, 5, 28, 2, 27, 2, 36, 22, 2, 18, 25, 27]","[0, 0, 0, 0, 0, 0, 0, 0, 1, 0, 0, 0, 0, 0, 0, 0, 0, 0, 0, 0, 0, 0, 0, 0, 0, 1, 0, 0, 0, 0, 0, 0, 0, 0, 0, 0, 0, 0, 0, 0, 0, 0, 0, 0, 0, 0, 0, 0, 1, 0, 0]"
L2_arctic_WAV/HJK_arctic_a0018,"[4, 5, 33, 39, 12, 40, 2, 35, 19, 6, 30, 18, 30, 14, 11]","[17, 5, 33, 39, 12, 34, 2, 35, 19, 6, 30, 18, 30, 14, 11]","[1, 0, 0, 0, 0, 1, 0, 0, 0, 0, 0, 0, 0, 0, 0]"
L2_arctic_WAV/HJK_arctic_a0019,"[14, 6, 22, 3, 28, 31, 11, 17, 4, 2, 28, 14, 6, 30, 2, 38, 4, 2, 32, 33, 2, 32, 31, 11, 40, 17, 33, 19, 6, 28, 33, 31, 11, 17, 28, 11, 27, 6, 7, 22, 33, 1, 35, 41, 30, 34, 6, 40]","[14, 6, 22, 3, 28, 31, 11, 17, 17, 2, 28, 14, 6, 30, 2, 38, 4, 2, 32, 33, 2, 32, 31, 11, 40, 17, 33, 19, 6, 28, 33, 31, 11, 36, 28, 11, 27, 6, 7, 22, 33, 1, 35, 41, 30, 34, 6, 34]","[0, 0, 0, 0, 0, 0, 0, 0, 1, 0, 0, 0, 0, 0, 0, 0, 0, 0, 0, 0, 0, 0, 0, 0, 0, 0, 0, 0, 0, 0, 0, 0, 0, 1, 0, 0, 0, 0, 0, 0, 0, 0, 0, 0, 0, 0, 0, 1]"
L2_arctic_WAV/HJK_arctic_a0020,"[27, 28, 12, 16, 40, 2, 30, 17, 16, 8, 28, 40, 41, 30, 17, 34, 6, 36, 25, 40, 23, 33, 37, 36, 37, 16, 25, 31, 11, 30, 28, 25, 29, 5, 29, 1, 25, 40]","[27, 28, 12, 16, 34, 2, 30, 17, 16, 8, 28, 34, 41, 30, 17, 34, 6, 36, 25, 34, 23, 33, 37, 36, 37, 16, 25, 31, 11, 30, 28, 25, 29, 5, 29, 1, 25, 34]","[0, 0, 0, 0, 1, 0, 0, 0, 0, 0, 0, 1, 0, 0, 0, 0, 0, 0, 0, 1, 0, 0, 0, 0, 0, 0, 0, 0, 0, 0, 0, 0, 0, 0, 0, 0, 0, 1]"
L2_arctic_WAV/HJK_arctic_a0021,"[6, 36, 22, 5, 33, 28, 25, 27, 28, 12, 16, 17, 29, 25, 6, 30, 36, 37, 33, 5, 27, 2, 23, 30, 14, 6, 40, 6, 7, 6, 36]","[6, 36, 22, 5, 33, 28, 25, 27, 28, 12, 16, 17, 29, 25, 6, 30, 36, 37, 33, 5, 27, 2, 23, 30, 14, 6, 34, 6, 7, 6, 36]","[0, 0, 0, 0, 0, 0, 0, 0, 0, 0, 0, 0, 0, 0, 0, 0, 0, 0, 0, 0, 0, 0, 0, 0, 0, 0, 1, 0, 0, 0, 0]"
L2_arctic_WAV/HJK_arctic_a0022,"[24, 3, 33, 17, 28, 25, 39, 1, 3, 33, 32, 28, 41, 30, 40, 29, 19, 6, 17, 32, 12, 16, 28, 6, 27, 16, 25, 22, 8, 33, 39, 25, 39, 1, 29, 5, 36, 16, 14, 6, 32, 14, 11, 1, 22, 2, 28, 3, 32, 2, 40, 6, 9, 2, 30]","[24, 3, 33, 17, 28, 25, 39, 1, 3, 33, 32, 28, 41, 30, 34, 29, 19, 6, 17, 32, 8, 16, 28, 6, 27, 16, 25, 22, 8, 33, 39, 25, 39, 1, 29, 5, 36, 16, 14, 6, 32, 14, 11, 1, 22, 2, 28, 3, 32, 2, 40, 6, 9, 2, 30]","[0, 0, 0, 0, 0, 0, 0, 0, 0, 0, 0, 0, 0, 0, 1, 0, 0, 0, 0, 0, 1, 0, 0, 0, 0, 0, 0, 0, 0, 0, 0, 0, 0, 0, 0, 0, 0, 0, 0, 0, 0, 0, 0, 0, 0, 0, 0, 0, 0, 0, 0, 0, 0, 0, 0]"
L2_arctic_WAV/HJK_arctic_a0023,"[2, 27, 3, 29, 16, 2, 30, 19, 6, 9, 2, 30, 2, 38, 27, 2, 30, 19, 6, 17, 25, 2, 30, 27, 41, 32, 6, 36, 2, 28, 27, 39, 6, 27, 28, 25, 8, 33, 23, 2, 30, 14, 6, 40, 17, 41, 30, 17, 32, 2, 36, 6, 9, 2, 30, 17, 22, 33, 1, 4, 2, 34, 19, 6, 29, 32, 33, 6, 38, 6, 28, 2, 18, 2, 40]","[2, 27, 3, 29, 16, 2, 30, 19, 6, 9, 2, 30, 2, 38, 27, 2, 30, 19, 6, 17, 25, 2, 30, 27, 41, 32, 6, 36, 2, 28, 27, 39, 6, 27, 28, 25, 8, 33, 23, 2, 30, 14, 6, 34, 17, 41, 30, 17, 32, 2, 36, 6, 9, 2, 30, 17, 22, 33, 1, 4, 2, 34, 19, 6, 29, 32, 33, 6, 38, 6, 28, 2, 18, 2, 34]","[0, 0, 0, 0, 0, 0, 0, 0, 0, 0, 0, 0, 0, 0, 0, 0, 0, 0, 0, 0, 0, 0, 0, 0, 0, 0, 0, 0, 0, 0, 0, 0, 0, 0, 0, 0, 0, 0, 0, 0, 0, 0, 0, 1, 0, 0, 0, 0, 0, 0, 0, 0, 0, 0, 0, 0, 0, 0, 0, 0, 0, 0, 0, 0, 0, 0, 0, 0, 0, 0, 0, 0, 0, 0, 1]"
L2_arctic_WAV/HJK_arctic_a0024,"[6, 36, 39, 12, 40, 29, 14, 6, 33, 6, 32, 8, 33, 36, 34, 22, 1, 29, 4, 2, 30, 8, 33, 10, 39, 6, 35, 35, 25, 22, 28, 25, 6, 30, 17, 37, 34, 36, 32, 25, 32, 2, 28, 36, 37, 16, 14, 6]","[6, 36, 39, 12, 34, 29, 14, 6, 33, 6, 34, 32, 8, 33, 36, 34, 22, 1, 29, 4, 2, 30, 1, 33, 10, 39, 6, 35, 35, 6, 22, 28, 25, 6, 30, 17, 37, 34, 36, 32, 25, 32, 2, 28, 36, 37, 16, 14, 6]","[0, 0, 0, 0, 1, 0, 0, 0, 0, 0, 0, 0, 0, 0, 0, 0, 0, 0, 0, 0, 0, 1, 0, 0, 0, 0, 0, 0, 1, 0, 0, 0, 0, 0, 0, 0, 0, 0, 0, 0, 0, 0, 0, 0, 0, 0, 0, 0]"
L2_arctic_WAV/HJK_arctic_a0025,"[14, 6, 39, 12, 40, 2, 16, 14, 11, 36, 36, 6, 17, 37, 4, 6, 34, 39, 5, 30, 27, 37, 28, 1, 18, 12, 18, 29, 2, 30, 36, 32, 33, 25, 38, 19, 6, 28, 17]","[14, 6, 39, 12, 34, 2, 16, 14, 11, 36, 36, 6, 17, 37, 17, 6, 34, 39, 5, 30, 27, 37, 28, 1, 18, 12, 18, 29, 2, 30, 36, 32, 33, 25, 38, 19, 6, 28, 36]","[0, 0, 0, 0, 1, 0, 0, 0, 0, 0, 0, 0, 0, 0, 1, 0, 0, 0, 0, 0, 0, 0, 0, 0, 0, 0, 0, 0, 0, 0, 0, 0, 0, 0, 0, 0, 0, 0, 1]"
L2_arctic_WAV/HJK_arctic_a0026,"[6, 36, 2, 27, 1, 17, 36, 2, 29, 25, 4, 41, 36, 4, 5, 33, 39, 11, 17, 24, 41, 38, 36, 37, 16, 25, 41, 30, 2, 27, 14, 11, 30, 36, 6, 7]","[6, 36, 2, 27, 1, 33, 33, 2, 29, 25, 17, 41, 36, 17, 5, 33, 39, 11, 17, 24, 41, 38, 36, 37, 16, 25, 41, 30, 2, 27, 14, 11, 30, 36, 6, 7]","[0, 0, 0, 0, 0, 1, 1, 0, 0, 0, 1, 0, 0, 1, 0, 0, 0, 0, 0, 0, 0, 0, 0, 0, 0, 0, 0, 0, 0, 0, 0, 0, 0, 0, 0, 0]"
L2_arctic_WAV/HJK_arctic_a0027,"[36, 37, 29, 14, 6, 34, 1, 32, 33, 14, 6, 40, 24, 25, 16, 25, 23, 41, 30, 36, 6, 9, 31, 11, 41, 27, 9, 2, 28, 6, 30, 10, 37, 40, 25, 41, 40, 2, 29, 6, 30, 29, 14, 6, 22, 19, 6, 38, 1]","[36, 37, 29, 14, 6, 34, 1, 32, 33, 14, 6, 34, 24, 25, 16, 25, 23, 41, 30, 36, 6, 9, 31, 11, 41, 27, 9, 2, 28, 6, 30, 36, 37, 34, 25, 41, 34, 2, 29, 6, 30, 29, 14, 6, 22, 19, 6, 38, 1]","[0, 0, 0, 0, 0, 0, 0, 0, 0, 0, 0, 1, 0, 0, 0, 0, 0, 0, 0, 0, 0, 0, 0, 0, 0, 0, 0, 0, 0, 0, 0, 1, 0, 1, 0, 0, 1, 0, 0, 0, 0, 0, 0, 0, 0, 0, 0, 0, 0]"
L2_arctic_WAV/HJK_arctic_a0028,"[33, 3, 16, 1, 25, 16, 33, 14, 6, 16, 1, 25, 22, 33, 8, 17]","[33, 3, 16, 1, 25, 16, 33, 14, 6, 16, 1, 25, 22, 33, 14, 11, 17]","[0, 0, 0, 0, 0, 0, 0, 0, 0, 0, 0, 0, 0, 0, 1, 0]"
L2_arctic_WAV/HJK_arctic_a0029,"[4, 5, 33, 22, 8, 33, 34, 6, 40, 39, 1, 8, 28, 33, 5, 17, 25, 29, 37, 38, 6, 7, 6, 30, 36, 37, 4, 2, 30, 8, 33, 10, 27, 12, 30, 36, 33, 25]","[17, 5, 33, 22, 8, 33, 34, 6, 34, 39, 1, 8, 28, 33, 41, 17, 25, 29, 37, 38, 6, 7, 6, 30, 36, 37, 4, 2, 30, 8, 33, 34, 27, 12, 30, 36, 33, 25]","[1, 0, 0, 0, 0, 0, 0, 0, 1, 0, 0, 0, 0, 0, 1, 0, 0, 0, 0, 0, 0, 0, 0, 0, 0, 0, 0, 0, 0, 0, 0, 1, 0, 0, 0, 0, 0, 0]"
L2_arctic_WAV/HJK_arctic_a0030,"[14, 6, 24, 41, 17, 22, 19, 6, 10, 6, 30, 4, 5, 29]","[14, 6, 24, 41, 17, 22, 19, 6, 10, 6, 30, 4, 41, 29]","[0, 0, 0, 0, 0, 0, 0, 0, 0, 0, 0, 0, 1, 0]"
L2_arctic_WAV/HJK_arctic_a0031,"[4, 19, 6, 39, 1, 10, 33, 25, 24, 12, 30, 17, 33, 2, 17, 26, 3, 33, 17, 40, 2, 32, 3, 33, 36]","[17, 19, 6, 39, 1, 10, 33, 25, 24, 12, 30, 17, 33, 2, 17, 26, 3, 33, 17, 40, 2, 32, 3, 33, 36]","[1, 0, 0, 0, 0, 0, 0, 0, 0, 0, 0, 0, 0, 0, 0, 0, 0, 0, 0, 0, 0, 0, 0, 0, 0]"
L2_arctic_WAV/HJK_arctic_a0032,"[34, 6, 30, 34, 4, 5, 30, 34, 12, 29, 29, 6, 34, 36, 6, 33, 25, 2, 34, 22, 8, 33, 34, 24, 41, 40, 16, 6, 30, 22, 14, 6, 36, 6, 7, 12, 34, 41, 36, 5, 38, 33, 25, 34, 36, 5, 32]","[34, 6, 30, 34, 17, 41, 30, 34, 12, 29, 29, 6, 34, 36, 6, 33, 25, 2, 34, 22, 8, 33, 34, 24, 41, 34, 16, 6, 30, 22, 14, 6, 36, 6, 7, 12, 34, 41, 36, 5, 38, 33, 25, 34, 36, 5, 32]","[0, 0, 0, 0, 1, 1, 0, 0, 0, 0, 0, 0, 0, 0, 0, 0, 0, 0, 0, 0, 0, 0, 0, 0, 0, 1, 0, 0, 0, 0, 0, 0, 0, 0, 0, 0, 0, 0, 0, 0, 0, 0, 0, 0, 0, 0, 0]"
L2_arctic_WAV/HJK_arctic_a0036,"[9, 25, 36, 1, 30, 17, 6, 30, 41, 36, 4, 25, 24, 31, 11, 36, 5, 28]","[9, 25, 36, 1, 30, 17, 6, 30, 41, 36, 17, 25, 24, 31, 11, 36, 5, 28]","[0, 0, 0, 0, 0, 0, 0, 0, 0, 0, 1, 0, 0, 0, 0, 0, 0, 0]"
L2_arctic_WAV/HJK_arctic_a0037,"[14, 6, 39, 12, 40, 4, 25, 31, 11, 30, 28, 25, 39, 12, 30, 24, 37, 33, 6, 29, 19, 6, 30, 17, 34, 6, 36, 6, 7]","[14, 6, 39, 12, 40, 4, 25, 31, 11, 30, 28, 25, 39, 12, 30, 24, 37, 33, 6, 29, 19, 6, 30, 17, 34, 25, 36, 6, 7]","[0, 0, 0, 0, 0, 0, 0, 0, 0, 0, 0, 0, 0, 0, 0, 0, 0, 0, 0, 0, 0, 0, 0, 0, 0, 1, 0, 0, 0]"
L2_arctic_WAV/HJK_arctic_a0038,"[39, 6, 28, 24, 41, 38, 36, 37, 39, 8, 35, 3, 33, 35, 41, 30, 34, 6, 40]","[39, 6, 28, 24, 41, 38, 36, 37, 39, 8, 35, 3, 33, 35, 41, 30, 34, 6, 34]","[0, 0, 0, 0, 0, 0, 0, 0, 0, 0, 0, 0, 0, 0, 0, 0, 0, 0, 1]"
L2_arctic_WAV/HJK_arctic_a0039,"[4, 12, 9, 6, 32, 9, 11, 17, 16, 25, 6, 30, 39, 6, 4, 6, 30, 2, 39, 25, 27, 8, 33, 36, 5, 30, 17, 19, 6, 40]","[17, 12, 9, 25, 32, 9, 11, 17, 16, 25, 6, 30, 39, 6, 17, 6, 30, 2, 39, 25, 27, 8, 33, 36, 5, 30, 17, 19, 6, 34]","[1, 0, 0, 1, 0, 0, 0, 0, 0, 0, 0, 0, 0, 0, 1, 0, 0, 0, 0, 0, 0, 0, 0, 0, 0, 0, 0, 0, 0, 1]"
L2_arctic_WAV/HJK_arctic_a0040,"[14, 6, 34, 2, 32, 31, 11, 40, 26, 37, 39, 12, 30, 17, 1, 39, 14, 6, 9, 25, 6, 40, 27, 12, 29, 6, 7, 12, 32, 24, 25, 33]","[14, 6, 34, 2, 32, 31, 11, 34, 26, 37, 39, 12, 30, 17, 1, 39, 14, 6, 9, 25, 6, 34, 27, 12, 29, 6, 7, 12, 32, 24, 25, 33]","[0, 0, 0, 0, 0, 0, 0, 1, 0, 0, 0, 0, 0, 0, 0, 0, 0, 0, 0, 0, 0, 1, 0, 0, 0, 0, 0, 0, 0, 0, 0, 0]"
L2_arctic_WAV/HJK_arctic_a0041,"[29, 25, 30, 39, 14, 6, 28, 14, 6, 28, 23, 31, 11, 14, 11, 36, 36, 6, 16, 33, 25, 4, 2, 34, 32, 5, 28]","[29, 25, 30, 39, 14, 6, 28, 14, 6, 28, 23, 31, 11, 14, 11, 36, 36, 6, 16, 25, 36, 2, 34, 32, 5, 28]","[0, 0, 0, 0, 0, 0, 0, 0, 0, 0, 0, 0, 0, 0, 0, 0, 0, 0, 0, 1, 0, 1, 0, 0, 0, 0, 0]"
L2_arctic_WAV/HJK_arctic_a0042,"[24, 14, 11, 27, 11, 17, 24, 25, 6, 27, 34, 32, 28, 19, 6, 30, 24, 6, 40, 32, 2, 40, 5, 9, 2, 30, 2, 38, 4, 2, 34, 27, 5, 35]","[24, 14, 11, 27, 11, 17, 24, 25, 6, 27, 34, 32, 28, 19, 6, 30, 24, 6, 34, 32, 2, 40, 5, 9, 2, 30, 2, 38, 4, 2, 34, 27, 41, 35]","[0, 0, 0, 0, 0, 0, 0, 0, 0, 0, 0, 0, 0, 0, 0, 0, 0, 0, 1, 0, 0, 0, 0, 0, 0, 0, 0, 0, 0, 0, 0, 0, 1, 0]"
L2_arctic_WAV/HJK_arctic_a0045,"[24, 25, 29, 37, 38, 17, 2, 39, 19, 6, 5, 40, 27, 39, 14, 6, 2, 36, 28, 25, 41, 40, 24, 25, 24, 41, 17, 27, 12, 29]","[24, 25, 29, 37, 38, 17, 2, 39, 19, 6, 5, 34, 27, 39, 14, 6, 2, 36, 28, 25, 41, 34, 24, 25, 24, 41, 17, 27, 12, 29]","[0, 0, 0, 0, 0, 0, 0, 0, 0, 0, 0, 1, 0, 0, 0, 0, 0, 0, 0, 0, 0, 1, 0, 0, 0, 0, 0, 0, 0, 0]"
L2_arctic_WAV/HJK_arctic_a0046,"[4, 2, 23, 1, 28, 22, 19, 6, 34, 36, 24, 6, 29, 24, 1, 14, 6, 40, 9, 14, 6, 30, 6, 7, 39, 6, 10, 34, 12, 17, 2, 30, 22, 6, 33]","[17, 2, 23, 1, 28, 22, 19, 6, 34, 36, 24, 6, 29, 24, 1, 14, 6, 34, 9, 14, 6, 30, 6, 7, 39, 6, 10, 34, 12, 17, 2, 30, 22, 6, 33]","[1, 0, 0, 0, 0, 0, 0, 0, 0, 0, 0, 0, 0, 0, 0, 0, 0, 1, 0, 0, 0, 0, 0, 0, 0, 0, 0, 0, 0, 0, 0, 0, 0, 0, 0]"
L2_arctic_WAV/HJK_arctic_a0047,"[27, 28, 31, 11, 34, 16, 25, 34, 14, 6, 17, 24, 6, 29, 23, 28, 25, 29, 17, 4, 2, 39, 14, 6, 36, 22, 41, 7, 40, 12, 38, 4, 2, 39, 11, 28, 22, 17, 8, 23]","[27, 28, 31, 11, 34, 16, 25, 34, 14, 6, 17, 24, 6, 29, 23, 28, 25, 29, 17, 4, 2, 39, 14, 6, 36, 22, 41, 7, 34, 12, 38, 4, 2, 39, 11, 28, 22, 17, 31, 11, 27]","[0, 0, 0, 0, 0, 0, 0, 0, 0, 0, 0, 0, 0, 0, 0, 0, 0, 0, 0, 0, 0, 0, 0, 0, 0, 0, 0, 0, 1, 0, 0, 0, 0, 0, 0, 0, 0, 0, 1, 1]"
L2_arctic_WAV/HJK_arctic_a0048,"[24, 25, 28, 11, 27, 36, 41, 36, 4, 2, 24, 41, 7, 27, 1, 35, 6, 22, 29, 8, 33, 27, 28, 31, 11, 34, 28, 25]","[24, 25, 28, 11, 27, 36, 41, 36, 4, 2, 24, 41, 7, 27, 1, 35, 6, 22, 29, 8, 33, 27, 28, 31, 11, 34, 28, 25]","[0, 0, 0, 0, 0, 0, 0, 0, 0, 0, 0, 0, 0, 0, 0, 0, 0, 0, 0, 0, 0, 0, 0, 0, 0, 0, 0, 0]"
L2_arctic_WAV/HJK_arctic_a0051,"[4, 2, 28, 19, 6, 34, 39, 12, 40, 12, 38, 2, 17, 5, 28, 2, 27, 2, 36, 14, 6, 38, 1, 25, 27, 12, 28, 1, 22, 19, 6, 30, 36, 28, 25, 36, 6, 30, 36, 6, 17, 39, 6, 4, 26, 5, 28, 31, 11]","[17, 2, 28, 19, 6, 34, 39, 12, 40, 12, 38, 2, 17, 5, 28, 2, 27, 2, 36, 14, 6, 38, 1, 25, 27, 8, 28, 1, 22, 19, 6, 30, 36, 28, 25, 36, 6, 30, 36, 6, 17, 39, 6, 17, 26, 5, 28, 31, 11]","[1, 0, 0, 0, 0, 0, 0, 0, 0, 0, 0, 0, 0, 0, 0, 0, 0, 0, 0, 0, 0, 0, 0, 0, 0, 1, 0, 0, 0, 0, 0, 0, 0, 0, 0, 0, 0, 0, 0, 0, 0, 0, 0, 1, 0, 0, 0, 0, 0]"
L2_arctic_WAV/HJK_arctic_a0052,"[6, 36, 39, 12, 40, 2, 27, 26, 11, 33, 25, 2, 34, 27, 31, 11, 6, 30, 34, 6, 17, 2, 30, 34]","[6, 36, 39, 12, 34, 2, 27, 26, 11, 33, 25, 2, 34, 27, 31, 11, 6, 30, 34, 6, 17, 2, 30, 34]","[0, 0, 0, 0, 1, 0, 0, 0, 0, 0, 0, 0, 0, 0, 0, 0, 0, 0, 0, 0, 0, 0, 0, 0]"
L2_arctic_WAV/HJK_arctic_a0053,"[34, 12, 17, 2, 30, 28, 25, 24, 6, 40, 22, 6, 7, 23, 1, 40, 27, 28, 31, 11, 40, 17, 36, 14, 6, 36, 28, 25, 31, 11, 38, 1, 4, 2, 24, 41, 7, 27, 1, 35, 6, 22]","[34, 12, 17, 2, 30, 28, 25, 24, 25, 40, 22, 6, 7, 23, 1, 34, 27, 28, 31, 11, 34, 17, 36, 14, 6, 36, 28, 25, 31, 11, 38, 1, 17, 2, 24, 41, 7, 27, 1, 35, 6, 22]","[0, 0, 0, 0, 0, 0, 0, 0, 1, 0, 0, 0, 0, 0, 0, 1, 0, 0, 0, 0, 1, 0, 0, 0, 0, 0, 0, 0, 0, 0, 0, 0, 1, 0, 0, 0, 0, 0, 0, 0, 0, 0]"
L2_arctic_WAV/HJK_arctic_a0054,"[4, 5, 33, 39, 12, 40, 30, 12, 10, 6, 7, 3, 30, 4, 2, 33, 3, 27]","[17, 5, 33, 39, 12, 40, 30, 12, 10, 6, 7, 3, 30, 4, 2, 33, 3, 27]","[1, 0, 0, 0, 0, 0, 0, 0, 0, 0, 0, 0, 0, 0, 0, 0, 0, 0]"
L2_arctic_WAV/HJK_arctic_a0058,"[14, 6, 27, 19, 6, 29, 22, 33, 1, 6, 30, 22, 8, 33, 29, 19, 6, 9, 2, 30, 29, 8, 33, 14, 11, 36, 2, 38, 27, 26, 11, 33, 25, 3, 34, 2, 36, 25, 4, 41, 30, 5, 30, 25, 10, 6, 7, 5, 28, 34]","[14, 6, 27, 19, 6, 29, 22, 33, 1, 6, 30, 22, 8, 33, 29, 19, 6, 9, 2, 30, 29, 8, 33, 14, 11, 36, 2, 38, 27, 26, 11, 33, 25, 3, 34, 2, 36, 25, 17, 41, 30, 5, 30, 25, 36, 6, 7, 5, 28, 34]","[0, 0, 0, 0, 0, 0, 0, 0, 0, 0, 0, 0, 0, 0, 0, 0, 0, 0, 0, 0, 0, 0, 0, 0, 0, 0, 0, 0, 0, 0, 0, 0, 0, 0, 0, 0, 0, 0, 1, 0, 0, 0, 0, 0, 1, 0, 0, 0, 0, 0]"
L2_arctic_WAV/HJK_arctic_a0059,"[24, 6, 40, 6, 29, 41, 27, 26, 37, 28, 6, 36, 2, 32, 6, 33, 2, 30, 34, 39, 2, 40, 23, 8, 30]","[24, 25, 34, 6, 29, 41, 27, 26, 37, 28, 19, 6, 36, 2, 32, 6, 33, 2, 30, 34, 39, 2, 34, 23, 8, 30]","[0, 1, 1, 0, 0, 0, 0, 0, 0, 0, 0, 0, 0, 0, 0, 0, 0, 0, 0, 0, 0, 1, 0, 0, 0]"
L2_arctic_WAV/HJK_arctic_a0060,"[5, 30, 25, 39, 19, 6, 30, 31, 11, 39, 12, 30, 34, 8, 24, 1, 28, 14, 6, 27, 4, 41, 36]","[5, 30, 25, 39, 19, 6, 30, 31, 11, 39, 12, 30, 34, 8, 24, 1, 28, 14, 6, 27, 17, 41, 36]","[0, 0, 0, 0, 0, 0, 0, 0, 0, 0, 0, 0, 0, 0, 0, 0, 0, 0, 0, 0, 1, 0, 0]"
L2_arctic_WAV/HJK_arctic_a0062,"[4, 2, 29, 5, 30, 34, 36, 5, 33, 17, 6, 30, 36, 37, 25, 35, 12, 4, 1, 40, 22, 19, 6, 34]","[17, 2, 29, 41, 30, 34, 36, 5, 33, 17, 6, 30, 36, 37, 25, 35, 12, 17, 1, 34, 22, 19, 6, 34]","[1, 0, 0, 1, 0, 0, 0, 0, 0, 0, 0, 0, 0, 0, 0, 0, 0, 1, 0, 1, 0, 0, 0, 0]"
L2_arctic_WAV/HJK_arctic_a0063,"[26, 5, 34, 6, 36, 39, 12, 40, 2, 29, 41, 30, 24, 37, 41, 34, 36, 2, 34, 36, 33, 19, 6, 30, 18, 1]","[26, 5, 34, 6, 36, 39, 12, 34, 2, 29, 41, 30, 24, 37, 41, 34, 36, 2, 34, 36, 33, 19, 6, 30, 18, 1]","[0, 0, 0, 0, 0, 0, 0, 1, 0, 0, 0, 0, 0, 0, 0, 0, 0, 0, 0, 0, 0, 0, 0, 0, 0, 0]"
L2_arctic_WAV/HJK_arctic_a0064,"[4, 2, 22, 8, 33, 10, 2, 30, 17, 22, 6, 10, 17, 19, 6, 40, 32, 41, 34, 36, 39, 6, 4, 14, 11, 36, 5, 30, 25, 17, 6, 38, 5, 28, 2, 32, 29, 2, 30, 36, 34]","[17, 2, 22, 8, 33, 10, 2, 30, 17, 22, 6, 36, 17, 19, 6, 34, 32, 41, 34, 36, 39, 6, 17, 14, 11, 36, 5, 30, 25, 17, 6, 38, 5, 28, 2, 32, 29, 2, 30, 36, 34]","[1, 0, 0, 0, 0, 0, 0, 0, 0, 0, 0, 1, 0, 0, 0, 1, 0, 0, 0, 0, 0, 0, 1, 0, 0, 0, 0, 0, 0, 0, 0, 0, 0, 0, 0, 0, 0, 0, 0, 0, 0]"
L2_arctic_WAV/HJK_arctic_a0065,"[4, 19, 6, 27, 28, 31, 11, 40, 17, 30, 14, 11, 2, 30, 36, 6, 28, 24, 6, 40, 22, 6, 7, 23, 1, 40, 39, 1, 28, 14, 6, 27, 27, 8, 33, 17, 40, 2, 38, 34, 36, 25, 28]","[17, 19, 6, 27, 28, 31, 11, 34, 17, 30, 14, 11, 2, 30, 36, 6, 28, 24, 6, 34, 22, 6, 7, 23, 1, 34, 39, 1, 28, 14, 6, 27, 27, 8, 33, 17, 34, 2, 38, 34, 36, 6, 28]","[1, 0, 0, 0, 0, 0, 0, 1, 0, 0, 0, 0, 0, 0, 0, 0, 0, 0, 0, 1, 0, 0, 0, 0, 0, 1, 0, 0, 0, 0, 0, 0, 0, 0, 0, 0, 1, 0, 0, 0, 0, 1, 0]"
L2_arctic_WAV/HJK_arctic_a0067,"[9, 11, 33, 28, 25, 14, 6, 39, 2, 28, 6, 27, 34, 27, 26, 37, 40, 26, 37, 9, 25, 27, 33, 14, 6, 17]","[9, 11, 33, 28, 25, 14, 6, 39, 2, 28, 6, 27, 34, 27, 26, 37, 34, 26, 37, 9, 25, 27, 33, 14, 6, 17]","[0, 0, 0, 0, 0, 0, 0, 0, 0, 0, 0, 0, 0, 0, 0, 0, 1, 0, 0, 0, 0, 0, 0, 0, 0, 0]"
L2_arctic_WAV/HJK_arctic_a0071,"[24, 39, 12, 36, 39, 12, 40, 4, 25, 3, 16, 18, 5, 27, 36, 2, 38, 26, 11, 33, 28, 6, 36, 2, 28, 34, 5, 30, 34, 19, 6, 9, 2, 30]","[24, 39, 12, 36, 39, 12, 34, 17, 25, 3, 16, 18, 5, 27, 36, 2, 38, 26, 11, 33, 28, 6, 36, 2, 28, 34, 5, 30, 34, 19, 6, 9, 2, 30]","[0, 0, 0, 0, 0, 0, 1, 1, 0, 0, 0, 0, 0, 0, 0, 0, 0, 0, 0, 0, 0, 0, 0, 0, 0, 0, 0, 0, 0, 0, 0, 0, 0, 0]"
L2_arctic_WAV/HJK_arctic_a0073,"[4, 2, 32, 33, 2, 29, 31, 11, 36, 1, 40, 14, 6, 40, 39, 1, 24, 5, 38, 25, 39, 6, 4, 28, 6, 36, 2, 28, 32, 12, 22, 25, 16, 41, 23, 40, 12, 30, 17, 1, 4, 5, 29]","[17, 2, 32, 33, 2, 29, 31, 11, 36, 1, 34, 14, 6, 34, 39, 1, 24, 41, 38, 25, 39, 6, 17, 28, 6, 36, 2, 28, 32, 12, 22, 25, 16, 41, 23, 34, 12, 30, 17, 1, 17, 41, 29]","[1, 0, 0, 0, 0, 0, 0, 0, 0, 0, 1, 0, 0, 1, 0, 0, 0, 1, 0, 0, 0, 0, 1, 0, 0, 0, 0, 0, 0, 0, 0, 0, 0, 0, 0, 1, 0, 0, 0, 0, 1, 1, 0]"
L2_arctic_WAV/HJK_arctic_a0075,"[4, 5, 33, 24, 41, 40, 16, 6, 30, 2, 35, 19, 6, 30, 18, 9, 25, 6, 30, 1, 12, 32, 36, 6, 17, 24, 6, 29]","[17, 5, 33, 24, 41, 34, 16, 6, 30, 2, 35, 19, 6, 30, 18, 9, 25, 6, 30, 1, 12, 32, 36, 6, 17, 24, 6, 29]","[1, 0, 0, 0, 0, 1, 0, 0, 0, 0, 0, 0, 0, 0, 0, 0, 0, 0, 0, 0, 0, 0, 0, 0, 0, 0, 0, 0]"
L2_arctic_WAV/HJK_arctic_a0076,"[4, 2, 23, 33, 19, 6, 14, 6, 40, 22, 3, 28, 36, 1, 17, 4, 2, 22, 28, 12, 9, 17, 25, 32, 2, 30, 17]","[17, 2, 23, 33, 19, 6, 14, 6, 40, 22, 3, 28, 36, 1, 17, 17, 2, 22, 28, 12, 9, 17, 25, 32, 2, 30, 17]","[1, 0, 0, 0, 0, 0, 0, 0, 0, 0, 0, 0, 0, 0, 0, 1, 0, 0, 0, 0, 0, 0, 0, 0, 0, 0, 0]"
L2_arctic_WAV/HJK_arctic_a0077,"[6, 36, 6, 40, 4, 12, 22, 14, 6, 1, 32, 3, 33, 36, 28, 25, 9, 25, 34, 5, 17]","[6, 36, 6, 40, 17, 12, 22, 14, 6, 1, 32, 3, 33, 36, 28, 25, 9, 25, 34, 41, 17]","[0, 0, 0, 0, 1, 0, 0, 0, 0, 0, 0, 0, 0, 0, 0, 0, 0, 0, 0, 1, 0]"
L2_arctic_WAV/HJK_arctic_a0078,"[4, 5, 30, 41, 30, 17, 41, 36, 34, 12, 32, 1, 24, 25, 36, 33, 14, 6, 17, 36, 2, 22, 41, 4, 2, 29, 24, 1]","[17, 41, 30, 41, 30, 17, 41, 36, 34, 12, 32, 1, 24, 25, 36, 33, 14, 6, 17, 36, 2, 22, 41, 10, 2, 29, 24, 1]","[1, 1, 0, 0, 0, 0, 0, 0, 0, 0, 0, 0, 0, 0, 0, 0, 0, 0, 0, 0, 0, 0, 0, 1, 0, 0, 0, 0]"
L2_arctic_WAV/HJK_arctic_a0079,"[6, 36, 39, 12, 40, 2, 28, 3, 33, 18, 27, 2, 30, 37]","[6, 36, 39, 12, 40, 2, 28, 3, 33, 9, 27, 2, 30, 37]","[0, 0, 0, 0, 0, 0, 0, 0, 0, 1, 0, 0, 0, 0]"
L2_arctic_WAV/HJK_arctic_a0081,"[24, 39, 12, 36, 6, 22, 9, 25, 17, 6, 17, 30, 3, 36, 27, 12, 29, 36, 6, 4, 2, 33, 3, 27]","[24, 39, 12, 36, 6, 22, 9, 25, 17, 6, 17, 30, 3, 36, 27, 12, 29, 36, 6, 17, 2, 33, 3, 27]","[0, 0, 0, 0, 0, 0, 0, 0, 0, 0, 0, 0, 0, 0, 0, 0, 0, 0, 0, 1, 0, 0, 0, 0]"
L2_arctic_WAV/HJK_arctic_a0082,"[24, 6, 40, 22, 19, 6, 34, 39, 2, 40, 34, 36, 33, 25, 29, 6, 7, 39, 6, 4, 16, 28, 12, 17]","[24, 6, 34, 22, 19, 6, 34, 39, 2, 34, 34, 36, 33, 25, 29, 6, 7, 39, 6, 17, 16, 28, 12, 36]","[0, 0, 1, 0, 0, 0, 0, 0, 0, 1, 0, 0, 0, 0, 0, 0, 0, 0, 0, 1, 0, 0, 0, 1]"
L2_arctic_WAV/HJK_arctic_a0085,"[2, 36, 33, 6, 27, 2, 28, 12, 38, 22, 33, 5, 9, 16, 28, 12, 17, 33, 41, 30, 31, 11, 38, 1, 24, 6, 40, 22, 19, 6, 34]","[2, 36, 33, 6, 27, 2, 28, 12, 38, 22, 33, 41, 9, 16, 28, 12, 17, 33, 41, 30, 31, 11, 38, 1, 24, 6, 40, 22, 19, 6, 34]","[0, 0, 0, 0, 0, 0, 0, 0, 0, 0, 0, 1, 0, 0, 0, 0, 0, 0, 0, 0, 0, 0, 0, 0, 0, 0, 0, 0, 0, 0, 0]"
L2_arctic_WAV/HJK_arctic_a0086,"[17, 5, 10, 24, 41, 17, 27, 12, 29, 39, 6, 4, 36, 5, 33, 2, 16, 2, 28, 34, 12, 17, 2, 30, 30, 2, 34]","[17, 41, 10, 24, 41, 17, 27, 12, 29, 39, 6, 36, 36, 5, 33, 2, 16, 2, 28, 34, 12, 17, 2, 30, 30, 2, 34]","[0, 1, 0, 0, 0, 0, 0, 0, 0, 0, 0, 1, 0, 0, 0, 0, 0, 0, 0, 0, 0, 0, 0, 0, 0, 0, 0]"
L2_arctic_WAV/HJK_arctic_a0088,"[24, 25, 29, 19, 6, 17, 9, 11, 33, 4, 41, 36, 4, 2, 29, 41, 23, 2, 40, 25, 30, 39, 2, 40, 28, 31, 11, 17, 6, 17, 41, 30, 17, 33, 25, 40, 37, 29, 17, 24, 6, 40, 32, 41, 17, 28, 6, 7]","[24, 25, 29, 19, 6, 17, 9, 11, 33, 17, 41, 36, 17, 2, 29, 41, 23, 2, 13, 25, 30, 39, 2, 40, 28, 31, 11, 17, 6, 17, 41, 30, 17, 33, 25, 18, 37, 29, 17, 24, 6, 40, 32, 41, 17, 28, 6, 7]","[0, 0, 0, 0, 0, 0, 0, 0, 0, 1, 0, 0, 1, 0, 0, 0, 0, 0, 1, 0, 0, 0, 0, 0, 0, 0, 0, 0, 0, 0, 0, 0, 0, 0, 0, 1, 0, 0, 0, 0, 0, 0, 0, 0, 0, 0, 0, 0]"
L2_arctic_WAV/HJK_arctic_a0089,"[4, 2, 30, 14, 6, 36, 23, 28, 31, 11, 39, 12, 40, 36, 33, 5, 35, 1, 2, 34, 36, 6, 9, 37, 36, 16, 14, 6]","[17, 2, 30, 14, 6, 36, 23, 28, 31, 11, 39, 12, 40, 36, 33, 5, 35, 1, 2, 34, 36, 6, 9, 11, 36, 16, 14, 6]","[1, 0, 0, 0, 0, 0, 0, 0, 0, 0, 0, 0, 0, 0, 0, 0, 0, 0, 0, 0, 0, 0, 0, 1, 0, 0, 0, 0]"
L2_arctic_WAV/HJK_arctic_a0090,"[4, 2, 34, 6, 7, 6, 7, 38, 8, 6, 34, 2, 32, 33, 31, 11, 35, 36, 33, 41, 32, 2, 17, 28, 25]","[17, 2, 34, 6, 7, 7, 38, 8, 6, 34, 2, 32, 33, 31, 11, 35, 36, 33, 41, 32, 2, 17, 28, 25]","[1, 0, 0, 0, 0, 1, 0, 0, 0, 0, 0, 0, 0, 0, 0, 0, 0, 0, 0, 0, 0, 0, 0, 0, 0]"
L2_arctic_WAV/HJK_arctic_a0091,"[24, 6, 40, 16, 28, 12, 17, 23, 33, 37, 24, 3, 36, 39, 6, 4, 33, 19, 6, 18, 41, 36, 4, 2, 10, 8, 36]","[24, 6, 34, 16, 28, 8, 17, 23, 33, 37, 24, 3, 36, 39, 6, 17, 33, 19, 6, 18, 41, 36, 4, 2, 10, 8, 36]","[0, 0, 1, 0, 0, 1, 0, 0, 0, 0, 0, 0, 0, 0, 0, 1, 0, 0, 0, 0, 0, 0, 0, 0, 0, 0, 0]"
L2_arctic_WAV/HJK_arctic_a0092,"[24, 25, 39, 5, 30, 36, 17, 14, 11, 30, 6, 30, 29, 6, 17, 34, 36, 33, 25, 29, 34, 1, 35, 6, 7, 4, 2, 9, 41, 17, 31, 11, 40, 2, 38, 16, 31, 11, 10, 9, 8, 33, 40]","[24, 25, 39, 5, 30, 36, 17, 14, 11, 30, 6, 30, 29, 25, 17, 34, 36, 33, 25, 29, 34, 1, 35, 6, 7, 4, 2, 9, 41, 17, 31, 11, 34, 2, 38, 16, 31, 11, 10, 9, 8, 33, 34]","[0, 0, 0, 0, 0, 0, 0, 0, 0, 0, 0, 0, 0, 1, 0, 0, 0, 0, 0, 0, 0, 0, 0, 0, 0, 0, 0, 0, 0, 0, 0, 0, 1, 0, 0, 0, 0, 0, 0, 0, 0, 0, 1]"
L2_arctic_WAV/HJK_arctic_a0093,"[22, 33, 1, 2, 22, 11, 28, 29, 6, 30, 2, 36, 24, 25, 27, 33, 14, 11, 35, 36, 41, 30, 17, 28, 6, 34, 2, 30, 17]","[22, 33, 1, 2, 22, 37, 28, 29, 6, 30, 2, 36, 24, 25, 27, 33, 14, 11, 35, 36, 41, 30, 17, 28, 6, 34, 2, 30, 36]","[0, 0, 0, 0, 0, 1, 0, 0, 0, 0, 0, 0, 0, 0, 0, 0, 0, 0, 0, 0, 0, 0, 0, 0, 0, 0, 0, 0, 1]"
L2_arctic_WAV/HJK_arctic_a0094,"[24, 25, 24, 41, 17, 16, 5, 33, 28, 25, 5, 30, 36, 1, 17, 4, 6, 34, 39, 5, 30, 24, 25, 34, 8, 4, 12, 23, 28, 31, 11, 12, 38, 2, 22, 14, 6, 1]","[24, 25, 24, 41, 17, 16, 5, 33, 28, 25, 5, 30, 36, 1, 17, 17, 5, 34, 39, 5, 30, 24, 25, 34, 8, 4, 12, 23, 28, 31, 11, 12, 38, 2, 22, 14, 6, 1]","[0, 0, 0, 0, 0, 0, 0, 0, 0, 0, 0, 0, 0, 0, 0, 1, 1, 0, 0, 0, 0, 0, 0, 0, 0, 0, 0, 0, 0, 0, 0, 0, 0, 0, 0, 0, 0, 0]"
L2_arctic_WAV/HJK_arctic_a0095,"[2, 16, 6, 23, 27, 41, 30, 38, 2, 34, 36, 5, 30, 36, 39, 12, 40, 4, 2, 22, 1, 34, 36, 10, 6, 7, 36, 2, 27, 12, 29, 39, 6, 10, 6, 30, 24, 6, 40, 38, 6, 13, 2, 30]","[2, 16, 6, 23, 27, 41, 30, 38, 2, 34, 36, 5, 30, 36, 39, 12, 34, 17, 2, 22, 1, 34, 36, 36, 6, 7, 36, 2, 27, 12, 29, 39, 6, 10, 6, 30, 24, 6, 40, 38, 6, 18, 2, 30]","[0, 0, 0, 0, 0, 0, 0, 0, 0, 0, 0, 0, 0, 0, 0, 0, 1, 1, 0, 0, 0, 0, 0, 1, 0, 0, 0, 0, 0, 0, 0, 0, 0, 0, 0, 0, 0, 0, 0, 0, 0, 1, 0, 0]"
L2_arctic_WAV/HJK_arctic_a0096,"[32, 1, 24, 41, 32, 34, 9, 25, 24, 41, 17, 8, 28, 33, 5, 17, 25, 29, 5, 36, 24, 1, 22, 19, 6, 36, 2, 28, 6, 36, 2, 28, 17, 25, 32, 1, 6, 30, 4, 2, 22, 8, 33, 2, 34, 36]","[32, 1, 24, 41, 32, 34, 9, 25, 24, 41, 17, 8, 28, 33, 5, 17, 25, 29, 41, 36, 24, 1, 22, 19, 6, 36, 2, 28, 6, 36, 2, 28, 17, 25, 32, 1, 6, 30, 4, 2, 22, 8, 33, 2, 34, 36]","[0, 0, 0, 0, 0, 0, 0, 0, 0, 0, 0, 0, 0, 0, 0, 0, 0, 0, 1, 0, 0, 0, 0, 0, 0, 0, 0, 0, 0, 0, 0, 0, 0, 0, 0, 0, 0, 0, 0, 0, 0, 0, 0, 0, 0, 0]"
L2_arctic_WAV/HJK_arctic_a0097,"[4, 5, 30, 26, 37, 27, 41, 30, 1, 19, 6, 30, 18, 26, 1, 34, 5, 28, 22, 27, 12, 29, 22, 1, 36, 2, 16, 28, 25, 2, 29, 12, 7, 4, 25, 40, 33, 31, 11, 16, 40, 6, 30, 4, 2, 16, 31, 11]","[17, 41, 30, 26, 37, 27, 41, 30, 1, 19, 6, 30, 18, 26, 1, 34, 5, 28, 22, 27, 12, 29, 22, 1, 36, 2, 16, 28, 25, 2, 29, 12, 7, 17, 25, 34, 33, 31, 11, 16, 34, 6, 30, 17, 2, 16, 31, 11]","[1, 1, 0, 0, 0, 0, 0, 0, 0, 0, 0, 0, 0, 0, 0, 0, 0, 0, 0, 0, 0, 0, 0, 0, 0, 0, 0, 0, 0, 0, 0, 0, 0, 1, 0, 1, 0, 0, 0, 0, 1, 0, 0, 1, 0, 0, 0, 0]"
L2_arctic_WAV/HJK_arctic_a0098,"[9, 41, 28, 14, 6, 27, 5, 33, 25, 26, 37]","[9, 5, 28, 14, 6, 27, 5, 33, 25, 26, 37]","[0, 1, 0, 0, 0, 0, 0, 0, 0, 0, 0]"
L2_arctic_WAV/HJK_arctic_a0099,"[2, 29, 41, 17, 30, 6, 7, 18, 8, 6, 32, 14, 11, 30, 17, 6, 17, 6, 30, 24, 6, 40, 16, 33, 19, 6, 30]","[2, 29, 41, 17, 30, 6, 7, 18, 8, 6, 32, 14, 11, 30, 17, 6, 17, 6, 30, 24, 6, 34, 16, 33, 19, 6, 30]","[0, 0, 0, 0, 0, 0, 0, 0, 0, 0, 0, 0, 0, 0, 0, 0, 0, 0, 0, 0, 0, 1, 0, 0, 0, 0, 0]"
L2_arctic_WAV/HJK_arctic_a0100,"[26, 37, 29, 12, 34, 36, 34, 28, 25, 32, 24, 25, 1, 18, 17]","[26, 37, 29, 12, 34, 36, 34, 28, 25, 32, 24, 25, 1, 13, 17]","[0, 0, 0, 0, 0, 0, 0, 0, 0, 0, 0, 0, 0, 1, 0]"
L2_arctic_WAV/HJK_arctic_a0101,"[26, 37, 26, 37, 39, 11, 17, 30, 3, 36, 27, 25, 32, 4, 2, 36, 33, 37, 10, 22, 33, 12, 29, 29, 25]","[26, 37, 26, 37, 39, 11, 17, 30, 3, 36, 27, 25, 32, 17, 2, 36, 33, 37, 10, 22, 33, 12, 29, 29, 25]","[0, 0, 0, 0, 0, 0, 0, 0, 0, 0, 0, 0, 0, 1, 0, 0, 0, 0, 0, 0, 0, 0, 0, 0, 0]"
L2_arctic_WAV/HJK_arctic_a0102,"[24, 25, 39, 2, 28, 22, 3, 28, 31, 11, 12, 34, 34, 37, 30]","[24, 25, 39, 2, 28, 22, 3, 28, 31, 11, 12, 34, 34, 37, 30]","[0, 0, 0, 0, 0, 0, 0, 0, 0, 0, 0, 0, 0, 0, 0]"
L2_arctic_WAV/HJK_arctic_a0103,"[16, 12, 36, 4, 5, 33, 27, 19, 6, 29, 30, 31, 11, 32, 33, 3, 29, 2, 34, 22, 33, 12, 29, 4, 2, 16, 31, 11, 12, 38, 4, 2, 27, 2, 30, 37]","[16, 12, 36, 17, 5, 33, 27, 19, 6, 29, 30, 31, 11, 32, 33, 3, 29, 2, 34, 22, 33, 12, 29, 17, 2, 16, 31, 11, 12, 38, 17, 2, 27, 2, 30, 37]","[0, 0, 0, 1, 0, 0, 0, 0, 0, 0, 0, 0, 0, 0, 0, 0, 0, 0, 0, 0, 0, 0, 0, 1, 0, 0, 0, 0, 0, 0, 1, 0, 0, 0, 0, 0]"
L2_arctic_WAV/HJK_arctic_a0104,"[9, 25, 39, 12, 40, 34, 28, 25, 32, 6, 7, 12, 30, 17, 1, 24, 6, 40, 32, 33, 2, 36, 5, 27, 9, 2, 30, 41, 40, 34, 39, 25, 36, 28, 25, 41, 40, 2, 35, 14, 6, 28, 17]","[9, 25, 39, 12, 40, 34, 28, 25, 32, 6, 7, 12, 30, 17, 1, 24, 6, 34, 32, 33, 2, 36, 5, 27, 9, 2, 30, 41, 17, 40, 34, 39, 25, 36, 28, 25, 41, 17, 34, 2, 35, 14, 6, 28, 17]","[0, 0, 0, 0, 0, 0, 0, 0, 0, 0, 0, 0, 0, 0, 0, 0, 0, 1, 0, 0, 0, 0, 0, 0, 0, 0, 0, 0, 0, 0, 0, 0, 0, 0, 0, 0, 1, 0, 0, 0, 0, 0, 0]"
L2_arctic_WAV/HJK_arctic_a0105,"[31, 11, 30, 28, 25, 6, 36, 6, 40, 34, 31, 11, 39, 12, 30, 17, 1, 22, 2, 28, 34, 31, 11, 8, 28, 29, 31, 11, 34, 36, 6, 29, 32, 3, 34, 2, 16, 2, 28, 36, 6, 16, 6, 28, 25, 38]","[31, 11, 30, 28, 25, 6, 36, 6, 36, 34, 34, 31, 11, 39, 12, 30, 17, 1, 22, 2, 28, 34, 31, 11, 8, 28, 29, 31, 11, 34, 36, 6, 29, 32, 3, 34, 2, 16, 2, 28, 36, 6, 16, 6, 28, 25, 38]","[0, 0, 0, 0, 0, 0, 0, 0, 1, 0, 0, 0, 0, 0, 0, 0, 0, 0, 0, 0, 0, 0, 0, 0, 0, 0, 0, 0, 0, 0, 0, 0, 0, 0, 0, 0, 0, 0, 0, 0, 0, 0, 0, 0, 0, 0]"
L2_arctic_WAV/HJK_arctic_a0106,"[4, 25, 25, 29, 31, 11, 9, 2, 30, 39, 6, 35, 9, 25, 24, 41, 17, 34, 2, 32, 33, 5, 34, 36, 16, 1, 34, 36, 22, 8, 33, 10, 30, 14, 11, 6, 30, 2, 35, 31, 11, 27, 6, 7, 34, 3, 16]","[17, 25, 25, 29, 31, 11, 9, 2, 30, 39, 6, 35, 9, 25, 24, 41, 17, 34, 2, 32, 33, 5, 34, 36, 16, 1, 34, 36, 22, 8, 33, 10, 30, 14, 11, 6, 30, 2, 35, 31, 11, 27, 6, 7, 34, 3, 16]","[1, 0, 0, 0, 0, 0, 0, 0, 0, 0, 0, 0, 0, 0, 0, 0, 0, 0, 0, 0, 0, 0, 0, 0, 0, 0, 0, 0, 0, 0, 0, 0, 0, 0, 0, 0, 0, 0, 0, 0, 0, 0, 0, 0, 0, 0, 0]"
L2_arctic_WAV/HJK_arctic_a0107,"[6, 22, 26, 37, 31, 11, 30, 28, 25, 27, 11, 17, 30, 31, 11, 24, 14, 11, 14, 6, 10, 41, 7, 27, 26, 37]","[6, 22, 26, 37, 31, 11, 30, 28, 25, 27, 11, 17, 30, 31, 11, 24, 14, 11, 14, 6, 10, 41, 7, 27, 26, 37]","[0, 0, 0, 0, 0, 0, 0, 0, 0, 0, 0, 0, 0, 0, 0, 0, 0, 0, 0, 0, 0, 0, 0, 0, 0, 0]"
L2_arctic_WAV/HJK_arctic_a0108,"[24, 25, 39, 19, 6, 17, 6, 17, 6, 30, 36, 37, 4, 25, 5, 18, 2, 38, 4, 2, 39, 8, 36, 1, 41, 30, 17, 16, 25, 23, 41, 30, 34, 27, 33, 12, 16, 6, 7, 24, 6, 29, 34, 5, 28, 22]","[24, 25, 39, 19, 6, 17, 6, 17, 6, 30, 36, 37, 17, 25, 41, 18, 2, 38, 4, 2, 39, 8, 36, 1, 41, 30, 17, 16, 25, 23, 41, 30, 34, 27, 33, 12, 16, 6, 7, 24, 6, 29, 34, 5, 28, 22]","[0, 0, 0, 0, 0, 0, 0, 0, 0, 0, 0, 0, 1, 0, 1, 0, 0, 0, 0, 0, 0, 0, 0, 0, 0, 0, 0, 0, 0, 0, 0, 0, 0, 0, 0, 0, 0, 0, 0, 0, 0, 0, 0, 0, 0, 0]"
L2_arctic_WAV/HJK_arctic_a0109,"[17, 37, 26, 37, 30, 31, 11, 4, 41, 36, 26, 37, 1, 9, 19, 6, 27, 6, 7, 29, 14, 6, 27, 3, 30, 22, 2, 17, 2, 30, 34, 6, 30, 26, 37]","[17, 37, 26, 37, 30, 31, 11, 17, 41, 36, 26, 37, 1, 9, 19, 6, 27, 6, 7, 29, 14, 6, 27, 3, 30, 22, 2, 17, 2, 30, 34, 6, 30, 26, 37]","[0, 0, 0, 0, 0, 0, 0, 1, 0, 0, 0, 0, 0, 0, 0, 0, 0, 0, 0, 0, 0, 0, 0, 0, 0, 0, 0, 0, 0, 0, 0, 0, 0, 0, 0]"
L2_arctic_WAV/HJK_arctic_a0111,"[6, 30, 34, 36, 5, 17, 24, 25, 18, 8, 6, 30, 17, 24, 1, 41, 30, 17, 4, 19, 6, 19, 6, 36, 28, 14, 6, 27, 36, 37, 24, 12, 7, 23, 33, 25, 35, 6, 28, 17, 33, 2, 30]","[6, 30, 34, 36, 41, 17, 24, 25, 18, 8, 6, 30, 17, 24, 1, 41, 30, 17, 17, 19, 6, 19, 6, 36, 28, 14, 6, 27, 36, 37, 24, 12, 7, 23, 33, 25, 35, 6, 28, 17, 33, 2, 30]","[0, 0, 0, 0, 1, 0, 0, 0, 0, 0, 0, 0, 0, 0, 0, 0, 0, 0, 1, 0, 0, 0, 0, 0, 0, 0, 0, 0, 0, 0, 0, 0, 0, 0, 0, 0, 0, 0, 0, 0, 0, 0, 0]"
L2_arctic_WAV/HJK_arctic_a0112,"[24, 25, 39, 12, 40, 39, 37, 30, 17, 6, 17, 6, 30, 4, 25, 3, 33, 29]","[24, 25, 39, 12, 34, 39, 37, 30, 17, 6, 17, 6, 30, 17, 25, 3, 33, 29]","[0, 0, 0, 0, 1, 0, 0, 0, 0, 0, 0, 0, 0, 1, 0, 0, 0, 0]"
L2_arctic_WAV/HJK_arctic_a0113,"[14, 6, 34, 2, 32, 31, 11, 40, 26, 37, 32, 6, 27, 36, 4, 41, 36, 28, 6, 7, 23, 31, 11, 12, 32, 2, 29, 12, 7, 4, 25, 6, 30, 17, 25, 2, 30, 40]","[14, 6, 34, 2, 32, 31, 11, 34, 26, 37, 32, 6, 27, 36, 17, 41, 36, 28, 6, 7, 23, 31, 11, 8, 32, 2, 29, 12, 7, 17, 25, 6, 30, 17, 25, 2, 30, 40]","[0, 0, 0, 0, 0, 0, 0, 1, 0, 0, 0, 0, 0, 0, 1, 0, 0, 0, 0, 0, 0, 0, 0, 1, 0, 0, 0, 0, 0, 1, 0, 0, 0, 0, 0, 0, 0, 0]"
L2_arctic_WAV/HJK_arctic_a0115,"[24, 25, 24, 41, 17, 30, 31, 11, 6, 27, 34, 27, 26, 37, 34, 22, 33, 1, 4, 2, 22, 25, 28, 6, 7, 40, 39, 6, 35, 39, 1, 1, 14, 11, 40, 17, 6, 30, 24, 6, 29]","[24, 25, 24, 41, 17, 30, 31, 11, 6, 27, 34, 27, 26, 37, 34, 22, 33, 1, 17, 2, 22, 6, 28, 6, 7, 40, 39, 6, 35, 39, 1, 1, 14, 11, 34, 17, 6, 30, 24, 6, 29]","[0, 0, 0, 0, 0, 0, 0, 0, 0, 0, 0, 0, 0, 0, 0, 0, 0, 0, 1, 0, 0, 1, 0, 0, 0, 0, 0, 0, 0, 0, 0, 0, 0, 0, 1, 0, 0, 0, 0, 0, 0]"
L2_arctic_WAV/HJK_arctic_a0116,"[39, 12, 40, 6, 36, 4, 2, 33, 3, 30, 17, 6, 38, 37, 12, 38, 4, 31, 11, 40, 24, 37, 39, 1, 34, 36, 33, 14, 6, 38, 6, 7, 36, 2, 39, 1, 27, 24, 6, 40, 33, 37, 2, 30]","[39, 12, 40, 6, 36, 4, 2, 33, 3, 30, 17, 6, 38, 37, 12, 38, 17, 31, 11, 34, 24, 37, 39, 1, 34, 36, 33, 14, 6, 38, 6, 7, 36, 2, 39, 1, 27, 24, 6, 40, 33, 37, 25, 30]","[0, 0, 0, 0, 0, 0, 0, 0, 0, 0, 0, 0, 0, 0, 0, 0, 1, 0, 0, 1, 0, 0, 0, 0, 0, 0, 0, 0, 0, 0, 0, 0, 0, 0, 0, 0, 0, 0, 0, 0, 0, 0, 1, 0]"
L2_arctic_WAV/HJK_arctic_a0117,"[9, 25, 41, 17, 6, 17, 39, 6, 4, 18, 5, 30, 26, 2, 39, 2, 30, 34, 6, 29, 32, 2, 10, 25, 6, 30, 24, 1, 22, 19, 6, 34, 41, 30, 17, 38, 8, 6, 34]","[9, 25, 41, 17, 6, 17, 39, 6, 17, 18, 41, 30, 26, 2, 39, 2, 30, 34, 6, 29, 32, 2, 10, 25, 6, 30, 24, 1, 22, 19, 6, 34, 41, 30, 17, 16, 8, 6, 34]","[0, 0, 0, 0, 0, 0, 0, 0, 1, 0, 1, 0, 0, 0, 0, 0, 0, 0, 0, 0, 0, 0, 0, 0, 0, 0, 0, 0, 0, 0, 0, 0, 0, 0, 0, 1, 0, 0, 0]"
L2_arctic_WAV/HJK_arctic_a0120,"[29, 14, 6, 33, 14, 6, 36, 22, 11, 36, 22, 25, 28, 40, 28, 14, 6, 27, 4, 41, 36, 2, 38, 2, 35, 14, 6, 30, 25, 40, 17, 5, 16, 26, 2, 36, 3, 30, 36]","[29, 14, 6, 33, 14, 6, 36, 22, 11, 36, 22, 25, 28, 34, 28, 14, 6, 27, 17, 41, 36, 2, 38, 2, 35, 14, 6, 30, 25, 40, 17, 5, 16, 26, 2, 36, 3, 30, 36]","[0, 0, 0, 0, 0, 0, 0, 0, 0, 0, 0, 0, 0, 1, 0, 0, 0, 0, 1, 0, 0, 0, 0, 0, 0, 0, 0, 0, 0, 0, 0, 0, 0, 0, 0, 0, 0, 0, 0]"
L2_arctic_WAV/HJK_arctic_a0121,"[4, 19, 6, 19, 6, 36, 17, 6, 30, 1, 41, 36, 4, 2, 22, 6, 10, 41, 30, 17, 33, 5, 34, 36, 6, 17, 22, 33, 1, 36, 37, 14, 11, 1, 40]","[17, 19, 6, 19, 6, 36, 17, 6, 30, 1, 41, 36, 4, 2, 22, 6, 10, 41, 30, 17, 33, 41, 34, 36, 6, 17, 22, 33, 1, 36, 37, 14, 11, 1, 34]","[1, 0, 0, 0, 0, 0, 0, 0, 0, 0, 0, 0, 0, 0, 0, 0, 0, 0, 0, 0, 0, 1, 0, 0, 0, 0, 0, 0, 0, 0, 0, 0, 0, 0, 1]"
L2_arctic_WAV/HJK_arctic_a0122,"[36, 37, 26, 6, 33, 40, 2, 23, 31, 11, 14, 6, 23, 19, 6, 38, 12, 32, 34, 6, 38, 2, 28, 6, 40, 19, 6, 9, 2, 30, 22, 33, 1, 4, 6, 34]","[36, 37, 26, 6, 33, 34, 2, 23, 31, 11, 14, 6, 23, 19, 6, 38, 12, 32, 34, 6, 38, 2, 28, 6, 13, 19, 6, 9, 2, 30, 22, 33, 1, 17, 6, 34]","[0, 0, 0, 0, 0, 1, 0, 0, 0, 0, 0, 0, 0, 0, 0, 0, 0, 0, 0, 0, 0, 0, 0, 0, 1, 0, 0, 0, 0, 0, 0, 0, 0, 1, 0, 0]"
L2_arctic_WAV/HJK_arctic_a0123,"[9, 25, 24, 41, 17, 17, 14, 6, 17, 22, 1, 29, 27, 31, 11, 28, 17, 2, 30, 17, 34, 36, 3, 33, 38, 19, 6, 9, 2, 30]","[9, 25, 24, 41, 17, 17, 14, 6, 17, 22, 1, 29, 27, 31, 11, 28, 17, 2, 30, 17, 34, 36, 1, 33, 38, 19, 6, 9, 2, 30]","[0, 0, 0, 0, 0, 0, 0, 0, 0, 0, 0, 0, 0, 0, 0, 0, 0, 0, 0, 0, 0, 0, 1, 0, 0, 0, 0, 0, 0, 0]"
L2_arctic_WAV/HJK_arctic_a0125,"[24, 25, 39, 12, 40, 17, 6, 36, 1, 29, 2, 30, 17, 30, 14, 11, 36, 37, 29, 19, 6, 30, 36, 19, 6, 30, 2, 29, 8, 33, 34, 1, 36, 2, 30, 24, 31, 11, 28, 17, 2, 32, 3, 30, 24, 6, 29, 34, 5, 28, 22]","[24, 25, 39, 12, 34, 17, 6, 36, 1, 29, 2, 30, 17, 30, 14, 11, 36, 37, 29, 19, 6, 30, 36, 19, 6, 30, 2, 29, 8, 33, 34, 1, 36, 2, 30, 24, 31, 11, 28, 17, 2, 32, 3, 30, 24, 6, 29, 34, 5, 28, 22]","[0, 0, 0, 0, 1, 0, 0, 0, 0, 0, 0, 0, 0, 0, 0, 0, 0, 0, 0, 0, 0, 0, 0, 0, 0, 0, 0, 0, 0, 0, 0, 0, 0, 0, 0, 0, 0, 0, 0, 0, 0, 0, 0, 0, 0, 0, 0, 0, 0, 0, 0]"
L2_arctic_WAV/HJK_arctic_a0126,"[25, 35, 17, 19, 6, 9, 25, 16, 25, 27, 19, 6, 29, 2, 29, 8, 33, 38, 14, 6, 36, 2, 28, 32, 3, 33, 36, 2, 38, 24, 6, 29]","[6, 35, 17, 19, 6, 9, 25, 16, 25, 27, 19, 6, 29, 2, 29, 8, 33, 38, 14, 6, 36, 2, 28, 32, 3, 33, 36, 2, 38, 24, 6, 29]","[1, 0, 0, 0, 0, 0, 0, 0, 0, 0, 0, 0, 0, 0, 0, 0, 0, 0, 0, 0, 0, 0, 0, 0, 0, 0, 0, 0, 0, 0, 0, 0]"
L2_arctic_WAV/HJK_arctic_a0127,"[6, 36, 39, 12, 40, 2, 36, 5, 29, 36, 19, 6, 9, 2, 30, 16, 12, 36, 24, 25, 33, 25, 40, 6, 34, 36, 6, 17, 6, 36]","[6, 36, 39, 12, 34, 2, 36, 5, 29, 36, 19, 6, 9, 2, 30, 16, 12, 36, 24, 25, 33, 25, 18, 6, 34, 36, 6, 17, 6, 36]","[0, 0, 0, 0, 1, 0, 0, 0, 0, 0, 0, 0, 0, 0, 0, 0, 0, 0, 0, 0, 0, 0, 1, 0, 0, 0, 0, 0, 0, 0]"
L2_arctic_WAV/HJK_arctic_a0128,"[4, 6, 34, 39, 12, 30, 24, 31, 11, 32, 39, 12, 40, 17, 6, 34, 36, 33, 8, 6, 17, 41, 40, 27, 39, 6, 27, 28, 25, 41, 40, 6, 36, 39, 12, 40, 16, 8, 33, 30]","[17, 6, 34, 39, 12, 30, 24, 31, 11, 32, 39, 12, 34, 17, 6, 34, 36, 33, 8, 6, 17, 41, 34, 27, 39, 6, 27, 28, 25, 41, 34, 6, 36, 39, 12, 34, 16, 8, 33, 30]","[1, 0, 0, 0, 0, 0, 0, 0, 0, 0, 0, 0, 1, 0, 0, 0, 0, 0, 0, 0, 0, 0, 1, 0, 0, 0, 0, 0, 0, 0, 1, 0, 0, 0, 0, 1, 0, 0, 0, 0]"
L2_arctic_WAV/HJK_arctic_a0129,"[24, 1, 22, 19, 6, 34, 39, 12, 40, 2, 23, 5, 30, 34, 36, 24, 6, 40, 16, 33, 5, 34, 36]","[24, 1, 22, 19, 6, 34, 39, 12, 40, 2, 23, 41, 30, 34, 36, 24, 6, 40, 16, 33, 5, 34, 36]","[0, 0, 0, 0, 0, 0, 0, 0, 0, 0, 0, 1, 0, 0, 0, 0, 0, 0, 0, 0, 0, 0, 0]"
L2_arctic_WAV/HJK_arctic_a0130,"[9, 25, 39, 12, 40, 24, 6, 40, 30, 14, 11, 22, 1, 5, 38, 1]","[9, 25, 39, 12, 34, 24, 6, 34, 30, 14, 11, 22, 1, 5, 38, 1]","[0, 0, 0, 0, 1, 0, 0, 1, 0, 0, 0, 0, 0, 0, 0, 0]"
L2_arctic_WAV/HJK_arctic_a0131,"[32, 33, 3, 38, 2, 17, 2, 30, 34, 24, 41, 17, 17, 6, 28, 6, 38, 1, 17, 24, 6, 29, 10, 33, 37, 4, 2, 29, 19, 6, 28, 34, 36, 33, 2, 29]","[32, 33, 3, 38, 2, 17, 2, 30, 34, 24, 41, 17, 17, 6, 28, 6, 38, 1, 17, 24, 6, 29, 10, 33, 37, 17, 2, 29, 19, 6, 28, 34, 36, 33, 2, 29]","[0, 0, 0, 0, 0, 0, 0, 0, 0, 0, 0, 0, 0, 0, 0, 0, 0, 0, 0, 0, 0, 0, 0, 0, 0, 1, 0, 0, 0, 0, 0, 0, 0, 0, 0, 0]"
L2_arctic_WAV/HJK_arctic_a0134,"[24, 25, 31, 11, 16, 19, 6, 17, 4, 2, 32, 33, 5, 9, 1, 2, 38, 24, 1, 24, 41, 30, 17]","[24, 25, 31, 11, 16, 19, 6, 17, 17, 2, 32, 33, 5, 9, 1, 2, 38, 24, 1, 24, 41, 30, 17]","[0, 0, 0, 0, 0, 0, 0, 0, 1, 0, 0, 0, 0, 0, 0, 0, 0, 0, 0, 0, 0, 0, 0]"
L2_arctic_WAV/HJK_arctic_a0136,"[2, 16, 14, 11, 36, 24, 6, 29, 5, 38, 33, 25, 39, 5, 33, 39, 1, 4, 25, 5, 38, 2, 17, 2, 30, 34, 2, 40, 2, 38, 28, 12, 23, 13, 1, 25, 41, 30, 17, 2, 38, 19, 6, 18]","[2, 16, 8, 36, 24, 6, 29, 5, 38, 33, 25, 39, 5, 33, 39, 1, 17, 25, 5, 38, 2, 17, 2, 30, 34, 2, 34, 2, 38, 28, 12, 23, 13, 1, 25, 41, 30, 17, 2, 38, 19, 6, 9]","[0, 0, 1, 1, 0, 0, 0, 0, 0, 0, 0, 0, 0, 0, 0, 0, 0, 1, 0, 0, 0, 0, 0, 0, 0, 0, 0, 1, 0, 0, 0, 0, 0, 0, 0, 0, 0, 0, 0, 0, 0, 0, 0, 1]"
L2_arctic_WAV/HJK_arctic_a0137,"[4, 5, 30, 24, 25, 34, 36, 5, 32, 36, 16, 41, 27, 39, 6, 4, 2, 28, 31, 11, 27, 33, 14, 6, 2, 38, 32, 28, 5, 13, 1]","[17, 41, 30, 24, 25, 34, 36, 5, 32, 36, 16, 41, 27, 39, 6, 17, 2, 28, 31, 11, 27, 33, 14, 6, 2, 38, 32, 28, 5, 18, 1]","[1, 1, 0, 0, 0, 0, 0, 0, 0, 0, 0, 0, 0, 0, 0, 1, 0, 0, 0, 0, 0, 0, 0, 0, 0, 0, 0, 0, 0, 1, 0]"
L2_arctic_WAV/HJK_arctic_a0139,"[24, 25, 36, 31, 11, 28, 17, 24, 6, 29, 34, 5, 28, 22, 4, 41, 36, 41, 40, 24, 25, 39, 3, 9, 36, 24, 6, 29, 34, 5, 28, 22, 41, 30, 17, 23, 33, 37, 29, 17, 24, 6, 40, 17, 6, 9, 5, 38, 2, 28, 17, 27, 28, 31, 11, 4, 40]","[24, 25, 36, 31, 11, 28, 17, 24, 6, 29, 34, 5, 28, 22, 4, 41, 36, 41, 40, 24, 25, 39, 3, 9, 36, 24, 6, 29, 34, 5, 28, 22, 41, 30, 17, 23, 33, 37, 29, 17, 24, 6, 40, 17, 6, 9, 6, 38, 2, 28, 17, 27, 28, 31, 11, 4, 34]","[0, 0, 0, 0, 0, 0, 0, 0, 0, 0, 0, 0, 0, 0, 0, 0, 0, 0, 0, 0, 0, 0, 0, 0, 0, 0, 0, 0, 0, 0, 0, 0, 0, 0, 0, 0, 0, 0, 0, 0, 0, 0, 0, 0, 0, 0, 1, 0, 0, 0, 0, 0, 0, 0, 0, 0, 1]"
L2_arctic_WAV/HJK_arctic_a0143,"[3, 14, 6, 24, 41, 17, 22, 1, 23, 3, 36, 2, 30, 24, 25, 6, 27, 34, 27, 28, 19, 6, 29, 17]","[3, 14, 6, 24, 41, 17, 22, 1, 23, 3, 36, 2, 30, 24, 25, 6, 27, 34, 27, 28, 19, 6, 29, 17]","[0, 0, 0, 0, 0, 0, 0, 0, 0, 0, 0, 0, 0, 0, 0, 0, 0, 0, 0, 0, 0, 0, 0, 0]"
L2_arctic_WAV/HJK_arctic_a0144,"[16, 12, 36, 4, 5, 33, 39, 12, 40, 34, 12, 29, 10, 6, 7, 25, 38, 6, 30, 29, 8, 33, 34, 36, 3, 33, 36, 2, 28, 6, 7, 4, 41, 30, 4, 6, 34, 33, 25, 40, 5, 29, 16, 28, 2, 30, 34]","[16, 12, 36, 17, 5, 33, 39, 12, 17, 34, 34, 12, 29, 10, 6, 7, 25, 38, 6, 30, 29, 8, 33, 34, 36, 3, 33, 36, 28, 6, 7, 17, 41, 30, 17, 6, 34, 33, 25, 40, 5, 29, 16, 28, 2, 30, 34]","[0, 0, 0, 1, 0, 0, 0, 0, 1, 0, 0, 0, 0, 0, 0, 0, 0, 0, 0, 0, 0, 0, 0, 0, 0, 0, 0, 1, 0, 0, 0, 1, 0, 0, 1, 0, 0, 0, 0, 0, 0, 0, 0, 0, 0, 0, 0]"
L2_arctic_WAV/HJK_arctic_a0145,"[14, 6, 24, 41, 38, 36, 6, 16, 25, 27, 5, 33, 22, 2, 28, 12, 38, 4, 5, 29, 41, 40, 4, 19, 6, 36, 6, 33, 38, 5, 33, 25, 25, 40, 2, 28, 25]","[14, 6, 24, 41, 38, 36, 6, 16, 25, 27, 5, 33, 22, 2, 28, 12, 38, 17, 41, 29, 41, 40, 4, 19, 6, 36, 6, 33, 38, 5, 33, 25, 25, 40, 2, 28, 25]","[0, 0, 0, 0, 0, 0, 0, 0, 0, 0, 0, 0, 0, 0, 0, 0, 0, 1, 1, 0, 0, 0, 0, 0, 0, 0, 0, 0, 0, 0, 0, 0, 0, 0, 0, 0, 0]"
L2_arctic_WAV/HJK_arctic_a0148,"[30, 14, 11, 4, 25, 40, 10, 6, 7, 40, 24, 41, 17, 16, 6, 30, 34, 36, 33, 12, 27, 17, 5, 17, 39, 6, 10, 6, 30, 24, 6, 29]","[30, 14, 11, 17, 25, 34, 10, 25, 7, 34, 24, 41, 17, 16, 6, 30, 34, 36, 33, 12, 27, 17, 41, 17, 39, 6, 10, 6, 30, 24, 6, 29]","[0, 0, 0, 1, 0, 1, 0, 1, 0, 1, 0, 0, 0, 0, 0, 0, 0, 0, 0, 0, 0, 0, 1, 0, 0, 0, 0, 0, 0, 0, 0, 0]"
L2_arctic_WAV/HJK_arctic_a0168,"[28, 31, 11, 16, 11, 9, 24, 39, 6, 32, 36, 24, 6, 29, 6, 30, 4, 2, 22, 19, 6, 34, 41, 30, 17, 28, 5, 22, 36, 30, 31, 11, 34, 36, 6, 7]","[28, 31, 11, 16, 11, 9, 24, 39, 6, 32, 36, 24, 6, 29, 6, 30, 4, 2, 22, 19, 6, 34, 41, 30, 17, 28, 5, 22, 36, 30, 31, 11, 34, 36, 6, 7]","[0, 0, 0, 0, 0, 0, 0, 0, 0, 0, 0, 0, 0, 0, 0, 0, 0, 0, 0, 0, 0, 0, 0, 0, 0, 0, 0, 0, 0, 0, 0, 0, 0, 0, 0, 0]"
L2_arctic_WAV/HJK_arctic_a0178,"[5, 38, 33, 25, 16, 31, 11, 30, 6, 30, 24, 1, 19, 6, 18, 17, 16, 3, 17, 25, 34, 25, 29, 17, 16, 33, 31, 11, 27, 2, 30, 8, 33, 17, 6, 34, 28, 31, 11, 27, 19, 6, 36, 6, 17]","[5, 38, 33, 25, 16, 31, 11, 30, 6, 30, 24, 1, 19, 6, 18, 17, 16, 3, 17, 25, 34, 25, 29, 17, 16, 33, 37, 27, 2, 30, 8, 33, 17, 6, 34, 28, 31, 11, 27, 19, 6, 36, 6, 17]","[0, 0, 0, 0, 0, 0, 0, 0, 0, 0, 0, 0, 0, 0, 0, 0, 0, 0, 0, 0, 0, 0, 0, 0, 0, 0, 1, 1, 0, 0, 0, 0, 0, 0, 0, 0, 0, 0, 0, 0, 0, 0, 0, 0, 0]"
L2_arctic_WAV/HJK_arctic_a0209,"[6, 36, 39, 12, 40, 30, 3, 36, 2, 28, 3, 33, 18, 28, 19, 6, 27, 41, 30, 17, 8, 28, 29, 31, 11, 34, 36, 33, 14, 11, 30, 17]","[6, 36, 39, 12, 40, 30, 3, 36, 2, 28, 3, 33, 9, 28, 19, 6, 27, 41, 30, 17, 8, 28, 29, 31, 11, 34, 36, 33, 12, 30, 17]","[0, 0, 0, 0, 0, 0, 0, 0, 0, 0, 0, 0, 1, 0, 0, 0, 0, 0, 0, 0, 0, 0, 0, 0, 0, 0, 0, 0, 1, 1, 0, 0]"
L2_arctic_WAV/HJK_arctic_a0233,"[14, 6, 30, 5, 38, 1, 2, 28, 14, 11, 39, 12, 36, 27, 41, 30, 36, 16, 25, 35, 19, 6, 30, 18, 17, 36, 37, 2, 30, 8, 6, 29, 25]","[14, 6, 30, 5, 38, 1, 2, 28, 14, 11, 39, 12, 36, 27, 41, 30, 36, 16, 25, 35, 19, 6, 30, 18, 17, 36, 37, 2, 30, 8, 6, 29, 25]","[0, 0, 0, 0, 0, 0, 0, 0, 0, 0, 0, 0, 0, 0, 0, 0, 0, 0, 0, 0, 0, 0, 0, 0, 0, 0, 0, 0, 0, 0, 0, 0, 0]"
L2_arctic_WAV/HJK_arctic_a0258,"[34, 31, 11, 27, 36, 6, 30, 34, 25, 39, 3, 36, 1, 4, 19, 6, 8, 22, 34, 5, 36, 4, 25, 24, 25, 36, 33, 19, 6, 40]","[34, 31, 11, 27, 36, 6, 30, 34, 25, 39, 3, 36, 1, 4, 19, 6, 8, 22, 34, 5, 36, 17, 25, 24, 25, 36, 33, 19, 6, 34]","[0, 0, 0, 0, 0, 0, 0, 0, 0, 0, 0, 0, 0, 0, 0, 0, 0, 0, 0, 0, 0, 1, 0, 0, 0, 0, 0, 0, 0, 1]"
L2_arctic_WAV/HJK_arctic_a0260,"[30, 31, 11, 16, 3, 17, 25, 30, 26, 37, 24, 6, 40, 24, 6, 34, 36, 1, 25, 4, 19, 6, 12, 38, 4, 2, 24, 11, 30, 36, 2, 28, 25, 34, 36, 2, 38, 8, 28]","[30, 31, 11, 16, 3, 17, 25, 30, 26, 37, 24, 25, 34, 24, 25, 34, 36, 1, 25, 17, 19, 6, 12, 38, 4, 2, 24, 11, 30, 36, 2, 28, 5, 34, 36, 2, 38, 8, 28]","[0, 0, 0, 0, 0, 0, 0, 0, 0, 0, 0, 1, 1, 0, 1, 0, 0, 0, 0, 1, 0, 0, 0, 0, 0, 0, 0, 0, 0, 0, 0, 0, 1, 0, 0, 0, 0, 0, 0]"
L2_arctic_WAV/HJK_arctic_a0271,"[30, 14, 11, 32, 28, 25, 40, 23, 6, 38, 2, 32, 28, 19, 6, 30, 34, 36, 19, 6, 36, 29, 2, 30, 36, 12, 38, 39, 12, 36, 2, 27, 1, 17]","[30, 14, 11, 32, 28, 25, 34, 23, 25, 38, 2, 32, 28, 19, 6, 30, 34, 36, 19, 6, 36, 29, 5, 30, 36, 12, 38, 39, 12, 36, 2, 27, 1, 17]","[0, 0, 0, 0, 0, 0, 1, 0, 1, 0, 0, 0, 0, 0, 0, 0, 0, 0, 0, 0, 0, 0, 1, 0, 0, 0, 0, 0, 0, 0, 0, 0, 0, 0]"
L2_arctic_WAV/HJK_arctic_a0272,"[26, 37, 27, 41, 30, 36, 19, 6, 27, 2, 38, 19, 6, 27, 19, 6, 9, 2, 30, 3, 30, 32, 19, 6]","[26, 37, 27, 41, 30, 36, 19, 6, 27, 2, 38, 19, 6, 27, 19, 6, 9, 2, 30, 3, 30, 32, 19, 6]","[0, 0, 0, 0, 0, 0, 0, 0, 0, 0, 0, 0, 0, 0, 0, 0, 0, 0, 0, 0, 0, 0, 0, 0]"
L2_arctic_WAV/HJK_arctic_a0303,"[16, 12, 36, 4, 19, 6, 29, 19, 6, 27, 4, 2, 29, 6, 34, 36, 19, 6, 27, 2, 38, 6, 23, 30, 8, 33, 6, 7, 4, 5, 33, 31, 11, 30, 17, 37, 41, 28, 2, 36, 25]","[16, 12, 36, 17, 19, 6, 29, 19, 6, 27, 17, 2, 29, 6, 34, 36, 19, 6, 27, 2, 38, 6, 23, 30, 8, 33, 6, 7, 17, 5, 33, 31, 11, 30, 17, 37, 41, 28, 2, 36, 25]","[0, 0, 0, 1, 0, 0, 0, 0, 0, 0, 1, 0, 0, 0, 0, 0, 0, 0, 0, 0, 0, 0, 0, 0, 0, 0, 0, 0, 1, 0, 0, 0, 0, 0, 0, 0, 0, 0, 0, 0, 0]"
L2_arctic_WAV/HJK_arctic_a0345,"[9, 25, 39, 12, 40, 36, 33, 14, 6, 6, 7, 36, 2, 32, 41, 34, 4, 25, 19, 6, 32, 33, 2, 30, 34, 36, 33, 6, 7, 1, 14, 11, 30, 17, 24, 6, 29]","[9, 25, 39, 12, 34, 36, 33, 14, 6, 6, 7, 36, 2, 32, 41, 34, 4, 25, 19, 6, 32, 33, 2, 30, 34, 36, 33, 6, 7, 1, 14, 11, 30, 17, 24, 6, 29]","[0, 0, 0, 0, 1, 0, 0, 0, 0, 0, 0, 0, 0, 0, 0, 0, 0, 0, 0, 0, 0, 0, 0, 0, 0, 0, 0, 0, 0, 0, 0, 0, 0, 0, 0, 0, 0]"
L2_arctic_WAV/HJK_arctic_a0364,"[39, 25, 24, 41, 38, 32, 28, 5, 30, 25, 2, 38, 27, 41, 32, 6, 36, 2, 28, 3, 33, 34, 5, 28, 38, 40, 41, 30, 17, 26, 5, 36, 39, 25, 39, 3, 30, 36, 29, 8, 33]","[39, 25, 24, 41, 16, 32, 28, 5, 30, 25, 2, 38, 27, 41, 32, 6, 36, 2, 28, 3, 33, 34, 5, 28, 38, 40, 41, 30, 17, 26, 41, 36, 39, 25, 39, 3, 30, 36, 29, 8, 33]","[0, 0, 0, 0, 1, 0, 0, 0, 0, 0, 0, 0, 0, 0, 0, 0, 0, 0, 0, 0, 0, 0, 0, 0, 0, 0, 0, 0, 0, 0, 1, 0, 0, 0, 0, 0, 0, 0, 0, 0, 0]"
L2_arctic_WAV/HJK_arctic_a0365,"[4, 25, 40, 33, 37, 29, 1, 40, 29, 19, 6, 25, 38, 6, 30, 1, 6, 18, 2, 30, 19, 6, 36, 39, 6, 4, 12, 34]","[17, 25, 34, 33, 37, 29, 1, 34, 29, 19, 6, 25, 38, 6, 30, 1, 6, 18, 2, 30, 19, 6, 36, 39, 6, 4, 12, 34]","[1, 0, 1, 0, 0, 0, 0, 1, 0, 0, 0, 0, 0, 0, 0, 0, 0, 0, 0, 0, 0, 0, 0, 0, 0, 0, 0, 0]"
L2_arctic_WAV/HJK_arctic_a0369,"[6, 30, 32, 3, 33, 36, 30, 1, 9, 6, 32, 39, 6, 10, 17, 19, 6, 28, 14, 6, 36, 4, 2, 32, 5, 33, 33, 19, 6, 17, 6, 17, 4, 2, 34, 41, 30, 24, 31, 11, 40, 19, 6, 6, 30, 36, 1, 1, 16, 2, 30]","[6, 30, 32, 3, 33, 36, 30, 1, 9, 6, 32, 39, 6, 10, 17, 19, 6, 28, 14, 6, 36, 4, 2, 32, 5, 33, 33, 19, 6, 17, 6, 17, 17, 2, 34, 41, 30, 18, 31, 11, 34, 6, 30, 36, 1, 1, 16, 2, 30]","[0, 0, 0, 0, 0, 0, 0, 0, 0, 0, 0, 0, 0, 0, 0, 0, 0, 0, 0, 0, 0, 0, 0, 0, 0, 0, 0, 0, 0, 0, 0, 0, 1, 0, 0, 0, 0, 1, 0, 0, 1, 1, 1, 0, 0, 0, 0, 0, 0, 0, 0]"
L2_arctic_WAV/HJK_arctic_a0375,"[4, 2, 16, 11, 35, 1, 40, 41, 30, 17, 29, 25, 36, 27, 12, 36, 1, 40, 33, 6, 22, 26, 37, 40, 17, 36, 6, 24, 41, 30, 17, 2, 28, 29, 25, 36, 17, 5, 34, 36, 6, 30, 17, 22, 33, 1, 12, 30, 22, 5, 33, 33, 5, 34, 36, 1, 3, 30, 36, 34]","[17, 2, 16, 11, 35, 1, 34, 41, 30, 17, 29, 6, 36, 27, 8, 36, 1, 34, 33, 6, 22, 26, 37, 34, 17, 36, 6, 24, 41, 30, 17, 2, 28, 29, 25, 36, 17, 5, 34, 36, 25, 30, 17, 22, 33, 1, 12, 30, 22, 5, 33, 33, 5, 34, 36, 1, 3, 30, 36, 34]","[1, 0, 0, 0, 0, 0, 1, 0, 0, 0, 0, 1, 0, 0, 1, 0, 0, 1, 0, 0, 0, 0, 0, 1, 0, 0, 0, 0, 0, 0, 0, 0, 0, 0, 0, 0, 0, 0, 0, 0, 1, 0, 0, 0, 0, 0, 0, 0, 0, 0, 0, 0, 0, 0, 0, 0, 0, 0, 0, 0]"
L2_arctic_WAV/HJK_arctic_a0378,"[4, 41, 36, 34, 39, 14, 6, 6, 36, 34, 16, 14, 11, 30, 17, 1, 25, 40, 3, 33, 8, 28, 23, 14, 11, 18, 17, 41, 30, 17, 18, 41, 23, 17]","[17, 41, 36, 34, 39, 14, 6, 6, 36, 34, 16, 14, 11, 30, 17, 1, 25, 34, 3, 33, 8, 28, 23, 14, 11, 9, 17, 41, 30, 17, 18, 41, 23, 17]","[1, 0, 0, 0, 0, 0, 0, 0, 0, 0, 0, 0, 0, 0, 0, 0, 0, 1, 0, 0, 0, 0, 0, 0, 0, 1, 0, 0, 0, 0, 0, 0, 0, 0]"
L2_arctic_WAV/HJK_arctic_a0379,"[24, 14, 11, 31, 11, 28, 17, 1, 26, 37, 17, 41, 17, 25]","[24, 14, 11, 31, 11, 28, 17, 1, 26, 37, 17, 41, 17, 25]","[0, 0, 0, 0, 0, 0, 0, 0, 0, 0, 0, 0, 0, 0]"
L2_arctic_WAV/HJK_arctic_a0384,"[4, 2, 22, 3, 33, 29, 1, 39, 1, 27, 34, 4, 2, 34, 8, 6, 28, 41, 30, 17, 32, 33, 2, 17, 37, 34, 6, 40, 23, 33, 19, 6, 30]","[17, 2, 22, 3, 33, 29, 1, 39, 1, 27, 34, 4, 2, 34, 8, 6, 28, 41, 30, 17, 32, 33, 2, 17, 37, 34, 6, 34, 23, 33, 19, 6, 30]","[1, 0, 0, 0, 0, 0, 0, 0, 0, 0, 0, 0, 0, 0, 0, 0, 0, 0, 0, 0, 0, 0, 0, 0, 0, 0, 0, 1, 0, 0, 0, 0, 0]"
L2_arctic_WAV/HJK_arctic_a0416,"[4, 25, 41, 17, 6, 17, 39, 19, 6, 36, 24, 41, 17, 2, 38, 2, 28, 3, 34, 2, 36, 25, 2, 38, 22, 6, 22, 36, 25, 30, 29, 14, 6, 28, 40, 32, 1, 14, 11, 1]","[17, 25, 41, 17, 6, 17, 39, 19, 6, 36, 24, 41, 17, 2, 38, 2, 28, 31, 11, 34, 2, 36, 25, 2, 38, 22, 6, 22, 36, 25, 30, 29, 14, 6, 28, 34, 32, 1, 14, 11, 1]","[1, 0, 0, 0, 0, 0, 0, 0, 0, 0, 0, 0, 0, 0, 0, 0, 0, 1, 0, 0, 0, 0, 0, 0, 0, 0, 0, 0, 0, 0, 0, 0, 0, 0, 1, 0, 0, 0, 0, 0]"
L2_arctic_WAV/HJK_arctic_a0442,"[26, 37, 28, 6, 38, 3, 30, 2, 30, 6, 30, 27, 12, 29, 39, 6, 35, 26, 11, 33, 22, 3, 4, 1, 1, 33, 30, 17]","[26, 37, 28, 25, 38, 3, 30, 2, 30, 25, 30, 27, 12, 29, 39, 6, 35, 26, 11, 33, 22, 3, 4, 1, 8, 33, 30, 17]","[0, 0, 0, 1, 0, 0, 0, 0, 0, 1, 0, 0, 0, 0, 0, 0, 0, 0, 0, 0, 0, 0, 0, 0, 1, 0, 0, 0]"
L2_arctic_WAV/HJK_arctic_a0475,"[24, 6, 40, 14, 11, 36, 34, 36, 33, 5, 35, 36, 3, 33, 29, 17, 33, 3, 32, 36, 36, 37, 24, 6, 40, 34, 14, 6, 17, 41, 30, 17, 24, 25, 32, 8, 40, 17]","[24, 25, 34, 14, 11, 36, 34, 36, 33, 5, 35, 36, 3, 33, 29, 17, 33, 3, 32, 36, 36, 37, 24, 6, 36, 34, 34, 14, 6, 17, 41, 30, 17, 24, 25, 32, 8, 34, 17]","[0, 1, 1, 0, 0, 0, 0, 0, 0, 0, 0, 0, 0, 0, 0, 0, 0, 0, 0, 0, 0, 0, 0, 0, 1, 0, 0, 0, 0, 0, 0, 0, 0, 0, 0, 0, 1, 0]"
L2_arctic_WAV/HJK_arctic_a0495,"[24, 25, 16, 8, 33, 30, 31, 11, 23, 33, 12, 18, 6, 40, 41, 30, 17, 24, 41, 17, 22, 26, 37, 5, 30, 2, 29, 25, 40]","[24, 25, 16, 8, 33, 30, 31, 11, 23, 33, 12, 35, 6, 34, 41, 30, 17, 24, 41, 17, 22, 26, 37, 5, 30, 2, 29, 5, 34]","[0, 0, 0, 0, 0, 0, 0, 0, 0, 0, 0, 1, 0, 1, 0, 0, 0, 0, 0, 0, 0, 0, 0, 0, 0, 0, 0, 1, 1]"
L2_arctic_WAV/HJK_arctic_a0542,"[39, 6, 4, 14, 11, 36, 2, 17, 14, 11, 36, 34, 12, 29, 2, 38, 4, 5, 29, 24, 41, 38, 17, 6, 30, 1, 5, 30, 23, 19, 6, 18, 29, 2, 30, 36, 34]","[39, 6, 4, 14, 11, 36, 2, 17, 14, 11, 36, 34, 12, 29, 2, 38, 17, 5, 29, 24, 41, 16, 17, 6, 30, 1, 5, 30, 23, 19, 6, 9, 29, 2, 30, 36, 34]","[0, 0, 0, 0, 0, 0, 0, 0, 0, 0, 0, 0, 0, 0, 0, 0, 1, 0, 0, 0, 0, 1, 0, 0, 0, 0, 0, 0, 0, 0, 0, 1, 0, 0, 0, 0, 0]"
L2_arctic_WAV/HJK_arctic_b0019,"[24, 6, 40, 34, 28, 6, 29, 24, 41, 30, 17, 40, 23, 33, 6, 32, 36, 4, 25, 5, 18, 6, 40, 2, 38, 4, 2, 36, 19, 6, 16, 2, 28]","[24, 25, 17, 34, 34, 28, 6, 29, 24, 41, 30, 17, 34, 23, 33, 6, 32, 36, 4, 25, 41, 18, 6, 34, 2, 38, 4, 2, 36, 19, 6, 16, 2, 28]","[0, 1, 1, 0, 0, 0, 0, 0, 0, 0, 0, 1, 0, 0, 0, 0, 0, 0, 0, 1, 0, 0, 1, 0, 0, 0, 0, 0, 0, 0, 0, 0, 0]"
L2_arctic_WAV/HJK_arctic_b0022,"[6, 22, 14, 6, 39, 12, 40, 14, 11, 36, 2, 38, 4, 25, 23, 19, 6, 29, 6, 36, 39, 11, 17, 16, 25, 25, 40, 2, 28, 25, 29, 19, 6, 17]","[6, 22, 14, 6, 39, 12, 40, 14, 11, 36, 2, 38, 4, 25, 23, 19, 6, 29, 6, 36, 39, 11, 17, 16, 25, 25, 40, 2, 28, 25, 29, 19, 6, 17]","[0, 0, 0, 0, 0, 0, 0, 0, 0, 0, 0, 0, 0, 0, 0, 0, 0, 0, 0, 0, 0, 0, 0, 0, 0, 0, 0, 0, 0, 0, 0, 0, 0, 0]"
L2_arctic_WAV/HJK_arctic_b0047,"[34, 2, 32, 31, 11, 40, 26, 37, 34, 8, 29, 25, 41, 36, 39, 1, 27, 10, 33, 37, 4, 2, 39, 6, 30, 17, 31, 11]","[34, 2, 32, 31, 11, 40, 26, 37, 34, 8, 29, 25, 41, 36, 39, 1, 27, 10, 33, 37, 4, 2, 39, 6, 30, 17, 31, 11]","[0, 0, 0, 0, 0, 0, 0, 0, 0, 0, 0, 0, 0, 0, 0, 0, 0, 0, 0, 0, 0, 0, 0, 0, 0, 0, 0, 0]"
L2_arctic_WAV/HJK_arctic_b0068,"[31, 11, 30, 28, 25, 4, 2, 35, 41, 30, 34, 34, 14, 11, 30, 17, 24, 41, 17, 28, 5, 17, 24, 6, 29, 36, 37, 2, 16, 40, 1, 38, 4, 5, 29]","[31, 11, 30, 28, 25, 17, 2, 35, 41, 30, 34, 34, 14, 11, 30, 17, 24, 41, 17, 28, 41, 17, 24, 6, 29, 36, 37, 2, 16, 18, 1, 38, 17, 41, 29]","[0, 0, 0, 0, 0, 1, 0, 0, 0, 0, 0, 0, 0, 0, 0, 0, 0, 0, 0, 0, 1, 0, 0, 0, 0, 0, 0, 0, 0, 1, 0, 0, 1, 1, 0]"
L2_arctic_WAV/HJK_arctic_b0106,"[22, 33, 1, 2, 22, 11, 28, 29, 6, 30, 2, 36, 4, 2, 36, 37, 29, 5, 30, 34, 36, 5, 33, 17, 6, 30, 36, 37, 25, 35, 12, 4, 1, 40, 22, 19, 6, 34]","[22, 33, 1, 2, 22, 11, 28, 29, 6, 30, 2, 36, 4, 2, 36, 37, 29, 5, 30, 34, 36, 5, 33, 17, 6, 30, 36, 37, 25, 35, 12, 4, 1, 40, 22, 19, 6, 34]","[0, 0, 0, 0, 0, 0, 0, 0, 0, 0, 0, 0, 0, 0, 0, 0, 0, 0, 0, 0, 0, 0, 0, 0, 0, 0, 0, 0, 0, 0, 0, 0, 0, 0, 0, 0, 0, 0]"
L2_arctic_WAV/HJK_arctic_b0143,"[6, 36, 36, 11, 27, 24, 6, 29, 24, 41, 22, 2, 30, 14, 11, 1, 36, 37, 33, 25, 35, 4, 25, 5, 18, 2, 38, 6, 36]","[6, 36, 36, 11, 27, 24, 6, 29, 24, 41, 22, 2, 30, 14, 11, 1, 36, 37, 33, 6, 35, 4, 25, 41, 18, 2, 38, 6, 36]","[0, 0, 0, 0, 0, 0, 0, 0, 0, 0, 0, 0, 0, 0, 0, 0, 0, 0, 0, 1, 0, 0, 0, 1, 0, 0, 0, 0, 0]"
L2_arctic_WAV/HKK_arctic_a0003,"[22, 8, 33, 4, 2, 36, 39, 5, 30, 25, 6, 10, 36, 14, 6, 29, 4, 41, 36, 25, 38, 30, 6, 7, 4, 2, 36, 37, 29, 5, 30, 9, 11, 27, 24, 41, 30, 17, 40]","[22, 8, 33, 4, 2, 36, 39, 5, 30, 25, 6, 10, 36, 14, 6, 29, 4, 41, 36, 25, 38, 30, 6, 7, 4, 2, 36, 37, 29, 5, 30, 9, 11, 27, 24, 41, 30, 17, 40]","[0, 0, 0, 0, 0, 0, 0, 0, 0, 0, 0, 0, 0, 0, 0, 0, 0, 0, 0, 0, 0, 0, 0, 0, 0, 0, 0, 0, 0, 0, 0, 0, 0, 0, 0, 0, 0, 0, 0]"
L2_arctic_WAV/HKK_arctic_a0005,"[39, 2, 28, 39, 25, 5, 38, 1, 22, 1, 23, 5, 36, 6, 36]","[39, 2, 28, 39, 25, 5, 38, 1, 22, 1, 23, 5, 36, 25, 36]","[0, 0, 0, 0, 0, 0, 0, 0, 0, 0, 0, 0, 0, 1, 0]"
L2_arctic_WAV/HKK_arctic_a0006,"[23, 3, 17, 16, 28, 5, 34, 14, 6, 24, 31, 11, 32, 14, 6, 28, 23, 31, 11, 3, 30, 34, 25, 6, 7, 4, 2, 29, 22, 1, 5, 38, 1]","[23, 3, 17, 16, 28, 5, 34, 17, 2, 29, 14, 6, 24, 31, 11, 32, 14, 6, 28, 23, 31, 11, 3, 30, 34, 25, 6, 7, 4, 2, 29, 22, 1, 5, 38, 1]","[0, 0, 0, 0, 0, 0, 0, 0, 0, 0, 0, 0, 0, 0, 0, 0, 0, 0, 0, 0, 0, 0, 0, 0, 0, 0, 0, 0, 0, 0, 0, 0, 0]"
L2_arctic_WAV/HKK_arctic_a0007,"[41, 30, 17, 26, 37, 8, 28, 39, 19, 6, 40, 39, 3, 30, 36, 36, 6, 34, 25, 6, 36, 6, 30, 4, 25, 34, 11, 32, 1, 28, 2, 36, 6, 38, 17, 6, 23, 33, 25]","[41, 30, 17, 26, 37, 8, 28, 39, 19, 6, 40, 39, 3, 30, 36, 36, 6, 34, 25, 6, 36, 6, 30, 4, 25, 34, 11, 32, 1, 28, 2, 36, 6, 38, 17, 6, 23, 33, 25]","[0, 0, 0, 0, 0, 0, 0, 0, 0, 0, 0, 0, 0, 0, 0, 0, 0, 0, 0, 0, 0, 0, 0, 0, 0, 0, 0, 0, 0, 0, 0, 0, 0, 0, 0, 0, 0, 0, 0]"
L2_arctic_WAV/HKK_arctic_a0008,"[23, 41, 17, 26, 11, 33, 28, 5, 36, 1, 27, 19, 6, 29, 18, 12, 34, 36, 6, 30, 36, 14, 6, 29]","[23, 8, 17, 26, 11, 33, 28, 5, 36, 1, 27, 19, 6, 29, 18, 12, 34, 36, 6, 30, 36, 14, 6, 29]","[0, 1, 0, 0, 0, 0, 0, 0, 0, 0, 0, 0, 0, 0, 0, 0, 0, 0, 0, 0, 0, 0, 0, 0]"
L2_arctic_WAV/HKK_arctic_a0010,"[14, 6, 29, 32, 28, 19, 6, 6, 7, 2, 34, 6, 7, 23, 2, 28, 24, 41, 30, 17, 6, 30, 39, 12, 36, 28, 11, 27, 34, 28, 14, 6, 27, 2, 28, 37, 40, 6, 7, 23, 19, 6, 29]","[14, 6, 29, 32, 28, 19, 6, 6, 7, 2, 34, 6, 7, 23, 2, 28, 24, 41, 30, 17, 6, 30, 39, 12, 36, 28, 11, 27, 34, 28, 14, 6, 27, 2, 28, 37, 40, 6, 7, 23, 5, 29]","[0, 0, 0, 0, 0, 0, 0, 0, 0, 0, 0, 0, 0, 0, 0, 0, 0, 0, 0, 0, 0, 0, 0, 0, 0, 0, 0, 0, 0, 0, 0, 0, 0, 0, 0, 0, 0, 0, 0, 0, 1, 1, 0]"
L2_arctic_WAV/HKK_arctic_a0011,"[6, 22, 14, 6, 5, 38, 1, 30, 25, 17, 6, 17, 2, 22, 14, 6, 36, 1, 6, 30, 29, 14, 6, 28, 14, 6, 22, 14, 6, 30, 25, 17, 39, 12, 30, 30, 14, 11]","[6, 22, 14, 6, 5, 38, 1, 30, 25, 17, 25, 17, 2, 22, 14, 6, 36, 1, 6, 30, 29, 14, 6, 28, 14, 6, 22, 14, 6, 30, 25, 17, 39, 12, 30, 30, 14, 11]","[0, 0, 0, 0, 0, 0, 0, 0, 0, 0, 1, 0, 0, 0, 0, 0, 0, 0, 0, 0, 0, 0, 0, 0, 0, 0, 0, 0, 0, 0, 0, 0, 0, 0, 0, 0, 0, 0]"
L2_arctic_WAV/HKK_arctic_a0013,"[24, 25, 39, 12, 40, 2, 24, 5, 17, 9, 8, 33, 36, 1, 4, 41, 30, 24, 6, 40, 27, 2, 29, 32, 41, 30, 26, 2, 30, 12, 38, 8, 28, 29, 31, 11, 34, 36, 17, 5, 28, 2, 27, 2, 36, 22, 2, 40, 25, 27]","[24, 25, 39, 12, 40, 2, 24, 5, 17, 2, 9, 8, 33, 36, 1, 4, 41, 30, 24, 6, 40, 27, 2, 29, 32, 41, 30, 26, 2, 30, 12, 38, 8, 28, 29, 8, 34, 17, 5, 28, 2, 27, 2, 36, 22, 6, 40, 25, 27]","[0, 0, 0, 0, 0, 0, 0, 0, 0, 0, 0, 0, 0, 0, 0, 0, 0, 0, 0, 0, 0, 0, 0, 0, 0, 0, 0, 0, 0, 0, 0, 0, 0, 0, 1, 1, 0, 1, 0, 0, 0, 0, 0, 0, 0, 0, 1, 0, 0, 0]"
L2_arctic_WAV/HKK_arctic_a0018,"[4, 5, 33, 39, 12, 40, 2, 35, 19, 6, 30, 18, 30, 14, 11]","[4, 5, 33, 39, 12, 34, 2, 35, 19, 6, 30, 18, 30, 14, 11]","[0, 0, 0, 0, 0, 1, 0, 0, 0, 0, 0, 0, 0, 0, 0]"
L2_arctic_WAV/HKK_arctic_a0019,"[14, 6, 22, 3, 28, 31, 11, 17, 4, 2, 28, 14, 6, 30, 12, 38, 4, 12, 32, 33, 2, 32, 31, 11, 40, 17, 33, 19, 6, 28, 33, 31, 11, 17, 28, 11, 27, 6, 7, 22, 33, 1, 35, 41, 30, 34, 6, 40]","[14, 6, 22, 3, 28, 31, 11, 17, 4, 2, 28, 14, 6, 30, 12, 38, 4, 12, 32, 33, 2, 32, 11, 40, 17, 33, 19, 6, 28, 33, 8, 17, 28, 11, 27, 6, 7, 22, 33, 1, 35, 41, 30, 34, 25, 34]","[0, 0, 0, 0, 0, 0, 0, 0, 0, 0, 0, 0, 0, 0, 0, 0, 0, 0, 0, 0, 0, 0, 1, 0, 0, 0, 0, 0, 0, 0, 0, 1, 1, 0, 0, 0, 0, 0, 0, 0, 0, 0, 0, 0, 0, 0, 1, 1]"
L2_arctic_WAV/HKK_arctic_a0020,"[27, 28, 12, 16, 40, 2, 30, 17, 16, 8, 28, 40, 2, 30, 17, 34, 6, 36, 25, 40, 23, 33, 37, 36, 37, 16, 25, 31, 11, 30, 28, 25, 29, 5, 29, 1, 25, 40]","[27, 28, 12, 16, 40, 2, 30, 17, 16, 8, 33, 40, 2, 30, 17, 34, 6, 36, 25, 40, 23, 33, 37, 36, 37, 16, 25, 8, 30, 28, 25, 29, 5, 29, 1, 25, 40]","[0, 0, 0, 0, 0, 0, 0, 0, 0, 0, 1, 0, 0, 0, 0, 0, 0, 0, 0, 0, 0, 0, 0, 0, 0, 0, 0, 1, 1, 0, 0, 0, 0, 0, 0, 0, 0, 0]"
L2_arctic_WAV/HKK_arctic_a0021,"[6, 36, 22, 5, 33, 28, 25, 27, 28, 12, 16, 17, 29, 25, 6, 30, 36, 37, 33, 5, 27, 2, 23, 30, 14, 6, 40, 6, 7, 6, 36]","[6, 36, 22, 5, 33, 28, 25, 27, 28, 12, 16, 17, 29, 25, 6, 30, 36, 37, 33, 5, 27, 2, 23, 30, 14, 6, 40, 6, 7, 6, 36]","[0, 0, 0, 0, 0, 0, 0, 0, 0, 0, 0, 0, 0, 0, 0, 0, 0, 0, 0, 0, 0, 0, 0, 0, 0, 0, 0, 0, 0, 0, 0]"
L2_arctic_WAV/HKK_arctic_a0022,"[24, 3, 33, 17, 28, 25, 39, 1, 14, 11, 1, 32, 28, 41, 30, 40, 29, 19, 6, 17, 32, 12, 16, 28, 6, 27, 16, 25, 22, 8, 33, 39, 25, 39, 1, 29, 5, 36, 16, 14, 6, 32, 14, 11, 1, 22, 2, 28, 3, 32, 2, 40, 6, 9, 2, 30]","[24, 3, 33, 17, 28, 25, 39, 1, 14, 11, 1, 32, 28, 41, 30, 40, 29, 19, 6, 17, 32, 12, 16, 28, 25, 27, 16, 25, 22, 1, 33, 39, 25, 39, 1, 29, 5, 36, 16, 14, 6, 32, 14, 11, 1, 22, 2, 28, 3, 32, 2, 13, 6, 9, 2, 30]","[0, 0, 0, 0, 0, 0, 0, 0, 0, 0, 0, 0, 0, 0, 0, 0, 0, 0, 0, 0, 0, 0, 0, 0, 1, 0, 0, 0, 0, 1, 0, 0, 0, 0, 0, 0, 0, 0, 0, 0, 0, 0, 0, 0, 0, 0, 0, 0, 0, 0, 0, 1, 0, 0, 0, 0]"
L2_arctic_WAV/HKK_arctic_a0023,"[2, 27, 3, 29, 16, 2, 30, 19, 6, 9, 2, 30, 2, 38, 27, 2, 30, 19, 6, 17, 25, 2, 30, 27, 41, 32, 2, 36, 2, 28, 27, 39, 6, 27, 28, 25, 8, 33, 23, 2, 30, 14, 6, 40, 17, 2, 30, 17, 32, 2, 36, 6, 9, 2, 30, 17, 22, 33, 1, 4, 2, 34, 19, 6, 29, 32, 33, 6, 38, 6, 28, 6, 18, 6, 40]","[2, 27, 3, 29, 16, 2, 30, 19, 6, 9, 2, 30, 2, 38, 27, 2, 30, 19, 6, 17, 25, 2, 30, 27, 41, 32, 2, 36, 2, 33, 27, 39, 6, 27, 28, 25, 8, 33, 23, 2, 30, 14, 6, 40, 17, 2, 30, 17, 32, 2, 36, 25, 9, 2, 30, 17, 22, 33, 1, 4, 2, 34, 19, 6, 29, 32, 33, 6, 38, 6, 28, 25, 18, 6, 40]","[0, 0, 0, 0, 0, 0, 0, 0, 0, 0, 0, 0, 0, 0, 0, 0, 0, 0, 0, 0, 0, 0, 0, 0, 0, 0, 0, 0, 0, 1, 0, 0, 0, 0, 0, 0, 0, 0, 0, 0, 0, 0, 0, 0, 0, 0, 0, 0, 0, 0, 0, 1, 0, 0, 0, 0, 0, 0, 0, 0, 0, 0, 0, 0, 0, 0, 0, 0, 0, 0, 0, 1, 0, 0, 0]"
L2_arctic_WAV/HKK_arctic_a0024,"[6, 36, 39, 12, 40, 29, 14, 6, 33, 25, 32, 8, 33, 36, 34, 22, 33, 12, 29, 4, 2, 30, 8, 33, 10, 24, 39, 6, 35, 35, 25, 22, 28, 25, 6, 30, 17, 37, 34, 36, 32, 25, 32, 2, 28, 36, 2, 16, 14, 6]","[6, 36, 39, 12, 40, 29, 14, 6, 28, 25, 32, 8, 33, 36, 34, 22, 33, 12, 29, 4, 2, 30, 8, 33, 10, 24, 39, 6, 35, 35, 25, 22, 28, 25, 6, 30, 17, 37, 34, 36, 32, 25, 22, 2, 28, 36, 2, 16, 14, 6]","[0, 0, 0, 0, 0, 0, 0, 0, 1, 0, 0, 0, 0, 0, 0, 0, 0, 0, 0, 0, 0, 0, 0, 0, 0, 0, 0, 0, 0, 0, 0, 0, 0, 0, 0, 0, 0, 0, 0, 0, 0, 0, 1, 0, 0, 0, 0, 0, 0, 0]"
L2_arctic_WAV/HKK_arctic_a0025,"[14, 6, 39, 12, 40, 2, 16, 14, 11, 36, 36, 6, 17, 37, 4, 6, 34, 39, 5, 30, 27, 37, 28, 1, 18, 12, 18, 29, 2, 30, 36, 32, 33, 25, 38, 19, 6, 28, 17]","[14, 6, 39, 12, 40, 2, 16, 14, 11, 36, 36, 6, 17, 37, 4, 25, 34, 39, 5, 30, 27, 37, 28, 1, 18, 12, 18, 29, 2, 30, 36, 32, 33, 25, 38, 19, 6, 28, 17]","[0, 0, 0, 0, 0, 0, 0, 0, 0, 0, 0, 0, 0, 0, 0, 1, 0, 0, 0, 0, 0, 0, 0, 0, 0, 0, 0, 0, 0, 0, 0, 0, 0, 0, 0, 0, 0, 0, 0]"
L2_arctic_WAV/HKK_arctic_a0026,"[6, 36, 2, 27, 1, 17, 36, 2, 29, 25, 4, 41, 36, 4, 5, 33, 39, 11, 17, 24, 41, 38, 36, 6, 16, 25, 2, 30, 2, 27, 14, 11, 30, 36, 6, 7]","[6, 36, 2, 27, 1, 17, 36, 2, 29, 25, 4, 41, 36, 17, 5, 33, 39, 11, 17, 24, 41, 38, 36, 6, 16, 25, 2, 30, 2, 27, 14, 11, 30, 36, 6, 7]","[0, 0, 0, 0, 0, 0, 0, 0, 0, 0, 0, 0, 0, 1, 0, 0, 0, 0, 0, 0, 0, 0, 0, 0, 0, 0, 0, 0, 0, 0, 0, 0, 0, 0, 0, 0]"
L2_arctic_WAV/HKK_arctic_a0027,"[36, 2, 29, 14, 6, 34, 2, 32, 33, 14, 6, 40, 24, 25, 16, 25, 23, 41, 30, 36, 6, 9, 31, 11, 41, 27, 9, 2, 28, 6, 30, 10, 37, 40, 25, 41, 40, 2, 29, 6, 30, 29, 14, 6, 22, 19, 6, 38, 1]","[36, 2, 29, 14, 6, 34, 2, 32, 33, 14, 6, 40, 24, 25, 16, 25, 23, 41, 30, 36, 6, 9, 11, 41, 27, 9, 2, 28, 6, 30, 10, 37, 40, 25, 41, 40, 2, 29, 6, 30, 29, 14, 6, 22, 19, 6, 38, 1]","[0, 0, 0, 0, 0, 0, 0, 0, 0, 0, 0, 0, 0, 0, 0, 0, 0, 0, 0, 0, 0, 0, 1, 0, 0, 0, 0, 0, 0, 0, 0, 0, 0, 0, 0, 0, 0, 0, 0, 0, 0, 0, 0, 0, 0, 0, 0, 0, 0]"
L2_arctic_WAV/HKK_arctic_a0028,"[33, 3, 16, 1, 25, 16, 33, 14, 6, 16, 1, 25, 22, 33, 8, 17]","[33, 3, 16, 1, 25, 16, 33, 14, 6, 16, 1, 25, 32, 33, 8, 17]","[0, 0, 0, 0, 0, 0, 0, 0, 0, 0, 0, 0, 1, 0, 0, 0]"
L2_arctic_WAV/HKK_arctic_a0029,"[4, 5, 33, 22, 8, 33, 34, 6, 40, 39, 1, 8, 28, 33, 5, 17, 25, 29, 37, 38, 6, 7, 6, 30, 36, 37, 4, 2, 30, 8, 33, 10, 27, 12, 30, 36, 33, 25]","[4, 5, 33, 22, 1, 33, 34, 6, 40, 39, 1, 8, 28, 33, 5, 17, 25, 29, 37, 38, 6, 7, 6, 30, 36, 37, 4, 2, 30, 8, 33, 34, 27, 12, 30, 36, 33, 25]","[0, 0, 0, 0, 1, 0, 0, 0, 0, 0, 0, 0, 0, 0, 0, 0, 0, 0, 0, 0, 0, 0, 0, 0, 0, 0, 0, 0, 0, 0, 0, 1, 0, 0, 0, 0, 0, 0]"
L2_arctic_WAV/HKK_arctic_a0030,"[14, 6, 24, 41, 17, 22, 19, 6, 10, 6, 30, 4, 2, 29]","[14, 6, 24, 41, 17, 22, 19, 6, 10, 6, 30, 4, 2, 29]","[0, 0, 0, 0, 0, 0, 0, 0, 0, 0, 0, 0, 0, 0]"
L2_arctic_WAV/HKK_arctic_a0031,"[4, 19, 6, 39, 1, 10, 33, 25, 24, 12, 30, 17, 33, 2, 17, 26, 3, 33, 17, 40, 2, 32, 3, 33, 36]","[4, 19, 6, 39, 1, 10, 33, 25, 24, 12, 30, 17, 33, 2, 17, 26, 3, 33, 17, 40, 2, 32, 3, 33, 36]","[0, 0, 0, 0, 0, 0, 0, 0, 0, 0, 0, 0, 0, 0, 0, 0, 0, 0, 0, 0, 0, 0, 0, 0, 0]"
L2_arctic_WAV/HKK_arctic_a0032,"[34, 6, 30, 34, 4, 5, 30, 34, 12, 29, 29, 6, 34, 36, 6, 33, 25, 2, 34, 22, 8, 33, 34, 24, 41, 40, 16, 6, 30, 22, 14, 6, 36, 6, 7, 12, 34, 41, 36, 5, 38, 33, 25, 34, 36, 5, 32]","[34, 6, 30, 34, 4, 5, 30, 34, 12, 29, 29, 6, 34, 36, 6, 33, 25, 2, 34, 22, 8, 33, 34, 24, 41, 40, 16, 6, 30, 22, 14, 6, 36, 6, 7, 12, 34, 41, 36, 5, 38, 33, 25, 34, 36, 5, 32]","[0, 0, 0, 0, 0, 0, 0, 0, 0, 0, 0, 0, 0, 0, 0, 0, 0, 0, 0, 0, 0, 0, 0, 0, 0, 0, 0, 0, 0, 0, 0, 0, 0, 0, 0, 0, 0, 0, 0, 0, 0, 0, 0, 0, 0, 0, 0]"
L2_arctic_WAV/HKK_arctic_a0036,"[9, 25, 36, 1, 30, 17, 6, 30, 41, 36, 4, 12, 24, 31, 11, 36, 5, 28]","[9, 25, 36, 12, 30, 17, 6, 30, 41, 36, 4, 12, 24, 31, 11, 36, 5, 28]","[0, 0, 0, 1, 0, 0, 0, 0, 0, 0, 0, 0, 0, 0, 0, 0, 0, 0]"
L2_arctic_WAV/HKK_arctic_a0037,"[14, 6, 39, 12, 40, 4, 25, 31, 11, 30, 28, 25, 39, 12, 30, 24, 37, 33, 25, 29, 19, 6, 30, 17, 34, 6, 36, 6, 7]","[14, 6, 39, 12, 40, 4, 25, 31, 11, 30, 28, 25, 39, 12, 30, 24, 37, 33, 25, 29, 19, 6, 30, 17, 34, 6, 36, 6, 7]","[0, 0, 0, 0, 0, 0, 0, 0, 0, 0, 0, 0, 0, 0, 0, 0, 0, 0, 0, 0, 0, 0, 0, 0, 0, 0, 0, 0, 0]"
L2_arctic_WAV/HKK_arctic_a0038,"[39, 25, 28, 24, 41, 38, 36, 37, 39, 3, 35, 14, 11, 1, 35, 41, 30, 34, 6, 40]","[39, 25, 28, 24, 41, 38, 36, 37, 39, 3, 35, 14, 11, 1, 35, 41, 30, 34, 25, 40]","[0, 0, 0, 0, 0, 0, 0, 0, 0, 0, 0, 0, 0, 0, 0, 0, 0, 0, 1, 0]"
L2_arctic_WAV/HKK_arctic_a0039,"[4, 2, 9, 6, 32, 9, 11, 17, 16, 25, 6, 30, 39, 6, 10, 6, 30, 2, 39, 25, 27, 8, 33, 36, 5, 30, 17, 19, 6, 40]","[4, 2, 9, 6, 32, 9, 11, 17, 16, 25, 6, 30, 39, 6, 10, 25, 30, 2, 39, 25, 27, 8, 33, 36, 5, 30, 17, 19, 6, 40]","[0, 0, 0, 0, 0, 0, 0, 0, 0, 0, 0, 0, 0, 0, 0, 1, 0, 0, 0, 0, 0, 0, 0, 0, 0, 0, 0, 0, 0, 0]"
L2_arctic_WAV/HKK_arctic_a0040,"[14, 6, 34, 2, 32, 31, 11, 40, 26, 37, 39, 12, 30, 17, 1, 39, 14, 6, 9, 25, 6, 40, 27, 12, 29, 6, 7, 12, 32, 24, 25, 33]","[14, 6, 34, 2, 32, 31, 11, 40, 26, 37, 39, 12, 30, 17, 1, 39, 14, 6, 9, 25, 6, 40, 27, 12, 29, 6, 7, 12, 32, 24, 25, 33]","[0, 0, 0, 0, 0, 0, 0, 0, 0, 0, 0, 0, 0, 0, 0, 0, 0, 0, 0, 0, 0, 0, 0, 0, 0, 0, 0, 0, 0, 0, 0, 0]"
L2_arctic_WAV/HKK_arctic_a0041,"[29, 25, 30, 39, 14, 6, 28, 14, 6, 28, 23, 31, 11, 14, 11, 36, 36, 2, 16, 33, 25, 4, 2, 34, 32, 5, 28]","[29, 25, 30, 39, 14, 6, 28, 14, 6, 28, 23, 31, 11, 14, 11, 36, 36, 2, 16, 33, 25, 4, 2, 34, 32, 5, 28]","[0, 0, 0, 0, 0, 0, 0, 0, 0, 0, 0, 0, 0, 0, 0, 0, 0, 0, 0, 0, 0, 0, 0, 0, 0, 0, 0]"
L2_arctic_WAV/HKK_arctic_a0042,"[24, 14, 11, 27, 11, 17, 24, 25, 6, 27, 34, 32, 28, 19, 6, 30, 24, 6, 40, 32, 2, 40, 5, 9, 2, 30, 12, 38, 4, 2, 34, 27, 5, 35]","[24, 14, 11, 27, 11, 17, 24, 25, 6, 27, 34, 32, 28, 19, 6, 30, 24, 6, 40, 32, 2, 13, 5, 9, 2, 30, 12, 38, 4, 2, 34, 27, 5, 35]","[0, 0, 0, 0, 0, 0, 0, 0, 0, 0, 0, 0, 0, 0, 0, 0, 0, 0, 0, 0, 0, 1, 0, 0, 0, 0, 0, 0, 0, 0, 0, 0, 0, 0]"
L2_arctic_WAV/HKK_arctic_a0045,"[24, 25, 29, 37, 38, 17, 2, 39, 19, 6, 41, 40, 27, 39, 14, 6, 2, 36, 28, 25, 41, 40, 24, 25, 24, 41, 17, 27, 12, 29]","[24, 25, 29, 37, 38, 17, 2, 39, 19, 6, 41, 40, 27, 39, 14, 6, 2, 36, 28, 25, 41, 40, 24, 25, 24, 41, 17, 27, 12, 29]","[0, 0, 0, 0, 0, 0, 0, 0, 0, 0, 0, 0, 0, 0, 0, 0, 0, 0, 0, 0, 0, 0, 0, 0, 0, 0, 0, 0, 0, 0]"
L2_arctic_WAV/HKK_arctic_a0046,"[4, 2, 23, 1, 28, 22, 19, 6, 34, 36, 24, 6, 29, 24, 1, 14, 6, 40, 9, 14, 6, 30, 6, 7, 39, 6, 4, 34, 12, 17, 2, 30, 22, 6, 33]","[4, 2, 23, 1, 28, 22, 19, 6, 34, 36, 24, 25, 29, 24, 1, 14, 6, 40, 9, 14, 6, 30, 6, 7, 39, 6, 4, 34, 12, 17, 2, 30, 22, 6, 33]","[0, 0, 0, 0, 0, 0, 0, 0, 0, 0, 0, 1, 0, 0, 0, 0, 0, 0, 0, 0, 0, 0, 0, 0, 0, 0, 0, 0, 0, 0, 0, 0, 0, 0, 0]"
L2_arctic_WAV/HKK_arctic_a0047,"[27, 28, 31, 11, 40, 16, 25, 34, 14, 6, 17, 24, 6, 29, 23, 28, 25, 29, 17, 4, 12, 39, 14, 6, 36, 22, 41, 7, 40, 2, 38, 4, 2, 39, 11, 28, 22, 17, 8, 23]","[27, 28, 31, 11, 40, 16, 25, 34, 14, 6, 17, 24, 6, 29, 23, 28, 25, 29, 17, 4, 12, 39, 14, 6, 36, 22, 41, 7, 40, 2, 38, 4, 2, 39, 11, 28, 22, 17, 8, 23]","[0, 0, 0, 0, 0, 0, 0, 0, 0, 0, 0, 0, 0, 0, 0, 0, 0, 0, 0, 0, 0, 0, 0, 0, 0, 0, 0, 0, 0, 0, 0, 0, 0, 0, 0, 0, 0, 0, 0, 0]"
L2_arctic_WAV/HKK_arctic_a0048,"[24, 25, 28, 11, 27, 36, 41, 36, 4, 2, 24, 41, 7, 27, 1, 35, 6, 22, 29, 8, 33, 27, 28, 31, 11, 34, 28, 25]","[24, 25, 28, 11, 27, 36, 41, 36, 4, 2, 24, 41, 7, 27, 1, 35, 6, 22, 29, 8, 33, 27, 28, 31, 11, 34, 28, 25]","[0, 0, 0, 0, 0, 0, 0, 0, 0, 0, 0, 0, 0, 0, 0, 0, 0, 0, 0, 0, 0, 0, 0, 0, 0, 0, 0, 0]"
L2_arctic_WAV/HKK_arctic_a0051,"[4, 2, 28, 19, 6, 34, 39, 12, 40, 2, 38, 2, 17, 5, 28, 2, 27, 2, 36, 14, 6, 38, 1, 25, 27, 8, 28, 1, 22, 19, 6, 30, 36, 28, 25, 36, 6, 30, 36, 6, 17, 39, 6, 4, 26, 5, 28, 31, 11]","[4, 2, 28, 19, 6, 34, 39, 12, 40, 2, 38, 2, 17, 5, 28, 6, 27, 2, 36, 14, 6, 38, 1, 25, 27, 8, 28, 1, 22, 19, 6, 30, 36, 6, 28, 25, 36, 25, 30, 36, 6, 17, 39, 6, 4, 26, 5, 28, 31, 11]","[0, 0, 0, 0, 0, 0, 0, 0, 0, 0, 0, 0, 0, 0, 0, 1, 0, 0, 0, 0, 0, 0, 0, 0, 0, 0, 0, 0, 0, 0, 0, 0, 0, 0, 0, 0, 1, 0, 0, 0, 0, 0, 0, 0, 0, 0, 0, 0, 0]"
L2_arctic_WAV/HKK_arctic_a0052,"[6, 36, 39, 12, 40, 2, 27, 26, 11, 33, 25, 2, 34, 27, 31, 11, 6, 30, 34, 6, 17, 2, 30, 34]","[6, 36, 39, 12, 40, 2, 27, 26, 11, 33, 25, 2, 34, 27, 31, 11, 21, 6, 30, 34, 6, 17, 2, 30, 34]","[0, 0, 0, 0, 0, 0, 0, 0, 0, 0, 0, 0, 0, 0, 0, 0, 0, 0, 0, 0, 0, 0, 0, 0]"
L2_arctic_WAV/HKK_arctic_a0053,"[34, 12, 17, 2, 30, 28, 25, 24, 6, 40, 22, 6, 7, 23, 1, 40, 27, 28, 31, 11, 40, 17, 36, 14, 6, 36, 28, 25, 31, 11, 38, 1, 4, 2, 24, 41, 7, 27, 1, 35, 6, 22]","[34, 12, 17, 2, 30, 28, 25, 24, 6, 40, 22, 6, 7, 23, 1, 34, 27, 28, 31, 11, 40, 17, 36, 12, 36, 28, 25, 31, 11, 38, 1, 4, 2, 24, 41, 7, 27, 1, 35, 6, 32]","[0, 0, 0, 0, 0, 0, 0, 0, 0, 0, 0, 0, 0, 0, 0, 1, 0, 0, 0, 0, 0, 0, 0, 1, 1, 0, 0, 0, 0, 0, 0, 0, 0, 0, 0, 0, 0, 0, 0, 0, 0, 1]"
L2_arctic_WAV/HKK_arctic_a0054,"[4, 5, 33, 39, 12, 40, 30, 12, 10, 6, 7, 3, 30, 4, 2, 33, 3, 27]","[17, 5, 33, 39, 12, 40, 30, 12, 10, 25, 7, 3, 30, 4, 2, 33, 3, 27]","[1, 0, 0, 0, 0, 0, 0, 0, 0, 1, 0, 0, 0, 0, 0, 0, 0, 0]"
L2_arctic_WAV/HKK_arctic_a0058,"[14, 6, 27, 19, 6, 29, 22, 33, 1, 6, 30, 22, 1, 29, 19, 6, 9, 2, 30, 29, 8, 33, 14, 11, 36, 2, 38, 27, 26, 11, 33, 25, 3, 34, 2, 36, 25, 4, 41, 30, 5, 30, 25, 10, 6, 7, 5, 28, 34]","[14, 6, 27, 19, 6, 29, 22, 33, 1, 6, 30, 22, 1, 29, 19, 6, 9, 2, 30, 29, 8, 33, 14, 11, 36, 2, 38, 27, 26, 11, 33, 25, 3, 34, 2, 36, 25, 4, 41, 30, 5, 30, 25, 10, 25, 7, 5, 33, 34]","[0, 0, 0, 0, 0, 0, 0, 0, 0, 0, 0, 0, 0, 0, 0, 0, 0, 0, 0, 0, 0, 0, 0, 0, 0, 0, 0, 0, 0, 0, 0, 0, 0, 0, 0, 0, 0, 0, 0, 0, 0, 0, 0, 0, 1, 0, 0, 1, 0]"
L2_arctic_WAV/HKK_arctic_a0059,"[24, 6, 40, 6, 29, 41, 27, 26, 37, 28, 6, 36, 2, 32, 6, 33, 2, 30, 34, 39, 12, 40, 23, 8, 30]","[24, 25, 34, 6, 29, 41, 27, 26, 37, 28, 19, 6, 36, 2, 32, 6, 33, 2, 30, 34, 39, 12, 34, 23, 31, 11, 30]","[0, 1, 1, 0, 0, 0, 0, 0, 0, 0, 0, 0, 0, 0, 0, 0, 0, 0, 0, 0, 0, 1, 0, 1, 0]"
L2_arctic_WAV/HKK_arctic_a0060,"[5, 30, 25, 39, 19, 6, 30, 31, 11, 39, 12, 30, 34, 8, 24, 1, 28, 14, 6, 27, 4, 41, 36]","[5, 30, 25, 39, 19, 6, 30, 31, 11, 39, 12, 30, 34, 31, 11, 24, 1, 28, 14, 6, 27, 17, 41, 36]","[0, 0, 0, 0, 0, 0, 0, 0, 0, 0, 0, 0, 0, 1, 0, 0, 0, 0, 0, 0, 1, 0, 0]"
L2_arctic_WAV/HKK_arctic_a0062,"[4, 2, 29, 5, 30, 34, 36, 5, 33, 17, 6, 30, 36, 37, 25, 35, 12, 4, 1, 40, 22, 19, 6, 34]","[4, 2, 29, 41, 30, 34, 36, 6, 5, 33, 17, 6, 30, 36, 37, 25, 35, 12, 4, 1, 34, 22, 19, 6, 34]","[0, 0, 0, 1, 0, 0, 0, 0, 0, 0, 0, 0, 0, 0, 0, 0, 0, 0, 0, 1, 0, 0, 0, 0]"
L2_arctic_WAV/HKK_arctic_a0063,"[26, 5, 34, 6, 36, 39, 12, 40, 2, 29, 41, 30, 24, 37, 41, 34, 27, 36, 2, 34, 17, 33, 19, 6, 30, 18, 1]","[26, 5, 34, 6, 36, 39, 12, 34, 2, 29, 41, 30, 24, 37, 3, 34, 27, 36, 2, 34, 36, 33, 19, 6, 30, 18, 1]","[0, 0, 0, 0, 0, 0, 0, 1, 0, 0, 0, 0, 0, 0, 1, 0, 0, 0, 0, 0, 1, 0, 0, 0, 0, 0, 0]"
L2_arctic_WAV/HKK_arctic_a0064,"[4, 12, 22, 8, 33, 10, 2, 30, 17, 22, 6, 10, 17, 19, 6, 40, 32, 41, 34, 36, 39, 6, 4, 14, 11, 36, 5, 30, 25, 17, 6, 38, 5, 28, 2, 32, 29, 2, 30, 36, 34]","[4, 12, 22, 21, 33, 34, 2, 30, 17, 22, 6, 36, 34, 17, 19, 6, 34, 32, 41, 34, 36, 39, 6, 17, 14, 11, 36, 5, 30, 25, 17, 6, 16, 5, 28, 2, 32, 29, 2, 30, 36, 34]","[0, 0, 0, 1, 0, 1, 0, 0, 0, 0, 0, 1, 0, 0, 0, 1, 0, 0, 0, 0, 0, 0, 1, 0, 0, 0, 0, 0, 0, 0, 0, 1, 0, 0, 0, 0, 0, 0, 0, 0, 0]"
L2_arctic_WAV/HKK_arctic_a0065,"[4, 19, 6, 27, 28, 31, 11, 40, 17, 30, 14, 11, 2, 30, 36, 6, 28, 24, 6, 40, 22, 6, 7, 23, 1, 40, 39, 1, 28, 14, 6, 27, 27, 8, 33, 17, 40, 2, 38, 34, 36, 25, 28]","[4, 19, 6, 27, 28, 31, 11, 40, 17, 30, 14, 11, 2, 30, 36, 6, 33, 24, 6, 40, 22, 6, 7, 23, 1, 34, 39, 1, 28, 14, 6, 27, 27, 8, 33, 17, 40, 2, 38, 34, 36, 25, 28]","[0, 0, 0, 0, 0, 0, 0, 0, 0, 0, 0, 0, 0, 0, 0, 0, 1, 0, 0, 0, 0, 0, 0, 0, 0, 1, 0, 0, 0, 0, 0, 0, 0, 0, 0, 0, 0, 0, 0, 0, 0, 0, 0]"
L2_arctic_WAV/HKK_arctic_a0067,"[9, 11, 33, 28, 25, 14, 6, 39, 6, 28, 6, 27, 34, 27, 26, 37, 40, 26, 37, 9, 25, 27, 33, 14, 6, 17]","[9, 11, 33, 28, 25, 14, 6, 39, 6, 33, 6, 27, 34, 27, 26, 40, 26, 37, 9, 25, 27, 33, 14, 6, 36]","[0, 0, 0, 0, 0, 0, 0, 0, 0, 1, 0, 0, 0, 0, 0, 1, 0, 0, 0, 0, 0, 0, 0, 0, 0, 1]"
L2_arctic_WAV/HKK_arctic_a0071,"[39, 12, 36, 39, 12, 40, 4, 25, 3, 16, 18, 5, 27, 36, 12, 38, 26, 11, 33, 28, 6, 36, 2, 28, 34, 5, 30, 34, 19, 6, 9, 2, 30]","[39, 12, 36, 39, 12, 34, 4, 25, 3, 32, 2, 18, 5, 27, 36, 12, 38, 26, 11, 33, 28, 25, 36, 2, 28, 34, 5, 30, 34, 19, 6, 9, 2, 30]","[0, 0, 0, 0, 0, 1, 0, 0, 0, 1, 0, 0, 0, 0, 0, 0, 0, 0, 0, 0, 1, 0, 0, 0, 0, 0, 0, 0, 0, 0, 0, 0, 0]"
L2_arctic_WAV/HKK_arctic_a0073,"[4, 2, 32, 33, 2, 29, 31, 11, 36, 1, 40, 14, 6, 40, 39, 1, 24, 5, 38, 25, 39, 6, 4, 28, 6, 36, 2, 28, 32, 12, 22, 25, 16, 41, 23, 40, 12, 30, 17, 1, 4, 5, 29]","[4, 2, 32, 33, 2, 29, 31, 11, 36, 1, 34, 14, 6, 40, 39, 1, 24, 41, 38, 25, 39, 6, 17, 28, 25, 36, 2, 33, 32, 12, 32, 25, 38, 41, 27, 34, 12, 30, 17, 1, 17, 5, 29]","[0, 0, 0, 0, 0, 0, 0, 0, 0, 0, 1, 0, 0, 0, 0, 0, 0, 1, 0, 0, 0, 0, 1, 0, 1, 0, 0, 1, 0, 0, 1, 0, 1, 0, 1, 1, 0, 0, 0, 0, 1, 0, 0]"
L2_arctic_WAV/HKK_arctic_a0075,"[4, 5, 33, 24, 41, 40, 16, 6, 30, 2, 35, 19, 6, 30, 18, 9, 25, 6, 30, 36, 1, 12, 32, 36, 6, 17, 24, 6, 29]","[17, 5, 33, 24, 41, 40, 16, 6, 30, 2, 35, 19, 6, 30, 18, 9, 25, 6, 30, 36, 1, 12, 32, 36, 6, 17, 24, 25, 29]","[1, 0, 0, 0, 0, 0, 0, 0, 0, 0, 0, 0, 0, 0, 0, 0, 0, 0, 0, 0, 0, 0, 0, 0, 0, 0, 0, 1, 0]"
L2_arctic_WAV/HKK_arctic_a0076,"[4, 2, 23, 33, 19, 6, 14, 6, 40, 22, 3, 28, 36, 1, 17, 4, 2, 22, 28, 12, 9, 17, 25, 32, 2, 30, 17]","[4, 2, 23, 33, 19, 6, 14, 6, 34, 22, 3, 33, 36, 1, 17, 17, 2, 22, 28, 12, 9, 17, 25, 32, 2, 30, 17]","[0, 0, 0, 0, 0, 0, 0, 0, 1, 0, 0, 1, 0, 0, 0, 1, 0, 0, 0, 0, 0, 0, 0, 0, 0, 0, 0]"
L2_arctic_WAV/HKK_arctic_a0077,"[6, 36, 6, 40, 4, 2, 22, 14, 6, 1, 32, 3, 33, 36, 28, 25, 9, 25, 34, 5, 17]","[6, 36, 25, 34, 4, 2, 22, 14, 6, 1, 32, 3, 33, 36, 28, 25, 9, 25, 34, 5, 17]","[0, 0, 1, 1, 0, 0, 0, 0, 0, 0, 0, 0, 0, 0, 0, 0, 0, 0, 0, 0, 0]"
L2_arctic_WAV/HKK_arctic_a0078,"[4, 5, 30, 41, 30, 17, 41, 36, 34, 12, 32, 1, 24, 25, 36, 33, 14, 6, 17, 36, 2, 22, 41, 4, 2, 29, 24, 1]","[17, 5, 30, 41, 30, 17, 41, 36, 34, 12, 32, 1, 24, 25, 36, 33, 14, 6, 17, 36, 2, 22, 41, 4, 2, 29, 24, 1]","[1, 0, 0, 0, 0, 0, 0, 0, 0, 0, 0, 0, 0, 0, 0, 0, 0, 0, 0, 0, 0, 0, 0, 0, 0, 0, 0, 0]"
L2_arctic_WAV/HKK_arctic_a0079,"[6, 36, 39, 12, 40, 2, 28, 3, 33, 18, 27, 2, 30, 37]","[6, 36, 39, 12, 34, 2, 28, 3, 33, 18, 27, 2, 30, 37]","[0, 0, 0, 0, 1, 0, 0, 0, 0, 0, 0, 0, 0, 0]"
L2_arctic_WAV/HKK_arctic_a0081,"[24, 39, 12, 36, 6, 22, 9, 25, 17, 6, 17, 30, 3, 36, 27, 12, 29, 36, 6, 4, 2, 33, 3, 27]","[24, 39, 12, 36, 6, 22, 9, 25, 17, 25, 17, 30, 3, 36, 27, 12, 29, 36, 6, 17, 2, 33, 3, 27]","[0, 0, 0, 0, 0, 0, 0, 0, 0, 1, 0, 0, 0, 0, 0, 0, 0, 0, 0, 1, 0, 0, 0, 0]"
L2_arctic_WAV/HKK_arctic_a0082,"[24, 6, 40, 22, 19, 6, 34, 39, 12, 40, 34, 17, 33, 25, 29, 6, 7, 39, 6, 4, 16, 28, 12, 17]","[24, 25, 34, 22, 19, 6, 34, 39, 12, 40, 34, 36, 33, 25, 29, 6, 7, 39, 6, 17, 16, 28, 12, 17]","[0, 1, 1, 0, 0, 0, 0, 0, 0, 0, 0, 1, 0, 0, 0, 0, 0, 0, 0, 1, 0, 0, 0, 0]"
L2_arctic_WAV/HKK_arctic_a0085,"[2, 36, 33, 6, 27, 2, 28, 12, 38, 22, 33, 5, 9, 16, 28, 12, 17, 33, 41, 30, 31, 11, 38, 1, 24, 6, 40, 22, 19, 6, 34]","[2, 36, 33, 6, 27, 2, 33, 12, 38, 22, 33, 5, 9, 16, 28, 12, 17, 33, 41, 30, 31, 11, 38, 1, 24, 6, 34, 22, 19, 6, 34]","[0, 0, 0, 0, 0, 0, 1, 0, 0, 0, 0, 0, 0, 0, 0, 0, 0, 0, 0, 0, 0, 0, 0, 0, 0, 0, 1, 0, 0, 0, 0]"
L2_arctic_WAV/HKK_arctic_a0086,"[17, 5, 10, 24, 41, 17, 27, 12, 29, 39, 6, 4, 36, 5, 33, 2, 16, 2, 28, 34, 12, 17, 2, 30, 30, 2, 34]","[17, 5, 34, 24, 41, 17, 27, 12, 29, 39, 6, 17, 36, 5, 21, 2, 16, 2, 33, 34, 12, 17, 2, 30, 30, 2, 34]","[0, 0, 1, 0, 0, 0, 0, 0, 0, 0, 0, 1, 0, 0, 1, 0, 0, 0, 1, 0, 0, 0, 0, 0, 0, 0, 0]"
L2_arctic_WAV/HKK_arctic_a0088,"[24, 25, 29, 19, 6, 17, 9, 11, 33, 4, 41, 36, 4, 2, 29, 41, 23, 2, 40, 25, 30, 39, 12, 40, 28, 31, 11, 17, 6, 17, 2, 30, 17, 33, 25, 40, 37, 29, 17, 24, 6, 40, 32, 41, 17, 28, 6, 7]","[24, 25, 29, 19, 6, 17, 9, 11, 33, 17, 41, 36, 4, 2, 29, 41, 23, 2, 40, 25, 30, 39, 12, 40, 28, 31, 11, 17, 6, 17, 2, 30, 17, 33, 25, 40, 37, 29, 17, 24, 25, 34, 32, 41, 17, 28, 6, 7]","[0, 0, 0, 0, 0, 0, 0, 0, 0, 1, 0, 0, 0, 0, 0, 0, 0, 0, 0, 0, 0, 0, 0, 0, 0, 0, 0, 0, 0, 0, 0, 0, 0, 0, 0, 0, 0, 0, 0, 0, 1, 1, 0, 0, 0, 0, 0, 0]"
L2_arctic_WAV/HKK_arctic_a0089,"[4, 2, 30, 14, 6, 36, 23, 28, 31, 11, 39, 3, 40, 36, 33, 5, 35, 1, 2, 34, 36, 6, 9, 37, 36, 16, 14, 6]","[17, 2, 30, 14, 6, 36, 23, 28, 31, 11, 39, 3, 34, 36, 33, 41, 35, 1, 2, 34, 36, 6, 9, 3, 32, 16, 14, 6]","[1, 0, 0, 0, 0, 0, 0, 0, 0, 0, 0, 0, 1, 0, 0, 1, 0, 0, 0, 0, 0, 0, 0, 1, 1, 0, 0, 0]"
L2_arctic_WAV/HKK_arctic_a0090,"[4, 2, 34, 6, 7, 6, 7, 38, 8, 6, 34, 2, 32, 33, 31, 11, 35, 36, 33, 41, 32, 2, 17, 28, 25]","[4, 2, 34, 6, 7, 6, 7, 38, 8, 6, 34, 2, 32, 33, 31, 11, 35, 36, 2, 33, 41, 32, 2, 17, 28, 25]","[0, 0, 0, 0, 0, 0, 0, 0, 0, 0, 0, 0, 0, 0, 0, 0, 0, 0, 0, 0, 0, 0, 0, 0, 0]"
L2_arctic_WAV/HKK_arctic_a0091,"[24, 6, 40, 16, 28, 12, 17, 23, 33, 37, 24, 3, 36, 39, 6, 4, 33, 19, 6, 18, 41, 36, 4, 2, 10, 8, 36]","[24, 25, 34, 16, 28, 12, 17, 23, 33, 37, 24, 3, 36, 39, 6, 17, 2, 33, 19, 6, 35, 41, 36, 17, 2, 10, 8, 36]","[0, 1, 1, 0, 0, 0, 0, 0, 0, 0, 0, 0, 0, 0, 0, 1, 0, 0, 0, 1, 0, 0, 1, 0, 0, 0, 0]"
L2_arctic_WAV/HKK_arctic_a0092,"[24, 25, 39, 5, 30, 36, 17, 14, 11, 30, 6, 30, 29, 6, 17, 34, 17, 33, 25, 29, 34, 1, 35, 6, 7, 4, 2, 9, 41, 17, 31, 11, 40, 2, 38, 16, 31, 11, 10, 9, 8, 33, 40]","[25, 36, 39, 5, 30, 36, 17, 14, 11, 30, 6, 30, 29, 6, 17, 34, 36, 33, 25, 29, 34, 1, 35, 6, 7, 4, 2, 9, 41, 17, 31, 11, 34, 2, 38, 16, 31, 11, 10, 9, 8, 33, 34]","[1, 1, 0, 0, 0, 0, 0, 0, 0, 0, 0, 0, 0, 0, 0, 0, 1, 0, 0, 0, 0, 0, 0, 0, 0, 0, 0, 0, 0, 0, 0, 0, 1, 0, 0, 0, 0, 0, 0, 0, 0, 0, 1]"
L2_arctic_WAV/HKK_arctic_a0093,"[22, 8, 33, 2, 22, 11, 28, 29, 6, 30, 2, 36, 24, 25, 27, 33, 14, 11, 35, 36, 41, 30, 17, 28, 6, 34, 2, 30, 17]","[22, 8, 21, 2, 22, 11, 33, 29, 6, 30, 2, 36, 24, 25, 27, 33, 14, 11, 35, 36, 41, 30, 17, 28, 6, 34, 2, 30, 17]","[0, 0, 1, 0, 0, 0, 1, 0, 0, 0, 0, 0, 0, 0, 0, 0, 0, 0, 0, 0, 0, 0, 0, 0, 0, 0, 0, 0, 0]"
L2_arctic_WAV/HKK_arctic_a0094,"[24, 25, 24, 41, 17, 16, 5, 33, 28, 25, 5, 30, 36, 1, 17, 4, 6, 34, 39, 5, 30, 24, 25, 34, 8, 4, 2, 23, 28, 31, 11, 12, 38, 2, 22, 14, 6, 1]","[24, 25, 24, 41, 17, 16, 5, 28, 28, 25, 5, 30, 36, 1, 17, 4, 25, 34, 39, 5, 30, 24, 25, 34, 31, 11, 4, 2, 23, 28, 31, 11, 12, 38, 2, 22, 14, 6, 1]","[0, 0, 0, 0, 0, 0, 0, 1, 0, 0, 0, 0, 0, 0, 0, 0, 1, 0, 0, 0, 0, 0, 0, 0, 1, 0, 0, 0, 0, 0, 0, 0, 0, 0, 0, 0, 0, 0]"
L2_arctic_WAV/HKK_arctic_a0095,"[2, 16, 6, 23, 27, 41, 30, 38, 2, 34, 36, 5, 30, 36, 39, 12, 40, 4, 2, 22, 1, 34, 36, 10, 6, 7, 36, 2, 27, 12, 29, 39, 6, 4, 6, 30, 24, 6, 40, 38, 6, 13, 2, 30]","[2, 16, 25, 23, 27, 41, 30, 38, 2, 34, 36, 41, 30, 36, 39, 12, 40, 4, 2, 22, 1, 34, 36, 10, 6, 7, 36, 2, 27, 3, 29, 39, 6, 4, 6, 30, 24, 6, 40, 38, 6, 18, 2, 30]","[0, 0, 1, 0, 0, 0, 0, 0, 0, 0, 0, 1, 0, 0, 0, 0, 0, 0, 0, 0, 0, 0, 0, 0, 0, 0, 0, 0, 0, 1, 0, 0, 0, 0, 0, 0, 0, 0, 0, 0, 0, 1, 0, 0]"
L2_arctic_WAV/HKK_arctic_a0096,"[32, 1, 24, 41, 32, 34, 9, 25, 24, 41, 17, 8, 33, 5, 17, 25, 29, 5, 36, 24, 1, 22, 19, 6, 36, 2, 28, 6, 36, 2, 28, 17, 25, 32, 1, 6, 30, 4, 2, 22, 8, 33, 2, 34, 36]","[32, 1, 24, 41, 32, 34, 9, 25, 24, 41, 17, 8, 33, 5, 17, 25, 29, 5, 36, 24, 1, 22, 19, 6, 36, 2, 28, 25, 36, 2, 28, 17, 25, 32, 1, 6, 30, 4, 2, 22, 1, 33, 2, 34, 36]","[0, 0, 0, 0, 0, 0, 0, 0, 0, 0, 0, 0, 0, 0, 0, 0, 0, 0, 0, 0, 0, 0, 0, 0, 0, 0, 0, 1, 0, 0, 0, 0, 0, 0, 0, 0, 0, 0, 0, 0, 1, 0, 0, 0, 0]"
L2_arctic_WAV/HKK_arctic_a0097,"[4, 5, 30, 26, 37, 27, 2, 30, 1, 19, 6, 30, 18, 26, 11, 33, 34, 5, 28, 22, 27, 12, 29, 22, 1, 36, 2, 16, 28, 25, 2, 29, 12, 7, 4, 25, 40, 33, 31, 11, 16, 40, 6, 30, 4, 12, 16, 14, 11]","[4, 41, 30, 26, 37, 27, 2, 30, 1, 41, 30, 18, 26, 11, 33, 34, 5, 28, 22, 27, 12, 29, 32, 1, 36, 2, 16, 28, 25, 2, 29, 12, 7, 17, 25, 34, 33, 31, 11, 16, 34, 6, 30, 4, 12, 16, 14, 11]","[0, 1, 0, 0, 0, 0, 0, 0, 0, 1, 1, 0, 0, 0, 0, 0, 0, 0, 0, 0, 0, 0, 0, 1, 0, 0, 0, 0, 0, 0, 0, 0, 0, 0, 1, 0, 1, 0, 0, 0, 0, 1, 0, 0, 0, 0, 0, 0, 0]"
L2_arctic_WAV/HKK_arctic_a0098,"[9, 41, 28, 14, 6, 27, 5, 33, 25, 26, 37]","[9, 8, 28, 14, 6, 27, 5, 33, 25, 26, 37]","[0, 1, 0, 0, 0, 0, 0, 0, 0, 0, 0]"
L2_arctic_WAV/HKK_arctic_a0099,"[2, 29, 41, 17, 2, 30, 6, 7, 18, 8, 6, 32, 14, 11, 30, 17, 6, 17, 6, 30, 24, 6, 40, 16, 33, 19, 6, 30]","[2, 29, 41, 17, 2, 30, 6, 7, 18, 8, 6, 32, 14, 11, 30, 17, 6, 17, 6, 30, 24, 6, 40, 16, 33, 19, 6, 30]","[0, 0, 0, 0, 0, 0, 0, 0, 0, 0, 0, 0, 0, 0, 0, 0, 0, 0, 0, 0, 0, 0, 0, 0, 0, 0, 0, 0]"
L2_arctic_WAV/HKK_arctic_a0100,"[26, 37, 29, 12, 34, 36, 34, 28, 25, 32, 24, 25, 1, 18, 17]","[26, 37, 29, 12, 34, 34, 28, 25, 32, 24, 25, 1, 18, 5, 17]","[0, 0, 0, 0, 0, 1, 0, 0, 0, 0, 0, 0, 0, 0, 0]"
L2_arctic_WAV/HKK_arctic_a0101,"[26, 37, 26, 37, 39, 11, 17, 30, 3, 36, 27, 25, 32, 4, 2, 36, 33, 37, 10, 22, 33, 12, 29, 29, 25]","[26, 37, 26, 37, 39, 11, 17, 30, 3, 27, 25, 4, 2, 36, 33, 37, 10, 22, 33, 12, 29, 29, 25]","[0, 0, 0, 0, 0, 0, 0, 0, 0, 1, 0, 0, 1, 0, 0, 0, 0, 0, 0, 0, 0, 0, 0, 0, 0]"
L2_arctic_WAV/HKK_arctic_a0102,"[24, 25, 39, 2, 28, 22, 3, 28, 31, 11, 12, 34, 34, 37, 30]","[24, 25, 39, 2, 33, 22, 3, 28, 31, 11, 12, 34, 34, 37, 30]","[0, 0, 0, 0, 1, 0, 0, 0, 0, 0, 0, 0, 0, 0, 0]"
L2_arctic_WAV/HKK_arctic_a0103,"[16, 12, 36, 4, 5, 33, 27, 19, 6, 29, 30, 31, 11, 32, 33, 3, 29, 2, 34, 22, 33, 12, 29, 4, 12, 16, 14, 11, 12, 38, 4, 2, 27, 2, 30, 37]","[16, 12, 36, 17, 5, 33, 27, 5, 29, 30, 31, 11, 32, 33, 3, 29, 6, 34, 22, 33, 12, 29, 4, 12, 16, 14, 11, 12, 38, 4, 2, 27, 2, 30, 37]","[0, 0, 0, 1, 0, 0, 0, 1, 1, 0, 0, 0, 0, 0, 0, 0, 0, 1, 0, 0, 0, 0, 0, 0, 0, 0, 0, 0, 0, 0, 0, 0, 0, 0, 0, 0]"
L2_arctic_WAV/HKK_arctic_a0104,"[9, 25, 39, 12, 40, 34, 28, 25, 32, 6, 7, 12, 30, 17, 1, 24, 6, 40, 32, 1, 36, 5, 27, 9, 2, 30, 41, 40, 34, 39, 25, 36, 28, 25, 41, 40, 2, 35, 14, 6, 28, 17]","[9, 25, 39, 12, 40, 34, 28, 25, 32, 6, 7, 12, 30, 17, 1, 24, 6, 40, 32, 1, 36, 5, 27, 9, 2, 30, 41, 40, 34, 39, 25, 36, 28, 25, 41, 40, 2, 35, 14, 6, 28, 17]","[0, 0, 0, 0, 0, 0, 0, 0, 0, 0, 0, 0, 0, 0, 0, 0, 0, 0, 0, 0, 0, 0, 0, 0, 0, 0, 0, 0, 0, 0, 0, 0, 0, 0, 0, 0, 0, 0, 0, 0, 0, 0]"
L2_arctic_WAV/HKK_arctic_a0105,"[31, 11, 30, 28, 25, 6, 36, 6, 40, 34, 31, 11, 39, 12, 30, 17, 1, 22, 2, 28, 34, 31, 11, 8, 28, 29, 31, 11, 34, 36, 6, 29, 32, 3, 34, 2, 16, 2, 28, 36, 2, 16, 6, 28, 25, 38]","[8, 30, 28, 25, 6, 36, 39, 12, 34, 34, 8, 39, 12, 30, 17, 1, 22, 2, 33, 34, 8, 8, 28, 29, 31, 11, 34, 6, 29, 32, 3, 34, 2, 16, 2, 28, 36, 11, 16, 2, 28, 25, 38]","[1, 1, 0, 0, 0, 0, 0, 1, 1, 0, 1, 1, 0, 0, 0, 0, 0, 0, 0, 1, 0, 1, 1, 0, 0, 0, 0, 0, 0, 1, 0, 0, 0, 0, 0, 0, 0, 0, 0, 0, 1, 0, 1, 0, 0, 0]"
L2_arctic_WAV/HKK_arctic_a0106,"[4, 25, 6, 29, 31, 11, 9, 2, 30, 39, 6, 35, 9, 25, 24, 41, 17, 34, 2, 32, 33, 5, 34, 36, 16, 1, 34, 36, 22, 8, 33, 10, 30, 14, 11, 6, 30, 2, 35, 31, 11, 27, 6, 7, 34, 3, 16]","[4, 25, 6, 29, 8, 9, 2, 30, 39, 6, 35, 9, 25, 34, 2, 32, 33, 5, 34, 36, 16, 1, 34, 36, 2, 22, 2, 33, 34, 30, 14, 11, 6, 30, 2, 35, 8, 27, 6, 7, 34, 3, 16]","[0, 0, 0, 0, 1, 1, 0, 0, 0, 0, 0, 0, 0, 0, 1, 1, 1, 0, 0, 0, 0, 0, 0, 0, 0, 0, 0, 0, 0, 1, 0, 1, 0, 0, 0, 0, 0, 0, 0, 1, 1, 0, 0, 0, 0, 0, 0]"
L2_arctic_WAV/HKK_arctic_a0107,"[6, 22, 26, 37, 31, 11, 30, 28, 25, 27, 11, 17, 30, 31, 11, 24, 14, 11, 14, 6, 10, 41, 7, 27, 26, 37]","[6, 22, 26, 37, 8, 30, 28, 25, 27, 11, 30, 8, 24, 14, 11, 14, 6, 10, 41, 7, 27, 26, 37]","[0, 0, 0, 0, 1, 1, 0, 0, 0, 0, 0, 1, 0, 1, 1, 0, 0, 0, 0, 0, 0, 0, 0, 0, 0, 0]"
L2_arctic_WAV/HKK_arctic_a0108,"[24, 25, 39, 19, 6, 17, 6, 17, 6, 30, 36, 37, 4, 25, 5, 18, 2, 38, 4, 12, 39, 8, 36, 1, 41, 30, 17, 16, 6, 23, 41, 30, 34, 27, 33, 12, 16, 6, 7, 24, 6, 29, 34, 5, 28, 22]","[24, 25, 39, 19, 6, 17, 6, 17, 6, 30, 36, 37, 4, 25, 5, 18, 2, 38, 4, 12, 39, 8, 36, 1, 41, 30, 16, 6, 23, 41, 30, 34, 27, 33, 12, 16, 6, 7, 6, 29, 34, 5, 28, 22]","[0, 0, 0, 0, 0, 0, 0, 0, 0, 0, 0, 0, 0, 0, 0, 0, 0, 0, 0, 0, 0, 0, 0, 0, 0, 0, 1, 0, 0, 0, 0, 0, 0, 0, 0, 0, 0, 0, 0, 1, 0, 0, 0, 0, 0, 0]"
L2_arctic_WAV/HKK_arctic_a0109,"[17, 37, 26, 37, 30, 31, 11, 4, 41, 36, 26, 37, 1, 9, 19, 6, 27, 6, 7, 29, 14, 6, 27, 3, 30, 22, 2, 17, 2, 30, 34, 6, 30, 26, 37]","[17, 37, 26, 37, 30, 31, 11, 17, 41, 36, 26, 37, 1, 9, 19, 6, 27, 6, 7, 29, 14, 6, 27, 3, 30, 22, 6, 17, 5, 30, 34, 6, 30, 26, 37]","[0, 0, 0, 0, 0, 0, 0, 1, 0, 0, 0, 0, 0, 0, 0, 0, 0, 0, 0, 0, 0, 0, 0, 0, 0, 0, 1, 0, 1, 0, 0, 0, 0, 0, 0]"
L2_arctic_WAV/HKK_arctic_a0111,"[6, 30, 34, 36, 5, 17, 24, 25, 18, 8, 6, 30, 17, 24, 1, 41, 30, 17, 4, 19, 6, 19, 6, 36, 28, 14, 6, 27, 36, 37, 24, 12, 7, 23, 33, 25, 35, 6, 28, 17, 33, 2, 30]","[6, 30, 34, 36, 5, 17, 25, 18, 8, 6, 30, 17, 1, 41, 30, 17, 4, 19, 6, 41, 36, 28, 14, 6, 36, 37, 24, 12, 7, 23, 33, 25, 35, 6, 28, 17, 33, 2, 30]","[0, 0, 0, 0, 0, 0, 1, 0, 0, 0, 0, 0, 0, 1, 0, 0, 0, 0, 0, 0, 0, 1, 1, 0, 0, 0, 0, 1, 0, 0, 0, 0, 0, 0, 0, 0, 0, 0, 0, 0, 0, 0, 0]"
L2_arctic_WAV/HKK_arctic_a0112,"[24, 25, 39, 12, 40, 39, 37, 30, 17, 6, 17, 6, 30, 4, 25, 3, 33, 29]","[24, 25, 39, 12, 40, 39, 37, 30, 17, 6, 17, 6, 30, 4, 25, 3, 29]","[0, 0, 0, 0, 0, 0, 0, 0, 0, 0, 0, 0, 0, 0, 0, 0, 1, 0]"
L2_arctic_WAV/HKK_arctic_a0113,"[14, 6, 34, 2, 32, 31, 11, 40, 26, 37, 32, 6, 27, 36, 4, 41, 36, 28, 6, 7, 23, 31, 11, 12, 32, 2, 29, 12, 7, 4, 25, 6, 30, 17, 25, 2, 30, 40]","[14, 6, 34, 2, 32, 31, 11, 40, 26, 37, 32, 6, 27, 36, 4, 41, 36, 28, 6, 7, 23, 31, 11, 12, 32, 2, 29, 12, 7, 4, 25, 6, 30, 17, 25, 2, 30, 34]","[0, 0, 0, 0, 0, 0, 0, 0, 0, 0, 0, 0, 0, 0, 0, 0, 0, 0, 0, 0, 0, 0, 0, 0, 0, 0, 0, 0, 0, 0, 0, 0, 0, 0, 0, 0, 0, 1]"
L2_arctic_WAV/HKK_arctic_a0115,"[24, 25, 24, 41, 17, 30, 31, 11, 6, 27, 34, 27, 26, 37, 40, 22, 33, 1, 4, 2, 22, 25, 28, 6, 7, 40, 39, 6, 35, 39, 1, 1, 14, 11, 40, 17, 6, 30, 24, 6, 29]","[24, 25, 41, 17, 30, 8, 6, 27, 34, 27, 26, 37, 34, 22, 1, 4, 2, 22, 25, 28, 6, 7, 40, 39, 6, 35, 39, 1, 1, 14, 11, 40, 17, 6, 30, 24, 6, 29]","[0, 0, 1, 0, 0, 0, 1, 1, 0, 0, 0, 0, 0, 0, 1, 0, 1, 0, 0, 0, 0, 0, 0, 0, 0, 0, 0, 0, 0, 0, 0, 0, 0, 0, 0, 0, 0, 0, 0, 0, 0]"
L2_arctic_WAV/HKK_arctic_a0116,"[39, 12, 40, 6, 36, 4, 2, 33, 3, 30, 17, 6, 38, 37, 12, 38, 4, 31, 11, 40, 24, 37, 39, 1, 34, 36, 33, 14, 6, 38, 6, 7, 36, 37, 39, 1, 27, 24, 6, 40, 33, 37, 6, 30]","[39, 12, 40, 6, 4, 2, 33, 3, 30, 17, 6, 38, 26, 37, 12, 38, 4, 31, 11, 40, 24, 37, 39, 1, 34, 36, 33, 14, 6, 38, 6, 7, 36, 37, 39, 1, 27, 24, 6, 34, 33, 37, 6, 30]","[0, 0, 0, 0, 1, 0, 0, 0, 0, 0, 0, 0, 0, 0, 0, 0, 0, 0, 0, 0, 0, 0, 0, 0, 0, 0, 0, 0, 0, 0, 0, 0, 0, 0, 0, 0, 0, 0, 0, 1, 0, 0, 0, 0]"
L2_arctic_WAV/HKK_arctic_a0117,"[9, 25, 41, 17, 6, 17, 39, 6, 4, 18, 5, 30, 26, 2, 39, 2, 30, 34, 6, 29, 32, 2, 10, 25, 6, 30, 24, 1, 22, 19, 6, 34, 2, 30, 17, 38, 8, 6, 34]","[9, 25, 41, 17, 6, 17, 39, 6, 18, 5, 30, 26, 2, 39, 2, 30, 34, 6, 29, 32, 2, 10, 25, 6, 30, 24, 1, 22, 19, 6, 34, 2, 30, 17, 38, 8, 6, 34]","[0, 0, 0, 0, 0, 0, 0, 0, 1, 0, 0, 0, 0, 0, 0, 0, 0, 0, 0, 0, 0, 0, 0, 0, 0, 0, 0, 0, 0, 0, 0, 0, 0, 0, 0, 0, 0, 0, 0]"
L2_arctic_WAV/HKK_arctic_a0120,"[29, 14, 6, 33, 14, 6, 36, 22, 11, 36, 22, 25, 28, 40, 28, 14, 6, 27, 4, 41, 36, 12, 38, 2, 35, 14, 6, 30, 25, 40, 17, 5, 16, 26, 2, 36, 3, 30, 36]","[29, 14, 6, 33, 14, 6, 36, 22, 11, 36, 22, 25, 28, 34, 28, 14, 6, 4, 41, 36, 12, 38, 35, 14, 6, 30, 25, 40, 17, 5, 16, 26, 2, 36, 3, 30, 36]","[0, 0, 0, 0, 0, 0, 0, 0, 0, 0, 0, 0, 0, 1, 0, 0, 0, 1, 0, 0, 0, 0, 0, 1, 0, 0, 0, 0, 0, 0, 0, 0, 0, 0, 0, 0, 0, 0, 0]"
L2_arctic_WAV/HKK_arctic_a0121,"[4, 19, 6, 19, 6, 36, 17, 6, 30, 1, 41, 36, 4, 2, 22, 6, 22, 10, 41, 30, 17, 33, 5, 34, 36, 6, 17, 22, 33, 1, 36, 37, 14, 11, 1, 40]","[17, 19, 6, 19, 6, 36, 36, 6, 30, 1, 41, 36, 4, 2, 22, 6, 22, 34, 41, 30, 33, 5, 34, 36, 6, 17, 22, 1, 36, 37, 14, 11, 1, 34]","[1, 0, 0, 0, 0, 0, 1, 0, 0, 0, 0, 0, 0, 0, 0, 0, 0, 1, 0, 0, 1, 0, 0, 0, 0, 0, 0, 0, 1, 0, 0, 0, 0, 0, 0, 1]"
L2_arctic_WAV/HKK_arctic_a0122,"[36, 37, 26, 6, 33, 40, 2, 23, 31, 11, 14, 6, 23, 19, 6, 38, 12, 32, 34, 6, 38, 2, 28, 6, 40, 19, 6, 9, 2, 30, 22, 33, 1, 4, 6, 34]","[36, 37, 26, 6, 33, 34, 2, 23, 8, 14, 6, 23, 19, 6, 38, 12, 22, 34, 6, 38, 2, 28, 14, 6, 18, 19, 6, 9, 2, 30, 22, 1, 17, 6, 34]","[0, 0, 0, 0, 0, 1, 0, 0, 1, 1, 0, 0, 0, 0, 0, 0, 0, 1, 0, 0, 0, 0, 0, 0, 1, 0, 0, 0, 0, 0, 0, 1, 0, 1, 0, 0]"
L2_arctic_WAV/HKK_arctic_a0123,"[9, 25, 24, 41, 17, 17, 14, 6, 17, 22, 33, 12, 29, 27, 31, 11, 28, 17, 41, 30, 17, 34, 36, 3, 33, 38, 19, 6, 9, 2, 30]","[9, 25, 24, 41, 17, 17, 14, 6, 17, 22, 33, 12, 29, 27, 8, 28, 17, 41, 30, 17, 34, 36, 3, 33, 38, 19, 6, 9, 2, 30]","[0, 0, 0, 0, 0, 0, 0, 0, 0, 0, 0, 0, 0, 0, 1, 1, 0, 0, 0, 0, 0, 0, 0, 0, 0, 0, 0, 0, 0, 0, 0]"
L2_arctic_WAV/HKK_arctic_a0125,"[24, 25, 39, 12, 40, 17, 6, 36, 1, 29, 2, 30, 17, 30, 14, 11, 36, 37, 29, 19, 6, 30, 36, 19, 6, 30, 2, 29, 8, 33, 34, 1, 36, 2, 30, 24, 31, 11, 28, 17, 2, 32, 3, 30, 24, 6, 29, 34, 5, 28, 22]","[24, 25, 39, 12, 40, 17, 6, 36, 1, 29, 2, 30, 30, 14, 11, 36, 37, 29, 19, 6, 30, 36, 19, 6, 30, 2, 29, 8, 33, 34, 1, 36, 2, 30, 24, 8, 33, 17, 2, 32, 3, 30, 6, 29, 34, 5, 28, 22]","[0, 0, 0, 0, 0, 0, 0, 0, 0, 0, 0, 0, 1, 0, 0, 0, 0, 0, 0, 0, 0, 0, 0, 0, 0, 0, 0, 0, 0, 0, 0, 0, 0, 0, 0, 0, 1, 1, 1, 0, 0, 0, 0, 0, 1, 0, 0, 0, 0, 0, 0]"
L2_arctic_WAV/HKK_arctic_a0126,"[25, 35, 17, 19, 6, 9, 25, 16, 25, 27, 19, 6, 29, 2, 29, 8, 33, 38, 14, 6, 36, 2, 28, 32, 3, 33, 36, 12, 38, 24, 6, 29]","[25, 35, 17, 19, 6, 9, 25, 16, 25, 27, 19, 6, 29, 2, 29, 8, 33, 38, 14, 6, 36, 2, 33, 32, 3, 33, 36, 12, 38, 6, 29]","[0, 0, 0, 0, 0, 0, 0, 0, 0, 0, 0, 0, 0, 0, 0, 0, 0, 0, 0, 0, 0, 0, 1, 0, 0, 0, 0, 0, 0, 1, 0, 0]"
L2_arctic_WAV/HKK_arctic_a0127,"[6, 36, 39, 12, 40, 2, 36, 5, 29, 36, 19, 6, 9, 2, 30, 16, 12, 36, 24, 25, 33, 25, 40, 6, 34, 36, 6, 17, 6, 36]","[6, 36, 39, 12, 34, 2, 36, 5, 29, 32, 19, 6, 9, 2, 30, 16, 12, 36, 24, 25, 33, 25, 40, 6, 34, 36, 6, 17, 6, 36]","[0, 0, 0, 0, 1, 0, 0, 0, 0, 1, 0, 0, 0, 0, 0, 0, 0, 0, 0, 0, 0, 0, 0, 0, 0, 0, 0, 0, 0, 0]"
L2_arctic_WAV/HKK_arctic_a0128,"[4, 6, 34, 39, 12, 30, 24, 31, 11, 32, 39, 12, 40, 17, 6, 34, 36, 33, 8, 6, 17, 41, 40, 27, 39, 6, 27, 28, 25, 41, 40, 6, 36, 39, 12, 40, 16, 8, 33, 30]","[4, 6, 34, 39, 12, 30, 24, 3, 39, 12, 40, 17, 6, 34, 36, 33, 8, 6, 17, 41, 40, 27, 39, 6, 27, 28, 25, 41, 40, 6, 36, 39, 12, 40, 16, 8, 30]","[0, 0, 0, 0, 0, 0, 0, 1, 1, 1, 0, 0, 0, 0, 0, 0, 0, 0, 0, 0, 0, 0, 0, 0, 0, 0, 0, 0, 0, 0, 0, 0, 0, 0, 0, 0, 0, 0, 1, 0]"
L2_arctic_WAV/HKK_arctic_a0129,"[24, 1, 22, 19, 6, 34, 39, 12, 40, 2, 23, 19, 6, 30, 34, 36, 24, 6, 40, 16, 33, 5, 34, 36]","[24, 1, 22, 19, 6, 34, 39, 12, 40, 2, 23, 19, 6, 30, 34, 36, 6, 40, 16, 33, 5, 34, 36]","[0, 0, 0, 0, 0, 0, 0, 0, 0, 0, 0, 0, 0, 0, 0, 0, 1, 0, 0, 0, 0, 0, 0, 0]"
L2_arctic_WAV/HKK_arctic_a0130,"[9, 25, 39, 12, 40, 24, 6, 40, 30, 14, 11, 22, 1, 5, 38, 1]","[9, 25, 39, 12, 40, 6, 40, 30, 14, 11, 22, 1, 5, 38, 1]","[0, 0, 0, 0, 0, 1, 0, 0, 0, 0, 0, 0, 0, 0, 0, 0]"
L2_arctic_WAV/HKK_arctic_a0131,"[32, 33, 3, 38, 2, 17, 2, 30, 34, 24, 41, 17, 17, 6, 28, 6, 38, 1, 17, 24, 6, 29, 10, 33, 37, 4, 2, 29, 19, 6, 28, 34, 36, 33, 2, 29]","[32, 33, 3, 38, 2, 17, 2, 30, 34, 24, 41, 17, 17, 6, 28, 6, 38, 1, 17, 24, 6, 29, 10, 33, 37, 17, 2, 29, 19, 6, 28, 34, 36, 8, 29]","[0, 0, 0, 0, 0, 0, 0, 0, 0, 0, 0, 0, 0, 0, 0, 0, 0, 0, 0, 0, 0, 0, 0, 0, 0, 1, 0, 0, 0, 0, 0, 0, 0, 1, 1, 0]"
L2_arctic_WAV/HKK_arctic_a0134,"[24, 25, 31, 11, 16, 19, 6, 17, 4, 2, 32, 33, 5, 9, 1, 12, 38, 24, 1, 24, 41, 30, 17]","[24, 25, 8, 16, 19, 6, 17, 4, 2, 32, 33, 5, 9, 1, 12, 38, 24, 1, 24, 41, 30, 17, 34]","[0, 0, 1, 1, 0, 0, 0, 0, 0, 0, 0, 0, 0, 0, 0, 0, 0, 0, 0, 0, 0, 0, 0]"
L2_arctic_WAV/HKK_arctic_a0136,"[2, 16, 14, 11, 36, 6, 29, 5, 38, 33, 25, 39, 5, 33, 39, 1, 4, 2, 5, 38, 2, 17, 2, 30, 34, 2, 40, 2, 38, 28, 12, 23, 13, 1, 25, 41, 30, 17, 12, 38, 19, 6, 18]","[2, 16, 14, 11, 36, 6, 29, 5, 38, 33, 25, 39, 5, 33, 39, 1, 4, 2, 5, 38, 2, 17, 2, 30, 34, 6, 34, 2, 38, 12, 28, 12, 23, 9, 1, 25, 41, 30, 12, 38, 19, 6, 18]","[0, 0, 0, 0, 0, 0, 0, 0, 0, 0, 0, 0, 0, 0, 0, 0, 0, 0, 0, 0, 0, 0, 0, 0, 0, 1, 1, 0, 0, 0, 0, 0, 1, 0, 0, 0, 0, 1, 0, 0, 0, 0, 0]"
L2_arctic_WAV/HKK_arctic_a0137,"[4, 5, 30, 24, 25, 34, 36, 5, 32, 36, 16, 41, 27, 39, 6, 4, 2, 28, 31, 11, 27, 33, 14, 6, 12, 38, 32, 28, 5, 13, 1]","[4, 5, 30, 24, 25, 34, 36, 5, 16, 41, 39, 6, 4, 2, 28, 31, 11, 27, 33, 14, 6, 12, 38, 32, 28, 5, 18, 1]","[0, 0, 0, 0, 0, 0, 0, 0, 1, 1, 0, 0, 1, 0, 0, 0, 0, 0, 0, 0, 0, 0, 0, 0, 0, 0, 0, 0, 0, 1, 0]"
L2_arctic_WAV/HKK_arctic_a0139,"[24, 25, 36, 31, 11, 28, 17, 24, 6, 29, 34, 5, 28, 22, 4, 41, 36, 41, 40, 24, 25, 39, 3, 9, 36, 24, 6, 29, 34, 5, 28, 22, 41, 30, 17, 23, 33, 37, 29, 17, 24, 6, 40, 17, 6, 9, 5, 38, 2, 28, 17, 27, 28, 31, 11, 4, 40]","[24, 25, 36, 31, 11, 28, 17, 6, 29, 34, 5, 28, 22, 4, 41, 36, 41, 40, 25, 39, 3, 9, 36, 6, 29, 34, 5, 28, 22, 41, 30, 17, 23, 33, 37, 29, 17, 6, 34, 17, 6, 9, 5, 38, 2, 28, 17, 27, 28, 31, 11, 10]","[0, 0, 0, 0, 0, 0, 0, 1, 0, 0, 0, 0, 0, 0, 0, 0, 0, 0, 0, 1, 0, 0, 0, 0, 0, 1, 0, 0, 0, 0, 0, 0, 0, 0, 0, 0, 0, 0, 0, 0, 1, 0, 1, 0, 0, 0, 0, 0, 0, 0, 0, 0, 0, 0, 0, 1, 1]"
L2_arctic_WAV/HKK_arctic_a0143,"[3, 14, 6, 24, 41, 17, 22, 8, 33, 23, 3, 36, 2, 30, 24, 25, 6, 27, 34, 27, 28, 19, 6, 29, 17]","[3, 14, 6, 24, 41, 17, 22, 8, 33, 23, 3, 36, 2, 30, 24, 25, 6, 27, 34, 27, 28, 19, 6, 29, 17]","[0, 0, 0, 0, 0, 0, 0, 0, 0, 0, 0, 0, 0, 0, 0, 0, 0, 0, 0, 0, 0, 0, 0, 0, 0]"
L2_arctic_WAV/HKK_arctic_a0144,"[16, 12, 36, 4, 5, 33, 39, 12, 40, 34, 12, 29, 10, 6, 7, 25, 38, 6, 30, 29, 8, 33, 34, 36, 3, 33, 36, 28, 6, 7, 4, 41, 30, 4, 6, 34, 33, 25, 40, 5, 29, 16, 28, 2, 30, 34]","[16, 12, 17, 5, 33, 39, 12, 40, 34, 12, 29, 10, 6, 7, 25, 38, 6, 29, 29, 8, 33, 34, 36, 3, 33, 36, 28, 6, 7, 17, 41, 30, 17, 6, 34, 33, 25, 40, 5, 29, 16, 28, 2, 30, 34]","[0, 0, 1, 1, 0, 0, 0, 0, 0, 0, 0, 0, 0, 0, 0, 0, 0, 0, 1, 0, 0, 0, 0, 0, 0, 0, 0, 0, 0, 0, 1, 0, 0, 1, 0, 0, 0, 0, 0, 0, 0, 0, 0, 0, 0, 0]"
L2_arctic_WAV/HKK_arctic_a0145,"[14, 6, 24, 41, 38, 36, 2, 16, 25, 27, 5, 33, 22, 2, 28, 12, 38, 4, 2, 29, 5, 40, 4, 19, 6, 36, 6, 33, 38, 5, 33, 25, 25, 40, 2, 28, 25]","[14, 6, 24, 41, 38, 36, 2, 16, 25, 27, 5, 22, 2, 28, 12, 38, 4, 2, 29, 5, 40, 4, 5, 33, 36, 6, 33, 38, 5, 33, 25, 25, 40, 2, 28, 25]","[0, 0, 0, 0, 0, 0, 0, 0, 0, 0, 0, 1, 0, 0, 0, 0, 0, 0, 0, 0, 0, 0, 0, 1, 1, 0, 0, 0, 0, 0, 0, 0, 0, 0, 0, 0, 0]"
L2_arctic_WAV/HKK_arctic_a0148,"[30, 14, 11, 4, 25, 40, 10, 6, 7, 40, 24, 41, 17, 16, 6, 30, 34, 36, 33, 12, 27, 17, 5, 17, 39, 6, 10, 6, 30, 24, 6, 29]","[30, 14, 11, 4, 25, 40, 36, 6, 7, 40, 24, 41, 17, 2, 16, 6, 30, 34, 36, 33, 12, 17, 5, 17, 39, 6, 17, 6, 30, 24, 6, 29]","[0, 0, 0, 0, 0, 0, 1, 0, 0, 0, 0, 0, 0, 0, 0, 0, 0, 0, 0, 0, 1, 0, 0, 0, 0, 0, 1, 0, 0, 0, 0, 0]"
L2_arctic_WAV/HKK_arctic_a0168,"[28, 31, 11, 16, 11, 9, 24, 39, 6, 32, 36, 24, 6, 29, 6, 30, 4, 2, 22, 19, 6, 34, 41, 30, 17, 28, 5, 22, 36, 30, 31, 11, 34, 36, 6, 7]","[2, 28, 31, 11, 16, 11, 9, 24, 39, 6, 32, 36, 24, 6, 29, 6, 30, 4, 2, 22, 19, 6, 34, 41, 30, 28, 5, 22, 30, 31, 11, 34, 36, 25, 7]","[0, 0, 0, 0, 0, 0, 0, 0, 0, 0, 0, 0, 0, 0, 0, 0, 0, 0, 0, 0, 0, 0, 0, 0, 1, 0, 0, 0, 1, 0, 0, 0, 0, 0, 1, 0]"
L2_arctic_WAV/HKK_arctic_a0178,"[5, 38, 33, 25, 16, 31, 11, 30, 6, 30, 24, 1, 19, 6, 18, 6, 17, 16, 3, 17, 25, 34, 25, 29, 17, 16, 33, 31, 11, 27, 2, 30, 1, 17, 6, 34, 28, 31, 11, 27, 19, 6, 36, 6, 17]","[5, 21, 33, 25, 16, 8, 30, 6, 30, 1, 19, 6, 18, 6, 17, 16, 3, 17, 25, 34, 25, 29, 17, 16, 33, 31, 11, 27, 5, 30, 1, 17, 6, 34, 28, 31, 11, 27, 19, 6, 36, 6, 17]","[0, 1, 0, 0, 0, 1, 1, 0, 0, 0, 1, 0, 0, 0, 0, 0, 0, 0, 0, 0, 0, 0, 0, 0, 0, 0, 0, 0, 0, 0, 1, 0, 0, 0, 0, 0, 0, 0, 0, 0, 0, 0, 0, 0, 0]"
L2_arctic_WAV/HKK_arctic_a0209,"[6, 36, 39, 8, 40, 30, 3, 36, 2, 28, 3, 33, 18, 28, 19, 6, 27, 41, 30, 17, 8, 28, 29, 31, 11, 34, 36, 33, 14, 11, 30, 17]","[6, 36, 39, 8, 34, 30, 3, 33, 2, 28, 3, 33, 21, 28, 19, 6, 41, 30, 8, 21, 29, 8, 34, 36, 33, 14, 11, 30, 17]","[0, 0, 0, 0, 1, 0, 0, 1, 0, 0, 0, 0, 1, 0, 0, 0, 1, 0, 0, 1, 0, 1, 0, 1, 1, 0, 0, 0, 0, 0, 0, 0]"
L2_arctic_WAV/HKK_arctic_a0233,"[14, 6, 30, 5, 38, 1, 2, 28, 14, 11, 39, 12, 36, 27, 41, 30, 36, 16, 25, 35, 19, 6, 30, 18, 17, 36, 37, 2, 30, 8, 6, 29, 25]","[14, 6, 30, 5, 38, 1, 2, 28, 14, 11, 39, 12, 36, 27, 41, 30, 16, 25, 35, 19, 6, 30, 18, 6, 36, 37, 2, 30, 8, 6, 29, 25]","[0, 0, 0, 0, 0, 0, 0, 0, 0, 0, 0, 0, 0, 0, 0, 0, 1, 0, 0, 0, 0, 0, 0, 0, 1, 0, 0, 0, 0, 0, 0, 0, 0]"
L2_arctic_WAV/HKK_arctic_a0258,"[34, 31, 11, 27, 36, 6, 30, 34, 25, 39, 3, 36, 1, 4, 19, 6, 8, 22, 34, 5, 36, 4, 2, 24, 25, 36, 33, 19, 6, 40]","[34, 8, 27, 6, 30, 34, 25, 39, 3, 36, 1, 4, 19, 6, 8, 22, 34, 5, 36, 4, 2, 24, 6, 36, 33, 19, 6, 34]","[0, 1, 1, 0, 1, 0, 0, 0, 0, 0, 0, 0, 0, 0, 0, 0, 0, 0, 0, 0, 0, 0, 0, 0, 1, 0, 0, 0, 0, 1]"
L2_arctic_WAV/HKK_arctic_a0260,"[30, 31, 11, 16, 3, 17, 25, 30, 26, 37, 24, 6, 40, 24, 6, 34, 36, 1, 25, 4, 19, 6, 12, 38, 4, 2, 24, 11, 30, 36, 2, 28, 25, 34, 36, 12, 38, 8, 28]","[30, 31, 11, 16, 3, 17, 25, 30, 26, 37, 24, 6, 40, 34, 36, 1, 25, 4, 19, 6, 12, 38, 4, 2, 18, 11, 30, 36, 2, 28, 25, 34, 36, 12, 38, 8, 33]","[0, 0, 0, 0, 0, 0, 0, 0, 0, 0, 0, 0, 0, 1, 1, 0, 0, 0, 0, 0, 0, 0, 0, 0, 0, 0, 1, 0, 0, 0, 0, 0, 0, 0, 0, 0, 0, 0, 1]"
L2_arctic_WAV/HKK_arctic_a0271,"[30, 14, 11, 32, 28, 25, 40, 23, 6, 38, 19, 6, 32, 28, 19, 6, 30, 34, 36, 19, 6, 36, 29, 2, 30, 36, 12, 38, 39, 12, 36, 2, 27, 1, 17]","[30, 14, 11, 32, 28, 25, 40, 23, 6, 38, 29, 6, 12, 32, 28, 19, 6, 30, 34, 36, 19, 6, 36, 29, 2, 30, 36, 12, 38, 39, 12, 36, 2, 27, 1, 17]","[0, 0, 0, 0, 0, 0, 0, 0, 0, 0, 1, 0, 0, 0, 0, 0, 0, 0, 0, 0, 0, 0, 0, 0, 0, 0, 0, 0, 0, 0, 0, 0, 0, 0, 0]"
L2_arctic_WAV/HKK_arctic_a0272,"[26, 37, 27, 2, 30, 36, 19, 6, 27, 2, 38, 19, 6, 27, 19, 6, 9, 2, 30, 3, 30, 32, 19, 6]","[26, 37, 27, 2, 30, 36, 19, 6, 27, 2, 38, 19, 6, 27, 19, 6, 9, 2, 30, 3, 29, 32, 19, 6]","[0, 0, 0, 0, 0, 0, 0, 0, 0, 0, 0, 0, 0, 0, 0, 0, 0, 0, 0, 0, 1, 0, 0, 0]"
L2_arctic_WAV/HKK_arctic_a0303,"[16, 12, 36, 4, 19, 6, 29, 19, 6, 27, 4, 2, 29, 6, 34, 36, 19, 6, 27, 12, 38, 6, 23, 30, 8, 33, 6, 7, 4, 5, 33, 31, 11, 30, 17, 37, 41, 28, 2, 36, 25]","[16, 12, 4, 19, 6, 29, 19, 6, 4, 2, 29, 6, 34, 36, 19, 6, 27, 12, 38, 6, 23, 30, 8, 33, 6, 7, 4, 5, 33, 8, 30, 17, 26, 37, 3, 28, 2, 36, 25]","[0, 0, 1, 0, 0, 0, 0, 0, 0, 1, 0, 0, 0, 0, 0, 0, 0, 0, 0, 0, 0, 0, 0, 0, 0, 0, 0, 0, 0, 0, 0, 1, 1, 0, 0, 0, 1, 0, 0, 0, 0]"
L2_arctic_WAV/HKK_arctic_a0345,"[9, 25, 39, 12, 40, 36, 33, 14, 6, 6, 7, 36, 2, 32, 41, 34, 4, 2, 19, 6, 32, 33, 2, 30, 34, 36, 33, 6, 7, 1, 14, 11, 30, 17, 24, 6, 29]","[9, 25, 39, 12, 34, 36, 33, 14, 6, 6, 7, 36, 2, 32, 41, 34, 36, 6, 5, 28, 32, 33, 3, 30, 34, 36, 33, 6, 7, 1, 14, 11, 30, 17, 24, 6, 29]","[0, 0, 0, 0, 1, 0, 0, 0, 0, 0, 0, 0, 0, 0, 0, 0, 1, 1, 1, 1, 0, 0, 1, 0, 0, 0, 0, 0, 0, 0, 0, 0, 0, 0, 0, 0, 0]"
L2_arctic_WAV/HKK_arctic_a0364,"[39, 25, 24, 41, 38, 32, 28, 5, 30, 25, 2, 38, 27, 41, 32, 6, 36, 2, 28, 14, 11, 1, 34, 5, 28, 38, 40, 2, 30, 17, 26, 5, 36, 39, 25, 39, 3, 30, 36, 29, 8, 33]","[39, 25, 41, 38, 2, 32, 28, 5, 30, 25, 2, 38, 27, 41, 32, 6, 36, 2, 33, 14, 11, 1, 34, 5, 28, 38, 34, 2, 30, 26, 5, 36, 26, 37, 39, 3, 30, 29, 8, 33]","[0, 0, 1, 0, 0, 0, 0, 0, 0, 0, 0, 0, 0, 0, 0, 0, 0, 0, 1, 0, 0, 0, 0, 0, 0, 0, 1, 0, 0, 1, 0, 0, 0, 1, 1, 0, 0, 0, 1, 0, 0, 0]"
L2_arctic_WAV/HKK_arctic_a0365,"[4, 25, 40, 33, 37, 29, 1, 40, 29, 19, 6, 25, 38, 6, 30, 1, 6, 18, 2, 30, 19, 6, 36, 39, 6, 4, 12, 34]","[4, 25, 34, 33, 37, 29, 1, 40, 29, 19, 6, 25, 38, 6, 30, 1, 6, 13, 2, 30, 19, 6, 36, 39, 6, 4, 12, 34]","[0, 0, 1, 0, 0, 0, 0, 0, 0, 0, 0, 0, 0, 0, 0, 0, 0, 1, 0, 0, 0, 0, 0, 0, 0, 0, 0, 0]"
L2_arctic_WAV/HKK_arctic_a0369,"[6, 30, 32, 3, 33, 36, 30, 1, 9, 6, 32, 39, 6, 4, 17, 19, 6, 28, 14, 6, 36, 4, 2, 32, 5, 33, 33, 19, 6, 17, 6, 17, 4, 2, 34, 41, 30, 24, 31, 11, 40, 19, 6, 6, 30, 36, 1, 1, 16, 2, 30]","[6, 30, 32, 3, 33, 36, 30, 1, 9, 6, 32, 39, 6, 4, 2, 17, 19, 6, 33, 14, 6, 4, 2, 32, 5, 33, 33, 19, 6, 17, 6, 17, 4, 2, 34, 41, 30, 24, 8, 34, 5, 6, 30, 36, 1, 1, 16, 2, 30]","[0, 0, 0, 0, 0, 0, 0, 0, 0, 0, 0, 0, 0, 0, 0, 0, 0, 1, 0, 0, 1, 0, 0, 0, 0, 0, 0, 0, 0, 0, 0, 0, 0, 0, 0, 0, 0, 0, 1, 1, 1, 1, 1, 0, 0, 0, 0, 0, 0, 0, 0]"
L2_arctic_WAV/HKK_arctic_a0375,"[4, 2, 16, 11, 35, 1, 40, 41, 30, 17, 29, 25, 36, 27, 12, 36, 1, 40, 33, 6, 22, 26, 37, 40, 17, 36, 6, 24, 41, 30, 17, 2, 28, 29, 25, 36, 17, 5, 34, 36, 6, 30, 17, 22, 33, 1, 12, 30, 22, 5, 33, 33, 5, 34, 36, 33, 3, 30, 36, 34]","[4, 2, 16, 11, 35, 1, 34, 41, 30, 29, 25, 27, 12, 36, 1, 40, 33, 6, 22, 26, 37, 34, 36, 6, 24, 41, 30, 17, 2, 33, 29, 6, 36, 17, 41, 34, 36, 6, 30, 17, 22, 1, 12, 30, 22, 5, 33, 33, 5, 34, 36, 33, 3, 30, 36, 34]","[0, 0, 0, 0, 0, 0, 1, 0, 0, 1, 0, 0, 1, 0, 0, 0, 0, 0, 0, 0, 0, 0, 0, 1, 1, 0, 0, 0, 0, 0, 0, 0, 1, 0, 1, 0, 0, 1, 0, 0, 0, 0, 0, 0, 1, 0, 0, 0, 0, 0, 0, 0, 0, 0, 0, 0, 0, 0, 0, 0]"
L2_arctic_WAV/HKK_arctic_a0378,"[4, 41, 36, 34, 24, 39, 14, 6, 6, 36, 34, 16, 14, 11, 30, 17, 1, 25, 40, 3, 33, 8, 28, 23, 14, 11, 18, 17, 41, 30, 17, 18, 41, 23, 17]","[4, 41, 34, 39, 14, 6, 6, 36, 34, 2, 16, 14, 11, 30, 17, 1, 25, 40, 3, 33, 8, 33, 23, 14, 11, 18, 2, 17, 41, 30, 17, 18, 41, 23, 2, 17]","[0, 0, 1, 0, 1, 0, 0, 0, 0, 0, 0, 0, 0, 0, 0, 0, 0, 0, 0, 0, 0, 0, 1, 0, 0, 0, 0, 0, 0, 0, 0, 0, 0, 0, 0]"
L2_arctic_WAV/HKK_arctic_a0379,"[24, 14, 11, 31, 11, 28, 17, 3, 33, 26, 37, 17, 41, 17, 25]","[24, 14, 11, 8, 28, 17, 3, 26, 37, 17, 5, 17, 25]","[0, 0, 0, 1, 1, 0, 0, 0, 1, 0, 0, 0, 1, 0, 0]"
L2_arctic_WAV/HKK_arctic_a0384,"[4, 2, 22, 3, 33, 29, 1, 39, 1, 27, 34, 4, 2, 34, 8, 6, 28, 41, 30, 17, 32, 33, 2, 17, 37, 34, 6, 40, 23, 33, 19, 6, 30]","[4, 2, 22, 3, 29, 1, 39, 1, 27, 34, 4, 2, 34, 8, 6, 28, 41, 30, 17, 32, 33, 2, 17, 26, 37, 34, 6, 40, 23, 33, 19, 6, 30]","[0, 0, 0, 0, 1, 0, 0, 0, 0, 0, 0, 0, 0, 0, 0, 0, 0, 0, 0, 0, 0, 0, 0, 0, 0, 0, 0, 0, 0, 0, 0, 0, 0]"
L2_arctic_WAV/HKK_arctic_a0416,"[4, 25, 41, 17, 6, 17, 39, 19, 6, 36, 24, 41, 17, 2, 38, 2, 28, 3, 34, 2, 36, 25, 12, 38, 22, 6, 22, 36, 25, 30, 29, 14, 6, 2, 28, 40, 32, 1, 14, 11, 33]","[4, 25, 41, 17, 6, 17, 39, 19, 6, 36, 24, 41, 17, 2, 38, 2, 28, 3, 34, 2, 36, 25, 12, 38, 2, 22, 6, 22, 36, 25, 30, 29, 14, 6, 2, 28, 34, 32, 1, 14, 11, 33]","[0, 0, 0, 0, 0, 0, 0, 0, 0, 0, 0, 0, 0, 0, 0, 0, 0, 0, 0, 0, 0, 0, 0, 0, 0, 0, 0, 0, 0, 0, 0, 0, 0, 0, 0, 1, 0, 0, 0, 0, 0]"
L2_arctic_WAV/HKK_arctic_a0442,"[26, 37, 28, 6, 38, 3, 30, 2, 30, 6, 30, 27, 12, 29, 39, 6, 35, 26, 11, 33, 22, 3, 4, 1, 1, 30, 17]","[26, 37, 28, 25, 38, 3, 30, 2, 30, 6, 30, 27, 12, 29, 39, 6, 35, 26, 11, 22, 3, 17, 1, 2, 30, 36]","[0, 0, 0, 1, 0, 0, 0, 0, 0, 0, 0, 0, 0, 0, 0, 0, 0, 0, 0, 1, 0, 0, 1, 0, 1, 0, 1]"
L2_arctic_WAV/HKK_arctic_a0475,"[24, 6, 40, 14, 11, 36, 34, 36, 33, 5, 35, 17, 3, 33, 29, 17, 33, 3, 32, 36, 36, 6, 24, 6, 40, 34, 14, 6, 17, 41, 30, 17, 24, 25, 32, 8, 40, 17]","[24, 6, 40, 14, 11, 34, 36, 33, 5, 35, 6, 17, 3, 29, 17, 33, 3, 36, 6, 24, 6, 40, 34, 14, 6, 17, 41, 30, 24, 25, 32, 31, 11, 34, 36]","[0, 0, 0, 0, 0, 1, 0, 0, 0, 0, 0, 0, 0, 1, 0, 0, 0, 0, 1, 1, 0, 0, 0, 0, 0, 0, 0, 0, 0, 0, 0, 1, 0, 0, 0, 1, 1, 1]"
L2_arctic_WAV/HKK_arctic_a0495,"[24, 25, 16, 8, 33, 30, 31, 11, 23, 33, 12, 18, 6, 40, 41, 30, 17, 24, 41, 17, 22, 26, 37, 5, 30, 2, 29, 25, 40]","[24, 25, 16, 8, 33, 30, 8, 23, 33, 12, 18, 6, 17, 34, 41, 30, 24, 41, 17, 30, 22, 26, 37, 5, 30, 2, 29, 25, 40]","[0, 0, 0, 0, 0, 0, 1, 1, 0, 0, 0, 0, 0, 1, 0, 0, 1, 0, 0, 0, 0, 0, 0, 0, 0, 0, 0, 0, 0]"
L2_arctic_WAV/HKK_arctic_a0542,"[39, 6, 4, 14, 11, 36, 2, 17, 14, 11, 36, 34, 12, 29, 12, 38, 4, 5, 29, 24, 41, 38, 17, 6, 30, 1, 5, 30, 23, 19, 6, 18, 29, 2, 30, 36, 34]","[39, 6, 17, 14, 11, 36, 2, 17, 14, 11, 36, 34, 12, 29, 12, 38, 4, 5, 29, 24, 41, 38, 17, 6, 30, 1, 5, 30, 23, 19, 6, 18, 29, 2, 30, 36, 34]","[0, 0, 1, 0, 0, 0, 0, 0, 0, 0, 0, 0, 0, 0, 0, 0, 0, 0, 0, 0, 0, 0, 0, 0, 0, 0, 0, 0, 0, 0, 0, 0, 0, 0, 0, 0, 0]"
L2_arctic_WAV/HKK_arctic_b0019,"[24, 6, 40, 34, 28, 6, 29, 24, 41, 30, 40, 23, 33, 6, 32, 36, 4, 25, 5, 18, 6, 40, 2, 38, 4, 2, 36, 19, 6, 16, 2, 28]","[24, 6, 40, 34, 28, 6, 29, 24, 41, 30, 40, 23, 33, 6, 32, 4, 25, 41, 35, 6, 34, 2, 21, 17, 2, 36, 19, 6, 16, 2, 28]","[0, 0, 0, 0, 0, 0, 0, 0, 0, 0, 0, 0, 0, 0, 0, 1, 0, 0, 1, 1, 0, 1, 0, 1, 1, 0, 0, 0, 0, 0, 0, 0]"
L2_arctic_WAV/HKK_arctic_b0022,"[6, 22, 14, 6, 39, 12, 40, 14, 11, 36, 12, 38, 4, 2, 23, 19, 6, 29, 6, 36, 39, 11, 17, 16, 25, 25, 40, 2, 28, 25, 29, 19, 6, 17]","[6, 22, 14, 6, 39, 12, 40, 14, 11, 36, 12, 38, 4, 2, 23, 19, 6, 29, 6, 36, 39, 11, 17, 16, 25, 25, 40, 2, 28, 25, 29, 19, 6, 17]","[0, 0, 0, 0, 0, 0, 0, 0, 0, 0, 0, 0, 0, 0, 0, 0, 0, 0, 0, 0, 0, 0, 0, 0, 0, 0, 0, 0, 0, 0, 0, 0, 0, 0]"
L2_arctic_WAV/HKK_arctic_b0047,"[34, 2, 32, 31, 11, 40, 26, 37, 34, 8, 29, 25, 41, 36, 39, 1, 27, 10, 33, 37, 4, 2, 39, 6, 30, 17, 31, 11]","[34, 2, 32, 8, 40, 26, 37, 34, 8, 29, 25, 41, 36, 39, 1, 27, 10, 33, 37, 17, 2, 39, 6, 30, 17, 8]","[0, 0, 0, 1, 1, 0, 0, 0, 0, 0, 0, 0, 0, 0, 0, 0, 0, 0, 0, 0, 1, 0, 0, 0, 0, 0, 1, 1]"
L2_arctic_WAV/HKK_arctic_b0068,"[31, 11, 30, 28, 25, 4, 2, 35, 41, 30, 34, 34, 14, 11, 30, 17, 24, 41, 17, 28, 5, 17, 24, 6, 29, 36, 37, 2, 16, 40, 1, 38, 4, 5, 29]","[8, 30, 28, 25, 4, 2, 35, 41, 30, 34, 34, 14, 11, 30, 24, 41, 17, 28, 5, 36, 24, 6, 29, 36, 37, 2, 16, 18, 1, 38, 4, 5, 29]","[1, 1, 0, 0, 0, 0, 0, 0, 0, 0, 0, 0, 0, 0, 0, 1, 0, 0, 0, 0, 0, 1, 0, 0, 0, 0, 0, 0, 0, 1, 0, 0, 0, 0, 0]"
L2_arctic_WAV/HKK_arctic_b0106,"[22, 8, 33, 2, 22, 11, 28, 29, 6, 30, 2, 36, 4, 2, 36, 37, 29, 5, 30, 34, 36, 5, 33, 17, 6, 30, 36, 37, 25, 35, 12, 4, 1, 40, 22, 19, 6, 34]","[22, 2, 33, 2, 22, 11, 33, 29, 6, 30, 6, 4, 2, 36, 37, 29, 5, 30, 34, 36, 5, 33, 17, 6, 30, 36, 37, 25, 35, 12, 17, 1, 40, 22, 19, 6, 34]","[0, 1, 0, 0, 0, 0, 1, 0, 0, 0, 1, 1, 0, 0, 0, 0, 0, 0, 0, 0, 0, 0, 0, 0, 0, 0, 0, 0, 0, 0, 0, 1, 0, 0, 0, 0, 0, 0]"
L2_arctic_WAV/HKK_arctic_b0143,"[6, 36, 36, 11, 27, 24, 6, 29, 24, 41, 22, 2, 30, 14, 11, 33, 36, 2, 33, 25, 35, 4, 25, 5, 18, 2, 38, 6, 36]","[6, 36, 11, 27, 24, 6, 29, 24, 41, 22, 2, 30, 14, 11, 33, 36, 2, 33, 6, 35, 17, 25, 5, 35, 2, 38, 6, 36]","[0, 1, 0, 0, 0, 0, 0, 0, 0, 0, 0, 0, 0, 0, 0, 0, 0, 0, 0, 1, 0, 1, 0, 0, 1, 0, 0, 0, 0]"
L2_arctic_WAV/HKK_arctic_b0192,"[14, 11, 36, 34, 14, 6, 17, 1, 40, 3, 33, 2, 28, 14, 11, 17, 22, 14, 6, 38, 29, 6, 30, 2, 36, 34, 32, 25, 35, 6, 40, 4, 2, 34, 6, 27, 29, 41, 30, 1, 18, 17]","[14, 11, 34, 14, 6, 17, 1, 40, 3, 33, 2, 28, 3, 17, 22, 14, 6, 38, 29, 6, 30, 2, 36, 34, 32, 6, 35, 6, 34, 5, 2, 34, 6, 27, 29, 41, 30, 1, 18, 2, 17]","[0, 0, 1, 0, 0, 0, 0, 0, 0, 0, 0, 0, 0, 1, 1, 0, 0, 0, 0, 0, 0, 0, 0, 0, 0, 0, 0, 1, 0, 0, 1, 1, 0, 0, 0, 0, 0, 0, 0, 0, 0, 0]"
L2_arctic_WAV/HKK_arctic_b0197,"[4, 12, 32, 28, 41, 30, 36, 1, 40, 1, 8, 33, 5, 17, 25, 27, 2, 30, 34, 6, 17, 1, 6, 7, 4, 2, 29, 41, 36, 1]","[4, 12, 32, 28, 41, 30, 36, 1, 40, 1, 8, 28, 5, 17, 25, 27, 2, 30, 34, 6, 17, 1, 6, 7, 4, 2, 29, 41, 4, 1]","[0, 0, 0, 0, 0, 0, 0, 0, 0, 0, 0, 1, 0, 0, 0, 0, 0, 0, 0, 0, 0, 0, 0, 0, 0, 0, 0, 0, 1, 0]"
L2_arctic_WAV/HKK_arctic_b0201,"[14, 6, 8, 28, 34, 31, 11, 12, 30, 17, 1, 34, 36, 41, 30, 17, 4, 41, 36, 34, 6, 29, 2, 28, 1, 16, 33, 41, 30, 35, 8, 33, 23, 2, 30, 2, 40, 19, 6, 9, 2, 30, 40, 24, 41, 38, 29, 19, 6, 17, 4, 5, 33, 2, 32, 6, 33, 2, 30, 34, 6, 30, 26, 11, 33, 2, 32]","[14, 6, 8, 21, 34, 8, 12, 30, 17, 1, 34, 36, 41, 30, 4, 41, 34, 6, 29, 2, 28, 1, 33, 41, 30, 35, 8, 33, 23, 2, 30, 14, 6, 18, 19, 6, 9, 2, 30, 40, 24, 41, 38, 29, 19, 6, 4, 5, 2, 32, 6, 33, 2, 30, 34, 6, 30, 26, 11, 33, 2]","[0, 0, 0, 1, 0, 1, 1, 0, 0, 0, 0, 0, 0, 0, 0, 1, 0, 0, 1, 0, 0, 0, 0, 0, 0, 1, 0, 0, 0, 0, 0, 0, 0, 0, 0, 1, 1, 0, 0, 0, 0, 0, 0, 0, 0, 0, 0, 0, 0, 1, 0, 0, 1, 0, 0, 0, 0, 0, 0, 0, 0, 0, 0, 0, 0, 0, 1]"
L2_arctic_WAV/HKK_arctic_b0215,"[6, 36, 6, 40, 2, 23, 11, 17, 32, 33, 3, 32, 1, 36, 25, 41, 30, 17, 39, 1, 10, 29, 8, 33, 4, 2, 30, 4, 41, 36]","[6, 36, 6, 40, 2, 23, 11, 32, 33, 3, 32, 1, 36, 25, 41, 30, 39, 1, 34, 29, 8, 33, 4, 2, 30, 4, 41]","[0, 0, 0, 0, 0, 0, 0, 1, 0, 0, 0, 0, 0, 0, 0, 0, 0, 1, 0, 0, 1, 0, 0, 0, 0, 0, 0, 0, 0, 1]"
L2_arctic_WAV/HKK_arctic_b0225,"[4, 12, 32, 33, 5, 40, 2, 17, 5, 30, 36, 12, 38, 4, 25, 26, 37, 30, 14, 6, 36, 6, 17, 34, 36, 19, 6, 36, 34, 39, 12, 40, 24, 6, 40, 22, 33, 5, 30, 17]","[4, 12, 32, 33, 5, 40, 2, 17, 5, 30, 36, 12, 38, 4, 25, 26, 37, 30, 14, 6, 36, 6, 34, 36, 19, 6, 36, 34, 39, 12, 40, 24, 6, 40, 22, 33, 5, 30, 17, 34]","[0, 0, 0, 0, 0, 0, 0, 0, 0, 0, 0, 0, 0, 0, 0, 0, 0, 0, 0, 0, 0, 0, 1, 0, 0, 0, 0, 0, 0, 0, 0, 0, 0, 0, 0, 0, 0, 0, 0, 0]"
L2_arctic_WAV/HKK_arctic_b0238,"[4, 12, 38, 5, 33, 25, 10, 8, 36, 12, 38, 4, 25, 5, 22, 1, 36, 36, 37, 34, 39, 6, 29, 31, 11, 38, 1, 39, 12, 40, 30, 8, 13, 25, 19, 6, 36, 6, 7]","[4, 12, 38, 5, 33, 6, 10, 8, 33, 12, 38, 4, 25, 5, 22, 1, 36, 37, 34, 39, 6, 29, 8, 38, 1, 39, 12, 34, 30, 31, 11, 40, 25, 19, 6, 36, 6, 7]","[0, 0, 0, 0, 0, 1, 0, 0, 1, 0, 0, 0, 0, 0, 0, 0, 1, 0, 0, 0, 0, 0, 0, 1, 1, 0, 0, 0, 0, 1, 0, 1, 1, 0, 0, 0, 0, 0, 0]"
L2_arctic_WAV/YDCK_arctic_a0003,"[22, 8, 33, 4, 2, 36, 39, 5, 30, 25, 2, 10, 36, 14, 6, 29, 4, 2, 36, 25, 38, 30, 6, 7, 4, 2, 36, 37, 29, 5, 30, 9, 11, 27, 24, 41, 30, 40]","[22, 8, 33, 17, 2, 36, 39, 5, 30, 25, 2, 10, 36, 14, 6, 29, 17, 2, 36, 25, 38, 30, 6, 7, 17, 2, 36, 37, 29, 5, 30, 34, 11, 27, 24, 41, 30, 40]","[0, 0, 0, 1, 0, 0, 0, 0, 0, 0, 0, 0, 0, 0, 0, 0, 1, 0, 0, 0, 0, 0, 0, 0, 1, 0, 0, 0, 0, 0, 0, 1, 0, 0, 0, 0, 0, 0]"
L2_arctic_WAV/YDCK_arctic_a0005,"[39, 6, 28, 39, 25, 5, 38, 1, 22, 1, 23, 5, 36, 6, 36]","[39, 6, 28, 39, 25, 5, 38, 1, 22, 1, 23, 5, 36, 6, 36]","[0, 0, 0, 0, 0, 0, 0, 0, 0, 0, 0, 0, 0, 0, 0]"
L2_arctic_WAV/YDCK_arctic_a0006,"[23, 3, 17, 16, 28, 5, 34, 2, 29, 14, 6, 24, 31, 11, 32, 14, 6, 28, 23, 31, 11, 3, 30, 34, 25, 6, 7, 4, 5, 29, 22, 1, 5, 38, 1]","[23, 3, 16, 28, 5, 34, 2, 29, 14, 6, 24, 31, 11, 32, 14, 6, 28, 23, 31, 11, 2, 30, 34, 25, 6, 7, 4, 5, 29, 22, 1, 5, 38, 1]","[0, 0, 1, 0, 0, 0, 0, 0, 0, 0, 0, 0, 0, 0, 0, 0, 0, 0, 0, 0, 0, 1, 0, 0, 0, 0, 0, 0, 0, 0, 0, 0, 0, 0, 0]"
L2_arctic_WAV/YDCK_arctic_a0007,"[41, 30, 17, 26, 37, 8, 28, 39, 25, 40, 39, 8, 30, 36, 36, 6, 34, 25, 6, 36, 6, 30, 4, 2, 34, 11, 32, 1, 28, 2, 36, 6, 38, 17, 6, 23, 33, 25]","[41, 30, 26, 37, 8, 28, 39, 25, 40, 39, 8, 30, 36, 6, 34, 25, 6, 36, 6, 30, 17, 2, 34, 11, 32, 1, 2, 36, 6, 38, 17, 6, 23, 33, 25]","[0, 0, 1, 0, 0, 0, 0, 0, 0, 0, 0, 0, 0, 1, 0, 0, 0, 0, 0, 0, 0, 0, 1, 0, 0, 0, 0, 0, 1, 0, 0, 0, 0, 0, 0, 0, 0, 0]"
L2_arctic_WAV/YDCK_arctic_a0008,"[23, 41, 17, 26, 11, 33, 28, 5, 36, 1, 27, 19, 6, 29, 18, 12, 34, 36, 6, 30, 36, 14, 6, 29]","[23, 41, 17, 26, 11, 28, 5, 36, 1, 27, 19, 6, 29, 18, 12, 34, 36, 6, 30, 36, 14, 6, 29]","[0, 0, 0, 0, 0, 1, 0, 0, 0, 0, 0, 0, 0, 0, 0, 0, 0, 0, 0, 0, 0, 0, 0, 0]"
L2_arctic_WAV/YDCK_arctic_a0010,"[14, 6, 29, 32, 28, 19, 6, 6, 7, 2, 34, 6, 7, 23, 2, 28, 24, 41, 30, 17, 6, 30, 39, 12, 36, 28, 11, 27, 34, 28, 14, 6, 27, 2, 28, 37, 40, 6, 7, 23, 19, 6, 29]","[14, 6, 29, 32, 28, 19, 6, 6, 7, 2, 34, 6, 7, 23, 2, 28, 24, 41, 30, 17, 6, 30, 39, 12, 28, 11, 27, 34, 28, 14, 6, 27, 2, 28, 37, 40, 6, 7, 23, 19, 6, 29]","[0, 0, 0, 0, 0, 0, 0, 0, 0, 0, 0, 0, 0, 0, 0, 0, 0, 0, 0, 0, 0, 0, 0, 0, 1, 0, 0, 0, 0, 0, 0, 0, 0, 0, 0, 0, 0, 0, 0, 0, 0, 0, 0]"
L2_arctic_WAV/YDCK_arctic_a0011,"[6, 22, 14, 6, 5, 38, 1, 30, 25, 17, 6, 17, 2, 22, 14, 6, 36, 1, 6, 30, 29, 14, 6, 28, 14, 6, 22, 14, 6, 30, 25, 17, 39, 12, 30, 30, 14, 11]","[6, 22, 14, 6, 5, 38, 1, 30, 25, 17, 6, 17, 2, 22, 14, 6, 36, 1, 6, 30, 29, 14, 6, 28, 14, 6, 22, 14, 6, 30, 25, 17, 39, 12, 30, 30, 14, 11]","[0, 0, 0, 0, 0, 0, 0, 0, 0, 0, 0, 0, 0, 0, 0, 0, 0, 0, 0, 0, 0, 0, 0, 0, 0, 0, 0, 0, 0, 0, 0, 0, 0, 0, 0, 0, 0, 0]"
L2_arctic_WAV/YDCK_arctic_a0013,"[24, 25, 39, 12, 40, 2, 24, 5, 17, 9, 8, 33, 36, 1, 4, 2, 30, 24, 6, 40, 27, 2, 29, 32, 41, 30, 26, 2, 30, 12, 38, 8, 28, 29, 31, 11, 34, 36, 17, 5, 28, 2, 27, 2, 36, 22, 2, 40, 25, 27]","[24, 25, 39, 12, 40, 2, 24, 5, 17, 9, 8, 36, 1, 17, 2, 30, 24, 6, 40, 27, 2, 29, 32, 41, 30, 26, 2, 30, 12, 38, 8, 28, 29, 31, 11, 34, 36, 17, 5, 33, 2, 27, 19, 6, 36, 22, 2, 40, 25, 27]","[0, 0, 0, 0, 0, 0, 0, 0, 0, 0, 0, 1, 0, 0, 1, 0, 0, 0, 0, 0, 0, 0, 0, 0, 0, 0, 0, 0, 0, 0, 0, 0, 0, 0, 0, 0, 0, 0, 0, 0, 1, 0, 0, 1, 0, 0, 0, 0, 0, 0]"
L2_arctic_WAV/YDCK_arctic_a0018,"[4, 5, 33, 39, 12, 40, 2, 35, 19, 6, 30, 18, 30, 14, 11]","[4, 5, 33, 39, 12, 40, 2, 35, 19, 6, 30, 21, 30, 14, 11]","[0, 0, 0, 0, 0, 0, 0, 0, 0, 0, 0, 1, 0, 0, 0]"
L2_arctic_WAV/YDCK_arctic_a0019,"[14, 6, 22, 3, 28, 31, 11, 17, 4, 2, 28, 14, 6, 30, 12, 38, 4, 2, 32, 33, 2, 32, 31, 11, 40, 17, 33, 19, 6, 28, 33, 31, 11, 17, 28, 11, 27, 6, 7, 22, 1, 35, 41, 30, 34, 2, 40]","[14, 6, 22, 3, 28, 31, 11, 4, 2, 28, 14, 6, 30, 12, 38, 4, 2, 32, 33, 2, 32, 31, 11, 34, 36, 33, 19, 6, 28, 28, 31, 11, 36, 28, 11, 27, 6, 7, 22, 1, 35, 41, 30, 34, 2, 40]","[0, 0, 0, 0, 0, 0, 0, 1, 0, 0, 0, 0, 0, 0, 0, 0, 0, 0, 0, 0, 0, 0, 0, 0, 1, 1, 0, 0, 0, 0, 1, 0, 0, 1, 0, 0, 0, 0, 0, 0, 0, 0, 0, 0, 0, 0, 0]"
L2_arctic_WAV/YDCK_arctic_a0020,"[27, 28, 12, 16, 40, 41, 30, 17, 16, 8, 28, 40, 41, 30, 17, 34, 6, 36, 25, 40, 23, 33, 37, 36, 37, 16, 25, 31, 11, 30, 28, 25, 29, 5, 29, 1, 25, 40]","[27, 28, 12, 16, 40, 41, 30, 16, 8, 28, 34, 41, 30, 34, 6, 36, 25, 40, 23, 33, 37, 36, 37, 16, 25, 31, 11, 30, 28, 25, 29, 5, 29, 1, 25, 40]","[0, 0, 0, 0, 0, 0, 0, 1, 0, 0, 0, 1, 0, 0, 1, 0, 0, 0, 0, 0, 0, 0, 0, 0, 0, 0, 0, 0, 0, 0, 0, 0, 0, 0, 0, 0, 0, 0]"
L2_arctic_WAV/YDCK_arctic_a0021,"[6, 36, 22, 5, 33, 28, 25, 27, 28, 12, 16, 17, 29, 25, 6, 30, 36, 37, 33, 5, 27, 2, 23, 30, 14, 6, 40, 6, 7, 6, 36]","[6, 36, 22, 5, 28, 25, 27, 28, 12, 16, 17, 29, 25, 6, 30, 36, 37, 33, 5, 27, 2, 23, 30, 14, 6, 40, 6, 7, 6, 36]","[0, 0, 0, 0, 1, 0, 0, 0, 0, 0, 0, 0, 0, 0, 0, 0, 0, 0, 0, 0, 0, 0, 0, 0, 0, 0, 0, 0, 0, 0, 0]"
L2_arctic_WAV/YDCK_arctic_a0022,"[24, 3, 33, 17, 28, 25, 39, 1, 14, 11, 33, 32, 28, 41, 30, 40, 29, 19, 6, 17, 32, 12, 16, 28, 6, 27, 16, 25, 22, 8, 33, 39, 25, 39, 1, 29, 5, 36, 16, 14, 6, 32, 14, 11, 1, 22, 2, 28, 3, 32, 2, 40, 6, 9, 2, 30]","[24, 3, 33, 17, 28, 25, 39, 1, 14, 11, 33, 32, 28, 41, 30, 34, 29, 19, 6, 32, 12, 38, 28, 6, 27, 16, 25, 22, 8, 33, 39, 25, 39, 1, 29, 5, 36, 16, 14, 6, 32, 14, 11, 2, 22, 2, 28, 3, 32, 2, 18, 6, 9, 2, 30]","[0, 0, 0, 0, 0, 0, 0, 0, 0, 0, 0, 0, 0, 0, 0, 1, 0, 0, 0, 1, 0, 0, 1, 0, 0, 0, 0, 0, 0, 0, 0, 0, 0, 0, 0, 0, 0, 0, 0, 0, 0, 0, 0, 0, 1, 0, 0, 0, 0, 0, 0, 1, 0, 0, 0, 0]"
L2_arctic_WAV/YDCK_arctic_a0023,"[2, 27, 3, 29, 16, 2, 30, 19, 6, 9, 2, 30, 12, 38, 27, 2, 30, 19, 6, 17, 25, 2, 30, 27, 41, 32, 6, 36, 2, 28, 27, 39, 6, 27, 28, 25, 8, 33, 23, 2, 30, 14, 6, 40, 17, 41, 30, 17, 32, 2, 36, 6, 9, 2, 30, 17, 22, 8, 33, 4, 2, 34, 19, 6, 29, 32, 33, 6, 38, 6, 28, 6, 18, 6, 40]","[2, 27, 3, 29, 16, 2, 30, 19, 6, 9, 2, 30, 12, 38, 27, 2, 30, 19, 6, 17, 25, 2, 30, 27, 41, 32, 6, 36, 2, 28, 27, 39, 6, 27, 28, 25, 8, 33, 23, 2, 30, 14, 6, 40, 17, 41, 30, 17, 32, 2, 36, 6, 9, 2, 30, 34, 22, 8, 33, 4, 2, 34, 19, 6, 29, 32, 33, 6, 38, 6, 28, 6, 18, 6, 40]","[0, 0, 0, 0, 0, 0, 0, 0, 0, 0, 0, 0, 0, 0, 0, 0, 0, 0, 0, 0, 0, 0, 0, 0, 0, 0, 0, 0, 0, 0, 0, 0, 0, 0, 0, 0, 0, 0, 0, 0, 0, 0, 0, 0, 0, 0, 0, 0, 0, 0, 0, 0, 0, 0, 0, 1, 0, 0, 0, 0, 0, 0, 0, 0, 0, 0, 0, 0, 0, 0, 0, 0, 0, 0, 0]"
L2_arctic_WAV/YDCK_arctic_a0024,"[6, 36, 39, 12, 40, 29, 14, 6, 33, 25, 32, 8, 33, 36, 34, 22, 33, 12, 29, 4, 2, 30, 8, 33, 10, 39, 6, 35, 35, 25, 22, 28, 25, 6, 30, 17, 37, 34, 36, 32, 25, 32, 2, 28, 36, 37, 16, 14, 6]","[6, 36, 39, 12, 40, 29, 14, 6, 33, 25, 32, 8, 33, 36, 34, 22, 33, 12, 29, 4, 2, 30, 8, 33, 34, 39, 6, 35, 35, 25, 22, 28, 25, 6, 30, 17, 26, 37, 34, 36, 32, 25, 32, 2, 28, 36, 37, 16, 14, 6]","[0, 0, 0, 0, 0, 0, 0, 0, 0, 0, 0, 0, 0, 0, 0, 0, 0, 0, 0, 0, 0, 0, 0, 0, 1, 0, 0, 0, 0, 0, 0, 0, 0, 0, 0, 0, 0, 0, 0, 0, 0, 0, 0, 0, 0, 0, 0, 0, 0]"
L2_arctic_WAV/YDCK_arctic_a0025,"[14, 6, 39, 12, 40, 2, 16, 14, 11, 36, 36, 2, 17, 37, 4, 6, 34, 39, 5, 30, 27, 37, 28, 1, 18, 12, 18, 29, 2, 30, 36, 32, 33, 25, 38, 19, 6, 28, 17]","[14, 6, 39, 12, 40, 2, 16, 3, 36, 36, 2, 17, 37, 4, 6, 34, 39, 5, 30, 27, 37, 28, 1, 18, 12, 18, 29, 2, 30, 36, 32, 33, 25, 38, 19, 6, 28, 17]","[0, 0, 0, 0, 0, 0, 0, 1, 1, 0, 0, 0, 0, 0, 0, 0, 0, 0, 0, 0, 0, 0, 0, 0, 0, 0, 0, 0, 0, 0, 0, 0, 0, 0, 0, 0, 0, 0, 0]"
L2_arctic_WAV/YDCK_arctic_a0026,"[6, 36, 2, 27, 1, 17, 36, 6, 29, 25, 4, 41, 36, 4, 5, 33, 39, 11, 17, 24, 41, 38, 36, 6, 16, 25, 41, 30, 2, 27, 14, 11, 30, 36, 6, 7]","[6, 36, 2, 27, 1, 36, 6, 29, 25, 17, 41, 17, 5, 33, 11, 17, 24, 41, 38, 36, 6, 16, 25, 41, 30, 2, 27, 14, 11, 30, 36, 6, 7]","[0, 0, 0, 0, 0, 1, 0, 0, 0, 0, 1, 0, 1, 1, 0, 0, 1, 0, 0, 0, 0, 0, 0, 0, 0, 0, 0, 0, 0, 0, 0, 0, 0, 0, 0, 0]"
L2_arctic_WAV/YDCK_arctic_a0027,"[36, 37, 29, 14, 6, 34, 2, 32, 33, 14, 6, 40, 24, 25, 16, 25, 23, 41, 30, 36, 6, 9, 31, 11, 41, 27, 35, 2, 39, 2, 28, 6, 30, 10, 37, 40, 25, 41, 40, 2, 29, 6, 30, 29, 14, 6, 22, 19, 6, 38, 1]","[36, 37, 29, 14, 6, 34, 2, 32, 33, 14, 6, 40, 24, 25, 16, 25, 23, 41, 30, 36, 6, 9, 31, 11, 41, 27, 35, 2, 39, 2, 33, 6, 30, 10, 37, 40, 25, 41, 40, 2, 29, 6, 30, 29, 14, 6, 22, 19, 6, 38, 1]","[0, 0, 0, 0, 0, 0, 0, 0, 0, 0, 0, 0, 0, 0, 0, 0, 0, 0, 0, 0, 0, 0, 0, 0, 0, 0, 0, 0, 0, 0, 1, 0, 0, 0, 0, 0, 0, 0, 0, 0, 0, 0, 0, 0, 0, 0, 0, 0, 0, 0, 0]"
L2_arctic_WAV/YDCK_arctic_a0028,"[33, 3, 16, 1, 25, 16, 33, 14, 6, 16, 1, 25, 22, 33, 8, 17]","[33, 3, 16, 1, 25, 16, 33, 14, 6, 16, 1, 25, 22, 28, 8, 17]","[0, 0, 0, 0, 0, 0, 0, 0, 0, 0, 0, 0, 0, 1, 0, 0]"
L2_arctic_WAV/YDCK_arctic_a0029,"[4, 5, 33, 22, 8, 33, 34, 6, 40, 39, 1, 8, 28, 33, 5, 17, 25, 29, 37, 38, 6, 7, 6, 30, 36, 37, 4, 2, 30, 8, 33, 10, 27, 12, 30, 36, 33, 25]","[17, 5, 33, 22, 8, 33, 34, 6, 40, 39, 1, 8, 28, 33, 5, 17, 25, 29, 37, 38, 6, 7, 6, 30, 36, 37, 17, 2, 30, 8, 33, 10, 27, 12, 30, 36, 33, 25]","[1, 0, 0, 0, 0, 0, 0, 0, 0, 0, 0, 0, 0, 0, 0, 0, 0, 0, 0, 0, 0, 0, 0, 0, 0, 0, 1, 0, 0, 0, 0, 0, 0, 0, 0, 0, 0, 0]"
L2_arctic_WAV/YDCK_arctic_a0030,"[14, 6, 24, 41, 17, 22, 19, 6, 10, 6, 30, 4, 5, 29]","[14, 6, 24, 41, 17, 22, 19, 6, 10, 6, 30, 17, 5, 29]","[0, 0, 0, 0, 0, 0, 0, 0, 0, 0, 0, 1, 0, 0]"
L2_arctic_WAV/YDCK_arctic_a0031,"[4, 19, 6, 39, 1, 10, 33, 25, 24, 12, 30, 17, 33, 2, 17, 26, 3, 33, 17, 40, 2, 32, 3, 33, 36]","[4, 19, 6, 39, 1, 36, 33, 25, 24, 12, 30, 17, 33, 5, 17, 26, 3, 33, 17, 40, 2, 32, 3, 33, 36]","[0, 0, 0, 0, 0, 1, 0, 0, 0, 0, 0, 0, 0, 1, 0, 0, 0, 0, 0, 0, 0, 0, 0, 0, 0]"
L2_arctic_WAV/YDCK_arctic_a0032,"[34, 6, 30, 34, 4, 5, 30, 34, 12, 29, 29, 6, 34, 36, 6, 33, 25, 2, 34, 22, 8, 33, 34, 24, 41, 40, 16, 6, 30, 22, 14, 6, 36, 6, 7, 12, 34, 41, 36, 5, 38, 33, 25, 34, 36, 5, 32]","[34, 6, 30, 34, 4, 5, 30, 34, 12, 29, 29, 6, 34, 36, 6, 33, 25, 2, 34, 22, 8, 33, 34, 24, 41, 40, 16, 6, 30, 22, 14, 6, 36, 6, 7, 12, 34, 41, 36, 5, 38, 33, 25, 34, 36, 5, 32]","[0, 0, 0, 0, 0, 0, 0, 0, 0, 0, 0, 0, 0, 0, 0, 0, 0, 0, 0, 0, 0, 0, 0, 0, 0, 0, 0, 0, 0, 0, 0, 0, 0, 0, 0, 0, 0, 0, 0, 0, 0, 0, 0, 0, 0, 0, 0]"
L2_arctic_WAV/YDCK_arctic_a0036,"[9, 25, 36, 1, 30, 17, 6, 30, 41, 36, 4, 12, 24, 31, 11, 36, 5, 28]","[9, 25, 36, 2, 30, 17, 6, 30, 41, 4, 12, 24, 8, 36, 5, 28]","[0, 0, 0, 1, 0, 0, 0, 0, 0, 1, 0, 0, 0, 1, 1, 0, 0, 0]"
L2_arctic_WAV/YDCK_arctic_a0037,"[14, 6, 39, 12, 40, 4, 25, 31, 11, 30, 28, 25, 39, 12, 30, 24, 37, 33, 25, 29, 19, 6, 30, 17, 34, 6, 36, 6, 7]","[14, 6, 39, 12, 40, 4, 25, 31, 11, 30, 28, 25, 39, 12, 30, 24, 37, 33, 25, 29, 19, 6, 30, 34, 6, 36, 6, 7]","[0, 0, 0, 0, 0, 0, 0, 0, 0, 0, 0, 0, 0, 0, 0, 0, 0, 0, 0, 0, 0, 0, 0, 1, 0, 0, 0, 0, 0]"
L2_arctic_WAV/YDCK_arctic_a0038,"[39, 25, 39, 2, 28, 24, 41, 38, 36, 37, 39, 3, 35, 3, 33, 35, 41, 30, 34, 2, 40]","[39, 25, 39, 2, 28, 24, 41, 32, 36, 37, 39, 3, 35, 3, 33, 35, 41, 30, 34, 2, 34]","[0, 0, 0, 0, 0, 0, 0, 1, 0, 0, 0, 0, 0, 0, 0, 0, 0, 0, 0, 0, 1]"
L2_arctic_WAV/YDCK_arctic_a0039,"[4, 2, 9, 6, 32, 9, 11, 17, 16, 25, 6, 30, 39, 6, 4, 6, 30, 2, 39, 25, 27, 8, 33, 36, 5, 30, 17, 19, 6, 40]","[4, 2, 9, 6, 32, 9, 11, 33, 2, 6, 30, 39, 6, 4, 6, 30, 2, 39, 25, 27, 8, 33, 36, 5, 30, 17, 19, 6, 40]","[0, 0, 0, 0, 0, 0, 0, 1, 1, 1, 0, 0, 0, 0, 0, 0, 0, 0, 0, 0, 0, 0, 0, 0, 0, 0, 0, 0, 0, 0]"
L2_arctic_WAV/YDCK_arctic_a0040,"[14, 6, 34, 2, 32, 31, 11, 40, 26, 37, 39, 12, 30, 17, 1, 39, 14, 6, 9, 25, 6, 40, 27, 12, 29, 6, 7, 12, 32, 24, 25, 33]","[14, 6, 34, 2, 32, 31, 11, 40, 26, 37, 39, 12, 30, 17, 1, 39, 14, 6, 9, 25, 6, 40, 27, 12, 29, 6, 7, 12, 32, 24, 25, 33]","[0, 0, 0, 0, 0, 0, 0, 0, 0, 0, 0, 0, 0, 0, 0, 0, 0, 0, 0, 0, 0, 0, 0, 0, 0, 0, 0, 0, 0, 0, 0, 0]"
L2_arctic_WAV/YDCK_arctic_a0041,"[29, 25, 30, 39, 14, 6, 28, 14, 6, 39, 2, 28, 23, 31, 11, 14, 11, 36, 36, 6, 16, 33, 25, 4, 2, 34, 32, 5, 28]","[29, 25, 30, 39, 14, 6, 28, 14, 6, 39, 2, 28, 23, 31, 11, 14, 11, 36, 11, 16, 33, 25, 4, 2, 34, 32, 5, 28]","[0, 0, 0, 0, 0, 0, 0, 0, 0, 0, 0, 0, 0, 0, 0, 0, 0, 1, 0, 1, 0, 0, 0, 0, 0, 0, 0, 0, 0]"
L2_arctic_WAV/YDCK_arctic_a0042,"[24, 14, 11, 27, 11, 17, 24, 25, 6, 27, 34, 32, 28, 19, 6, 30, 24, 6, 40, 32, 2, 40, 5, 9, 2, 30, 12, 38, 4, 2, 34, 27, 5, 35]","[24, 14, 11, 27, 11, 17, 25, 6, 27, 34, 32, 28, 19, 6, 30, 24, 6, 40, 32, 2, 18, 5, 9, 2, 30, 12, 21, 4, 2, 34, 27, 5, 35]","[0, 0, 0, 0, 0, 0, 1, 0, 0, 0, 0, 0, 0, 0, 0, 0, 0, 0, 0, 0, 0, 1, 0, 0, 0, 0, 0, 1, 0, 0, 0, 0, 0, 0]"
L2_arctic_WAV/YDCK_arctic_a0045,"[24, 25, 29, 37, 38, 17, 2, 39, 19, 6, 41, 40, 27, 39, 14, 6, 2, 36, 28, 25, 41, 40, 24, 25, 24, 41, 17, 27, 12, 29]","[24, 25, 29, 37, 38, 17, 2, 39, 19, 6, 41, 40, 27, 39, 14, 6, 2, 36, 28, 25, 41, 40, 24, 25, 24, 41, 17, 27, 12, 29]","[0, 0, 0, 0, 0, 0, 0, 0, 0, 0, 0, 0, 0, 0, 0, 0, 0, 0, 0, 0, 0, 0, 0, 0, 0, 0, 0, 0, 0, 0]"
L2_arctic_WAV/YDCK_arctic_a0046,"[4, 2, 23, 1, 28, 22, 19, 6, 34, 36, 24, 6, 29, 24, 1, 14, 6, 40, 9, 14, 6, 30, 6, 7, 39, 6, 10, 34, 12, 17, 2, 30, 22, 6, 33]","[17, 2, 23, 1, 22, 19, 6, 34, 36, 24, 6, 29, 24, 1, 14, 6, 13, 9, 14, 6, 30, 6, 7, 39, 6, 10, 34, 12, 17, 2, 30, 22, 6, 33]","[1, 0, 0, 0, 1, 0, 0, 0, 0, 0, 0, 0, 0, 0, 0, 0, 0, 1, 0, 0, 0, 0, 0, 0, 0, 0, 0, 0, 0, 0, 0, 0, 0, 0, 0]"
L2_arctic_WAV/YDCK_arctic_a0047,"[27, 28, 31, 11, 40, 16, 25, 34, 14, 6, 17, 24, 6, 29, 23, 28, 25, 29, 17, 4, 12, 39, 14, 6, 36, 22, 41, 7, 40, 12, 38, 4, 12, 39, 11, 28, 22, 17, 8, 23]","[27, 28, 31, 11, 40, 16, 25, 34, 14, 6, 17, 24, 6, 29, 23, 28, 25, 29, 17, 12, 39, 14, 6, 36, 22, 41, 7, 12, 38, 4, 12, 39, 11, 28, 22, 17, 8, 23]","[0, 0, 0, 0, 0, 0, 0, 0, 0, 0, 0, 0, 0, 0, 0, 0, 0, 0, 0, 1, 0, 0, 0, 0, 0, 0, 0, 0, 1, 0, 0, 0, 0, 0, 0, 0, 0, 0, 0, 0]"
L2_arctic_WAV/YDCK_arctic_a0048,"[24, 25, 28, 11, 27, 36, 41, 36, 4, 12, 24, 41, 7, 27, 1, 35, 6, 22, 29, 8, 33, 27, 28, 31, 11, 34, 28, 25]","[24, 25, 28, 11, 27, 36, 41, 17, 12, 24, 41, 7, 27, 1, 35, 6, 29, 8, 33, 27, 28, 31, 11, 34, 28, 25]","[0, 0, 0, 0, 0, 0, 0, 1, 1, 0, 0, 0, 0, 0, 0, 0, 0, 1, 0, 0, 0, 0, 0, 0, 0, 0, 0, 0]"
L2_arctic_WAV/YDCK_arctic_a0051,"[4, 12, 28, 19, 6, 34, 39, 12, 40, 12, 38, 2, 17, 5, 28, 2, 27, 2, 36, 14, 6, 38, 1, 25, 27, 8, 28, 1, 22, 19, 6, 30, 36, 28, 25, 36, 6, 30, 36, 6, 17, 39, 6, 4, 26, 5, 28, 31, 11]","[17, 12, 33, 19, 6, 34, 39, 12, 40, 12, 38, 2, 17, 5, 28, 2, 27, 14, 6, 36, 14, 6, 38, 1, 25, 27, 8, 28, 1, 22, 19, 6, 30, 36, 28, 25, 36, 6, 30, 36, 6, 17, 39, 6, 4, 26, 5, 28, 31, 11]","[1, 0, 1, 0, 0, 0, 0, 0, 0, 0, 0, 0, 0, 0, 0, 0, 0, 1, 0, 0, 0, 0, 0, 0, 0, 0, 0, 0, 0, 0, 0, 0, 0, 0, 0, 0, 0, 0, 0, 0, 0, 0, 0, 0, 0, 0, 0, 0, 0]"
L2_arctic_WAV/YDCK_arctic_a0052,"[6, 36, 39, 12, 40, 2, 27, 26, 11, 33, 25, 2, 34, 27, 31, 11, 6, 30, 34, 6, 17, 2, 30, 34]","[6, 36, 39, 12, 40, 2, 27, 26, 11, 33, 25, 2, 34, 27, 8, 6, 30, 34, 6, 17, 2, 30, 34]","[0, 0, 0, 0, 0, 0, 0, 0, 0, 0, 0, 0, 0, 0, 1, 1, 0, 0, 0, 0, 0, 0, 0, 0]"
L2_arctic_WAV/YDCK_arctic_a0053,"[34, 12, 17, 2, 30, 28, 25, 24, 6, 40, 22, 6, 7, 23, 1, 40, 27, 28, 31, 11, 40, 17, 36, 14, 6, 36, 28, 25, 31, 11, 38, 1, 4, 2, 24, 41, 7, 27, 1, 35, 25, 22]","[34, 12, 17, 2, 30, 28, 25, 24, 6, 40, 22, 6, 7, 23, 1, 40, 27, 28, 31, 11, 40, 36, 3, 36, 28, 25, 31, 11, 38, 1, 4, 2, 24, 41, 7, 27, 1, 35, 25, 22]","[0, 0, 0, 0, 0, 0, 0, 0, 0, 0, 0, 0, 0, 0, 0, 0, 0, 0, 0, 0, 0, 1, 0, 1, 1, 0, 0, 0, 0, 0, 0, 0, 0, 0, 0, 0, 0, 0, 0, 0, 0, 0]"
L2_arctic_WAV/YDCK_arctic_a0054,"[4, 5, 33, 39, 2, 40, 30, 12, 10, 6, 7, 8, 30, 4, 2, 33, 3, 27]","[17, 5, 33, 39, 2, 40, 30, 12, 10, 6, 7, 8, 30, 17, 2, 33, 3, 27]","[1, 0, 0, 0, 0, 0, 0, 0, 0, 0, 0, 0, 0, 1, 0, 0, 0, 0]"
L2_arctic_WAV/YDCK_arctic_a0058,"[14, 6, 27, 19, 6, 29, 22, 8, 33, 6, 30, 22, 8, 33, 29, 19, 6, 9, 2, 30, 29, 8, 33, 14, 11, 36, 2, 38, 27, 26, 11, 33, 25, 3, 34, 2, 36, 25, 4, 41, 30, 5, 30, 25, 10, 6, 7, 5, 28, 34]","[14, 6, 27, 19, 6, 29, 22, 8, 33, 6, 30, 22, 8, 29, 19, 6, 9, 2, 30, 29, 8, 33, 14, 11, 33, 2, 38, 27, 26, 11, 33, 25, 3, 34, 2, 36, 25, 4, 41, 30, 5, 30, 25, 10, 6, 7, 5, 28, 34]","[0, 0, 0, 0, 0, 0, 0, 0, 0, 0, 0, 0, 0, 1, 0, 0, 0, 0, 0, 0, 0, 0, 0, 0, 0, 1, 0, 0, 0, 0, 0, 0, 0, 0, 0, 0, 0, 0, 0, 0, 0, 0, 0, 0, 0, 0, 0, 0, 0, 0]"
L2_arctic_WAV/YDCK_arctic_a0059,"[24, 6, 40, 6, 29, 41, 27, 26, 37, 28, 6, 36, 2, 32, 6, 33, 2, 30, 34, 39, 12, 40, 23, 8, 30]","[24, 6, 40, 6, 29, 41, 36, 6, 27, 26, 37, 28, 6, 36, 2, 32, 6, 33, 6, 2, 30, 34, 39, 12, 40, 23, 8, 30]","[0, 0, 0, 0, 0, 0, 0, 0, 0, 0, 0, 0, 0, 0, 0, 0, 0, 0, 0, 0, 0, 0, 0, 0, 0]"
L2_arctic_WAV/YDCK_arctic_a0060,"[5, 30, 25, 39, 19, 6, 30, 31, 11, 39, 12, 30, 34, 8, 24, 1, 28, 14, 6, 27, 4, 41, 36]","[5, 30, 25, 39, 19, 6, 30, 31, 11, 39, 12, 30, 34, 31, 11, 24, 1, 28, 14, 6, 27, 4, 41, 36]","[0, 0, 0, 0, 0, 0, 0, 0, 0, 0, 0, 0, 0, 1, 0, 0, 0, 0, 0, 0, 0, 0, 0]"
L2_arctic_WAV/YDCK_arctic_a0062,"[4, 2, 29, 5, 30, 34, 36, 5, 33, 17, 6, 30, 36, 37, 25, 35, 12, 4, 1, 40, 22, 19, 6, 34]","[17, 2, 29, 5, 30, 34, 36, 5, 33, 17, 6, 30, 36, 37, 25, 35, 12, 4, 1, 40, 22, 19, 6, 34]","[1, 0, 0, 0, 0, 0, 0, 0, 0, 0, 0, 0, 0, 0, 0, 0, 0, 0, 0, 0, 0, 0, 0, 0]"
L2_arctic_WAV/YDCK_arctic_a0063,"[26, 5, 34, 6, 36, 39, 12, 40, 2, 29, 41, 30, 24, 37, 41, 34, 36, 2, 34, 36, 33, 19, 6, 30, 18, 1]","[26, 5, 34, 6, 33, 39, 12, 40, 2, 29, 41, 30, 24, 37, 41, 34, 36, 2, 34, 36, 33, 19, 6, 30, 18, 1]","[0, 0, 0, 0, 1, 0, 0, 0, 0, 0, 0, 0, 0, 0, 0, 0, 0, 0, 0, 0, 0, 0, 0, 0, 0, 0]"
L2_arctic_WAV/YDCK_arctic_a0064,"[4, 12, 22, 8, 33, 10, 41, 30, 17, 22, 6, 22, 10, 17, 19, 6, 40, 32, 41, 34, 36, 39, 6, 4, 14, 11, 36, 5, 30, 25, 17, 6, 38, 5, 28, 2, 32, 29, 2, 30, 36, 34]","[17, 12, 22, 8, 33, 34, 41, 30, 17, 22, 6, 22, 10, 17, 19, 6, 34, 32, 41, 34, 36, 2, 39, 6, 17, 14, 11, 36, 5, 30, 25, 17, 6, 16, 5, 28, 2, 32, 29, 2, 30, 36, 34]","[1, 0, 0, 0, 0, 1, 0, 0, 0, 0, 0, 0, 0, 0, 0, 0, 1, 0, 0, 0, 0, 0, 0, 1, 0, 0, 0, 0, 0, 0, 0, 0, 1, 0, 0, 0, 0, 0, 0, 0, 0, 0]"
L2_arctic_WAV/YDCK_arctic_a0065,"[4, 19, 6, 27, 28, 31, 11, 40, 17, 30, 14, 11, 2, 30, 36, 6, 28, 24, 6, 40, 22, 6, 7, 23, 1, 40, 39, 1, 28, 14, 6, 27, 27, 8, 33, 17, 40, 12, 38, 34, 36, 25, 28]","[17, 19, 6, 27, 28, 31, 11, 40, 30, 14, 11, 2, 30, 36, 6, 28, 6, 40, 22, 6, 7, 23, 1, 40, 39, 1, 28, 14, 6, 27, 8, 33, 17, 40, 12, 38, 34, 36, 6, 28]","[1, 0, 0, 0, 0, 0, 0, 0, 1, 0, 0, 0, 0, 0, 0, 0, 0, 1, 0, 0, 0, 0, 0, 0, 0, 0, 0, 0, 0, 0, 0, 1, 0, 0, 0, 0, 0, 0, 0, 0, 0, 1, 0]"
L2_arctic_WAV/YDCK_arctic_a0067,"[9, 11, 33, 28, 25, 14, 6, 39, 2, 28, 6, 27, 34, 27, 26, 37, 40, 26, 37, 9, 25, 27, 33, 14, 6, 17]","[9, 11, 28, 25, 3, 39, 2, 28, 6, 27, 34, 27, 26, 37, 40, 26, 37, 9, 25, 27, 33, 14, 6, 17]","[0, 0, 1, 0, 0, 1, 1, 0, 0, 0, 0, 0, 0, 0, 0, 0, 0, 0, 0, 0, 0, 0, 0, 0, 0, 0]"
L2_arctic_WAV/YDCK_arctic_a0071,"[39, 12, 36, 39, 12, 40, 4, 25, 3, 16, 18, 5, 27, 36, 12, 38, 26, 11, 33, 28, 6, 36, 2, 28, 34, 5, 30, 34, 19, 6, 9, 2, 30]","[39, 12, 33, 39, 12, 40, 4, 25, 3, 16, 18, 5, 27, 12, 38, 26, 8, 28, 6, 33, 2, 28, 34, 5, 30, 34, 19, 6, 9, 2, 30]","[0, 0, 1, 0, 0, 0, 0, 0, 0, 0, 0, 0, 0, 1, 0, 0, 0, 1, 1, 0, 0, 1, 0, 0, 0, 0, 0, 0, 0, 0, 0, 0, 0]"
L2_arctic_WAV/YDCK_arctic_a0073,"[4, 12, 32, 33, 2, 29, 31, 11, 36, 1, 40, 14, 6, 40, 39, 1, 24, 5, 38, 25, 39, 6, 4, 28, 6, 36, 2, 28, 32, 12, 22, 25, 16, 41, 23, 40, 12, 30, 17, 1, 4, 5, 29]","[4, 12, 32, 33, 2, 29, 31, 11, 33, 1, 40, 14, 6, 40, 39, 1, 24, 5, 38, 25, 39, 6, 4, 28, 6, 33, 2, 28, 32, 12, 22, 25, 16, 41, 23, 40, 12, 30, 17, 1, 4, 5, 29]","[0, 0, 0, 0, 0, 0, 0, 0, 1, 0, 0, 0, 0, 0, 0, 0, 0, 0, 0, 0, 0, 0, 0, 0, 0, 1, 0, 0, 0, 0, 0, 0, 0, 0, 0, 0, 0, 0, 0, 0, 0, 0, 0]"
L2_arctic_WAV/YDCK_arctic_a0075,"[4, 5, 33, 24, 41, 40, 16, 6, 30, 2, 35, 19, 6, 30, 18, 9, 25, 6, 30, 1, 12, 32, 36, 6, 17, 24, 6, 29]","[17, 5, 33, 24, 41, 40, 16, 6, 30, 2, 35, 19, 6, 30, 18, 9, 25, 6, 30, 1, 12, 32, 36, 6, 17, 24, 6, 29]","[1, 0, 0, 0, 0, 0, 0, 0, 0, 0, 0, 0, 0, 0, 0, 0, 0, 0, 0, 0, 0, 0, 0, 0, 0, 0, 0, 0]"
L2_arctic_WAV/YDCK_arctic_a0076,"[4, 2, 23, 33, 19, 6, 14, 6, 40, 22, 3, 28, 36, 1, 17, 4, 12, 22, 28, 12, 9, 17, 25, 32, 2, 30, 17]","[17, 2, 23, 33, 19, 6, 14, 6, 40, 22, 8, 28, 36, 1, 17, 4, 12, 22, 28, 12, 9, 17, 25, 32, 2, 30, 17]","[1, 0, 0, 0, 0, 0, 0, 0, 0, 0, 1, 0, 0, 0, 0, 0, 0, 0, 0, 0, 0, 0, 0, 0, 0, 0, 0]"
L2_arctic_WAV/YDCK_arctic_a0077,"[6, 36, 6, 40, 4, 12, 22, 14, 6, 1, 32, 3, 33, 36, 28, 25, 9, 25, 34, 5, 17]","[6, 36, 6, 40, 4, 12, 22, 14, 6, 1, 32, 3, 36, 28, 25, 9, 25, 34, 41, 17]","[0, 0, 0, 0, 0, 0, 0, 0, 0, 0, 0, 0, 1, 0, 0, 0, 0, 0, 0, 1, 0]"
L2_arctic_WAV/YDCK_arctic_a0078,"[4, 5, 30, 41, 30, 17, 41, 36, 34, 12, 32, 1, 24, 25, 36, 33, 14, 6, 17, 36, 37, 22, 41, 4, 2, 29, 24, 1]","[17, 41, 30, 41, 30, 17, 41, 36, 34, 3, 32, 1, 24, 25, 36, 33, 14, 6, 17, 36, 37, 22, 19, 6, 10, 2, 29, 24, 1]","[1, 1, 0, 0, 0, 0, 0, 0, 0, 1, 0, 0, 0, 0, 0, 0, 0, 0, 0, 0, 0, 0, 1, 1, 0, 0, 0, 0]"
L2_arctic_WAV/YDCK_arctic_a0079,"[6, 36, 39, 12, 40, 2, 28, 3, 33, 18, 27, 2, 30, 37]","[6, 36, 39, 12, 40, 2, 28, 3, 33, 9, 27, 2, 30, 37]","[0, 0, 0, 0, 0, 0, 0, 0, 0, 1, 0, 0, 0, 0]"
L2_arctic_WAV/YDCK_arctic_a0081,"[24, 39, 12, 36, 6, 22, 9, 25, 17, 6, 17, 30, 3, 36, 27, 12, 29, 36, 37, 4, 2, 33, 3, 27]","[24, 39, 12, 36, 25, 22, 9, 25, 17, 6, 17, 30, 3, 36, 27, 12, 29, 36, 37, 17, 2, 33, 3, 27]","[0, 0, 0, 0, 1, 0, 0, 0, 0, 0, 0, 0, 0, 0, 0, 0, 0, 0, 0, 1, 0, 0, 0, 0]"
L2_arctic_WAV/YDCK_arctic_a0082,"[24, 6, 40, 22, 19, 6, 34, 39, 12, 40, 34, 36, 33, 25, 29, 6, 7, 39, 6, 4, 16, 28, 12, 17]","[24, 25, 34, 22, 19, 6, 34, 39, 12, 40, 34, 36, 33, 25, 29, 25, 7, 39, 6, 17, 16, 28, 12, 36]","[0, 1, 1, 0, 0, 0, 0, 0, 0, 0, 0, 0, 0, 0, 0, 1, 0, 0, 0, 1, 0, 0, 0, 1]"
L2_arctic_WAV/YDCK_arctic_a0085,"[2, 36, 33, 6, 27, 2, 28, 12, 38, 22, 33, 5, 9, 16, 28, 12, 17, 33, 41, 30, 31, 11, 38, 1, 24, 6, 40, 22, 19, 6, 34]","[2, 36, 33, 6, 27, 2, 28, 8, 38, 22, 33, 41, 9, 16, 28, 12, 36, 33, 41, 30, 31, 11, 38, 1, 24, 6, 34, 22, 19, 6, 34]","[0, 0, 0, 0, 0, 0, 0, 1, 0, 0, 0, 1, 0, 0, 0, 0, 1, 0, 0, 0, 0, 0, 0, 0, 0, 0, 1, 0, 0, 0, 0]"
L2_arctic_WAV/YDCK_arctic_a0086,"[17, 5, 10, 24, 41, 17, 27, 12, 29, 39, 6, 4, 36, 5, 33, 2, 16, 2, 28, 34, 12, 17, 2, 30, 30, 2, 34]","[17, 41, 10, 24, 41, 17, 27, 12, 29, 39, 6, 17, 36, 5, 33, 2, 16, 2, 28, 34, 12, 17, 2, 30, 28, 2, 34]","[0, 1, 0, 0, 0, 0, 0, 0, 0, 0, 0, 1, 0, 0, 0, 0, 0, 0, 0, 0, 0, 0, 0, 0, 1, 0, 0]"
L2_arctic_WAV/YDCK_arctic_a0088,"[24, 25, 29, 19, 6, 17, 9, 11, 33, 4, 2, 36, 4, 2, 29, 41, 23, 2, 40, 25, 30, 39, 12, 40, 28, 31, 11, 17, 6, 17, 41, 30, 17, 33, 25, 40, 37, 29, 17, 24, 6, 40, 32, 41, 17, 2, 28, 6, 7]","[24, 25, 29, 19, 6, 36, 9, 11, 33, 17, 2, 36, 17, 2, 29, 41, 23, 2, 40, 25, 30, 39, 12, 34, 28, 3, 17, 6, 17, 41, 30, 17, 33, 25, 34, 37, 29, 17, 24, 25, 34, 32, 41, 17, 2, 28, 6, 7]","[0, 0, 0, 0, 0, 1, 0, 0, 0, 1, 0, 0, 1, 0, 0, 0, 0, 0, 0, 0, 0, 0, 0, 1, 0, 1, 1, 0, 0, 0, 0, 0, 0, 0, 0, 1, 0, 0, 0, 0, 1, 1, 0, 0, 0, 0, 0, 0, 0]"
L2_arctic_WAV/YDCK_arctic_a0089,"[4, 2, 30, 14, 6, 36, 23, 28, 31, 11, 39, 3, 40, 36, 33, 5, 35, 1, 2, 34, 36, 37, 9, 37, 36, 16, 14, 6]","[17, 2, 30, 14, 6, 36, 23, 28, 31, 11, 39, 3, 34, 36, 33, 41, 35, 1, 2, 34, 36, 37, 9, 11, 36, 16, 14, 6]","[1, 0, 0, 0, 0, 0, 0, 0, 0, 0, 0, 0, 1, 0, 0, 1, 0, 0, 0, 0, 0, 0, 0, 1, 0, 0, 0, 0]"
L2_arctic_WAV/YDCK_arctic_a0090,"[4, 2, 34, 6, 7, 6, 7, 38, 8, 6, 34, 2, 32, 33, 31, 11, 35, 36, 33, 41, 32, 2, 17, 28, 25]","[17, 2, 34, 6, 7, 6, 7, 38, 8, 6, 34, 2, 32, 33, 31, 11, 35, 6, 36, 33, 41, 32, 2, 36, 2, 28, 25]","[1, 0, 0, 0, 0, 0, 0, 0, 0, 0, 0, 0, 0, 0, 0, 0, 0, 0, 0, 0, 0, 0, 1, 0, 0]"
L2_arctic_WAV/YDCK_arctic_a0091,"[24, 6, 40, 16, 28, 12, 17, 23, 33, 37, 24, 3, 36, 39, 6, 4, 33, 19, 6, 18, 41, 36, 4, 2, 10, 8, 36]","[24, 25, 34, 16, 28, 12, 17, 23, 33, 37, 24, 3, 36, 39, 6, 17, 33, 19, 6, 21, 41, 36, 17, 2, 10, 31, 11, 36]","[0, 1, 1, 0, 0, 0, 0, 0, 0, 0, 0, 0, 0, 0, 0, 1, 0, 0, 0, 1, 0, 0, 1, 0, 0, 1, 0]"
L2_arctic_WAV/YDCK_arctic_a0092,"[24, 25, 39, 5, 30, 36, 17, 14, 11, 30, 6, 30, 29, 6, 17, 34, 36, 33, 25, 29, 34, 1, 35, 6, 7, 4, 2, 9, 41, 17, 31, 11, 40, 12, 38, 16, 31, 11, 10, 9, 8, 33, 40]","[24, 25, 39, 5, 30, 36, 17, 14, 11, 30, 6, 30, 29, 6, 17, 34, 36, 33, 25, 29, 34, 1, 35, 6, 7, 17, 2, 9, 41, 17, 31, 11, 34, 12, 38, 16, 31, 11, 34, 9, 8, 33, 34]","[0, 0, 0, 0, 0, 0, 0, 0, 0, 0, 0, 0, 0, 0, 0, 0, 0, 0, 0, 0, 0, 0, 0, 0, 0, 1, 0, 0, 0, 0, 0, 0, 1, 0, 0, 0, 0, 0, 1, 0, 0, 0, 1]"
L2_arctic_WAV/YDCK_arctic_a0093,"[22, 8, 33, 2, 22, 11, 28, 29, 6, 30, 2, 36, 24, 25, 27, 33, 14, 11, 35, 36, 41, 30, 17, 28, 6, 34, 2, 30, 17]","[22, 8, 33, 2, 22, 11, 28, 29, 6, 30, 2, 36, 24, 25, 27, 33, 14, 11, 35, 6, 36, 41, 30, 17, 28, 6, 34, 2, 30, 36]","[0, 0, 0, 0, 0, 0, 0, 0, 0, 0, 0, 0, 0, 0, 0, 0, 0, 0, 0, 0, 0, 0, 0, 0, 0, 0, 0, 0, 1]"
L2_arctic_WAV/YDCK_arctic_a0094,"[24, 25, 24, 41, 17, 16, 5, 33, 28, 25, 5, 30, 36, 1, 17, 4, 6, 34, 24, 39, 5, 30, 24, 25, 34, 8, 4, 12, 23, 28, 31, 11, 2, 38, 2, 22, 14, 6, 1]","[24, 25, 24, 41, 17, 16, 5, 33, 28, 25, 41, 30, 36, 1, 17, 17, 6, 34, 24, 39, 5, 30, 24, 25, 34, 8, 17, 12, 23, 28, 31, 11, 8, 38, 2, 22, 14, 6, 2]","[0, 0, 0, 0, 0, 0, 0, 0, 0, 0, 1, 0, 0, 0, 0, 1, 0, 0, 0, 0, 0, 0, 0, 0, 0, 0, 1, 0, 0, 0, 0, 0, 1, 0, 0, 0, 0, 0, 1]"
L2_arctic_WAV/YDCK_arctic_a0095,"[2, 16, 6, 23, 27, 41, 30, 38, 2, 34, 36, 5, 30, 36, 39, 12, 40, 4, 2, 22, 1, 34, 36, 10, 6, 7, 36, 6, 27, 12, 29, 39, 6, 4, 6, 30, 24, 6, 40, 38, 6, 13, 2, 30]","[2, 16, 6, 23, 27, 41, 30, 16, 2, 34, 36, 41, 30, 36, 39, 12, 40, 17, 2, 22, 1, 34, 34, 10, 6, 7, 36, 6, 27, 12, 29, 39, 6, 17, 6, 30, 24, 6, 34, 22, 25, 9, 2, 30]","[0, 0, 0, 0, 0, 0, 0, 1, 0, 0, 0, 1, 0, 0, 0, 0, 0, 1, 0, 0, 0, 0, 1, 0, 0, 0, 0, 0, 0, 0, 0, 0, 0, 1, 0, 0, 0, 0, 1, 1, 1, 1, 0, 0]"
L2_arctic_WAV/YDCK_arctic_a0096,"[32, 1, 24, 41, 32, 34, 9, 25, 24, 41, 17, 8, 28, 33, 5, 17, 25, 29, 5, 36, 24, 1, 22, 19, 6, 36, 2, 28, 6, 36, 2, 28, 17, 25, 32, 1, 6, 30, 4, 2, 22, 8, 33, 2, 34, 36]","[32, 1, 24, 41, 32, 34, 9, 25, 24, 41, 17, 8, 28, 33, 5, 17, 25, 29, 5, 36, 24, 1, 22, 19, 6, 36, 2, 28, 6, 36, 2, 28, 17, 25, 32, 1, 6, 30, 17, 2, 22, 8, 33, 2, 34, 36]","[0, 0, 0, 0, 0, 0, 0, 0, 0, 0, 0, 0, 0, 0, 0, 0, 0, 0, 0, 0, 0, 0, 0, 0, 0, 0, 0, 0, 0, 0, 0, 0, 0, 0, 0, 0, 0, 0, 1, 0, 0, 0, 0, 0, 0, 0]"
L2_arctic_WAV/YDCK_arctic_a0097,"[4, 5, 30, 26, 37, 27, 2, 30, 1, 19, 6, 30, 18, 26, 1, 34, 5, 28, 22, 27, 12, 29, 22, 1, 36, 2, 16, 28, 25, 2, 29, 12, 7, 4, 25, 40, 33, 31, 11, 16, 40, 6, 30, 4, 2, 16, 31, 11]","[17, 5, 30, 26, 37, 27, 2, 30, 1, 19, 6, 30, 18, 26, 1, 34, 3, 28, 22, 27, 12, 29, 22, 1, 2, 16, 2, 28, 25, 2, 29, 8, 7, 17, 25, 34, 33, 31, 11, 16, 34, 6, 30, 17, 2, 16, 31, 11]","[1, 0, 0, 0, 0, 0, 0, 0, 0, 0, 0, 0, 0, 0, 0, 0, 1, 0, 0, 0, 0, 0, 0, 0, 1, 0, 0, 0, 0, 0, 0, 1, 0, 1, 0, 1, 0, 0, 0, 0, 1, 0, 0, 1, 0, 0, 0, 0]"
L2_arctic_WAV/YDCK_arctic_a0098,"[9, 41, 28, 14, 6, 27, 5, 33, 25, 26, 37]","[9, 41, 33, 14, 6, 27, 5, 33, 25, 26, 37]","[0, 0, 1, 0, 0, 0, 0, 0, 0, 0, 0]"
L2_arctic_WAV/YDCK_arctic_a0099,"[2, 29, 41, 17, 2, 30, 6, 7, 18, 8, 6, 32, 14, 11, 30, 17, 6, 17, 6, 30, 24, 6, 40, 16, 33, 19, 6, 30]","[2, 29, 41, 17, 2, 30, 6, 7, 18, 8, 6, 32, 14, 11, 30, 17, 6, 36, 6, 30, 24, 6, 34, 16, 33, 19, 6, 30]","[0, 0, 0, 0, 0, 0, 0, 0, 0, 0, 0, 0, 0, 0, 0, 0, 0, 1, 0, 0, 0, 0, 1, 0, 0, 0, 0, 0]"
L2_arctic_WAV/YDCK_arctic_a0100,"[26, 37, 29, 12, 34, 36, 34, 28, 25, 32, 24, 25, 1, 18, 17]","[26, 37, 29, 12, 34, 36, 34, 28, 6, 32, 24, 25, 1, 18, 6, 36]","[0, 0, 0, 0, 0, 0, 0, 0, 1, 0, 0, 0, 0, 0, 1]"
L2_arctic_WAV/YDCK_arctic_a0101,"[26, 37, 26, 37, 39, 11, 17, 30, 3, 36, 27, 25, 32, 4, 2, 36, 33, 37, 10, 22, 33, 12, 29, 29, 25]","[26, 37, 26, 37, 11, 17, 30, 3, 36, 27, 25, 32, 17, 2, 36, 33, 37, 34, 22, 33, 12, 29, 29, 25]","[0, 0, 0, 0, 1, 0, 0, 0, 0, 0, 0, 0, 0, 1, 0, 0, 0, 0, 1, 0, 0, 0, 0, 0, 0]"
L2_arctic_WAV/YDCK_arctic_a0102,"[24, 25, 39, 2, 28, 22, 3, 28, 31, 11, 12, 34, 34, 37, 30]","[24, 25, 39, 2, 28, 22, 3, 28, 31, 11, 12, 34, 34, 37, 30]","[0, 0, 0, 0, 0, 0, 0, 0, 0, 0, 0, 0, 0, 0, 0]"
L2_arctic_WAV/YDCK_arctic_a0103,"[16, 12, 36, 4, 5, 33, 27, 19, 6, 29, 30, 31, 11, 32, 33, 3, 29, 2, 34, 22, 33, 12, 29, 4, 2, 16, 31, 11, 12, 38, 4, 2, 27, 2, 30, 37]","[16, 12, 36, 17, 5, 33, 27, 19, 6, 29, 30, 31, 11, 32, 33, 3, 29, 25, 34, 22, 33, 12, 29, 17, 2, 16, 31, 11, 12, 38, 17, 2, 27, 2, 30, 37]","[0, 0, 0, 1, 0, 0, 0, 0, 0, 0, 0, 0, 0, 0, 0, 0, 0, 1, 0, 0, 0, 0, 0, 1, 0, 0, 0, 0, 0, 0, 1, 0, 0, 0, 0, 0]"
L2_arctic_WAV/YDCK_arctic_a0104,"[9, 25, 39, 12, 40, 34, 28, 25, 32, 6, 7, 12, 30, 17, 1, 24, 6, 40, 32, 33, 2, 36, 5, 27, 9, 2, 30, 41, 40, 34, 39, 25, 36, 28, 25, 41, 40, 2, 35, 14, 6, 28, 17]","[9, 25, 39, 12, 40, 34, 28, 25, 32, 25, 7, 12, 30, 17, 1, 24, 6, 34, 32, 33, 2, 36, 41, 27, 9, 2, 30, 41, 34, 34, 39, 25, 36, 28, 25, 41, 34, 2, 35, 14, 6, 28, 17]","[0, 0, 0, 0, 0, 0, 0, 0, 0, 1, 0, 0, 0, 0, 0, 0, 0, 1, 0, 0, 0, 0, 1, 0, 0, 0, 0, 0, 1, 0, 0, 0, 0, 0, 0, 0, 1, 0, 0, 0, 0, 0, 0]"
L2_arctic_WAV/YDCK_arctic_a0105,"[31, 11, 30, 28, 25, 6, 36, 6, 40, 34, 31, 11, 39, 12, 30, 17, 1, 22, 2, 28, 34, 31, 11, 8, 28, 29, 31, 11, 34, 36, 6, 29, 32, 3, 34, 2, 16, 2, 28, 36, 37, 16, 6, 28, 25, 38]","[31, 11, 30, 25, 6, 36, 6, 40, 34, 31, 11, 39, 12, 30, 17, 2, 22, 2, 28, 34, 31, 11, 8, 28, 29, 31, 11, 34, 36, 6, 29, 32, 3, 34, 2, 16, 2, 28, 36, 37, 16, 25, 28, 25, 22]","[0, 0, 0, 1, 0, 0, 0, 0, 0, 0, 0, 0, 0, 0, 0, 0, 1, 0, 0, 0, 0, 0, 0, 0, 0, 0, 0, 0, 0, 0, 0, 0, 0, 0, 0, 0, 0, 0, 0, 0, 0, 0, 1, 0, 0, 1]"
L2_arctic_WAV/YDCK_arctic_a0106,"[4, 25, 6, 29, 31, 11, 9, 2, 30, 39, 6, 35, 9, 25, 24, 41, 17, 34, 2, 32, 33, 5, 34, 36, 16, 1, 34, 36, 22, 8, 33, 10, 30, 14, 11, 6, 30, 2, 35, 31, 11, 27, 6, 7, 34, 3, 16]","[17, 25, 6, 29, 31, 11, 9, 2, 30, 39, 6, 35, 9, 25, 24, 41, 17, 34, 2, 32, 33, 41, 34, 36, 16, 1, 34, 36, 2, 22, 8, 33, 10, 30, 14, 11, 6, 30, 2, 35, 31, 11, 27, 6, 7, 34, 31, 11, 16]","[1, 0, 0, 0, 0, 0, 0, 0, 0, 0, 0, 0, 0, 0, 0, 0, 0, 0, 0, 0, 0, 1, 0, 0, 0, 0, 0, 0, 0, 0, 0, 0, 0, 0, 0, 0, 0, 0, 0, 0, 0, 0, 0, 0, 0, 1, 0]"
L2_arctic_WAV/YDCK_arctic_a0107,"[6, 22, 26, 37, 31, 11, 30, 28, 25, 27, 11, 17, 30, 31, 11, 24, 14, 11, 14, 6, 10, 41, 7, 27, 26, 37]","[6, 22, 26, 37, 31, 11, 30, 28, 25, 27, 11, 17, 30, 31, 11, 24, 14, 11, 14, 6, 10, 41, 7, 27, 26, 37]","[0, 0, 0, 0, 0, 0, 0, 0, 0, 0, 0, 0, 0, 0, 0, 0, 0, 0, 0, 0, 0, 0, 0, 0, 0, 0]"
L2_arctic_WAV/YDCK_arctic_a0108,"[24, 25, 39, 19, 6, 17, 6, 17, 6, 30, 36, 37, 4, 25, 5, 18, 2, 38, 4, 12, 39, 8, 36, 1, 41, 30, 17, 16, 6, 23, 41, 30, 34, 27, 33, 12, 16, 6, 7, 24, 6, 29, 34, 5, 28, 22]","[24, 25, 39, 5, 17, 6, 17, 6, 30, 36, 37, 17, 25, 41, 35, 2, 32, 17, 12, 39, 8, 36, 1, 41, 30, 17, 16, 6, 23, 41, 30, 34, 27, 33, 8, 16, 25, 7, 24, 6, 29, 34, 3, 28, 22]","[0, 0, 0, 1, 1, 0, 0, 0, 0, 0, 0, 0, 1, 0, 1, 1, 0, 1, 1, 0, 0, 0, 0, 0, 0, 0, 0, 0, 0, 0, 0, 0, 0, 0, 0, 1, 0, 1, 0, 0, 0, 0, 0, 1, 0, 0]"
L2_arctic_WAV/YDCK_arctic_a0109,"[17, 37, 26, 37, 30, 31, 11, 4, 41, 36, 26, 37, 3, 33, 9, 19, 6, 27, 6, 7, 29, 14, 6, 27, 3, 30, 22, 2, 17, 2, 30, 34, 6, 30, 26, 37]","[17, 37, 26, 37, 30, 31, 11, 17, 41, 36, 26, 37, 3, 33, 9, 19, 6, 27, 6, 7, 29, 14, 6, 27, 3, 30, 22, 2, 17, 2, 30, 34, 6, 30, 26, 37]","[0, 0, 0, 0, 0, 0, 0, 1, 0, 0, 0, 0, 0, 0, 0, 0, 0, 0, 0, 0, 0, 0, 0, 0, 0, 0, 0, 0, 0, 0, 0, 0, 0, 0, 0, 0]"
L2_arctic_WAV/YDCK_arctic_a0111,"[6, 30, 34, 36, 5, 17, 24, 25, 18, 8, 6, 30, 17, 24, 1, 41, 30, 17, 4, 19, 6, 19, 6, 36, 28, 14, 6, 27, 36, 37, 24, 12, 7, 23, 33, 25, 35, 6, 28, 17, 33, 2, 30]","[6, 30, 34, 36, 41, 17, 24, 25, 18, 8, 6, 30, 17, 24, 1, 41, 30, 17, 17, 19, 6, 19, 6, 36, 28, 14, 6, 27, 36, 37, 24, 12, 7, 23, 33, 25, 35, 37, 17, 29, 2, 30]","[0, 0, 0, 0, 1, 0, 0, 0, 0, 0, 0, 0, 0, 0, 0, 0, 0, 0, 1, 0, 0, 0, 0, 0, 0, 0, 0, 0, 0, 0, 0, 0, 0, 0, 0, 0, 0, 1, 1, 0, 1, 0, 0]"
L2_arctic_WAV/YDCK_arctic_a0112,"[24, 25, 39, 12, 40, 39, 37, 30, 17, 6, 17, 6, 30, 4, 25, 3, 33, 29]","[24, 25, 39, 12, 34, 37, 30, 17, 6, 17, 6, 30, 17, 25, 3, 29]","[0, 0, 0, 0, 1, 1, 0, 0, 0, 0, 0, 0, 0, 1, 0, 0, 1, 0]"
L2_arctic_WAV/YDCK_arctic_a0113,"[14, 6, 34, 2, 32, 31, 11, 40, 26, 37, 32, 6, 27, 36, 4, 41, 36, 28, 6, 7, 23, 31, 11, 12, 32, 2, 29, 12, 7, 4, 25, 6, 30, 17, 25, 2, 30, 40]","[14, 6, 34, 2, 32, 31, 11, 34, 26, 37, 32, 6, 27, 36, 17, 41, 36, 28, 6, 7, 23, 31, 11, 12, 32, 2, 29, 8, 7, 17, 25, 6, 30, 17, 25, 2, 30, 34]","[0, 0, 0, 0, 0, 0, 0, 1, 0, 0, 0, 0, 0, 0, 1, 0, 0, 0, 0, 0, 0, 0, 0, 0, 0, 0, 0, 1, 0, 1, 0, 0, 0, 0, 0, 0, 0, 1]"
L2_arctic_WAV/YDCK_arctic_a0115,"[24, 25, 24, 41, 17, 30, 31, 11, 6, 27, 34, 27, 26, 37, 40, 22, 8, 33, 4, 2, 22, 25, 28, 6, 7, 40, 39, 6, 35, 39, 1, 1, 14, 11, 40, 17, 6, 30, 24, 6, 29]","[24, 25, 24, 41, 17, 30, 31, 11, 6, 27, 34, 27, 26, 37, 34, 22, 8, 33, 17, 2, 22, 6, 28, 6, 7, 40, 39, 6, 35, 39, 1, 1, 14, 11, 40, 6, 34, 36, 6, 30, 24, 25, 29]","[0, 0, 0, 0, 0, 0, 0, 0, 0, 0, 0, 0, 0, 0, 1, 0, 0, 0, 1, 0, 0, 1, 0, 0, 0, 0, 0, 0, 0, 0, 0, 0, 0, 0, 0, 1, 0, 0, 0, 1, 0]"
L2_arctic_WAV/YDCK_arctic_a0116,"[39, 12, 40, 6, 36, 4, 12, 33, 3, 30, 17, 6, 38, 37, 12, 38, 4, 31, 11, 40, 24, 37, 39, 1, 34, 36, 33, 14, 6, 38, 6, 7, 36, 37, 39, 1, 27, 24, 6, 40, 33, 37, 6, 30]","[39, 12, 40, 6, 36, 17, 12, 33, 3, 30, 17, 6, 38, 37, 12, 38, 17, 31, 11, 40, 24, 37, 39, 1, 34, 36, 33, 14, 6, 38, 25, 7, 36, 37, 39, 1, 27, 24, 25, 34, 33, 37, 25, 30]","[0, 0, 0, 0, 0, 1, 0, 0, 0, 0, 0, 0, 0, 0, 0, 0, 1, 0, 0, 0, 0, 0, 0, 0, 0, 0, 0, 0, 0, 0, 1, 0, 0, 0, 0, 0, 0, 0, 1, 1, 0, 0, 1, 0]"
L2_arctic_WAV/YDCK_arctic_a0117,"[9, 25, 41, 17, 6, 17, 39, 6, 4, 18, 5, 30, 26, 37, 39, 6, 30, 34, 6, 29, 32, 2, 10, 25, 6, 30, 24, 1, 22, 19, 6, 34, 2, 30, 17, 38, 8, 6, 34]","[9, 25, 41, 17, 6, 17, 39, 6, 17, 18, 5, 30, 26, 37, 39, 25, 30, 10, 6, 29, 32, 2, 10, 25, 6, 30, 24, 2, 22, 19, 6, 34, 2, 30, 17, 38, 8, 6, 34]","[0, 0, 0, 0, 0, 0, 0, 0, 1, 0, 0, 0, 0, 0, 0, 1, 0, 1, 0, 0, 0, 0, 0, 0, 0, 0, 0, 1, 0, 0, 0, 0, 0, 0, 0, 0, 0, 0, 0]"
L2_arctic_WAV/YDCK_arctic_a0120,"[29, 14, 6, 33, 14, 6, 36, 22, 11, 36, 22, 25, 28, 40, 28, 14, 6, 27, 4, 41, 36, 12, 38, 2, 35, 14, 6, 30, 25, 40, 17, 5, 16, 26, 2, 36, 3, 30, 36]","[29, 14, 6, 33, 14, 6, 36, 22, 37, 36, 22, 25, 28, 40, 28, 14, 6, 27, 17, 41, 36, 12, 38, 2, 35, 14, 6, 30, 25, 34, 17, 5, 16, 26, 2, 36, 3, 30, 36]","[0, 0, 0, 0, 0, 0, 0, 0, 1, 0, 0, 0, 0, 0, 0, 0, 0, 0, 1, 0, 0, 0, 0, 0, 0, 0, 0, 0, 0, 1, 0, 0, 0, 0, 0, 0, 0, 0, 0]"
L2_arctic_WAV/YDCK_arctic_a0121,"[4, 19, 6, 19, 6, 36, 17, 6, 30, 1, 41, 36, 4, 2, 22, 6, 22, 10, 41, 30, 17, 33, 5, 34, 36, 6, 17, 22, 8, 33, 36, 37, 14, 11, 33, 40]","[17, 19, 6, 19, 6, 36, 17, 25, 30, 1, 41, 36, 4, 2, 22, 25, 22, 10, 41, 30, 17, 33, 5, 34, 36, 6, 17, 22, 21, 33, 36, 37, 14, 11, 33, 34]","[1, 0, 0, 0, 0, 0, 0, 1, 0, 0, 0, 0, 0, 0, 0, 1, 0, 0, 0, 0, 0, 0, 0, 0, 0, 0, 0, 0, 1, 0, 0, 0, 0, 0, 0, 1]"
L2_arctic_WAV/YDCK_arctic_a0122,"[36, 37, 26, 6, 33, 40, 2, 23, 31, 11, 14, 6, 23, 19, 6, 38, 12, 32, 34, 6, 38, 2, 28, 6, 40, 19, 6, 9, 2, 30, 22, 33, 1, 4, 6, 34]","[36, 37, 26, 6, 33, 40, 2, 23, 31, 11, 14, 6, 23, 19, 6, 16, 12, 32, 34, 6, 38, 2, 28, 6, 18, 19, 6, 9, 2, 30, 22, 33, 1, 17, 6, 34]","[0, 0, 0, 0, 0, 0, 0, 0, 0, 0, 0, 0, 0, 0, 0, 1, 0, 0, 0, 0, 0, 0, 0, 0, 1, 0, 0, 0, 0, 0, 0, 0, 0, 1, 0, 0]"
L2_arctic_WAV/YDCK_arctic_a0123,"[9, 25, 24, 41, 17, 17, 14, 6, 17, 22, 1, 29, 27, 31, 11, 28, 17, 2, 30, 17, 34, 36, 3, 33, 38, 19, 6, 9, 2, 30]","[9, 25, 24, 41, 17, 17, 14, 6, 17, 22, 1, 29, 27, 31, 11, 28, 17, 2, 30, 17, 34, 36, 3, 33, 38, 19, 6, 9, 2, 30]","[0, 0, 0, 0, 0, 0, 0, 0, 0, 0, 0, 0, 0, 0, 0, 0, 0, 0, 0, 0, 0, 0, 0, 0, 0, 0, 0, 0, 0, 0]"
L2_arctic_WAV/YDCK_arctic_a0125,"[24, 25, 39, 12, 40, 17, 6, 36, 1, 29, 2, 30, 17, 30, 14, 11, 36, 37, 29, 19, 6, 30, 36, 19, 6, 30, 2, 29, 8, 33, 34, 1, 36, 2, 30, 24, 31, 11, 28, 17, 2, 32, 3, 30, 24, 6, 29, 34, 5, 28, 22]","[24, 25, 39, 12, 40, 17, 6, 36, 1, 29, 2, 30, 17, 30, 14, 11, 36, 37, 29, 19, 6, 30, 36, 19, 6, 30, 2, 29, 8, 33, 34, 1, 36, 2, 30, 24, 31, 11, 28, 17, 2, 32, 3, 30, 24, 6, 29, 34, 3, 28, 22]","[0, 0, 0, 0, 0, 0, 0, 0, 0, 0, 0, 0, 0, 0, 0, 0, 0, 0, 0, 0, 0, 0, 0, 0, 0, 0, 0, 0, 0, 0, 0, 0, 0, 0, 0, 0, 0, 0, 0, 0, 0, 0, 0, 0, 0, 0, 0, 0, 1, 0, 0]"
L2_arctic_WAV/YDCK_arctic_a0126,"[25, 35, 17, 19, 6, 9, 25, 16, 25, 27, 19, 6, 29, 2, 29, 8, 33, 38, 14, 6, 36, 2, 28, 32, 3, 33, 36, 12, 38, 24, 6, 29]","[6, 35, 17, 19, 6, 9, 25, 16, 25, 27, 19, 6, 29, 2, 29, 8, 33, 38, 14, 6, 36, 2, 28, 32, 3, 33, 36, 12, 38, 24, 6, 29]","[1, 0, 0, 0, 0, 0, 0, 0, 0, 0, 0, 0, 0, 0, 0, 0, 0, 0, 0, 0, 0, 0, 0, 0, 0, 0, 0, 0, 0, 0, 0, 0]"
L2_arctic_WAV/YDCK_arctic_a0127,"[6, 36, 39, 12, 40, 2, 36, 5, 29, 36, 19, 6, 9, 2, 30, 16, 12, 36, 24, 25, 33, 25, 40, 6, 34, 36, 6, 17, 6, 36]","[6, 36, 39, 12, 34, 2, 36, 5, 29, 36, 19, 6, 9, 2, 30, 16, 12, 36, 24, 25, 33, 25, 18, 6, 34, 36, 6, 17, 6, 36]","[0, 0, 0, 0, 1, 0, 0, 0, 0, 0, 0, 0, 0, 0, 0, 0, 0, 0, 0, 0, 0, 0, 1, 0, 0, 0, 0, 0, 0, 0]"
L2_arctic_WAV/YDCK_arctic_a0128,"[4, 6, 34, 39, 12, 30, 24, 31, 11, 32, 39, 12, 40, 17, 6, 34, 36, 33, 8, 6, 17, 41, 40, 27, 39, 6, 27, 28, 25, 41, 40, 6, 36, 39, 12, 40, 16, 8, 33, 30]","[17, 25, 34, 39, 12, 30, 24, 31, 11, 32, 39, 12, 34, 17, 6, 34, 36, 33, 8, 6, 17, 41, 34, 27, 39, 25, 27, 28, 25, 41, 40, 6, 36, 39, 12, 34, 16, 8, 33, 30]","[1, 1, 0, 0, 0, 0, 0, 0, 0, 0, 0, 0, 1, 0, 0, 0, 0, 0, 0, 0, 0, 0, 1, 0, 0, 1, 0, 0, 0, 0, 0, 0, 0, 0, 0, 1, 0, 0, 0, 0]"
L2_arctic_WAV/YDCK_arctic_a0129,"[24, 1, 22, 19, 6, 34, 39, 12, 40, 2, 23, 5, 30, 34, 36, 24, 6, 40, 16, 33, 5, 34, 36]","[24, 1, 22, 19, 6, 34, 39, 12, 40, 2, 23, 5, 30, 34, 25, 24, 6, 34, 16, 33, 41, 34, 36]","[0, 0, 0, 0, 0, 0, 0, 0, 0, 0, 0, 0, 0, 0, 1, 0, 0, 1, 0, 0, 1, 0, 0]"
L2_arctic_WAV/YDCK_arctic_a0130,"[9, 25, 39, 12, 40, 24, 6, 40, 30, 14, 11, 22, 1, 5, 38, 1]","[9, 25, 39, 12, 40, 24, 6, 34, 30, 14, 11, 22, 1, 5, 38, 1]","[0, 0, 0, 0, 0, 0, 0, 1, 0, 0, 0, 0, 0, 0, 0, 0]"
L2_arctic_WAV/YDCK_arctic_a0131,"[32, 33, 3, 38, 2, 17, 2, 30, 34, 24, 41, 17, 17, 6, 28, 6, 38, 1, 17, 24, 6, 29, 10, 33, 37, 4, 12, 29, 19, 6, 28, 34, 36, 33, 2, 29]","[32, 33, 3, 16, 2, 17, 2, 30, 34, 24, 41, 17, 17, 6, 28, 6, 38, 1, 24, 25, 29, 10, 33, 37, 17, 12, 29, 19, 6, 28, 34, 36, 8, 33, 29]","[0, 0, 0, 1, 0, 0, 0, 0, 0, 0, 0, 0, 0, 0, 0, 0, 0, 0, 1, 0, 1, 0, 0, 0, 0, 1, 0, 0, 0, 0, 0, 0, 0, 1, 1, 0]"
L2_arctic_WAV/YDCK_arctic_a0134,"[24, 25, 31, 11, 16, 19, 6, 17, 4, 2, 32, 33, 5, 9, 1, 12, 38, 24, 1, 24, 41, 30, 17]","[24, 25, 31, 11, 16, 19, 6, 17, 4, 2, 32, 33, 5, 9, 1, 12, 38, 24, 1, 24, 41, 30, 36]","[0, 0, 0, 0, 0, 0, 0, 0, 0, 0, 0, 0, 0, 0, 0, 0, 0, 0, 0, 0, 0, 0, 1]"
L2_arctic_WAV/YDCK_arctic_a0136,"[2, 16, 14, 11, 36, 24, 6, 29, 5, 38, 33, 25, 39, 5, 33, 39, 1, 4, 25, 5, 38, 2, 17, 2, 30, 34, 2, 40, 12, 38, 28, 12, 23, 13, 2, 33, 25, 41, 30, 17, 12, 38, 19, 6, 18]","[2, 16, 14, 11, 36, 24, 6, 29, 5, 38, 33, 25, 39, 5, 33, 39, 1, 17, 25, 41, 38, 2, 17, 2, 30, 34, 2, 34, 12, 38, 28, 12, 23, 18, 37, 2, 33, 25, 41, 30, 17, 12, 38, 19, 6, 35]","[0, 0, 0, 0, 0, 0, 0, 0, 0, 0, 0, 0, 0, 0, 0, 0, 0, 1, 0, 1, 0, 0, 0, 0, 0, 0, 0, 1, 0, 0, 0, 0, 0, 1, 0, 0, 0, 0, 0, 0, 0, 0, 0, 0, 1]"
L2_arctic_WAV/YDCK_arctic_a0137,"[4, 5, 30, 24, 25, 34, 36, 5, 32, 36, 16, 41, 27, 39, 6, 4, 2, 28, 31, 11, 27, 33, 14, 6, 12, 38, 32, 28, 5, 13, 1]","[17, 5, 30, 24, 25, 34, 36, 41, 32, 36, 16, 41, 27, 39, 6, 17, 2, 28, 31, 11, 27, 33, 14, 6, 12, 38, 32, 28, 41, 13, 1]","[1, 0, 0, 0, 0, 0, 0, 1, 0, 0, 0, 0, 0, 0, 0, 1, 0, 0, 0, 0, 0, 0, 0, 0, 0, 0, 0, 0, 1, 0, 0]"
L2_arctic_WAV/YDCK_arctic_a0139,"[24, 25, 36, 31, 11, 28, 17, 24, 6, 29, 34, 5, 28, 22, 4, 41, 36, 41, 40, 24, 25, 39, 3, 9, 36, 24, 6, 29, 34, 5, 28, 22, 41, 30, 17, 23, 33, 37, 29, 17, 24, 6, 40, 17, 6, 9, 5, 38, 2, 28, 17, 27, 28, 31, 11, 4, 40]","[24, 25, 36, 31, 11, 28, 17, 24, 6, 29, 34, 5, 22, 17, 41, 36, 41, 34, 24, 25, 39, 3, 9, 36, 24, 6, 29, 34, 3, 28, 22, 41, 30, 17, 23, 28, 37, 29, 17, 24, 25, 34, 17, 6, 9, 5, 16, 2, 28, 17, 27, 28, 31, 11, 36, 34]","[0, 0, 0, 0, 0, 0, 0, 0, 0, 0, 0, 0, 1, 0, 1, 0, 0, 0, 1, 0, 0, 0, 0, 0, 0, 0, 0, 0, 0, 1, 0, 0, 0, 0, 0, 0, 1, 0, 0, 0, 0, 1, 1, 0, 0, 0, 0, 1, 0, 0, 0, 0, 0, 0, 0, 1, 1]"
L2_arctic_WAV/YDCK_arctic_a0143,"[3, 14, 6, 24, 41, 17, 22, 8, 33, 23, 3, 36, 2, 30, 24, 25, 6, 27, 34, 27, 28, 19, 6, 29, 17]","[3, 14, 6, 24, 41, 17, 22, 8, 23, 3, 36, 2, 30, 24, 25, 6, 27, 34, 27, 28, 19, 6, 29, 36]","[0, 0, 0, 0, 0, 0, 0, 0, 1, 0, 0, 0, 0, 0, 0, 0, 0, 0, 0, 0, 0, 0, 0, 0, 1]"
L2_arctic_WAV/YDCK_arctic_a0144,"[16, 12, 36, 4, 5, 33, 39, 2, 40, 34, 12, 29, 10, 6, 7, 25, 38, 6, 30, 29, 8, 33, 34, 36, 3, 33, 36, 28, 6, 7, 4, 2, 30, 4, 6, 34, 33, 25, 40, 5, 29, 16, 28, 2, 30, 34]","[16, 12, 36, 17, 5, 33, 39, 2, 34, 34, 12, 29, 10, 6, 7, 25, 16, 6, 30, 29, 8, 33, 34, 36, 3, 28, 6, 7, 17, 2, 30, 24, 6, 34, 33, 25, 40, 5, 29, 16, 28, 28, 2, 30, 34]","[0, 0, 0, 1, 0, 0, 0, 0, 1, 0, 0, 0, 0, 0, 0, 0, 1, 0, 0, 0, 0, 0, 0, 0, 0, 1, 1, 0, 0, 0, 1, 0, 0, 1, 0, 0, 0, 0, 0, 0, 0, 0, 0, 0, 0, 0]"
L2_arctic_WAV/YDCK_arctic_a0145,"[14, 6, 24, 41, 38, 36, 6, 16, 25, 27, 5, 33, 22, 2, 28, 12, 38, 4, 5, 29, 41, 40, 4, 19, 6, 36, 5, 33, 38, 5, 33, 25, 25, 40, 2, 28, 25]","[14, 6, 24, 41, 16, 36, 6, 16, 25, 27, 5, 22, 2, 28, 12, 38, 17, 41, 29, 41, 34, 17, 19, 6, 36, 6, 33, 38, 5, 33, 25, 25, 34, 2, 28, 25]","[0, 0, 0, 0, 1, 0, 0, 0, 0, 0, 0, 1, 0, 0, 0, 0, 0, 1, 1, 0, 0, 1, 1, 0, 0, 0, 1, 0, 0, 0, 0, 0, 0, 1, 0, 0, 0]"
L2_arctic_WAV/YDCK_arctic_a0148,"[30, 14, 11, 4, 25, 40, 10, 6, 7, 40, 24, 41, 17, 16, 6, 30, 34, 36, 33, 12, 27, 17, 5, 17, 39, 6, 4, 6, 30, 24, 6, 29]","[30, 14, 11, 17, 25, 40, 10, 6, 7, 34, 24, 41, 17, 16, 6, 30, 34, 36, 12, 27, 17, 41, 17, 39, 6, 17, 6, 30, 24, 25, 29]","[0, 0, 0, 1, 0, 0, 0, 0, 0, 1, 0, 0, 0, 0, 0, 0, 0, 0, 1, 0, 0, 0, 1, 0, 0, 0, 1, 0, 0, 0, 1, 0]"
L2_arctic_WAV/YDCK_arctic_a0168,"[2, 28, 31, 11, 16, 11, 9, 24, 39, 6, 32, 36, 24, 6, 29, 6, 30, 4, 2, 22, 19, 6, 34, 41, 30, 17, 28, 5, 22, 36, 30, 31, 11, 34, 36, 6, 7]","[2, 28, 31, 11, 16, 37, 9, 24, 39, 6, 32, 36, 24, 6, 29, 6, 30, 17, 2, 22, 19, 6, 34, 41, 30, 17, 28, 5, 22, 36, 30, 31, 11, 34, 36, 25, 7]","[0, 0, 0, 0, 0, 1, 0, 0, 0, 0, 0, 0, 0, 0, 0, 0, 0, 1, 0, 0, 0, 0, 0, 0, 0, 0, 0, 0, 0, 0, 0, 0, 0, 0, 0, 1, 0]"
L2_arctic_WAV/YDCK_arctic_a0178,"[5, 38, 33, 25, 16, 31, 11, 30, 6, 30, 24, 1, 19, 6, 18, 17, 16, 3, 17, 25, 34, 25, 29, 17, 16, 33, 31, 11, 27, 2, 30, 8, 33, 17, 6, 34, 28, 31, 11, 27, 19, 6, 36, 6, 17]","[5, 38, 33, 25, 16, 31, 11, 30, 6, 30, 24, 1, 19, 6, 18, 17, 16, 3, 17, 25, 34, 6, 29, 17, 16, 33, 31, 11, 27, 2, 30, 8, 33, 17, 6, 34, 28, 31, 11, 27, 19, 6, 36, 6, 17]","[0, 0, 0, 0, 0, 0, 0, 0, 0, 0, 0, 0, 0, 0, 0, 0, 0, 0, 0, 0, 0, 1, 0, 0, 0, 0, 0, 0, 0, 0, 0, 0, 0, 0, 0, 0, 0, 0, 0, 0, 0, 0, 0, 0, 0]"
L2_arctic_WAV/EBVS_arctic_a0003,"[22, 8, 33, 4, 2, 36, 39, 5, 30, 36, 25, 6, 10, 36, 14, 6, 29, 4, 41, 36, 25, 38, 30, 6, 7, 4, 2, 36, 37, 29, 5, 30, 9, 11, 27, 24, 41, 30, 40]","[22, 8, 33, 4, 2, 36, 39, 5, 30, 36, 25, 36, 14, 6, 29, 4, 41, 36, 25, 38, 6, 30, 6, 7, 4, 2, 36, 37, 29, 5, 30, 9, 11, 24, 24, 41, 30, 21]","[0, 0, 0, 0, 0, 0, 0, 0, 0, 0, 0, 1, 1, 0, 0, 0, 0, 0, 0, 0, 0, 0, 0, 0, 0, 0, 0, 0, 0, 0, 0, 0, 0, 0, 1, 0, 0, 0, 1]"
L2_arctic_WAV/EBVS_arctic_a0005,"[39, 6, 28, 39, 25, 5, 38, 1, 22, 8, 33, 23, 5, 36, 6, 36]","[39, 6, 28, 39, 25, 5, 38, 1, 22, 8, 33, 23, 5, 36, 6]","[0, 0, 0, 0, 0, 0, 0, 0, 0, 0, 0, 0, 0, 0, 0, 1]"
L2_arctic_WAV/EBVS_arctic_a0006,"[23, 3, 17, 16, 28, 5, 34, 14, 6, 24, 31, 11, 32, 14, 6, 28, 23, 31, 11, 8, 30, 34, 25, 6, 7, 4, 5, 29, 22, 1, 5, 38, 1]","[23, 12, 17, 16, 28, 5, 34, 5, 29, 14, 6, 24, 8, 14, 6, 28, 23, 31, 11, 8, 30, 34, 25, 6, 7, 4, 5, 30, 22, 1, 5, 38, 1]","[0, 1, 0, 0, 0, 0, 0, 0, 0, 0, 1, 1, 1, 0, 0, 0, 0, 0, 0, 0, 0, 0, 0, 0, 0, 0, 0, 1, 0, 0, 0, 0, 0]"
L2_arctic_WAV/EBVS_arctic_a0007,"[41, 30, 17, 26, 37, 8, 28, 39, 25, 40, 39, 3, 30, 36, 36, 2, 34, 25, 6, 36, 6, 30, 4, 2, 34, 11, 32, 1, 28, 2, 36, 6, 38, 17, 6, 23, 33, 25]","[41, 30, 17, 18, 37, 8, 28, 39, 25, 34, 39, 3, 30, 36, 2, 34, 25, 6, 36, 6, 30, 4, 2, 34, 11, 32, 1, 28, 41, 36, 6, 22, 17, 26, 11, 23, 33, 25]","[0, 0, 0, 1, 0, 0, 0, 0, 0, 1, 0, 0, 0, 1, 0, 0, 0, 0, 0, 0, 0, 0, 0, 0, 0, 0, 0, 0, 0, 1, 0, 0, 1, 0, 1, 0, 0, 0]"
L2_arctic_WAV/EBVS_arctic_a0008,"[23, 41, 17, 26, 11, 33, 28, 5, 36, 1, 27, 19, 6, 29, 18, 12, 34, 36, 6, 30, 36, 14, 6, 29]","[23, 3, 17, 26, 11, 33, 28, 5, 4, 1, 27, 12, 29, 26, 12, 34, 6, 30, 36, 14, 6, 29]","[0, 1, 0, 0, 0, 0, 0, 0, 1, 0, 0, 1, 1, 0, 1, 0, 0, 1, 0, 0, 0, 0, 0, 0]"
L2_arctic_WAV/EBVS_arctic_a0010,"[14, 6, 29, 32, 28, 19, 6, 6, 7, 2, 34, 6, 7, 23, 2, 28, 24, 41, 30, 17, 6, 30, 39, 12, 36, 28, 11, 27, 34, 28, 14, 6, 27, 2, 28, 37, 40, 6, 7, 23, 19, 6, 29]","[3, 29, 32, 28, 19, 6, 6, 7, 2, 34, 6, 7, 23, 2, 28, 24, 3, 30, 17, 6, 30, 39, 12, 36, 28, 11, 27, 34, 28, 14, 6, 27, 2, 28, 37, 34, 6, 7, 23, 19, 6, 29]","[1, 1, 0, 0, 0, 0, 0, 0, 0, 0, 0, 0, 0, 0, 0, 0, 0, 1, 0, 0, 0, 0, 0, 0, 0, 0, 0, 0, 0, 0, 0, 0, 0, 0, 0, 0, 1, 0, 0, 0, 0, 0, 0]"
L2_arctic_WAV/EBVS_arctic_a0011,"[6, 22, 14, 6, 5, 38, 1, 30, 25, 17, 6, 17, 2, 22, 14, 6, 36, 1, 6, 30, 29, 14, 6, 28, 14, 6, 22, 14, 6, 30, 25, 17, 39, 12, 30, 30, 14, 11]","[6, 22, 14, 6, 5, 38, 1, 30, 25, 17, 6, 17, 2, 22, 14, 6, 36, 1, 6, 29, 29, 14, 6, 28, 14, 6, 22, 14, 6, 30, 25, 17, 2, 17, 39, 12, 30, 30, 14, 11]","[0, 0, 0, 0, 0, 0, 0, 0, 0, 0, 0, 0, 0, 0, 0, 0, 0, 0, 0, 1, 0, 0, 0, 0, 0, 0, 0, 0, 0, 0, 0, 0, 0, 0, 0, 0, 0, 0]"
L2_arctic_WAV/EBVS_arctic_a0013,"[24, 25, 39, 12, 40, 2, 24, 5, 17, 9, 8, 33, 36, 1, 4, 41, 30, 24, 6, 40, 27, 2, 29, 32, 41, 30, 26, 2, 30, 12, 38, 8, 28, 29, 31, 11, 34, 36, 17, 5, 28, 2, 27, 2, 36, 22, 2, 40, 25, 27]","[24, 25, 39, 12, 10, 2, 24, 6, 36, 9, 8, 33, 36, 1, 4, 41, 30, 24, 6, 34, 27, 8, 29, 32, 41, 30, 26, 8, 8, 22, 8, 28, 29, 8, 34, 17, 5, 28, 2, 27, 19, 6, 36, 22, 6, 34, 6, 27]","[0, 0, 0, 0, 1, 0, 0, 1, 1, 0, 0, 0, 0, 0, 0, 0, 0, 0, 0, 1, 0, 1, 0, 0, 0, 0, 0, 1, 1, 1, 1, 0, 0, 0, 1, 1, 0, 1, 0, 0, 0, 0, 0, 1, 0, 0, 1, 1, 1, 0]"
L2_arctic_WAV/EBVS_arctic_a0018,"[4, 5, 33, 39, 12, 40, 2, 35, 19, 6, 30, 18, 30, 14, 11]","[4, 5, 33, 39, 12, 34, 2, 35, 5, 30, 30, 14, 11]","[0, 0, 0, 0, 0, 1, 0, 0, 1, 1, 0, 1, 0, 0, 0]"
L2_arctic_WAV/EBVS_arctic_a0019,"[14, 6, 22, 3, 28, 31, 11, 17, 4, 2, 28, 14, 6, 30, 12, 38, 4, 2, 32, 33, 2, 32, 31, 11, 40, 17, 33, 19, 6, 28, 33, 31, 11, 17, 28, 11, 27, 6, 7, 22, 8, 33, 35, 41, 30, 34, 2, 40]","[14, 6, 22, 8, 28, 31, 11, 17, 4, 2, 28, 14, 6, 30, 12, 22, 4, 2, 32, 33, 2, 32, 8, 34, 2, 17, 33, 19, 6, 33, 8, 17, 28, 11, 27, 6, 7, 22, 8, 33, 35, 41, 30, 34]","[0, 0, 0, 1, 0, 0, 0, 0, 0, 0, 0, 0, 0, 0, 0, 1, 0, 0, 0, 0, 0, 0, 1, 1, 1, 0, 0, 0, 0, 1, 0, 1, 1, 0, 0, 0, 0, 0, 0, 0, 0, 0, 0, 0, 0, 0, 1, 1]"
L2_arctic_WAV/EBVS_arctic_a0020,"[27, 28, 12, 16, 40, 2, 30, 17, 16, 8, 28, 40, 2, 30, 17, 34, 6, 36, 25, 40, 23, 33, 37, 36, 37, 16, 25, 31, 11, 30, 28, 25, 29, 5, 29, 1, 25, 40]","[27, 28, 12, 32, 34, 2, 30, 16, 8, 28, 34, 2, 29, 17, 34, 6, 36, 25, 34, 23, 33, 37, 36, 37, 16, 25, 8, 30, 28, 25, 29, 5, 29, 1, 25, 34]","[0, 0, 0, 1, 1, 0, 0, 1, 0, 0, 0, 1, 0, 1, 0, 0, 0, 0, 0, 1, 0, 0, 0, 0, 0, 0, 0, 1, 1, 0, 0, 0, 0, 0, 0, 0, 0, 1]"
L2_arctic_WAV/EBVS_arctic_a0021,"[6, 36, 22, 5, 33, 28, 25, 27, 28, 12, 16, 17, 29, 25, 6, 30, 36, 37, 33, 5, 27, 2, 23, 30, 14, 6, 40, 6, 7, 6, 36]","[6, 36, 22, 1, 33, 28, 25, 27, 28, 12, 16, 2, 17, 29, 25, 6, 30, 36, 37, 33, 5, 27, 2, 30, 14, 6, 34, 6, 36]","[0, 0, 0, 1, 0, 0, 0, 0, 0, 0, 0, 0, 0, 0, 0, 0, 0, 0, 0, 0, 0, 0, 1, 0, 0, 1, 1, 0, 1, 0, 0]"
L2_arctic_WAV/EBVS_arctic_a0022,"[24, 3, 33, 17, 28, 25, 39, 1, 14, 11, 33, 32, 28, 41, 30, 40, 29, 19, 6, 17, 32, 12, 16, 28, 6, 27, 16, 25, 22, 8, 33, 39, 25, 39, 1, 29, 5, 36, 16, 14, 6, 32, 14, 11, 1, 22, 2, 28, 3, 32, 2, 40, 6, 9, 2, 30]","[24, 3, 33, 28, 25, 39, 1, 14, 11, 33, 32, 28, 3, 30, 34, 29, 5, 17, 32, 12, 38, 28, 6, 27, 16, 25, 22, 8, 33, 39, 25, 39, 1, 29, 5, 36, 16, 14, 6, 32, 31, 11, 1, 22, 2, 28, 8, 32, 2, 34, 6, 9, 2, 30]","[0, 0, 0, 1, 0, 0, 0, 0, 0, 0, 0, 0, 0, 1, 0, 1, 0, 1, 1, 0, 0, 0, 1, 0, 0, 0, 0, 0, 0, 0, 0, 0, 0, 0, 0, 0, 0, 0, 0, 0, 0, 0, 1, 0, 0, 0, 0, 0, 1, 0, 0, 1, 0, 0, 0, 0]"
L2_arctic_WAV/EBVS_arctic_a0023,"[2, 27, 3, 29, 16, 2, 30, 19, 6, 9, 2, 30, 12, 38, 27, 41, 32, 6, 36, 2, 28, 27, 39, 6, 27, 28, 25, 8, 33, 23, 2, 30, 14, 6, 40, 17, 2, 30, 17, 32, 2, 36, 6, 9, 2, 30, 17, 22, 8, 33, 4, 2, 34, 19, 6, 29, 32, 33, 6, 38, 6, 28, 2, 18, 2, 40]","[2, 27, 8, 29, 16, 2, 30, 19, 6, 9, 2, 30, 12, 22, 27, 3, 32, 6, 36, 2, 28, 27, 39, 6, 27, 28, 25, 8, 33, 23, 2, 30, 14, 6, 34, 6, 17, 2, 29, 32, 2, 36, 6, 9, 2, 30, 2, 22, 8, 33, 4, 2, 34, 19, 6, 29, 32, 33, 6, 38, 6, 28, 2, 35, 2, 34]","[0, 0, 1, 0, 0, 0, 0, 0, 0, 0, 0, 0, 0, 1, 0, 1, 0, 0, 0, 0, 0, 0, 0, 0, 0, 0, 0, 0, 0, 0, 0, 0, 0, 0, 1, 0, 0, 1, 1, 0, 0, 0, 0, 0, 0, 0, 1, 0, 0, 0, 0, 0, 0, 0, 0, 0, 0, 0, 0, 0, 0, 0, 0, 1, 0, 1]"
L2_arctic_WAV/EBVS_arctic_a0024,"[6, 36, 39, 12, 40, 29, 14, 6, 33, 6, 32, 8, 33, 36, 34, 22, 33, 12, 29, 4, 2, 30, 8, 33, 10, 39, 6, 35, 35, 25, 22, 28, 25, 6, 30, 17, 37, 34, 36, 32, 25, 32, 2, 28, 36, 2, 16, 14, 6]","[6, 36, 39, 12, 34, 29, 14, 6, 33, 6, 32, 8, 33, 22, 33, 12, 30, 4, 2, 30, 8, 33, 36, 39, 6, 35, 35, 25, 22, 28, 25, 6, 30, 17, 26, 37, 34, 32, 25, 32, 2, 28, 36, 2, 38, 14, 6]","[0, 0, 0, 0, 1, 0, 0, 0, 0, 0, 0, 0, 0, 1, 1, 0, 0, 0, 1, 0, 0, 0, 0, 0, 1, 0, 0, 0, 0, 0, 0, 0, 0, 0, 0, 0, 0, 0, 1, 0, 0, 0, 0, 0, 0, 0, 1, 0, 0]"
L2_arctic_WAV/EBVS_arctic_a0025,"[14, 6, 39, 8, 40, 2, 16, 14, 11, 36, 36, 2, 17, 37, 4, 6, 34, 39, 5, 30, 27, 37, 28, 1, 18, 12, 18, 29, 2, 30, 36, 32, 33, 6, 38, 19, 6, 28, 17]","[14, 6, 39, 8, 34, 2, 38, 14, 11, 36, 2, 17, 37, 4, 6, 34, 39, 5, 30, 4, 2, 27, 37, 28, 1, 35, 12, 21, 29, 2, 30, 36, 32, 33, 6, 38, 14, 6, 28, 17]","[0, 0, 0, 0, 1, 0, 1, 0, 0, 1, 0, 0, 0, 0, 0, 0, 0, 0, 0, 0, 0, 0, 0, 0, 1, 0, 1, 0, 0, 0, 0, 0, 0, 0, 0, 1, 0, 0, 0]"
L2_arctic_WAV/EBVS_arctic_a0026,"[6, 36, 2, 27, 1, 17, 36, 2, 29, 25, 4, 41, 36, 4, 5, 33, 39, 11, 17, 24, 41, 38, 36, 2, 16, 25, 41, 30, 2, 27, 14, 11, 30, 36, 6, 7]","[6, 36, 2, 27, 37, 33, 36, 2, 29, 25, 17, 41, 17, 5, 33, 39, 6, 28, 24, 3, 22, 36, 2, 38, 25, 41, 30, 2, 27, 8, 30, 36, 6, 7]","[0, 0, 0, 0, 1, 1, 0, 0, 0, 0, 1, 0, 1, 1, 0, 0, 0, 1, 1, 0, 1, 1, 0, 0, 1, 0, 0, 0, 0, 0, 1, 1, 0, 0, 0, 0]"
L2_arctic_WAV/EBVS_arctic_a0027,"[36, 2, 29, 14, 6, 34, 1, 32, 33, 14, 6, 40, 24, 25, 16, 25, 23, 41, 30, 36, 2, 9, 31, 11, 41, 27, 9, 2, 28, 6, 30, 10, 37, 40, 25, 41, 40, 2, 29, 6, 30, 29, 14, 6, 22, 19, 6, 38, 1]","[36, 2, 29, 14, 6, 34, 1, 32, 33, 14, 6, 34, 24, 25, 16, 25, 23, 3, 30, 36, 2, 9, 8, 41, 27, 36, 11, 2, 28, 6, 30, 36, 37, 40, 26, 3, 30, 6, 30, 29, 14, 6, 22, 5, 38, 1]","[0, 0, 0, 0, 0, 0, 0, 0, 0, 0, 0, 1, 0, 0, 0, 0, 0, 1, 0, 0, 0, 0, 1, 1, 0, 0, 1, 0, 0, 0, 0, 1, 0, 0, 1, 1, 1, 1, 1, 0, 0, 0, 0, 0, 0, 1, 1, 0, 0]"
L2_arctic_WAV/EBVS_arctic_a0028,"[33, 3, 16, 1, 25, 16, 33, 14, 6, 16, 1, 25, 22, 33, 8, 17]","[33, 8, 16, 1, 25, 16, 33, 14, 6, 16, 1, 25, 22, 33, 14, 11, 17]","[0, 1, 0, 0, 0, 0, 0, 0, 0, 0, 0, 0, 0, 0, 1, 0]"
L2_arctic_WAV/EBVS_arctic_a0029,"[4, 5, 33, 22, 8, 33, 34, 6, 40, 39, 1, 8, 33, 5, 17, 25, 29, 37, 38, 6, 7, 6, 30, 36, 2, 4, 2, 30, 8, 33, 10, 27, 12, 30, 36, 33, 25]","[17, 5, 33, 22, 8, 33, 34, 6, 34, 39, 1, 8, 33, 5, 4, 25, 29, 37, 38, 6, 7, 6, 30, 36, 2, 4, 2, 30, 8, 33, 27, 8, 30, 36, 33, 25]","[1, 0, 0, 0, 0, 0, 0, 0, 1, 0, 0, 0, 0, 0, 1, 0, 0, 0, 0, 0, 0, 0, 0, 0, 0, 0, 0, 0, 0, 0, 1, 0, 1, 0, 0, 0, 0]"
L2_arctic_WAV/EBVS_arctic_a0030,"[14, 6, 24, 41, 17, 22, 19, 6, 10, 6, 30, 4, 5, 29]","[14, 6, 24, 41, 10, 22, 19, 6, 36, 30, 5, 29]","[0, 0, 0, 0, 1, 0, 0, 0, 1, 1, 0, 1, 0, 0]"
L2_arctic_WAV/EBVS_arctic_a0031,"[4, 19, 6, 39, 1, 10, 33, 25, 24, 12, 30, 17, 33, 2, 17, 26, 3, 33, 17, 40, 2, 32, 3, 33, 36]","[4, 19, 6, 39, 1, 36, 33, 25, 24, 12, 30, 17, 33, 2, 17, 26, 3, 33, 34, 2, 32, 3, 33, 36]","[0, 0, 0, 0, 0, 1, 0, 0, 0, 0, 0, 0, 0, 0, 0, 0, 0, 0, 1, 1, 0, 0, 0, 0, 0]"
L2_arctic_WAV/EBVS_arctic_a0032,"[34, 6, 30, 34, 4, 5, 30, 34, 12, 29, 29, 6, 34, 36, 6, 33, 25, 2, 34, 22, 8, 33, 34, 24, 41, 40, 16, 6, 30, 22, 14, 6, 36, 6, 7, 12, 34, 41, 36, 5, 38, 33, 25, 34, 36, 5, 32]","[34, 5, 40, 17, 5, 30, 34, 12, 29, 29, 6, 34, 36, 6, 33, 25, 2, 34, 22, 8, 33, 34, 24, 41, 40, 38, 6, 30, 22, 14, 6, 36, 6, 7, 12, 34, 41, 36, 5, 38, 33, 25, 34, 36, 5, 32]","[0, 1, 1, 1, 1, 0, 0, 0, 0, 0, 0, 0, 0, 0, 0, 0, 0, 0, 0, 0, 0, 0, 0, 0, 0, 0, 1, 0, 0, 0, 0, 0, 0, 0, 0, 0, 0, 0, 0, 0, 0, 0, 0, 0, 0, 0, 0]"
L2_arctic_WAV/EBVS_arctic_a0036,"[9, 25, 36, 1, 30, 17, 6, 30, 41, 36, 4, 25, 24, 31, 11, 36, 5, 28]","[9, 25, 36, 1, 30, 5, 17, 6, 30, 12, 24, 31, 11, 36, 5, 28]","[0, 0, 0, 0, 0, 0, 0, 0, 1, 1, 1, 1, 0, 0, 0, 0, 0, 0]"
L2_arctic_WAV/EBVS_arctic_a0037,"[14, 6, 39, 3, 40, 4, 25, 31, 11, 30, 28, 25, 39, 12, 30, 24, 37, 33, 6, 29, 19, 6, 30, 17, 34, 6, 36, 6, 7]","[14, 6, 39, 3, 40, 4, 25, 8, 30, 28, 25, 39, 12, 30, 24, 37, 33, 6, 29, 14, 6, 30, 34, 6, 36, 6, 7]","[0, 0, 0, 0, 0, 0, 0, 1, 1, 0, 0, 0, 0, 0, 0, 0, 0, 0, 0, 0, 1, 0, 0, 1, 0, 0, 0, 0, 0]"
L2_arctic_WAV/EBVS_arctic_a0038,"[39, 6, 28, 24, 41, 38, 36, 2, 39, 3, 35, 14, 11, 1, 35, 41, 30, 34, 2, 40]","[39, 6, 28, 24, 41, 22, 36, 2, 39, 3, 35, 14, 11, 1, 35, 41, 30, 34, 2, 34]","[0, 0, 0, 0, 0, 1, 0, 0, 0, 0, 0, 0, 0, 0, 0, 0, 0, 0, 0, 1]"
L2_arctic_WAV/EBVS_arctic_a0039,"[4, 2, 9, 6, 32, 9, 11, 17, 16, 25, 6, 30, 39, 6, 4, 6, 30, 2, 39, 25, 27, 1, 36, 5, 30, 17, 19, 6, 40]","[4, 2, 9, 6, 32, 35, 11, 17, 38, 25, 6, 30, 39, 6, 4, 6, 30, 2, 39, 25, 27, 1, 36, 5, 30, 17, 19, 6, 34]","[0, 0, 0, 0, 0, 1, 0, 0, 1, 0, 0, 0, 0, 0, 0, 0, 0, 0, 0, 0, 0, 0, 0, 0, 0, 0, 0, 0, 1]"
L2_arctic_WAV/EBVS_arctic_a0040,"[14, 6, 34, 2, 32, 31, 11, 40, 26, 37, 39, 12, 30, 17, 1, 39, 14, 6, 9, 25, 6, 40, 27, 12, 29, 6, 7, 12, 32, 24, 25, 33]","[14, 6, 34, 2, 32, 8, 34, 26, 37, 39, 8, 30, 17, 1, 39, 14, 6, 9, 25, 6, 34, 27, 12, 29, 6, 7, 12, 32, 24, 25, 33]","[0, 0, 0, 0, 0, 1, 1, 1, 0, 0, 0, 1, 0, 0, 0, 0, 0, 0, 0, 0, 0, 1, 0, 0, 0, 0, 0, 0, 0, 0, 0, 0]"
L2_arctic_WAV/EBVS_arctic_a0041,"[29, 25, 30, 39, 14, 6, 28, 14, 6, 28, 23, 31, 11, 14, 11, 36, 36, 2, 16, 33, 25, 4, 2, 34, 32, 5, 28]","[29, 25, 30, 23, 39, 14, 6, 28, 14, 6, 28, 23, 8, 14, 11, 36, 36, 11, 16, 33, 25, 4, 2, 34, 32, 2, 28]","[0, 0, 0, 0, 0, 0, 0, 0, 0, 0, 0, 1, 1, 0, 0, 0, 0, 1, 0, 0, 0, 0, 0, 0, 0, 1, 0]"
L2_arctic_WAV/EBVS_arctic_a0042,"[24, 14, 11, 27, 11, 17, 24, 25, 6, 27, 34, 32, 28, 19, 6, 30, 24, 6, 40, 32, 2, 40, 5, 9, 2, 30, 12, 38, 4, 2, 34, 27, 5, 35]","[24, 14, 11, 27, 11, 21, 24, 25, 6, 34, 32, 28, 19, 6, 30, 24, 6, 34, 32, 2, 34, 6, 9, 2, 30, 12, 38, 4, 2, 34, 27, 5, 35]","[0, 0, 0, 0, 0, 1, 0, 0, 0, 1, 0, 0, 0, 0, 0, 0, 0, 0, 1, 0, 0, 1, 1, 0, 0, 0, 0, 0, 0, 0, 0, 0, 0, 0]"
L2_arctic_WAV/EBVS_arctic_a0045,"[24, 25, 29, 37, 38, 17, 2, 39, 19, 6, 41, 40, 27, 39, 6, 27, 28, 25, 41, 40, 24, 25, 24, 41, 17, 27, 12, 29]","[24, 25, 29, 37, 38, 5, 17, 2, 24, 39, 19, 6, 41, 34, 27, 39, 6, 27, 28, 25, 41, 34, 24, 25, 24, 41, 17, 27, 12, 29]","[0, 0, 0, 0, 0, 0, 0, 0, 0, 0, 0, 1, 0, 0, 0, 0, 0, 0, 0, 1, 0, 0, 0, 0, 0, 0, 0, 0]"
L2_arctic_WAV/EBVS_arctic_a0046,"[4, 25, 23, 1, 28, 22, 19, 6, 34, 36, 24, 6, 29, 24, 1, 14, 6, 40, 9, 14, 6, 30, 6, 7, 39, 6, 4, 34, 12, 17, 2, 30, 22, 6, 33]","[4, 5, 21, 1, 22, 19, 6, 34, 2, 36, 27, 6, 29, 24, 1, 14, 6, 34, 9, 14, 6, 30, 6, 7, 39, 6, 36, 34, 11, 17, 2, 30, 22, 6, 33]","[0, 1, 1, 0, 1, 0, 0, 0, 0, 0, 1, 0, 0, 0, 0, 0, 0, 1, 0, 0, 0, 0, 0, 0, 0, 0, 1, 0, 1, 0, 0, 0, 0, 0, 0]"
L2_arctic_WAV/EBVS_arctic_a0047,"[27, 28, 31, 11, 34, 16, 25, 34, 14, 6, 17, 24, 6, 29, 23, 28, 25, 29, 17, 4, 25, 39, 14, 6, 36, 22, 41, 7, 40, 12, 38, 4, 25, 39, 11, 28, 22, 17, 8, 23]","[27, 28, 8, 34, 16, 25, 34, 14, 6, 17, 24, 6, 29, 23, 28, 25, 29, 5, 17, 4, 5, 39, 14, 6, 36, 22, 41, 7, 10, 12, 38, 4, 5, 39, 11, 28, 22, 17, 8, 24]","[0, 0, 1, 1, 0, 0, 0, 0, 0, 0, 0, 0, 0, 0, 0, 0, 0, 0, 0, 0, 1, 0, 0, 0, 0, 0, 0, 0, 1, 0, 0, 0, 1, 0, 0, 0, 0, 0, 0, 1]"
L2_arctic_WAV/EBVS_arctic_a0048,"[24, 25, 28, 11, 27, 36, 41, 36, 4, 2, 24, 41, 7, 27, 1, 35, 6, 22, 29, 8, 33, 27, 28, 31, 11, 34, 28, 25]","[24, 25, 28, 11, 27, 41, 36, 4, 2, 30, 5, 24, 3, 7, 27, 1, 35, 6, 22, 29, 8, 33, 27, 28, 8, 34, 28, 25]","[0, 0, 0, 0, 0, 1, 0, 0, 0, 0, 0, 1, 0, 0, 0, 0, 0, 0, 0, 0, 0, 0, 0, 1, 1, 0, 0, 0]"
L2_arctic_WAV/EBVS_arctic_a0051,"[4, 2, 28, 19, 6, 34, 39, 8, 40, 12, 38, 2, 17, 5, 28, 2, 27, 2, 36, 14, 6, 38, 1, 25, 27, 8, 28, 1, 22, 19, 6, 30, 36, 28, 25, 36, 6, 30, 36, 6, 17, 39, 6, 10, 26, 5, 28, 31, 11]","[4, 2, 28, 19, 6, 39, 8, 34, 8, 22, 2, 17, 5, 28, 2, 27, 19, 6, 36, 14, 6, 38, 1, 27, 8, 28, 1, 22, 19, 6, 30, 36, 28, 25, 36, 6, 30, 36, 6, 39, 6, 10, 26, 5, 28, 8]","[0, 0, 0, 0, 0, 1, 0, 0, 1, 1, 1, 0, 0, 0, 0, 0, 0, 1, 0, 0, 0, 0, 0, 1, 0, 0, 0, 0, 0, 0, 0, 0, 0, 0, 0, 0, 0, 0, 0, 0, 1, 0, 0, 0, 0, 0, 0, 1, 1]"
L2_arctic_WAV/EBVS_arctic_a0052,"[6, 36, 39, 12, 40, 2, 27, 26, 11, 33, 25, 2, 34, 27, 31, 11, 6, 30, 34, 6, 17, 2, 30, 34]","[6, 4, 39, 12, 34, 2, 27, 26, 11, 33, 2, 34, 27, 8, 30, 34, 6, 17, 2, 30]","[0, 1, 0, 0, 1, 0, 0, 0, 0, 0, 1, 0, 0, 0, 1, 1, 1, 0, 0, 0, 0, 0, 0, 1]"
L2_arctic_WAV/EBVS_arctic_a0053,"[34, 12, 17, 2, 30, 28, 25, 24, 6, 40, 22, 6, 7, 23, 1, 40, 27, 28, 31, 11, 40, 17, 36, 14, 6, 36, 28, 25, 31, 11, 38, 1, 4, 2, 24, 41, 7, 27, 1, 35, 6, 22]","[34, 12, 4, 2, 30, 28, 25, 24, 6, 34, 22, 6, 7, 23, 1, 34, 27, 28, 8, 34, 1, 36, 14, 6, 36, 28, 25, 31, 11, 38, 1, 4, 2, 24, 3, 7, 27, 1, 35, 6, 22]","[0, 0, 1, 0, 0, 0, 0, 0, 0, 1, 0, 0, 0, 0, 0, 1, 0, 0, 1, 1, 1, 1, 0, 0, 0, 0, 0, 0, 0, 0, 0, 0, 0, 0, 0, 1, 0, 0, 0, 0, 0, 0]"
L2_arctic_WAV/EBVS_arctic_a0054,"[4, 5, 33, 39, 8, 40, 30, 12, 10, 6, 7, 8, 30, 4, 2, 33, 3, 27]","[4, 5, 33, 39, 8, 30, 12, 10, 6, 7, 8, 30, 4, 2, 33, 8, 27]","[0, 0, 0, 0, 0, 1, 0, 0, 0, 0, 0, 0, 0, 0, 0, 0, 1, 0]"
L2_arctic_WAV/EBVS_arctic_a0058,"[14, 6, 27, 19, 6, 29, 22, 8, 33, 6, 30, 22, 1, 29, 19, 6, 9, 2, 30, 29, 8, 33, 14, 11, 36, 12, 38, 27, 26, 11, 33, 25, 3, 34, 2, 36, 25, 4, 41, 30, 5, 30, 25, 10, 6, 7, 5, 28, 34]","[14, 6, 27, 19, 6, 29, 22, 8, 33, 6, 30, 22, 1, 29, 19, 6, 9, 2, 30, 29, 8, 33, 14, 11, 36, 12, 22, 27, 11, 33, 25, 3, 34, 2, 36, 25, 4, 41, 30, 5, 30, 25, 10, 6, 7, 5, 28, 10]","[0, 0, 0, 0, 0, 0, 0, 0, 0, 0, 0, 0, 0, 0, 0, 0, 0, 0, 0, 0, 0, 0, 0, 0, 0, 0, 1, 0, 1, 0, 0, 0, 0, 0, 0, 0, 0, 0, 0, 0, 0, 0, 0, 0, 0, 0, 0, 0, 1]"
L2_arctic_WAV/EBVS_arctic_a0059,"[24, 6, 40, 6, 29, 41, 27, 26, 37, 28, 6, 36, 2, 32, 6, 33, 2, 30, 34, 39, 12, 40, 23, 8, 30]","[24, 6, 34, 25, 29, 12, 27, 26, 11, 28, 19, 6, 36, 3, 32, 33, 6, 2, 30, 34, 39, 12, 34, 23, 8, 30]","[0, 0, 1, 1, 0, 1, 0, 0, 1, 0, 0, 0, 1, 0, 1, 1, 0, 0, 0, 0, 0, 1, 0, 0, 0]"
L2_arctic_WAV/EBVS_arctic_a0060,"[5, 30, 25, 39, 19, 6, 30, 31, 11, 39, 12, 30, 34, 8, 24, 1, 28, 14, 6, 27, 4, 41, 36]","[5, 30, 25, 39, 19, 6, 30, 8, 39, 12, 30, 34, 31, 11, 24, 1, 28, 14, 6, 4, 41, 36]","[0, 0, 0, 0, 0, 0, 0, 1, 1, 0, 0, 0, 0, 1, 0, 0, 0, 0, 0, 1, 0, 0, 0]"
L2_arctic_WAV/EBVS_arctic_a0062,"[4, 2, 29, 5, 30, 34, 36, 5, 33, 17, 6, 30, 36, 37, 25, 35, 12, 4, 1, 40, 22, 19, 6, 34]","[17, 2, 29, 5, 30, 34, 36, 5, 33, 5, 17, 6, 30, 36, 37, 25, 35, 8, 4, 1, 34, 22, 19, 6, 34]","[1, 0, 0, 0, 0, 0, 0, 0, 0, 0, 0, 0, 0, 0, 0, 0, 1, 0, 0, 1, 0, 0, 0, 0]"
L2_arctic_WAV/EBVS_arctic_a0063,"[26, 5, 34, 6, 36, 39, 12, 40, 2, 29, 41, 30, 24, 37, 41, 34, 27, 36, 2, 34, 36, 33, 19, 6, 30, 18, 1]","[18, 5, 34, 6, 39, 12, 34, 2, 29, 41, 30, 24, 37, 41, 34, 27, 2, 36, 2, 34, 36, 33, 5, 30, 26, 1]","[1, 0, 0, 0, 1, 0, 0, 1, 0, 0, 0, 0, 0, 0, 0, 0, 0, 0, 0, 0, 0, 0, 1, 1, 0, 1, 0]"
L2_arctic_WAV/EBVS_arctic_a0064,"[4, 2, 22, 8, 33, 10, 2, 30, 17, 22, 6, 22, 10, 17, 19, 6, 40, 32, 41, 34, 36, 39, 6, 4, 14, 11, 36, 5, 30, 25, 17, 6, 38, 5, 28, 2, 32, 29, 2, 30, 36, 34]","[4, 2, 22, 8, 33, 36, 2, 30, 22, 6, 22, 36, 17, 19, 6, 34, 32, 41, 34, 2, 17, 39, 6, 17, 14, 11, 36, 5, 30, 25, 17, 6, 38, 5, 28, 2, 29, 2, 30, 34]","[0, 0, 0, 0, 0, 1, 0, 0, 1, 0, 0, 0, 1, 0, 0, 0, 1, 0, 0, 0, 1, 0, 0, 1, 0, 0, 0, 0, 0, 0, 0, 0, 0, 0, 0, 0, 1, 0, 0, 0, 1, 0]"
L2_arctic_WAV/EBVS_arctic_a0065,"[4, 19, 6, 27, 28, 31, 11, 40, 17, 30, 14, 11, 2, 30, 36, 6, 28, 24, 6, 40, 22, 6, 7, 23, 1, 40, 39, 1, 28, 14, 6, 27, 27, 8, 33, 17, 40, 12, 38, 34, 36, 25, 28]","[4, 19, 6, 27, 28, 31, 11, 34, 2, 30, 14, 11, 2, 30, 36, 6, 28, 24, 6, 34, 22, 6, 7, 23, 1, 34, 39, 1, 28, 14, 6, 27, 8, 33, 34, 12, 22, 34, 36, 6, 28]","[0, 0, 0, 0, 0, 0, 0, 1, 1, 0, 0, 0, 0, 0, 0, 0, 0, 0, 0, 1, 0, 0, 0, 0, 0, 1, 0, 0, 0, 0, 0, 1, 0, 0, 0, 1, 1, 0, 1, 0, 0, 1, 0]"
L2_arctic_WAV/EBVS_arctic_a0067,"[9, 11, 33, 28, 25, 14, 6, 39, 6, 28, 6, 27, 34, 27, 26, 37, 40, 26, 37, 9, 25, 27, 33, 14, 6, 17]","[34, 11, 33, 28, 25, 14, 6, 39, 6, 28, 6, 34, 27, 26, 37, 40, 26, 37, 9, 25, 27, 33, 14, 6]","[1, 0, 0, 0, 0, 0, 0, 0, 0, 0, 0, 1, 0, 0, 0, 0, 0, 0, 0, 0, 0, 0, 0, 0, 0, 1]"
L2_arctic_WAV/EBVS_arctic_a0071,"[39, 12, 36, 39, 3, 40, 4, 2, 3, 16, 18, 5, 27, 36, 12, 38, 26, 8, 33, 28, 6, 36, 2, 28, 34, 5, 30, 34, 19, 6, 9, 2, 30]","[39, 12, 34, 39, 3, 34, 4, 2, 8, 16, 18, 5, 27, 12, 38, 26, 8, 33, 28, 6, 36, 2, 28, 34, 5, 30, 34, 19, 6, 9, 2]","[0, 0, 1, 0, 0, 1, 0, 0, 1, 0, 0, 0, 0, 1, 0, 0, 0, 0, 0, 0, 0, 0, 0, 0, 0, 0, 0, 0, 0, 0, 0, 0, 1]"
L2_arctic_WAV/EBVS_arctic_a0073,"[4, 2, 32, 33, 2, 29, 31, 11, 36, 1, 40, 14, 6, 40, 39, 1, 24, 5, 38, 25, 39, 6, 4, 28, 6, 36, 2, 28, 32, 12, 22, 25, 16, 41, 23, 40, 12, 30, 17, 1, 4, 5, 29]","[4, 2, 32, 33, 2, 29, 8, 36, 1, 34, 14, 6, 34, 39, 1, 24, 5, 38, 25, 39, 6, 36, 28, 6, 4, 2, 28, 32, 12, 22, 25, 16, 3, 27, 34, 12, 30, 17, 1, 4, 5, 29]","[0, 0, 0, 0, 0, 0, 1, 1, 0, 0, 1, 0, 0, 1, 0, 0, 0, 0, 0, 0, 0, 0, 1, 0, 0, 1, 0, 0, 0, 0, 0, 0, 0, 1, 1, 1, 0, 0, 0, 0, 0, 0, 0]"
L2_arctic_WAV/EBVS_arctic_a0075,"[4, 5, 33, 24, 41, 40, 16, 6, 30, 2, 35, 19, 6, 30, 18, 9, 25, 6, 30, 36, 1, 12, 32, 36, 6, 17, 24, 6, 29]","[17, 5, 33, 24, 41, 40, 16, 6, 30, 2, 35, 19, 6, 30, 18, 9, 25, 6, 30, 36, 1, 12, 32, 36, 6, 24, 6, 29]","[1, 0, 0, 0, 0, 0, 0, 0, 0, 0, 0, 0, 0, 0, 0, 0, 0, 0, 0, 0, 0, 0, 0, 0, 0, 1, 0, 0, 0]"
L2_arctic_WAV/EBVS_arctic_a0076,"[4, 2, 23, 33, 19, 6, 14, 6, 40, 22, 3, 28, 36, 1, 17, 4, 2, 22, 28, 12, 9, 17, 25, 32, 2, 30, 17]","[17, 2, 23, 33, 19, 6, 19, 6, 34, 22, 3, 28, 36, 1, 17, 4, 2, 22, 28, 12, 9, 17, 25, 32, 2, 30]","[1, 0, 0, 0, 0, 0, 1, 0, 1, 0, 0, 0, 0, 0, 0, 0, 0, 0, 0, 0, 0, 0, 0, 0, 0, 0, 1]"
L2_arctic_WAV/EBVS_arctic_a0077,"[6, 36, 6, 40, 4, 2, 22, 14, 6, 1, 32, 3, 33, 36, 28, 25, 9, 25, 34, 5, 17]","[6, 36, 6, 40, 4, 2, 22, 14, 6, 1, 32, 3, 33, 36, 28, 25, 9, 25, 34, 5]","[0, 0, 0, 0, 0, 0, 0, 0, 0, 0, 0, 0, 0, 0, 0, 0, 0, 0, 0, 0, 1]"
L2_arctic_WAV/EBVS_arctic_a0078,"[4, 5, 30, 2, 30, 17, 41, 36, 34, 12, 32, 1, 24, 25, 36, 33, 14, 6, 17, 36, 2, 22, 41, 4, 2, 29, 24, 1]","[17, 5, 30, 41, 36, 2, 34, 37, 16, 1, 24, 25, 36, 33, 14, 6, 17, 36, 2, 22, 3, 17, 2, 29, 21, 1]","[1, 0, 1, 1, 0, 1, 0, 0, 0, 1, 1, 0, 0, 0, 0, 0, 0, 0, 0, 0, 0, 0, 1, 1, 0, 0, 1, 0]"
L2_arctic_WAV/EBVS_arctic_a0079,"[6, 36, 39, 12, 40, 2, 28, 3, 33, 18, 27, 2, 30, 37]","[6, 36, 39, 12, 34, 2, 28, 3, 33, 35, 27, 2, 30, 37]","[0, 0, 0, 0, 1, 0, 0, 0, 0, 1, 0, 0, 0, 0]"
L2_arctic_WAV/EBVS_arctic_a0081,"[24, 39, 12, 36, 6, 22, 9, 25, 17, 6, 17, 30, 3, 36, 27, 12, 29, 36, 2, 4, 2, 33, 3, 27]","[24, 39, 12, 36, 25, 22, 9, 25, 17, 25, 17, 30, 3, 36, 27, 12, 29, 36, 2, 4, 2, 33, 3, 27]","[0, 0, 0, 0, 1, 0, 0, 0, 0, 1, 0, 0, 0, 0, 0, 0, 0, 0, 0, 0, 0, 0, 0, 0]"
L2_arctic_WAV/EBVS_arctic_a0082,"[24, 6, 40, 22, 19, 6, 34, 39, 12, 40, 34, 36, 33, 25, 29, 6, 7, 39, 6, 10, 16, 28, 12, 17]","[24, 6, 34, 22, 19, 6, 34, 39, 12, 34, 5, 34, 36, 33, 19, 6, 29, 6, 7, 39, 6, 36, 16, 28, 31, 11, 17]","[0, 0, 1, 0, 0, 0, 0, 0, 0, 1, 0, 0, 0, 1, 0, 0, 0, 0, 0, 1, 0, 0, 1, 0]"
L2_arctic_WAV/EBVS_arctic_a0085,"[2, 36, 33, 6, 27, 2, 28, 12, 38, 22, 33, 5, 9, 16, 28, 12, 17, 33, 41, 30, 31, 11, 38, 1, 24, 6, 40, 22, 19, 6, 34]","[2, 36, 33, 6, 21, 28, 25, 2, 8, 22, 22, 33, 5, 9, 16, 28, 37, 17, 33, 3, 7, 31, 11, 38, 1, 21, 25, 34, 22, 19, 6, 34]","[0, 0, 0, 0, 1, 1, 1, 1, 1, 0, 0, 0, 0, 0, 0, 1, 0, 0, 1, 1, 0, 0, 0, 0, 1, 1, 1, 0, 0, 0, 0]"
L2_arctic_WAV/EBVS_arctic_a0086,"[17, 5, 10, 24, 41, 17, 27, 12, 29, 39, 6, 10, 36, 5, 33, 2, 16, 2, 28, 34, 12, 17, 2, 30, 30, 2, 34]","[17, 5, 36, 21, 3, 17, 27, 3, 29, 39, 6, 36, 36, 5, 33, 2, 16, 2, 28, 34, 3, 17, 2, 30, 30, 2, 34]","[0, 0, 1, 1, 1, 0, 0, 1, 0, 0, 0, 1, 0, 0, 0, 0, 0, 0, 0, 0, 1, 0, 0, 0, 0, 0, 0]"
L2_arctic_WAV/EBVS_arctic_a0088,"[24, 25, 29, 19, 6, 17, 9, 11, 33, 4, 41, 36, 4, 2, 29, 41, 23, 2, 40, 25, 30, 39, 12, 40, 28, 31, 11, 17, 2, 17, 2, 30, 17, 33, 6, 40, 37, 29, 17, 24, 6, 40, 32, 41, 17, 28, 6, 7]","[21, 25, 29, 19, 6, 17, 9, 11, 33, 4, 3, 36, 4, 2, 29, 3, 23, 2, 34, 25, 30, 39, 12, 34, 28, 31, 11, 17, 2, 30, 17, 33, 6, 34, 37, 29, 24, 25, 34, 32, 41, 17, 28, 25, 7]","[1, 0, 0, 0, 0, 0, 0, 0, 0, 0, 1, 0, 0, 0, 0, 1, 0, 0, 1, 0, 0, 0, 0, 1, 0, 0, 0, 1, 1, 0, 0, 0, 0, 0, 0, 1, 0, 0, 1, 0, 1, 1, 0, 0, 0, 0, 1, 0]"
L2_arctic_WAV/EBVS_arctic_a0089,"[4, 2, 30, 14, 6, 36, 23, 28, 31, 11, 39, 8, 40, 36, 33, 5, 35, 1, 2, 34, 36, 2, 9, 37, 36, 16, 14, 6]","[17, 2, 30, 14, 6, 36, 28, 31, 11, 39, 8, 34, 36, 33, 19, 6, 35, 1, 2, 34, 36, 2, 9, 8, 36, 16, 14, 6]","[1, 0, 0, 0, 0, 0, 1, 0, 0, 0, 0, 0, 1, 0, 0, 1, 0, 0, 0, 0, 0, 0, 0, 1, 0, 0, 0, 0]"
L2_arctic_WAV/EBVS_arctic_a0090,"[4, 2, 34, 6, 7, 6, 7, 38, 8, 6, 34, 2, 32, 33, 31, 11, 35, 36, 33, 41, 32, 2, 17, 28, 25]","[17, 5, 34, 25, 7, 25, 7, 16, 8, 6, 34, 2, 32, 33, 31, 11, 9, 36, 33, 3, 32, 2, 28, 25]","[1, 1, 0, 1, 0, 1, 0, 1, 0, 0, 0, 0, 0, 0, 0, 0, 1, 0, 0, 1, 0, 0, 1, 0, 0]"
L2_arctic_WAV/EBVS_arctic_a0091,"[24, 6, 40, 16, 28, 12, 17, 23, 33, 37, 24, 3, 36, 39, 6, 10, 33, 19, 6, 18, 41, 36, 4, 2, 10, 8, 36]","[24, 25, 40, 16, 28, 8, 17, 23, 33, 37, 24, 3, 36, 39, 25, 10, 33, 19, 6, 35, 3, 36, 4, 2, 36, 8, 36]","[0, 1, 0, 0, 0, 1, 0, 0, 0, 0, 0, 0, 0, 0, 1, 0, 0, 0, 0, 1, 1, 0, 0, 0, 1, 0, 0]"
L2_arctic_WAV/EBVS_arctic_a0092,"[24, 25, 39, 5, 30, 36, 17, 14, 11, 30, 6, 30, 29, 6, 17, 34, 36, 33, 25, 29, 34, 1, 35, 6, 7, 4, 2, 9, 41, 17, 31, 11, 40, 12, 38, 16, 31, 11, 10, 9, 8, 33, 40]","[24, 25, 39, 5, 30, 36, 17, 14, 11, 30, 36, 25, 30, 29, 25, 17, 34, 36, 33, 25, 29, 34, 1, 21, 35, 25, 7, 17, 2, 9, 41, 4, 31, 11, 34, 8, 22, 16, 31, 11, 34, 9, 14, 11, 33, 34]","[0, 0, 0, 0, 0, 0, 0, 0, 0, 0, 1, 0, 0, 1, 0, 0, 0, 0, 0, 0, 0, 0, 0, 1, 0, 1, 0, 0, 0, 1, 0, 0, 1, 1, 1, 0, 0, 0, 1, 0, 1, 0, 1]"
L2_arctic_WAV/EBVS_arctic_a0093,"[22, 8, 33, 2, 22, 11, 28, 29, 6, 30, 2, 36, 24, 25, 27, 33, 14, 11, 35, 36, 2, 30, 17, 28, 6, 34, 2, 30, 17]","[22, 8, 33, 2, 22, 11, 28, 29, 6, 30, 37, 36, 24, 25, 27, 33, 14, 11, 35, 2, 30, 17, 28, 25, 34, 2, 30, 2, 17]","[0, 0, 0, 0, 0, 0, 0, 0, 0, 0, 1, 0, 0, 0, 0, 0, 0, 0, 0, 1, 0, 0, 0, 0, 1, 0, 0, 0, 0]"
L2_arctic_WAV/EBVS_arctic_a0094,"[24, 25, 24, 41, 17, 16, 5, 33, 28, 25, 5, 30, 36, 1, 17, 4, 6, 34, 39, 5, 30, 24, 25, 34, 8, 24, 25, 4, 2, 23, 28, 31, 11, 4, 2, 23, 28, 31, 11, 12, 38, 2, 22, 14, 6, 33]","[24, 25, 24, 3, 17, 16, 3, 33, 28, 25, 5, 30, 36, 1, 28, 25, 39, 5, 7, 24, 25, 34, 8, 24, 25, 4, 2, 16, 28, 31, 11, 4, 2, 23, 28, 31, 11, 8, 22, 2, 22, 14, 6, 33]","[0, 0, 0, 1, 0, 0, 1, 0, 0, 0, 0, 0, 0, 0, 1, 1, 1, 1, 0, 0, 1, 0, 0, 0, 0, 0, 0, 0, 0, 1, 0, 0, 0, 0, 0, 0, 0, 0, 0, 1, 1, 0, 0, 0, 0, 0]"
L2_arctic_WAV/EBVS_arctic_a0095,"[2, 16, 6, 23, 27, 41, 30, 38, 2, 34, 36, 5, 30, 36, 39, 8, 40, 4, 2, 22, 1, 34, 36, 10, 6, 7, 36, 2, 27, 12, 29, 39, 6, 10, 6, 30, 24, 6, 40, 38, 6, 13, 2, 30]","[2, 16, 25, 21, 27, 3, 30, 38, 3, 34, 36, 5, 30, 36, 39, 8, 4, 5, 22, 25, 2, 34, 36, 36, 25, 7, 36, 2, 27, 3, 29, 39, 25, 36, 25, 30, 24, 25, 34, 38, 25, 9, 2, 30]","[0, 0, 1, 1, 0, 1, 0, 0, 1, 0, 0, 0, 0, 0, 0, 0, 1, 0, 1, 0, 1, 0, 0, 1, 1, 0, 0, 0, 0, 1, 0, 0, 1, 1, 1, 0, 0, 1, 1, 0, 1, 1, 0, 0]"
L2_arctic_WAV/EBVS_arctic_a0096,"[32, 1, 33, 24, 41, 32, 34, 9, 25, 24, 41, 17, 8, 33, 5, 17, 25, 29, 5, 36, 24, 1, 22, 19, 6, 36, 2, 28, 6, 36, 2, 28, 17, 25, 32, 1, 6, 30, 4, 2, 22, 8, 33, 2, 34, 36]","[32, 5, 21, 24, 3, 32, 34, 9, 25, 24, 3, 17, 8, 33, 5, 17, 25, 29, 25, 36, 24, 1, 22, 19, 6, 36, 2, 28, 25, 36, 2, 28, 17, 25, 32, 1, 25, 7, 4, 5, 22, 8, 33, 2, 34]","[0, 1, 1, 0, 1, 0, 0, 0, 0, 0, 1, 0, 0, 0, 0, 0, 0, 0, 1, 0, 0, 0, 0, 0, 0, 0, 0, 0, 1, 0, 0, 0, 0, 0, 0, 0, 1, 1, 0, 1, 0, 0, 0, 0, 0, 1]"
L2_arctic_WAV/EBVS_arctic_a0097,"[4, 5, 30, 26, 37, 27, 41, 30, 1, 19, 6, 30, 18, 26, 1, 34, 5, 28, 22, 27, 12, 29, 22, 1, 36, 2, 16, 28, 25, 2, 29, 12, 7, 4, 25, 40, 33, 31, 11, 16, 40, 6, 30, 4, 2, 16, 31, 11]","[17, 5, 30, 26, 37, 27, 3, 30, 1, 19, 6, 30, 35, 26, 1, 34, 5, 28, 22, 27, 8, 29, 22, 8, 33, 36, 3, 16, 28, 25, 2, 29, 8, 7, 17, 25, 34, 33, 31, 11, 16, 34, 6, 30, 4, 2, 16, 31, 11]","[1, 0, 0, 0, 0, 0, 1, 0, 0, 0, 0, 0, 1, 0, 0, 0, 0, 0, 0, 0, 1, 0, 0, 1, 0, 1, 0, 0, 0, 0, 0, 1, 0, 1, 0, 1, 0, 0, 0, 0, 1, 0, 0, 0, 0, 0, 0, 0]"
L2_arctic_WAV/EBVS_arctic_a0098,"[9, 41, 28, 14, 6, 27, 41, 33, 25, 26, 37]","[9, 41, 28, 14, 6, 27, 3, 33, 25, 26, 37]","[0, 0, 0, 0, 0, 0, 1, 0, 0, 0, 0]"
L2_arctic_WAV/EBVS_arctic_a0099,"[2, 29, 41, 17, 30, 6, 7, 18, 8, 6, 32, 14, 11, 30, 17, 6, 17, 6, 30, 24, 6, 40, 16, 33, 19, 6, 30]","[3, 29, 19, 6, 4, 25, 7, 26, 31, 11, 16, 8, 30, 36, 25, 7, 21, 25, 16, 33, 19, 6, 7]","[1, 0, 1, 1, 1, 0, 1, 1, 1, 1, 1, 1, 0, 1, 1, 1, 1, 1, 1, 1, 1, 1, 0, 0, 0, 0, 1]"
L2_arctic_WAV/EBVS_arctic_a0100,"[26, 37, 29, 12, 34, 36, 34, 28, 25, 32, 24, 25, 1, 18, 17]","[18, 37, 29, 3, 34, 36, 34, 28, 25, 32, 24, 25, 1, 35]","[1, 0, 0, 1, 0, 0, 0, 0, 0, 0, 0, 0, 0, 1, 1]"
L2_arctic_WAV/EBVS_arctic_a0101,"[26, 37, 26, 37, 39, 11, 17, 30, 3, 36, 27, 25, 32, 4, 2, 36, 33, 37, 10, 22, 1, 29, 29, 25]","[26, 37, 26, 37, 39, 11, 17, 30, 3, 36, 27, 25, 32, 17, 5, 36, 33, 37, 36, 22, 1, 29, 29, 25]","[0, 0, 0, 0, 0, 0, 0, 0, 0, 0, 0, 0, 0, 1, 1, 0, 0, 0, 1, 0, 0, 0, 0, 0]"
L2_arctic_WAV/EBVS_arctic_a0102,"[24, 25, 39, 6, 28, 22, 3, 28, 31, 11, 12, 34, 34, 37, 30]","[24, 25, 39, 6, 28, 22, 8, 28, 31, 11, 21, 3, 34, 34, 37, 30]","[0, 0, 0, 0, 0, 0, 1, 0, 0, 0, 1, 0, 0, 0, 0]"
L2_arctic_WAV/EBVS_arctic_a0103,"[16, 12, 36, 4, 5, 33, 27, 19, 6, 29, 30, 31, 11, 32, 33, 3, 29, 2, 34, 22, 1, 29, 4, 2, 16, 31, 11, 12, 38, 4, 2, 27, 2, 30, 37]","[16, 12, 36, 17, 5, 33, 27, 3, 29, 30, 31, 11, 32, 33, 3, 29, 2, 34, 22, 1, 29, 17, 2, 16, 31, 11, 8, 38, 17, 2, 27, 2, 30, 37]","[0, 0, 0, 1, 0, 0, 0, 1, 1, 0, 0, 0, 0, 0, 0, 0, 0, 0, 0, 0, 0, 0, 1, 0, 0, 0, 0, 1, 0, 1, 0, 0, 0, 0, 0]"
L2_arctic_WAV/EBVS_arctic_a0104,"[9, 25, 39, 12, 40, 34, 28, 25, 32, 6, 7, 12, 30, 17, 1, 24, 6, 40, 32, 33, 2, 36, 5, 27, 9, 2, 30, 41, 40, 34, 39, 25, 36, 28, 25, 41, 40, 2, 35, 14, 6, 28, 17]","[9, 25, 39, 12, 34, 5, 40, 28, 25, 32, 25, 7, 12, 30, 17, 1, 24, 25, 34, 32, 33, 2, 36, 19, 6, 27, 9, 2, 7, 3, 34, 34, 39, 25, 36, 28, 25, 3, 34, 2, 35, 14, 6, 28]","[0, 0, 0, 0, 1, 1, 0, 0, 0, 1, 0, 0, 0, 0, 0, 0, 1, 1, 0, 0, 0, 0, 1, 0, 0, 0, 1, 1, 1, 0, 0, 0, 0, 0, 0, 1, 1, 0, 0, 0, 0, 0, 1]"
L2_arctic_WAV/EBVS_arctic_a0105,"[31, 11, 30, 28, 25, 6, 36, 6, 40, 34, 31, 11, 39, 12, 30, 17, 1, 22, 2, 28, 34, 31, 11, 8, 28, 29, 31, 11, 34, 36, 6, 29, 32, 3, 34, 2, 16, 2, 28, 36, 2, 16, 6, 28, 25, 38]","[8, 30, 28, 25, 25, 36, 25, 34, 34, 31, 11, 39, 8, 30, 17, 1, 22, 2, 28, 34, 31, 11, 8, 28, 29, 31, 11, 34, 36, 6, 29, 32, 3, 34, 2, 16, 2, 28, 36, 2, 16, 6, 28, 25, 22]","[1, 1, 0, 0, 0, 1, 0, 1, 1, 0, 0, 0, 0, 1, 0, 0, 0, 0, 0, 0, 0, 0, 0, 0, 0, 0, 0, 0, 0, 0, 0, 0, 0, 0, 0, 0, 0, 0, 0, 0, 0, 0, 0, 0, 0, 1]"
L2_arctic_WAV/EBVS_arctic_a0106,"[4, 2, 6, 29, 31, 11, 9, 2, 30, 39, 6, 35, 9, 25, 24, 41, 17, 34, 2, 32, 33, 5, 34, 36, 16, 1, 34, 36, 22, 8, 33, 10, 30, 14, 11, 6, 30, 2, 35, 31, 11, 27, 6, 7, 34, 3, 16]","[17, 2, 6, 29, 31, 11, 9, 2, 7, 39, 25, 9, 9, 25, 24, 3, 17, 34, 2, 32, 33, 5, 34, 6, 36, 16, 1, 10, 22, 8, 33, 10, 30, 14, 11, 25, 7, 2, 35, 8, 27, 25, 7, 34, 3, 16]","[1, 0, 0, 0, 0, 0, 0, 0, 1, 0, 1, 1, 0, 0, 0, 1, 0, 0, 0, 0, 0, 0, 0, 0, 0, 0, 1, 1, 0, 0, 0, 0, 0, 0, 0, 1, 1, 0, 0, 1, 1, 0, 1, 0, 0, 0, 0]"
L2_arctic_WAV/EBVS_arctic_a0107,"[6, 22, 26, 37, 31, 11, 30, 28, 25, 27, 11, 17, 30, 31, 11, 24, 14, 11, 14, 6, 10, 41, 7, 27, 26, 37]","[25, 38, 26, 37, 31, 11, 30, 28, 25, 23, 37, 36, 30, 31, 11, 24, 14, 11, 14, 6, 10, 41, 7, 27, 26, 37]","[1, 1, 0, 0, 0, 0, 0, 0, 0, 1, 1, 1, 0, 0, 0, 0, 0, 0, 0, 0, 0, 0, 0, 0, 0, 0]"
L2_arctic_WAV/EBVS_arctic_a0108,"[24, 25, 39, 19, 6, 17, 6, 17, 6, 30, 36, 2, 4, 2, 5, 18, 12, 38, 4, 2, 39, 8, 36, 1, 41, 30, 17, 16, 6, 23, 41, 30, 34, 27, 33, 12, 16, 6, 7, 24, 6, 29, 34, 5, 28, 22]","[24, 25, 39, 19, 6, 17, 6, 17, 6, 30, 36, 2, 5, 9, 8, 22, 17, 5, 39, 8, 4, 1, 3, 7, 16, 6, 23, 41, 7, 5, 34, 27, 33, 3, 16, 25, 7, 24, 25, 34, 5, 28, 22]","[0, 0, 0, 0, 0, 0, 0, 0, 0, 0, 0, 1, 1, 0, 0, 1, 1, 1, 1, 1, 0, 0, 1, 0, 1, 1, 1, 0, 0, 0, 0, 1, 0, 0, 0, 1, 0, 1, 0, 0, 1, 1, 0, 0, 0, 0]"
L2_arctic_WAV/EBVS_arctic_a0109,"[17, 37, 26, 37, 30, 31, 11, 4, 41, 36, 26, 37, 3, 33, 9, 19, 6, 27, 6, 7, 29, 14, 6, 27, 3, 30, 22, 2, 17, 2, 30, 34, 6, 30, 26, 37]","[17, 37, 26, 37, 30, 31, 11, 4, 41, 36, 26, 37, 3, 33, 9, 19, 6, 27, 25, 7, 29, 14, 6, 23, 3, 7, 22, 2, 17, 2, 30, 34, 6, 30, 18, 37]","[0, 0, 0, 0, 0, 0, 0, 0, 0, 0, 0, 0, 0, 0, 0, 0, 0, 0, 1, 0, 0, 0, 0, 1, 0, 1, 0, 0, 0, 0, 0, 0, 0, 0, 1, 0]"
L2_arctic_WAV/EBVS_arctic_a0111,"[6, 30, 34, 36, 5, 17, 24, 25, 18, 8, 6, 30, 17, 24, 1, 41, 30, 17, 4, 19, 6, 19, 6, 36, 28, 14, 6, 27, 36, 37, 24, 41, 7, 23, 33, 25, 35, 6, 28, 17, 33, 2, 30]","[6, 30, 34, 36, 5, 36, 24, 25, 18, 8, 6, 30, 17, 21, 1, 3, 30, 4, 19, 6, 19, 6, 36, 28, 14, 6, 27, 36, 37, 24, 3, 30, 17, 33, 25, 35, 25, 28, 17, 21, 2, 30]","[0, 0, 0, 0, 0, 1, 0, 0, 0, 0, 0, 0, 0, 1, 0, 1, 0, 1, 0, 0, 0, 0, 0, 0, 0, 0, 0, 0, 0, 0, 0, 1, 1, 1, 0, 0, 0, 1, 0, 0, 1, 0, 0]"
L2_arctic_WAV/EBVS_arctic_a0112,"[24, 25, 39, 12, 40, 39, 37, 30, 17, 2, 17, 6, 30, 4, 25, 3, 33, 29]","[24, 25, 39, 3, 34, 39, 37, 30, 17, 2, 17, 25, 30, 17, 5, 3, 33, 29]","[0, 0, 0, 1, 1, 0, 0, 0, 0, 0, 0, 1, 0, 1, 1, 0, 0, 0]"
L2_arctic_WAV/EBVS_arctic_a0113,"[14, 6, 34, 2, 32, 31, 11, 40, 26, 37, 32, 6, 27, 36, 4, 41, 36, 28, 6, 7, 23, 31, 11, 12, 32, 2, 29, 12, 7, 4, 25, 6, 30, 17, 25, 2, 30, 40]","[14, 6, 34, 2, 16, 31, 11, 40, 26, 37, 16, 6, 27, 36, 17, 3, 36, 28, 6, 7, 23, 31, 11, 12, 32, 36, 37, 2, 29, 8, 7, 17, 25, 25, 30, 17, 25, 2, 30, 34]","[0, 0, 0, 0, 1, 0, 0, 0, 0, 0, 1, 0, 0, 0, 1, 1, 0, 0, 0, 0, 0, 0, 0, 0, 0, 0, 0, 1, 0, 1, 0, 1, 0, 0, 0, 0, 0, 1]"
L2_arctic_WAV/EBVS_arctic_a0115,"[24, 25, 24, 41, 17, 30, 31, 11, 6, 27, 34, 27, 26, 37, 40, 22, 8, 33, 4, 2, 22, 25, 28, 6, 7, 40, 39, 6, 35, 39, 1, 1, 14, 11, 40, 17, 6, 30, 24, 6, 29]","[24, 25, 24, 3, 17, 30, 31, 11, 6, 34, 34, 27, 26, 37, 34, 22, 8, 33, 4, 5, 22, 25, 28, 6, 7, 34, 39, 25, 35, 39, 1, 1, 14, 11, 34, 24, 25, 7, 24, 25, 29]","[0, 0, 0, 1, 0, 0, 0, 0, 0, 1, 0, 0, 0, 0, 1, 0, 0, 0, 0, 1, 0, 0, 0, 0, 0, 1, 0, 1, 0, 0, 0, 0, 0, 0, 1, 1, 1, 1, 0, 1, 0]"
L2_arctic_WAV/EBVS_arctic_a0116,"[39, 8, 40, 6, 36, 4, 2, 33, 3, 30, 17, 6, 38, 37, 12, 38, 4, 31, 11, 40, 24, 37, 39, 1, 34, 36, 33, 14, 6, 38, 6, 7, 36, 2, 39, 1, 27, 24, 6, 40, 33, 37, 6, 30]","[39, 8, 36, 6, 40, 40, 2, 33, 3, 30, 17, 6, 38, 37, 8, 22, 17, 31, 11, 34, 24, 37, 39, 1, 5, 34, 36, 33, 25, 38, 25, 7, 36, 2, 39, 1, 27, 24, 25, 40, 33, 37, 25, 30]","[0, 0, 1, 0, 1, 1, 0, 0, 0, 0, 0, 0, 0, 0, 1, 1, 1, 0, 0, 1, 0, 0, 0, 0, 0, 0, 0, 1, 1, 0, 1, 0, 0, 0, 0, 0, 0, 0, 1, 0, 0, 0, 1, 0]"
L2_arctic_WAV/EBVS_arctic_a0117,"[9, 25, 41, 17, 6, 17, 39, 6, 4, 18, 5, 30, 26, 37, 39, 14, 6, 30, 34, 6, 29, 32, 2, 10, 25, 6, 30, 24, 1, 22, 19, 6, 34, 2, 30, 17, 38, 8, 6, 34]","[9, 25, 41, 17, 6, 17, 39, 25, 17, 2, 18, 37, 30, 25, 2, 30, 34, 25, 29, 22, 2, 36, 25, 25, 7, 24, 1, 22, 19, 6, 34, 2, 29, 16, 8, 6, 34]","[0, 0, 0, 0, 0, 0, 0, 1, 1, 1, 1, 1, 1, 0, 1, 1, 1, 0, 0, 1, 0, 1, 0, 1, 0, 1, 1, 0, 0, 0, 0, 0, 0, 0, 1, 1, 1, 0, 0, 0]"
L2_arctic_WAV/EBVS_arctic_a0120,"[29, 14, 6, 33, 14, 6, 36, 22, 11, 36, 22, 25, 28, 40, 28, 14, 6, 27, 4, 41, 36, 12, 38, 2, 35, 14, 6, 30, 25, 40, 17, 5, 16, 26, 2, 36, 3, 30, 36]","[29, 14, 6, 33, 14, 6, 36, 22, 11, 34, 22, 25, 28, 34, 28, 14, 6, 27, 2, 17, 3, 36, 8, 22, 2, 35, 14, 6, 30, 25, 40, 17, 5, 16, 26, 2, 36, 3, 30, 36]","[0, 0, 0, 0, 0, 0, 0, 0, 0, 1, 0, 0, 0, 1, 0, 0, 0, 0, 1, 1, 0, 1, 1, 0, 0, 0, 0, 0, 0, 0, 0, 0, 0, 0, 0, 0, 0, 0, 0]"
L2_arctic_WAV/EBVS_arctic_a0121,"[4, 19, 6, 19, 6, 36, 17, 6, 30, 1, 33, 41, 36, 4, 2, 22, 6, 22, 10, 41, 30, 17, 33, 5, 34, 36, 2, 17, 22, 33, 1, 36, 37, 14, 11, 33, 40]","[17, 19, 6, 19, 6, 36, 17, 25, 30, 1, 21, 41, 36, 17, 2, 22, 6, 22, 10, 3, 30, 33, 5, 34, 22, 33, 1, 36, 37, 14, 11, 33, 34]","[1, 0, 0, 0, 0, 0, 0, 1, 0, 0, 1, 0, 0, 1, 0, 0, 0, 0, 0, 1, 0, 1, 0, 0, 0, 1, 1, 1, 0, 0, 0, 0, 0, 0, 0, 0, 1]"
L2_arctic_WAV/EBVS_arctic_a0122,"[36, 37, 26, 6, 33, 40, 2, 23, 31, 11, 14, 6, 23, 19, 6, 38, 12, 32, 34, 6, 38, 2, 28, 6, 40, 19, 6, 9, 2, 30, 22, 33, 1, 4, 6, 34]","[36, 37, 26, 6, 33, 34, 2, 23, 31, 11, 14, 6, 23, 19, 6, 38, 12, 32, 34, 6, 38, 2, 28, 6, 34, 19, 6, 9, 2, 7, 22, 33, 1, 17, 6, 34]","[0, 0, 0, 0, 0, 1, 0, 0, 0, 0, 0, 0, 0, 0, 0, 0, 0, 0, 0, 0, 0, 0, 0, 0, 1, 0, 0, 0, 0, 1, 0, 0, 0, 1, 0, 0]"
L2_arctic_WAV/EBVS_arctic_a0123,"[9, 25, 24, 41, 17, 17, 14, 6, 17, 22, 1, 29, 27, 31, 11, 28, 17, 41, 30, 17, 34, 36, 3, 33, 38, 19, 6, 9, 2, 30]","[9, 25, 24, 3, 17, 17, 14, 6, 17, 22, 1, 29, 27, 8, 28, 17, 3, 7, 5, 34, 36, 3, 33, 38, 19, 6, 9, 2, 30]","[0, 0, 0, 1, 0, 0, 0, 0, 0, 0, 0, 0, 0, 1, 1, 0, 0, 1, 1, 1, 0, 0, 0, 0, 0, 0, 0, 0, 0, 0]"
L2_arctic_WAV/EBVS_arctic_a0125,"[24, 25, 39, 12, 40, 17, 6, 36, 1, 29, 2, 30, 17, 30, 14, 11, 36, 2, 29, 19, 6, 30, 36, 19, 6, 30, 2, 29, 8, 33, 34, 1, 36, 2, 30, 24, 31, 11, 28, 17, 2, 32, 3, 30, 24, 6, 29, 34, 5, 28, 22]","[24, 25, 39, 12, 40, 36, 1, 29, 2, 30, 17, 30, 14, 11, 36, 2, 29, 2, 30, 36, 19, 6, 7, 2, 29, 8, 33, 34, 1, 36, 19, 6, 30, 21, 31, 11, 28, 17, 2, 32, 2, 30, 24, 25, 30, 34, 5, 28, 22]","[0, 0, 0, 0, 0, 1, 1, 0, 0, 0, 0, 0, 0, 0, 0, 0, 0, 0, 0, 1, 1, 0, 0, 0, 0, 1, 0, 0, 0, 0, 0, 0, 0, 1, 0, 1, 0, 0, 0, 0, 0, 0, 1, 0, 0, 1, 1, 0, 0, 0, 0]"
L2_arctic_WAV/EBVS_arctic_a0126,"[25, 35, 17, 19, 6, 9, 25, 16, 6, 27, 19, 6, 29, 2, 29, 8, 33, 38, 14, 6, 36, 2, 28, 32, 3, 33, 36, 12, 38, 24, 6, 29]","[25, 35, 17, 19, 6, 9, 25, 16, 6, 27, 3, 29, 2, 29, 8, 33, 38, 14, 6, 36, 2, 28, 32, 3, 33, 36, 12, 38, 24, 25, 29]","[0, 0, 0, 0, 0, 0, 0, 0, 0, 0, 1, 1, 0, 0, 0, 0, 0, 0, 0, 0, 0, 0, 0, 0, 0, 0, 0, 0, 0, 0, 1, 0]"
L2_arctic_WAV/EBVS_arctic_a0127,"[6, 36, 39, 12, 40, 2, 36, 5, 29, 36, 19, 6, 9, 2, 30, 16, 12, 36, 24, 25, 33, 6, 40, 6, 34, 36, 6, 17, 6, 36]","[25, 36, 39, 12, 34, 2, 36, 5, 29, 36, 19, 6, 9, 2, 30, 16, 12, 36, 24, 25, 33, 6, 34, 6, 34, 36, 6, 17, 6, 36]","[1, 0, 0, 0, 1, 0, 0, 0, 0, 0, 0, 0, 0, 0, 0, 0, 0, 0, 0, 0, 0, 0, 1, 0, 0, 0, 0, 0, 0, 0]"
L2_arctic_WAV/EBVS_arctic_a0128,"[4, 6, 34, 39, 12, 30, 24, 31, 11, 32, 39, 12, 40, 17, 6, 34, 36, 33, 8, 6, 17, 41, 40, 27, 39, 6, 27, 28, 25, 41, 40, 6, 36, 39, 12, 40, 16, 8, 33, 30]","[17, 25, 34, 39, 12, 7, 21, 31, 11, 32, 39, 12, 34, 36, 33, 8, 6, 4, 3, 34, 27, 39, 6, 27, 28, 25, 3, 34, 6, 36, 39, 12, 40, 16, 8, 33, 7]","[1, 1, 0, 0, 0, 1, 1, 0, 0, 0, 0, 0, 1, 1, 1, 0, 0, 0, 0, 0, 1, 1, 1, 0, 0, 0, 0, 0, 0, 1, 1, 0, 0, 0, 0, 0, 0, 0, 0, 1]"
L2_arctic_WAV/EBVS_arctic_a0129,"[24, 1, 33, 22, 19, 6, 34, 39, 12, 40, 2, 23, 19, 6, 30, 34, 36, 24, 6, 40, 16, 33, 5, 34, 36]","[24, 5, 21, 22, 19, 6, 34, 39, 12, 34, 2, 23, 19, 6, 30, 34, 36, 24, 25, 34, 24, 25, 40, 16, 33, 5, 34]","[0, 1, 1, 0, 0, 0, 0, 0, 0, 1, 0, 0, 0, 0, 0, 0, 0, 0, 1, 0, 0, 0, 0, 0, 1]"
L2_arctic_WAV/EBVS_arctic_a0130,"[9, 25, 39, 12, 40, 24, 6, 40, 30, 14, 11, 22, 1, 5, 38, 1]","[9, 25, 39, 12, 34, 21, 25, 34, 30, 14, 11, 22, 1, 5, 16, 1]","[0, 0, 0, 0, 1, 1, 1, 1, 0, 0, 0, 0, 0, 0, 1, 0]"
L2_arctic_WAV/EBVS_arctic_a0131,"[32, 33, 3, 38, 2, 17, 2, 30, 34, 24, 41, 17, 17, 6, 28, 6, 38, 1, 17, 24, 6, 29, 10, 33, 37, 4, 2, 29, 19, 6, 28, 34, 36, 33, 2, 29]","[32, 33, 3, 38, 2, 17, 2, 30, 21, 3, 17, 17, 5, 28, 25, 38, 1, 5, 17, 21, 25, 29, 36, 33, 31, 11, 17, 2, 29, 3, 28, 5, 34, 36, 33, 8, 29]","[0, 0, 0, 0, 0, 0, 0, 0, 1, 1, 1, 0, 0, 1, 0, 1, 0, 0, 0, 1, 1, 0, 1, 0, 1, 1, 0, 0, 1, 1, 1, 0, 0, 0, 1, 0]"
L2_arctic_WAV/EBVS_arctic_a0134,"[24, 25, 31, 11, 16, 19, 6, 17, 4, 2, 32, 33, 5, 9, 1, 12, 38, 24, 1, 24, 41, 30, 17]","[24, 25, 31, 11, 38, 19, 6, 17, 17, 2, 16, 33, 5, 9, 1, 8, 22, 21, 1, 24, 41, 30, 36]","[0, 0, 0, 0, 1, 0, 0, 0, 1, 0, 1, 0, 0, 0, 0, 1, 1, 1, 0, 0, 0, 0, 1]"
L2_arctic_WAV/EBVS_arctic_a0136,"[2, 16, 14, 11, 36, 24, 6, 29, 5, 38, 33, 25, 39, 5, 33, 39, 1, 4, 2, 5, 38, 2, 17, 2, 30, 34, 2, 40, 12, 38, 28, 12, 23, 13, 1, 25, 41, 30, 17, 12, 38, 19, 6, 18]","[2, 16, 3, 36, 21, 25, 29, 5, 38, 33, 25, 39, 1, 33, 39, 1, 4, 5, 5, 38, 2, 17, 2, 29, 8, 22, 28, 12, 23, 9, 1, 25, 3, 30, 8, 22, 19, 6, 9]","[0, 0, 1, 1, 0, 1, 1, 0, 0, 0, 0, 0, 0, 1, 0, 0, 0, 0, 1, 0, 0, 0, 0, 1, 1, 1, 0, 1, 1, 1, 0, 0, 0, 1, 0, 0, 1, 0, 1, 1, 1, 0, 0, 1]"
L2_arctic_WAV/EBVS_arctic_a0137,"[4, 5, 30, 24, 25, 34, 36, 5, 32, 36, 16, 41, 27, 39, 6, 4, 2, 28, 31, 11, 27, 33, 14, 6, 12, 38, 32, 28, 5, 13, 1]","[17, 5, 29, 24, 25, 5, 34, 36, 5, 32, 16, 3, 21, 25, 30, 39, 25, 17, 2, 28, 31, 11, 27, 33, 14, 6, 8, 22, 32, 28, 5, 9, 1]","[1, 0, 1, 0, 0, 0, 0, 0, 0, 1, 1, 1, 1, 0, 1, 1, 0, 0, 0, 0, 0, 0, 0, 0, 1, 1, 0, 0, 0, 1, 0]"
L2_arctic_WAV/EBVS_arctic_a0139,"[24, 25, 36, 31, 11, 28, 17, 24, 6, 29, 34, 5, 28, 22, 4, 41, 36, 41, 40, 24, 25, 39, 3, 9, 36, 24, 6, 29, 34, 5, 28, 22, 41, 30, 17, 23, 33, 37, 29, 17, 24, 6, 40, 17, 6, 9, 5, 38, 2, 28, 17, 27, 28, 31, 11, 4, 40]","[24, 25, 36, 31, 11, 28, 24, 25, 29, 34, 5, 28, 22, 17, 3, 36, 3, 34, 21, 25, 39, 3, 9, 6, 36, 24, 25, 29, 34, 5, 28, 22, 3, 7, 23, 33, 37, 29, 5, 36, 24, 25, 34, 17, 25, 9, 5, 28, 32, 27, 28, 31, 11, 36, 34]","[0, 0, 0, 0, 0, 0, 1, 0, 1, 0, 0, 0, 0, 0, 1, 1, 0, 1, 1, 1, 0, 0, 0, 0, 0, 0, 1, 0, 0, 0, 0, 0, 1, 1, 1, 0, 0, 0, 0, 1, 0, 1, 1, 0, 1, 0, 0, 1, 1, 0, 1, 0, 0, 0, 0, 1, 1]"
L2_arctic_WAV/EBVS_arctic_a0145,"[14, 6, 24, 41, 38, 36, 2, 16, 25, 27, 5, 33, 22, 2, 28, 2, 38, 4, 5, 29, 41, 40, 4, 19, 6, 36, 6, 33, 38, 5, 33, 25, 25, 40, 2, 28, 25]","[14, 6, 24, 41, 22, 36, 2, 33, 25, 27, 5, 33, 22, 2, 28, 2, 4, 5, 29, 41, 40, 4, 19, 6, 36, 6, 33, 38, 5, 33, 25, 25, 34, 2, 28, 25]","[0, 0, 0, 0, 1, 0, 0, 1, 0, 0, 0, 0, 0, 0, 0, 0, 1, 0, 0, 0, 0, 0, 0, 0, 0, 0, 0, 0, 0, 0, 0, 0, 0, 1, 0, 0, 0]"
L2_arctic_WAV/EBVS_arctic_a0148,"[30, 14, 11, 4, 25, 40, 10, 6, 7, 40, 24, 41, 17, 16, 6, 30, 34, 36, 33, 12, 27, 17, 5, 17, 39, 6, 10, 6, 30, 24, 6, 29]","[30, 14, 11, 4, 25, 34, 36, 6, 7, 24, 3, 4, 38, 6, 30, 34, 36, 33, 12, 27, 17, 5, 17, 39, 6, 10, 6, 30, 24, 6, 29]","[0, 0, 0, 0, 0, 1, 1, 0, 0, 1, 0, 1, 1, 1, 0, 0, 0, 0, 0, 0, 0, 0, 0, 0, 0, 0, 0, 0, 0, 0, 0, 0]"
L2_arctic_WAV/EBVS_arctic_a0154,"[24, 25, 39, 8, 40, 34, 29, 37, 4, 9, 19, 6, 38, 2, 30, 2, 30, 17, 24, 6, 40, 24, 5, 33, 2, 30, 17, 14, 6, 40, 39, 1, 16, 28, 41, 27]","[24, 25, 39, 8, 34, 34, 2, 29, 37, 10, 9, 19, 6, 38, 2, 30, 2, 30, 23, 24, 6, 34, 24, 5, 33, 2, 30, 14, 6, 34, 39, 1, 16, 28, 41, 27]","[0, 0, 0, 0, 1, 0, 0, 0, 1, 0, 0, 0, 0, 0, 0, 0, 0, 1, 0, 0, 1, 0, 0, 0, 0, 0, 1, 0, 0, 1, 0, 0, 0, 0, 0, 0]"
L2_arctic_WAV/EBVS_arctic_a0159,"[4, 19, 6, 28, 11, 27, 41, 40, 4, 31, 11, 24, 25, 24, 41, 17, 16, 6, 30, 17, 33, 12, 29, 6, 7, 2, 32, 25, 41, 30, 2, 8, 28, 24, 6, 40, 28, 14, 6, 22]","[4, 19, 6, 28, 11, 27, 41, 34, 10, 33, 31, 11, 24, 25, 24, 41, 17, 16, 6, 30, 17, 33, 12, 29, 6, 7, 2, 32, 25, 41, 30, 2, 8, 28, 24, 6, 28, 14, 6, 22]","[0, 0, 0, 0, 0, 0, 0, 1, 1, 0, 0, 0, 0, 0, 0, 0, 0, 0, 0, 0, 0, 0, 0, 0, 0, 0, 0, 0, 0, 0, 0, 0, 0, 0, 0, 1, 0, 0, 0, 0]"
L2_arctic_WAV/EBVS_arctic_a0170,"[4, 5, 33, 39, 12, 40, 30, 12, 30, 12, 38, 4, 2, 18, 8, 6, 12, 38, 29, 25, 36, 6, 7, 6, 30, 24, 6, 40, 22, 19, 6, 34]","[17, 5, 33, 39, 12, 34, 30, 31, 11, 30, 12, 22, 17, 2, 18, 8, 6, 12, 38, 29, 25, 36, 6, 7, 6, 24, 6, 40, 22, 19, 6, 34]","[1, 0, 0, 0, 0, 1, 0, 1, 0, 0, 1, 1, 0, 0, 0, 0, 0, 0, 0, 0, 0, 0, 0, 0, 1, 0, 0, 0, 0, 0, 0, 0]"
L2_arctic_WAV/EBVS_arctic_a0176,"[22, 8, 33, 4, 2, 22, 1, 34, 36, 36, 14, 6, 29, 6, 30, 24, 6, 40, 28, 14, 6, 22, 24, 25, 39, 8, 40, 26, 1, 30, 6, 7, 22, 8, 33, 2, 34, 27, 33, 41, 32]","[22, 8, 33, 4, 2, 22, 1, 34, 36, 14, 6, 29, 6, 24, 6, 40, 28, 14, 6, 24, 25, 39, 8, 34, 18, 1, 30, 6, 7, 22, 8, 33, 2, 34, 27, 33, 41]","[0, 0, 0, 0, 0, 0, 0, 0, 1, 0, 0, 0, 0, 0, 1, 0, 0, 0, 0, 0, 0, 1, 0, 0, 0, 0, 1, 1, 0, 0, 0, 0, 0, 0, 0, 0, 0, 0, 0, 0, 1]"
L2_arctic_WAV/EBVS_arctic_a0178,"[5, 38, 33, 25, 16, 31, 11, 30, 6, 30, 24, 1, 19, 6, 18, 17, 16, 3, 17, 25, 34, 25, 29, 17, 16, 33, 31, 11, 27, 2, 30, 8, 33, 17, 6, 34, 28, 31, 11, 27, 19, 6, 36, 6, 17]","[5, 38, 33, 25, 16, 8, 30, 6, 24, 1, 19, 6, 13, 17, 16, 3, 17, 25, 34, 25, 29, 2, 17, 16, 33, 31, 11, 27, 2, 30, 8, 33, 17, 6, 10, 28, 31, 11, 27, 19, 6, 36]","[0, 0, 0, 0, 0, 1, 1, 0, 0, 1, 0, 0, 0, 0, 1, 0, 0, 0, 0, 0, 0, 0, 0, 0, 0, 0, 0, 0, 0, 0, 0, 0, 0, 0, 0, 1, 0, 0, 0, 0, 0, 0, 0, 1, 1]"
L2_arctic_WAV/EBVS_arctic_a0185,"[4, 2, 27, 39, 5, 34, 35, 2, 30, 40, 29, 19, 6, 24, 41, 38, 27, 12, 29, 38, 19, 6, 23, 28, 25, 6, 30, 24, 6, 40, 29, 14, 6, 30, 17]","[17, 2, 27, 39, 5, 34, 35, 2, 30, 29, 19, 6, 24, 3, 22, 27, 12, 29, 16, 3, 23, 11, 28, 25, 6, 24, 6, 40, 29, 14, 6, 30]","[1, 0, 0, 0, 0, 0, 0, 0, 0, 1, 0, 0, 0, 0, 1, 1, 0, 0, 0, 1, 1, 1, 1, 0, 0, 0, 1, 0, 0, 0, 0, 0, 0, 0, 1]"
L2_arctic_WAV/EBVS_arctic_a0191,"[22, 8, 33, 2, 36, 14, 6, 29, 4, 25, 6, 27, 34, 14, 6, 36, 6, 7, 10, 33, 6, 28, 12, 38, 24, 6, 40, 2, 17, 38, 5, 30, 35, 1, 39, 3, 40, 23, 8, 30]","[22, 8, 33, 2, 36, 14, 6, 29, 4, 25, 6, 27, 34, 14, 6, 36, 6, 7, 35, 33, 6, 28, 12, 22, 24, 6, 34, 2, 17, 38, 5, 30, 35, 1, 39, 3, 40, 23, 8, 30]","[0, 0, 0, 0, 0, 0, 0, 0, 0, 0, 0, 0, 0, 0, 0, 0, 0, 0, 1, 0, 0, 0, 0, 1, 0, 0, 1, 0, 0, 0, 0, 0, 0, 0, 0, 0, 0, 0, 0, 0]"
L2_arctic_WAV/EBVS_arctic_a0198,"[34, 12, 29, 36, 14, 6, 29, 40, 24, 1, 17, 33, 25, 29, 40, 39, 1, 22, 6, 28, 17, 39, 6, 4, 38, 6, 13, 2, 30, 40]","[34, 12, 29, 36, 14, 6, 29, 34, 24, 1, 17, 33, 25, 29, 34, 39, 1, 22, 6, 28, 17, 39, 6, 4, 38, 6, 9, 2, 30, 34]","[0, 0, 0, 0, 0, 0, 0, 1, 0, 0, 0, 0, 0, 0, 1, 0, 0, 0, 0, 0, 0, 0, 0, 0, 0, 0, 1, 0, 0, 1]"
L2_arctic_WAV/EBVS_arctic_a0210,"[6, 36, 34, 17, 14, 6, 41, 29, 2, 36, 1, 39, 12, 40, 30, 3, 36, 29, 8, 33, 4, 41, 30, 36, 37, 24, 12, 30, 17, 33, 2, 17, 26, 3, 33, 17, 40]","[6, 36, 34, 17, 25, 3, 29, 2, 36, 1, 39, 12, 34, 30, 8, 29, 8, 33, 4, 41, 30, 36, 37, 24, 12, 30, 17, 33, 2, 17, 26, 3, 33, 17, 40]","[0, 0, 0, 0, 1, 1, 1, 0, 0, 0, 0, 0, 0, 1, 0, 1, 1, 0, 0, 0, 0, 0, 0, 0, 0, 0, 0, 0, 0, 0, 0, 0, 0, 0, 0, 0, 0]"
L2_arctic_WAV/EBVS_arctic_a0212,"[22, 33, 5, 9, 27, 19, 6, 34, 6, 40, 34, 36, 6, 28, 19, 6, 16, 2, 28, 36, 37, 39, 8, 27, 4, 19, 6, 27, 28, 12, 34, 36, 1, 17, 2, 16, 14, 11, 36, 4, 2, 34, 32, 31, 11, 27, 34, 29, 2, 30]","[22, 33, 5, 9, 27, 19, 6, 34, 6, 34, 5, 34, 36, 6, 28, 19, 6, 38, 2, 28, 36, 37, 39, 8, 27, 4, 19, 6, 27, 28, 11, 34, 36, 1, 17, 2, 38, 14, 11, 36, 4, 2, 34, 32, 8, 27, 34, 29, 2, 30]","[0, 0, 0, 0, 0, 0, 0, 0, 0, 1, 0, 0, 0, 0, 0, 0, 1, 0, 0, 0, 0, 0, 0, 0, 0, 0, 0, 0, 0, 1, 0, 0, 0, 0, 0, 1, 0, 0, 0, 0, 0, 0, 0, 1, 1, 0, 0, 0, 0, 0]"
L2_arctic_WAV/EBVS_arctic_a0227,"[6, 36, 39, 12, 40, 4, 2, 34, 19, 6, 29, 39, 19, 6, 39, 6, 10, 14, 11, 33, 33, 6, 38, 3, 28, 38, 1, 40, 2, 30, 17, 33, 14, 6, 22, 2, 28, 40]","[6, 39, 12, 40, 4, 2, 34, 19, 6, 29, 39, 19, 6, 39, 6, 36, 14, 11, 33, 33, 6, 38, 8, 28, 38, 1, 34, 2, 30, 33, 14, 6, 22, 2, 28, 5, 34]","[0, 1, 0, 0, 0, 0, 0, 0, 0, 0, 0, 0, 0, 0, 0, 0, 1, 0, 0, 0, 0, 0, 0, 1, 0, 0, 0, 1, 0, 0, 1, 0, 0, 0, 0, 0, 0, 1]"
L2_arctic_WAV/EBVS_arctic_a0233,"[14, 6, 30, 5, 38, 1, 2, 28, 14, 11, 39, 12, 36, 27, 41, 30, 36, 16, 25, 35, 19, 6, 30, 18, 17, 36, 37, 2, 30, 8, 6, 29, 25]","[14, 6, 30, 5, 38, 1, 2, 28, 31, 11, 39, 12, 36, 27, 3, 30, 16, 25, 35, 19, 6, 30, 17, 36, 37, 2, 30, 8, 6, 29, 25]","[0, 0, 0, 0, 0, 0, 0, 0, 1, 0, 0, 0, 0, 0, 1, 0, 1, 0, 0, 0, 0, 0, 0, 1, 0, 0, 0, 0, 0, 0, 0, 0, 0]"
L2_arctic_WAV/EBVS_arctic_a0254,"[34, 36, 33, 19, 6, 36, 14, 11, 36, 4, 19, 6, 34, 39, 3, 29, 4, 5, 33, 24, 5, 17, 40, 23, 33, 31, 11, 6, 7, 34, 29, 8, 28, 1, 41, 30, 17, 34, 29, 8, 28, 1]","[34, 36, 33, 19, 6, 36, 14, 11, 36, 4, 17, 19, 6, 34, 39, 3, 29, 4, 5, 33, 24, 5, 17, 34, 23, 33, 31, 11, 6, 7, 34, 29, 8, 28, 1, 41, 30, 34, 29, 8, 28, 1]","[0, 0, 0, 0, 0, 0, 0, 0, 0, 0, 0, 0, 0, 0, 0, 0, 0, 0, 0, 0, 0, 0, 1, 0, 0, 0, 0, 0, 0, 0, 0, 0, 0, 0, 0, 0, 1, 0, 0, 0, 0, 0]"
L2_arctic_WAV/EBVS_arctic_a0260,"[30, 31, 11, 16, 2, 17, 25, 30, 26, 37, 24, 6, 40, 24, 6, 34, 36, 1, 25, 4, 19, 6, 12, 38, 4, 2, 24, 11, 30, 36, 2, 28, 25, 34, 36, 12, 38, 8, 28]","[30, 31, 11, 38, 8, 17, 25, 30, 26, 37, 24, 6, 34, 24, 6, 34, 36, 1, 25, 4, 19, 6, 12, 22, 4, 2, 24, 11, 30, 36, 2, 28, 25, 34, 36, 12, 22, 8, 28]","[0, 0, 0, 1, 1, 0, 0, 0, 0, 0, 0, 0, 1, 0, 0, 0, 0, 0, 0, 0, 0, 0, 0, 1, 0, 0, 0, 0, 0, 0, 0, 0, 0, 0, 0, 0, 1, 0, 0]"
L2_arctic_WAV/EBVS_arctic_a0265,"[4, 2, 17, 6, 34, 27, 12, 38, 1, 25, 34, 25, 29, 17, 36, 37, 24, 41, 38, 16, 6, 30, 29, 19, 6, 17, 3, 30, 4, 2, 34, 32, 1, 2, 38, 4, 2, 29, 31, 11, 29, 2, 30, 36]","[4, 2, 17, 6, 34, 27, 8, 38, 1, 25, 34, 25, 29, 12, 30, 36, 37, 24, 3, 38, 38, 6, 30, 29, 19, 6, 17, 3, 38, 4, 2, 34, 32, 1, 2, 38, 4, 2, 29, 8, 29, 2, 30, 36]","[0, 0, 0, 0, 0, 0, 1, 0, 0, 0, 0, 0, 0, 1, 0, 0, 0, 1, 0, 1, 0, 0, 0, 0, 0, 0, 0, 1, 0, 0, 0, 0, 0, 0, 0, 0, 0, 0, 1, 1, 0, 0, 0, 0]"
L2_arctic_WAV/EBVS_arctic_a0269,"[4, 41, 36, 34, 39, 5, 33, 4, 19, 6, 27, 12, 36, 8, 22, 4, 25, 34, 27, 3, 36, 6, 9, 35, 25, 22, 34, 2, 30, 17, 27, 6, 28, 17, 8, 28, 24, 41, 30, 40]","[17, 41, 34, 39, 5, 33, 17, 19, 6, 27, 12, 36, 8, 22, 17, 5, 34, 27, 8, 36, 6, 9, 35, 25, 22, 2, 30, 27, 6, 28, 5, 17, 8, 28, 24, 3, 30, 34]","[1, 0, 1, 0, 0, 0, 0, 1, 0, 0, 0, 0, 0, 0, 0, 1, 1, 0, 0, 1, 0, 0, 0, 0, 0, 0, 1, 0, 0, 1, 0, 0, 0, 0, 0, 0, 0, 1, 0, 1]"
L2_arctic_WAV/EBVS_arctic_a0271,"[30, 14, 11, 32, 28, 25, 40, 23, 6, 38, 2, 32, 28, 19, 6, 30, 34, 36, 19, 6, 36, 29, 2, 30, 36, 12, 38, 24, 39, 12, 36, 2, 27, 1, 17]","[30, 14, 11, 32, 28, 25, 34, 23, 6, 22, 2, 32, 28, 19, 6, 30, 34, 36, 19, 6, 29, 2, 30, 36, 8, 22, 23, 39, 12, 36, 8, 27, 1, 36]","[0, 0, 0, 0, 0, 0, 1, 0, 0, 1, 0, 0, 0, 0, 0, 0, 0, 0, 0, 0, 1, 0, 0, 0, 0, 1, 1, 1, 0, 0, 0, 1, 0, 0, 1]"
L2_arctic_WAV/EBVS_arctic_a0295,"[41, 30, 17, 36, 39, 5, 30, 36, 25, 29, 5, 30, 27, 11, 17, 24, 31, 11, 28, 17, 6, 36, 39, 6, 4, 34, 32, 6, 33, 40, 2, 30, 17, 41, 33, 31, 11, 40]","[41, 30, 36, 39, 5, 30, 36, 25, 29, 5, 30, 27, 11, 24, 31, 11, 28, 6, 36, 39, 6, 36, 5, 34, 32, 6, 33, 40, 2, 30, 3, 33, 8, 34]","[0, 0, 1, 0, 0, 0, 0, 0, 0, 0, 0, 0, 0, 0, 1, 0, 0, 0, 0, 1, 0, 0, 0, 0, 1, 0, 0, 0, 0, 0, 0, 0, 1, 1, 0, 1, 1, 1]"
L2_arctic_WAV/EBVS_arctic_a0298,"[4, 6, 34, 36, 41, 34, 6, 36, 32, 33, 3, 29, 2, 34, 12, 38, 27, 2, 30, 36, 6, 30, 26, 37, 17, 2, 27, 39, 19, 6, 30, 36, 2, 30, 34, 23, 19, 6, 38, 34, 41, 27, 34, 2, 30, 2, 28, 6, 36, 2, 28, 18, 8, 6, 10, 33, 6, 28]","[17, 6, 34, 36, 3, 34, 6, 32, 33, 3, 29, 14, 6, 34, 12, 22, 27, 8, 30, 36, 6, 30, 26, 37, 17, 2, 27, 26, 6, 36, 2, 30, 34, 23, 19, 6, 22, 34, 41, 27, 34, 2, 30, 2, 28, 6, 36, 2, 28, 18, 8, 36, 33, 6, 28]","[1, 0, 0, 0, 1, 0, 0, 1, 0, 0, 0, 0, 1, 0, 0, 1, 0, 1, 0, 0, 0, 0, 0, 0, 0, 0, 0, 1, 1, 0, 1, 0, 0, 0, 0, 0, 0, 0, 1, 0, 0, 0, 0, 0, 0, 0, 0, 0, 0, 0, 0, 0, 0, 1, 1, 0, 0, 0]"
L2_arctic_WAV/EBVS_arctic_a0299,"[14, 6, 36, 5, 28, 26, 37, 14, 6, 41, 29, 17, 6, 34, 23, 12, 34, 36, 2, 17, 39, 6, 4, 4, 6, 34, 2, 17, 38, 5, 30, 35, 1, 36, 3, 29, 22, 37, 28, 1, 25, 2, 30, 17, 33, 3, 36]","[14, 6, 36, 5, 28, 26, 37, 14, 6, 41, 29, 17, 6, 40, 23, 12, 34, 36, 2, 17, 39, 6, 4, 6, 34, 2, 17, 38, 5, 30, 35, 1, 36, 3, 29, 22, 8, 33, 28, 25, 2, 30, 33, 8, 36]","[0, 0, 0, 0, 0, 0, 0, 0, 0, 0, 0, 0, 0, 1, 0, 0, 0, 0, 0, 0, 0, 0, 1, 0, 0, 0, 0, 0, 0, 0, 0, 0, 0, 0, 0, 0, 0, 1, 1, 1, 0, 0, 0, 1, 0, 1, 0]"
L2_arctic_WAV/EBVS_arctic_a0300,"[22, 33, 12, 29, 29, 14, 6, 1, 28, 25, 2, 34, 36, 33, 5, 27, 2, 28, 5, 27, 9, 2, 30, 29, 14, 6, 34, 28, 25, 32, 39, 8, 40, 2, 32, 6, 33, 25, 2, 17, 12, 38, 36, 5, 33, 1]","[22, 33, 12, 29, 29, 14, 6, 1, 28, 25, 2, 34, 33, 5, 27, 2, 28, 5, 27, 9, 2, 30, 29, 14, 6, 10, 28, 25, 32, 39, 8, 34, 2, 32, 5, 33, 25, 2, 17, 12, 22, 36, 5, 33, 1]","[0, 0, 0, 0, 0, 0, 0, 0, 0, 0, 0, 0, 1, 0, 0, 0, 0, 0, 0, 0, 0, 0, 0, 0, 0, 0, 1, 0, 0, 0, 0, 0, 1, 0, 0, 1, 0, 0, 0, 0, 0, 1, 0, 0, 0, 0]"
L2_arctic_WAV/EBVS_arctic_a0303,"[16, 12, 36, 4, 19, 6, 29, 19, 6, 27, 4, 2, 29, 6, 34, 36, 19, 6, 27, 12, 38, 6, 23, 30, 8, 33, 6, 7, 4, 5, 33, 31, 11, 30, 17, 37, 41, 28, 2, 36, 25]","[16, 12, 17, 19, 6, 29, 19, 6, 27, 4, 2, 29, 6, 34, 36, 19, 6, 27, 12, 22, 6, 30, 8, 33, 6, 7, 4, 5, 33, 8, 30, 17, 37, 3, 28, 2, 36, 6, 34]","[0, 0, 1, 1, 0, 0, 0, 0, 0, 0, 0, 0, 0, 0, 0, 0, 0, 0, 0, 0, 1, 0, 1, 0, 0, 0, 0, 0, 0, 0, 0, 1, 1, 0, 0, 0, 1, 0, 0, 0, 1]"
L2_arctic_WAV/EBVS_arctic_a0320,"[39, 6, 4, 29, 14, 6, 34, 36, 33, 5, 7, 27, 10, 14, 6, 34, 28, 41, 29, 17, 6, 36, 22, 11, 28, 6, 30, 36, 2, 33, 5, 17, 14, 6, 40, 22, 19, 6, 34]","[23, 39, 6, 17, 29, 14, 6, 34, 36, 33, 5, 7, 27, 36, 14, 6, 34, 28, 41, 29, 36, 6, 30, 36, 11, 22, 11, 36, 33, 5, 17, 14, 6, 33, 5, 30, 34, 22, 19, 6, 34]","[0, 0, 1, 0, 0, 0, 0, 0, 0, 0, 0, 0, 1, 0, 0, 0, 0, 0, 0, 1, 0, 1, 1, 0, 1, 1, 1, 0, 1, 0, 0, 0, 0, 0, 1, 0, 0, 0, 0]"
L2_arctic_WAV/EBVS_arctic_a0363,"[6, 36, 6, 40, 30, 3, 36, 2, 30, 2, 36, 5, 29, 32, 36, 36, 2, 34, 29, 41, 9, 4, 2, 29, 3, 33, 27, 2, 36]","[6, 36, 6, 40, 30, 3, 36, 3, 7, 36, 5, 29, 36, 2, 5, 34, 29, 3, 9, 17, 2, 29, 3, 33, 27, 2, 36]","[0, 0, 0, 0, 0, 0, 0, 1, 1, 1, 0, 0, 0, 1, 0, 1, 1, 0, 0, 1, 0, 1, 0, 0, 0, 0, 0, 0, 0]"
L2_arctic_WAV/EBVS_arctic_a0369,"[6, 30, 32, 3, 33, 36, 30, 1, 9, 6, 32, 39, 6, 4, 17, 19, 6, 28, 14, 6, 36, 4, 2, 32, 5, 33, 33, 19, 6, 17, 6, 17, 4, 2, 34, 41, 30, 24, 31, 11, 40, 19, 6, 6, 30, 36, 1, 1, 16, 2, 30]","[6, 30, 16, 3, 33, 36, 30, 1, 9, 6, 36, 39, 6, 17, 17, 14, 6, 28, 6, 36, 17, 2, 16, 5, 33, 33, 19, 6, 17, 6, 17, 17, 2, 34, 41, 7, 24, 31, 11, 34, 19, 6, 6, 30, 36, 1, 1, 16, 2, 30]","[0, 0, 1, 0, 0, 0, 0, 0, 0, 0, 1, 0, 0, 1, 0, 1, 0, 0, 1, 0, 0, 1, 0, 1, 0, 0, 0, 0, 0, 0, 0, 0, 1, 0, 0, 0, 1, 0, 0, 0, 1, 0, 0, 0, 0, 0, 0, 0, 0, 0, 0]"
L2_arctic_WAV/EBVS_arctic_a0401,"[4, 2, 29, 41, 30, 34, 29, 14, 6, 28, 17, 23, 33, 6, 29, 28, 25, 2, 30, 17, 16, 33, 8, 36, 2, 24, 41, 35, 2, 36, 2, 30, 17, 2, 27, 28, 12, 16]","[17, 2, 29, 3, 7, 34, 29, 14, 6, 28, 23, 33, 6, 29, 28, 25, 2, 29, 16, 33, 31, 11, 36, 2, 24, 3, 35, 2, 36, 34, 2, 7, 2, 27, 28, 12, 16]","[1, 0, 0, 1, 1, 0, 0, 0, 0, 0, 1, 0, 0, 0, 0, 0, 0, 0, 1, 1, 0, 0, 1, 0, 0, 0, 1, 0, 0, 0, 1, 1, 1, 0, 0, 0, 0, 0]"
L2_arctic_WAV/EBVS_arctic_a0416,"[4, 2, 41, 17, 2, 17, 39, 19, 6, 36, 24, 41, 17, 2, 38, 2, 28, 3, 34, 2, 36, 25, 12, 38, 22, 6, 22, 36, 25, 30, 29, 14, 6, 2, 28, 40, 32, 1, 14, 11, 33]","[4, 2, 3, 17, 2, 17, 39, 19, 6, 24, 3, 38, 2, 38, 2, 28, 3, 34, 2, 36, 25, 8, 22, 22, 6, 22, 36, 25, 7, 29, 14, 6, 2, 28, 34, 16, 1, 14, 11, 33]","[0, 0, 1, 0, 0, 0, 0, 0, 0, 1, 0, 1, 1, 0, 0, 0, 0, 0, 0, 0, 0, 0, 1, 1, 0, 0, 0, 0, 0, 1, 0, 0, 0, 0, 0, 1, 1, 0, 0, 0, 0]"
L2_arctic_WAV/EBVS_arctic_a0441,"[38, 14, 6, 2, 28, 2, 30, 36, 28, 14, 6, 22, 2, 30, 17, 41, 10, 28, 5, 36, 6, 27, 34, 32, 8, 33, 36, 34, 24, 41, 17, 30, 5, 38, 1, 2, 32, 25, 28, 17, 36, 2, 29, 25]","[38, 14, 6, 2, 28, 2, 30, 36, 28, 14, 6, 22, 2, 7, 41, 10, 28, 5, 36, 25, 27, 5, 34, 32, 8, 33, 24, 3, 4, 30, 5, 38, 1, 2, 32, 25, 28, 25, 17, 36, 2, 29, 25]","[0, 0, 0, 0, 0, 0, 0, 0, 0, 0, 0, 0, 0, 1, 1, 0, 0, 0, 0, 0, 1, 0, 0, 0, 0, 0, 1, 1, 0, 1, 1, 0, 0, 0, 0, 0, 0, 0, 0, 0, 0, 0, 0, 0]"
L2_arctic_WAV/EBVS_arctic_a0487,"[4, 2, 33, 6, 38, 1, 16, 5, 33, 17, 6, 36, 34, 16, 11, 40, 2, 29, 2, 30, 17, 34, 30, 8, 33, 36, 6, 7, 34, 36, 25, 29, 16, 31, 11, 36, 34, 35, 41, 28, 2, 30, 18, 17, 4, 2, 39, 6, 28, 17, 1, 30, 2, 34]","[4, 2, 33, 6, 38, 1, 16, 33, 33, 36, 6, 40, 16, 11, 40, 2, 29, 2, 7, 24, 29, 8, 33, 36, 6, 7, 5, 34, 36, 25, 29, 16, 31, 11, 36, 34, 35, 3, 28, 2, 30, 9, 6, 17, 4, 5, 39, 6, 28, 17, 1, 30, 5, 34]","[0, 0, 0, 0, 0, 0, 0, 1, 0, 1, 0, 1, 1, 0, 0, 0, 0, 0, 0, 1, 1, 1, 1, 0, 0, 0, 0, 0, 0, 0, 0, 0, 0, 0, 0, 0, 0, 0, 1, 0, 0, 0, 1, 0, 0, 1, 0, 0, 0, 0, 0, 0, 1, 0]"
L2_arctic_WAV/EBVS_arctic_a0500,"[24, 37, 4, 2, 17, 5, 38, 2, 28, 23, 19, 6, 38, 6, 36, 36, 6, 26, 37, 36, 2, 16, 25, 18, 12, 18, 2, 30, 17, 18, 11, 33, 25]","[24, 37, 17, 2, 17, 5, 38, 6, 28, 23, 19, 6, 22, 25, 36, 36, 6, 18, 37, 36, 2, 16, 25, 18, 11, 35, 2, 24, 18, 11, 33, 25]","[0, 0, 1, 0, 0, 0, 0, 1, 0, 0, 0, 0, 1, 1, 0, 0, 0, 1, 0, 0, 0, 0, 0, 0, 1, 1, 0, 1, 1, 0, 0, 0, 0]"
L2_arctic_WAV/EBVS_arctic_a0548,"[8, 28, 34, 31, 11, 35, 1, 35, 2, 40, 2, 30, 17, 32, 33, 25, 35, 1, 40, 14, 6, 24, 41, 17, 30, 5, 38, 1, 30, 31, 11, 30]","[8, 28, 34, 31, 11, 35, 1, 35, 2, 34, 2, 29, 16, 33, 25, 35, 1, 34, 14, 6, 24, 3, 17, 30, 5, 38, 1, 30, 31, 11, 7]","[0, 0, 0, 0, 0, 0, 0, 0, 0, 1, 0, 1, 1, 1, 0, 0, 0, 0, 1, 0, 0, 0, 1, 0, 0, 0, 0, 0, 0, 0, 0, 1]"
L2_arctic_WAV/EBVS_arctic_a0556,"[24, 39, 14, 6, 24, 25, 40, 16, 8, 36, 22, 8, 33, 36, 25, 32, 14, 11, 30, 40, 12, 38, 23, 11, 17, 40, 22, 33, 12, 29, 26, 37, 8, 28, 33, 5, 17, 25]","[24, 39, 14, 6, 24, 25, 34, 16, 31, 11, 22, 8, 33, 36, 25, 16, 8, 30, 34, 8, 38, 23, 37, 17, 34, 22, 33, 8, 29, 26, 37, 8, 28, 33, 5, 17, 25]","[0, 0, 0, 0, 0, 0, 1, 0, 1, 1, 0, 0, 0, 0, 0, 1, 1, 1, 0, 1, 1, 0, 0, 1, 0, 1, 0, 0, 1, 0, 0, 0, 0, 0, 0, 0, 0, 0]"
L2_arctic_WAV/EBVS_arctic_b0019,"[24, 6, 40, 34, 28, 6, 29, 24, 41, 30, 17, 40, 23, 33, 6, 32, 36, 4, 25, 5, 18, 2, 40, 12, 38, 4, 2, 36, 19, 6, 16, 2, 28]","[34, 28, 25, 29, 24, 3, 30, 34, 23, 33, 25, 32, 2, 36, 17, 5, 18, 34, 12, 38, 4, 2, 17, 19, 6, 16, 2, 33]","[1, 1, 1, 0, 0, 1, 0, 0, 1, 0, 1, 1, 0, 0, 1, 0, 1, 1, 1, 0, 0, 1, 1, 0, 0, 0, 0, 1, 0, 0, 0, 0, 1]"
L2_arctic_WAV/EBVS_arctic_b0042,"[36, 5, 30, 29, 6, 30, 2, 36, 34, 24, 41, 17, 30, 3, 36, 6, 28, 41, 32, 34, 36, 34, 6, 30, 34, 24, 25, 24, 41, 17, 17, 33, 3, 32, 36, 4, 2, 24, 41, 7, 27, 1, 35, 25, 22]","[36, 5, 30, 29, 6, 30, 2, 36, 34, 24, 3, 17, 30, 3, 36, 6, 28, 41, 32, 34, 36, 34, 25, 30, 34, 24, 25, 24, 3, 36, 17, 33, 3, 32, 6, 36, 4, 5, 24, 3, 7, 27, 1, 35, 25, 22]","[0, 0, 0, 0, 0, 0, 0, 0, 0, 0, 1, 0, 0, 0, 0, 0, 0, 0, 0, 0, 0, 0, 1, 0, 0, 0, 0, 0, 1, 1, 0, 0, 0, 0, 0, 0, 1, 0, 1, 0, 0, 0, 0, 0, 0]"
L2_arctic_WAV/EBVS_arctic_b0070,"[4, 5, 33, 39, 3, 40, 30, 31, 11, 35, 41, 30, 34, 36, 2, 22, 14, 6, 1, 39, 6, 4, 14, 11, 36, 24, 6, 36, 6, 7, 24, 6, 29]","[17, 5, 33, 39, 2, 33, 30, 31, 11, 35, 3, 30, 34, 36, 2, 22, 14, 6, 39, 6, 17, 14, 11, 36, 24, 25, 36, 25, 7, 24, 25, 29]","[1, 0, 0, 0, 1, 1, 0, 0, 0, 0, 1, 0, 0, 0, 0, 0, 0, 0, 1, 0, 0, 1, 0, 0, 0, 0, 1, 0, 1, 0, 0, 1, 0]"
L2_arctic_WAV/EBVS_arctic_b0150,"[41, 30, 17, 24, 25, 39, 12, 40, 22, 6, 28, 17, 39, 6, 10, 2, 34, 36, 33, 19, 6, 30, 18, 41, 30, 17, 22, 8, 33, 16, 31, 11, 17, 6, 7, 22, 6, 33]","[3, 7, 24, 25, 39, 12, 34, 22, 25, 28, 25, 17, 39, 25, 36, 2, 34, 36, 33, 19, 6, 30, 3, 7, 22, 8, 33, 16, 33, 25, 7, 22, 6, 33]","[1, 1, 1, 0, 0, 0, 0, 1, 0, 1, 0, 0, 0, 1, 1, 0, 0, 0, 0, 0, 0, 0, 1, 1, 1, 1, 0, 0, 0, 0, 1, 1, 1, 1, 0, 0, 0, 0]"
L2_arctic_WAV/EBVS_arctic_b0187,"[24, 1, 33, 2, 35, 25, 38, 29, 2, 30, 36, 34, 39, 6, 10, 27, 31, 11, 27, 31, 11, 30, 12, 36, 34, 39, 1, 2, 33, 5, 38, 2, 28, 19, 6, 9, 2, 30]","[24, 1, 24, 5, 33, 2, 35, 25, 34, 29, 5, 30, 36, 39, 25, 36, 27, 31, 11, 27, 31, 11, 30, 25, 36, 34, 39, 1, 2, 33, 5, 28, 19, 6, 9, 2, 7]","[0, 0, 0, 0, 0, 0, 1, 0, 1, 0, 0, 1, 0, 1, 1, 0, 0, 0, 0, 0, 0, 0, 1, 0, 0, 0, 0, 0, 0, 0, 1, 1, 0, 0, 0, 0, 0, 1]"
L2_arctic_WAV/EBVS_arctic_b0269,"[24, 39, 14, 6, 30, 3, 36, 5, 30, 25, 33, 19, 6, 28, 33, 31, 11, 17, 34, 36, 19, 6, 9, 2, 30, 8, 33, 22, 5, 33, 25, 17, 25, 32, 31, 11]","[24, 39, 14, 6, 30, 31, 11, 36, 5, 30, 25, 33, 31, 11, 17, 5, 34, 36, 19, 6, 9, 2, 30, 8, 33, 22, 1, 28, 25, 17, 25, 32, 31, 11, 36]","[0, 0, 0, 0, 0, 1, 0, 0, 0, 0, 1, 1, 1, 1, 0, 0, 0, 0, 0, 0, 0, 0, 0, 0, 0, 0, 0, 0, 1, 1, 0, 0, 0, 0, 0, 0]"
L2_arctic_WAV/EBVS_arctic_b0279,"[24, 25, 23, 19, 6, 38, 39, 12, 30, 28, 41, 34, 34, 30, 3, 33, 28, 41, 30, 17, 34, 28, 6, 17, 22, 33, 12, 29, 38, 26, 37, 2, 29, 12, 7, 4, 2, 36, 33, 25, 40]","[24, 25, 23, 19, 6, 22, 39, 12, 30, 28, 41, 34, 34, 2, 29, 3, 33, 28, 3, 7, 5, 24, 28, 25, 17, 22, 33, 8, 29, 16, 26, 37, 2, 29, 8, 7, 17, 2, 36, 33, 25, 34]","[0, 0, 0, 0, 0, 1, 0, 0, 0, 0, 0, 0, 0, 1, 0, 0, 0, 1, 1, 1, 1, 0, 1, 0, 0, 0, 1, 0, 1, 0, 0, 0, 0, 1, 0, 1, 0, 0, 0, 0, 1]"
L2_arctic_WAV/EBVS_arctic_b0298,"[24, 6, 40, 24, 41, 30, 17, 9, 3, 36, 14, 11, 36, 2, 30, 17, 27, 28, 12, 35, 36, 27, 33, 11, 27, 2, 17, 28, 5, 23, 16, 14, 6, 4, 2, 30, 5, 27]","[24, 25, 34, 24, 3, 30, 9, 12, 36, 14, 11, 36, 2, 7, 27, 28, 12, 35, 27, 33, 11, 27, 2, 17, 28, 5, 24, 16, 14, 6, 17, 2, 30, 5, 27]","[0, 1, 1, 0, 1, 0, 1, 0, 1, 0, 0, 0, 0, 0, 1, 1, 0, 0, 0, 0, 1, 0, 0, 0, 0, 0, 0, 0, 0, 1, 0, 0, 0, 1, 0, 0, 0, 0]"
L2_arctic_WAV/EBVS_arctic_b0304,"[24, 6, 40, 32, 33, 25, 38, 25, 2, 34, 39, 14, 6, 38, 40, 24, 41, 17, 30, 5, 38, 1, 28, 6, 38, 17, 28, 8, 7, 6, 30, 12, 22, 36, 2, 16, 5, 33, 24, 6, 29, 35, 6, 28, 17, 33, 2, 30]","[24, 25, 34, 16, 33, 25, 38, 25, 2, 40, 39, 14, 6, 22, 24, 3, 17, 30, 5, 38, 1, 28, 25, 17, 28, 8, 7, 21, 6, 30, 31, 11, 22, 36, 2, 16, 26, 12, 33, 24, 25, 29, 35, 25, 28, 33, 5, 7]","[0, 1, 1, 1, 0, 0, 0, 0, 0, 1, 0, 0, 0, 1, 1, 0, 1, 0, 0, 0, 0, 0, 0, 1, 1, 0, 0, 0, 0, 0, 0, 1, 0, 0, 0, 0, 1, 0, 0, 1, 0, 0, 1, 0, 1, 0, 1, 1]"
L2_arctic_WAV/EBVS_arctic_b0413,"[24, 25, 29, 19, 6, 17, 6, 40, 14, 6, 1, 36, 6, 6, 34, 27, 19, 6, 32, 32, 19, 6, 30, 8, 33, 36, 37, 6, 30, 18, 8, 6, 32, 28, 5, 13, 1]","[24, 25, 29, 19, 6, 17, 6, 34, 3, 1, 36, 6, 6, 34, 27, 19, 6, 32, 16, 19, 6, 7, 8, 33, 36, 37, 6, 30, 26, 8, 6, 16, 28, 5, 9, 1]","[0, 0, 0, 0, 0, 0, 0, 1, 1, 1, 0, 0, 0, 0, 0, 0, 0, 0, 0, 1, 0, 0, 1, 0, 0, 0, 0, 0, 0, 1, 0, 0, 1, 0, 0, 1, 0]"
L2_arctic_WAV/EBVS_arctic_b0434,"[4, 2, 34, 36, 37, 1, 17, 24, 41, 40, 18, 12, 34, 36, 36, 5, 30, 17, 1, 17, 29, 25, 2, 33, 6, 34, 32, 5, 27, 36, 22, 2, 28, 16, 6, 36, 12, 38, 2, 17, 38, 14, 6, 34]","[17, 5, 34, 36, 37, 1, 24, 41, 34, 18, 12, 34, 36, 36, 5, 30, 17, 1, 29, 25, 2, 34, 1, 32, 5, 27, 36, 22, 37, 21, 16, 25, 36, 8, 22, 2, 17, 16, 14, 6, 34]","[1, 1, 0, 0, 0, 0, 1, 0, 0, 1, 0, 0, 0, 0, 0, 0, 0, 0, 0, 1, 0, 0, 0, 1, 1, 1, 0, 0, 0, 0, 0, 1, 1, 0, 1, 0, 1, 1, 0, 0, 1, 0, 0, 0]"
L2_arctic_WAV/EBVS_arctic_b0461,"[16, 14, 6, 38, 1, 33, 35, 37, 12, 38, 4, 41, 36, 32, 14, 11, 1, 39, 25, 9, 41, 28, 33, 6, 29, 19, 6, 30, 6, 30, 32, 14, 11, 1]","[16, 14, 6, 16, 5, 21, 35, 33, 37, 8, 22, 17, 3, 36, 16, 14, 11, 1, 39, 25, 9, 41, 28, 33, 6, 29, 14, 6, 30, 25, 30, 16, 14, 11, 1]","[0, 0, 0, 1, 1, 1, 0, 0, 1, 1, 1, 1, 0, 1, 0, 0, 0, 0, 0, 0, 0, 0, 0, 0, 0, 1, 0, 0, 1, 0, 1, 0, 0, 0]"
L2_arctic_WAV/EBVS_arctic_b0494,"[30, 5, 38, 1, 34, 31, 11, 34, 36, 33, 19, 6, 30, 18, 2, 32, 33, 3, 22, 2, 36, 27, 19, 6, 29, 12, 32, 36, 37, 18, 1, 37, 34, 2, 28, 2, 29]","[30, 5, 38, 1, 34, 31, 11, 34, 36, 33, 19, 6, 30, 35, 2, 32, 33, 31, 11, 22, 2, 36, 27, 3, 29, 12, 32, 36, 37, 18, 1, 37, 34, 2, 28, 5, 29]","[0, 0, 0, 0, 0, 0, 0, 0, 0, 0, 0, 0, 0, 1, 0, 0, 0, 1, 0, 0, 0, 0, 1, 1, 0, 0, 0, 0, 0, 0, 0, 0, 0, 0, 0, 1, 0]"
L2_arctic_WAV/EBVS_arctic_b0503,"[4, 2, 34, 5, 30, 36, 34, 12, 38, 34, 36, 33, 19, 6, 30, 18, 38, 5, 18, 2, 36, 19, 6, 9, 2, 30, 16, 28, 37, 8, 22, 4, 2, 36, 33, 3, 32, 6, 27, 28, 41, 30, 17]","[17, 2, 34, 5, 30, 36, 34, 8, 22, 5, 34, 36, 33, 19, 6, 30, 35, 16, 5, 18, 2, 36, 19, 6, 9, 2, 7, 16, 28, 37, 8, 22, 17, 2, 36, 33, 3, 32, 6, 27, 28, 3, 7]","[1, 0, 0, 0, 0, 0, 0, 1, 1, 0, 0, 0, 0, 0, 0, 1, 1, 0, 0, 0, 0, 0, 0, 0, 0, 1, 0, 0, 0, 0, 0, 1, 0, 0, 0, 0, 0, 0, 0, 0, 1, 1, 1]"
L2_arctic_WAV/EBVS_arctic_b0534,"[14, 6, 28, 36, 5, 28, 26, 37, 4, 2, 28, 14, 6, 16, 33, 5, 33, 25, 2, 30, 34, 5, 17, 39, 6, 10, 2, 16, 33, 14, 6, 36, 30, 6, 7, 22, 19, 6, 34]","[14, 6, 28, 36, 5, 28, 26, 37, 17, 2, 28, 14, 6, 16, 33, 5, 33, 25, 17, 25, 2, 30, 34, 19, 6, 17, 39, 25, 36, 2, 16, 33, 14, 6, 36, 30, 25, 7, 22, 19, 6, 34]","[0, 0, 0, 0, 0, 0, 0, 0, 1, 0, 0, 0, 0, 0, 0, 0, 0, 0, 0, 0, 0, 1, 0, 0, 1, 1, 0, 0, 0, 0, 0, 0, 0, 1, 0, 0, 0, 0, 0]"
L2_arctic_WAV/EBVS_arctic_b0538,"[41, 36, 4, 2, 16, 5, 34, 36, 4, 19, 6, 39, 1, 30, 5, 34, 2, 34, 5, 33, 25, 41, 27, 34, 5, 34, 1, 25, 40]","[41, 36, 17, 2, 16, 5, 34, 36, 17, 19, 6, 39, 1, 30, 5, 34, 2, 34, 5, 33, 25, 41, 27, 34, 5, 34, 1, 25, 34]","[0, 0, 1, 0, 0, 0, 0, 0, 1, 0, 0, 0, 0, 0, 0, 0, 0, 0, 0, 0, 0, 0, 0, 0, 0, 0, 0, 0, 1]"
L2_arctic_WAV/ERMS_arctic_a0003,"[22, 33, 1, 4, 2, 36, 39, 5, 30, 36, 25, 2, 10, 36, 14, 6, 29, 4, 41, 36, 25, 38, 30, 6, 7, 4, 2, 36, 37, 29, 5, 30, 9, 11, 27, 24, 41, 30, 40]","[22, 33, 1, 4, 2, 36, 39, 5, 30, 36, 25, 2, 10, 36, 14, 6, 29, 17, 41, 36, 25, 16, 25, 30, 6, 7, 17, 2, 36, 37, 29, 5, 7, 9, 11, 27, 24, 41, 30, 34]","[0, 0, 0, 0, 0, 0, 0, 0, 0, 0, 0, 0, 0, 0, 0, 0, 0, 1, 0, 0, 0, 1, 0, 0, 0, 1, 0, 0, 0, 0, 0, 1, 0, 0, 0, 0, 0, 0, 1]"
L2_arctic_WAV/ERMS_arctic_a0005,"[39, 6, 28, 39, 25, 5, 38, 1, 22, 1, 23, 5, 36, 6, 36]","[39, 6, 28, 39, 25, 5, 38, 1, 22, 1, 23, 5, 36, 6, 36]","[0, 0, 0, 0, 0, 0, 0, 0, 0, 0, 0, 0, 0, 0, 0]"
L2_arctic_WAV/ERMS_arctic_a0006,"[23, 3, 17, 16, 28, 5, 34, 2, 29, 14, 6, 24, 31, 11, 32, 14, 6, 28, 23, 31, 11, 8, 30, 34, 25, 6, 7, 4, 5, 29, 22, 1, 5, 38, 1]","[23, 3, 17, 16, 28, 5, 34, 2, 29, 14, 6, 24, 31, 11, 32, 14, 6, 28, 23, 31, 11, 31, 11, 30, 34, 25, 6, 7, 17, 5, 29, 22, 1, 5, 38, 1]","[0, 0, 0, 0, 0, 0, 0, 0, 0, 0, 0, 0, 0, 0, 0, 0, 0, 0, 0, 0, 0, 1, 0, 0, 0, 0, 0, 1, 0, 0, 0, 0, 0, 0, 0]"
L2_arctic_WAV/ERMS_arctic_a0007,"[2, 30, 17, 26, 37, 8, 28, 39, 25, 40, 39, 3, 30, 36, 36, 2, 34, 25, 6, 36, 6, 30, 4, 2, 34, 11, 32, 1, 28, 2, 36, 6, 38, 17, 6, 23, 33, 25]","[2, 30, 17, 26, 31, 11, 8, 28, 39, 25, 40, 39, 3, 30, 36, 30, 2, 34, 25, 6, 36, 6, 30, 4, 19, 6, 34, 11, 32, 1, 28, 2, 36, 6, 38, 17, 6, 23, 33, 25]","[0, 0, 0, 0, 1, 0, 0, 0, 0, 0, 0, 0, 0, 0, 1, 0, 0, 0, 0, 0, 0, 0, 0, 1, 0, 0, 0, 0, 0, 0, 0, 0, 0, 0, 0, 0, 0, 0]"
L2_arctic_WAV/ERMS_arctic_a0008,"[23, 41, 17, 26, 11, 33, 28, 5, 36, 1, 27, 19, 6, 29, 18, 12, 34, 36, 6, 30, 36, 14, 6, 29]","[23, 41, 17, 26, 11, 33, 28, 5, 36, 1, 27, 19, 6, 29, 26, 12, 34, 36, 25, 30, 36, 14, 6, 29]","[0, 0, 0, 0, 0, 0, 0, 0, 0, 0, 0, 0, 0, 0, 1, 0, 0, 0, 1, 0, 0, 0, 0, 0]"
L2_arctic_WAV/ERMS_arctic_a0010,"[14, 6, 29, 32, 28, 19, 6, 6, 7, 2, 34, 6, 7, 23, 2, 28, 24, 41, 30, 17, 6, 30, 39, 12, 36, 28, 11, 27, 34, 28, 14, 6, 27, 2, 28, 37, 40, 6, 7, 23, 19, 6, 29]","[14, 6, 29, 32, 28, 19, 6, 6, 7, 2, 34, 25, 7, 23, 2, 28, 24, 3, 30, 17, 6, 7, 39, 12, 36, 28, 11, 27, 34, 28, 14, 6, 27, 2, 28, 37, 34, 6, 7, 23, 19, 6, 29]","[0, 0, 0, 0, 0, 0, 0, 0, 0, 0, 0, 1, 0, 0, 0, 0, 0, 1, 0, 0, 0, 1, 0, 0, 0, 0, 0, 0, 0, 0, 0, 0, 0, 0, 0, 0, 1, 0, 0, 0, 0, 0, 0]"
L2_arctic_WAV/ERMS_arctic_a0011,"[6, 22, 14, 6, 5, 38, 1, 30, 25, 17, 6, 17, 2, 22, 14, 6, 36, 1, 6, 30, 29, 14, 6, 28, 14, 6, 22, 14, 6, 30, 25, 17, 39, 12, 30, 30, 14, 11]","[6, 22, 14, 6, 5, 16, 1, 30, 25, 17, 6, 17, 2, 22, 14, 6, 36, 1, 6, 7, 29, 14, 6, 28, 14, 6, 22, 14, 6, 30, 25, 17, 39, 12, 30, 30, 14, 11]","[0, 0, 0, 0, 0, 1, 0, 0, 0, 0, 0, 0, 0, 0, 0, 0, 0, 0, 0, 1, 0, 0, 0, 0, 0, 0, 0, 0, 0, 0, 0, 0, 0, 0, 0, 0, 0, 0]"
L2_arctic_WAV/ERMS_arctic_a0013,"[24, 25, 39, 12, 40, 2, 24, 5, 17, 9, 8, 33, 36, 1, 4, 41, 30, 24, 6, 40, 27, 2, 29, 32, 41, 30, 26, 2, 30, 12, 38, 8, 28, 29, 31, 11, 34, 36, 17, 5, 28, 2, 27, 2, 36, 22, 2, 40, 25, 27]","[24, 25, 39, 12, 34, 2, 24, 5, 17, 35, 8, 33, 36, 1, 17, 41, 30, 24, 6, 34, 27, 2, 29, 32, 41, 30, 26, 2, 30, 12, 38, 8, 28, 29, 31, 11, 34, 36, 17, 5, 28, 2, 27, 19, 6, 36, 22, 22, 25, 34, 25, 27]","[0, 0, 0, 0, 1, 0, 0, 0, 0, 1, 0, 0, 0, 0, 1, 0, 0, 0, 0, 1, 0, 0, 0, 0, 0, 0, 0, 0, 0, 0, 0, 0, 0, 0, 0, 0, 0, 0, 0, 0, 0, 0, 0, 1, 0, 0, 1, 1, 0, 0]"
L2_arctic_WAV/ERMS_arctic_a0018,"[4, 5, 33, 39, 2, 40, 2, 35, 19, 6, 30, 18, 30, 14, 11]","[17, 5, 33, 39, 2, 34, 2, 35, 19, 6, 30, 18, 30, 14, 11]","[1, 0, 0, 0, 0, 1, 0, 0, 0, 0, 0, 0, 0, 0, 0]"
L2_arctic_WAV/ERMS_arctic_a0019,"[14, 6, 22, 3, 28, 31, 11, 17, 4, 12, 28, 14, 6, 30, 12, 38, 4, 2, 32, 33, 2, 32, 31, 11, 40, 17, 33, 19, 6, 28, 33, 31, 11, 17, 28, 11, 27, 6, 7, 22, 1, 35, 41, 30, 34, 2, 40]","[14, 6, 22, 8, 28, 31, 11, 21, 17, 12, 28, 14, 6, 30, 12, 38, 17, 2, 32, 33, 2, 32, 31, 11, 34, 33, 19, 6, 33, 31, 11, 17, 28, 11, 27, 6, 7, 22, 1, 35, 41, 30, 34, 2, 34]","[0, 0, 0, 1, 0, 0, 0, 1, 1, 0, 0, 0, 0, 0, 0, 0, 1, 0, 0, 0, 0, 0, 0, 0, 1, 1, 0, 0, 0, 1, 0, 0, 0, 0, 0, 0, 0, 0, 0, 0, 0, 0, 0, 0, 0, 0, 1]"
L2_arctic_WAV/ERMS_arctic_a0020,"[27, 28, 12, 16, 40, 2, 30, 17, 16, 8, 28, 40, 2, 30, 17, 34, 6, 36, 25, 40, 23, 33, 37, 36, 37, 16, 25, 31, 11, 30, 28, 25, 29, 5, 29, 1, 33, 25, 40]","[27, 28, 12, 16, 34, 2, 30, 17, 16, 8, 28, 40, 2, 30, 17, 34, 25, 36, 25, 40, 23, 33, 37, 36, 37, 16, 25, 31, 11, 30, 28, 25, 29, 5, 29, 31, 11, 33, 25, 34]","[0, 0, 0, 0, 1, 0, 0, 0, 0, 0, 0, 0, 0, 0, 0, 0, 1, 0, 0, 0, 0, 0, 0, 0, 0, 0, 0, 0, 0, 0, 0, 0, 0, 0, 0, 1, 0, 0, 1]"
L2_arctic_WAV/ERMS_arctic_a0021,"[6, 36, 22, 5, 33, 28, 25, 27, 28, 12, 16, 17, 29, 25, 6, 30, 36, 37, 33, 5, 27, 2, 23, 30, 14, 6, 40, 6, 7, 6, 36]","[6, 36, 22, 5, 28, 25, 27, 28, 3, 16, 17, 29, 25, 25, 30, 36, 37, 33, 5, 27, 2, 23, 30, 14, 6, 34, 6, 7, 6, 36]","[0, 0, 0, 0, 1, 0, 0, 0, 0, 1, 0, 0, 0, 0, 1, 0, 0, 0, 0, 0, 0, 0, 0, 0, 0, 0, 1, 0, 0, 0, 0]"
L2_arctic_WAV/ERMS_arctic_a0022,"[24, 3, 33, 17, 28, 25, 39, 1, 3, 33, 32, 28, 41, 30, 40, 29, 19, 6, 17, 32, 12, 16, 28, 6, 27, 16, 6, 22, 8, 33, 39, 25, 39, 1, 29, 5, 36, 16, 14, 6, 32, 14, 11, 1, 22, 2, 28, 3, 32, 2, 40, 6, 9, 2, 30]","[24, 3, 17, 28, 25, 39, 1, 3, 33, 32, 28, 41, 30, 34, 29, 19, 6, 17, 32, 12, 16, 28, 6, 27, 16, 6, 22, 8, 39, 25, 39, 1, 29, 5, 36, 16, 14, 6, 32, 14, 11, 1, 22, 2, 28, 3, 32, 2, 34, 25, 9, 2, 30]","[0, 0, 1, 0, 0, 0, 0, 0, 0, 0, 0, 0, 0, 0, 1, 0, 0, 0, 0, 0, 0, 0, 0, 0, 0, 0, 0, 0, 0, 1, 0, 0, 0, 0, 0, 0, 0, 0, 0, 0, 0, 0, 0, 0, 0, 0, 0, 0, 0, 0, 1, 1, 0, 0, 0]"
L2_arctic_WAV/ERMS_arctic_a0023,"[2, 27, 3, 29, 16, 2, 30, 19, 6, 9, 2, 30, 12, 38, 27, 2, 30, 19, 6, 17, 25, 2, 30, 27, 41, 32, 2, 36, 2, 28, 27, 39, 6, 27, 28, 25, 8, 33, 23, 2, 30, 14, 6, 40, 17, 2, 30, 17, 32, 2, 36, 6, 9, 2, 30, 17, 22, 33, 1, 4, 2, 34, 19, 6, 29, 32, 33, 6, 38, 6, 28, 2, 18, 2, 40]","[2, 27, 3, 29, 16, 25, 30, 19, 6, 9, 2, 7, 12, 38, 27, 2, 30, 19, 6, 17, 25, 2, 30, 27, 41, 32, 6, 36, 2, 27, 39, 6, 27, 28, 25, 8, 33, 23, 2, 30, 14, 6, 34, 36, 2, 30, 17, 32, 2, 36, 25, 9, 2, 30, 17, 22, 33, 1, 4, 2, 34, 19, 6, 29, 32, 33, 6, 38, 6, 28, 2, 9, 2, 34]","[0, 0, 0, 0, 0, 1, 0, 0, 0, 0, 0, 1, 0, 0, 0, 0, 0, 0, 0, 0, 0, 0, 0, 0, 0, 0, 1, 0, 0, 1, 0, 0, 0, 0, 0, 0, 0, 0, 0, 0, 0, 0, 0, 1, 1, 0, 0, 0, 0, 0, 0, 1, 0, 0, 0, 0, 0, 0, 0, 0, 0, 0, 0, 0, 0, 0, 0, 0, 0, 0, 0, 0, 1, 0, 1]"
L2_arctic_WAV/ERMS_arctic_a0024,"[6, 36, 39, 12, 40, 29, 14, 6, 33, 6, 32, 8, 33, 36, 34, 22, 33, 12, 29, 4, 2, 30, 8, 33, 10, 24, 39, 6, 35, 35, 25, 22, 28, 25, 6, 30, 17, 37, 34, 36, 32, 25, 32, 2, 28, 36, 6, 16, 14, 6]","[6, 36, 39, 12, 34, 29, 14, 6, 33, 6, 32, 8, 33, 36, 34, 22, 33, 12, 29, 4, 2, 30, 8, 33, 36, 24, 39, 25, 35, 35, 25, 22, 28, 25, 6, 30, 17, 37, 34, 36, 32, 25, 32, 2, 28, 36, 6, 16, 14, 6]","[0, 0, 0, 0, 1, 0, 0, 0, 0, 0, 0, 0, 0, 0, 0, 0, 0, 0, 0, 0, 0, 0, 0, 0, 1, 0, 0, 1, 0, 0, 0, 0, 0, 0, 0, 0, 0, 0, 0, 0, 0, 0, 0, 0, 0, 0, 0, 0, 0, 0]"
L2_arctic_WAV/ERMS_arctic_a0025,"[14, 6, 39, 12, 40, 2, 16, 14, 11, 36, 36, 37, 17, 37, 4, 6, 34, 24, 39, 5, 30, 27, 37, 28, 1, 18, 12, 18, 29, 2, 30, 36, 32, 33, 6, 38, 19, 6, 28, 17]","[14, 6, 39, 12, 34, 2, 16, 14, 11, 36, 36, 37, 17, 37, 4, 25, 34, 24, 39, 5, 30, 27, 37, 28, 1, 18, 12, 18, 29, 2, 30, 36, 32, 33, 6, 16, 19, 6, 28, 36]","[0, 0, 0, 0, 1, 0, 0, 0, 0, 0, 0, 0, 0, 0, 0, 1, 0, 0, 0, 0, 0, 0, 0, 0, 0, 0, 0, 0, 0, 0, 0, 0, 0, 0, 0, 1, 0, 0, 0, 1]"
L2_arctic_WAV/ERMS_arctic_a0026,"[6, 36, 2, 27, 1, 17, 36, 37, 29, 25, 4, 41, 36, 4, 5, 33, 39, 11, 17, 24, 41, 38, 36, 37, 16, 25, 41, 30, 2, 27, 14, 11, 30, 36, 6, 7]","[6, 36, 2, 27, 26, 1, 17, 36, 37, 29, 25, 17, 41, 36, 17, 5, 33, 39, 11, 17, 24, 3, 16, 36, 37, 16, 25, 41, 30, 2, 27, 8, 30, 36, 6, 7]","[0, 0, 0, 0, 0, 0, 0, 0, 0, 0, 1, 0, 0, 1, 0, 0, 0, 0, 0, 0, 1, 1, 0, 0, 0, 0, 0, 0, 0, 0, 1, 1, 0, 0, 0, 0]"
L2_arctic_WAV/ERMS_arctic_a0027,"[36, 2, 29, 14, 6, 34, 1, 32, 33, 14, 6, 40, 24, 25, 16, 25, 23, 41, 30, 36, 2, 9, 31, 11, 41, 27, 9, 2, 28, 6, 30, 10, 37, 40, 25, 41, 40, 2, 29, 6, 30, 29, 14, 6, 22, 19, 6, 38, 1]","[36, 2, 29, 14, 6, 34, 1, 32, 33, 14, 6, 34, 24, 25, 16, 25, 23, 3, 30, 36, 2, 9, 31, 11, 41, 27, 9, 2, 28, 6, 30, 36, 37, 34, 25, 41, 34, 2, 29, 6, 30, 29, 14, 6, 22, 41, 38, 1]","[0, 0, 0, 0, 0, 0, 0, 0, 0, 0, 0, 1, 0, 0, 0, 0, 0, 1, 0, 0, 0, 0, 0, 0, 0, 0, 0, 0, 0, 0, 0, 1, 0, 1, 0, 0, 1, 0, 0, 0, 0, 0, 0, 0, 0, 1, 1, 0, 0]"
L2_arctic_WAV/ERMS_arctic_a0028,"[33, 3, 16, 1, 25, 16, 33, 14, 6, 16, 1, 25, 22, 33, 8, 17]","[33, 3, 16, 1, 25, 16, 33, 14, 6, 16, 1, 25, 22, 33, 8, 17]","[0, 0, 0, 0, 0, 0, 0, 0, 0, 0, 0, 0, 0, 0, 0, 0]"
L2_arctic_WAV/ERMS_arctic_a0029,"[4, 5, 33, 22, 8, 33, 34, 6, 40, 39, 1, 8, 33, 5, 17, 25, 29, 37, 38, 6, 7, 6, 30, 36, 37, 4, 2, 30, 8, 33, 10, 27, 12, 30, 36, 33, 25]","[17, 5, 33, 22, 8, 33, 34, 6, 40, 39, 1, 8, 33, 5, 17, 25, 29, 37, 16, 6, 7, 25, 30, 36, 37, 17, 2, 30, 8, 33, 36, 27, 12, 30, 36, 33, 25]","[1, 0, 0, 0, 0, 0, 0, 0, 0, 0, 0, 0, 0, 0, 0, 0, 0, 0, 1, 0, 0, 1, 0, 0, 0, 1, 0, 0, 0, 0, 1, 0, 0, 0, 0, 0, 0]"
L2_arctic_WAV/ERMS_arctic_a0030,"[14, 6, 24, 41, 17, 22, 19, 6, 10, 6, 30, 4, 5, 29]","[14, 6, 24, 41, 17, 22, 19, 6, 36, 6, 30, 17, 5, 29]","[0, 0, 0, 0, 0, 0, 0, 0, 1, 0, 0, 1, 0, 0]"
L2_arctic_WAV/ERMS_arctic_a0031,"[4, 19, 6, 39, 1, 10, 33, 25, 24, 12, 30, 17, 1, 17, 26, 3, 33, 17, 40, 2, 32, 3, 33, 36]","[17, 19, 6, 39, 1, 36, 33, 25, 24, 3, 30, 17, 1, 17, 26, 3, 33, 17, 34, 2, 32, 3, 33, 36]","[1, 0, 0, 0, 0, 1, 0, 0, 0, 1, 0, 0, 0, 0, 0, 0, 0, 0, 1, 0, 0, 0, 0, 0]"
L2_arctic_WAV/ERMS_arctic_a0032,"[34, 6, 30, 34, 4, 5, 30, 34, 12, 29, 29, 6, 34, 36, 6, 33, 25, 2, 34, 22, 8, 33, 34, 24, 41, 40, 16, 6, 30, 22, 14, 6, 36, 6, 7, 12, 34, 41, 36, 5, 38, 1, 25, 34, 36, 5, 32]","[34, 25, 30, 40, 17, 5, 30, 34, 12, 29, 29, 6, 34, 36, 6, 33, 25, 2, 34, 22, 8, 33, 34, 24, 41, 40, 16, 6, 30, 22, 14, 6, 36, 6, 7, 12, 34, 41, 36, 5, 38, 1, 25, 34, 36, 5, 32]","[0, 1, 0, 1, 1, 0, 0, 0, 0, 0, 0, 0, 0, 0, 0, 0, 0, 0, 0, 0, 0, 0, 0, 0, 0, 0, 0, 0, 0, 0, 0, 0, 0, 0, 0, 0, 0, 0, 0, 0, 0, 0, 0, 0, 0, 0, 0]"
L2_arctic_WAV/ERMS_arctic_a0036,"[9, 25, 36, 1, 30, 17, 6, 30, 41, 36, 4, 2, 24, 31, 11, 36, 5, 28]","[9, 25, 36, 1, 30, 36, 6, 30, 41, 36, 17, 5, 24, 31, 11, 36, 5, 28]","[0, 0, 0, 0, 0, 1, 0, 0, 0, 0, 1, 1, 0, 0, 0, 0, 0, 0]"
L2_arctic_WAV/ERMS_arctic_a0037,"[14, 6, 39, 12, 40, 4, 25, 31, 11, 30, 28, 25, 39, 12, 30, 24, 37, 33, 25, 29, 19, 6, 30, 17, 34, 6, 36, 6, 7]","[14, 6, 39, 12, 40, 4, 25, 31, 11, 30, 28, 25, 39, 3, 7, 24, 37, 33, 25, 29, 19, 6, 30, 36, 34, 25, 36, 25, 7]","[0, 0, 0, 0, 0, 0, 0, 0, 0, 0, 0, 0, 0, 1, 1, 0, 0, 0, 0, 0, 0, 0, 0, 1, 0, 1, 0, 1, 0]"
L2_arctic_WAV/ERMS_arctic_a0038,"[39, 6, 28, 24, 41, 38, 36, 2, 39, 3, 35, 3, 33, 35, 41, 30, 34, 6, 40]","[39, 6, 28, 24, 41, 16, 36, 2, 39, 3, 35, 3, 33, 35, 41, 30, 34, 6, 34]","[0, 0, 0, 0, 0, 1, 0, 0, 0, 0, 0, 0, 0, 0, 0, 0, 0, 0, 1]"
L2_arctic_WAV/ERMS_arctic_a0039,"[4, 2, 9, 6, 32, 9, 11, 17, 16, 25, 6, 30, 39, 6, 4, 6, 30, 2, 39, 25, 27, 1, 36, 5, 30, 17, 19, 6, 40]","[17, 2, 9, 25, 32, 9, 11, 17, 16, 25, 25, 7, 39, 6, 4, 25, 7, 2, 39, 25, 27, 1, 36, 5, 30, 17, 19, 6, 34]","[1, 0, 0, 1, 0, 0, 0, 0, 0, 0, 1, 1, 0, 0, 0, 1, 1, 0, 0, 0, 0, 0, 0, 0, 0, 0, 0, 0, 1]"
L2_arctic_WAV/ERMS_arctic_a0040,"[14, 6, 34, 2, 32, 31, 11, 40, 26, 37, 39, 12, 30, 17, 1, 39, 14, 6, 9, 25, 6, 40, 27, 12, 29, 6, 7, 12, 32, 24, 25, 33]","[14, 6, 34, 2, 32, 31, 11, 40, 26, 37, 39, 12, 30, 17, 1, 39, 14, 6, 9, 25, 6, 34, 27, 12, 29, 6, 7, 3, 32, 24, 25, 33]","[0, 0, 0, 0, 0, 0, 0, 0, 0, 0, 0, 0, 0, 0, 0, 0, 0, 0, 0, 0, 0, 1, 0, 0, 0, 0, 0, 1, 0, 0, 0, 0]"
L2_arctic_WAV/ERMS_arctic_a0041,"[29, 25, 30, 39, 14, 6, 28, 14, 6, 28, 23, 31, 11, 14, 11, 36, 36, 2, 16, 33, 25, 4, 2, 34, 32, 5, 28]","[29, 25, 30, 39, 14, 6, 28, 14, 6, 28, 23, 31, 11, 14, 11, 36, 41, 40, 16, 33, 25, 17, 2, 34, 32, 5, 28]","[0, 0, 0, 0, 0, 0, 0, 0, 0, 0, 0, 0, 0, 0, 0, 0, 1, 1, 0, 0, 0, 1, 0, 0, 0, 0, 0]"
L2_arctic_WAV/ERMS_arctic_a0042,"[24, 14, 11, 27, 11, 17, 24, 25, 6, 27, 34, 32, 28, 19, 6, 30, 24, 6, 40, 32, 2, 40, 5, 9, 2, 30, 12, 38, 4, 2, 34, 27, 5, 35]","[24, 14, 11, 27, 11, 36, 24, 25, 6, 27, 34, 32, 28, 19, 6, 30, 24, 6, 40, 32, 2, 34, 5, 9, 2, 30, 34, 12, 38, 17, 6, 34, 27, 5, 35]","[0, 0, 0, 0, 0, 1, 0, 0, 0, 0, 0, 0, 0, 0, 0, 0, 0, 0, 0, 0, 0, 1, 0, 0, 0, 0, 0, 0, 1, 1, 0, 0, 0, 0]"
L2_arctic_WAV/ERMS_arctic_a0045,"[24, 25, 29, 37, 38, 17, 2, 39, 19, 6, 41, 40, 27, 39, 14, 6, 2, 36, 28, 25, 5, 40, 24, 25, 24, 41, 17, 27, 12, 29]","[24, 25, 29, 37, 32, 2, 39, 19, 6, 41, 34, 27, 39, 14, 6, 2, 36, 28, 25, 5, 34, 24, 25, 24, 3, 36, 27, 12, 29]","[0, 0, 0, 0, 1, 1, 0, 0, 0, 0, 0, 1, 0, 0, 0, 0, 0, 0, 0, 0, 0, 1, 0, 0, 0, 1, 1, 0, 0, 0]"
L2_arctic_WAV/ERMS_arctic_a0046,"[4, 25, 23, 1, 28, 22, 19, 6, 34, 36, 24, 6, 29, 24, 1, 14, 6, 40, 9, 14, 6, 30, 6, 7, 39, 6, 10, 34, 12, 17, 2, 30, 22, 6, 33]","[17, 25, 23, 1, 28, 22, 19, 6, 34, 24, 6, 29, 24, 1, 14, 6, 34, 9, 14, 6, 30, 6, 7, 39, 6, 36, 34, 12, 17, 2, 30, 22, 6, 33]","[1, 0, 0, 0, 0, 0, 0, 0, 0, 1, 0, 0, 0, 0, 0, 0, 0, 1, 0, 0, 0, 0, 0, 0, 0, 0, 1, 0, 0, 0, 0, 0, 0, 0, 0]"
L2_arctic_WAV/ERMS_arctic_a0047,"[27, 28, 31, 11, 34, 16, 6, 34, 14, 6, 17, 24, 6, 29, 23, 28, 25, 29, 17, 4, 25, 39, 14, 6, 36, 22, 41, 7, 40, 12, 38, 4, 2, 39, 11, 28, 22, 17, 8, 23]","[27, 28, 31, 11, 34, 16, 6, 34, 14, 6, 17, 24, 6, 29, 23, 28, 25, 29, 17, 17, 25, 39, 14, 6, 36, 22, 3, 7, 34, 12, 38, 17, 2, 39, 8, 28, 22, 17, 8, 27]","[0, 0, 0, 0, 0, 0, 0, 0, 0, 0, 0, 0, 0, 0, 0, 0, 0, 0, 0, 1, 0, 0, 0, 0, 0, 0, 1, 0, 1, 0, 0, 1, 0, 0, 1, 0, 0, 0, 0, 1]"
L2_arctic_WAV/ERMS_arctic_a0048,"[24, 25, 28, 11, 27, 36, 41, 36, 4, 2, 24, 41, 7, 27, 1, 35, 25, 22, 29, 8, 33, 27, 28, 31, 11, 34, 28, 25]","[24, 25, 28, 11, 27, 36, 41, 36, 17, 2, 24, 3, 30, 27, 1, 35, 25, 22, 29, 8, 33, 27, 28, 31, 11, 34, 28, 25]","[0, 0, 0, 0, 0, 0, 0, 0, 1, 0, 0, 1, 1, 0, 0, 0, 0, 0, 0, 0, 0, 0, 0, 0, 0, 0, 0, 0]"
L2_arctic_WAV/ERMS_arctic_a0051,"[4, 2, 28, 19, 6, 34, 39, 12, 40, 12, 38, 2, 17, 5, 28, 2, 27, 2, 36, 14, 6, 38, 1, 25, 27, 12, 28, 1, 22, 19, 6, 30, 36, 28, 25, 36, 6, 30, 36, 6, 17, 39, 6, 10, 26, 5, 28, 31, 11]","[17, 2, 28, 19, 6, 34, 39, 3, 34, 12, 38, 2, 17, 5, 28, 2, 27, 2, 36, 14, 6, 16, 1, 25, 27, 8, 28, 1, 22, 19, 6, 30, 36, 28, 25, 36, 25, 30, 36, 6, 17, 39, 6, 36, 26, 5, 28, 31, 11]","[1, 0, 0, 0, 0, 0, 0, 1, 1, 0, 0, 0, 0, 0, 0, 0, 0, 0, 0, 0, 0, 1, 0, 0, 0, 1, 0, 0, 0, 0, 0, 0, 0, 0, 0, 0, 1, 0, 0, 0, 0, 0, 0, 1, 0, 0, 0, 0, 0]"
L2_arctic_WAV/ERMS_arctic_a0052,"[6, 36, 39, 12, 40, 2, 27, 26, 11, 33, 25, 2, 34, 27, 31, 11, 6, 30, 34, 6, 17, 2, 30, 34]","[6, 36, 39, 12, 34, 2, 27, 26, 11, 33, 25, 2, 34, 27, 8, 6, 30, 34, 25, 17, 2, 30, 34]","[0, 0, 0, 0, 1, 0, 0, 0, 0, 0, 0, 0, 0, 0, 1, 1, 0, 0, 0, 1, 0, 0, 0, 0]"
L2_arctic_WAV/ERMS_arctic_a0053,"[34, 12, 17, 2, 30, 28, 25, 24, 6, 40, 22, 6, 7, 23, 1, 40, 27, 28, 31, 11, 40, 17, 36, 14, 6, 36, 28, 25, 31, 11, 38, 1, 4, 2, 24, 41, 7, 27, 1, 35, 25, 22]","[34, 12, 17, 2, 30, 28, 25, 24, 6, 34, 22, 25, 7, 23, 1, 34, 27, 28, 31, 11, 34, 36, 14, 6, 36, 28, 25, 31, 11, 16, 1, 17, 2, 24, 3, 7, 27, 1, 35, 25, 22]","[0, 0, 0, 0, 0, 0, 0, 0, 0, 1, 0, 1, 0, 0, 0, 1, 0, 0, 0, 0, 1, 1, 0, 0, 0, 0, 0, 0, 0, 0, 1, 0, 1, 0, 0, 1, 0, 0, 0, 0, 0, 0]"
L2_arctic_WAV/ERMS_arctic_a0054,"[4, 5, 33, 39, 12, 40, 30, 12, 10, 6, 7, 3, 30, 4, 2, 33, 3, 27]","[17, 5, 33, 39, 12, 34, 30, 12, 36, 6, 7, 3, 30, 17, 5, 33, 3, 27]","[1, 0, 0, 0, 0, 1, 0, 0, 1, 0, 0, 0, 0, 1, 1, 0, 0, 0]"
L2_arctic_WAV/ERMS_arctic_a0058,"[14, 6, 27, 19, 6, 29, 22, 33, 1, 6, 30, 22, 1, 29, 19, 6, 9, 2, 30, 29, 8, 33, 14, 11, 36, 2, 38, 27, 26, 11, 33, 25, 3, 34, 2, 36, 25, 4, 41, 30, 5, 30, 25, 10, 6, 7, 5, 28, 34]","[14, 6, 27, 19, 6, 29, 22, 33, 1, 6, 30, 22, 1, 29, 19, 6, 9, 2, 30, 29, 8, 33, 14, 11, 36, 27, 26, 11, 33, 25, 3, 34, 2, 36, 25, 17, 41, 7, 5, 30, 25, 36, 6, 7, 5, 28, 34]","[0, 0, 0, 0, 0, 0, 0, 0, 0, 0, 0, 0, 0, 0, 0, 0, 0, 0, 0, 0, 0, 0, 0, 0, 0, 1, 1, 0, 0, 0, 0, 0, 0, 0, 0, 0, 0, 1, 0, 1, 0, 0, 0, 1, 0, 0, 0, 0, 0]"
L2_arctic_WAV/ERMS_arctic_a0059,"[24, 6, 40, 6, 29, 41, 27, 26, 37, 28, 6, 36, 2, 32, 6, 33, 2, 30, 34, 39, 12, 40, 23, 8, 30]","[24, 6, 34, 6, 29, 41, 27, 26, 37, 28, 6, 36, 2, 32, 6, 33, 2, 30, 34, 39, 3, 34, 23, 8, 30]","[0, 0, 1, 0, 0, 0, 0, 0, 0, 0, 0, 0, 0, 0, 0, 0, 0, 0, 0, 0, 1, 1, 0, 0, 0]"
L2_arctic_WAV/ERMS_arctic_a0060,"[5, 30, 25, 39, 19, 6, 30, 31, 11, 39, 12, 30, 34, 8, 24, 1, 28, 14, 6, 27, 4, 41, 36]","[5, 30, 25, 39, 19, 6, 30, 31, 11, 39, 3, 30, 34, 8, 24, 1, 28, 14, 6, 27, 17, 41, 36]","[0, 0, 0, 0, 0, 0, 0, 0, 0, 0, 1, 0, 0, 0, 0, 0, 0, 0, 0, 0, 1, 0, 0]"
L2_arctic_WAV/ERMS_arctic_a0062,"[4, 2, 29, 5, 30, 34, 36, 5, 33, 17, 6, 30, 36, 37, 25, 35, 12, 4, 1, 33, 40, 22, 19, 6, 34]","[17, 2, 29, 41, 30, 5, 34, 36, 5, 33, 17, 25, 30, 36, 37, 25, 35, 12, 4, 1, 33, 34, 22, 19, 6, 34]","[1, 0, 0, 1, 0, 0, 0, 0, 0, 0, 1, 0, 0, 0, 0, 0, 0, 0, 0, 0, 1, 0, 0, 0, 0]"
L2_arctic_WAV/ERMS_arctic_a0063,"[26, 5, 34, 6, 36, 39, 12, 40, 2, 29, 41, 30, 24, 37, 41, 34, 27, 36, 2, 34, 36, 33, 19, 6, 30, 18, 1]","[18, 5, 34, 6, 36, 39, 3, 34, 2, 29, 3, 30, 24, 37, 41, 34, 27, 36, 2, 34, 36, 33, 19, 6, 30, 26, 1]","[1, 0, 0, 0, 0, 0, 1, 1, 0, 0, 1, 0, 0, 0, 0, 0, 0, 0, 0, 0, 0, 0, 0, 0, 0, 1, 0]"
L2_arctic_WAV/ERMS_arctic_a0064,"[4, 2, 22, 8, 33, 10, 2, 30, 17, 22, 6, 22, 10, 17, 19, 6, 40, 32, 41, 34, 36, 39, 6, 4, 14, 11, 36, 5, 30, 25, 17, 6, 38, 5, 28, 2, 32, 29, 2, 30, 36, 34]","[17, 2, 22, 8, 33, 36, 3, 7, 22, 25, 22, 36, 17, 19, 6, 34, 32, 41, 34, 36, 39, 6, 4, 14, 11, 36, 5, 30, 25, 17, 5, 16, 5, 28, 2, 32, 29, 2, 30, 36, 34]","[1, 0, 0, 0, 0, 1, 1, 1, 1, 0, 1, 0, 1, 0, 0, 0, 1, 0, 0, 0, 0, 0, 0, 0, 0, 0, 0, 0, 0, 0, 0, 1, 1, 0, 0, 0, 0, 0, 0, 0, 0, 0]"
L2_arctic_WAV/ERMS_arctic_a0065,"[4, 19, 6, 27, 28, 31, 11, 40, 17, 30, 14, 11, 2, 30, 36, 6, 28, 24, 6, 40, 22, 6, 7, 23, 1, 40, 39, 1, 28, 14, 6, 27, 27, 8, 33, 17, 40, 12, 38, 34, 36, 25, 28]","[17, 19, 6, 27, 28, 31, 11, 34, 30, 14, 11, 2, 30, 36, 25, 24, 6, 34, 22, 25, 7, 23, 1, 34, 39, 1, 28, 14, 6, 27, 27, 8, 33, 17, 34, 12, 38, 34, 36, 25, 28]","[1, 0, 0, 0, 0, 0, 0, 1, 1, 0, 0, 0, 0, 0, 0, 1, 1, 0, 0, 1, 0, 1, 0, 0, 0, 1, 0, 0, 0, 0, 0, 0, 0, 0, 0, 0, 1, 0, 0, 0, 0, 0, 0]"
L2_arctic_WAV/ERMS_arctic_a0067,"[9, 11, 33, 28, 25, 14, 6, 39, 2, 28, 6, 27, 34, 27, 26, 37, 40, 26, 37, 9, 25, 27, 33, 14, 6, 17]","[9, 11, 33, 28, 25, 14, 6, 39, 25, 28, 6, 27, 34, 27, 26, 37, 34, 26, 37, 9, 25, 27, 33, 14, 6, 36]","[0, 0, 0, 0, 0, 0, 0, 0, 1, 0, 0, 0, 0, 0, 0, 0, 1, 0, 0, 0, 0, 0, 0, 0, 0, 1]"
L2_arctic_WAV/ERMS_arctic_a0071,"[24, 39, 12, 36, 39, 12, 40, 4, 25, 3, 16, 18, 5, 27, 36, 12, 38, 26, 11, 33, 28, 6, 36, 2, 28, 34, 5, 30, 34, 19, 6, 9, 2, 30]","[24, 39, 12, 36, 39, 12, 40, 40, 5, 3, 16, 18, 5, 27, 12, 38, 26, 11, 33, 28, 25, 36, 2, 28, 34, 5, 30, 34, 19, 6, 9, 2, 30, 36]","[0, 0, 0, 0, 0, 0, 0, 1, 1, 0, 0, 0, 0, 0, 1, 0, 0, 0, 0, 0, 0, 1, 0, 0, 0, 0, 0, 0, 0, 0, 0, 0, 0, 0]"
L2_arctic_WAV/ERMS_arctic_a0073,"[4, 2, 32, 33, 2, 29, 31, 11, 36, 1, 40, 14, 6, 40, 39, 1, 24, 5, 38, 25, 39, 6, 10, 28, 6, 36, 2, 28, 32, 12, 22, 25, 16, 41, 23, 40, 12, 30, 17, 1, 4, 5, 29]","[17, 2, 32, 33, 2, 29, 31, 11, 36, 1, 34, 14, 6, 34, 39, 1, 24, 5, 16, 25, 39, 6, 36, 28, 25, 36, 2, 28, 22, 16, 3, 22, 25, 16, 3, 23, 34, 12, 30, 17, 1, 17, 5, 29]","[1, 0, 0, 0, 0, 0, 0, 0, 0, 0, 1, 0, 0, 1, 0, 0, 0, 0, 1, 0, 0, 0, 1, 0, 1, 0, 0, 0, 1, 1, 0, 0, 0, 1, 0, 1, 0, 0, 0, 0, 1, 0, 0]"
L2_arctic_WAV/ERMS_arctic_a0075,"[4, 5, 33, 24, 41, 40, 16, 6, 30, 2, 35, 19, 6, 30, 18, 9, 25, 6, 30, 36, 1, 12, 32, 36, 6, 17, 24, 6, 29]","[17, 5, 33, 24, 41, 34, 16, 25, 7, 2, 35, 19, 6, 30, 18, 9, 25, 6, 30, 36, 1, 12, 32, 36, 24, 6, 29]","[1, 0, 0, 0, 0, 1, 0, 1, 1, 0, 0, 0, 0, 0, 0, 0, 0, 0, 0, 0, 0, 0, 0, 0, 1, 1, 0, 0, 0]"
L2_arctic_WAV/ERMS_arctic_a0076,"[4, 2, 23, 33, 19, 6, 14, 6, 40, 22, 3, 28, 36, 1, 17, 4, 2, 22, 28, 12, 9, 17, 25, 32, 2, 30, 17]","[17, 2, 23, 33, 19, 6, 17, 14, 6, 34, 22, 3, 28, 36, 1, 17, 17, 2, 22, 28, 12, 9, 17, 25, 32, 2, 30, 17]","[1, 0, 0, 0, 0, 0, 0, 0, 1, 0, 0, 0, 0, 0, 0, 1, 0, 0, 0, 0, 0, 0, 0, 0, 0, 0, 0]"
L2_arctic_WAV/ERMS_arctic_a0077,"[6, 36, 6, 40, 4, 2, 22, 14, 6, 1, 32, 3, 33, 36, 28, 25, 9, 25, 34, 5, 17]","[6, 36, 6, 40, 4, 2, 22, 14, 6, 1, 32, 3, 33, 36, 28, 25, 9, 25, 34, 5, 17]","[0, 0, 0, 0, 0, 0, 0, 0, 0, 0, 0, 0, 0, 0, 0, 0, 0, 0, 0, 0, 0]"
L2_arctic_WAV/ERMS_arctic_a0078,"[4, 5, 30, 2, 30, 17, 41, 36, 34, 12, 32, 1, 24, 25, 36, 33, 14, 6, 17, 36, 2, 22, 41, 4, 2, 29, 24, 1]","[4, 5, 30, 3, 30, 17, 41, 36, 34, 3, 32, 1, 24, 25, 36, 33, 14, 6, 17, 36, 2, 22, 3, 17, 8, 29, 24, 1]","[0, 0, 0, 1, 0, 0, 0, 0, 0, 1, 0, 0, 0, 0, 0, 0, 0, 0, 0, 0, 0, 0, 1, 1, 1, 0, 0, 0]"
L2_arctic_WAV/ERMS_arctic_a0079,"[6, 36, 39, 12, 40, 2, 28, 3, 33, 18, 27, 2, 30, 37]","[6, 36, 39, 12, 40, 2, 28, 3, 33, 13, 27, 2, 30, 37, 5]","[0, 0, 0, 0, 0, 0, 0, 0, 0, 1, 0, 0, 0, 0]"
L2_arctic_WAV/ERMS_arctic_a0081,"[24, 39, 12, 36, 6, 22, 9, 25, 17, 6, 17, 30, 3, 36, 27, 12, 29, 36, 2, 4, 2, 33, 3, 27]","[24, 39, 12, 36, 25, 22, 9, 25, 17, 25, 17, 30, 3, 36, 27, 12, 29, 36, 2, 17, 2, 33, 3, 27]","[0, 0, 0, 0, 1, 0, 0, 0, 0, 1, 0, 0, 0, 0, 0, 0, 0, 0, 0, 1, 0, 0, 0, 0]"
L2_arctic_WAV/ERMS_arctic_a0082,"[24, 6, 40, 22, 19, 6, 34, 39, 12, 40, 34, 36, 33, 25, 29, 6, 7, 39, 6, 10, 16, 28, 12, 17]","[24, 6, 40, 22, 19, 6, 39, 12, 34, 34, 36, 33, 25, 29, 6, 7, 39, 25, 17, 16, 28, 12, 17]","[0, 0, 0, 0, 0, 0, 1, 0, 0, 1, 0, 0, 0, 0, 0, 0, 0, 0, 1, 1, 0, 0, 0, 0]"
L2_arctic_WAV/ERMS_arctic_a0085,"[2, 36, 33, 6, 27, 2, 28, 12, 38, 22, 33, 5, 9, 16, 28, 12, 17, 33, 41, 30, 31, 11, 38, 1, 24, 6, 40, 22, 19, 6, 34]","[2, 34, 33, 25, 27, 2, 28, 12, 38, 22, 28, 5, 9, 16, 28, 12, 17, 33, 3, 30, 8, 16, 1, 24, 6, 40, 22, 19, 6, 34]","[0, 1, 0, 1, 0, 0, 0, 0, 0, 0, 1, 0, 0, 0, 0, 0, 0, 0, 1, 0, 1, 1, 1, 0, 0, 0, 0, 0, 0, 0, 0]"
L2_arctic_WAV/ERMS_arctic_a0086,"[17, 5, 10, 24, 41, 17, 27, 12, 29, 39, 6, 4, 36, 5, 33, 2, 16, 2, 28, 34, 12, 17, 2, 30, 30, 2, 34]","[17, 5, 36, 24, 3, 17, 27, 3, 29, 39, 25, 17, 36, 5, 33, 2, 16, 2, 28, 34, 3, 17, 3, 30, 30, 2, 34]","[0, 0, 1, 0, 1, 0, 0, 1, 0, 0, 1, 1, 0, 0, 0, 0, 0, 0, 0, 0, 1, 0, 1, 0, 0, 0, 0]"
L2_arctic_WAV/ERMS_arctic_a0088,"[24, 25, 29, 19, 6, 17, 9, 11, 33, 4, 2, 36, 4, 2, 29, 41, 23, 2, 40, 25, 30, 39, 12, 40, 28, 31, 11, 17, 2, 17, 2, 30, 17, 33, 6, 40, 37, 29, 17, 24, 6, 40, 32, 41, 17, 28, 6, 7]","[24, 25, 29, 19, 6, 17, 9, 11, 33, 17, 3, 36, 17, 2, 29, 41, 23, 2, 34, 25, 30, 39, 12, 34, 28, 31, 11, 36, 3, 30, 17, 33, 6, 34, 25, 2, 29, 24, 25, 34, 32, 3, 4, 28, 6, 7]","[0, 0, 0, 0, 0, 0, 0, 0, 0, 1, 1, 0, 1, 0, 0, 0, 0, 0, 1, 0, 0, 0, 0, 1, 0, 0, 0, 1, 1, 1, 1, 0, 0, 0, 0, 1, 1, 1, 1, 0, 1, 1, 0, 1, 1, 0, 0, 0]"
L2_arctic_WAV/ERMS_arctic_a0089,"[4, 2, 30, 14, 6, 36, 23, 28, 31, 11, 39, 12, 40, 36, 33, 5, 35, 1, 2, 34, 36, 2, 9, 37, 36, 16, 14, 6]","[17, 5, 30, 14, 6, 36, 23, 28, 31, 11, 39, 12, 34, 36, 33, 25, 35, 1, 2, 34, 36, 2, 9, 37, 36, 16, 14, 6]","[1, 1, 0, 0, 0, 0, 0, 0, 0, 0, 0, 0, 1, 0, 0, 1, 0, 0, 0, 0, 0, 0, 0, 0, 0, 0, 0, 0]"
L2_arctic_WAV/ERMS_arctic_a0090,"[4, 2, 34, 6, 7, 6, 7, 38, 8, 6, 34, 2, 32, 33, 31, 11, 35, 36, 33, 41, 32, 2, 17, 28, 25]","[17, 5, 34, 25, 7, 23, 25, 29, 16, 8, 6, 34, 2, 32, 33, 31, 11, 35, 33, 3, 32, 2, 17, 28, 25]","[1, 1, 0, 1, 0, 1, 1, 1, 0, 0, 0, 0, 0, 0, 0, 0, 0, 1, 0, 1, 0, 0, 0, 0, 0]"
L2_arctic_WAV/ERMS_arctic_a0091,"[24, 6, 40, 16, 28, 12, 17, 23, 33, 37, 24, 3, 36, 39, 6, 4, 33, 19, 6, 18, 41, 36, 4, 2, 10, 8, 36]","[24, 6, 34, 16, 28, 12, 17, 23, 33, 25, 24, 3, 36, 39, 6, 17, 2, 33, 19, 6, 35, 3, 36, 4, 5, 10, 8, 36]","[0, 0, 1, 0, 0, 0, 0, 0, 0, 1, 0, 0, 0, 0, 0, 1, 0, 0, 0, 1, 1, 0, 0, 1, 0, 0, 0]"
L2_arctic_WAV/ERMS_arctic_a0092,"[24, 25, 39, 5, 30, 36, 17, 14, 11, 30, 6, 30, 29, 6, 17, 34, 36, 33, 25, 29, 34, 1, 35, 6, 7, 4, 2, 9, 41, 17, 31, 11, 40, 12, 38, 16, 31, 11, 10, 9, 8, 33, 40]","[24, 25, 39, 5, 30, 36, 17, 14, 11, 30, 25, 30, 29, 25, 17, 34, 36, 33, 25, 29, 34, 1, 35, 6, 7, 17, 2, 9, 3, 4, 31, 11, 34, 12, 38, 16, 31, 11, 36, 9, 8, 33, 34]","[0, 0, 0, 0, 0, 0, 0, 0, 0, 0, 1, 0, 0, 1, 0, 0, 0, 0, 0, 0, 0, 0, 0, 0, 0, 1, 0, 0, 1, 1, 0, 0, 1, 0, 0, 0, 0, 0, 1, 0, 0, 0, 1]"
L2_arctic_WAV/ERMS_arctic_a0093,"[22, 8, 33, 2, 22, 11, 28, 29, 6, 30, 2, 36, 24, 25, 27, 33, 14, 11, 35, 36, 2, 30, 17, 28, 6, 34, 2, 30, 17]","[22, 8, 33, 2, 22, 37, 28, 29, 25, 30, 2, 36, 24, 25, 27, 33, 14, 11, 35, 36, 3, 30, 17, 28, 25, 34, 2, 30, 17]","[0, 0, 0, 0, 0, 1, 0, 0, 1, 0, 0, 0, 0, 0, 0, 0, 0, 0, 0, 0, 1, 0, 0, 0, 1, 0, 0, 0, 0]"
L2_arctic_WAV/ERMS_arctic_a0094,"[24, 25, 24, 41, 17, 16, 5, 33, 28, 25, 5, 30, 36, 1, 17, 4, 6, 34, 39, 5, 30, 24, 25, 34, 8, 4, 12, 23, 28, 31, 11, 12, 38, 2, 22, 14, 6, 33]","[24, 25, 24, 3, 17, 16, 5, 33, 28, 25, 5, 30, 36, 1, 17, 17, 25, 34, 39, 5, 7, 24, 25, 34, 31, 11, 17, 5, 23, 28, 31, 11, 12, 38, 2, 22, 14, 6, 33]","[0, 0, 0, 1, 0, 0, 0, 0, 0, 0, 0, 0, 0, 0, 0, 1, 1, 0, 0, 0, 1, 0, 0, 0, 1, 1, 1, 0, 0, 0, 0, 0, 0, 0, 0, 0, 0, 0]"
L2_arctic_WAV/ERMS_arctic_a0095,"[2, 16, 6, 23, 27, 41, 30, 38, 2, 34, 36, 5, 30, 36, 39, 12, 40, 4, 2, 22, 1, 34, 36, 10, 6, 7, 36, 2, 27, 12, 29, 39, 6, 4, 6, 30, 24, 6, 40, 38, 6, 13, 2, 30]","[2, 16, 25, 23, 27, 41, 30, 38, 2, 34, 36, 5, 30, 36, 39, 3, 40, 4, 2, 22, 1, 34, 34, 25, 7, 36, 2, 27, 12, 29, 39, 25, 4, 25, 30, 24, 6, 40, 16, 6, 9, 2, 30]","[0, 0, 1, 0, 0, 0, 0, 0, 0, 0, 0, 0, 0, 0, 0, 1, 0, 0, 0, 0, 0, 0, 1, 1, 1, 0, 0, 0, 0, 0, 0, 0, 1, 0, 1, 0, 0, 0, 0, 1, 0, 1, 0, 0]"
L2_arctic_WAV/ERMS_arctic_a0096,"[32, 1, 24, 41, 32, 34, 9, 25, 24, 41, 17, 8, 28, 33, 5, 17, 25, 29, 5, 36, 24, 1, 22, 19, 6, 36, 2, 28, 6, 36, 2, 28, 17, 25, 32, 1, 6, 30, 4, 2, 22, 8, 33, 2, 34, 36]","[32, 1, 24, 3, 32, 34, 9, 25, 24, 3, 17, 8, 28, 33, 5, 17, 25, 29, 5, 36, 24, 1, 22, 19, 6, 36, 2, 28, 25, 36, 2, 28, 17, 25, 32, 1, 6, 30, 4, 2, 22, 8, 33, 2, 34, 36]","[0, 0, 0, 1, 0, 0, 0, 0, 0, 1, 0, 0, 0, 0, 0, 0, 0, 0, 0, 0, 0, 0, 0, 0, 0, 0, 0, 0, 1, 0, 0, 0, 0, 0, 0, 0, 0, 0, 0, 0, 0, 0, 0, 0, 0, 0]"
L2_arctic_WAV/ERMS_arctic_a0097,"[4, 5, 30, 26, 37, 27, 41, 30, 1, 19, 6, 30, 18, 26, 1, 34, 5, 28, 22, 27, 12, 29, 22, 1, 36, 2, 16, 28, 25, 2, 29, 12, 7, 4, 25, 40, 33, 31, 11, 16, 40, 6, 30, 4, 2, 16, 31, 11]","[17, 5, 30, 26, 37, 27, 3, 30, 1, 19, 6, 30, 18, 18, 1, 34, 5, 28, 22, 27, 8, 29, 22, 8, 36, 2, 16, 28, 25, 2, 29, 31, 11, 30, 17, 25, 34, 33, 31, 11, 16, 34, 6, 30, 17, 5, 16, 31, 11]","[1, 0, 0, 0, 0, 0, 1, 0, 0, 0, 0, 0, 0, 1, 0, 0, 0, 0, 0, 0, 1, 0, 0, 1, 0, 0, 0, 0, 0, 0, 0, 1, 1, 1, 0, 1, 0, 0, 0, 0, 1, 0, 0, 1, 1, 0, 0, 0]"
L2_arctic_WAV/ERMS_arctic_a0098,"[9, 41, 28, 14, 6, 27, 41, 33, 25, 26, 37]","[9, 41, 28, 14, 6, 27, 3, 33, 25, 26, 37]","[0, 0, 0, 0, 0, 0, 1, 0, 0, 0, 0]"
L2_arctic_WAV/ERMS_arctic_a0099,"[2, 29, 41, 17, 2, 30, 6, 7, 18, 8, 6, 32, 14, 11, 30, 17, 6, 17, 6, 30, 24, 6, 40, 16, 33, 19, 6, 30]","[2, 29, 41, 17, 6, 7, 18, 8, 6, 32, 14, 11, 30, 17, 6, 17, 25, 7, 24, 25, 40, 16, 33, 19, 6, 7]","[0, 0, 0, 0, 1, 1, 0, 0, 0, 0, 0, 0, 0, 0, 0, 0, 0, 0, 1, 1, 0, 1, 0, 0, 0, 0, 0, 1]"
L2_arctic_WAV/ERMS_arctic_a0100,"[26, 37, 29, 12, 34, 36, 34, 28, 25, 32, 24, 25, 1, 18, 17]","[18, 37, 29, 3, 34, 34, 28, 25, 32, 24, 25, 1, 35]","[1, 0, 0, 1, 0, 1, 0, 0, 0, 0, 0, 0, 0, 1, 1]"
L2_arctic_WAV/ERMS_arctic_a0101,"[26, 37, 26, 37, 39, 11, 17, 30, 3, 36, 27, 25, 32, 4, 2, 36, 33, 37, 10, 22, 33, 12, 29, 29, 25]","[26, 37, 26, 37, 39, 11, 17, 30, 31, 11, 36, 27, 25, 32, 17, 5, 36, 33, 37, 36, 22, 33, 8, 29, 29, 25]","[0, 0, 0, 0, 0, 0, 0, 0, 1, 0, 0, 0, 0, 1, 1, 0, 0, 0, 1, 0, 0, 1, 0, 0, 0]"
L2_arctic_WAV/ERMS_arctic_a0102,"[24, 25, 39, 6, 28, 22, 3, 28, 31, 11, 12, 34, 34, 37, 30]","[24, 25, 39, 6, 28, 22, 8, 28, 31, 11, 3, 34, 34, 37, 30]","[0, 0, 0, 0, 0, 0, 1, 0, 0, 0, 1, 0, 0, 0, 0]"
L2_arctic_WAV/ERMS_arctic_a0103,"[16, 12, 36, 4, 5, 33, 27, 19, 6, 29, 30, 31, 11, 32, 33, 3, 29, 2, 34, 22, 1, 29, 4, 2, 16, 31, 11, 12, 38, 4, 2, 27, 2, 30, 37]","[16, 3, 36, 17, 5, 33, 27, 19, 6, 29, 30, 31, 11, 32, 33, 3, 29, 2, 34, 22, 1, 29, 17, 2, 16, 14, 11, 31, 11, 38, 17, 5, 27, 2, 30, 31, 11, 5]","[0, 1, 0, 1, 0, 0, 0, 0, 0, 0, 0, 0, 0, 0, 0, 0, 0, 0, 0, 0, 0, 0, 1, 0, 0, 1, 0, 1, 0, 1, 1, 0, 0, 0, 1]"
L2_arctic_WAV/ERMS_arctic_a0104,"[9, 25, 39, 12, 40, 34, 28, 25, 32, 6, 7, 12, 30, 17, 1, 24, 6, 40, 32, 33, 2, 36, 5, 27, 9, 2, 30, 41, 40, 34, 39, 25, 36, 28, 25, 41, 40, 2, 35, 14, 6, 28, 17]","[9, 25, 39, 3, 34, 34, 28, 25, 32, 25, 7, 12, 30, 17, 1, 24, 6, 40, 32, 33, 2, 36, 5, 27, 9, 2, 7, 3, 34, 34, 39, 25, 36, 28, 25, 3, 34, 2, 35, 14, 6, 28, 17]","[0, 0, 0, 1, 1, 0, 0, 0, 0, 1, 0, 0, 0, 0, 0, 0, 0, 0, 0, 0, 0, 0, 0, 0, 0, 0, 1, 1, 1, 0, 0, 0, 0, 0, 0, 1, 1, 0, 0, 0, 0, 0, 0]"
L2_arctic_WAV/ERMS_arctic_a0105,"[31, 11, 30, 28, 25, 6, 36, 6, 40, 34, 31, 11, 39, 12, 30, 17, 1, 22, 2, 28, 34, 31, 11, 8, 28, 29, 31, 11, 34, 36, 6, 29, 32, 3, 34, 2, 16, 2, 28, 36, 37, 16, 6, 28, 25, 38]","[31, 11, 7, 28, 25, 25, 36, 25, 34, 34, 31, 11, 39, 8, 30, 17, 1, 22, 2, 28, 34, 31, 11, 8, 28, 29, 31, 11, 34, 36, 6, 29, 32, 3, 34, 2, 16, 2, 28, 36, 37, 16, 6, 28, 25, 22]","[0, 0, 1, 0, 0, 1, 0, 1, 1, 0, 0, 0, 0, 1, 0, 0, 0, 0, 0, 0, 0, 0, 0, 0, 0, 0, 0, 0, 0, 0, 0, 0, 0, 0, 0, 0, 0, 0, 0, 0, 0, 0, 0, 0, 0, 1]"
L2_arctic_WAV/ERMS_arctic_a0106,"[4, 25, 6, 29, 31, 11, 9, 2, 30, 39, 6, 35, 9, 25, 24, 41, 17, 34, 2, 32, 33, 5, 34, 36, 16, 1, 34, 36, 22, 8, 33, 10, 30, 14, 11, 6, 30, 2, 35, 31, 11, 27, 6, 7, 34, 3, 16]","[17, 25, 6, 29, 31, 11, 9, 2, 30, 39, 25, 36, 9, 25, 24, 41, 17, 34, 2, 32, 33, 5, 34, 36, 16, 1, 34, 36, 22, 8, 33, 36, 30, 14, 11, 6, 30, 2, 9, 8, 27, 6, 7, 34, 3, 16]","[1, 0, 0, 0, 0, 0, 0, 0, 0, 0, 1, 1, 0, 0, 0, 0, 0, 0, 0, 0, 0, 0, 0, 0, 0, 0, 0, 0, 0, 0, 0, 1, 0, 0, 0, 0, 0, 0, 1, 1, 1, 0, 0, 0, 0, 0, 0]"
L2_arctic_WAV/ERMS_arctic_a0107,"[6, 22, 26, 37, 31, 11, 30, 28, 25, 27, 11, 17, 30, 31, 11, 24, 14, 11, 14, 6, 10, 41, 7, 27, 26, 37]","[6, 38, 26, 37, 31, 11, 30, 28, 25, 27, 11, 17, 30, 31, 11, 24, 14, 11, 14, 6, 10, 41, 27, 26, 37]","[0, 1, 0, 0, 0, 0, 0, 0, 0, 0, 0, 0, 0, 0, 0, 0, 0, 0, 0, 0, 0, 0, 1, 0, 0, 0]"
L2_arctic_WAV/ERMS_arctic_a0108,"[24, 25, 39, 19, 6, 17, 6, 17, 6, 30, 36, 2, 4, 25, 5, 18, 2, 38, 4, 2, 39, 8, 36, 1, 2, 30, 17, 16, 25, 23, 41, 30, 34, 27, 33, 12, 16, 6, 7, 24, 6, 29, 34, 5, 28, 22]","[24, 25, 39, 19, 6, 36, 6, 17, 6, 30, 36, 2, 17, 25, 19, 6, 13, 2, 38, 17, 5, 39, 8, 36, 1, 3, 30, 16, 25, 23, 3, 30, 5, 34, 27, 33, 3, 29, 16, 28, 6, 7, 24, 6, 29, 34, 5, 28, 22]","[0, 0, 0, 0, 0, 1, 0, 0, 0, 0, 0, 0, 1, 0, 1, 1, 0, 0, 1, 1, 0, 0, 0, 0, 1, 0, 1, 0, 0, 0, 1, 0, 0, 0, 0, 1, 0, 0, 0, 0, 0, 0, 0, 0, 0, 0]"
L2_arctic_WAV/ERMS_arctic_a0109,"[17, 37, 26, 37, 30, 31, 11, 4, 41, 36, 26, 37, 3, 33, 9, 19, 6, 27, 6, 7, 29, 14, 6, 27, 3, 30, 22, 2, 17, 2, 30, 34, 6, 30, 26, 37]","[17, 37, 26, 37, 30, 31, 11, 17, 3, 36, 26, 37, 33, 9, 9, 19, 6, 27, 6, 7, 29, 14, 6, 27, 3, 30, 22, 2, 17, 2, 30, 34, 6, 30, 18, 37]","[0, 0, 0, 0, 0, 0, 0, 1, 1, 0, 0, 0, 1, 1, 0, 0, 0, 0, 0, 0, 0, 0, 0, 0, 0, 0, 0, 0, 0, 0, 0, 0, 0, 0, 1, 0]"
L2_arctic_WAV/ERMS_arctic_a0111,"[6, 30, 34, 36, 5, 17, 24, 25, 18, 8, 6, 30, 17, 24, 1, 2, 30, 17, 4, 19, 6, 19, 6, 36, 28, 14, 6, 27, 36, 37, 24, 12, 7, 23, 33, 25, 35, 6, 28, 17, 33, 2, 30]","[25, 30, 34, 36, 5, 17, 24, 25, 18, 8, 6, 30, 17, 24, 1, 2, 30, 17, 4, 19, 6, 19, 6, 36, 28, 14, 6, 27, 36, 37, 24, 3, 7, 23, 33, 25, 35, 25, 28, 17, 33, 2, 30]","[1, 0, 0, 0, 0, 0, 0, 0, 0, 0, 0, 0, 0, 0, 0, 0, 0, 0, 0, 0, 0, 0, 0, 0, 0, 0, 0, 0, 0, 0, 0, 1, 0, 0, 0, 0, 0, 1, 0, 0, 0, 0, 0]"
L2_arctic_WAV/ERMS_arctic_a0112,"[24, 25, 39, 12, 40, 39, 37, 30, 17, 6, 17, 6, 30, 4, 25, 3, 33, 29]","[24, 25, 39, 3, 34, 39, 37, 30, 17, 6, 17, 6, 30, 17, 25, 3, 33, 29, 32]","[0, 0, 0, 1, 1, 0, 0, 0, 0, 0, 0, 0, 0, 1, 0, 0, 0, 0]"
L2_arctic_WAV/ERMS_arctic_a0113,"[14, 6, 34, 2, 32, 31, 11, 40, 26, 37, 32, 6, 27, 36, 4, 41, 36, 28, 6, 7, 23, 31, 11, 12, 32, 2, 29, 12, 7, 4, 25, 6, 30, 17, 25, 2, 30, 40]","[14, 6, 34, 2, 32, 31, 11, 34, 18, 37, 32, 25, 27, 36, 17, 41, 36, 28, 25, 7, 23, 31, 11, 3, 32, 2, 29, 8, 7, 17, 25, 25, 30, 17, 25, 2, 30, 34]","[0, 0, 0, 0, 0, 0, 0, 1, 1, 0, 0, 1, 0, 0, 1, 0, 0, 0, 1, 0, 0, 0, 0, 1, 0, 0, 0, 1, 0, 1, 0, 1, 0, 0, 0, 0, 0, 1]"
L2_arctic_WAV/ERMS_arctic_a0115,"[24, 25, 24, 41, 17, 30, 31, 11, 6, 27, 34, 27, 26, 37, 40, 22, 8, 33, 4, 2, 22, 25, 28, 6, 7, 40, 39, 6, 35, 39, 1, 1, 14, 11, 40, 17, 6, 30, 24, 6, 29]","[24, 25, 24, 3, 17, 30, 31, 11, 6, 27, 34, 27, 26, 37, 34, 22, 8, 33, 17, 2, 22, 25, 28, 6, 30, 34, 39, 6, 35, 39, 1, 1, 14, 11, 34, 25, 7, 24, 25, 29]","[0, 0, 0, 1, 0, 0, 0, 0, 0, 0, 0, 0, 0, 0, 1, 0, 0, 0, 1, 0, 0, 0, 0, 0, 1, 1, 0, 0, 0, 0, 0, 0, 0, 0, 1, 1, 1, 1, 0, 1, 0]"
L2_arctic_WAV/ERMS_arctic_a0116,"[39, 12, 40, 6, 36, 4, 2, 33, 3, 30, 17, 6, 38, 37, 12, 38, 4, 31, 11, 40, 24, 37, 39, 1, 34, 36, 33, 14, 6, 38, 6, 7, 36, 37, 39, 1, 27, 24, 6, 40, 33, 37, 6, 30]","[39, 12, 34, 25, 36, 17, 2, 33, 5, 30, 17, 6, 16, 31, 11, 34, 12, 22, 17, 31, 11, 34, 24, 37, 39, 1, 34, 34, 36, 33, 14, 6, 16, 25, 30, 36, 37, 39, 1, 27, 24, 6, 34, 33, 37, 25, 7]","[0, 0, 1, 1, 0, 1, 0, 0, 1, 0, 0, 0, 1, 1, 0, 1, 1, 0, 0, 1, 0, 0, 0, 0, 0, 0, 0, 0, 0, 1, 1, 1, 0, 0, 0, 0, 0, 0, 0, 1, 0, 0, 1, 1]"
L2_arctic_WAV/ERMS_arctic_a0117,"[9, 25, 41, 17, 2, 17, 39, 6, 4, 18, 5, 30, 26, 37, 39, 6, 30, 34, 6, 29, 32, 2, 10, 25, 6, 30, 24, 1, 22, 19, 6, 34, 2, 30, 17, 38, 8, 6, 34]","[9, 25, 41, 36, 2, 17, 39, 25, 17, 18, 5, 30, 26, 37, 39, 25, 30, 36, 34, 25, 29, 22, 2, 36, 25, 25, 7, 24, 1, 22, 19, 6, 34, 2, 30, 17, 38, 8, 6, 34]","[0, 0, 0, 1, 0, 0, 0, 1, 1, 0, 0, 0, 0, 0, 0, 1, 0, 0, 1, 0, 1, 0, 1, 0, 1, 1, 0, 0, 0, 0, 0, 0, 0, 0, 0, 0, 0, 0, 0]"
L2_arctic_WAV/ERMS_arctic_a0120,"[29, 14, 6, 33, 14, 6, 36, 22, 11, 36, 22, 25, 28, 40, 28, 14, 6, 27, 4, 41, 36, 2, 38, 2, 35, 14, 6, 30, 25, 40, 17, 5, 16, 26, 2, 36, 3, 30, 36]","[29, 14, 6, 33, 14, 6, 36, 22, 37, 36, 22, 25, 28, 34, 28, 14, 6, 27, 4, 41, 36, 2, 38, 2, 35, 14, 6, 30, 25, 40, 17, 5, 16, 26, 2, 36, 3, 30, 36]","[0, 0, 0, 0, 0, 0, 0, 0, 1, 0, 0, 0, 0, 1, 0, 0, 0, 0, 0, 0, 0, 0, 0, 0, 0, 0, 0, 0, 0, 0, 0, 0, 0, 0, 0, 0, 0, 0, 0]"
L2_arctic_WAV/ERMS_arctic_a0121,"[4, 19, 6, 19, 6, 36, 17, 6, 30, 1, 41, 36, 4, 2, 22, 6, 22, 10, 2, 30, 17, 33, 5, 34, 36, 2, 17, 22, 33, 1, 36, 37, 14, 11, 1, 40]","[17, 19, 6, 19, 6, 36, 17, 25, 30, 1, 3, 36, 17, 2, 22, 25, 22, 36, 3, 30, 33, 5, 34, 36, 2, 17, 22, 33, 1, 36, 37, 14, 11, 1, 34]","[1, 0, 0, 0, 0, 0, 0, 1, 0, 0, 1, 0, 1, 0, 0, 1, 0, 1, 1, 0, 1, 0, 0, 0, 0, 0, 0, 0, 0, 0, 0, 0, 0, 0, 0, 1]"
L2_arctic_WAV/ERMS_arctic_a0122,"[36, 37, 26, 1, 40, 2, 23, 31, 11, 14, 6, 23, 19, 6, 38, 12, 32, 34, 6, 38, 2, 28, 6, 40, 19, 6, 9, 2, 30, 22, 1, 4, 6, 34]","[36, 37, 26, 1, 40, 2, 23, 31, 11, 14, 6, 23, 19, 6, 16, 12, 32, 36, 34, 6, 38, 2, 28, 6, 34, 19, 6, 9, 2, 30, 22, 1, 17, 6, 34]","[0, 0, 0, 0, 0, 0, 0, 0, 0, 0, 0, 0, 0, 0, 1, 0, 0, 0, 0, 0, 0, 0, 0, 1, 0, 0, 0, 0, 0, 0, 0, 1, 0, 0]"
L2_arctic_WAV/ERMS_arctic_a0123,"[9, 25, 24, 41, 17, 17, 14, 6, 17, 22, 33, 12, 29, 27, 31, 11, 28, 17, 2, 30, 17, 34, 36, 3, 33, 38, 19, 6, 9, 2, 30]","[9, 25, 24, 3, 17, 17, 14, 6, 22, 33, 12, 29, 27, 8, 28, 3, 30, 5, 34, 36, 3, 33, 16, 19, 6, 9, 2, 30]","[0, 0, 0, 1, 0, 0, 0, 0, 1, 0, 0, 0, 0, 0, 1, 1, 0, 1, 1, 0, 1, 0, 0, 0, 0, 1, 0, 0, 0, 0, 0]"
L2_arctic_WAV/ERMS_arctic_a0125,"[24, 25, 39, 12, 40, 17, 6, 36, 1, 29, 2, 30, 17, 30, 14, 11, 36, 37, 29, 19, 6, 30, 36, 19, 6, 30, 2, 29, 8, 33, 34, 1, 36, 2, 30, 24, 31, 11, 28, 17, 2, 32, 3, 30, 24, 6, 29, 34, 5, 28, 22]","[24, 25, 39, 3, 40, 17, 6, 36, 1, 29, 25, 7, 30, 14, 11, 36, 37, 29, 3, 30, 36, 19, 6, 30, 2, 29, 8, 33, 34, 34, 1, 36, 2, 7, 24, 31, 11, 28, 11, 32, 3, 30, 24, 25, 29, 34, 5, 28, 22]","[0, 0, 0, 1, 0, 0, 0, 0, 0, 0, 1, 1, 1, 0, 0, 0, 0, 0, 0, 1, 1, 0, 0, 0, 0, 0, 0, 0, 0, 0, 0, 0, 0, 0, 1, 0, 0, 0, 0, 1, 1, 0, 0, 0, 0, 1, 0, 0, 0, 0, 0]"
L2_arctic_WAV/ERMS_arctic_a0126,"[25, 35, 17, 19, 6, 9, 25, 16, 25, 27, 19, 6, 29, 2, 29, 8, 33, 38, 14, 6, 36, 2, 28, 32, 3, 33, 36, 12, 38, 24, 6, 29]","[25, 13, 17, 19, 6, 9, 25, 16, 25, 27, 19, 6, 29, 2, 29, 8, 33, 16, 14, 6, 36, 2, 28, 32, 3, 33, 36, 12, 38, 24, 25, 29]","[0, 1, 0, 0, 0, 0, 0, 0, 0, 0, 0, 0, 0, 0, 0, 0, 0, 1, 0, 0, 0, 0, 0, 0, 0, 0, 0, 0, 0, 0, 1, 0]"
L2_arctic_WAV/ERMS_arctic_a0127,"[6, 36, 39, 12, 40, 2, 36, 5, 29, 36, 19, 6, 9, 2, 30, 16, 12, 36, 24, 25, 33, 6, 40, 6, 34, 36, 6, 17, 6, 36]","[6, 36, 39, 12, 34, 2, 36, 5, 29, 36, 19, 6, 9, 2, 7, 16, 12, 36, 24, 25, 33, 6, 34, 6, 34, 36, 6, 17, 6, 36]","[0, 0, 0, 0, 1, 0, 0, 0, 0, 0, 0, 0, 0, 0, 1, 0, 0, 0, 0, 0, 0, 0, 1, 0, 0, 0, 0, 0, 0, 0]"
L2_arctic_WAV/ERMS_arctic_a0128,"[4, 6, 34, 39, 12, 30, 24, 31, 11, 32, 39, 3, 40, 17, 6, 34, 36, 33, 8, 6, 17, 5, 40, 27, 39, 6, 27, 28, 25, 41, 40, 6, 36, 39, 8, 40, 16, 8, 33, 30]","[17, 6, 40, 39, 12, 7, 24, 31, 11, 32, 39, 3, 40, 17, 25, 34, 36, 33, 8, 6, 17, 5, 34, 27, 39, 6, 27, 28, 25, 41, 34, 6, 36, 39, 8, 34, 16, 8, 33]","[1, 0, 1, 0, 0, 1, 0, 0, 0, 0, 0, 0, 0, 0, 1, 0, 0, 0, 0, 0, 0, 0, 1, 0, 0, 0, 0, 0, 0, 0, 1, 0, 0, 0, 0, 1, 0, 0, 0, 1]"
L2_arctic_WAV/ERMS_arctic_a0129,"[24, 1, 22, 19, 6, 34, 39, 12, 40, 2, 23, 5, 30, 34, 36, 24, 6, 40, 16, 33, 5, 34, 36]","[24, 1, 22, 19, 6, 34, 39, 3, 34, 2, 23, 19, 6, 30, 34, 36, 24, 25, 34, 16, 33, 5, 34, 36]","[0, 0, 0, 0, 0, 0, 0, 1, 1, 0, 0, 1, 0, 0, 0, 0, 1, 1, 0, 0, 0, 0, 0]"
L2_arctic_WAV/ERMS_arctic_a0130,"[9, 25, 39, 12, 40, 24, 6, 40, 30, 14, 11, 22, 1, 5, 38, 1]","[9, 25, 39, 3, 34, 24, 25, 34, 30, 14, 11, 22, 1, 5, 38, 1]","[0, 0, 0, 1, 1, 0, 1, 1, 0, 0, 0, 0, 0, 0, 0, 0]"
L2_arctic_WAV/ERMS_arctic_a0131,"[32, 33, 3, 38, 2, 17, 2, 30, 34, 24, 41, 17, 17, 6, 28, 6, 38, 1, 17, 24, 6, 29, 10, 33, 37, 4, 2, 29, 19, 6, 28, 34, 36, 33, 2, 29]","[32, 33, 3, 38, 2, 17, 2, 30, 34, 24, 3, 17, 17, 5, 28, 25, 16, 1, 17, 24, 25, 29, 36, 33, 37, 4, 2, 29, 41, 28, 34, 36, 33, 2, 29]","[0, 0, 0, 0, 0, 0, 0, 0, 0, 0, 1, 0, 0, 1, 0, 1, 1, 0, 0, 0, 1, 0, 1, 0, 0, 0, 0, 0, 1, 1, 0, 0, 0, 0, 0, 0]"
L2_arctic_WAV/ERMS_arctic_a0134,"[24, 25, 31, 11, 16, 19, 6, 17, 4, 2, 32, 33, 5, 9, 1, 12, 38, 24, 1, 24, 41, 30, 17]","[24, 25, 31, 11, 16, 19, 6, 17, 17, 5, 32, 33, 5, 9, 1, 12, 38, 24, 1, 24, 3, 30, 36]","[0, 0, 0, 0, 0, 0, 0, 0, 1, 1, 0, 0, 0, 0, 0, 0, 0, 0, 0, 0, 1, 0, 1]"
L2_arctic_WAV/ERMS_arctic_a0136,"[2, 16, 14, 11, 36, 24, 6, 29, 5, 38, 33, 25, 39, 5, 33, 39, 1, 4, 2, 5, 38, 2, 17, 2, 30, 34, 2, 40, 2, 38, 28, 12, 23, 13, 1, 25, 2, 30, 17, 2, 38, 19, 6, 18]","[2, 16, 14, 11, 24, 25, 29, 5, 16, 33, 25, 39, 5, 33, 39, 1, 17, 5, 5, 16, 2, 17, 2, 30, 34, 2, 34, 2, 38, 28, 11, 23, 13, 1, 25, 3, 30, 17, 2, 38, 19, 6, 9]","[0, 0, 0, 0, 1, 0, 1, 0, 0, 1, 0, 0, 0, 0, 0, 0, 0, 1, 1, 0, 1, 0, 0, 0, 0, 0, 0, 1, 0, 0, 0, 1, 0, 0, 0, 0, 1, 0, 0, 0, 0, 0, 0, 1]"
L2_arctic_WAV/ERMS_arctic_a0137,"[4, 5, 30, 24, 25, 34, 36, 5, 32, 36, 16, 41, 27, 39, 6, 4, 2, 28, 31, 11, 27, 33, 14, 6, 12, 38, 32, 28, 5, 13, 1]","[17, 5, 7, 24, 25, 5, 34, 36, 5, 32, 2, 36, 16, 3, 27, 39, 6, 17, 2, 28, 31, 11, 27, 33, 14, 6, 12, 38, 32, 28, 5, 9, 1]","[1, 0, 1, 0, 0, 0, 0, 0, 0, 0, 0, 1, 0, 0, 0, 1, 0, 0, 0, 0, 0, 0, 0, 0, 0, 0, 0, 0, 0, 1, 0]"
L2_arctic_WAV/ERMS_arctic_a0139,"[24, 25, 36, 31, 11, 28, 17, 24, 6, 29, 34, 5, 28, 22, 4, 41, 36, 41, 40, 24, 25, 39, 3, 9, 36, 24, 6, 29, 34, 5, 28, 22, 2, 30, 17, 23, 33, 37, 29, 17, 24, 6, 40, 17, 6, 9, 5, 38, 2, 28, 17, 27, 28, 31, 11, 4, 40]","[24, 25, 36, 31, 11, 28, 17, 24, 25, 29, 34, 5, 28, 22, 17, 3, 36, 41, 34, 24, 25, 39, 3, 9, 36, 24, 6, 29, 34, 5, 28, 22, 2, 30, 17, 23, 33, 37, 29, 17, 24, 25, 40, 17, 6, 9, 5, 16, 2, 28, 17, 27, 28, 31, 11, 4, 34]","[0, 0, 0, 0, 0, 0, 0, 0, 1, 0, 0, 0, 0, 0, 1, 1, 0, 0, 1, 0, 0, 0, 0, 0, 0, 0, 0, 0, 0, 0, 0, 0, 0, 0, 0, 0, 0, 0, 0, 0, 0, 1, 0, 0, 0, 0, 0, 1, 0, 0, 0, 0, 0, 0, 0, 0, 1]"
L2_arctic_WAV/ERMS_arctic_a0145,"[14, 6, 24, 41, 38, 36, 2, 16, 25, 27, 5, 33, 22, 2, 28, 12, 38, 4, 5, 29, 41, 40, 4, 19, 6, 36, 6, 33, 38, 5, 33, 25, 25, 40, 2, 28, 25]","[14, 6, 24, 3, 16, 36, 2, 16, 25, 27, 5, 33, 22, 2, 28, 12, 38, 17, 5, 29, 3, 40, 17, 19, 6, 36, 6, 33, 16, 5, 33, 25, 25, 34, 2, 28, 25]","[0, 0, 0, 1, 1, 0, 0, 0, 0, 0, 0, 0, 0, 0, 0, 0, 0, 1, 0, 0, 1, 0, 1, 0, 0, 0, 0, 0, 1, 0, 0, 0, 0, 1, 0, 0, 0]"
L2_arctic_WAV/ERMS_arctic_a0148,"[30, 14, 11, 4, 25, 40, 10, 6, 7, 40, 24, 41, 17, 16, 6, 30, 34, 36, 33, 12, 27, 17, 5, 17, 39, 6, 4, 6, 30, 24, 6, 29]","[30, 14, 11, 17, 25, 34, 36, 25, 7, 34, 24, 3, 17, 16, 25, 7, 2, 34, 36, 33, 12, 27, 17, 5, 36, 39, 25, 17, 25, 7, 24, 25, 29]","[0, 0, 0, 1, 0, 1, 1, 1, 0, 1, 0, 1, 0, 0, 1, 1, 0, 0, 0, 0, 0, 0, 0, 1, 0, 1, 1, 1, 1, 0, 1, 0]"
L2_arctic_WAV/ERMS_arctic_a0154,"[24, 25, 39, 12, 40, 34, 29, 37, 10, 9, 19, 6, 38, 2, 30, 2, 30, 17, 24, 6, 40, 24, 5, 33, 2, 30, 17, 14, 6, 40, 39, 1, 16, 28, 41, 27]","[24, 25, 39, 3, 40, 21, 34, 29, 37, 36, 9, 19, 6, 16, 2, 30, 2, 30, 17, 24, 25, 34, 24, 5, 33, 2, 30, 17, 14, 6, 40, 39, 1, 16, 28, 41, 27]","[0, 0, 0, 1, 0, 0, 0, 0, 1, 0, 0, 0, 1, 0, 0, 0, 0, 0, 0, 1, 1, 0, 0, 0, 0, 0, 0, 0, 0, 0, 0, 0, 0, 0, 0, 0]"
L2_arctic_WAV/ERMS_arctic_a0159,"[4, 19, 6, 28, 11, 27, 41, 40, 4, 31, 11, 24, 25, 24, 41, 17, 16, 6, 30, 17, 33, 12, 29, 6, 7, 2, 32, 25, 41, 30, 31, 11, 8, 28, 24, 6, 40, 28, 14, 6, 22]","[17, 19, 6, 28, 37, 27, 3, 34, 17, 31, 11, 24, 25, 24, 41, 17, 16, 25, 30, 17, 33, 12, 29, 6, 7, 2, 32, 25, 41, 30, 31, 11, 8, 28, 24, 25, 34, 28, 14, 6, 22]","[1, 0, 0, 0, 1, 0, 1, 1, 1, 0, 0, 0, 0, 0, 0, 0, 0, 1, 0, 0, 0, 0, 0, 0, 0, 0, 0, 0, 0, 0, 0, 0, 0, 0, 0, 1, 1, 0, 0, 0, 0]"
L2_arctic_WAV/ERMS_arctic_a0170,"[4, 5, 33, 39, 12, 40, 30, 12, 30, 12, 38, 4, 25, 18, 8, 6, 12, 38, 29, 25, 36, 6, 7, 6, 30, 24, 6, 40, 22, 19, 6, 34]","[17, 5, 33, 39, 12, 34, 30, 12, 30, 12, 38, 4, 25, 18, 8, 6, 12, 38, 29, 25, 36, 6, 7, 25, 7, 24, 25, 34, 22, 19, 6, 34]","[1, 0, 0, 0, 0, 1, 0, 0, 0, 0, 0, 0, 0, 0, 0, 0, 0, 0, 0, 0, 0, 0, 0, 1, 1, 0, 1, 1, 0, 0, 0, 0]"
L2_arctic_WAV/ERMS_arctic_a0176,"[22, 8, 33, 4, 2, 22, 1, 34, 36, 36, 14, 6, 29, 6, 30, 24, 6, 40, 28, 14, 6, 22, 24, 25, 39, 12, 40, 26, 1, 30, 6, 7, 22, 8, 33, 2, 34, 27, 33, 41, 32]","[22, 8, 33, 17, 2, 22, 1, 34, 36, 36, 14, 6, 29, 25, 7, 24, 25, 34, 28, 14, 6, 22, 24, 25, 39, 12, 40, 26, 1, 30, 6, 7, 22, 8, 33, 2, 34, 27, 33, 41, 32]","[0, 0, 0, 1, 0, 0, 0, 0, 0, 0, 0, 0, 0, 1, 1, 0, 1, 1, 0, 0, 0, 0, 0, 0, 0, 0, 0, 0, 0, 0, 0, 0, 0, 0, 0, 0, 0, 0, 0, 0, 0]"
L2_arctic_WAV/ERMS_arctic_a0178,"[5, 38, 1, 25, 16, 31, 11, 30, 6, 30, 24, 1, 19, 6, 18, 17, 16, 3, 17, 25, 34, 25, 29, 17, 16, 33, 31, 11, 27, 2, 30, 8, 33, 17, 6, 34, 28, 31, 11, 27, 19, 6, 36, 6, 17]","[5, 16, 1, 25, 16, 31, 11, 30, 25, 7, 24, 1, 19, 6, 9, 16, 3, 17, 25, 34, 25, 29, 17, 16, 33, 31, 11, 27, 2, 30, 8, 33, 17, 6, 34, 28, 31, 11, 27, 19, 6, 36, 6, 17]","[0, 1, 0, 0, 0, 0, 0, 0, 1, 1, 0, 0, 0, 0, 1, 1, 0, 0, 0, 0, 0, 0, 0, 0, 0, 0, 0, 0, 0, 0, 0, 0, 0, 0, 0, 0, 0, 0, 0, 0, 0, 0, 0, 0, 0]"
L2_arctic_WAV/ERMS_arctic_a0185,"[4, 2, 27, 39, 5, 34, 35, 2, 30, 40, 29, 19, 6, 24, 41, 38, 27, 12, 29, 38, 19, 6, 23, 28, 25, 6, 30, 24, 6, 40, 29, 14, 6, 30, 17]","[17, 5, 27, 39, 5, 34, 35, 2, 30, 34, 29, 19, 6, 24, 41, 38, 27, 12, 29, 16, 19, 6, 23, 28, 25, 25, 7, 24, 25, 40, 29, 14, 6, 30]","[1, 1, 0, 0, 0, 0, 0, 0, 0, 1, 0, 0, 0, 0, 0, 0, 0, 0, 0, 1, 0, 0, 0, 0, 0, 1, 1, 0, 1, 0, 0, 0, 0, 0, 1]"
L2_arctic_WAV/ERMS_arctic_a0191,"[22, 33, 1, 2, 36, 14, 6, 29, 4, 12, 6, 27, 34, 14, 6, 36, 6, 7, 10, 33, 6, 28, 2, 38, 24, 6, 40, 2, 17, 38, 5, 30, 35, 1, 39, 2, 40, 23, 8, 30]","[22, 33, 1, 2, 36, 14, 6, 29, 17, 12, 6, 27, 34, 14, 6, 36, 6, 7, 36, 33, 25, 28, 2, 38, 24, 25, 34, 2, 17, 16, 5, 30, 35, 1, 39, 2, 34, 23, 8, 30]","[0, 0, 0, 0, 0, 0, 0, 0, 1, 0, 0, 0, 0, 0, 0, 0, 0, 0, 1, 0, 1, 0, 0, 0, 0, 1, 1, 0, 0, 1, 0, 0, 0, 0, 0, 0, 1, 0, 0, 0]"
L2_arctic_WAV/ERMS_arctic_a0198,"[34, 12, 29, 36, 14, 6, 29, 40, 24, 1, 17, 33, 25, 29, 40, 39, 1, 22, 6, 28, 17, 39, 6, 4, 38, 6, 13, 2, 30, 40]","[34, 12, 29, 36, 14, 6, 30, 34, 24, 1, 17, 33, 25, 29, 34, 39, 1, 22, 25, 28, 36, 39, 25, 17, 16, 25, 9, 2, 30, 34]","[0, 0, 0, 0, 0, 0, 1, 1, 0, 0, 0, 0, 0, 0, 1, 0, 0, 0, 1, 0, 1, 0, 1, 1, 1, 1, 1, 0, 0, 1]"
L2_arctic_WAV/ERMS_arctic_a0210,"[6, 36, 34, 17, 14, 6, 41, 29, 2, 36, 1, 39, 12, 40, 30, 3, 36, 29, 8, 33, 4, 2, 30, 36, 37, 24, 12, 30, 17, 33, 2, 17, 26, 3, 33, 17, 40]","[25, 36, 34, 17, 25, 3, 29, 5, 36, 1, 39, 3, 34, 30, 3, 36, 29, 8, 33, 4, 2, 30, 36, 37, 24, 12, 30, 17, 33, 2, 17, 18, 3, 33, 17, 34]","[1, 0, 0, 0, 1, 1, 1, 0, 1, 0, 0, 0, 1, 1, 0, 0, 0, 0, 0, 0, 0, 0, 0, 0, 0, 0, 0, 0, 0, 0, 0, 0, 1, 0, 0, 0, 1]"
L2_arctic_WAV/ERMS_arctic_a0212,"[22, 33, 5, 9, 27, 19, 6, 34, 6, 40, 34, 36, 6, 28, 19, 6, 16, 2, 28, 36, 2, 39, 8, 27, 4, 19, 6, 27, 28, 12, 34, 36, 1, 17, 2, 16, 14, 11, 36, 4, 2, 34, 32, 31, 11, 27, 34, 29, 2, 30]","[22, 33, 5, 9, 27, 19, 6, 40, 6, 34, 5, 34, 36, 25, 28, 19, 6, 16, 2, 28, 36, 2, 39, 8, 27, 17, 19, 6, 27, 28, 3, 34, 36, 1, 17, 2, 16, 14, 11, 36, 17, 2, 34, 32, 31, 11, 27, 34, 29, 2, 30]","[0, 0, 0, 0, 0, 0, 0, 1, 0, 1, 0, 0, 1, 0, 0, 0, 0, 0, 0, 0, 0, 0, 0, 0, 1, 0, 0, 0, 0, 1, 0, 0, 0, 0, 0, 0, 0, 0, 0, 1, 0, 0, 0, 0, 0, 0, 0, 0, 0, 0]"
L2_arctic_WAV/ERMS_arctic_a0227,"[6, 36, 39, 12, 40, 4, 2, 34, 19, 6, 29, 39, 19, 6, 39, 6, 4, 14, 11, 33, 33, 6, 38, 3, 28, 38, 1, 40, 2, 30, 17, 33, 14, 6, 22, 2, 28, 40]","[25, 36, 39, 3, 40, 4, 2, 34, 19, 6, 29, 39, 19, 6, 39, 25, 4, 14, 11, 33, 33, 6, 16, 3, 28, 16, 1, 40, 2, 30, 17, 33, 14, 6, 22, 2, 28, 34]","[1, 0, 0, 1, 0, 0, 0, 0, 0, 0, 0, 0, 0, 0, 0, 1, 0, 0, 0, 0, 0, 0, 1, 0, 0, 1, 0, 0, 0, 0, 0, 0, 0, 0, 0, 0, 0, 1]"
L2_arctic_WAV/ERMS_arctic_a0233,"[14, 6, 30, 5, 38, 1, 2, 28, 14, 11, 39, 12, 36, 27, 41, 30, 36, 16, 25, 35, 19, 6, 30, 18, 17, 36, 37, 2, 30, 8, 6, 29, 25]","[14, 6, 30, 5, 16, 1, 2, 28, 14, 11, 39, 3, 36, 27, 3, 30, 16, 25, 35, 19, 6, 30, 18, 36, 37, 2, 30, 8, 6, 29, 25]","[0, 0, 0, 0, 1, 0, 0, 0, 0, 0, 0, 1, 0, 0, 1, 0, 1, 0, 0, 0, 0, 0, 0, 0, 1, 0, 0, 0, 0, 0, 0, 0, 0]"
L2_arctic_WAV/ERMS_arctic_a0254,"[34, 36, 33, 19, 6, 36, 14, 11, 36, 4, 19, 6, 34, 39, 41, 29, 4, 5, 33, 24, 5, 17, 40, 23, 33, 31, 11, 6, 7, 34, 29, 8, 28, 1, 2, 30, 17, 34, 29, 8, 28, 1]","[5, 34, 36, 33, 19, 6, 36, 14, 11, 36, 4, 19, 6, 34, 39, 3, 29, 4, 5, 33, 24, 5, 17, 34, 23, 33, 31, 11, 6, 7, 34, 29, 8, 28, 1, 2, 30, 17, 34, 29, 8, 28, 1]","[0, 0, 0, 0, 0, 0, 0, 0, 0, 0, 0, 0, 0, 0, 1, 0, 0, 0, 0, 0, 0, 0, 1, 0, 0, 0, 0, 0, 0, 0, 0, 0, 0, 0, 0, 0, 0, 0, 0, 0, 0, 0]"
L2_arctic_WAV/ERMS_arctic_a0260,"[30, 31, 11, 16, 3, 17, 25, 30, 26, 37, 24, 6, 40, 24, 6, 34, 36, 2, 33, 25, 4, 19, 6, 2, 38, 4, 2, 24, 11, 30, 36, 2, 28, 25, 34, 36, 12, 38, 8, 28]","[30, 31, 11, 16, 8, 17, 25, 30, 26, 37, 24, 25, 40, 24, 25, 34, 36, 8, 33, 25, 17, 19, 6, 2, 38, 17, 2, 18, 11, 30, 36, 2, 28, 25, 34, 36, 12, 38, 8, 28]","[0, 0, 0, 0, 1, 0, 0, 0, 0, 0, 0, 1, 0, 0, 1, 0, 0, 1, 0, 0, 1, 0, 0, 0, 0, 1, 0, 1, 0, 0, 0, 0, 0, 0, 0, 0, 0, 0, 0, 0]"
L2_arctic_WAV/ERMS_arctic_a0265,"[4, 2, 17, 6, 34, 27, 12, 38, 1, 25, 34, 25, 29, 17, 36, 37, 24, 41, 38, 16, 6, 30, 29, 19, 6, 17, 8, 30, 4, 2, 34, 32, 1, 2, 38, 4, 2, 29, 31, 11, 29, 2, 30, 36]","[17, 5, 17, 25, 34, 27, 12, 38, 1, 25, 34, 25, 29, 36, 36, 37, 24, 41, 38, 16, 25, 7, 29, 19, 6, 17, 8, 30, 17, 2, 34, 32, 37, 33, 2, 22, 17, 2, 29, 8, 29, 2, 30, 36]","[1, 1, 0, 1, 0, 0, 0, 0, 0, 0, 0, 0, 0, 1, 0, 0, 0, 0, 0, 0, 1, 1, 0, 0, 0, 0, 0, 0, 1, 0, 0, 0, 1, 0, 1, 1, 0, 0, 1, 1, 0, 0, 0, 0]"
L2_arctic_WAV/ERMS_arctic_a0269,"[4, 41, 36, 34, 39, 5, 33, 4, 19, 6, 27, 12, 36, 8, 22, 4, 2, 34, 27, 3, 36, 6, 9, 35, 25, 22, 34, 2, 30, 17, 27, 6, 28, 17, 8, 28, 24, 41, 30, 40]","[17, 3, 36, 34, 39, 5, 33, 17, 19, 6, 27, 37, 36, 8, 22, 17, 5, 34, 27, 3, 36, 6, 9, 35, 25, 22, 3, 30, 17, 27, 25, 28, 8, 28, 24, 3, 30, 34]","[1, 1, 0, 0, 0, 0, 0, 1, 0, 0, 0, 1, 0, 0, 0, 1, 1, 0, 0, 0, 0, 0, 0, 0, 0, 0, 1, 1, 0, 0, 0, 1, 0, 1, 0, 0, 0, 1, 0, 1]"
L2_arctic_WAV/ERMS_arctic_a0271,"[30, 14, 11, 32, 28, 25, 40, 23, 6, 38, 2, 32, 28, 19, 6, 30, 34, 36, 19, 6, 36, 29, 2, 30, 36, 12, 38, 39, 12, 36, 2, 27, 1, 17]","[30, 14, 11, 32, 28, 25, 40, 23, 25, 16, 2, 32, 28, 19, 6, 30, 5, 34, 36, 19, 6, 36, 29, 2, 30, 12, 38, 39, 3, 36, 2, 27, 37, 33, 36]","[0, 0, 0, 0, 0, 0, 0, 0, 1, 1, 0, 0, 0, 0, 0, 0, 0, 0, 0, 0, 0, 0, 0, 0, 1, 0, 0, 0, 1, 0, 0, 0, 1, 1]"
L2_arctic_WAV/ERMS_arctic_a0295,"[2, 30, 17, 36, 39, 5, 30, 36, 25, 29, 5, 30, 27, 11, 17, 24, 31, 11, 28, 17, 6, 36, 39, 6, 10, 34, 32, 6, 33, 40, 41, 30, 17, 41, 33, 31, 11, 40]","[2, 30, 17, 36, 39, 5, 30, 36, 25, 29, 5, 7, 27, 11, 17, 24, 31, 11, 28, 17, 6, 36, 39, 6, 10, 34, 32, 6, 33, 34, 41, 30, 17, 41, 33, 31, 11, 40]","[0, 0, 0, 0, 0, 0, 0, 0, 0, 0, 0, 1, 0, 0, 0, 0, 0, 0, 0, 0, 0, 0, 0, 0, 0, 0, 0, 0, 0, 1, 0, 0, 0, 0, 0, 0, 0, 0]"
L2_arctic_WAV/ERMS_arctic_a0298,"[4, 6, 34, 36, 41, 34, 6, 36, 32, 33, 3, 29, 2, 34, 2, 38, 27, 2, 30, 36, 6, 30, 26, 37, 17, 2, 27, 39, 19, 6, 30, 36, 2, 30, 34, 23, 19, 6, 38, 34, 41, 27, 34, 2, 30, 2, 28, 6, 36, 2, 28, 18, 8, 6, 10, 33, 6, 28]","[17, 25, 34, 36, 41, 34, 6, 36, 32, 33, 3, 29, 2, 34, 2, 38, 27, 2, 30, 36, 6, 30, 26, 37, 36, 2, 27, 39, 19, 6, 30, 36, 2, 30, 34, 23, 19, 6, 38, 34, 41, 27, 34, 2, 30, 2, 28, 25, 36, 2, 28, 18, 8, 6, 36, 33, 25, 28]","[1, 1, 0, 0, 0, 0, 0, 0, 0, 0, 0, 0, 0, 0, 0, 0, 0, 0, 0, 0, 0, 0, 0, 0, 1, 0, 0, 0, 0, 0, 0, 0, 0, 0, 0, 0, 0, 0, 0, 0, 0, 0, 0, 0, 0, 0, 0, 1, 0, 0, 0, 0, 0, 0, 1, 0, 1, 0]"
L2_arctic_WAV/ERMS_arctic_a0299,"[14, 6, 36, 5, 28, 26, 37, 14, 6, 41, 29, 17, 6, 34, 23, 12, 34, 36, 2, 17, 39, 6, 10, 4, 6, 34, 2, 17, 38, 5, 30, 35, 1, 36, 3, 29, 22, 37, 28, 1, 25, 2, 30, 17, 33, 3, 36]","[14, 6, 36, 5, 28, 26, 37, 14, 6, 41, 29, 17, 6, 34, 23, 12, 34, 36, 2, 17, 39, 25, 36, 17, 25, 34, 2, 17, 16, 5, 30, 35, 1, 36, 37, 29, 22, 37, 28, 1, 25, 3, 30, 17, 33, 31, 11, 36]","[0, 0, 0, 0, 0, 0, 0, 0, 0, 0, 0, 0, 0, 0, 0, 0, 0, 0, 0, 0, 0, 1, 1, 1, 1, 0, 0, 0, 1, 0, 0, 0, 0, 0, 1, 0, 0, 0, 0, 0, 0, 1, 0, 0, 0, 1, 0]"
L2_arctic_WAV/ERMS_arctic_a0300,"[22, 33, 12, 29, 29, 14, 6, 1, 28, 25, 2, 34, 36, 33, 5, 27, 2, 28, 5, 27, 9, 2, 30, 29, 14, 6, 34, 28, 25, 32, 39, 12, 40, 2, 32, 6, 33, 25, 2, 17, 2, 38, 36, 5, 33, 1]","[22, 33, 12, 29, 29, 14, 6, 1, 28, 25, 2, 34, 36, 33, 5, 27, 2, 28, 5, 27, 9, 2, 30, 29, 14, 6, 5, 34, 28, 25, 32, 39, 12, 34, 2, 32, 6, 33, 25, 2, 17, 2, 38, 36, 5, 33, 1]","[0, 0, 0, 0, 0, 0, 0, 0, 0, 0, 0, 0, 0, 0, 0, 0, 0, 0, 0, 0, 0, 0, 0, 0, 0, 0, 0, 0, 0, 0, 0, 0, 1, 0, 0, 0, 0, 0, 0, 0, 0, 0, 0, 0, 0, 0]"
L2_arctic_WAV/ERMS_arctic_a0303,"[16, 12, 36, 4, 19, 6, 29, 19, 6, 27, 4, 2, 29, 6, 34, 36, 19, 6, 27, 12, 38, 6, 23, 30, 8, 33, 6, 7, 4, 5, 33, 31, 11, 30, 17, 37, 41, 28, 2, 36, 25]","[16, 3, 36, 17, 19, 6, 29, 19, 6, 27, 17, 5, 29, 6, 34, 36, 19, 6, 27, 12, 38, 25, 23, 30, 8, 33, 6, 7, 17, 5, 33, 31, 11, 30, 17, 37, 3, 28, 2, 36, 25]","[0, 1, 0, 1, 0, 0, 0, 0, 0, 0, 1, 1, 0, 0, 0, 0, 0, 0, 0, 0, 0, 1, 0, 0, 0, 0, 0, 0, 1, 0, 0, 0, 0, 0, 0, 0, 1, 0, 0, 0, 0]"
L2_arctic_WAV/ERMS_arctic_a0320,"[39, 6, 10, 29, 14, 6, 34, 36, 33, 5, 7, 10, 14, 6, 34, 28, 41, 29, 17, 6, 36, 22, 11, 28, 6, 30, 36, 37, 33, 5, 17, 14, 6, 40, 22, 19, 6, 34]","[39, 25, 36, 29, 14, 6, 5, 34, 36, 33, 5, 30, 14, 6, 5, 34, 28, 41, 29, 17, 6, 36, 22, 37, 28, 25, 30, 36, 37, 33, 5, 17, 14, 6, 34, 22, 19, 6, 34]","[0, 1, 1, 0, 0, 0, 0, 0, 0, 0, 1, 1, 0, 0, 0, 0, 0, 0, 0, 0, 0, 0, 1, 0, 1, 0, 0, 0, 0, 0, 0, 0, 0, 1, 0, 0, 0, 0]"
L2_arctic_WAV/ERMS_arctic_a0363,"[6, 36, 6, 40, 30, 3, 36, 2, 30, 2, 36, 5, 29, 32, 36, 36, 2, 34, 29, 41, 9, 4, 2, 29, 3, 33, 27, 2, 36]","[25, 36, 25, 34, 30, 8, 36, 2, 30, 2, 36, 5, 29, 32, 36, 36, 2, 9, 29, 3, 9, 17, 2, 29, 3, 33, 27, 2, 36]","[1, 0, 1, 1, 0, 1, 0, 0, 0, 0, 0, 0, 0, 0, 0, 0, 0, 1, 0, 1, 0, 1, 0, 0, 0, 0, 0, 0, 0]"
L2_arctic_WAV/ERMS_arctic_a0369,"[6, 30, 32, 3, 33, 36, 30, 1, 9, 6, 32, 39, 6, 4, 4, 19, 6, 28, 14, 6, 36, 4, 2, 32, 5, 33, 33, 19, 6, 17, 6, 17, 4, 2, 34, 41, 30, 24, 31, 11, 40, 19, 6, 6, 30, 36, 1, 1, 16, 2, 30]","[25, 30, 32, 3, 33, 36, 30, 1, 9, 25, 32, 39, 25, 17, 17, 19, 6, 28, 14, 6, 36, 17, 5, 32, 5, 39, 33, 19, 6, 17, 6, 17, 17, 5, 34, 41, 30, 24, 31, 11, 34, 19, 6, 25, 30, 36, 1, 1, 16, 2, 30]","[1, 0, 0, 0, 0, 0, 0, 0, 0, 1, 0, 0, 1, 1, 1, 0, 0, 0, 0, 0, 0, 1, 1, 0, 0, 1, 0, 0, 0, 0, 0, 0, 1, 1, 0, 0, 0, 0, 0, 0, 1, 0, 0, 1, 0, 0, 0, 0, 0, 0, 0]"
L2_arctic_WAV/ERMS_arctic_a0401,"[4, 2, 29, 41, 30, 34, 29, 14, 6, 28, 17, 23, 33, 6, 29, 28, 25, 2, 30, 17, 16, 33, 8, 36, 2, 24, 41, 35, 2, 36, 2, 30, 17, 2, 27, 28, 12, 16]","[17, 2, 29, 3, 30, 5, 34, 29, 14, 6, 28, 25, 23, 33, 25, 29, 28, 25, 2, 30, 17, 16, 33, 8, 36, 2, 24, 41, 35, 2, 36, 2, 30, 17, 2, 27, 28, 12, 22]","[1, 0, 0, 1, 0, 0, 0, 0, 0, 0, 1, 0, 0, 1, 0, 0, 0, 0, 0, 0, 0, 0, 0, 0, 0, 0, 0, 0, 0, 0, 0, 0, 0, 0, 0, 0, 0, 1]"
L2_arctic_WAV/ERMS_arctic_a0416,"[4, 25, 41, 17, 6, 17, 39, 19, 6, 36, 24, 41, 17, 2, 38, 2, 28, 3, 34, 2, 36, 25, 2, 38, 22, 6, 22, 36, 25, 30, 29, 14, 6, 28, 40, 32, 1, 14, 11, 33]","[17, 25, 41, 17, 6, 17, 39, 19, 6, 36, 24, 3, 17, 2, 38, 6, 28, 3, 34, 2, 36, 25, 2, 38, 22, 25, 22, 36, 25, 30, 29, 14, 6, 28, 34, 32, 1, 14, 11, 33]","[1, 0, 0, 0, 0, 0, 0, 0, 0, 0, 0, 1, 0, 0, 0, 1, 0, 0, 0, 0, 0, 0, 0, 0, 0, 1, 0, 0, 0, 0, 0, 0, 0, 0, 1, 0, 0, 0, 0, 0]"
L2_arctic_WAV/ERMS_arctic_a0441,"[38, 14, 6, 2, 28, 2, 30, 36, 28, 14, 6, 22, 2, 30, 17, 41, 10, 28, 5, 36, 6, 27, 34, 32, 8, 33, 36, 34, 24, 41, 17, 30, 5, 38, 1, 2, 32, 25, 28, 17, 36, 37, 29, 25]","[16, 14, 6, 2, 28, 2, 30, 36, 28, 14, 6, 22, 2, 30, 17, 41, 36, 28, 5, 36, 6, 27, 34, 32, 8, 33, 36, 34, 24, 3, 17, 30, 5, 16, 1, 2, 32, 25, 28, 17, 36, 37, 29, 25]","[1, 0, 0, 0, 0, 0, 0, 0, 0, 0, 0, 0, 0, 0, 0, 0, 1, 0, 0, 0, 0, 0, 0, 0, 0, 0, 0, 0, 0, 1, 0, 0, 0, 1, 0, 0, 0, 0, 0, 0, 0, 0, 0, 0]"
L2_arctic_WAV/ERMS_arctic_a0487,"[4, 2, 33, 6, 38, 1, 16, 5, 33, 17, 6, 36, 34, 16, 11, 40, 2, 29, 41, 30, 17, 34, 30, 8, 33, 36, 6, 7, 34, 36, 25, 29, 16, 31, 11, 36, 34, 35, 41, 28, 2, 30, 18, 17, 4, 2, 39, 6, 28, 17, 1, 30, 2, 34]","[17, 2, 33, 6, 16, 1, 16, 5, 33, 17, 25, 36, 34, 16, 8, 34, 2, 29, 3, 30, 17, 5, 34, 30, 8, 33, 36, 6, 7, 34, 36, 25, 29, 16, 31, 11, 36, 34, 35, 3, 28, 2, 30, 18, 17, 17, 5, 39, 25, 28, 17, 1, 30, 2, 34]","[1, 0, 0, 0, 1, 0, 0, 0, 0, 0, 1, 0, 0, 0, 1, 1, 0, 0, 1, 0, 0, 0, 0, 0, 0, 0, 0, 0, 0, 0, 0, 0, 0, 0, 0, 0, 0, 0, 1, 0, 0, 0, 0, 0, 1, 1, 0, 1, 0, 0, 0, 0, 0, 0]"
L2_arctic_WAV/ERMS_arctic_a0500,"[24, 37, 4, 2, 17, 5, 38, 2, 28, 23, 19, 6, 38, 6, 36, 36, 37, 26, 37, 36, 37, 16, 25, 18, 12, 18, 41, 30, 17, 18, 11, 33, 25]","[24, 37, 4, 2, 17, 5, 16, 2, 28, 23, 19, 6, 38, 25, 36, 36, 37, 26, 37, 36, 37, 16, 25, 17, 5, 18, 3, 35, 3, 30, 17, 26, 11, 33, 25]","[0, 0, 0, 0, 0, 0, 1, 0, 0, 0, 0, 0, 0, 1, 0, 0, 0, 0, 0, 0, 0, 0, 0, 0, 1, 1, 1, 0, 0, 1, 0, 0, 0]"
L2_arctic_WAV/ERMS_arctic_a0548,"[8, 28, 34, 31, 11, 35, 1, 35, 2, 40, 2, 30, 17, 32, 33, 25, 35, 1, 40, 14, 6, 24, 41, 17, 30, 5, 38, 1, 30, 31, 11, 30]","[8, 28, 34, 31, 11, 35, 1, 35, 2, 34, 2, 30, 17, 32, 33, 25, 35, 1, 34, 14, 6, 24, 3, 17, 30, 5, 16, 1, 30, 31, 11, 30]","[0, 0, 0, 0, 0, 0, 0, 0, 0, 1, 0, 0, 0, 0, 0, 0, 0, 0, 1, 0, 0, 0, 1, 0, 0, 0, 1, 0, 0, 0, 0, 0]"
L2_arctic_WAV/ERMS_arctic_a0556,"[24, 39, 14, 6, 24, 25, 40, 16, 8, 36, 22, 8, 33, 36, 25, 32, 14, 11, 30, 40, 12, 38, 23, 11, 17, 40, 22, 33, 12, 29, 26, 37, 8, 33, 5, 17, 25]","[24, 39, 14, 6, 24, 25, 40, 16, 8, 36, 22, 8, 33, 36, 25, 32, 14, 11, 30, 40, 12, 38, 23, 11, 17, 34, 22, 33, 12, 30, 18, 37, 8, 33, 5, 17, 25]","[0, 0, 0, 0, 0, 0, 0, 0, 0, 0, 0, 0, 0, 0, 0, 0, 0, 0, 0, 0, 0, 0, 0, 0, 0, 1, 0, 0, 0, 1, 1, 0, 0, 0, 0, 0, 0]"
L2_arctic_WAV/ERMS_arctic_b0019,"[24, 6, 40, 34, 6, 6, 29, 24, 41, 30, 40, 23, 33, 6, 32, 36, 4, 25, 5, 18, 2, 40, 12, 38, 4, 2, 36, 19, 6, 16, 2, 28]","[24, 25, 34, 5, 34, 25, 6, 29, 24, 3, 30, 34, 23, 33, 6, 32, 36, 17, 25, 5, 35, 12, 38, 17, 2, 36, 19, 6, 16, 2, 28]","[0, 1, 1, 0, 1, 0, 0, 0, 1, 0, 1, 0, 0, 0, 0, 0, 1, 0, 0, 1, 1, 1, 0, 0, 1, 0, 0, 0, 0, 0, 0, 0]"
L2_arctic_WAV/ERMS_arctic_b0042,"[36, 5, 30, 29, 6, 30, 2, 36, 34, 24, 41, 17, 30, 3, 36, 6, 28, 41, 32, 34, 36, 34, 6, 30, 34, 24, 25, 24, 41, 17, 17, 33, 3, 32, 36, 4, 2, 24, 41, 7, 27, 1, 35, 6, 22]","[36, 5, 30, 29, 25, 30, 25, 36, 34, 24, 41, 17, 30, 3, 36, 6, 28, 19, 6, 32, 34, 34, 25, 30, 34, 24, 25, 24, 41, 17, 17, 33, 3, 32, 36, 4, 5, 24, 41, 7, 27, 1, 35, 6, 22]","[0, 0, 0, 0, 1, 0, 1, 0, 0, 0, 0, 0, 0, 0, 0, 0, 0, 1, 0, 0, 1, 0, 1, 0, 0, 0, 0, 0, 0, 0, 0, 0, 0, 0, 0, 0, 1, 0, 0, 0, 0, 0, 0, 0, 0]"
L2_arctic_WAV/ERMS_arctic_b0070,"[4, 5, 33, 39, 12, 40, 30, 31, 11, 35, 41, 30, 34, 36, 2, 22, 14, 6, 1, 39, 6, 4, 14, 11, 36, 24, 6, 36, 6, 7, 24, 6, 29]","[17, 5, 33, 39, 3, 34, 30, 31, 11, 35, 3, 30, 34, 36, 2, 22, 14, 6, 1, 39, 6, 17, 14, 11, 36, 24, 25, 36, 25, 7, 24, 6, 29]","[1, 0, 0, 0, 1, 1, 0, 0, 0, 0, 1, 0, 0, 0, 0, 0, 0, 0, 0, 0, 0, 1, 0, 0, 0, 0, 1, 0, 1, 0, 0, 0, 0]"
L2_arctic_WAV/ERMS_arctic_b0150,"[41, 30, 17, 24, 25, 39, 12, 40, 22, 6, 28, 17, 39, 6, 4, 2, 34, 36, 33, 19, 6, 30, 18, 2, 30, 17, 22, 8, 33, 16, 31, 11, 17, 6, 7, 22, 6, 33]","[3, 30, 17, 24, 25, 39, 12, 34, 22, 25, 28, 39, 25, 17, 2, 34, 36, 33, 19, 6, 30, 18, 2, 30, 17, 22, 8, 33, 16, 31, 11, 17, 6, 7, 22, 6, 33]","[1, 0, 0, 0, 0, 0, 0, 1, 0, 1, 0, 1, 0, 1, 1, 0, 0, 0, 0, 0, 0, 0, 0, 0, 0, 0, 0, 0, 0, 0, 0, 0, 0, 0, 0, 0, 0, 0]"
L2_arctic_WAV/ERMS_arctic_b0187,"[24, 1, 2, 35, 25, 38, 29, 2, 30, 36, 34, 39, 6, 10, 27, 31, 11, 27, 31, 11, 30, 41, 36, 34, 39, 1, 2, 33, 5, 38, 2, 28, 19, 6, 9, 2, 30]","[24, 1, 2, 35, 25, 16, 29, 2, 30, 36, 34, 39, 25, 36, 27, 31, 11, 27, 31, 11, 30, 3, 36, 34, 39, 1, 2, 33, 5, 16, 2, 28, 19, 6, 9, 2, 30]","[0, 0, 0, 0, 0, 1, 0, 0, 0, 0, 0, 0, 1, 1, 0, 0, 0, 0, 0, 0, 0, 1, 0, 0, 0, 0, 0, 0, 0, 1, 0, 0, 0, 0, 0, 0, 0]"
L2_arctic_WAV/ERMS_arctic_b0269,"[24, 39, 14, 6, 30, 3, 36, 28, 14, 6, 27, 5, 30, 25, 33, 19, 6, 28, 33, 31, 11, 17, 34, 36, 19, 6, 9, 2, 30, 8, 33, 22, 5, 33, 25, 17, 25, 32, 31, 11]","[24, 39, 14, 6, 30, 3, 36, 28, 14, 6, 27, 5, 30, 25, 33, 19, 6, 28, 33, 31, 11, 17, 34, 36, 19, 6, 9, 2, 30, 8, 33, 22, 5, 33, 25, 17, 25, 32, 31, 11, 36]","[0, 0, 0, 0, 0, 0, 0, 0, 0, 0, 0, 0, 0, 0, 0, 0, 0, 0, 0, 0, 0, 0, 0, 0, 0, 0, 0, 0, 0, 0, 0, 0, 0, 0, 0, 0, 0, 0, 0, 0]"
L2_arctic_WAV/ERMS_arctic_b0279,"[24, 25, 23, 19, 6, 38, 39, 12, 30, 28, 41, 34, 34, 30, 3, 33, 28, 2, 30, 17, 34, 28, 6, 17, 22, 33, 12, 29, 38, 26, 37, 2, 29, 12, 7, 4, 2, 36, 33, 25, 40]","[24, 25, 23, 19, 6, 38, 39, 12, 30, 28, 41, 34, 34, 30, 3, 33, 3, 30, 17, 34, 28, 25, 17, 22, 33, 12, 29, 16, 26, 37, 2, 29, 8, 30, 4, 2, 36, 33, 25, 34]","[0, 0, 0, 0, 0, 0, 0, 0, 0, 0, 0, 0, 0, 0, 0, 0, 1, 1, 0, 0, 0, 0, 1, 0, 0, 0, 0, 0, 1, 0, 0, 0, 0, 1, 1, 0, 0, 0, 0, 0, 1]"
L2_arctic_WAV/ERMS_arctic_b0298,"[24, 6, 40, 24, 41, 30, 17, 9, 3, 36, 14, 11, 36, 2, 30, 17, 27, 28, 12, 35, 36, 27, 33, 11, 27, 2, 17, 28, 5, 23, 16, 14, 6, 4, 2, 30, 5, 27]","[24, 25, 40, 24, 3, 30, 17, 9, 37, 36, 14, 11, 36, 3, 30, 17, 27, 28, 12, 35, 27, 33, 11, 27, 28, 5, 27, 16, 14, 6, 17, 5, 30, 5, 27]","[0, 1, 0, 0, 1, 0, 0, 0, 1, 0, 0, 0, 0, 1, 0, 0, 0, 0, 0, 0, 1, 0, 0, 0, 0, 1, 1, 0, 0, 1, 0, 0, 0, 1, 1, 0, 0, 0]"
L2_arctic_WAV/ERMS_arctic_b0304,"[24, 6, 40, 32, 33, 25, 38, 25, 2, 34, 39, 14, 6, 38, 40, 24, 41, 17, 30, 5, 38, 1, 28, 6, 38, 17, 28, 8, 7, 6, 30, 12, 22, 36, 37, 16, 5, 33, 24, 6, 29, 35, 6, 28, 17, 33, 2, 30]","[24, 25, 34, 32, 33, 25, 16, 25, 2, 34, 39, 14, 6, 38, 34, 24, 3, 17, 30, 5, 16, 1, 28, 25, 38, 17, 28, 8, 7, 6, 30, 12, 22, 36, 37, 16, 5, 33, 24, 6, 29, 35, 25, 28, 17, 33, 2, 30]","[0, 1, 1, 0, 0, 0, 1, 0, 0, 0, 0, 0, 0, 0, 1, 0, 1, 0, 0, 0, 1, 0, 0, 1, 0, 0, 0, 0, 0, 0, 0, 0, 0, 0, 0, 0, 0, 0, 0, 0, 0, 0, 1, 0, 0, 0, 0, 0]"
L2_arctic_WAV/MBMPS_arctic_a0003,"[22, 33, 1, 4, 2, 36, 39, 5, 30, 25, 2, 10, 36, 14, 6, 29, 4, 41, 36, 25, 38, 30, 6, 7, 4, 2, 36, 37, 29, 5, 30, 9, 11, 27, 24, 41, 30, 40]","[22, 33, 1, 4, 2, 36, 39, 5, 30, 25, 2, 10, 36, 14, 6, 29, 4, 41, 36, 25, 38, 30, 6, 7, 17, 2, 36, 37, 29, 5, 30, 9, 11, 27, 24, 41, 30, 34]","[0, 0, 0, 0, 0, 0, 0, 0, 0, 0, 0, 0, 0, 0, 0, 0, 0, 0, 0, 0, 0, 0, 0, 0, 1, 0, 0, 0, 0, 0, 0, 0, 0, 0, 0, 0, 0, 1]"
L2_arctic_WAV/MBMPS_arctic_a0005,"[39, 6, 28, 39, 25, 5, 38, 1, 22, 1, 23, 5, 36, 6, 36]","[39, 6, 28, 39, 25, 5, 38, 1, 22, 1, 23, 5, 36, 6, 36]","[0, 0, 0, 0, 0, 0, 0, 0, 0, 0, 0, 0, 0, 0, 0]"
L2_arctic_WAV/MBMPS_arctic_a0006,"[23, 3, 17, 16, 28, 5, 34, 14, 6, 24, 31, 11, 32, 14, 6, 28, 23, 31, 11, 8, 30, 34, 25, 6, 7, 4, 5, 29, 22, 1, 5, 38, 1]","[23, 3, 17, 16, 28, 5, 34, 14, 6, 24, 31, 11, 32, 14, 6, 28, 23, 31, 11, 8, 30, 34, 25, 6, 7, 4, 5, 29, 22, 1, 5, 38, 1]","[0, 0, 0, 0, 0, 0, 0, 0, 0, 0, 0, 0, 0, 0, 0, 0, 0, 0, 0, 0, 0, 0, 0, 0, 0, 0, 0, 0, 0, 0, 0, 0, 0]"
L2_arctic_WAV/MBMPS_arctic_a0007,"[41, 30, 17, 26, 37, 8, 28, 39, 25, 40, 39, 3, 30, 36, 36, 6, 34, 25, 6, 36, 6, 30, 4, 25, 34, 11, 32, 1, 28, 2, 36, 6, 38, 17, 6, 23, 33, 25]","[41, 30, 17, 26, 37, 8, 28, 39, 25, 40, 39, 3, 30, 36, 36, 6, 34, 25, 6, 36, 25, 30, 4, 25, 34, 11, 32, 1, 28, 2, 36, 6, 38, 17, 25, 23, 33, 25]","[0, 0, 0, 0, 0, 0, 0, 0, 0, 0, 0, 0, 0, 0, 0, 0, 0, 0, 0, 0, 1, 0, 0, 0, 0, 0, 0, 0, 0, 0, 0, 0, 0, 0, 1, 0, 0, 0]"
L2_arctic_WAV/MBMPS_arctic_a0008,"[23, 41, 17, 26, 11, 33, 28, 5, 36, 1, 27, 19, 6, 29, 18, 12, 34, 36, 6, 30, 36, 14, 6, 29]","[23, 3, 17, 26, 11, 33, 28, 5, 36, 1, 27, 19, 6, 29, 35, 12, 34, 36, 6, 30, 36, 14, 6, 29]","[0, 1, 0, 0, 0, 0, 0, 0, 0, 0, 0, 0, 0, 0, 1, 0, 0, 0, 0, 0, 0, 0, 0, 0]"
L2_arctic_WAV/MBMPS_arctic_a0010,"[14, 6, 29, 32, 28, 19, 6, 6, 7, 2, 34, 6, 7, 23, 2, 28, 24, 41, 30, 17, 6, 30, 39, 12, 36, 28, 11, 27, 34, 28, 14, 6, 27, 2, 28, 37, 40, 6, 7, 23, 19, 6, 29]","[3, 29, 32, 28, 19, 6, 6, 7, 2, 34, 6, 7, 23, 2, 28, 24, 41, 30, 6, 30, 39, 12, 36, 28, 37, 27, 34, 28, 14, 6, 27, 3, 28, 37, 34, 6, 7, 23, 19, 6, 29]","[1, 1, 0, 0, 0, 0, 0, 0, 0, 0, 0, 0, 0, 0, 0, 0, 0, 0, 0, 1, 0, 0, 0, 0, 0, 0, 1, 0, 0, 0, 0, 0, 0, 1, 0, 0, 1, 0, 0, 0, 0, 0, 0]"
L2_arctic_WAV/MBMPS_arctic_a0011,"[6, 22, 14, 6, 5, 38, 1, 30, 25, 17, 2, 17, 2, 22, 14, 6, 36, 1, 6, 30, 29, 14, 6, 28, 14, 6, 22, 14, 6, 30, 25, 17, 39, 12, 30, 30, 14, 11]","[6, 22, 14, 6, 5, 38, 1, 30, 25, 17, 2, 17, 2, 22, 14, 6, 36, 1, 6, 30, 29, 14, 6, 28, 14, 6, 22, 14, 6, 30, 25, 17, 2, 39, 12, 30, 30, 14, 11]","[0, 0, 0, 0, 0, 0, 0, 0, 0, 0, 0, 0, 0, 0, 0, 0, 0, 0, 0, 0, 0, 0, 0, 0, 0, 0, 0, 0, 0, 0, 0, 0, 0, 0, 0, 0, 0, 0]"
L2_arctic_WAV/MBMPS_arctic_a0013,"[24, 25, 39, 12, 40, 2, 24, 5, 17, 9, 8, 33, 36, 1, 4, 41, 30, 24, 6, 40, 27, 2, 29, 32, 41, 30, 26, 2, 30, 12, 38, 8, 28, 29, 31, 11, 34, 36, 17, 5, 28, 2, 27, 2, 36, 22, 2, 40, 25, 27]","[24, 25, 39, 12, 34, 2, 24, 5, 17, 9, 8, 33, 36, 1, 4, 41, 30, 24, 6, 34, 27, 2, 29, 32, 41, 30, 26, 2, 30, 12, 22, 8, 28, 29, 31, 11, 34, 36, 17, 5, 28, 2, 27, 2, 36, 22, 2, 34, 6, 27]","[0, 0, 0, 0, 1, 0, 0, 0, 0, 0, 0, 0, 0, 0, 0, 0, 0, 0, 0, 1, 0, 0, 0, 0, 0, 0, 0, 0, 0, 0, 1, 0, 0, 0, 0, 0, 0, 0, 0, 0, 0, 0, 0, 0, 0, 0, 0, 1, 1, 0]"
L2_arctic_WAV/MBMPS_arctic_a0018,"[4, 5, 33, 39, 3, 40, 2, 35, 19, 6, 30, 18, 30, 14, 11]","[4, 5, 33, 39, 3, 34, 2, 35, 19, 6, 30, 18, 30, 14, 11]","[0, 0, 0, 0, 0, 1, 0, 0, 0, 0, 0, 0, 0, 0, 0]"
L2_arctic_WAV/MBMPS_arctic_a0019,"[14, 6, 22, 3, 28, 31, 11, 17, 4, 2, 28, 14, 6, 30, 12, 38, 4, 2, 32, 33, 2, 32, 31, 11, 40, 17, 33, 19, 6, 28, 33, 31, 11, 17, 28, 11, 27, 6, 7, 22, 8, 33, 35, 41, 30, 34, 6, 40]","[14, 6, 22, 3, 28, 31, 11, 4, 2, 28, 14, 6, 30, 12, 38, 4, 2, 32, 33, 2, 32, 31, 11, 34, 17, 33, 19, 6, 28, 33, 31, 11, 17, 28, 11, 27, 6, 30, 22, 8, 33, 35, 41, 30, 34, 6, 40]","[0, 0, 0, 0, 0, 0, 0, 1, 0, 0, 0, 0, 0, 0, 0, 0, 0, 0, 0, 0, 0, 0, 0, 0, 1, 0, 0, 0, 0, 0, 0, 0, 0, 0, 0, 0, 0, 0, 1, 0, 0, 0, 0, 0, 0, 0, 0, 0]"
L2_arctic_WAV/MBMPS_arctic_a0020,"[27, 28, 12, 16, 40, 2, 30, 17, 16, 8, 28, 40, 2, 30, 17, 34, 6, 36, 25, 40, 23, 33, 37, 36, 37, 16, 25, 31, 11, 30, 28, 25, 29, 5, 29, 1, 25, 40]","[27, 28, 3, 16, 34, 2, 30, 17, 16, 8, 28, 34, 2, 30, 17, 34, 25, 36, 25, 34, 23, 33, 37, 36, 37, 16, 25, 31, 11, 30, 28, 25, 29, 5, 29, 1, 25, 34]","[0, 0, 1, 0, 1, 0, 0, 0, 0, 0, 0, 1, 0, 0, 0, 0, 1, 0, 0, 1, 0, 0, 0, 0, 0, 0, 0, 0, 0, 0, 0, 0, 0, 0, 0, 0, 0, 1]"
L2_arctic_WAV/MBMPS_arctic_a0021,"[6, 36, 22, 5, 33, 28, 25, 27, 28, 12, 16, 17, 29, 25, 6, 30, 36, 37, 33, 5, 27, 2, 23, 30, 14, 6, 40, 6, 7, 6, 36]","[6, 36, 22, 5, 33, 28, 25, 27, 28, 12, 29, 17, 29, 25, 25, 30, 36, 37, 33, 6, 27, 2, 23, 30, 14, 6, 40, 6, 7, 6, 36]","[0, 0, 0, 0, 0, 0, 0, 0, 0, 0, 1, 0, 0, 0, 1, 0, 0, 0, 0, 1, 0, 0, 0, 0, 0, 0, 0, 0, 0, 0, 0]"
L2_arctic_WAV/MBMPS_arctic_a0022,"[24, 3, 33, 17, 28, 25, 39, 1, 14, 11, 1, 32, 28, 41, 30, 40, 29, 19, 6, 17, 32, 12, 16, 28, 6, 27, 16, 25, 22, 8, 33, 39, 25, 39, 1, 29, 5, 36, 16, 14, 6, 32, 14, 11, 1, 22, 2, 28, 3, 32, 2, 40, 6, 9, 2, 30]","[24, 3, 33, 17, 28, 25, 39, 1, 14, 11, 1, 32, 28, 12, 30, 34, 29, 19, 6, 17, 32, 12, 16, 28, 6, 27, 16, 25, 22, 8, 33, 39, 25, 39, 1, 29, 5, 36, 16, 14, 6, 32, 14, 11, 1, 22, 2, 28, 31, 11, 32, 2, 34, 6, 9, 2, 30]","[0, 0, 0, 0, 0, 0, 0, 0, 0, 0, 0, 0, 0, 1, 0, 1, 0, 0, 0, 0, 0, 0, 0, 0, 0, 0, 0, 0, 0, 0, 0, 0, 0, 0, 0, 0, 0, 0, 0, 0, 0, 0, 0, 0, 0, 0, 0, 0, 1, 0, 0, 1, 0, 0, 0, 0]"
L2_arctic_WAV/MBMPS_arctic_a0023,"[2, 27, 3, 29, 16, 2, 30, 19, 6, 9, 2, 30, 12, 38, 27, 2, 30, 19, 6, 17, 25, 2, 30, 27, 41, 32, 6, 36, 2, 28, 27, 39, 6, 27, 28, 25, 8, 33, 23, 2, 30, 14, 6, 40, 17, 2, 30, 17, 32, 2, 36, 6, 9, 2, 30, 17, 22, 8, 33, 4, 25, 34, 19, 6, 29, 32, 33, 6, 38, 6, 28, 6, 18, 6, 40]","[3, 27, 31, 11, 29, 16, 2, 30, 19, 6, 9, 2, 30, 12, 22, 27, 2, 30, 19, 6, 17, 25, 2, 30, 27, 41, 32, 6, 36, 2, 28, 27, 39, 6, 27, 28, 25, 8, 33, 23, 2, 30, 14, 6, 40, 17, 2, 30, 17, 32, 2, 36, 6, 9, 26, 2, 30, 17, 22, 8, 33, 4, 25, 34, 19, 6, 29, 32, 33, 6, 38, 6, 28, 6, 18, 6, 40]","[1, 0, 1, 0, 0, 0, 0, 0, 0, 0, 0, 0, 0, 1, 0, 0, 0, 0, 0, 0, 0, 0, 0, 0, 0, 0, 0, 0, 0, 0, 0, 0, 0, 0, 0, 0, 0, 0, 0, 0, 0, 0, 0, 0, 0, 0, 0, 0, 0, 0, 0, 0, 0, 0, 0, 0, 0, 0, 0, 0, 0, 0, 0, 0, 0, 0, 0, 0, 0, 0, 0, 0, 0, 0, 0]"
L2_arctic_WAV/MBMPS_arctic_a0024,"[6, 36, 39, 12, 40, 29, 14, 6, 33, 6, 32, 8, 33, 36, 34, 22, 33, 12, 29, 4, 2, 30, 8, 33, 10, 24, 39, 6, 35, 35, 25, 22, 28, 25, 6, 30, 17, 37, 34, 36, 32, 25, 32, 2, 28, 36, 37, 16, 14, 6]","[6, 17, 39, 12, 34, 29, 14, 6, 33, 6, 32, 8, 33, 17, 22, 33, 12, 29, 4, 2, 30, 8, 33, 17, 24, 39, 6, 35, 35, 25, 22, 28, 25, 6, 30, 17, 37, 34, 36, 32, 25, 32, 2, 28, 36, 37, 16, 14, 6]","[0, 1, 0, 0, 1, 0, 0, 0, 0, 0, 0, 0, 0, 1, 1, 0, 0, 0, 0, 0, 0, 0, 0, 0, 1, 0, 0, 0, 0, 0, 0, 0, 0, 0, 0, 0, 0, 0, 0, 0, 0, 0, 0, 0, 0, 0, 0, 0, 0, 0]"
L2_arctic_WAV/MBMPS_arctic_a0025,"[14, 6, 39, 12, 40, 2, 16, 14, 11, 36, 36, 2, 17, 37, 4, 6, 34, 24, 39, 6, 30, 27, 37, 28, 1, 18, 12, 18, 29, 2, 30, 36, 32, 33, 25, 38, 19, 6, 28, 17]","[14, 6, 39, 12, 34, 2, 16, 14, 11, 36, 36, 2, 17, 37, 17, 6, 34, 24, 39, 6, 30, 27, 31, 11, 28, 1, 18, 12, 35, 29, 2, 30, 36, 32, 33, 25, 38, 19, 6, 28, 17]","[0, 0, 0, 0, 1, 0, 0, 0, 0, 0, 0, 0, 0, 0, 1, 0, 0, 0, 0, 0, 0, 0, 1, 0, 0, 0, 0, 1, 0, 0, 0, 0, 0, 0, 0, 0, 0, 0, 0, 0]"
L2_arctic_WAV/MBMPS_arctic_a0026,"[6, 36, 2, 27, 1, 17, 36, 6, 29, 25, 4, 41, 36, 4, 5, 33, 39, 11, 17, 24, 41, 38, 36, 37, 16, 25, 2, 30, 2, 27, 14, 11, 30, 36, 6, 7]","[6, 36, 2, 27, 26, 1, 17, 36, 6, 29, 25, 4, 41, 36, 4, 5, 33, 39, 11, 17, 24, 41, 38, 36, 37, 16, 25, 2, 30, 2, 27, 14, 11, 30, 36, 6, 7]","[0, 0, 0, 0, 0, 0, 0, 0, 0, 0, 0, 0, 0, 0, 0, 0, 0, 0, 0, 0, 0, 0, 0, 0, 0, 0, 0, 0, 0, 0, 0, 0, 0, 0, 0, 0]"
L2_arctic_WAV/MBMPS_arctic_a0027,"[36, 2, 29, 14, 6, 34, 1, 32, 33, 14, 6, 40, 24, 25, 16, 6, 23, 41, 30, 36, 37, 9, 31, 11, 41, 27, 9, 2, 28, 6, 30, 10, 37, 40, 25, 41, 40, 2, 29, 6, 30, 29, 14, 6, 22, 19, 6, 38, 1]","[36, 2, 29, 14, 6, 34, 1, 32, 33, 14, 6, 40, 24, 25, 16, 6, 23, 41, 30, 36, 37, 9, 31, 11, 41, 27, 9, 2, 28, 6, 30, 10, 37, 34, 25, 41, 40, 2, 29, 6, 30, 29, 14, 6, 22, 19, 6, 38, 1]","[0, 0, 0, 0, 0, 0, 0, 0, 0, 0, 0, 0, 0, 0, 0, 0, 0, 0, 0, 0, 0, 0, 0, 0, 0, 0, 0, 0, 0, 0, 0, 0, 0, 1, 0, 0, 0, 0, 0, 0, 0, 0, 0, 0, 0, 0, 0, 0, 0]"
L2_arctic_WAV/MBMPS_arctic_a0028,"[33, 3, 16, 1, 25, 16, 33, 14, 6, 16, 1, 25, 22, 33, 8, 17]","[33, 3, 16, 1, 25, 16, 33, 14, 6, 16, 1, 25, 22, 33, 14, 11, 17]","[0, 0, 0, 0, 0, 0, 0, 0, 0, 0, 0, 0, 0, 0, 1, 0]"
L2_arctic_WAV/MBMPS_arctic_a0029,"[4, 5, 33, 22, 8, 33, 34, 6, 40, 39, 1, 8, 28, 33, 5, 17, 25, 29, 37, 38, 6, 7, 6, 30, 36, 37, 4, 2, 30, 8, 33, 10, 27, 12, 30, 36, 33, 25]","[4, 5, 33, 22, 8, 33, 34, 6, 40, 39, 1, 8, 33, 5, 17, 25, 29, 37, 38, 6, 7, 6, 30, 36, 37, 4, 2, 30, 8, 33, 36, 27, 31, 11, 30, 36, 33, 25]","[0, 0, 0, 0, 0, 0, 0, 0, 0, 0, 0, 0, 1, 0, 0, 0, 0, 0, 0, 0, 0, 0, 0, 0, 0, 0, 0, 0, 0, 0, 0, 1, 0, 1, 0, 0, 0, 0]"
L2_arctic_WAV/MBMPS_arctic_a0030,"[14, 6, 24, 41, 17, 22, 19, 6, 10, 6, 30, 4, 5, 29]","[14, 6, 24, 41, 17, 22, 19, 6, 17, 6, 30, 17, 5, 29]","[0, 0, 0, 0, 0, 0, 0, 0, 1, 0, 0, 1, 0, 0]"
L2_arctic_WAV/MBMPS_arctic_a0031,"[4, 19, 6, 39, 1, 10, 33, 25, 24, 12, 30, 17, 33, 2, 17, 26, 3, 33, 17, 40, 2, 32, 3, 33, 36]","[4, 19, 6, 39, 1, 10, 33, 25, 24, 3, 30, 17, 33, 2, 17, 26, 3, 33, 17, 34, 2, 32, 3, 33, 17]","[0, 0, 0, 0, 0, 0, 0, 0, 0, 1, 0, 0, 0, 0, 0, 0, 0, 0, 0, 1, 0, 0, 0, 0, 1]"
L2_arctic_WAV/MBMPS_arctic_a0032,"[34, 6, 30, 34, 4, 5, 30, 34, 12, 29, 29, 6, 34, 36, 6, 33, 25, 2, 34, 22, 8, 33, 34, 24, 41, 40, 16, 6, 30, 22, 14, 6, 36, 6, 7, 12, 34, 41, 36, 5, 38, 1, 25, 34, 36, 5, 32]","[34, 6, 30, 34, 4, 5, 30, 39, 12, 30, 29, 25, 34, 36, 6, 33, 25, 2, 34, 22, 8, 33, 34, 24, 41, 40, 16, 6, 30, 22, 14, 6, 36, 6, 7, 3, 34, 41, 36, 5, 38, 1, 25, 34, 36, 5, 32]","[0, 0, 0, 0, 0, 0, 0, 1, 0, 1, 0, 1, 0, 0, 0, 0, 0, 0, 0, 0, 0, 0, 0, 0, 0, 0, 0, 0, 0, 0, 0, 0, 0, 0, 0, 1, 0, 0, 0, 0, 0, 0, 0, 0, 0, 0, 0]"
L2_arctic_WAV/MBMPS_arctic_a0036,"[9, 25, 36, 1, 30, 17, 6, 30, 41, 36, 4, 25, 24, 31, 11, 36, 5, 28]","[9, 25, 36, 1, 30, 17, 25, 30, 41, 36, 17, 25, 24, 31, 11, 36, 5, 28]","[0, 0, 0, 0, 0, 0, 1, 0, 0, 0, 1, 0, 0, 0, 0, 0, 0, 0]"
L2_arctic_WAV/MBMPS_arctic_a0037,"[14, 6, 39, 12, 40, 4, 25, 31, 11, 30, 28, 25, 39, 12, 30, 24, 37, 33, 25, 29, 19, 6, 30, 17, 34, 6, 36, 6, 7]","[14, 6, 39, 12, 34, 10, 25, 31, 11, 30, 28, 25, 39, 12, 30, 24, 37, 33, 25, 29, 19, 6, 30, 17, 34, 25, 36, 6, 7]","[0, 0, 0, 0, 1, 1, 0, 0, 0, 0, 0, 0, 0, 0, 0, 0, 0, 0, 0, 0, 0, 0, 0, 0, 0, 1, 0, 0, 0]"
L2_arctic_WAV/MBMPS_arctic_a0038,"[39, 6, 28, 24, 41, 38, 36, 2, 39, 3, 35, 3, 33, 35, 41, 30, 34, 6, 40]","[39, 6, 28, 24, 41, 38, 36, 2, 39, 3, 35, 3, 33, 35, 3, 30, 34, 6, 34]","[0, 0, 0, 0, 0, 0, 0, 0, 0, 0, 0, 0, 0, 0, 1, 0, 0, 0, 1]"
L2_arctic_WAV/MBMPS_arctic_a0039,"[4, 25, 9, 6, 32, 9, 11, 17, 16, 25, 6, 30, 39, 6, 10, 6, 30, 2, 39, 25, 27, 8, 33, 36, 5, 30, 17, 19, 6, 40]","[4, 25, 9, 25, 32, 9, 11, 17, 16, 25, 6, 30, 39, 6, 4, 25, 30, 3, 39, 25, 27, 8, 33, 36, 5, 30, 17, 19, 6, 34]","[0, 0, 0, 1, 0, 0, 0, 0, 0, 0, 0, 0, 0, 0, 1, 1, 0, 1, 0, 0, 0, 0, 0, 0, 0, 0, 0, 0, 0, 1]"
L2_arctic_WAV/MBMPS_arctic_a0040,"[14, 6, 34, 2, 32, 31, 11, 40, 26, 37, 39, 12, 30, 17, 1, 39, 14, 6, 9, 25, 6, 40, 27, 12, 29, 6, 7, 12, 32, 24, 25, 33]","[14, 6, 34, 37, 32, 31, 11, 34, 26, 37, 39, 12, 30, 17, 1, 39, 14, 6, 9, 25, 25, 34, 27, 3, 29, 6, 7, 3, 32, 24, 25, 33]","[0, 0, 0, 1, 0, 0, 0, 1, 0, 0, 0, 0, 0, 0, 0, 0, 0, 0, 0, 0, 1, 1, 0, 1, 0, 0, 0, 1, 0, 0, 0, 0]"
L2_arctic_WAV/MBMPS_arctic_a0041,"[29, 25, 30, 39, 14, 6, 28, 14, 6, 28, 23, 31, 11, 14, 11, 36, 36, 37, 16, 33, 25, 4, 2, 34, 32, 5, 28]","[29, 25, 30, 39, 14, 6, 28, 3, 28, 23, 31, 11, 14, 11, 36, 36, 37, 16, 33, 25, 4, 41, 30, 34, 32, 5, 28]","[0, 0, 0, 0, 0, 0, 0, 1, 1, 0, 0, 0, 0, 0, 0, 0, 0, 0, 0, 0, 0, 0, 1, 0, 0, 0, 0]"
L2_arctic_WAV/MBMPS_arctic_a0042,"[24, 14, 11, 27, 11, 17, 24, 25, 6, 27, 34, 32, 28, 19, 6, 30, 24, 6, 40, 32, 2, 40, 5, 9, 2, 30, 12, 38, 4, 25, 34, 27, 5, 35]","[24, 14, 11, 27, 11, 17, 24, 25, 6, 27, 34, 32, 28, 19, 6, 30, 24, 25, 34, 32, 31, 11, 34, 5, 9, 2, 30, 12, 38, 17, 25, 34, 27, 5, 35]","[0, 0, 0, 0, 0, 0, 0, 0, 0, 0, 0, 0, 0, 0, 0, 0, 0, 1, 1, 0, 1, 1, 0, 0, 0, 0, 0, 0, 1, 0, 0, 0, 0, 0]"
L2_arctic_WAV/MBMPS_arctic_a0045,"[24, 25, 29, 37, 38, 17, 2, 39, 19, 6, 41, 40, 27, 39, 14, 6, 2, 36, 28, 25, 41, 40, 24, 25, 24, 41, 17, 27, 12, 29]","[24, 25, 29, 37, 38, 17, 2, 39, 19, 6, 41, 40, 27, 39, 25, 27, 28, 25, 41, 40, 24, 25, 24, 41, 17, 27, 3, 29]","[0, 0, 0, 0, 0, 0, 0, 0, 0, 0, 0, 0, 0, 0, 1, 1, 1, 1, 0, 0, 0, 0, 0, 0, 0, 0, 0, 0, 1, 0]"
L2_arctic_WAV/MBMPS_arctic_a0046,"[4, 25, 23, 1, 28, 22, 19, 6, 34, 36, 24, 6, 29, 24, 1, 14, 6, 40, 9, 14, 6, 30, 6, 7, 39, 6, 10, 34, 12, 17, 2, 30, 22, 6, 33]","[17, 25, 23, 1, 28, 22, 19, 6, 34, 24, 25, 29, 24, 1, 14, 6, 40, 9, 14, 6, 30, 6, 30, 39, 6, 17, 34, 12, 17, 2, 28, 22, 6, 33]","[1, 0, 0, 0, 0, 0, 0, 0, 0, 1, 0, 1, 0, 0, 0, 0, 0, 0, 0, 0, 0, 0, 0, 1, 0, 0, 1, 0, 0, 0, 0, 1, 0, 0, 0]"
L2_arctic_WAV/MBMPS_arctic_a0047,"[27, 28, 31, 11, 34, 16, 25, 34, 14, 6, 17, 24, 6, 29, 23, 28, 25, 29, 17, 4, 25, 39, 14, 6, 36, 22, 41, 7, 40, 12, 38, 4, 2, 39, 11, 28, 22, 17, 8, 23]","[27, 28, 31, 11, 34, 16, 25, 34, 14, 6, 17, 24, 25, 29, 23, 28, 25, 29, 17, 4, 25, 39, 14, 6, 17, 22, 41, 7, 34, 12, 38, 4, 2, 39, 12, 28, 22, 17, 8]","[0, 0, 0, 0, 0, 0, 0, 0, 0, 0, 0, 0, 1, 0, 0, 0, 0, 0, 0, 0, 0, 0, 0, 0, 1, 0, 0, 0, 1, 0, 0, 0, 0, 0, 1, 0, 0, 0, 0, 1]"
L2_arctic_WAV/MBMPS_arctic_a0048,"[24, 25, 28, 11, 27, 36, 41, 36, 4, 25, 24, 41, 7, 27, 1, 35, 6, 22, 29, 8, 33, 27, 28, 31, 11, 34, 28, 25]","[24, 25, 28, 37, 27, 36, 41, 36, 17, 25, 24, 41, 30, 27, 1, 35, 25, 22, 29, 8, 33, 27, 28, 31, 11, 40, 28, 25]","[0, 0, 0, 1, 0, 0, 0, 0, 1, 0, 0, 0, 1, 0, 0, 0, 1, 0, 0, 0, 0, 0, 0, 0, 0, 1, 0, 0]"
L2_arctic_WAV/MBMPS_arctic_a0051,"[4, 25, 28, 19, 6, 34, 39, 12, 40, 12, 38, 2, 17, 5, 28, 2, 27, 2, 36, 14, 6, 38, 1, 25, 27, 12, 28, 1, 22, 19, 6, 30, 36, 28, 25, 36, 6, 30, 36, 6, 17, 39, 6, 10, 26, 5, 28, 31, 11]","[4, 25, 28, 19, 6, 34, 39, 12, 34, 12, 38, 2, 17, 5, 28, 2, 27, 2, 17, 14, 6, 38, 1, 25, 27, 8, 28, 1, 22, 19, 6, 30, 36, 28, 25, 36, 14, 6, 30, 17, 39, 6, 17, 26, 5, 28, 31, 11]","[0, 0, 0, 0, 0, 0, 0, 0, 1, 0, 0, 0, 0, 0, 0, 0, 0, 0, 1, 0, 0, 0, 0, 0, 0, 1, 0, 0, 0, 0, 0, 0, 0, 0, 0, 0, 0, 0, 1, 1, 0, 0, 0, 1, 0, 0, 0, 0, 0]"
L2_arctic_WAV/MBMPS_arctic_a0052,"[6, 36, 39, 12, 40, 2, 27, 26, 11, 33, 25, 2, 34, 27, 31, 11, 6, 30, 34, 6, 17, 2, 30, 34]","[6, 36, 39, 12, 34, 2, 27, 26, 11, 33, 34, 27, 31, 11, 6, 30, 34, 6, 17, 2, 30, 34]","[0, 0, 0, 0, 1, 0, 0, 0, 0, 0, 1, 1, 0, 0, 0, 0, 0, 0, 0, 0, 0, 0, 0, 0]"
L2_arctic_WAV/MBMPS_arctic_a0053,"[34, 12, 17, 2, 30, 28, 25, 24, 6, 40, 22, 6, 7, 23, 1, 40, 27, 28, 31, 11, 40, 17, 36, 14, 6, 36, 28, 25, 31, 11, 38, 1, 4, 25, 24, 41, 7, 27, 1, 35, 25, 22]","[34, 12, 17, 2, 30, 28, 25, 24, 6, 34, 22, 6, 7, 23, 1, 40, 27, 28, 31, 11, 34, 36, 14, 6, 17, 28, 25, 31, 11, 38, 1, 4, 25, 24, 41, 30, 17, 27, 1, 35, 25, 22]","[0, 0, 0, 0, 0, 0, 0, 0, 0, 1, 0, 0, 0, 0, 0, 0, 0, 0, 0, 0, 1, 1, 0, 0, 0, 1, 0, 0, 0, 0, 0, 0, 0, 0, 0, 0, 1, 0, 0, 0, 0, 0]"
L2_arctic_WAV/MBMPS_arctic_a0054,"[4, 5, 33, 39, 12, 40, 30, 12, 10, 6, 7, 3, 30, 4, 2, 33, 3, 27]","[4, 5, 33, 39, 12, 34, 30, 12, 10, 6, 7, 3, 30, 4, 2, 33, 3, 27]","[0, 0, 0, 0, 0, 1, 0, 0, 0, 0, 0, 0, 0, 0, 0, 0, 0, 0]"
L2_arctic_WAV/MBMPS_arctic_a0058,"[14, 6, 27, 19, 6, 29, 22, 8, 33, 6, 30, 22, 1, 29, 19, 6, 9, 2, 30, 29, 8, 33, 14, 11, 36, 2, 38, 27, 26, 11, 33, 25, 3, 34, 2, 36, 25, 4, 41, 30, 5, 30, 25, 10, 6, 7, 5, 28, 34]","[14, 6, 27, 19, 6, 29, 22, 33, 33, 6, 30, 22, 1, 29, 19, 6, 9, 2, 30, 29, 8, 33, 14, 11, 36, 2, 38, 27, 11, 33, 25, 3, 34, 2, 36, 25, 4, 41, 30, 5, 30, 25, 10, 6, 7, 5, 28, 34]","[0, 0, 0, 0, 0, 0, 0, 1, 0, 0, 0, 0, 0, 0, 0, 0, 0, 0, 0, 0, 0, 0, 0, 0, 0, 0, 0, 0, 1, 0, 0, 0, 0, 0, 0, 0, 0, 0, 0, 0, 0, 0, 0, 0, 0, 0, 0, 0, 0]"
L2_arctic_WAV/MBMPS_arctic_a0059,"[24, 6, 40, 6, 29, 41, 27, 26, 37, 28, 6, 36, 2, 32, 6, 33, 2, 30, 34, 39, 12, 40, 23, 8, 30]","[24, 6, 34, 6, 30, 29, 41, 27, 26, 37, 28, 6, 36, 3, 32, 6, 33, 2, 30, 34, 39, 12, 34, 23, 8, 30]","[0, 0, 1, 0, 0, 0, 0, 0, 0, 0, 0, 0, 1, 0, 0, 0, 0, 0, 0, 0, 0, 1, 0, 0, 0]"
L2_arctic_WAV/MBMPS_arctic_a0060,"[5, 30, 25, 39, 19, 6, 30, 31, 11, 39, 12, 30, 34, 8, 24, 1, 28, 14, 6, 27, 4, 41, 36]","[5, 30, 25, 39, 19, 6, 30, 31, 11, 39, 12, 30, 34, 31, 11, 24, 1, 28, 14, 6, 27, 4, 41, 36]","[0, 0, 0, 0, 0, 0, 0, 0, 0, 0, 0, 0, 0, 1, 0, 0, 0, 0, 0, 0, 0, 0, 0]"
L2_arctic_WAV/MBMPS_arctic_a0062,"[4, 25, 29, 5, 30, 34, 36, 5, 33, 17, 6, 30, 36, 37, 25, 35, 12, 4, 1, 40, 22, 19, 6, 34]","[4, 25, 29, 5, 30, 34, 36, 5, 33, 17, 25, 30, 36, 37, 25, 35, 12, 4, 1, 40, 22, 19, 6, 34]","[0, 0, 0, 0, 0, 0, 0, 0, 0, 0, 1, 0, 0, 0, 0, 0, 0, 0, 0, 0, 0, 0, 0, 0]"
L2_arctic_WAV/MBMPS_arctic_a0063,"[26, 5, 34, 6, 36, 39, 12, 40, 2, 29, 41, 30, 24, 37, 41, 34, 36, 2, 34, 36, 33, 19, 6, 30, 18, 1]","[26, 5, 34, 6, 17, 39, 12, 34, 2, 29, 5, 30, 24, 37, 41, 34, 2, 34, 36, 33, 19, 6, 30, 18, 1]","[0, 0, 0, 0, 1, 0, 0, 1, 0, 0, 1, 0, 0, 0, 0, 0, 1, 0, 0, 0, 0, 0, 0, 0, 0, 0]"
L2_arctic_WAV/MBMPS_arctic_a0064,"[4, 2, 22, 8, 33, 10, 2, 30, 17, 22, 6, 22, 10, 17, 19, 6, 40, 32, 41, 34, 36, 39, 6, 4, 14, 11, 36, 5, 30, 25, 17, 6, 38, 5, 28, 2, 32, 29, 2, 30, 36, 34]","[4, 2, 22, 8, 33, 17, 2, 30, 17, 22, 25, 22, 10, 17, 19, 6, 34, 32, 41, 34, 36, 39, 6, 17, 14, 11, 36, 5, 30, 25, 17, 6, 38, 5, 28, 2, 32, 29, 2, 30, 36, 34]","[0, 0, 0, 0, 0, 1, 0, 0, 0, 0, 1, 0, 0, 0, 0, 0, 1, 0, 0, 0, 0, 0, 0, 1, 0, 0, 0, 0, 0, 0, 0, 0, 0, 0, 0, 0, 0, 0, 0, 0, 0, 0]"
L2_arctic_WAV/MBMPS_arctic_a0065,"[4, 19, 6, 27, 28, 31, 11, 40, 17, 30, 14, 11, 2, 30, 36, 6, 28, 24, 6, 40, 22, 6, 7, 23, 1, 40, 39, 1, 28, 14, 6, 27, 27, 8, 33, 17, 40, 12, 38, 34, 36, 25, 28]","[17, 19, 6, 27, 28, 31, 11, 34, 30, 14, 11, 2, 30, 36, 2, 28, 24, 6, 34, 22, 6, 7, 23, 1, 40, 39, 1, 28, 14, 6, 27, 27, 8, 33, 17, 40, 12, 38, 34, 36, 25, 28]","[1, 0, 0, 0, 0, 0, 0, 1, 1, 0, 0, 0, 0, 0, 0, 1, 0, 0, 0, 1, 0, 0, 0, 0, 0, 0, 0, 0, 0, 0, 0, 0, 0, 0, 0, 0, 0, 0, 0, 0, 0, 0, 0]"
L2_arctic_WAV/MBMPS_arctic_a0067,"[9, 11, 33, 28, 25, 14, 6, 39, 6, 28, 6, 27, 34, 27, 26, 37, 34, 26, 37, 9, 25, 27, 33, 14, 6, 17]","[9, 11, 33, 28, 25, 14, 6, 39, 6, 28, 6, 27, 34, 27, 26, 37, 34, 26, 37, 9, 25, 27, 33, 14, 6, 17]","[0, 0, 0, 0, 0, 0, 0, 0, 0, 0, 0, 0, 0, 0, 0, 0, 0, 0, 0, 0, 0, 0, 0, 0, 0, 0]"
L2_arctic_WAV/MBMPS_arctic_a0071,"[24, 39, 12, 36, 39, 12, 40, 4, 25, 3, 16, 18, 5, 27, 36, 12, 38, 26, 11, 33, 28, 6, 36, 2, 28, 34, 5, 30, 34, 19, 6, 9, 2, 30]","[24, 39, 12, 36, 39, 12, 34, 4, 25, 3, 16, 18, 5, 27, 36, 12, 38, 26, 11, 33, 28, 25, 36, 2, 28, 34, 5, 30, 34, 19, 6, 9, 2, 30]","[0, 0, 0, 0, 0, 0, 1, 0, 0, 0, 0, 0, 0, 0, 0, 0, 0, 0, 0, 0, 0, 1, 0, 0, 0, 0, 0, 0, 0, 0, 0, 0, 0, 0]"
L2_arctic_WAV/MBMPS_arctic_a0073,"[4, 2, 32, 33, 2, 29, 31, 11, 36, 1, 40, 14, 6, 40, 39, 1, 24, 5, 38, 25, 39, 6, 10, 28, 6, 36, 2, 28, 32, 12, 22, 25, 16, 41, 23, 40, 12, 30, 17, 1, 4, 5, 29]","[4, 2, 32, 33, 2, 29, 31, 11, 36, 1, 34, 14, 6, 40, 39, 1, 24, 19, 6, 38, 25, 39, 6, 10, 28, 25, 36, 2, 28, 32, 11, 22, 25, 16, 41, 27, 34, 12, 30, 17, 1, 4, 5, 29]","[0, 0, 0, 0, 0, 0, 0, 0, 0, 0, 1, 0, 0, 0, 0, 0, 0, 1, 0, 0, 0, 0, 0, 0, 1, 0, 0, 0, 0, 1, 0, 0, 0, 0, 1, 1, 0, 0, 0, 0, 0, 0, 0]"
L2_arctic_WAV/MBMPS_arctic_a0075,"[4, 5, 33, 24, 41, 40, 16, 6, 30, 2, 35, 19, 6, 30, 18, 9, 25, 6, 30, 36, 1, 12, 32, 36, 6, 17, 24, 6, 29]","[4, 5, 33, 24, 41, 40, 16, 6, 30, 2, 35, 19, 6, 30, 18, 9, 25, 25, 30, 36, 1, 12, 32, 36, 6, 17, 24, 25, 29]","[0, 0, 0, 0, 0, 0, 0, 0, 0, 0, 0, 0, 0, 0, 0, 0, 0, 1, 0, 0, 0, 0, 0, 0, 0, 0, 0, 1, 0]"
L2_arctic_WAV/MBMPS_arctic_a0076,"[4, 25, 23, 33, 19, 6, 14, 6, 40, 22, 3, 28, 36, 1, 17, 4, 2, 22, 28, 12, 9, 17, 25, 32, 2, 30, 17]","[17, 19, 6, 23, 33, 19, 6, 14, 6, 34, 22, 3, 28, 36, 1, 6, 17, 17, 2, 22, 28, 12, 13, 17, 25, 32, 2, 30, 5, 17]","[1, 1, 0, 0, 0, 0, 0, 0, 1, 0, 0, 0, 0, 0, 0, 1, 0, 0, 0, 0, 1, 0, 0, 0, 0, 0, 0]"
L2_arctic_WAV/MBMPS_arctic_a0077,"[6, 36, 6, 40, 4, 2, 22, 14, 6, 33, 32, 3, 33, 36, 28, 25, 9, 25, 34, 5, 17]","[25, 36, 25, 40, 4, 2, 22, 14, 6, 33, 32, 3, 33, 17, 28, 25, 9, 25, 34, 5, 17]","[1, 0, 1, 0, 0, 0, 0, 0, 0, 0, 0, 0, 0, 1, 0, 0, 0, 0, 0, 0, 0]"
L2_arctic_WAV/MBMPS_arctic_a0078,"[4, 5, 30, 2, 30, 17, 41, 36, 34, 12, 32, 1, 24, 25, 36, 33, 14, 6, 17, 36, 37, 22, 41, 4, 2, 29, 24, 1]","[17, 5, 30, 2, 30, 41, 36, 34, 3, 32, 1, 24, 25, 36, 33, 14, 6, 17, 36, 37, 22, 41, 4, 2, 29, 24, 1]","[1, 0, 0, 0, 0, 1, 0, 0, 0, 1, 0, 0, 0, 0, 0, 0, 0, 0, 0, 0, 0, 0, 0, 0, 0, 0, 0, 0]"
L2_arctic_WAV/MBMPS_arctic_a0079,"[6, 36, 39, 12, 40, 2, 28, 3, 33, 18, 27, 2, 30, 37]","[6, 17, 39, 12, 40, 2, 28, 3, 33, 18, 27, 2, 30, 37]","[0, 1, 0, 0, 0, 0, 0, 0, 0, 0, 0, 0, 0, 0]"
L2_arctic_WAV/MBMPS_arctic_a0081,"[24, 39, 12, 36, 6, 22, 9, 25, 17, 6, 17, 30, 3, 36, 27, 12, 29, 36, 2, 4, 2, 33, 3, 27]","[24, 39, 12, 36, 6, 22, 9, 25, 17, 25, 17, 30, 3, 17, 27, 31, 11, 29, 36, 2, 4, 2, 33, 3, 27]","[0, 0, 0, 0, 0, 0, 0, 0, 0, 1, 0, 0, 0, 1, 0, 1, 0, 0, 0, 0, 0, 0, 0, 0]"
L2_arctic_WAV/MBMPS_arctic_a0082,"[24, 6, 40, 22, 19, 6, 34, 39, 12, 40, 34, 36, 33, 25, 29, 6, 7, 39, 6, 10, 16, 28, 12, 17]","[24, 6, 40, 22, 19, 6, 34, 39, 12, 40, 34, 36, 33, 25, 29, 6, 7, 39, 6, 17, 16, 28, 8, 17]","[0, 0, 0, 0, 0, 0, 0, 0, 0, 0, 0, 0, 0, 0, 0, 0, 0, 0, 0, 1, 0, 0, 1, 0]"
L2_arctic_WAV/MBMPS_arctic_a0085,"[2, 36, 33, 6, 27, 2, 28, 12, 38, 22, 33, 5, 9, 16, 28, 12, 17, 33, 41, 30, 31, 11, 38, 1, 24, 6, 40, 22, 19, 6, 34]","[3, 36, 33, 6, 27, 2, 28, 12, 38, 22, 33, 5, 9, 16, 28, 8, 17, 33, 41, 30, 31, 11, 38, 1, 24, 6, 34, 22, 19, 6, 34]","[1, 0, 0, 0, 0, 0, 0, 0, 0, 0, 0, 0, 0, 0, 0, 1, 0, 0, 0, 0, 0, 0, 0, 0, 0, 0, 1, 0, 0, 0, 0]"
L2_arctic_WAV/MBMPS_arctic_a0086,"[17, 5, 10, 24, 41, 17, 27, 12, 29, 39, 6, 10, 36, 5, 33, 2, 16, 2, 28, 34, 12, 17, 2, 30, 30, 2, 34]","[17, 5, 17, 24, 41, 17, 27, 3, 29, 39, 6, 10, 36, 5, 33, 2, 16, 2, 28, 34, 3, 17, 2, 30, 30, 2, 34]","[0, 0, 1, 0, 0, 0, 0, 1, 0, 0, 0, 0, 0, 0, 0, 0, 0, 0, 0, 0, 1, 0, 0, 0, 0, 0, 0]"
L2_arctic_WAV/MBMPS_arctic_a0088,"[24, 25, 29, 19, 6, 17, 9, 11, 33, 4, 41, 36, 4, 25, 29, 41, 23, 2, 40, 25, 30, 39, 8, 40, 28, 31, 11, 17, 2, 17, 41, 30, 17, 33, 25, 40, 37, 29, 17, 24, 6, 40, 32, 41, 17, 2, 28, 6, 7]","[24, 25, 29, 19, 6, 36, 9, 11, 33, 4, 41, 36, 4, 25, 29, 41, 23, 2, 34, 25, 30, 39, 8, 34, 28, 31, 11, 17, 2, 17, 41, 30, 17, 33, 25, 34, 37, 29, 17, 24, 25, 34, 32, 41, 17, 2, 28, 6, 7]","[0, 0, 0, 0, 0, 1, 0, 0, 0, 0, 0, 0, 0, 0, 0, 0, 0, 0, 1, 0, 0, 0, 0, 1, 0, 0, 0, 0, 0, 0, 0, 0, 0, 0, 0, 1, 0, 0, 0, 0, 1, 1, 0, 0, 0, 0, 0, 0, 0]"
L2_arctic_WAV/MBMPS_arctic_a0089,"[4, 2, 30, 14, 6, 36, 23, 28, 31, 11, 39, 12, 40, 36, 33, 5, 35, 1, 2, 34, 36, 2, 9, 37, 36, 16, 14, 6]","[4, 2, 30, 14, 6, 36, 23, 28, 31, 11, 39, 12, 34, 36, 33, 5, 35, 1, 34, 36, 2, 9, 37, 17, 16, 14, 6]","[0, 0, 0, 0, 0, 0, 0, 0, 0, 0, 0, 0, 1, 0, 0, 0, 0, 0, 1, 0, 0, 0, 0, 0, 1, 0, 0, 0]"
L2_arctic_WAV/MBMPS_arctic_a0090,"[4, 2, 34, 6, 7, 6, 7, 38, 8, 6, 34, 2, 32, 33, 31, 11, 35, 36, 33, 41, 32, 2, 17, 28, 25]","[4, 2, 34, 6, 7, 6, 7, 38, 8, 6, 34, 2, 32, 33, 31, 11, 35, 36, 33, 41, 32, 2, 17, 28, 25]","[0, 0, 0, 0, 0, 0, 0, 0, 0, 0, 0, 0, 0, 0, 0, 0, 0, 0, 0, 0, 0, 0, 0, 0, 0]"
L2_arctic_WAV/MBMPS_arctic_a0091,"[24, 6, 40, 16, 28, 12, 17, 23, 33, 37, 24, 3, 36, 39, 6, 10, 33, 19, 6, 18, 41, 36, 4, 2, 10, 8, 36]","[24, 6, 40, 16, 28, 8, 17, 23, 33, 37, 24, 3, 36, 39, 6, 17, 33, 19, 6, 35, 41, 36, 4, 6, 10, 8, 36]","[0, 0, 0, 0, 0, 1, 0, 0, 0, 0, 0, 0, 0, 0, 0, 1, 0, 0, 0, 1, 0, 0, 0, 1, 0, 0, 0]"
L2_arctic_WAV/MBMPS_arctic_a0092,"[24, 25, 39, 5, 30, 36, 17, 14, 11, 30, 6, 30, 29, 6, 17, 34, 36, 33, 25, 29, 34, 1, 35, 6, 7, 4, 2, 9, 41, 17, 31, 11, 40, 12, 38, 16, 31, 11, 10, 9, 8, 33, 40]","[24, 25, 39, 5, 30, 17, 14, 11, 30, 25, 30, 29, 6, 30, 34, 36, 33, 25, 29, 34, 1, 35, 6, 30, 4, 2, 9, 41, 17, 31, 11, 34, 12, 38, 16, 31, 11, 4, 9, 8, 33, 34]","[0, 0, 0, 0, 0, 1, 0, 0, 0, 0, 1, 0, 0, 0, 1, 0, 0, 0, 0, 0, 0, 0, 0, 0, 1, 0, 0, 0, 0, 0, 0, 0, 1, 0, 0, 0, 0, 0, 1, 0, 0, 0, 1]"
L2_arctic_WAV/MBMPS_arctic_a0093,"[22, 33, 1, 2, 22, 11, 28, 29, 6, 30, 2, 36, 24, 25, 27, 33, 14, 11, 35, 36, 2, 30, 17, 28, 6, 34, 2, 30, 17]","[22, 33, 1, 2, 22, 11, 28, 29, 6, 30, 2, 36, 24, 25, 27, 33, 31, 11, 35, 36, 2, 30, 17, 28, 6, 34, 2, 30, 17]","[0, 0, 0, 0, 0, 0, 0, 0, 0, 0, 0, 0, 0, 0, 0, 0, 1, 0, 0, 0, 0, 0, 0, 0, 0, 0, 0, 0, 0]"
L2_arctic_WAV/MBMPS_arctic_a0094,"[24, 25, 24, 41, 17, 16, 5, 33, 28, 25, 5, 30, 36, 1, 17, 4, 6, 34, 39, 5, 30, 24, 25, 34, 8, 4, 2, 23, 28, 31, 11, 12, 38, 2, 22, 14, 6, 33]","[24, 25, 24, 41, 17, 16, 5, 33, 28, 25, 5, 30, 36, 1, 6, 17, 6, 34, 39, 5, 30, 24, 25, 34, 31, 11, 4, 2, 23, 28, 31, 11, 12, 22, 2, 22, 14, 6, 33]","[0, 0, 0, 0, 0, 0, 0, 0, 0, 0, 0, 0, 0, 0, 1, 1, 0, 0, 0, 0, 0, 0, 0, 0, 1, 0, 0, 0, 0, 0, 0, 0, 1, 0, 0, 0, 0, 0]"
L2_arctic_WAV/MBMPS_arctic_a0095,"[2, 16, 6, 23, 27, 41, 30, 38, 2, 34, 36, 5, 30, 36, 39, 8, 40, 4, 2, 22, 1, 34, 36, 10, 6, 7, 36, 2, 27, 12, 29, 39, 6, 10, 6, 30, 24, 6, 40, 38, 6, 13, 2, 30]","[3, 16, 6, 23, 27, 41, 30, 38, 2, 34, 36, 5, 30, 36, 39, 8, 34, 17, 2, 22, 1, 34, 36, 10, 6, 7, 36, 2, 27, 31, 11, 29, 39, 6, 17, 25, 30, 24, 6, 40, 38, 6, 9, 2, 30]","[1, 0, 0, 0, 0, 0, 0, 0, 0, 0, 0, 0, 0, 0, 0, 0, 1, 1, 0, 0, 0, 0, 0, 0, 0, 0, 0, 0, 0, 1, 0, 0, 0, 1, 1, 0, 0, 0, 0, 0, 0, 1, 0, 0]"
L2_arctic_WAV/MBMPS_arctic_a0096,"[32, 1, 24, 41, 32, 34, 9, 25, 24, 41, 17, 8, 28, 33, 5, 17, 25, 29, 5, 36, 24, 1, 22, 19, 6, 36, 2, 28, 6, 36, 2, 28, 17, 25, 32, 1, 6, 30, 4, 2, 22, 8, 33, 2, 34, 36]","[32, 1, 24, 41, 32, 34, 9, 25, 24, 41, 17, 8, 33, 5, 17, 25, 29, 5, 17, 24, 1, 22, 19, 6, 36, 2, 28, 25, 36, 2, 28, 17, 25, 32, 1, 6, 30, 4, 2, 22, 8, 33, 2, 34, 36]","[0, 0, 0, 0, 0, 0, 0, 0, 0, 0, 0, 0, 1, 0, 0, 0, 0, 0, 0, 1, 0, 0, 0, 0, 0, 0, 0, 0, 1, 0, 0, 0, 0, 0, 0, 0, 0, 0, 0, 0, 0, 0, 0, 0, 0, 0]"
L2_arctic_WAV/MBMPS_arctic_a0097,"[4, 5, 30, 26, 37, 27, 41, 30, 1, 19, 6, 30, 18, 26, 1, 34, 5, 28, 22, 27, 12, 29, 22, 1, 36, 2, 16, 28, 25, 2, 29, 12, 7, 4, 25, 40, 33, 31, 11, 16, 40, 6, 30, 4, 2, 16, 14, 11]","[4, 5, 30, 26, 37, 27, 41, 30, 1, 19, 6, 30, 35, 26, 1, 34, 5, 28, 22, 27, 8, 29, 22, 2, 36, 2, 16, 28, 25, 3, 29, 31, 11, 7, 4, 25, 40, 33, 31, 11, 16, 34, 25, 30, 4, 2, 16, 8]","[0, 0, 0, 0, 0, 0, 0, 0, 0, 0, 0, 0, 1, 0, 0, 0, 0, 0, 0, 0, 1, 0, 0, 1, 0, 0, 0, 0, 0, 1, 0, 1, 0, 0, 0, 0, 0, 0, 0, 0, 1, 1, 0, 0, 0, 0, 1, 1]"
L2_arctic_WAV/MBMPS_arctic_a0098,"[9, 41, 28, 14, 6, 27, 5, 33, 25, 26, 37]","[9, 2, 28, 14, 6, 27, 3, 33, 25, 26, 37]","[0, 1, 0, 0, 0, 0, 1, 0, 0, 0, 0]"
L2_arctic_WAV/MBMPS_arctic_a0099,"[2, 29, 41, 17, 2, 30, 6, 7, 18, 8, 6, 32, 14, 11, 30, 17, 6, 17, 6, 30, 24, 6, 40, 16, 33, 19, 6, 30]","[3, 29, 41, 17, 2, 30, 6, 7, 18, 8, 6, 32, 14, 11, 30, 17, 6, 17, 6, 30, 24, 25, 34, 16, 33, 19, 6, 30]","[1, 0, 0, 0, 0, 0, 0, 0, 0, 0, 0, 0, 0, 0, 0, 0, 0, 0, 0, 0, 0, 1, 1, 0, 0, 0, 0, 0]"
L2_arctic_WAV/MBMPS_arctic_a0100,"[26, 37, 29, 12, 34, 36, 34, 28, 25, 32, 24, 25, 1, 18, 17]","[26, 37, 29, 12, 34, 36, 2, 34, 28, 25, 32, 24, 25, 1, 18, 17]","[0, 0, 0, 0, 0, 0, 0, 0, 0, 0, 0, 0, 0, 0, 0]"
L2_arctic_WAV/MBMPS_arctic_a0101,"[26, 37, 39, 11, 17, 30, 3, 36, 27, 25, 32, 4, 2, 36, 33, 37, 10, 22, 33, 12, 29, 29, 25]","[26, 37, 39, 11, 17, 30, 3, 36, 27, 25, 32, 4, 2, 36, 33, 37, 17, 22, 33, 12, 29, 29, 25]","[0, 0, 0, 0, 0, 0, 0, 0, 0, 0, 0, 0, 0, 0, 0, 0, 1, 0, 0, 0, 0, 0, 0]"
L2_arctic_WAV/MBMPS_arctic_a0102,"[24, 25, 39, 6, 28, 22, 3, 28, 31, 11, 12, 34, 34, 37, 30]","[24, 25, 39, 6, 28, 22, 3, 28, 31, 11, 12, 34, 34, 37, 30]","[0, 0, 0, 0, 0, 0, 0, 0, 0, 0, 0, 0, 0, 0, 0]"
L2_arctic_WAV/MBMPS_arctic_a0103,"[16, 12, 36, 4, 5, 33, 27, 19, 6, 29, 30, 31, 11, 32, 33, 3, 29, 2, 34, 22, 33, 12, 29, 4, 2, 16, 14, 11, 12, 38, 4, 25, 27, 2, 30, 37]","[16, 3, 36, 4, 5, 33, 27, 19, 6, 29, 30, 31, 11, 32, 33, 3, 29, 2, 34, 22, 33, 12, 29, 17, 2, 16, 14, 11, 12, 22, 4, 25, 27, 41, 30, 37]","[0, 1, 0, 0, 0, 0, 0, 0, 0, 0, 0, 0, 0, 0, 0, 0, 0, 0, 0, 0, 0, 0, 0, 1, 0, 0, 0, 0, 0, 1, 0, 0, 0, 1, 0, 0]"
L2_arctic_WAV/MBMPS_arctic_a0104,"[9, 25, 39, 12, 40, 34, 28, 25, 32, 6, 7, 12, 30, 17, 1, 24, 6, 40, 32, 33, 2, 36, 5, 27, 9, 2, 30, 41, 40, 34, 39, 25, 36, 28, 25, 41, 40, 2, 35, 14, 6, 28, 17]","[9, 6, 39, 12, 40, 34, 28, 25, 32, 6, 30, 3, 30, 17, 1, 24, 6, 34, 32, 33, 2, 36, 5, 27, 9, 2, 30, 41, 40, 34, 39, 25, 36, 28, 25, 41, 34, 2, 35, 14, 6, 28, 17]","[0, 1, 0, 0, 0, 0, 0, 0, 0, 0, 1, 1, 0, 0, 0, 0, 0, 1, 0, 0, 0, 0, 0, 0, 0, 0, 0, 0, 0, 0, 0, 0, 0, 0, 0, 0, 1, 0, 0, 0, 0, 0, 0]"
L2_arctic_WAV/MBMPS_arctic_a0105,"[31, 11, 30, 28, 25, 6, 36, 6, 40, 34, 31, 11, 39, 12, 30, 17, 1, 22, 2, 28, 34, 31, 11, 8, 28, 29, 31, 11, 34, 36, 6, 29, 32, 3, 34, 2, 16, 2, 28, 36, 37, 16, 6, 28, 25, 38]","[31, 11, 30, 28, 25, 25, 36, 25, 40, 34, 31, 11, 39, 12, 30, 17, 1, 22, 2, 28, 34, 31, 11, 8, 28, 29, 31, 11, 34, 36, 6, 29, 32, 3, 34, 2, 16, 2, 28, 36, 37, 16, 6, 28, 25, 38]","[0, 0, 0, 0, 0, 1, 0, 1, 0, 0, 0, 0, 0, 0, 0, 0, 0, 0, 0, 0, 0, 0, 0, 0, 0, 0, 0, 0, 0, 0, 0, 0, 0, 0, 0, 0, 0, 0, 0, 0, 0, 0, 0, 0, 0, 0]"
L2_arctic_WAV/MBMPS_arctic_a0106,"[4, 25, 6, 29, 31, 11, 9, 2, 30, 39, 6, 35, 9, 25, 24, 41, 17, 34, 2, 32, 33, 5, 34, 36, 16, 1, 34, 36, 22, 8, 33, 10, 30, 14, 11, 6, 30, 2, 35, 31, 11, 27, 6, 7, 34, 3, 16]","[17, 25, 6, 29, 31, 11, 9, 2, 30, 39, 6, 35, 9, 25, 24, 41, 17, 34, 37, 32, 33, 5, 34, 36, 16, 1, 34, 36, 22, 8, 33, 30, 14, 11, 25, 30, 2, 35, 31, 11, 27, 6, 7, 34, 3, 16]","[1, 0, 0, 0, 0, 0, 0, 0, 0, 0, 0, 0, 0, 0, 0, 0, 0, 0, 1, 0, 0, 0, 0, 0, 0, 0, 0, 0, 0, 0, 0, 1, 0, 0, 0, 1, 0, 0, 0, 0, 0, 0, 0, 0, 0, 0, 0]"
L2_arctic_WAV/MBMPS_arctic_a0107,"[6, 22, 26, 37, 31, 11, 30, 28, 25, 27, 11, 17, 30, 31, 11, 24, 14, 11, 14, 6, 10, 41, 7, 27, 26, 37]","[6, 22, 26, 37, 31, 11, 30, 28, 25, 27, 11, 17, 30, 30, 31, 11, 24, 14, 11, 14, 6, 10, 41, 7, 27, 26, 37]","[0, 0, 0, 0, 0, 0, 0, 0, 0, 0, 0, 0, 0, 0, 0, 0, 0, 0, 0, 0, 0, 0, 0, 0, 0, 0]"
L2_arctic_WAV/MBMPS_arctic_a0108,"[24, 25, 39, 19, 6, 17, 6, 17, 6, 30, 36, 37, 4, 25, 5, 18, 12, 38, 4, 2, 39, 8, 36, 1, 41, 30, 17, 16, 25, 23, 41, 30, 34, 27, 33, 12, 16, 6, 7, 24, 6, 29, 34, 5, 28, 22]","[24, 25, 39, 19, 6, 17, 6, 17, 25, 30, 36, 37, 4, 25, 5, 35, 12, 38, 4, 2, 39, 8, 36, 1, 41, 30, 17, 16, 25, 23, 3, 30, 34, 27, 33, 3, 16, 6, 7, 24, 6, 29, 34, 5, 28, 22]","[0, 0, 0, 0, 0, 0, 0, 0, 1, 0, 0, 0, 0, 0, 0, 1, 0, 0, 0, 0, 0, 0, 0, 0, 0, 0, 0, 0, 0, 0, 1, 0, 0, 0, 0, 1, 0, 0, 0, 0, 0, 0, 0, 0, 0, 0]"
L2_arctic_WAV/MBMPS_arctic_a0109,"[17, 37, 26, 37, 30, 31, 11, 4, 41, 36, 26, 37, 3, 33, 9, 19, 6, 27, 6, 7, 29, 14, 6, 27, 3, 30, 22, 2, 17, 2, 30, 34, 6, 30, 26, 37]","[17, 37, 26, 37, 30, 31, 11, 17, 41, 36, 26, 37, 3, 33, 9, 19, 6, 27, 6, 30, 29, 14, 6, 27, 3, 30, 22, 2, 17, 2, 30, 34, 6, 30, 26, 37]","[0, 0, 0, 0, 0, 0, 0, 1, 0, 0, 0, 0, 0, 0, 0, 0, 0, 0, 0, 1, 0, 0, 0, 0, 0, 0, 0, 0, 0, 0, 0, 0, 0, 0, 0, 0]"
L2_arctic_WAV/MBMPS_arctic_a0111,"[6, 30, 34, 36, 5, 17, 24, 25, 18, 8, 6, 30, 17, 24, 1, 2, 30, 17, 4, 19, 6, 19, 6, 36, 28, 14, 6, 27, 36, 37, 24, 12, 7, 23, 33, 25, 35, 6, 28, 17, 33, 2, 30]","[6, 30, 34, 36, 5, 17, 24, 25, 18, 8, 6, 30, 24, 1, 2, 30, 17, 4, 19, 6, 19, 6, 36, 28, 14, 6, 27, 36, 37, 24, 3, 7, 23, 33, 25, 35, 6, 28, 17, 33, 2, 30]","[0, 0, 0, 0, 0, 0, 0, 0, 0, 0, 0, 0, 1, 0, 0, 0, 0, 0, 0, 0, 0, 0, 0, 0, 0, 0, 0, 0, 0, 0, 0, 1, 0, 0, 0, 0, 0, 0, 0, 0, 0, 0, 0]"
L2_arctic_WAV/MBMPS_arctic_a0112,"[24, 25, 39, 12, 40, 39, 37, 30, 17, 6, 17, 6, 30, 4, 25, 3, 33, 29]","[24, 25, 39, 12, 40, 39, 37, 30, 17, 6, 17, 6, 30, 17, 25, 3, 33, 29]","[0, 0, 0, 0, 0, 0, 0, 0, 0, 0, 0, 0, 0, 1, 0, 0, 0, 0]"
L2_arctic_WAV/MBMPS_arctic_a0113,"[14, 6, 34, 2, 32, 31, 11, 40, 26, 37, 32, 6, 27, 36, 4, 41, 36, 28, 6, 7, 23, 31, 11, 12, 32, 2, 29, 12, 7, 4, 25, 6, 30, 17, 25, 2, 30, 40]","[14, 6, 34, 37, 32, 31, 11, 34, 26, 37, 32, 25, 27, 4, 41, 36, 28, 6, 7, 23, 31, 11, 3, 32, 3, 29, 31, 11, 7, 17, 25, 6, 30, 17, 25, 2, 30, 40]","[0, 0, 0, 1, 0, 0, 0, 1, 0, 0, 0, 1, 0, 1, 0, 0, 0, 0, 0, 0, 0, 0, 0, 1, 0, 1, 0, 1, 0, 1, 0, 0, 0, 0, 0, 0, 0, 0]"
L2_arctic_WAV/MBMPS_arctic_a0115,"[24, 25, 24, 41, 17, 30, 31, 11, 6, 27, 34, 27, 26, 37, 34, 22, 8, 33, 4, 25, 22, 25, 28, 6, 7, 40, 24, 39, 6, 35, 39, 1, 1, 14, 11, 40, 17, 6, 30, 24, 6, 29]","[24, 25, 24, 41, 17, 30, 31, 11, 6, 27, 34, 27, 26, 37, 40, 22, 8, 33, 4, 25, 22, 25, 28, 6, 7, 34, 24, 39, 6, 35, 39, 1, 1, 14, 11, 34, 17, 6, 30, 24, 25, 29]","[0, 0, 0, 0, 0, 0, 0, 0, 0, 0, 0, 0, 0, 0, 1, 0, 0, 0, 0, 0, 0, 0, 0, 0, 0, 1, 0, 0, 0, 0, 0, 0, 0, 0, 0, 1, 0, 0, 0, 0, 1, 0]"
L2_arctic_WAV/MBMPS_arctic_a0116,"[39, 12, 40, 6, 36, 4, 2, 33, 3, 30, 17, 6, 38, 37, 12, 38, 4, 31, 11, 40, 24, 37, 39, 1, 34, 36, 33, 14, 6, 38, 6, 7, 36, 2, 39, 1, 27, 24, 6, 40, 33, 37, 2, 30]","[39, 12, 34, 6, 36, 17, 2, 33, 3, 30, 17, 6, 38, 37, 12, 38, 17, 31, 11, 40, 24, 37, 39, 5, 33, 34, 36, 33, 14, 6, 38, 6, 7, 36, 2, 39, 1, 27, 24, 6, 34, 33, 37, 30]","[0, 0, 1, 0, 0, 1, 0, 0, 0, 0, 0, 0, 0, 0, 0, 0, 1, 0, 0, 0, 0, 0, 0, 1, 0, 0, 0, 0, 0, 0, 0, 0, 0, 0, 0, 0, 0, 0, 0, 1, 0, 0, 1, 0]"
L2_arctic_WAV/MBMPS_arctic_a0117,"[9, 25, 41, 17, 6, 17, 39, 6, 4, 18, 5, 30, 26, 2, 39, 2, 30, 34, 6, 29, 32, 2, 10, 25, 6, 30, 24, 1, 22, 19, 6, 34, 41, 30, 17, 38, 8, 6, 34]","[9, 25, 41, 17, 6, 17, 39, 6, 17, 18, 6, 30, 26, 2, 30, 34, 25, 29, 32, 2, 10, 25, 6, 30, 24, 1, 22, 19, 6, 34, 41, 30, 17, 38, 8, 6, 34]","[0, 0, 0, 0, 0, 0, 0, 0, 1, 0, 1, 0, 0, 1, 1, 0, 0, 0, 1, 0, 0, 0, 0, 0, 0, 0, 0, 0, 0, 0, 0, 0, 0, 0, 0, 0, 0, 0, 0]"
L2_arctic_WAV/MBMPS_arctic_a0120,"[29, 14, 6, 33, 14, 6, 36, 22, 11, 36, 22, 25, 28, 40, 28, 14, 6, 27, 4, 41, 36, 12, 38, 2, 35, 14, 6, 30, 25, 40, 17, 5, 16, 26, 2, 36, 3, 30, 36]","[29, 14, 6, 33, 14, 6, 17, 22, 11, 17, 22, 25, 28, 40, 28, 14, 6, 27, 4, 41, 17, 12, 38, 2, 35, 14, 6, 30, 25, 34, 17, 5, 16, 26, 2, 36, 5, 30, 36]","[0, 0, 0, 0, 0, 0, 1, 0, 0, 1, 0, 0, 0, 0, 0, 0, 0, 0, 0, 0, 1, 0, 0, 0, 0, 0, 0, 0, 0, 1, 0, 0, 0, 0, 0, 0, 1, 0, 0]"
L2_arctic_WAV/MBMPS_arctic_a0121,"[4, 19, 6, 19, 6, 36, 17, 6, 30, 1, 41, 36, 4, 2, 22, 6, 22, 10, 41, 30, 17, 33, 5, 34, 36, 2, 17, 22, 8, 33, 36, 37, 14, 11, 1, 40]","[4, 19, 6, 19, 6, 17, 17, 25, 30, 1, 41, 36, 17, 2, 22, 6, 22, 36, 41, 30, 17, 33, 5, 34, 36, 2, 17, 22, 8, 33, 36, 37, 14, 11, 1, 40]","[0, 0, 0, 0, 0, 1, 0, 1, 0, 0, 0, 0, 1, 0, 0, 0, 0, 1, 0, 0, 0, 0, 0, 0, 0, 0, 0, 0, 0, 0, 0, 0, 0, 0, 0, 0]"
L2_arctic_WAV/MBMPS_arctic_a0122,"[36, 37, 26, 6, 33, 40, 2, 23, 31, 11, 14, 6, 23, 19, 6, 38, 12, 32, 34, 6, 38, 2, 28, 14, 6, 40, 19, 6, 9, 2, 30, 22, 33, 1, 4, 6, 34]","[36, 37, 26, 6, 33, 34, 2, 23, 31, 11, 14, 6, 23, 19, 6, 38, 3, 32, 34, 6, 38, 2, 28, 6, 34, 19, 6, 9, 2, 30, 22, 33, 1, 17, 6, 34]","[0, 0, 0, 0, 0, 1, 0, 0, 0, 0, 0, 0, 0, 0, 0, 0, 1, 0, 0, 0, 0, 0, 0, 1, 0, 1, 0, 0, 0, 0, 0, 0, 0, 0, 1, 0, 0]"
L2_arctic_WAV/MBMPS_arctic_a0123,"[9, 25, 24, 41, 17, 17, 14, 6, 17, 22, 33, 12, 29, 27, 31, 11, 28, 17, 2, 30, 17, 34, 36, 3, 33, 38, 19, 6, 9, 2, 30]","[9, 25, 24, 41, 17, 17, 14, 6, 17, 22, 33, 12, 29, 27, 31, 11, 28, 17, 2, 30, 17, 34, 36, 3, 33, 38, 19, 6, 9, 2, 30]","[0, 0, 0, 0, 0, 0, 0, 0, 0, 0, 0, 0, 0, 0, 0, 0, 0, 0, 0, 0, 0, 0, 0, 0, 0, 0, 0, 0, 0, 0, 0]"
L2_arctic_WAV/MBMPS_arctic_a0125,"[24, 25, 39, 12, 40, 17, 6, 36, 1, 29, 2, 30, 17, 30, 14, 11, 36, 37, 29, 19, 6, 30, 36, 19, 6, 30, 2, 29, 8, 33, 34, 1, 36, 2, 30, 24, 31, 11, 28, 17, 2, 32, 3, 30, 24, 6, 29, 34, 5, 28, 22]","[24, 25, 39, 12, 34, 17, 6, 36, 1, 29, 2, 30, 30, 14, 11, 36, 37, 29, 3, 30, 36, 19, 6, 30, 3, 29, 8, 33, 34, 1, 36, 2, 30, 24, 31, 11, 28, 17, 3, 32, 2, 30, 24, 6, 29, 34, 5, 28, 22]","[0, 0, 0, 0, 1, 0, 0, 0, 0, 0, 0, 0, 1, 0, 0, 0, 0, 0, 0, 1, 1, 0, 0, 0, 0, 0, 1, 0, 0, 0, 0, 0, 0, 0, 0, 0, 0, 0, 0, 0, 1, 0, 1, 0, 0, 0, 0, 0, 0, 0, 0]"
L2_arctic_WAV/MBMPS_arctic_a0126,"[25, 35, 17, 19, 6, 9, 25, 16, 25, 27, 19, 6, 29, 2, 29, 8, 33, 38, 14, 6, 36, 2, 28, 32, 3, 33, 36, 2, 38, 24, 6, 29]","[25, 35, 17, 19, 6, 9, 25, 16, 25, 27, 3, 29, 2, 29, 8, 33, 38, 14, 6, 36, 2, 28, 32, 3, 33, 36, 2, 38, 24, 6, 29]","[0, 0, 0, 0, 0, 0, 0, 0, 0, 0, 1, 1, 0, 0, 0, 0, 0, 0, 0, 0, 0, 0, 0, 0, 0, 0, 0, 0, 0, 0, 0, 0]"
L2_arctic_WAV/MBMPS_arctic_a0127,"[6, 36, 39, 12, 40, 2, 36, 5, 29, 36, 19, 6, 9, 2, 30, 16, 12, 36, 24, 25, 33, 25, 40, 6, 34, 36, 6, 17, 6, 36]","[6, 17, 39, 12, 34, 2, 36, 5, 29, 36, 19, 6, 9, 2, 30, 16, 12, 36, 24, 25, 33, 25, 34, 6, 34, 36, 6, 17, 6, 36]","[0, 1, 0, 0, 1, 0, 0, 0, 0, 0, 0, 0, 0, 0, 0, 0, 0, 0, 0, 0, 0, 0, 1, 0, 0, 0, 0, 0, 0, 0]"
L2_arctic_WAV/MBMPS_arctic_a0128,"[4, 6, 34, 24, 39, 12, 30, 24, 31, 11, 32, 39, 3, 40, 17, 6, 34, 36, 33, 8, 6, 17, 41, 40, 27, 39, 6, 27, 28, 25, 41, 40, 6, 36, 39, 8, 40, 16, 8, 33, 30]","[4, 6, 34, 24, 39, 12, 30, 24, 31, 11, 32, 39, 3, 40, 17, 6, 34, 36, 33, 8, 6, 17, 6, 41, 34, 27, 39, 6, 27, 28, 25, 41, 34, 6, 36, 39, 8, 40, 16, 11, 33, 30]","[0, 0, 0, 0, 0, 0, 0, 0, 0, 0, 0, 0, 0, 0, 0, 0, 0, 0, 0, 0, 0, 0, 0, 1, 0, 0, 0, 0, 0, 0, 0, 1, 0, 0, 0, 0, 0, 0, 1, 0, 0]"
L2_arctic_WAV/MBMPS_arctic_a0129,"[24, 1, 22, 19, 6, 34, 39, 12, 40, 2, 23, 19, 6, 30, 34, 36, 24, 6, 40, 16, 33, 5, 34, 36]","[24, 1, 22, 19, 6, 34, 39, 12, 34, 2, 23, 19, 6, 30, 34, 36, 24, 6, 34, 16, 33, 5, 34, 36]","[0, 0, 0, 0, 0, 0, 0, 0, 1, 0, 0, 0, 0, 0, 0, 0, 0, 0, 1, 0, 0, 0, 0, 0]"
L2_arctic_WAV/MBMPS_arctic_a0130,"[9, 25, 39, 12, 40, 24, 6, 40, 30, 14, 11, 22, 1, 5, 38, 1]","[9, 25, 39, 12, 34, 24, 25, 34, 30, 14, 11, 22, 1, 5, 38, 1]","[0, 0, 0, 0, 1, 0, 1, 1, 0, 0, 0, 0, 0, 0, 0, 0]"
L2_arctic_WAV/MBMPS_arctic_a0131,"[32, 33, 3, 38, 2, 17, 2, 30, 34, 24, 41, 17, 17, 6, 28, 6, 38, 1, 17, 24, 6, 29, 10, 33, 37, 4, 2, 29, 19, 6, 28, 34, 36, 33, 2, 29]","[32, 33, 3, 38, 2, 17, 2, 30, 34, 24, 41, 34, 17, 6, 28, 25, 38, 1, 17, 24, 25, 29, 10, 33, 37, 4, 2, 29, 19, 6, 28, 34, 36, 33, 2, 29]","[0, 0, 0, 0, 0, 0, 0, 0, 0, 0, 0, 1, 0, 0, 0, 1, 0, 0, 0, 0, 1, 0, 0, 0, 0, 0, 0, 0, 0, 0, 0, 0, 0, 0, 0, 0]"
L2_arctic_WAV/MBMPS_arctic_a0134,"[24, 25, 31, 11, 16, 19, 6, 17, 4, 2, 32, 33, 5, 9, 1, 12, 38, 24, 1, 24, 41, 30, 17]","[24, 25, 31, 11, 16, 19, 6, 17, 17, 2, 32, 33, 5, 9, 1, 12, 38, 24, 1, 24, 41, 30]","[0, 0, 0, 0, 0, 0, 0, 0, 1, 0, 0, 0, 0, 0, 0, 0, 0, 0, 0, 0, 0, 0, 1]"
L2_arctic_WAV/MBMPS_arctic_a0136,"[2, 16, 14, 11, 36, 24, 6, 29, 5, 38, 33, 25, 39, 5, 33, 39, 1, 4, 25, 5, 38, 2, 17, 2, 30, 34, 2, 40, 12, 38, 28, 12, 23, 13, 1, 25, 2, 30, 17, 12, 38, 19, 6, 18]","[2, 16, 14, 11, 36, 24, 6, 29, 5, 38, 33, 25, 39, 5, 33, 39, 1, 4, 25, 5, 38, 25, 17, 2, 30, 34, 2, 40, 12, 38, 28, 12, 23, 4, 1, 25, 2, 30, 17, 12, 38, 19, 6, 35]","[0, 0, 0, 0, 0, 0, 0, 0, 0, 0, 0, 0, 0, 0, 0, 0, 0, 0, 0, 0, 0, 1, 0, 0, 0, 0, 0, 0, 0, 0, 0, 0, 0, 1, 0, 0, 0, 0, 0, 0, 0, 0, 0, 1]"
L2_arctic_WAV/MBMPS_arctic_a0137,"[4, 5, 30, 24, 25, 34, 36, 5, 32, 36, 16, 41, 27, 39, 6, 4, 2, 28, 31, 11, 27, 33, 14, 6, 2, 38, 32, 28, 5, 13, 1]","[17, 5, 30, 24, 25, 34, 36, 5, 32, 36, 16, 41, 23, 39, 6, 17, 2, 28, 31, 11, 27, 33, 14, 6, 2, 38, 32, 33, 5, 9, 1]","[1, 0, 0, 0, 0, 0, 0, 0, 0, 0, 0, 0, 1, 0, 0, 1, 0, 0, 0, 0, 0, 0, 0, 0, 0, 0, 0, 1, 0, 1, 0]"
L2_arctic_WAV/MBMPS_arctic_a0139,"[24, 25, 36, 31, 11, 28, 17, 24, 6, 29, 34, 5, 28, 22, 4, 41, 36, 41, 40, 24, 25, 39, 3, 9, 36, 24, 6, 29, 34, 5, 28, 22, 2, 30, 17, 23, 33, 37, 29, 17, 24, 6, 40, 17, 6, 9, 5, 38, 2, 28, 17, 27, 28, 31, 11, 4, 40]","[24, 25, 36, 31, 11, 28, 24, 25, 29, 34, 5, 28, 22, 41, 40, 24, 25, 39, 3, 9, 36, 24, 25, 29, 34, 5, 28, 22, 2, 30, 17, 23, 33, 37, 29, 17, 24, 25, 40, 17, 6, 34, 9, 5, 38, 2, 28, 17, 27, 28, 31, 11, 4, 40]","[0, 0, 0, 0, 0, 0, 1, 0, 1, 0, 0, 0, 0, 0, 1, 1, 1, 0, 0, 0, 0, 0, 0, 0, 0, 0, 1, 0, 0, 0, 0, 0, 0, 0, 0, 0, 0, 0, 0, 0, 0, 1, 0, 0, 0, 0, 0, 0, 0, 0, 0, 0, 0, 0, 0, 0, 0]"
L2_arctic_WAV/MBMPS_arctic_a0145,"[14, 6, 24, 41, 38, 36, 2, 16, 25, 27, 5, 33, 22, 2, 28, 12, 38, 4, 5, 29, 41, 40, 4, 19, 6, 36, 6, 33, 38, 5, 33, 25, 25, 40, 2, 28, 25]","[14, 6, 24, 41, 38, 36, 2, 16, 25, 27, 1, 22, 2, 28, 12, 38, 17, 5, 29, 41, 40, 4, 19, 6, 36, 25, 33, 38, 5, 33, 25, 25, 34, 2, 28, 25]","[0, 0, 0, 0, 0, 0, 0, 0, 0, 0, 1, 1, 0, 0, 0, 0, 0, 1, 0, 0, 0, 0, 0, 0, 0, 0, 1, 0, 0, 0, 0, 0, 0, 1, 0, 0, 0]"
L2_arctic_WAV/MBMPS_arctic_a0148,"[30, 14, 11, 4, 25, 40, 10, 6, 7, 40, 24, 41, 17, 16, 6, 30, 34, 36, 33, 12, 27, 17, 5, 17, 39, 6, 4, 6, 30, 24, 6, 29]","[30, 14, 11, 4, 25, 34, 10, 6, 7, 40, 24, 41, 17, 16, 6, 7, 34, 36, 12, 27, 17, 17, 5, 17, 39, 6, 17, 25, 30, 24, 6, 29]","[0, 0, 0, 0, 0, 1, 0, 0, 0, 0, 0, 0, 0, 0, 0, 1, 0, 0, 1, 0, 0, 0, 0, 0, 0, 0, 1, 1, 0, 0, 0, 0]"
L2_arctic_WAV/MBMPS_arctic_a0154,"[24, 25, 39, 12, 40, 34, 29, 37, 4, 9, 19, 6, 38, 2, 30, 41, 30, 17, 24, 6, 40, 24, 5, 33, 41, 30, 17, 14, 6, 40, 39, 1, 16, 28, 41, 27]","[24, 25, 39, 12, 34, 34, 29, 37, 17, 9, 19, 6, 38, 2, 30, 41, 30, 17, 24, 25, 34, 24, 5, 33, 41, 30, 17, 14, 6, 40, 39, 1, 16, 28, 3, 27]","[0, 0, 0, 0, 1, 0, 0, 0, 1, 0, 0, 0, 0, 0, 0, 0, 0, 0, 0, 1, 1, 0, 0, 0, 0, 0, 0, 0, 0, 0, 0, 0, 0, 0, 1, 0]"
L2_arctic_WAV/MBMPS_arctic_a0159,"[4, 19, 6, 28, 11, 27, 41, 40, 4, 31, 11, 24, 25, 24, 41, 17, 16, 6, 30, 17, 33, 12, 29, 6, 7, 2, 32, 25, 41, 30, 31, 11, 8, 28, 24, 6, 40, 28, 14, 6, 22]","[4, 19, 6, 28, 37, 27, 41, 40, 17, 31, 11, 24, 25, 24, 41, 17, 16, 25, 30, 17, 33, 3, 29, 6, 7, 3, 32, 25, 41, 30, 31, 11, 8, 28, 24, 6, 34, 28, 14, 6, 22]","[0, 0, 0, 0, 1, 0, 0, 0, 1, 0, 0, 0, 0, 0, 0, 0, 0, 1, 0, 0, 0, 1, 0, 0, 0, 1, 0, 0, 0, 0, 0, 0, 0, 0, 0, 0, 1, 0, 0, 0, 0]"
L2_arctic_WAV/MBMPS_arctic_a0170,"[4, 5, 33, 39, 12, 40, 30, 12, 30, 12, 38, 4, 2, 18, 8, 6, 12, 38, 29, 25, 36, 6, 7, 6, 30, 24, 6, 40, 22, 19, 6, 34]","[4, 5, 33, 39, 12, 34, 30, 12, 30, 12, 38, 4, 2, 18, 8, 6, 12, 38, 29, 25, 36, 6, 30, 6, 30, 24, 25, 34, 22, 19, 6, 34]","[0, 0, 0, 0, 0, 1, 0, 0, 0, 0, 0, 0, 0, 0, 0, 0, 0, 0, 0, 0, 0, 0, 1, 0, 0, 0, 1, 1, 0, 0, 0, 0]"
L2_arctic_WAV/MBMPS_arctic_a0176,"[22, 8, 33, 4, 2, 22, 1, 34, 36, 36, 14, 6, 29, 6, 30, 24, 6, 40, 28, 14, 6, 22, 24, 25, 39, 8, 40, 26, 1, 30, 6, 7, 22, 8, 33, 2, 34, 27, 33, 41, 32]","[22, 8, 33, 4, 2, 22, 1, 34, 36, 36, 14, 6, 29, 6, 30, 24, 6, 34, 28, 14, 6, 22, 24, 25, 39, 8, 34, 26, 1, 30, 6, 7, 22, 8, 33, 3, 34, 27, 33, 3, 32]","[0, 0, 0, 0, 0, 0, 0, 0, 0, 0, 0, 0, 0, 0, 0, 0, 0, 1, 0, 0, 0, 0, 0, 0, 0, 0, 1, 0, 0, 0, 0, 0, 0, 0, 0, 1, 0, 0, 0, 1, 0]"
L2_arctic_WAV/MBMPS_arctic_a0178,"[5, 38, 33, 25, 16, 31, 11, 30, 6, 30, 24, 1, 19, 6, 18, 17, 16, 3, 17, 25, 34, 25, 29, 17, 16, 33, 31, 11, 27, 2, 30, 8, 33, 17, 6, 34, 28, 31, 11, 27, 19, 6, 36, 6, 17]","[5, 38, 33, 25, 16, 31, 11, 30, 25, 30, 24, 1, 19, 6, 35, 16, 3, 17, 25, 34, 25, 29, 17, 16, 33, 31, 11, 27, 2, 30, 8, 33, 17, 25, 34, 28, 31, 11, 27, 19, 6, 36, 6, 17]","[0, 0, 0, 0, 0, 0, 0, 0, 1, 0, 0, 0, 0, 0, 1, 1, 0, 0, 0, 0, 0, 0, 0, 0, 0, 0, 0, 0, 0, 0, 0, 0, 0, 0, 1, 0, 0, 0, 0, 0, 0, 0, 0, 0, 0]"
L2_arctic_WAV/MBMPS_arctic_a0185,"[4, 2, 27, 39, 5, 34, 35, 2, 30, 40, 29, 19, 6, 24, 41, 38, 27, 12, 29, 38, 19, 6, 23, 28, 25, 6, 30, 24, 6, 40, 29, 14, 6, 30, 17]","[17, 2, 27, 39, 5, 9, 2, 30, 29, 19, 6, 24, 41, 38, 27, 31, 11, 29, 38, 19, 6, 23, 28, 25, 6, 30, 24, 6, 34, 29, 14, 6, 30, 17]","[1, 0, 0, 0, 0, 1, 1, 0, 0, 1, 0, 0, 0, 0, 0, 0, 0, 1, 0, 0, 0, 0, 0, 0, 0, 0, 0, 0, 0, 1, 0, 0, 0, 0, 0]"
L2_arctic_WAV/MBMPS_arctic_a0191,"[22, 8, 33, 2, 36, 14, 6, 29, 4, 25, 6, 27, 34, 14, 6, 36, 6, 7, 10, 33, 6, 28, 12, 38, 24, 6, 40, 41, 17, 38, 5, 30, 35, 1, 39, 12, 40, 23, 8, 30]","[22, 8, 33, 2, 36, 14, 6, 30, 4, 25, 6, 27, 34, 14, 6, 36, 6, 7, 10, 33, 25, 28, 12, 38, 24, 25, 34, 41, 17, 38, 5, 30, 35, 1, 39, 12, 40, 23, 8, 30]","[0, 0, 0, 0, 0, 0, 0, 1, 0, 0, 0, 0, 0, 0, 0, 0, 0, 0, 0, 0, 1, 0, 0, 0, 0, 1, 1, 0, 0, 0, 0, 0, 0, 0, 0, 0, 0, 0, 0, 0]"
L2_arctic_WAV/MBMPS_arctic_a0198,"[34, 12, 29, 36, 14, 6, 29, 40, 24, 1, 17, 33, 25, 29, 40, 39, 1, 22, 6, 28, 17, 39, 6, 4, 38, 6, 13, 2, 30, 40]","[34, 31, 11, 29, 36, 14, 6, 29, 34, 24, 1, 17, 33, 25, 29, 34, 39, 1, 22, 25, 28, 17, 39, 6, 17, 38, 6, 9, 2, 30, 34]","[0, 1, 0, 0, 0, 0, 0, 1, 0, 0, 0, 0, 0, 0, 1, 0, 0, 0, 1, 0, 0, 0, 0, 1, 0, 0, 1, 0, 0, 1]"
L2_arctic_WAV/MBMPS_arctic_a0210,"[6, 36, 34, 17, 14, 6, 41, 29, 2, 36, 1, 39, 12, 40, 30, 3, 36, 29, 8, 33, 4, 41, 30, 36, 37, 24, 12, 30, 17, 33, 6, 17, 26, 3, 33, 17, 40]","[6, 36, 34, 17, 14, 6, 3, 29, 2, 36, 1, 39, 12, 34, 30, 3, 17, 29, 8, 33, 4, 41, 30, 36, 37, 24, 12, 30, 17, 33, 6, 17, 26, 3, 33, 17, 34]","[0, 0, 0, 0, 0, 0, 1, 0, 0, 0, 0, 0, 0, 1, 0, 0, 1, 0, 0, 0, 0, 0, 0, 0, 0, 0, 0, 0, 0, 0, 0, 0, 0, 0, 0, 0, 1]"
L2_arctic_WAV/MBMPS_arctic_a0212,"[22, 33, 5, 9, 27, 19, 6, 34, 6, 40, 34, 36, 6, 28, 19, 6, 16, 2, 28, 36, 2, 39, 8, 27, 4, 19, 6, 27, 28, 12, 34, 36, 1, 17, 2, 16, 14, 11, 36, 4, 2, 34, 32, 31, 11, 27, 34, 29, 2, 30]","[22, 33, 5, 9, 27, 19, 6, 34, 6, 34, 39, 6, 28, 19, 6, 16, 2, 28, 36, 2, 39, 8, 27, 17, 19, 6, 27, 28, 12, 34, 36, 1, 17, 3, 16, 14, 11, 17, 17, 2, 34, 32, 31, 11, 27, 29, 2, 30]","[0, 0, 0, 0, 0, 0, 0, 0, 0, 1, 0, 1, 0, 0, 0, 0, 0, 0, 0, 0, 0, 0, 0, 0, 1, 0, 0, 0, 0, 0, 0, 0, 0, 0, 1, 0, 0, 0, 1, 1, 0, 0, 0, 0, 0, 0, 1, 0, 0, 0]"
L2_arctic_WAV/MBMPS_arctic_a0227,"[6, 36, 39, 12, 40, 4, 2, 34, 19, 6, 29, 39, 19, 6, 39, 6, 4, 14, 11, 33, 33, 6, 38, 3, 28, 38, 1, 40, 2, 30, 17, 33, 14, 6, 22, 2, 28, 40]","[6, 17, 39, 12, 40, 40, 2, 34, 19, 6, 29, 39, 19, 6, 39, 6, 17, 14, 11, 33, 33, 6, 38, 3, 28, 38, 1, 34, 2, 30, 17, 33, 14, 6, 22, 2, 28, 34]","[0, 1, 0, 0, 0, 1, 0, 0, 0, 0, 0, 0, 0, 0, 0, 0, 1, 0, 0, 0, 0, 0, 0, 0, 0, 0, 0, 1, 0, 0, 0, 0, 0, 0, 0, 0, 0, 1]"
L2_arctic_WAV/MBMPS_arctic_a0233,"[14, 6, 30, 5, 38, 1, 2, 28, 14, 11, 39, 12, 36, 27, 41, 30, 36, 16, 25, 35, 19, 6, 30, 18, 17, 36, 37, 2, 30, 8, 6, 29, 25]","[14, 6, 30, 5, 38, 1, 3, 28, 31, 11, 39, 12, 36, 27, 41, 30, 17, 16, 25, 35, 19, 6, 30, 35, 36, 36, 37, 3, 30, 8, 6, 29, 25]","[0, 0, 0, 0, 0, 0, 1, 0, 1, 0, 0, 0, 0, 0, 0, 0, 1, 0, 0, 0, 0, 0, 0, 1, 1, 0, 0, 1, 0, 0, 0, 0, 0]"
L2_arctic_WAV/MBMPS_arctic_a0254,"[34, 36, 33, 19, 6, 36, 14, 11, 36, 4, 19, 6, 34, 39, 41, 29, 4, 5, 33, 24, 5, 17, 40, 23, 33, 31, 11, 6, 7, 34, 29, 8, 28, 1, 41, 30, 17, 34, 29, 8, 28, 1]","[34, 36, 33, 19, 6, 36, 14, 11, 36, 17, 2, 34, 39, 3, 29, 4, 5, 33, 24, 41, 30, 34, 23, 33, 31, 11, 6, 30, 34, 29, 8, 28, 1, 41, 30, 17, 34, 29, 8, 28, 1]","[0, 0, 0, 0, 0, 0, 0, 0, 0, 1, 1, 1, 0, 0, 1, 0, 0, 0, 0, 0, 1, 1, 1, 0, 0, 0, 0, 0, 1, 0, 0, 0, 0, 0, 0, 0, 0, 0, 0, 0, 0, 0]"
L2_arctic_WAV/MBMPS_arctic_a0260,"[30, 31, 11, 16, 3, 17, 25, 30, 26, 37, 24, 6, 40, 24, 6, 34, 36, 1, 25, 4, 19, 6, 12, 38, 4, 2, 24, 11, 30, 36, 2, 28, 25, 34, 36, 12, 38, 8, 28]","[30, 31, 11, 16, 3, 17, 25, 30, 26, 37, 24, 25, 34, 34, 36, 8, 33, 25, 17, 19, 6, 12, 38, 4, 2, 4, 11, 30, 36, 2, 28, 25, 34, 36, 12, 38, 8, 28]","[0, 0, 0, 0, 0, 0, 0, 0, 0, 0, 0, 1, 1, 1, 1, 0, 0, 1, 0, 1, 0, 0, 0, 0, 0, 0, 1, 0, 0, 0, 0, 0, 0, 0, 0, 0, 0, 0, 0]"
L2_arctic_WAV/MBMPS_arctic_a0265,"[4, 2, 17, 6, 34, 27, 12, 38, 33, 25, 34, 25, 29, 17, 36, 6, 24, 41, 38, 16, 6, 30, 29, 19, 6, 17, 8, 30, 4, 2, 34, 32, 1, 12, 38, 4, 2, 29, 31, 11, 29, 2, 30, 36]","[17, 2, 17, 6, 34, 27, 31, 11, 38, 33, 25, 34, 25, 29, 17, 36, 6, 24, 41, 38, 16, 6, 30, 29, 19, 6, 17, 31, 11, 30, 4, 2, 34, 32, 8, 33, 12, 38, 17, 2, 29, 31, 11, 29, 2, 30, 36]","[1, 0, 0, 0, 0, 0, 1, 0, 0, 0, 0, 0, 0, 0, 0, 0, 0, 0, 0, 0, 0, 0, 0, 0, 0, 0, 1, 0, 0, 0, 0, 0, 1, 0, 0, 1, 0, 0, 0, 0, 0, 0, 0, 0]"
L2_arctic_WAV/MBMPS_arctic_a0269,"[4, 41, 36, 34, 39, 5, 33, 4, 19, 6, 27, 12, 36, 8, 22, 4, 2, 34, 27, 3, 36, 6, 9, 35, 25, 22, 34, 2, 30, 17, 27, 6, 28, 17, 8, 28, 24, 41, 30, 40]","[4, 41, 36, 34, 39, 1, 17, 19, 6, 27, 12, 36, 3, 22, 17, 2, 34, 27, 3, 36, 6, 9, 35, 25, 38, 34, 2, 30, 17, 27, 25, 28, 17, 8, 28, 24, 41, 30, 34]","[0, 0, 0, 0, 0, 1, 1, 1, 0, 0, 0, 0, 0, 1, 0, 1, 0, 0, 0, 0, 0, 0, 0, 0, 0, 1, 0, 0, 0, 0, 0, 1, 0, 0, 0, 0, 0, 0, 0, 1]"
